latitude,longitude,bright_ti4,scan,track,acq_date,acq_time,satellite,instrument,confidence,version,bright_ti5,frp,daynight,type,wind_speed_10m_mean,wind_direction_10m_dominant
46.4273,29.02452,367,0.35,0.56,11/02/2022,1141,N20,VIIRS,h,2,292.4,7.51,D,0,6.8,260
45.91568,28.98033,367,0.34,0.56,11/02/2022,1141,N20,VIIRS,h,2,293.45,35.33,D,0,9,257
45.91049,28.98092,367,0.34,0.56,11/02/2022,1141,N20,VIIRS,h,2,292.47,12.39,D,0,9,257
45.9149,28.97982,367,0.34,0.56,11/02/2022,1141,N20,VIIRS,h,2,312.76,69.78,D,0,9,257
45.38683,28.94909,367,0.34,0.56,11/02/2022,1141,N20,VIIRS,h,2,292.46,14.96,D,0,8,248
45.3467,28.77086,367,0.33,0.55,11/02/2022,1141,N20,VIIRS,h,2,290.67,8.26,D,0,9,266
48.53604,34.64536,367,0.54,0.68,14/02/2022,58,N20,VIIRS,h,2,270.48,9.2,N,3,7.1,175
48.53634,34.64279,367,0.54,0.68,14/02/2022,58,N20,VIIRS,h,2,270.42,9.41,N,3,7.1,175
48.16582,30.61539,367,0.38,0.59,14/02/2022,58,N20,VIIRS,h,2,270.76,4.71,N,2,8.7,157
47.09782,37.60392,367,0.36,0.57,15/02/2022,2240,N20,VIIRS,h,2,277.5,6.23,N,2,15.3,88
47.34306,30.24355,367,0.38,0.59,17/02/2022,949,N20,VIIRS,h,2,290.79,9.68,D,0,17,206
47.59133,29.74651,367,0.4,0.6,17/02/2022,949,N20,VIIRS,h,2,291.87,8.78,D,0,16.3,211
47.27513,34.52064,367,0.45,0.63,17/02/2022,1129,N20,VIIRS,h,2,298.95,83.38,D,0,22.9,183
45.42921,29.10885,367,0.49,0.65,21/02/2022,1154,N20,VIIRS,h,2,292.96,15.09,D,0,12.2,197
47.81935,29.47385,367,0.53,0.67,21/02/2022,1154,N20,VIIRS,h,2,290.9,31.35,D,0,14,210
47.56195,29.489,367,0.53,0.67,21/02/2022,1154,N20,VIIRS,h,2,291.27,14.14,D,0,13.4,203
47.56425,29.49044,367,0.53,0.67,21/02/2022,1154,N20,VIIRS,h,2,291.09,23.46,D,0,13.4,203
47.34461,30.11197,367,0.56,0.69,21/02/2022,1154,N20,VIIRS,h,2,293.59,27.88,D,0,12.5,204
47.34347,30.11288,367,0.56,0.69,21/02/2022,1154,N20,VIIRS,h,2,292.5,22.69,D,0,12.5,204
47.47957,30.76393,367,0.49,0.65,23/02/2022,936,N20,VIIRS,h,2,290.01,10.65,D,0,9.3,303
47.61921,30.06239,367,0.4,0.45,23/02/2022,1116,N20,VIIRS,h,2,291.75,14.97,D,0,9.8,297
49.50923,23.69872,367,0.4,0.37,11/03/2022,1118,N20,VIIRS,h,2,352.89,107.33,D,0,10.9,33
49.02961,38.3895,367,0.64,0.72,13/03/2022,52,N20,VIIRS,h,2,257.84,26.33,N,0,7.4,48
48.17695,23.58372,367,0.33,0.56,14/03/2022,1201,N20,VIIRS,h,2,291.52,22.09,D,0,7.5,67
48.67888,25.00646,367,0.39,0.6,14/03/2022,1201,N20,VIIRS,h,2,294.31,10.72,D,0,8.7,136
48.82887,25.03857,367,0.4,0.6,14/03/2022,1202,N20,VIIRS,h,2,290.08,8.42,D,0,8.8,135
49.1659,24.25585,367,0.37,0.58,14/03/2022,1202,N20,VIIRS,h,2,290.03,13.52,D,0,9.4,138
49.16335,24.25417,367,0.37,0.58,14/03/2022,1202,N20,VIIRS,h,2,290.76,6.54,D,0,9.4,138
49.36548,23.58746,367,0.34,0.56,14/03/2022,1202,N20,VIIRS,h,2,293.49,5.7,D,0,7.3,147
49.5274,23.57539,367,0.34,0.56,14/03/2022,1202,N20,VIIRS,h,2,291.8,6.93,D,0,10.5,134
49.55965,23.59682,367,0.34,0.56,14/03/2022,1202,N20,VIIRS,h,2,290.46,6.42,D,0,10.5,134
49.63602,24.58366,367,0.38,0.59,14/03/2022,1202,N20,VIIRS,h,2,295.46,19.1,D,0,10,153
49.70506,23.68604,367,0.35,0.57,14/03/2022,1202,N20,VIIRS,h,2,291.95,8.14,D,0,10.5,139
50.50169,26.83252,367,0.49,0.65,14/03/2022,1202,N20,VIIRS,h,2,291.54,27.24,D,0,3.7,186
50.62646,30.42017,367,0.7,0.75,14/03/2022,1202,N20,VIIRS,h,2,292.92,47.55,D,0,10.3,294
46.32809,29.18695,367,0.33,0.55,15/03/2022,1001,N20,VIIRS,h,2,291.15,10.89,D,0,7.8,304
49.59813,23.05986,367,0.47,0.64,15/03/2022,1003,N20,VIIRS,h,2,296.32,64.58,D,0,13.5,222
49.32211,23.87023,367,0.45,0.63,15/03/2022,1003,N20,VIIRS,h,2,290.44,8.55,D,0,11,237
49.76901,23.01498,367,0.47,0.64,15/03/2022,1003,N20,VIIRS,h,2,290.58,13.49,D,0,9.7,224
49.76811,23.01441,367,0.47,0.64,15/03/2022,1003,N20,VIIRS,h,2,290.24,14.6,D,0,9.7,224
46.68434,32.49057,367,0.52,0.66,15/03/2022,1142,N20,VIIRS,h,2,290.98,7.6,D,0,12.8,311
46.6722,32.51145,367,0.52,0.67,15/03/2022,1142,N20,VIIRS,h,2,291.7,31.51,D,0,12.8,311
45.42313,29.08164,367,0.35,0.56,15/03/2022,1142,N20,VIIRS,h,2,293.18,6.94,D,0,7.8,278
48.04923,29.59531,367,0.38,0.59,15/03/2022,1142,N20,VIIRS,h,2,300.64,29.3,D,0,9.7,310
47.46512,29.61591,367,0.38,0.59,15/03/2022,1142,N20,VIIRS,h,2,294.62,10.43,D,0,10.1,306
47.45985,29.62136,367,0.38,0.59,15/03/2022,1142,N20,VIIRS,h,2,298.69,8.06,D,0,10.1,306
49.67048,23.50675,367,0.42,0.45,15/03/2022,1143,N20,VIIRS,h,2,293.78,10.31,D,0,10,240
49.65376,23.72623,367,0.43,0.46,15/03/2022,1143,N20,VIIRS,h,2,290.54,6.87,D,0,10.1,237
49.94834,28.66796,367,0.36,0.57,15/03/2022,1143,N20,VIIRS,h,2,291.76,6.42,D,0,8.7,324
49.70292,28.41009,367,0.35,0.56,15/03/2022,1143,N20,VIIRS,h,2,292.33,10.7,D,0,8,320
49.37959,23.27413,367,0.41,0.45,15/03/2022,1143,N20,VIIRS,h,2,293.39,7.56,D,0,17.8,225
49.09357,29.2056,367,0.37,0.58,15/03/2022,1143,N20,VIIRS,h,2,290.31,13.47,D,0,9.2,326
50.59415,30.16905,367,0.42,0.61,15/03/2022,1143,N20,VIIRS,h,2,299.49,21.54,D,0,12,334
51.45495,27.52255,367,0.33,0.55,15/03/2022,1143,N20,VIIRS,h,2,292.52,13.35,D,0,6.3,248
50.91475,29.47175,367,0.39,0.6,15/03/2022,1143,N20,VIIRS,h,2,290.15,6.96,D,0,11.8,335
47.76032,31.08582,367,0.4,0.6,16/03/2022,943,N20,VIIRS,h,2,291.6,10.73,D,0,12.7,84
47.76539,31.08248,367,0.4,0.6,16/03/2022,943,N20,VIIRS,h,2,301.33,101.83,D,0,12.7,84
47.40686,31.77289,367,0.38,0.59,16/03/2022,943,N20,VIIRS,h,2,292.26,9.51,D,0,14,76
47.40934,31.76991,367,0.38,0.59,16/03/2022,943,N20,VIIRS,h,2,290.01,10.47,D,0,14,76
50.52255,29.80136,367,0.37,0.58,16/03/2022,944,N20,VIIRS,h,2,299.12,30.54,D,0,13.1,111
47.91798,32.06922,367,0.6,0.53,16/03/2022,1123,N20,VIIRS,h,2,290.51,17.86,D,0,13.3,71
48.43767,22.92389,367,0.62,0.71,18/03/2022,1227,N20,VIIRS,h,2,291.01,29.63,D,0,7.6,80
49.28362,32.00307,367,0.4,0.37,19/03/2022,1027,N20,VIIRS,h,2,333.75,175.5,D,0,8.1,22
48.39012,28.24066,367,0.52,0.42,19/03/2022,1027,N20,VIIRS,h,2,290.98,19.08,D,0,9.7,31
49.69252,24.25728,367,0.44,0.62,19/03/2022,1208,N20,VIIRS,h,2,290.95,5.41,D,0,9.1,110
48.50558,25.76265,367,0.5,0.66,19/03/2022,1208,N20,VIIRS,h,2,293.5,30.15,D,0,7.2,98
48.50763,22.78192,367,0.37,0.58,19/03/2022,1208,N20,VIIRS,h,2,290.27,12.66,D,0,9.2,44
48.51315,22.78572,367,0.37,0.58,19/03/2022,1208,N20,VIIRS,h,2,292.5,8.85,D,0,9.2,44
48.51053,22.78443,367,0.37,0.58,19/03/2022,1208,N20,VIIRS,h,2,294.35,9.86,D,0,9.2,44
48.59729,25.22881,367,0.48,0.64,19/03/2022,1208,N20,VIIRS,h,2,291.26,7.75,D,0,9.1,113
48.65202,22.75849,367,0.37,0.58,19/03/2022,1208,N20,VIIRS,h,2,290.42,11.26,D,0,6.4,54
48.73932,28.00201,367,0.64,0.72,19/03/2022,1208,N20,VIIRS,h,2,291.59,18.46,D,0,7.7,29
49.28183,26.8121,367,0.57,0.69,19/03/2022,1208,N20,VIIRS,h,2,290.96,23.6,D,0,6.3,68
49.42846,24.38366,367,0.44,0.62,19/03/2022,1208,N20,VIIRS,h,2,292.13,27.56,D,0,8.7,101
49.50735,25.04013,367,0.47,0.64,19/03/2022,1208,N20,VIIRS,h,2,290.19,10.66,D,0,8.2,97
46.52941,32.43943,367,0.62,0.71,19/03/2022,2241,N20,VIIRS,h,2,270.12,13.95,N,0,20.3,33
50.55984,24.50821,367,0.33,0.55,20/03/2022,1009,N20,VIIRS,h,2,291.99,6.83,D,0,8.1,48
50.56118,24.50926,367,0.33,0.55,20/03/2022,1009,N20,VIIRS,h,2,291.5,8.29,D,0,8.1,48
51.03007,29.45741,367,0.41,0.45,20/03/2022,1009,N20,VIIRS,h,2,291.55,7.18,D,0,11.7,0
49.61304,27.71909,367,0.38,0.59,20/03/2022,1149,N20,VIIRS,h,2,291.27,8.94,D,0,10.9,6
49.6185,27.71899,367,0.38,0.59,20/03/2022,1149,N20,VIIRS,h,2,295.62,18.74,D,0,10.9,6
50.58332,30.15089,367,0.49,0.65,20/03/2022,1149,N20,VIIRS,h,2,291.96,16.93,D,0,10.1,4
50.74968,26.59205,367,0.34,0.56,20/03/2022,1149,N20,VIIRS,h,2,293.8,11.25,D,0,9.3,10
50.34774,28.59504,367,0.42,0.61,20/03/2022,1149,N20,VIIRS,h,2,294.95,30.58,D,0,11.4,8
50.56631,30.97931,367,0.54,0.68,20/03/2022,1149,N20,VIIRS,h,2,290.98,45.01,D,0,10.6,1
51.32487,25.83866,367,0.32,0.55,20/03/2022,1150,N20,VIIRS,h,2,292.08,13.24,D,0,9.1,14
51.69933,31.7559,367,0.59,0.7,20/03/2022,1150,N20,VIIRS,h,2,299.15,101.85,D,0,10.4,360
51.96751,33.23518,367,0.68,0.74,20/03/2022,1150,N20,VIIRS,h,2,292.04,33,D,0,10.4,351
51.02307,29.45459,367,0.46,0.64,20/03/2022,1150,N20,VIIRS,h,2,291.92,12.81,D,0,11.7,0
46.65313,32.48841,367,0.32,0.54,21/03/2022,949,N20,VIIRS,h,2,295,5.7,D,0,13.4,10
47.91152,34.29073,367,0.49,0.49,21/03/2022,949,N20,VIIRS,h,2,294.17,11.18,D,0,14.1,8
47.91572,34.28839,367,0.49,0.49,21/03/2022,949,N20,VIIRS,h,2,294.02,12.95,D,0,14.1,8
47.36642,29.96354,367,0.39,0.59,21/03/2022,949,N20,VIIRS,h,2,294.25,6.9,D,0,12.7,8
47.41843,29.91006,367,0.39,0.59,21/03/2022,949,N20,VIIRS,h,2,309.1,63.87,D,0,12.7,8
47.47038,29.88262,367,0.39,0.59,21/03/2022,949,N20,VIIRS,h,2,297.79,11.64,D,0,12.7,6
47.98233,30.16208,367,0.37,0.58,21/03/2022,949,N20,VIIRS,h,2,292.21,7.14,D,0,11.9,1
47.81733,29.50678,367,0.4,0.6,21/03/2022,949,N20,VIIRS,h,2,293.72,22.86,D,0,12.6,6
48.36808,30.94041,367,0.33,0.55,21/03/2022,949,N20,VIIRS,h,2,290.63,14.84,D,0,12.5,3
48.36216,30.93915,367,0.33,0.55,21/03/2022,949,N20,VIIRS,h,2,297.9,28.05,D,0,12.5,3
47.11367,31.50644,367,0.34,0.56,21/03/2022,949,N20,VIIRS,h,2,295.02,7.65,D,0,13.5,7
47.14955,31.71303,367,0.33,0.56,21/03/2022,949,N20,VIIRS,h,2,296.55,6.6,D,0,12.7,4
47.07758,31.49821,367,0.34,0.56,21/03/2022,949,N20,VIIRS,h,2,291.88,10.82,D,0,13.8,8
47.07396,31.50527,367,0.34,0.56,21/03/2022,949,N20,VIIRS,h,2,293.44,10.82,D,0,13.8,8
50.22163,28.26097,367,0.37,0.58,21/03/2022,950,N20,VIIRS,h,2,298.73,12.64,D,0,9.6,357
49.03247,23.86854,367,0.61,0.71,21/03/2022,950,N20,VIIRS,h,2,291.99,18.42,D,0,6.8,5
50.91536,29.33746,367,0.32,0.55,21/03/2022,950,N20,VIIRS,h,2,290.52,7.92,D,0,11.2,353
51.20613,29.36232,367,0.63,0.54,21/03/2022,950,N20,VIIRS,h,2,298.04,105.56,D,0,10,352
49.52362,23.65967,367,0.6,0.71,21/03/2022,950,N20,VIIRS,h,2,291.69,13.1,D,0,6.8,26
51.00171,27.93534,367,0.36,0.58,21/03/2022,950,N20,VIIRS,h,2,296.97,41.06,D,0,9.8,356
51.53045,27.49502,367,0.36,0.57,21/03/2022,950,N20,VIIRS,h,2,291.51,10.83,D,0,8.3,357
50.1074,32.84654,367,0.49,0.49,21/03/2022,950,N20,VIIRS,h,2,290.85,43.55,D,0,11.9,356
49.46839,26.7433,367,0.46,0.63,21/03/2022,950,N20,VIIRS,h,2,292.15,15.78,D,0,10.1,5
46.24357,33.7461,367,0.41,0.61,21/03/2022,1129,N20,VIIRS,h,2,295.1,7.48,D,0,14.5,9
46.31855,34.36135,367,0.44,0.63,21/03/2022,1129,N20,VIIRS,h,2,293.58,5.93,D,0,13.7,11
46.81039,32.30626,367,0.36,0.57,21/03/2022,1129,N20,VIIRS,h,2,296.49,7.2,D,0,11.8,8
47.05861,36.23196,367,0.55,0.68,21/03/2022,1129,N20,VIIRS,h,2,291.24,70.31,D,0,13.6,11
47.05664,36.23312,367,0.55,0.68,21/03/2022,1129,N20,VIIRS,h,2,294.04,107.99,D,0,13.6,11
47.08005,31.48997,367,0.33,0.55,21/03/2022,1129,N20,VIIRS,h,2,290.42,5.4,D,0,13.8,8
47.08537,31.49399,367,0.33,0.55,21/03/2022,1129,N20,VIIRS,h,2,294.18,5.4,D,0,13.8,8
47.08516,31.48955,367,0.33,0.55,21/03/2022,1129,N20,VIIRS,h,2,294.31,5.4,D,0,13.8,8
47.09517,31.4842,367,0.33,0.55,21/03/2022,1129,N20,VIIRS,h,2,293.07,2.94,D,0,13.8,8
47.1113,31.49987,367,0.33,0.55,21/03/2022,1129,N20,VIIRS,h,2,295.01,6.54,D,0,13.5,7
47.23713,32.21068,367,0.36,0.57,21/03/2022,1129,N20,VIIRS,h,2,293.24,7.1,D,0,13.3,7
47.07474,31.48596,367,0.33,0.55,21/03/2022,1129,N20,VIIRS,h,2,293.85,11.59,D,0,13.8,8
46.13445,33.42765,367,0.4,0.6,21/03/2022,1129,N20,VIIRS,h,2,295.55,6.71,D,0,12.2,13
46.15524,32.94423,367,0.38,0.59,21/03/2022,1129,N20,VIIRS,h,2,295.12,9.1,D,0,13.3,12
48.52138,31.89159,367,0.35,0.57,21/03/2022,1130,N20,VIIRS,h,2,294.5,8.34,D,0,14.4,1
48.40442,36.28675,367,0.56,0.69,21/03/2022,1130,N20,VIIRS,h,2,291.76,10.77,D,0,11.9,357
48.30095,35.65696,367,0.52,0.67,21/03/2022,1130,N20,VIIRS,h,2,294.08,10.46,D,0,13.7,1
48.30309,35.65862,367,0.52,0.67,21/03/2022,1130,N20,VIIRS,h,2,293.05,7.76,D,0,13.7,1
48.06666,32.52497,367,0.37,0.58,21/03/2022,1130,N20,VIIRS,h,2,293.62,7.28,D,0,13.6,3
47.9492,34.78482,367,0.48,0.64,21/03/2022,1130,N20,VIIRS,h,2,290.29,21.83,D,0,14.8,6
47.89983,36.82215,367,0.59,0.7,21/03/2022,1130,N20,VIIRS,h,2,290.15,6.53,D,0,11.5,0
50.40244,30.05515,367,0.6,0.53,21/03/2022,1130,N20,VIIRS,h,2,295.81,18.59,D,0,10.7,355
50.54717,31.19658,367,0.34,0.56,21/03/2022,1130,N20,VIIRS,h,2,299.69,19.74,D,0,11.9,352
50.55235,31.19607,367,0.34,0.56,21/03/2022,1130,N20,VIIRS,h,2,291.85,19.74,D,0,11.9,352
50.63218,29.65563,367,0.58,0.52,21/03/2022,1130,N20,VIIRS,h,2,291.93,13.3,D,0,9.6,354
50.73537,31.45251,367,0.35,0.57,21/03/2022,1130,N20,VIIRS,h,2,290.81,4.97,D,0,12.5,352
50.73484,31.44924,367,0.35,0.57,21/03/2022,1130,N20,VIIRS,h,2,291.94,5.12,D,0,12.5,352
49.83225,30.83389,367,0.32,0.55,21/03/2022,1130,N20,VIIRS,h,2,290.73,9.77,D,0,14.5,354
49.82699,30.82997,367,0.32,0.55,21/03/2022,1130,N20,VIIRS,h,2,292.56,8.44,D,0,14.5,354
49.82719,30.83442,367,0.32,0.55,21/03/2022,1130,N20,VIIRS,h,2,294.34,9.77,D,0,14.5,354
47.59321,34.66668,367,0.47,0.64,21/03/2022,1130,N20,VIIRS,h,2,291.54,8.14,D,0,14,9
47.71915,37.69657,367,0.65,0.73,21/03/2022,1130,N20,VIIRS,h,2,290.8,24.06,D,0,12,353
47.60847,30.52761,367,0.6,0.53,21/03/2022,1130,N20,VIIRS,h,2,299.83,23.27,D,0,12.8,5
47.78975,37.45249,367,0.63,0.72,21/03/2022,1130,N20,VIIRS,h,2,298.05,33.83,D,0,12.3,356
47.79644,37.45294,367,0.63,0.72,21/03/2022,1130,N20,VIIRS,h,2,292.77,11.97,D,0,12.3,356
47.82265,37.61042,367,0.64,0.72,21/03/2022,1130,N20,VIIRS,h,2,290.98,15.06,D,0,12.5,354
47.79262,37.45521,367,0.63,0.72,21/03/2022,1130,N20,VIIRS,h,2,294.94,15.95,D,0,12.3,356
47.81351,37.35217,367,0.63,0.72,21/03/2022,1130,N20,VIIRS,h,2,293.04,13.08,D,0,11.9,2
47.81808,37.61267,367,0.64,0.72,21/03/2022,1130,N20,VIIRS,h,2,292.08,26.32,D,0,12.5,354
47.84526,37.58768,367,0.64,0.72,21/03/2022,1130,N20,VIIRS,h,2,291.63,12.4,D,0,11.5,356
51.33608,31.53009,367,0.35,0.57,21/03/2022,1131,N20,VIIRS,h,2,293.01,7.72,D,0,12,351
51.36055,31.62201,367,0.36,0.57,21/03/2022,1131,N20,VIIRS,h,2,291.06,6.43,D,0,11.8,349
51.36018,31.61156,367,0.36,0.57,21/03/2022,1131,N20,VIIRS,h,2,295.17,8.33,D,0,11.8,349
50.83901,30.86149,367,0.33,0.55,21/03/2022,1131,N20,VIIRS,h,2,291.22,6.28,D,0,10.3,349
50.89507,32.00623,367,0.37,0.58,21/03/2022,1131,N20,VIIRS,h,2,292.86,5.69,D,0,12.7,352
50.90127,32.03261,367,0.37,0.58,21/03/2022,1131,N20,VIIRS,h,2,292.23,7.62,D,0,12.7,352
51.2902,32.97601,367,0.41,0.61,21/03/2022,1131,N20,VIIRS,h,2,290.54,4.9,D,0,12.6,349
51.63638,31.42578,367,0.35,0.57,21/03/2022,1131,N20,VIIRS,h,2,297.22,8.66,D,0,12.6,350
49.1413,39.28309,367,0.57,0.52,23/03/2022,1052,N20,VIIRS,h,2,338.69,170.07,D,0,8.4,212
51.322,29.02512,367,0.4,0.37,23/03/2022,1053,N20,VIIRS,h,2,327.39,129.25,D,0,8.8,311
48.59101,35.83453,367,0.78,0.78,24/03/2022,853,N20,VIIRS,h,2,303.61,165.12,D,0,9.5,160
48.58481,35.8401,367,0.78,0.78,24/03/2022,853,N20,VIIRS,h,2,290.33,27.51,D,0,9.5,160
48.03698,37.59113,367,0.7,0.75,24/03/2022,853,N20,VIIRS,h,2,300.8,110.6,D,0,9.4,128
48.21949,38.08378,367,0.66,0.73,24/03/2022,853,N20,VIIRS,h,2,292.13,16.88,D,0,8.7,134
48.02465,37.5794,367,0.7,0.75,24/03/2022,853,N20,VIIRS,h,2,303.7,66.91,D,0,9.4,128
48.03093,37.59618,367,0.7,0.75,24/03/2022,853,N20,VIIRS,h,2,291.64,37.17,D,0,9.4,128
48.01861,37.58447,367,0.7,0.75,24/03/2022,853,N20,VIIRS,h,2,294.31,66.91,D,0,9.4,128
47.98726,37.52221,367,0.71,0.75,24/03/2022,853,N20,VIIRS,h,2,293.01,19.17,D,0,8.9,123
48.03107,37.58047,367,0.7,0.75,24/03/2022,853,N20,VIIRS,h,2,293.37,150.03,D,0,9.4,128
48.02504,37.58559,367,0.7,0.75,24/03/2022,853,N20,VIIRS,h,2,290.32,150.03,D,0,9.4,128
47.85235,37.46526,367,0.72,0.76,24/03/2022,853,N20,VIIRS,h,2,291.86,26.78,D,0,9.6,121
47.33476,37.85802,367,0.45,0.39,24/03/2022,1033,N20,VIIRS,h,2,296.34,12.65,D,0,10.9,78
47.19805,30.39294,367,0.42,0.38,24/03/2022,1033,N20,VIIRS,h,2,343.61,61.54,D,0,11.7,306
47.42056,30.01177,367,0.42,0.38,24/03/2022,1033,N20,VIIRS,h,2,332.48,130.91,D,0,11.8,310
48.12377,23.14454,367,0.45,0.63,24/03/2022,1214,N20,VIIRS,h,2,295.49,8.41,D,0,10.3,26
48.12677,23.38469,367,0.46,0.64,24/03/2022,1214,N20,VIIRS,h,2,293.29,6.67,D,0,9.1,6
48.38095,25.01536,367,0.55,0.68,24/03/2022,1214,N20,VIIRS,h,2,291.62,12.68,D,0,15.6,308
48.35715,22.98409,367,0.44,0.63,24/03/2022,1214,N20,VIIRS,h,2,295.37,9.93,D,0,9,7
48.49366,22.20011,367,0.41,0.6,24/03/2022,1214,N20,VIIRS,h,2,295.76,7.2,D,0,11.4,349
48.51513,22.78796,367,0.44,0.62,24/03/2022,1214,N20,VIIRS,h,2,297.44,5.32,D,0,9.4,16
48.51542,22.78543,367,0.44,0.62,24/03/2022,1214,N20,VIIRS,h,2,297.13,12.4,D,0,9.4,16
48.62561,23.05902,367,0.45,0.63,24/03/2022,1214,N20,VIIRS,h,2,290.14,12.39,D,0,9,23
48.62551,23.05437,367,0.45,0.63,24/03/2022,1214,N20,VIIRS,h,2,295.46,14.37,D,0,9,23
48.62476,23.05883,367,0.45,0.63,24/03/2022,1214,N20,VIIRS,h,2,290.33,10.12,D,0,9,23
48.62468,23.0541,367,0.45,0.63,24/03/2022,1214,N20,VIIRS,h,2,295.04,10.12,D,0,9,23
48.72773,22.48746,367,0.42,0.61,24/03/2022,1214,N20,VIIRS,h,2,296.12,12.58,D,0,8.1,7
48.96098,24.04708,367,0.5,0.66,24/03/2022,1214,N20,VIIRS,h,2,293.13,11.46,D,0,13.7,306
48.94844,26.42806,367,0.64,0.72,24/03/2022,1214,N20,VIIRS,h,2,293.83,17.73,D,0,16.6,332
48.96098,24.04553,367,0.5,0.66,24/03/2022,1214,N20,VIIRS,h,2,293.2,14.61,D,0,13.7,306
49.20618,24.13668,367,0.51,0.66,24/03/2022,1214,N20,VIIRS,h,2,290.7,5.78,D,0,14.8,310
49.24181,25.37082,367,0.58,0.69,24/03/2022,1214,N20,VIIRS,h,2,290.17,10.53,D,0,15.8,323
49.25643,24.25849,367,0.51,0.66,24/03/2022,1214,N20,VIIRS,h,2,290.92,13.47,D,0,13.6,311
49.42187,23.69792,367,0.48,0.65,24/03/2022,1214,N20,VIIRS,h,2,290.56,20.23,D,0,13,313
49.48876,23.36079,367,0.47,0.64,24/03/2022,1214,N20,VIIRS,h,2,290.24,6.85,D,0,13.1,304
49.49192,23.36072,367,0.47,0.64,24/03/2022,1215,N20,VIIRS,h,2,291.54,9.21,D,0,13.1,304
49.51308,24.36976,367,0.52,0.67,24/03/2022,1215,N20,VIIRS,h,2,291.53,12.67,D,0,15.4,333
49.52002,23.70391,367,0.49,0.65,24/03/2022,1215,N20,VIIRS,h,2,292.03,13.48,D,0,12.7,318
49.57312,23.24105,367,0.46,0.64,24/03/2022,1215,N20,VIIRS,h,2,292.72,11.44,D,0,12.6,309
49.5795,23.26727,367,0.46,0.64,24/03/2022,1215,N20,VIIRS,h,2,293.17,14.32,D,0,12.8,318
49.57649,23.23875,367,0.46,0.64,24/03/2022,1215,N20,VIIRS,h,2,295.6,13,D,0,12.6,309
49.58276,23.26507,367,0.46,0.64,24/03/2022,1215,N20,VIIRS,h,2,293.15,14.64,D,0,12.8,318
49.94343,23.32542,367,0.47,0.64,24/03/2022,1215,N20,VIIRS,h,2,292.7,20.07,D,0,12.1,331
48.06802,37.41183,367,0.38,0.36,25/03/2022,1014,N20,VIIRS,h,2,293.31,13.49,D,0,9.2,69
49.39541,39.82494,367,0.4,0.37,25/03/2022,1014,N20,VIIRS,h,2,297.24,10.78,D,0,5.5,90
47.86206,37.62866,367,0.38,0.36,25/03/2022,1014,N20,VIIRS,h,2,301.45,14.4,D,0,9.2,77
47.9921,23.76902,367,0.37,0.58,25/03/2022,1015,N20,VIIRS,h,2,291.68,7.27,D,0,9.4,344
49.60562,23.51307,367,0.34,0.56,25/03/2022,1015,N20,VIIRS,h,2,292.63,6.76,D,0,10.8,325
49.10933,23.92954,367,0.33,0.56,25/03/2022,1015,N20,VIIRS,h,2,291.64,5.53,D,0,12.6,326
49.55681,23.5529,367,0.34,0.56,25/03/2022,1015,N20,VIIRS,h,2,290.21,12.47,D,0,10.5,324
49.55481,23.55205,367,0.34,0.56,25/03/2022,1015,N20,VIIRS,h,2,290,13.92,D,0,10.5,324
49.21122,23.85912,367,0.33,0.56,25/03/2022,1015,N20,VIIRS,h,2,290.72,8.16,D,0,12.6,324
49.2159,23.85587,367,0.33,0.56,25/03/2022,1015,N20,VIIRS,h,2,305.03,11.28,D,0,12.8,323
49.33299,24.14929,367,0.32,0.55,25/03/2022,1015,N20,VIIRS,h,2,293.13,6.25,D,0,11.6,326
49.31346,30.76113,367,0.62,0.71,25/03/2022,1155,N20,VIIRS,h,2,290.03,13.6,D,0,9.2,8
49.26867,26.88612,367,0.41,0.61,25/03/2022,1155,N20,VIIRS,h,2,291.65,14.64,D,0,14.5,352
49.31632,30.76118,367,0.61,0.71,25/03/2022,1155,N20,VIIRS,h,2,292.1,17.89,D,0,9.2,8
51.89812,25.21017,367,0.36,0.57,25/03/2022,1156,N20,VIIRS,h,2,291.29,9.84,D,0,10,317
49.6426,26.61328,367,0.4,0.6,25/03/2022,1156,N20,VIIRS,h,2,293.44,9.36,D,0,13.4,358
49.57558,24.5052,367,0.32,0.55,25/03/2022,1156,N20,VIIRS,h,2,290.46,6.83,D,0,12.2,344
49.55698,23.55325,367,0.58,0.52,25/03/2022,1156,N20,VIIRS,h,2,292.08,16.88,D,0,10.5,324
46.57415,30.00321,367,0.35,0.57,26/03/2022,955,N20,VIIRS,h,2,298.25,7.91,D,0,14.1,273
48.15983,37.92657,367,0.46,0.39,26/03/2022,955,N20,VIIRS,h,2,295.74,5.17,D,0,15.3,248
48.40057,22.57034,367,0.63,0.72,26/03/2022,956,N20,VIIRS,h,2,292.39,12.8,D,0,8.3,272
49.76268,26.76324,367,0.38,0.59,26/03/2022,956,N20,VIIRS,h,2,291.03,11.67,D,0,23.5,280
48.37124,22.59397,367,0.63,0.72,26/03/2022,956,N20,VIIRS,h,2,295.93,22.52,D,0,9.3,246
48.33374,22.73941,367,0.62,0.72,26/03/2022,956,N20,VIIRS,h,2,296.7,12.36,D,0,9.6,253
49.17632,26.54701,367,0.41,0.61,26/03/2022,956,N20,VIIRS,h,2,291.49,12.65,D,0,22.3,283
48.6538,25.20138,367,0.48,0.65,26/03/2022,956,N20,VIIRS,h,2,292.54,7.53,D,0,19.6,281
48.48996,25.07055,367,0.5,0.65,26/03/2022,956,N20,VIIRS,h,2,295.79,27.77,D,0,18.4,273
48.49292,25.06887,367,0.5,0.65,26/03/2022,956,N20,VIIRS,h,2,296.69,28.81,D,0,18.4,273
47.67395,30.133,367,0.32,0.55,26/03/2022,956,N20,VIIRS,h,2,291.81,4.32,D,0,15.2,277
49.06084,27.21692,367,0.39,0.59,26/03/2022,956,N20,VIIRS,h,2,306.79,43.95,D,0,20.4,285
49.36762,23.60115,367,0.53,0.67,26/03/2022,956,N20,VIIRS,h,2,290.45,13.88,D,0,21.7,284
49.81937,23.17181,367,0.53,0.67,26/03/2022,957,N20,VIIRS,h,2,290.54,13.01,D,0,21.8,280
50.0604,23.58756,367,0.5,0.66,26/03/2022,957,N20,VIIRS,h,2,291.28,30.46,D,0,23,280
49.81392,23.17647,367,0.53,0.67,26/03/2022,957,N20,VIIRS,h,2,291.48,22.27,D,0,21.8,280
47.02665,32.67838,367,0.44,0.63,26/03/2022,1136,N20,VIIRS,h,2,294.61,16.36,D,0,16.5,259
47.0207,32.67263,367,0.44,0.63,26/03/2022,1136,N20,VIIRS,h,2,297.59,14.4,D,0,17,260
47.02733,32.68081,367,0.44,0.63,26/03/2022,1136,N20,VIIRS,h,2,292.98,9.17,D,0,16.5,259
47.02136,32.67507,367,0.44,0.63,26/03/2022,1136,N20,VIIRS,h,2,297.35,16.29,D,0,16.5,259
46.96109,32.15125,367,0.42,0.61,26/03/2022,1136,N20,VIIRS,h,2,301.82,18.67,D,0,15.7,257
46.85775,32.19723,367,0.42,0.61,26/03/2022,1136,N20,VIIRS,h,2,294.89,7.28,D,0,15.5,257
49.19495,26.00964,367,0.45,0.47,26/03/2022,1136,N20,VIIRS,h,2,292.25,23,D,0,23,287
49.05003,24.34162,367,0.39,0.44,26/03/2022,1136,N20,VIIRS,h,2,295.23,6.96,D,0,20.8,275
49.01648,24.4243,367,0.39,0.44,26/03/2022,1136,N20,VIIRS,h,2,293.32,9.26,D,0,20.8,275
48.67366,24.50632,367,0.39,0.44,26/03/2022,1136,N20,VIIRS,h,2,297.89,10.67,D,0,19.2,264
48.55531,25.03877,367,0.41,0.45,26/03/2022,1136,N20,VIIRS,h,2,299.52,14.43,D,0,19.1,272
47.69513,29.87273,367,0.33,0.55,26/03/2022,1136,N20,VIIRS,h,2,297.56,8.12,D,0,15.8,278
47.77061,29.6694,367,0.32,0.55,26/03/2022,1136,N20,VIIRS,h,2,299.61,10.8,D,0,16,278
47.78769,29.70809,367,0.33,0.55,26/03/2022,1136,N20,VIIRS,h,2,293.59,4.75,D,0,16,278
48.10753,35.42815,367,0.6,0.71,26/03/2022,1136,N20,VIIRS,h,2,291.98,23.68,D,0,16.9,237
48.10754,35.41996,367,0.6,0.71,26/03/2022,1136,N20,VIIRS,h,2,290.97,11.94,D,0,16.9,237
48.10542,35.42774,367,0.61,0.71,26/03/2022,1136,N20,VIIRS,h,2,292.11,17.02,D,0,16.9,237
48.10546,35.41944,367,0.6,0.71,26/03/2022,1136,N20,VIIRS,h,2,290.6,17.02,D,0,16.9,237
48.72078,34.64861,367,0.56,0.69,26/03/2022,1136,N20,VIIRS,h,2,292.23,14.59,D,0,17,252
48.72206,34.64377,367,0.56,0.69,26/03/2022,1136,N20,VIIRS,h,2,292.23,11.3,D,0,17,252
48.46124,25.34427,367,0.42,0.45,26/03/2022,1136,N20,VIIRS,h,2,295.92,9.99,D,0,17.7,274
47.22855,30.15797,367,0.34,0.56,26/03/2022,1136,N20,VIIRS,h,2,298.66,15.62,D,0,14.8,277
47.22813,30.14892,367,0.34,0.56,26/03/2022,1136,N20,VIIRS,h,2,296.89,8.3,D,0,14.8,277
47.23547,30.19538,367,0.34,0.56,26/03/2022,1136,N20,VIIRS,h,2,299.66,9.36,D,0,14.4,277
47.24042,30.1899,367,0.34,0.56,26/03/2022,1136,N20,VIIRS,h,2,296.18,6.45,D,0,14.8,277
47.2402,30.18497,367,0.34,0.56,26/03/2022,1136,N20,VIIRS,h,2,298.29,6.98,D,0,14.8,277
47.23997,30.18022,367,0.34,0.56,26/03/2022,1136,N20,VIIRS,h,2,297.98,6.98,D,0,14.8,277
47.23294,29.7181,367,0.32,0.55,26/03/2022,1136,N20,VIIRS,h,2,299.08,7.19,D,0,14.6,278
47.23801,29.71761,367,0.32,0.55,26/03/2022,1136,N20,VIIRS,h,2,305.66,17.35,D,0,14.6,278
47.23655,29.71927,367,0.32,0.55,26/03/2022,1136,N20,VIIRS,h,2,300.99,18.09,D,0,14.6,278
47.41985,37.93008,367,0.79,0.78,26/03/2022,1136,N20,VIIRS,h,2,298.08,14.18,D,0,15.2,251
47.42712,37.9305,367,0.79,0.78,26/03/2022,1136,N20,VIIRS,h,2,299.91,24.35,D,0,15.2,251
47.42041,37.93203,367,0.79,0.78,26/03/2022,1136,N20,VIIRS,h,2,292.54,32.48,D,0,15.2,251
47.42768,37.93239,367,0.79,0.78,26/03/2022,1136,N20,VIIRS,h,2,294.19,38.27,D,0,15.2,251
47.52212,37.94101,367,0.79,0.78,26/03/2022,1136,N20,VIIRS,h,2,294.32,10.68,D,0,14.9,254
47.43743,30.12548,367,0.34,0.56,26/03/2022,1136,N20,VIIRS,h,2,293.87,4.46,D,0,14.7,277
47.53064,37.9232,367,0.79,0.78,26/03/2022,1136,N20,VIIRS,h,2,292.38,16.08,D,0,14.8,257
47.64035,37.89796,367,0.79,0.78,26/03/2022,1136,N20,VIIRS,h,2,294.23,37.3,D,0,14.6,254
47.63419,37.88321,367,0.79,0.78,26/03/2022,1136,N20,VIIRS,h,2,294.6,25.78,D,0,15.1,253
47.64117,37.89457,367,0.79,0.78,26/03/2022,1136,N20,VIIRS,h,2,296.89,25.78,D,0,15.1,253
47.70297,37.73654,367,0.77,0.78,26/03/2022,1136,N20,VIIRS,h,2,292.64,37.69,D,0,15.6,255
47.20737,30.19786,367,0.41,0.37,26/03/2022,2351,N20,VIIRS,h,2,288,4.59,N,0,14.4,277
48.94387,34.51614,367,0.48,0.65,28/03/2022,918,N20,VIIRS,h,2,298.82,68.73,D,0,17.8,252
47.64384,34.1297,367,0.55,0.68,28/03/2022,918,N20,VIIRS,h,2,290.83,21.95,D,0,18.5,250
49.84929,24.10573,367,0.4,0.37,28/03/2022,1059,N20,VIIRS,h,2,298.86,13.25,D,0,18.5,244
49.8138,24.71222,367,0.62,0.71,28/03/2022,2312,N20,VIIRS,h,2,281.33,16.88,N,0,16.8,237
45.37337,29.63786,367,0.36,0.57,29/03/2022,54,N20,VIIRS,h,2,273.01,4.75,N,0,13,212
48.62562,36.39856,367,0.64,0.72,29/03/2022,859,N20,VIIRS,h,2,290.87,14.97,D,0,23.7,223
48.70559,38.8914,367,0.51,0.66,29/03/2022,859,N20,VIIRS,h,2,291.61,15.14,D,0,28.9,227
45.37762,29.67743,367,0.42,0.37,29/03/2022,1039,N20,VIIRS,h,2,358.1,223.89,D,0,16,203
45.38192,29.68142,367,0.42,0.37,29/03/2022,1039,N20,VIIRS,h,2,354.55,100.94,D,0,16,203
51.03062,33.07887,367,0.41,0.37,29/03/2022,1040,N20,VIIRS,h,2,293.06,9.41,D,0,20.3,261
45.35609,29.74968,367,0.41,0.45,30/03/2022,1020,N20,VIIRS,h,2,297.3,13.91,D,0,16.7,210
45.37299,29.709,367,0.41,0.45,30/03/2022,1020,N20,VIIRS,h,2,298.09,22.62,D,0,16.7,210
45.37294,29.71184,367,0.41,0.45,30/03/2022,1020,N20,VIIRS,h,2,297.67,54.88,D,0,16.7,210
45.37346,29.6951,367,0.41,0.45,30/03/2022,1020,N20,VIIRS,h,2,296.52,8.87,D,0,16.7,210
45.39027,29.7114,367,0.64,0.72,30/03/2022,1201,N20,VIIRS,h,2,290.41,18.04,D,0,16.7,210
48.3825,26.14929,367,0.44,0.63,30/03/2022,1202,N20,VIIRS,h,2,292.43,17.99,D,0,8.3,320
48.43888,26.41194,367,0.46,0.63,30/03/2022,1202,N20,VIIRS,h,2,291.38,12.58,D,0,8.4,346
48.52093,26.72554,367,0.47,0.64,30/03/2022,1202,N20,VIIRS,h,2,291.69,12.82,D,0,8.1,13
48.23932,30.51724,367,0.41,0.6,01/04/2022,943,N20,VIIRS,h,2,302.29,20.39,D,0,13.9,175
49.52675,36.60971,367,0.5,0.66,01/04/2022,1124,N20,VIIRS,h,2,291.64,13.28,D,0,21.7,196
47.2765,36.59498,367,0.38,0.59,02/04/2022,924,N20,VIIRS,h,2,294.85,7.14,D,0,22.5,200
47.28151,36.59187,367,0.38,0.59,02/04/2022,924,N20,VIIRS,h,2,300.67,15.86,D,0,22.5,200
47.27514,36.5904,367,0.38,0.59,02/04/2022,924,N20,VIIRS,h,2,296.53,7.14,D,0,22.5,200
47.70694,36.20794,367,0.38,0.59,02/04/2022,924,N20,VIIRS,h,2,294.47,10.22,D,0,26.5,205
48.51066,36.1096,367,0.37,0.58,02/04/2022,924,N20,VIIRS,h,2,311.54,64.18,D,0,23.3,202
50.13844,36.09024,367,0.33,0.55,02/04/2022,925,N20,VIIRS,h,2,295.71,4.55,D,0,23.1,204
47.85471,37.81652,367,0.33,0.55,02/04/2022,1104,N20,VIIRS,h,2,293.24,5.77,D,0,21.1,191
47.85251,37.81451,367,0.33,0.55,02/04/2022,1104,N20,VIIRS,h,2,294.89,6.29,D,0,21.1,191
48.35743,37.9173,367,0.34,0.56,02/04/2022,1105,N20,VIIRS,h,2,296.25,18.86,D,0,21.9,193
48.68283,38.56476,367,0.37,0.58,02/04/2022,1105,N20,VIIRS,h,2,297.53,12.33,D,0,25.5,197
48.60445,38.55383,367,0.36,0.58,02/04/2022,1105,N20,VIIRS,h,2,295.51,12.62,D,0,25.2,197
48.77955,38.34471,367,0.36,0.57,02/04/2022,1105,N20,VIIRS,h,2,297.34,6.19,D,0,27.6,200
48.95529,38.2865,367,0.36,0.57,02/04/2022,1105,N20,VIIRS,h,2,296.07,6.3,D,0,23.5,203
48.9606,38.28648,367,0.36,0.57,02/04/2022,1105,N20,VIIRS,h,2,297.27,4.66,D,0,23.5,203
45.35344,28.349,367,0.33,0.55,05/04/2022,1008,N20,VIIRS,h,2,297.44,5.92,D,0,16.7,223
45.48825,29.43572,367,0.43,0.62,05/04/2022,1148,N20,VIIRS,h,2,296.31,8.86,D,0,16.4,215
45.49305,29.43645,367,0.43,0.62,05/04/2022,1148,N20,VIIRS,h,2,296,5,D,0,16.4,215
45.3145,28.47705,367,0.39,0.59,05/04/2022,1148,N20,VIIRS,h,2,294.25,5.21,D,0,16.3,227
45.3315,28.54841,367,0.52,0.67,06/04/2022,949,N20,VIIRS,h,2,294.18,35.99,D,3,8.8,215
48.24297,31.15831,367,0.33,0.55,06/04/2022,950,N20,VIIRS,h,2,294.48,5.27,D,0,13.1,223
48.41452,31.26171,367,0.32,0.54,06/04/2022,950,N20,VIIRS,h,2,297.46,6.41,D,0,13.6,228
48.54643,33.06185,367,0.4,0.6,06/04/2022,1130,N20,VIIRS,h,2,292.45,6.16,D,0,16.2,231
48.689,31.98338,367,0.36,0.57,06/04/2022,1130,N20,VIIRS,h,2,294.84,5.77,D,0,14.8,234
48.73937,31.91043,367,0.35,0.57,06/04/2022,1130,N20,VIIRS,h,2,296.8,16.33,D,0,14.8,234
49.0022,37.13049,367,0.62,0.71,06/04/2022,1130,N20,VIIRS,h,2,290.8,15.53,D,0,20.8,233
47.92568,39.09404,367,0.49,0.48,07/04/2022,930,N20,VIIRS,h,2,294.07,10.62,D,0,11.8,154
47.54156,36.26087,367,0.33,0.55,07/04/2022,930,N20,VIIRS,h,2,305.02,22.2,D,0,13.5,163
47.69658,36.26372,367,0.33,0.55,07/04/2022,930,N20,VIIRS,h,2,297.41,8.66,D,0,14.5,169
47.72225,35.39399,367,0.36,0.57,07/04/2022,930,N20,VIIRS,h,2,297.63,11.23,D,0,15,166
48.72189,34.61924,367,0.36,0.57,07/04/2022,931,N20,VIIRS,h,2,296.66,17.65,D,0,15.1,177
47.85266,33.19218,367,0.44,0.62,07/04/2022,931,N20,VIIRS,h,2,295.97,63.5,D,0,15.8,167
47.85476,33.18787,367,0.44,0.62,07/04/2022,931,N20,VIIRS,h,2,297.45,29.22,D,0,15.8,167
47.84433,33.1952,367,0.44,0.62,07/04/2022,931,N20,VIIRS,h,2,294.71,11.09,D,0,15.8,167
48.78532,33.00894,367,0.42,0.61,07/04/2022,931,N20,VIIRS,h,2,296.47,11.85,D,0,17.7,175
48.057,30.89398,367,0.54,0.68,07/04/2022,931,N20,VIIRS,h,2,294.13,7.46,D,0,14.6,165
49.84286,32.92699,367,0.39,0.59,07/04/2022,931,N20,VIIRS,h,2,291.41,9.21,D,0,18.4,180
48.49354,29.78542,367,0.58,0.69,07/04/2022,931,N20,VIIRS,h,2,294.58,24.96,D,0,16.1,167
48.49554,29.77927,367,0.58,0.69,07/04/2022,931,N20,VIIRS,h,2,298.49,16.36,D,0,16.1,167
49.00787,38.38366,367,0.49,0.48,07/04/2022,931,N20,VIIRS,h,2,296.29,13.08,D,0,13.7,192
49.86564,28.6145,367,0.57,0.69,07/04/2022,932,N20,VIIRS,h,2,291.72,14.71,D,0,15.4,185
50.42342,30.28171,367,0.47,0.64,07/04/2022,932,N20,VIIRS,h,2,292.23,9.1,D,0,15.9,190
48.56804,38.03984,367,0.41,0.61,07/04/2022,1111,N20,VIIRS,h,2,298.54,7.32,D,0,14.2,181
48.56812,37.82634,367,0.4,0.6,07/04/2022,1111,N20,VIIRS,h,2,292.51,8.41,D,0,14.1,182
48.63479,38.45027,367,0.43,0.62,07/04/2022,1111,N20,VIIRS,h,2,298.83,13.25,D,0,14.7,189
48.64052,38.45021,367,0.43,0.62,07/04/2022,1111,N20,VIIRS,h,2,293.43,13.25,D,0,14.7,189
48.92209,38.31573,367,0.42,0.61,07/04/2022,1111,N20,VIIRS,h,2,298.34,24.65,D,0,16,192
48.96695,37.14818,367,0.37,0.58,07/04/2022,1111,N20,VIIRS,h,2,296.3,3.86,D,0,15.2,186
49.08027,37.44286,367,0.39,0.59,07/04/2022,1111,N20,VIIRS,h,2,297.9,4.98,D,0,15.7,190
49.38203,36.13739,367,0.34,0.56,07/04/2022,1111,N20,VIIRS,h,2,299.7,10.4,D,0,16.8,190
49.37375,35.93671,367,0.33,0.55,07/04/2022,1111,N20,VIIRS,h,2,295.73,5.21,D,0,17.3,187
49.38721,36.13689,367,0.34,0.56,07/04/2022,1111,N20,VIIRS,h,2,294.74,5.68,D,0,16.8,190
49.4656,36.94028,367,0.37,0.58,07/04/2022,1111,N20,VIIRS,h,2,303.46,39.37,D,0,16,189
49.75557,38.88892,367,0.45,0.63,07/04/2022,1111,N20,VIIRS,h,2,295.08,6.98,D,0,17.2,198
49.78631,37.46698,367,0.39,0.59,07/04/2022,1111,N20,VIIRS,h,2,295.9,15.31,D,0,17.3,196
49.89954,36.20809,367,0.34,0.56,07/04/2022,1111,N20,VIIRS,h,2,293.97,20.78,D,0,16.1,193
49.98104,36.41224,367,0.35,0.57,07/04/2022,1111,N20,VIIRS,h,2,297.38,8.15,D,0,17.1,191
49.98024,36.41402,367,0.35,0.57,07/04/2022,1111,N20,VIIRS,h,2,296.81,9.68,D,0,17.1,191
50.03809,37.64352,367,0.4,0.6,07/04/2022,1111,N20,VIIRS,h,2,294.01,7.44,D,0,16.4,194
48.05145,37.66005,367,0.39,0.59,07/04/2022,1111,N20,VIIRS,h,2,298.5,5.28,D,0,12.6,172
47.2033,37.84902,367,0.39,0.59,07/04/2022,1111,N20,VIIRS,h,2,302.06,41.85,D,0,11.6,145
47.20362,37.85941,367,0.39,0.6,07/04/2022,1111,N20,VIIRS,h,2,300.55,7.91,D,0,11.6,145
47.19242,37.85486,367,0.39,0.59,07/04/2022,1111,N20,VIIRS,h,2,304.87,17.13,D,0,11.6,145
47.21466,37.84937,367,0.39,0.59,07/04/2022,1111,N20,VIIRS,h,2,294.62,10.1,D,0,11.6,145
47.20896,37.8446,367,0.39,0.59,07/04/2022,1111,N20,VIIRS,h,2,302.5,40.33,D,0,11.6,145
47.20345,37.84512,367,0.39,0.59,07/04/2022,1111,N20,VIIRS,h,2,324.51,49.98,D,0,11.6,145
47.204,37.86071,367,0.39,0.59,07/04/2022,1111,N20,VIIRS,h,2,297.31,10.57,D,0,11.6,145
47.1981,37.8506,367,0.39,0.59,07/04/2022,1111,N20,VIIRS,h,2,310.97,20.78,D,0,11.6,145
47.09753,37.4855,367,0.38,0.58,07/04/2022,1111,N20,VIIRS,h,2,299.3,6.61,D,0,10.8,132
48.12211,37.47143,367,0.38,0.59,07/04/2022,1111,N20,VIIRS,h,2,302.43,6.74,D,0,12.5,171
48.1228,37.47089,367,0.38,0.59,07/04/2022,1111,N20,VIIRS,h,2,302.58,7.03,D,0,12.5,171
48.55922,38.03777,367,0.41,0.6,07/04/2022,1111,N20,VIIRS,h,2,296.33,15.59,D,0,14.2,181
48.57357,38.34598,367,0.42,0.61,07/04/2022,1111,N20,VIIRS,h,2,298.3,7.06,D,0,13.6,180
48.56388,37.82413,367,0.4,0.6,07/04/2022,1111,N20,VIIRS,h,2,293.96,11.6,D,0,14.1,182
50.02752,36.71144,367,0.36,0.58,07/04/2022,1111,N20,VIIRS,h,2,294.65,10.41,D,0,16.7,193
50.03233,36.69516,367,0.36,0.58,07/04/2022,1111,N20,VIIRS,h,2,297.41,9.72,D,0,16.7,193
50.03768,36.69505,367,0.36,0.58,07/04/2022,1111,N20,VIIRS,h,2,298.1,68.09,D,0,17,194
50.04319,36.69974,367,0.36,0.58,07/04/2022,1111,N20,VIIRS,h,2,301.78,75.23,D,0,17,194
50.04853,36.69925,367,0.36,0.58,07/04/2022,1111,N20,VIIRS,h,2,299.44,30.38,D,0,17,194
50.03549,36.33601,367,0.35,0.57,07/04/2022,1111,N20,VIIRS,h,2,297.06,12.49,D,0,16.6,191
50.05293,36.37878,367,0.35,0.57,07/04/2022,1111,N20,VIIRS,h,2,297.72,10.03,D,0,16.6,191
50.2029,37.40301,367,0.39,0.59,07/04/2022,1111,N20,VIIRS,h,2,295.92,5.49,D,0,18.1,197
47.56643,36.24589,367,0.33,0.55,07/04/2022,1111,N20,VIIRS,h,2,300.01,10.68,D,0,13.5,163
47.56355,36.24588,367,0.33,0.55,07/04/2022,1111,N20,VIIRS,h,2,301.17,12.66,D,0,13.5,163
47.21434,37.84798,367,0.39,0.59,07/04/2022,1111,N20,VIIRS,h,2,298.37,28.88,D,0,11.6,145
47.20866,37.84323,367,0.39,0.59,07/04/2022,1111,N20,VIIRS,h,2,311.84,41.85,D,0,11.6,145
47.85264,38.70897,367,0.43,0.62,07/04/2022,1111,N20,VIIRS,h,2,297.02,28.38,D,0,11.3,155
50.34323,36.00956,367,0.34,0.56,07/04/2022,1112,N20,VIIRS,h,2,293.72,26.41,D,0,18.4,193
50.34285,35.99979,367,0.34,0.56,07/04/2022,1112,N20,VIIRS,h,2,293.03,14.18,D,0,18.4,193
50.34842,36.00907,367,0.34,0.56,07/04/2022,1112,N20,VIIRS,h,2,305,24.63,D,0,18.4,193
50.86953,31.89298,367,0.45,0.47,07/04/2022,1112,N20,VIIRS,h,2,291.91,8.49,D,0,18.1,185
50.26686,37.54288,367,0.4,0.6,07/04/2022,1112,N20,VIIRS,h,2,292.85,11.63,D,0,18.3,197
49.09287,39.53032,367,0.34,0.56,08/04/2022,912,N20,VIIRS,h,2,298.28,6.48,D,0,19.4,134
49.0945,39.526,367,0.34,0.56,08/04/2022,912,N20,VIIRS,h,2,301.52,9.99,D,0,19.4,134
49.09571,39.53024,367,0.34,0.56,08/04/2022,912,N20,VIIRS,h,2,296.69,9.99,D,0,19.4,134
48.90677,39.31709,367,0.35,0.57,08/04/2022,912,N20,VIIRS,h,2,294.8,5.77,D,0,18.2,133
48.64833,39.30841,367,0.36,0.58,08/04/2022,912,N20,VIIRS,h,2,296.07,81.76,D,0,17.9,135
48.29451,38.71236,367,0.39,0.6,08/04/2022,912,N20,VIIRS,h,2,291.5,22.86,D,0,18.1,146
48.036,30.56777,367,0.48,0.64,12/04/2022,937,N20,VIIRS,h,2,294.86,15.25,D,0,23.2,323
48.92337,24.20542,367,0.54,0.42,14/04/2022,1040,N20,VIIRS,h,2,297.95,11.28,D,0,6.3,160
48.92585,24.18352,367,0.6,0.71,14/04/2022,1221,N20,VIIRS,h,2,298.16,11.21,D,0,6.3,160
49.07083,24.9667,367,0.65,0.73,14/04/2022,1221,N20,VIIRS,h,2,298.16,15.46,D,0,5.4,86
49.70996,23.64227,367,0.57,0.69,14/04/2022,1221,N20,VIIRS,h,2,294.26,10.12,D,0,9,145
49.71064,23.64421,367,0.57,0.69,14/04/2022,1221,N20,VIIRS,h,2,293.16,9.69,D,0,9,145
48.5798,28.85244,367,0.59,0.7,15/04/2022,1202,N20,VIIRS,h,2,295.76,19.01,D,0,8.4,208
49.11575,27.8693,367,0.54,0.68,15/04/2022,1202,N20,VIIRS,h,2,293.42,12.46,D,0,9.9,229
47.49278,29.74803,367,0.65,0.73,15/04/2022,1202,N20,VIIRS,h,2,296.25,10.55,D,0,7.8,160
47.48793,29.74618,367,0.65,0.73,15/04/2022,1202,N20,VIIRS,h,2,297.85,8.23,D,0,7.8,160
48.11906,29.1262,367,0.61,0.71,15/04/2022,1202,N20,VIIRS,h,2,298.64,16.92,D,0,8.2,183
48.57324,28.85983,367,0.59,0.7,15/04/2022,1202,N20,VIIRS,h,2,294.12,19.01,D,0,8.4,208
48.55717,25.26786,367,0.4,0.6,15/04/2022,1202,N20,VIIRS,h,2,294.4,18.74,D,0,8.2,303
48.60323,24.62514,367,0.38,0.59,15/04/2022,1202,N20,VIIRS,h,2,291.01,7.8,D,0,13,255
48.67429,25.98849,367,0.44,0.62,15/04/2022,1202,N20,VIIRS,h,2,304.41,14.9,D,0,8.1,282
47.39707,30.4252,367,0.7,0.75,15/04/2022,1202,N20,VIIRS,h,2,295.72,9.82,D,0,8,177
49.99847,28.46672,367,0.53,0.42,20/04/2022,40,N20,VIIRS,h,2,276.02,19.27,N,0,10,271
46.68462,33.14275,367,0.78,0.78,26/04/2022,1155,N20,VIIRS,h,2,297.63,18.26,D,0,10.2,261
45.35746,28.95607,367,0.57,0.52,27/04/2022,1136,N20,VIIRS,h,2,295.32,17.17,D,0,9.5,90
45.35701,28.94872,367,0.57,0.52,27/04/2022,1136,N20,VIIRS,h,2,296.28,17.17,D,0,9.5,90
46.47515,31.99988,367,0.47,0.64,28/04/2022,937,N20,VIIRS,h,2,295.58,11.88,D,0,12.3,49
50.48504,32.20198,367,0.34,0.56,28/04/2022,938,N20,VIIRS,h,2,294.2,6.33,D,0,9.2,338
46.47306,31.99404,367,0.48,0.48,28/04/2022,1117,N20,VIIRS,h,2,302.54,14.05,D,0,12.3,49
49.05257,37.10926,367,0.37,0.58,29/04/2022,918,N20,VIIRS,h,2,293.09,8.5,D,0,12.7,13
49.05977,37.87343,367,0.35,0.57,29/04/2022,918,N20,VIIRS,h,2,294.25,13.32,D,0,10.1,13
49.05501,37.87675,367,0.35,0.57,29/04/2022,918,N20,VIIRS,h,2,290.53,56.11,D,0,10.1,13
51.09133,34.02047,367,0.43,0.62,29/04/2022,919,N20,VIIRS,h,2,294.75,8.14,D,0,8.3,345
48.60837,25.44636,367,0.41,0.61,01/05/2022,1202,N20,VIIRS,h,2,290.22,9.97,D,0,10.7,131
49.71135,29.32833,367,0.38,0.59,02/05/2022,1143,N20,VIIRS,h,2,296.94,9.3,D,0,9.6,186
49.62786,31.07158,367,0.46,0.63,02/05/2022,1143,N20,VIIRS,h,2,299.69,10.5,D,0,6.2,162
49.62206,31.078,367,0.46,0.63,02/05/2022,1143,N20,VIIRS,h,2,300.2,17.75,D,0,6.2,162
49.61806,31.07409,367,0.46,0.63,02/05/2022,1143,N20,VIIRS,h,2,301.75,16.51,D,0,6.2,162
49.72345,34.30336,367,0.39,0.59,03/05/2022,1124,N20,VIIRS,h,2,295.23,7.61,D,0,10.1,201
48.08219,36.61029,367,0.36,0.57,04/05/2022,924,N20,VIIRS,h,2,299.17,24.63,D,0,6.6,244
49.42902,36.64415,367,0.33,0.55,04/05/2022,925,N20,VIIRS,h,2,296.81,7.34,D,0,12.5,234
51.95819,32.24317,367,0.4,0.6,04/05/2022,926,N20,VIIRS,h,2,291.69,6.79,D,0,16.6,337
51.32882,31.56477,367,0.45,0.63,04/05/2022,926,N20,VIIRS,h,2,291.39,6.4,D,0,18.2,341
48.97887,38.79446,367,0.37,0.58,04/05/2022,1105,N20,VIIRS,h,2,306.04,11.82,D,0,8.4,210
48.65255,38.37318,367,0.36,0.57,04/05/2022,1105,N20,VIIRS,h,2,301.12,7.66,D,0,6.5,206
49.78613,38.68298,367,0.37,0.58,04/05/2022,1105,N20,VIIRS,h,2,294.4,6.52,D,0,12.9,229
50.10428,36.70259,367,0.48,0.65,05/05/2022,906,N20,VIIRS,h,2,293.93,7.15,D,0,17.9,32
50.05997,36.69127,367,0.48,0.65,05/05/2022,906,N20,VIIRS,h,2,294.47,13.38,D,0,17.9,32
50.05599,36.69357,367,0.48,0.65,05/05/2022,906,N20,VIIRS,h,2,292.79,8.64,D,0,17.9,32
49.48205,37.90906,367,0.45,0.63,05/05/2022,906,N20,VIIRS,h,2,293.28,15.01,D,0,21.2,33
49.47686,37.91318,367,0.45,0.63,05/05/2022,906,N20,VIIRS,h,2,294.99,24.55,D,0,21.2,33
49.48101,37.90982,367,0.45,0.63,05/05/2022,906,N20,VIIRS,h,2,296.63,27.35,D,0,21.2,33
49.09855,37.72452,367,0.47,0.64,05/05/2022,906,N20,VIIRS,h,2,294.17,10.6,D,0,20,32
49.09126,37.72258,367,0.47,0.64,05/05/2022,906,N20,VIIRS,h,2,292.03,10.6,D,0,18.9,31
48.95579,37.95224,367,0.47,0.64,05/05/2022,906,N20,VIIRS,h,2,296.86,17.78,D,0,17.9,32
51.03806,33.65436,367,0.58,0.7,05/05/2022,907,N20,VIIRS,h,2,294.05,14.1,D,0,14,38
51.32963,31.56064,367,0.68,0.74,05/05/2022,907,N20,VIIRS,h,2,292.93,12.04,D,0,10.5,54
51.03588,33.65549,367,0.58,0.7,05/05/2022,907,N20,VIIRS,h,2,296.33,6.83,D,0,14,38
50.75293,33.00693,367,0.63,0.72,05/05/2022,907,N20,VIIRS,h,2,292.08,12.33,D,0,13.2,39
50.24057,33.27425,367,0.65,0.73,05/05/2022,907,N20,VIIRS,h,2,297.34,19.15,D,0,15.2,35
49.16983,37.12912,367,0.39,0.44,05/05/2022,1046,N20,VIIRS,h,2,295.31,10,D,0,19.7,34
50.38792,26.13357,367,0.41,0.37,05/05/2022,1047,N20,VIIRS,h,2,301.9,9.72,D,0,9.7,113
49.21011,37.19141,367,0.76,0.77,06/05/2022,847,N20,VIIRS,h,2,291.04,18.11,D,0,14.1,78
46.42856,32.49089,367,0.42,0.37,06/05/2022,1027,N20,VIIRS,h,2,305.53,7.26,D,0,12.1,55
48.98648,38.57617,367,0.44,0.39,06/05/2022,1027,N20,VIIRS,h,2,304.86,13.27,D,0,14.7,70
48.98013,38.58413,367,0.44,0.39,06/05/2022,1027,N20,VIIRS,h,2,296.7,11.33,D,0,14.7,70
48.81533,27.09642,367,0.58,0.7,06/05/2022,1208,N20,VIIRS,h,2,299.72,21.08,D,0,11.3,143
48.81575,27.09705,367,0.58,0.7,06/05/2022,1208,N20,VIIRS,h,2,300.02,21.31,D,0,11.3,143
48.82182,27.09595,367,0.58,0.7,06/05/2022,1208,N20,VIIRS,h,2,296.27,11.89,D,0,11.3,143
48.82224,27.09671,367,0.58,0.7,06/05/2022,1208,N20,VIIRS,h,2,296.29,11.71,D,0,11.3,143
49.26447,36.72847,367,0.4,0.37,07/05/2022,1008,N20,VIIRS,h,2,302.78,13.18,D,0,11.2,102
48.98778,38.56904,367,0.38,0.36,07/05/2022,1008,N20,VIIRS,h,2,308.5,14.92,D,0,11.3,80
48.28516,37.82786,367,0.39,0.36,07/05/2022,1008,N20,VIIRS,h,2,301.46,6.06,D,0,11,76
46.50015,31.8944,367,0.42,0.45,07/05/2022,1008,N20,VIIRS,h,2,303.2,17.49,D,0,13.8,121
46.49494,31.89104,367,0.42,0.45,07/05/2022,1008,N20,VIIRS,h,2,351.26,203.77,D,0,13.8,121
46.41905,32.49022,367,0.4,0.44,07/05/2022,1008,N20,VIIRS,h,2,309.09,10.44,D,0,9.9,83
46.33852,32.80497,367,0.39,0.44,07/05/2022,1008,N20,VIIRS,h,2,307.61,19.01,D,0,10.4,77
46.33357,32.80188,367,0.39,0.44,07/05/2022,1008,N20,VIIRS,h,2,308.64,19.01,D,0,10.4,77
46.33574,32.81163,367,0.39,0.44,07/05/2022,1008,N20,VIIRS,h,2,307.1,9,D,0,10.4,77
48.81584,26.39712,367,0.33,0.55,07/05/2022,1149,N20,VIIRS,h,2,296.85,6.42,D,0,11.3,170
46.58155,33.30454,367,0.67,0.74,07/05/2022,1149,N20,VIIRS,h,2,302.39,19.85,D,0,10.7,85
50.02201,32.6209,367,0.63,0.72,07/05/2022,1150,N20,VIIRS,h,2,297.87,9.51,D,0,12.3,153
50.80797,34.10998,367,0.74,0.76,07/05/2022,1150,N20,VIIRS,h,2,291.44,14.79,D,0,12.2,160
48.14545,37.98914,367,0.57,0.69,07/05/2022,2222,N20,VIIRS,h,2,274.43,10.57,N,3,11.9,72
46.45716,32.03198,367,0.34,0.56,08/05/2022,949,N20,VIIRS,h,2,295.77,18.31,D,0,8.1,282
46.49469,31.82585,367,0.35,0.56,08/05/2022,949,N20,VIIRS,h,2,296.35,8.38,D,0,9.6,248
46.76994,30.06085,367,0.41,0.6,08/05/2022,949,N20,VIIRS,h,2,303.43,15.2,D,0,9.4,185
46.45535,32.03656,367,0.34,0.56,08/05/2022,949,N20,VIIRS,h,2,297.62,100.53,D,0,8.1,282
49.62313,27.51726,367,0.42,0.61,08/05/2022,950,N20,VIIRS,h,2,300.98,8.56,D,0,6.4,221
46.44789,32.03353,367,0.34,0.56,08/05/2022,1130,N20,VIIRS,h,2,291.44,5.43,D,0,8.1,282
46.45872,32.04167,367,0.34,0.56,08/05/2022,1130,N20,VIIRS,h,2,290.44,10.43,D,0,8.1,282
46.45852,32.03711,367,0.34,0.56,08/05/2022,1130,N20,VIIRS,h,2,294.91,10.43,D,0,8.1,282
46.45832,32.03259,367,0.34,0.56,08/05/2022,1130,N20,VIIRS,h,2,291.6,12.91,D,0,8.1,282
46.49253,31.87167,367,0.34,0.56,08/05/2022,1130,N20,VIIRS,h,2,297.23,9.12,D,0,9.6,248
46.49575,31.83119,367,0.34,0.56,08/05/2022,1130,N20,VIIRS,h,2,296.26,18.37,D,0,9.6,248
46.49532,31.82232,367,0.34,0.56,08/05/2022,1130,N20,VIIRS,h,2,294.25,9.27,D,0,9.6,248
46.49398,31.8735,367,0.34,0.56,08/05/2022,1130,N20,VIIRS,h,2,296.24,14.18,D,0,9.6,248
46.49379,31.86904,367,0.34,0.56,08/05/2022,1130,N20,VIIRS,h,2,296.48,13.9,D,0,9.6,248
46.50715,31.81867,367,0.34,0.56,08/05/2022,1130,N20,VIIRS,h,2,292.39,26.6,D,0,9.6,248
46.95316,32.3111,367,0.36,0.57,08/05/2022,1130,N20,VIIRS,h,2,295.17,6.88,D,0,5.9,271
48.15836,37.2414,367,0.62,0.71,08/05/2022,1130,N20,VIIRS,h,2,295.71,11.28,D,0,6.4,57
48.84925,38.31187,367,0.7,0.75,08/05/2022,1130,N20,VIIRS,h,2,292.19,26.58,D,0,6.2,96
48.84813,38.31083,367,0.7,0.75,08/05/2022,1130,N20,VIIRS,h,2,291.96,20.77,D,0,6.2,96
49.20905,37.12882,367,0.62,0.71,08/05/2022,1130,N20,VIIRS,h,2,290.23,11.62,D,0,6.1,140
49.22402,37.58391,367,0.65,0.73,08/05/2022,1130,N20,VIIRS,h,2,296.09,28.47,D,0,6,125
46.32996,32.81694,367,0.37,0.58,08/05/2022,1130,N20,VIIRS,h,2,302.07,4.59,D,0,7.2,358
46.33181,32.81475,367,0.37,0.58,08/05/2022,1130,N20,VIIRS,h,2,301.1,6.18,D,0,7.2,358
46.35235,32.78357,367,0.37,0.58,08/05/2022,1130,N20,VIIRS,h,2,301.29,7.12,D,0,7.2,358
50.40495,35.80908,367,0.54,0.68,08/05/2022,1131,N20,VIIRS,h,2,294.44,26.06,D,0,8.2,204
49.69455,38.20946,367,0.69,0.74,08/05/2022,1131,N20,VIIRS,h,2,299.43,15.81,D,0,6.1,143
46.40383,32.52869,367,0.52,0.67,09/05/2022,931,N20,VIIRS,h,2,293.78,66.98,D,0,10.5,290
46.41346,32.53732,367,0.52,0.67,09/05/2022,931,N20,VIIRS,h,2,292.78,22.61,D,0,10.5,290
46.41145,32.53111,367,0.52,0.67,09/05/2022,931,N20,VIIRS,h,2,298.82,22.61,D,0,10.5,290
46.40944,32.52489,367,0.52,0.67,09/05/2022,931,N20,VIIRS,h,2,293.9,66.98,D,0,10.5,290
46.4054,32.51242,367,0.52,0.67,09/05/2022,931,N20,VIIRS,h,2,295.34,35.91,D,0,10.5,290
46.41906,32.53353,367,0.52,0.67,09/05/2022,931,N20,VIIRS,h,2,296.82,17.33,D,0,10.5,290
46.41504,32.52108,367,0.52,0.67,09/05/2022,931,N20,VIIRS,h,2,301.71,18.72,D,0,10.5,290
46.41302,32.51482,367,0.52,0.67,09/05/2022,931,N20,VIIRS,h,2,301.69,18.72,D,0,10.5,290
46.41101,32.50861,367,0.52,0.67,09/05/2022,931,N20,VIIRS,h,2,300.54,21.53,D,0,10.5,290
46.41368,32.53598,367,0.52,0.67,09/05/2022,931,N20,VIIRS,h,2,296.13,18.3,D,0,10.5,290
46.4096,32.52359,367,0.52,0.67,09/05/2022,931,N20,VIIRS,h,2,295.1,18.36,D,0,10.5,290
46.4055,32.51118,367,0.52,0.67,09/05/2022,931,N20,VIIRS,h,2,295.39,17.29,D,0,10.5,290
46.4193,32.53222,367,0.52,0.67,09/05/2022,931,N20,VIIRS,h,2,297.74,18.3,D,0,10.5,290
46.41521,32.51981,367,0.52,0.67,09/05/2022,931,N20,VIIRS,h,2,302.09,18.36,D,0,10.5,290
46.41112,32.50739,367,0.52,0.67,09/05/2022,931,N20,VIIRS,h,2,300.68,17.29,D,0,11.7,287
46.40908,32.5012,367,0.52,0.67,09/05/2022,931,N20,VIIRS,h,2,301.16,23.07,D,0,11.7,287
46.46452,32.03971,367,0.55,0.68,09/05/2022,931,N20,VIIRS,h,2,293.76,31.75,D,0,11.1,280
46.46238,32.03323,367,0.55,0.68,09/05/2022,931,N20,VIIRS,h,2,298.3,20.65,D,0,11.1,280
46.46806,32.02927,367,0.55,0.68,09/05/2022,931,N20,VIIRS,h,2,293.21,20.65,D,0,11.1,280
46.49932,31.85436,367,0.56,0.68,09/05/2022,931,N20,VIIRS,h,2,298.94,23.43,D,0,15,272
46.96087,32.29374,367,0.51,0.66,09/05/2022,931,N20,VIIRS,h,2,303.97,26.05,D,0,11.8,310
50.2212,32.43497,367,0.39,0.6,09/05/2022,931,N20,VIIRS,h,2,301.98,10.83,D,0,16.1,357
50.52022,31.95475,367,0.4,0.6,09/05/2022,932,N20,VIIRS,h,2,305.1,52.14,D,0,16.6,4
52.04271,32.76999,367,0.33,0.55,09/05/2022,932,N20,VIIRS,h,2,291.27,7.77,D,0,16.6,352
46.44601,32.05922,367,0.41,0.45,09/05/2022,1111,N20,VIIRS,h,2,297.77,7.86,D,0,11.1,280
46.44647,32.06459,367,0.41,0.45,09/05/2022,1111,N20,VIIRS,h,2,294.11,156.38,D,0,11.1,280
48.98599,38.04782,367,0.41,0.61,09/05/2022,1111,N20,VIIRS,h,2,295.56,5.93,D,0,13.6,306
48.44573,35.82005,367,0.32,0.55,09/05/2022,1111,N20,VIIRS,h,2,291.22,5.15,D,0,13.3,312
48.17533,37.78654,367,0.39,0.6,09/05/2022,1111,N20,VIIRS,h,2,300.83,4.7,D,0,11.4,315
46.39439,32.51156,367,0.43,0.46,09/05/2022,1111,N20,VIIRS,h,2,309.76,17.08,D,0,10.5,290
46.4047,32.53273,367,0.43,0.46,09/05/2022,1111,N20,VIIRS,h,2,311.72,11.28,D,0,10.5,290
46.40893,32.53205,367,0.43,0.46,09/05/2022,1111,N20,VIIRS,h,2,313.09,11.28,D,0,10.5,290
46.46754,32.0173,367,0.41,0.45,09/05/2022,1111,N20,VIIRS,h,2,304.88,9.38,D,0,11.1,280
46.46801,32.02266,367,0.41,0.45,09/05/2022,1111,N20,VIIRS,h,2,307.79,9.38,D,0,11.1,280
46.46941,32.03879,367,0.41,0.45,09/05/2022,1111,N20,VIIRS,h,2,336.67,199.42,D,0,11.1,280
50.50455,31.9586,367,0.45,0.47,09/05/2022,1112,N20,VIIRS,h,2,350.42,135.8,D,0,16.6,4
50.50024,31.95934,367,0.45,0.47,09/05/2022,1112,N20,VIIRS,h,2,338.55,64.78,D,0,16.6,4
46.59153,32.84779,367,0.79,0.78,10/05/2022,912,N20,VIIRS,h,2,299.68,27.32,D,0,12.6,356
51.06116,30.72721,367,0.39,0.36,11/05/2022,1034,N20,VIIRS,h,2,332.23,45.23,D,0,10,310
49.26252,36.98182,367,0.38,0.36,12/05/2022,1015,N20,VIIRS,h,2,303.54,8.09,D,0,17.5,249
49.26982,36.96265,367,0.38,0.36,12/05/2022,1015,N20,VIIRS,h,2,314.32,14.45,D,0,17.5,249
51.15501,30.196,367,0.5,0.41,12/05/2022,1015,N20,VIIRS,h,2,341.77,68.53,D,0,19.8,256
49.01081,38.18565,367,0.39,0.36,12/05/2022,1015,N20,VIIRS,h,2,313.86,13.55,D,0,16.3,253
49.06774,37.62836,367,0.38,0.36,12/05/2022,1015,N20,VIIRS,h,2,295.72,10.58,D,0,16.5,255
51.48799,26.01449,367,0.39,0.59,12/05/2022,1156,N20,VIIRS,h,2,296.84,35.39,D,0,21.2,256
51.48751,25.99746,367,0.38,0.59,12/05/2022,1156,N20,VIIRS,h,2,302.67,12.11,D,0,20.5,255
51.49363,26.01984,367,0.39,0.59,12/05/2022,1156,N20,VIIRS,h,2,298.08,40.72,D,0,21.3,255
51.49331,26.00848,367,0.39,0.59,12/05/2022,1156,N20,VIIRS,h,2,299.26,35.39,D,0,21.2,256
51.4822,25.99788,367,0.39,0.59,12/05/2022,1156,N20,VIIRS,h,2,307.23,27.85,D,0,21.2,256
51.48808,26.01452,367,0.39,0.59,12/05/2022,1156,N20,VIIRS,h,2,298.55,19.1,D,0,21.2,256
51.48768,25.99748,367,0.39,0.59,12/05/2022,1156,N20,VIIRS,h,2,301.27,27.85,D,0,20.5,255
51.49369,26.01986,367,0.39,0.59,12/05/2022,1156,N20,VIIRS,h,2,295.74,48.48,D,0,21.3,255
51.49343,26.00848,367,0.39,0.59,12/05/2022,1156,N20,VIIRS,h,2,297.58,78.43,D,0,21.2,256
51.12901,29.42427,367,0.54,0.68,12/05/2022,1156,N20,VIIRS,h,2,295.18,28.98,D,0,21.4,254
51.14993,30.16726,367,0.58,0.7,12/05/2022,1156,N20,VIIRS,h,2,292.97,17.39,D,0,19.8,256
51.15605,30.21045,367,0.59,0.7,12/05/2022,1156,N20,VIIRS,h,2,295.8,54.43,D,0,19.8,256
51.16255,30.21066,367,0.59,0.7,12/05/2022,1156,N20,VIIRS,h,2,291.91,54.43,D,0,19.8,256
51.18001,25.24828,367,0.36,0.57,12/05/2022,1156,N20,VIIRS,h,2,301.06,58.65,D,0,21.9,257
51.18531,25.24796,367,0.36,0.57,12/05/2022,1156,N20,VIIRS,h,2,294.68,58.65,D,0,21.9,257
49.07718,31.88017,367,0.69,0.74,12/05/2022,1156,N20,VIIRS,h,2,297.32,25.36,D,0,14.7,240
49.0356,27.48416,367,0.44,0.62,12/05/2022,1156,N20,VIIRS,h,2,302.45,9.22,D,0,14.6,250
48.65421,28.6448,367,0.49,0.65,12/05/2022,1156,N20,VIIRS,h,2,298.3,11.36,D,0,12.2,237
50.25826,29.02425,367,0.52,0.67,12/05/2022,1156,N20,VIIRS,h,2,291.13,12.07,D,0,17.7,255
50.50098,24.89566,367,0.34,0.56,12/05/2022,1156,N20,VIIRS,h,2,294.82,9.85,D,0,19.5,251
50.7818,32.11871,367,0.71,0.75,12/05/2022,1156,N20,VIIRS,h,2,296.45,34.37,D,0,16.5,247
50.89371,29.70517,367,0.56,0.69,12/05/2022,1156,N20,VIIRS,h,2,290.09,20.2,D,0,20.2,259
50.90151,31.98799,367,0.7,0.75,12/05/2022,1156,N20,VIIRS,h,2,292.93,15.72,D,0,16.6,247
50.89513,29.70454,367,0.56,0.69,12/05/2022,1156,N20,VIIRS,h,2,290.16,23.65,D,0,20.2,259
50.89976,31.98867,367,0.7,0.75,12/05/2022,1156,N20,VIIRS,h,2,292.01,14.44,D,0,16.6,247
50.97241,32.72958,367,0.75,0.77,12/05/2022,1156,N20,VIIRS,h,2,292.56,24.17,D,0,17,246
50.9749,32.72955,367,0.75,0.77,12/05/2022,1156,N20,VIIRS,h,2,292.51,34.25,D,0,17,246
51.10691,29.79734,367,0.56,0.69,12/05/2022,1156,N20,VIIRS,h,2,294.49,13.32,D,0,20.6,256
51.12645,29.42518,367,0.54,0.68,12/05/2022,1156,N20,VIIRS,h,2,292.43,32.3,D,0,21.4,254
51.10785,29.79686,367,0.56,0.69,12/05/2022,1156,N20,VIIRS,h,2,296.38,26.8,D,0,20.6,256
51.67607,25.95927,367,0.36,0.57,13/05/2022,957,N20,VIIRS,h,2,293.95,6.3,D,0,11.2,278
48.23003,32.40924,367,0.44,0.62,13/05/2022,1136,N20,VIIRS,h,2,299.63,6.88,D,0,10.5,302
49.26893,37.03386,367,0.72,0.76,13/05/2022,1137,N20,VIIRS,h,2,290.44,30.46,D,0,19.4,271
49.81921,37.0237,367,0.44,0.62,14/05/2022,1118,N20,VIIRS,h,2,293.18,9.9,D,0,11.1,229
49.81952,37.02568,367,0.44,0.62,14/05/2022,1118,N20,VIIRS,h,2,292.22,8.55,D,0,11.1,229
50.65361,30.13183,367,0.68,0.74,17/05/2022,1202,N20,VIIRS,h,2,291.92,13.92,D,0,19.2,299
50.88176,30.02957,367,0.68,0.74,17/05/2022,1203,N20,VIIRS,h,2,294.15,18.46,D,0,18.9,302
51.11211,29.83373,367,0.66,0.73,17/05/2022,1203,N20,VIIRS,h,2,290.67,22.19,D,0,19.3,303
51.11229,29.82411,367,0.66,0.73,17/05/2022,1203,N20,VIIRS,h,2,295.03,17.78,D,0,19.3,303
51.14425,30.30476,367,0.69,0.75,17/05/2022,1203,N20,VIIRS,h,2,296.61,180.37,D,0,18.7,304
51.14943,30.32968,367,0.7,0.75,17/05/2022,1203,N20,VIIRS,h,2,294.89,59.34,D,0,18.7,304
51.14993,30.30919,367,0.69,0.75,17/05/2022,1203,N20,VIIRS,h,2,309.38,133.32,D,0,18.7,304
51.17025,30.33117,367,0.7,0.75,17/05/2022,1203,N20,VIIRS,h,2,290.08,54.24,D,0,18.7,304
51.23399,30.87371,367,0.73,0.76,17/05/2022,1203,N20,VIIRS,h,2,291.74,8.28,D,0,17.6,302
51.23737,30.87055,367,0.73,0.76,17/05/2022,1203,N20,VIIRS,h,2,296.65,15.58,D,0,17.6,302
49.06934,23.9478,367,0.43,0.46,18/05/2022,1143,N20,VIIRS,h,2,297.64,9.73,D,0,16.4,341
50.13172,36.40694,367,0.49,0.65,19/05/2022,1124,N20,VIIRS,h,2,292.19,9.18,D,0,14.9,356
50.88802,32.85342,367,0.34,0.56,19/05/2022,1125,N20,VIIRS,h,2,297.54,19.39,D,0,16.6,325
50.88281,32.85383,367,0.34,0.56,19/05/2022,1125,N20,VIIRS,h,2,295.83,19.39,D,0,16.6,325
49.22153,37.01296,367,0.32,0.55,20/05/2022,925,N20,VIIRS,h,2,298.81,31.81,D,0,13.5,319
50.21097,36.32154,367,0.32,0.54,20/05/2022,925,N20,VIIRS,h,2,301.11,18.23,D,0,13.9,326
50.39991,30.11714,367,0.55,0.68,20/05/2022,925,N20,VIIRS,h,2,293.82,11.03,D,0,8.6,269
49.16037,37.51774,367,0.33,0.55,20/05/2022,1105,N20,VIIRS,h,2,300.8,5.42,D,0,12.7,311
45.43139,29.58261,367,0.39,0.36,21/05/2022,1045,N20,VIIRS,h,2,330.4,36.48,D,0,16.1,234
49.77782,24.35854,367,0.72,0.76,21/05/2022,1228,N20,VIIRS,h,2,294.02,25.9,D,0,23.7,271
46.68832,32.41289,367,0.32,0.55,24/05/2022,949,N20,VIIRS,h,2,299.02,9.08,D,0,10.1,282
49.23362,31.8627,367,0.35,0.57,24/05/2022,1130,N20,VIIRS,h,2,298.81,5.21,D,0,8.2,322
50.7533,32.80481,367,0.37,0.58,25/05/2022,932,N20,VIIRS,h,2,298.82,19.33,D,0,9.3,303
48.966,37.71287,367,0.35,0.57,31/05/2022,918,N20,VIIRS,h,2,296.11,11.94,D,0,9.6,95
50.12711,36.6342,367,0.36,0.57,31/05/2022,919,N20,VIIRS,h,2,295.18,5.53,D,0,9.4,69
50.42987,28.75605,367,0.36,0.58,03/06/2022,1143,N20,VIIRS,h,2,297.64,6.88,D,0,11.8,337
47.86914,33.45155,367,0.58,0.7,03/06/2022,1143,N20,VIIRS,h,2,290.35,8.2,D,2,12.1,6
46.8199,32.1389,367,0.38,0.59,04/06/2022,943,N20,VIIRS,h,2,306.56,13.27,D,0,15.1,9
46.50237,31.72041,367,0.41,0.61,04/06/2022,943,N20,VIIRS,h,2,309.19,110.04,D,0,21.2,11
46.50308,31.70239,367,0.41,0.61,04/06/2022,943,N20,VIIRS,h,2,302.23,53.25,D,0,21.2,11
46.51416,31.71897,367,0.41,0.61,04/06/2022,943,N20,VIIRS,h,2,306.05,10.39,D,0,21.2,11
46.8166,32.13813,367,0.38,0.59,04/06/2022,943,N20,VIIRS,h,2,304.85,5.45,D,0,15.1,9
48.08633,37.88434,367,0.56,0.69,04/06/2022,1124,N20,VIIRS,h,2,293.65,13.26,D,0,10.8,23
47.80284,37.31981,367,0.34,0.56,05/06/2022,924,N20,VIIRS,h,2,296.41,13.69,D,0,9.3,21
49.47391,36.74978,367,0.57,0.43,06/06/2022,1046,N20,VIIRS,h,2,303.97,40.32,D,0,14,13
48.53476,34.64949,367,0.35,0.57,07/06/2022,40,N20,VIIRS,h,2,288.57,7.44,N,3,9.1,63
48.53089,34.64894,367,0.35,0.57,07/06/2022,40,N20,VIIRS,h,2,288.02,4,N,2,9.1,63
48.9394,38.50027,367,0.33,0.55,07/06/2022,2241,N20,VIIRS,h,2,292.71,7.9,N,0,7.9,13
48.21477,38.2441,367,0.33,0.55,07/06/2022,2241,N20,VIIRS,h,2,285.35,5.6,N,2,9.1,33
47.15907,32.78237,367,0.59,0.7,07/06/2022,2241,N20,VIIRS,h,2,287.38,8.53,N,0,11.9,63
46.63452,32.19537,367,0.33,0.55,09/06/2022,949,N20,VIIRS,h,2,301.62,7.28,D,0,14.4,105
49.04597,38.27642,367,0.48,0.4,09/06/2022,949,N20,VIIRS,h,2,333.29,63.54,D,0,9.5,80
48.78881,38.71878,367,0.47,0.4,09/06/2022,949,N20,VIIRS,h,2,312.41,13.63,D,0,9.8,80
49.20636,37.09608,367,0.61,0.71,09/06/2022,1130,N20,VIIRS,h,2,302.43,21.74,D,0,11.5,88
50.15131,36.81895,367,0.6,0.71,09/06/2022,1131,N20,VIIRS,h,2,297.15,12.5,D,0,8.7,81
50.05378,36.93351,367,0.61,0.71,09/06/2022,1131,N20,VIIRS,h,2,299.14,8.55,D,0,9,90
50.14949,36.81876,367,0.6,0.71,09/06/2022,1131,N20,VIIRS,h,2,295.25,16.73,D,3,8.7,81
50.04728,31.07765,367,0.45,0.63,10/06/2022,931,N20,VIIRS,h,2,302.77,10.12,D,0,11.1,100
49.04724,38.3638,367,0.49,0.48,10/06/2022,931,N20,VIIRS,h,2,305.97,10.55,D,0,8.3,95
48.97224,38.1434,367,0.42,0.61,10/06/2022,1111,N20,VIIRS,h,2,310.29,6.6,D,0,9.1,95
49.24149,37.0012,367,0.37,0.58,10/06/2022,1111,N20,VIIRS,h,2,304.71,19.97,D,0,10.1,94
49.26774,36.97903,367,0.37,0.58,10/06/2022,1111,N20,VIIRS,h,2,307.84,11.87,D,0,10.1,94
49.23595,36.99643,367,0.37,0.58,10/06/2022,1111,N20,VIIRS,h,2,301.73,23,D,0,10.1,94
49.23705,37.03247,367,0.37,0.58,10/06/2022,1111,N20,VIIRS,h,2,308.74,4.53,D,0,10.1,94
49.2389,36.99775,367,0.37,0.58,10/06/2022,1111,N20,VIIRS,h,2,315.05,15.6,D,0,10.1,94
49.23479,37.03409,367,0.37,0.58,10/06/2022,1111,N20,VIIRS,h,2,308.17,7.82,D,0,10.1,94
49.05201,38.53327,367,0.43,0.62,10/06/2022,1111,N20,VIIRS,h,2,310.16,62,D,0,7.9,95
48.99542,38.30721,367,0.42,0.61,10/06/2022,1111,N20,VIIRS,h,2,302.57,21.42,D,0,8.3,95
48.96913,38.1466,367,0.42,0.61,10/06/2022,1111,N20,VIIRS,h,2,301.9,8.37,D,0,9.1,95
50.20332,36.7443,367,0.37,0.58,10/06/2022,1112,N20,VIIRS,h,2,301.16,4.82,D,0,8.2,76
48.0897,37.81248,367,0.44,0.62,11/06/2022,912,N20,VIIRS,h,2,302.04,41.16,D,0,7.5,67
48.60464,39.15864,367,0.37,0.58,11/06/2022,912,N20,VIIRS,h,2,299.65,5.4,D,0,4.6,32
48.73135,38.3933,367,0.39,0.6,11/06/2022,912,N20,VIIRS,h,2,302.84,9.94,D,0,6.6,69
48.78764,38.33248,367,0.39,0.6,11/06/2022,912,N20,VIIRS,h,2,300.05,13.52,D,0,6.6,69
47.87437,35.16198,367,0.57,0.69,11/06/2022,912,N20,VIIRS,h,2,302.86,22.82,D,0,8.1,76
47.6302,34.33075,367,0.63,0.72,11/06/2022,912,N20,VIIRS,h,2,297.04,14.02,D,2,10.1,99
49.03305,38.39771,367,0.38,0.59,11/06/2022,912,N20,VIIRS,h,2,304.9,8.74,D,0,6.3,45
49.03526,38.39481,367,0.38,0.59,11/06/2022,912,N20,VIIRS,h,2,303.95,11.34,D,0,6.3,45
49.14212,37.43969,367,0.42,0.61,11/06/2022,912,N20,VIIRS,h,2,307.84,16.84,D,0,7.2,75
49.04295,38.28698,367,0.51,0.49,11/06/2022,1052,N20,VIIRS,h,2,311.64,19.11,D,0,6.3,45
49.49915,36.65712,367,0.44,0.38,12/06/2022,1033,N20,VIIRS,h,2,304.03,21.52,D,0,7.7,63
48.95955,38.59805,367,0.5,0.41,12/06/2022,1033,N20,VIIRS,h,2,309.62,20.54,D,0,10.1,44
48.76337,39.22426,367,0.39,0.36,13/06/2022,1014,N20,VIIRS,h,2,338.17,126.1,D,0,7.9,69
46.47514,32.02655,367,0.41,0.61,14/06/2022,1136,N20,VIIRS,h,2,301.18,70.81,D,0,11.8,331
45.45685,29.61118,367,0.64,0.72,15/06/2022,937,N20,VIIRS,h,2,291.51,10.12,D,0,13.9,348
47.44382,35.35332,367,0.36,0.57,15/06/2022,1117,N20,VIIRS,h,2,297.03,13.67,D,0,18.4,342
47.62996,34.32738,367,0.32,0.55,15/06/2022,1117,N20,VIIRS,h,2,304.57,7.12,D,2,17,345
47.4758,35.32555,367,0.5,0.66,16/06/2022,918,N20,VIIRS,h,2,296.01,9.45,D,0,7.5,295
47.47861,35.32433,367,0.5,0.66,16/06/2022,918,N20,VIIRS,h,2,294.05,13.31,D,0,7.5,295
49.01429,38.61969,367,0.4,0.37,19/06/2022,1002,N20,VIIRS,h,2,311.37,15.38,D,0,6.6,274
47.02245,32.37968,367,0.51,0.66,19/06/2022,1142,N20,VIIRS,h,2,290.25,6.33,D,0,8.8,2
46.80282,32.41033,367,0.37,0.58,20/06/2022,943,N20,VIIRS,h,2,308.31,26.48,D,0,8.1,262
46.81929,33.03186,367,0.35,0.57,20/06/2022,943,N20,VIIRS,h,2,310.05,10.39,D,0,8,257
46.67518,32.55083,367,0.37,0.58,20/06/2022,943,N20,VIIRS,h,2,305.06,3.81,D,0,8.1,269
46.81089,33.03485,367,0.32,0.55,20/06/2022,1123,N20,VIIRS,h,2,307.72,5.26,D,0,7.9,260
47.51715,33.44803,367,0.34,0.56,20/06/2022,1123,N20,VIIRS,h,2,304.12,6.05,D,0,6.5,224
47.51175,33.44391,367,0.34,0.56,20/06/2022,1123,N20,VIIRS,h,2,308.12,14.34,D,0,6.5,224
47.50334,35.42941,367,0.43,0.62,20/06/2022,1123,N20,VIIRS,h,2,303.88,8.81,D,0,6.3,300
49.05814,38.27554,367,0.59,0.7,20/06/2022,1124,N20,VIIRS,h,2,299.11,34.25,D,0,10.1,247
49.03699,38.54377,367,0.61,0.71,20/06/2022,1124,N20,VIIRS,h,2,300.14,38.35,D,0,9.3,254
47.99238,37.40687,367,0.53,0.67,20/06/2022,1124,N20,VIIRS,h,2,301.78,13.75,D,0,5,226
47.8634,33.43351,367,0.35,0.56,20/06/2022,1124,N20,VIIRS,h,2,308.94,6.7,D,2,7.9,246
49.01235,38.6397,367,0.61,0.71,20/06/2022,1124,N20,VIIRS,h,2,299.67,26.69,D,0,9.7,253
49.0325,38.53979,367,0.6,0.71,20/06/2022,1124,N20,VIIRS,h,2,300.19,19.75,D,0,9.3,254
49.55465,36.63322,367,0.5,0.66,20/06/2022,1124,N20,VIIRS,h,2,303.92,89.7,D,0,12,239
47.45555,37.80418,367,0.34,0.56,21/06/2022,924,N20,VIIRS,h,2,306.36,10.53,D,0,7.4,241
47.03134,32.2958,367,0.6,0.7,21/06/2022,924,N20,VIIRS,h,2,305.4,24,D,0,13.2,239
47.03957,32.2986,367,0.6,0.7,21/06/2022,924,N20,VIIRS,h,2,301.68,39.6,D,0,13.2,239
47.44707,33.92363,367,0.49,0.65,21/06/2022,924,N20,VIIRS,h,2,299.74,12.83,D,0,13.6,246
49.25688,37.02009,367,0.32,0.54,21/06/2022,924,N20,VIIRS,h,2,304.96,9.31,D,0,12.8,233
49.05745,38.29358,367,0.36,0.57,21/06/2022,1105,N20,VIIRS,h,2,302.29,9.32,D,0,11,244
49.06257,38.28818,367,0.36,0.57,21/06/2022,1105,N20,VIIRS,h,2,302.58,9.32,D,0,11,244
49.00229,38.6528,367,0.37,0.58,21/06/2022,1105,N20,VIIRS,h,2,302.38,15.9,D,0,10.2,242
48.91569,37.47656,367,0.33,0.55,21/06/2022,1105,N20,VIIRS,h,2,303.91,4.45,D,0,11.3,242
48.85327,38.30256,367,0.36,0.57,21/06/2022,1105,N20,VIIRS,h,2,303.27,19.19,D,0,11.9,232
48.84763,38.29348,367,0.36,0.57,21/06/2022,1105,N20,VIIRS,h,2,307.78,57.23,D,0,11.9,232
48.83688,38.28939,367,0.36,0.57,21/06/2022,1105,N20,VIIRS,h,2,303.1,8.12,D,0,11.9,232
48.83722,38.29903,367,0.36,0.57,21/06/2022,1105,N20,VIIRS,h,2,299.68,14.55,D,0,11.9,232
48.83209,38.30418,367,0.36,0.57,21/06/2022,1105,N20,VIIRS,h,2,301.15,8.4,D,0,11.9,232
48.84328,38.29095,367,0.36,0.57,21/06/2022,1105,N20,VIIRS,h,2,327.27,48.86,D,0,11.9,232
48.84347,38.29572,367,0.36,0.57,21/06/2022,1105,N20,VIIRS,h,2,304.25,26.33,D,0,11.9,232
48.83798,38.29127,367,0.36,0.57,21/06/2022,1105,N20,VIIRS,h,2,302.14,48.86,D,0,11.9,232
48.83818,38.29606,367,0.36,0.57,21/06/2022,1105,N20,VIIRS,h,2,300.76,26.33,D,0,11.9,232
48.83288,38.29631,367,0.36,0.57,21/06/2022,1105,N20,VIIRS,h,2,302.64,7.59,D,0,11.9,232
49.06681,38.25801,367,0.36,0.57,21/06/2022,1105,N20,VIIRS,h,2,310.13,6.53,D,0,11.3,238
48.46112,38.77709,367,0.45,0.63,22/06/2022,905,N20,VIIRS,h,2,294.07,13.29,D,0,12,273
48.46236,38.7761,367,0.45,0.63,22/06/2022,905,N20,VIIRS,h,2,293.02,14.15,D,2,12,273
48.46276,38.77462,367,0.52,0.67,23/06/2022,40,N20,VIIRS,h,2,284.4,11.3,N,2,5.7,212
51.24224,30.90495,367,0.54,0.68,24/06/2022,1150,N20,VIIRS,h,2,296.53,9.45,D,0,17.8,25
51.24548,30.90268,367,0.54,0.68,24/06/2022,1150,N20,VIIRS,h,2,299.99,12.78,D,0,17.8,25
48.34901,38.96938,367,0.38,0.59,27/06/2022,912,N20,VIIRS,h,2,298.9,11.71,D,0,15.6,57
49.00603,38.61129,367,0.38,0.59,27/06/2022,912,N20,VIIRS,h,2,302.77,6.25,D,0,17.1,54
48.86235,38.32484,367,0.39,0.6,27/06/2022,912,N20,VIIRS,h,2,301.7,11.04,D,0,15.8,57
48.82697,38.30826,367,0.39,0.6,27/06/2022,912,N20,VIIRS,h,2,303.13,12.65,D,0,17,59
48.5626,38.94318,367,0.38,0.59,27/06/2022,912,N20,VIIRS,h,2,290.56,5.39,D,0,16.1,56
49.33182,36.87376,367,0.67,0.74,28/06/2022,853,N20,VIIRS,h,2,298.39,16.17,D,0,10.7,29
49.33062,36.88136,367,0.67,0.74,28/06/2022,853,N20,VIIRS,h,2,296.18,20.9,D,0,10.7,29
48.82433,38.31388,367,0.62,0.71,28/06/2022,853,N20,VIIRS,h,2,300.75,24.33,D,0,11.3,46
48.81654,38.29215,367,0.62,0.71,28/06/2022,853,N20,VIIRS,h,2,303.45,37.45,D,0,11.3,46
48.2126,37.77428,367,0.68,0.74,28/06/2022,853,N20,VIIRS,h,2,300.06,19.95,D,0,10.9,46
47.22916,33.12635,367,0.48,0.4,29/06/2022,1014,N20,VIIRS,h,2,333.76,236.9,D,0,11.1,60
47.2615,32.8147,367,0.76,0.77,29/06/2022,1155,N20,VIIRS,h,2,299.22,11.12,D,0,11,60
47.0824,33.01719,367,0.78,0.78,29/06/2022,1155,N20,VIIRS,h,2,292.17,22.97,D,0,10.4,58
45.47047,29.28881,367,0.41,0.61,30/06/2022,955,N20,VIIRS,h,2,302.43,5.38,D,0,6.3,316
45.46616,29.27425,367,0.41,0.61,30/06/2022,955,N20,VIIRS,h,2,303.51,14.25,D,0,6.2,290
47.1111,32.81903,367,0.41,0.61,01/07/2022,937,N20,VIIRS,h,2,300.63,5.49,D,0,11.5,34
49.34262,37.15966,367,0.46,0.47,01/07/2022,937,N20,VIIRS,h,2,308.3,10.05,D,0,15.5,357
46.51273,31.69816,367,0.48,0.65,01/07/2022,937,N20,VIIRS,h,2,301.47,8.95,D,0,12.5,28
47.06381,32.53926,367,0.43,0.62,01/07/2022,937,N20,VIIRS,h,2,301.96,15.01,D,0,10.9,39
47.06136,32.53854,367,0.43,0.62,01/07/2022,937,N20,VIIRS,h,2,303.24,20.13,D,0,10.9,39
47.0277,32.4297,367,0.43,0.62,01/07/2022,937,N20,VIIRS,h,2,300.84,11.24,D,0,10.5,39
47.09279,32.43735,367,0.43,0.62,01/07/2022,937,N20,VIIRS,h,2,301.36,19.7,D,0,10.9,39
46.51637,31.70967,367,0.48,0.65,01/07/2022,937,N20,VIIRS,h,2,302.62,9.13,D,0,12.5,28
49.07637,38.36129,367,0.5,0.66,01/07/2022,1117,N20,VIIRS,h,2,298.99,8.19,D,0,15.7,353
48.97706,38.1718,367,0.49,0.65,01/07/2022,1117,N20,VIIRS,h,2,300.31,18.66,D,0,15.2,354
48.97631,38.17376,367,0.49,0.65,01/07/2022,1117,N20,VIIRS,h,2,298.55,16.08,D,0,15.2,354
49.1623,37.50702,367,0.46,0.63,01/07/2022,1117,N20,VIIRS,h,2,297.36,9.58,D,0,14.8,357
49.18375,37.11609,367,0.44,0.62,01/07/2022,1117,N20,VIIRS,h,2,299.37,10.6,D,0,14.5,357
48.57809,38.05797,367,0.48,0.65,01/07/2022,1117,N20,VIIRS,h,2,299.23,11.79,D,0,12.2,348
47.15208,35.51043,367,0.36,0.57,01/07/2022,1117,N20,VIIRS,h,2,310.59,13.49,D,0,11.8,356
46.51591,31.70555,367,0.47,0.48,01/07/2022,1117,N20,VIIRS,h,2,311.46,18.93,D,0,12.5,28
49.15618,37.4945,367,0.46,0.63,01/07/2022,1117,N20,VIIRS,h,2,305.89,15.56,D,0,14.8,357
49.15639,37.50721,367,0.46,0.63,01/07/2022,1117,N20,VIIRS,h,2,300.39,9.58,D,0,14.8,357
49.15017,37.4882,367,0.46,0.63,01/07/2022,1117,N20,VIIRS,h,2,307.46,9.89,D,0,14.2,354
50.26191,36.07415,367,0.4,0.6,01/07/2022,1118,N20,VIIRS,h,2,300.82,5.63,D,0,15.9,1
48.50412,38.50979,367,0.34,0.56,02/07/2022,918,N20,VIIRS,h,2,302.6,3.8,D,0,16,358
48.46059,38.24065,367,0.35,0.57,02/07/2022,918,N20,VIIRS,h,2,304.11,12.03,D,0,16.5,358
48.98841,38.09418,367,0.34,0.56,02/07/2022,918,N20,VIIRS,h,2,302.6,6.48,D,0,16.5,0
49.06793,37.60674,367,0.36,0.57,02/07/2022,918,N20,VIIRS,h,2,300.58,9.37,D,0,16.6,359
46.70834,32.52951,367,0.7,0.75,02/07/2022,918,N20,VIIRS,h,2,297.75,9.9,D,0,12.1,42
46.50555,31.71386,367,0.77,0.77,02/07/2022,918,N20,VIIRS,h,2,300.75,27.77,D,0,14.7,52
46.50895,31.7077,367,0.77,0.77,02/07/2022,918,N20,VIIRS,h,2,299.41,22.64,D,0,14.7,52
47.18327,33.08462,367,0.64,0.72,02/07/2022,918,N20,VIIRS,h,2,301.27,11.75,D,0,12.6,33
48.82505,38.07753,367,0.35,0.56,02/07/2022,918,N20,VIIRS,h,2,299.6,6.11,D,0,16.9,359
48.48711,38.52,367,0.34,0.56,02/07/2022,918,N20,VIIRS,h,2,300.49,26.91,D,0,17.1,356
48.56557,38.83867,367,0.33,0.55,02/07/2022,918,N20,VIIRS,h,2,298.4,3.96,D,0,18.9,351
48.45932,38.7775,367,0.33,0.55,02/07/2022,918,N20,VIIRS,h,2,302.16,3.69,D,0,18.1,354
47.31683,33.04137,367,0.63,0.72,02/07/2022,918,N20,VIIRS,h,2,299.94,10.24,D,0,13.3,33
47.31708,33.04403,367,0.63,0.72,02/07/2022,918,N20,VIIRS,h,2,300.9,18.4,D,0,13.3,33
49.05594,38.36825,367,0.33,0.55,02/07/2022,918,N20,VIIRS,h,2,303.81,27.57,D,0,17.4,357
48.49223,38.50772,367,0.34,0.56,02/07/2022,918,N20,VIIRS,h,2,306.97,7.23,D,0,16,358
48.49942,38.51307,367,0.34,0.56,02/07/2022,918,N20,VIIRS,h,2,304.77,3.31,D,0,16,358
48.48878,38.51538,367,0.34,0.56,02/07/2022,918,N20,VIIRS,h,2,305.24,23.25,D,0,17.1,356
48.48753,38.51102,367,0.34,0.56,02/07/2022,918,N20,VIIRS,h,2,305.61,21.34,D,0,16,358
47.10628,32.72743,367,0.5,0.41,02/07/2022,1058,N20,VIIRS,h,2,326.89,65.32,D,0,12.5,37
47.30282,35.48473,367,0.43,0.46,02/07/2022,1058,N20,VIIRS,h,2,307.05,7.76,D,0,15.1,18
48.44843,38.23493,367,0.59,0.53,02/07/2022,1058,N20,VIIRS,h,2,299.05,21.28,D,0,16.5,358
48.47759,38.51966,367,0.61,0.53,02/07/2022,1058,N20,VIIRS,h,2,304.68,10.93,D,0,17.1,356
48.88684,38.26858,367,0.6,0.53,02/07/2022,1058,N20,VIIRS,h,2,302.96,10.79,D,0,17.5,359
47.02903,32.42813,367,0.43,0.62,03/07/2022,53,N20,VIIRS,h,2,287.2,9.46,N,0,7,15
47.02668,32.42786,367,0.43,0.62,03/07/2022,53,N20,VIIRS,h,2,288.27,9.56,N,0,7,15
47.79947,38.67195,367,0.56,0.69,03/07/2022,859,N20,VIIRS,h,2,302.89,7.43,D,0,12.1,338
47.72772,37.19277,367,0.65,0.73,03/07/2022,859,N20,VIIRS,h,2,297.65,17.84,D,0,9.9,345
47.64868,37.15813,367,0.65,0.73,03/07/2022,859,N20,VIIRS,h,2,297.2,21.1,D,0,9.8,349
47.72112,37.1903,367,0.65,0.73,03/07/2022,859,N20,VIIRS,h,2,302.26,20.14,D,0,9.9,345
47.72973,37.19316,367,0.65,0.73,03/07/2022,859,N20,VIIRS,h,2,296.75,37.13,D,0,9.9,345
47.18013,32.80092,367,0.39,0.36,03/07/2022,1039,N20,VIIRS,h,2,311.9,6.14,D,0,6.5,24
46.66173,32.36937,367,0.38,0.36,03/07/2022,1039,N20,VIIRS,h,2,306.84,5.37,D,0,7.4,351
47.41837,33.23627,367,0.42,0.38,04/07/2022,1020,N20,VIIRS,h,2,325.98,49.06,D,0,6.4,329
49.1541,37.43155,367,0.39,0.36,04/07/2022,1021,N20,VIIRS,h,2,313.23,11.13,D,0,6.5,323
49.1574,37.43049,367,0.39,0.36,04/07/2022,1021,N20,VIIRS,h,2,313.56,6.95,D,0,6.5,323
48.22562,39.63488,367,0.39,0.36,05/07/2022,1001,N20,VIIRS,h,2,312.49,6.94,D,0,6.6,56
47.4324,33.3826,367,0.41,0.45,05/07/2022,1001,N20,VIIRS,h,2,308.74,13.2,D,0,6.2,325
46.6118,33.86611,367,0.6,0.71,05/07/2022,1142,N20,VIIRS,h,2,301.67,19.7,D,0,6.5,325
46.61052,33.85963,367,0.6,0.71,05/07/2022,1142,N20,VIIRS,h,2,299.96,14.54,D,0,6.5,325
46.66842,31.64827,367,0.47,0.64,05/07/2022,1142,N20,VIIRS,h,2,297.3,49.63,D,0,9,231
46.66532,31.64601,367,0.47,0.64,05/07/2022,1142,N20,VIIRS,h,2,299.98,45.46,D,0,9,231
46.67127,31.64578,367,0.47,0.64,05/07/2022,1142,N20,VIIRS,h,2,297.46,17.95,D,0,9,231
46.94029,32.53281,367,0.52,0.67,05/07/2022,1142,N20,VIIRS,h,2,297.83,9.3,D,0,6.9,261
47.40962,35.46127,367,0.72,0.75,05/07/2022,1142,N20,VIIRS,h,2,298.21,11.17,D,0,8.3,353
48.21211,36.17765,367,0.77,0.78,05/07/2022,1142,N20,VIIRS,h,2,296.77,29.54,D,0,7.6,17
48.21372,36.17747,367,0.78,0.78,05/07/2022,1142,N20,VIIRS,h,2,296.47,34.4,D,0,7.6,17
52.19308,32.37744,367,0.53,0.67,05/07/2022,1144,N20,VIIRS,h,2,297.49,13.42,D,0,5.4,280
51.38888,29.42822,367,0.43,0.38,05/07/2022,2356,N20,VIIRS,h,2,303.52,10.86,N,0,7.6,359
49.19717,37.04557,367,0.41,0.45,06/07/2022,943,N20,VIIRS,h,2,304.02,6.05,D,0,9.5,126
48.17691,37.68071,367,0.41,0.45,06/07/2022,943,N20,VIIRS,h,2,308.61,16.57,D,0,9.2,120
48.21555,37.77384,367,0.4,0.44,06/07/2022,943,N20,VIIRS,h,2,309.4,16.61,D,0,8.8,127
47.00656,32.90237,367,0.35,0.57,06/07/2022,943,N20,VIIRS,h,2,311.06,36.2,D,0,8.9,135
47.04528,32.8582,367,0.35,0.57,06/07/2022,943,N20,VIIRS,h,2,309.6,5.62,D,0,8.9,135
47.04684,32.85923,367,0.35,0.57,06/07/2022,943,N20,VIIRS,h,2,306.63,5.47,D,0,8.9,135
47.17437,33.22762,367,0.34,0.56,06/07/2022,943,N20,VIIRS,h,2,304.6,6.01,D,0,8.8,124
47.03896,32.75234,367,0.36,0.57,06/07/2022,943,N20,VIIRS,h,2,300.96,9.92,D,0,8.5,132
47.0377,32.74797,367,0.36,0.57,06/07/2022,943,N20,VIIRS,h,2,304.3,12.13,D,0,8.5,132
46.99841,32.61181,367,0.36,0.58,06/07/2022,943,N20,VIIRS,h,2,298.67,8.26,D,0,8.2,129
47.00332,32.60881,367,0.36,0.58,06/07/2022,943,N20,VIIRS,h,2,299.57,6.37,D,0,8.2,129
47.26478,33.51086,367,0.32,0.55,06/07/2022,943,N20,VIIRS,h,2,299.87,6.92,D,0,9.6,119
48.68362,38.15366,367,0.57,0.43,06/07/2022,943,N20,VIIRS,h,2,320.13,11.1,D,0,8.9,109
48.68745,38.15192,367,0.57,0.43,06/07/2022,943,N20,VIIRS,h,2,345.37,314.21,D,0,8.9,109
47.11615,31.72695,367,0.39,0.6,06/07/2022,943,N20,VIIRS,h,2,311.21,46.73,D,0,8.9,189
47.12117,31.72363,367,0.39,0.6,06/07/2022,943,N20,VIIRS,h,2,304.5,46.73,D,0,9,175
49.16238,37.46052,367,0.39,0.44,06/07/2022,943,N20,VIIRS,h,2,308.69,19.54,D,0,8.8,128
46.66055,32.39659,367,0.6,0.53,06/07/2022,1123,N20,VIIRS,h,2,312.9,27.3,D,0,8.5,179
47.57834,33.55007,367,0.35,0.57,06/07/2022,1123,N20,VIIRS,h,2,301.71,10.9,D,0,9.5,121
47.57347,33.55988,367,0.35,0.57,06/07/2022,1123,N20,VIIRS,h,2,303.8,15.81,D,0,9.5,121
47.57385,33.56927,367,0.35,0.57,06/07/2022,1123,N20,VIIRS,h,2,307.35,12.72,D,0,9.5,121
47.56805,33.55561,367,0.35,0.57,06/07/2022,1123,N20,VIIRS,h,2,304.04,28.89,D,0,9.5,121
47.56824,33.56031,367,0.35,0.57,06/07/2022,1123,N20,VIIRS,h,2,305.73,15.81,D,0,9.5,121
47.56861,33.56971,367,0.35,0.57,06/07/2022,1123,N20,VIIRS,h,2,299.31,12.72,D,0,9.5,121
47.57011,33.6074,367,0.35,0.57,06/07/2022,1123,N20,VIIRS,h,2,305.83,10.84,D,0,9.5,121
47.56318,33.56544,367,0.35,0.57,06/07/2022,1123,N20,VIIRS,h,2,298.45,22.59,D,0,9.5,121
47.39643,33.72484,367,0.35,0.57,06/07/2022,1123,N20,VIIRS,h,2,303.75,4.6,D,0,9.7,126
47.24182,32.95013,367,0.32,0.55,06/07/2022,1123,N20,VIIRS,h,2,305.57,11.37,D,0,9.5,128
47.26693,33.51361,367,0.34,0.56,06/07/2022,1123,N20,VIIRS,h,2,295.86,4.78,D,0,9.6,119
47.23735,32.96367,367,0.32,0.55,06/07/2022,1123,N20,VIIRS,h,2,296.66,15.96,D,0,9.5,128
46.66212,32.39618,367,0.6,0.53,06/07/2022,1123,N20,VIIRS,h,2,312.34,11.31,D,0,8.5,179
48.43631,38.08755,367,0.57,0.69,06/07/2022,1123,N20,VIIRS,h,2,302.33,11.35,D,0,9,121
47.75903,37.10215,367,0.51,0.66,06/07/2022,1123,N20,VIIRS,h,2,293.84,32.61,D,0,8.5,129
47.75984,37.10175,367,0.51,0.66,06/07/2022,1123,N20,VIIRS,h,2,292.69,17.46,D,0,8.5,129
47.59251,33.5114,367,0.35,0.56,06/07/2022,1123,N20,VIIRS,h,2,305.17,11.27,D,0,8.7,123
50.30997,36.08287,367,0.47,0.64,06/07/2022,1124,N20,VIIRS,h,2,298.88,21.81,D,0,8.9,138
50.10017,36.44966,367,0.49,0.65,06/07/2022,1124,N20,VIIRS,h,2,298.5,14.02,D,0,9.4,135
49.02564,37.84252,367,0.56,0.69,06/07/2022,1124,N20,VIIRS,h,2,298.51,17.13,D,0,8.3,119
48.79143,38.31994,367,0.59,0.7,06/07/2022,1124,N20,VIIRS,h,2,292.29,19.82,D,0,10.5,112
48.75955,38.20378,367,0.58,0.7,06/07/2022,1124,N20,VIIRS,h,2,298.11,10.88,D,0,10.9,104
48.70732,35.48598,367,0.44,0.62,06/07/2022,1124,N20,VIIRS,h,2,300.58,41.76,D,0,8.9,137
48.70142,35.48021,367,0.44,0.62,06/07/2022,1124,N20,VIIRS,h,2,308.03,14.23,D,0,8.9,137
48.59188,38.05605,367,0.57,0.69,06/07/2022,1124,N20,VIIRS,h,2,301.1,13.33,D,0,8,119
48.50738,38.16733,367,0.58,0.7,06/07/2022,1124,N20,VIIRS,h,2,292.44,11.55,D,0,8.4,121
48.25987,37.1066,367,0.34,0.56,07/07/2022,924,N20,VIIRS,h,2,308.9,5.32,D,0,9.5,124
48.1848,37.64174,367,0.32,0.55,07/07/2022,924,N20,VIIRS,h,2,314.5,7.74,D,0,9.5,118
48.18595,37.64588,367,0.32,0.55,07/07/2022,924,N20,VIIRS,h,2,310,7.74,D,0,9.5,118
48.17781,37.63644,367,0.32,0.55,07/07/2022,924,N20,VIIRS,h,2,305.09,8.03,D,0,9.5,118
47.8386,36.59106,367,0.37,0.58,07/07/2022,924,N20,VIIRS,h,2,308.34,10.49,D,0,10.5,112
47.83501,36.59875,367,0.37,0.58,07/07/2022,924,N20,VIIRS,h,2,308.18,18.25,D,0,10.5,112
47.82874,36.59735,367,0.37,0.58,07/07/2022,924,N20,VIIRS,h,2,311.01,18.25,D,0,10.5,112
48.08106,37.52864,367,0.33,0.55,07/07/2022,924,N20,VIIRS,h,2,311.67,9.33,D,0,9.5,114
47.48146,35.56204,367,0.42,0.61,07/07/2022,924,N20,VIIRS,h,2,309.92,10.76,D,0,10.5,111
47.6203,36.1254,367,0.39,0.6,07/07/2022,924,N20,VIIRS,h,2,307.42,34.16,D,0,10.1,107
47.61378,36.12373,367,0.39,0.6,07/07/2022,924,N20,VIIRS,h,2,309.11,11.72,D,0,10.1,107
47.61164,36.13672,367,0.39,0.59,07/07/2022,924,N20,VIIRS,h,2,317.23,14.38,D,0,10.1,107
47.52383,35.9252,367,0.4,0.6,07/07/2022,924,N20,VIIRS,h,2,307.45,10.05,D,0,10.6,109
47.9529,37.44547,367,0.34,0.56,07/07/2022,924,N20,VIIRS,h,2,314.69,8.53,D,0,10.3,109
47.91596,37.37519,367,0.34,0.56,07/07/2022,924,N20,VIIRS,h,2,305.11,6.94,D,0,9.9,111
47.91001,37.38614,367,0.34,0.56,07/07/2022,924,N20,VIIRS,h,2,305.29,4.9,D,0,9.7,113
47.50769,36.03689,367,0.4,0.6,07/07/2022,924,N20,VIIRS,h,2,305.46,9.89,D,0,10.9,112
47.90518,37.42874,367,0.34,0.56,07/07/2022,924,N20,VIIRS,h,2,312.34,5.78,D,0,10.3,109
47.36864,35.7174,367,0.42,0.61,07/07/2022,924,N20,VIIRS,h,2,308.8,7.91,D,0,10.8,114
45.85418,34.33267,367,0.54,0.67,07/07/2022,924,N20,VIIRS,h,2,309,21.19,D,0,14.5,70
47.57542,33.8097,367,0.49,0.65,07/07/2022,924,N20,VIIRS,h,2,312.04,12.73,D,0,10,93
47.25404,32.98649,367,0.55,0.68,07/07/2022,924,N20,VIIRS,h,2,301.97,13.52,D,0,11.4,62
47.26034,32.98069,367,0.55,0.68,07/07/2022,924,N20,VIIRS,h,2,302.08,9.43,D,0,11.4,62
47.25467,32.98475,367,0.55,0.68,07/07/2022,924,N20,VIIRS,h,2,304.07,9.43,D,0,11.4,62
47.17842,33.02995,367,0.55,0.68,07/07/2022,924,N20,VIIRS,h,2,302.93,10.6,D,0,10.4,65
47.43236,33.83583,367,0.5,0.66,07/07/2022,924,N20,VIIRS,h,2,308.9,84.31,D,0,12.6,60
47.43573,33.83475,367,0.5,0.66,07/07/2022,924,N20,VIIRS,h,2,304.26,30.05,D,0,12.6,60
47.43221,33.84467,367,0.5,0.66,07/07/2022,924,N20,VIIRS,h,2,307.48,30.05,D,0,11.9,68
46.80578,32.07356,367,0.62,0.71,07/07/2022,924,N20,VIIRS,h,2,293.42,12.72,D,0,11.7,23
47.42599,33.92954,367,0.49,0.65,07/07/2022,924,N20,VIIRS,h,2,305.38,19.48,D,0,13.4,43
47.15468,33.12221,367,0.55,0.68,07/07/2022,924,N20,VIIRS,h,2,308.84,9.76,D,0,9.7,74
46.75764,32.10587,367,0.62,0.72,07/07/2022,924,N20,VIIRS,h,2,300.51,7.13,D,0,10.8,36
47.06848,33.13367,367,0.55,0.68,07/07/2022,924,N20,VIIRS,h,2,304.71,26.5,D,0,10.1,79
49.36587,36.91743,367,0.32,0.55,07/07/2022,924,N20,VIIRS,h,2,300.6,21.09,D,0,9.9,139
49.25978,37.06942,367,0.32,0.54,07/07/2022,924,N20,VIIRS,h,2,306.28,35.47,D,0,9.5,135
49.25515,37.07246,367,0.32,0.54,07/07/2022,924,N20,VIIRS,h,2,303.61,35.47,D,0,9.5,135
48.71921,35.47282,367,0.39,0.59,07/07/2022,924,N20,VIIRS,h,2,305.34,80.06,D,0,7.9,136
48.71568,35.48108,367,0.39,0.59,07/07/2022,924,N20,VIIRS,h,2,299.33,32.95,D,0,7.9,136
48.69991,35.46853,367,0.39,0.59,07/07/2022,924,N20,VIIRS,h,2,307.06,12.59,D,0,7.4,103
49.24302,37.59805,367,0.6,0.53,07/07/2022,924,N20,VIIRS,h,2,311.93,11.58,D,0,10.9,134
49.05389,37.16241,367,0.32,0.55,07/07/2022,924,N20,VIIRS,h,2,306.72,10.34,D,0,11.8,138
49.04929,37.16558,367,0.32,0.55,07/07/2022,924,N20,VIIRS,h,2,311.4,10.34,D,0,11.8,138
49.05045,37.16972,367,0.32,0.55,07/07/2022,924,N20,VIIRS,h,2,311.93,13.45,D,0,11.8,138
48.95759,37.19387,367,0.32,0.55,07/07/2022,924,N20,VIIRS,h,2,322.81,18.69,D,0,10.9,127
48.95875,37.19799,367,0.32,0.55,07/07/2022,924,N20,VIIRS,h,2,328.4,27.26,D,0,10.9,127
48.9599,37.20206,367,0.32,0.55,07/07/2022,924,N20,VIIRS,h,2,309.31,27.26,D,0,10.9,127
48.95404,37.20082,367,0.32,0.55,07/07/2022,924,N20,VIIRS,h,2,313.08,27.26,D,0,10.9,127
48.95519,37.20486,367,0.32,0.55,07/07/2022,924,N20,VIIRS,h,2,312.04,27.26,D,0,10.9,127
48.96774,37.26899,367,0.32,0.54,07/07/2022,924,N20,VIIRS,h,2,310.09,6.65,D,0,11.7,134
48.96891,37.27312,367,0.32,0.54,07/07/2022,924,N20,VIIRS,h,2,308.05,6.65,D,0,11.7,134
48.94925,37.24228,367,0.32,0.55,07/07/2022,924,N20,VIIRS,h,2,311.19,4.74,D,0,10.9,127
47.73985,37.19465,367,0.62,0.54,07/07/2022,1104,N20,VIIRS,h,2,310.24,10.07,D,0,11,101
47.66003,37.74341,367,0.33,0.55,07/07/2022,1104,N20,VIIRS,h,2,309.88,4.97,D,0,10.5,88
47.266,32.97661,367,0.39,0.44,07/07/2022,1104,N20,VIIRS,h,2,334.48,72.53,D,0,11.4,62
47.26197,32.97737,367,0.39,0.44,07/07/2022,1104,N20,VIIRS,h,2,334.83,72.53,D,0,11.4,62
47.26242,32.98259,367,0.39,0.44,07/07/2022,1104,N20,VIIRS,h,2,340.4,85.07,D,0,11.4,62
47.26575,33.11541,367,0.4,0.44,07/07/2022,1104,N20,VIIRS,h,2,314.93,8.55,D,0,10.4,72
47.41943,35.81234,367,0.53,0.5,07/07/2022,1104,N20,VIIRS,h,2,316.98,12.28,D,0,11.2,112
47.42093,35.81211,367,0.53,0.5,07/07/2022,1104,N20,VIIRS,h,2,315.05,16.64,D,0,11.2,112
47.17774,33.09591,367,0.4,0.44,07/07/2022,1104,N20,VIIRS,h,2,315.86,12.05,D,0,9.7,74
47.16202,33.15237,367,0.4,0.44,07/07/2022,1104,N20,VIIRS,h,2,348.18,170.34,D,0,9.7,74
46.76374,35.35369,367,0.5,0.49,07/07/2022,1104,N20,VIIRS,h,2,313.28,9.4,D,0,13,101
47.84819,36.58893,367,0.58,0.52,07/07/2022,1104,N20,VIIRS,h,2,312.22,78.74,D,0,9.5,108
48.68282,38.78041,367,0.37,0.58,07/07/2022,1104,N20,VIIRS,h,2,309.13,6.45,D,0,10.1,114
48.65802,38.5316,367,0.36,0.58,07/07/2022,1104,N20,VIIRS,h,2,306.56,6.08,D,0,9.5,116
48.6361,38.22311,367,0.35,0.57,07/07/2022,1104,N20,VIIRS,h,2,311.62,33.27,D,0,9.3,119
48.63084,38.22337,367,0.35,0.57,07/07/2022,1104,N20,VIIRS,h,2,306.87,33.27,D,0,9.3,119
48.58854,38.0844,367,0.35,0.56,07/07/2022,1104,N20,VIIRS,h,2,315.17,89.46,D,0,9,124
48.59239,38.17664,367,0.35,0.57,07/07/2022,1104,N20,VIIRS,h,2,309.69,16.18,D,0,9.2,121
48.58274,38.07097,367,0.34,0.56,07/07/2022,1104,N20,VIIRS,h,2,308.99,16.51,D,0,9,124
48.58266,38.19635,367,0.35,0.57,07/07/2022,1104,N20,VIIRS,h,2,310.6,6.62,D,0,9.2,121
48.59517,38.65914,367,0.37,0.58,07/07/2022,1104,N20,VIIRS,h,2,306.59,6.35,D,0,9.9,117
48.54613,38.34366,367,0.35,0.57,07/07/2022,1104,N20,VIIRS,h,2,307.52,10.39,D,0,9.2,121
48.52977,38.33114,367,0.35,0.57,07/07/2022,1104,N20,VIIRS,h,2,310.19,6.2,D,0,9.2,121
48.52995,38.33598,367,0.35,0.57,07/07/2022,1104,N20,VIIRS,h,2,311.63,6.2,D,0,9.2,121
48.49212,37.92144,367,0.34,0.56,07/07/2022,1104,N20,VIIRS,h,2,311.43,7.72,D,0,9.3,122
48.20592,37.61084,367,0.33,0.55,07/07/2022,1104,N20,VIIRS,h,2,308.82,4.65,D,0,9.4,117
48.20124,37.62036,367,0.33,0.55,07/07/2022,1104,N20,VIIRS,h,2,311.21,10.77,D,0,9.4,117
48.08142,37.52592,367,0.32,0.55,07/07/2022,1104,N20,VIIRS,h,2,314.59,9.27,D,0,9.5,114
48.16272,39.8223,367,0.41,0.61,07/07/2022,1104,N20,VIIRS,h,2,304.5,7.77,D,0,12,113
48.15709,39.82302,367,0.41,0.61,07/07/2022,1104,N20,VIIRS,h,2,311.31,7.77,D,0,12,113
48.01209,38.98864,367,0.38,0.59,07/07/2022,1104,N20,VIIRS,h,2,308.98,7.69,D,0,9.6,97
47.94709,37.44254,367,0.32,0.54,07/07/2022,1104,N20,VIIRS,h,2,311.61,6.92,D,0,10.3,109
48.0065,38.98389,367,0.38,0.59,07/07/2022,1104,N20,VIIRS,h,2,316.16,7.69,D,0,9.6,97
47.94796,37.44082,367,0.32,0.54,07/07/2022,1104,N20,VIIRS,h,2,311.96,4.94,D,0,10.3,109
47.94335,37.44994,367,0.32,0.54,07/07/2022,1104,N20,VIIRS,h,2,314.24,10.99,D,0,10.3,109
48.00497,38.98569,367,0.38,0.58,07/07/2022,1104,N20,VIIRS,h,2,315.32,11.41,D,0,9.6,97
49.25593,37.56681,367,0.33,0.55,07/07/2022,1105,N20,VIIRS,h,2,307.26,8.23,D,0,10.9,134
49.25061,37.56269,367,0.33,0.55,07/07/2022,1105,N20,VIIRS,h,2,312.18,16.33,D,0,10.9,134
49.2508,37.56732,367,0.33,0.55,07/07/2022,1105,N20,VIIRS,h,2,310.38,23.89,D,0,10.9,134
49.25099,37.57194,367,0.33,0.55,07/07/2022,1105,N20,VIIRS,h,2,313.67,23.89,D,0,10.9,134
49.24074,37.57297,367,0.33,0.55,07/07/2022,1105,N20,VIIRS,h,2,311.99,8.7,D,0,10.9,134
49.24093,37.57751,367,0.33,0.55,07/07/2022,1105,N20,VIIRS,h,2,313.32,8.68,D,0,10.9,134
49.24112,37.58208,367,0.33,0.55,07/07/2022,1105,N20,VIIRS,h,2,312.99,8.68,D,0,10.9,134
49.15619,37.45667,367,0.33,0.55,07/07/2022,1105,N20,VIIRS,h,2,315.57,11.41,D,0,10.6,135
49.11042,37.58838,367,0.33,0.55,07/07/2022,1105,N20,VIIRS,h,2,311.84,8.71,D,0,10.1,126
49.08784,37.29055,367,0.32,0.55,07/07/2022,1105,N20,VIIRS,h,2,313.46,5.47,D,0,11.8,137
49.0699,38.31506,367,0.36,0.57,07/07/2022,1105,N20,VIIRS,h,2,312.52,5.33,D,0,9.9,119
49.00917,37.55516,367,0.33,0.55,07/07/2022,1105,N20,VIIRS,h,2,309.75,10.13,D,0,9,127
49.01269,37.9061,367,0.34,0.56,07/07/2022,1105,N20,VIIRS,h,2,307.6,6.51,D,0,9.6,114
49.03951,38.4585,367,0.36,0.58,07/07/2022,1105,N20,VIIRS,h,2,311.33,7.76,D,0,9.8,120
48.97889,37.51054,367,0.33,0.55,07/07/2022,1105,N20,VIIRS,h,2,311.76,16.64,D,0,9.2,123
48.87951,37.33922,367,0.32,0.55,07/07/2022,1105,N20,VIIRS,h,2,311.63,6.99,D,0,9.6,122
48.89938,37.62191,367,0.33,0.55,07/07/2022,1105,N20,VIIRS,h,2,308.02,5.73,D,0,9,118
48.8812,37.34286,367,0.32,0.55,07/07/2022,1105,N20,VIIRS,h,2,308.35,9.45,D,0,9.6,122
48.86369,37.40301,367,0.32,0.55,07/07/2022,1105,N20,VIIRS,h,2,313.08,9.36,D,0,9.4,121
48.85842,37.39925,367,0.32,0.55,07/07/2022,1105,N20,VIIRS,h,2,318.29,9.36,D,0,8.5,124
48.85862,37.40358,367,0.32,0.55,07/07/2022,1105,N20,VIIRS,h,2,312.94,9.36,D,0,9.4,121
48.71992,35.46273,367,0.52,0.5,07/07/2022,1105,N20,VIIRS,h,2,308.3,15.92,D,0,7.9,136
48.71618,35.47774,367,0.53,0.5,07/07/2022,1105,N20,VIIRS,h,2,308.31,17.25,D,0,7.9,136
48.701,35.45805,367,0.52,0.5,07/07/2022,1105,N20,VIIRS,h,2,316.78,71.87,D,0,7.4,103
48.70144,35.46527,367,0.52,0.5,07/07/2022,1105,N20,VIIRS,h,2,316.82,14.73,D,0,7.4,103
48.69638,35.45868,367,0.52,0.5,07/07/2022,1105,N20,VIIRS,h,2,318.2,71.87,D,0,7.4,103
48.81808,38.03765,367,0.35,0.56,07/07/2022,1105,N20,VIIRS,h,2,312.37,9.86,D,0,10.5,124
48.81782,38.03982,367,0.34,0.56,07/07/2022,1105,N20,VIIRS,h,2,308.61,7.24,D,0,10.5,124
48.81039,38.37525,367,0.36,0.57,07/07/2022,1105,N20,VIIRS,h,2,307.67,4.95,D,0,11.6,115
48.79427,38.10394,367,0.35,0.57,07/07/2022,1105,N20,VIIRS,h,2,312.29,11.33,D,0,11,117
48.79446,38.10861,367,0.35,0.57,07/07/2022,1105,N20,VIIRS,h,2,308.11,9.52,D,0,11,117
48.79429,38.37147,367,0.36,0.57,07/07/2022,1105,N20,VIIRS,h,2,313.24,6.23,D,0,11.6,115
48.73522,38.36885,367,0.46,0.64,08/07/2022,905,N20,VIIRS,h,2,301.47,17.45,D,0,11.8,99
48.29905,37.8164,367,0.5,0.66,08/07/2022,905,N20,VIIRS,h,2,299.12,9.47,D,0,10.1,108
48.2001,37.60488,367,0.52,0.67,08/07/2022,905,N20,VIIRS,h,2,310.21,67.86,D,0,10.6,101
48.19456,37.60889,367,0.52,0.67,08/07/2022,905,N20,VIIRS,h,2,302.42,12.81,D,0,10.6,101
47.44902,35.62943,367,0.66,0.73,08/07/2022,905,N20,VIIRS,h,2,300.59,42.89,D,0,11.1,91
47.45455,35.64485,367,0.66,0.73,08/07/2022,905,N20,VIIRS,h,2,303.68,38.7,D,0,11.1,91
47.47156,35.69235,367,0.66,0.73,08/07/2022,905,N20,VIIRS,h,2,296.19,45.75,D,0,11.3,100
47.87539,37.40329,367,0.54,0.68,08/07/2022,905,N20,VIIRS,h,2,304.39,15.11,D,0,12,100
47.87627,37.4034,367,0.54,0.68,08/07/2022,905,N20,VIIRS,h,2,304.63,11.8,D,0,12,100
47.69576,36.95206,367,0.57,0.69,08/07/2022,905,N20,VIIRS,h,2,294.19,21.29,D,0,11.4,100
47.73546,37.15274,367,0.56,0.69,08/07/2022,905,N20,VIIRS,h,2,304.51,10.77,D,0,12,98
48.54281,38.23996,367,0.47,0.64,08/07/2022,905,N20,VIIRS,h,2,301.2,30.71,D,0,10.9,106
48.84939,38.13257,367,0.47,0.64,08/07/2022,905,N20,VIIRS,h,2,308.77,26.75,D,0,11.3,96
48.85009,38.13325,367,0.47,0.64,08/07/2022,905,N20,VIIRS,h,2,308.3,23.74,D,0,11.3,96
48.79755,38.44165,367,0.46,0.63,08/07/2022,905,N20,VIIRS,h,2,303,11.07,D,0,10.3,109
48.92466,37.33125,367,0.5,0.66,08/07/2022,906,N20,VIIRS,h,2,307.61,18.1,D,0,10.8,101
48.92257,37.3249,367,0.5,0.66,08/07/2022,906,N20,VIIRS,h,2,309.9,18.1,D,0,10.8,101
49.38515,36.83739,367,0.5,0.66,08/07/2022,906,N20,VIIRS,h,2,294.55,5.86,D,0,10.6,115
49.39515,37.58423,367,0.47,0.64,08/07/2022,906,N20,VIIRS,h,2,301.6,121.02,D,0,9.7,100
48.93845,37.32199,367,0.5,0.66,08/07/2022,906,N20,VIIRS,h,2,299.56,12.83,D,0,10.8,101
48.92542,37.32379,367,0.5,0.66,08/07/2022,906,N20,VIIRS,h,2,305.8,23.42,D,0,10.8,101
48.92753,37.33011,367,0.5,0.66,08/07/2022,906,N20,VIIRS,h,2,304.92,14.58,D,0,10.8,101
48.93773,37.32965,367,0.5,0.66,08/07/2022,906,N20,VIIRS,h,2,300.03,19.49,D,0,10.8,101
48.21361,39.32726,367,0.47,0.48,08/07/2022,1045,N20,VIIRS,h,2,311.16,22.92,D,0,11.9,94
48.21803,39.32666,367,0.47,0.48,08/07/2022,1045,N20,VIIRS,h,2,311.06,22.92,D,0,11.9,94
48.21722,39.32508,367,0.47,0.48,08/07/2022,1045,N20,VIIRS,h,2,312.06,16.38,D,0,11.9,94
48.51197,38.29297,367,0.43,0.46,08/07/2022,1045,N20,VIIRS,h,2,308.36,9.31,D,0,11.2,100
48.48232,38.0823,367,0.42,0.45,08/07/2022,1045,N20,VIIRS,h,2,312.75,11.01,D,0,11.1,97
46.68795,32.73578,367,0.4,0.37,08/07/2022,1045,N20,VIIRS,h,2,314.66,23.51,D,0,10.6,49
47.09235,33.31656,367,0.41,0.37,08/07/2022,1045,N20,VIIRS,h,2,340.32,57.03,D,0,11.2,76
47.77812,37.57054,367,0.39,0.44,08/07/2022,1045,N20,VIIRS,h,2,331.21,60.29,D,0,11.8,96
48.95524,38.18401,367,0.43,0.46,08/07/2022,1046,N20,VIIRS,h,2,316.11,12.85,D,0,10.6,103
48.95944,38.18322,367,0.43,0.46,08/07/2022,1046,N20,VIIRS,h,2,314.17,16.35,D,0,10.6,103
49.03196,38.02521,367,0.42,0.45,08/07/2022,1046,N20,VIIRS,h,2,330.02,80.71,D,0,9.9,100
49.03614,38.02443,367,0.42,0.45,08/07/2022,1046,N20,VIIRS,h,2,354.91,177.75,D,0,9.9,100
49.09879,37.64022,367,0.41,0.45,08/07/2022,1046,N20,VIIRS,h,2,328.75,31.56,D,0,10.4,109
49.23375,37.10104,367,0.39,0.44,08/07/2022,1046,N20,VIIRS,h,2,307.25,12.84,D,0,10.8,106
49.39281,37.57743,367,0.41,0.45,08/07/2022,1046,N20,VIIRS,h,2,308.23,18.93,D,0,9.7,100
49.39692,37.57668,367,0.41,0.45,08/07/2022,1046,N20,VIIRS,h,2,308.36,18.93,D,0,9.7,100
49.39266,36.99604,367,0.39,0.44,08/07/2022,1046,N20,VIIRS,h,2,301.43,14.27,D,0,10.5,116
47.43682,33.86281,367,0.63,0.54,08/07/2022,2300,N20,VIIRS,h,2,295.6,16.84,N,0,14.1,67
46.2521,33.47382,367,0.32,0.55,08/07/2022,2300,N20,VIIRS,h,2,296.52,14.78,N,0,12.2,81
47.40697,33.91012,367,0.35,0.57,09/07/2022,40,N20,VIIRS,h,2,291.98,10.7,N,0,9.8,47
47.40451,33.91256,367,0.35,0.57,09/07/2022,40,N20,VIIRS,h,2,292.56,9.69,N,0,9.8,47
47.41056,33.91134,367,0.35,0.57,09/07/2022,40,N20,VIIRS,h,2,294.06,7.1,N,0,9.8,47
47.64193,35.41787,367,0.4,0.6,09/07/2022,40,N20,VIIRS,h,2,289.19,4.75,N,0,10.1,63
48.04024,39.08344,367,0.71,0.75,09/07/2022,846,N20,VIIRS,h,2,298.23,34.78,D,0,13.7,95
48.86121,38.06765,367,0.73,0.76,09/07/2022,847,N20,VIIRS,h,2,300.56,20.69,D,0,10.6,110
48.86135,38.06689,367,0.73,0.76,09/07/2022,847,N20,VIIRS,h,2,299.85,14.4,D,0,10.6,110
48.81577,37.64798,367,0.76,0.77,09/07/2022,847,N20,VIIRS,h,2,296.77,12.89,D,0,10,105
48.86175,37.34939,367,0.77,0.78,09/07/2022,847,N20,VIIRS,h,2,299.46,24.36,D,0,7.8,70
48.93151,37.27922,367,0.77,0.78,09/07/2022,847,N20,VIIRS,h,2,301.23,64.19,D,0,9.4,70
49.29544,36.93443,367,0.77,0.78,09/07/2022,847,N20,VIIRS,h,2,292.26,26.34,D,0,9.2,92
49.06798,38.24535,367,0.44,0.38,09/07/2022,1027,N20,VIIRS,h,2,342.73,66.08,D,0,11.7,108
49.06499,38.24935,367,0.44,0.38,09/07/2022,1027,N20,VIIRS,h,2,341.75,62.38,D,0,11.7,108
49.0643,38.2434,367,0.44,0.38,09/07/2022,1027,N20,VIIRS,h,2,337.03,62.38,D,0,11.7,108
49.22928,37.10217,367,0.41,0.37,09/07/2022,1027,N20,VIIRS,h,2,301.15,9.07,D,0,10.2,91
49.12183,37.49889,367,0.42,0.38,09/07/2022,1027,N20,VIIRS,h,2,313.93,8.17,D,0,8.3,111
45.67406,29.29808,367,0.43,0.62,10/07/2022,1148,N20,VIIRS,h,2,298.54,6.32,D,0,17.5,335
46.77315,32.10352,367,0.33,0.55,11/07/2022,949,N20,VIIRS,h,2,297.2,4.05,D,0,18.1,307
45.80895,34.59116,367,0.45,0.63,11/07/2022,1129,N20,VIIRS,h,2,296.53,42.8,D,0,20.6,280
46.74543,32.33212,367,0.52,0.67,12/07/2022,930,N20,VIIRS,h,2,298.19,7.34,D,0,12.5,250
46.11913,30.30735,367,0.67,0.73,12/07/2022,930,N20,VIIRS,h,2,291.3,52,D,0,11.3,245
48.04082,33.61147,367,0.42,0.61,12/07/2022,930,N20,VIIRS,h,2,296.18,13.02,D,0,11.2,244
48.8487,38.05967,367,0.51,0.49,12/07/2022,930,N20,VIIRS,h,2,306.44,30.43,D,0,10.7,242
47.12233,32.62182,367,0.44,0.46,12/07/2022,1110,N20,VIIRS,h,2,299.92,26.23,D,0,13.5,256
46.78502,32.5449,367,0.44,0.46,12/07/2022,1110,N20,VIIRS,h,2,307.86,12.72,D,0,12.8,250
46.74568,32.32749,367,0.43,0.46,12/07/2022,1110,N20,VIIRS,h,2,312.14,8.43,D,0,12.5,250
46.63242,32.29839,367,0.42,0.45,12/07/2022,1110,N20,VIIRS,h,2,311.72,9.39,D,0,13.7,255
45.65631,28.49591,367,0.44,0.38,12/07/2022,1110,N20,VIIRS,h,2,316.35,12.93,D,0,6.6,284
45.70506,29.5873,367,0.48,0.4,12/07/2022,1110,N20,VIIRS,h,2,325.93,79.41,D,0,7.7,261
47.9536,38.58832,367,0.43,0.62,12/07/2022,1111,N20,VIIRS,h,2,300.65,11.49,D,0,8.6,266
47.94362,38.59371,367,0.43,0.62,12/07/2022,1111,N20,VIIRS,h,2,294.89,10.49,D,0,8.6,266
47.95494,38.58744,367,0.43,0.62,12/07/2022,1111,N20,VIIRS,h,2,302.05,10.67,D,0,8.6,266
49.08155,36.93117,367,0.36,0.58,12/07/2022,1111,N20,VIIRS,h,2,295.54,13.16,D,0,12.7,236
47.9423,38.59457,367,0.43,0.62,12/07/2022,1111,N20,VIIRS,h,2,291.54,17.35,D,0,8.6,266
47.87438,37.31207,367,0.47,0.64,13/07/2022,911,N20,VIIRS,h,2,298.83,12.88,D,0,8,202
47.09528,33.22434,367,0.74,0.76,13/07/2022,912,N20,VIIRS,h,2,295.18,9.48,D,0,16.3,232
47.04329,31.60257,367,0.4,0.37,14/07/2022,1033,N20,VIIRS,h,2,340.05,63.85,D,0,16.7,301
46.54318,31.75882,367,0.4,0.37,14/07/2022,1033,N20,VIIRS,h,2,328.87,78.93,D,0,20.7,279
46.54076,31.76511,367,0.4,0.37,14/07/2022,1033,N20,VIIRS,h,2,329.88,78.93,D,0,20.7,279
46.53835,31.77139,367,0.4,0.37,14/07/2022,1033,N20,VIIRS,h,2,330.84,112.09,D,0,20.7,279
47.98729,39.05157,367,0.39,0.36,15/07/2022,1014,N20,VIIRS,h,2,337.02,63.4,D,0,4.2,270
46.85788,30.17758,367,0.57,0.69,15/07/2022,1155,N20,VIIRS,h,2,303.54,57.62,D,0,10.3,213
45.3154,28.52802,367,0.45,0.63,16/07/2022,955,N20,VIIRS,h,2,297.79,17.3,D,0,8,16
45.71132,29.53261,367,0.39,0.6,16/07/2022,955,N20,VIIRS,h,2,296.43,8.6,D,0,10.2,60
46.53478,31.74467,367,0.4,0.6,16/07/2022,1136,N20,VIIRS,h,2,298.77,9.2,D,0,11.1,309
46.66922,32.35061,367,0.42,0.61,16/07/2022,1136,N20,VIIRS,h,2,302.74,8.68,D,0,8.5,331
46.67117,32.22132,367,0.42,0.61,16/07/2022,1136,N20,VIIRS,h,2,297.41,7.38,D,0,9.2,346
46.78921,32.00103,367,0.41,0.61,16/07/2022,1136,N20,VIIRS,h,2,300.57,7.3,D,0,10,359
46.12754,34.31195,367,0.38,0.59,17/07/2022,936,N20,VIIRS,h,2,298.55,27.61,D,0,10.6,345
48.81376,38.11361,367,0.49,0.65,17/07/2022,1117,N20,VIIRS,h,2,299.9,8.6,D,0,8.8,315
48.81366,38.10698,367,0.49,0.65,17/07/2022,1117,N20,VIIRS,h,2,304.18,8.6,D,0,8.8,315
48.81489,38.10527,367,0.49,0.65,17/07/2022,1117,N20,VIIRS,h,2,304.59,17.65,D,0,8.8,315
49.34636,37.12149,367,0.44,0.62,17/07/2022,1117,N20,VIIRS,h,2,292.06,19.28,D,0,7.7,337
49.34631,37.12101,367,0.44,0.62,17/07/2022,1117,N20,VIIRS,h,2,292.5,20.71,D,0,7.7,337
45.14019,36.3737,367,0.54,0.68,18/07/2022,917,N20,VIIRS,h,2,298.22,6.01,D,0,24,348
45.89001,34.02607,367,0.65,0.73,18/07/2022,917,N20,VIIRS,h,2,309.94,124.32,D,0,14.9,345
47.16385,36.9662,367,0.44,0.62,18/07/2022,917,N20,VIIRS,h,2,300.9,10.4,D,0,17,334
48.01311,38.97344,367,0.34,0.56,18/07/2022,917,N20,VIIRS,h,2,309.36,9.22,D,0,15,326
48.03468,38.97038,367,0.34,0.56,18/07/2022,917,N20,VIIRS,h,2,308.25,5.03,D,0,15,326
46.7193,33.81717,367,0.62,0.71,18/07/2022,918,N20,VIIRS,h,2,294.88,15.02,D,0,14.5,341
49.29744,36.91619,367,0.38,0.58,18/07/2022,918,N20,VIIRS,h,2,301.88,6.08,D,0,16,310
47.41446,35.51336,367,0.43,0.46,18/07/2022,1058,N20,VIIRS,h,2,341.76,119.64,D,0,16.9,330
47.414,35.50758,367,0.43,0.46,18/07/2022,1058,N20,VIIRS,h,2,336.6,65.96,D,0,16.9,330
47.44174,35.42752,367,0.43,0.46,18/07/2022,1058,N20,VIIRS,h,2,307.59,16.84,D,0,17,331
48.14158,39.82258,367,0.49,0.65,19/07/2022,859,N20,VIIRS,h,2,303.67,10,D,0,9.1,325
47.94839,38.57187,367,0.56,0.69,19/07/2022,859,N20,VIIRS,h,2,303.82,34.31,D,0,9.5,331
47.94625,38.57331,367,0.56,0.69,19/07/2022,859,N20,VIIRS,h,2,300.98,31.75,D,0,9.5,331
47.54361,36.17981,367,0.72,0.76,19/07/2022,859,N20,VIIRS,h,2,293.87,20.98,D,0,8.1,338
47.54968,36.17464,367,0.72,0.76,19/07/2022,859,N20,VIIRS,h,2,291.28,17.09,D,0,8.1,338
47.67192,36.09457,367,0.72,0.76,19/07/2022,859,N20,VIIRS,h,2,296.77,27.19,D,0,8.9,337
47.67068,36.08934,367,0.72,0.76,19/07/2022,859,N20,VIIRS,h,2,300.63,39.07,D,0,8.9,337
47.67684,36.0844,367,0.72,0.76,19/07/2022,859,N20,VIIRS,h,2,302.61,19.24,D,0,8.9,337
48.66282,38.1272,367,0.55,0.68,19/07/2022,859,N20,VIIRS,h,2,294.82,10.43,D,0,8.6,319
49.15087,36.95411,367,0.59,0.7,19/07/2022,859,N20,VIIRS,h,2,291.85,41.34,D,0,8.2,305
49.15092,36.94722,367,0.59,0.7,19/07/2022,859,N20,VIIRS,h,2,295.81,22.35,D,0,8.2,305
46.37925,34.4766,367,0.4,0.37,19/07/2022,1039,N20,VIIRS,h,2,315.83,10.4,D,0,8.4,348
47.48105,36.19888,367,0.45,0.39,19/07/2022,1039,N20,VIIRS,h,2,344.92,69.59,D,0,8.4,339
47.4477,32.2983,367,0.38,0.36,19/07/2022,1039,N20,VIIRS,h,2,347.3,52.96,D,0,7.6,343
48.15933,23.04186,367,0.53,0.67,19/07/2022,1220,N20,VIIRS,h,2,296.19,12.68,D,0,6.2,67
49.17573,36.91671,367,0.39,0.36,20/07/2022,1020,N20,VIIRS,h,2,332.33,87.73,D,0,11.7,271
49.17649,36.92196,367,0.39,0.36,20/07/2022,1020,N20,VIIRS,h,2,330.3,87.73,D,0,11.7,271
46.24509,29.52542,367,0.62,0.72,20/07/2022,1201,N20,VIIRS,h,2,298.79,10.77,D,0,10.6,320
45.55645,29.20718,367,0.35,0.57,21/07/2022,1001,N20,VIIRS,h,2,305.3,11.98,D,0,12.6,346
45.97563,29.16596,367,0.34,0.56,21/07/2022,1001,N20,VIIRS,h,2,305.09,11.84,D,0,14.1,346
46.3791,29.17923,367,0.33,0.55,21/07/2022,1001,N20,VIIRS,h,2,306.35,11.99,D,0,14.3,342
47.26344,30.11052,367,0.57,0.52,21/07/2022,1001,N20,VIIRS,h,2,300.84,14.67,D,0,14.2,345
45.53953,29.36939,367,0.36,0.57,21/07/2022,1142,N20,VIIRS,h,2,303.74,7.62,D,0,12.5,346
45.56238,29.43518,367,0.36,0.57,21/07/2022,1142,N20,VIIRS,h,2,306.61,9.41,D,0,13.1,347
46.63221,34.49763,367,0.64,0.72,21/07/2022,1142,N20,VIIRS,h,2,296.77,11.84,D,0,14.7,333
46.66345,31.63096,367,0.47,0.64,21/07/2022,1142,N20,VIIRS,h,2,299.23,61.2,D,0,17,350
46.66084,31.6307,367,0.47,0.64,21/07/2022,1142,N20,VIIRS,h,2,296.86,59.89,D,0,17,350
46.66677,31.63049,367,0.47,0.64,21/07/2022,1142,N20,VIIRS,h,2,298.49,59.89,D,0,17,350
46.79242,34.38344,367,0.63,0.72,21/07/2022,1142,N20,VIIRS,h,2,296.52,16.11,D,0,15.1,337
46.83906,32.11767,367,0.49,0.65,21/07/2022,1142,N20,VIIRS,h,2,298.68,12.74,D,0,15.5,349
47.08742,32.85656,367,0.54,0.68,21/07/2022,1142,N20,VIIRS,h,2,298.96,15.94,D,0,15.9,345
47.40204,32.55923,367,0.52,0.67,21/07/2022,1142,N20,VIIRS,h,2,297.39,20.06,D,0,16.1,340
47.4002,32.55774,367,0.52,0.67,21/07/2022,1142,N20,VIIRS,h,2,299.09,14.3,D,0,16.1,340
47.76313,29.56477,367,0.38,0.59,21/07/2022,1142,N20,VIIRS,h,2,299.2,10.64,D,0,14.5,338
47.78806,30.17765,367,0.4,0.6,21/07/2022,1142,N20,VIIRS,h,2,301.94,11.59,D,0,15.1,341
46.39204,34.15182,367,0.32,0.55,22/07/2022,942,N20,VIIRS,h,2,301.96,9.45,D,0,15.5,320
46.40149,34.14643,367,0.32,0.55,22/07/2022,942,N20,VIIRS,h,2,304.02,5.59,D,0,15.5,320
46.40333,34.11339,367,0.32,0.55,22/07/2022,942,N20,VIIRS,h,2,298.82,66.18,D,0,15.5,320
46.53135,34.20098,367,0.32,0.54,22/07/2022,942,N20,VIIRS,h,2,302.58,3.87,D,0,16.2,317
46.64268,34.07002,367,0.32,0.55,22/07/2022,942,N20,VIIRS,h,2,303.11,6.94,D,0,16.1,322
45.47134,29.37776,367,0.56,0.69,22/07/2022,942,N20,VIIRS,h,2,302.29,11.92,D,0,14.2,337
46.59977,32.26793,367,0.39,0.59,22/07/2022,942,N20,VIIRS,h,2,303.33,12.07,D,0,16.1,335
46.22163,29.95343,367,0.5,0.66,22/07/2022,943,N20,VIIRS,h,2,304.51,73.93,D,0,15.6,337
46.729,30.24339,367,0.47,0.64,22/07/2022,943,N20,VIIRS,h,2,303.67,7.43,D,0,15.2,336
46.72865,30.24366,367,0.47,0.64,22/07/2022,943,N20,VIIRS,h,2,303.58,15.68,D,0,15.2,336
47.17704,30.14065,367,0.46,0.63,22/07/2022,943,N20,VIIRS,h,2,298.35,17.21,D,0,15.3,340
47.55097,30.17272,367,0.44,0.63,22/07/2022,943,N20,VIIRS,h,2,296.72,20.23,D,0,15.5,341
46.39873,34.13824,367,0.36,0.58,22/07/2022,1123,N20,VIIRS,h,2,302.53,6.39,D,0,15.5,320
46.22881,29.94525,367,0.45,0.47,22/07/2022,1123,N20,VIIRS,h,2,335.27,85.67,D,0,15.6,337
46.52863,34.77308,367,0.39,0.59,22/07/2022,1123,N20,VIIRS,h,2,298.91,74.18,D,0,16.5,311
46.53394,34.76758,367,0.39,0.59,22/07/2022,1123,N20,VIIRS,h,2,301.31,19.77,D,0,16.3,313
46.52865,34.77159,367,0.39,0.59,22/07/2022,1123,N20,VIIRS,h,2,301.47,30.06,D,0,16.5,311
47.17177,34.71459,367,0.39,0.59,22/07/2022,1123,N20,VIIRS,h,2,302.3,13.84,D,0,16.9,318
47.17709,34.70903,367,0.39,0.59,22/07/2022,1123,N20,VIIRS,h,2,300.84,13.84,D,0,16.9,318
47.17171,34.71548,367,0.39,0.59,22/07/2022,1123,N20,VIIRS,h,2,299.58,17.5,D,0,16.9,318
47.17707,34.70988,367,0.39,0.59,22/07/2022,1123,N20,VIIRS,h,2,300.1,11.96,D,0,16.9,318
47.21356,34.18659,367,0.37,0.58,22/07/2022,1123,N20,VIIRS,h,2,293.07,9.53,D,0,16.2,326
47.30909,34.70391,367,0.39,0.59,22/07/2022,1123,N20,VIIRS,h,2,302.1,12.26,D,0,17.4,320
47.31834,32.92507,367,0.32,0.55,22/07/2022,1123,N20,VIIRS,h,2,297.07,19.93,D,0,18.2,333
47.12746,29.62834,367,0.45,0.47,22/07/2022,1123,N20,VIIRS,h,2,354.42,68.75,D,0,14.4,345
47.33881,32.92743,367,0.32,0.55,22/07/2022,1123,N20,VIIRS,h,2,304.63,6.47,D,0,18.2,333
47.56568,32.84141,367,0.32,0.55,22/07/2022,1123,N20,VIIRS,h,2,317.73,79.51,D,0,18,334
47.57074,32.84093,367,0.32,0.55,22/07/2022,1123,N20,VIIRS,h,2,298.07,79.51,D,0,18,334
47.57579,32.84044,367,0.32,0.55,22/07/2022,1123,N20,VIIRS,h,2,303.02,295.59,D,0,18,334
47.76366,30.29749,367,0.68,0.74,23/07/2022,924,N20,VIIRS,h,2,300.29,21.08,D,0,12.1,4
47.76109,30.29844,367,0.68,0.74,23/07/2022,924,N20,VIIRS,h,2,301.33,21.84,D,0,12.1,4
47.20663,29.63951,367,0.76,0.77,23/07/2022,924,N20,VIIRS,h,2,301.38,17.7,D,0,8.9,12
47.20023,29.64415,367,0.76,0.77,23/07/2022,924,N20,VIIRS,h,2,301.19,17.7,D,0,8.9,12
46.72177,30.24842,367,0.75,0.77,23/07/2022,924,N20,VIIRS,h,2,303.41,14.2,D,0,11.2,355
47.89588,36.43385,367,0.37,0.58,23/07/2022,924,N20,VIIRS,h,2,294.11,11.94,D,0,15.3,345
48.07566,37.10749,367,0.35,0.56,23/07/2022,924,N20,VIIRS,h,2,291.1,32.76,D,0,14.3,343
48.07209,37.11478,367,0.35,0.56,23/07/2022,924,N20,VIIRS,h,2,291.91,32.76,D,0,14.3,343
48.07462,37.11151,367,0.35,0.56,23/07/2022,924,N20,VIIRS,h,2,295.23,29.97,D,0,14.3,343
48.06857,37.11016,367,0.35,0.56,23/07/2022,924,N20,VIIRS,h,2,296.71,29.97,D,0,14.3,343
48.0698,37.1145,367,0.35,0.56,23/07/2022,924,N20,VIIRS,h,2,292.99,29.97,D,0,14.3,343
47.17075,35.63076,367,0.43,0.62,23/07/2022,924,N20,VIIRS,h,2,297.3,13.07,D,0,16.6,337
47.25912,36.93125,367,0.37,0.58,23/07/2022,924,N20,VIIRS,h,2,297.89,10.15,D,0,17,338
47.25413,36.93425,367,0.37,0.58,23/07/2022,924,N20,VIIRS,h,2,299.26,10.15,D,0,17,338
46.61014,34.14138,367,0.43,0.46,23/07/2022,1104,N20,VIIRS,h,2,307.37,12.92,D,0,15,340
46.50341,30.45385,367,0.46,0.39,23/07/2022,1104,N20,VIIRS,h,2,327.88,34.51,D,0,12.9,350
47.87635,35.15678,367,0.67,0.74,24/07/2022,905,N20,VIIRS,h,2,297.28,18.22,D,2,10.8,348
46.61974,34.61055,367,0.78,0.78,24/07/2022,905,N20,VIIRS,h,2,298.51,23.84,D,0,10.6,333
46.62606,34.60553,367,0.78,0.78,24/07/2022,905,N20,VIIRS,h,2,298.2,23.84,D,0,10.6,333
47.18407,34.2166,367,0.77,0.78,24/07/2022,905,N20,VIIRS,h,2,300.64,22.13,D,0,9.8,345
46.88544,34.74546,367,0.76,0.77,24/07/2022,905,N20,VIIRS,h,2,298.21,10.65,D,0,11.2,346
50.31841,36.06234,367,0.5,0.66,24/07/2022,906,N20,VIIRS,h,2,296.72,9.04,D,0,10.2,343
50.32024,36.06028,367,0.5,0.66,24/07/2022,906,N20,VIIRS,h,2,295.28,8.02,D,0,10.2,343
47.02491,31.24364,367,0.39,0.36,24/07/2022,1045,N20,VIIRS,h,2,318.11,8.41,D,0,8.4,213
47.02564,31.24865,367,0.39,0.36,24/07/2022,1045,N20,VIIRS,h,2,318.32,10.21,D,0,8.4,213
47.05698,33.09612,367,0.41,0.37,24/07/2022,1045,N20,VIIRS,h,2,331.41,70.78,D,0,6.5,336
46.54106,34.75834,367,0.45,0.39,24/07/2022,1045,N20,VIIRS,h,2,314.18,19.79,D,0,10.7,336
46.7575,32.79056,367,0.4,0.37,24/07/2022,1045,N20,VIIRS,h,2,335.37,205.21,D,0,7.1,291
46.47635,33.61281,367,0.32,0.55,24/07/2022,2300,N20,VIIRS,h,2,286.24,4.13,N,0,8.3,330
46.47508,33.61551,367,0.32,0.55,24/07/2022,2300,N20,VIIRS,h,2,286.38,8.69,N,0,8.3,330
46.72672,35.92784,367,0.45,0.63,25/07/2022,40,N20,VIIRS,h,2,290.22,11.23,N,0,9.9,285
45.4272,29.14876,367,0.71,0.75,25/07/2022,1207,N20,VIIRS,h,2,297.86,50.47,D,0,12,340
46.65329,32.00661,367,0.42,0.45,26/07/2022,1007,N20,VIIRS,h,2,304.71,9.86,D,0,8.8,307
47.60753,29.38486,367,0.51,0.49,26/07/2022,1008,N20,VIIRS,h,2,308.67,9.17,D,0,8.1,356
48.50062,22.52141,367,0.47,0.64,26/07/2022,1009,N20,VIIRS,h,2,301.32,7.68,D,0,10.3,356
47.98937,32.96939,367,0.65,0.73,26/07/2022,1148,N20,VIIRS,h,2,296.53,87.72,D,0,10.9,340
47.9826,32.96909,367,0.65,0.73,26/07/2022,1148,N20,VIIRS,h,2,300.12,87.72,D,0,10.9,340
47.97584,32.9687,367,0.65,0.73,26/07/2022,1148,N20,VIIRS,h,2,293.33,193.87,D,0,10.8,345
47.96909,32.96825,367,0.65,0.73,26/07/2022,1148,N20,VIIRS,h,2,291.45,193.87,D,0,10.8,345
47.98746,32.97096,367,0.65,0.73,26/07/2022,1148,N20,VIIRS,h,2,294.55,93.46,D,0,10.9,340
47.9807,32.97068,367,0.65,0.73,26/07/2022,1148,N20,VIIRS,h,2,294.2,180.96,D,0,10.4,342
47.97394,32.97014,367,0.65,0.73,26/07/2022,1148,N20,VIIRS,h,2,291.09,180.96,D,0,10.8,345
47.54028,30.18731,367,0.48,0.65,26/07/2022,1148,N20,VIIRS,h,2,306.44,19.52,D,0,9.1,329
47.3957,30.93815,367,0.52,0.67,26/07/2022,1148,N20,VIIRS,h,2,300.26,20.68,D,0,10.7,350
47.48039,30.34595,367,0.49,0.65,26/07/2022,1148,N20,VIIRS,h,2,305.84,24.61,D,0,9,330
47.53808,30.18731,367,0.48,0.65,26/07/2022,1148,N20,VIIRS,h,2,308.82,16.97,D,0,9.1,329
46.11322,32.43337,367,0.6,0.71,26/07/2022,1148,N20,VIIRS,h,2,294.69,17.83,D,0,11.7,287
48.03509,23.61757,367,0.48,0.48,26/07/2022,1149,N20,VIIRS,h,2,308.38,11.54,D,0,7.6,133
48.29589,30.51053,367,0.5,0.66,26/07/2022,1149,N20,VIIRS,h,2,303.01,7.22,D,0,9.5,356
48.19162,30.45897,367,0.5,0.66,26/07/2022,1149,N20,VIIRS,h,2,297.46,7.15,D,0,9.5,356
48.19106,30.45881,367,0.5,0.66,26/07/2022,1149,N20,VIIRS,h,2,297.38,13.88,D,0,9.5,356
46.58038,34.94299,367,0.5,0.49,27/07/2022,948,N20,VIIRS,h,2,299.21,13.66,D,0,8.8,312
46.63947,31.74064,367,0.35,0.56,27/07/2022,949,N20,VIIRS,h,2,303.8,12.46,D,0,9.5,253
46.64431,31.73775,367,0.35,0.56,27/07/2022,949,N20,VIIRS,h,2,300.67,9.6,D,0,9.5,253
47.13461,32.24745,367,0.32,0.54,27/07/2022,949,N20,VIIRS,h,2,303.82,8.43,D,0,7.1,326
47.13597,32.24868,367,0.32,0.54,27/07/2022,949,N20,VIIRS,h,2,305.4,18.14,D,0,7.1,326
46.95986,31.20267,367,0.36,0.57,27/07/2022,949,N20,VIIRS,h,2,308.27,10.35,D,0,8.4,184
46.96473,31.1996,367,0.36,0.57,27/07/2022,949,N20,VIIRS,h,2,310.29,45.81,D,0,8.4,184
46.96067,31.20408,367,0.36,0.57,27/07/2022,949,N20,VIIRS,h,2,303.84,17.64,D,0,8.4,184
46.96554,31.20105,367,0.36,0.57,27/07/2022,949,N20,VIIRS,h,2,304.62,17.6,D,0,8.4,184
46.83483,30.07752,367,0.41,0.6,27/07/2022,949,N20,VIIRS,h,2,299.25,10.42,D,0,9.8,141
47.45097,31.80406,367,0.33,0.55,27/07/2022,949,N20,VIIRS,h,2,304.26,8.26,D,0,6.2,276
47.45568,31.80119,367,0.33,0.55,27/07/2022,949,N20,VIIRS,h,2,307.84,14.83,D,0,6.2,276
46.01384,30.0858,367,0.43,0.62,27/07/2022,949,N20,VIIRS,h,2,300.25,8.05,D,0,8.9,171
46.38615,32.46579,367,0.33,0.55,27/07/2022,949,N20,VIIRS,h,2,303.62,5.12,D,0,8,305
46.38142,32.46854,367,0.33,0.55,27/07/2022,949,N20,VIIRS,h,2,305.53,8.92,D,0,8,305
47.95539,32.91454,367,0.39,0.59,27/07/2022,1129,N20,VIIRS,h,2,290.53,10.85,D,0,7.9,355
47.96075,32.91729,367,0.39,0.59,27/07/2022,1129,N20,VIIRS,h,2,300.89,16.58,D,0,7.9,355
47.8148,32.01545,367,0.35,0.57,27/07/2022,1129,N20,VIIRS,h,2,301.97,7.08,D,0,6.1,2
47.87214,35.15982,367,0.49,0.65,27/07/2022,1129,N20,VIIRS,h,2,296.4,21.84,D,2,6,326
47.44353,31.81141,367,0.34,0.56,27/07/2022,1129,N20,VIIRS,h,2,302.2,29.54,D,0,6.2,276
47.51538,33.86282,367,0.43,0.62,27/07/2022,1129,N20,VIIRS,h,2,295.31,39.89,D,0,7.8,334
47.39487,32.9746,367,0.39,0.59,27/07/2022,1129,N20,VIIRS,h,2,304.6,20.6,D,0,6.8,344
47.36115,32.49532,367,0.37,0.58,27/07/2022,1129,N20,VIIRS,h,2,307.43,6.89,D,0,6.9,323
47.35598,32.50065,367,0.37,0.58,27/07/2022,1129,N20,VIIRS,h,2,300.63,6.91,D,0,6.9,323
47.3746,35.46656,367,0.51,0.66,27/07/2022,1129,N20,VIIRS,h,2,298.53,13.98,D,0,7.3,331
47.37498,35.46151,367,0.51,0.66,27/07/2022,1129,N20,VIIRS,h,2,296.76,19.81,D,0,7.3,331
47.37508,35.46832,367,0.51,0.66,27/07/2022,1129,N20,VIIRS,h,2,298.4,14.16,D,0,7.3,331
47.26575,33.06388,367,0.39,0.59,27/07/2022,1129,N20,VIIRS,h,2,299.45,10.38,D,0,6.9,342
47.16188,32.63174,367,0.37,0.58,27/07/2022,1129,N20,VIIRS,h,2,307.39,6.62,D,0,7.1,329
47.13074,32.24561,367,0.35,0.57,27/07/2022,1129,N20,VIIRS,h,2,304.63,3.96,D,0,7.1,326
47.09916,31.63241,367,0.33,0.55,27/07/2022,1129,N20,VIIRS,h,2,307.82,11.05,D,0,7.6,324
47.13441,32.76884,367,0.38,0.58,27/07/2022,1129,N20,VIIRS,h,2,304.12,5.99,D,0,7.2,327
47.12306,32.75455,367,0.37,0.58,27/07/2022,1129,N20,VIIRS,h,2,302.88,12.68,D,0,7.1,323
47.11765,32.75494,367,0.37,0.58,27/07/2022,1129,N20,VIIRS,h,2,305.36,12.68,D,0,7.1,323
47.11241,32.76034,367,0.37,0.58,27/07/2022,1129,N20,VIIRS,h,2,304.14,6.6,D,0,7.1,323
47.11608,32.75846,367,0.37,0.58,27/07/2022,1129,N20,VIIRS,h,2,303.55,7.86,D,0,7.1,323
47.11087,32.76385,367,0.37,0.58,27/07/2022,1129,N20,VIIRS,h,2,303.46,18.07,D,0,7.1,323
47.09447,33.56368,367,0.41,0.61,27/07/2022,1129,N20,VIIRS,h,2,295.68,12.75,D,0,7.7,327
47.09327,35.01468,367,0.48,0.65,27/07/2022,1129,N20,VIIRS,h,2,297.67,10.32,D,0,8.4,340
47.03823,34.01046,367,0.43,0.62,27/07/2022,1129,N20,VIIRS,h,2,299.18,16.74,D,0,9.1,328
47.0325,34.01075,367,0.43,0.62,27/07/2022,1129,N20,VIIRS,h,2,293.67,10.2,D,0,9.1,328
47.03705,34.01151,367,0.43,0.62,27/07/2022,1129,N20,VIIRS,h,2,297.96,24.42,D,0,9.1,328
47.03115,34.00603,367,0.43,0.62,27/07/2022,1129,N20,VIIRS,h,2,295.8,6.04,D,0,9.1,328
46.64815,32.13456,367,0.35,0.56,27/07/2022,1129,N20,VIIRS,h,2,305.24,13.02,D,0,11.4,274
46.40479,32.46919,367,0.36,0.57,27/07/2022,1129,N20,VIIRS,h,2,308.53,6.11,D,0,8,305
46.40498,32.47388,367,0.36,0.57,27/07/2022,1129,N20,VIIRS,h,2,302.41,9.15,D,0,8,305
46.45735,34.74398,367,0.46,0.64,27/07/2022,1129,N20,VIIRS,h,2,295.67,14.49,D,0,9.6,318
46.37824,32.47124,367,0.36,0.57,27/07/2022,1129,N20,VIIRS,h,2,306.31,5.31,D,0,8,305
46.83501,34.90034,367,0.4,0.6,28/07/2022,930,N20,VIIRS,h,2,300.03,9.27,D,0,5.5,8
46.23405,34.30567,367,0.45,0.63,28/07/2022,930,N20,VIIRS,h,2,293.66,17.53,D,0,7.9,265
46.38279,33.99156,367,0.46,0.63,28/07/2022,930,N20,VIIRS,h,2,298.45,29.87,D,0,5.5,11
47.24084,36.92626,367,0.32,0.54,28/07/2022,930,N20,VIIRS,h,2,296.03,4.68,D,0,6.7,347
47.1004,36.30607,367,0.34,0.56,28/07/2022,930,N20,VIIRS,h,2,296.14,8.86,D,0,7.2,337
47.10762,36.31171,367,0.34,0.56,28/07/2022,930,N20,VIIRS,h,2,301.49,17.74,D,0,7.2,337
47.11126,36.30468,367,0.34,0.56,28/07/2022,930,N20,VIIRS,h,2,297.3,17.74,D,0,7.2,337
47.10885,36.2962,367,0.34,0.56,28/07/2022,930,N20,VIIRS,h,2,297.82,7.03,D,0,7.2,337
47.11606,36.30178,367,0.34,0.56,28/07/2022,930,N20,VIIRS,h,2,298.26,9.02,D,0,7.2,337
46.61607,34.33274,367,0.43,0.62,28/07/2022,930,N20,VIIRS,h,2,291.43,28.19,D,0,6.7,2
46.59916,34.24727,367,0.44,0.62,28/07/2022,930,N20,VIIRS,h,2,296.38,37.67,D,0,5.9,354
47.20013,34.71305,367,0.4,0.6,28/07/2022,930,N20,VIIRS,h,2,295.55,16.04,D,0,7,348
47.16082,34.62149,367,0.4,0.6,28/07/2022,930,N20,VIIRS,h,2,296.88,13.18,D,0,7.3,341
47.1623,34.62643,367,0.4,0.6,28/07/2022,930,N20,VIIRS,h,2,300.41,7.55,D,0,7.3,341
47.15572,34.62478,367,0.4,0.6,28/07/2022,930,N20,VIIRS,h,2,294.6,4.53,D,0,7.3,341
47.20023,34.71041,367,0.4,0.6,28/07/2022,930,N20,VIIRS,h,2,300.29,32.4,D,0,7,348
47.1512,34.54859,367,0.41,0.6,28/07/2022,930,N20,VIIRS,h,2,297.2,7.52,D,0,7.3,341
47.19513,34.53204,367,0.41,0.6,28/07/2022,930,N20,VIIRS,h,2,302.49,6.77,D,0,7.1,345
47.33363,34.85442,367,0.39,0.59,28/07/2022,930,N20,VIIRS,h,2,300.13,4.67,D,0,7.6,8
47.32658,34.83054,367,0.39,0.59,28/07/2022,930,N20,VIIRS,h,2,303.04,38.57,D,0,7.1,1
47.33162,34.82733,367,0.39,0.59,28/07/2022,930,N20,VIIRS,h,2,300.27,38.57,D,0,7.1,1
47.35543,34.80639,367,0.39,0.59,28/07/2022,930,N20,VIIRS,h,2,300.84,43.97,D,0,6.7,5
47.36343,34.80559,367,0.39,0.59,28/07/2022,930,N20,VIIRS,h,2,297.75,42.38,D,0,6.7,5
47.26431,34.45642,367,0.41,0.6,28/07/2022,930,N20,VIIRS,h,2,292.92,120.03,D,0,7.7,348
47.26641,34.44315,367,0.41,0.6,28/07/2022,930,N20,VIIRS,h,2,296.7,19.04,D,0,7.7,348
47.64574,36.88123,367,0.35,0.57,28/07/2022,1110,N20,VIIRS,h,2,297.69,7.16,D,0,5.7,334
47.69918,37.31174,367,0.37,0.58,28/07/2022,1110,N20,VIIRS,h,2,300.79,10.22,D,0,5.8,343
47.80361,37.45026,367,0.38,0.58,28/07/2022,1110,N20,VIIRS,h,2,305.63,10.96,D,0,5.7,329
47.80902,37.44991,367,0.38,0.58,28/07/2022,1110,N20,VIIRS,h,2,303.28,10.96,D,0,5.7,329
47.78812,36.63063,367,0.34,0.56,28/07/2022,1110,N20,VIIRS,h,2,302.72,32.57,D,0,6.2,337
47.79314,36.62545,367,0.34,0.56,28/07/2022,1110,N20,VIIRS,h,2,303.97,11.94,D,0,6.2,337
47.8614,36.89217,367,0.35,0.57,28/07/2022,1110,N20,VIIRS,h,2,295.44,6.96,D,0,5.4,335
48.03697,37.6711,367,0.39,0.59,28/07/2022,1110,N20,VIIRS,h,2,295.8,9.55,D,0,6.1,342
46.13795,33.31387,367,0.46,0.47,28/07/2022,1110,N20,VIIRS,h,2,301.13,11.81,D,0,9.6,262
49.07799,39.76508,367,0.49,0.65,28/07/2022,1111,N20,VIIRS,h,2,295.03,5.87,D,0,5.7,320
47.10508,34.33497,367,0.66,0.73,29/07/2022,911,N20,VIIRS,h,2,291.2,13.96,D,0,13.5,21
47.76868,36.26153,367,0.52,0.67,29/07/2022,911,N20,VIIRS,h,2,292.17,15.04,D,0,12.1,5
47.76896,36.26064,367,0.52,0.67,29/07/2022,911,N20,VIIRS,h,2,292.02,25.01,D,0,12.1,5
47.77661,36.26284,367,0.52,0.67,29/07/2022,911,N20,VIIRS,h,2,290.56,33.79,D,0,12.1,5
47.68135,38.47005,367,0.43,0.62,29/07/2022,911,N20,VIIRS,h,2,299.67,25.21,D,0,12.4,356
46.6352,35.21856,367,0.63,0.72,29/07/2022,911,N20,VIIRS,h,2,296.26,12.4,D,0,12.2,14
47.35254,36.87411,367,0.51,0.66,29/07/2022,911,N20,VIIRS,h,2,299.38,27.65,D,0,12.8,6
47.349,36.87712,367,0.51,0.66,29/07/2022,911,N20,VIIRS,h,2,298.1,25.63,D,0,12.8,6
47.35458,36.87339,367,0.51,0.66,29/07/2022,911,N20,VIIRS,h,2,295.44,15.22,D,0,12.8,6
46.70608,34.89497,367,0.65,0.73,29/07/2022,911,N20,VIIRS,h,2,295.05,17.7,D,0,14.1,18
47.0748,35.93476,367,0.57,0.69,29/07/2022,911,N20,VIIRS,h,2,294.94,13.41,D,0,12.6,17
46.63136,34.16019,367,0.7,0.75,29/07/2022,911,N20,VIIRS,h,2,294.56,30.41,D,0,13.2,25
48.77776,37.32985,367,0.44,0.62,29/07/2022,911,N20,VIIRS,h,2,298.1,8.31,D,0,11.9,344
47.50563,33.80878,367,0.68,0.74,29/07/2022,911,N20,VIIRS,h,2,290.46,18.77,D,0,14.7,21
48.80007,38.00158,367,0.41,0.61,29/07/2022,911,N20,VIIRS,h,2,297.96,9.72,D,0,11,339
48.36923,36.82531,367,0.47,0.64,29/07/2022,911,N20,VIIRS,h,2,293.52,11.5,D,0,11.9,2
47.29089,34.04789,367,0.67,0.74,29/07/2022,911,N20,VIIRS,h,2,290.51,65.97,D,0,16.3,25
48.46199,39.25571,367,0.37,0.58,29/07/2022,911,N20,VIIRS,h,2,298.19,4.43,D,0,10.9,331
48.46065,39.25644,367,0.37,0.58,29/07/2022,911,N20,VIIRS,h,2,297.85,4.57,D,0,10.9,331
47.36847,35.40865,367,0.59,0.7,29/07/2022,911,N20,VIIRS,h,2,295.98,48.3,D,0,12.9,11
47.37422,35.40428,367,0.59,0.7,29/07/2022,911,N20,VIIRS,h,2,293.51,30.91,D,0,12.9,11
46.83767,33.85004,367,0.71,0.75,29/07/2022,911,N20,VIIRS,h,2,292,15.33,D,0,13.9,23
46.84384,33.84533,367,0.71,0.75,29/07/2022,911,N20,VIIRS,h,2,292.53,15.33,D,0,15,21
47.66743,36.18546,367,0.53,0.67,29/07/2022,911,N20,VIIRS,h,2,295.13,23.07,D,0,13.3,10
49.55482,36.63315,367,0.44,0.62,29/07/2022,912,N20,VIIRS,h,2,298.83,14.22,D,0,14.1,352
47.73912,32.20907,367,0.77,0.77,29/07/2022,912,N20,VIIRS,h,2,293.67,29.17,D,0,14.7,35
49.34798,36.82687,367,0.44,0.62,29/07/2022,912,N20,VIIRS,h,2,303.23,15.74,D,0,14.6,352
49.35159,36.82598,367,0.44,0.62,29/07/2022,912,N20,VIIRS,h,2,298.41,17.85,D,0,14.6,352
47.74039,32.20551,367,0.77,0.77,29/07/2022,912,N20,VIIRS,h,2,294.98,25.8,D,0,14.7,35
47.91146,35.71654,367,0.57,0.43,29/07/2022,1051,N20,VIIRS,h,2,331.94,118.01,D,0,14.5,12
46.75213,35.89142,367,0.56,0.43,29/07/2022,1051,N20,VIIRS,h,2,304.21,11.1,D,0,11.4,10
47.26603,37.97956,367,0.47,0.48,29/07/2022,1051,N20,VIIRS,h,2,305.34,77.78,D,0,12.7,7
49.28942,29.50925,367,0.39,0.36,29/07/2022,1052,N20,VIIRS,h,2,332.51,74.76,D,0,7.6,105
48.27668,33.44283,367,0.37,0.58,30/07/2022,46,N20,VIIRS,h,2,286.99,9.5,N,0,11.6,47
49.00463,38.12879,367,0.62,0.71,30/07/2022,853,N20,VIIRS,h,2,304.78,104.58,D,0,11.6,31
46.63364,34.33045,367,0.39,0.36,30/07/2022,1032,N20,VIIRS,h,2,313.09,14.32,D,0,15.6,30
47.25777,37.99717,367,0.46,0.39,30/07/2022,1032,N20,VIIRS,h,2,330.38,73.09,D,0,16.3,21
46.77725,34.33249,367,0.39,0.36,30/07/2022,1032,N20,VIIRS,h,2,298.49,6.06,D,0,16.5,30
47.47784,33.89601,367,0.38,0.36,30/07/2022,1032,N20,VIIRS,h,2,311.69,5.12,D,0,14.2,51
47.39669,35.28204,367,0.4,0.37,30/07/2022,1032,N20,VIIRS,h,2,313.89,10.01,D,0,14.9,28
47.05252,32.40877,367,0.39,0.36,30/07/2022,1032,N20,VIIRS,h,2,308.79,14.37,D,0,13.8,61
47.50668,32.99063,367,0.38,0.36,30/07/2022,1033,N20,VIIRS,h,2,307.19,16.9,D,0,14.7,50
48.80008,37.33848,367,0.45,0.39,30/07/2022,1033,N20,VIIRS,h,2,309.9,7.16,D,0,12.6,31
48.80173,37.33919,367,0.45,0.39,30/07/2022,1033,N20,VIIRS,h,2,308.5,8.31,D,0,12.6,31
47.29882,31.63796,367,0.4,0.37,30/07/2022,1033,N20,VIIRS,h,2,312.76,8.51,D,0,9.8,69
46.91558,34.50422,367,0.41,0.61,30/07/2022,2247,N20,VIIRS,h,2,288.81,3.95,N,0,17.1,29
46.91822,34.5062,367,0.42,0.61,30/07/2022,2247,N20,VIIRS,h,2,290.55,4.69,N,0,16.9,29
47.65904,34.50032,367,0.53,0.5,31/07/2022,27,N20,VIIRS,h,2,290.36,6.81,N,0,12.9,60
47.65877,34.49994,367,0.53,0.5,31/07/2022,27,N20,VIIRS,h,2,290.93,7.7,N,0,12.9,60
46.45883,32.17964,367,0.54,0.42,31/07/2022,1013,N20,VIIRS,h,2,333.58,281.82,D,0,12.2,35
46.46255,32.17797,367,0.54,0.42,31/07/2022,1013,N20,VIIRS,h,2,348.35,281.82,D,0,12.2,35
47.27646,37.96731,367,0.38,0.36,31/07/2022,1013,N20,VIIRS,h,2,308.35,7.44,D,0,17,46
46.83351,34.2657,367,0.45,0.39,31/07/2022,1013,N20,VIIRS,h,2,325.04,58.26,D,0,11.8,56
47.26995,37.9695,367,0.38,0.36,31/07/2022,1013,N20,VIIRS,h,2,325.19,83.65,D,0,17,46
46.76994,35.0498,367,0.43,0.38,31/07/2022,1013,N20,VIIRS,h,2,325.42,65.68,D,0,10.1,46
47.79806,36.137,367,0.4,0.37,31/07/2022,1014,N20,VIIRS,h,2,313.24,5.54,D,0,14.5,54
47.07958,32.83174,367,0.49,0.41,31/07/2022,1014,N20,VIIRS,h,2,315.59,18.09,D,0,11.8,59
47.63333,35.96426,367,0.4,0.37,31/07/2022,1014,N20,VIIRS,h,2,312.2,8.98,D,0,13,57
47.63424,35.96948,367,0.4,0.37,31/07/2022,1014,N20,VIIRS,h,2,313.46,8.98,D,0,13,57
47.48405,35.40424,367,0.41,0.37,31/07/2022,1014,N20,VIIRS,h,2,306.72,14.59,D,0,13.9,61
47.00078,32.93569,367,0.49,0.4,31/07/2022,1014,N20,VIIRS,h,2,338.51,140.51,D,0,12.2,56
46.93078,33.08243,367,0.49,0.4,31/07/2022,1014,N20,VIIRS,h,2,317.09,18.99,D,0,12.7,53
48.92021,35.74047,367,0.4,0.37,31/07/2022,1014,N20,VIIRS,h,2,313.28,13.27,D,0,15.2,61
47.07194,32.829,367,0.75,0.77,31/07/2022,1154,N20,VIIRS,h,2,300.59,13.45,D,0,11.8,59
46.99976,32.0628,367,0.69,0.75,31/07/2022,1154,N20,VIIRS,h,2,294.51,17.98,D,0,10.1,63
46.80867,31.98107,367,0.69,0.74,31/07/2022,1154,N20,VIIRS,h,2,297.16,14.74,D,0,9.4,63
46.80937,31.98111,367,0.69,0.74,31/07/2022,1154,N20,VIIRS,h,2,298.34,29.64,D,0,9.4,63
47.66455,29.90433,367,0.55,0.68,31/07/2022,1155,N20,VIIRS,h,2,300.23,16.91,D,0,9.3,131
47.07453,32.83365,367,0.75,0.77,31/07/2022,1155,N20,VIIRS,h,2,301.56,19.55,D,0,11.8,59
48.0149,30.3653,367,0.58,0.7,31/07/2022,1155,N20,VIIRS,h,2,300.41,7.29,D,0,10.4,112
47.80273,33.04525,367,0.77,0.78,31/07/2022,1155,N20,VIIRS,h,2,301.08,12.43,D,0,13.1,58
47.40697,37.487,367,0.51,0.66,31/07/2022,2228,N20,VIIRS,h,2,288.87,6.15,N,0,16.2,54
47.40083,37.48656,367,0.51,0.66,31/07/2022,2228,N20,VIIRS,h,2,289.3,14.41,N,0,16.2,54
46.31846,34.18267,367,0.52,0.67,01/08/2022,1135,N20,VIIRS,h,2,292.31,7.81,D,0,9.8,36
46.31983,34.18457,367,0.52,0.67,01/08/2022,1135,N20,VIIRS,h,2,293.03,15.56,D,0,9.8,36
47.85613,30.23123,367,0.34,0.56,01/08/2022,1136,N20,VIIRS,h,2,295.83,33.22,D,0,6.8,23
46.38879,34.05748,367,0.39,0.59,02/08/2022,936,N20,VIIRS,h,2,297.63,14.42,D,0,8,301
46.38375,34.06052,367,0.39,0.59,02/08/2022,936,N20,VIIRS,h,2,300.81,14.42,D,0,8,301
46.38671,34.06037,367,0.39,0.59,02/08/2022,936,N20,VIIRS,h,2,298.2,10.59,D,0,8,301
46.36403,34.00258,367,0.39,0.59,02/08/2022,936,N20,VIIRS,h,2,298.44,8.84,D,0,8,299
46.36539,34.00726,367,0.39,0.59,02/08/2022,936,N20,VIIRS,h,2,299.07,8.84,D,0,8,299
46.38168,34.06344,367,0.39,0.59,02/08/2022,936,N20,VIIRS,h,2,298.2,4.87,D,0,8,301
46.35938,34.02751,367,0.39,0.59,02/08/2022,936,N20,VIIRS,h,2,294.08,9.01,D,0,8,299
46.3592,34.08809,367,0.39,0.59,02/08/2022,936,N20,VIIRS,h,2,299.3,17.35,D,0,7.9,307
46.3528,34.08649,367,0.39,0.59,02/08/2022,936,N20,VIIRS,h,2,297.12,12.6,D,0,7.9,307
46.35415,34.09113,367,0.39,0.59,02/08/2022,936,N20,VIIRS,h,2,297.8,12.6,D,0,7.9,307
46.46627,34.80228,367,0.36,0.57,02/08/2022,936,N20,VIIRS,h,2,298.28,11.41,D,0,7.1,304
46.46138,34.80518,367,0.36,0.57,02/08/2022,936,N20,VIIRS,h,2,294.79,11.41,D,0,7.1,304
46.03776,30.22168,367,0.39,0.44,02/08/2022,1116,N20,VIIRS,h,2,331.46,115.14,D,0,14.2,324
46.52917,34.93448,367,0.33,0.55,02/08/2022,1116,N20,VIIRS,h,2,297.34,5.92,D,0,7.6,309
46.53125,34.93472,367,0.33,0.55,02/08/2022,1116,N20,VIIRS,h,2,301.03,7.29,D,0,7.6,309
46.74582,35.97706,367,0.5,0.66,03/08/2022,917,N20,VIIRS,h,2,294.06,7.8,D,0,11,227
46.72108,35.43579,367,0.53,0.67,03/08/2022,917,N20,VIIRS,h,2,293.92,23.77,D,0,8,246
46.41264,32.0716,367,0.38,0.36,04/08/2022,1038,N20,VIIRS,h,2,332.14,103.28,D,0,9.8,328
46.51767,35.44548,367,0.42,0.38,04/08/2022,1038,N20,VIIRS,h,2,306.34,12.88,D,0,9.8,212
46.65488,34.95678,367,0.41,0.37,04/08/2022,1038,N20,VIIRS,h,2,341.73,183.5,D,0,6.8,247
47.58345,38.30714,367,0.39,0.36,05/08/2022,1020,N20,VIIRS,h,2,307.24,15.98,D,0,11,66
45.44173,29.05964,367,0.59,0.7,05/08/2022,1200,N20,VIIRS,h,2,294.65,13.22,D,0,9.5,350
47.34308,33.37576,367,0.41,0.45,06/08/2022,1001,N20,VIIRS,h,2,301.64,9.12,D,0,11.8,62
47.03795,32.47244,367,0.46,0.47,06/08/2022,1001,N20,VIIRS,h,2,303.67,6.7,D,0,12.2,59
47.60302,29.72849,367,0.58,0.52,06/08/2022,1001,N20,VIIRS,h,2,298.93,10.31,D,0,9,47
45.81579,29.83421,367,0.38,0.58,06/08/2022,1141,N20,VIIRS,h,2,298.89,8.07,D,0,9.3,57
46.09341,33.37788,367,0.56,0.69,06/08/2022,1141,N20,VIIRS,h,2,292.51,39.76,D,0,11.5,53
45.80593,34.45013,367,0.63,0.72,06/08/2022,1141,N20,VIIRS,h,2,293.13,13.15,D,0,12.2,49
46.46885,35.13993,367,0.68,0.74,06/08/2022,1142,N20,VIIRS,h,2,292.47,16.88,D,0,13.3,60
47.24382,29.63293,367,0.38,0.58,06/08/2022,1142,N20,VIIRS,h,2,300.69,9.27,D,0,9.3,41
47.24763,29.62843,367,0.38,0.58,06/08/2022,1142,N20,VIIRS,h,2,300.79,7.12,D,0,9.3,41
47.24784,29.63368,367,0.38,0.58,06/08/2022,1142,N20,VIIRS,h,2,302.35,7.12,D,0,9.3,41
48.87906,31.75686,367,0.48,0.65,06/08/2022,1142,N20,VIIRS,h,2,296.19,14.03,D,0,9.4,64
48.88343,31.75983,367,0.48,0.65,06/08/2022,1142,N20,VIIRS,h,2,300.78,56.2,D,0,9.4,64
47.39901,32.72224,367,0.35,0.57,07/08/2022,942,N20,VIIRS,h,2,301.93,4.8,D,0,12.1,41
47.39767,32.69762,367,0.35,0.57,07/08/2022,942,N20,VIIRS,h,2,304.61,10.93,D,0,12.2,41
46.20952,33.99285,367,0.33,0.56,07/08/2022,942,N20,VIIRS,h,2,306.74,5.18,D,0,13.6,62
46.41946,34.1165,367,0.33,0.55,07/08/2022,942,N20,VIIRS,h,2,308.52,4.65,D,0,11.5,59
47.12637,36.26706,367,0.5,0.49,07/08/2022,942,N20,VIIRS,h,2,312.5,16.22,D,0,12.8,65
47.76088,37.45065,367,0.43,0.46,07/08/2022,942,N20,VIIRS,h,2,311.93,51.76,D,0,12,62
46.96138,32.48897,367,0.37,0.58,07/08/2022,942,N20,VIIRS,h,2,309.08,11.61,D,0,11.8,52
47.35698,33.68806,367,0.32,0.54,07/08/2022,942,N20,VIIRS,h,2,306.18,18.95,D,0,12,49
47.35516,33.66157,367,0.32,0.55,07/08/2022,942,N20,VIIRS,h,2,307.16,11.84,D,0,11.8,53
47.3631,33.67066,367,0.32,0.55,07/08/2022,942,N20,VIIRS,h,2,311.53,12.16,D,0,11.8,53
48.72437,31.49008,367,0.36,0.57,07/08/2022,943,N20,VIIRS,h,2,295.32,3.95,D,0,8,21
49.47256,30.38544,367,0.38,0.59,07/08/2022,943,N20,VIIRS,h,2,297.79,24,D,0,7.8,15
49.47541,30.3822,367,0.38,0.59,07/08/2022,943,N20,VIIRS,h,2,303.24,48.54,D,0,7.8,15
49.47976,30.39655,367,0.38,0.59,07/08/2022,943,N20,VIIRS,h,2,295.93,16.08,D,0,7.8,15
48.23814,30.5535,367,0.41,0.61,07/08/2022,943,N20,VIIRS,h,2,303.21,26.42,D,0,9.3,23
46.33081,34.27666,367,0.37,0.58,07/08/2022,1122,N20,VIIRS,h,2,304.88,8.24,D,0,12,60
46.49475,35.0364,367,0.4,0.6,07/08/2022,1122,N20,VIIRS,h,2,300.74,63.19,D,0,12.1,56
46.44733,32.11875,367,0.58,0.52,07/08/2022,1122,N20,VIIRS,h,2,315.15,17.94,D,0,11.7,44
46.33334,34.27517,367,0.37,0.58,07/08/2022,1122,N20,VIIRS,h,2,307.9,5.93,D,0,12,60
45.45974,29.55748,367,0.43,0.46,07/08/2022,1122,N20,VIIRS,h,2,304.1,11.9,D,0,13.4,40
48.932,35.73535,367,0.45,0.63,07/08/2022,1123,N20,VIIRS,h,2,297.5,20.56,D,0,12,64
48.65512,38.06577,367,0.57,0.69,07/08/2022,1123,N20,VIIRS,h,2,302.09,12.35,D,0,9.5,62
48.08883,33.57742,367,0.35,0.57,07/08/2022,1123,N20,VIIRS,h,2,307.88,6.79,D,0,10,41
48.08371,33.57524,367,0.35,0.57,07/08/2022,1123,N20,VIIRS,h,2,305.98,7.1,D,0,10,41
47.64528,32.89636,367,0.32,0.55,07/08/2022,1123,N20,VIIRS,h,2,303.75,11.5,D,0,11.4,39
47.46462,35.45127,367,0.42,0.61,07/08/2022,1123,N20,VIIRS,h,2,306.99,19.57,D,0,12.4,56
47.43428,35.16456,367,0.41,0.61,07/08/2022,1123,N20,VIIRS,h,2,308.06,34.1,D,0,12.1,39
47.36667,33.64178,367,0.35,0.56,07/08/2022,1123,N20,VIIRS,h,2,306.37,5.37,D,0,11.8,53
47.36779,33.6698,367,0.35,0.57,07/08/2022,1123,N20,VIIRS,h,2,307.95,14.23,D,0,11.8,53
47.40131,34.79243,367,0.39,0.6,07/08/2022,1123,N20,VIIRS,h,2,304.95,150.35,D,0,13.5,44
47.35619,33.64265,367,0.35,0.56,07/08/2022,1123,N20,VIIRS,h,2,308.9,5.91,D,0,11.8,53
47.40195,34.79045,367,0.39,0.6,07/08/2022,1123,N20,VIIRS,h,2,308.23,95.76,D,0,13.5,44
47.28858,36.383,367,0.47,0.64,07/08/2022,1123,N20,VIIRS,h,2,304.28,7.63,D,0,11.7,63
47.14302,35.80891,367,0.44,0.62,07/08/2022,1123,N20,VIIRS,h,2,299.91,33.76,D,0,12.7,55
46.94276,34.30408,367,0.37,0.58,07/08/2022,1123,N20,VIIRS,h,2,310.82,28.98,D,0,12.5,37
50.22335,36.66209,367,0.5,0.66,07/08/2022,1124,N20,VIIRS,h,2,299.53,10.28,D,0,9.1,63
46.27122,33.71928,367,0.55,0.68,08/08/2022,923,N20,VIIRS,h,2,304.33,11.44,D,0,12.1,47
47.09576,36.32836,367,0.4,0.6,08/08/2022,923,N20,VIIRS,h,2,313.54,101.31,D,0,13,57
47.05471,36.21211,367,0.41,0.6,08/08/2022,923,N20,VIIRS,h,2,349.4,58.89,D,0,14.3,65
47.05621,36.21709,367,0.41,0.6,08/08/2022,923,N20,VIIRS,h,2,314.51,23.52,D,0,14.3,65
46.82133,36.63547,367,0.4,0.6,08/08/2022,923,N20,VIIRS,h,2,310.79,4.75,D,0,14.1,54
46.36541,34.86145,367,0.49,0.65,08/08/2022,923,N20,VIIRS,h,2,307.53,10.8,D,0,12.3,52
46.3634,34.86471,367,0.49,0.65,08/08/2022,923,N20,VIIRS,h,2,306.38,12.57,D,0,12.3,52
46.24253,34.23985,367,0.53,0.67,08/08/2022,923,N20,VIIRS,h,2,309.04,52.65,D,0,11.6,39
46.24817,34.23608,367,0.53,0.67,08/08/2022,923,N20,VIIRS,h,2,306.08,52.65,D,0,11.6,39
46.82638,36.04169,367,0.42,0.61,08/08/2022,923,N20,VIIRS,h,2,305.6,8.86,D,0,14,63
47.13814,36.71993,367,0.39,0.59,08/08/2022,923,N20,VIIRS,h,2,310.15,7.53,D,0,12.8,47
47.03812,36.31989,367,0.4,0.6,08/08/2022,923,N20,VIIRS,h,2,313.04,58.5,D,0,13,65
47.03668,36.31502,367,0.4,0.6,08/08/2022,923,N20,VIIRS,h,2,329.63,52.11,D,0,13,65
47.03623,36.31264,367,0.4,0.6,08/08/2022,923,N20,VIIRS,h,2,328.4,81.24,D,0,13,65
46.91432,34.38257,367,0.49,0.65,08/08/2022,923,N20,VIIRS,h,2,314.21,11.04,D,0,12.8,30
46.91811,34.39447,367,0.49,0.65,08/08/2022,923,N20,VIIRS,h,2,310.81,13.67,D,0,12.8,30
47.71162,37.64659,367,0.34,0.56,08/08/2022,923,N20,VIIRS,h,2,312.45,8.76,D,0,10.1,56
46.17652,33.17228,367,0.59,0.7,08/08/2022,923,N20,VIIRS,h,2,307.24,11.63,D,0,10.8,35
47.30314,36.79463,367,0.38,0.59,08/08/2022,923,N20,VIIRS,h,2,312.59,11.26,D,0,12.7,47
47.29812,36.79765,367,0.38,0.59,08/08/2022,923,N20,VIIRS,h,2,313.55,11.26,D,0,12.7,47
46.17399,33.17204,367,0.59,0.7,08/08/2022,923,N20,VIIRS,h,2,307.52,10.15,D,0,10.8,35
47.30524,36.79498,367,0.38,0.59,08/08/2022,923,N20,VIIRS,h,2,310.97,13.66,D,0,12.7,47
47.29523,36.80112,367,0.38,0.59,08/08/2022,923,N20,VIIRS,h,2,311.89,5.07,D,0,12.7,47
47.32486,36.98403,367,0.37,0.58,08/08/2022,923,N20,VIIRS,h,2,302.4,32.09,D,0,12.6,52
47.31856,36.98247,367,0.37,0.58,08/08/2022,923,N20,VIIRS,h,2,308.28,48.25,D,0,12.6,52
47.27191,36.84248,367,0.38,0.59,08/08/2022,923,N20,VIIRS,h,2,312.83,17.54,D,0,12.5,49
47.26553,36.84083,367,0.38,0.59,08/08/2022,923,N20,VIIRS,h,2,308.42,11.89,D,0,12.5,49
46.27699,33.71548,367,0.55,0.68,08/08/2022,923,N20,VIIRS,h,2,306.03,10.79,D,0,12.1,47
47.10085,36.32505,367,0.4,0.6,08/08/2022,923,N20,VIIRS,h,2,318.53,109.38,D,0,13,57
46.77528,32.57108,367,0.6,0.7,08/08/2022,924,N20,VIIRS,h,2,304.82,10.11,D,0,10.8,41
46.42089,32.12817,367,0.64,0.72,08/08/2022,924,N20,VIIRS,h,2,306.65,8.11,D,0,12.5,29
46.70044,33.11577,367,0.57,0.69,08/08/2022,924,N20,VIIRS,h,2,312.13,114,D,0,11.2,40
46.91117,34.38328,367,0.49,0.65,08/08/2022,924,N20,VIIRS,h,2,310.35,12.24,D,0,12.8,30
46.9205,34.39141,367,0.49,0.65,08/08/2022,924,N20,VIIRS,h,2,311.12,8.09,D,0,12.8,30
46.91666,34.37955,367,0.49,0.65,08/08/2022,924,N20,VIIRS,h,2,311.79,12.24,D,0,12.8,30
46.32721,32.51685,367,0.62,0.71,08/08/2022,924,N20,VIIRS,h,2,311.81,146.75,D,0,11.5,33
47.83683,37.21421,367,0.35,0.57,08/08/2022,924,N20,VIIRS,h,2,305.09,5.82,D,0,9.1,59
47.06383,34.24331,367,0.5,0.65,08/08/2022,924,N20,VIIRS,h,2,311.03,41.67,D,0,11.3,36
47.09785,34.1612,367,0.5,0.66,08/08/2022,924,N20,VIIRS,h,2,307.23,9.59,D,0,10.6,37
46.69468,33.1198,367,0.57,0.69,08/08/2022,924,N20,VIIRS,h,2,311.31,114,D,0,11.2,40
46.77288,32.56834,367,0.6,0.7,08/08/2022,924,N20,VIIRS,h,2,305.63,7.97,D,0,10.8,41
47.09441,34.16236,367,0.5,0.66,08/08/2022,924,N20,VIIRS,h,2,307.33,11.91,D,0,10.6,37
47.17894,31.37462,367,0.65,0.73,08/08/2022,924,N20,VIIRS,h,2,302.92,10.48,D,0,12.9,27
47.43734,32.70369,367,0.56,0.69,08/08/2022,924,N20,VIIRS,h,2,305.09,11.48,D,0,13,31
47.21542,32.54364,367,0.58,0.7,08/08/2022,924,N20,VIIRS,h,2,305.44,10.95,D,0,11.1,47
47.42285,33.56114,367,0.52,0.66,08/08/2022,924,N20,VIIRS,h,2,306.43,10.7,D,0,11.7,39
47.87394,35.15832,367,0.43,0.62,08/08/2022,924,N20,VIIRS,h,2,306.36,10.25,D,2,8.5,30
47.87646,35.15875,367,0.43,0.62,08/08/2022,924,N20,VIIRS,h,2,306.2,9.62,D,2,8.5,30
48.45181,37.57625,367,0.32,0.55,08/08/2022,924,N20,VIIRS,h,2,310.11,4.72,D,0,8.8,38
48.45098,37.57446,367,0.32,0.55,08/08/2022,924,N20,VIIRS,h,2,309.89,4.35,D,0,8.8,38
48.45211,37.57853,367,0.32,0.55,08/08/2022,924,N20,VIIRS,h,2,309.03,4.35,D,0,8.8,38
48.47086,37.66611,367,0.32,0.55,08/08/2022,924,N20,VIIRS,h,2,310.29,12.4,D,0,8.8,42
48.46401,37.66111,367,0.32,0.55,08/08/2022,924,N20,VIIRS,h,2,309.77,3.75,D,0,8.8,42
46.28189,33.71833,367,0.41,0.45,08/08/2022,1103,N20,VIIRS,h,2,317.13,22.48,D,0,12.1,47
46.82582,32.75365,367,0.57,0.43,08/08/2022,1104,N20,VIIRS,h,2,348.01,225.53,D,0,12.1,45
48.3937,38.93272,367,0.37,0.58,08/08/2022,1104,N20,VIIRS,h,2,309.84,13.31,D,0,9.9,54
47.67903,29.27021,367,0.44,0.38,08/08/2022,1104,N20,VIIRS,h,2,332.37,78.34,D,0,11.8,14
48.45259,36.72262,367,0.59,0.53,08/08/2022,1104,N20,VIIRS,h,2,306.01,14.02,D,0,9.1,56
48.83613,37.88096,367,0.34,0.56,08/08/2022,1104,N20,VIIRS,h,2,302.93,8.04,D,0,8.2,58
48.84108,37.87564,367,0.34,0.56,08/08/2022,1104,N20,VIIRS,h,2,306.74,8.04,D,0,8.2,58
48.83745,37.8786,367,0.34,0.56,08/08/2022,1104,N20,VIIRS,h,2,309.86,9.67,D,0,8.2,58
48.84241,37.87303,367,0.34,0.56,08/08/2022,1104,N20,VIIRS,h,2,306.78,18.6,D,0,8.2,58
48.92896,37.60685,367,0.33,0.55,08/08/2022,1104,N20,VIIRS,h,2,300.95,13.42,D,0,7.9,52
47.49403,37.71412,367,0.32,0.55,08/08/2022,1104,N20,VIIRS,h,2,313.93,4.53,D,0,14.3,39
46.69643,33.1024,367,0.39,0.44,08/08/2022,1104,N20,VIIRS,h,2,321.64,8.24,D,0,11.2,40
46.68252,33.08424,367,0.39,0.44,08/08/2022,1104,N20,VIIRS,h,2,310.39,11.71,D,0,11.2,40
46.68298,33.08935,367,0.39,0.44,08/08/2022,1104,N20,VIIRS,h,2,315.42,11.71,D,0,11.2,40
46.85084,35.95937,367,0.53,0.5,08/08/2022,1104,N20,VIIRS,h,2,331.81,89.94,D,0,14.3,63
47.696,36.11791,367,0.54,0.51,08/08/2022,1104,N20,VIIRS,h,2,307.6,62.53,D,0,12,42
47.69282,36.11668,367,0.55,0.51,08/08/2022,1104,N20,VIIRS,h,2,307.6,13.62,D,0,12,42
46.59277,33.32249,367,0.4,0.44,08/08/2022,1104,N20,VIIRS,h,2,316.5,9.2,D,0,11.8,33
47.36655,35.59241,367,0.67,0.74,09/08/2022,905,N20,VIIRS,h,2,300.05,18.09,D,0,13.8,47
47.98014,37.23296,367,0.55,0.68,09/08/2022,905,N20,VIIRS,h,2,310.5,37.99,D,0,9.5,64
47.97964,37.23499,367,0.55,0.68,09/08/2022,905,N20,VIIRS,h,2,308.95,25.27,D,0,9.5,64
48.95701,39.15547,367,0.42,0.61,09/08/2022,905,N20,VIIRS,h,2,304.78,9.87,D,0,9.5,80
47.8747,35.16038,367,0.67,0.74,09/08/2022,905,N20,VIIRS,h,2,302.27,32.72,D,2,11.1,19
48.76744,37.29179,367,0.51,0.66,09/08/2022,905,N20,VIIRS,h,2,305.4,21.78,D,0,8.4,58
48.77519,37.29443,367,0.51,0.66,09/08/2022,905,N20,VIIRS,h,2,306.29,21.78,D,0,8.4,58
48.7731,37.28814,367,0.51,0.66,09/08/2022,905,N20,VIIRS,h,2,303.36,21.78,D,0,8.4,58
48.03743,34.25399,367,0.72,0.76,09/08/2022,905,N20,VIIRS,h,2,301.67,15.96,D,0,14.3,14
48.32249,33.66148,367,0.74,0.76,09/08/2022,905,N20,VIIRS,h,2,293.29,24.66,D,0,15.3,11
48.54867,33.63962,367,0.73,0.76,09/08/2022,905,N20,VIIRS,h,2,291.65,25.4,D,0,14.7,5
47.13957,37.73527,367,0.56,0.69,09/08/2022,905,N20,VIIRS,h,2,303.82,15.39,D,0,14.4,72
46.80464,36.52123,367,0.64,0.72,09/08/2022,905,N20,VIIRS,h,2,307.62,41.68,D,0,16,64
46.7244,36.21447,367,0.67,0.73,09/08/2022,905,N20,VIIRS,h,2,303.94,13.48,D,0,14.6,76
47.59776,38.2607,367,0.51,0.66,09/08/2022,905,N20,VIIRS,h,2,306.63,20.72,D,0,13.7,56
47.59969,38.2602,367,0.51,0.66,09/08/2022,905,N20,VIIRS,h,2,307.1,13.58,D,0,13.7,56
47.03889,36.40964,367,0.64,0.72,09/08/2022,905,N20,VIIRS,h,2,320.34,80.42,D,0,11.9,62
47.30794,36.77729,367,0.6,0.71,09/08/2022,905,N20,VIIRS,h,2,311.76,56.17,D,0,11.2,60
46.75486,35.17984,367,0.73,0.76,09/08/2022,905,N20,VIIRS,h,2,304.17,27.96,D,0,9.8,69
48.2553,39.19664,367,0.44,0.63,09/08/2022,905,N20,VIIRS,h,2,302.86,6.12,D,0,10.9,69
48.25636,39.19398,367,0.44,0.63,09/08/2022,905,N20,VIIRS,h,2,302.76,9.76,D,0,10.9,69
46.7184,36.19583,367,0.5,0.41,09/08/2022,1045,N20,VIIRS,h,2,313.36,12.08,D,0,15.8,74
46.11157,34.54656,367,0.44,0.38,09/08/2022,1045,N20,VIIRS,h,2,310.6,12.7,D,0,16.5,51
48.76615,37.2827,367,0.39,0.44,09/08/2022,1045,N20,VIIRS,h,2,304.39,9.64,D,0,8.4,58
47.31752,37.97221,367,0.4,0.44,09/08/2022,1045,N20,VIIRS,h,2,314.89,8.69,D,0,13.3,53
46.33942,32.51259,367,0.4,0.37,09/08/2022,1045,N20,VIIRS,h,2,318.19,8.55,D,0,13.2,43
47.00253,35.64708,367,0.48,0.4,09/08/2022,1045,N20,VIIRS,h,2,318.25,12.35,D,0,10.6,72
47.00321,35.65341,367,0.48,0.4,09/08/2022,1045,N20,VIIRS,h,2,320.36,17.1,D,0,10.6,72
46.67536,33.02201,367,0.4,0.37,09/08/2022,1045,N20,VIIRS,h,2,340.68,73.83,D,0,14.8,38
46.67674,33.03252,367,0.41,0.37,09/08/2022,1045,N20,VIIRS,h,2,339.06,57.32,D,0,14.8,38
48.62311,37.91946,367,0.41,0.45,09/08/2022,1045,N20,VIIRS,h,2,327.89,53.09,D,0,9.1,69
48.61851,37.91451,367,0.41,0.45,09/08/2022,1045,N20,VIIRS,h,2,331.45,53.09,D,0,9.1,69
48.62711,37.9766,367,0.75,0.77,10/08/2022,846,N20,VIIRS,h,2,300.4,17.5,D,0,12.4,72
48.63321,37.97106,367,0.75,0.77,10/08/2022,846,N20,VIIRS,h,2,299.6,17.5,D,0,12.4,72
47.77837,38.66088,367,0.76,0.77,10/08/2022,846,N20,VIIRS,h,2,300.74,22.55,D,0,13.1,74
47.78198,38.67034,367,0.76,0.77,10/08/2022,846,N20,VIIRS,h,2,299.68,25.13,D,0,13.1,74
47.78275,38.6668,367,0.76,0.77,10/08/2022,846,N20,VIIRS,h,2,300.21,30.26,D,0,13.1,74
47.89446,39.76974,367,0.68,0.74,10/08/2022,846,N20,VIIRS,h,2,300,42.3,D,0,17.7,75
44.95638,33.94538,367,0.4,0.37,10/08/2022,1025,N20,VIIRS,h,2,309.79,13.92,D,0,21.8,47
46.46668,35.13578,367,0.38,0.36,10/08/2022,1026,N20,VIIRS,h,2,314.48,4.95,D,0,16.2,60
46.74403,35.9935,367,0.39,0.36,10/08/2022,1026,N20,VIIRS,h,2,311.34,10.66,D,0,20.9,68
47.1985,38.03561,367,0.41,0.37,10/08/2022,1026,N20,VIIRS,h,2,314.98,12.73,D,0,17,79
47.60004,35.98838,367,0.39,0.36,10/08/2022,1026,N20,VIIRS,h,2,314.24,8.91,D,0,12.2,59
47.60332,35.98734,367,0.39,0.36,10/08/2022,1026,N20,VIIRS,h,2,313.7,6.17,D,0,13.4,58
48.2211,39.30853,367,0.46,0.39,10/08/2022,1026,N20,VIIRS,h,2,340.89,74.22,D,0,11,79
48.22396,39.30141,367,0.46,0.39,10/08/2022,1026,N20,VIIRS,h,2,335.06,55.67,D,0,11,79
46.81726,32.5047,367,0.41,0.37,10/08/2022,1026,N20,VIIRS,h,2,305.8,22.79,D,0,20.1,12
46.82154,32.50872,367,0.41,0.37,10/08/2022,1026,N20,VIIRS,h,2,301.25,7.09,D,0,20.1,12
48.02016,37.87732,367,0.35,0.57,10/08/2022,2240,N20,VIIRS,h,2,292.55,8.25,N,0,12.1,72
48.78424,37.03381,367,0.4,0.37,11/08/2022,1007,N20,VIIRS,h,2,341.84,159.72,D,0,21.3,59
46.86564,36.38447,367,0.43,0.46,12/08/2022,948,N20,VIIRS,h,2,296.79,11.71,D,0,16.4,88
47.2666,36.56791,367,0.41,0.45,12/08/2022,948,N20,VIIRS,h,2,299.56,7.49,D,0,16.4,89
48.85258,22.52902,367,0.71,0.75,12/08/2022,950,N20,VIIRS,h,2,297.8,30.26,D,0,7.8,43
46.66291,35.36741,367,0.39,0.59,13/08/2022,929,N20,VIIRS,h,2,297.36,12.23,D,0,12.8,92
46.9911,36.56187,367,0.34,0.56,13/08/2022,929,N20,VIIRS,h,2,292.86,11.11,D,0,15.7,84
47.46012,35.71757,367,0.36,0.57,13/08/2022,930,N20,VIIRS,h,2,300.56,19.11,D,0,13.5,86
47.39406,35.63029,367,0.36,0.57,13/08/2022,930,N20,VIIRS,h,2,300.48,65.08,D,0,12.8,88
47.39045,35.63784,367,0.36,0.57,13/08/2022,930,N20,VIIRS,h,2,297.66,65.08,D,0,12.8,88
46.87684,34.07156,367,0.44,0.62,13/08/2022,930,N20,VIIRS,h,2,301,36.97,D,0,10.6,83
47.05912,35.63341,367,0.37,0.58,13/08/2022,930,N20,VIIRS,h,2,298.42,6.66,D,0,12,93
47.05592,35.63858,367,0.37,0.58,13/08/2022,930,N20,VIIRS,h,2,299.21,10.08,D,0,12,93
47.06085,35.63547,367,0.37,0.58,13/08/2022,930,N20,VIIRS,h,2,297.46,10.08,D,0,12,93
47.05551,35.64101,367,0.37,0.58,13/08/2022,930,N20,VIIRS,h,2,298.57,6.66,D,0,12,93
48.71351,34.40166,367,0.37,0.58,13/08/2022,930,N20,VIIRS,h,2,295.66,15.54,D,0,16.6,82
48.67638,35.88467,367,0.32,0.55,13/08/2022,1110,N20,VIIRS,h,2,304.12,6.51,D,0,20,79
48.68082,35.87117,367,0.32,0.55,13/08/2022,1110,N20,VIIRS,h,2,302.56,15.93,D,0,20,79
46.84106,36.43823,367,0.33,0.55,13/08/2022,1110,N20,VIIRS,h,2,297.87,12.86,D,0,15.2,85
46.84618,36.43769,367,0.33,0.55,13/08/2022,1110,N20,VIIRS,h,2,297.97,12.86,D,0,15.2,85
47.00834,36.55243,367,0.33,0.56,13/08/2022,1110,N20,VIIRS,h,2,298.58,8.23,D,0,15.7,84
47.09613,37.75467,367,0.38,0.59,13/08/2022,1110,N20,VIIRS,h,2,295.14,10.73,D,0,22.1,81
47.3475,36.2261,367,0.32,0.55,13/08/2022,1110,N20,VIIRS,h,2,299.31,5.43,D,0,15.1,93
47.59532,37.52703,367,0.38,0.58,13/08/2022,1110,N20,VIIRS,h,2,301.43,9.72,D,0,17.9,93
47.59691,37.52518,367,0.38,0.58,13/08/2022,1110,N20,VIIRS,h,2,300.68,5.76,D,0,17.9,93
47.78861,37.52512,367,0.38,0.59,13/08/2022,1110,N20,VIIRS,h,2,297.82,13.71,D,0,17.7,93
48.39214,36.01473,367,0.32,0.55,13/08/2022,1110,N20,VIIRS,h,2,302.76,11.26,D,0,17.1,80
48.39548,36.0162,367,0.32,0.55,13/08/2022,1110,N20,VIIRS,h,2,299.17,19.54,D,0,17.1,80
48.49754,38.07781,367,0.42,0.61,14/08/2022,911,N20,VIIRS,h,2,301.33,9.85,D,0,22.1,72
48.50735,38.08954,367,0.42,0.61,14/08/2022,911,N20,VIIRS,h,2,299.58,19.43,D,0,22.1,72
48.50073,38.07122,367,0.42,0.61,14/08/2022,911,N20,VIIRS,h,2,299.26,8.23,D,0,22.1,72
48.44449,37.60809,367,0.44,0.62,14/08/2022,911,N20,VIIRS,h,2,298.1,8.69,D,0,22.3,72
48.453,37.61493,367,0.44,0.62,14/08/2022,911,N20,VIIRS,h,2,297.51,5.56,D,0,23.1,72
48.81818,38.27874,367,0.4,0.6,14/08/2022,911,N20,VIIRS,h,2,298.22,6.54,D,0,24.8,74
47.7705,37.37434,367,0.47,0.64,14/08/2022,911,N20,VIIRS,h,2,308.32,15.38,D,0,18.7,80
47.7744,37.42775,367,0.47,0.64,14/08/2022,911,N20,VIIRS,h,2,304.45,10.3,D,0,18.9,80
47.7582,37.41813,367,0.47,0.64,14/08/2022,911,N20,VIIRS,h,2,310.35,23.4,D,0,18,84
47.68924,37.58999,367,0.47,0.64,14/08/2022,911,N20,VIIRS,h,2,307.9,13.36,D,0,18.2,83
47.68578,37.64055,367,0.46,0.64,14/08/2022,911,N20,VIIRS,h,2,300.32,12.18,D,0,18.9,83
48.02257,37.24284,367,0.47,0.64,14/08/2022,911,N20,VIIRS,h,2,302.62,23.49,D,0,20.1,74
48.02226,37.24314,367,0.47,0.64,14/08/2022,911,N20,VIIRS,h,2,301.84,21.98,D,0,20.1,74
48.02036,37.23725,367,0.47,0.64,14/08/2022,911,N20,VIIRS,h,2,309.83,38.55,D,0,20.1,74
47.9524,37.20817,367,0.47,0.64,14/08/2022,911,N20,VIIRS,h,2,302.62,7.91,D,0,20.1,74
47.77583,37.37042,367,0.47,0.64,14/08/2022,911,N20,VIIRS,h,2,301.81,15.38,D,0,18.7,80
47.78309,37.39323,367,0.47,0.64,14/08/2022,911,N20,VIIRS,h,2,309.28,19.49,D,0,19.5,77
48.46252,39.48562,367,0.36,0.58,14/08/2022,911,N20,VIIRS,h,2,300.46,10.01,D,0,23.8,73
47.65992,36.72991,367,0.51,0.66,14/08/2022,911,N20,VIIRS,h,2,302.13,24.13,D,0,18,85
47.66539,36.72589,367,0.51,0.66,14/08/2022,911,N20,VIIRS,h,2,302.13,28.29,D,0,18.4,85
48.39816,39.55022,367,0.57,0.52,14/08/2022,1051,N20,VIIRS,h,2,309.69,19.39,D,0,24.9,77
48.39249,39.44886,367,0.56,0.52,14/08/2022,1051,N20,VIIRS,h,2,330.37,153.56,D,0,24.1,76
48.39767,39.45573,367,0.56,0.52,14/08/2022,1051,N20,VIIRS,h,2,309.94,15.7,D,0,24.1,76
48.4598,39.4497,367,0.56,0.52,14/08/2022,1051,N20,VIIRS,h,2,339.27,220.61,D,0,23.8,73
48.46458,39.44912,367,0.56,0.52,14/08/2022,1051,N20,VIIRS,h,2,347.43,80.92,D,0,23.8,73
48.47075,39.4719,367,0.56,0.52,14/08/2022,1051,N20,VIIRS,h,2,310.46,7.54,D,0,23.8,73
48.46975,39.45504,367,0.56,0.52,14/08/2022,1051,N20,VIIRS,h,2,309.77,34.37,D,0,23.8,73
48.47451,39.45406,367,0.56,0.52,14/08/2022,1051,N20,VIIRS,h,2,306.58,12.2,D,0,23.8,73
48.47408,39.44623,367,0.56,0.52,14/08/2022,1051,N20,VIIRS,h,2,305.3,19.99,D,0,23.8,73
48.47364,39.43839,367,0.56,0.52,14/08/2022,1051,N20,VIIRS,h,2,306.1,19.99,D,0,23.8,73
48.43871,37.56361,367,0.46,0.47,14/08/2022,1051,N20,VIIRS,h,2,309.9,10.63,D,0,22.3,72
48.54432,36.5312,367,0.42,0.45,14/08/2022,1051,N20,VIIRS,h,2,305.68,19.23,D,0,22.7,74
48.54896,36.53618,367,0.42,0.45,14/08/2022,1051,N20,VIIRS,h,2,307.29,27.73,D,0,22.7,74
48.70027,37.15234,367,0.45,0.47,14/08/2022,1051,N20,VIIRS,h,2,293.57,17.08,D,0,24.3,73
48.23381,37.42723,367,0.71,0.75,15/08/2022,852,N20,VIIRS,h,2,296.08,15.11,D,0,18.4,90
48.07784,36.93055,367,0.75,0.77,15/08/2022,852,N20,VIIRS,h,2,294.16,31.36,D,0,18.6,90
48.76062,37.96614,367,0.65,0.73,15/08/2022,852,N20,VIIRS,h,2,291.19,18.1,D,0,21.6,90
48.69858,37.42512,367,0.68,0.74,15/08/2022,852,N20,VIIRS,h,2,296.68,24.36,D,0,18.6,84
47.65823,38.45413,367,0.68,0.74,15/08/2022,852,N20,VIIRS,h,2,298.48,15.28,D,0,23.4,95
48.44116,39.34797,367,0.58,0.7,15/08/2022,852,N20,VIIRS,h,2,302.44,13.6,D,0,23.4,91
48.44676,39.3431,367,0.58,0.7,15/08/2022,852,N20,VIIRS,h,2,300.98,39.43,D,0,23.4,91
48.44397,39.34753,367,0.58,0.7,15/08/2022,852,N20,VIIRS,h,2,302.85,37.93,D,0,23.4,91
47.65125,38.45458,367,0.47,0.4,15/08/2022,1032,N20,VIIRS,h,2,345.65,85.01,D,0,23.4,95
47.59274,38.19305,367,0.46,0.39,15/08/2022,1032,N20,VIIRS,h,2,335.64,56.73,D,0,21.2,95
47.94932,37.06978,367,0.43,0.38,15/08/2022,1032,N20,VIIRS,h,2,308.77,7.44,D,0,19.1,93
48.37735,38.99768,367,0.5,0.41,15/08/2022,1032,N20,VIIRS,h,2,310.08,13.18,D,0,21,90
49.14632,36.97501,367,0.44,0.39,15/08/2022,1033,N20,VIIRS,h,2,308.21,10.65,D,0,22.9,86
46.58204,34.99243,367,0.56,0.69,17/08/2022,1135,N20,VIIRS,h,2,292.51,76.43,D,0,5.7,241
47.27384,38.0647,367,0.79,0.78,17/08/2022,1135,N20,VIIRS,h,2,293.11,13.15,D,0,10,235
48.52338,36.84271,367,0.7,0.75,17/08/2022,1136,N20,VIIRS,h,2,291.54,21.5,D,0,7.2,239
49.35287,36.89781,367,0.7,0.75,17/08/2022,1136,N20,VIIRS,h,2,296.33,14.86,D,0,7.6,224
49.26849,36.20418,367,0.65,0.73,17/08/2022,1136,N20,VIIRS,h,2,293.38,9.57,D,0,6.6,180
49.27401,36.20411,367,0.65,0.73,17/08/2022,1136,N20,VIIRS,h,2,294.31,25.85,D,0,6.6,180
47.68034,36.16875,367,0.57,0.52,18/08/2022,936,N20,VIIRS,h,2,299.52,22.32,D,0,5.4,237
47.68144,36.16899,367,0.57,0.52,18/08/2022,936,N20,VIIRS,h,2,298.83,13.18,D,0,5.4,237
48.38596,37.63919,367,0.47,0.48,18/08/2022,936,N20,VIIRS,h,2,303.91,8.15,D,0,6,260
47.56361,37.70994,367,0.49,0.49,18/08/2022,936,N20,VIIRS,h,2,304.06,11.84,D,0,6.9,297
47.29889,36.36139,367,0.39,0.59,18/08/2022,1116,N20,VIIRS,h,2,296.41,14.82,D,0,5.9,249
48.00615,37.60178,367,0.45,0.63,18/08/2022,1116,N20,VIIRS,h,2,296.45,6.45,D,0,5.4,283
47.73437,36.19861,367,0.39,0.59,18/08/2022,1116,N20,VIIRS,h,2,296.21,5.94,D,0,5.6,243
47.68393,36.16966,367,0.39,0.59,18/08/2022,1116,N20,VIIRS,h,2,297.76,6.17,D,0,5.4,237
47.29907,36.36654,367,0.39,0.59,18/08/2022,1116,N20,VIIRS,h,2,295.99,7.74,D,0,5.9,249
49.05574,36.37289,367,0.4,0.6,18/08/2022,1117,N20,VIIRS,h,2,294.89,9.88,D,0,5.9,261
48.63171,38.28882,367,0.49,0.65,18/08/2022,1117,N20,VIIRS,h,2,296.92,10.2,D,0,5.7,247
47.42346,34.74603,367,0.54,0.68,19/08/2022,917,N20,VIIRS,h,2,294.38,11.78,D,0,7,88
47.42279,34.74595,367,0.54,0.68,19/08/2022,917,N20,VIIRS,h,2,294.09,20.89,D,0,7,88
47.71257,35.99765,367,0.45,0.47,19/08/2022,1057,N20,VIIRS,h,2,302.95,11.96,D,0,7.1,92
48.92079,35.65316,367,0.68,0.74,20/08/2022,859,N20,VIIRS,h,2,290.23,65.54,D,0,14,84
49.08733,26.7122,367,0.47,0.64,21/08/2022,1201,N20,VIIRS,h,2,294.57,20.28,D,0,7.5,97
47.36716,32.70861,367,0.44,0.46,22/08/2022,1001,N20,VIIRS,h,2,303.32,10.23,D,0,14,72
48.506,30.90364,367,0.49,0.48,22/08/2022,1001,N20,VIIRS,h,2,297.45,13.14,D,0,10.6,68
48.5144,30.89895,367,0.49,0.48,22/08/2022,1001,N20,VIIRS,h,2,297.39,17.93,D,0,10.6,68
47.37105,37.94185,367,0.43,0.38,22/08/2022,1001,N20,VIIRS,h,2,309.36,8.92,D,0,26.1,96
50.22953,36.66175,367,0.42,0.38,22/08/2022,1002,N20,VIIRS,h,2,329.82,66.58,D,0,22.7,106
50.23288,36.66019,367,0.42,0.38,22/08/2022,1002,N20,VIIRS,h,2,341.83,147.39,D,0,22.7,106
47.26352,33.46078,367,0.57,0.69,22/08/2022,1142,N20,VIIRS,h,2,292.88,20.28,D,0,14.8,78
47.27441,31.5806,367,0.47,0.64,22/08/2022,1142,N20,VIIRS,h,2,295.34,15.6,D,0,10.9,68
51.73793,33.87765,367,0.61,0.71,22/08/2022,1143,N20,VIIRS,h,2,295.26,15.82,D,0,19.3,107
51.74069,33.87734,367,0.61,0.71,22/08/2022,1143,N20,VIIRS,h,2,296.77,13.8,D,0,19.3,107
47.69285,37.36225,367,0.43,0.46,23/08/2022,942,N20,VIIRS,h,2,305.41,14.52,D,0,23.4,96
47.48104,34.62314,367,0.58,0.52,23/08/2022,942,N20,VIIRS,h,2,302.02,10.74,D,0,22.4,88
47.03302,32.7059,367,0.36,0.57,23/08/2022,942,N20,VIIRS,h,2,293.72,6.01,D,0,17.1,84
47.3187,33.67773,367,0.32,0.55,23/08/2022,942,N20,VIIRS,h,2,302.7,5.44,D,0,19.9,88
49.1367,36.95925,367,0.41,0.45,23/08/2022,942,N20,VIIRS,h,2,304.26,11.55,D,0,20,88
47.9326,38.51254,367,0.38,0.44,23/08/2022,942,N20,VIIRS,h,2,346.33,225.01,D,0,23.7,88
47.91548,38.5608,367,0.38,0.43,23/08/2022,942,N20,VIIRS,h,2,309.31,19.12,D,0,23.7,88
47.92373,38.57899,367,0.38,0.43,23/08/2022,942,N20,VIIRS,h,2,310.53,13.24,D,0,24.6,88
47.93274,38.58146,367,0.57,0.43,23/08/2022,942,N20,VIIRS,h,2,311.37,12.97,D,0,24.6,88
47.9178,38.54113,367,0.38,0.43,23/08/2022,942,N20,VIIRS,h,2,313.16,32.01,D,0,23.7,88
47.93147,38.58283,367,0.57,0.43,23/08/2022,942,N20,VIIRS,h,2,308.94,9.59,D,0,24.6,88
47.92612,38.55914,367,0.38,0.43,23/08/2022,942,N20,VIIRS,h,2,311.05,4.75,D,0,24.6,88
46.96745,33.83276,367,0.32,0.55,23/08/2022,942,N20,VIIRS,h,2,298.77,4.92,D,0,20.9,91
46.96679,33.83111,367,0.32,0.55,23/08/2022,942,N20,VIIRS,h,2,298.95,8.16,D,0,20.9,91
47.1298,37.73949,367,0.43,0.46,23/08/2022,942,N20,VIIRS,h,2,311.08,17.69,D,0,30.6,86
47.49245,33.75267,367,0.63,0.54,23/08/2022,942,N20,VIIRS,h,2,306.83,37.44,D,0,21.1,86
48.48121,36.18073,367,0.46,0.47,23/08/2022,942,N20,VIIRS,h,2,308.65,17.87,D,0,20.8,91
51.43031,30.16831,367,0.33,0.56,23/08/2022,944,N20,VIIRS,h,2,298.9,13.24,D,0,16.3,100
51.42565,30.1718,367,0.33,0.56,23/08/2022,944,N20,VIIRS,h,2,297.62,6.63,D,0,16.3,100
46.4348,34.90868,367,0.39,0.59,23/08/2022,1122,N20,VIIRS,h,2,300.85,38.58,D,0,24.5,87
47.00947,37.30124,367,0.51,0.66,23/08/2022,1122,N20,VIIRS,h,2,300.97,12.05,D,0,32.9,82
46.85642,34.67466,367,0.38,0.59,23/08/2022,1122,N20,VIIRS,h,2,298.45,34.58,D,0,23,92
46.91727,33.84426,367,0.35,0.57,23/08/2022,1122,N20,VIIRS,h,2,300.33,12.24,D,0,20.9,91
46.85683,34.67047,367,0.38,0.59,23/08/2022,1122,N20,VIIRS,h,2,304.3,39.8,D,0,23,92
46.85135,34.67084,367,0.38,0.59,23/08/2022,1122,N20,VIIRS,h,2,301.07,39.8,D,0,23,92
46.28905,35.00195,367,0.4,0.6,23/08/2022,1122,N20,VIIRS,h,2,296.25,6.75,D,0,29.6,82
46.23273,33.46734,367,0.33,0.55,23/08/2022,1122,N20,VIIRS,h,2,296.91,11.54,D,0,18.2,82
47.47811,34.62412,367,0.39,0.59,23/08/2022,1123,N20,VIIRS,h,2,308.58,10.73,D,0,22.4,88
47.01426,37.29921,367,0.52,0.66,23/08/2022,1123,N20,VIIRS,h,2,303.69,7.62,D,0,32.9,82
47.13637,37.68021,367,0.54,0.68,23/08/2022,1123,N20,VIIRS,h,2,304.37,7.57,D,0,30.6,86
47.12747,37.76801,367,0.54,0.68,23/08/2022,1123,N20,VIIRS,h,2,304.27,8.72,D,0,31.5,85
47.13959,37.67405,367,0.54,0.68,23/08/2022,1123,N20,VIIRS,h,2,303.23,14.22,D,0,30.6,86
47.25714,34.62095,367,0.38,0.59,23/08/2022,1123,N20,VIIRS,h,2,297.64,6.92,D,0,20.5,92
47.34957,33.63731,367,0.35,0.56,23/08/2022,1123,N20,VIIRS,h,2,304.41,28.51,D,0,20.3,89
47.34945,33.63598,367,0.35,0.56,23/08/2022,1123,N20,VIIRS,h,2,305.16,29.63,D,0,20.3,89
47.45953,36.30255,367,0.46,0.64,23/08/2022,1123,N20,VIIRS,h,2,306.42,10.87,D,0,23.3,94
47.50175,36.33832,367,0.47,0.64,23/08/2022,1123,N20,VIIRS,h,2,304.09,8.33,D,0,23.7,93
47.47786,34.62569,367,0.39,0.59,23/08/2022,1123,N20,VIIRS,h,2,306.72,7,D,0,22.4,88
47.47768,34.62051,367,0.39,0.59,23/08/2022,1123,N20,VIIRS,h,2,307,5.59,D,0,22.4,88
47.48317,34.62016,367,0.39,0.59,23/08/2022,1123,N20,VIIRS,h,2,306.31,16.18,D,0,22.4,88
47.48299,34.61495,367,0.39,0.59,23/08/2022,1123,N20,VIIRS,h,2,307.98,16.18,D,0,22.4,88
47.4828,34.60975,367,0.39,0.59,23/08/2022,1123,N20,VIIRS,h,2,302.32,11.01,D,0,22.4,88
47.48261,34.60456,367,0.39,0.59,23/08/2022,1123,N20,VIIRS,h,2,304.66,11.01,D,0,22.4,88
47.48344,34.61856,367,0.39,0.59,23/08/2022,1123,N20,VIIRS,h,2,306.33,10.73,D,0,22.4,88
47.48312,34.60814,367,0.39,0.59,23/08/2022,1123,N20,VIIRS,h,2,302.5,11.23,D,0,22.4,88
47.5234,33.90554,367,0.36,0.57,23/08/2022,1123,N20,VIIRS,h,2,303,8.68,D,0,22.1,86
47.52301,33.89573,367,0.36,0.57,23/08/2022,1123,N20,VIIRS,h,2,306.84,20.7,D,0,22.1,86
47.52281,33.89084,367,0.36,0.57,23/08/2022,1123,N20,VIIRS,h,2,308.15,20.7,D,0,22.1,86
47.52734,33.87088,367,0.36,0.57,23/08/2022,1123,N20,VIIRS,h,2,304.93,19.64,D,0,22.1,86
47.52714,33.86604,367,0.36,0.57,23/08/2022,1123,N20,VIIRS,h,2,302.38,9.13,D,0,22.1,86
47.88482,38.11881,367,0.57,0.69,23/08/2022,1123,N20,VIIRS,h,2,301.39,8.01,D,0,23,89
47.88548,38.11766,367,0.57,0.69,23/08/2022,1123,N20,VIIRS,h,2,301.33,9.42,D,0,23,89
47.91109,38.54094,367,0.59,0.7,23/08/2022,1123,N20,VIIRS,h,2,302.69,13.23,D,0,23.7,88
47.92419,38.53201,367,0.59,0.7,23/08/2022,1123,N20,VIIRS,h,2,303.86,22.5,D,0,23.7,88
47.93069,38.55628,367,0.59,0.7,23/08/2022,1123,N20,VIIRS,h,2,304.22,15.01,D,0,24.6,88
47.93724,38.5481,367,0.59,0.7,23/08/2022,1123,N20,VIIRS,h,2,301.63,15.01,D,0,24.6,88
47.93725,38.54042,367,0.59,0.7,23/08/2022,1123,N20,VIIRS,h,2,306.51,18.99,D,0,23.7,88
48.1096,37.47431,367,0.53,0.67,23/08/2022,1123,N20,VIIRS,h,2,300.65,16.52,D,0,20.3,89
48.10955,37.46641,367,0.53,0.67,23/08/2022,1123,N20,VIIRS,h,2,302.45,16.52,D,0,20.3,89
48.49653,37.525,367,0.53,0.67,23/08/2022,1123,N20,VIIRS,h,2,302.88,14.21,D,0,20.1,88
48.51249,30.91972,367,0.53,0.5,23/08/2022,1123,N20,VIIRS,h,2,305.13,27.39,D,0,13.3,87
48.88084,37.6908,367,0.55,0.68,23/08/2022,1123,N20,VIIRS,h,2,300.85,11.44,D,0,19.2,89
48.88307,37.6895,367,0.55,0.68,23/08/2022,1123,N20,VIIRS,h,2,302.31,10.68,D,0,19.2,89
49.01142,33.18516,367,0.34,0.56,23/08/2022,1123,N20,VIIRS,h,2,301.82,8.3,D,0,17.4,98
50.1639,37.03538,367,0.52,0.66,23/08/2022,1123,N20,VIIRS,h,2,303.3,9.34,D,0,21.3,91
51.42567,30.16438,367,0.52,0.5,23/08/2022,1124,N20,VIIRS,h,2,342.77,169.04,D,0,16.3,100
47.41901,37.28955,367,0.36,0.57,24/08/2022,923,N20,VIIRS,h,2,302.64,10.09,D,0,25,85
47.16306,37.81415,367,0.34,0.56,24/08/2022,923,N20,VIIRS,h,2,314.13,20.56,D,0,32.5,78
47.16056,37.82536,367,0.34,0.56,24/08/2022,923,N20,VIIRS,h,2,308.35,10.63,D,0,32.5,78
47.89462,37.23547,367,0.35,0.56,24/08/2022,923,N20,VIIRS,h,2,307.91,8.55,D,0,21.9,83
48.18264,38.16613,367,0.62,0.54,24/08/2022,923,N20,VIIRS,h,2,305.99,19.27,D,0,21.4,89
47.16475,37.81225,367,0.34,0.56,24/08/2022,923,N20,VIIRS,h,2,312.2,21.44,D,0,32.5,78
47.16231,37.8235,367,0.34,0.56,24/08/2022,923,N20,VIIRS,h,2,310.22,12.03,D,0,32.5,78
46.91476,35.00852,367,0.46,0.64,24/08/2022,923,N20,VIIRS,h,2,305.41,19.18,D,0,24.1,83
46.91476,35.00846,367,0.46,0.64,24/08/2022,923,N20,VIIRS,h,2,304.96,8.21,D,0,24.1,83
47.6118,37.23512,367,0.35,0.57,24/08/2022,923,N20,VIIRS,h,2,305.16,8.91,D,0,23.1,85
47.84171,37.76985,367,0.33,0.55,24/08/2022,923,N20,VIIRS,h,2,308.4,4.15,D,0,21.3,84
47.84098,37.77158,367,0.33,0.55,24/08/2022,923,N20,VIIRS,h,2,308.08,8.74,D,0,21.3,84
47.94208,37.77659,367,0.33,0.55,24/08/2022,923,N20,VIIRS,h,2,304.69,19.08,D,0,21.3,84
47.42667,37.62296,367,0.34,0.56,24/08/2022,923,N20,VIIRS,h,2,304.44,6.24,D,0,25.9,80
47.42173,37.60543,367,0.35,0.56,24/08/2022,923,N20,VIIRS,h,2,306.21,12.42,D,0,25.9,80
47.42905,37.61136,367,0.35,0.56,24/08/2022,923,N20,VIIRS,h,2,307.5,13.19,D,0,25.9,80
47.57339,37.9329,367,0.33,0.55,24/08/2022,923,N20,VIIRS,h,2,307.81,4.48,D,0,23.6,82
47.56888,37.91685,367,0.33,0.55,24/08/2022,923,N20,VIIRS,h,2,310.06,4.15,D,0,23.6,82
47.5643,37.90057,367,0.33,0.55,24/08/2022,923,N20,VIIRS,h,2,307.81,10.07,D,0,23.6,82
47.55159,37.83558,367,0.33,0.56,24/08/2022,923,N20,VIIRS,h,2,306.17,11.15,D,0,23.6,82
47.57722,37.90698,367,0.33,0.55,24/08/2022,923,N20,VIIRS,h,2,308.23,9.78,D,0,23.6,82
47.5761,37.90296,367,0.33,0.55,24/08/2022,923,N20,VIIRS,h,2,310.58,9.78,D,0,23.6,82
47.41789,37.30567,367,0.36,0.57,24/08/2022,923,N20,VIIRS,h,2,303.35,8.5,D,0,25,85
48.82893,37.15128,367,0.33,0.55,24/08/2022,924,N20,VIIRS,h,2,304.51,4.51,D,0,20.7,86
49.03412,37.11379,367,0.32,0.55,24/08/2022,924,N20,VIIRS,h,2,307.52,9.84,D,0,20.3,89
49.03424,37.11495,367,0.32,0.55,24/08/2022,924,N20,VIIRS,h,2,304.25,10.7,D,0,20.3,89
49.34079,37.00742,367,0.32,0.55,24/08/2022,924,N20,VIIRS,h,2,305.49,5.19,D,0,20.8,89
49.34555,37.00479,367,0.32,0.55,24/08/2022,924,N20,VIIRS,h,2,307.26,70.19,D,0,20.8,89
49.50139,36.87048,367,0.32,0.55,24/08/2022,924,N20,VIIRS,h,2,309.33,12.86,D,0,20.4,90
50.3198,37.32932,367,0.58,0.52,24/08/2022,924,N20,VIIRS,h,2,309.8,13.45,D,0,18.6,92
48.66695,38.85083,367,0.56,0.52,24/08/2022,924,N20,VIIRS,h,2,308.64,13.88,D,0,20.7,93
47.48892,34.58257,367,0.46,0.64,24/08/2022,924,N20,VIIRS,h,2,303.52,17.55,D,0,25.8,77
47.48532,34.57127,367,0.46,0.64,24/08/2022,924,N20,VIIRS,h,2,300.97,11.4,D,0,25.8,77
51.42101,30.12196,367,0.51,0.66,24/08/2022,925,N20,VIIRS,h,2,298.3,8.31,D,0,14,98
47.12488,37.72777,367,0.32,0.55,24/08/2022,1104,N20,VIIRS,h,2,308.41,10.82,D,0,31.2,79
47.12467,37.7235,367,0.32,0.55,24/08/2022,1104,N20,VIIRS,h,2,310.67,10.82,D,0,31.2,79
47.12446,37.71923,367,0.32,0.55,24/08/2022,1104,N20,VIIRS,h,2,312.11,14.93,D,0,31.2,79
47.12403,37.71069,367,0.32,0.55,24/08/2022,1104,N20,VIIRS,h,2,312.27,50.8,D,0,31.2,79
47.12339,37.6979,367,0.32,0.55,24/08/2022,1104,N20,VIIRS,h,2,308,34.11,D,0,31.2,79
47.13573,37.84434,367,0.32,0.55,24/08/2022,1104,N20,VIIRS,h,2,309.12,14.18,D,0,32.5,78
47.12994,37.72727,367,0.32,0.55,24/08/2022,1104,N20,VIIRS,h,2,308.46,10.82,D,0,31.2,79
47.12973,37.72301,367,0.32,0.55,24/08/2022,1104,N20,VIIRS,h,2,308.47,10.82,D,0,31.2,79
47.12952,37.71875,367,0.32,0.55,24/08/2022,1104,N20,VIIRS,h,2,309.75,14.93,D,0,31.2,79
47.12931,37.71452,367,0.32,0.55,24/08/2022,1104,N20,VIIRS,h,2,307.85,14.93,D,0,31.2,79
47.12909,37.71027,367,0.32,0.55,24/08/2022,1104,N20,VIIRS,h,2,308.72,50.8,D,0,31.2,79
47.1552,37.82467,367,0.32,0.55,24/08/2022,1104,N20,VIIRS,h,2,305.88,8.92,D,0,32.5,78
47.16028,37.8241,367,0.32,0.55,24/08/2022,1104,N20,VIIRS,h,2,311.68,6.08,D,0,32.5,78
46.82319,33.06784,367,0.39,0.44,24/08/2022,1104,N20,VIIRS,h,2,303.6,16.01,D,0,19.7,73
47.15821,37.8247,367,0.32,0.55,24/08/2022,1104,N20,VIIRS,h,2,310.83,16.23,D,0,32.5,78
47.24831,37.78632,367,0.32,0.55,24/08/2022,1104,N20,VIIRS,h,2,305.53,6.34,D,0,27.2,80
47.2481,37.78204,367,0.32,0.55,24/08/2022,1104,N20,VIIRS,h,2,308.6,6.34,D,0,27.2,80
47.5759,37.92095,367,0.33,0.55,24/08/2022,1104,N20,VIIRS,h,2,309.96,13.42,D,0,23.6,82
47.58103,37.92056,367,0.33,0.55,24/08/2022,1104,N20,VIIRS,h,2,306.46,13.42,D,0,23.6,82
47.58059,37.91141,367,0.33,0.55,24/08/2022,1104,N20,VIIRS,h,2,307.72,19.05,D,0,23.6,82
47.57972,37.89324,367,0.33,0.55,24/08/2022,1104,N20,VIIRS,h,2,310.7,12.1,D,0,23.6,82
47.57795,37.91912,367,0.33,0.55,24/08/2022,1104,N20,VIIRS,h,2,314.91,21.81,D,0,23.6,82
47.57756,37.90995,367,0.33,0.55,24/08/2022,1104,N20,VIIRS,h,2,309.96,29.1,D,0,23.6,82
47.57678,37.8918,367,0.33,0.55,24/08/2022,1104,N20,VIIRS,h,2,310.22,8.14,D,0,23.6,82
47.5819,37.89133,367,0.33,0.55,24/08/2022,1104,N20,VIIRS,h,2,304.57,8.14,D,0,23.6,82
47.81841,37.67209,367,0.32,0.55,24/08/2022,1104,N20,VIIRS,h,2,305.24,7.02,D,0,21.8,83
47.85165,37.62052,367,0.32,0.55,24/08/2022,1104,N20,VIIRS,h,2,312.82,25.3,D,0,22.3,85
47.87467,37.78202,367,0.33,0.55,24/08/2022,1104,N20,VIIRS,h,2,305.69,5.13,D,0,21.3,84
47.93685,38.72515,367,0.36,0.58,24/08/2022,1104,N20,VIIRS,h,2,307.69,9.04,D,0,24.3,83
47.93646,38.71548,367,0.36,0.58,24/08/2022,1104,N20,VIIRS,h,2,310.5,9.37,D,0,24.3,83
47.94141,38.70564,367,0.36,0.58,24/08/2022,1104,N20,VIIRS,h,2,304.81,23.99,D,0,24.3,83
47.94102,38.69593,367,0.36,0.57,24/08/2022,1104,N20,VIIRS,h,2,307.33,21.16,D,0,24.3,83
47.94083,38.69111,367,0.36,0.57,24/08/2022,1104,N20,VIIRS,h,2,310.32,21.16,D,0,24.8,82
47.94063,38.6863,367,0.36,0.57,24/08/2022,1104,N20,VIIRS,h,2,307.82,8.74,D,0,24.8,82
47.94024,38.67673,367,0.36,0.57,24/08/2022,1104,N20,VIIRS,h,2,307.94,9.04,D,0,24.8,82
47.93484,38.72816,367,0.36,0.58,24/08/2022,1104,N20,VIIRS,h,2,304.69,8.64,D,0,24.3,83
47.93468,38.72341,367,0.36,0.58,24/08/2022,1104,N20,VIIRS,h,2,310.55,8.64,D,0,24.3,83
47.93333,38.68478,367,0.36,0.57,24/08/2022,1104,N20,VIIRS,h,2,311.23,10.19,D,0,24.8,82
47.94003,38.72323,367,0.36,0.58,24/08/2022,1104,N20,VIIRS,h,2,304.42,8.64,D,0,24.3,83
47.93934,38.70371,367,0.36,0.58,24/08/2022,1104,N20,VIIRS,h,2,311.31,73.19,D,0,24.3,83
47.939,38.69401,367,0.36,0.57,24/08/2022,1104,N20,VIIRS,h,2,309.23,86.75,D,0,24.8,82
47.93866,38.68441,367,0.36,0.57,24/08/2022,1104,N20,VIIRS,h,2,309.11,10.19,D,0,24.8,82
47.93832,38.67493,367,0.36,0.57,24/08/2022,1104,N20,VIIRS,h,2,312.54,9.58,D,0,24.8,82
47.9437,37.77326,367,0.33,0.55,24/08/2022,1104,N20,VIIRS,h,2,309.12,7.95,D,0,21.3,84
48.09995,37.47679,367,0.32,0.54,24/08/2022,1104,N20,VIIRS,h,2,304.26,15.45,D,0,19.9,82
48.22065,38.10509,367,0.34,0.56,24/08/2022,1104,N20,VIIRS,h,2,306.16,9.65,D,0,21.3,89
48.22045,38.10057,367,0.34,0.56,24/08/2022,1104,N20,VIIRS,h,2,308.75,8.73,D,0,21.3,89
48.21682,38.12492,367,0.34,0.56,24/08/2022,1104,N20,VIIRS,h,2,309.63,11.05,D,0,21.4,89
48.22113,38.10149,367,0.34,0.56,24/08/2022,1104,N20,VIIRS,h,2,306.07,10.04,D,0,21.3,89
48.15984,36.46515,367,0.57,0.52,24/08/2022,1104,N20,VIIRS,h,2,305.14,12.56,D,0,22.2,84
48.32086,38.77609,367,0.37,0.58,24/08/2022,1104,N20,VIIRS,h,2,306.77,5.13,D,0,22.9,89
48.32567,38.76053,367,0.37,0.58,24/08/2022,1104,N20,VIIRS,h,2,310.17,32.71,D,0,22.9,89
48.32511,38.74561,367,0.37,0.58,24/08/2022,1104,N20,VIIRS,h,2,315.54,54.76,D,0,22.9,89
48.32474,38.73555,367,0.37,0.58,24/08/2022,1104,N20,VIIRS,h,2,329.59,59.56,D,0,22.9,89
48.3303,38.74058,367,0.37,0.58,24/08/2022,1104,N20,VIIRS,h,2,302.9,59.56,D,0,22.9,89
48.37866,37.98169,367,0.34,0.56,24/08/2022,1104,N20,VIIRS,h,2,308.38,5.6,D,0,19.3,88
48.44028,37.93686,367,0.34,0.56,24/08/2022,1104,N20,VIIRS,h,2,311.32,16.91,D,0,18.7,84
48.46726,37.96202,367,0.34,0.56,24/08/2022,1104,N20,VIIRS,h,2,306.89,6.57,D,0,18.7,84
48.71836,39.47698,367,0.4,0.6,24/08/2022,1104,N20,VIIRS,h,2,309.27,11.61,D,0,22.1,92
48.69181,38.0588,367,0.34,0.56,24/08/2022,1104,N20,VIIRS,h,2,307.12,9.32,D,0,19.5,88
48.65042,34.53945,367,0.47,0.48,24/08/2022,1104,N20,VIIRS,h,2,310.46,13.95,D,0,18.2,80
49.42793,37.12742,367,0.63,0.54,24/08/2022,1104,N20,VIIRS,h,2,309.24,11.46,D,0,21.4,90
49.4273,37.12804,367,0.63,0.54,24/08/2022,1104,N20,VIIRS,h,2,309.71,16.87,D,0,21.4,90
49.62895,37.24748,367,0.32,0.55,24/08/2022,1104,N20,VIIRS,h,2,305.91,4.4,D,0,22,90
50.22812,37.58916,367,0.33,0.56,24/08/2022,1104,N20,VIIRS,h,2,311.87,20.89,D,0,19.2,90
50.23309,37.58372,367,0.33,0.56,24/08/2022,1104,N20,VIIRS,h,2,306.1,18.66,D,0,19.2,90
50.24376,37.59201,367,0.33,0.56,24/08/2022,1104,N20,VIIRS,h,2,311.59,11.96,D,0,19.2,90
50.32263,37.32576,367,0.33,0.55,24/08/2022,1104,N20,VIIRS,h,2,308.49,4.62,D,0,18.6,92
47.16065,38.0774,367,0.54,0.68,25/08/2022,904,N20,VIIRS,h,2,299.96,49.8,D,0,32.5,80
47.18103,38.05487,367,0.54,0.68,25/08/2022,904,N20,VIIRS,h,2,301.84,20.7,D,0,29.5,83
47.17894,38.04856,367,0.54,0.68,25/08/2022,904,N20,VIIRS,h,2,300.67,16.9,D,0,29.5,83
47.17691,38.04243,367,0.54,0.68,25/08/2022,904,N20,VIIRS,h,2,301.1,16.9,D,0,29.5,83
47.15334,37.86605,367,0.55,0.68,25/08/2022,904,N20,VIIRS,h,2,300.53,23.66,D,0,32.9,81
47.10485,37.67802,367,0.56,0.69,25/08/2022,904,N20,VIIRS,h,2,300.4,21.06,D,0,31.7,82
47.15902,37.862,367,0.55,0.68,25/08/2022,904,N20,VIIRS,h,2,300.03,9.48,D,0,29.7,83
48.71733,39.45462,367,0.42,0.61,25/08/2022,905,N20,VIIRS,h,2,308,11.68,D,0,23,92
48.61734,34.34487,367,0.68,0.74,25/08/2022,905,N20,VIIRS,h,2,302.59,25.08,D,0,17.6,72
48.84335,37.84575,367,0.48,0.65,25/08/2022,905,N20,VIIRS,h,2,299.79,11.96,D,0,21.1,87
47.5336,34.62797,367,0.72,0.76,25/08/2022,905,N20,VIIRS,h,2,295.02,15.19,D,0,24.1,73
47.53193,34.62481,367,0.72,0.76,25/08/2022,905,N20,VIIRS,h,2,295.29,19.72,D,0,24.1,73
47.5351,34.63336,367,0.72,0.76,25/08/2022,905,N20,VIIRS,h,2,296.16,19.72,D,0,24.1,73
47.52894,34.6383,367,0.72,0.76,25/08/2022,905,N20,VIIRS,h,2,298.19,19.72,D,0,24.1,73
48.07283,36.63838,367,0.57,0.69,25/08/2022,905,N20,VIIRS,h,2,300.74,10.61,D,0,21.5,79
48.36678,37.58365,367,0.51,0.66,25/08/2022,905,N20,VIIRS,h,2,302.07,6.06,D,0,21,81
48.37041,37.57963,367,0.51,0.66,25/08/2022,905,N20,VIIRS,h,2,302.62,15.01,D,0,21,81
47.10231,37.67896,367,0.56,0.69,25/08/2022,905,N20,VIIRS,h,2,300.98,13.14,D,0,31.7,82
47.0658,36.86505,367,0.61,0.71,25/08/2022,905,N20,VIIRS,h,2,305.41,176.16,D,0,27.5,83
48.20022,37.75383,367,0.51,0.66,25/08/2022,905,N20,VIIRS,h,2,301.46,17.41,D,0,20.5,82
47.0662,36.86488,367,0.61,0.71,25/08/2022,905,N20,VIIRS,h,2,301.99,145.76,D,0,27.5,83
47.34092,37.6011,367,0.56,0.68,25/08/2022,905,N20,VIIRS,h,2,300.66,7.89,D,0,28,83
47.46302,37.46498,367,0.56,0.69,25/08/2022,905,N20,VIIRS,h,2,300.63,25.6,D,0,27,85
47.46655,37.45438,367,0.56,0.69,25/08/2022,905,N20,VIIRS,h,2,300.64,22.57,D,0,27,85
47.79885,37.47181,367,0.54,0.68,25/08/2022,905,N20,VIIRS,h,2,299.36,8.68,D,0,23.5,87
47.92272,37.25693,367,0.55,0.68,25/08/2022,905,N20,VIIRS,h,2,302.18,21.75,D,0,21.4,82
47.92131,37.25784,367,0.55,0.68,25/08/2022,905,N20,VIIRS,h,2,301.49,9.8,D,0,21.4,82
47.91898,37.25101,367,0.55,0.68,25/08/2022,905,N20,VIIRS,h,2,302.82,9.8,D,0,21.4,82
48.14726,37.8896,367,0.51,0.66,25/08/2022,905,N20,VIIRS,h,2,297.93,8.96,D,0,20.5,85
48.46102,38.77394,367,0.46,0.63,25/08/2022,905,N20,VIIRS,h,2,300.98,7.36,D,0,21,90
48.71416,39.46095,367,0.42,0.61,25/08/2022,905,N20,VIIRS,h,2,303.02,9.85,D,0,23,92
48.19631,37.78979,367,0.51,0.66,25/08/2022,905,N20,VIIRS,h,2,300.35,12.88,D,0,20,84
48.19931,37.75724,367,0.51,0.66,25/08/2022,905,N20,VIIRS,h,2,303.29,18.1,D,0,20.5,82
48.19738,37.75134,367,0.51,0.66,25/08/2022,905,N20,VIIRS,h,2,300.93,18.1,D,0,20.5,82
48.19722,37.78597,367,0.51,0.66,25/08/2022,905,N20,VIIRS,h,2,302.68,20.87,D,0,20,84
50.35278,35.75583,367,0.52,0.67,25/08/2022,906,N20,VIIRS,h,2,297.77,17.91,D,0,19.2,85
50.3506,35.74944,367,0.52,0.67,25/08/2022,906,N20,VIIRS,h,2,298.4,14.87,D,0,19.2,85
50.35329,35.75281,367,0.52,0.67,25/08/2022,906,N20,VIIRS,h,2,298.21,10.99,D,0,19.2,85
50.4445,35.40442,367,0.53,0.67,25/08/2022,906,N20,VIIRS,h,2,298.95,21.78,D,0,17.1,78
50.45531,35.39475,367,0.53,0.67,25/08/2022,906,N20,VIIRS,h,2,298.18,16.74,D,0,17.1,78
50.93902,34.10002,367,0.57,0.69,25/08/2022,906,N20,VIIRS,h,2,294.64,11.65,D,0,15.3,85
47.14087,37.69852,367,0.39,0.44,25/08/2022,1045,N20,VIIRS,h,2,309,12.12,D,0,31.7,82
47.32521,31.6888,367,0.39,0.36,25/08/2022,1045,N20,VIIRS,h,2,353.21,78.99,D,0,17.9,57
47.32449,31.6837,367,0.39,0.36,25/08/2022,1045,N20,VIIRS,h,2,347.2,156.53,D,0,17.9,57
48.03666,37.50287,367,0.39,0.44,25/08/2022,1045,N20,VIIRS,h,2,307.4,10.35,D,0,20.6,82
49.38529,37.56327,367,0.4,0.45,25/08/2022,1045,N20,VIIRS,h,2,303.31,6.06,D,0,20.6,84
48.37331,37.54943,367,0.39,0.44,25/08/2022,1045,N20,VIIRS,h,2,333.77,52.46,D,0,20.6,82
50.24247,37.55449,367,0.41,0.45,25/08/2022,1045,N20,VIIRS,h,2,311.85,10.28,D,0,17.8,86
49.84991,36.85043,367,0.38,0.43,25/08/2022,1045,N20,VIIRS,h,2,300.07,12.3,D,0,20.6,85
47.13995,37.68832,367,0.39,0.44,25/08/2022,1045,N20,VIIRS,h,2,330.09,40.45,D,0,31.7,82
48.55513,38.20602,367,0.42,0.45,25/08/2022,1045,N20,VIIRS,h,2,309.6,11.67,D,0,20.2,87
48.49497,37.24833,367,0.38,0.43,25/08/2022,1045,N20,VIIRS,h,2,311.78,16.42,D,0,21.2,80
47.17533,38.04264,367,0.4,0.44,25/08/2022,1045,N20,VIIRS,h,2,306.56,5.56,D,0,29.5,83
47.1744,38.03186,367,0.4,0.44,25/08/2022,1045,N20,VIIRS,h,2,309.22,7.35,D,0,29.5,83
47.17393,38.02652,367,0.4,0.44,25/08/2022,1045,N20,VIIRS,h,2,309.94,17.14,D,0,29.5,83
47.17301,38.01596,367,0.4,0.44,25/08/2022,1045,N20,VIIRS,h,2,307.97,39.79,D,0,29.5,83
47.38849,37.61982,367,0.39,0.44,25/08/2022,1045,N20,VIIRS,h,2,308.05,19.25,D,0,27.5,83
47.51943,37.46762,367,0.38,0.43,25/08/2022,1045,N20,VIIRS,h,2,309.18,8.48,D,0,25.6,86
47.83954,37.79391,367,0.4,0.44,25/08/2022,1045,N20,VIIRS,h,2,300.48,24.04,D,0,22.4,84
47.84361,37.79309,367,0.4,0.44,25/08/2022,1045,N20,VIIRS,h,2,295.6,24.04,D,0,22.4,84
47.53194,34.62885,367,0.45,0.39,25/08/2022,1045,N20,VIIRS,h,2,307.68,19.52,D,0,24.1,73
47.53126,34.62286,367,0.45,0.39,25/08/2022,1045,N20,VIIRS,h,2,308.59,16.11,D,0,24.1,73
47.46765,37.44855,367,0.57,0.43,25/08/2022,1045,N20,VIIRS,h,2,309.03,7.89,D,0,27,85
47.38139,37.63151,367,0.39,0.44,25/08/2022,1045,N20,VIIRS,h,2,309.92,6.69,D,0,27.5,83
49.84639,36.85669,367,0.38,0.43,25/08/2022,1045,N20,VIIRS,h,2,302.81,12.3,D,0,20.6,85
47.11546,37.73447,367,0.39,0.44,25/08/2022,1045,N20,VIIRS,h,2,308.13,5.51,D,0,31.7,82
47.16857,38.06031,367,0.4,0.44,25/08/2022,1045,N20,VIIRS,h,2,309.32,11.64,D,0,29.5,83
47.14511,37.79202,367,0.39,0.44,25/08/2022,1045,N20,VIIRS,h,2,307.71,13.26,D,0,32.9,81
47.1427,37.71896,367,0.39,0.44,25/08/2022,1045,N20,VIIRS,h,2,305.85,10.24,D,0,31.7,82
47.14178,37.70872,367,0.39,0.44,25/08/2022,1045,N20,VIIRS,h,2,309.78,12.69,D,0,31.7,82
51.37789,29.49542,367,0.43,0.38,26/08/2022,1027,N20,VIIRS,h,2,308,9.16,D,0,14.1,84
51.409,30.14452,367,0.41,0.37,26/08/2022,1027,N20,VIIRS,h,2,309.38,6.58,D,0,13.3,82
51.25156,29.83599,367,0.42,0.38,26/08/2022,1027,N20,VIIRS,h,2,309.5,31.47,D,0,13.3,79
48.36457,22.34338,367,0.35,0.56,26/08/2022,1207,N20,VIIRS,h,2,305.91,4.04,D,0,7.3,58
51.25025,29.84359,367,0.77,0.77,26/08/2022,1208,N20,VIIRS,h,2,300.13,16.53,D,0,13.3,79
51.25781,29.83294,367,0.77,0.77,26/08/2022,1208,N20,VIIRS,h,2,302.11,38.34,D,0,13.3,79
51.25965,29.82782,367,0.77,0.77,26/08/2022,1208,N20,VIIRS,h,2,302.14,45.52,D,0,13.3,79
51.42373,30.1364,367,0.79,0.78,26/08/2022,1208,N20,VIIRS,h,2,298.13,39.27,D,0,13.3,82
51.42414,30.1247,367,0.79,0.78,26/08/2022,1208,N20,VIIRS,h,2,302.39,26,D,0,13.3,82
51.43141,30.12544,367,0.79,0.78,26/08/2022,1208,N20,VIIRS,h,2,294.58,26,D,0,13.3,82
49.42428,25.33619,367,0.48,0.65,26/08/2022,1208,N20,VIIRS,h,2,298,13.51,D,0,8.9,59
47.82164,37.85117,367,0.35,0.57,26/08/2022,2240,N20,VIIRS,h,2,289.15,14.45,N,0,20.7,86
46.70645,36.00892,367,0.42,0.61,26/08/2022,2241,N20,VIIRS,h,2,278,8.49,N,0,28.7,80
48.76542,37.9972,367,0.39,0.36,27/08/2022,1007,N20,VIIRS,h,2,301.41,13.75,D,0,17.7,95
49.87749,25.05841,367,0.33,0.56,27/08/2022,1008,N20,VIIRS,h,2,303.63,13.25,D,0,8.9,114
49.40938,37.02771,367,0.4,0.37,27/08/2022,1008,N20,VIIRS,h,2,344.42,39.27,D,0,21.4,97
51.23564,26.27319,367,0.33,0.56,27/08/2022,1149,N20,VIIRS,h,2,302.82,4.45,D,0,9.6,86
46.51213,31.69292,367,0.35,0.57,28/08/2022,948,N20,VIIRS,h,2,303.15,8.57,D,0,11.5,243
47.63783,31.87748,367,0.32,0.55,28/08/2022,949,N20,VIIRS,h,2,300.16,4.38,D,0,7.8,310
46.99089,31.57466,367,0.33,0.55,28/08/2022,1129,N20,VIIRS,h,2,304.59,7.42,D,0,8.8,282
47.12648,32.5731,367,0.37,0.58,28/08/2022,1129,N20,VIIRS,h,2,301.13,6.62,D,0,8.3,268
48.39715,38.72664,367,0.72,0.76,28/08/2022,1129,N20,VIIRS,h,2,292.74,22.82,D,0,14.5,148
48.39965,38.73291,367,0.72,0.76,28/08/2022,1129,N20,VIIRS,h,2,291.21,14.73,D,0,14.5,148
47.56094,37.66148,367,0.64,0.72,28/08/2022,1129,N20,VIIRS,h,2,292.14,12.72,D,0,10,142
47.48555,36.55407,367,0.57,0.69,28/08/2022,1129,N20,VIIRS,h,2,290.46,18.11,D,0,8.8,171
46.23941,34.61311,367,0.45,0.63,28/08/2022,1129,N20,VIIRS,h,2,298.47,17.07,D,0,10,258
46.23787,34.61065,367,0.45,0.63,28/08/2022,1129,N20,VIIRS,h,2,300.19,13.61,D,0,10,258
46.52241,31.70842,367,0.33,0.55,28/08/2022,1129,N20,VIIRS,h,2,301.08,7.68,D,0,11.5,243
46.5222,31.70409,367,0.33,0.55,28/08/2022,1129,N20,VIIRS,h,2,303.16,7.68,D,0,11.5,243
46.53216,31.59462,367,0.32,0.55,28/08/2022,1129,N20,VIIRS,h,2,298.97,5.76,D,0,11.5,243
48.4042,38.72647,367,0.72,0.76,28/08/2022,1129,N20,VIIRS,h,2,291.41,23.89,D,0,12.8,143
46.54311,31.71095,367,0.33,0.55,28/08/2022,1129,N20,VIIRS,h,2,300.58,32,D,0,11.5,243
46.5454,31.71119,367,0.33,0.55,28/08/2022,1129,N20,VIIRS,h,2,292.45,14.32,D,0,11.5,243
46.42233,34.92286,367,0.41,0.61,29/08/2022,930,N20,VIIRS,h,2,304.49,7.29,D,0,8.7,302
47.35561,36.84169,367,0.32,0.55,29/08/2022,930,N20,VIIRS,h,2,311.07,10.67,D,0,8.2,339
47.35451,36.83771,367,0.32,0.55,29/08/2022,930,N20,VIIRS,h,2,307.78,10.67,D,0,8.2,339
47.47195,36.52903,367,0.33,0.55,29/08/2022,930,N20,VIIRS,h,2,307.04,9.46,D,0,7.3,348
47.33475,34.27728,367,0.41,0.61,29/08/2022,930,N20,VIIRS,h,2,303.82,13.11,D,0,5.9,259
48.47878,38.39678,367,0.51,0.49,29/08/2022,930,N20,VIIRS,h,2,308.96,21.89,D,0,7.3,343
47.52446,34.64532,367,0.39,0.6,29/08/2022,930,N20,VIIRS,h,2,300.07,7.43,D,0,5.6,298
47.3858,33.80243,367,0.43,0.62,29/08/2022,930,N20,VIIRS,h,2,299.54,20.13,D,0,7.1,219
50.72857,30.90637,367,0.44,0.62,29/08/2022,931,N20,VIIRS,h,2,301.43,7.59,D,0,10.7,252
46.52106,31.79522,367,0.4,0.44,29/08/2022,1110,N20,VIIRS,h,2,309.47,8.48,D,0,10.6,215
46.54271,31.71194,367,0.4,0.44,29/08/2022,1110,N20,VIIRS,h,2,307.39,10.44,D,0,10.6,215
47.3516,36.83683,367,0.35,0.57,29/08/2022,1110,N20,VIIRS,h,2,309.29,5.95,D,0,8.2,339
47.35156,36.83923,367,0.35,0.57,29/08/2022,1110,N20,VIIRS,h,2,307.28,7.08,D,0,8.2,339
47.35138,36.83458,367,0.35,0.57,29/08/2022,1110,N20,VIIRS,h,2,309.06,11.12,D,0,8.2,339
47.55093,36.20686,367,0.33,0.55,29/08/2022,1110,N20,VIIRS,h,2,304.47,5.87,D,0,6.9,338
47.80478,36.88114,367,0.35,0.57,29/08/2022,1110,N20,VIIRS,h,2,302.17,44.37,D,0,7.2,328
47.80986,36.87591,367,0.35,0.57,29/08/2022,1110,N20,VIIRS,h,2,306.62,14.53,D,0,7.2,328
47.80968,36.87115,367,0.35,0.57,29/08/2022,1110,N20,VIIRS,h,2,306.59,9.01,D,0,7.2,328
47.95889,37.49782,367,0.38,0.59,29/08/2022,1110,N20,VIIRS,h,2,306.66,6.7,D,0,7.1,339
48.07016,37.86755,367,0.39,0.6,29/08/2022,1110,N20,VIIRS,h,2,307.95,12.94,D,0,6.9,347
48.22178,37.46418,367,0.38,0.59,29/08/2022,1110,N20,VIIRS,h,2,305.43,11.82,D,0,7.8,353
48.22315,37.46488,367,0.38,0.59,29/08/2022,1110,N20,VIIRS,h,2,302.95,14.59,D,0,7.8,353
48.47452,38.40034,367,0.42,0.61,29/08/2022,1110,N20,VIIRS,h,2,305.54,11.82,D,0,7.3,343
48.49907,38.73127,367,0.44,0.62,29/08/2022,1110,N20,VIIRS,h,2,298.61,7.2,D,0,6.7,324
48.66891,38.03581,367,0.4,0.6,29/08/2022,1110,N20,VIIRS,h,2,303.24,5.66,D,0,6.6,308
51.43457,30.15461,367,0.39,0.44,29/08/2022,1111,N20,VIIRS,h,2,304.44,16.11,D,0,10,250
48.44356,37.6347,367,0.44,0.62,30/08/2022,911,N20,VIIRS,h,2,301.9,12.24,D,0,5.1,200
47.31562,37.06634,367,0.5,0.66,30/08/2022,911,N20,VIIRS,h,2,296.6,6.54,D,0,6.4,66
46.10221,33.43343,367,0.78,0.78,30/08/2022,911,N20,VIIRS,h,2,297.46,21.11,D,0,6.2,331
47.60648,37.01042,367,0.49,0.65,30/08/2022,911,N20,VIIRS,h,2,301,27.99,D,0,5.3,133
47.6097,37.00874,367,0.49,0.65,30/08/2022,911,N20,VIIRS,h,2,298.76,9.86,D,0,5.3,133
47.94341,37.43515,367,0.46,0.64,30/08/2022,911,N20,VIIRS,h,2,303.68,9.53,D,0,4.4,109
47.63911,36.21624,367,0.53,0.67,30/08/2022,911,N20,VIIRS,h,2,295.96,9.66,D,0,7,184
47.91672,37.02357,367,0.48,0.65,30/08/2022,911,N20,VIIRS,h,2,297.75,14.52,D,0,4.7,171
48.61673,39.18197,367,0.37,0.58,30/08/2022,911,N20,VIIRS,h,2,299.6,10.64,D,0,4.5,235
48.44183,37.62918,367,0.44,0.62,30/08/2022,911,N20,VIIRS,h,2,302.33,13.26,D,0,5.1,200
48.55322,37.90638,367,0.42,0.61,30/08/2022,911,N20,VIIRS,h,2,299.7,11.09,D,0,4.7,203
48.5671,37.73451,367,0.43,0.62,30/08/2022,911,N20,VIIRS,h,2,302.94,12.96,D,0,4.8,198
48.5724,37.73129,367,0.43,0.62,30/08/2022,911,N20,VIIRS,h,2,300.45,12.96,D,0,4.8,198
48.57079,37.72614,367,0.43,0.62,30/08/2022,911,N20,VIIRS,h,2,301.76,19.46,D,0,4.8,198
47.90751,37.02349,367,0.43,0.46,30/08/2022,1051,N20,VIIRS,h,2,309.08,12.87,D,0,4.7,171
48.81466,38.0606,367,0.49,0.49,30/08/2022,1051,N20,VIIRS,h,2,305.81,15.15,D,0,5,174
48.63183,38.81952,367,0.6,0.71,31/08/2022,852,N20,VIIRS,h,2,297.96,21.92,D,0,6.2,298
48.00707,39.71736,367,0.58,0.7,31/08/2022,852,N20,VIIRS,h,2,297.92,16.25,D,0,7.4,31
47.56646,38.21095,367,0.69,0.75,31/08/2022,852,N20,VIIRS,h,2,295.17,23.34,D,0,5.9,25
47.28466,33.75482,367,0.38,0.36,31/08/2022,1032,N20,VIIRS,h,2,310.39,10.19,D,0,9.5,19
46.16901,34.08569,367,0.38,0.36,31/08/2022,1032,N20,VIIRS,h,2,311.99,6.29,D,0,9,66
47.1066,33.1849,367,0.47,0.64,02/09/2022,1135,N20,VIIRS,h,2,296.61,10.69,D,0,16.9,43
47.34416,33.8472,367,0.5,0.66,02/09/2022,1135,N20,VIIRS,h,2,295.01,82.26,D,0,18.6,35
47.34381,33.84563,367,0.5,0.66,02/09/2022,1135,N20,VIIRS,h,2,296.65,46.51,D,0,18.6,35
47.50175,34.39468,367,0.53,0.67,02/09/2022,1135,N20,VIIRS,h,2,297.07,10.54,D,0,16.6,32
51.41149,30.17282,367,0.36,0.57,02/09/2022,1137,N20,VIIRS,h,2,291.43,10.67,D,0,8.2,332
51.42197,30.16679,367,0.36,0.57,02/09/2022,1137,N20,VIIRS,h,2,290.58,56.99,D,0,8.2,332
51.45945,29.89451,367,0.35,0.57,02/09/2022,1137,N20,VIIRS,h,2,302.17,50.9,D,0,8.6,330
48.32832,39.44715,367,0.4,0.44,03/09/2022,936,N20,VIIRS,h,2,298.73,7.88,D,0,18,60
47.63869,37.16037,367,0.43,0.62,03/09/2022,1116,N20,VIIRS,h,2,293.24,12.88,D,0,19,56
48.3982,37.43129,367,0.45,0.63,03/09/2022,1117,N20,VIIRS,h,2,290.76,9.91,D,0,18.4,52
47.50685,34.39135,367,0.5,0.66,05/09/2022,52,N20,VIIRS,h,2,285.16,6.27,N,0,7.9,328
49.98101,37.33142,367,0.35,0.56,06/09/2022,33,N20,VIIRS,h,2,285.01,5.35,N,0,14.1,322
50.00151,23.35494,367,0.34,0.56,06/09/2022,1202,N20,VIIRS,h,2,293.03,12.37,D,0,10.3,68
46.15884,33.48185,367,0.57,0.69,07/09/2022,1141,N20,VIIRS,h,2,299.17,11.91,D,0,8.2,6
47.10438,34.20318,367,0.62,0.71,07/09/2022,1142,N20,VIIRS,h,2,299.76,9.54,D,0,6.9,347
46.85704,32.39706,367,0.51,0.66,07/09/2022,1142,N20,VIIRS,h,2,298.88,8.11,D,0,6.3,7
46.73855,32.81335,367,0.53,0.67,07/09/2022,1142,N20,VIIRS,h,2,296.72,13.56,D,0,6.4,38
46.49129,31.64463,367,0.47,0.64,07/09/2022,1142,N20,VIIRS,h,2,295.56,17.13,D,0,10.7,65
46.48535,31.64486,367,0.47,0.64,07/09/2022,1142,N20,VIIRS,h,2,293.26,17.13,D,0,10.7,65
46.49416,31.64667,367,0.47,0.64,07/09/2022,1142,N20,VIIRS,h,2,290.46,8.93,D,0,10.7,65
49.27917,31.98093,367,0.5,0.66,07/09/2022,1142,N20,VIIRS,h,2,292.94,7.68,D,0,7.6,251
47.33094,33.32773,367,0.57,0.69,07/09/2022,1142,N20,VIIRS,h,2,296.89,12.98,D,0,6.1,301
50.7898,29.20765,367,0.38,0.59,07/09/2022,1143,N20,VIIRS,h,2,297.69,24.28,D,0,6.1,290
50.78434,29.20795,367,0.38,0.59,07/09/2022,1143,N20,VIIRS,h,2,307.37,31.28,D,0,6.1,290
50.58057,29.40257,367,0.39,0.59,07/09/2022,1143,N20,VIIRS,h,2,295.51,11.01,D,0,7.2,262
50.36935,30.24695,367,0.42,0.61,07/09/2022,1143,N20,VIIRS,h,2,300,32.43,D,0,8,264
51.45734,29.92672,367,0.41,0.61,07/09/2022,1143,N20,VIIRS,h,2,300.63,27.33,D,0,9.6,257
51.39294,29.55393,367,0.4,0.6,07/09/2022,1143,N20,VIIRS,h,2,293.27,11.16,D,0,9.4,262
47.25738,32.69492,367,0.35,0.57,08/09/2022,942,N20,VIIRS,h,2,301.4,5.29,D,0,12,201
47.261,32.68761,367,0.35,0.57,08/09/2022,942,N20,VIIRS,h,2,298.23,5.29,D,0,12,201
49.22348,36.67028,367,0.42,0.45,08/09/2022,943,N20,VIIRS,h,2,298.71,10.05,D,0,12.7,246
51.07649,28.43888,367,0.4,0.6,08/09/2022,944,N20,VIIRS,h,2,296.09,7.14,D,0,8.5,38
51.0396,28.8025,367,0.39,0.59,08/09/2022,944,N20,VIIRS,h,2,293.29,6.23,D,0,9.1,34
45.04603,33.59705,367,0.33,0.55,08/09/2022,1122,N20,VIIRS,h,2,300.8,16.6,D,0,8.8,342
45.04645,33.6056,367,0.33,0.55,08/09/2022,1122,N20,VIIRS,h,2,298.82,17.5,D,0,8.8,342
49.69522,37.13971,367,0.52,0.67,08/09/2022,1123,N20,VIIRS,h,2,290.73,29.14,D,0,12.3,259
47.39389,33.53034,367,0.34,0.56,08/09/2022,1123,N20,VIIRS,h,2,297.07,8.09,D,0,10.5,200
47.35529,36.7913,367,0.37,0.58,09/09/2022,923,N20,VIIRS,h,2,296.21,17.04,D,0,7.2,61
45.94286,30.25351,367,0.79,0.78,09/09/2022,924,N20,VIIRS,h,2,290.92,36.03,D,0,16.6,195
45.93779,30.25197,367,0.79,0.78,09/09/2022,924,N20,VIIRS,h,2,296.89,54.24,D,0,16.6,195
47.23295,38.13042,367,0.34,0.56,09/09/2022,1104,N20,VIIRS,h,2,292.16,26.29,D,0,7.7,62
47.81971,37.61829,367,0.32,0.55,09/09/2022,1104,N20,VIIRS,h,2,295.1,7.73,D,0,7.1,43
47.65419,37.52438,367,0.32,0.54,09/09/2022,1104,N20,VIIRS,h,2,293.07,5.39,D,0,8.1,79
48.32835,37.59562,367,0.51,0.66,10/09/2022,905,N20,VIIRS,h,2,294.74,9.11,D,0,13.6,91
48.20268,37.50791,367,0.52,0.67,10/09/2022,905,N20,VIIRS,h,2,296.63,11.27,D,0,13.7,88
47.37914,37.8509,367,0.4,0.44,10/09/2022,1045,N20,VIIRS,h,2,305.34,17.05,D,0,16.9,81
45.00986,34.58097,367,0.38,0.36,16/09/2022,1032,N20,VIIRS,h,2,306.47,15.49,D,0,18.6,234
46.08425,34.63541,367,0.37,0.58,19/09/2022,936,N20,VIIRS,h,2,293.74,9.35,D,0,14.5,283
45.4911,29.51717,367,0.44,0.62,28/09/2022,1148,N20,VIIRS,h,2,296.81,10.06,D,0,13.1,243
45.51093,29.50705,367,0.47,0.64,29/09/2022,949,N20,VIIRS,h,2,295.95,37.94,D,0,11.5,174
45.49466,29.51722,367,0.47,0.64,29/09/2022,949,N20,VIIRS,h,2,295.5,13.7,D,0,11.5,174
45.50351,29.5249,367,0.47,0.64,29/09/2022,949,N20,VIIRS,h,2,300.26,40.72,D,0,11.5,174
45.50008,29.51382,367,0.47,0.64,29/09/2022,949,N20,VIIRS,h,2,297.09,39.65,D,0,11.5,174
45.50209,29.49934,367,0.47,0.64,29/09/2022,949,N20,VIIRS,h,2,293.44,23.72,D,0,11.5,174
45.49821,29.51175,367,0.51,0.49,29/09/2022,1129,N20,VIIRS,h,2,300.49,10.04,D,0,11.5,174
45.50186,29.49797,367,0.51,0.49,29/09/2022,1129,N20,VIIRS,h,2,297.95,21.43,D,0,11.5,174
45.51461,29.55106,367,0.48,0.4,30/09/2022,1110,N20,VIIRS,h,2,339.52,154.78,D,0,9.6,230
47.87973,35.15251,367,0.39,0.59,02/10/2022,2247,N20,VIIRS,h,2,283.2,3.24,N,2,18.8,206
46.73773,36.44598,367,0.4,0.6,05/10/2022,1116,N20,VIIRS,h,2,291.01,19.19,D,0,10.5,285
47.87947,35.15531,367,0.52,0.67,07/10/2022,52,N20,VIIRS,h,2,282.17,8.66,N,2,11.5,6
45.50675,29.45889,367,0.42,0.38,07/10/2022,1038,N20,VIIRS,h,2,343.63,79.47,D,0,11.1,22
45.51073,29.46539,367,0.55,0.68,10/10/2022,942,N20,VIIRS,h,2,292.37,7.52,D,0,15.5,336
47.25512,33.63501,367,0.51,0.66,11/10/2022,924,N20,VIIRS,h,2,292.32,15.68,D,0,15.9,307
45.50168,29.425,367,0.54,0.42,13/10/2022,1026,N20,VIIRS,h,2,293.19,10.33,D,0,11.2,55
45.5068,29.43002,367,0.54,0.42,13/10/2022,1026,N20,VIIRS,h,2,343.33,113.63,D,0,11.2,55
45.50541,29.4234,367,0.54,0.42,13/10/2022,1026,N20,VIIRS,h,2,335.56,113.63,D,0,11.2,55
45.51159,29.41327,367,0.58,0.52,14/10/2022,1007,N20,VIIRS,h,2,293.24,37.76,D,0,13.1,61
45.512,29.41283,367,0.58,0.52,14/10/2022,1007,N20,VIIRS,h,2,291.78,15.15,D,0,13.1,61
45.5093,29.42215,367,0.58,0.52,14/10/2022,1007,N20,VIIRS,h,2,298.49,15.15,D,0,13.1,61
45.51067,29.41105,367,0.43,0.62,14/10/2022,1148,N20,VIIRS,h,2,295.85,18.27,D,0,13.1,61
45.51099,29.42232,367,0.43,0.62,14/10/2022,1148,N20,VIIRS,h,2,292.95,15.98,D,0,13.1,61
47.81279,35.15611,367,0.77,0.77,14/10/2022,2222,N20,VIIRS,h,2,279.46,12.74,N,0,9.5,26
45.51457,29.42835,367,0.47,0.64,15/10/2022,949,N20,VIIRS,h,2,290.49,6.7,D,0,13.4,49
45.51516,29.42829,367,0.47,0.64,15/10/2022,949,N20,VIIRS,h,2,290.65,8.57,D,0,13.4,49
47.18796,33.55574,367,0.41,0.61,15/10/2022,1129,N20,VIIRS,h,2,291.15,5.1,D,0,13.5,65
47.18232,33.55604,367,0.41,0.61,15/10/2022,1129,N20,VIIRS,h,2,295.34,17.65,D,0,13.5,65
46.41307,34.6054,367,0.54,0.51,16/10/2022,1110,N20,VIIRS,h,2,295.22,24.22,D,0,16.4,53
47.87964,35.15342,367,0.45,0.63,18/10/2022,46,N20,VIIRS,h,2,275.87,11.95,N,2,6.2,214
47.8686,33.43117,367,0.38,0.59,18/10/2022,46,N20,VIIRS,h,2,280.2,5.69,N,2,9.1,238
47.8782,35.15154,367,0.39,0.59,18/10/2022,2247,N20,VIIRS,h,2,284.52,5.87,N,2,6.2,214
45.25652,28.75457,367,0.48,0.65,19/10/2022,1154,N20,VIIRS,h,2,292.32,14.53,D,0,11.5,301
45.25426,28.75068,367,0.48,0.65,19/10/2022,1154,N20,VIIRS,h,2,296.99,20.74,D,0,11.5,301
45.33104,28.36826,367,0.46,0.63,19/10/2022,1154,N20,VIIRS,h,2,292.87,11,D,0,11.5,286
45.24228,28.75106,367,0.48,0.65,19/10/2022,1154,N20,VIIRS,h,2,293,8.16,D,0,11.5,301
45.34064,28.36145,367,0.45,0.63,20/10/2022,955,N20,VIIRS,h,2,291.86,22.9,D,0,16.6,330
46.49757,34.38109,367,0.57,0.43,22/10/2022,1057,N20,VIIRS,h,2,297.25,21.07,D,0,11.4,165
47.86891,33.42816,367,0.39,0.6,23/10/2022,2253,N20,VIIRS,h,2,282.65,7.3,N,2,16.4,208
45.29749,28.57099,367,0.56,0.69,24/10/2022,1200,N20,VIIRS,h,2,292.05,45.63,D,0,7.2,186
45.29098,28.5564,367,0.56,0.69,24/10/2022,1200,N20,VIIRS,h,2,292.57,19.81,D,0,7.2,186
45.2895,28.55802,367,0.56,0.69,24/10/2022,1200,N20,VIIRS,h,2,290.27,19.01,D,0,7.2,186
45.4496,29.11127,367,0.41,0.45,26/10/2022,1122,N20,VIIRS,h,2,295.49,9.8,D,0,13.1,322
45.39005,28.49218,367,0.53,0.67,31/10/2022,949,N20,VIIRS,h,2,293.57,11.05,D,0,12,326
45.39015,28.49065,367,0.52,0.67,31/10/2022,949,N20,VIIRS,h,2,293.67,13.57,D,0,12,326
48.51781,33.82313,367,0.43,0.62,31/10/2022,1130,N20,VIIRS,h,2,291.36,25.73,D,0,20.5,319
48.60158,31.20503,367,0.33,0.55,31/10/2022,1130,N20,VIIRS,h,2,292.18,9.29,D,0,17.2,321
47.8662,33.43077,367,0.33,0.56,13/11/2022,2259,N20,VIIRS,h,2,283.08,7.95,N,2,14.5,292
50.43103,33.94978,367,0.33,0.55,29/11/2022,2258,N20,VIIRS,h,2,266.32,6.72,N,0,17.5,91
47.87859,35.15526,367,0.44,0.63,05/12/2022,46,N20,VIIRS,h,2,266.32,10.59,N,2,16.6,84
48.21502,38.24522,367,0.37,0.58,06/12/2022,27,N20,VIIRS,h,2,264.45,5.31,N,2,17,101
49.5571,36.6231,367,0.69,0.74,20/12/2022,104,N20,VIIRS,h,2,272.29,143.94,N,0,11.7,229
47.86177,33.44168,367,0.34,0.56,31/12/2022,2259,N20,VIIRS,h,2,260.8,12.89,N,0,7.7,227
46.64346,32.80239,367,0.37,0.58,19/01/2023,1129,N20,VIIRS,h,2,292.37,38.7,D,0,21.1,182
46.62684,32.79358,367,0.37,0.58,19/01/2023,1129,N20,VIIRS,h,2,291.11,30.35,D,0,21.1,182
48.46351,38.77615,367,0.38,0.59,08/02/2023,27,N20,VIIRS,h,2,266.35,7.81,N,0,17.8,33
47.87048,33.4416,367,0.4,0.6,12/02/2023,2253,N20,VIIRS,h,2,265.41,10.96,N,2,20.5,311
48.46206,38.77426,367,0.6,0.7,23/02/2023,46,N20,VIIRS,h,2,264.39,14.09,N,0,13.5,316
45.58521,29.17394,367,0.35,0.57,02/03/2023,1142,N20,VIIRS,h,2,293.38,35.52,D,0,7.7,6
45.46548,29.56268,367,0.67,0.74,04/03/2023,118,N20,VIIRS,h,2,267.98,14.5,N,0,10.4,242
47.60114,35.78383,367,0.41,0.6,04/03/2023,924,N20,VIIRS,h,2,290.12,7.56,D,0,17.6,242
47.22086,31.76166,367,0.39,0.36,05/03/2023,1045,N20,VIIRS,h,2,350.74,222.91,D,0,11.4,290
47.86089,34.95127,367,0.37,0.58,06/03/2023,40,N20,VIIRS,h,2,272.5,27.52,N,0,10.1,249
46.65821,32.27454,367,0.35,0.57,08/03/2023,1129,N20,VIIRS,h,2,291.86,22.16,D,0,13.8,196
46.54717,32.50974,367,0.36,0.58,08/03/2023,1129,N20,VIIRS,h,2,294.32,90.74,D,0,15.7,192
47.49287,34.68316,367,0.47,0.64,08/03/2023,1130,N20,VIIRS,h,2,298.85,147.59,D,0,16.8,204
47.0385,33.03771,367,0.75,0.77,10/03/2023,912,N20,VIIRS,h,2,294.78,22.5,D,0,11.3,268
47.04473,33.03273,367,0.75,0.77,10/03/2023,912,N20,VIIRS,h,2,290.77,22.5,D,0,11.3,268
47.04537,33.03727,367,0.75,0.77,10/03/2023,912,N20,VIIRS,h,2,290.6,24.61,D,0,11.3,268
47.30798,37.72744,367,0.46,0.64,14/03/2023,1117,N20,VIIRS,h,2,293.84,10.06,D,0,16.7,96
51.06266,29.28596,367,0.37,0.58,19/03/2023,944,N20,VIIRS,h,2,290.15,10.7,D,0,7.4,133
51.45175,32.46645,367,0.33,0.55,19/03/2023,1124,N20,VIIRS,h,2,290.25,10.26,D,0,6.9,70
46.33009,34.43318,367,0.51,0.66,20/03/2023,924,N20,VIIRS,h,2,295.86,32.84,D,0,10.2,355
46.32678,34.43793,367,0.51,0.66,20/03/2023,924,N20,VIIRS,h,2,290.4,69.49,D,0,10.2,355
46.32455,34.43696,367,0.51,0.66,20/03/2023,924,N20,VIIRS,h,2,301.42,32.84,D,0,10.2,355
47.7756,37.5206,367,0.32,0.55,20/03/2023,1104,N20,VIIRS,h,2,294.68,13.04,D,0,8.9,354
47.71925,38.13224,367,0.34,0.56,20/03/2023,1104,N20,VIIRS,h,2,294.42,6.32,D,0,10.7,350
45.40523,29.02835,367,0.41,0.61,23/03/2023,1148,N20,VIIRS,h,2,291.25,16.53,D,3,6,149
48.67593,27.23382,367,0.36,0.57,23/03/2023,1149,N20,VIIRS,h,2,296.68,5.26,D,0,8.7,191
48.67718,27.23572,367,0.36,0.57,23/03/2023,1149,N20,VIIRS,h,2,295.65,6.27,D,0,8.7,191
48.68246,34.15401,367,0.74,0.76,23/03/2023,1149,N20,VIIRS,h,2,290.25,19.61,D,0,7.8,161
49.46511,23.72906,367,0.5,0.49,23/03/2023,1149,N20,VIIRS,h,2,292.75,15.62,D,0,17.7,228
49.57408,37.32064,367,0.63,0.72,24/03/2023,1130,N20,VIIRS,h,2,290.36,14.2,D,0,15.7,223
49.41911,36.76063,367,0.59,0.7,24/03/2023,1130,N20,VIIRS,h,2,290.22,27.17,D,0,15.4,222
47.47586,33.42187,367,0.41,0.6,24/03/2023,1130,N20,VIIRS,h,2,293.51,9.09,D,0,9.4,233
46.93124,32.743,367,0.38,0.58,24/03/2023,1130,N20,VIIRS,h,2,294,11.14,D,0,9.2,241
46.92981,32.74635,367,0.38,0.58,24/03/2023,1130,N20,VIIRS,h,2,293.59,10.6,D,0,9.2,241
49.49804,37.22886,367,0.41,0.61,26/03/2023,912,N20,VIIRS,h,2,291.25,16.5,D,0,15.8,207
49.38932,37.85744,367,0.39,0.6,26/03/2023,912,N20,VIIRS,h,2,293.76,7.32,D,0,14.6,209
45.06652,35.06695,367,0.62,0.71,31/03/2023,917,N20,VIIRS,h,2,297.23,42.8,D,0,16.8,217
50.48184,33.61329,367,0.34,0.56,10/04/2023,931,N20,VIIRS,h,2,291.99,7.83,D,0,14.3,81
49.62063,37.1105,367,0.38,0.59,10/04/2023,1112,N20,VIIRS,h,2,299.11,15.02,D,0,13.6,68
49.61693,36.82262,367,0.37,0.58,10/04/2023,1112,N20,VIIRS,h,2,295.56,16.23,D,0,13.9,71
49.40606,37.9569,367,0.41,0.61,10/04/2023,1112,N20,VIIRS,h,2,293.64,103.37,D,0,12.8,69
49.67944,36.76676,367,0.36,0.58,10/04/2023,1112,N20,VIIRS,h,2,293.47,9.09,D,0,13.6,70
49.67925,36.76163,367,0.36,0.58,10/04/2023,1112,N20,VIIRS,h,2,293,9.09,D,0,13.6,70
49.67906,36.75648,367,0.36,0.58,10/04/2023,1112,N20,VIIRS,h,2,293.9,11.21,D,0,13.6,70
49.68238,36.76471,367,0.36,0.58,10/04/2023,1112,N20,VIIRS,h,2,295.38,7.48,D,0,13.6,70
49.33029,37.74634,367,0.4,0.6,10/04/2023,1112,N20,VIIRS,h,2,299.28,6.05,D,0,12.9,73
49.68221,36.75956,367,0.36,0.58,10/04/2023,1112,N20,VIIRS,h,2,294.16,10.83,D,0,13.6,70
49.81178,37.08572,367,0.38,0.59,10/04/2023,1112,N20,VIIRS,h,2,294.56,8.65,D,0,12.5,72
49.80108,36.6388,367,0.36,0.57,10/04/2023,1112,N20,VIIRS,h,2,291.91,9.26,D,0,12.8,66
49.81285,37.0825,367,0.38,0.59,10/04/2023,1112,N20,VIIRS,h,2,297,17.06,D,0,12.5,72
49.90244,37.33245,367,0.39,0.59,10/04/2023,1112,N20,VIIRS,h,2,297.71,5.14,D,0,12.5,70
49.65876,39.17384,367,0.47,0.64,10/04/2023,1112,N20,VIIRS,h,2,295.44,13.81,D,0,11.8,67
45.2778,34.82101,367,0.56,0.69,14/04/2023,1136,N20,VIIRS,h,2,294.58,16.53,D,0,19.6,257
45.27588,34.82392,367,0.56,0.68,14/04/2023,1136,N20,VIIRS,h,2,292.97,14.96,D,0,19.6,257
49.83321,37.74194,367,0.51,0.66,17/04/2023,900,N20,VIIRS,h,2,291.79,8.26,D,0,15.7,99
49.60729,36.87729,367,0.39,0.36,18/04/2023,1021,N20,VIIRS,h,2,296.68,7.09,D,0,18.6,97
49.82849,35.46051,367,0.38,0.36,18/04/2023,1021,N20,VIIRS,h,2,292.01,8.51,D,0,17.6,92
49.85446,24.11371,367,0.43,0.62,23/04/2023,1209,N20,VIIRS,h,2,294.21,24.8,D,0,9.3,169
47.09814,33.0782,367,0.39,0.6,25/04/2023,1130,N20,VIIRS,h,2,295.56,4.14,D,0,9.1,241
49.44316,32.48729,367,0.38,0.59,25/04/2023,1131,N20,VIIRS,h,2,299.9,6.8,D,0,6.9,188
49.09296,37.31121,367,0.38,0.59,26/04/2023,1112,N20,VIIRS,h,2,293.09,6.74,D,0,12.2,196
49.60152,36.86718,367,0.37,0.58,26/04/2023,1112,N20,VIIRS,h,2,291.73,4.43,D,0,11,196
49.843,27.52149,367,0.44,0.63,29/04/2023,1156,N20,VIIRS,h,2,300.8,11.95,D,0,8.1,42
50.23931,33.27331,367,0.48,0.65,02/05/2023,919,N20,VIIRS,h,2,299.61,8.17,D,0,6.7,81
50.23191,33.27151,367,0.48,0.65,02/05/2023,919,N20,VIIRS,h,2,297.85,8.17,D,0,6.7,81
50.24068,33.2714,367,0.48,0.65,02/05/2023,919,N20,VIIRS,h,2,298.1,12.46,D,0,6.7,81
50.23539,33.27583,367,0.48,0.65,02/05/2023,919,N20,VIIRS,h,2,299.3,12.46,D,0,6.7,81
51.19949,32.19449,367,0.49,0.65,02/05/2023,920,N20,VIIRS,h,2,301.49,9.04,D,0,11.2,153
51.20479,32.18985,367,0.49,0.65,02/05/2023,920,N20,VIIRS,h,2,299.85,8.8,D,0,11.2,153
51.20211,32.19168,367,0.49,0.65,02/05/2023,920,N20,VIIRS,h,2,304.16,20.95,D,0,11.2,153
48.51868,32.15503,367,0.37,0.58,03/05/2023,53,N20,VIIRS,h,2,282.65,14.91,N,0,11.5,205
48.46413,38.7779,367,0.45,0.63,04/05/2023,34,N20,VIIRS,h,2,284.51,11.87,N,0,5.8,258
50.37063,34.50061,367,0.39,0.36,04/05/2023,1022,N20,VIIRS,h,2,293.24,12.58,D,0,11.2,225
46.59549,34.38665,367,0.38,0.43,05/05/2023,1002,N20,VIIRS,h,2,306.38,7.03,D,0,6.3,107
50.07676,26.47963,367,0.33,0.55,05/05/2023,1003,N20,VIIRS,h,2,295.23,14.72,D,0,8.8,34
50.07726,26.4786,367,0.33,0.55,05/05/2023,1003,N20,VIIRS,h,2,295.9,13.26,D,0,8.8,34
46.1594,32.25438,367,0.5,0.66,05/05/2023,1142,N20,VIIRS,h,2,290.75,6.33,D,0,8.3,322
46.15329,32.25451,367,0.5,0.66,05/05/2023,1142,N20,VIIRS,h,2,292.17,17.87,D,0,8.3,322
47.33825,33.17875,367,0.33,0.55,06/05/2023,943,N20,VIIRS,h,2,296.99,5.47,D,0,19.9,23
51.32467,25.79647,367,0.49,0.65,06/05/2023,945,N20,VIIRS,h,2,290.56,9.4,D,0,16.3,86
49.19813,34.38722,367,0.39,0.6,06/05/2023,1124,N20,VIIRS,h,2,296.02,11.01,D,0,16.5,13
49.28545,34.18774,367,0.38,0.59,06/05/2023,1124,N20,VIIRS,h,2,292.89,10.38,D,0,16.3,13
49.36275,34.18672,367,0.39,0.59,06/05/2023,1124,N20,VIIRS,h,2,297.79,6.83,D,0,16.9,13
49.38008,34.04025,367,0.38,0.59,06/05/2023,1124,N20,VIIRS,h,2,297.35,11.66,D,0,17,14
49.98947,32.55085,367,0.33,0.55,06/05/2023,1125,N20,VIIRS,h,2,293.88,6.47,D,0,14.3,13
49.98672,32.55209,367,0.33,0.55,06/05/2023,1125,N20,VIIRS,h,2,299.98,9.46,D,0,14.3,13
51.27641,32.64583,367,0.34,0.56,06/05/2023,1125,N20,VIIRS,h,2,298.1,4.93,D,0,15.6,19
50.14275,33.78127,367,0.37,0.58,06/05/2023,1125,N20,VIIRS,h,2,299.33,13.94,D,0,15.6,16
50.20108,32.39975,367,0.32,0.55,06/05/2023,1125,N20,VIIRS,h,2,297.85,5.73,D,0,14.7,15
50.98738,32.6405,367,0.34,0.56,06/05/2023,1125,N20,VIIRS,h,2,300.93,8.12,D,0,15.5,20
50.0346,35.05084,367,0.43,0.62,06/05/2023,1125,N20,VIIRS,h,2,290.19,10.58,D,0,15,13
50.04019,35.04474,367,0.43,0.62,06/05/2023,1125,N20,VIIRS,h,2,291,10.58,D,0,15,13
49.98436,32.55132,367,0.33,0.55,06/05/2023,1125,N20,VIIRS,h,2,303.47,6.47,D,0,14.3,13
48.82656,35.13116,367,0.39,0.59,07/05/2023,925,N20,VIIRS,h,2,293.47,13.77,D,0,20.2,51
48.82155,35.13464,367,0.39,0.59,07/05/2023,925,N20,VIIRS,h,2,291.44,13.77,D,0,20.2,51
51.72079,31.59801,367,0.43,0.62,07/05/2023,926,N20,VIIRS,h,2,292.7,9.23,D,0,14.1,66
50.67382,33.80243,367,0.39,0.59,07/05/2023,926,N20,VIIRS,h,2,291.18,9.82,D,0,15.5,64
51.723,31.59587,367,0.43,0.62,07/05/2023,926,N20,VIIRS,h,2,294.55,12.9,D,0,14.1,66
49.43338,34.04151,367,0.46,0.47,07/05/2023,1105,N20,VIIRS,h,2,298.17,12.68,D,0,17.4,59
49.33794,33.35335,367,0.43,0.46,07/05/2023,1105,N20,VIIRS,h,2,297.86,7.2,D,0,17.2,62
46.9724,33.14743,367,0.66,0.73,10/05/2023,1149,N20,VIIRS,h,2,296.91,15.05,D,0,9.2,12
49.81159,37.73164,367,0.4,0.6,12/05/2023,1112,N20,VIIRS,h,2,293,16.22,D,0,10.5,347
49.81347,37.73137,367,0.4,0.6,12/05/2023,1112,N20,VIIRS,h,2,296.14,20.27,D,0,10.5,347
49.69555,36.66072,367,0.43,0.62,13/05/2023,913,N20,VIIRS,h,2,302.34,17.15,D,0,6.6,3
52.1334,32.40697,367,0.51,0.66,13/05/2023,914,N20,VIIRS,h,2,297.76,13.45,D,0,7.8,329
52.11651,32.33738,367,0.42,0.38,15/05/2023,1016,N20,VIIRS,h,2,304.15,7.97,D,0,10.1,111
48.97075,38.18676,367,0.44,0.38,16/05/2023,956,N20,VIIRS,h,2,306.1,9.81,D,0,8,57
46.71897,33.06826,367,0.41,0.61,17/05/2023,937,N20,VIIRS,h,2,292.69,8.72,D,0,12.2,89
46.71776,33.06655,367,0.41,0.61,17/05/2023,937,N20,VIIRS,h,2,294.93,13.88,D,0,12.2,89
46.52762,32.75132,367,0.53,0.5,17/05/2023,1117,N20,VIIRS,h,2,305.82,15.96,D,0,12.7,100
46.52899,32.75122,367,0.53,0.5,17/05/2023,1117,N20,VIIRS,h,2,308.39,11.93,D,0,12.7,100
48.97963,38.16132,367,0.49,0.65,17/05/2023,1118,N20,VIIRS,h,2,299.51,12.58,D,0,11.7,74
49.58726,35.17371,367,0.36,0.58,17/05/2023,1118,N20,VIIRS,h,2,304.66,6.84,D,0,12,100
46.52127,32.74909,367,0.69,0.74,18/05/2023,918,N20,VIIRS,h,2,297.2,23.34,D,0,16.2,65
46.51205,33.06343,367,0.67,0.74,18/05/2023,918,N20,VIIRS,h,2,292.37,20.95,D,0,16.6,66
46.51913,32.7496,367,0.69,0.74,18/05/2023,918,N20,VIIRS,h,2,293.24,11.9,D,0,16.2,65
46.42645,32.16574,367,0.73,0.76,18/05/2023,918,N20,VIIRS,h,2,290.63,20.53,D,0,18.7,58
48.98933,38.09236,367,0.34,0.56,18/05/2023,919,N20,VIIRS,h,2,303.56,6.72,D,0,10.3,55
48.99247,38.09353,367,0.34,0.56,18/05/2023,919,N20,VIIRS,h,2,298,5.78,D,0,10.3,55
46.51107,33.03063,367,0.5,0.41,18/05/2023,1058,N20,VIIRS,h,2,342.25,136.83,D,0,16.6,66
46.51243,33.04376,367,0.5,0.41,18/05/2023,1058,N20,VIIRS,h,2,314.81,25.88,D,0,16.6,66
46.50869,33.04456,367,0.5,0.41,18/05/2023,1058,N20,VIIRS,h,2,312.52,25.88,D,0,16.6,66
46.50937,33.05113,367,0.5,0.41,18/05/2023,1058,N20,VIIRS,h,2,306.78,9.53,D,0,16.6,66
46.51934,31.60253,367,0.45,0.39,18/05/2023,1058,N20,VIIRS,h,2,310.61,32.98,D,0,23.5,54
46.5155,33.03638,367,0.5,0.41,18/05/2023,1058,N20,VIIRS,h,2,338.56,80.51,D,0,16.6,66
48.81329,38.95655,367,0.32,0.55,18/05/2023,1059,N20,VIIRS,h,2,296.86,9.21,D,0,11.6,49
48.81163,38.95649,367,0.32,0.55,18/05/2023,1059,N20,VIIRS,h,2,299.68,5.27,D,0,11.6,49
52.16304,32.37417,367,0.39,0.59,23/05/2023,926,N20,VIIRS,h,2,294.41,7.82,D,0,10.6,33
52.0135,31.981,367,0.41,0.61,23/05/2023,926,N20,VIIRS,h,2,296.05,8.72,D,0,9.7,37
52.16467,32.37225,367,0.39,0.59,23/05/2023,926,N20,VIIRS,h,2,295.62,6.69,D,0,10.6,33
48.46236,38.77597,367,0.52,0.67,25/05/2023,40,N20,VIIRS,h,2,284.31,9.65,N,2,6.9,194
52.18289,32.33725,367,0.34,0.56,28/05/2023,932,N20,VIIRS,h,2,299.11,7.15,D,0,15.2,18
52.17175,32.40526,367,0.39,0.44,01/06/2023,957,N20,VIIRS,h,2,300.32,10.76,D,0,10.9,252
51.25224,29.41187,367,0.33,0.56,01/06/2023,1138,N20,VIIRS,h,2,310.26,22.24,D,0,11.2,242
52.17821,32.38452,367,0.46,0.63,01/06/2023,1138,N20,VIIRS,h,2,299.45,7.86,D,0,10.9,252
51.48947,25.98052,367,0.48,0.48,01/06/2023,1138,N20,VIIRS,h,2,334.82,92.16,D,0,11.4,255
50.95289,31.98448,367,0.34,0.56,02/06/2023,938,N20,VIIRS,h,2,300.14,6.96,D,0,15.2,219
49.2935,36.6907,367,0.38,0.59,03/06/2023,919,N20,VIIRS,h,2,303.85,14.88,D,0,16,286
46.69911,33.09253,367,0.55,0.68,06/06/2023,1143,N20,VIIRS,h,2,300.21,18.4,D,0,7.6,60
46.54679,32.65801,367,0.52,0.67,06/06/2023,1143,N20,VIIRS,h,2,292.59,9.65,D,0,7.8,24
51.26196,30.39509,367,0.43,0.62,06/06/2023,1144,N20,VIIRS,h,2,296.44,16.53,D,0,6.7,141
51.26823,30.39898,367,0.43,0.62,06/06/2023,1144,N20,VIIRS,h,2,293.84,76.23,D,0,6.7,141
46.51819,31.63847,367,0.41,0.61,07/06/2023,943,N20,VIIRS,h,2,291.42,9.06,D,0,9.4,6
49.01914,33.73983,367,0.36,0.58,07/06/2023,1124,N20,VIIRS,h,2,303.96,6.39,D,0,7.2,179
52.33759,33.49511,367,0.37,0.58,07/06/2023,1125,N20,VIIRS,h,2,298.37,5.97,D,0,6.4,62
47.6638,36.89175,367,0.36,0.58,08/06/2023,924,N20,VIIRS,h,2,301.5,31.93,D,3,8.8,105
49.94535,37.839,367,0.34,0.56,08/06/2023,1105,N20,VIIRS,h,2,298.53,8.6,D,0,8.6,207
49.0081,38.43987,367,0.36,0.57,08/06/2023,1105,N20,VIIRS,h,2,300.44,9.38,D,0,6.2,177
48.9675,38.21053,367,0.35,0.57,08/06/2023,1105,N20,VIIRS,h,2,303.79,13.39,D,0,6.3,172
48.96769,38.21544,367,0.35,0.57,08/06/2023,1105,N20,VIIRS,h,2,304.44,15.31,D,0,6.3,172
48.57185,37.80203,367,0.33,0.56,08/06/2023,1105,N20,VIIRS,h,2,294.7,5.9,D,0,6.7,157
46.62494,32.85242,367,0.57,0.43,08/06/2023,1105,N20,VIIRS,h,2,290.15,22.67,D,0,11.8,82
47.87349,35.16142,367,0.67,0.74,09/06/2023,906,N20,VIIRS,h,2,296.14,24.06,D,2,13.1,83
46.15261,32.26301,367,0.39,0.36,09/06/2023,1046,N20,VIIRS,h,2,308.2,10.47,D,0,12.7,75
49.972,35.25877,367,0.33,0.55,10/06/2023,40,N20,VIIRS,h,2,274.17,6.48,N,0,13.1,77
47.05814,31.84655,367,0.4,0.6,17/06/2023,1136,N20,VIIRS,h,2,304.51,9.34,D,0,10.9,42
46.97136,33.56701,367,0.49,0.65,17/06/2023,1136,N20,VIIRS,h,2,303.73,54.26,D,0,11,25
47.03903,33.63114,367,0.49,0.65,17/06/2023,1136,N20,VIIRS,h,2,299.33,39.64,D,0,11.1,26
47.04497,33.62446,367,0.49,0.65,17/06/2023,1136,N20,VIIRS,h,2,296.05,17.49,D,0,11.1,26
47.04012,33.63108,367,0.49,0.65,17/06/2023,1136,N20,VIIRS,h,2,298.34,40.81,D,0,11.1,26
47.04609,33.62437,367,0.49,0.65,17/06/2023,1136,N20,VIIRS,h,2,295.29,11.39,D,0,11.1,26
47.86945,33.4486,367,0.37,0.58,18/06/2023,937,N20,VIIRS,h,2,298.93,6.45,D,2,14.2,51
46.57905,34.44566,367,0.36,0.58,18/06/2023,937,N20,VIIRS,h,2,296.91,13.14,D,0,11.9,35
46.48275,32.13018,367,0.46,0.64,18/06/2023,937,N20,VIIRS,h,2,296.63,38.17,D,0,13.5,46
47.0262,33.45814,367,0.57,0.52,18/06/2023,1117,N20,VIIRS,h,2,300.81,12.44,D,0,13.1,39
48.81727,38.95535,367,0.32,0.55,19/06/2023,918,N20,VIIRS,h,2,310.91,4.76,D,0,12.8,63
46.6438,32.38984,367,0.71,0.75,19/06/2023,918,N20,VIIRS,h,2,299.2,20.77,D,0,10.3,58
46.64444,32.39547,367,0.71,0.75,19/06/2023,918,N20,VIIRS,h,2,295.56,11.8,D,0,9.8,59
48.97437,37.95034,367,0.35,0.57,19/06/2023,919,N20,VIIRS,h,2,306.18,7.09,D,0,12,70
46.76936,32.38737,367,0.48,0.4,19/06/2023,1058,N20,VIIRS,h,2,330.8,83.12,D,0,11.1,68
46.76682,32.38956,367,0.48,0.4,19/06/2023,1058,N20,VIIRS,h,2,340.49,45.7,D,0,11.1,68
48.81578,38.9427,367,0.32,0.55,19/06/2023,1059,N20,VIIRS,h,2,311.62,5.13,D,0,12.8,63
48.82648,38.95459,367,0.32,0.55,19/06/2023,1059,N20,VIIRS,h,2,303.58,9.53,D,0,12.8,63
48.98177,38.03236,367,0.58,0.52,19/06/2023,1059,N20,VIIRS,h,2,305.53,13.19,D,0,12.4,69
48.83113,38.94522,367,0.32,0.55,19/06/2023,1059,N20,VIIRS,h,2,300.45,9.12,D,0,12.8,63
48.83133,38.94956,367,0.32,0.55,19/06/2023,1059,N20,VIIRS,h,2,301.89,9.12,D,0,12.8,63
48.83153,38.95391,367,0.32,0.55,19/06/2023,1059,N20,VIIRS,h,2,305.15,7.45,D,0,12.8,63
48.82588,38.94149,367,0.32,0.55,19/06/2023,1059,N20,VIIRS,h,2,299.84,12.77,D,0,12.8,63
48.82608,38.94579,367,0.32,0.55,19/06/2023,1059,N20,VIIRS,h,2,304.37,9.56,D,0,12.8,63
49.06675,39.40066,367,0.34,0.56,19/06/2023,1059,N20,VIIRS,h,2,308.35,9.3,D,0,14.2,63
47.87807,35.15704,367,0.77,0.78,20/06/2023,900,N20,VIIRS,h,2,296.73,15.86,D,2,8.4,18
49.08667,38.59303,367,0.38,0.43,20/06/2023,1040,N20,VIIRS,h,2,335.66,89.87,D,0,5.7,225
51.05917,30.71225,367,0.45,0.63,22/06/2023,1144,N20,VIIRS,h,2,296.68,10.43,D,0,5.7,224
46.67334,32.49039,367,0.38,0.58,23/06/2023,943,N20,VIIRS,h,2,299.6,9.18,D,0,10.7,220
46.66678,33.154,367,0.35,0.57,23/06/2023,943,N20,VIIRS,h,2,299.58,8.6,D,0,9.8,207
46.9977,33.25111,367,0.55,0.68,24/06/2023,925,N20,VIIRS,h,2,295.54,20.6,D,0,15.6,235
47.18151,33.58264,367,0.42,0.45,24/06/2023,1105,N20,VIIRS,h,2,301.1,9.5,D,0,16.3,239
46.84348,32.46872,367,0.56,0.43,24/06/2023,1105,N20,VIIRS,h,2,334.77,95.73,D,0,16.1,228
46.01527,33.02938,367,0.63,0.54,28/06/2023,949,N20,VIIRS,h,2,294.42,18.55,D,0,24.7,241
45.36446,34.93312,367,0.47,0.64,28/06/2023,1130,N20,VIIRS,h,2,302.15,19.09,D,0,12.1,246
46.67294,32.53559,367,0.74,0.76,02/07/2023,1155,N20,VIIRS,h,2,295.82,41.87,D,0,13.5,220
47.54603,32.49915,367,0.74,0.76,02/07/2023,1156,N20,VIIRS,h,2,298.19,14.16,D,0,13.9,214
46.66968,32.01736,367,0.41,0.61,03/07/2023,1136,N20,VIIRS,h,2,300.64,11.99,D,0,11.7,210
46.9982,31.75121,367,0.4,0.6,03/07/2023,1137,N20,VIIRS,h,2,303.79,21.24,D,0,12.2,209
46.16292,34.33775,367,0.38,0.59,04/07/2023,937,N20,VIIRS,h,2,299.92,18.41,D,0,6,339
46.16221,34.3416,367,0.38,0.59,04/07/2023,937,N20,VIIRS,h,2,295.54,22.56,D,3,6,339
46.71313,32.75066,367,0.43,0.62,04/07/2023,937,N20,VIIRS,h,2,290.14,15.99,D,0,4.4,314
47.09737,31.62209,367,0.46,0.64,04/07/2023,937,N20,VIIRS,h,2,297.72,49.84,D,0,4.9,359
47.09378,31.63125,367,0.46,0.64,04/07/2023,937,N20,VIIRS,h,2,298.23,63.52,D,0,4.9,359
47.0979,31.62343,367,0.46,0.64,04/07/2023,937,N20,VIIRS,h,2,298.08,47.61,D,0,4.9,359
47.09428,31.63265,367,0.46,0.64,04/07/2023,937,N20,VIIRS,h,2,297.15,47.61,D,0,4.9,359
47.63707,33.46228,367,0.37,0.58,04/07/2023,937,N20,VIIRS,h,2,299.44,7.01,D,0,5.9,357
46.71729,32.75135,367,0.43,0.62,04/07/2023,937,N20,VIIRS,h,2,292.43,10.28,D,0,4.4,314
51.01086,31.39254,367,0.35,0.57,04/07/2023,938,N20,VIIRS,h,2,297.95,7.67,D,0,4.9,349
47.21646,33.64495,367,0.6,0.71,05/07/2023,919,N20,VIIRS,h,2,299.29,20.26,D,0,10.1,47
48.16095,33.47992,367,0.56,0.69,05/07/2023,919,N20,VIIRS,h,2,298.25,10.78,D,0,7.2,50
48.15859,33.47303,367,0.56,0.69,05/07/2023,919,N20,VIIRS,h,2,299.47,10.78,D,0,7.2,50
47.21526,33.64539,367,0.6,0.71,05/07/2023,919,N20,VIIRS,h,2,297.11,23.36,D,0,10.1,47
47.4623,35.42004,367,0.43,0.46,05/07/2023,1059,N20,VIIRS,h,2,306.56,11.61,D,0,7.6,88
48.7506,39.39902,367,0.48,0.65,06/07/2023,900,N20,VIIRS,h,2,301.53,19.05,D,0,12.9,90
47.10112,35.60239,367,0.79,0.78,06/07/2023,900,N20,VIIRS,h,2,296.86,18.26,D,0,14.5,91
46.42242,32.30251,367,0.38,0.36,06/07/2023,1040,N20,VIIRS,h,2,305.76,11.35,D,0,11.4,83
46.42793,32.31626,367,0.38,0.36,06/07/2023,1040,N20,VIIRS,h,2,349.26,56.81,D,0,11.4,83
46.42718,32.31133,367,0.38,0.36,06/07/2023,1040,N20,VIIRS,h,2,349.18,48.45,D,0,11.4,83
46.42643,32.3064,367,0.38,0.36,06/07/2023,1040,N20,VIIRS,h,2,311.43,48.45,D,0,11.4,83
46.43119,32.31522,367,0.38,0.36,06/07/2023,1040,N20,VIIRS,h,2,351.27,58.44,D,0,11.4,83
46.42969,32.30536,367,0.38,0.36,06/07/2023,1040,N20,VIIRS,h,2,349.19,0,D,0,11.4,83
46.43445,32.31419,367,0.38,0.36,06/07/2023,1040,N20,VIIRS,h,2,340.78,58.44,D,0,11.4,83
46.4337,32.30926,367,0.38,0.36,06/07/2023,1040,N20,VIIRS,h,2,362.97,0,D,0,11.4,83
49.27455,40.02201,367,0.44,0.46,06/07/2023,1040,N20,VIIRS,h,2,305.64,15.65,D,0,13.7,88
46.43621,32.30329,367,0.38,0.36,06/07/2023,1040,N20,VIIRS,h,2,354.78,118.15,D,0,11.4,83
48.80148,38.98147,367,0.77,0.77,07/07/2023,841,N20,VIIRS,h,2,298.58,17.58,D,0,12.3,76
45.26472,36.18544,367,0.39,0.36,07/07/2023,1020,N20,VIIRS,h,2,329.99,83.2,D,0,13.7,107
46.38269,32.81715,367,0.45,0.39,07/07/2023,1021,N20,VIIRS,h,2,309.38,10.72,D,0,12.6,44
46.38161,32.8115,367,0.45,0.39,07/07/2023,1021,N20,VIIRS,h,2,343.55,105.68,D,0,12.6,44
48.80367,38.97313,367,0.41,0.37,07/07/2023,1021,N20,VIIRS,h,2,318.61,12.44,D,0,12.3,76
48.80296,38.96756,367,0.41,0.37,07/07/2023,1021,N20,VIIRS,h,2,319.34,24.83,D,0,12.3,76
48.80707,38.97216,367,0.41,0.37,07/07/2023,1021,N20,VIIRS,h,2,318.14,12.44,D,0,12.3,76
45.5102,29.38291,367,0.62,0.71,07/07/2023,1202,N20,VIIRS,h,2,294.87,9.75,D,0,19.8,339
45.46464,28.93206,367,0.59,0.7,07/07/2023,1202,N20,VIIRS,h,2,290.78,17.9,D,0,21,337
46.37567,32.85367,367,0.54,0.68,08/07/2023,1143,N20,VIIRS,h,2,294.9,29.24,D,0,15.8,347
46.37859,32.85258,367,0.54,0.68,08/07/2023,1143,N20,VIIRS,h,2,295.48,58.35,D,0,15.8,347
46.37231,32.85253,367,0.54,0.68,08/07/2023,1143,N20,VIIRS,h,2,297.23,58.35,D,0,15.8,347
46.36602,32.85256,367,0.54,0.68,08/07/2023,1143,N20,VIIRS,h,2,294.24,61.81,D,0,15.8,347
46.74841,32.69413,367,0.53,0.67,08/07/2023,1143,N20,VIIRS,h,2,294.04,8.77,D,0,19.1,352
46.49752,34.50966,367,0.65,0.73,08/07/2023,1143,N20,VIIRS,h,2,296.34,21.6,D,0,11,358
46.5024,34.50998,367,0.65,0.73,08/07/2023,1143,N20,VIIRS,h,2,295.86,14.35,D,0,11,358
46.30317,31.99572,367,0.65,0.73,10/07/2023,925,N20,VIIRS,h,2,290.25,21.92,D,0,17,328
46.30052,31.98814,367,0.65,0.73,10/07/2023,925,N20,VIIRS,h,2,297.19,14.86,D,0,17,328
46.30239,31.95749,367,0.52,0.42,10/07/2023,1105,N20,VIIRS,h,2,306.33,13.65,D,0,17,328
47.42656,33.8976,367,0.43,0.38,11/07/2023,1046,N20,VIIRS,h,2,301.72,6.25,D,0,12.9,318
47.06223,31.58054,367,0.39,0.36,11/07/2023,1046,N20,VIIRS,h,2,310.32,9.7,D,0,13.1,311
46.31823,31.95815,367,0.39,0.36,11/07/2023,1046,N20,VIIRS,h,2,314.77,9.46,D,0,12.7,304
46.31894,31.96317,367,0.39,0.36,11/07/2023,1046,N20,VIIRS,h,2,314.95,14.43,D,0,12.7,304
46.32035,31.97321,367,0.39,0.36,11/07/2023,1046,N20,VIIRS,h,2,313.91,9.08,D,0,12.7,304
46.32106,31.97823,367,0.39,0.36,11/07/2023,1046,N20,VIIRS,h,2,312.76,9.08,D,0,12.7,304
46.30584,31.93792,367,0.39,0.36,11/07/2023,1046,N20,VIIRS,h,2,312.78,8.86,D,0,12.7,304
46.8541,33.23587,367,0.4,0.37,12/07/2023,1027,N20,VIIRS,h,2,310.67,7.94,D,0,9.7,288
47.88163,37.19579,367,0.4,0.37,13/07/2023,1009,N20,VIIRS,h,2,301.21,8.64,D,0,9,251
45.47738,29.36933,367,0.43,0.62,13/07/2023,1149,N20,VIIRS,h,2,301.49,13.34,D,0,14,204
46.78582,32.69047,367,0.63,0.72,13/07/2023,1149,N20,VIIRS,h,2,294.97,79.06,D,0,15.8,191
46.79251,32.69062,367,0.63,0.72,13/07/2023,1149,N20,VIIRS,h,2,291.91,31.82,D,0,15.8,191
45.47652,29.37229,367,0.43,0.62,13/07/2023,1149,N20,VIIRS,h,2,300.05,10.42,D,0,14,204
46.70811,33.11161,367,0.39,0.59,14/07/2023,1130,N20,VIIRS,h,2,291.52,8.53,D,0,19.4,262
47.08595,32.46225,367,0.5,0.66,15/07/2023,931,N20,VIIRS,h,2,301.16,13.09,D,0,13.6,331
45.89847,29.55186,367,0.73,0.76,15/07/2023,931,N20,VIIRS,h,2,293.88,20.3,D,0,9.8,338
46.84708,32.42752,367,0.51,0.66,15/07/2023,931,N20,VIIRS,h,2,300.81,17.76,D,0,13.4,328
46.60459,32.93244,367,0.49,0.65,15/07/2023,931,N20,VIIRS,h,2,295.33,10.69,D,0,12.1,328
46.61009,32.92882,367,0.49,0.65,15/07/2023,931,N20,VIIRS,h,2,297.25,10.69,D,0,12.1,328
47.05751,31.55157,367,0.55,0.68,15/07/2023,931,N20,VIIRS,h,2,297.92,26.66,D,0,12.2,339
47.05183,31.55553,367,0.55,0.68,15/07/2023,931,N20,VIIRS,h,2,296.72,26.66,D,0,12.2,339
47.05784,31.54989,367,0.55,0.68,15/07/2023,931,N20,VIIRS,h,2,299.98,23.97,D,0,12.2,339
47.05217,31.55387,367,0.55,0.68,15/07/2023,931,N20,VIIRS,h,2,299.57,32.24,D,0,12.2,339
45.10179,36.29805,367,0.32,0.55,15/07/2023,1111,N20,VIIRS,h,2,304.61,11.67,D,0,17.5,317
45.10661,36.29315,367,0.32,0.55,15/07/2023,1111,N20,VIIRS,h,2,304.52,8.63,D,0,17.5,317
46.97664,33.31916,367,0.73,0.76,16/07/2023,912,N20,VIIRS,h,2,300.22,25.46,D,0,11,352
47.62412,35.62208,367,0.56,0.69,16/07/2023,912,N20,VIIRS,h,2,294.97,15.9,D,0,12.1,333
47.27668,34.02575,367,0.67,0.73,16/07/2023,913,N20,VIIRS,h,2,298.07,10.79,D,0,12.1,6
47.32364,32.42754,367,0.44,0.38,16/07/2023,1053,N20,VIIRS,h,2,313.06,8.76,D,0,9.7,3
47.15384,32.51773,367,0.39,0.36,17/07/2023,1034,N20,VIIRS,h,2,338.79,141.17,D,0,9.4,265
49.39478,37.802,367,0.41,0.37,24/07/2023,1003,N20,VIIRS,h,2,307.38,6.16,D,0,10.3,335
46.32514,29.75643,367,0.38,0.59,24/07/2023,1143,N20,VIIRS,h,2,304.08,41.63,D,0,7.5,209
46.31968,29.75681,367,0.38,0.59,24/07/2023,1143,N20,VIIRS,h,2,299.43,41.63,D,0,7.5,209
46.31422,29.75726,367,0.38,0.59,24/07/2023,1143,N20,VIIRS,h,2,292.62,7.5,D,0,7.5,209
45.64551,29.49852,367,0.37,0.58,24/07/2023,1143,N20,VIIRS,h,2,298.78,5.81,D,0,10.2,242
45.58571,29.3555,367,0.36,0.57,24/07/2023,1143,N20,VIIRS,h,2,305.21,10.21,D,0,11.1,239
47.31093,33.94014,367,0.61,0.71,24/07/2023,1143,N20,VIIRS,h,2,297.21,15.87,D,0,8.1,343
46.79641,32.6933,367,0.53,0.67,24/07/2023,1143,N20,VIIRS,h,2,301.63,8.36,D,0,7.9,286
46.64703,32.4651,367,0.52,0.67,24/07/2023,1143,N20,VIIRS,h,2,297.2,10.61,D,0,8.1,272
48.84638,35.31881,367,0.48,0.48,25/07/2023,944,N20,VIIRS,h,2,307.09,15.1,D,0,14.3,185
47.2747,29.66708,367,0.47,0.64,25/07/2023,944,N20,VIIRS,h,2,300,17.96,D,0,12.9,199
47.28204,29.66956,367,0.47,0.64,25/07/2023,944,N20,VIIRS,h,2,295.8,9.41,D,0,12.9,199
47.62094,30.74514,367,0.41,0.61,25/07/2023,944,N20,VIIRS,h,2,300.1,15.28,D,0,15.4,173
47.74525,30.21197,367,0.43,0.62,25/07/2023,944,N20,VIIRS,h,2,299.15,9.47,D,0,14.2,193
48.06279,29.21333,367,0.46,0.64,25/07/2023,944,N20,VIIRS,h,2,298.27,10.61,D,0,12.7,201
47.39548,32.65176,367,0.35,0.57,25/07/2023,944,N20,VIIRS,h,2,300.96,11.21,D,0,17.6,193
47.39668,32.65605,367,0.35,0.57,25/07/2023,944,N20,VIIRS,h,2,301.94,11.21,D,0,17.6,193
47.39789,32.66034,367,0.35,0.57,25/07/2023,944,N20,VIIRS,h,2,302.47,11.37,D,0,17.6,193
47.12094,32.25459,367,0.37,0.58,25/07/2023,944,N20,VIIRS,h,2,298,13.38,D,0,18.8,190
47.06152,32.3491,367,0.37,0.58,25/07/2023,944,N20,VIIRS,h,2,300.53,8.12,D,0,18.4,191
47.05659,32.35213,367,0.37,0.58,25/07/2023,944,N20,VIIRS,h,2,301.28,6.17,D,0,18.4,191
47.39306,32.64318,367,0.35,0.57,25/07/2023,944,N20,VIIRS,h,2,300.5,5.95,D,0,17.6,193
47.39571,32.66452,367,0.35,0.56,25/07/2023,944,N20,VIIRS,h,2,300.31,14.12,D,0,17.2,194
47.39326,32.65598,367,0.35,0.57,25/07/2023,944,N20,VIIRS,h,2,299.67,14.21,D,0,17.6,193
47.39563,32.64448,367,0.35,0.57,25/07/2023,944,N20,VIIRS,h,2,300.97,8.69,D,0,17.6,193
46.70848,30.24063,367,0.47,0.64,25/07/2023,944,N20,VIIRS,h,2,297.06,26.78,D,0,17.8,187
46.71387,30.23715,367,0.47,0.64,25/07/2023,944,N20,VIIRS,h,2,298.86,45.92,D,0,17.8,187
46.75126,30.25302,367,0.46,0.64,25/07/2023,944,N20,VIIRS,h,2,295.36,7.38,D,0,18.6,192
47.47651,32.58976,367,0.35,0.57,25/07/2023,944,N20,VIIRS,h,2,297.96,10.83,D,0,17.6,193
47.48348,32.30934,367,0.36,0.57,25/07/2023,944,N20,VIIRS,h,2,301.34,10.33,D,0,18.4,187
47.48565,32.2366,367,0.36,0.57,25/07/2023,944,N20,VIIRS,h,2,300.52,10.6,D,0,19,187
48.18266,33.1867,367,0.34,0.56,25/07/2023,1124,N20,VIIRS,h,2,298.89,14.41,D,0,16.4,189
48.18284,33.19125,367,0.34,0.56,25/07/2023,1124,N20,VIIRS,h,2,297.65,10.63,D,0,16.4,189
48.18208,33.1881,367,0.34,0.56,25/07/2023,1124,N20,VIIRS,h,2,299.68,17.29,D,0,16.4,189
48.18227,33.19265,367,0.34,0.56,25/07/2023,1124,N20,VIIRS,h,2,297.85,10.44,D,0,16.4,189
47.89069,35.84229,367,0.45,0.63,25/07/2023,1124,N20,VIIRS,h,2,301.84,37.12,D,0,10.4,192
47.39409,32.64392,367,0.63,0.54,25/07/2023,1124,N20,VIIRS,h,2,299.98,20.08,D,0,17.6,193
47.39494,32.66098,367,0.64,0.54,25/07/2023,1124,N20,VIIRS,h,2,299.25,16.11,D,0,17.6,193
47.13148,32.9424,367,0.33,0.55,25/07/2023,1124,N20,VIIRS,h,2,299,4.77,D,0,16.4,196
45.90734,29.49457,367,0.44,0.46,25/07/2023,1124,N20,VIIRS,h,2,301.2,11.84,D,0,16.7,192
47.32464,33.95316,367,0.49,0.65,26/07/2023,925,N20,VIIRS,h,2,295.25,13.49,D,0,20.6,184
47.10017,33.11964,367,0.54,0.68,26/07/2023,925,N20,VIIRS,h,2,296.73,9.97,D,0,18.9,187
46.67775,32.23083,367,0.61,0.71,26/07/2023,925,N20,VIIRS,h,2,292.79,35.29,D,0,21.1,181
46.67743,32.23096,367,0.61,0.71,26/07/2023,925,N20,VIIRS,h,2,293.52,24.64,D,0,21.1,181
46.88681,33.26852,367,0.54,0.68,26/07/2023,925,N20,VIIRS,h,2,295.07,20.05,D,0,16.9,186
47.68162,36.09731,367,0.39,0.59,26/07/2023,925,N20,VIIRS,h,2,297.49,80.61,D,0,17,180
47.66747,36.09791,367,0.39,0.59,26/07/2023,925,N20,VIIRS,h,2,299.37,9.09,D,0,17,180
47.20034,38.14549,367,0.33,0.55,26/07/2023,925,N20,VIIRS,h,2,298.24,21.15,D,0,9.8,183
47.47895,33.84806,367,0.49,0.65,26/07/2023,925,N20,VIIRS,h,2,295.24,9.81,D,0,18.6,184
47.62447,33.91298,367,0.48,0.65,26/07/2023,925,N20,VIIRS,h,2,292.63,16,D,0,18.4,180
47.44429,32.90179,367,0.54,0.68,26/07/2023,925,N20,VIIRS,h,2,294.33,19.05,D,0,19.1,188
47.44992,32.89774,367,0.54,0.68,26/07/2023,925,N20,VIIRS,h,2,293.84,19.05,D,0,19.1,188
48.52242,39.78136,367,0.4,0.6,27/07/2023,906,N20,VIIRS,h,2,305.32,15.24,D,0,15.5,147
48.35949,36.70535,367,0.55,0.68,27/07/2023,906,N20,VIIRS,h,2,296.96,21.03,D,0,12.7,153
48.35806,36.70625,367,0.55,0.68,27/07/2023,906,N20,VIIRS,h,2,297.04,17.27,D,0,12.7,153
48.17897,39.72721,367,0.42,0.61,27/07/2023,906,N20,VIIRS,h,2,306.64,10.87,D,0,18.6,148
47.18394,37.39868,367,0.56,0.69,27/07/2023,906,N20,VIIRS,h,2,299.26,26.59,D,0,11.9,144
48.78939,34.62108,367,0.64,0.72,27/07/2023,907,N20,VIIRS,h,2,295.27,17.54,D,0,14.9,195
46.24773,34.66154,367,0.45,0.39,27/07/2023,1046,N20,VIIRS,h,2,306.82,8.86,D,0,15.3,153
47.50243,37.73426,367,0.4,0.44,27/07/2023,1046,N20,VIIRS,h,2,335.66,66,D,0,13.7,150
45.59091,29.55417,367,0.44,0.63,29/07/2023,1149,N20,VIIRS,h,2,298.76,14.95,D,0,8.5,194
45.59128,29.55693,367,0.44,0.63,29/07/2023,1149,N20,VIIRS,h,2,294.24,14.94,D,0,8.5,194
47.50314,32.68998,367,0.38,0.59,30/07/2023,1130,N20,VIIRS,h,2,298.31,5.87,D,0,6.6,237
47.59144,33.82127,367,0.43,0.62,30/07/2023,1130,N20,VIIRS,h,2,294.09,10.87,D,0,6,255
47.504,32.68671,367,0.38,0.59,30/07/2023,1130,N20,VIIRS,h,2,301.05,6.69,D,0,6.6,237
46.62842,32.75069,367,0.38,0.59,30/07/2023,1130,N20,VIIRS,h,2,294.79,11.97,D,0,8.8,251
47.44147,37.70083,367,0.39,0.59,31/07/2023,1111,N20,VIIRS,h,2,302.94,7.28,D,0,6.5,345
47.43612,37.70629,367,0.39,0.59,31/07/2023,1111,N20,VIIRS,h,2,303.37,15.2,D,0,6.5,345
48.16936,36.90627,367,0.36,0.58,31/07/2023,1112,N20,VIIRS,h,2,293.72,5.52,D,0,4.6,61
48.46231,38.77649,367,0.45,0.63,31/07/2023,1112,N20,VIIRS,h,2,295.16,11.16,D,2,4.7,99
48.46159,38.77391,367,0.45,0.63,31/07/2023,1112,N20,VIIRS,h,2,296.7,11.59,D,2,4.7,99
48.7506,39.39638,367,0.48,0.64,31/07/2023,1112,N20,VIIRS,h,2,303.93,7.21,D,0,4,48
48.14795,36.94678,367,0.47,0.64,01/08/2023,912,N20,VIIRS,h,2,297.73,9.92,D,0,6.4,108
48.14695,36.94605,367,0.47,0.64,01/08/2023,912,N20,VIIRS,h,2,298.47,8.56,D,0,6.4,108
47.79455,33.04536,367,0.7,0.75,01/08/2023,913,N20,VIIRS,h,2,291.59,45.59,D,0,5.2,48
45.30187,28.90038,367,0.49,0.65,03/08/2023,1155,N20,VIIRS,h,2,298.82,9.65,D,0,5.4,177
47.23631,32.07596,367,0.71,0.75,03/08/2023,1156,N20,VIIRS,h,2,297.15,15.85,D,0,7.3,268
47.47729,32.85809,367,0.77,0.77,03/08/2023,1156,N20,VIIRS,h,2,299.35,311.14,D,0,7.5,278
47.47912,32.85791,367,0.77,0.77,03/08/2023,1156,N20,VIIRS,h,2,299.1,325.82,D,0,7.5,278
47.88454,30.24097,367,0.58,0.7,03/08/2023,1156,N20,VIIRS,h,2,298.16,36.11,D,0,6,264
48.44019,33.06181,367,0.79,0.78,03/08/2023,1156,N20,VIIRS,h,2,293.81,24.67,D,0,7.6,274
47.32765,29.41109,367,0.35,0.57,04/08/2023,956,N20,VIIRS,h,2,297.84,4.43,D,0,11.2,161
47.3194,35.40155,367,0.39,0.44,04/08/2023,956,N20,VIIRS,h,2,307.5,8.21,D,0,6.9,25
47.56835,33.85492,367,0.44,0.46,04/08/2023,956,N20,VIIRS,h,2,329.48,86.52,D,0,5.6,116
49.19279,40.01636,367,0.4,0.37,04/08/2023,956,N20,VIIRS,h,2,309.92,17.28,D,0,6.9,284
47.55112,32.18521,367,0.52,0.5,04/08/2023,956,N20,VIIRS,h,2,310.7,20.39,D,0,7.2,133
47.58779,29.63597,367,0.34,0.56,04/08/2023,956,N20,VIIRS,h,2,301.64,11.88,D,0,10.8,170
47.59259,29.63318,367,0.34,0.56,04/08/2023,956,N20,VIIRS,h,2,302.2,31.43,D,0,10.6,175
48.66721,26.64902,367,0.42,0.61,04/08/2023,957,N20,VIIRS,h,2,299.68,7.48,D,0,10.3,112
47.80588,29.34086,367,0.34,0.56,04/08/2023,957,N20,VIIRS,h,2,295.48,3.5,D,0,11.5,174
47.96394,29.02439,367,0.35,0.57,04/08/2023,957,N20,VIIRS,h,2,300.96,11.14,D,0,10.8,158
46.34856,34.08197,367,0.52,0.67,04/08/2023,1136,N20,VIIRS,h,2,305.61,10.7,D,0,5.2,184
46.29788,33.9935,367,0.52,0.66,04/08/2023,1136,N20,VIIRS,h,2,302.71,26.23,D,0,4.7,344
46.63394,32.19188,367,0.42,0.61,04/08/2023,1137,N20,VIIRS,h,2,301.91,15,D,0,7.4,200
46.74844,31.20292,367,0.38,0.59,04/08/2023,1137,N20,VIIRS,h,2,298.03,9.84,D,0,7.8,169
46.9014,31.17855,367,0.38,0.59,04/08/2023,1137,N20,VIIRS,h,2,302.97,12.1,D,0,8.6,175
47.03693,33.11211,367,0.47,0.64,04/08/2023,1137,N20,VIIRS,h,2,302.51,10.66,D,0,6.9,114
47.16539,33.4817,367,0.49,0.65,04/08/2023,1137,N20,VIIRS,h,2,302.11,8.59,D,0,5.9,137
47.2179,36.94869,367,0.72,0.75,04/08/2023,1137,N20,VIIRS,h,2,294.72,17.17,D,0,6.3,346
47.21557,36.95219,367,0.72,0.75,04/08/2023,1137,N20,VIIRS,h,2,294.55,23.42,D,0,6.3,346
47.22274,36.94306,367,0.72,0.75,04/08/2023,1137,N20,VIIRS,h,2,295.41,20.23,D,0,6.3,346
47.57404,33.8487,367,0.51,0.66,04/08/2023,1137,N20,VIIRS,h,2,297.64,14.82,D,0,5.6,116
47.55724,29.99794,367,0.34,0.56,04/08/2023,1137,N20,VIIRS,h,2,303.15,68.51,D,0,9.9,174
47.56262,30.00224,367,0.34,0.56,04/08/2023,1137,N20,VIIRS,h,2,302.57,16.82,D,0,9.9,174
47.56242,29.99771,367,0.34,0.56,04/08/2023,1137,N20,VIIRS,h,2,305.23,68.51,D,0,9.9,174
47.56758,29.9969,367,0.34,0.56,04/08/2023,1137,N20,VIIRS,h,2,305.4,26.76,D,0,9.9,174
47.56718,29.98776,367,0.34,0.56,04/08/2023,1137,N20,VIIRS,h,2,300.29,6.78,D,0,9.9,174
47.59221,29.63894,367,0.32,0.55,04/08/2023,1137,N20,VIIRS,h,2,303.15,35.8,D,0,10.6,175
47.60567,29.76257,367,0.33,0.55,04/08/2023,1137,N20,VIIRS,h,2,302.06,4.85,D,0,10.4,175
47.6106,29.75772,367,0.33,0.55,04/08/2023,1137,N20,VIIRS,h,2,303.58,7.89,D,0,10.4,175
47.72823,30.31524,367,0.35,0.57,04/08/2023,1137,N20,VIIRS,h,2,300.79,6.02,D,0,9.7,173
47.72785,30.3155,367,0.35,0.57,04/08/2023,1137,N20,VIIRS,h,2,300.69,11.69,D,0,9.7,173
48.11681,31.24167,367,0.39,0.59,04/08/2023,1137,N20,VIIRS,h,2,302.15,19.77,D,0,8.6,164
48.12231,31.24128,367,0.39,0.59,04/08/2023,1137,N20,VIIRS,h,2,301.42,19.77,D,0,8.6,164
48.57697,35.4974,367,0.62,0.71,04/08/2023,1137,N20,VIIRS,h,2,296.24,11.68,D,0,4.2,215
48.58062,35.49711,367,0.62,0.71,04/08/2023,1137,N20,VIIRS,h,2,297.15,26.49,D,0,4.2,215
48.88795,35.76823,367,0.64,0.72,04/08/2023,1137,N20,VIIRS,h,2,298.5,17.9,D,0,5.1,307
46.84198,33.31717,367,0.4,0.6,05/08/2023,937,N20,VIIRS,h,2,303.93,7.54,D,0,10.9,92
46.84344,33.32205,367,0.4,0.6,05/08/2023,937,N20,VIIRS,h,2,302.12,7.48,D,0,10.9,92
47.2686,34.78827,367,0.33,0.55,05/08/2023,937,N20,VIIRS,h,2,301.48,15.25,D,0,11.7,91
46.83691,33.32035,367,0.4,0.6,05/08/2023,937,N20,VIIRS,h,2,304.38,7.54,D,0,10.9,92
46.84087,33.31923,367,0.4,0.6,05/08/2023,937,N20,VIIRS,h,2,305.79,8.2,D,0,10.9,92
46.8423,33.32412,367,0.4,0.6,05/08/2023,937,N20,VIIRS,h,2,303.2,8.2,D,0,10.9,92
46.83437,33.31753,367,0.4,0.6,05/08/2023,937,N20,VIIRS,h,2,303.25,8.73,D,0,10.9,92
47.06728,34.18549,367,0.36,0.57,05/08/2023,937,N20,VIIRS,h,2,303.68,8.29,D,0,11.8,93
47.1254,35.02137,367,0.33,0.55,05/08/2023,937,N20,VIIRS,h,2,304.92,5.57,D,0,11.9,89
46.77181,34.32087,367,0.36,0.57,05/08/2023,937,N20,VIIRS,h,2,303.37,14.21,D,0,13.6,96
46.43278,33.6683,367,0.39,0.6,05/08/2023,937,N20,VIIRS,h,2,305.29,26.29,D,0,12.9,91
46.42262,33.67447,367,0.39,0.6,05/08/2023,937,N20,VIIRS,h,2,303.85,50.92,D,0,14.1,91
46.61662,34.40393,367,0.36,0.57,05/08/2023,937,N20,VIIRS,h,2,303.81,5.63,D,0,14.8,91
46.44826,34.15835,367,0.37,0.58,05/08/2023,937,N20,VIIRS,h,2,307.34,47.96,D,0,15.3,88
46.22285,33.53252,367,0.4,0.6,05/08/2023,937,N20,VIIRS,h,2,303.19,11.52,D,0,14.6,87
46.38826,34.09301,367,0.38,0.59,05/08/2023,937,N20,VIIRS,h,2,305.33,7.31,D,0,14.7,90
46.02261,32.95265,367,0.44,0.62,05/08/2023,937,N20,VIIRS,h,2,302.26,59.42,D,0,24,80
46.0242,32.95784,367,0.44,0.62,05/08/2023,937,N20,VIIRS,h,2,300.89,27.27,D,0,24,80
46.02173,32.96032,367,0.44,0.62,05/08/2023,937,N20,VIIRS,h,2,302.47,18.46,D,0,24,80
45.05675,36.35389,367,0.33,0.55,05/08/2023,937,N20,VIIRS,h,2,301.08,5.34,D,3,21.4,50
45.05704,36.3529,367,0.33,0.55,05/08/2023,937,N20,VIIRS,h,2,300.79,6.03,D,3,21.4,50
47.1683,33.49482,367,0.38,0.59,05/08/2023,937,N20,VIIRS,h,2,303.18,8.28,D,0,12.7,77
47.30577,34.72297,367,0.33,0.55,05/08/2023,937,N20,VIIRS,h,2,300.64,17.69,D,0,10.8,88
47.32852,34.8047,367,0.33,0.55,05/08/2023,937,N20,VIIRS,h,2,302.6,11.97,D,0,10.6,75
49.04323,38.64575,367,0.41,0.45,05/08/2023,938,N20,VIIRS,h,2,335.21,57,D,0,8.4,57
46.97488,31.09626,367,0.49,0.65,05/08/2023,938,N20,VIIRS,h,2,302.78,10.85,D,0,12.2,115
47.79902,32.95943,367,0.38,0.59,05/08/2023,938,N20,VIIRS,h,2,304.97,15.83,D,0,12,88
47.48821,31.85552,367,0.44,0.62,05/08/2023,938,N20,VIIRS,h,2,302.42,17.99,D,0,13,91
48.6205,31.81331,367,0.4,0.6,05/08/2023,938,N20,VIIRS,h,2,301.11,9.97,D,0,11.1,115
48.61898,31.80833,367,0.4,0.6,05/08/2023,938,N20,VIIRS,h,2,302.03,9.97,D,0,11.1,115
47.22955,34.73273,367,0.33,0.56,05/08/2023,1118,N20,VIIRS,h,2,306.32,9.89,D,0,10.8,88
48.45648,38.77251,367,0.53,0.67,05/08/2023,1118,N20,VIIRS,h,2,300.27,12.99,D,0,8.7,61
48.28751,35.98592,367,0.39,0.59,05/08/2023,1118,N20,VIIRS,h,2,303.4,7.74,D,0,10.5,74
48.20394,36.86341,367,0.43,0.62,05/08/2023,1118,N20,VIIRS,h,2,303.41,10.71,D,0,11.5,63
48.2985,36.50991,367,0.41,0.61,05/08/2023,1118,N20,VIIRS,h,2,300.01,22.03,D,0,10.1,80
47.23471,34.73229,367,0.33,0.56,05/08/2023,1118,N20,VIIRS,h,2,304.29,7.35,D,0,10.8,88
47.06124,33.4006,367,0.58,0.52,05/08/2023,1118,N20,VIIRS,h,2,304.12,22.02,D,0,10.9,90
46.93037,35.95033,367,0.38,0.59,05/08/2023,1118,N20,VIIRS,h,2,306.64,11.75,D,0,15.1,90
49.04826,31.65188,367,0.5,0.49,05/08/2023,1118,N20,VIIRS,h,2,302.23,10.54,D,0,9.9,125
49.18663,39.98263,367,0.6,0.71,05/08/2023,1118,N20,VIIRS,h,2,303.97,21.55,D,0,8.9,47
48.58395,36.7312,367,0.42,0.61,05/08/2023,1118,N20,VIIRS,h,2,303.77,8.33,D,0,11.2,73
48.29575,36.50886,367,0.41,0.61,05/08/2023,1118,N20,VIIRS,h,2,302.83,15.89,D,0,10.1,80
46.94549,35.91376,367,0.38,0.59,05/08/2023,1118,N20,VIIRS,h,2,307.74,10.01,D,0,16.4,86
46.82335,36.06351,367,0.38,0.59,05/08/2023,1118,N20,VIIRS,h,2,308.08,8.84,D,0,16.5,80
46.95903,35.5364,367,0.51,0.66,06/08/2023,918,N20,VIIRS,h,2,302.98,5.93,D,0,22.1,103
46.96651,35.53872,367,0.5,0.66,06/08/2023,918,N20,VIIRS,h,2,303.36,45.97,D,0,22.1,103
46.97982,35.55923,367,0.5,0.66,06/08/2023,918,N20,VIIRS,h,2,303.2,10.51,D,0,22.1,103
46.97203,35.53492,367,0.5,0.66,06/08/2023,918,N20,VIIRS,h,2,302.86,45.97,D,0,22.1,103
46.7483,36.06011,367,0.49,0.65,06/08/2023,918,N20,VIIRS,h,2,307.37,10.19,D,0,24.8,93
46.84257,36.05067,367,0.48,0.65,06/08/2023,918,N20,VIIRS,h,2,308.17,12.12,D,0,24.8,93
46.35434,34.47581,367,0.59,0.7,06/08/2023,918,N20,VIIRS,h,2,299.63,10.68,D,0,20.1,100
46.29729,34.0693,367,0.61,0.71,06/08/2023,918,N20,VIIRS,h,2,299.03,11.84,D,0,18.5,100
47.2775,36.90797,367,0.43,0.62,06/08/2023,918,N20,VIIRS,h,2,307.8,10.5,D,0,21.6,95
46.99581,35.81811,367,0.49,0.65,06/08/2023,918,N20,VIIRS,h,2,308.69,15.62,D,0,24.5,100
46.99392,35.81218,367,0.49,0.65,06/08/2023,918,N20,VIIRS,h,2,306.62,19.68,D,0,24.5,100
46.8373,35.18134,367,0.53,0.67,06/08/2023,918,N20,VIIRS,h,2,304.81,10.34,D,0,21.2,105
47.68619,37.48814,367,0.39,0.6,06/08/2023,919,N20,VIIRS,h,2,305.61,17.57,D,0,19.3,99
47.0544,35.44002,367,0.51,0.66,06/08/2023,919,N20,VIIRS,h,2,303.17,14.06,D,0,22.1,104
47.10979,35.52706,367,0.5,0.66,06/08/2023,919,N20,VIIRS,h,2,304.31,8.84,D,0,22,102
47.11524,35.52314,367,0.5,0.66,06/08/2023,919,N20,VIIRS,h,2,303.08,13.51,D,0,22.3,103
47.81531,37.55786,367,0.39,0.59,06/08/2023,919,N20,VIIRS,h,2,303.6,6.58,D,0,19.7,98
47.81725,37.55663,367,0.39,0.59,06/08/2023,919,N20,VIIRS,h,2,303.93,13.22,D,0,19.7,98
47.28803,35.65369,367,0.49,0.65,06/08/2023,919,N20,VIIRS,h,2,309.4,31.22,D,0,23,100
47.29356,35.6502,367,0.49,0.65,06/08/2023,919,N20,VIIRS,h,2,310.35,31.22,D,0,23,100
47.34084,35.34883,367,0.5,0.66,06/08/2023,919,N20,VIIRS,h,2,305.65,10.1,D,0,21.6,104
47.61202,36.05809,367,0.46,0.63,06/08/2023,919,N20,VIIRS,h,2,305.56,7.8,D,0,21.2,98
47.61204,36.05632,367,0.46,0.63,06/08/2023,919,N20,VIIRS,h,2,305.13,7.34,D,0,21.2,98
47.14232,34.53521,367,0.55,0.68,06/08/2023,919,N20,VIIRS,h,2,302.78,34.18,D,0,21.8,110
48.45797,38.77824,367,0.33,0.55,06/08/2023,919,N20,VIIRS,h,2,303.84,5.76,D,2,16.2,88
46.44423,32.33865,367,0.72,0.75,06/08/2023,919,N20,VIIRS,h,2,299.12,17.39,D,0,14.8,115
46.86164,33.32849,367,0.63,0.72,06/08/2023,919,N20,VIIRS,h,2,299.07,17.04,D,0,18.5,104
47.01874,33.75975,367,0.6,0.7,06/08/2023,919,N20,VIIRS,h,2,300.74,14.33,D,0,20.8,109
46.8623,33.30903,367,0.63,0.72,06/08/2023,919,N20,VIIRS,h,2,302.27,18.5,D,0,18.5,104
47.29983,34.56884,367,0.54,0.68,06/08/2023,919,N20,VIIRS,h,2,306.74,12.71,D,0,20.9,110
47.02444,33.75508,367,0.6,0.7,06/08/2023,919,N20,VIIRS,h,2,300.18,21.19,D,0,20.8,109
46.86823,33.3046,367,0.63,0.72,06/08/2023,919,N20,VIIRS,h,2,299.7,12.14,D,0,18.5,104
47.30357,34.5171,367,0.54,0.68,06/08/2023,919,N20,VIIRS,h,2,301.89,16.94,D,0,20.9,110
46.98991,33.48403,367,0.62,0.71,06/08/2023,919,N20,VIIRS,h,2,302.46,13.49,D,0,19.1,107
46.99001,33.48405,367,0.61,0.71,06/08/2023,919,N20,VIIRS,h,2,302.51,26.36,D,0,19.1,107
46.88979,33.15677,367,0.64,0.72,06/08/2023,919,N20,VIIRS,h,2,300.42,11.91,D,0,21,106
47.04113,33.35425,367,0.62,0.71,06/08/2023,919,N20,VIIRS,h,2,302.66,16.49,D,0,19.4,108
47.04703,33.34987,367,0.62,0.71,06/08/2023,919,N20,VIIRS,h,2,303.91,87.2,D,0,19.4,108
47.05039,33.33815,367,0.62,0.71,06/08/2023,919,N20,VIIRS,h,2,300.85,25.98,D,0,19.4,108
47.06043,33.30283,367,0.62,0.72,06/08/2023,919,N20,VIIRS,h,2,301.76,11.46,D,0,19.4,108
47.08663,33.35733,367,0.62,0.71,06/08/2023,919,N20,VIIRS,h,2,304.31,20.48,D,0,19.4,108
47.06634,33.29843,367,0.62,0.72,06/08/2023,919,N20,VIIRS,h,2,300.66,11.46,D,0,19.4,108
47.04985,33.33646,367,0.62,0.71,06/08/2023,919,N20,VIIRS,h,2,301.4,35.74,D,0,19.4,108
47.05982,33.30131,367,0.62,0.72,06/08/2023,919,N20,VIIRS,h,2,301.61,13.33,D,0,19.4,108
47.0863,33.35562,367,0.62,0.71,06/08/2023,919,N20,VIIRS,h,2,303.78,16.07,D,0,19.4,108
47.06574,33.29696,367,0.62,0.72,06/08/2023,919,N20,VIIRS,h,2,300.77,13.33,D,0,19.4,108
47.0801,33.29546,367,0.62,0.72,06/08/2023,919,N20,VIIRS,h,2,302.41,13.63,D,0,20.6,109
47.10892,33.03977,367,0.64,0.72,06/08/2023,919,N20,VIIRS,h,2,301.69,18.37,D,0,21.8,108
47.33875,33.20698,367,0.61,0.71,06/08/2023,919,N20,VIIRS,h,2,301.24,16.99,D,0,20.1,108
48.47472,36.58476,367,0.41,0.6,06/08/2023,919,N20,VIIRS,h,2,305.14,21.62,D,0,18.2,90
47.33891,33.20697,367,0.61,0.71,06/08/2023,919,N20,VIIRS,h,2,301.23,21.1,D,0,20.1,108
49.23184,38.05749,367,0.33,0.56,06/08/2023,919,N20,VIIRS,h,2,304.49,13.55,D,0,17,91
48.3742,33.76496,367,0.54,0.68,06/08/2023,919,N20,VIIRS,h,2,303.06,6.48,D,0,19.9,103
47.57132,31.25606,367,0.72,0.76,06/08/2023,919,N20,VIIRS,h,2,299.6,14.25,D,0,15.6,120
48.52451,32.99705,367,0.57,0.69,06/08/2023,919,N20,VIIRS,h,2,305.79,19.88,D,0,18.6,111
47.81918,30.60822,367,0.75,0.77,06/08/2023,919,N20,VIIRS,h,2,297.95,45.81,D,0,17.1,120
47.70196,30.1685,367,0.79,0.78,06/08/2023,919,N20,VIIRS,h,2,296.89,22.08,D,0,16.6,125
47.69798,30.16876,367,0.79,0.78,06/08/2023,919,N20,VIIRS,h,2,295.99,16.9,D,0,16.6,125
47.70435,30.16367,367,0.79,0.78,06/08/2023,919,N20,VIIRS,h,2,297.77,23.72,D,0,16.6,125
48.55614,32.1087,367,0.62,0.71,06/08/2023,919,N20,VIIRS,h,2,301.53,16.69,D,0,18.2,113
50.32767,33.65883,367,0.46,0.64,06/08/2023,919,N20,VIIRS,h,2,299.35,10.29,D,0,19.7,102
46.96255,35.53998,367,0.5,0.66,06/08/2023,919,N20,VIIRS,h,2,302.54,31.04,D,0,22.1,103
46.97599,35.56045,367,0.5,0.66,06/08/2023,919,N20,VIIRS,h,2,304.5,8.74,D,0,22.1,103
46.96809,35.53624,367,0.5,0.66,06/08/2023,919,N20,VIIRS,h,2,304.76,31.04,D,0,22.1,103
46.96413,35.52412,367,0.51,0.66,06/08/2023,919,N20,VIIRS,h,2,306.43,35.13,D,0,22.1,103
46.97163,35.52637,367,0.5,0.66,06/08/2023,919,N20,VIIRS,h,2,307.81,57.4,D,0,22.1,103
46.92796,35.30971,367,0.52,0.67,06/08/2023,919,N20,VIIRS,h,2,304.91,14.36,D,0,22.3,105
46.93958,35.32436,367,0.52,0.67,06/08/2023,919,N20,VIIRS,h,2,304.06,7.41,D,0,22.3,105
46.6329,34.25483,367,0.59,0.7,06/08/2023,919,N20,VIIRS,h,2,299.74,30.9,D,0,18.6,104
47.05206,35.44089,367,0.51,0.66,06/08/2023,919,N20,VIIRS,h,2,304.52,15.01,D,0,22.1,104
47.69003,37.48697,367,0.39,0.6,06/08/2023,919,N20,VIIRS,h,2,304.01,13.45,D,0,19.3,99
46.22058,34.5916,367,0.39,0.44,06/08/2023,1058,N20,VIIRS,h,2,308.32,8.36,D,0,21.7,93
47.0512,35.43492,367,0.43,0.46,06/08/2023,1059,N20,VIIRS,h,2,309.25,8.41,D,0,22.1,104
48.40268,38.94706,367,0.32,0.55,06/08/2023,1059,N20,VIIRS,h,2,304.63,25.45,D,0,16.1,89
47.91101,35.89467,367,0.46,0.47,06/08/2023,1059,N20,VIIRS,h,2,306.6,17.44,D,0,18.4,97
47.16785,34.89256,367,0.41,0.45,06/08/2023,1059,N20,VIIRS,h,2,311.32,10.71,D,0,20.6,107
48.44275,34.00736,367,0.39,0.44,06/08/2023,1059,N20,VIIRS,h,2,312.08,9.94,D,0,20.6,102
47.60325,36.80524,367,0.5,0.49,06/08/2023,1059,N20,VIIRS,h,2,308.83,12.61,D,0,20.5,101
47.64852,38.09706,367,0.58,0.52,06/08/2023,1059,N20,VIIRS,h,2,304.87,13.07,D,0,20.9,93
48.48057,36.53983,367,0.5,0.49,06/08/2023,1059,N20,VIIRS,h,2,309.23,25.48,D,0,19,89
47.34645,35.34417,367,0.43,0.46,06/08/2023,1059,N20,VIIRS,h,2,313.72,20.09,D,0,21.6,104
47.07963,33.29776,367,0.53,0.42,06/08/2023,1059,N20,VIIRS,h,2,309.71,13.12,D,0,20.6,109
46.99866,35.78437,367,0.78,0.78,07/08/2023,900,N20,VIIRS,h,2,298.53,14.91,D,0,15.3,221
48.42503,37.52999,367,0.59,0.7,07/08/2023,900,N20,VIIRS,h,2,295.83,18.06,D,0,15.3,155
48.38786,36.81259,367,0.63,0.72,07/08/2023,900,N20,VIIRS,h,2,295.32,27.96,D,0,15.8,160
48.43043,36.30171,367,0.66,0.73,07/08/2023,900,N20,VIIRS,h,2,294.15,19.51,D,0,15.8,173
48.428,36.30228,367,0.66,0.73,07/08/2023,900,N20,VIIRS,h,2,293.64,15.42,D,0,15.8,173
47.70109,31.83421,367,0.38,0.36,07/08/2023,1040,N20,VIIRS,h,2,309.25,12.54,D,0,16.7,234
47.68363,34.73405,367,0.42,0.38,07/08/2023,1040,N20,VIIRS,h,2,307.73,7.86,D,0,16.5,216
46.45256,34.36696,367,0.4,0.37,07/08/2023,1040,N20,VIIRS,h,2,308.03,4.8,D,0,17.2,237
46.32223,34.46498,367,0.4,0.37,07/08/2023,1040,N20,VIIRS,h,2,307.93,9.23,D,0,16.7,246
47.67858,34.76138,367,0.34,0.56,07/08/2023,2254,N20,VIIRS,h,2,292.49,4.91,N,0,16.5,216
48.94748,39.19015,367,0.74,0.76,08/08/2023,841,N20,VIIRS,h,2,292.58,15.15,D,0,12.2,312
46.96195,33.61908,367,0.42,0.37,08/08/2023,1021,N20,VIIRS,h,2,309.05,7.89,D,0,10.7,349
46.49946,31.93678,367,0.47,0.4,08/08/2023,1021,N20,VIIRS,h,2,301.38,9.99,D,0,18.5,348
46.9854,33.84005,367,0.39,0.44,09/08/2023,1002,N20,VIIRS,h,2,306.17,11.39,D,0,18.8,359
45.3051,28.89647,367,0.36,0.57,09/08/2023,1002,N20,VIIRS,h,2,299.95,6.09,D,0,8.9,18
45.30548,28.89797,367,0.36,0.57,09/08/2023,1002,N20,VIIRS,h,2,298.57,9.8,D,0,8.9,18
46.8156,33.34425,367,0.57,0.69,09/08/2023,1143,N20,VIIRS,h,2,299.33,15.46,D,0,14.7,351
47.46283,29.26778,367,0.37,0.58,09/08/2023,1143,N20,VIIRS,h,2,297.49,7.7,D,0,7.4,349
47.53833,29.19772,367,0.37,0.58,09/08/2023,1143,N20,VIIRS,h,2,303.11,11.59,D,0,7.4,345
47.60366,29.83357,367,0.39,0.6,09/08/2023,1143,N20,VIIRS,h,2,297.62,20.97,D,0,7.7,349
48.40361,29.18353,367,0.37,0.58,09/08/2023,1143,N20,VIIRS,h,2,297.36,13.48,D,0,6,338
46.48196,32.79787,367,0.54,0.68,09/08/2023,1143,N20,VIIRS,h,2,295.88,14.93,D,0,12.7,358
46.48825,32.79783,367,0.54,0.68,09/08/2023,1143,N20,VIIRS,h,2,301.84,21.59,D,0,12.7,358
46.41277,33.97927,367,0.32,0.55,10/08/2023,943,N20,VIIRS,h,2,292.25,7.3,D,0,12.6,23
46.4128,33.98002,367,0.32,0.55,10/08/2023,943,N20,VIIRS,h,2,293.28,6.99,D,0,12.6,23
49.1726,35.37608,367,0.47,0.48,10/08/2023,944,N20,VIIRS,h,2,300.6,24.78,D,0,13,41
48.48187,36.8954,367,0.43,0.46,10/08/2023,944,N20,VIIRS,h,2,303.07,16.27,D,0,16.1,55
48.48059,36.88994,367,0.43,0.46,10/08/2023,944,N20,VIIRS,h,2,306.34,20.27,D,0,16.1,55
46.51821,31.73524,367,0.4,0.6,10/08/2023,944,N20,VIIRS,h,2,296.75,9.52,D,0,18.7,17
48.43037,29.58787,367,0.68,0.74,11/08/2023,926,N20,VIIRS,h,2,290.47,32.37,D,0,13.3,332
48.42122,29.58429,367,0.68,0.74,11/08/2023,926,N20,VIIRS,h,2,291.96,39.73,D,0,13.3,332
48.43239,29.58169,367,0.68,0.74,11/08/2023,926,N20,VIIRS,h,2,295.62,33.51,D,0,13.3,332
48.42635,29.58652,367,0.68,0.74,11/08/2023,926,N20,VIIRS,h,2,295.1,33.51,D,0,13.3,332
48.46208,38.77391,367,0.53,0.67,13/08/2023,41,N20,VIIRS,h,2,288.24,12.56,N,2,8.8,339
46.9414,36.86695,367,0.4,0.37,13/08/2023,1027,N20,VIIRS,h,2,311.11,8.9,D,0,9.8,3
49.86462,28.29096,367,0.67,0.74,13/08/2023,1209,N20,VIIRS,h,2,297.95,12.04,D,0,8.4,261
47.58656,30.77286,367,0.52,0.67,14/08/2023,1149,N20,VIIRS,h,2,299.88,21.85,D,0,5.8,69
47.58795,30.77234,367,0.52,0.67,14/08/2023,1149,N20,VIIRS,h,2,300.89,15.69,D,0,5.8,69
47.39624,32.75571,367,0.64,0.72,14/08/2023,1149,N20,VIIRS,h,2,298.71,9.57,D,0,6.6,47
47.17786,34.27883,367,0.76,0.77,14/08/2023,1149,N20,VIIRS,h,2,297.87,11.15,D,0,8.9,39
47.17537,34.27456,367,0.76,0.77,14/08/2023,1149,N20,VIIRS,h,2,297.09,16.21,D,0,8.9,39
47.17521,34.28481,367,0.76,0.77,14/08/2023,1149,N20,VIIRS,h,2,297.38,16.21,D,0,8.9,39
47.06551,34.27753,367,0.76,0.77,14/08/2023,1149,N20,VIIRS,h,2,298.98,18.77,D,0,9.1,39
46.72427,32.86977,367,0.65,0.73,14/08/2023,1149,N20,VIIRS,h,2,296.67,34.59,D,0,9.5,53
46.72235,32.86694,367,0.65,0.73,14/08/2023,1149,N20,VIIRS,h,2,297.41,17.36,D,0,9.2,53
46.43749,32.3627,367,0.61,0.71,14/08/2023,1149,N20,VIIRS,h,2,303.48,9.69,D,0,10.3,58
46.02279,34.44117,367,0.77,0.77,14/08/2023,1149,N20,VIIRS,h,2,300.3,79.63,D,0,12.3,64
46.02087,34.45008,367,0.77,0.77,14/08/2023,1149,N20,VIIRS,h,2,298.33,47.71,D,0,12.3,64
48.60331,29.02725,367,0.44,0.62,14/08/2023,1150,N20,VIIRS,h,2,299.51,12.47,D,0,4.6,260
48.60279,29.02792,367,0.44,0.62,14/08/2023,1150,N20,VIIRS,h,2,299.73,10.57,D,0,4.6,260
48.488,28.84163,367,0.43,0.62,14/08/2023,1150,N20,VIIRS,h,2,307.02,94.9,D,0,4.6,337
48.48928,28.84164,367,0.43,0.62,14/08/2023,1150,N20,VIIRS,h,2,304.24,71.5,D,0,4.6,337
46.96494,36.74733,367,0.4,0.45,15/08/2023,950,N20,VIIRS,h,2,306.86,6.7,D,0,11.2,58
47.35902,31.79836,367,0.32,0.55,15/08/2023,950,N20,VIIRS,h,2,307.04,13.22,D,0,10.7,63
47.75157,38.61685,367,0.5,0.41,15/08/2023,950,N20,VIIRS,h,2,301.41,3.75,D,0,9.5,25
47.18349,35.64943,367,0.44,0.46,15/08/2023,950,N20,VIIRS,h,2,306.6,8.89,D,0,11.8,38
46.5758,32.79581,367,0.61,0.54,15/08/2023,950,N20,VIIRS,h,2,310.71,45.03,D,0,14.7,52
47.48143,37.89784,367,0.53,0.42,15/08/2023,950,N20,VIIRS,h,2,309.17,13.3,D,0,11.3,25
48.59471,28.92462,367,0.39,0.59,15/08/2023,950,N20,VIIRS,h,2,302.41,5.89,D,0,6.7,105
47.81861,33.10979,367,0.55,0.51,15/08/2023,950,N20,VIIRS,h,2,304.5,12.34,D,0,8.3,43
47.35794,31.79444,367,0.32,0.55,15/08/2023,950,N20,VIIRS,h,2,307.66,8.48,D,0,10.7,63
46.10681,30.21906,367,0.41,0.61,15/08/2023,950,N20,VIIRS,h,2,301.55,8.67,D,0,15.6,62
47.4886,32.85793,367,0.39,0.59,15/08/2023,1130,N20,VIIRS,h,2,305.56,14.24,D,0,9.6,50
47.48878,32.86314,367,0.39,0.59,15/08/2023,1130,N20,VIIRS,h,2,305.32,15.64,D,0,9.6,50
46.61572,32.96796,367,0.39,0.59,15/08/2023,1130,N20,VIIRS,h,2,305.48,6.18,D,0,14.8,50
46.40107,34.16012,367,0.44,0.62,15/08/2023,1130,N20,VIIRS,h,2,307.61,10.03,D,0,13.6,60
46.40104,34.16083,367,0.44,0.62,15/08/2023,1130,N20,VIIRS,h,2,307.52,11.23,D,0,13.6,60
47.34968,35.19801,367,0.5,0.66,15/08/2023,1130,N20,VIIRS,h,2,303.91,13,D,0,9.8,48
47.34351,35.19138,367,0.5,0.66,15/08/2023,1130,N20,VIIRS,h,2,301.97,7.82,D,0,9.8,48
47.03274,35.75704,367,0.53,0.67,15/08/2023,1130,N20,VIIRS,h,2,304.44,10.4,D,0,12,41
47.34345,35.19325,367,0.5,0.66,15/08/2023,1130,N20,VIIRS,h,2,302.4,15.51,D,0,9.8,48
47.28456,36.85253,367,0.6,0.7,15/08/2023,1130,N20,VIIRS,h,2,299.66,8.74,D,0,11.8,32
46.79,33.22154,367,0.4,0.6,15/08/2023,1130,N20,VIIRS,h,2,303.96,13.5,D,0,14.2,50
46.78981,33.21613,367,0.4,0.6,15/08/2023,1130,N20,VIIRS,h,2,307.14,13.5,D,0,14.2,50
46.78871,33.21483,367,0.4,0.6,15/08/2023,1130,N20,VIIRS,h,2,306.74,15.66,D,0,13.3,50
46.78855,33.20948,367,0.4,0.6,15/08/2023,1130,N20,VIIRS,h,2,308.15,15.66,D,0,13.3,50
47.05675,35.24417,367,0.5,0.66,15/08/2023,1130,N20,VIIRS,h,2,300.31,9.69,D,0,12.7,44
47.04065,33.15157,367,0.4,0.6,15/08/2023,1130,N20,VIIRS,h,2,307.89,6.96,D,0,13.6,54
47.05652,35.24419,367,0.5,0.66,15/08/2023,1130,N20,VIIRS,h,2,300.76,17.12,D,0,12.7,44
47.03044,35.75763,367,0.53,0.67,15/08/2023,1130,N20,VIIRS,h,2,305.26,19.17,D,0,12,41
47.13985,34.24136,367,0.45,0.63,15/08/2023,1130,N20,VIIRS,h,2,304.66,4.57,D,0,11.7,51
46.67738,33.8636,367,0.43,0.62,15/08/2023,1130,N20,VIIRS,h,2,305.47,11.34,D,0,13.1,50
46.93346,34.10961,367,0.44,0.62,15/08/2023,1130,N20,VIIRS,h,2,304.43,13.85,D,0,13.5,48
46.93318,34.10701,367,0.44,0.62,15/08/2023,1130,N20,VIIRS,h,2,306.42,11.02,D,0,13.5,48
47.75621,38.60986,367,0.72,0.76,15/08/2023,1130,N20,VIIRS,h,2,297.84,9.54,D,0,9.5,25
49.03197,35.27843,367,0.51,0.66,15/08/2023,1131,N20,VIIRS,h,2,297.66,14.48,D,0,5.9,19
49.03083,35.27691,367,0.51,0.66,15/08/2023,1131,N20,VIIRS,h,2,297.59,11.67,D,0,5.9,19
47.75314,38.61083,367,0.72,0.76,15/08/2023,1131,N20,VIIRS,h,2,297.73,18.14,D,0,9.5,25
46.37463,34.42235,367,0.43,0.62,16/08/2023,931,N20,VIIRS,h,2,301.94,7.49,D,0,13.4,50
46.36938,34.42563,367,0.43,0.62,16/08/2023,931,N20,VIIRS,h,2,304.04,8.66,D,0,13.4,50
46.32692,34.97549,367,0.41,0.6,16/08/2023,931,N20,VIIRS,h,2,302.64,8.19,D,0,13.1,56
47.17823,36.6732,367,0.32,0.55,16/08/2023,931,N20,VIIRS,h,2,305.01,8.08,D,0,12.5,26
46.88662,31.15624,367,0.57,0.69,16/08/2023,931,N20,VIIRS,h,2,299.79,16.51,D,0,16.3,54
46.88796,31.14854,367,0.57,0.69,16/08/2023,931,N20,VIIRS,h,2,300.03,22.07,D,0,16.3,54
47.60933,33.31654,367,0.44,0.62,16/08/2023,931,N20,VIIRS,h,2,301.02,8.68,D,0,11.6,27
47.24453,31.33686,367,0.55,0.68,16/08/2023,931,N20,VIIRS,h,2,299.49,8.31,D,0,14.8,49
48.99503,35.32117,367,0.32,0.55,16/08/2023,931,N20,VIIRS,h,2,305.27,7.33,D,0,9.5,18
48.71583,34.40103,367,0.36,0.58,16/08/2023,931,N20,VIIRS,h,2,299.54,25.34,D,0,11.2,14
48.57763,34.01157,367,0.38,0.59,16/08/2023,931,N20,VIIRS,h,2,303.19,12.4,D,0,9.8,15
47.09013,29.51587,367,0.66,0.73,16/08/2023,931,N20,VIIRS,h,2,300.27,34.48,D,0,12.7,63
48.84076,35.16338,367,0.33,0.56,16/08/2023,931,N20,VIIRS,h,2,306.56,9.31,D,0,10.2,20
47.25757,36.62263,367,0.32,0.55,16/08/2023,931,N20,VIIRS,h,2,310.42,29.06,D,0,12.4,28
47.17008,36.306,367,0.34,0.56,16/08/2023,931,N20,VIIRS,h,2,304.91,20.63,D,0,12.4,38
47.02845,34.4436,367,0.41,0.6,16/08/2023,931,N20,VIIRS,h,2,304.26,13.38,D,0,14,34
47.02884,34.38398,367,0.41,0.61,16/08/2023,931,N20,VIIRS,h,2,302.15,10.88,D,0,13.8,34
47.06073,34.4289,367,0.41,0.6,16/08/2023,931,N20,VIIRS,h,2,301.57,6.67,D,0,13.8,34
48.56281,35.03981,367,0.34,0.56,16/08/2023,931,N20,VIIRS,h,2,298.72,10.92,D,0,9.2,19
48.56448,35.03655,367,0.34,0.56,16/08/2023,931,N20,VIIRS,h,2,299.54,11.35,D,0,9.2,19
48.85755,35.63528,367,0.32,0.54,16/08/2023,931,N20,VIIRS,h,2,306.18,8.61,D,0,9.7,18
46.71411,32.37637,367,0.51,0.66,16/08/2023,931,N20,VIIRS,h,2,300.23,10.04,D,0,15.9,42
46.71504,32.37447,367,0.51,0.66,16/08/2023,931,N20,VIIRS,h,2,301.27,13.96,D,0,15.9,42
48.06965,36.20754,367,0.32,0.54,16/08/2023,931,N20,VIIRS,h,2,300.91,33.44,D,0,9.9,24
46.18952,33.33194,367,0.47,0.48,16/08/2023,1111,N20,VIIRS,h,2,299.51,8.77,D,0,15.7,37
46.20574,33.13791,367,0.46,0.47,16/08/2023,1111,N20,VIIRS,h,2,307.76,9.09,D,0,16.7,37
47.30382,31.5997,367,0.41,0.45,16/08/2023,1111,N20,VIIRS,h,2,303.87,14.14,D,0,13,45
47.75322,36.97234,367,0.36,0.58,16/08/2023,1111,N20,VIIRS,h,2,301.89,10.91,D,0,9.2,28
47.2488,38.03656,367,0.4,0.6,16/08/2023,1111,N20,VIIRS,h,2,308.08,8.64,D,0,11.4,38
47.62419,38.21185,367,0.41,0.61,16/08/2023,1111,N20,VIIRS,h,2,301.71,26.35,D,0,11.8,28
47.621,38.20931,367,0.41,0.61,16/08/2023,1111,N20,VIIRS,h,2,300.59,8.25,D,0,11.8,28
47.62665,38.20884,367,0.41,0.61,16/08/2023,1111,N20,VIIRS,h,2,299.34,18.25,D,0,11.8,28
46.7645,36.10587,367,0.32,0.55,16/08/2023,1111,N20,VIIRS,h,2,305.33,7.68,D,0,12.1,58
47.36467,36.46814,367,0.34,0.56,16/08/2023,1111,N20,VIIRS,h,2,301.82,5.52,D,0,11.1,36
47.36528,36.46654,367,0.34,0.56,16/08/2023,1111,N20,VIIRS,h,2,303.93,7.73,D,0,11.1,36
45.20158,36.25023,367,0.32,0.55,16/08/2023,1111,N20,VIIRS,h,2,313.83,6.12,D,0,23.3,48
48.19616,35.74836,367,0.32,0.55,16/08/2023,1112,N20,VIIRS,h,2,302.88,6.81,D,0,8.9,12
49.33577,36.2226,367,0.34,0.56,16/08/2023,1112,N20,VIIRS,h,2,300.68,10.53,D,0,12.1,25
49.33538,36.22231,367,0.34,0.56,16/08/2023,1112,N20,VIIRS,h,2,300.59,11.43,D,0,12.1,25
48.68027,35.78978,367,0.32,0.55,16/08/2023,1112,N20,VIIRS,h,2,300.77,5.47,D,0,9.6,22
48.06276,36.08981,367,0.33,0.55,16/08/2023,1112,N20,VIIRS,h,2,301.11,5.84,D,0,9.4,16
48.88586,35.68453,367,0.32,0.55,16/08/2023,1112,N20,VIIRS,h,2,306.28,3.07,D,0,10,20
48.1865,37.05226,367,0.37,0.58,16/08/2023,1112,N20,VIIRS,h,2,302.74,20.06,D,0,9.1,22
48.19188,37.05198,367,0.37,0.58,16/08/2023,1112,N20,VIIRS,h,2,294.47,8.42,D,0,9.1,22
47.40857,37.08562,367,0.49,0.65,17/08/2023,912,N20,VIIRS,h,2,299.29,19.02,D,0,14.7,39
46.59428,34.27238,367,0.68,0.74,17/08/2023,912,N20,VIIRS,h,2,300.24,29.11,D,0,12.3,56
46.74125,32.88984,367,0.77,0.77,17/08/2023,912,N20,VIIRS,h,2,297.99,25.41,D,0,13.7,44
46.73959,32.89298,367,0.77,0.77,17/08/2023,912,N20,VIIRS,h,2,296.33,14.72,D,0,13.7,44
47.44424,37.89111,367,0.45,0.63,17/08/2023,912,N20,VIIRS,h,2,302.05,9.7,D,0,14.4,46
47.59955,38.24745,367,0.43,0.62,17/08/2023,912,N20,VIIRS,h,2,303.93,10.54,D,0,15.3,46
47.60842,38.23539,367,0.43,0.62,17/08/2023,912,N20,VIIRS,h,2,303.09,13.86,D,0,15.3,46
47.57968,38.12144,367,0.44,0.62,17/08/2023,912,N20,VIIRS,h,2,303.06,66.21,D,0,14.1,46
47.58332,38.11273,367,0.44,0.62,17/08/2023,912,N20,VIIRS,h,2,302.31,13.04,D,0,14.1,46
47.40503,37.08766,367,0.49,0.65,17/08/2023,912,N20,VIIRS,h,2,300.93,13.89,D,0,14.7,39
47.04527,37.37399,367,0.49,0.65,17/08/2023,912,N20,VIIRS,h,2,301.23,46.41,D,0,17.7,63
47.37745,37.82263,367,0.46,0.63,17/08/2023,912,N20,VIIRS,h,2,302.57,10.79,D,0,14.6,48
47.36856,37.8387,367,0.46,0.63,17/08/2023,912,N20,VIIRS,h,2,303.35,13.81,D,0,14.6,48
47.51801,38.17773,367,0.44,0.62,17/08/2023,912,N20,VIIRS,h,2,300.16,7,D,0,14.9,47
47.38082,37.83324,367,0.46,0.63,17/08/2023,912,N20,VIIRS,h,2,302.03,9.55,D,0,14.6,48
46.99629,32.48726,367,0.78,0.78,17/08/2023,913,N20,VIIRS,h,2,297.81,11.04,D,0,13.7,44
49.36928,39.75279,367,0.33,0.55,17/08/2023,913,N20,VIIRS,h,2,302.54,5.65,D,0,12.8,24
49.36581,39.76007,367,0.33,0.55,17/08/2023,913,N20,VIIRS,h,2,303.24,5.65,D,0,12.8,24
49.36661,39.76185,367,0.33,0.55,17/08/2023,913,N20,VIIRS,h,2,299.97,11.39,D,0,12.8,24
47.45476,37.88112,367,0.48,0.48,17/08/2023,1052,N20,VIIRS,h,2,306.83,9.7,D,0,14.4,46
47.33912,36.93653,367,0.43,0.46,17/08/2023,1052,N20,VIIRS,h,2,309.67,14.76,D,0,15,41
46.69493,32.97548,367,0.45,0.39,17/08/2023,1052,N20,VIIRS,h,2,307.46,9.63,D,0,13.2,45
48.13346,38.27935,367,0.5,0.49,17/08/2023,1053,N20,VIIRS,h,2,306.66,9.46,D,0,11.9,40
47.09039,30.52189,367,0.37,0.58,17/08/2023,2307,N20,VIIRS,h,2,293.91,8.1,N,0,13.4,48
47.38654,37.80199,367,0.72,0.76,18/08/2023,854,N20,VIIRS,h,2,292.11,14.88,D,0,13.8,22
46.41162,33.15769,367,0.39,0.36,18/08/2023,1033,N20,VIIRS,h,2,311.32,7.21,D,0,11.9,39
46.4124,33.16262,367,0.39,0.36,18/08/2023,1033,N20,VIIRS,h,2,310.31,4.95,D,0,11.9,39
49.23338,26.14172,367,0.63,0.72,18/08/2023,1215,N20,VIIRS,h,2,292.77,11.42,D,0,11.7,108
49.22941,26.14151,367,0.63,0.72,18/08/2023,1215,N20,VIIRS,h,2,292.98,18.21,D,0,11.8,110
47.39935,37.79102,367,0.38,0.36,19/08/2023,1015,N20,VIIRS,h,2,317.43,14.72,D,0,13.6,46
47.02681,34.52629,367,0.43,0.38,19/08/2023,1015,N20,VIIRS,h,2,312.71,7.61,D,0,11.1,37
47.13819,34.43171,367,0.43,0.38,19/08/2023,1015,N20,VIIRS,h,2,328.6,50.1,D,0,11.7,36
48.44127,36.87366,367,0.39,0.36,19/08/2023,1015,N20,VIIRS,h,2,315.24,36.43,D,0,11.6,44
51.42642,27.04389,367,0.42,0.46,19/08/2023,1016,N20,VIIRS,h,2,298.51,16.05,D,0,7.2,136
47.7053,29.90406,367,0.56,0.69,19/08/2023,1156,N20,VIIRS,h,2,298.5,14.44,D,0,7.3,34
47.70645,29.90323,367,0.56,0.69,19/08/2023,1156,N20,VIIRS,h,2,298.06,15.28,D,0,7.3,34
46.32645,34.89325,367,0.43,0.46,20/08/2023,956,N20,VIIRS,h,2,314.9,20.29,D,0,14.1,52
47.36513,37.86633,367,0.47,0.4,20/08/2023,956,N20,VIIRS,h,2,339,60.09,D,0,10.5,57
47.48786,37.94276,367,0.47,0.39,20/08/2023,956,N20,VIIRS,h,2,318.36,16.19,D,0,10.6,64
47.48667,37.93671,367,0.47,0.39,20/08/2023,956,N20,VIIRS,h,2,319.01,16.19,D,0,10.6,64
47.48547,37.93067,367,0.47,0.39,20/08/2023,956,N20,VIIRS,h,2,334.28,123.38,D,0,10.6,64
47.58945,37.94992,367,0.46,0.39,20/08/2023,956,N20,VIIRS,h,2,317.15,12.41,D,0,9.6,62
46.45605,32.24325,367,0.56,0.51,20/08/2023,956,N20,VIIRS,h,2,311.74,16.28,D,0,10.6,31
46.45648,32.23575,367,0.56,0.51,20/08/2023,956,N20,VIIRS,h,2,308.8,16.11,D,0,10.6,31
47.08281,34.34433,367,0.43,0.46,20/08/2023,956,N20,VIIRS,h,2,312.44,10.42,D,0,9.3,38
47.54422,35.67078,367,0.56,0.43,20/08/2023,956,N20,VIIRS,h,2,307.3,16.69,D,0,10.1,52
47.70975,29.9046,367,0.32,0.55,20/08/2023,956,N20,VIIRS,h,2,304.29,5.75,D,0,7.9,8
50.40801,24.03714,367,0.46,0.64,20/08/2023,957,N20,VIIRS,h,2,292.04,11.79,D,0,7.9,253
46.15791,33.38391,367,0.48,0.65,20/08/2023,1136,N20,VIIRS,h,2,303.15,6.63,D,0,11.2,48
46.40681,32.562,367,0.44,0.62,20/08/2023,1136,N20,VIIRS,h,2,294.25,20.49,D,0,8.9,37
46.40665,32.55619,367,0.44,0.62,20/08/2023,1136,N20,VIIRS,h,2,295.03,177.85,D,0,9.4,39
46.4126,32.56176,367,0.44,0.62,20/08/2023,1136,N20,VIIRS,h,2,302.66,22.14,D,0,8.9,37
46.4184,32.56152,367,0.44,0.62,20/08/2023,1136,N20,VIIRS,h,2,301.46,22.14,D,0,8.9,37
46.40688,32.56131,367,0.44,0.62,20/08/2023,1136,N20,VIIRS,h,2,297.03,68.96,D,0,8.9,37
46.40674,32.55548,367,0.44,0.62,20/08/2023,1136,N20,VIIRS,h,2,298.86,68.96,D,0,9.4,39
46.41267,32.56104,367,0.44,0.62,20/08/2023,1136,N20,VIIRS,h,2,303.05,32.52,D,0,8.9,37
46.41847,32.56078,367,0.44,0.62,20/08/2023,1136,N20,VIIRS,h,2,301.33,32.52,D,0,8.9,37
46.44481,32.23291,367,0.42,0.61,20/08/2023,1136,N20,VIIRS,h,2,302.37,13.02,D,0,11.2,28
46.45052,32.23262,367,0.42,0.61,20/08/2023,1136,N20,VIIRS,h,2,308.73,20.04,D,0,11.2,28
46.45654,32.24361,367,0.42,0.61,20/08/2023,1136,N20,VIIRS,h,2,310.51,16.55,D,0,10.6,31
46.4766,32.14705,367,0.42,0.61,20/08/2023,1136,N20,VIIRS,h,2,310.58,22.58,D,0,11.2,28
46.60664,32.41873,367,0.43,0.62,20/08/2023,1137,N20,VIIRS,h,2,305.6,8.88,D,0,10,33
46.72516,36.14365,367,0.66,0.73,20/08/2023,1137,N20,VIIRS,h,2,309.35,10.96,D,0,14.6,76
46.77806,35.31237,367,0.6,0.7,20/08/2023,1137,N20,VIIRS,h,2,302.24,13.61,D,0,11.1,71
46.83379,36.32423,367,0.67,0.74,20/08/2023,1137,N20,VIIRS,h,2,309.68,28.99,D,0,14.4,70
46.83435,36.32754,367,0.67,0.74,20/08/2023,1137,N20,VIIRS,h,2,306.76,30.43,D,0,14.4,70
47.15755,36.25102,367,0.66,0.73,20/08/2023,1137,N20,VIIRS,h,2,303.76,16.19,D,0,11.3,64
47.15816,36.25129,367,0.67,0.73,20/08/2023,1137,N20,VIIRS,h,2,303.09,26.18,D,0,11.3,64
47.3049,35.98472,367,0.65,0.73,20/08/2023,1137,N20,VIIRS,h,2,296.78,20.88,D,0,10.9,61
47.74012,35.69574,367,0.63,0.72,20/08/2023,1137,N20,VIIRS,h,2,300.79,29.7,D,0,10.4,51
47.97674,32.91061,367,0.47,0.64,20/08/2023,1137,N20,VIIRS,h,2,299.63,6.7,D,0,8.8,29
48.28154,36.48536,367,0.69,0.74,20/08/2023,1137,N20,VIIRS,h,2,300.48,19.33,D,0,7.9,68
49.07179,31.72291,367,0.42,0.61,20/08/2023,1137,N20,VIIRS,h,2,298.86,10.87,D,0,6,10
51.50387,30.90702,367,0.4,0.6,20/08/2023,1138,N20,VIIRS,h,2,295.33,19,D,0,7,293
51.50499,30.90983,367,0.4,0.6,20/08/2023,1138,N20,VIIRS,h,2,292.86,14.76,D,0,6.5,305
46.17334,32.73314,367,0.44,0.62,21/08/2023,937,N20,VIIRS,h,2,301.22,16.16,D,0,9.3,358
46.17173,32.72784,367,0.44,0.62,21/08/2023,937,N20,VIIRS,h,2,302.88,9.65,D,0,9.3,358
46.17863,32.72981,367,0.44,0.62,21/08/2023,937,N20,VIIRS,h,2,302.06,16.16,D,0,9.3,358
46.17556,32.73272,367,0.44,0.62,21/08/2023,937,N20,VIIRS,h,2,301.23,23.39,D,0,9.3,358
46.19744,32.76282,367,0.44,0.62,21/08/2023,937,N20,VIIRS,h,2,296.62,13.16,D,0,9.3,358
46.20273,32.7595,367,0.44,0.62,21/08/2023,937,N20,VIIRS,h,2,301.06,13.16,D,0,9.3,358
47.014,35.07932,367,0.33,0.55,21/08/2023,937,N20,VIIRS,h,2,304.95,17.6,D,0,10.5,2
47.84057,37.47378,367,0.49,0.48,21/08/2023,937,N20,VIIRS,h,2,304.64,11.43,D,0,8.4,350
46.60951,33.39977,367,0.4,0.6,21/08/2023,937,N20,VIIRS,h,2,306.54,9.96,D,0,10.2,356
46.77713,35.31193,367,0.32,0.55,21/08/2023,937,N20,VIIRS,h,2,303.65,10.36,D,0,10.5,358
46.24657,34.24032,367,0.38,0.58,21/08/2023,937,N20,VIIRS,h,2,307.09,13.28,D,0,9.3,352
47.18777,37.82481,367,0.49,0.49,21/08/2023,937,N20,VIIRS,h,2,332.67,182.55,D,0,10.7,12
47.18926,37.83082,367,0.49,0.49,21/08/2023,937,N20,VIIRS,h,2,301.95,44.66,D,0,8.8,3
47.18734,34.54496,367,0.34,0.56,21/08/2023,937,N20,VIIRS,h,2,304.22,7.35,D,0,10.6,353
47.19213,34.54206,367,0.34,0.56,21/08/2023,937,N20,VIIRS,h,2,306.91,7.35,D,0,10.6,353
47.34542,34.97069,367,0.32,0.55,21/08/2023,937,N20,VIIRS,h,2,305.29,3.34,D,0,10.2,8
47.35028,34.78925,367,0.33,0.55,21/08/2023,937,N20,VIIRS,h,2,303.52,6.54,D,0,10,1
47.34971,34.78934,367,0.33,0.55,21/08/2023,937,N20,VIIRS,h,2,303.66,7.32,D,0,10,1
46.6843,32.20716,367,0.45,0.63,21/08/2023,937,N20,VIIRS,h,2,300.48,10.39,D,0,10.4,359
46.68264,32.20179,367,0.45,0.63,21/08/2023,937,N20,VIIRS,h,2,303.74,10.39,D,0,10.4,359
47.06763,33.27558,367,0.39,0.59,21/08/2023,937,N20,VIIRS,h,2,304.67,15.75,D,0,9.9,354
46.81769,31.80194,367,0.46,0.64,21/08/2023,937,N20,VIIRS,h,2,301.01,10.18,D,0,11.5,358
46.98838,32.26618,367,0.43,0.62,21/08/2023,937,N20,VIIRS,h,2,300.75,9.05,D,0,9.9,0
47.25941,29.61662,367,0.55,0.68,21/08/2023,938,N20,VIIRS,h,2,296.71,29.43,D,0,10,345
46.21071,33.3557,367,0.56,0.52,21/08/2023,1117,N20,VIIRS,h,2,296.53,19.52,D,0,10,351
45.25088,36.20298,367,0.38,0.59,21/08/2023,1117,N20,VIIRS,h,2,309.95,8.1,D,0,12.4,8
45.25106,36.20794,367,0.38,0.59,21/08/2023,1117,N20,VIIRS,h,2,309.88,8.64,D,0,12.4,8
45.24543,36.20343,367,0.38,0.59,21/08/2023,1117,N20,VIIRS,h,2,311.37,9.97,D,0,12.4,8
45.10633,36.33033,367,0.39,0.59,21/08/2023,1117,N20,VIIRS,h,2,314.78,61.77,D,0,17.1,23
47.01191,35.07412,367,0.35,0.56,21/08/2023,1118,N20,VIIRS,h,2,307.94,5.92,D,0,10.5,2
47.21086,37.8028,367,0.47,0.64,21/08/2023,1118,N20,VIIRS,h,2,296.1,10.11,D,0,10.2,0
47.14847,35.45526,367,0.36,0.58,21/08/2023,1118,N20,VIIRS,h,2,308.62,9.58,D,0,10.7,350
47.15345,35.18672,367,0.35,0.57,21/08/2023,1118,N20,VIIRS,h,2,305.49,8.11,D,0,10.4,357
47.23117,36.37436,367,0.4,0.6,21/08/2023,1118,N20,VIIRS,h,2,300.13,6.99,D,0,11,6
47.23517,36.37358,367,0.4,0.6,21/08/2023,1118,N20,VIIRS,h,2,302.67,5.66,D,0,11,6
47.32652,35.76777,367,0.38,0.58,21/08/2023,1118,N20,VIIRS,h,2,302.56,8.52,D,0,10.2,4
47.50188,37.95978,367,0.48,0.65,21/08/2023,1118,N20,VIIRS,h,2,303.59,14.25,D,0,9.4,351
47.4998,35.43223,367,0.36,0.58,21/08/2023,1118,N20,VIIRS,h,2,304.11,8.48,D,0,10,353
47.4996,35.42733,367,0.36,0.58,21/08/2023,1118,N20,VIIRS,h,2,304.38,11.62,D,0,10,353
47.49761,35.43048,367,0.36,0.58,21/08/2023,1118,N20,VIIRS,h,2,304.59,7.19,D,0,10,353
47.50296,35.43011,367,0.36,0.58,21/08/2023,1118,N20,VIIRS,h,2,302.58,7.19,D,0,10,353
47.60378,38.23442,367,0.49,0.65,21/08/2023,1118,N20,VIIRS,h,2,300.71,9.45,D,0,9.6,1
47.82084,35.69683,367,0.38,0.58,21/08/2023,1118,N20,VIIRS,h,2,300.49,5.01,D,0,9,354
47.90789,36.59042,367,0.41,0.61,21/08/2023,1118,N20,VIIRS,h,2,300.97,4.37,D,0,9.6,346
48.27707,37.85934,367,0.48,0.64,21/08/2023,1118,N20,VIIRS,h,2,291.93,18.93,D,0,6.2,331
48.95992,35.26855,367,0.37,0.58,21/08/2023,1118,N20,VIIRS,h,2,295.99,10.9,D,0,10,333
46.68373,34.35679,367,0.32,0.54,21/08/2023,1118,N20,VIIRS,h,2,305.49,8.64,D,0,10.4,351
46.77558,35.30983,367,0.35,0.57,21/08/2023,1118,N20,VIIRS,h,2,311.47,11.03,D,0,10.5,358
46.77455,35.31092,367,0.35,0.57,21/08/2023,1118,N20,VIIRS,h,2,305.06,6,D,0,10.5,358
46.76173,34.42173,367,0.32,0.55,21/08/2023,1118,N20,VIIRS,h,2,311.7,14.5,D,0,10.5,349
46.92212,35.72885,367,0.37,0.58,21/08/2023,1118,N20,VIIRS,h,2,309.06,9.85,D,0,10.6,356
46.94971,36.38684,367,0.4,0.6,21/08/2023,1118,N20,VIIRS,h,2,299.56,9.84,D,0,11.3,7
46.97559,35.44634,367,0.36,0.57,21/08/2023,1118,N20,VIIRS,h,2,307.76,10.62,D,0,10.4,356
46.98624,35.44555,367,0.36,0.57,21/08/2023,1118,N20,VIIRS,h,2,309.64,18.31,D,0,10.2,356
46.9843,35.447,367,0.36,0.57,21/08/2023,1118,N20,VIIRS,h,2,306.95,15.05,D,0,10.2,356
47.20367,38.18447,367,0.38,0.59,22/08/2023,918,N20,VIIRS,h,2,300.12,23.94,D,0,13.3,325
47.20093,38.17503,367,0.38,0.59,22/08/2023,918,N20,VIIRS,h,2,304.54,25.98,D,0,13.3,325
47.11051,37.8655,367,0.4,0.6,22/08/2023,918,N20,VIIRS,h,2,304.42,7.51,D,0,14.7,323
47.20456,38.16714,367,0.38,0.59,22/08/2023,918,N20,VIIRS,h,2,307.9,65.34,D,0,13.3,325
47.20134,38.18583,367,0.38,0.59,22/08/2023,918,N20,VIIRS,h,2,297.99,22.87,D,0,13.3,325
47.19855,38.17643,367,0.38,0.59,22/08/2023,918,N20,VIIRS,h,2,302.75,20.66,D,0,13.3,325
47.20494,38.17798,367,0.38,0.59,22/08/2023,918,N20,VIIRS,h,2,304.12,20.66,D,0,13.3,325
47.20215,38.16856,367,0.38,0.59,22/08/2023,918,N20,VIIRS,h,2,308.11,24.19,D,0,13.3,325
46.87434,36.98404,367,0.44,0.62,22/08/2023,918,N20,VIIRS,h,2,305.87,29.46,D,0,16.6,330
46.87963,36.98066,367,0.44,0.62,22/08/2023,918,N20,VIIRS,h,2,302.19,29.46,D,0,16.6,330
47.19494,37.88178,367,0.39,0.6,22/08/2023,918,N20,VIIRS,h,2,309.71,5.51,D,0,14.3,327
47.17428,37.79156,367,0.4,0.6,22/08/2023,918,N20,VIIRS,h,2,299.29,13.93,D,0,14.7,323
47.17933,37.78821,367,0.4,0.6,22/08/2023,918,N20,VIIRS,h,2,301.61,10.22,D,0,14.7,323
47.61442,38.32635,367,0.36,0.58,22/08/2023,918,N20,VIIRS,h,2,301.84,8.5,D,0,13.9,325
47.61337,38.00096,367,0.38,0.58,22/08/2023,918,N20,VIIRS,h,2,300.88,9.16,D,0,13.1,320
47.61081,37.99966,367,0.38,0.58,22/08/2023,918,N20,VIIRS,h,2,303.65,11.15,D,0,13.1,320
47.2313,36.3622,367,0.46,0.63,22/08/2023,918,N20,VIIRS,h,2,298.55,6.77,D,0,13.7,325
47.23669,36.35885,367,0.46,0.63,22/08/2023,918,N20,VIIRS,h,2,301.35,6.71,D,0,13.1,325
46.98119,35.60048,367,0.5,0.66,22/08/2023,918,N20,VIIRS,h,2,301.8,23.26,D,0,12.7,333
47.23122,36.3586,367,0.46,0.63,22/08/2023,918,N20,VIIRS,h,2,300.31,7.13,D,0,13.1,325
47.23661,36.35526,367,0.46,0.63,22/08/2023,918,N20,VIIRS,h,2,303.89,10.04,D,0,13.1,325
46.95961,34.57121,367,0.55,0.68,22/08/2023,918,N20,VIIRS,h,2,296.7,20.61,D,0,12.2,337
47.35352,35.23797,367,0.5,0.66,22/08/2023,919,N20,VIIRS,h,2,297.77,12.66,D,0,12.7,330
47.33773,35.84168,367,0.45,0.47,22/08/2023,1059,N20,VIIRS,h,2,301.53,9,D,0,12.8,326
49.33137,39.77281,367,0.36,0.57,22/08/2023,1059,N20,VIIRS,h,2,298.33,8.65,D,0,12.6,308
49.32607,39.7732,367,0.36,0.57,22/08/2023,1059,N20,VIIRS,h,2,300.33,8.16,D,0,12.6,308
46.82735,33.20549,367,0.52,0.41,22/08/2023,1059,N20,VIIRS,h,2,325.31,66.43,D,0,11.4,340
47.77047,36.13299,367,0.7,0.75,23/08/2023,900,N20,VIIRS,h,2,293.88,47.15,D,0,12.5,315
47.77076,36.13887,367,0.7,0.75,23/08/2023,900,N20,VIIRS,h,2,291.09,41.39,D,0,12.5,315
46.81442,34.77301,367,0.41,0.37,23/08/2023,1040,N20,VIIRS,h,2,333.01,82.26,D,0,11.1,333
46.79266,33.15191,367,0.4,0.6,23/08/2023,2255,N20,VIIRS,h,2,288.65,5.02,N,0,6.8,332
46.78713,33.15113,367,0.4,0.6,23/08/2023,2255,N20,VIIRS,h,2,291.25,10.71,N,3,6.8,332
47.53138,37.9847,367,0.39,0.36,24/08/2023,1021,N20,VIIRS,h,2,311.24,9.08,D,0,10.4,331
47.26044,37.85325,367,0.39,0.36,24/08/2023,1021,N20,VIIRS,h,2,311.05,5.59,D,0,10.2,342
47.53074,37.87897,367,0.42,0.38,25/08/2023,1002,N20,VIIRS,h,2,326.78,35.82,D,0,9.2,337
48.84814,25.63379,367,0.39,0.59,25/08/2023,1003,N20,VIIRS,h,2,297.51,12.44,D,0,6.1,220
45.46548,35.04158,367,0.69,0.74,25/08/2023,1142,N20,VIIRS,h,2,297.18,13.77,D,0,9.8,296
45.46583,35.04309,367,0.69,0.74,25/08/2023,1142,N20,VIIRS,h,2,297.79,22.69,D,0,9.8,296
46.3746,33.37571,367,0.57,0.69,25/08/2023,1143,N20,VIIRS,h,2,292.07,103.95,D,0,8.3,326
47.40374,34.06009,367,0.62,0.72,25/08/2023,1143,N20,VIIRS,h,2,299.42,17.42,D,0,8.6,27
46.37465,33.38335,367,0.57,0.69,25/08/2023,1143,N20,VIIRS,h,2,292.21,52.4,D,0,8.3,326
46.3682,33.38333,367,0.57,0.69,25/08/2023,1143,N20,VIIRS,h,2,290.59,52.4,D,0,8.3,326
46.50609,30.46129,367,0.42,0.61,25/08/2023,1143,N20,VIIRS,h,2,297.78,8.23,D,0,7.5,165
46.56272,34.41285,367,0.64,0.72,25/08/2023,1143,N20,VIIRS,h,2,302.42,9.04,D,0,7.9,358
46.99666,35.49903,367,0.73,0.76,25/08/2023,1143,N20,VIIRS,h,2,296.66,19.91,D,0,8.7,352
47.04777,33.84117,367,0.61,0.71,25/08/2023,1143,N20,VIIRS,h,2,299.75,30.97,D,0,8,28
48.06095,31.6698,367,0.48,0.65,25/08/2023,1143,N20,VIIRS,h,2,297.9,12.93,D,0,5.3,11
48.06103,31.6764,367,0.49,0.65,25/08/2023,1143,N20,VIIRS,h,2,296.59,12.93,D,0,5.3,11
46.37486,33.38237,367,0.57,0.69,25/08/2023,1143,N20,VIIRS,h,2,291.03,99.68,D,0,8.3,326
46.36841,33.38239,367,0.57,0.69,25/08/2023,1143,N20,VIIRS,h,2,291.96,99.68,D,0,8.3,326
46.12082,33.75384,367,0.34,0.56,26/08/2023,943,N20,VIIRS,h,2,307.74,12.4,D,0,7,101
45.27844,33.40809,367,0.37,0.58,26/08/2023,943,N20,VIIRS,h,2,303.91,13.83,D,0,8.1,180
46.81823,33.14862,367,0.34,0.56,26/08/2023,943,N20,VIIRS,h,2,302.97,8,D,0,7,199
46.82421,33.14995,367,0.34,0.56,26/08/2023,943,N20,VIIRS,h,2,299.72,8,D,0,7,199
46.51908,32.88044,367,0.36,0.57,26/08/2023,943,N20,VIIRS,h,2,298.74,6.07,D,0,7.9,193
46.32529,32.23631,367,0.39,0.59,26/08/2023,943,N20,VIIRS,h,2,302.03,18.63,D,0,7,186
46.51291,32.879,367,0.36,0.57,26/08/2023,943,N20,VIIRS,h,2,298.53,6.07,D,0,7.9,193
48.32837,37.89735,367,0.39,0.44,26/08/2023,943,N20,VIIRS,h,2,297.53,10.19,D,0,6.8,34
47.1092,33.15556,367,0.34,0.56,26/08/2023,943,N20,VIIRS,h,2,301.28,6.5,D,0,8.6,202
46.72731,32.26157,367,0.38,0.59,26/08/2023,943,N20,VIIRS,h,2,299.14,8.62,D,0,8.7,199
46.82076,33.1487,367,0.34,0.56,26/08/2023,943,N20,VIIRS,h,2,304.34,6.21,D,0,7,199
46.32425,32.23986,367,0.39,0.59,26/08/2023,943,N20,VIIRS,h,2,297.41,8.24,D,0,7,186
46.44987,32.94046,367,0.36,0.57,26/08/2023,943,N20,VIIRS,h,2,296.27,12.2,D,0,7.9,193
46.63264,33.74705,367,0.33,0.55,26/08/2023,943,N20,VIIRS,h,2,304.96,13.75,D,0,6.4,134
46.63375,33.75103,367,0.33,0.55,26/08/2023,943,N20,VIIRS,h,2,306.24,19.23,D,0,6.4,134
46.63463,33.75318,367,0.33,0.55,26/08/2023,943,N20,VIIRS,h,2,302.08,11.28,D,0,6.4,134
46.17709,32.59005,367,0.38,0.59,26/08/2023,943,N20,VIIRS,h,2,300.78,4.95,D,0,6.8,176
47.42956,37.87617,367,0.41,0.45,26/08/2023,943,N20,VIIRS,h,2,302.08,14.23,D,0,7.1,349
47.27483,33.19697,367,0.33,0.55,26/08/2023,944,N20,VIIRS,h,2,303.84,10.14,D,0,8.1,198
47.27004,33.19966,367,0.33,0.55,26/08/2023,944,N20,VIIRS,h,2,301.27,10.14,D,0,8.1,198
47.5189,35.93075,367,0.46,0.63,26/08/2023,1124,N20,VIIRS,h,2,298.28,15.68,D,0,7.2,116
47.52078,35.93329,367,0.46,0.63,26/08/2023,1124,N20,VIIRS,h,2,295.64,21.15,D,0,7.2,116
49.00047,35.25412,367,0.43,0.62,26/08/2023,1124,N20,VIIRS,h,2,290.69,11.34,D,0,8.1,155
46.37017,34.80608,367,0.4,0.6,26/08/2023,1124,N20,VIIRS,h,2,298.06,6.82,D,0,9.6,125
46.37589,34.81101,367,0.4,0.6,26/08/2023,1124,N20,VIIRS,h,2,294.17,7.41,D,0,9.6,125
46.37572,34.80574,367,0.4,0.6,26/08/2023,1124,N20,VIIRS,h,2,298,7.41,D,0,9.6,125
46.51198,32.88185,367,0.32,0.55,26/08/2023,1124,N20,VIIRS,h,2,295.78,7.72,D,0,7.9,193
46.63491,33.74196,367,0.35,0.57,26/08/2023,1124,N20,VIIRS,h,2,301.02,10.34,D,0,6.4,134
46.64057,33.75093,367,0.35,0.57,26/08/2023,1124,N20,VIIRS,h,2,301.31,10.98,D,0,6.4,134
46.64038,33.74624,367,0.35,0.57,26/08/2023,1124,N20,VIIRS,h,2,305.08,10.98,D,0,6.4,134
46.64019,33.74156,367,0.35,0.57,26/08/2023,1124,N20,VIIRS,h,2,303.74,17.47,D,0,6.4,134
46.78724,33.15596,367,0.33,0.55,26/08/2023,1124,N20,VIIRS,h,2,297.73,5.31,D,3,7,199
47.18287,34.21715,367,0.38,0.58,26/08/2023,1124,N20,VIIRS,h,2,303.99,7.26,D,0,8.7,174
47.25193,35.60826,367,0.44,0.62,26/08/2023,1124,N20,VIIRS,h,2,298.56,18.94,D,0,7,96
47.2903,37.81537,367,0.56,0.69,26/08/2023,1124,N20,VIIRS,h,2,297.65,52.8,D,0,7.5,39
47.29692,37.86077,367,0.56,0.69,26/08/2023,1124,N20,VIIRS,h,2,293.56,14.89,D,0,7.5,359
47.29669,37.81534,367,0.56,0.69,26/08/2023,1124,N20,VIIRS,h,2,292.87,52.8,D,0,7.5,39
47.30332,37.86047,367,0.56,0.69,26/08/2023,1124,N20,VIIRS,h,2,297.47,48.85,D,0,7.5,359
47.30303,37.80823,367,0.56,0.69,26/08/2023,1124,N20,VIIRS,h,2,291.47,23.14,D,0,7.5,39
47.27174,35.70799,367,0.44,0.63,26/08/2023,1124,N20,VIIRS,h,2,302.62,12.59,D,0,6.6,101
47.27741,35.7017,367,0.44,0.63,26/08/2023,1124,N20,VIIRS,h,2,298.84,12.59,D,0,6.6,101
47.29274,35.61785,367,0.44,0.62,26/08/2023,1124,N20,VIIRS,h,2,296.66,11.69,D,0,7,96
47.30449,37.85941,367,0.56,0.69,26/08/2023,1124,N20,VIIRS,h,2,295.38,37.13,D,0,7.5,359
47.29257,35.61507,367,0.44,0.62,26/08/2023,1124,N20,VIIRS,h,2,296.01,7.85,D,0,7,96
47.35938,36.02331,367,0.46,0.64,26/08/2023,1124,N20,VIIRS,h,2,295.17,26.84,D,0,7.4,112
47.41009,35.99731,367,0.46,0.63,26/08/2023,1124,N20,VIIRS,h,2,295.2,7.94,D,0,7.4,112
48.43526,33.46128,367,0.35,0.57,26/08/2023,1124,N20,VIIRS,h,2,298.56,8.04,D,0,8.3,193
47.14479,37.74232,367,0.34,0.56,27/08/2023,924,N20,VIIRS,h,2,296.26,37.03,D,0,12.4,201
46.76719,34.39522,367,0.49,0.65,27/08/2023,925,N20,VIIRS,h,2,295.51,17.14,D,0,10,238
47.36046,35.77402,367,0.41,0.61,27/08/2023,925,N20,VIIRS,h,2,293.74,10.64,D,0,11,216
47.36073,35.77507,367,0.41,0.61,27/08/2023,925,N20,VIIRS,h,2,293.2,10.06,D,0,11,216
46.70326,34.11174,367,0.51,0.66,27/08/2023,925,N20,VIIRS,h,2,295.55,14.78,D,0,10,238
47.13246,33.30832,367,0.53,0.67,27/08/2023,925,N20,VIIRS,h,2,295.31,15.25,D,0,11,236
47.13179,34.43844,367,0.47,0.64,27/08/2023,925,N20,VIIRS,h,2,297.77,7.95,D,0,11,228
47.62493,35.51195,367,0.52,0.5,27/08/2023,1105,N20,VIIRS,h,2,300.38,13.04,D,0,12.7,231
46.78521,34.43904,367,0.46,0.47,27/08/2023,1105,N20,VIIRS,h,2,297,8.89,D,0,10.5,237
46.7373,33.18127,367,0.4,0.44,27/08/2023,1105,N20,VIIRS,h,2,302.72,18.14,D,0,10,235
48.06512,37.15931,367,0.63,0.54,27/08/2023,1105,N20,VIIRS,h,2,296.54,17.35,D,0,11,232
48.13636,39.48674,367,0.4,0.6,27/08/2023,1105,N20,VIIRS,h,2,293.27,11.27,D,0,12.1,217
48.13061,39.4812,367,0.4,0.6,27/08/2023,1105,N20,VIIRS,h,2,292.17,9.2,D,0,12.1,217
47.62382,35.51094,367,0.52,0.5,27/08/2023,1105,N20,VIIRS,h,2,300.26,17.01,D,0,12.7,231
48.37064,39.54613,367,0.42,0.61,28/08/2023,906,N20,VIIRS,h,2,299.45,15.06,D,0,10.3,347
47.86739,33.43173,367,0.77,0.78,28/08/2023,906,N20,VIIRS,h,2,290.8,16.65,D,2,5.2,11
48.89049,35.7552,367,0.52,0.41,28/08/2023,1046,N20,VIIRS,h,2,303.2,17.12,D,0,8.4,334
46.55059,33.975,367,0.43,0.38,28/08/2023,1046,N20,VIIRS,h,2,335.85,103.23,D,0,8.6,348
46.54712,33.97588,367,0.43,0.38,28/08/2023,1046,N20,VIIRS,h,2,354.74,250.78,D,0,8.6,348
46.54366,33.97677,367,0.43,0.38,28/08/2023,1046,N20,VIIRS,h,2,336.68,250.78,D,0,8.6,348
48.40807,29.58256,367,0.38,0.36,28/08/2023,1047,N20,VIIRS,h,2,309.3,6.83,D,0,6.8,241
48.21446,38.24466,367,0.51,0.66,29/08/2023,41,N20,VIIRS,h,2,285.87,5.98,N,2,11.3,73
47.95695,38.57258,367,0.74,0.76,29/08/2023,847,N20,VIIRS,h,2,293.05,23.2,D,0,12.4,67
47.95473,38.56811,367,0.74,0.76,29/08/2023,847,N20,VIIRS,h,2,295.89,44.51,D,0,12.4,67
48.24788,39.70998,367,0.48,0.4,29/08/2023,1027,N20,VIIRS,h,2,309.73,85.02,D,0,11.6,63
47.14585,38.11843,367,0.42,0.38,29/08/2023,1027,N20,VIIRS,h,2,305.96,12.98,D,0,15.4,70
46.85583,36.94755,367,0.4,0.37,29/08/2023,1027,N20,VIIRS,h,2,304.52,6.22,D,0,15.6,82
48.00883,39.01697,367,0.38,0.36,30/08/2023,1008,N20,VIIRS,h,2,308.64,12.91,D,0,8.7,93
47.4397,35.97102,367,0.43,0.38,30/08/2023,1008,N20,VIIRS,h,2,307.15,9.79,D,0,13,108
47.86581,38.6783,367,0.39,0.36,30/08/2023,1008,N20,VIIRS,h,2,318.89,13.35,D,0,11.2,87
46.44841,33.04798,367,0.56,0.43,30/08/2023,1008,N20,VIIRS,h,2,311.57,19.71,D,0,16.4,102
48.23041,29.14135,367,0.49,0.49,30/08/2023,1009,N20,VIIRS,h,2,302.27,23.7,D,0,12.2,146
46.97915,32.42724,367,0.62,0.71,30/08/2023,1149,N20,VIIRS,h,2,301.02,19.02,D,0,16.2,111
46.9819,32.42511,367,0.62,0.71,30/08/2023,1149,N20,VIIRS,h,2,301.74,17.86,D,0,16.2,111
46.75286,33.18713,367,0.67,0.74,30/08/2023,1149,N20,VIIRS,h,2,298.42,23.05,D,0,14.3,105
46.75241,33.18411,367,0.67,0.74,30/08/2023,1149,N20,VIIRS,h,2,301.53,23.69,D,0,14.3,105
46.40527,32.07244,367,0.59,0.7,30/08/2023,1149,N20,VIIRS,h,2,301.18,13.35,D,0,15.1,104
46.40529,32.08822,367,0.59,0.7,30/08/2023,1149,N20,VIIRS,h,2,300.44,14.18,D,0,15.1,104
46.3512,30.33959,367,0.49,0.65,30/08/2023,1149,N20,VIIRS,h,2,301.45,8.16,D,0,16.3,121
48.55313,29.74154,367,0.47,0.64,30/08/2023,1150,N20,VIIRS,h,2,293.48,16.77,D,0,13.4,142
51.27811,29.40214,367,0.47,0.64,30/08/2023,1150,N20,VIIRS,h,2,297.46,31.75,D,0,13.8,150
51.28397,29.39523,367,0.47,0.64,30/08/2023,1150,N20,VIIRS,h,2,296.43,36.22,D,0,13.8,150
51.28991,29.39508,367,0.47,0.64,30/08/2023,1150,N20,VIIRS,h,2,293.63,36.22,D,0,13.8,150
49.66174,27.68122,367,0.73,0.76,31/08/2023,143,N20,VIIRS,h,2,284.35,44.52,N,0,11.1,225
46.73996,32.00823,367,0.33,0.55,31/08/2023,950,N20,VIIRS,h,2,299.41,23.41,D,0,7.9,161
49.16624,38.21616,367,0.48,0.4,31/08/2023,950,N20,VIIRS,h,2,356.12,145.49,D,0,10.6,112
48.76336,39.45271,367,0.45,0.39,31/08/2023,950,N20,VIIRS,h,2,329.93,76.08,D,0,10.3,108
47.19654,34.8561,367,0.48,0.48,31/08/2023,950,N20,VIIRS,h,2,305.96,17.03,D,0,12.3,137
46.43354,32.04605,367,0.34,0.56,31/08/2023,950,N20,VIIRS,h,2,293.54,11.07,D,0,7.7,158
47.51341,36.54928,367,0.4,0.44,31/08/2023,950,N20,VIIRS,h,2,306.89,7.81,D,0,12.7,129
49.65959,27.6873,367,0.41,0.6,31/08/2023,951,N20,VIIRS,h,2,298.48,42.64,D,0,11.1,225
47.67352,36.29112,367,0.56,0.69,31/08/2023,1130,N20,VIIRS,h,2,301.61,9.48,D,0,12.7,128
47.65222,35.84307,367,0.54,0.68,31/08/2023,1130,N20,VIIRS,h,2,302.9,12.88,D,0,11.6,129
47.65469,36.5247,367,0.58,0.7,31/08/2023,1130,N20,VIIRS,h,2,299.19,20.86,D,0,12.5,129
47.49897,33.56426,367,0.42,0.61,31/08/2023,1130,N20,VIIRS,h,2,301,11.81,D,0,9.2,129
47.51845,36.14325,367,0.55,0.68,31/08/2023,1130,N20,VIIRS,h,2,299.7,14.26,D,0,12,128
47.4987,35.92775,367,0.54,0.68,31/08/2023,1130,N20,VIIRS,h,2,300.58,13.13,D,0,11.5,134
47.52286,36.1421,367,0.55,0.68,31/08/2023,1130,N20,VIIRS,h,2,299.28,18.38,D,0,12,128
47.8701,33.21077,367,0.4,0.6,31/08/2023,1130,N20,VIIRS,h,2,300.22,10.98,D,0,7.6,120
46.43576,32.04718,367,0.35,0.57,31/08/2023,1130,N20,VIIRS,h,2,297.37,10.1,D,0,7.7,158
46.43555,32.04258,367,0.35,0.57,31/08/2023,1130,N20,VIIRS,h,2,297.43,10.1,D,0,7.7,158
46.50371,34.36124,367,0.45,0.63,31/08/2023,1130,N20,VIIRS,h,2,303.93,12.33,D,0,11.4,126
46.73878,32.00972,367,0.35,0.57,31/08/2023,1130,N20,VIIRS,h,2,297.18,12.39,D,0,7.9,161
46.80483,32.65864,367,0.38,0.58,31/08/2023,1130,N20,VIIRS,h,2,298.25,12.42,D,0,7.8,169
45.09057,34.23671,367,0.44,0.62,31/08/2023,1130,N20,VIIRS,h,2,302.78,5.1,D,0,7.3,259
47.01852,33.65069,367,0.42,0.61,31/08/2023,1130,N20,VIIRS,h,2,300.44,7.34,D,0,8,153
47.0624,33.30732,367,0.4,0.6,31/08/2023,1130,N20,VIIRS,h,2,300.88,7.4,D,0,9,153
47.16487,38.05702,367,0.68,0.74,31/08/2023,1130,N20,VIIRS,h,2,299.96,24.4,D,0,12.2,92
48.10584,33.44876,367,0.42,0.61,31/08/2023,1130,N20,VIIRS,h,2,297.34,18.36,D,0,8,123
48.1057,33.44304,367,0.42,0.61,31/08/2023,1130,N20,VIIRS,h,2,299.72,16.07,D,0,8,123
47.17352,37.84764,367,0.66,0.73,31/08/2023,1130,N20,VIIRS,h,2,300.14,16.01,D,0,12.1,92
47.17365,37.82921,367,0.66,0.73,31/08/2023,1130,N20,VIIRS,h,2,301.04,15.25,D,0,14.8,88
47.18034,37.84796,367,0.66,0.73,31/08/2023,1130,N20,VIIRS,h,2,298.19,10.55,D,0,12.1,92
47.1605,33.96245,367,0.44,0.62,31/08/2023,1130,N20,VIIRS,h,2,302.02,9.16,D,0,10.7,152
47.16444,38.05745,367,0.68,0.74,31/08/2023,1130,N20,VIIRS,h,2,298.56,34.38,D,0,12.2,92
47.17405,37.84789,367,0.67,0.73,31/08/2023,1130,N20,VIIRS,h,2,299.59,8.37,D,0,12.1,92
47.17438,37.82012,367,0.66,0.73,31/08/2023,1130,N20,VIIRS,h,2,301.78,12.34,D,0,14.8,88
47.16075,33.95986,367,0.44,0.62,31/08/2023,1130,N20,VIIRS,h,2,301.9,10.08,D,0,10.7,152
48.77025,39.4525,367,0.79,0.78,31/08/2023,1131,N20,VIIRS,h,2,303.44,57.8,D,0,10.3,108
48.77786,39.44248,367,0.79,0.78,31/08/2023,1131,N20,VIIRS,h,2,298.39,43.06,D,0,10.3,108
49.16695,38.22104,367,0.7,0.75,31/08/2023,1131,N20,VIIRS,h,2,308.55,42.55,D,0,11,110
49.1682,38.22206,367,0.7,0.75,31/08/2023,1131,N20,VIIRS,h,2,303.57,12.37,D,0,11,110
48.77001,39.45035,367,0.79,0.78,31/08/2023,1131,N20,VIIRS,h,2,306.57,25.33,D,0,10.3,108
48.11042,39.29779,367,0.47,0.48,01/09/2023,931,N20,VIIRS,h,2,298.74,5.88,D,0,11,156
49.79375,38.01548,367,0.42,0.61,01/09/2023,1112,N20,VIIRS,h,2,302.14,12.97,D,0,12.3,136
48.46189,38.77535,367,0.38,0.59,02/09/2023,912,N20,VIIRS,h,2,299.57,9.18,D,2,12.2,316
48.45958,38.77825,367,0.38,0.59,02/09/2023,912,N20,VIIRS,h,2,297.33,9.16,D,2,12.2,316
48.56205,39.18775,367,0.37,0.58,02/09/2023,912,N20,VIIRS,h,2,292.73,8.44,D,0,11.6,318
48.22025,38.72885,367,0.39,0.59,02/09/2023,912,N20,VIIRS,h,2,299.27,12.47,D,0,12.9,330
48.59085,38.48675,367,0.61,0.71,03/09/2023,854,N20,VIIRS,h,2,294.35,18.04,D,0,9.9,13
48.59937,38.48965,367,0.61,0.71,03/09/2023,854,N20,VIIRS,h,2,295.31,27.33,D,0,9.9,13
48.52371,39.71999,367,0.55,0.68,03/09/2023,854,N20,VIIRS,h,2,298.75,15.38,D,0,8.6,5
48.52938,39.71583,367,0.55,0.68,03/09/2023,854,N20,VIIRS,h,2,297.39,15.38,D,0,8.6,5
48.59918,38.49105,367,0.61,0.71,03/09/2023,854,N20,VIIRS,h,2,294.6,38.83,D,0,9.9,13
46.67894,33.3215,367,0.48,0.65,05/09/2023,1136,N20,VIIRS,h,2,297.21,17.47,D,0,17.1,26
47.17546,34.2924,367,0.54,0.68,05/09/2023,1136,N20,VIIRS,h,2,297.53,19.67,D,0,15.8,31
47.17254,34.29335,367,0.54,0.68,05/09/2023,1137,N20,VIIRS,h,2,297.7,17.57,D,0,15.8,31
47.60814,35.51041,367,0.61,0.71,05/09/2023,1137,N20,VIIRS,h,2,295.75,21.14,D,0,14.5,48
47.61476,35.51896,367,0.61,0.71,05/09/2023,1137,N20,VIIRS,h,2,297.83,47.73,D,0,14.5,48
47.61218,35.51693,367,0.61,0.71,05/09/2023,1137,N20,VIIRS,h,2,298.89,47.66,D,0,14.5,48
47.84051,33.22756,367,0.48,0.65,05/09/2023,1137,N20,VIIRS,h,2,293.02,18.33,D,0,16.3,13
47.91142,30.41191,367,0.35,0.57,05/09/2023,1137,N20,VIIRS,h,2,295.67,6.81,D,0,15.9,12
49.31248,37.82989,367,0.79,0.78,05/09/2023,1137,N20,VIIRS,h,2,293.06,31.61,D,0,9.4,78
49.31974,37.83078,367,0.79,0.78,05/09/2023,1137,N20,VIIRS,h,2,290.69,17.56,D,0,9.4,78
49.99327,31.1341,367,0.4,0.6,05/09/2023,1137,N20,VIIRS,h,2,296.98,7.99,D,3,13.6,8
50.13094,30.92951,367,0.39,0.59,05/09/2023,1137,N20,VIIRS,h,2,293.83,5,D,0,12.7,10
47.19963,29.97752,367,0.33,0.56,05/09/2023,1137,N20,VIIRS,h,2,300.72,6.45,D,0,17.5,13
47.19942,29.97292,367,0.33,0.56,05/09/2023,1137,N20,VIIRS,h,2,298.14,6.45,D,0,17.5,13
46.91619,33.2078,367,0.4,0.6,06/09/2023,937,N20,VIIRS,h,2,299.78,11.2,D,0,14,12
46.91529,33.20825,367,0.4,0.6,06/09/2023,937,N20,VIIRS,h,2,300.03,10.25,D,0,14,12
47.39804,33.65697,367,0.37,0.58,06/09/2023,937,N20,VIIRS,h,2,298.72,11.66,D,0,13.2,8
48.16903,37.68202,367,0.47,0.48,06/09/2023,937,N20,VIIRS,h,2,307.8,18.67,D,0,8,3
46.34591,32.99603,367,0.42,0.61,06/09/2023,937,N20,VIIRS,h,2,298.55,7.86,D,0,11.6,13
46.35112,32.99276,367,0.42,0.61,06/09/2023,937,N20,VIIRS,h,2,301.45,8.86,D,0,11.6,13
48.03254,38.09225,367,0.45,0.47,06/09/2023,937,N20,VIIRS,h,2,303.54,14.72,D,0,8.9,5
47.09636,34.80645,367,0.33,0.56,06/09/2023,937,N20,VIIRS,h,2,302.13,11.08,D,0,11.1,11
46.95107,36.53123,367,0.41,0.6,06/09/2023,1117,N20,VIIRS,h,2,305.25,13.3,D,0,12,18
46.95462,36.53332,367,0.41,0.6,06/09/2023,1117,N20,VIIRS,h,2,304.88,17.38,D,0,12,18
47.1981,35.72943,367,0.37,0.58,06/09/2023,1117,N20,VIIRS,h,2,307.69,8.66,D,0,11,16
50.07848,36.95382,367,0.44,0.63,06/09/2023,1118,N20,VIIRS,h,2,296.16,11.05,D,0,10.9,335
49.49361,36.97604,367,0.44,0.62,06/09/2023,1118,N20,VIIRS,h,2,296.37,8.8,D,0,9.8,340
48.30881,37.91232,367,0.48,0.65,06/09/2023,1118,N20,VIIRS,h,2,298.28,11.05,D,0,7.5,357
47.86443,37.47023,367,0.46,0.63,06/09/2023,1118,N20,VIIRS,h,2,301.59,10.05,D,0,9.1,12
47.48109,37.15854,367,0.44,0.62,06/09/2023,1118,N20,VIIRS,h,2,303.03,7.51,D,0,10.1,8
47.48088,37.15941,367,0.44,0.62,06/09/2023,1118,N20,VIIRS,h,2,303.24,12.27,D,0,10.1,8
46.80448,35.26491,367,0.52,0.67,07/09/2023,918,N20,VIIRS,h,2,298.28,23.05,D,0,15.2,5
46.80544,35.26524,367,0.52,0.67,07/09/2023,918,N20,VIIRS,h,2,299.02,28.48,D,0,15.2,5
46.887,37.0125,367,0.44,0.62,07/09/2023,918,N20,VIIRS,h,2,302.75,13.65,D,0,17.8,6
46.88917,37.01029,367,0.44,0.62,07/09/2023,918,N20,VIIRS,h,2,301.63,18.82,D,0,17.8,6
47.06589,31.6065,367,0.73,0.76,07/09/2023,919,N20,VIIRS,h,2,296.36,21.83,D,0,14.6,15
47.06558,31.60489,367,0.73,0.76,07/09/2023,919,N20,VIIRS,h,2,295.21,33.56,D,0,14.6,15
46.61695,34.74491,367,0.4,0.44,07/09/2023,1058,N20,VIIRS,h,2,304.9,9.34,D,0,15.9,8
49.35529,39.81159,367,0.36,0.57,07/09/2023,1059,N20,VIIRS,h,2,301.89,15.55,D,0,14,355
49.36502,39.78517,367,0.36,0.57,07/09/2023,1059,N20,VIIRS,h,2,301.43,5.02,D,0,14.5,356
48.3124,39.09395,367,0.33,0.55,07/09/2023,1059,N20,VIIRS,h,2,295.74,22.16,D,0,13.8,350
49.34998,39.81216,367,0.36,0.57,07/09/2023,1059,N20,VIIRS,h,2,305.25,15.55,D,0,14,355
48.58562,39.49299,367,0.48,0.65,08/09/2023,900,N20,VIIRS,h,2,296.74,10.43,D,0,11.1,315
48.38728,38.95304,367,0.51,0.66,08/09/2023,900,N20,VIIRS,h,2,296.84,22.92,D,0,10.3,318
47.89169,38.86846,367,0.54,0.68,08/09/2023,900,N20,VIIRS,h,2,297.99,55.76,D,0,10.1,345
48.06797,37.69173,367,0.59,0.7,08/09/2023,900,N20,VIIRS,h,2,291.95,16.13,D,0,9.5,341
48.06568,37.69115,367,0.59,0.7,08/09/2023,900,N20,VIIRS,h,2,294.54,25.65,D,0,9.5,341
47.7876,37.0252,367,0.65,0.73,08/09/2023,900,N20,VIIRS,h,2,291.65,14.7,D,0,10.2,349
48.16819,38.15871,367,0.56,0.69,08/09/2023,900,N20,VIIRS,h,2,292.88,17.87,D,0,9.5,330
48.16255,38.16315,367,0.56,0.69,08/09/2023,900,N20,VIIRS,h,2,293.77,17.87,D,0,9.5,330
49.10205,37.25939,367,0.57,0.69,08/09/2023,900,N20,VIIRS,h,2,291.58,16.91,D,0,11.8,315
44.83808,33.93872,367,0.39,0.36,08/09/2023,1039,N20,VIIRS,h,2,308.82,6.43,D,0,13.5,51
47.13887,33.60503,367,0.4,0.37,08/09/2023,1040,N20,VIIRS,h,2,331.42,25.27,D,0,11.3,18
47.04496,31.58824,367,0.38,0.36,08/09/2023,1040,N20,VIIRS,h,2,334.53,59.36,D,0,11.5,18
47.05055,31.60211,367,0.38,0.36,08/09/2023,1040,N20,VIIRS,h,2,338.52,82.91,D,0,11.5,18
47.04822,31.58715,367,0.38,0.36,08/09/2023,1040,N20,VIIRS,h,2,347.26,59.36,D,0,11.5,18
48.03532,37.66934,367,0.52,0.42,08/09/2023,1040,N20,VIIRS,h,2,298.49,25.31,D,0,9.7,344
50.01699,28.98209,367,0.61,0.71,09/09/2023,1203,N20,VIIRS,h,2,296.79,7.01,D,0,9.6,23
47.25565,30.06912,367,0.56,0.52,10/09/2023,1002,N20,VIIRS,h,2,306.89,16.09,D,0,6.5,55
46.4716,32.77697,367,0.45,0.47,10/09/2023,1002,N20,VIIRS,h,2,303.9,16.44,D,0,7.7,39
46.46751,32.77902,367,0.45,0.47,10/09/2023,1002,N20,VIIRS,h,2,338.08,129.65,D,0,7.7,39
46.18579,33.12444,367,0.56,0.68,10/09/2023,1142,N20,VIIRS,h,2,297.11,8.67,D,0,10.6,33
47.66147,30.19441,367,0.41,0.61,10/09/2023,1143,N20,VIIRS,h,2,302.89,7.45,D,0,5.3,59
47.38399,34.51136,367,0.65,0.73,10/09/2023,1143,N20,VIIRS,h,2,294.36,11.29,D,0,10.4,11
47.37863,34.50266,367,0.65,0.73,10/09/2023,1143,N20,VIIRS,h,2,293.86,13.31,D,0,10.4,11
46.18105,33.12327,367,0.56,0.69,10/09/2023,1143,N20,VIIRS,h,2,294.84,10.91,D,0,10.6,33
46.43152,32.3822,367,0.51,0.66,10/09/2023,1143,N20,VIIRS,h,2,302.57,19.22,D,0,9,39
46.43142,32.37537,367,0.51,0.66,10/09/2023,1143,N20,VIIRS,h,2,304.33,18.82,D,0,9.6,41
46.96531,34.35033,367,0.64,0.72,10/09/2023,1143,N20,VIIRS,h,2,292.53,20.05,D,0,10.6,20
46.78612,29.97083,367,0.39,0.6,10/09/2023,1143,N20,VIIRS,h,2,300.67,7.06,D,0,7,73
47.11882,34.22302,367,0.63,0.72,10/09/2023,1143,N20,VIIRS,h,2,295.97,11.6,D,0,10,19
47.11585,34.22478,367,0.63,0.72,10/09/2023,1143,N20,VIIRS,h,2,294.9,11.56,D,0,10,19
46.54989,34.81898,367,0.67,0.74,10/09/2023,1143,N20,VIIRS,h,2,296.24,20.78,D,0,11,15
46.55664,34.82815,367,0.67,0.74,10/09/2023,1143,N20,VIIRS,h,2,294.99,20.78,D,0,11,14
46.64096,33.20821,367,0.56,0.69,10/09/2023,1143,N20,VIIRS,h,2,293.22,100.11,D,0,8.6,41
46.64733,33.20068,367,0.56,0.69,10/09/2023,1143,N20,VIIRS,h,2,298.47,24.66,D,0,8.6,41
46.54974,34.82331,367,0.67,0.74,10/09/2023,1143,N20,VIIRS,h,2,291.91,27.98,D,0,11,15
46.5566,34.82349,367,0.67,0.74,10/09/2023,1143,N20,VIIRS,h,2,295.35,26.93,D,0,11,14
51.11429,30.42338,367,0.44,0.62,10/09/2023,1144,N20,VIIRS,h,2,292.91,14.18,D,0,6.3,123
50.53714,30.19863,367,0.43,0.62,10/09/2023,1144,N20,VIIRS,h,2,299.27,14.45,D,0,5.3,104
51.11451,30.42245,367,0.44,0.62,10/09/2023,1144,N20,VIIRS,h,2,292.43,11.44,D,0,6.3,123
46.4754,32.76039,367,0.37,0.58,11/09/2023,943,N20,VIIRS,h,2,300.83,7.7,D,0,7.4,13
47.07545,32.89796,367,0.35,0.56,11/09/2023,943,N20,VIIRS,h,2,302.64,12.13,D,0,6.5,33
47.07669,32.90232,367,0.35,0.56,11/09/2023,943,N20,VIIRS,h,2,300.24,12.13,D,0,6.5,33
47.08118,32.90681,367,0.35,0.56,11/09/2023,943,N20,VIIRS,h,2,302.82,10.83,D,0,6.5,33
47.07277,32.89693,367,0.35,0.56,11/09/2023,943,N20,VIIRS,h,2,303.23,10.22,D,0,6.5,33
47.07399,32.90132,367,0.35,0.56,11/09/2023,943,N20,VIIRS,h,2,301.76,10.22,D,0,6.5,33
46.7159,32.03004,367,0.39,0.59,11/09/2023,943,N20,VIIRS,h,2,297.27,14.43,D,0,7,358
47.11819,31.61268,367,0.39,0.6,11/09/2023,943,N20,VIIRS,h,2,303.34,7.98,D,0,6.5,30
47.12325,31.60949,367,0.39,0.6,11/09/2023,943,N20,VIIRS,h,2,298.41,7.98,D,0,6.5,30
46.63758,33.69767,367,0.33,0.55,11/09/2023,943,N20,VIIRS,h,2,302.28,19.25,D,0,8.4,7
46.64232,33.69491,367,0.33,0.55,11/09/2023,943,N20,VIIRS,h,2,301.03,6.86,D,0,8.3,12
46.49098,32.57238,367,0.37,0.58,11/09/2023,943,N20,VIIRS,h,2,298.19,13.73,D,0,7.5,2
46.47681,32.76282,367,0.37,0.58,11/09/2023,943,N20,VIIRS,h,2,300.33,6.69,D,0,7.4,13
46.86171,31.20445,367,0.42,0.61,11/09/2023,943,N20,VIIRS,h,2,299.31,21.54,D,0,6.7,356
47.21972,36.5776,367,0.47,0.48,11/09/2023,943,N20,VIIRS,h,2,298.72,15.59,D,0,9.4,4
46.94613,34.29912,367,0.38,0.59,11/09/2023,1124,N20,VIIRS,h,2,298.93,11.86,D,0,8,29
46.94474,34.30098,367,0.38,0.59,11/09/2023,1124,N20,VIIRS,h,2,298.15,8.11,D,0,8,29
48.0993,33.02535,367,0.34,0.56,11/09/2023,1124,N20,VIIRS,h,2,296.6,6.88,D,0,5.8,28
48.12033,39.74784,367,0.69,0.74,11/09/2023,1124,N20,VIIRS,h,2,290.8,14.93,D,0,10.3,355
48.11296,39.18314,367,0.65,0.73,11/09/2023,1124,N20,VIIRS,h,2,292.73,28.22,D,0,12.2,2
47.74744,37.40364,367,0.54,0.68,11/09/2023,1124,N20,VIIRS,h,2,294.08,15.1,D,0,8.9,360
47.75055,37.40538,367,0.54,0.67,11/09/2023,1124,N20,VIIRS,h,2,292.43,11.06,D,0,8.9,360
47.32314,35.80482,367,0.45,0.63,11/09/2023,1124,N20,VIIRS,h,2,298.38,9.19,D,0,8.3,31
47.334,37.72532,367,0.55,0.68,11/09/2023,1124,N20,VIIRS,h,2,291.83,12.49,D,0,9.2,2
45.40793,36.59484,367,0.43,0.62,12/09/2023,924,N20,VIIRS,h,2,297.84,9.73,D,0,10.1,4
45.41534,36.58881,367,0.43,0.62,12/09/2023,924,N20,VIIRS,h,2,298.34,9.3,D,0,10.1,4
46.76524,36.1473,367,0.41,0.61,12/09/2023,924,N20,VIIRS,h,2,293.13,10.86,D,0,7.7,18
47.20196,34.90271,367,0.45,0.63,12/09/2023,925,N20,VIIRS,h,2,296.01,13.97,D,0,7.1,11
48.41418,29.57635,367,0.68,0.74,12/09/2023,925,N20,VIIRS,h,2,298.56,23.88,D,0,5.4,201
47.85893,33.21478,367,0.51,0.66,12/09/2023,925,N20,VIIRS,h,2,300.25,35.83,D,0,6.6,48
47.85748,33.21698,367,0.51,0.66,12/09/2023,925,N20,VIIRS,h,2,299.17,14.82,D,0,6.6,48
46.32648,31.99495,367,0.53,0.42,12/09/2023,1105,N20,VIIRS,h,2,305.34,15.72,D,0,9.9,272
46.34299,29.36986,367,0.43,0.38,12/09/2023,1105,N20,VIIRS,h,2,326.89,59.47,D,0,7.7,205
47.01101,36.15915,367,0.55,0.51,12/09/2023,1105,N20,VIIRS,h,2,302.89,10.97,D,0,7.5,18
47.02911,35.31182,367,0.5,0.49,12/09/2023,1105,N20,VIIRS,h,2,303.11,11.01,D,0,7.6,354
47.20394,34.90114,367,0.48,0.48,12/09/2023,1105,N20,VIIRS,h,2,303.21,7.87,D,0,7.1,11
47.17587,33.36946,367,0.41,0.45,12/09/2023,1105,N20,VIIRS,h,2,303,11.65,D,0,5,339
48.2254,39.75097,367,0.41,0.61,13/09/2023,906,N20,VIIRS,h,2,299.41,73.22,D,0,8,1
46.96836,34.62243,367,0.75,0.77,13/09/2023,906,N20,VIIRS,h,2,298.72,17.34,D,0,7.6,167
46.96896,34.62663,367,0.75,0.77,13/09/2023,906,N20,VIIRS,h,2,299.19,17.69,D,0,7.6,167
46.96569,34.61789,367,0.75,0.77,13/09/2023,906,N20,VIIRS,h,2,297.65,17.69,D,0,7.6,167
51.71785,31.29606,367,0.66,0.73,13/09/2023,907,N20,VIIRS,h,2,292.28,15.61,D,0,12.7,117
48.02481,37.58837,367,0.4,0.44,13/09/2023,1046,N20,VIIRS,h,2,301.4,10.09,D,0,7.7,40
46.1198,29.6686,367,0.44,0.62,16/09/2023,949,N20,VIIRS,h,2,294.93,8.03,D,0,11.2,39
45.61374,29.34662,367,0.47,0.64,16/09/2023,949,N20,VIIRS,h,2,294.01,19.83,D,0,12.1,56
45.62579,29.34118,367,0.47,0.64,16/09/2023,949,N20,VIIRS,h,2,293.89,6.03,D,0,12.1,56
45.61492,29.34794,367,0.47,0.64,16/09/2023,949,N20,VIIRS,h,2,292.88,14.13,D,0,12.1,56
46.62368,30.87374,367,0.37,0.58,16/09/2023,950,N20,VIIRS,h,2,301.99,9.23,D,0,15.5,36
46.40903,33.82248,367,0.42,0.61,16/09/2023,1130,N20,VIIRS,h,2,298.94,7.13,D,0,14.7,22
46.41473,33.82219,367,0.42,0.61,16/09/2023,1130,N20,VIIRS,h,2,299.57,7.13,D,0,14.7,22
46.41073,33.82516,367,0.42,0.61,16/09/2023,1130,N20,VIIRS,h,2,298.3,16.17,D,0,14.7,22
46.47112,34.97362,367,0.48,0.65,16/09/2023,1130,N20,VIIRS,h,2,297.44,22.17,D,0,13.4,16
46.09787,32.40355,367,0.36,0.57,16/09/2023,1130,N20,VIIRS,h,2,299.02,5.69,D,0,14.3,34
46.35004,32.24043,367,0.54,0.68,17/09/2023,931,N20,VIIRS,h,2,298.25,22.62,D,0,9.8,51
46.59872,32.87836,367,0.49,0.65,17/09/2023,931,N20,VIIRS,h,2,302.66,11.65,D,0,10.7,46
47.03782,33.84279,367,0.43,0.62,17/09/2023,931,N20,VIIRS,h,2,297.87,8.87,D,0,12.4,42
47.56702,35.48924,367,0.35,0.57,17/09/2023,931,N20,VIIRS,h,2,298.68,6.79,D,0,11.4,49
47.09972,36.45586,367,0.34,0.56,17/09/2023,1111,N20,VIIRS,h,2,304.48,23.71,D,0,12.4,31
47.10509,36.46006,367,0.34,0.56,17/09/2023,1111,N20,VIIRS,h,2,298.28,33,D,0,12.4,31
45.38299,36.48972,367,0.61,0.71,18/09/2023,911,N20,VIIRS,h,2,296.66,11.15,D,0,20.3,41
47.18254,33.25327,367,0.72,0.76,18/09/2023,912,N20,VIIRS,h,2,300.92,29.65,D,0,7.9,86
48.57917,38.41151,367,0.39,0.6,18/09/2023,912,N20,VIIRS,h,2,298.74,6.84,D,0,6.4,14
48.46035,38.77511,367,0.38,0.59,18/09/2023,912,N20,VIIRS,h,2,295.96,6.6,D,2,6.3,328
48.01581,38.9676,367,0.39,0.59,18/09/2023,912,N20,VIIRS,h,2,296.89,5.75,D,0,6.9,20
47.43527,32.35395,367,0.44,0.38,18/09/2023,1052,N20,VIIRS,h,2,306.92,10.19,D,0,6.9,99
48.31696,39.32843,367,0.58,0.7,19/09/2023,853,N20,VIIRS,h,2,294.49,26.84,D,0,5.7,204
48.31137,39.33326,367,0.58,0.7,19/09/2023,853,N20,VIIRS,h,2,296.85,26.84,D,0,5.7,204
48.31388,39.32871,367,0.58,0.7,19/09/2023,853,N20,VIIRS,h,2,303.75,37.45,D,0,5.7,204
46.46542,34.87324,367,0.39,0.36,19/09/2023,1033,N20,VIIRS,h,2,333.1,114.52,D,0,13.8,89
46.46871,34.87225,367,0.39,0.36,19/09/2023,1033,N20,VIIRS,h,2,340.29,114.52,D,0,13.8,89
50.92346,29.92612,367,0.39,0.37,19/09/2023,1034,N20,VIIRS,h,2,325.94,44.25,D,0,16.4,174
50.34041,36.94802,367,0.38,0.36,20/09/2023,1015,N20,VIIRS,h,2,341.52,88.21,D,0,10.2,168
47.17558,33.18784,367,0.49,0.48,21/09/2023,956,N20,VIIRS,h,2,301.81,18.52,D,0,8.9,101
47.06219,33.57514,367,0.47,0.48,21/09/2023,956,N20,VIIRS,h,2,329.12,250.51,D,0,8.8,77
47.04824,33.57557,367,0.47,0.48,21/09/2023,956,N20,VIIRS,h,2,305.35,13.21,D,0,9,74
49.82964,37.75763,367,0.44,0.38,21/09/2023,956,N20,VIIRS,h,2,337.03,72.77,D,0,10.2,135
46.16706,32.48352,367,0.43,0.62,21/09/2023,1136,N20,VIIRS,h,2,292.87,10.97,D,0,7.1,59
46.16763,32.48082,367,0.43,0.62,21/09/2023,1136,N20,VIIRS,h,2,296.7,12.24,D,0,7.1,59
46.67988,33.36718,367,0.48,0.65,21/09/2023,1136,N20,VIIRS,h,2,299.01,9.3,D,0,10,91
46.68577,33.3606,367,0.48,0.65,21/09/2023,1136,N20,VIIRS,h,2,301.57,9.02,D,0,10,91
46.85975,34.88458,367,0.57,0.69,21/09/2023,1136,N20,VIIRS,h,2,295.74,13.22,D,0,12.3,98
47.46969,35.98969,367,0.64,0.72,21/09/2023,1136,N20,VIIRS,h,2,297.86,16.56,D,0,11.7,98
47.4678,35.98983,367,0.64,0.72,21/09/2023,1136,N20,VIIRS,h,2,298.09,19.35,D,0,11.7,98
47.10954,37.77598,367,0.78,0.78,21/09/2023,1136,N20,VIIRS,h,2,293.41,26.14,D,0,18.3,76
50.32664,36.88913,367,0.71,0.75,21/09/2023,1137,N20,VIIRS,h,2,297.47,22.21,D,0,9.5,144
47.69127,33.92244,367,0.35,0.57,22/09/2023,937,N20,VIIRS,h,2,299.22,4.4,D,0,9.7,110
47.37651,33.57842,367,0.37,0.58,22/09/2023,937,N20,VIIRS,h,2,301.35,8.35,D,0,11.4,105
47.19243,33.49966,367,0.38,0.59,22/09/2023,937,N20,VIIRS,h,2,300.47,10.04,D,0,11.1,112
48.36094,38.21535,367,0.44,0.46,22/09/2023,937,N20,VIIRS,h,2,326.37,57.32,D,0,14.7,120
47.38242,34.49052,367,0.34,0.56,22/09/2023,937,N20,VIIRS,h,2,300.44,22.66,D,0,10.2,118
46.90389,33.56858,367,0.38,0.59,22/09/2023,937,N20,VIIRS,h,2,299.8,6.71,D,0,9.3,106
46.90173,33.57135,367,0.39,0.59,22/09/2023,937,N20,VIIRS,h,2,299.55,6.01,D,0,9.3,106
48.13395,39.70757,367,0.39,0.44,22/09/2023,937,N20,VIIRS,h,2,326.09,54.42,D,0,18,117
48.13506,39.71254,367,0.39,0.44,22/09/2023,937,N20,VIIRS,h,2,303.05,26.43,D,0,18,117
48.13124,39.71453,367,0.39,0.44,22/09/2023,937,N20,VIIRS,h,2,303.39,6.94,D,0,18,117
47.72837,29.80211,367,0.52,0.67,22/09/2023,937,N20,VIIRS,h,2,292.71,10.36,D,0,10.9,150
49.98074,37.81365,367,0.42,0.45,22/09/2023,937,N20,VIIRS,h,2,302.76,7.65,D,0,15.9,127
47.35872,30.1734,367,0.52,0.67,22/09/2023,937,N20,VIIRS,h,2,293.84,13.46,D,0,10.4,153
47.35324,30.1776,367,0.52,0.67,22/09/2023,937,N20,VIIRS,h,2,297.19,21.33,D,0,10.4,153
47.3583,30.17472,367,0.52,0.67,22/09/2023,937,N20,VIIRS,h,2,295.93,18.1,D,0,10.4,153
47.35283,30.17897,367,0.52,0.67,22/09/2023,937,N20,VIIRS,h,2,295.86,18.1,D,0,10.4,153
46.25263,34.95356,367,0.35,0.57,22/09/2023,937,N20,VIIRS,h,2,299.76,16.97,D,0,14.1,79
46.25432,34.95419,367,0.35,0.57,22/09/2023,937,N20,VIIRS,h,2,296.56,11.69,D,0,14.1,79
46.69781,36.21259,367,0.39,0.59,22/09/2023,1117,N20,VIIRS,h,2,299.12,8.59,D,0,19.4,87
47.53412,38.0046,367,0.48,0.65,22/09/2023,1117,N20,VIIRS,h,2,301.43,21.03,D,0,15.5,99
47.52151,37.96664,367,0.48,0.64,22/09/2023,1117,N20,VIIRS,h,2,298.59,14.53,D,0,15.9,96
47.32186,37.77634,367,0.47,0.64,22/09/2023,1117,N20,VIIRS,h,2,299.27,16.72,D,0,16,89
46.82391,34.40826,367,0.32,0.54,22/09/2023,1117,N20,VIIRS,h,2,300.78,5.34,D,0,10.7,99
49.27599,39.75814,367,0.59,0.7,22/09/2023,1118,N20,VIIRS,h,2,299.78,8.06,D,0,15.4,117
49.62577,38.86364,367,0.54,0.67,22/09/2023,1118,N20,VIIRS,h,2,299.05,8.62,D,0,16.2,124
50.24183,37.29139,367,0.46,0.63,22/09/2023,1118,N20,VIIRS,h,2,298.22,11.75,D,0,16,128
48.3331,38.25755,367,0.5,0.66,22/09/2023,1118,N20,VIIRS,h,2,298.12,22.59,D,0,16.9,119
48.32708,38.26419,367,0.5,0.66,22/09/2023,1118,N20,VIIRS,h,2,298.74,22.59,D,0,16.9,119
47.95092,30.10013,367,0.41,0.45,22/09/2023,1118,N20,VIIRS,h,2,301.9,12.63,D,0,11,146
48.3266,38.26377,367,0.5,0.66,22/09/2023,1118,N20,VIIRS,h,2,299.12,12.37,D,0,16.9,119
48.58646,35.82654,367,0.38,0.59,22/09/2023,1118,N20,VIIRS,h,2,300.02,11.15,D,0,12.8,109
48.59175,35.82093,367,0.38,0.59,22/09/2023,1118,N20,VIIRS,h,2,301.53,11.15,D,0,12.8,109
48.59157,35.81564,367,0.38,0.59,22/09/2023,1118,N20,VIIRS,h,2,299.74,13.71,D,0,12.8,109
48.58137,35.82626,367,0.38,0.59,22/09/2023,1118,N20,VIIRS,h,2,297.88,7.08,D,0,12.8,109
48.59216,35.82029,367,0.38,0.59,22/09/2023,1118,N20,VIIRS,h,2,300.7,17.15,D,0,12.8,109
48.592,35.81499,367,0.38,0.59,22/09/2023,1118,N20,VIIRS,h,2,302.09,21.73,D,0,12.8,109
48.59747,35.81465,367,0.38,0.59,22/09/2023,1118,N20,VIIRS,h,2,295.43,21.73,D,0,12.8,109
49.38198,37.94469,367,0.33,0.56,23/09/2023,918,N20,VIIRS,h,2,298.14,6.72,D,0,16.5,111
49.20545,37.40944,367,0.36,0.57,23/09/2023,918,N20,VIIRS,h,2,298.93,6.79,D,0,14.7,110
48.9928,37.02834,367,0.38,0.58,23/09/2023,918,N20,VIIRS,h,2,298.64,9.13,D,0,16,108
48.99393,37.02615,367,0.38,0.58,23/09/2023,918,N20,VIIRS,h,2,298.91,14.6,D,0,16,108
48.99532,37.03085,367,0.38,0.58,23/09/2023,918,N20,VIIRS,h,2,296.36,11.67,D,0,16,108
48.3134,35.8068,367,0.44,0.63,23/09/2023,918,N20,VIIRS,h,2,300.37,11,D,0,12.9,108
45.4425,33.01521,367,0.73,0.76,23/09/2023,918,N20,VIIRS,h,2,297.34,15.53,D,0,6.6,30
45.44125,33.01259,367,0.73,0.76,23/09/2023,918,N20,VIIRS,h,2,297.91,25.9,D,0,6.6,30
47.50872,37.96658,367,0.38,0.59,23/09/2023,918,N20,VIIRS,h,2,303.53,12.45,D,0,16.6,88
47.51224,37.95829,367,0.38,0.59,23/09/2023,918,N20,VIIRS,h,2,302.71,15.87,D,0,16.6,88
47.51042,37.96227,367,0.38,0.59,23/09/2023,918,N20,VIIRS,h,2,304.27,29.82,D,0,16.6,88
47.55089,37.79718,367,0.39,0.59,23/09/2023,918,N20,VIIRS,h,2,302.61,12.03,D,0,15.2,90
47.54945,37.79229,367,0.39,0.59,23/09/2023,918,N20,VIIRS,h,2,302.43,12.03,D,0,15.2,90
47.55597,37.79414,367,0.39,0.59,23/09/2023,918,N20,VIIRS,h,2,301.93,22.58,D,0,15.2,90
47.55311,37.78445,367,0.39,0.59,23/09/2023,918,N20,VIIRS,h,2,302.43,16.22,D,0,15.2,90
47.68478,37.73544,367,0.39,0.59,23/09/2023,918,N20,VIIRS,h,2,301.31,7.28,D,0,14.8,96
47.69122,37.73705,367,0.39,0.59,23/09/2023,918,N20,VIIRS,h,2,300.37,13.74,D,0,14.8,96
47.68111,37.73486,367,0.39,0.59,23/09/2023,918,N20,VIIRS,h,2,299.45,6.37,D,0,14.8,96
48.32483,39.21022,367,0.32,0.55,23/09/2023,918,N20,VIIRS,h,2,300.71,9.79,D,0,16.4,107
48.26543,38.3371,367,0.35,0.57,23/09/2023,918,N20,VIIRS,h,2,298.18,8.04,D,0,18.2,103
48.27026,38.33405,367,0.35,0.57,23/09/2023,918,N20,VIIRS,h,2,296.8,7.54,D,0,18.2,103
48.46104,38.77358,367,0.33,0.55,23/09/2023,918,N20,VIIRS,h,2,298.34,6.55,D,2,15.1,102
48.35273,38.01608,367,0.36,0.57,23/09/2023,918,N20,VIIRS,h,2,291.03,14.71,D,0,14.9,107
49.37912,36.88932,367,0.37,0.58,23/09/2023,919,N20,VIIRS,h,2,299.56,11.77,D,0,15.6,114
49.72876,37.64745,367,0.34,0.56,23/09/2023,919,N20,VIIRS,h,2,299.31,10.1,D,0,14.4,119
49.73344,37.64411,367,0.34,0.56,23/09/2023,919,N20,VIIRS,h,2,301.42,13.72,D,0,14.4,119
50.00936,37.87344,367,0.32,0.55,23/09/2023,919,N20,VIIRS,h,2,297.3,4.65,D,0,14,117
49.82428,37.77045,367,0.33,0.55,23/09/2023,919,N20,VIIRS,h,2,302.21,6.2,D,0,16.8,118
49.37137,36.96246,367,0.37,0.58,23/09/2023,919,N20,VIIRS,h,2,298.62,7.65,D,0,16.4,116
48.04068,29.95494,367,0.79,0.78,23/09/2023,919,N20,VIIRS,h,2,290.08,32.68,D,0,10.8,152
47.03842,34.81686,367,0.4,0.44,23/09/2023,1058,N20,VIIRS,h,2,303.91,8.83,D,0,10.7,112
47.55843,37.79852,367,0.56,0.51,23/09/2023,1058,N20,VIIRS,h,2,304.97,10.56,D,0,15.2,90
48.05925,39.80093,367,0.35,0.57,23/09/2023,1058,N20,VIIRS,h,2,300.55,11.16,D,0,18.4,103
48.17316,37.95434,367,0.57,0.52,23/09/2023,1058,N20,VIIRS,h,2,303.33,72.78,D,0,14.9,103
48.33733,39.19199,367,0.33,0.55,23/09/2023,1059,N20,VIIRS,h,2,301.67,11.29,D,0,16.4,107
48.33755,39.19681,367,0.33,0.55,23/09/2023,1059,N20,VIIRS,h,2,303.78,11.29,D,0,16.4,107
49.02589,32.16581,367,0.5,0.41,23/09/2023,1059,N20,VIIRS,h,2,302.12,7.07,D,0,10.6,136
49.37572,39.12386,367,0.33,0.55,23/09/2023,1059,N20,VIIRS,h,2,300.44,6.08,D,0,17.1,110
49.37078,39.12913,367,0.33,0.56,23/09/2023,1059,N20,VIIRS,h,2,302.9,27.39,D,0,17.1,110
49.37117,39.13829,367,0.33,0.56,23/09/2023,1059,N20,VIIRS,h,2,305,9.04,D,0,17.1,110
49.2879,39.96795,367,0.36,0.58,23/09/2023,1059,N20,VIIRS,h,2,300.51,14.67,D,0,15.5,102
48.85799,38.95972,367,0.32,0.55,23/09/2023,1059,N20,VIIRS,h,2,294.36,5.45,D,0,14.5,103
47.91541,39.6626,367,0.5,0.66,24/09/2023,859,N20,VIIRS,h,2,297.63,7.66,D,0,19.4,87
47.08182,37.27003,367,0.67,0.74,24/09/2023,859,N20,VIIRS,h,2,297.78,12.66,D,0,20.2,74
47.91902,39.66134,367,0.5,0.66,24/09/2023,859,N20,VIIRS,h,2,299.25,6.93,D,0,19.4,87
47.84208,38.79853,367,0.55,0.68,24/09/2023,859,N20,VIIRS,h,2,300.9,30.94,D,0,17.7,84
47.4886,37.2121,367,0.65,0.73,24/09/2023,859,N20,VIIRS,h,2,298.61,13.46,D,0,16.8,87
47.64769,36.37171,367,0.7,0.75,24/09/2023,900,N20,VIIRS,h,2,298.35,24.26,D,0,15.5,89
49.87506,37.84797,367,0.51,0.66,24/09/2023,900,N20,VIIRS,h,2,299.01,21.37,D,0,15.3,115
49.69896,38.01438,367,0.51,0.66,24/09/2023,900,N20,VIIRS,h,2,298.28,11.16,D,0,14.5,109
49.3455,37.88374,367,0.53,0.67,24/09/2023,900,N20,VIIRS,h,2,299.17,14.31,D,0,15.2,107
48.71534,38.2378,367,0.54,0.68,24/09/2023,900,N20,VIIRS,h,2,298.02,8.85,D,0,16.1,99
48.25722,37.88853,367,0.58,0.69,24/09/2023,900,N20,VIIRS,h,2,299,10.43,D,0,14,101
48.35852,38.23668,367,0.55,0.68,24/09/2023,900,N20,VIIRS,h,2,301.26,10.2,D,0,13.5,99
47.10699,35.7613,367,0.44,0.38,24/09/2023,1039,N20,VIIRS,h,2,309.33,14.98,D,0,13.7,86
47.41834,35.95531,367,0.45,0.39,24/09/2023,1039,N20,VIIRS,h,2,306.58,12.03,D,0,14.5,88
47.4444,36.02209,367,0.45,0.39,24/09/2023,1039,N20,VIIRS,h,2,310.12,7.86,D,0,14.5,88
47.84533,38.80269,367,0.57,0.43,24/09/2023,1039,N20,VIIRS,h,2,305.12,15.14,D,0,17.7,84
48.13426,39.76664,367,0.42,0.45,24/09/2023,1039,N20,VIIRS,h,2,329.08,82.23,D,0,16.6,100
48.13379,39.76091,367,0.42,0.45,24/09/2023,1039,N20,VIIRS,h,2,348.94,76.51,D,0,16.6,100
49.58728,39.59388,367,0.43,0.46,24/09/2023,1040,N20,VIIRS,h,2,307.37,11.56,D,0,14.8,114
48.13451,39.76425,367,0.42,0.45,24/09/2023,1040,N20,VIIRS,h,2,335.37,105.24,D,0,16.6,100
47.04592,31.45552,367,0.48,0.65,24/09/2023,2254,N20,VIIRS,h,2,288.05,15.29,N,0,9.4,76
47.04786,31.45663,367,0.48,0.65,24/09/2023,2254,N20,VIIRS,h,2,288.24,6.33,N,0,9.4,76
50.40607,37.31728,367,0.77,0.77,25/09/2023,842,N20,VIIRS,h,2,297.1,19.48,D,0,8,71
50.40962,37.32621,367,0.77,0.77,25/09/2023,842,N20,VIIRS,h,2,296.35,19.48,D,0,8,71
50.41238,37.31796,367,0.77,0.77,25/09/2023,842,N20,VIIRS,h,2,299.26,52.69,D,0,8,71
46.27068,32.41282,367,0.46,0.39,25/09/2023,1020,N20,VIIRS,h,2,330.51,78.43,D,0,13.8,51
46.27295,32.42445,367,0.46,0.39,25/09/2023,1020,N20,VIIRS,h,2,313.83,213.36,D,0,13.8,51
46.27407,32.43026,367,0.46,0.39,25/09/2023,1020,N20,VIIRS,h,2,309.85,27.32,D,0,13.8,51
46.23438,32.4589,367,0.46,0.39,25/09/2023,1020,N20,VIIRS,h,2,309.73,10.6,D,0,13.8,51
46.28655,33.28923,367,0.43,0.38,25/09/2023,1020,N20,VIIRS,h,2,334.32,54.08,D,0,15.2,61
46.69351,33.87037,367,0.42,0.37,25/09/2023,1020,N20,VIIRS,h,2,309.91,11.3,D,0,15.6,56
46.69016,33.87164,367,0.42,0.37,25/09/2023,1020,N20,VIIRS,h,2,327.45,57.96,D,0,15.6,56
46.66057,33.72918,367,0.42,0.38,25/09/2023,1020,N20,VIIRS,h,2,309.3,14.62,D,0,15.1,56
47.11088,33.77017,367,0.41,0.37,25/09/2023,1021,N20,VIIRS,h,2,310.99,11.54,D,0,17.6,44
46.8298,33.34759,367,0.43,0.38,25/09/2023,1021,N20,VIIRS,h,2,307.44,10.36,D,0,17.1,47
46.83081,33.35305,367,0.43,0.38,25/09/2023,1021,N20,VIIRS,h,2,307.34,10.36,D,0,17.1,47
46.82335,33.33249,367,0.43,0.38,25/09/2023,1021,N20,VIIRS,h,2,328.63,66.92,D,0,17.1,47
50.41411,37.31839,367,0.4,0.37,25/09/2023,1021,N20,VIIRS,h,2,307.37,17.25,D,0,8,71
48.35513,37.66144,367,0.39,0.36,25/09/2023,1021,N20,VIIRS,h,2,304.95,9.68,D,0,10.4,59
50.40158,37.32836,367,0.4,0.37,25/09/2023,1021,N20,VIIRS,h,2,304.11,8.67,D,0,8,71
50.40083,37.32281,367,0.4,0.37,25/09/2023,1021,N20,VIIRS,h,2,303.08,7.53,D,0,8,71
50.40264,37.31061,367,0.4,0.37,25/09/2023,1021,N20,VIIRS,h,2,306.5,9.82,D,0,8,71
47.33751,30.1302,367,0.68,0.74,25/09/2023,1202,N20,VIIRS,h,2,303.45,16.83,D,0,11.2,53
47.9893,37.44968,367,0.43,0.38,26/09/2023,1002,N20,VIIRS,h,2,329.39,122.58,D,0,12,60
47.00025,32.72379,367,0.44,0.46,26/09/2023,1002,N20,VIIRS,h,2,305.84,7.32,D,0,16.5,54
47.05134,32.55908,367,0.45,0.47,26/09/2023,1002,N20,VIIRS,h,2,306.18,13.12,D,0,16.9,56
46.52477,34.02683,367,0.4,0.44,26/09/2023,1002,N20,VIIRS,h,2,307.35,80.02,D,0,15.3,65
45.45066,29.35363,367,0.34,0.56,26/09/2023,1002,N20,VIIRS,h,2,300.32,10.05,D,0,18.3,51
45.4555,29.35093,367,0.34,0.56,26/09/2023,1002,N20,VIIRS,h,2,298.44,12.57,D,0,18.3,51
49.22788,37.46543,367,0.41,0.37,26/09/2023,1002,N20,VIIRS,h,2,307.18,32.84,D,0,9.6,46
49.22555,37.4724,367,0.41,0.37,26/09/2023,1002,N20,VIIRS,h,2,305.66,14.76,D,0,9.6,46
46.94194,33.51788,367,0.41,0.45,26/09/2023,1002,N20,VIIRS,h,2,305.31,13.54,D,0,17.8,44
47.14767,37.81458,367,0.43,0.38,26/09/2023,1002,N20,VIIRS,h,2,303.48,6.47,D,0,17.6,61
48.56853,38.86648,367,0.4,0.37,26/09/2023,1002,N20,VIIRS,h,2,305.2,10.94,D,0,10,63
48.49909,37.76726,367,0.42,0.37,26/09/2023,1002,N20,VIIRS,h,2,304.75,12.81,D,0,11.7,62
46.44065,32.18863,367,0.5,0.66,26/09/2023,1142,N20,VIIRS,h,2,300.59,18.97,D,0,18.8,52
46.44038,32.18531,367,0.5,0.66,26/09/2023,1142,N20,VIIRS,h,2,299.87,15.44,D,0,18.8,52
46.43427,32.1854,367,0.5,0.66,26/09/2023,1142,N20,VIIRS,h,2,299.53,19.88,D,0,18.8,52
46.53642,31.76325,367,0.48,0.65,26/09/2023,1142,N20,VIIRS,h,2,299.87,11.39,D,0,22.1,55
46.64912,33.28529,367,0.57,0.69,26/09/2023,1142,N20,VIIRS,h,2,297.41,17.79,D,0,15.7,53
46.64906,33.27773,367,0.57,0.69,26/09/2023,1142,N20,VIIRS,h,2,299.03,17.79,D,0,15.7,53
46.9483,33.50972,367,0.58,0.7,26/09/2023,1142,N20,VIIRS,h,2,299.02,10.97,D,0,17.8,44
46.98203,33.95123,367,0.61,0.71,26/09/2023,1142,N20,VIIRS,h,2,299.83,22.98,D,0,17.3,51
46.94793,33.50487,367,0.58,0.7,26/09/2023,1142,N20,VIIRS,h,2,298.94,11.41,D,0,17.8,44
46.97955,33.95448,367,0.61,0.71,26/09/2023,1142,N20,VIIRS,h,2,296.66,17.19,D,0,17.3,51
46.28442,32.38459,367,0.51,0.66,26/09/2023,1142,N20,VIIRS,h,2,299.38,19.94,D,0,14.1,52
46.28432,32.37782,367,0.51,0.66,26/09/2023,1142,N20,VIIRS,h,2,302.14,19.94,D,0,14.1,52
47.48716,32.29144,367,0.51,0.66,26/09/2023,1143,N20,VIIRS,h,2,298.65,23.26,D,0,15.1,49
47.48093,32.28408,367,0.51,0.66,26/09/2023,1143,N20,VIIRS,h,2,302.39,8.73,D,0,15.2,47
47.48177,32.28717,367,0.51,0.66,26/09/2023,1143,N20,VIIRS,h,2,304.32,27.47,D,0,14.8,50
47.45019,34.45633,367,0.65,0.73,26/09/2023,1143,N20,VIIRS,h,2,297.75,10.55,D,0,14.3,59
47.42323,35.55589,367,0.73,0.76,26/09/2023,1143,N20,VIIRS,h,2,294.26,21.3,D,0,15.5,58
47.245,36.01804,367,0.76,0.77,26/09/2023,1143,N20,VIIRS,h,2,295.09,17.32,D,0,15.8,57
47.17747,30.28084,367,0.41,0.61,26/09/2023,1143,N20,VIIRS,h,2,304.28,7.6,D,0,12.5,48
47.24785,33.50062,367,0.32,0.55,27/09/2023,943,N20,VIIRS,h,2,305.91,15.05,D,0,18.4,60
48.80222,38.86323,367,0.53,0.42,27/09/2023,943,N20,VIIRS,h,2,343.93,90.75,D,0,10.4,70
46.54074,33.5152,367,0.34,0.56,27/09/2023,943,N20,VIIRS,h,2,301.52,4,D,0,15.6,60
46.47195,33.62066,367,0.34,0.56,27/09/2023,943,N20,VIIRS,h,2,302.2,7.61,D,0,16.3,63
46.28927,32.34557,367,0.39,0.59,27/09/2023,943,N20,VIIRS,h,2,302.84,6.2,D,0,14.6,56
46.50838,32.94666,367,0.36,0.57,27/09/2023,943,N20,VIIRS,h,2,298.32,11.54,D,0,15.4,56
46.72924,33.54692,367,0.33,0.56,27/09/2023,943,N20,VIIRS,h,2,303.11,3.7,D,0,16.5,57
46.65504,33.28149,367,0.34,0.56,27/09/2023,943,N20,VIIRS,h,2,299.67,12.08,D,0,16.2,57
46.65386,33.27729,367,0.34,0.56,27/09/2023,943,N20,VIIRS,h,2,304.36,13.9,D,0,16.2,57
46.734,33.54411,367,0.33,0.56,27/09/2023,943,N20,VIIRS,h,2,299.84,11.87,D,0,16.5,57
46.54203,32.70059,367,0.37,0.58,27/09/2023,943,N20,VIIRS,h,2,302.05,12.74,D,0,16.1,52
46.54034,32.69696,367,0.37,0.58,27/09/2023,943,N20,VIIRS,h,2,303.96,6.94,D,0,16.1,52
46.60352,32.81507,367,0.36,0.58,27/09/2023,943,N20,VIIRS,h,2,301.99,13.1,D,0,16.5,53
47.56627,32.20462,367,0.36,0.57,27/09/2023,943,N20,VIIRS,h,2,303.56,5.59,D,0,15.7,52
47.08477,31.42913,367,0.4,0.6,27/09/2023,943,N20,VIIRS,h,2,301.62,6.24,D,0,16,56
47.50224,35.84373,367,0.5,0.49,27/09/2023,943,N20,VIIRS,h,2,304.94,11.75,D,0,14.6,61
46.90443,33.33004,367,0.34,0.56,27/09/2023,943,N20,VIIRS,h,2,304.03,7.41,D,0,18.1,49
47.00628,33.40131,367,0.33,0.55,27/09/2023,943,N20,VIIRS,h,2,303.06,23.52,D,0,18.1,51
47.01331,33.40664,367,0.33,0.55,27/09/2023,943,N20,VIIRS,h,2,302.47,10.62,D,0,18.1,51
46.86588,32.72437,367,0.36,0.57,27/09/2023,943,N20,VIIRS,h,2,302.48,11.44,D,0,18.6,54
48.36617,38.60691,367,0.55,0.43,27/09/2023,943,N20,VIIRS,h,2,305.77,11.93,D,0,13.9,71
46.70742,32.07265,367,0.39,0.59,27/09/2023,943,N20,VIIRS,h,2,301.5,6.68,D,0,17.4,55
46.71246,32.06951,367,0.39,0.59,27/09/2023,943,N20,VIIRS,h,2,298,6.68,D,0,17.4,55
46.71054,32.09534,367,0.39,0.59,27/09/2023,943,N20,VIIRS,h,2,302.88,5.1,D,0,17.4,55
46.71005,32.07361,367,0.39,0.59,27/09/2023,943,N20,VIIRS,h,2,300.36,14.24,D,0,17.4,55
46.70865,32.0689,367,0.39,0.59,27/09/2023,943,N20,VIIRS,h,2,303.8,14.24,D,0,17.4,55
46.29089,32.43255,367,0.38,0.59,27/09/2023,943,N20,VIIRS,h,2,299.84,9.87,D,0,14.3,57
46.28953,32.42789,367,0.39,0.59,27/09/2023,943,N20,VIIRS,h,2,303.28,11.84,D,0,14.3,57
47.60941,37.40988,367,0.43,0.46,27/09/2023,943,N20,VIIRS,h,2,304.08,15.44,D,0,15.7,67
49.10153,26.83385,367,0.54,0.68,27/09/2023,944,N20,VIIRS,h,2,298.14,11.1,D,0,9.8,78
45.05387,33.87,367,0.35,0.56,27/09/2023,1123,N20,VIIRS,h,2,301.55,15.2,D,0,24.9,61
45.27211,36.37025,367,0.46,0.64,27/09/2023,1123,N20,VIIRS,h,2,298.21,21.04,D,0,28.8,50
45.35694,36.29253,367,0.46,0.63,27/09/2023,1123,N20,VIIRS,h,2,302.1,13.16,D,0,26.9,57
45.62962,34.58302,367,0.38,0.59,27/09/2023,1123,N20,VIIRS,h,2,299.17,9.68,D,0,23.9,60
45.6308,29.3408,367,0.42,0.46,27/09/2023,1123,N20,VIIRS,h,2,305.19,4.57,D,0,16.5,46
46.60833,34.64436,367,0.39,0.59,27/09/2023,1123,N20,VIIRS,h,2,307.52,27.38,D,0,16.5,66
46.61383,34.64402,367,0.39,0.59,27/09/2023,1123,N20,VIIRS,h,2,301.1,27.38,D,0,16.5,66
46.64769,33.31143,367,0.34,0.56,27/09/2023,1123,N20,VIIRS,h,2,304.52,7.2,D,0,16.2,57
46.65861,32.41809,367,0.61,0.53,27/09/2023,1123,N20,VIIRS,h,2,306.37,15.83,D,0,18.3,52
46.86323,34.83069,367,0.4,0.6,27/09/2023,1123,N20,VIIRS,h,2,307.06,9.72,D,0,17.5,60
46.86714,34.8165,367,0.4,0.6,27/09/2023,1123,N20,VIIRS,h,2,304.06,10.14,D,0,17.5,60
46.86698,34.8112,367,0.4,0.6,27/09/2023,1123,N20,VIIRS,h,2,302.95,10.14,D,0,17.5,60
46.85509,33.03,367,0.33,0.55,27/09/2023,1123,N20,VIIRS,h,2,306.18,7.57,D,0,18.2,53
46.90242,33.34245,367,0.34,0.56,27/09/2023,1123,N20,VIIRS,h,2,304.08,32.66,D,0,18.1,49
47.00939,33.40574,367,0.34,0.56,27/09/2023,1123,N20,VIIRS,h,2,304.71,8.75,D,0,18.1,51
47.00918,33.40119,367,0.34,0.56,27/09/2023,1123,N20,VIIRS,h,2,304.53,10.56,D,0,18.1,51
47.01009,33.40635,367,0.34,0.56,27/09/2023,1124,N20,VIIRS,h,2,302.6,6.39,D,0,18.1,51
47.00991,33.40179,367,0.34,0.56,27/09/2023,1124,N20,VIIRS,h,2,303.27,10.53,D,0,18.1,51
47.08725,33.26788,367,0.34,0.56,27/09/2023,1124,N20,VIIRS,h,2,303.98,5.39,D,0,18.2,57
47.13642,33.29036,367,0.34,0.56,27/09/2023,1124,N20,VIIRS,h,2,305.63,11.16,D,0,18.2,57
47.2364,34.6317,367,0.39,0.59,27/09/2023,1124,N20,VIIRS,h,2,303.13,6.04,D,0,16.5,53
47.0827,31.41694,367,0.55,0.51,27/09/2023,1124,N20,VIIRS,h,2,307.87,13.18,D,0,16,56
49.50201,36.8037,367,0.51,0.66,27/09/2023,1124,N20,VIIRS,h,2,299.25,35.27,D,0,9.6,64
49.5026,36.80306,367,0.51,0.66,27/09/2023,1124,N20,VIIRS,h,2,301.09,55,D,0,9.6,64
48.81537,38.23992,367,0.59,0.7,27/09/2023,1124,N20,VIIRS,h,2,301.05,29.94,D,0,10.9,82
48.54776,38.55251,367,0.61,0.71,27/09/2023,1124,N20,VIIRS,h,2,299.76,19.46,D,0,10,66
48.55,38.55289,367,0.61,0.71,27/09/2023,1124,N20,VIIRS,h,2,299.76,20.88,D,0,10,66
48.36213,36.01871,367,0.46,0.64,27/09/2023,1124,N20,VIIRS,h,2,299.21,7.65,D,0,11.1,64
48.36222,36.02497,367,0.46,0.64,27/09/2023,1124,N20,VIIRS,h,2,298,11.12,D,0,11.1,64
48.36703,38.61071,367,0.61,0.71,27/09/2023,1124,N20,VIIRS,h,2,298.31,14.12,D,0,13.9,71
48.36055,38.59331,367,0.61,0.71,27/09/2023,1124,N20,VIIRS,h,2,297.83,10.19,D,0,13.9,71
48.36949,38.61109,367,0.61,0.71,27/09/2023,1124,N20,VIIRS,h,2,297.25,9.33,D,0,13.9,71
48.35633,38.59391,367,0.61,0.71,27/09/2023,1124,N20,VIIRS,h,2,297.66,13.64,D,0,13.9,71
47.86739,33.43514,367,0.35,0.57,27/09/2023,1124,N20,VIIRS,h,2,300.77,13.66,D,2,14.1,57
47.83169,37.34517,367,0.53,0.67,27/09/2023,1124,N20,VIIRS,h,2,300.03,10.07,D,0,12.6,68
47.82783,37.34415,367,0.53,0.67,27/09/2023,1124,N20,VIIRS,h,2,300.72,11.62,D,0,12.6,68
47.78786,37.06742,367,0.51,0.66,27/09/2023,1124,N20,VIIRS,h,2,301.03,10.34,D,0,13.4,64
47.73756,36.96313,367,0.51,0.66,27/09/2023,1124,N20,VIIRS,h,2,301.86,38.46,D,0,13.5,63
47.46084,35.53911,367,0.43,0.62,27/09/2023,1124,N20,VIIRS,h,2,304.37,13.57,D,0,16.4,58
47.49532,35.76333,367,0.44,0.63,27/09/2023,1124,N20,VIIRS,h,2,301.25,8.07,D,0,15,60
47.70127,37.63566,367,0.55,0.68,27/09/2023,1124,N20,VIIRS,h,2,299.37,10.97,D,0,13.8,68
47.73222,36.96821,367,0.51,0.66,27/09/2023,1124,N20,VIIRS,h,2,298.4,55.55,D,0,13.5,63
47.54058,37.9868,367,0.57,0.69,27/09/2023,1124,N20,VIIRS,h,2,301.46,17.11,D,0,15.8,61
47.51837,35.99565,367,0.46,0.63,27/09/2023,1124,N20,VIIRS,h,2,300.62,16.88,D,0,15.2,62
47.51823,35.9895,367,0.46,0.63,27/09/2023,1124,N20,VIIRS,h,2,302,16.88,D,0,15.2,62
47.49459,35.76083,367,0.45,0.63,27/09/2023,1124,N20,VIIRS,h,2,303.99,11.17,D,0,15,60
47.51648,35.99321,367,0.46,0.63,27/09/2023,1124,N20,VIIRS,h,2,300.85,11.44,D,0,15.2,62
47.51637,35.98705,367,0.46,0.63,27/09/2023,1124,N20,VIIRS,h,2,302.67,16.83,D,0,15.2,62
47.54136,37.98574,367,0.57,0.69,27/09/2023,1124,N20,VIIRS,h,2,302.37,23.87,D,0,15.8,61
47.48079,33.61381,367,0.35,0.57,27/09/2023,1124,N20,VIIRS,h,2,300.67,5.83,D,0,16.8,63
47.73827,36.96132,367,0.51,0.66,27/09/2023,1124,N20,VIIRS,h,2,308.41,55.55,D,0,13.5,63
47.73141,36.9631,367,0.51,0.66,27/09/2023,1124,N20,VIIRS,h,2,306.24,92.82,D,0,13.5,63
47.6582,36.46443,367,0.48,0.65,27/09/2023,1124,N20,VIIRS,h,2,303.9,12.49,D,0,15.3,63
48.77464,32.49678,367,0.69,0.74,28/09/2023,118,N20,VIIRS,h,2,290.41,12.12,N,0,10.9,65
47.19873,33.24694,367,0.53,0.67,28/09/2023,924,N20,VIIRS,h,2,300.93,10.93,D,0,19.7,60
48.80552,38.84164,367,0.55,0.51,28/09/2023,924,N20,VIIRS,h,2,301.45,21.54,D,0,11.1,64
46.99091,33.39359,367,0.53,0.67,28/09/2023,924,N20,VIIRS,h,2,301.78,22.87,D,0,18,59
46.99515,33.40633,367,0.53,0.67,28/09/2023,924,N20,VIIRS,h,2,303.57,11.88,D,0,18,59
46.99139,33.39382,367,0.53,0.67,28/09/2023,924,N20,VIIRS,h,2,302.58,15.55,D,0,18,59
46.99558,33.40662,367,0.53,0.67,28/09/2023,924,N20,VIIRS,h,2,303.87,10.64,D,0,18,59
47.57051,35.65653,367,0.41,0.61,28/09/2023,924,N20,VIIRS,h,2,301.92,8.03,D,0,17.7,69
47.57349,35.66627,367,0.41,0.61,28/09/2023,924,N20,VIIRS,h,2,300.6,13.3,D,0,17.7,69
47.57081,35.65738,367,0.41,0.61,28/09/2023,924,N20,VIIRS,h,2,303.04,26.18,D,0,17.7,69
47.54222,35.80634,367,0.4,0.6,28/09/2023,924,N20,VIIRS,h,2,303.31,8.51,D,0,17.3,70
47.65959,36.36891,367,0.38,0.59,28/09/2023,924,N20,VIIRS,h,2,304.71,25.47,D,0,17.5,71
47.66098,36.37364,367,0.38,0.59,28/09/2023,924,N20,VIIRS,h,2,302.78,9.61,D,0,17.5,71
47.55331,36.069,367,0.39,0.6,28/09/2023,924,N20,VIIRS,h,2,300.34,8.88,D,0,18.7,71
47.45706,35.76739,367,0.41,0.61,28/09/2023,924,N20,VIIRS,h,2,299.25,9.21,D,0,17.8,69
46.74223,33.74985,367,0.53,0.67,28/09/2023,924,N20,VIIRS,h,2,303.64,18.71,D,0,18.6,66
47.68505,36.7767,367,0.36,0.58,28/09/2023,924,N20,VIIRS,h,2,302.45,8.93,D,0,16.8,70
47.70222,36.85528,367,0.36,0.57,28/09/2023,924,N20,VIIRS,h,2,301.59,9.17,D,0,16.8,70
46.50402,33.08136,367,0.57,0.69,28/09/2023,924,N20,VIIRS,h,2,302.59,17.35,D,0,17.8,63
47.68556,36.77822,367,0.36,0.58,28/09/2023,924,N20,VIIRS,h,2,300.44,12.76,D,0,16.8,70
47.70239,36.85717,367,0.36,0.57,28/09/2023,924,N20,VIIRS,h,2,300.8,9.26,D,0,16.8,70
46.74706,33.74584,367,0.53,0.67,28/09/2023,924,N20,VIIRS,h,2,298.53,14.99,D,0,18.6,66
46.75315,33.76463,367,0.53,0.67,28/09/2023,924,N20,VIIRS,h,2,328.67,59.86,D,0,18.6,66
46.75518,33.77089,367,0.52,0.67,28/09/2023,924,N20,VIIRS,h,2,301.48,81.96,D,0,18.6,66
46.74145,33.74972,367,0.53,0.67,28/09/2023,924,N20,VIIRS,h,2,304.08,14.99,D,0,18.6,66
46.4995,33.05792,367,0.57,0.69,28/09/2023,924,N20,VIIRS,h,2,301.54,28.23,D,0,17.8,63
46.50054,33.08235,367,0.57,0.69,28/09/2023,924,N20,VIIRS,h,2,305.04,17.56,D,0,17.8,63
46.5028,33.08912,367,0.57,0.69,28/09/2023,924,N20,VIIRS,h,2,301.21,17.56,D,0,17.8,63
46.41763,32.92098,367,0.59,0.7,28/09/2023,924,N20,VIIRS,h,2,299.26,20.82,D,0,17.7,62
47.75274,37.25382,367,0.35,0.56,28/09/2023,924,N20,VIIRS,h,2,296.41,5.51,D,3,16.7,75
46.37562,32.88217,367,0.59,0.7,28/09/2023,924,N20,VIIRS,h,2,306.49,18.88,D,0,18,61
47.53104,37.12718,367,0.36,0.57,28/09/2023,924,N20,VIIRS,h,2,306.17,9.43,D,0,17.3,75
47.08046,35.79917,367,0.42,0.61,28/09/2023,924,N20,VIIRS,h,2,303.01,10.49,D,0,18.8,73
47.93239,39.08906,367,0.57,0.52,28/09/2023,924,N20,VIIRS,h,2,303.85,90.25,D,0,14.1,71
47.93169,39.10592,367,0.57,0.52,28/09/2023,924,N20,VIIRS,h,2,303.57,13.89,D,0,14.1,71
47.92915,39.11578,367,0.57,0.52,28/09/2023,924,N20,VIIRS,h,2,302.72,17.31,D,0,14.1,71
47.29217,36.87969,367,0.37,0.58,28/09/2023,924,N20,VIIRS,h,2,306.05,13.77,D,0,20.4,75
46.22841,33.5984,367,0.56,0.68,28/09/2023,924,N20,VIIRS,h,2,302.21,16.86,D,0,20.7,68
47.57128,37.99574,367,0.32,0.55,28/09/2023,924,N20,VIIRS,h,2,303.9,5.72,D,0,17.5,73
46.23068,33.59966,367,0.56,0.68,28/09/2023,924,N20,VIIRS,h,2,299.05,7.05,D,0,20.7,68
47.5364,37.98877,367,0.33,0.55,28/09/2023,924,N20,VIIRS,h,2,308.98,17.56,D,0,18.5,71
47.09129,36.46873,367,0.39,0.59,28/09/2023,924,N20,VIIRS,h,2,301.31,7.84,D,0,21.5,74
46.94271,36.21415,367,0.41,0.6,28/09/2023,924,N20,VIIRS,h,2,301.8,7.43,D,0,25.2,73
46.41534,34.97174,367,0.48,0.64,28/09/2023,924,N20,VIIRS,h,2,296.82,9.84,D,0,26.2,67
46.41642,34.97113,367,0.48,0.65,28/09/2023,924,N20,VIIRS,h,2,296.6,12.05,D,0,26.2,67
46.24739,34.47911,367,0.51,0.66,28/09/2023,924,N20,VIIRS,h,2,300.91,14.97,D,0,25.6,67
47.05856,37.33209,367,0.36,0.57,28/09/2023,924,N20,VIIRS,h,2,300.86,11.62,D,0,23.4,71
46.9613,37.29475,367,0.36,0.58,28/09/2023,924,N20,VIIRS,h,2,300.26,24.85,D,0,27.2,68
49.37714,36.91034,367,0.32,0.54,28/09/2023,925,N20,VIIRS,h,2,299.58,11.17,D,0,10.7,64
47.4814,30.31672,367,0.69,0.74,28/09/2023,925,N20,VIIRS,h,2,300.68,13.8,D,0,12.7,50
49.86908,37.62208,367,0.57,0.52,28/09/2023,925,N20,VIIRS,h,2,303.96,25.75,D,0,11,54
49.64754,36.82744,367,0.63,0.54,28/09/2023,925,N20,VIIRS,h,2,301.96,29.89,D,0,12.5,65
48.02691,31.58468,367,0.59,0.7,28/09/2023,925,N20,VIIRS,h,2,302.54,16.23,D,0,16.2,58
47.19253,31.10082,367,0.66,0.73,28/09/2023,925,N20,VIIRS,h,2,301.03,9.51,D,0,16.5,52
46.67899,33.22244,367,0.4,0.44,28/09/2023,1104,N20,VIIRS,h,2,309.49,24.36,D,0,17.7,60
46.51458,33.08118,367,0.39,0.44,28/09/2023,1104,N20,VIIRS,h,2,305.07,31.12,D,0,17.8,63
46.50606,33.07755,367,0.39,0.44,28/09/2023,1104,N20,VIIRS,h,2,343.32,37.93,D,0,17.8,63
46.68058,35.71111,367,0.52,0.5,28/09/2023,1104,N20,VIIRS,h,2,305.05,18.38,D,0,24.1,72
46.37753,32.87838,367,0.38,0.43,28/09/2023,1104,N20,VIIRS,h,2,310.66,17.7,D,0,18,61
46.26902,32.96478,367,0.38,0.44,28/09/2023,1104,N20,VIIRS,h,2,306.15,12.39,D,0,18.6,60
46.26949,32.9698,367,0.38,0.44,28/09/2023,1104,N20,VIIRS,h,2,308.19,12.39,D,0,18.6,60
46.26595,32.97557,367,0.38,0.44,28/09/2023,1104,N20,VIIRS,h,2,305.25,16.29,D,0,18.6,60
47.42377,37.5899,367,0.32,0.55,28/09/2023,1104,N20,VIIRS,h,2,303.43,5.51,D,0,20.5,70
46.74994,33.757,367,0.42,0.45,28/09/2023,1104,N20,VIIRS,h,2,305.59,13.44,D,0,18.6,66
46.74853,33.74035,367,0.42,0.45,28/09/2023,1104,N20,VIIRS,h,2,349.27,78.87,D,0,18.6,66
47.92433,39.10851,367,0.38,0.59,28/09/2023,1105,N20,VIIRS,h,2,300.82,9.33,D,0,14.1,71
47.92417,39.10319,367,0.38,0.59,28/09/2023,1105,N20,VIIRS,h,2,303,9.33,D,0,14.1,71
47.93931,39.06112,367,0.38,0.59,28/09/2023,1105,N20,VIIRS,h,2,296.46,7.68,D,0,14.1,71
47.93898,39.05065,367,0.38,0.59,28/09/2023,1105,N20,VIIRS,h,2,296.22,13.55,D,0,12.2,65
48.0486,37.66297,367,0.33,0.55,28/09/2023,1105,N20,VIIRS,h,2,302.65,12.7,D,0,14,73
48.0484,37.65852,367,0.33,0.55,28/09/2023,1105,N20,VIIRS,h,2,303.86,12.7,D,0,14.3,68
47.91837,39.09243,367,0.38,0.59,28/09/2023,1105,N20,VIIRS,h,2,297.98,9.75,D,0,14.1,71
47.93799,39.04975,367,0.38,0.59,28/09/2023,1105,N20,VIIRS,h,2,297.46,14.67,D,0,12.2,65
47.93837,39.06021,367,0.38,0.59,28/09/2023,1105,N20,VIIRS,h,2,297.84,7.15,D,0,14.1,71
47.92306,39.09153,367,0.38,0.59,28/09/2023,1105,N20,VIIRS,h,2,299.57,14.02,D,0,14.1,71
47.92344,39.10213,367,0.38,0.59,28/09/2023,1105,N20,VIIRS,h,2,302.02,9.51,D,0,14.1,71
47.92362,39.10745,367,0.38,0.59,28/09/2023,1105,N20,VIIRS,h,2,301.25,9.51,D,0,14.1,71
47.87246,37.9619,367,0.34,0.56,28/09/2023,1105,N20,VIIRS,h,2,298.3,12.73,D,0,14.3,68
47.91739,39.08616,367,0.38,0.59,28/09/2023,1105,N20,VIIRS,h,2,299.32,12.98,D,0,14.1,71
47.83206,37.42776,367,0.32,0.55,28/09/2023,1105,N20,VIIRS,h,2,303.96,8.4,D,0,14.6,74
47.61703,34.75542,367,0.48,0.48,28/09/2023,1105,N20,VIIRS,h,2,304.16,7.57,D,0,21.3,65
47.71357,36.84983,367,0.6,0.53,28/09/2023,1105,N20,VIIRS,h,2,302.66,20.71,D,0,16.8,70
47.56966,37.98625,367,0.34,0.56,28/09/2023,1105,N20,VIIRS,h,2,307.39,23.03,D,0,17.5,73
47.08842,32.2799,367,0.55,0.43,28/09/2023,1105,N20,VIIRS,h,2,329.82,74.07,D,0,17.8,58
48.08073,37.4008,367,0.32,0.55,28/09/2023,1105,N20,VIIRS,h,2,302.85,6.44,D,0,14.2,66
48.37155,38.34435,367,0.36,0.57,28/09/2023,1105,N20,VIIRS,h,2,300.6,5.54,D,0,13,70
48.42303,38.05232,367,0.35,0.56,28/09/2023,1105,N20,VIIRS,h,2,301.94,10.94,D,0,13,66
48.42304,38.05108,367,0.35,0.56,28/09/2023,1105,N20,VIIRS,h,2,302.14,11.14,D,0,13,66
48.51355,37.84086,367,0.34,0.56,28/09/2023,1105,N20,VIIRS,h,2,301.74,5.9,D,0,12.5,65
48.80281,38.83625,367,0.38,0.59,28/09/2023,1105,N20,VIIRS,h,2,297.56,5.86,D,0,11.1,64
48.8091,38.86229,367,0.38,0.59,28/09/2023,1105,N20,VIIRS,h,2,299.56,15.54,D,0,11.6,63
49.04935,38.08142,367,0.35,0.57,28/09/2023,1105,N20,VIIRS,h,2,302.43,10.79,D,0,10.7,59
49.0435,38.08331,367,0.35,0.57,28/09/2023,1105,N20,VIIRS,h,2,303.22,9.81,D,0,10.7,60
49.04875,38.08278,367,0.35,0.57,28/09/2023,1105,N20,VIIRS,h,2,300.45,20.57,D,0,10.7,59
49.07008,37.68428,367,0.34,0.56,28/09/2023,1105,N20,VIIRS,h,2,303.58,62.66,D,0,10.9,67
49.63951,38.01041,367,0.35,0.57,28/09/2023,1105,N20,VIIRS,h,2,298.55,4.86,D,0,12.2,68
49.8655,37.6215,367,0.34,0.56,28/09/2023,1105,N20,VIIRS,h,2,300.05,13.33,D,0,11,54
49.86631,37.61781,367,0.34,0.56,28/09/2023,1105,N20,VIIRS,h,2,304.24,15.25,D,0,11,54
48.20173,38.28666,367,0.35,0.57,28/09/2023,1105,N20,VIIRS,h,2,304.9,15.66,D,0,15,69
48.30195,38.43579,367,0.36,0.57,28/09/2023,1105,N20,VIIRS,h,2,304.16,14.66,D,0,14.3,71
48.19212,38.31084,367,0.35,0.57,28/09/2023,1105,N20,VIIRS,h,2,303.79,8.17,D,0,15,69
48.19759,38.31514,367,0.35,0.57,28/09/2023,1105,N20,VIIRS,h,2,304.5,10.38,D,0,15,69
48.19741,38.31051,367,0.35,0.57,28/09/2023,1105,N20,VIIRS,h,2,304.85,10.38,D,0,15,69
48.20268,38.30989,367,0.35,0.57,28/09/2023,1105,N20,VIIRS,h,2,303.01,10.38,D,0,15,69
48.20249,38.30527,367,0.35,0.57,28/09/2023,1105,N20,VIIRS,h,2,303.91,6.79,D,0,15,69
47.0664,36.46408,367,0.63,0.72,29/09/2023,905,N20,VIIRS,h,2,300.49,11.61,D,0,19.5,72
47.49343,36.00989,367,0.63,0.72,29/09/2023,906,N20,VIIRS,h,2,297.95,29.85,D,0,15.3,69
47.48741,36.01411,367,0.63,0.72,29/09/2023,906,N20,VIIRS,h,2,297.61,29.85,D,0,15.3,69
49.07029,33.7329,367,0.68,0.74,29/09/2023,906,N20,VIIRS,h,2,299.56,15.42,D,0,8.6,65
49.06804,33.73571,367,0.68,0.74,29/09/2023,906,N20,VIIRS,h,2,301.45,29,D,0,8.6,65
46.84746,34.82776,367,0.74,0.76,29/09/2023,906,N20,VIIRS,h,2,300.16,23.33,D,0,19.8,70
46.85069,34.83645,367,0.74,0.76,29/09/2023,906,N20,VIIRS,h,2,298.48,18.13,D,0,19.8,70
46.84972,34.83197,367,0.74,0.76,29/09/2023,906,N20,VIIRS,h,2,299.8,15.82,D,0,19.8,70
46.85291,34.84069,367,0.74,0.76,29/09/2023,906,N20,VIIRS,h,2,298.38,26.89,D,0,19.8,70
48.17808,39.39802,367,0.43,0.62,29/09/2023,906,N20,VIIRS,h,2,303.37,29.6,D,0,10.8,61
48.17977,39.40343,367,0.43,0.62,29/09/2023,906,N20,VIIRS,h,2,299.52,10.74,D,0,10.8,61
48.16753,39.42498,367,0.43,0.62,29/09/2023,906,N20,VIIRS,h,2,299.01,12.44,D,0,11.7,57
47.1047,36.4691,367,0.62,0.72,29/09/2023,906,N20,VIIRS,h,2,298.49,13.93,D,0,18.1,72
47.06473,36.46145,367,0.63,0.72,29/09/2023,906,N20,VIIRS,h,2,300.29,15.73,D,0,19.5,72
46.98083,35.87977,367,0.5,0.41,29/09/2023,1045,N20,VIIRS,h,2,311.55,27.17,D,0,21.3,73
46.38067,32.87244,367,0.4,0.37,29/09/2023,1045,N20,VIIRS,h,2,339.99,41.83,D,0,15.3,57
46.41296,32.87973,367,0.4,0.37,29/09/2023,1045,N20,VIIRS,h,2,312.45,15.2,D,0,15,59
46.41562,32.87359,367,0.4,0.37,29/09/2023,1045,N20,VIIRS,h,2,309.55,8.62,D,0,15,59
46.57657,33.57489,367,0.42,0.38,29/09/2023,1045,N20,VIIRS,h,2,305.48,6.65,D,0,16.7,65
49.47852,30.84103,367,0.39,0.36,29/09/2023,1046,N20,VIIRS,h,2,327.75,57.91,D,0,6.9,67
47.90071,39.65733,367,0.49,0.48,29/09/2023,1046,N20,VIIRS,h,2,303.96,13.43,D,0,13.9,65
47.86508,37.69526,367,0.4,0.44,29/09/2023,1046,N20,VIIRS,h,2,329.35,64.02,D,0,12.9,67
48.17442,39.39879,367,0.48,0.48,29/09/2023,1046,N20,VIIRS,h,2,304.13,11.74,D,0,10.8,61
48.17399,39.39236,367,0.48,0.48,29/09/2023,1046,N20,VIIRS,h,2,303.61,11.74,D,0,10.8,61
48.18286,39.39114,367,0.48,0.48,29/09/2023,1046,N20,VIIRS,h,2,304.66,10.11,D,0,10.8,61
48.12137,38.16025,367,0.42,0.45,29/09/2023,1046,N20,VIIRS,h,2,303.68,7.21,D,0,11.5,63
48.79148,38.85495,367,0.46,0.47,29/09/2023,1046,N20,VIIRS,h,2,305.02,11.6,D,0,8.8,66
45.47128,28.30655,367,0.53,0.67,02/10/2023,949,N20,VIIRS,h,2,296.55,15.51,D,0,16.2,344
47.285,34.0673,367,0.52,0.5,02/10/2023,949,N20,VIIRS,h,2,290.95,17.53,D,0,22.4,352
45.47401,29.38566,367,0.47,0.64,02/10/2023,949,N20,VIIRS,h,2,299.3,19.67,D,0,17.5,345
45.47566,29.38671,367,0.48,0.64,02/10/2023,949,N20,VIIRS,h,2,296.06,18.85,D,0,17.5,345
49.51437,30.44258,367,0.32,0.55,02/10/2023,950,N20,VIIRS,h,2,303.81,35.86,D,0,13.2,330
49.51788,30.43547,367,0.32,0.55,02/10/2023,950,N20,VIIRS,h,2,298.31,18.34,D,0,13.2,330
49.51676,30.43146,367,0.32,0.55,02/10/2023,950,N20,VIIRS,h,2,295.93,18.34,D,0,13.2,330
49.51456,30.44131,367,0.32,0.54,02/10/2023,950,N20,VIIRS,h,2,304.04,39.27,D,0,13.2,330
49.51114,30.4293,367,0.32,0.55,02/10/2023,950,N20,VIIRS,h,2,297.16,11.92,D,0,13.2,330
49.51806,30.43427,367,0.32,0.55,02/10/2023,950,N20,VIIRS,h,2,296.53,4.9,D,0,13.2,330
50.78482,26.66939,367,0.41,0.61,02/10/2023,951,N20,VIIRS,h,2,290.98,7.48,D,0,11.6,303
45.48126,29.37693,367,0.5,0.49,02/10/2023,1129,N20,VIIRS,h,2,297.65,28.15,D,0,17.5,345
47.23657,33.86627,367,0.43,0.62,02/10/2023,1130,N20,VIIRS,h,2,296.58,11.84,D,0,21.2,350
47.20959,33.27648,367,0.4,0.6,02/10/2023,1130,N20,VIIRS,h,2,293.96,8.64,D,0,20.3,351
46.9139,33.72821,367,0.42,0.61,02/10/2023,1130,N20,VIIRS,h,2,296.44,10.54,D,3,23,351
46.6759,34.19072,367,0.44,0.62,02/10/2023,1130,N20,VIIRS,h,2,309.21,71.71,D,0,17.8,349
46.401,32.97971,367,0.38,0.59,02/10/2023,1130,N20,VIIRS,h,2,298.06,5.17,D,0,18.4,351
46.39183,32.59301,367,0.37,0.58,02/10/2023,1130,N20,VIIRS,h,2,295.27,9.93,D,0,17.9,352
46.39164,32.58812,367,0.37,0.58,02/10/2023,1130,N20,VIIRS,h,2,301.34,13.91,D,0,17.9,352
46.38173,32.90009,367,0.38,0.59,02/10/2023,1130,N20,VIIRS,h,2,301.42,31.16,D,0,17.9,351
46.37629,32.90046,367,0.38,0.59,02/10/2023,1130,N20,VIIRS,h,2,332.54,56.52,D,0,17.9,351
46.37647,32.90549,367,0.38,0.59,02/10/2023,1130,N20,VIIRS,h,2,292.44,56.52,D,0,17.9,351
47.65025,37.77678,367,0.66,0.73,02/10/2023,1130,N20,VIIRS,h,2,292.78,25.53,D,0,11,347
45.34896,36.3405,367,0.38,0.59,03/10/2023,930,N20,VIIRS,h,2,298.48,17.19,D,0,19.4,348
47.35382,35.63726,367,0.36,0.57,03/10/2023,930,N20,VIIRS,h,2,292.43,10.58,D,0,12.9,349
47.51694,36.08262,367,0.34,0.56,03/10/2023,930,N20,VIIRS,h,2,291,12.23,D,0,12.8,350
47.25155,35.14618,367,0.38,0.59,03/10/2023,930,N20,VIIRS,h,2,295.52,10.65,D,0,13.9,353
47.04948,34.14422,367,0.42,0.61,03/10/2023,930,N20,VIIRS,h,2,296.82,9.27,D,0,12.6,353
47.05241,34.14008,367,0.42,0.61,03/10/2023,930,N20,VIIRS,h,2,297.25,7.04,D,0,12.6,353
47.53579,31.20575,367,0.54,0.68,03/10/2023,931,N20,VIIRS,h,2,302.11,67.5,D,0,7,322
45.32262,36.34179,367,0.32,0.55,03/10/2023,1110,N20,VIIRS,h,2,291.61,29.12,D,0,19.4,348
45.32768,36.34142,367,0.32,0.55,03/10/2023,1110,N20,VIIRS,h,2,301.45,35.02,D,0,19.4,348
45.33274,36.34093,367,0.32,0.55,03/10/2023,1110,N20,VIIRS,h,2,292.34,35.02,D,0,19.4,348
45.33759,36.33632,367,0.32,0.55,03/10/2023,1110,N20,VIIRS,h,2,296.25,4.52,D,0,19.4,348
47.7785,38.6573,367,0.43,0.62,03/10/2023,1111,N20,VIIRS,h,2,295.64,7.71,D,0,14.5,354
48.82351,35.7082,367,0.32,0.55,03/10/2023,1111,N20,VIIRS,h,2,298.46,6.77,D,0,12.2,351
48.82331,35.70382,367,0.32,0.55,03/10/2023,1111,N20,VIIRS,h,2,302.37,9.06,D,0,12.2,351
47.50355,35.91031,367,0.32,0.55,03/10/2023,1111,N20,VIIRS,h,2,295.15,4.1,D,0,12.7,346
46.72148,36.11129,367,0.32,0.55,03/10/2023,1111,N20,VIIRS,h,2,299.42,3.85,D,0,15.8,344
46.9276,37.36399,367,0.37,0.58,03/10/2023,1111,N20,VIIRS,h,2,295.44,11.79,D,0,17.6,357
46.9321,37.33889,367,0.37,0.58,03/10/2023,1111,N20,VIIRS,h,2,297.95,5.02,D,0,17.6,357
46.94323,37.34799,367,0.37,0.58,03/10/2023,1111,N20,VIIRS,h,2,296.68,7.77,D,0,17.6,357
50.07412,36.46276,367,0.35,0.57,03/10/2023,1112,N20,VIIRS,h,2,293.66,7.38,D,0,10.7,333
49.62738,36.82605,367,0.43,0.62,04/10/2023,912,N20,VIIRS,h,2,294.45,10.93,D,0,12.6,212
49.62399,36.81521,367,0.43,0.62,04/10/2023,912,N20,VIIRS,h,2,297.26,30.98,D,0,12.6,212
49.65628,36.83763,367,0.42,0.61,04/10/2023,912,N20,VIIRS,h,2,297.79,29.25,D,0,12.6,212
49.62494,36.82583,367,0.43,0.62,04/10/2023,912,N20,VIIRS,h,2,295.98,13.66,D,0,12.6,212
49.61976,36.80962,367,0.43,0.62,04/10/2023,912,N20,VIIRS,h,2,301.84,18.2,D,0,12.6,212
49.62663,36.81124,367,0.43,0.62,04/10/2023,912,N20,VIIRS,h,2,297.98,18.48,D,0,12.6,212
48.27316,36.27179,367,0.5,0.66,04/10/2023,912,N20,VIIRS,h,2,293.74,6.76,D,0,11.1,213
48.2879,36.28457,367,0.5,0.66,04/10/2023,912,N20,VIIRS,h,2,290.23,17.13,D,0,11.1,213
48.27652,36.27037,367,0.5,0.66,04/10/2023,912,N20,VIIRS,h,2,294.61,17.07,D,0,11.1,213
48.9633,37.08266,367,0.45,0.47,04/10/2023,1052,N20,VIIRS,h,2,296.86,6.89,D,0,11.6,210
47.59262,36.34851,367,0.41,0.45,04/10/2023,1052,N20,VIIRS,h,2,301.89,14.64,D,0,9,223
47.59673,36.34776,367,0.41,0.45,04/10/2023,1052,N20,VIIRS,h,2,299.24,14.64,D,0,9,223
48.22363,37.92979,367,0.48,0.48,04/10/2023,1052,N20,VIIRS,h,2,298.42,20.34,D,0,6.7,210
47.07105,34.15782,367,0.39,0.36,05/10/2023,1033,N20,VIIRS,h,2,331.74,52.52,D,0,10.4,305
47.07506,34.1618,367,0.39,0.36,05/10/2023,1033,N20,VIIRS,h,2,335.48,63.29,D,0,9.5,310
47.07432,34.15678,367,0.39,0.36,05/10/2023,1033,N20,VIIRS,h,2,335.03,63.29,D,0,10.4,305
46.47677,32.18752,367,0.71,0.75,06/10/2023,1155,N20,VIIRS,h,2,292.41,18.03,D,0,13.7,305
46.47481,32.18787,367,0.71,0.75,06/10/2023,1155,N20,VIIRS,h,2,292.03,18.53,D,0,13.7,305
50.68607,30.72722,367,0.62,0.71,06/10/2023,1156,N20,VIIRS,h,2,292.79,18.28,D,0,22.2,293
49.82083,30.66313,367,0.61,0.71,06/10/2023,1156,N20,VIIRS,h,2,291.61,11.25,D,0,18.1,295
47.58788,34.64549,367,0.69,0.74,06/10/2023,2228,N20,VIIRS,h,2,279.04,17.4,N,0,14.2,287
47.25673,34.35719,367,0.54,0.68,07/10/2023,1136,N20,VIIRS,h,2,291.58,8.9,D,0,20.1,238
47.25352,34.35879,367,0.54,0.68,07/10/2023,1136,N20,VIIRS,h,2,291.31,8.6,D,0,20.1,238
46.15234,29.94741,367,0.32,0.55,07/10/2023,1136,N20,VIIRS,h,2,296.85,4.24,D,0,14,241
49.98896,36.09819,367,0.51,0.66,11/10/2023,2234,N20,VIIRS,h,2,285.5,25.38,N,0,10.1,260
49.44504,30.34186,367,0.48,0.48,12/10/2023,1002,N20,VIIRS,h,2,295.59,15.39,D,0,19.2,207
46.75768,34.00843,367,0.61,0.71,12/10/2023,1142,N20,VIIRS,h,2,291.61,14.93,D,0,13.1,175
46.75767,34.0166,367,0.61,0.71,12/10/2023,1142,N20,VIIRS,h,2,290.72,14.93,D,0,13.1,175
47.43725,37.85244,367,0.34,0.56,14/10/2023,924,N20,VIIRS,h,2,293.78,9.8,D,0,7.1,189
47.25891,36.59664,367,0.38,0.59,14/10/2023,924,N20,VIIRS,h,2,297.33,10.33,D,0,8.6,178
47.43973,36.16185,367,0.4,0.6,14/10/2023,924,N20,VIIRS,h,2,293.86,13.37,D,0,10,179
47.43833,36.15714,367,0.4,0.6,14/10/2023,924,N20,VIIRS,h,2,296.78,14.23,D,0,10,179
46.09754,34.01878,367,0.54,0.68,14/10/2023,924,N20,VIIRS,h,2,291.92,12.45,D,0,10.4,122
47.28311,37.96614,367,0.33,0.56,14/10/2023,924,N20,VIIRS,h,2,294.32,5.72,D,0,6.5,141
46.09729,34.02003,367,0.54,0.68,14/10/2023,924,N20,VIIRS,h,2,290.42,20.42,D,0,10.4,122
47.42426,37.84591,367,0.34,0.56,14/10/2023,924,N20,VIIRS,h,2,294.42,4.1,D,0,7.1,189
47.43131,37.85115,367,0.34,0.56,14/10/2023,924,N20,VIIRS,h,2,296.94,9.8,D,0,7.1,189
47.43019,37.84715,367,0.34,0.56,14/10/2023,924,N20,VIIRS,h,2,294.58,9.47,D,0,7.1,189
48.45122,39.6096,367,0.41,0.6,14/10/2023,1104,N20,VIIRS,h,2,297.79,23.26,D,0,7.8,211
48.64849,39.2133,367,0.39,0.59,14/10/2023,1104,N20,VIIRS,h,2,298.08,20.69,D,0,7.1,204
47.16498,37.94687,367,0.33,0.55,14/10/2023,1104,N20,VIIRS,h,2,296.04,5.79,D,0,5.9,85
49.29261,39.58656,367,0.41,0.61,14/10/2023,1105,N20,VIIRS,h,2,295.57,28.57,D,0,8.5,199
49.28699,39.58693,367,0.41,0.61,14/10/2023,1105,N20,VIIRS,h,2,292.58,28.57,D,0,8.5,199
48.28931,38.32458,367,0.48,0.65,15/10/2023,905,N20,VIIRS,h,2,294.49,8.06,D,0,10.7,170
48.27303,38.47979,367,0.47,0.64,15/10/2023,905,N20,VIIRS,h,2,296.47,10.23,D,0,10.4,169
48.45678,39.67024,367,0.42,0.61,15/10/2023,905,N20,VIIRS,h,2,300.67,12.5,D,0,13.1,166
48.0524,39.74044,367,0.43,0.62,15/10/2023,905,N20,VIIRS,h,2,295.59,9.82,D,0,14.4,156
47.13688,37.21482,367,0.58,0.7,15/10/2023,905,N20,VIIRS,h,2,293.78,13.86,D,0,7.7,123
48.75703,38.3753,367,0.46,0.64,15/10/2023,905,N20,VIIRS,h,2,293.37,9.11,D,0,11.8,189
47.39293,35.32878,367,0.68,0.74,15/10/2023,905,N20,VIIRS,h,2,291.48,9.19,D,0,10.2,167
48.37648,36.25066,367,0.53,0.42,15/10/2023,1045,N20,VIIRS,h,2,297.64,12.36,D,0,9.5,183
48.45198,36.24629,367,0.53,0.42,15/10/2023,1045,N20,VIIRS,h,2,327.74,44.49,D,0,9.5,183
48.29742,38.79568,367,0.72,0.75,16/10/2023,846,N20,VIIRS,h,2,293.4,28.87,D,0,21,220
48.29861,38.79693,367,0.72,0.75,16/10/2023,847,N20,VIIRS,h,2,290.6,22.91,D,0,21,220
48.58543,39.14354,367,0.68,0.74,16/10/2023,847,N20,VIIRS,h,2,292.35,11.08,D,0,19.2,221
45.44729,34.55851,367,0.46,0.64,19/10/2023,930,N20,VIIRS,h,2,292.85,9.34,D,0,7.7,204
45.36579,36.51757,367,0.32,0.55,19/10/2023,1110,N20,VIIRS,h,2,296.16,4.83,D,0,8.7,181
47.19866,32.31616,367,0.71,0.75,22/10/2023,1155,N20,VIIRS,h,2,296.51,16.8,D,0,13,152
47.19642,32.31662,367,0.71,0.75,22/10/2023,1155,N20,VIIRS,h,2,295.34,20.98,D,0,13,152
47.80776,29.94293,367,0.55,0.68,22/10/2023,1155,N20,VIIRS,h,2,297.79,11.01,D,0,10.2,164
47.71505,29.97411,367,0.33,0.55,23/10/2023,955,N20,VIIRS,h,2,291.41,8.42,D,0,12.4,293
46.32098,34.73507,367,0.55,0.68,23/10/2023,1135,N20,VIIRS,h,2,292.38,19.29,D,0,12.3,260
48.947,37.15861,367,0.72,0.76,23/10/2023,1136,N20,VIIRS,h,2,290.73,14.49,D,0,17.1,233
49.27506,33.21086,367,0.48,0.65,23/10/2023,1136,N20,VIIRS,h,2,292.21,9.62,D,0,17.5,270
47.56512,30.38263,367,0.34,0.56,23/10/2023,1136,N20,VIIRS,h,2,297.78,17.22,D,0,11.4,292
48.10495,30.34756,367,0.35,0.56,23/10/2023,1136,N20,VIIRS,h,2,295.65,25.38,D,0,12.2,286
48.55661,33.50878,367,0.49,0.65,23/10/2023,1136,N20,VIIRS,h,2,295.03,19.64,D,0,14.7,266
46.50571,34.96804,367,0.35,0.57,24/10/2023,936,N20,VIIRS,h,2,290.69,27.04,D,0,9.4,304
46.50086,34.97091,367,0.35,0.57,24/10/2023,936,N20,VIIRS,h,2,293.86,27.04,D,0,9.4,304
46.52199,34.09299,367,0.38,0.59,24/10/2023,936,N20,VIIRS,h,2,292.94,9.02,D,0,8.6,299
46.76734,33.082,367,0.42,0.61,24/10/2023,936,N20,VIIRS,h,2,292.05,15.91,D,0,7.9,304
46.69601,34.70829,367,0.4,0.37,27/10/2023,1020,N20,VIIRS,h,2,343.46,162.89,D,0,16.8,217
46.69511,34.70313,367,0.4,0.37,27/10/2023,1020,N20,VIIRS,h,2,325.48,162.89,D,0,16.8,217
46.21879,33.55043,367,0.43,0.46,28/10/2023,1001,N20,VIIRS,h,2,333.76,142.37,D,0,19.5,243
46.67247,35.05788,367,0.55,0.42,28/10/2023,1001,N20,VIIRS,h,2,325.85,45.5,D,0,20.7,239
48.15656,29.96474,367,0.55,0.51,28/10/2023,1002,N20,VIIRS,h,2,291,13.86,D,0,21.9,268
47.3181,32.16012,367,0.5,0.65,28/10/2023,1142,N20,VIIRS,h,2,297.55,35.46,D,0,22.6,260
47.24574,33.61674,367,0.58,0.7,28/10/2023,1142,N20,VIIRS,h,2,290.28,17.81,D,0,23.3,252
47.23926,33.61664,367,0.58,0.7,28/10/2023,1142,N20,VIIRS,h,2,293.34,23.97,D,0,23.3,252
47.1612,33.27743,367,0.56,0.69,28/10/2023,1142,N20,VIIRS,h,2,291.87,7.98,D,0,22.4,251
46.94798,33.5709,367,0.58,0.69,28/10/2023,1142,N20,VIIRS,h,2,292.73,20.54,D,0,21.8,246
46.94788,33.56423,367,0.58,0.69,28/10/2023,1142,N20,VIIRS,h,2,292.72,15.36,D,0,21.8,246
46.94792,33.57196,367,0.58,0.69,28/10/2023,1142,N20,VIIRS,h,2,292.56,15.36,D,0,21.8,246
46.75184,33.04668,367,0.54,0.68,28/10/2023,1142,N20,VIIRS,h,2,295.22,20.89,D,0,18.6,252
46.75554,33.04812,367,0.54,0.68,28/10/2023,1142,N20,VIIRS,h,2,292.46,21.07,D,0,18.6,252
46.66264,34.27578,367,0.62,0.72,28/10/2023,1142,N20,VIIRS,h,2,297.6,21.87,D,0,20.1,244
46.6656,34.27787,367,0.62,0.71,28/10/2023,1142,N20,VIIRS,h,2,295.92,22.52,D,0,20.1,244
46.48358,32.03739,367,0.48,0.65,28/10/2023,1142,N20,VIIRS,h,2,295.5,33.92,D,0,22.9,254
46.38674,32.98872,367,0.54,0.68,28/10/2023,1142,N20,VIIRS,h,2,297.01,19.38,D,0,19.3,251
46.22834,33.27457,367,0.55,0.68,28/10/2023,1142,N20,VIIRS,h,2,292.12,28.28,D,0,19.7,246
46.23268,33.27354,367,0.55,0.68,28/10/2023,1142,N20,VIIRS,h,2,294.14,18.31,D,0,19.7,246
46.22632,33.27348,367,0.55,0.68,28/10/2023,1142,N20,VIIRS,h,2,293.6,23.86,D,0,19.7,246
46.32203,32.54742,367,0.38,0.59,29/10/2023,942,N20,VIIRS,h,2,295.67,4.23,D,0,5.3,185
47.22746,29.94967,367,0.47,0.64,29/10/2023,943,N20,VIIRS,h,2,293.49,7.9,D,0,7.3,235
47.65398,32.2997,367,0.6,0.53,29/10/2023,1123,N20,VIIRS,h,2,295.47,15.79,D,0,8.2,245
47.13792,35.71424,367,0.43,0.62,29/10/2023,1123,N20,VIIRS,h,2,292.26,7.06,D,0,9,257
46.94355,33.56438,367,0.34,0.56,29/10/2023,1123,N20,VIIRS,h,2,295.12,12.01,D,0,6.9,248
46.74979,33.09886,367,0.32,0.55,29/10/2023,1123,N20,VIIRS,h,2,293.15,9.24,D,0,6.6,255
46.68478,33.52997,367,0.34,0.56,29/10/2023,1123,N20,VIIRS,h,2,297.61,8.48,D,0,7,254
46.65291,33.17109,367,0.33,0.55,29/10/2023,1123,N20,VIIRS,h,2,294.38,7.83,D,0,6.4,250
46.82636,33.01307,367,0.57,0.69,30/10/2023,924,N20,VIIRS,h,2,293.5,11.95,D,0,9.4,174
49.83385,38.59987,367,0.37,0.58,30/10/2023,1105,N20,VIIRS,h,2,293.38,15.61,D,0,14.7,206
49.10907,38.8247,367,0.43,0.62,31/10/2023,905,N20,VIIRS,h,2,294.69,20.78,D,0,12.9,208
49.11121,38.82339,367,0.43,0.62,31/10/2023,905,N20,VIIRS,h,2,292.02,14.6,D,0,12.9,208
49.10608,38.82726,367,0.43,0.62,31/10/2023,905,N20,VIIRS,h,2,292.84,14.6,D,0,12.9,208
49.08003,37.2758,367,0.39,0.44,31/10/2023,1045,N20,VIIRS,h,2,296.08,8.22,D,0,15.7,198
49.17645,33.4543,367,0.34,0.56,31/10/2023,2259,N20,VIIRS,h,2,285.45,5.23,N,0,14.3,183
45.16447,34.70197,367,0.38,0.36,06/11/2023,1032,N20,VIIRS,h,2,295.38,7.3,D,0,21.9,238
46.36505,29.08162,367,0.5,0.66,07/11/2023,1154,N20,VIIRS,h,2,293.85,9.79,D,0,8.4,206
46.65085,33.12536,367,0.39,0.59,07/02/2024,1129,N20,VIIRS,h,2,290.27,23.1,D,3,13.6,237
46.65104,33.13053,367,0.39,0.59,07/02/2024,1129,N20,VIIRS,h,2,290.6,19.82,D,3,13.6,237
48.46179,38.77084,367,0.52,0.67,21/02/2024,40,N20,VIIRS,h,2,266.99,18.67,N,2,9.1,158
48.46073,38.77062,367,0.52,0.67,21/02/2024,40,N20,VIIRS,h,2,267.23,21.18,N,2,9.1,158
47.55861,37.85706,367,0.38,0.36,27/02/2024,1014,N20,VIIRS,h,2,335.22,109.43,D,0,18.8,99
47.94337,38.24426,367,0.38,0.36,27/02/2024,1014,N20,VIIRS,h,2,291.72,4.16,D,0,20.8,110
47.15595,35.55283,367,0.39,0.44,28/02/2024,955,N20,VIIRS,h,2,291.7,12.1,D,0,13.1,101
48.34961,37.82316,367,0.78,0.78,28/02/2024,1136,N20,VIIRS,h,2,291.51,53.36,D,0,13.7,117
49.0671,37.06589,367,0.72,0.76,28/02/2024,1136,N20,VIIRS,h,2,290.36,31.69,D,0,15.3,115
48.17099,37.66325,367,0.77,0.77,28/02/2024,1136,N20,VIIRS,h,2,292.18,26.82,D,0,15.2,114
47.53321,37.66038,367,0.77,0.77,28/02/2024,1136,N20,VIIRS,h,2,296.88,58.23,D,0,16.3,92
49.25675,29.37992,367,0.32,0.55,28/02/2024,1137,N20,VIIRS,h,2,291.61,7.08,D,0,12.8,162
47.54982,36.0914,367,0.58,0.52,29/02/2024,936,N20,VIIRS,h,2,293.17,27.26,D,0,9.2,103
47.97045,34.34772,367,0.32,0.55,29/02/2024,1117,N20,VIIRS,h,2,291.74,7.68,D,0,9.5,111
47.89875,37.55732,367,0.45,0.63,29/02/2024,1117,N20,VIIRS,h,2,294.28,15.61,D,0,11.6,111
47.61911,37.24017,367,0.44,0.62,29/02/2024,1117,N20,VIIRS,h,2,291.98,6.98,D,0,10.5,111
47.57898,36.15382,367,0.39,0.59,29/02/2024,1117,N20,VIIRS,h,2,292.89,10.56,D,0,9.2,103
47.51374,36.01589,367,0.38,0.59,29/02/2024,1117,N20,VIIRS,h,2,292.74,82.22,D,0,8.7,106
47.54166,38.02099,367,0.48,0.64,29/02/2024,1117,N20,VIIRS,h,2,291.04,14.34,D,0,11.6,99
47.2757,35.828,367,0.37,0.58,29/02/2024,1117,N20,VIIRS,h,2,294.57,14.75,D,0,9.1,112
47.27652,36.49056,367,0.4,0.6,29/02/2024,1117,N20,VIIRS,h,2,292.08,9.68,D,0,11,113
48.97955,37.16546,367,0.44,0.62,29/02/2024,1117,N20,VIIRS,h,2,290.24,12.03,D,0,12.1,119
48.68727,38.79394,367,0.52,0.67,29/02/2024,1117,N20,VIIRS,h,2,292.65,18.84,D,0,12.8,110
48.46802,34.62863,367,0.33,0.56,29/02/2024,1117,N20,VIIRS,h,2,290.34,23.34,D,0,8.4,120
47.86096,33.44441,367,0.66,0.73,03/03/2024,2235,N20,VIIRS,h,2,270.1,35.15,N,2,13.1,80
45.46755,29.2072,367,0.35,0.57,04/03/2024,1142,N20,VIIRS,h,2,292.9,5.49,D,0,7.6,111
47.28806,34.62518,367,0.65,0.73,04/03/2024,1142,N20,VIIRS,h,2,291.82,24.93,D,0,10.2,93
47.2894,34.62554,367,0.65,0.73,04/03/2024,1142,N20,VIIRS,h,2,290.73,31.86,D,0,10.2,93
46.92624,34.80766,367,0.47,0.64,06/03/2024,924,N20,VIIRS,h,2,291.9,29.98,D,0,15.6,35
49.66492,28.34256,367,0.41,0.6,09/03/2024,1149,N20,VIIRS,h,2,291.52,46.16,D,0,7.7,300
49.65388,28.34882,367,0.41,0.6,09/03/2024,1149,N20,VIIRS,h,2,293.38,17.78,D,0,7.7,300
48.24431,32.54951,367,0.62,0.72,09/03/2024,1149,N20,VIIRS,h,2,290.01,12.11,D,0,8.4,319
47.38051,32.00352,367,0.32,0.55,10/03/2024,949,N20,VIIRS,h,2,292.64,4.76,D,0,10.2,258
47.39413,35.40923,367,0.46,0.47,10/03/2024,949,N20,VIIRS,h,2,291.84,7.58,D,0,11.3,254
46.19904,32.96001,367,0.38,0.59,10/03/2024,1129,N20,VIIRS,h,2,295.71,42.76,D,0,13.3,241
46.51757,32.77871,367,0.37,0.58,10/03/2024,1129,N20,VIIRS,h,2,298.06,18.28,D,0,10.5,243
47.39106,33.52406,367,0.41,0.61,10/03/2024,1130,N20,VIIRS,h,2,294.83,15.31,D,0,9.3,253
47.47443,33.48626,367,0.41,0.61,10/03/2024,1130,N20,VIIRS,h,2,293.45,19.04,D,0,9.3,253
47.48005,33.48595,367,0.41,0.61,10/03/2024,1130,N20,VIIRS,h,2,292.31,19.04,D,0,9.7,255
47.77378,33.77975,367,0.42,0.61,10/03/2024,1130,N20,VIIRS,h,2,294.29,18.58,D,0,8.8,283
47.86826,32.20551,367,0.36,0.57,10/03/2024,1130,N20,VIIRS,h,2,293.56,6.12,D,0,8.5,292
47.96669,32.01258,367,0.35,0.57,10/03/2024,1130,N20,VIIRS,h,2,294.06,7.47,D,0,9.1,298
47.966,32.01152,367,0.35,0.57,10/03/2024,1130,N20,VIIRS,h,2,294.14,7.95,D,0,9.1,298
48.17493,32.09482,367,0.36,0.57,10/03/2024,1130,N20,VIIRS,h,2,296.98,24.01,D,0,8.4,306
48.17901,32.09592,367,0.36,0.57,10/03/2024,1130,N20,VIIRS,h,2,293.45,12.01,D,0,8.2,316
48.63738,32.44868,367,0.37,0.58,10/03/2024,1130,N20,VIIRS,h,2,290.57,5.14,D,0,9.3,334
48.88053,31.09914,367,0.32,0.55,10/03/2024,1130,N20,VIIRS,h,2,292.01,8.69,D,0,9.4,349
46.53331,34.73783,367,0.42,0.61,11/03/2024,930,N20,VIIRS,h,2,290.76,5.71,D,0,11.6,74
46.53683,34.73298,367,0.42,0.61,11/03/2024,930,N20,VIIRS,h,2,290.17,7.37,D,0,11.6,74
47.0161,35.91412,367,0.36,0.57,11/03/2024,930,N20,VIIRS,h,2,292.12,5.41,D,0,10.7,51
47.14754,36.35886,367,0.33,0.55,11/03/2024,1110,N20,VIIRS,h,2,290.63,4.68,D,0,10.9,39
49.19809,36.25673,367,0.34,0.56,11/03/2024,1111,N20,VIIRS,h,2,291.24,13.82,D,0,11.6,49
48.15235,36.27255,367,0.33,0.56,11/03/2024,1111,N20,VIIRS,h,2,291.56,4.55,D,0,11.7,47
47.77036,36.6167,367,0.51,0.66,12/03/2024,912,N20,VIIRS,h,2,292.39,13.23,D,0,12.7,112
48.22047,37.64464,367,0.44,0.62,12/03/2024,912,N20,VIIRS,h,2,293.77,12.25,D,0,8.5,117
48.37635,37.39949,367,0.45,0.63,12/03/2024,912,N20,VIIRS,h,2,292.09,19.08,D,0,9.1,118
48.80317,37.98398,367,0.41,0.61,12/03/2024,912,N20,VIIRS,h,2,291.21,5.98,D,0,7.4,119
48.97119,37.44545,367,0.43,0.62,12/03/2024,912,N20,VIIRS,h,2,290.33,17.75,D,0,8.2,114
48.96954,37.44616,367,0.43,0.62,12/03/2024,912,N20,VIIRS,h,2,291.15,19.17,D,0,8.2,114
48.98455,37.51321,367,0.34,0.56,22/03/2024,921,N20,VIIRS,h,2,292.28,9.81,D,0,9.2,51
46.15557,33.08126,367,0.54,0.42,22/03/2024,1101,N20,VIIRS,h,2,290.18,6.85,D,0,13.8,32
48.77413,38.10075,367,0.32,0.55,22/03/2024,1101,N20,VIIRS,h,2,292,5.15,D,0,8.7,76
48.83902,39.50972,367,0.37,0.58,22/03/2024,1101,N20,VIIRS,h,2,292.04,10.58,D,0,9.6,83
49.77345,38.22748,367,0.33,0.55,22/03/2024,1102,N20,VIIRS,h,2,292.59,11.78,D,0,9.2,62
49.39329,37.91185,367,0.32,0.54,22/03/2024,1102,N20,VIIRS,h,2,294.15,33.4,D,0,9.8,62
49.38808,37.90776,367,0.32,0.54,22/03/2024,1102,N20,VIIRS,h,2,301.37,43.84,D,0,9.8,62
49.2347,38.56034,367,0.34,0.56,22/03/2024,1102,N20,VIIRS,h,2,295.82,4.67,D,0,9.8,66
49.23247,38.56265,367,0.34,0.56,22/03/2024,1102,N20,VIIRS,h,2,294.87,4.84,D,0,9.8,66
49.09533,38.66224,367,0.34,0.56,22/03/2024,1102,N20,VIIRS,h,2,292.49,6.28,D,0,9.2,83
49.0621,38.02564,367,0.32,0.55,22/03/2024,1102,N20,VIIRS,h,2,291.13,11.13,D,0,8.6,68
48.84216,39.50762,367,0.37,0.58,22/03/2024,1102,N20,VIIRS,h,2,293.58,11.2,D,0,9.6,83
46.08115,33.40641,367,0.39,0.36,23/03/2024,1040,N20,VIIRS,h,2,331.33,64.1,D,0,8.2,262
48.70899,38.81585,367,0.41,0.37,24/03/2024,1020,N20,VIIRS,h,2,304.2,135.4,D,0,12.8,210
47.85159,37.60683,367,0.46,0.47,26/03/2024,939,N20,VIIRS,h,2,294.23,11.67,D,0,12.4,108
47.71014,37.29854,367,0.4,0.6,27/03/2024,919,N20,VIIRS,h,2,294.1,24.08,D,0,8.6,295
47.65691,36.83544,367,0.43,0.62,27/03/2024,919,N20,VIIRS,h,2,291.74,42.09,D,0,8.2,280
47.5039,36.04303,367,0.47,0.64,27/03/2024,919,N20,VIIRS,h,2,295.6,14.23,D,0,8.4,270
47.74772,36.61192,367,0.43,0.62,27/03/2024,919,N20,VIIRS,h,2,295.73,7.97,D,0,8.2,283
48.09542,37.70175,367,0.38,0.59,27/03/2024,919,N20,VIIRS,h,2,291.07,4.78,D,0,9.1,308
48.61365,38.06559,367,0.35,0.57,27/03/2024,919,N20,VIIRS,h,2,296.12,4.15,D,0,9.5,311
49.48289,38.99649,367,0.34,0.56,27/03/2024,1059,N20,VIIRS,h,2,298.33,11.43,D,0,10.1,330
47.65811,36.83099,367,0.51,0.5,27/03/2024,1059,N20,VIIRS,h,2,299.48,14.41,D,0,8.2,280
48.42995,39.75198,367,0.36,0.57,27/03/2024,1059,N20,VIIRS,h,2,291.36,4.21,D,0,13.6,306
49.30647,39.71284,367,0.36,0.58,27/03/2024,1059,N20,VIIRS,h,2,291.05,4.89,D,0,11.8,326
49.57434,39.72079,367,0.36,0.58,27/03/2024,1059,N20,VIIRS,h,2,293.79,10.78,D,0,12.8,333
48.09272,38.37636,367,0.59,0.7,28/03/2024,858,N20,VIIRS,h,2,293.2,27.55,D,0,11.5,157
48.46748,39.26113,367,0.52,0.67,28/03/2024,858,N20,VIIRS,h,2,297.66,9.82,D,0,8.5,184
47.62086,36.53858,367,0.73,0.76,28/03/2024,858,N20,VIIRS,h,2,291.96,77.34,D,0,16.1,165
47.62689,36.53348,367,0.73,0.76,28/03/2024,858,N20,VIIRS,h,2,296.52,77.34,D,0,16.1,165
47.62242,36.53875,367,0.72,0.76,28/03/2024,858,N20,VIIRS,h,2,290.01,129.4,D,0,16.1,165
48.6457,39.39199,367,0.51,0.66,28/03/2024,858,N20,VIIRS,h,2,309.92,62.15,D,0,7,167
48.33099,38.25048,367,0.58,0.7,28/03/2024,858,N20,VIIRS,h,2,294.38,29.26,D,0,12.8,165
47.5631,37.8191,367,0.65,0.73,28/03/2024,858,N20,VIIRS,h,2,294.85,11.59,D,0,11.3,179
48.08449,38.37339,367,0.59,0.7,28/03/2024,858,N20,VIIRS,h,2,296.37,16.01,D,0,11.5,157
48.19422,38.67291,367,0.56,0.69,28/03/2024,858,N20,VIIRS,h,2,298.55,10.78,D,0,11.7,161
49.81932,36.79158,367,0.59,0.7,28/03/2024,859,N20,VIIRS,h,2,296.04,18.31,D,0,13.1,159
49.71429,36.87803,367,0.59,0.7,28/03/2024,859,N20,VIIRS,h,2,294.49,88.32,D,0,14.9,161
49.62372,36.87991,367,0.59,0.7,28/03/2024,859,N20,VIIRS,h,2,297.07,25.24,D,0,14.9,161
49.61809,36.88472,367,0.59,0.7,28/03/2024,859,N20,VIIRS,h,2,295.58,14.87,D,0,14.4,158
49.60423,36.88699,367,0.59,0.7,28/03/2024,859,N20,VIIRS,h,2,292.68,26.72,D,0,14.4,158
49.59093,36.87021,367,0.59,0.7,28/03/2024,859,N20,VIIRS,h,2,293.98,45.22,D,0,14.4,158
49.30238,39.74369,367,0.47,0.64,28/03/2024,859,N20,VIIRS,h,2,291.97,7.46,D,0,8.3,138
49.30148,39.74454,367,0.47,0.64,28/03/2024,859,N20,VIIRS,h,2,292.59,11.59,D,0,8.3,138
48.22588,37.49508,367,0.63,0.72,28/03/2024,859,N20,VIIRS,h,2,294.25,15.6,D,0,13.6,164
48.47231,38.39814,367,0.57,0.69,28/03/2024,859,N20,VIIRS,h,2,292.88,10.44,D,0,11.8,171
48.46445,38.39598,367,0.57,0.69,28/03/2024,859,N20,VIIRS,h,2,295.06,15.49,D,0,11.8,171
48.3338,38.24558,367,0.58,0.7,28/03/2024,859,N20,VIIRS,h,2,293.52,21.97,D,0,12.8,165
46.70071,34.49482,367,0.42,0.38,29/03/2024,1018,N20,VIIRS,h,2,333.93,114.59,D,0,20.4,239
47.62045,37.82619,367,0.39,0.36,29/03/2024,1018,N20,VIIRS,h,2,326.7,76.98,D,0,17.2,193
48.88435,37.34583,367,0.39,0.36,29/03/2024,1018,N20,VIIRS,h,2,303.96,5.53,D,0,15.7,208
48.39804,26.42332,367,0.43,0.62,29/03/2024,1159,N20,VIIRS,h,2,294,14.22,D,0,18.1,262
50.22179,23.84968,367,0.47,0.64,30/03/2024,959,N20,VIIRS,h,2,295.11,13.21,D,0,14.6,199
50.22152,23.84835,367,0.47,0.64,30/03/2024,959,N20,VIIRS,h,2,294.93,12.94,D,0,14.6,199
47.01479,33.21917,367,0.5,0.66,30/03/2024,1138,N20,VIIRS,h,2,293.08,8.81,D,0,11.9,215
47.7451,36.97445,367,0.76,0.77,30/03/2024,1138,N20,VIIRS,h,2,292.61,14.5,D,0,14.7,292
47.72243,37.0456,367,0.77,0.77,30/03/2024,1138,N20,VIIRS,h,2,291.58,50.81,D,0,14.8,293
47.01605,33.21975,367,0.5,0.66,30/03/2024,1138,N20,VIIRS,h,2,291.71,7.09,D,0,11.9,215
46.18763,33.15423,367,0.49,0.65,30/03/2024,1138,N20,VIIRS,h,2,299.11,21.69,D,0,9.1,205
46.1916,33.15411,367,0.49,0.65,30/03/2024,1138,N20,VIIRS,h,2,294.27,23.31,D,0,9.1,205
46.18559,33.15428,367,0.49,0.65,30/03/2024,1138,N20,VIIRS,h,2,297.34,23.31,D,0,9.1,205
50.21816,23.86808,367,0.4,0.44,30/03/2024,1139,N20,VIIRS,h,2,297.15,11.08,D,0,14.6,199
50.21768,23.86251,367,0.4,0.44,30/03/2024,1139,N20,VIIRS,h,2,299.3,11.08,D,0,14.6,199
47.86721,33.43367,367,0.37,0.58,31/03/2024,937,N20,VIIRS,h,2,300.87,10.16,D,2,10.7,179
48.88668,37.96013,367,0.44,0.46,31/03/2024,937,N20,VIIRS,h,2,297.83,11.17,D,0,10.9,210
48.88277,38.70751,367,0.41,0.45,31/03/2024,937,N20,VIIRS,h,2,301.44,13.84,D,0,9.8,207
47.0974,35.06265,367,0.33,0.55,31/03/2024,937,N20,VIIRS,h,2,307.61,13.13,D,0,12.9,153
48.84594,33.79526,367,0.33,0.55,31/03/2024,937,N20,VIIRS,h,2,303.43,5.48,D,0,14,190
48.84366,33.78716,367,0.33,0.56,31/03/2024,937,N20,VIIRS,h,2,305.19,13.11,D,0,14,190
48.4401,31.12336,367,0.44,0.63,31/03/2024,938,N20,VIIRS,h,2,297.39,17.86,D,0,14.8,169
49.97879,34.54843,367,0.57,0.52,31/03/2024,938,N20,VIIRS,h,2,295.62,12.17,D,0,13.9,184
49.7683,33.10334,367,0.33,0.55,31/03/2024,938,N20,VIIRS,h,2,297.28,11.9,D,0,14.2,176
47.4708,35.74056,367,0.38,0.58,31/03/2024,1117,N20,VIIRS,h,2,306.14,21.49,D,0,15,177
47.52377,36.29426,367,0.4,0.6,31/03/2024,1117,N20,VIIRS,h,2,301.06,45.13,D,0,13.1,186
47.53497,36.29857,367,0.4,0.6,31/03/2024,1117,N20,VIIRS,h,2,301.62,5.27,D,0,13.1,186
47.5165,35.59457,367,0.37,0.58,31/03/2024,1117,N20,VIIRS,h,2,306.74,25.23,D,0,14.9,172
47.52184,35.59425,367,0.37,0.58,31/03/2024,1117,N20,VIIRS,h,2,300.8,14.32,D,0,14.9,172
47.55259,36.15964,367,0.39,0.6,31/03/2024,1117,N20,VIIRS,h,2,304.06,38.5,D,0,12.9,183
47.55826,36.16485,367,0.39,0.6,31/03/2024,1117,N20,VIIRS,h,2,301.69,40.3,D,0,12.9,183
47.63351,37.17839,367,0.44,0.62,31/03/2024,1117,N20,VIIRS,h,2,297.34,52.09,D,0,11.8,182
47.63449,37.17759,367,0.44,0.62,31/03/2024,1117,N20,VIIRS,h,2,297.78,32.46,D,0,11.8,182
47.62342,36.30347,367,0.4,0.6,31/03/2024,1117,N20,VIIRS,h,2,304.26,26.56,D,0,12.9,188
47.68083,38.60184,367,0.52,0.67,31/03/2024,1117,N20,VIIRS,h,2,292.49,8.11,D,0,10.2,206
47.69702,36.71837,367,0.42,0.61,31/03/2024,1117,N20,VIIRS,h,2,296.21,12.83,D,0,12,187
47.71649,37.00976,367,0.43,0.62,31/03/2024,1117,N20,VIIRS,h,2,306.23,12.82,D,0,10.6,181
47.7222,37.00959,367,0.43,0.62,31/03/2024,1117,N20,VIIRS,h,2,298.56,12.82,D,0,10.6,181
47.84803,36.87089,367,0.43,0.62,31/03/2024,1117,N20,VIIRS,h,2,296.92,25.98,D,0,11.5,189
47.84406,36.71025,367,0.42,0.61,31/03/2024,1117,N20,VIIRS,h,2,306.72,48.88,D,0,11.8,188
47.85371,36.8706,367,0.43,0.62,31/03/2024,1117,N20,VIIRS,h,2,329.71,83.72,D,0,11.5,189
47.85329,36.85358,367,0.43,0.62,31/03/2024,1117,N20,VIIRS,h,2,299.75,9.18,D,0,11.7,188
48.04432,38.8301,367,0.53,0.67,31/03/2024,1117,N20,VIIRS,h,2,291.92,26.53,D,0,10.2,210
47.96635,34.25924,367,0.32,0.55,31/03/2024,1117,N20,VIIRS,h,2,302.18,3.84,D,0,12.2,172
48.13288,37.7121,367,0.47,0.64,31/03/2024,1117,N20,VIIRS,h,2,297.44,22.49,D,0,11.1,201
48.14399,38.42286,367,0.51,0.66,31/03/2024,1117,N20,VIIRS,h,2,294.64,11.29,D,0,10.7,186
47.0778,36.83176,367,0.42,0.61,31/03/2024,1117,N20,VIIRS,h,2,298.9,9.82,D,0,10.2,184
47.15265,38.0574,367,0.48,0.65,31/03/2024,1117,N20,VIIRS,h,2,294.56,30.4,D,0,8.7,209
47.14011,36.54834,367,0.41,0.61,31/03/2024,1117,N20,VIIRS,h,2,302.22,42.35,D,0,10.1,176
50.20958,36.18225,367,0.41,0.61,31/03/2024,1118,N20,VIIRS,h,2,293.78,8.47,D,0,10.9,187
50.1785,35.99662,367,0.4,0.6,31/03/2024,1118,N20,VIIRS,h,2,296.27,8.61,D,0,10.6,186
49.86768,37.56914,367,0.47,0.64,31/03/2024,1118,N20,VIIRS,h,2,291.73,24.68,D,0,9.5,200
49.68921,36.05594,367,0.4,0.6,31/03/2024,1118,N20,VIIRS,h,2,293.02,6.68,D,0,10.9,196
49.61585,35.98698,367,0.4,0.6,31/03/2024,1118,N20,VIIRS,h,2,296.98,8.65,D,0,11.5,194
49.53923,38.39727,367,0.51,0.66,31/03/2024,1118,N20,VIIRS,h,2,293.27,12.79,D,0,10.3,205
48.88713,37.96623,367,0.49,0.65,31/03/2024,1118,N20,VIIRS,h,2,294.24,10.06,D,0,11.5,205
48.52695,32.83473,367,0.56,0.51,31/03/2024,1118,N20,VIIRS,h,2,338.95,165.97,D,0,14.7,189
48.5218,32.82765,367,0.56,0.51,31/03/2024,1118,N20,VIIRS,h,2,328.7,165.97,D,0,15.1,190
48.5175,32.83569,367,0.56,0.51,31/03/2024,1118,N20,VIIRS,h,2,303.75,12.03,D,0,15.1,190
48.36474,36.19808,367,0.4,0.6,31/03/2024,1118,N20,VIIRS,h,2,299.84,8.23,D,0,12.1,194
48.23788,36.00632,367,0.39,0.59,31/03/2024,1118,N20,VIIRS,h,2,296.24,12.4,D,0,11.9,187
48.14428,38.42133,367,0.51,0.66,31/03/2024,1118,N20,VIIRS,h,2,294.54,9.69,D,0,10.7,186
50.83696,33.01317,367,0.6,0.53,31/03/2024,1118,N20,VIIRS,h,2,297.79,30.91,D,0,16.7,181
47.34062,36.82343,367,0.46,0.64,01/04/2024,916,N20,VIIRS,h,2,299.69,24.87,D,0,16,160
47.93069,37.72144,367,0.4,0.6,01/04/2024,917,N20,VIIRS,h,2,294.56,17.92,D,0,14.2,161
47.46815,36.09413,367,0.49,0.65,01/04/2024,917,N20,VIIRS,h,2,293.08,11.74,D,0,17.9,168
48.87289,37.41494,367,0.39,0.59,01/04/2024,917,N20,VIIRS,h,2,298.63,6.43,D,0,15.8,181
48.47525,37.28325,367,0.4,0.6,01/04/2024,917,N20,VIIRS,h,2,302.32,14.78,D,0,16.7,178
47.648,36.39265,367,0.47,0.64,01/04/2024,917,N20,VIIRS,h,2,297.57,20.17,D,0,16.2,164
47.65678,36.35891,367,0.47,0.64,01/04/2024,917,N20,VIIRS,h,2,300.06,28.25,D,0,15.9,164
47.95392,37.11366,367,0.43,0.62,01/04/2024,917,N20,VIIRS,h,2,296.46,4.8,D,0,15.9,164
48.12986,37.58728,367,0.4,0.6,01/04/2024,917,N20,VIIRS,h,2,301.41,5.38,D,0,15.1,165
48.22551,37.82542,367,0.39,0.59,01/04/2024,917,N20,VIIRS,h,2,303.75,16.24,D,0,16.1,167
48.17611,37.58017,367,0.4,0.6,01/04/2024,917,N20,VIIRS,h,2,304.01,11.69,D,0,15.9,168
47.5708,35.45373,367,0.52,0.67,01/04/2024,917,N20,VIIRS,h,2,298.39,8.96,D,0,16.9,165
48.2833,37.80843,367,0.39,0.59,01/04/2024,917,N20,VIIRS,h,2,299.37,6.29,D,0,15.7,168
48.55132,38.21728,367,0.37,0.58,01/04/2024,917,N20,VIIRS,h,2,300.01,69.28,D,0,16.5,176
48.57347,38.15413,367,0.37,0.58,01/04/2024,917,N20,VIIRS,h,2,297.54,13.5,D,0,16.5,176
47.77509,35.50337,367,0.51,0.66,01/04/2024,917,N20,VIIRS,h,2,294.54,30.34,D,0,14.7,168
48.4989,37.8205,367,0.38,0.59,01/04/2024,917,N20,VIIRS,h,2,301.38,9.47,D,0,15.9,170
50.42119,37.337,367,0.35,0.56,01/04/2024,917,N20,VIIRS,h,2,327.23,52.23,D,0,18.1,188
50.42253,37.34156,367,0.35,0.56,01/04/2024,917,N20,VIIRS,h,2,296.46,41.15,D,0,18.1,188
50.41513,37.33581,367,0.35,0.56,01/04/2024,917,N20,VIIRS,h,2,302.81,6.16,D,0,18.1,188
50.40493,37.35938,367,0.35,0.56,01/04/2024,917,N20,VIIRS,h,2,295.42,38.3,D,0,18.9,187
50.02005,36.39025,367,0.39,0.59,01/04/2024,917,N20,VIIRS,h,2,296.63,7.41,D,0,17.8,181
50.02903,36.60989,367,0.38,0.59,01/04/2024,917,N20,VIIRS,h,2,297.29,6.78,D,0,17.9,184
50.11354,37.67478,367,0.34,0.56,01/04/2024,917,N20,VIIRS,h,2,297.18,10.34,D,0,18.6,186
49.80494,36.74551,367,0.38,0.59,01/04/2024,917,N20,VIIRS,h,2,298.04,4.27,D,0,16.7,184
49.46803,36.10982,367,0.42,0.61,01/04/2024,917,N20,VIIRS,h,2,302.61,51.28,D,0,18.3,183
49.46128,36.1081,367,0.42,0.61,01/04/2024,917,N20,VIIRS,h,2,292.86,25.81,D,0,18.3,183
49.69693,37.32671,367,0.37,0.58,01/04/2024,917,N20,VIIRS,h,2,299.43,8.85,D,0,18.6,186
49.6921,37.33012,367,0.37,0.58,01/04/2024,917,N20,VIIRS,h,2,300.66,8.85,D,0,18.6,186
49.51494,36.81331,367,0.39,0.59,01/04/2024,917,N20,VIIRS,h,2,301.33,11.29,D,0,16.2,177
49.67456,37.79204,367,0.35,0.57,01/04/2024,917,N20,VIIRS,h,2,303.31,4.85,D,0,18.1,183
49.65248,37.77501,367,0.35,0.57,01/04/2024,917,N20,VIIRS,h,2,302.82,17.18,D,0,18.2,182
49.64775,37.77846,367,0.35,0.57,01/04/2024,917,N20,VIIRS,h,2,300.84,17.18,D,0,18.2,182
49.64169,37.77731,367,0.35,0.57,01/04/2024,917,N20,VIIRS,h,2,304.47,23.44,D,0,18.2,182
49.8032,38.55285,367,0.32,0.55,01/04/2024,917,N20,VIIRS,h,2,296.89,45.68,D,0,17.3,187
49.78678,38.51459,367,0.32,0.55,01/04/2024,917,N20,VIIRS,h,2,301.75,5.53,D,0,17.1,185
49.79264,38.53514,367,0.32,0.55,01/04/2024,917,N20,VIIRS,h,2,301.12,6.77,D,0,17.1,185
49.79737,38.5517,367,0.32,0.55,01/04/2024,917,N20,VIIRS,h,2,305.91,32.58,D,0,17.3,187
49.78086,38.51318,367,0.32,0.55,01/04/2024,917,N20,VIIRS,h,2,300.27,5.53,D,0,17.1,185
49.79155,38.55061,367,0.32,0.55,01/04/2024,917,N20,VIIRS,h,2,297.95,10.98,D,0,17.3,187
49.77953,38.51163,367,0.33,0.55,01/04/2024,917,N20,VIIRS,h,2,300.86,4.18,D,0,17.1,185
49.79005,38.54921,367,0.32,0.55,01/04/2024,917,N20,VIIRS,h,2,298.64,5.1,D,0,17.3,187
49.74447,38.44572,367,0.33,0.55,01/04/2024,917,N20,VIIRS,h,2,296.8,14.4,D,0,17.7,186
49.78762,38.67746,367,0.32,0.55,01/04/2024,917,N20,VIIRS,h,2,294.83,3.95,D,0,17.1,185
49.43626,37.49547,367,0.37,0.58,01/04/2024,917,N20,VIIRS,h,2,300.38,6.21,D,0,17.5,184
49.63554,38.25846,367,0.34,0.56,01/04/2024,917,N20,VIIRS,h,2,302.73,6.07,D,0,16.8,180
49.6368,38.26286,367,0.34,0.56,01/04/2024,917,N20,VIIRS,h,2,299.84,6.07,D,0,16.8,180
49.52624,38.38084,367,0.34,0.56,01/04/2024,917,N20,VIIRS,h,2,296.17,3.98,D,0,17.7,181
49.06225,37.30503,367,0.38,0.59,01/04/2024,917,N20,VIIRS,h,2,297.76,20.37,D,0,19.7,183
49.06418,37.30388,367,0.39,0.59,01/04/2024,917,N20,VIIRS,h,2,298.62,14.11,D,0,19.7,183
48.97782,37.03514,367,0.4,0.6,01/04/2024,917,N20,VIIRS,h,2,299.45,16.44,D,0,17.7,176
49.02937,37.2071,367,0.39,0.59,01/04/2024,917,N20,VIIRS,h,2,305.95,11.79,D,0,19.7,180
48.97273,37.03833,367,0.4,0.6,01/04/2024,917,N20,VIIRS,h,2,297.9,16.44,D,0,17.7,176
49.02446,37.21072,367,0.39,0.59,01/04/2024,917,N20,VIIRS,h,2,304.31,11.79,D,0,19.7,180
49.01408,37.45446,367,0.38,0.59,01/04/2024,917,N20,VIIRS,h,2,329.46,43.96,D,0,18.5,184
49.01553,37.45929,367,0.38,0.59,01/04/2024,917,N20,VIIRS,h,2,300.77,44.15,D,0,18.5,184
49.01074,37.45844,367,0.38,0.59,01/04/2024,917,N20,VIIRS,h,2,302.75,16.12,D,0,18.5,184
48.92705,37.2968,367,0.39,0.59,01/04/2024,917,N20,VIIRS,h,2,298.63,14.83,D,0,15.9,176
48.92201,37.29995,367,0.39,0.59,01/04/2024,917,N20,VIIRS,h,2,297.5,14.83,D,0,15.9,176
48.90905,37.29664,367,0.39,0.59,01/04/2024,917,N20,VIIRS,h,2,301.47,5.21,D,0,15.9,176
48.75082,38.5662,367,0.6,0.53,01/04/2024,1057,N20,VIIRS,h,2,300.01,14.56,D,0,17.5,187
49.00746,37.6164,367,0.35,0.57,03/04/2024,30,N20,VIIRS,h,2,283.93,8.07,N,0,16.9,237
49.97819,37.86459,367,0.39,0.36,03/04/2024,1016,N20,VIIRS,h,2,295.11,9.15,D,0,19.1,229
44.8761,34.3002,367,0.52,0.67,04/04/2024,1135,N20,VIIRS,h,2,301.45,12.22,D,0,7.2,213
44.87624,34.29988,367,0.52,0.67,04/04/2024,1135,N20,VIIRS,h,2,302.37,15.59,D,0,7.2,213
46.70939,32.07121,367,0.41,0.61,04/04/2024,1136,N20,VIIRS,h,2,300.2,8.12,D,0,8.6,213
46.71335,32.06973,367,0.41,0.61,04/04/2024,1136,N20,VIIRS,h,2,296.62,10.47,D,0,8.6,213
50.35892,31.17816,367,0.39,0.6,04/04/2024,1137,N20,VIIRS,h,2,292.48,14.05,D,0,15.1,301
46.40279,33.19033,367,0.42,0.61,05/04/2024,936,N20,VIIRS,h,2,294.05,14.67,D,0,6.4,328
49.83589,32.87346,367,0.34,0.56,05/04/2024,937,N20,VIIRS,h,2,293.42,5.01,D,0,5.2,27
49.88521,32.26178,367,0.36,0.57,05/04/2024,937,N20,VIIRS,h,2,297.05,8.03,D,0,5.3,71
48.75,34.65092,367,0.62,0.54,05/04/2024,937,N20,VIIRS,h,2,297.23,12.74,D,0,7.3,355
48.90063,37.48286,367,0.45,0.63,05/04/2024,1117,N20,VIIRS,h,2,292.32,20.61,D,0,10.2,335
48.89925,37.48022,367,0.45,0.63,05/04/2024,1117,N20,VIIRS,h,2,293.23,15.28,D,0,10.2,335
48.89915,37.47355,367,0.45,0.63,05/04/2024,1117,N20,VIIRS,h,2,296.51,16.35,D,0,10.2,335
48.90586,35.10805,367,0.35,0.57,05/04/2024,1117,N20,VIIRS,h,2,299.35,7.79,D,0,8.6,1
48.54883,35.2486,367,0.35,0.57,05/04/2024,1117,N20,VIIRS,h,2,293.91,9.95,D,3,8.3,352
48.22738,37.74427,367,0.46,0.64,05/04/2024,1117,N20,VIIRS,h,2,295.84,12.55,D,0,9.3,335
48.07077,39.60624,367,0.56,0.69,05/04/2024,1117,N20,VIIRS,h,2,291.73,18.16,D,0,10.9,329
48.73357,35.2873,367,0.36,0.57,05/04/2024,1117,N20,VIIRS,h,2,295.41,11.9,D,0,8.8,2
49.00643,37.28767,367,0.44,0.63,05/04/2024,1117,N20,VIIRS,h,2,295.39,11.07,D,0,10.7,337
49.00618,37.28418,367,0.44,0.63,05/04/2024,1117,N20,VIIRS,h,2,299.64,12.28,D,0,10.7,337
49.14713,34.32136,367,0.32,0.55,05/04/2024,1117,N20,VIIRS,h,2,310.09,46.17,D,0,7.1,357
49.19161,35.03138,367,0.35,0.57,05/04/2024,1117,N20,VIIRS,h,2,304.35,17.17,D,0,8.2,356
49.35903,36.71254,367,0.42,0.61,05/04/2024,1117,N20,VIIRS,h,2,295.61,6.88,D,0,10.4,341
49.3456,34.94187,367,0.35,0.56,05/04/2024,1117,N20,VIIRS,h,2,301.61,23.47,D,0,8.6,350
49.35084,34.94145,367,0.35,0.56,05/04/2024,1117,N20,VIIRS,h,2,299.72,23.47,D,0,8.6,350
49.35076,34.93929,367,0.35,0.56,05/04/2024,1117,N20,VIIRS,h,2,305.65,53.69,D,0,8.6,350
49.76964,35.40682,367,0.37,0.58,05/04/2024,1117,N20,VIIRS,h,2,301.47,11.76,D,0,6.8,346
46.53147,34.46951,367,0.63,0.54,05/04/2024,1117,N20,VIIRS,h,2,326.02,96.17,D,0,9.8,353
48.67573,36.60667,367,0.41,0.61,05/04/2024,1117,N20,VIIRS,h,2,292.78,9.84,D,0,9.4,339
48.73484,35.28923,367,0.36,0.57,05/04/2024,1117,N20,VIIRS,h,2,291.61,6.53,D,0,8.8,2
50.13206,36.20222,367,0.4,0.6,05/04/2024,1118,N20,VIIRS,h,2,290.64,10.62,D,0,9.8,353
50.44929,34.69912,367,0.34,0.56,05/04/2024,1118,N20,VIIRS,h,2,295.6,10.98,D,0,7,352
50.45412,34.68845,367,0.34,0.56,05/04/2024,1118,N20,VIIRS,h,2,298.77,14.44,D,0,7.2,354
50.16549,36.20032,367,0.4,0.6,05/04/2024,1118,N20,VIIRS,h,2,294.3,9.27,D,0,10,352
50.17163,36.22292,367,0.4,0.6,05/04/2024,1118,N20,VIIRS,h,2,292.93,28.97,D,0,10,352
47.65872,37.39291,367,0.41,0.6,06/04/2024,918,N20,VIIRS,h,2,302.72,8.48,D,0,7.2,230
47.90522,39.45071,367,0.33,0.55,06/04/2024,918,N20,VIIRS,h,2,300.21,7.96,D,0,8,270
47.74115,38.46159,367,0.36,0.58,06/04/2024,918,N20,VIIRS,h,2,298.51,22.74,D,0,7.9,250
46.9941,35.98792,367,0.49,0.65,06/04/2024,918,N20,VIIRS,h,2,303.2,12.65,D,0,8.2,182
47.60315,37.41177,367,0.41,0.6,06/04/2024,918,N20,VIIRS,h,2,297.8,4.22,D,0,7.2,230
48.26397,39.23908,367,0.32,0.55,06/04/2024,918,N20,VIIRS,h,2,298.24,18.8,D,0,8.6,261
47.87014,37.54381,367,0.39,0.6,06/04/2024,918,N20,VIIRS,h,2,303.06,7.17,D,0,6.3,255
48.22804,38.50396,367,0.35,0.57,06/04/2024,918,N20,VIIRS,h,2,298.91,4.8,D,0,8.3,261
47.44029,35.79081,367,0.48,0.65,06/04/2024,918,N20,VIIRS,h,2,299.3,16.98,D,0,9.3,203
47.69309,36.38218,367,0.45,0.63,06/04/2024,918,N20,VIIRS,h,2,303.24,31.53,D,0,8.5,217
48.51307,38.83109,367,0.33,0.55,06/04/2024,918,N20,VIIRS,h,2,303.72,15.17,D,0,6.1,266
48.514,38.2486,367,0.35,0.57,06/04/2024,918,N20,VIIRS,h,2,299.8,5.72,D,0,6.1,240
48.51883,38.24546,367,0.35,0.57,06/04/2024,918,N20,VIIRS,h,2,300.89,6.42,D,0,6.1,240
48.51491,38.24609,367,0.35,0.57,06/04/2024,918,N20,VIIRS,h,2,303.24,7.89,D,0,6.1,240
49.18154,38.07717,367,0.34,0.56,06/04/2024,918,N20,VIIRS,h,2,301.29,7.25,D,0,6.4,193
49.76577,34.94655,367,0.44,0.62,06/04/2024,918,N20,VIIRS,h,2,294.98,25.19,D,0,10.1,182
50.28537,35.1655,367,0.41,0.61,06/04/2024,918,N20,VIIRS,h,2,291.21,10.95,D,0,9.7,189
50.28429,35.16442,367,0.41,0.61,06/04/2024,919,N20,VIIRS,h,2,292.85,9.95,D,0,9.7,189
48.26109,39.23684,367,0.32,0.55,06/04/2024,1058,N20,VIIRS,h,2,304.33,11.83,D,0,8.6,261
47.72862,36.89065,367,0.5,0.49,06/04/2024,1058,N20,VIIRS,h,2,303.61,10.31,D,0,6.5,234
49.29858,35.29919,367,0.44,0.46,06/04/2024,1058,N20,VIIRS,h,2,293.63,7.1,D,0,10.6,193
49.3238,39.80987,367,0.35,0.57,06/04/2024,1058,N20,VIIRS,h,2,296.31,5.23,D,0,6.2,314
49.3244,39.80928,367,0.35,0.57,06/04/2024,1058,N20,VIIRS,h,2,296.82,4.65,D,0,6.2,314
48.93813,39.14109,367,0.49,0.65,07/04/2024,859,N20,VIIRS,h,2,293.08,7.42,D,0,7.2,267
48.13958,37.71424,367,0.6,0.71,07/04/2024,859,N20,VIIRS,h,2,290.17,23.29,D,0,7.1,283
47.42369,35.8087,367,0.76,0.77,07/04/2024,859,N20,VIIRS,h,2,297.32,17.4,D,0,5.7,304
47.40675,35.9157,367,0.75,0.77,07/04/2024,859,N20,VIIRS,h,2,300.2,24.28,D,0,5.7,304
49.1586,38.70048,367,0.5,0.66,07/04/2024,859,N20,VIIRS,h,2,296.66,14.91,D,0,7.9,276
48.93616,39.14346,367,0.49,0.65,07/04/2024,859,N20,VIIRS,h,2,294.55,12.32,D,0,7.2,267
49.90458,38.49335,367,0.48,0.65,07/04/2024,900,N20,VIIRS,h,2,297.49,10.38,D,0,8.4,281
47.87067,33.44602,367,0.4,0.6,07/04/2024,2254,N20,VIIRS,h,2,284.57,11.01,N,2,5.7,262
49.75235,38.94519,367,0.72,0.75,08/04/2024,841,N20,VIIRS,h,2,293.19,15.72,D,0,7.9,248
50.16796,36.18969,367,0.39,0.36,08/04/2024,1021,N20,VIIRS,h,2,301.02,7.79,D,0,8.1,277
49.81954,23.62639,367,0.34,0.56,08/04/2024,1202,N20,VIIRS,h,2,300.81,11.69,D,0,10.3,184
48.53112,39.05748,367,0.4,0.37,09/04/2024,1002,N20,VIIRS,h,2,328.17,24.91,D,0,7.4,205
47.71027,36.88697,367,0.45,0.39,09/04/2024,1002,N20,VIIRS,h,2,334.19,52.97,D,0,6.6,134
47.56527,36.31754,367,0.38,0.59,11/04/2024,924,N20,VIIRS,h,2,305.51,51.2,D,0,7.7,84
47.70863,36.80933,367,0.36,0.58,11/04/2024,924,N20,VIIRS,h,2,308.11,8.08,D,0,7.2,94
48.23552,37.64006,367,0.32,0.55,11/04/2024,924,N20,VIIRS,h,2,305.02,4.75,D,0,6,181
48.13795,37.46718,367,0.33,0.55,11/04/2024,924,N20,VIIRS,h,2,304.61,13.07,D,0,6.2,123
47.4965,37.80841,367,0.33,0.56,11/04/2024,924,N20,VIIRS,h,2,305.29,10.59,D,0,7.8,67
47.7655,37.86647,367,0.32,0.55,11/04/2024,924,N20,VIIRS,h,2,304.29,5.92,D,0,6.3,79
47.68,37.35207,367,0.34,0.56,11/04/2024,924,N20,VIIRS,h,2,303.53,10.93,D,0,8.5,98
47.60538,37.01347,367,0.36,0.57,11/04/2024,924,N20,VIIRS,h,2,304.91,4.62,D,0,7.7,114
47.38343,35.24286,367,0.43,0.62,11/04/2024,924,N20,VIIRS,h,2,303.03,6.47,D,0,7.9,357
50.03667,35.32824,367,0.35,0.57,11/04/2024,925,N20,VIIRS,h,2,299.5,6.69,D,0,6.9,312
48.72193,38.41722,367,0.58,0.52,11/04/2024,925,N20,VIIRS,h,2,305.59,37.86,D,0,6.6,233
47.66026,33.76643,367,0.49,0.65,11/04/2024,925,N20,VIIRS,h,2,303.35,21.14,D,0,7.5,118
48.73382,36.68785,367,0.34,0.56,11/04/2024,925,N20,VIIRS,h,2,304.2,8.5,D,0,6.6,228
49.36772,37.91451,367,0.58,0.52,11/04/2024,925,N20,VIIRS,h,2,301.11,15.41,D,0,8,242
48.82308,34.90457,367,0.4,0.6,11/04/2024,925,N20,VIIRS,h,2,307.86,6.84,D,0,5.1,263
48.82294,34.90245,367,0.4,0.6,11/04/2024,925,N20,VIIRS,h,2,309.5,11.72,D,0,5.1,263
49.65506,36.30999,367,0.33,0.55,11/04/2024,925,N20,VIIRS,h,2,295.99,6.12,D,0,6.5,297
49.97792,35.11045,367,0.36,0.57,11/04/2024,925,N20,VIIRS,h,2,309.5,4.46,D,0,7,316
50.2116,35.52551,367,0.34,0.56,11/04/2024,925,N20,VIIRS,h,2,305.28,7.95,D,0,8,300
48.46103,37.98376,367,0.34,0.56,11/04/2024,1105,N20,VIIRS,h,2,300.32,36.04,D,0,5.8,185
48.17939,37.5677,367,0.33,0.55,11/04/2024,1105,N20,VIIRS,h,2,306.07,4.7,D,0,6.1,138
48.18452,37.67947,367,0.33,0.55,11/04/2024,1105,N20,VIIRS,h,2,306.45,4.66,D,0,6.2,145
48.72398,38.40596,367,0.36,0.57,11/04/2024,1105,N20,VIIRS,h,2,296.65,9.65,D,0,6.6,233
48.82391,38.90163,367,0.38,0.59,11/04/2024,1105,N20,VIIRS,h,2,294.26,9.3,D,0,6.6,229
48.73413,36.69471,367,0.6,0.53,11/04/2024,1105,N20,VIIRS,h,2,308.03,11.06,D,0,6.6,228
48.9253,37.91007,367,0.34,0.56,11/04/2024,1105,N20,VIIRS,h,2,299.91,6.62,D,0,5.5,224
48.95094,37.8981,367,0.34,0.56,11/04/2024,1105,N20,VIIRS,h,2,305.34,7.4,D,0,5.5,224
48.96655,37.89656,367,0.34,0.56,11/04/2024,1105,N20,VIIRS,h,2,298.48,14.51,D,0,6.1,224
48.17286,37.53712,367,0.32,0.55,11/04/2024,1105,N20,VIIRS,h,2,305.99,7.34,D,0,6.1,138
48.13873,37.46035,367,0.32,0.55,11/04/2024,1105,N20,VIIRS,h,2,305.22,4.62,D,0,6.2,123
48.96263,38.2137,367,0.35,0.57,11/04/2024,1105,N20,VIIRS,h,2,302.25,9.24,D,0,6,228
47.92654,38.14985,367,0.35,0.56,11/04/2024,1105,N20,VIIRS,h,2,309.12,8.14,D,0,7.2,120
49.01289,38.59737,367,0.37,0.58,11/04/2024,1105,N20,VIIRS,h,2,298.57,17.45,D,0,7,224
49.00294,38.15609,367,0.35,0.57,11/04/2024,1105,N20,VIIRS,h,2,299.91,12.92,D,0,6.3,223
49.27187,38.95857,367,0.39,0.59,11/04/2024,1105,N20,VIIRS,h,2,302.84,24.44,D,0,8.2,219
49.30251,38.02434,367,0.35,0.57,11/04/2024,1105,N20,VIIRS,h,2,303.57,5.67,D,0,7.3,248
47.8726,38.81158,367,0.37,0.58,11/04/2024,1105,N20,VIIRS,h,2,309.85,83.9,D,0,6.9,62
47.79167,37.44118,367,0.32,0.55,11/04/2024,1105,N20,VIIRS,h,2,306.14,5.08,D,0,7.8,111
47.76218,37.54251,367,0.32,0.55,11/04/2024,1105,N20,VIIRS,h,2,308.47,10.75,D,0,7.8,111
49.34503,37.29445,367,0.32,0.55,11/04/2024,1105,N20,VIIRS,h,2,308.41,14.54,D,0,7.1,263
49.34483,37.29015,367,0.32,0.55,11/04/2024,1105,N20,VIIRS,h,2,308.6,17.39,D,0,7.1,263
49.34464,37.28584,367,0.32,0.55,11/04/2024,1105,N20,VIIRS,h,2,305.11,17.39,D,0,7.1,263
49.35011,37.29391,367,0.32,0.55,11/04/2024,1105,N20,VIIRS,h,2,299.12,14.54,D,0,7.1,263
49.34991,37.28956,367,0.32,0.55,11/04/2024,1105,N20,VIIRS,h,2,304.68,17.39,D,0,7.1,263
49.34971,37.28524,367,0.32,0.55,11/04/2024,1105,N20,VIIRS,h,2,304.42,17.39,D,0,7.1,263
49.34813,37.29487,367,0.32,0.55,11/04/2024,1105,N20,VIIRS,h,2,300.88,18.3,D,0,7.1,263
49.34777,37.28622,367,0.32,0.55,11/04/2024,1105,N20,VIIRS,h,2,305.04,19.48,D,0,7.1,263
49.35248,37.27686,367,0.32,0.55,11/04/2024,1105,N20,VIIRS,h,2,298.78,14.61,D,0,7.1,263
49.41624,37.84011,367,0.34,0.56,11/04/2024,1105,N20,VIIRS,h,2,314.7,32.14,D,0,8,242
49.45731,37.95309,367,0.35,0.57,11/04/2024,1105,N20,VIIRS,h,2,301.99,5.33,D,0,7.4,250
49.52909,37.27471,367,0.32,0.55,11/04/2024,1105,N20,VIIRS,h,2,313.71,18.29,D,0,7,268
49.7432,38.01985,367,0.35,0.57,11/04/2024,1105,N20,VIIRS,h,2,290.13,11.13,D,0,6.8,259
49.77233,37.6859,367,0.34,0.56,11/04/2024,1105,N20,VIIRS,h,2,304.54,23.41,D,0,5.2,268
49.77213,37.68107,367,0.34,0.56,11/04/2024,1105,N20,VIIRS,h,2,304.42,23.41,D,0,5.2,268
49.77771,37.69017,367,0.34,0.56,11/04/2024,1105,N20,VIIRS,h,2,302.02,17.84,D,0,5.2,268
49.82668,37.59032,367,0.34,0.56,11/04/2024,1105,N20,VIIRS,h,2,304.28,5.89,D,0,5.9,277
49.82275,37.12553,367,0.32,0.55,11/04/2024,1105,N20,VIIRS,h,2,303.61,7.72,D,0,7,300
49.8791,37.73129,367,0.34,0.56,11/04/2024,1105,N20,VIIRS,h,2,301.16,5.47,D,0,4.9,263
50.03162,37.08953,367,0.32,0.55,11/04/2024,1105,N20,VIIRS,h,2,305.22,4.57,D,0,7.6,308
50.09045,37.15321,367,0.32,0.55,11/04/2024,1105,N20,VIIRS,h,2,305.17,13.32,D,0,7.7,306
50.08867,37.15316,367,0.32,0.55,11/04/2024,1105,N20,VIIRS,h,2,306.21,7.47,D,0,7.7,306
50.09357,37.14817,367,0.32,0.55,11/04/2024,1105,N20,VIIRS,h,2,303.01,7.47,D,0,7.7,306
50.16321,36.99527,367,0.32,0.54,11/04/2024,1105,N20,VIIRS,h,2,300.88,7.48,D,0,7.5,303
50.16825,36.99476,367,0.32,0.54,11/04/2024,1105,N20,VIIRS,h,2,303.12,7.48,D,0,7.5,303
49.73563,37.67965,367,0.34,0.56,11/04/2024,1105,N20,VIIRS,h,2,296.99,6.63,D,0,6,243
48.51217,37.95675,367,0.34,0.56,11/04/2024,1105,N20,VIIRS,h,2,303.36,4.99,D,0,5.8,185
48.47633,38.10728,367,0.35,0.57,11/04/2024,1105,N20,VIIRS,h,2,296.52,6.28,D,0,5.9,178
49.33698,37.30372,367,0.48,0.65,12/04/2024,906,N20,VIIRS,h,2,294.61,14.06,D,0,13,310
49.62073,37.42166,367,0.47,0.64,12/04/2024,906,N20,VIIRS,h,2,299.2,28.07,D,0,13,310
49.62597,37.41746,367,0.47,0.64,12/04/2024,906,N20,VIIRS,h,2,307.41,48.03,D,0,13,310
49.62076,37.42194,367,0.47,0.64,12/04/2024,906,N20,VIIRS,h,2,296.1,12.22,D,0,13,310
49.62601,37.41778,367,0.47,0.64,12/04/2024,906,N20,VIIRS,h,2,303.99,67.46,D,0,13,310
49.33828,37.30236,367,0.48,0.65,12/04/2024,906,N20,VIIRS,h,2,295.32,10.75,D,0,13.3,311
49.23797,37.62331,367,0.47,0.64,12/04/2024,906,N20,VIIRS,h,2,296.77,66.6,D,0,11.5,305
49.17192,37.62201,367,0.47,0.64,12/04/2024,906,N20,VIIRS,h,2,297.67,21,D,0,11.6,303
48.32911,37.76379,367,0.5,0.66,12/04/2024,906,N20,VIIRS,h,2,293.45,36.29,D,0,10.4,273
48.25389,37.60569,367,0.51,0.66,12/04/2024,906,N20,VIIRS,h,2,293.01,8.23,D,0,11.1,276
48.2291,37.65493,367,0.51,0.66,12/04/2024,906,N20,VIIRS,h,2,300.69,10.52,D,0,11.1,276
48.3643,39.57824,367,0.42,0.61,12/04/2024,906,N20,VIIRS,h,2,307.68,35.55,D,0,13.8,263
50.14293,36.39892,367,0.49,0.65,12/04/2024,906,N20,VIIRS,h,2,293.28,11.1,D,0,13.4,320
49.25906,39.014,367,0.41,0.61,12/04/2024,906,N20,VIIRS,h,2,302.68,8.33,D,0,12.8,287
49.25402,39.01784,367,0.41,0.61,12/04/2024,906,N20,VIIRS,h,2,304.77,8.33,D,0,12.8,287
49.02097,38.60783,367,0.44,0.62,12/04/2024,906,N20,VIIRS,h,2,295.82,10.52,D,0,12.4,282
49.01069,38.59544,367,0.44,0.62,12/04/2024,906,N20,VIIRS,h,2,300.39,8.61,D,0,12.4,282
48.89139,38.23964,367,0.46,0.63,12/04/2024,906,N20,VIIRS,h,2,302.01,12.39,D,0,12.3,279
48.73114,38.06646,367,0.47,0.64,12/04/2024,906,N20,VIIRS,h,2,299.12,11.19,D,0,11.7,282
52.33752,33.19555,367,0.54,0.68,12/04/2024,907,N20,VIIRS,h,2,291.46,15.37,D,0,16.7,292
50.70638,34.01575,367,0.58,0.7,12/04/2024,907,N20,VIIRS,h,2,299.44,16.98,D,0,14.5,317
48.95922,37.92075,367,0.42,0.45,12/04/2024,1046,N20,VIIRS,h,2,305.91,15.44,D,0,11.5,293
48.95411,37.90997,367,0.42,0.45,12/04/2024,1046,N20,VIIRS,h,2,303.61,12.67,D,0,11.5,293
49.28321,37.81349,367,0.42,0.45,12/04/2024,1046,N20,VIIRS,h,2,305.54,12.03,D,0,12.9,301
49.64278,37.66434,367,0.42,0.45,12/04/2024,1046,N20,VIIRS,h,2,305.03,9.02,D,0,12,311
49.70173,37.54286,367,0.41,0.45,12/04/2024,1046,N20,VIIRS,h,2,301.96,6.64,D,0,12.6,312
49.17194,37.63633,367,0.41,0.45,12/04/2024,1046,N20,VIIRS,h,2,305.77,12.29,D,0,12.2,301
49.70571,36.66486,367,0.57,0.43,12/04/2024,1046,N20,VIIRS,h,2,336.25,174.18,D,0,12.1,318
48.32584,37.77656,367,0.41,0.45,12/04/2024,1046,N20,VIIRS,h,2,310.56,22.26,D,0,9.8,272
48.98592,38.63672,367,0.5,0.66,13/04/2024,40,N20,VIIRS,h,2,282.05,7.56,N,0,11.1,303
49.10867,37.68482,367,0.73,0.76,13/04/2024,848,N20,VIIRS,h,2,295.93,18.84,D,0,11.4,309
49.01727,38.62733,367,0.45,0.39,13/04/2024,1027,N20,VIIRS,h,2,301.08,11.34,D,0,11.1,303
48.99619,37.83193,367,0.43,0.38,13/04/2024,1027,N20,VIIRS,h,2,337.72,57.71,D,0,11.2,307
48.99533,37.83421,367,0.43,0.38,13/04/2024,1027,N20,VIIRS,h,2,326.23,189.15,D,0,11.2,307
48.28921,37.70126,367,0.42,0.38,13/04/2024,1027,N20,VIIRS,h,2,301.61,9.58,D,0,10.1,313
47.8708,33.44523,367,0.55,0.68,13/04/2024,2242,N20,VIIRS,h,2,283.6,15.8,N,2,11.8,320
48.99699,38.03248,367,0.39,0.36,14/04/2024,1009,N20,VIIRS,h,2,311.08,18.84,D,0,10.9,271
47.63002,36.42778,367,0.57,0.69,15/04/2024,1130,N20,VIIRS,h,2,290.09,42.37,D,0,20.3,249
46.27899,34.85921,367,0.48,0.64,15/04/2024,1130,N20,VIIRS,h,2,293.7,22.22,D,0,20.5,238
49.0388,36.80753,367,0.6,0.71,15/04/2024,1131,N20,VIIRS,h,2,291.54,18.89,D,0,19.1,265
48.98021,36.72097,367,0.6,0.7,15/04/2024,1131,N20,VIIRS,h,2,297.18,11.44,D,0,19.4,265
48.10518,34.44654,367,0.47,0.64,15/04/2024,1131,N20,VIIRS,h,2,291.71,6.93,D,0,15.9,252
48.46101,38.77791,367,0.32,0.55,22/04/2024,919,N20,VIIRS,h,2,299.55,6.56,D,2,13.9,224
49.28704,36.91082,367,0.36,0.58,22/04/2024,919,N20,VIIRS,h,2,292.45,5.17,D,0,17.7,226
50.30153,37.45959,367,0.32,0.55,22/04/2024,920,N20,VIIRS,h,2,291.98,5.62,D,0,19.1,219
47.68608,36.76374,367,0.51,0.5,22/04/2024,1059,N20,VIIRS,h,2,307.83,11.76,D,0,12.6,194
48.98698,38.0155,367,0.6,0.53,22/04/2024,1100,N20,VIIRS,h,2,300.28,20.66,D,0,15.7,224
48.99326,38.59836,367,0.32,0.55,22/04/2024,1100,N20,VIIRS,h,2,303.99,5.65,D,0,13.5,223
48.99471,38.5985,367,0.32,0.55,22/04/2024,1100,N20,VIIRS,h,2,303.01,5.37,D,0,13.5,223
46.66126,33.13421,367,0.34,0.56,26/04/2024,1124,N20,VIIRS,h,2,298.7,4.78,D,0,11.5,221
47.64846,37.32254,367,0.34,0.56,27/04/2024,925,N20,VIIRS,h,2,291.02,7.55,D,0,7.7,315
48.94477,37.80039,367,0.35,0.57,27/04/2024,1106,N20,VIIRS,h,2,303.02,5.67,D,0,9.2,291
48.14057,37.54405,367,0.33,0.56,27/04/2024,1106,N20,VIIRS,h,2,292.83,6.39,D,0,8.3,308
49.8527,32.85076,367,0.39,0.36,29/04/2024,1028,N20,VIIRS,h,2,304.61,7.68,D,0,16.1,27
49.88168,32.88156,367,0.39,0.36,29/04/2024,1028,N20,VIIRS,h,2,346.17,46.3,D,0,16.1,27
46.48248,32.13805,367,0.32,0.55,01/05/2024,950,N20,VIIRS,h,2,304.42,8.35,D,0,19.6,54
49.1531,37.5279,367,0.5,0.41,01/05/2024,950,N20,VIIRS,h,2,310.63,17.24,D,0,7.9,4
48.93847,24.19663,367,0.59,0.7,01/05/2024,951,N20,VIIRS,h,2,299.98,13.87,D,0,19,131
46.70127,33.09601,367,0.4,0.6,01/05/2024,1131,N20,VIIRS,h,2,303.34,7.59,D,0,18.3,49
47.81554,38.55261,367,0.73,0.76,01/05/2024,1131,N20,VIIRS,h,2,296.49,25.58,D,0,12.2,50
47.81235,38.54552,367,0.73,0.76,01/05/2024,1131,N20,VIIRS,h,2,299.08,18.71,D,0,12.4,50
48.9605,38.17771,367,0.71,0.75,01/05/2024,1131,N20,VIIRS,h,2,303.27,15.77,D,0,7.7,10
48.95843,38.17821,367,0.71,0.75,01/05/2024,1131,N20,VIIRS,h,2,301.16,9.54,D,0,7.7,10
49.13464,37.52122,367,0.66,0.73,01/05/2024,1131,N20,VIIRS,h,2,299.59,15.23,D,0,7.9,4
49.14122,37.53964,367,0.66,0.73,01/05/2024,1131,N20,VIIRS,h,2,298.86,11,D,0,7.9,4
49.14189,37.54013,367,0.66,0.73,01/05/2024,1131,N20,VIIRS,h,2,297.45,18.47,D,0,7.9,4
49.36132,37.99646,367,0.7,0.75,01/05/2024,1131,N20,VIIRS,h,2,298.92,29.61,D,0,8.5,352
50.75661,32.91274,367,0.42,0.61,01/05/2024,1132,N20,VIIRS,h,2,300.41,6.69,D,0,5.9,354
50.34716,37.35094,367,0.65,0.73,01/05/2024,1132,N20,VIIRS,h,2,302.36,11.04,D,0,10.5,329
47.34179,35.66893,367,0.35,0.56,02/05/2024,931,N20,VIIRS,h,2,309.03,6.38,D,0,12.7,32
46.58176,33.01124,367,0.48,0.65,02/05/2024,931,N20,VIIRS,h,2,306.71,11.39,D,0,15,44
46.57272,33.00338,367,0.48,0.65,02/05/2024,931,N20,VIIRS,h,2,306.36,8.95,D,0,15,44
48.27343,35.69357,367,0.32,0.55,02/05/2024,932,N20,VIIRS,h,2,302.79,7.35,D,0,11.1,25
50.4966,32.01014,367,0.39,0.59,02/05/2024,932,N20,VIIRS,h,2,304.5,5.99,D,0,10,358
50.68539,34.00574,367,0.32,0.55,02/05/2024,932,N20,VIIRS,h,2,304.01,14.38,D,0,12.6,352
50.68078,34.00899,367,0.32,0.55,02/05/2024,932,N20,VIIRS,h,2,305.39,14.38,D,0,12.6,352
50.28801,33.48556,367,0.35,0.56,02/05/2024,932,N20,VIIRS,h,2,306.1,13.26,D,0,11.6,358
50.28645,33.48843,367,0.35,0.56,02/05/2024,932,N20,VIIRS,h,2,303.94,9.39,D,0,11.6,358
49.60788,37.67669,367,0.41,0.61,02/05/2024,1112,N20,VIIRS,h,2,299.24,12.25,D,0,10,14
49.60237,37.68268,367,0.41,0.61,02/05/2024,1112,N20,VIIRS,h,2,297.14,19.41,D,0,10,14
49.60486,37.68328,367,0.41,0.61,02/05/2024,1112,N20,VIIRS,h,2,295.82,12.82,D,0,10,14
48.81978,38.9752,367,0.47,0.64,02/05/2024,1112,N20,VIIRS,h,2,303.98,12.21,D,0,8.5,38
46.4763,32.12834,367,0.43,0.46,02/05/2024,1112,N20,VIIRS,h,2,313.68,12.73,D,0,15.2,53
50.19968,36.74314,367,0.38,0.58,02/05/2024,1113,N20,VIIRS,h,2,294.51,8.02,D,0,9.6,357
50.28638,32.99461,367,0.51,0.49,02/05/2024,1113,N20,VIIRS,h,2,303.74,7.4,D,0,10.3,358
48.95609,38.03708,367,0.39,0.59,03/05/2024,913,N20,VIIRS,h,2,296.13,11.16,D,0,12.6,28
48.98565,38.17532,367,0.38,0.59,03/05/2024,913,N20,VIIRS,h,2,299.53,10.78,D,0,12.8,28
49.26764,36.7393,367,0.43,0.62,03/05/2024,913,N20,VIIRS,h,2,297.44,10.85,D,0,14.7,40
49.12021,37.54077,367,0.4,0.6,03/05/2024,913,N20,VIIRS,h,2,291.03,14.29,D,0,14,32
48.53091,34.64746,367,0.42,0.61,04/05/2024,47,N20,VIIRS,h,2,279.92,7.05,N,2,14.6,51
46.95569,32.02473,367,0.36,0.58,04/05/2024,48,N20,VIIRS,h,2,284.75,7.73,N,0,20.1,51
46.95528,32.02618,367,0.36,0.58,04/05/2024,48,N20,VIIRS,h,2,285.8,8.77,N,0,20.1,51
48.98553,38.20196,367,0.6,0.71,04/05/2024,854,N20,VIIRS,h,2,291.14,11.04,D,0,12.9,47
48.92756,37.91728,367,0.48,0.4,04/05/2024,1034,N20,VIIRS,h,2,313.22,14.09,D,0,13.6,47
48.92389,37.91817,367,0.48,0.4,04/05/2024,1034,N20,VIIRS,h,2,312.35,14.09,D,0,13.6,47
49.05891,38.27511,367,0.39,0.36,05/05/2024,1015,N20,VIIRS,h,2,349.99,142.27,D,0,11.6,249
49.13139,37.49,367,0.38,0.36,05/05/2024,1015,N20,VIIRS,h,2,311.37,10.5,D,0,13.4,244
49.1362,37.49924,367,0.38,0.36,05/05/2024,1015,N20,VIIRS,h,2,318.73,7.54,D,0,13.4,244
48.94699,37.9299,367,0.39,0.36,05/05/2024,1015,N20,VIIRS,h,2,310.61,15.12,D,0,11.7,242
46.56818,32.96135,367,0.79,0.78,05/05/2024,1156,N20,VIIRS,h,2,294.82,15.56,D,0,8.8,51
48.95834,38.55833,367,0.42,0.38,06/05/2024,956,N20,VIIRS,h,2,318.08,10.96,D,0,12.5,235
46.15773,33.71627,367,0.51,0.66,06/05/2024,1137,N20,VIIRS,h,2,296.17,24.01,D,0,15.5,253
46.6943,33.12127,367,0.48,0.65,06/05/2024,1137,N20,VIIRS,h,2,299.14,11.15,D,0,15.6,236
46.47778,31.97779,367,0.42,0.61,06/05/2024,1137,N20,VIIRS,h,2,294.34,22.73,D,0,17.1,227
46.47994,31.97669,367,0.42,0.61,06/05/2024,1137,N20,VIIRS,h,2,294.81,10.52,D,0,17.1,227
49.11324,37.30203,367,0.76,0.77,06/05/2024,1138,N20,VIIRS,h,2,299.41,40.51,D,0,15.6,229
47.71689,38.74588,367,0.43,0.46,07/05/2024,937,N20,VIIRS,h,2,306.51,9.6,D,0,15.1,222
49.00047,38.20211,367,0.42,0.45,07/05/2024,938,N20,VIIRS,h,2,312.89,19.32,D,0,19.9,239
48.94166,37.91765,367,0.43,0.46,07/05/2024,938,N20,VIIRS,h,2,307.17,6.68,D,0,20.3,240
49.00846,38.17952,367,0.42,0.45,07/05/2024,938,N20,VIIRS,h,2,304.98,21.61,D,0,19.9,239
48.98406,38.00114,367,0.43,0.46,07/05/2024,938,N20,VIIRS,h,2,307.1,10.83,D,0,20.3,240
48.98273,37.99555,367,0.43,0.46,07/05/2024,938,N20,VIIRS,h,2,306.27,11.3,D,0,20.3,240
48.98403,37.98214,367,0.43,0.46,07/05/2024,938,N20,VIIRS,h,2,308.18,10.32,D,0,20.3,240
48.34042,33.84727,367,0.33,0.55,07/05/2024,938,N20,VIIRS,h,2,299.59,17.58,D,0,20,230
49.59383,37.6954,367,0.42,0.45,07/05/2024,938,N20,VIIRS,h,2,312.09,40.98,D,0,22,238
48.96165,38.57488,367,0.4,0.45,07/05/2024,938,N20,VIIRS,h,2,344.08,45.92,D,0,18.5,240
48.95777,38.57697,367,0.4,0.45,07/05/2024,938,N20,VIIRS,h,2,309.99,45.92,D,0,18.5,240
47.03228,33.39509,367,0.38,0.59,07/05/2024,938,N20,VIIRS,h,2,303.83,5.69,D,0,19.1,217
49.00909,38.16856,367,0.51,0.66,07/05/2024,1118,N20,VIIRS,h,2,301.23,8.62,D,0,19.9,239
48.93231,37.84948,367,0.49,0.65,07/05/2024,1118,N20,VIIRS,h,2,302.07,42.11,D,0,20.8,239
48.94527,37.91806,367,0.49,0.65,07/05/2024,1118,N20,VIIRS,h,2,306.12,10.17,D,0,20.3,240
48.95828,38.67614,367,0.53,0.67,07/05/2024,1118,N20,VIIRS,h,2,298.88,91.85,D,0,18.7,239
48.95767,38.58001,367,0.53,0.67,07/05/2024,1118,N20,VIIRS,h,2,304.91,15.13,D,0,18.5,240
48.95763,38.57269,367,0.53,0.67,07/05/2024,1118,N20,VIIRS,h,2,304.89,14.76,D,0,18.5,240
48.95419,38.16896,367,0.51,0.66,07/05/2024,1118,N20,VIIRS,h,2,311.52,30.03,D,0,19.6,240
48.96032,38.16877,367,0.51,0.66,07/05/2024,1118,N20,VIIRS,h,2,310.62,30.03,D,0,19.6,240
48.96645,38.16867,367,0.51,0.66,07/05/2024,1118,N20,VIIRS,h,2,304.85,12.24,D,0,19.6,240
48.97713,38.03513,367,0.5,0.66,07/05/2024,1118,N20,VIIRS,h,2,301.6,7.57,D,0,20.2,239
48.9841,38.10497,367,0.5,0.66,07/05/2024,1118,N20,VIIRS,h,2,302.97,7.75,D,0,19.6,240
48.94614,37.91856,367,0.49,0.65,07/05/2024,1118,N20,VIIRS,h,2,304.55,23.58,D,0,20.3,240
48.9554,38.57383,367,0.53,0.67,07/05/2024,1118,N20,VIIRS,h,2,300.02,17.66,D,0,18.5,240
48.95387,38.16969,367,0.51,0.66,07/05/2024,1118,N20,VIIRS,h,2,306.4,35.21,D,0,19.6,240
48.96183,38.67728,367,0.53,0.67,07/05/2024,1118,N20,VIIRS,h,2,306.44,98.37,D,0,18.7,239
48.96166,38.58118,367,0.53,0.67,07/05/2024,1118,N20,VIIRS,h,2,302.56,14.18,D,0,18.5,240
48.96164,38.57383,367,0.53,0.67,07/05/2024,1118,N20,VIIRS,h,2,305.68,14.18,D,0,18.5,240
48.96001,38.16948,367,0.51,0.66,07/05/2024,1118,N20,VIIRS,h,2,305.85,24.94,D,0,19.6,240
48.96614,38.16935,367,0.51,0.66,07/05/2024,1118,N20,VIIRS,h,2,304.02,24.94,D,0,19.6,240
48.97746,38.0356,367,0.5,0.66,07/05/2024,1118,N20,VIIRS,h,2,301.58,15.34,D,0,20.2,239
48.9841,38.10549,367,0.5,0.66,07/05/2024,1118,N20,VIIRS,h,2,302.25,6.94,D,0,19.6,240
48.99098,38.21167,367,0.51,0.66,07/05/2024,1118,N20,VIIRS,h,2,300.06,9.08,D,0,19.9,239
48.99074,38.17597,367,0.51,0.66,07/05/2024,1118,N20,VIIRS,h,2,302.68,9.38,D,0,19.9,239
48.98931,37.9937,367,0.5,0.66,07/05/2024,1118,N20,VIIRS,h,2,296.77,11.2,D,0,20.3,240
48.98925,37.98699,367,0.5,0.66,07/05/2024,1118,N20,VIIRS,h,2,301.21,11.2,D,0,20.3,240
48.99698,38.1901,367,0.51,0.66,07/05/2024,1118,N20,VIIRS,h,2,302.28,14.08,D,0,19.9,239
49.00328,38.21148,367,0.51,0.66,07/05/2024,1118,N20,VIIRS,h,2,303.63,29.91,D,0,19.9,239
49.00307,38.18284,367,0.51,0.66,07/05/2024,1118,N20,VIIRS,h,2,307.46,14.08,D,0,19.9,239
49.00301,38.17572,367,0.51,0.66,07/05/2024,1118,N20,VIIRS,h,2,308.71,16.13,D,0,19.9,239
49.0092,38.18272,367,0.51,0.66,07/05/2024,1118,N20,VIIRS,h,2,301.23,7.68,D,0,19.9,239
49.00845,38.09079,367,0.5,0.66,07/05/2024,1118,N20,VIIRS,h,2,299.32,7.06,D,0,19.6,240
46.81224,34.14194,367,0.63,0.54,07/05/2024,1118,N20,VIIRS,h,2,304.72,18.44,D,0,17.7,225
47.36713,37.31415,367,0.45,0.63,07/05/2024,1118,N20,VIIRS,h,2,298.9,18.89,D,0,14.9,240
47.71729,38.74768,367,0.53,0.67,07/05/2024,1118,N20,VIIRS,h,2,298.49,16.01,D,0,15.1,222
47.87495,37.92205,367,0.49,0.65,07/05/2024,1118,N20,VIIRS,h,2,299.98,7.42,D,0,15.1,239
48.84342,38.97073,367,0.55,0.68,07/05/2024,1118,N20,VIIRS,h,2,299.24,21.45,D,0,17.6,237
48.84979,38.97919,367,0.55,0.68,07/05/2024,1118,N20,VIIRS,h,2,301.07,28.39,D,0,17.6,237
48.84974,38.96249,367,0.55,0.68,07/05/2024,1118,N20,VIIRS,h,2,306.61,21.45,D,0,17.6,237
48.85619,38.99392,367,0.55,0.68,07/05/2024,1118,N20,VIIRS,h,2,293.82,34.42,D,0,17.6,237
48.87586,38.25306,367,0.51,0.66,07/05/2024,1118,N20,VIIRS,h,2,300.23,10.15,D,0,19.7,237
48.84545,38.96971,367,0.55,0.68,07/05/2024,1118,N20,VIIRS,h,2,304.57,44.99,D,0,17.6,237
48.84546,38.96162,367,0.55,0.68,07/05/2024,1118,N20,VIIRS,h,2,306.22,17.54,D,0,17.6,237
48.85177,38.98614,367,0.55,0.68,07/05/2024,1118,N20,VIIRS,h,2,295.04,40.12,D,0,17.6,237
48.8518,38.96157,367,0.55,0.68,07/05/2024,1118,N20,VIIRS,h,2,302.29,17.54,D,0,17.6,237
48.85812,38.99297,367,0.55,0.68,07/05/2024,1118,N20,VIIRS,h,2,293.52,30.67,D,0,17.6,237
48.85813,38.97834,367,0.55,0.68,07/05/2024,1118,N20,VIIRS,h,2,296.46,22.11,D,0,17.6,237
48.87497,38.2516,367,0.51,0.66,07/05/2024,1118,N20,VIIRS,h,2,300.32,12.69,D,0,19.7,237
48.90886,37.91896,367,0.49,0.65,07/05/2024,1118,N20,VIIRS,h,2,305.21,23.39,D,0,20.9,240
49.59222,37.69239,367,0.48,0.65,07/05/2024,1119,N20,VIIRS,h,2,300.75,9.45,D,0,22,238
49.6824,37.67093,367,0.48,0.65,07/05/2024,1119,N20,VIIRS,h,2,293.32,10.78,D,0,21.5,239
49.69427,37.65713,367,0.48,0.65,07/05/2024,1119,N20,VIIRS,h,2,290.17,7.15,D,0,21.5,239
49.67782,37.66933,367,0.48,0.65,07/05/2024,1119,N20,VIIRS,h,2,298.64,14.27,D,0,21.5,239
49.59054,37.68866,367,0.48,0.65,07/05/2024,1119,N20,VIIRS,h,2,297.14,6.46,D,0,22,238
49.69578,37.6554,367,0.48,0.65,07/05/2024,1119,N20,VIIRS,h,2,291.91,15.08,D,0,21.5,239
49.3953,37.59211,367,0.48,0.65,07/05/2024,1119,N20,VIIRS,h,2,300.62,22.84,D,0,22.1,238
48.95522,38.57758,367,0.32,0.54,08/05/2024,919,N20,VIIRS,h,2,296.34,4.8,D,0,14.9,339
48.95746,38.58564,367,0.32,0.54,08/05/2024,919,N20,VIIRS,h,2,302.77,13.11,D,0,14.9,339
50.00048,34.275,367,0.44,0.63,08/05/2024,920,N20,VIIRS,h,2,296.27,12.37,D,0,14.9,349
48.95251,38.57496,367,0.32,0.54,08/05/2024,1059,N20,VIIRS,h,2,302.19,10.16,D,0,14.9,339
48.95291,38.58377,367,0.32,0.55,08/05/2024,1059,N20,VIIRS,h,2,307.36,20.93,D,0,14.9,339
48.95311,38.5882,367,0.32,0.55,08/05/2024,1059,N20,VIIRS,h,2,300.42,20.93,D,0,14.9,339
48.84549,39.00906,367,0.33,0.56,08/05/2024,1059,N20,VIIRS,h,2,294.19,7.76,D,0,15.2,340
48.95776,38.57887,367,0.32,0.54,08/05/2024,1059,N20,VIIRS,h,2,307.97,10.16,D,0,14.9,339
48.95816,38.58774,367,0.32,0.55,08/05/2024,1059,N20,VIIRS,h,2,317.28,20.93,D,0,14.9,339
48.9681,37.84581,367,0.54,0.68,09/05/2024,900,N20,VIIRS,h,2,294.03,10.87,D,0,10.6,347
48.93782,38.58228,367,0.77,0.78,10/05/2024,842,N20,VIIRS,h,2,294.45,19.31,D,0,6.6,296
48.74258,39.20443,367,0.42,0.38,10/05/2024,1021,N20,VIIRS,h,2,315.62,13.71,D,0,6.2,315
46.40097,32.40889,367,0.52,0.67,11/05/2024,1143,N20,VIIRS,h,2,303.68,16.41,D,0,9.4,335
46.40718,32.40877,367,0.52,0.67,11/05/2024,1143,N20,VIIRS,h,2,298.4,16.41,D,0,9.4,335
46.40517,32.41053,367,0.53,0.67,11/05/2024,1143,N20,VIIRS,h,2,300.44,25.38,D,0,9.4,335
46.67954,33.37381,367,0.33,0.56,12/05/2024,944,N20,VIIRS,h,2,298.55,5.92,D,0,16.6,7
46.66395,33.11853,367,0.34,0.56,12/05/2024,944,N20,VIIRS,h,2,298.54,9.54,D,0,16.5,8
46.58494,32.73647,367,0.36,0.57,12/05/2024,944,N20,VIIRS,h,2,296.4,9.57,D,0,15.4,12
46.6646,33.17948,367,0.34,0.56,12/05/2024,1124,N20,VIIRS,h,2,305,9.11,D,0,17.4,6
46.63219,32.95739,367,0.33,0.55,12/05/2024,1124,N20,VIIRS,h,2,300.84,4.4,D,0,16.3,9
49.07672,38.19817,367,0.36,0.58,13/05/2024,1106,N20,VIIRS,h,2,293.63,6.11,D,0,13.7,71
49.07871,38.19719,367,0.36,0.58,13/05/2024,1106,N20,VIIRS,h,2,296.33,9.36,D,0,13.7,71
50.23516,36.37696,367,0.41,0.6,15/05/2024,2241,N20,VIIRS,h,2,274.62,6.38,N,0,15,65
47.45995,34.73682,367,0.48,0.65,17/05/2024,1130,N20,VIIRS,h,2,296.97,7.73,D,0,9.9,255
51.10193,34.84893,367,0.45,0.63,19/05/2024,913,N20,VIIRS,h,2,302.37,13.69,D,0,6.7,80
51.10024,34.85008,367,0.45,0.63,19/05/2024,913,N20,VIIRS,h,2,302.42,6.81,D,0,6.7,80
47.86703,33.4362,367,0.66,0.73,19/05/2024,913,N20,VIIRS,h,2,294.98,10.6,D,2,8.8,281
48.46296,38.77237,367,0.62,0.71,20/05/2024,47,N20,VIIRS,h,2,280.16,6.66,N,2,7.1,106
48.46306,38.77293,367,0.62,0.71,20/05/2024,47,N20,VIIRS,h,2,280.48,12.22,N,2,7.1,106
46.41718,32.40882,367,0.44,0.62,22/05/2024,1136,N20,VIIRS,h,2,308.67,35.68,D,0,12.9,101
46.4224,32.61347,367,0.45,0.63,22/05/2024,1136,N20,VIIRS,h,2,297.33,68.53,D,0,12.8,100
46.41642,32.60779,367,0.45,0.63,22/05/2024,1136,N20,VIIRS,h,2,305.26,20.25,D,0,12.8,100
46.41657,32.61371,367,0.45,0.63,22/05/2024,1136,N20,VIIRS,h,2,310.11,20.25,D,0,12.8,100
46.41672,32.61966,367,0.45,0.63,22/05/2024,1136,N20,VIIRS,h,2,301.82,14.8,D,0,12.8,100
46.68071,33.12577,367,0.47,0.64,22/05/2024,1136,N20,VIIRS,h,2,294.42,10,D,0,12.5,91
46.67484,33.13229,367,0.47,0.64,22/05/2024,1136,N20,VIIRS,h,2,297.18,10,D,0,12.5,91
46.6781,33.12604,367,0.47,0.64,22/05/2024,1136,N20,VIIRS,h,2,299.2,19.79,D,0,12.5,91
46.67824,33.13234,367,0.47,0.64,22/05/2024,1136,N20,VIIRS,h,2,298.04,15.17,D,0,12.5,91
48.33943,39.10363,367,0.4,0.44,23/05/2024,937,N20,VIIRS,h,2,306.58,8.84,D,0,12.2,83
46.42382,32.55646,367,0.44,0.62,23/05/2024,937,N20,VIIRS,h,2,299.96,4.56,D,0,13.8,82
46.42669,32.55534,367,0.44,0.62,23/05/2024,937,N20,VIIRS,h,2,301.45,10.4,D,0,13.8,82
46.8724,34.17763,367,0.36,0.57,23/05/2024,937,N20,VIIRS,h,2,305.97,24.89,D,0,14.1,87
46.8675,34.18059,367,0.36,0.57,23/05/2024,937,N20,VIIRS,h,2,309.55,8.81,D,0,14.1,87
46.86874,34.18496,367,0.36,0.57,23/05/2024,937,N20,VIIRS,h,2,303.94,8.81,D,0,14.1,87
47.52362,34.6017,367,0.33,0.55,23/05/2024,937,N20,VIIRS,h,2,314.01,14.24,D,0,15.6,75
47.52929,34.62198,367,0.33,0.55,23/05/2024,937,N20,VIIRS,h,2,313.86,13.49,D,0,15.6,75
47.53042,34.62603,367,0.33,0.55,23/05/2024,937,N20,VIIRS,h,2,303.53,12.61,D,0,15.6,75
47.5189,34.6046,367,0.33,0.55,23/05/2024,937,N20,VIIRS,h,2,311.26,10.77,D,3,15.6,75
47.52457,34.62488,367,0.33,0.55,23/05/2024,937,N20,VIIRS,h,2,303.97,6.95,D,0,15.6,75
48.53225,35.9482,367,0.54,0.51,23/05/2024,937,N20,VIIRS,h,2,307.82,30.08,D,0,13.1,66
48.53286,35.94732,367,0.54,0.51,23/05/2024,937,N20,VIIRS,h,2,307.14,12.24,D,0,13.1,66
51.04125,30.70723,367,0.37,0.58,23/05/2024,938,N20,VIIRS,h,2,300.36,7.34,D,0,13,90
46.70628,32.9062,367,0.55,0.51,23/05/2024,1117,N20,VIIRS,h,2,304.05,13.22,D,0,14.2,79
46.57571,32.7851,367,0.54,0.51,23/05/2024,1117,N20,VIIRS,h,2,317.57,14.43,D,0,13.9,82
47.51983,34.60171,367,0.33,0.56,23/05/2024,1117,N20,VIIRS,h,2,317.59,6.81,D,0,15.6,75
47.80824,37.19269,367,0.45,0.63,23/05/2024,1118,N20,VIIRS,h,2,305.02,23.93,D,0,12.6,84
47.81394,37.18629,367,0.45,0.63,23/05/2024,1118,N20,VIIRS,h,2,301.43,9.68,D,0,12.6,84
47.80899,37.19217,367,0.45,0.63,23/05/2024,1118,N20,VIIRS,h,2,307.75,54.78,D,0,12.6,84
47.53268,34.6241,367,0.34,0.56,23/05/2024,1118,N20,VIIRS,h,2,310.5,29.79,D,0,15.6,75
47.52751,34.62455,367,0.34,0.56,23/05/2024,1118,N20,VIIRS,h,2,313.52,29.79,D,0,15.6,75
48.53331,35.94601,367,0.39,0.6,23/05/2024,1118,N20,VIIRS,h,2,298.68,9.03,D,0,13.1,66
48.3396,35.10442,367,0.36,0.57,23/05/2024,1118,N20,VIIRS,h,2,304.99,4.9,D,0,12.5,65
51.04199,30.70302,367,0.48,0.48,23/05/2024,1119,N20,VIIRS,h,2,309.57,16.79,D,0,13,90
48.98129,38.03967,367,0.34,0.56,24/05/2024,918,N20,VIIRS,h,2,303.06,7.52,D,0,20.8,75
48.84547,37.31602,367,0.37,0.58,24/05/2024,918,N20,VIIRS,h,2,297.18,21.18,D,0,22.2,76
48.84151,38.93245,367,0.63,0.54,24/05/2024,918,N20,VIIRS,h,2,300.02,27.83,D,0,21.4,76
48.83928,38.92438,367,0.63,0.54,24/05/2024,918,N20,VIIRS,h,2,303.08,27.83,D,0,21.4,76
48.96396,38.18909,367,0.33,0.56,24/05/2024,918,N20,VIIRS,h,2,307.06,12.42,D,0,20.6,76
48.95307,38.1508,367,0.33,0.56,24/05/2024,918,N20,VIIRS,h,2,303.4,5.15,D,0,20.6,76
48.98294,38.21654,367,0.33,0.55,24/05/2024,918,N20,VIIRS,h,2,301.56,10.17,D,0,20.8,76
48.97578,38.1913,367,0.33,0.55,24/05/2024,918,N20,VIIRS,h,2,308.8,22.39,D,0,20.6,76
48.9805,38.18819,367,0.33,0.55,24/05/2024,918,N20,VIIRS,h,2,307.17,11.47,D,0,20.6,76
48.97926,38.16407,367,0.33,0.56,24/05/2024,918,N20,VIIRS,h,2,304.36,5.95,D,0,20.6,76
48.97686,38.15561,367,0.33,0.56,24/05/2024,918,N20,VIIRS,h,2,303.4,4.24,D,0,20.6,76
49.00237,38.15187,367,0.33,0.56,24/05/2024,918,N20,VIIRS,h,2,302.9,6.06,D,0,20.6,76
46.53451,33.10262,367,0.66,0.73,24/05/2024,918,N20,VIIRS,h,2,297.98,17.47,D,0,18.1,67
46.5405,33.09808,367,0.66,0.73,24/05/2024,918,N20,VIIRS,h,2,299.24,17.47,D,0,18.1,67
46.72658,33.24881,367,0.64,0.72,24/05/2024,918,N20,VIIRS,h,2,297.23,16.41,D,0,17.7,62
46.55642,32.72113,367,0.68,0.74,24/05/2024,918,N20,VIIRS,h,2,300.34,12.47,D,0,16.8,65
46.72639,33.25174,367,0.64,0.72,24/05/2024,918,N20,VIIRS,h,2,297.39,20.31,D,0,17.7,62
46.56011,32.72196,367,0.68,0.74,24/05/2024,918,N20,VIIRS,h,2,302.15,15.04,D,0,16.8,65
48.45668,38.11805,367,0.35,0.57,24/05/2024,918,N20,VIIRS,h,2,303.1,9.43,D,0,19.5,76
49.01831,37.7468,367,0.35,0.56,24/05/2024,919,N20,VIIRS,h,2,299.23,4.11,D,0,20.9,76
49.43672,37.62111,367,0.34,0.56,24/05/2024,919,N20,VIIRS,h,2,298.41,6.88,D,0,20.3,77
49.31911,37.9423,367,0.33,0.55,24/05/2024,919,N20,VIIRS,h,2,308.29,8.37,D,0,21.6,79
49.39017,37.56778,367,0.34,0.56,24/05/2024,919,N20,VIIRS,h,2,300.22,15.61,D,0,20.4,76
49.41417,37.57218,367,0.34,0.56,24/05/2024,919,N20,VIIRS,h,2,297.04,18,D,0,20.4,76
49.44682,37.6558,367,0.34,0.56,24/05/2024,919,N20,VIIRS,h,2,301.93,19.31,D,0,20.3,77
49.44852,37.65275,367,0.34,0.56,24/05/2024,919,N20,VIIRS,h,2,302.99,15.87,D,0,20.3,77
49.41079,37.57126,367,0.34,0.56,24/05/2024,919,N20,VIIRS,h,2,305.31,13.16,D,0,20.4,76
49.41551,37.56791,367,0.34,0.56,24/05/2024,919,N20,VIIRS,h,2,297.4,13.16,D,3,20.4,76
49.44255,37.65163,367,0.34,0.56,24/05/2024,919,N20,VIIRS,h,2,302.73,19.82,D,0,20.3,77
49.16026,37.4937,367,0.35,0.57,24/05/2024,919,N20,VIIRS,h,2,301.46,11.95,D,0,20.6,79
49.27737,37.92757,367,0.33,0.56,24/05/2024,919,N20,VIIRS,h,2,303.12,5.16,D,0,22.4,79
49.82862,37.70702,367,0.33,0.55,24/05/2024,919,N20,VIIRS,h,2,299.36,7.36,D,0,19.8,73
46.53371,33.08342,367,0.51,0.41,24/05/2024,1058,N20,VIIRS,h,2,315.54,16.31,D,0,18.1,67
46.55757,32.72108,367,0.5,0.41,24/05/2024,1058,N20,VIIRS,h,2,306.86,17.45,D,0,16.8,65
48.33614,39.08834,367,0.33,0.55,24/05/2024,1059,N20,VIIRS,h,2,301.9,6.39,D,0,22.2,74
48.71078,39.48681,367,0.35,0.56,24/05/2024,1059,N20,VIIRS,h,2,312.33,23.62,D,0,20.8,76
48.82344,38.91384,367,0.33,0.55,24/05/2024,1059,N20,VIIRS,h,2,310.25,13.4,D,0,21.4,76
48.82304,38.90479,367,0.33,0.55,24/05/2024,1059,N20,VIIRS,h,2,305.83,8.12,D,0,21.4,76
48.82895,38.9227,367,0.33,0.55,24/05/2024,1059,N20,VIIRS,h,2,308.99,7.6,D,0,21.4,76
48.82812,38.90403,367,0.33,0.55,24/05/2024,1059,N20,VIIRS,h,2,313.51,20.07,D,0,21.4,76
49.16003,37.48661,367,0.57,0.52,24/05/2024,1059,N20,VIIRS,h,2,312.59,32.09,D,0,20.6,79
48.83384,38.91756,367,0.33,0.55,24/05/2024,1059,N20,VIIRS,h,2,315.29,17.52,D,0,21.4,76
48.83994,38.93954,367,0.33,0.55,24/05/2024,1059,N20,VIIRS,h,2,303.13,6.98,D,0,21.4,76
48.83974,38.93515,367,0.33,0.55,24/05/2024,1059,N20,VIIRS,h,2,304.14,7.49,D,0,21.4,76
48.83955,38.93071,367,0.33,0.55,24/05/2024,1059,N20,VIIRS,h,2,303.22,7.49,D,0,21.4,76
48.83874,38.91253,367,0.33,0.55,24/05/2024,1059,N20,VIIRS,h,2,301.17,9.23,D,0,21.4,76
48.96645,38.22983,367,0.61,0.53,24/05/2024,1059,N20,VIIRS,h,2,310.19,13.51,D,0,20.8,76
48.83863,38.86596,367,0.44,0.39,24/05/2024,2313,N20,VIIRS,h,2,294.65,8.02,N,0,21.4,76
48.83315,39.29995,367,0.48,0.64,25/05/2024,900,N20,VIIRS,h,2,299.59,9.91,D,0,19.3,84
48.83212,39.3008,367,0.48,0.64,25/05/2024,900,N20,VIIRS,h,2,301.39,19.29,D,0,19.3,84
48.84182,38.92106,367,0.49,0.65,25/05/2024,900,N20,VIIRS,h,2,297.31,17.64,D,0,19,83
48.83986,38.91506,367,0.49,0.65,25/05/2024,900,N20,VIIRS,h,2,301.42,13.35,D,0,19,83
48.84333,38.90499,367,0.49,0.65,25/05/2024,900,N20,VIIRS,h,2,303.01,13.35,D,0,19,83
48.84652,38.87335,367,0.5,0.66,25/05/2024,900,N20,VIIRS,h,2,292.89,6.78,D,0,19,83
48.84051,38.85493,367,0.5,0.66,25/05/2024,900,N20,VIIRS,h,2,304.3,23.52,D,0,19,83
48.8423,38.87176,367,0.5,0.65,25/05/2024,900,N20,VIIRS,h,2,301.4,13.92,D,0,19,83
48.8382,38.85944,367,0.5,0.66,25/05/2024,900,N20,VIIRS,h,2,301.53,14.68,D,0,19,83
48.83613,38.85323,367,0.5,0.66,25/05/2024,900,N20,VIIRS,h,2,302.85,14.68,D,0,19,83
48.84372,38.85561,367,0.5,0.66,25/05/2024,900,N20,VIIRS,h,2,296.32,20.92,D,0,19,83
48.84164,38.84936,367,0.5,0.66,25/05/2024,900,N20,VIIRS,h,2,305.15,20.92,D,0,19,83
48.84508,38.83924,367,0.5,0.66,25/05/2024,900,N20,VIIRS,h,2,290.9,30.05,D,0,19,86
49.00181,38.55526,367,0.5,0.66,25/05/2024,900,N20,VIIRS,h,2,304.52,7.72,D,0,17.6,86
49.01689,38.55942,367,0.5,0.66,25/05/2024,900,N20,VIIRS,h,2,302,18.46,D,0,17.6,86
49.0139,38.52992,367,0.51,0.66,25/05/2024,900,N20,VIIRS,h,2,297.9,5.98,D,0,17,85
48.95206,37.82557,367,0.54,0.68,25/05/2024,900,N20,VIIRS,h,2,299.86,13.09,D,0,17.5,82
48.95102,37.82593,367,0.54,0.68,25/05/2024,900,N20,VIIRS,h,2,299.05,9.34,D,0,17.5,82
49.52089,39.16877,367,0.46,0.63,25/05/2024,900,N20,VIIRS,h,2,304.39,7.52,D,0,15.6,87
49.14342,37.48354,367,0.55,0.68,25/05/2024,900,N20,VIIRS,h,2,302.29,8.63,D,0,16.2,82
49.1694,37.49688,367,0.55,0.68,25/05/2024,900,N20,VIIRS,h,2,299.85,12.91,D,0,17.3,81
50.39408,35.82784,367,0.58,0.69,25/05/2024,900,N20,VIIRS,h,2,298.06,14.62,D,0,14.9,92
50.19175,36.86055,367,0.53,0.67,25/05/2024,900,N20,VIIRS,h,2,300.03,25.66,D,0,14.6,88
49.17431,37.49444,367,0.55,0.68,25/05/2024,900,N20,VIIRS,h,2,298.49,11.49,D,0,17.3,81
49.1587,37.44489,367,0.55,0.68,25/05/2024,900,N20,VIIRS,h,2,299.92,24.29,D,0,17.6,81
47.10018,35.48124,367,0.43,0.38,25/05/2024,1039,N20,VIIRS,h,2,309.74,12.58,D,0,21.4,68
50.06783,31.06907,367,0.38,0.36,25/05/2024,1040,N20,VIIRS,h,2,310.4,16.88,D,0,13,100
49.00266,38.54838,367,0.39,0.44,25/05/2024,1040,N20,VIIRS,h,2,317.5,16.64,D,0,17.6,86
48.84457,38.8127,367,0.4,0.44,25/05/2024,1040,N20,VIIRS,h,2,294.76,38.06,D,0,19,86
48.8419,38.82972,367,0.4,0.44,25/05/2024,1040,N20,VIIRS,h,2,335.59,65,D,0,19,86
48.84329,38.84595,367,0.4,0.44,25/05/2024,1040,N20,VIIRS,h,2,312.03,11.66,D,0,19,83
48.84375,38.85138,367,0.4,0.44,25/05/2024,1040,N20,VIIRS,h,2,305.66,11.66,D,0,19,83
48.84422,38.8568,367,0.4,0.44,25/05/2024,1040,N20,VIIRS,h,2,302.48,8.76,D,0,19,83
48.84515,38.86774,367,0.4,0.44,25/05/2024,1040,N20,VIIRS,h,2,303.91,11.28,D,0,19,83
48.83397,39.28941,367,0.41,0.45,25/05/2024,1040,N20,VIIRS,h,2,313.46,14.56,D,0,19.4,85
48.83037,39.31462,367,0.42,0.45,25/05/2024,1040,N20,VIIRS,h,2,310.18,5.79,D,0,19.3,84
48.74233,39.11374,367,0.41,0.45,25/05/2024,1040,N20,VIIRS,h,2,309.57,14.83,D,0,17.9,82
47.59513,34.29272,367,0.41,0.37,25/05/2024,1040,N20,VIIRS,h,2,328.59,64.74,D,0,20.7,72
47.86368,33.44643,367,0.39,0.59,25/05/2024,2254,N20,VIIRS,h,2,283.34,8.28,N,0,16.5,71
48.72551,39.08125,367,0.76,0.77,26/05/2024,841,N20,VIIRS,h,2,299.56,25.5,D,0,15.5,82
48.72419,39.04789,367,0.42,0.38,26/05/2024,1021,N20,VIIRS,h,2,326.17,43.53,D,0,15.5,82
48.72632,39.06482,367,0.42,0.38,26/05/2024,1021,N20,VIIRS,h,2,333.54,32.95,D,0,15.5,82
48.72561,39.05917,367,0.42,0.38,26/05/2024,1021,N20,VIIRS,h,2,356.41,179.67,D,0,15.5,82
48.7286,39.1112,367,0.42,0.38,26/05/2024,1021,N20,VIIRS,h,2,328.48,82.75,D,0,15,79
48.72931,39.11689,367,0.42,0.38,26/05/2024,1021,N20,VIIRS,h,2,338.54,82.75,D,0,15,79
51.06784,23.94772,367,0.37,0.58,26/05/2024,1203,N20,VIIRS,h,2,301.4,6.22,D,0,10.5,116
51.06971,23.94722,367,0.37,0.58,26/05/2024,1203,N20,VIIRS,h,2,303.74,12.32,D,0,10.5,116
48.77481,38.86031,367,0.53,0.42,28/05/2024,943,N20,VIIRS,h,2,358.84,0,D,0,17.4,94
48.77335,38.85342,367,0.53,0.42,28/05/2024,943,N20,VIIRS,h,2,346.14,0,D,0,17.4,94
48.7785,38.85855,367,0.53,0.42,28/05/2024,943,N20,VIIRS,h,2,348.31,0,D,0,17.4,94
48.78072,38.84991,367,0.53,0.42,28/05/2024,943,N20,VIIRS,h,2,356.97,235.23,D,0,17.4,94
50.16213,36.86986,367,0.39,0.44,28/05/2024,944,N20,VIIRS,h,2,335.64,101.64,D,0,13.2,100
50.16712,36.87289,367,0.39,0.44,28/05/2024,944,N20,VIIRS,h,2,342.71,60.09,D,0,13.2,100
50.16593,36.86774,367,0.39,0.44,28/05/2024,944,N20,VIIRS,h,2,341.69,101.64,D,0,13.2,100
50.16474,36.86256,367,0.39,0.44,28/05/2024,944,N20,VIIRS,h,2,356.46,101.64,D,0,13.2,100
49.19841,37.17718,367,0.53,0.67,28/05/2024,1124,N20,VIIRS,h,2,302.04,23.35,D,0,17,90
49.19204,37.16234,367,0.53,0.67,28/05/2024,1124,N20,VIIRS,h,2,304.53,28.21,D,0,17,90
49.19209,37.16974,367,0.53,0.67,28/05/2024,1124,N20,VIIRS,h,2,312.52,28.21,D,0,17,90
49.06335,38.26638,367,0.6,0.7,28/05/2024,1124,N20,VIIRS,h,2,294.56,8.85,D,0,16,95
49.06488,38.26716,367,0.6,0.7,28/05/2024,1124,N20,VIIRS,h,2,297.27,15.71,D,0,16,95
49.03095,38.47667,367,0.61,0.71,28/05/2024,1124,N20,VIIRS,h,2,295.3,17.32,D,0,16.3,95
48.96312,37.67522,367,0.56,0.69,28/05/2024,1124,N20,VIIRS,h,2,301.42,29.28,D,0,16.3,91
48.96806,37.67344,367,0.56,0.69,28/05/2024,1124,N20,VIIRS,h,2,291.42,18.44,D,0,16.3,91
48.96167,37.67367,367,0.56,0.69,28/05/2024,1124,N20,VIIRS,h,2,302.4,18.44,D,0,16.3,91
48.78102,38.87212,367,0.63,0.72,28/05/2024,1124,N20,VIIRS,h,2,297.1,73.15,D,0,17.4,94
48.78509,38.86044,367,0.63,0.72,28/05/2024,1124,N20,VIIRS,h,2,293.12,73.5,D,0,17.4,94
48.77855,38.83411,367,0.63,0.72,28/05/2024,1124,N20,VIIRS,h,2,331.24,314.02,D,0,17.4,94
48.77156,38.87839,367,0.63,0.72,28/05/2024,1124,N20,VIIRS,h,2,301.55,62.32,D,0,17.4,94
48.69621,39.02658,367,0.64,0.72,28/05/2024,1124,N20,VIIRS,h,2,295.35,13.89,D,0,17.8,95
49.19576,37.17825,367,0.53,0.67,28/05/2024,1124,N20,VIIRS,h,2,309.92,39.75,D,0,16.8,91
49.18948,37.17084,367,0.53,0.67,28/05/2024,1124,N20,VIIRS,h,2,308.48,20.77,D,0,16.8,91
49.1895,37.1783,367,0.53,0.67,28/05/2024,1124,N20,VIIRS,h,2,309.06,20.77,D,0,16.8,91
49.19835,37.16973,367,0.53,0.67,28/05/2024,1124,N20,VIIRS,h,2,299.76,28.21,D,0,17,90
48.79626,38.82257,367,0.55,0.51,29/05/2024,924,N20,VIIRS,h,2,329.37,126.78,D,0,18.1,105
48.79801,38.82175,367,0.55,0.51,29/05/2024,924,N20,VIIRS,h,2,332.07,128.75,D,0,18.1,105
48.802,38.78672,367,0.55,0.51,29/05/2024,924,N20,VIIRS,h,2,327.08,288.78,D,0,17.6,105
48.79319,38.79183,367,0.55,0.51,29/05/2024,924,N20,VIIRS,h,2,294.05,15.2,D,0,17.6,105
50.29216,37.12693,367,0.33,0.55,29/05/2024,1105,N20,VIIRS,h,2,295.39,4.99,D,0,15.2,97
49.00691,38.22578,367,0.45,0.63,30/05/2024,906,N20,VIIRS,h,2,293.67,6.57,D,0,7.2,180
49.00285,38.22858,367,0.45,0.63,30/05/2024,906,N20,VIIRS,h,2,294.87,11.81,D,0,6.9,185
49.8092,37.7292,367,0.44,0.63,30/05/2024,906,N20,VIIRS,h,2,297.67,11.02,D,0,9,198
50.25072,36.91466,367,0.46,0.64,30/05/2024,906,N20,VIIRS,h,2,298.31,10.77,D,0,11,184
50.25112,36.91472,367,0.46,0.64,30/05/2024,906,N20,VIIRS,h,2,297.25,11.43,D,0,11,184
50.29772,36.93584,367,0.46,0.63,30/05/2024,906,N20,VIIRS,h,2,295.97,7.38,D,0,11,184
48.78444,38.78302,367,0.43,0.62,30/05/2024,906,N20,VIIRS,h,2,301.47,16.92,D,0,6.5,173
49.86865,37.77356,367,0.44,0.62,30/05/2024,906,N20,VIIRS,h,2,299.35,22.41,D,0,9,198
48.95018,38.62222,367,0.44,0.62,30/05/2024,906,N20,VIIRS,h,2,296.3,9.74,D,0,6.5,174
46.38042,32.83285,367,0.38,0.44,01/06/2024,1008,N20,VIIRS,h,2,335.55,43.07,D,0,11.9,195
46.3796,32.83218,367,0.64,0.72,01/06/2024,1148,N20,VIIRS,h,2,299.89,47.66,D,0,11.9,195
46.37286,32.83192,367,0.64,0.72,01/06/2024,1148,N20,VIIRS,h,2,297.23,24.63,D,0,11.9,195
46.36807,32.82766,367,0.64,0.72,01/06/2024,1149,N20,VIIRS,h,2,297.56,30.8,D,0,11.9,195
46.37474,32.83638,367,0.64,0.72,01/06/2024,1149,N20,VIIRS,h,2,297.49,34.91,D,0,11.9,195
46.37481,32.82785,367,0.64,0.72,01/06/2024,1149,N20,VIIRS,h,2,298.46,33.17,D,0,11.9,195
46.38149,32.83661,367,0.64,0.72,01/06/2024,1149,N20,VIIRS,h,2,298.21,34.91,D,0,11.9,195
46.38824,32.83685,367,0.64,0.72,01/06/2024,1149,N20,VIIRS,h,2,300.43,62.1,D,0,11.9,195
46.38839,32.82119,367,0.38,0.59,02/06/2024,1129,N20,VIIRS,h,2,297.54,10.57,D,0,16.8,195
46.39383,32.82087,367,0.38,0.59,02/06/2024,1129,N20,VIIRS,h,2,297.9,6.85,D,0,16.8,195
46.40491,32.82517,367,0.38,0.59,02/06/2024,1129,N20,VIIRS,h,2,298.9,15.68,D,0,16.8,195
46.57521,32.3653,367,0.36,0.57,02/06/2024,1130,N20,VIIRS,h,2,295.93,6.49,D,0,17.3,189
46.96365,33.52701,367,0.41,0.61,02/06/2024,1130,N20,VIIRS,h,2,293.52,11.72,D,0,16.3,201
46.96348,33.5215,367,0.41,0.61,02/06/2024,1130,N20,VIIRS,h,2,294.37,10.48,D,0,16.3,201
47.44289,34.84518,367,0.48,0.65,02/06/2024,1130,N20,VIIRS,h,2,298.31,8.44,D,0,15.2,206
47.44456,34.84313,367,0.48,0.65,02/06/2024,1130,N20,VIIRS,h,2,299.27,9.23,D,0,15.2,206
48.89445,38.75233,367,0.74,0.76,02/06/2024,1130,N20,VIIRS,h,2,293.58,33.83,D,0,11.6,264
49.23766,37.07033,367,0.62,0.71,02/06/2024,1130,N20,VIIRS,h,2,306.35,43,D,0,15.4,229
49.23774,37.06168,367,0.62,0.71,02/06/2024,1130,N20,VIIRS,h,2,304.99,43,D,0,15.4,229
49.23782,37.05303,367,0.62,0.71,02/06/2024,1130,N20,VIIRS,h,2,307.33,28.46,D,0,15.4,226
49.2443,37.0706,367,0.62,0.71,02/06/2024,1130,N20,VIIRS,h,2,304.17,43,D,0,14.4,230
47.41763,35.49869,367,0.36,0.57,03/06/2024,930,N20,VIIRS,h,2,304.18,5.44,D,0,12.5,218
47.41838,35.49989,367,0.36,0.57,03/06/2024,930,N20,VIIRS,h,2,302.33,8.42,D,0,12.5,218
46.89847,33.66542,367,0.5,0.49,03/06/2024,1111,N20,VIIRS,h,2,308.82,11.76,D,0,14.9,219
48.8327,39.00547,367,0.46,0.63,03/06/2024,1111,N20,VIIRS,h,2,294.17,12.29,D,0,12.8,242
48.8326,38.99943,367,0.46,0.63,03/06/2024,1111,N20,VIIRS,h,2,297.98,17.85,D,0,12.8,242
48.8325,38.99334,367,0.46,0.63,03/06/2024,1111,N20,VIIRS,h,2,302.45,17.85,D,0,12.8,242
48.98128,37.90267,367,0.41,0.6,03/06/2024,1111,N20,VIIRS,h,2,302.85,6.72,D,0,13.8,244
47.77458,37.13166,367,0.47,0.64,04/06/2024,912,N20,VIIRS,h,2,291.1,12.2,D,0,9,225
47.77385,37.13247,367,0.47,0.64,04/06/2024,912,N20,VIIRS,h,2,290.95,12.71,D,0,9,225
46.69716,32.93398,367,0.39,0.36,05/06/2024,1033,N20,VIIRS,h,2,315.29,10.62,D,0,13.2,217
46.5133,32.79414,367,0.39,0.36,05/06/2024,1033,N20,VIIRS,h,2,366.3,57.65,D,0,11.7,230
46.5141,32.7991,367,0.39,0.36,05/06/2024,1033,N20,VIIRS,h,2,355.1,172.66,D,0,11.7,230
46.50843,32.78531,367,0.39,0.36,05/06/2024,1033,N20,VIIRS,h,2,346.87,99.58,D,0,11.7,230
46.50924,32.79028,367,0.39,0.36,05/06/2024,1033,N20,VIIRS,h,2,357.94,86.01,D,0,11.7,230
46.50517,32.78642,367,0.39,0.36,05/06/2024,1033,N20,VIIRS,h,2,360.67,99.58,D,0,11.7,230
46.40212,32.40478,367,0.39,0.36,05/06/2024,1033,N20,VIIRS,h,2,353.48,99.15,D,0,11.3,231
46.3972,32.39592,367,0.39,0.36,05/06/2024,1033,N20,VIIRS,h,2,312.02,17.52,D,0,11.3,231
46.56482,32.96503,367,0.39,0.36,05/06/2024,1033,N20,VIIRS,h,2,314.87,20.37,D,0,13.2,229
46.67252,33.12513,367,0.38,0.36,05/06/2024,1033,N20,VIIRS,h,2,336.61,51.56,D,0,13.3,220
46.87149,33.64596,367,0.45,0.63,05/06/2024,2248,N20,VIIRS,h,2,288.52,11.44,N,0,13.6,197
46.47985,32.77874,367,0.45,0.63,07/06/2024,1136,N20,VIIRS,h,2,300.76,13.28,D,0,8.8,274
46.43496,32.36713,367,0.43,0.62,07/06/2024,1136,N20,VIIRS,h,2,309.15,17.01,D,0,9.4,278
46.43511,32.37283,367,0.43,0.62,07/06/2024,1136,N20,VIIRS,h,2,304.06,19.93,D,0,9.4,278
46.42937,32.37309,367,0.43,0.62,07/06/2024,1136,N20,VIIRS,h,2,303.28,32.48,D,0,9.4,278
46.34616,32.7683,367,0.45,0.63,07/06/2024,1136,N20,VIIRS,h,2,301.55,12.84,D,0,9.5,303
47.43613,35.39756,367,0.6,0.71,07/06/2024,1136,N20,VIIRS,h,2,298.91,34.19,D,0,12.9,300
47.20823,37.76117,367,0.78,0.78,07/06/2024,1136,N20,VIIRS,h,2,297.95,19.58,D,0,15.6,298
46.84388,32.02623,367,0.42,0.61,07/06/2024,1136,N20,VIIRS,h,2,300.28,7.13,D,0,9.3,309
46.66047,32.13179,367,0.42,0.61,07/06/2024,1136,N20,VIIRS,h,2,298.45,20.36,D,0,12.5,257
46.67065,33.38247,367,0.48,0.65,07/06/2024,1136,N20,VIIRS,h,2,301.98,7.14,D,0,8.8,288
46.34032,32.7685,367,0.45,0.63,07/06/2024,1136,N20,VIIRS,h,2,299.83,12.84,D,0,9.5,303
49.25162,37.91672,367,0.43,0.46,08/06/2024,937,N20,VIIRS,h,2,303.56,7.7,D,0,9.1,324
47.41063,35.60321,367,0.37,0.58,08/06/2024,1117,N20,VIIRS,h,2,299.63,5.85,D,0,8.5,325
49.83683,37.7216,367,0.48,0.64,08/06/2024,1117,N20,VIIRS,h,2,302.55,58.29,D,0,8.8,313
48.92249,38.63873,367,0.52,0.67,08/06/2024,1117,N20,VIIRS,h,2,298.47,98.94,D,0,7.9,325
47.4112,35.61797,367,0.37,0.58,08/06/2024,1117,N20,VIIRS,h,2,302.68,21.7,D,0,8.5,325
46.69225,33.41617,367,0.64,0.72,09/06/2024,918,N20,VIIRS,h,2,297.35,10.98,D,0,7.3,304
45.10624,35.34724,367,0.4,0.45,09/06/2024,1057,N20,VIIRS,h,2,307.22,10.61,D,0,9.3,316
48.92656,38.62783,367,0.51,0.66,10/06/2024,859,N20,VIIRS,h,2,305.96,107.38,D,0,8.1,174
48.89921,38.64893,367,0.51,0.66,10/06/2024,859,N20,VIIRS,h,2,301.77,14.02,D,0,8.1,174
46.74573,33.23576,367,0.39,0.36,10/06/2024,1039,N20,VIIRS,h,2,306.72,11.83,D,0,10.6,204
46.53568,32.6143,367,0.38,0.36,10/06/2024,1039,N20,VIIRS,h,2,329.65,133.65,D,0,11.9,198
48.93407,38.64468,367,0.78,0.78,11/06/2024,840,N20,VIIRS,h,2,300.93,25.83,D,0,7.6,185
48.93976,38.64628,367,0.78,0.78,11/06/2024,840,N20,VIIRS,h,2,294.27,26.03,D,0,7.6,185
48.93296,38.62031,367,0.79,0.78,11/06/2024,840,N20,VIIRS,h,2,295.86,38.14,D,0,7.6,185
49.27064,37.06641,367,0.39,0.36,11/06/2024,1020,N20,VIIRS,h,2,343.85,70.14,D,0,14.8,185
49.87207,37.61871,367,0.4,0.37,11/06/2024,1021,N20,VIIRS,h,2,339.05,38.19,D,0,14.9,191
46.74767,32.71036,367,0.53,0.67,12/06/2024,1142,N20,VIIRS,h,2,294.66,7.42,D,0,17.5,242
46.74401,32.7119,367,0.53,0.67,12/06/2024,1142,N20,VIIRS,h,2,296,7.9,D,0,17.5,242
46.52635,32.70996,367,0.37,0.58,13/06/2024,942,N20,VIIRS,h,2,302.66,7.4,D,0,8.2,318
47.07283,33.25684,367,0.34,0.56,13/06/2024,942,N20,VIIRS,h,2,306.03,8.22,D,0,10.7,305
46.86264,33.14019,367,0.35,0.56,13/06/2024,942,N20,VIIRS,h,2,305.6,4.58,D,0,9.5,310
46.86768,33.14555,367,0.35,0.56,13/06/2024,942,N20,VIIRS,h,2,306.31,8.64,D,0,9.5,310
46.82198,33.08323,367,0.35,0.57,13/06/2024,942,N20,VIIRS,h,2,305.38,7.21,D,0,9.3,314
46.81593,33.0819,367,0.35,0.57,13/06/2024,942,N20,VIIRS,h,2,306.04,6.08,D,0,9.3,314
46.80384,33.05911,367,0.35,0.57,13/06/2024,942,N20,VIIRS,h,2,306,6.54,D,0,9.3,314
46.82786,33.16446,367,0.35,0.56,13/06/2024,942,N20,VIIRS,h,2,303.29,4.51,D,0,8.8,304
46.58554,32.39921,367,0.38,0.59,13/06/2024,942,N20,VIIRS,h,2,298.5,6.79,D,0,9.3,311
46.87288,33.54377,367,0.33,0.55,13/06/2024,942,N20,VIIRS,h,2,305.54,4.25,D,0,10,305
46.67506,32.91044,367,0.36,0.57,13/06/2024,942,N20,VIIRS,h,2,309.57,10.75,D,0,8.9,311
46.73986,33.32153,367,0.34,0.56,13/06/2024,942,N20,VIIRS,h,2,314.55,8.79,D,0,9.1,300
46.74103,33.32569,367,0.34,0.56,13/06/2024,942,N20,VIIRS,h,2,306.98,13.21,D,0,9.1,300
46.53248,32.69522,367,0.37,0.58,13/06/2024,942,N20,VIIRS,h,2,303.59,7.48,D,0,8.2,318
46.68718,33.25463,367,0.35,0.56,13/06/2024,942,N20,VIIRS,h,2,303,6.01,D,0,9.4,303
46.52517,32.71018,367,0.37,0.58,13/06/2024,942,N20,VIIRS,h,2,302.91,9.55,D,0,8.2,318
46.68234,33.25746,367,0.35,0.56,13/06/2024,942,N20,VIIRS,h,2,308.86,54.32,D,0,9.4,303
46.6808,33.25936,367,0.35,0.56,13/06/2024,942,N20,VIIRS,h,2,305.48,38.99,D,0,9.4,303
47.80085,38.05568,367,0.57,0.69,13/06/2024,1123,N20,VIIRS,h,2,301.79,11.92,D,0,10.7,295
47.80082,38.07109,367,0.57,0.69,13/06/2024,1123,N20,VIIRS,h,2,293.07,25.85,D,0,10.7,295
47.8004,38.07204,367,0.57,0.69,13/06/2024,1123,N20,VIIRS,h,2,294.89,27.24,D,0,10.7,295
47.45055,33.76041,367,0.36,0.57,13/06/2024,1123,N20,VIIRS,h,2,300.68,17.22,D,0,10.8,302
47.29855,33.87907,367,0.36,0.57,13/06/2024,1123,N20,VIIRS,h,2,303.63,6.91,D,0,10.7,306
47.07661,33.25395,367,0.33,0.56,13/06/2024,1123,N20,VIIRS,h,2,309.19,6.17,D,0,10.7,305
47.07125,33.24995,367,0.33,0.56,13/06/2024,1123,N20,VIIRS,h,2,310.32,14.89,D,0,10.7,305
47.00035,37.29305,367,0.52,0.67,13/06/2024,1123,N20,VIIRS,h,2,301.65,9.33,D,0,11.3,306
46.86861,33.1512,367,0.33,0.55,13/06/2024,1123,N20,VIIRS,h,2,293.62,12.01,D,0,9.5,310
46.89499,33.79184,367,0.35,0.57,13/06/2024,1123,N20,VIIRS,h,2,296.73,11.04,D,0,11.6,306
47.00217,37.29485,367,0.52,0.67,13/06/2024,1123,N20,VIIRS,h,2,301.13,9.18,D,0,11.3,306
46.86629,33.15102,367,0.33,0.55,13/06/2024,1123,N20,VIIRS,h,2,294.64,9.61,D,0,9.5,310
46.8962,33.79545,367,0.35,0.57,13/06/2024,1123,N20,VIIRS,h,2,291.82,10.34,D,0,11.6,306
46.87435,33.54101,367,0.34,0.56,13/06/2024,1123,N20,VIIRS,h,2,305.2,7.06,D,0,9.3,301
46.85453,33.56634,367,0.34,0.56,13/06/2024,1123,N20,VIIRS,h,2,296.2,1.59,D,3,9.3,301
46.82679,33.18543,367,0.33,0.55,13/06/2024,1123,N20,VIIRS,h,2,294.58,9.87,D,0,9.5,310
46.81654,33.07713,367,0.33,0.55,13/06/2024,1123,N20,VIIRS,h,2,310.71,5.78,D,0,9.3,314
46.81715,33.09004,367,0.33,0.55,13/06/2024,1123,N20,VIIRS,h,2,302.84,8.79,D,0,9.3,314
46.82146,33.18149,367,0.33,0.55,13/06/2024,1123,N20,VIIRS,h,2,304.96,9.87,D,0,9.5,310
46.82167,33.18591,367,0.33,0.55,13/06/2024,1123,N20,VIIRS,h,2,303.37,9.87,D,0,9.5,310
46.82188,33.19032,367,0.33,0.55,13/06/2024,1123,N20,VIIRS,h,2,300.15,14.53,D,0,9.5,310
46.81225,33.09472,367,0.33,0.55,13/06/2024,1123,N20,VIIRS,h,2,305.59,99.47,D,0,9.3,314
46.81613,33.1776,367,0.33,0.55,13/06/2024,1123,N20,VIIRS,h,2,308.92,18.18,D,0,8.8,304
46.77712,33.48824,367,0.34,0.56,13/06/2024,1123,N20,VIIRS,h,2,303.47,8.12,D,0,9.4,298
46.77171,33.48421,367,0.34,0.56,13/06/2024,1123,N20,VIIRS,h,2,305.35,6.71,D,0,9.4,298
46.77192,33.48868,367,0.34,0.56,13/06/2024,1123,N20,VIIRS,h,2,300.15,8.12,D,0,9.4,298
46.73918,33.1267,367,0.33,0.55,13/06/2024,1123,N20,VIIRS,h,2,306.02,8.57,D,0,9,305
46.73939,33.13103,367,0.33,0.55,13/06/2024,1123,N20,VIIRS,h,2,301.39,8.57,D,0,9,305
46.73338,33.33006,367,0.33,0.56,13/06/2024,1123,N20,VIIRS,h,2,300.33,7.77,D,0,9.6,302
46.68282,32.9122,367,0.32,0.55,13/06/2024,1123,N20,VIIRS,h,2,304.75,5.39,D,0,8.9,311
46.67777,32.91276,367,0.32,0.55,13/06/2024,1123,N20,VIIRS,h,2,314.12,12.49,D,0,8.9,311
46.67798,32.91698,367,0.32,0.55,13/06/2024,1123,N20,VIIRS,h,2,307.15,7.6,D,0,8.9,311
46.68383,33.26353,367,0.33,0.55,13/06/2024,1123,N20,VIIRS,h,2,303.45,3.89,D,0,9.4,303
49.02072,38.41913,367,0.45,0.63,15/06/2024,905,N20,VIIRS,h,2,296.89,10.22,D,0,12.4,70
46.48128,32.47684,367,0.36,0.57,18/06/2024,1129,N20,VIIRS,h,2,299.8,17.06,D,0,9.7,269
46.72871,33.39978,367,0.47,0.64,19/06/2024,930,N20,VIIRS,h,2,300.7,30.18,D,0,5.7,38
46.80601,32.96752,367,0.49,0.65,19/06/2024,930,N20,VIIRS,h,2,298.83,8.36,D,0,5.5,49
46.5155,32.72683,367,0.44,0.46,19/06/2024,1110,N20,VIIRS,h,2,312.69,8.76,D,0,6,11
48.27863,37.7322,367,0.44,0.62,20/06/2024,911,N20,VIIRS,h,2,294.2,9.55,D,0,15.8,251
47.42647,35.66752,367,0.57,0.69,20/06/2024,911,N20,VIIRS,h,2,299.97,20.49,D,0,15.3,288
46.45302,32.42268,367,0.42,0.38,20/06/2024,1051,N20,VIIRS,h,2,341.81,47.07,D,0,14.6,288
45.0389,35.90531,367,0.43,0.38,22/06/2024,1013,N20,VIIRS,h,2,332.12,189.43,D,0,12.1,344
45.0384,35.92239,367,0.43,0.38,22/06/2024,1013,N20,VIIRS,h,2,332.97,45.81,D,0,12.1,344
46.48233,31.97001,367,0.68,0.74,22/06/2024,1154,N20,VIIRS,h,2,295.35,11.67,D,0,11.5,263
46.48202,31.96871,367,0.68,0.74,22/06/2024,1154,N20,VIIRS,h,2,296.02,12.06,D,0,11.5,263
47.76576,34.39491,367,0.42,0.45,23/06/2024,955,N20,VIIRS,h,2,309.57,21.11,D,0,8.4,219
46.77327,32.94865,367,0.45,0.63,23/06/2024,1135,N20,VIIRS,h,2,299.35,15.76,D,0,9.1,254
46.70907,35.15395,367,0.57,0.69,23/06/2024,1135,N20,VIIRS,h,2,297.65,20.36,D,0,5.1,237
46.79264,33.10888,367,0.41,0.61,24/06/2024,936,N20,VIIRS,h,2,297.55,11.46,D,0,11.6,334
46.89842,33.11472,367,0.41,0.61,24/06/2024,936,N20,VIIRS,h,2,295.36,37.55,D,0,13.4,335
46.79113,33.10386,367,0.41,0.61,24/06/2024,936,N20,VIIRS,h,2,300.12,18.7,D,0,11.6,334
46.78597,33.10714,367,0.41,0.61,24/06/2024,936,N20,VIIRS,h,2,295.12,18.7,D,0,11.6,334
46.32855,34.89584,367,0.33,0.55,24/06/2024,1116,N20,VIIRS,h,2,299.72,4.92,D,0,13.4,324
47.65709,36.88166,367,0.42,0.61,24/06/2024,1116,N20,VIIRS,h,2,295.25,9.79,D,0,15.7,293
49.34124,37.55609,367,0.35,0.57,25/06/2024,917,N20,VIIRS,h,2,292.04,10.26,D,3,15.6,353
47.87077,33.44412,367,0.4,0.6,26/06/2024,2253,N20,VIIRS,h,2,287.88,5.7,N,2,11.3,357
47.44597,33.71054,367,0.4,0.44,28/06/2024,1001,N20,VIIRS,h,2,309.27,11.39,D,0,12.5,45
47.44323,33.71749,367,0.4,0.44,28/06/2024,1001,N20,VIIRS,h,2,311.28,11.39,D,0,12.5,45
46.52726,32.61516,367,0.51,0.66,28/06/2024,1141,N20,VIIRS,h,2,300.1,11.37,D,0,11.9,57
46.53227,32.61561,367,0.52,0.66,28/06/2024,1141,N20,VIIRS,h,2,303.78,11.2,D,0,11.9,57
46.60767,32.70438,367,0.52,0.67,28/06/2024,1141,N20,VIIRS,h,2,304.36,16.42,D,0,11.8,58
46.87159,31.07732,367,0.44,0.62,28/06/2024,1141,N20,VIIRS,h,2,303.64,13.8,D,0,11.1,47
46.64073,32.45997,367,0.38,0.59,29/06/2024,942,N20,VIIRS,h,2,307.71,8.9,D,0,10.8,34
47.07455,33.68896,367,0.33,0.55,29/06/2024,942,N20,VIIRS,h,2,309.34,16.78,D,0,12.8,43
47.07235,33.68096,367,0.33,0.55,29/06/2024,942,N20,VIIRS,h,2,305.94,12.59,D,0,12.8,43
47.26419,33.89347,367,0.35,0.57,29/06/2024,1122,N20,VIIRS,h,2,305.78,15.8,D,0,12.1,41
47.2589,33.89403,367,0.35,0.57,29/06/2024,1122,N20,VIIRS,h,2,305.57,12.56,D,0,12.1,41
47.18763,33.19238,367,0.33,0.55,29/06/2024,1122,N20,VIIRS,h,2,306.44,3.93,D,0,11.6,30
47.18532,33.19428,367,0.33,0.55,29/06/2024,1122,N20,VIIRS,h,2,306.08,7.83,D,0,11.6,30
45.32652,34.89492,367,0.38,0.59,29/06/2024,1122,N20,VIIRS,h,2,306.84,5.47,D,0,11.4,30
47.41758,34.16804,367,0.37,0.58,29/06/2024,1122,N20,VIIRS,h,2,298.29,14.29,D,3,7.2,19
47.50041,33.51533,367,0.34,0.56,29/06/2024,1122,N20,VIIRS,h,2,303.15,8.7,D,0,12.7,33
47.50095,33.51291,367,0.34,0.56,29/06/2024,1122,N20,VIIRS,h,2,306.23,5.05,D,0,12.7,33
47.70626,33.91568,367,0.36,0.57,29/06/2024,1122,N20,VIIRS,h,2,307.46,7.39,D,0,11.1,27
47.86032,33.44679,367,0.34,0.56,29/06/2024,1122,N20,VIIRS,h,2,307.07,8.56,D,2,11.3,28
47.40167,34.17412,367,0.37,0.58,29/06/2024,1122,N20,VIIRS,h,2,305.11,8.86,D,0,8.7,18
47.40723,34.17869,367,0.37,0.58,29/06/2024,1122,N20,VIIRS,h,2,305.4,8.86,D,0,7.2,19
46.55379,33.18098,367,0.57,0.69,30/06/2024,923,N20,VIIRS,h,2,297.62,24.98,D,0,7.9,74
46.81033,33.04066,367,0.57,0.69,30/06/2024,923,N20,VIIRS,h,2,303.57,8.62,D,0,7.1,81
46.87137,33.22137,367,0.56,0.68,30/06/2024,923,N20,VIIRS,h,2,306.25,18.84,D,0,7.4,93
46.87586,33.2347,367,0.55,0.68,30/06/2024,923,N20,VIIRS,h,2,304.75,12.07,D,0,7.4,93
47.50561,36.16385,367,0.4,0.6,30/06/2024,923,N20,VIIRS,h,2,301.44,12.33,D,0,8.6,31
47.99575,37.35336,367,0.34,0.56,30/06/2024,923,N20,VIIRS,h,2,305.6,4.4,D,0,8,27
48.31928,37.48931,367,0.33,0.55,30/06/2024,923,N20,VIIRS,h,2,305.17,7.4,D,0,8.6,31
48.30166,37.48592,367,0.33,0.55,30/06/2024,923,N20,VIIRS,h,2,301.86,8.3,D,0,8,31
48.2862,37.47062,367,0.33,0.55,30/06/2024,923,N20,VIIRS,h,2,299.38,7.7,D,0,8,31
48.2874,37.47481,367,0.33,0.55,30/06/2024,923,N20,VIIRS,h,2,299.23,7.07,D,0,8,31
46.65176,32.40653,367,0.61,0.71,30/06/2024,923,N20,VIIRS,h,2,300.1,10.68,D,0,9.6,326
46.87258,33.21883,367,0.56,0.69,30/06/2024,923,N20,VIIRS,h,2,306.04,9.38,D,0,7.4,93
47.51952,35.62247,367,0.42,0.61,30/06/2024,923,N20,VIIRS,h,2,298.96,8.4,D,0,8.7,18
47.25716,33.21392,367,0.4,0.44,30/06/2024,1103,N20,VIIRS,h,2,312.51,13.72,D,0,6.8,102
48.37057,37.79742,367,0.33,0.55,30/06/2024,1104,N20,VIIRS,h,2,302.44,6.71,D,0,7,17
48.96914,38.1423,367,0.35,0.56,30/06/2024,1104,N20,VIIRS,h,2,294.75,8.18,D,0,6.7,1
48.90875,33.27279,367,0.42,0.45,30/06/2024,1104,N20,VIIRS,h,2,299.57,10.92,D,0,4.3,95
49.55585,37.70366,367,0.33,0.56,30/06/2024,1104,N20,VIIRS,h,2,302.16,6.48,D,0,6.6,358
49.72839,37.70463,367,0.33,0.56,30/06/2024,1104,N20,VIIRS,h,2,299.7,4.7,D,0,5.4,340
47.01702,32.57806,367,0.43,0.46,30/06/2024,2318,N20,VIIRS,h,2,291.31,4.85,N,0,8.7,89
48.05702,38.0593,367,0.5,0.66,01/07/2024,904,N20,VIIRS,h,2,299.07,71.91,D,0,7.9,58
48.31447,37.45174,367,0.39,0.44,01/07/2024,1045,N20,VIIRS,h,2,307.72,15.58,D,0,7.2,68
48.31629,37.47283,367,0.39,0.44,01/07/2024,1045,N20,VIIRS,h,2,326.95,201.28,D,0,7.2,68
47.85946,33.44572,367,0.33,0.56,01/07/2024,2259,N20,VIIRS,h,2,292.42,8.36,N,0,5,138
48.45952,38.77232,367,0.52,0.67,02/07/2024,39,N20,VIIRS,h,2,289.47,10.26,N,2,8.5,145
45.05886,35.87975,367,0.38,0.36,02/07/2024,1025,N20,VIIRS,h,2,320.05,13.54,D,0,10.9,11
46.44525,32.22671,367,0.42,0.38,02/07/2024,1025,N20,VIIRS,h,2,330.89,72.36,D,0,7.9,274
46.45905,32.77307,367,0.41,0.37,02/07/2024,1025,N20,VIIRS,h,2,341.23,47.88,D,0,6.9,276
46.57092,32.80136,367,0.41,0.37,02/07/2024,1025,N20,VIIRS,h,2,314.4,13.71,D,0,6.9,267
46.56999,32.79613,367,0.41,0.37,02/07/2024,1025,N20,VIIRS,h,2,313.38,23.52,D,0,6.9,267
45.0639,35.86811,367,0.38,0.36,02/07/2024,1025,N20,VIIRS,h,2,318.77,16.74,D,0,10.9,11
47.88407,39.62004,367,0.46,0.39,02/07/2024,1026,N20,VIIRS,h,2,339.35,138.22,D,0,8.8,114
48.96007,37.93387,367,0.42,0.38,02/07/2024,1026,N20,VIIRS,h,2,318.83,24.46,D,0,6.2,83
48.96171,38.16338,367,0.43,0.38,02/07/2024,1026,N20,VIIRS,h,2,318.65,12.76,D,0,6,81
47.44064,35.4714,367,0.38,0.36,02/07/2024,1026,N20,VIIRS,h,2,345.33,32.81,D,0,11.1,154
47.79871,37.43298,367,0.41,0.37,02/07/2024,1026,N20,VIIRS,h,2,319.72,9.99,D,0,9.1,132
47.64099,36.30589,367,0.39,0.36,02/07/2024,1026,N20,VIIRS,h,2,315.76,5.56,D,0,9.2,146
47.55497,35.57743,367,0.44,0.63,02/07/2024,2240,N20,VIIRS,h,2,290.96,4.34,N,0,10.9,154
47.50322,35.29749,367,0.46,0.39,03/07/2024,1007,N20,VIIRS,h,2,344.5,63.29,D,0,12.3,139
47.39037,35.85122,367,0.44,0.38,03/07/2024,1007,N20,VIIRS,h,2,318.1,10.61,D,0,13,123
47.486,36.54419,367,0.42,0.38,03/07/2024,1007,N20,VIIRS,h,2,322.81,8.66,D,0,12.3,118
47.27289,35.58655,367,0.45,0.39,03/07/2024,1007,N20,VIIRS,h,2,319.07,14.19,D,0,11.7,122
46.50954,32.75485,367,0.39,0.44,03/07/2024,1007,N20,VIIRS,h,2,329.82,39.94,D,0,11.2,110
47.46677,32.30986,367,0.39,0.44,03/07/2024,1007,N20,VIIRS,h,2,312.54,7.28,D,0,12.8,140
48.78897,38.88087,367,0.38,0.36,03/07/2024,1007,N20,VIIRS,h,2,353.15,123.38,D,0,8.3,115
48.78817,38.87576,367,0.38,0.36,03/07/2024,1007,N20,VIIRS,h,2,354.86,123.38,D,0,8.3,115
49.09303,38.26657,367,0.39,0.36,03/07/2024,1007,N20,VIIRS,h,2,322.99,10.9,D,0,8.1,129
46.62547,32.88832,367,0.63,0.72,03/07/2024,1147,N20,VIIRS,h,2,301.44,16.25,D,0,12.6,115
46.47888,32.52608,367,0.61,0.71,03/07/2024,1147,N20,VIIRS,h,2,310.02,16.95,D,0,11.8,116
45.73795,34.37671,367,0.74,0.76,03/07/2024,1147,N20,VIIRS,h,2,311.1,17.9,D,0,13.9,94
46.48332,32.52812,367,0.61,0.71,03/07/2024,1147,N20,VIIRS,h,2,306.9,13.71,D,0,11.8,116
46.47672,32.52803,367,0.61,0.71,03/07/2024,1147,N20,VIIRS,h,2,309.92,13.71,D,0,11.8,116
46.48549,32.52621,367,0.61,0.71,03/07/2024,1147,N20,VIIRS,h,2,306.34,16.95,D,0,11.8,116
45.73497,34.38094,367,0.74,0.76,03/07/2024,1147,N20,VIIRS,h,2,311.08,15.6,D,0,13.9,94
46.48333,32.52006,367,0.61,0.71,03/07/2024,1147,N20,VIIRS,h,2,310.06,13.71,D,0,11.8,116
47.23908,33.57713,367,0.69,0.74,03/07/2024,1148,N20,VIIRS,h,2,308.5,8.74,D,0,13.1,132
47.33829,33.8741,367,0.71,0.75,03/07/2024,1148,N20,VIIRS,h,2,303.02,12.7,D,0,11.9,145
47.48749,34.60397,367,0.77,0.77,03/07/2024,1148,N20,VIIRS,h,2,303.36,20.93,D,0,11.5,135
47.49469,34.60441,367,0.77,0.77,03/07/2024,1148,N20,VIIRS,h,2,305.6,27.41,D,0,11.5,135
46.84565,33.14435,367,0.65,0.73,03/07/2024,1148,N20,VIIRS,h,2,301.61,9.72,D,0,12.2,119
46.85098,33.14174,367,0.65,0.73,03/07/2024,1148,N20,VIIRS,h,2,301.74,13.58,D,0,12.2,119
46.84419,33.14153,367,0.65,0.73,03/07/2024,1148,N20,VIIRS,h,2,303.16,15.09,D,0,11.9,115
47.07272,32.65126,367,0.62,0.71,03/07/2024,1148,N20,VIIRS,h,2,304.33,23.57,D,0,12.8,129
47.07637,32.65369,367,0.62,0.71,03/07/2024,1148,N20,VIIRS,h,2,302.25,12.6,D,0,12.8,129
47.13119,33.39763,367,0.67,0.74,03/07/2024,1148,N20,VIIRS,h,2,306.29,18.72,D,0,13.2,130
47.2228,33.1583,367,0.66,0.73,03/07/2024,1148,N20,VIIRS,h,2,301.71,34.42,D,0,13.5,129
48.32397,37.52258,367,0.6,0.71,03/07/2024,2221,N20,VIIRS,h,2,287.71,7.09,N,0,10.4,138
48.32223,37.52183,367,0.61,0.71,03/07/2024,2221,N20,VIIRS,h,2,287.33,13.76,N,0,10.4,138
49.09846,38.24536,367,0.49,0.4,04/07/2024,948,N20,VIIRS,h,2,311.23,47.32,D,0,11.2,114
46.48193,34.7093,367,0.52,0.5,04/07/2024,948,N20,VIIRS,h,2,307.91,19.63,D,0,6.9,101
46.4828,34.70876,367,0.52,0.5,04/07/2024,948,N20,VIIRS,h,2,307.98,13.11,D,0,6.9,101
47.72224,37.24855,367,0.57,0.43,04/07/2024,948,N20,VIIRS,h,2,308.01,11.68,D,0,13.8,117
46.92786,33.46834,367,0.57,0.52,04/07/2024,948,N20,VIIRS,h,2,304.97,11.8,D,0,8.9,143
48.5324,37.89956,367,0.51,0.41,04/07/2024,948,N20,VIIRS,h,2,313.74,25.12,D,0,12.8,109
49.10559,38.24197,367,0.49,0.4,04/07/2024,948,N20,VIIRS,h,2,317.17,15.9,D,0,11.2,114
49.10337,38.25011,367,0.49,0.4,04/07/2024,948,N20,VIIRS,h,2,315.58,16.49,D,0,11.2,114
46.6921,33.33657,367,0.4,0.6,04/07/2024,1128,N20,VIIRS,h,2,297.57,15.3,D,0,8.5,153
46.69764,33.33624,367,0.4,0.6,04/07/2024,1128,N20,VIIRS,h,2,297.8,15.3,D,0,8.2,146
47.51562,36.75826,367,0.58,0.7,04/07/2024,1129,N20,VIIRS,h,2,299.78,10.93,D,0,12.7,123
48.97324,38.14423,367,0.68,0.74,04/07/2024,1129,N20,VIIRS,h,2,303.91,44.72,D,0,12.5,116
47.4708,35.63282,367,0.51,0.66,04/07/2024,1129,N20,VIIRS,h,2,303.37,19.49,D,0,11.8,132
49.10294,38.22789,367,0.68,0.74,04/07/2024,1129,N20,VIIRS,h,2,299.69,40.09,D,0,11.2,114
49.09591,38.23701,367,0.68,0.74,04/07/2024,1129,N20,VIIRS,h,2,303.44,40.09,D,0,11.2,114
49.0951,38.23745,367,0.68,0.74,04/07/2024,1129,N20,VIIRS,h,2,302.68,21.93,D,0,11.2,114
49.10218,38.22828,367,0.68,0.74,04/07/2024,1129,N20,VIIRS,h,2,299.94,24.78,D,0,11.2,114
48.96636,38.14396,367,0.68,0.74,04/07/2024,1129,N20,VIIRS,h,2,304.69,14.67,D,0,12.5,116
48.96531,38.20116,367,0.68,0.74,04/07/2024,1129,N20,VIIRS,h,2,304.34,39.28,D,0,12.5,116
48.95841,37.8065,367,0.65,0.73,04/07/2024,1129,N20,VIIRS,h,2,305.62,18.16,D,0,12.2,116
48.97336,38.14561,367,0.68,0.74,04/07/2024,1129,N20,VIIRS,h,2,303.09,31.71,D,0,12.5,116
48.96648,38.1453,367,0.68,0.74,04/07/2024,1129,N20,VIIRS,h,2,305.82,31.71,D,0,12.5,116
48.96568,38.20237,367,0.68,0.74,04/07/2024,1129,N20,VIIRS,h,2,303.83,26.42,D,0,12.5,116
48.96385,37.80802,367,0.65,0.73,04/07/2024,1129,N20,VIIRS,h,2,300.77,15.58,D,0,12.2,116
48.75722,31.85589,367,0.35,0.57,04/07/2024,1129,N20,VIIRS,h,2,294.09,6.97,D,0,10,164
48.4244,33.79162,367,0.43,0.62,04/07/2024,1129,N20,VIIRS,h,2,298.14,6.7,D,0,9.8,151
47.88714,32.78947,367,0.38,0.59,04/07/2024,1129,N20,VIIRS,h,2,294.63,32.21,D,0,11.1,150
47.88593,32.78859,367,0.38,0.59,04/07/2024,1129,N20,VIIRS,h,2,296.4,28.32,D,0,11.1,150
47.71985,37.24421,367,0.61,0.71,04/07/2024,1129,N20,VIIRS,h,2,296.64,22.19,D,0,13.8,117
47.71311,35.42283,367,0.5,0.66,04/07/2024,1129,N20,VIIRS,h,2,303.06,14.66,D,0,11.5,128
47.72233,37.24214,367,0.61,0.71,04/07/2024,1129,N20,VIIRS,h,2,296.44,12.13,D,0,13.8,117
47.63835,36.7614,367,0.58,0.7,04/07/2024,1129,N20,VIIRS,h,2,295.52,8.44,D,0,12.3,122
47.63874,36.76222,367,0.58,0.7,04/07/2024,1129,N20,VIIRS,h,2,295.63,13.58,D,0,12.3,122
47.56621,35.40507,367,0.5,0.66,04/07/2024,1129,N20,VIIRS,h,2,297.48,14.4,D,0,11.1,148
47.51554,36.75986,367,0.58,0.7,04/07/2024,1129,N20,VIIRS,h,2,299.94,22.46,D,0,12.7,123
45.90039,29.104,367,0.77,0.77,05/07/2024,929,N20,VIIRS,h,2,301.25,47.39,D,0,17.6,330
47.97852,39.13183,367,0.49,0.48,05/07/2024,929,N20,VIIRS,h,2,330.43,97.73,D,0,10.9,193
47.97427,39.13397,367,0.49,0.48,05/07/2024,929,N20,VIIRS,h,2,310.24,21.12,D,0,10.9,193
47.04439,36.60434,367,0.33,0.56,05/07/2024,929,N20,VIIRS,h,2,294.19,5.72,D,0,8.9,301
45.89853,29.10471,367,0.77,0.77,05/07/2024,930,N20,VIIRS,h,2,299.09,50.9,D,0,17.6,330
46.51273,31.74334,367,0.4,0.44,05/07/2024,1109,N20,VIIRS,h,2,314.21,8.83,D,0,19.1,323
47.98291,39.12503,367,0.45,0.63,05/07/2024,1110,N20,VIIRS,h,2,297.33,28.59,D,0,10.9,193
47.97694,39.11918,367,0.45,0.63,05/07/2024,1110,N20,VIIRS,h,2,297.48,14.72,D,0,10.9,193
47.98405,39.12554,367,0.45,0.63,05/07/2024,1110,N20,VIIRS,h,2,294.79,36.16,D,0,10.9,193
47.97805,39.11962,367,0.45,0.63,05/07/2024,1110,N20,VIIRS,h,2,298.88,22.08,D,0,10.9,193
46.64752,32.25459,367,0.42,0.45,05/07/2024,1110,N20,VIIRS,h,2,305.12,10.88,D,0,14.3,318
47.97342,39.1064,367,0.39,0.59,06/07/2024,910,N20,VIIRS,h,2,304.66,12.83,D,0,17.1,355
46.80176,35.98909,367,0.58,0.7,06/07/2024,910,N20,VIIRS,h,2,299.11,23.82,D,0,20.2,353
46.80079,35.99432,367,0.58,0.7,06/07/2024,910,N20,VIIRS,h,2,297.52,23.84,D,0,20.2,353
47.60404,34.18132,367,0.65,0.73,06/07/2024,911,N20,VIIRS,h,2,298.11,13.9,D,0,17.4,349
48.64615,37.88242,367,0.42,0.61,06/07/2024,911,N20,VIIRS,h,2,302.29,9.08,D,0,17.7,350
47.18037,33.57584,367,0.71,0.75,06/07/2024,911,N20,VIIRS,h,2,296.56,12.8,D,0,15.1,355
47.31395,33.96285,367,0.68,0.74,06/07/2024,911,N20,VIIRS,h,2,299.82,15.52,D,0,18.3,356
47.18056,33.57922,367,0.71,0.75,06/07/2024,911,N20,VIIRS,h,2,295.83,14.75,D,0,15.1,355
47.3185,33.9629,367,0.68,0.74,06/07/2024,911,N20,VIIRS,h,2,298.57,18.89,D,3,18.3,356
48.34483,37.35849,367,0.45,0.63,06/07/2024,911,N20,VIIRS,h,2,300.15,25.96,D,0,17,354
48.34365,37.35944,367,0.45,0.63,06/07/2024,911,N20,VIIRS,h,2,299.99,19.21,D,0,17,354
48.2466,37.17501,367,0.46,0.64,06/07/2024,911,N20,VIIRS,h,2,299.93,9,D,0,17.2,356
48.45782,38.77802,367,0.39,0.59,06/07/2024,911,N20,VIIRS,h,2,300.04,12.35,D,2,16.6,343
47.49987,35.98875,367,0.55,0.68,06/07/2024,911,N20,VIIRS,h,2,298.96,7.29,D,0,17.3,354
47.7747,34.26614,367,0.63,0.72,06/07/2024,911,N20,VIIRS,h,2,297.23,14.39,D,0,16.4,353
48.36934,36.4591,367,0.41,0.45,06/07/2024,1051,N20,VIIRS,h,2,314.61,29.69,D,0,16.8,356
48.3892,37.90861,367,0.48,0.48,06/07/2024,1051,N20,VIIRS,h,2,305.11,8.95,D,0,14.9,351
46.42314,32.34542,367,0.42,0.38,06/07/2024,1051,N20,VIIRS,h,2,332.14,38.71,D,0,15.4,358
46.42383,32.3509,367,0.42,0.38,06/07/2024,1051,N20,VIIRS,h,2,348,37.2,D,0,15.4,358
48.93829,37.8405,367,0.64,0.72,07/07/2024,852,N20,VIIRS,h,2,300.68,21.62,D,0,15.8,32
49.63274,37.71595,367,0.61,0.71,07/07/2024,852,N20,VIIRS,h,2,300.9,15.89,D,0,18.4,35
49.6076,37.68841,367,0.61,0.71,07/07/2024,852,N20,VIIRS,h,2,300.93,10.93,D,0,18.4,35
49.63231,37.71563,367,0.61,0.71,07/07/2024,852,N20,VIIRS,h,2,301.17,13.07,D,0,18.4,35
46.81282,32.89,367,0.39,0.36,07/07/2024,1032,N20,VIIRS,h,2,335.3,63.74,D,0,13.5,40
46.81443,32.89997,367,0.39,0.36,07/07/2024,1032,N20,VIIRS,h,2,319.94,19.96,D,0,13.2,40
46.4403,32.8364,367,0.39,0.36,07/07/2024,1032,N20,VIIRS,h,2,315.92,11.01,D,0,12.7,30
46.43534,32.82458,367,0.39,0.36,07/07/2024,1032,N20,VIIRS,h,2,315.13,11.63,D,0,12.7,30
46.42966,32.81078,367,0.39,0.36,07/07/2024,1032,N20,VIIRS,h,2,337.13,145.63,D,0,12.3,35
46.41174,32.78541,367,0.39,0.36,07/07/2024,1032,N20,VIIRS,h,2,318.42,5.7,D,0,12.3,35
46.40844,32.80752,367,0.39,0.36,07/07/2024,1032,N20,VIIRS,h,2,329.47,42.21,D,0,12.7,29
46.41005,32.81746,367,0.39,0.36,07/07/2024,1032,N20,VIIRS,h,2,335.18,104.57,D,0,12.7,29
46.44599,32.85017,367,0.39,0.36,07/07/2024,1032,N20,VIIRS,h,2,317.64,7.93,D,0,12.7,30
46.72164,32.85542,367,0.39,0.36,07/07/2024,1032,N20,VIIRS,h,2,319.39,10.93,D,0,13.4,41
46.46492,32.58604,367,0.39,0.36,07/07/2024,1032,N20,VIIRS,h,2,319.76,13.34,D,0,12.1,37
46.46574,32.59104,367,0.39,0.36,07/07/2024,1032,N20,VIIRS,h,2,318.99,13.34,D,0,12.1,37
46.46398,32.83358,367,0.39,0.36,07/07/2024,1032,N20,VIIRS,h,2,317.94,9.99,D,0,12.6,35
49.60778,37.68812,367,0.47,0.4,07/07/2024,1032,N20,VIIRS,h,2,320.34,18.81,D,0,18.4,35
47.7287,33.6453,367,0.38,0.36,07/07/2024,1032,N20,VIIRS,h,2,335.5,44.55,D,0,12.9,33
47.45502,33.82693,367,0.38,0.36,07/07/2024,1032,N20,VIIRS,h,2,325.29,25.81,D,0,14,33
47.70833,36.69921,367,0.42,0.38,07/07/2024,1032,N20,VIIRS,h,2,319.17,14.17,D,0,14.8,30
47.29367,33.91366,367,0.38,0.36,07/07/2024,1032,N20,VIIRS,h,2,316.9,6.3,D,0,15.3,29
47.57411,36.10911,367,0.41,0.37,07/07/2024,1032,N20,VIIRS,h,2,319.16,13.26,D,0,15,33
47.30895,36.38451,367,0.34,0.56,07/07/2024,2246,N20,VIIRS,h,2,292.97,3.34,N,0,14.5,31
48.40483,36.44079,367,0.34,0.56,07/07/2024,2246,N20,VIIRS,h,2,294.49,7.1,N,0,15.3,33
47.93188,37.16779,367,0.34,0.56,08/07/2024,27,N20,VIIRS,h,2,293.32,8.13,N,0,8.4,47
45.01207,35.8735,367,0.43,0.38,08/07/2024,1012,N20,VIIRS,h,2,314.5,55.65,D,0,20.9,24
47.48098,35.70437,367,0.41,0.37,08/07/2024,1013,N20,VIIRS,h,2,310.29,5.44,D,0,9.5,33
48.98793,38.22923,367,0.39,0.36,08/07/2024,1013,N20,VIIRS,h,2,316.59,9.53,D,0,8.8,56
46.45497,29.00052,367,0.49,0.48,08/07/2024,1013,N20,VIIRS,h,2,310.23,11.77,D,0,7,51
48.20705,39.40171,367,0.39,0.36,08/07/2024,1013,N20,VIIRS,h,2,315.17,7.79,D,0,9.7,43
48.20336,39.42474,367,0.39,0.36,08/07/2024,1013,N20,VIIRS,h,2,308.96,12.48,D,0,9.1,47
46.39841,32.18108,367,0.54,0.42,08/07/2024,1013,N20,VIIRS,h,2,310.38,13.6,D,0,10.9,3
46.84932,32.70365,367,0.74,0.76,08/07/2024,1154,N20,VIIRS,h,2,302.27,140.12,D,0,11.1,28
46.7691,30.17634,367,0.56,0.69,08/07/2024,1154,N20,VIIRS,h,2,309.3,19.35,D,0,10.8,32
46.58715,32.68217,367,0.74,0.76,08/07/2024,1154,N20,VIIRS,h,2,296.05,18.25,D,0,9.2,33
46.45168,29.00685,367,0.49,0.65,08/07/2024,1154,N20,VIIRS,h,2,310.43,26.21,D,0,7,51
47.43879,31.21708,367,0.63,0.72,08/07/2024,1154,N20,VIIRS,h,2,307.01,16.19,D,0,8.7,21
46.33029,32.02311,367,0.69,0.74,08/07/2024,1154,N20,VIIRS,h,2,300.83,28.4,D,0,12.3,356
46.32328,32.03206,367,0.69,0.74,08/07/2024,1154,N20,VIIRS,h,2,296.39,18.33,D,0,12.3,356
46.33107,32.02756,367,0.69,0.74,08/07/2024,1154,N20,VIIRS,h,2,298.77,22.61,D,0,12.3,356
46.32415,32.02729,367,0.69,0.74,08/07/2024,1154,N20,VIIRS,h,2,300.31,22.61,D,0,12.3,356
46.31038,32.0176,367,0.69,0.74,08/07/2024,1154,N20,VIIRS,h,2,299.25,18.98,D,0,12.3,356
45.71981,29.57917,367,0.52,0.67,08/07/2024,1154,N20,VIIRS,h,2,305.84,27.03,D,0,8.5,56
47.21442,32.22824,367,0.71,0.75,08/07/2024,1154,N20,VIIRS,h,2,302.87,8.23,D,0,12.2,25
47.43603,31.21453,367,0.63,0.72,08/07/2024,1154,N20,VIIRS,h,2,305.89,16.79,D,0,8.7,21
47.44273,31.21455,367,0.63,0.72,08/07/2024,1154,N20,VIIRS,h,2,308.45,16.79,D,0,8.7,21
45.71351,29.57248,367,0.52,0.67,08/07/2024,1154,N20,VIIRS,h,2,306.56,15.21,D,0,8.5,56
46.34626,30.41133,367,0.34,0.56,09/07/2024,954,N20,VIIRS,h,2,305.57,8.64,D,0,14.7,9
46.35223,30.41258,367,0.34,0.56,09/07/2024,954,N20,VIIRS,h,2,309.02,7.64,D,0,14.7,9
47.36322,34.17604,367,0.44,0.46,09/07/2024,954,N20,VIIRS,h,2,304.1,11.82,D,0,12.3,15
46.01068,33.89925,367,0.49,0.49,09/07/2024,954,N20,VIIRS,h,2,304.25,8.09,D,3,12.8,39
45.69783,29.60473,367,0.39,0.59,09/07/2024,954,N20,VIIRS,h,2,310.65,13.58,D,0,14.9,12
45.72233,29.55885,367,0.39,0.6,09/07/2024,954,N20,VIIRS,h,2,310.5,4.97,D,0,15.3,5
46.84169,33.26696,367,0.5,0.49,09/07/2024,954,N20,VIIRS,h,2,306.9,12.47,D,0,11.7,34
47.36277,34.17515,367,0.44,0.46,09/07/2024,954,N20,VIIRS,h,2,306.07,93.46,D,0,12.3,15
46.04227,29.05694,367,0.4,0.6,09/07/2024,954,N20,VIIRS,h,2,308.93,9.38,D,0,13.6,11
47.59436,34.78175,367,0.41,0.45,09/07/2024,954,N20,VIIRS,h,2,312.76,72.34,D,0,12.6,55
47.59827,34.77968,367,0.41,0.45,09/07/2024,954,N20,VIIRS,h,2,341.12,72.34,D,0,12.6,55
46.42643,29.39643,367,0.38,0.59,09/07/2024,954,N20,VIIRS,h,2,304.27,11.82,D,0,12.9,8
46.90464,33.26868,367,0.5,0.49,09/07/2024,954,N20,VIIRS,h,2,307.68,11.93,D,0,12.1,33
45.05399,36.04864,367,0.63,0.72,09/07/2024,1134,N20,VIIRS,h,2,300.43,13.89,D,0,22.6,41
46.19119,30.27976,367,0.33,0.56,09/07/2024,1135,N20,VIIRS,h,2,312.22,6.6,D,0,17.8,356
47.57376,31.23447,367,0.38,0.59,09/07/2024,1135,N20,VIIRS,h,2,306.01,13.64,D,0,12,13
47.41915,35.52083,367,0.6,0.71,09/07/2024,1135,N20,VIIRS,h,2,292.27,16.15,D,0,10.5,42
47.31084,31.61261,367,0.39,0.6,09/07/2024,1135,N20,VIIRS,h,2,311.83,9.39,D,0,12.7,18
47.31103,31.61803,367,0.39,0.6,09/07/2024,1135,N20,VIIRS,h,2,307.84,6.58,D,0,12.7,18
47.13865,30.18271,367,0.34,0.56,09/07/2024,1135,N20,VIIRS,h,2,306.28,8.28,D,0,12,13
47.19743,33.76388,367,0.5,0.66,09/07/2024,1135,N20,VIIRS,h,2,300.97,8.32,D,0,13.7,27
47.15438,32.91425,367,0.45,0.63,09/07/2024,1135,N20,VIIRS,h,2,300.81,9.21,D,0,11.1,28
47.15386,33.68419,367,0.49,0.65,09/07/2024,1135,N20,VIIRS,h,2,301.48,26.52,D,0,13.7,30
47.1774,33.07497,367,0.46,0.64,09/07/2024,1135,N20,VIIRS,h,2,300.44,6.83,D,0,10.5,27
47.15334,33.68628,367,0.49,0.65,09/07/2024,1135,N20,VIIRS,h,2,300,31.08,D,0,13.7,30
47.14706,33.67321,367,0.49,0.65,09/07/2024,1135,N20,VIIRS,h,2,299.42,36.84,D,0,13.7,30
47.07502,31.65196,367,0.39,0.6,09/07/2024,1135,N20,VIIRS,h,2,308.81,10.15,D,0,14.1,18
47.06949,31.65231,367,0.39,0.6,09/07/2024,1135,N20,VIIRS,h,2,310.85,12.12,D,0,14.1,18
47.04652,31.62728,367,0.39,0.6,09/07/2024,1135,N20,VIIRS,h,2,312.99,10.11,D,0,14.1,18
47.04099,31.62763,367,0.39,0.6,09/07/2024,1135,N20,VIIRS,h,2,313.33,10.11,D,0,14.1,18
47.03546,31.62798,367,0.39,0.6,09/07/2024,1135,N20,VIIRS,h,2,310.96,18.19,D,0,14.1,18
46.84574,32.31797,367,0.42,0.61,09/07/2024,1135,N20,VIIRS,h,2,308.84,9.32,D,0,12.3,12
46.81356,32.67225,367,0.44,0.62,09/07/2024,1135,N20,VIIRS,h,2,305.06,13.92,D,0,12.3,34
46.81371,32.67812,367,0.44,0.62,09/07/2024,1135,N20,VIIRS,h,2,306.76,9.59,D,0,12.3,34
46.80777,32.67248,367,0.44,0.62,09/07/2024,1135,N20,VIIRS,h,2,305.51,15.47,D,0,12.3,34
46.74762,32.84088,367,0.45,0.63,09/07/2024,1135,N20,VIIRS,h,2,303.92,32.74,D,0,11.7,27
46.74865,32.84344,367,0.45,0.63,09/07/2024,1135,N20,VIIRS,h,2,302.31,31.67,D,0,11.7,27
46.65579,32.87179,367,0.45,0.63,09/07/2024,1135,N20,VIIRS,h,2,305.53,13.53,D,0,11.9,26
46.65592,32.87777,367,0.45,0.63,09/07/2024,1135,N20,VIIRS,h,2,301.73,13.53,D,0,11.9,26
46.64994,32.87199,367,0.45,0.63,09/07/2024,1135,N20,VIIRS,h,2,302.47,10.12,D,0,11.9,26
46.65078,32.87273,367,0.45,0.63,09/07/2024,1135,N20,VIIRS,h,2,303.21,26.67,D,0,11.9,26
46.60534,33.19049,367,0.46,0.64,09/07/2024,1135,N20,VIIRS,h,2,299.51,9.58,D,0,13.6,33
50.73745,30.08206,367,0.35,0.57,09/07/2024,1136,N20,VIIRS,h,2,304.82,8.22,D,0,11.7,13
50.73643,30.08035,367,0.35,0.57,09/07/2024,1136,N20,VIIRS,h,2,304.55,16.19,D,0,11.7,13
47.3579,34.83511,367,0.33,0.55,10/07/2024,936,N20,VIIRS,h,2,306.25,3.55,D,0,17.9,48
47.0155,32.61406,367,0.43,0.62,10/07/2024,936,N20,VIIRS,h,2,302.61,9.14,D,0,16.3,61
47.16514,33.08801,367,0.4,0.6,10/07/2024,936,N20,VIIRS,h,2,298.29,97.04,D,0,15.9,62
47.17463,33.09945,367,0.4,0.6,10/07/2024,936,N20,VIIRS,h,2,300.46,6.12,D,0,15.9,62
47.17317,33.09456,367,0.4,0.6,10/07/2024,936,N20,VIIRS,h,2,303.82,28.88,D,0,15.9,62
47.17171,33.08967,367,0.4,0.6,10/07/2024,936,N20,VIIRS,h,2,309.27,28.88,D,0,15.9,62
47.04238,32.49723,367,0.43,0.62,10/07/2024,936,N20,VIIRS,h,2,303.25,10.74,D,0,16.3,65
47.04079,32.492,367,0.43,0.62,10/07/2024,936,N20,VIIRS,h,2,302,21.05,D,0,16.3,65
47.04919,32.49904,367,0.43,0.62,10/07/2024,936,N20,VIIRS,h,2,302.46,10.74,D,0,16.3,65
47.0476,32.49381,367,0.43,0.62,10/07/2024,936,N20,VIIRS,h,2,303.38,10.74,D,0,16.3,65
47.04699,32.49973,367,0.43,0.62,10/07/2024,936,N20,VIIRS,h,2,303.21,8.25,D,0,16.3,65
47.04538,32.49452,367,0.43,0.62,10/07/2024,936,N20,VIIRS,h,2,307.1,13.81,D,0,16.3,65
46.60326,30.93918,367,0.52,0.67,10/07/2024,936,N20,VIIRS,h,2,302.07,20.66,D,0,14.1,31
47.43041,33.389,367,0.38,0.59,10/07/2024,936,N20,VIIRS,h,2,302.06,9.71,D,0,13,66
47.54414,33.54372,367,0.37,0.58,10/07/2024,936,N20,VIIRS,h,2,302.37,5.56,D,0,13.9,68
47.54776,33.53599,367,0.37,0.58,10/07/2024,936,N20,VIIRS,h,2,305.32,16.16,D,0,13.9,68
47.54641,33.53138,367,0.37,0.58,10/07/2024,936,N20,VIIRS,h,2,305.05,16.16,D,0,13.9,68
47.68179,33.55739,367,0.37,0.58,10/07/2024,936,N20,VIIRS,h,2,304.44,8.38,D,0,11.5,62
47.68804,33.55878,367,0.37,0.58,10/07/2024,936,N20,VIIRS,h,2,306.03,8.38,D,0,11.5,62
47.44459,31.82534,367,0.45,0.63,10/07/2024,936,N20,VIIRS,h,2,300.87,8.07,D,0,16.1,48
47.44552,31.82282,367,0.45,0.63,10/07/2024,936,N20,VIIRS,h,2,301.34,8.43,D,0,16.1,48
47.81781,32.28497,367,0.41,0.61,10/07/2024,936,N20,VIIRS,h,2,301.78,6.63,D,0,15.9,39
48.1841,31.33735,367,0.44,0.62,10/07/2024,936,N20,VIIRS,h,2,300.78,18.83,D,0,14.2,34
48.46888,29.53252,367,0.51,0.66,10/07/2024,936,N20,VIIRS,h,2,296.09,46.21,D,0,11,26
48.47425,29.52801,367,0.51,0.66,10/07/2024,936,N20,VIIRS,h,2,296.73,29.79,D,0,11,26
46.86694,34.40142,367,0.36,0.57,10/07/2024,936,N20,VIIRS,h,2,306.97,13.27,D,0,14.5,66
47.52803,36.60582,367,0.55,0.51,10/07/2024,936,N20,VIIRS,h,2,306.6,13.33,D,0,14.8,70
47.2129,34.72881,367,0.34,0.56,10/07/2024,936,N20,VIIRS,h,2,307.54,5.44,D,0,15.3,47
47.21173,34.72464,367,0.34,0.56,10/07/2024,936,N20,VIIRS,h,2,308.87,13.25,D,0,15.3,47
47.21885,34.73005,367,0.34,0.56,10/07/2024,936,N20,VIIRS,h,2,308.07,4.18,D,0,15.3,47
48.47698,29.53049,367,0.51,0.66,10/07/2024,936,N20,VIIRS,h,2,294.15,27.98,D,0,11,26
46.48578,32.01222,367,0.47,0.64,10/07/2024,936,N20,VIIRS,h,2,295.45,9.96,D,0,11.8,52
47.25044,34.73058,367,0.34,0.56,10/07/2024,936,N20,VIIRS,h,2,306.91,5.97,D,0,15.3,47
46.69734,32.19299,367,0.45,0.63,10/07/2024,936,N20,VIIRS,h,2,301.8,9.91,D,0,14.9,60
47.48946,34.69995,367,0.33,0.56,10/07/2024,936,N20,VIIRS,h,2,295.36,6.82,D,0,17.1,64
46.65773,32.31089,367,0.5,0.49,10/07/2024,1116,N20,VIIRS,h,2,311.11,10.03,D,0,15.8,58
48.47375,29.51597,367,0.39,0.44,10/07/2024,1116,N20,VIIRS,h,2,303.28,11.99,D,0,11,26
48.49728,38.75491,367,0.52,0.67,10/07/2024,1116,N20,VIIRS,h,2,302.44,21.18,D,0,11.4,65
47.87456,34.35573,367,0.32,0.55,10/07/2024,1116,N20,VIIRS,h,2,304.6,4.39,D,0,13.4,66
47.94907,38.25891,367,0.49,0.65,10/07/2024,1116,N20,VIIRS,h,2,305.18,16.37,D,0,12.4,68
47.94781,38.25876,367,0.49,0.65,10/07/2024,1116,N20,VIIRS,h,2,305.05,10.91,D,0,12.4,68
47.71568,35.17126,367,0.35,0.57,10/07/2024,1116,N20,VIIRS,h,2,296.16,22.71,D,0,14.6,58
47.71004,35.16224,367,0.35,0.57,10/07/2024,1116,N20,VIIRS,h,2,292.21,25.29,D,0,14.6,58
47.61875,36.12594,367,0.39,0.59,10/07/2024,1116,N20,VIIRS,h,2,293.26,8.95,D,0,15.1,65
47.54997,35.61067,367,0.36,0.58,10/07/2024,1116,N20,VIIRS,h,2,308.81,8.1,D,0,15.4,59
47.55016,35.61556,367,0.36,0.58,10/07/2024,1116,N20,VIIRS,h,2,306.94,6.82,D,0,14.5,59
47.54462,35.61112,367,0.36,0.58,10/07/2024,1116,N20,VIIRS,h,2,305.37,6.67,D,0,15.4,59
47.48978,34.69438,367,0.33,0.55,10/07/2024,1116,N20,VIIRS,h,2,298.73,5.18,D,3,17.1,64
47.49019,34.70325,367,0.33,0.55,10/07/2024,1116,N20,VIIRS,h,2,302.05,5.55,D,0,17.1,64
47.48486,34.69922,367,0.33,0.55,10/07/2024,1116,N20,VIIRS,h,2,304.27,20.16,D,0,17.1,64
47.53373,35.89818,367,0.38,0.58,10/07/2024,1116,N20,VIIRS,h,2,304.73,11.71,D,0,14.2,65
47.5162,35.56907,367,0.36,0.58,10/07/2024,1116,N20,VIIRS,h,2,307.73,12.68,D,0,15.4,59
47.49989,35.70832,367,0.37,0.58,10/07/2024,1116,N20,VIIRS,h,2,306.89,7.37,D,0,14.4,61
47.52835,36.59494,367,0.41,0.6,10/07/2024,1116,N20,VIIRS,h,2,307.02,12.34,D,0,14.8,70
47.52291,36.60083,367,0.41,0.6,10/07/2024,1116,N20,VIIRS,h,2,303.32,37.89,D,0,14.8,70
47.43244,34.44936,367,0.32,0.55,10/07/2024,1116,N20,VIIRS,h,2,302.66,11.82,D,0,15.2,68
47.45861,35.55124,367,0.36,0.57,10/07/2024,1116,N20,VIIRS,h,2,305.1,6.62,D,0,15.2,60
47.4473,35.40666,367,0.36,0.57,10/07/2024,1116,N20,VIIRS,h,2,308.55,10.14,D,0,14.9,64
47.44181,35.4024,367,0.36,0.57,10/07/2024,1116,N20,VIIRS,h,2,309,68.82,D,0,14.9,64
47.44201,35.40716,367,0.36,0.57,10/07/2024,1116,N20,VIIRS,h,2,305.58,14.31,D,0,14.9,64
47.42757,35.57769,367,0.36,0.58,10/07/2024,1116,N20,VIIRS,h,2,308.96,18.69,D,0,15.2,60
47.41137,35.71634,367,0.37,0.58,10/07/2024,1116,N20,VIIRS,h,2,308.4,9.22,D,0,14.8,61
47.41155,35.72132,367,0.37,0.58,10/07/2024,1116,N20,VIIRS,h,2,307.31,10.85,D,0,14.8,61
47.41174,35.72635,367,0.37,0.58,10/07/2024,1116,N20,VIIRS,h,2,306.97,10.85,D,0,14.8,61
47.36,34.83747,367,0.33,0.56,10/07/2024,1116,N20,VIIRS,h,2,303.77,5.67,D,0,17.9,48
47.28616,35.60131,367,0.36,0.58,10/07/2024,1116,N20,VIIRS,h,2,311.78,15.19,D,0,13.8,63
47.23992,34.73177,367,0.33,0.55,10/07/2024,1116,N20,VIIRS,h,2,300.84,5.61,D,0,15.3,47
47.2346,34.72783,367,0.33,0.55,10/07/2024,1116,N20,VIIRS,h,2,300.03,6.43,D,0,15.3,47
47.16614,33.7281,367,0.59,0.53,10/07/2024,1116,N20,VIIRS,h,2,310.04,22.57,D,0,16.4,43
47.20901,34.73013,367,0.33,0.55,10/07/2024,1116,N20,VIIRS,h,2,292.11,10.78,D,0,14.2,54
47.1687,33.73499,367,0.59,0.53,10/07/2024,1116,N20,VIIRS,h,2,308.27,23.37,D,0,16.4,43
47.16247,33.71199,367,0.59,0.53,10/07/2024,1116,N20,VIIRS,h,2,309.86,16.71,D,0,16.4,43
47.16337,33.72768,367,0.59,0.53,10/07/2024,1116,N20,VIIRS,h,2,307.5,23.37,D,0,16.4,43
47.20636,34.72846,367,0.33,0.55,10/07/2024,1116,N20,VIIRS,h,2,297.43,37.98,D,0,14.2,54
46.8746,30.56469,367,0.42,0.45,10/07/2024,1116,N20,VIIRS,h,2,310.55,7.41,D,0,15.9,25
46.65889,32.31013,367,0.5,0.49,10/07/2024,1116,N20,VIIRS,h,2,311.66,10.55,D,0,15.8,58
46.612,32.24456,367,0.5,0.49,10/07/2024,1116,N20,VIIRS,h,2,309.62,19.75,D,0,16.6,61
46.4796,32.12807,367,0.49,0.48,10/07/2024,1116,N20,VIIRS,h,2,315.05,20.03,D,0,15.1,53
46.54029,33.19011,367,0.55,0.51,10/07/2024,1116,N20,VIIRS,h,2,307.99,25.79,D,0,12.4,58
49.81891,37.74638,367,0.47,0.64,10/07/2024,1117,N20,VIIRS,h,2,301.01,13.43,D,0,10.7,52
49.82488,37.74641,367,0.47,0.64,10/07/2024,1117,N20,VIIRS,h,2,301.62,20.71,D,0,10.7,52
49.82159,37.74648,367,0.47,0.64,10/07/2024,1117,N20,VIIRS,h,2,304.33,50.19,D,0,10.7,52
46.46923,32.10209,367,0.69,0.74,11/07/2024,111,N20,VIIRS,h,2,291.09,9.92,N,0,12.8,51
46.46313,32.09752,367,0.69,0.74,11/07/2024,111,N20,VIIRS,h,2,292.36,13.27,N,0,12.8,51
45.15344,34.23952,367,0.67,0.74,11/07/2024,916,N20,VIIRS,h,2,298.83,14.28,D,0,20.2,64
46.67081,35.14479,367,0.54,0.68,11/07/2024,917,N20,VIIRS,h,2,305.97,20.25,D,0,12.4,84
46.66934,35.143,367,0.54,0.68,11/07/2024,917,N20,VIIRS,h,2,307.93,25.07,D,0,12.4,84
47.97338,39.02152,367,0.34,0.56,11/07/2024,917,N20,VIIRS,h,2,296.93,37.69,D,0,14.8,51
47.97218,39.01722,367,0.34,0.56,11/07/2024,917,N20,VIIRS,h,2,326.28,157.64,D,0,14.8,51
47.96978,39.00871,367,0.34,0.56,11/07/2024,917,N20,VIIRS,h,2,312.08,21.56,D,0,14.8,51
47.97698,39.01442,367,0.34,0.56,11/07/2024,917,N20,VIIRS,h,2,308.18,38.8,D,0,14.8,51
47.97222,38.99741,367,0.34,0.56,11/07/2024,917,N20,VIIRS,h,2,329.67,86.95,D,0,14.8,51
47.98895,39.03716,367,0.34,0.56,11/07/2024,917,N20,VIIRS,h,2,302.54,13.26,D,0,14.8,51
47.9878,39.01306,367,0.34,0.56,11/07/2024,917,N20,VIIRS,h,2,305.47,10.74,D,0,14.8,51
47.97905,39.00985,367,0.34,0.56,11/07/2024,917,N20,VIIRS,h,2,308.24,23.97,D,0,14.8,51
47.97545,38.99726,367,0.34,0.56,11/07/2024,917,N20,VIIRS,h,2,326.55,156.72,D,0,14.8,51
47.98631,39.01561,367,0.34,0.56,11/07/2024,917,N20,VIIRS,h,2,303.86,5.86,D,0,14.8,51
47.98387,39.00709,367,0.34,0.56,11/07/2024,917,N20,VIIRS,h,2,296.92,23.97,D,0,14.8,51
48.04448,39.00339,367,0.34,0.56,11/07/2024,917,N20,VIIRS,h,2,310.24,22.84,D,0,14.8,51
47.514,36.60775,367,0.44,0.63,11/07/2024,917,N20,VIIRS,h,2,302.39,10.81,D,0,12,63
46.54841,33.62477,367,0.64,0.72,11/07/2024,917,N20,VIIRS,h,2,305.63,9.04,D,0,12.3,64
47.69173,36.7875,367,0.43,0.62,11/07/2024,917,N20,VIIRS,h,2,302.33,8.02,D,0,11.7,59
47.5817,36.38192,367,0.45,0.63,11/07/2024,917,N20,VIIRS,h,2,301.27,8.33,D,0,13.3,59
47.58876,36.38392,367,0.45,0.63,11/07/2024,917,N20,VIIRS,h,2,302.51,10.81,D,0,13.3,59
47.43374,35.68826,367,0.49,0.65,11/07/2024,917,N20,VIIRS,h,2,300.68,14.93,D,0,14,52
47.43225,35.6916,367,0.49,0.65,11/07/2024,917,N20,VIIRS,h,2,299.69,7.88,D,0,14,52
46.52973,32.69139,367,0.7,0.75,11/07/2024,917,N20,VIIRS,h,2,303.3,14.12,D,0,12.6,51
46.43135,32.41819,367,0.72,0.76,11/07/2024,917,N20,VIIRS,h,2,310,43.09,D,0,11.6,61
47.74339,36.29951,367,0.45,0.63,11/07/2024,917,N20,VIIRS,h,2,303.17,184.68,D,0,13.8,54
47.26333,34.80209,367,0.54,0.68,11/07/2024,917,N20,VIIRS,h,2,305.78,14.82,D,0,13.3,42
47.24673,34.70963,367,0.54,0.68,11/07/2024,917,N20,VIIRS,h,2,303.29,11.77,D,0,14.1,42
47.74482,36.2981,367,0.45,0.63,11/07/2024,917,N20,VIIRS,h,2,301.41,191.1,D,0,13.8,54
47.26337,34.80303,367,0.54,0.68,11/07/2024,917,N20,VIIRS,h,2,303.33,13.3,D,0,13.3,42
46.43304,32.42101,367,0.72,0.76,11/07/2024,917,N20,VIIRS,h,2,306.75,120.21,D,0,11.6,61
47.24641,34.71099,367,0.54,0.68,11/07/2024,917,N20,VIIRS,h,2,303.15,16.78,D,0,14.1,42
46.43921,32.41621,367,0.72,0.76,11/07/2024,917,N20,VIIRS,h,2,307.46,120.21,D,0,11.6,61
47.34742,34.84644,367,0.53,0.67,11/07/2024,917,N20,VIIRS,h,2,304.17,25.19,D,0,14.2,34
46.4452,32.08428,367,0.75,0.77,11/07/2024,917,N20,VIIRS,h,2,304.31,18.16,D,0,12.8,51
46.44202,32.07558,367,0.75,0.77,11/07/2024,917,N20,VIIRS,h,2,305.17,96.2,D,0,11.9,60
46.45461,32.0881,367,0.74,0.76,11/07/2024,917,N20,VIIRS,h,2,308.1,49.18,D,0,12.8,51
46.44828,32.07076,367,0.75,0.77,11/07/2024,917,N20,VIIRS,h,2,308.81,143.76,D,0,12.8,51
46.48598,32.15233,367,0.74,0.76,11/07/2024,917,N20,VIIRS,h,2,299.69,14.18,D,0,12.8,51
47.31368,34.49197,367,0.55,0.68,11/07/2024,917,N20,VIIRS,h,2,304.94,12.26,D,0,14.1,53
46.45129,32.10398,367,0.74,0.76,11/07/2024,917,N20,VIIRS,h,2,307.74,22.49,D,0,12.8,51
46.44169,32.07811,367,0.75,0.77,11/07/2024,917,N20,VIIRS,h,2,304.2,62.43,D,0,12.8,51
46.43848,32.06946,367,0.75,0.77,11/07/2024,917,N20,VIIRS,h,2,306.49,248.28,D,0,11.9,60
46.45435,32.09056,367,0.74,0.76,11/07/2024,917,N20,VIIRS,h,2,307.5,22.49,D,0,12.8,51
46.44795,32.07331,367,0.75,0.77,11/07/2024,917,N20,VIIRS,h,2,307.83,62.43,D,0,12.8,51
47.31198,34.49269,367,0.55,0.68,11/07/2024,917,N20,VIIRS,h,2,304.43,7.34,D,0,14.1,53
46.48286,32.14597,367,0.74,0.76,11/07/2024,917,N20,VIIRS,h,2,302.93,20.49,D,0,12.8,51
47.47891,34.67824,367,0.53,0.67,11/07/2024,917,N20,VIIRS,h,2,304.63,20.07,D,0,13.7,64
47.70397,35.15168,367,0.5,0.66,11/07/2024,917,N20,VIIRS,h,2,300.52,15.81,D,0,13.9,53
47.25618,33.81177,367,0.59,0.7,11/07/2024,917,N20,VIIRS,h,2,306.11,8.71,D,0,15.3,36
47.47641,34.35674,367,0.55,0.68,11/07/2024,917,N20,VIIRS,h,2,303.03,15.32,D,0,13.7,59
46.72411,32.15194,367,0.72,0.76,11/07/2024,917,N20,VIIRS,h,2,308.07,31.66,D,0,12.7,63
47.47472,34.35756,367,0.55,0.68,11/07/2024,917,N20,VIIRS,h,2,303.2,14.77,D,0,13.7,59
46.72481,32.15355,367,0.72,0.76,11/07/2024,917,N20,VIIRS,h,2,307.59,26.95,D,0,12.7,63
47.29232,33.67896,367,0.6,0.7,11/07/2024,917,N20,VIIRS,h,2,307.99,13.42,D,0,14.9,50
47.44934,33.86185,367,0.58,0.7,11/07/2024,917,N20,VIIRS,h,2,307,13.86,D,0,12.4,60
47.57178,34.20479,367,0.56,0.68,11/07/2024,917,N20,VIIRS,h,2,300.34,27.81,D,0,13.1,60
47.44559,33.8626,367,0.58,0.7,11/07/2024,917,N20,VIIRS,h,2,305.23,10.9,D,0,12.4,60
47.5696,34.20401,367,0.56,0.68,11/07/2024,917,N20,VIIRS,h,2,302.03,12.77,D,0,13.1,60
48.273,35.82701,367,0.45,0.63,11/07/2024,917,N20,VIIRS,h,2,302.25,14.6,D,0,13.1,52
48.97707,38.12816,367,0.34,0.56,11/07/2024,917,N20,VIIRS,h,2,307.35,11.29,D,0,11.9,51
47.63524,33.61861,367,0.58,0.7,11/07/2024,917,N20,VIIRS,h,2,306.69,16.12,D,0,12.2,49
49.83624,37.72642,367,0.33,0.56,11/07/2024,917,N20,VIIRS,h,2,307.65,17.07,D,0,12,44
49.84093,37.72316,367,0.33,0.56,11/07/2024,917,N20,VIIRS,h,2,301.62,23.03,D,0,12,44
49.94933,37.82706,367,0.33,0.55,11/07/2024,917,N20,VIIRS,h,2,301.18,13.41,D,0,12.1,47
46.44046,32.07092,367,0.46,0.39,11/07/2024,1057,N20,VIIRS,h,2,321.6,13.11,D,0,11.9,60
46.6217,30.92061,367,0.43,0.38,11/07/2024,1057,N20,VIIRS,h,2,318.53,20.06,D,0,12.5,79
47.3396,34.82468,367,0.4,0.44,11/07/2024,1057,N20,VIIRS,h,2,310.57,5.91,D,0,14.2,41
47.43775,33.84908,367,0.55,0.43,11/07/2024,1057,N20,VIIRS,h,2,316.35,23.8,D,0,12.4,60
47.57573,34.74883,367,0.4,0.44,11/07/2024,1057,N20,VIIRS,h,2,310.36,16.27,D,0,13.7,59
47.96434,39.01511,367,0.63,0.54,11/07/2024,1057,N20,VIIRS,h,2,333.85,187.71,D,0,14.8,51
47.9731,38.9879,367,0.63,0.54,11/07/2024,1057,N20,VIIRS,h,2,306.63,63.09,D,0,14.8,51
47.71842,35.16883,367,0.42,0.45,11/07/2024,1057,N20,VIIRS,h,2,308.35,13.98,D,0,13.9,53
47.98103,39.04519,367,0.32,0.54,11/07/2024,1057,N20,VIIRS,h,2,305.95,10.18,D,0,14.8,51
47.97855,38.99568,367,0.63,0.54,11/07/2024,1057,N20,VIIRS,h,2,311.08,32.95,D,0,14.8,51
47.98607,39.04474,367,0.32,0.54,11/07/2024,1057,N20,VIIRS,h,2,313.04,13.35,D,0,14.8,51
47.984,39.00369,367,0.63,0.54,11/07/2024,1057,N20,VIIRS,h,2,316.21,60.55,D,0,14.8,51
47.9849,39.04527,367,0.32,0.54,11/07/2024,1057,N20,VIIRS,h,2,310.18,12.76,D,0,14.8,51
47.98954,39.03572,367,0.32,0.54,11/07/2024,1057,N20,VIIRS,h,2,309.86,5.26,D,0,14.8,51
47.99477,39.03951,367,0.32,0.54,11/07/2024,1057,N20,VIIRS,h,2,310.06,5.26,D,0,14.8,51
48.0199,36.00054,367,0.46,0.47,11/07/2024,1057,N20,VIIRS,h,2,310.71,44.79,D,0,13.4,51
46.4299,32.41022,367,0.47,0.4,11/07/2024,1057,N20,VIIRS,h,2,347.66,132.31,D,0,11.6,61
46.42923,32.40406,367,0.47,0.4,11/07/2024,1057,N20,VIIRS,h,2,355.95,132.31,D,0,11.6,61
46.42789,32.39176,367,0.47,0.4,11/07/2024,1057,N20,VIIRS,h,2,348.24,154.37,D,0,11.6,61
46.42722,32.38562,367,0.47,0.4,11/07/2024,1057,N20,VIIRS,h,2,322.93,14.56,D,0,11.6,61
49.83821,37.72493,367,0.57,0.52,11/07/2024,1058,N20,VIIRS,h,2,301.62,13.3,D,0,12,44
47.22661,34.04538,367,0.49,0.65,12/07/2024,52,N20,VIIRS,h,2,291.26,8.55,N,0,12.8,45
47.22748,34.05136,367,0.49,0.65,12/07/2024,52,N20,VIIRS,h,2,292.25,11.18,N,0,12.8,45
47.13072,36.97526,367,0.7,0.75,12/07/2024,858,N20,VIIRS,h,2,296.26,13.94,D,0,12.6,54
47.12663,36.98005,367,0.69,0.75,12/07/2024,858,N20,VIIRS,h,2,296.98,17.09,D,0,12.6,54
48.35775,39.42586,367,0.5,0.66,12/07/2024,858,N20,VIIRS,h,2,308.08,16.4,D,0,14.2,49
48.36066,39.42493,367,0.5,0.66,12/07/2024,858,N20,VIIRS,h,2,308.43,6.82,D,0,14.2,49
48.59913,39.6273,367,0.48,0.65,12/07/2024,858,N20,VIIRS,h,2,306.83,7.95,D,0,12.9,49
48.40067,37.73461,367,0.58,0.7,12/07/2024,858,N20,VIIRS,h,2,302.45,17.34,D,0,11.6,54
48.18036,38.21326,367,0.57,0.69,12/07/2024,858,N20,VIIRS,h,2,303.9,28.07,D,0,13.2,53
46.08866,33.39569,367,0.39,0.36,12/07/2024,1038,N20,VIIRS,h,2,339.47,98.6,D,0,10,40
46.08724,33.38577,367,0.39,0.36,12/07/2024,1038,N20,VIIRS,h,2,319.6,15.19,D,0,10,40
47.31343,33.92467,367,0.4,0.37,12/07/2024,1038,N20,VIIRS,h,2,316.73,52.59,D,0,13.8,41
47.27451,32.33448,367,0.38,0.36,12/07/2024,1038,N20,VIIRS,h,2,337.8,127.33,D,0,11.5,61
48.04399,36.8474,367,0.48,0.4,12/07/2024,1038,N20,VIIRS,h,2,330.65,55.41,D,0,12.7,54
48.35489,39.41981,367,0.41,0.45,12/07/2024,1038,N20,VIIRS,h,2,321.73,13.21,D,0,14.2,49
46.80577,33.33645,367,0.43,0.38,13/07/2024,1019,N20,VIIRS,h,2,312.04,6.03,D,0,10.8,53
45.6594,28.54864,367,0.45,0.47,13/07/2024,1019,N20,VIIRS,h,2,313.63,23.21,D,0,7.4,113
45.66264,28.55521,367,0.45,0.47,13/07/2024,1019,N20,VIIRS,h,2,311.68,15.97,D,0,7.4,113
47.62176,34.77473,367,0.39,0.37,13/07/2024,1019,N20,VIIRS,h,2,315.64,12.37,D,0,12.2,70
47.52824,35.91944,367,0.39,0.36,13/07/2024,1019,N20,VIIRS,h,2,320.24,5.95,D,0,12,60
47.5307,35.91327,367,0.39,0.36,13/07/2024,1019,N20,VIIRS,h,2,317.42,10.08,D,0,12,60
47.96017,38.57392,367,0.4,0.37,13/07/2024,1019,N20,VIIRS,h,2,317.63,12.26,D,0,13.4,49
47.95946,38.56862,367,0.4,0.37,13/07/2024,1019,N20,VIIRS,h,2,340.93,85.79,D,0,13.4,49
47.80527,36.82605,367,0.38,0.36,13/07/2024,1019,N20,VIIRS,h,2,319.24,10.47,D,0,12,58
45.71133,29.57234,367,0.62,0.72,13/07/2024,1200,N20,VIIRS,h,2,300.14,17.75,D,0,8.4,89
47.1924,36.32223,367,0.48,0.4,14/07/2024,1001,N20,VIIRS,h,2,327.07,67.11,D,0,12.3,48
46.7072,33.96289,367,0.4,0.44,14/07/2024,1001,N20,VIIRS,h,2,317.3,11.08,D,0,12.7,41
46.66522,33.46192,367,0.42,0.45,14/07/2024,1001,N20,VIIRS,h,2,319.89,6.96,D,0,11.4,33
46.49698,32.63874,367,0.46,0.47,14/07/2024,1001,N20,VIIRS,h,2,312.99,11.82,D,0,10.5,47
46.92166,33.78171,367,0.4,0.44,14/07/2024,1001,N20,VIIRS,h,2,312.65,12.1,D,0,12.3,40
46.98037,33.86826,367,0.4,0.44,14/07/2024,1001,N20,VIIRS,h,2,312,10.44,D,0,12.4,39
47.69328,37.24537,367,0.44,0.38,14/07/2024,1001,N20,VIIRS,h,2,315.21,10.33,D,0,10.5,48
47.08088,34.18069,367,0.38,0.44,14/07/2024,1001,N20,VIIRS,h,2,313.35,12.58,D,0,12,49
46.99387,33.64225,367,0.41,0.45,14/07/2024,1001,N20,VIIRS,h,2,309.38,5.31,D,0,13.2,31
46.72738,32.11034,367,0.48,0.48,14/07/2024,1001,N20,VIIRS,h,2,333.65,110.99,D,0,10.8,60
46.97882,33.10548,367,0.43,0.46,14/07/2024,1001,N20,VIIRS,h,2,315.08,21.43,D,0,12.1,53
48.46775,37.56568,367,0.42,0.38,14/07/2024,1001,N20,VIIRS,h,2,314.49,12.15,D,0,9.5,37
48.47112,37.56428,367,0.42,0.38,14/07/2024,1001,N20,VIIRS,h,2,317.29,15.8,D,0,9.5,37
48.78016,36.80057,367,0.44,0.38,14/07/2024,1001,N20,VIIRS,h,2,346.88,85.27,D,0,9.9,43
48.51149,29.60145,367,0.55,0.51,14/07/2024,1001,N20,VIIRS,h,2,337.81,209.45,D,0,7.5,156
49.9244,37.80453,367,0.4,0.37,14/07/2024,1001,N20,VIIRS,h,2,306.63,8.34,D,0,5,335
46.68979,34.02748,367,0.61,0.71,14/07/2024,1141,N20,VIIRS,h,2,311.97,35.63,D,0,11.5,38
46.74919,35.71579,367,0.73,0.76,14/07/2024,1141,N20,VIIRS,h,2,301.43,16.84,D,0,10.2,91
46.97474,33.62269,367,0.58,0.7,14/07/2024,1141,N20,VIIRS,h,2,303,14.24,D,0,13.2,31
46.98127,33.63086,367,0.58,0.7,14/07/2024,1141,N20,VIIRS,h,2,304.42,10.63,D,0,13.2,31
46.9776,33.10451,367,0.55,0.68,14/07/2024,1141,N20,VIIRS,h,2,306.77,7.94,D,0,12.1,53
46.96154,33.6169,367,0.58,0.7,14/07/2024,1141,N20,VIIRS,h,2,299.52,13.24,D,0,13.2,31
46.9615,33.40715,367,0.57,0.69,14/07/2024,1141,N20,VIIRS,h,2,303.89,70.81,D,0,12.7,44
46.96803,33.61641,367,0.58,0.7,14/07/2024,1141,N20,VIIRS,h,2,303.87,30.16,D,0,13.2,31
46.97452,33.62432,367,0.58,0.7,14/07/2024,1141,N20,VIIRS,h,2,303.28,11.71,D,0,13.2,31
46.97255,32.92188,367,0.54,0.68,14/07/2024,1141,N20,VIIRS,h,2,305.08,17.07,D,0,10.8,59
46.98101,33.63246,367,0.58,0.7,14/07/2024,1141,N20,VIIRS,h,2,303.28,13.03,D,0,13.2,31
46.97984,33.10549,367,0.55,0.68,14/07/2024,1141,N20,VIIRS,h,2,304.85,8.58,D,0,12.1,53
47.43747,36.4261,367,0.79,0.78,14/07/2024,1141,N20,VIIRS,h,2,296.62,17.36,D,0,12.9,46
47.4445,36.43736,367,0.79,0.78,14/07/2024,1141,N20,VIIRS,h,2,297.87,56.3,D,0,12.9,46
46.98751,33.63263,367,0.58,0.7,14/07/2024,1141,N20,VIIRS,h,2,303.68,13.03,D,0,13.2,31
47.36108,35.31078,367,0.7,0.75,14/07/2024,1141,N20,VIIRS,h,2,302.29,23.33,D,0,11.5,52
47.32053,34.55833,367,0.65,0.73,14/07/2024,1141,N20,VIIRS,h,2,302.31,153,D,0,12.3,45
46.88461,32.57335,367,0.52,0.67,14/07/2024,1141,N20,VIIRS,h,2,307.86,28.93,D,0,11.7,58
46.88454,32.56629,367,0.52,0.67,14/07/2024,1141,N20,VIIRS,h,2,309.3,28.93,D,0,11.3,63
46.96173,33.61521,367,0.58,0.7,14/07/2024,1141,N20,VIIRS,h,2,301.22,11.77,D,0,13.2,31
46.9607,33.40577,367,0.57,0.69,14/07/2024,1141,N20,VIIRS,h,2,306.2,136.55,D,0,12.7,44
46.96825,33.62307,367,0.58,0.7,14/07/2024,1141,N20,VIIRS,h,2,301.52,14.24,D,0,13.2,31
46.96822,33.61473,367,0.58,0.7,14/07/2024,1141,N20,VIIRS,h,2,303.13,14.24,D,0,13.2,31
47.06021,31.99519,367,0.49,0.65,14/07/2024,1141,N20,VIIRS,h,2,308.33,10.9,D,0,9.7,58
47.43781,36.42794,367,0.79,0.78,14/07/2024,1141,N20,VIIRS,h,2,297.18,40.88,D,0,12.9,46
47.30708,34.54934,367,0.65,0.73,14/07/2024,1141,N20,VIIRS,h,2,302.26,90.88,D,0,12.3,45
47.30025,34.55811,367,0.65,0.73,14/07/2024,1141,N20,VIIRS,h,2,302.78,90.88,D,0,12.3,45
46.28216,34.36971,367,0.63,0.72,14/07/2024,1141,N20,VIIRS,h,2,313.08,29.76,D,0,10.3,78
46.54937,30.73033,367,0.42,0.61,14/07/2024,1141,N20,VIIRS,h,2,307.6,14.61,D,0,7.4,104
46.57548,32.81615,367,0.53,0.67,14/07/2024,1141,N20,VIIRS,h,2,304.53,11.45,D,0,11.8,44
46.50249,30.68204,367,0.42,0.61,14/07/2024,1141,N20,VIIRS,h,2,310.68,9.19,D,0,7.6,79
46.50265,30.68781,367,0.42,0.61,14/07/2024,1141,N20,VIIRS,h,2,306.9,11.41,D,0,7.6,79
46.506,30.68298,367,0.42,0.61,14/07/2024,1141,N20,VIIRS,h,2,309.92,20.9,D,0,7.6,79
46.50656,31.85017,367,0.48,0.65,14/07/2024,1141,N20,VIIRS,h,2,301.77,10.73,D,0,10.1,67
47.29854,34.55843,367,0.65,0.73,14/07/2024,1141,N20,VIIRS,h,2,302.96,105.8,D,0,12.3,45
47.12507,29.91857,367,0.39,0.59,14/07/2024,1141,N20,VIIRS,h,2,309.53,6.86,D,0,6.2,101
47.12538,29.92858,367,0.39,0.59,14/07/2024,1141,N20,VIIRS,h,2,311.61,13.88,D,0,6.2,101
47.08297,35.47347,367,0.71,0.75,14/07/2024,1141,N20,VIIRS,h,2,302.79,23.37,D,0,11.4,48
47.06123,31.9932,367,0.49,0.65,14/07/2024,1141,N20,VIIRS,h,2,308.09,9.39,D,0,9.7,58
46.87848,32.58067,367,0.52,0.67,14/07/2024,1141,N20,VIIRS,h,2,311.55,33.58,D,0,11.7,58
47.51251,29.8061,367,0.39,0.59,14/07/2024,1141,N20,VIIRS,h,2,311.03,9.77,D,0,6.6,129
47.56964,33.49243,367,0.58,0.7,14/07/2024,1141,N20,VIIRS,h,2,305.37,19.61,D,0,9.6,51
47.56939,34.17122,367,0.62,0.72,14/07/2024,1141,N20,VIIRS,h,2,304.83,11.2,D,0,6.6,53
46.87214,32.56648,367,0.52,0.67,14/07/2024,1141,N20,VIIRS,h,2,305.04,29.92,D,0,11.7,58
46.87228,32.58074,367,0.52,0.67,14/07/2024,1141,N20,VIIRS,h,2,306.89,33.58,D,0,11.7,58
46.87253,32.60838,367,0.52,0.67,14/07/2024,1141,N20,VIIRS,h,2,308.19,8.4,D,0,11.7,58
46.86607,32.58092,367,0.52,0.67,14/07/2024,1141,N20,VIIRS,h,2,307.74,7.03,D,0,11.7,58
46.8536,32.57404,367,0.52,0.67,14/07/2024,1141,N20,VIIRS,h,2,306.15,16.11,D,0,11.7,58
46.87381,32.56826,367,0.52,0.67,14/07/2024,1141,N20,VIIRS,h,2,305.31,20.46,D,0,11.7,58
46.87402,32.58247,367,0.52,0.67,14/07/2024,1141,N20,VIIRS,h,2,307.59,36.57,D,0,11.7,58
46.8744,32.6101,367,0.52,0.67,14/07/2024,1141,N20,VIIRS,h,2,307.86,9.02,D,0,11.7,58
46.86781,32.58257,367,0.52,0.67,14/07/2024,1141,N20,VIIRS,h,2,308.69,36.57,D,0,11.7,58
46.8679,32.58931,367,0.52,0.67,14/07/2024,1141,N20,VIIRS,h,2,307.52,12.01,D,0,11.7,58
46.8553,32.5757,367,0.52,0.67,14/07/2024,1141,N20,VIIRS,h,2,306.87,12.32,D,0,11.7,58
46.58798,32.29199,367,0.5,0.66,14/07/2024,1141,N20,VIIRS,h,2,307.26,12.3,D,0,11.4,58
46.59072,35.37274,367,0.7,0.75,14/07/2024,1141,N20,VIIRS,h,2,304.37,33.01,D,0,9.6,90
46.50706,31.8756,367,0.48,0.65,14/07/2024,1141,N20,VIIRS,h,2,305.89,28.78,D,0,10.1,67
47.35967,35.30465,367,0.7,0.75,14/07/2024,1141,N20,VIIRS,h,2,301.44,12.53,D,0,11.5,52
46.5942,32.29864,367,0.5,0.66,14/07/2024,1141,N20,VIIRS,h,2,303.3,5.65,D,0,11.4,58
46.6273,32.08556,367,0.49,0.65,14/07/2024,1141,N20,VIIRS,h,2,309.11,25.06,D,0,10.8,60
46.63348,32.09206,367,0.49,0.65,14/07/2024,1141,N20,VIIRS,h,2,301.57,25.06,D,3,10.8,60
46.63323,32.07833,367,0.49,0.65,14/07/2024,1141,N20,VIIRS,h,2,310.7,19.03,D,0,10.8,60
46.65682,33.4788,367,0.57,0.69,14/07/2024,1141,N20,VIIRS,h,2,305.04,15.32,D,0,11.4,33
46.65676,33.47116,367,0.57,0.69,14/07/2024,1141,N20,VIIRS,h,2,306.3,15.32,D,0,11.4,33
46.66326,33.47881,367,0.57,0.69,14/07/2024,1141,N20,VIIRS,h,2,305.23,15.32,D,0,11.4,33
46.6697,33.47886,367,0.57,0.69,14/07/2024,1141,N20,VIIRS,h,2,308.7,14.81,D,0,11.4,33
46.67621,33.48656,367,0.57,0.69,14/07/2024,1141,N20,VIIRS,h,2,306.96,19.91,D,0,11.4,33
46.67598,33.45602,367,0.57,0.69,14/07/2024,1141,N20,VIIRS,h,2,306.72,20.88,D,0,11.4,33
46.62815,32.08668,367,0.49,0.65,14/07/2024,1141,N20,VIIRS,h,2,309.47,47.2,D,0,10.8,60
46.63421,32.08635,367,0.49,0.65,14/07/2024,1141,N20,VIIRS,h,2,310.12,12.11,D,0,10.8,60
46.63412,32.07947,367,0.49,0.65,14/07/2024,1141,N20,VIIRS,h,2,309.33,8.43,D,0,10.8,60
46.65714,33.46614,367,0.57,0.69,14/07/2024,1141,N20,VIIRS,h,2,305.29,11.43,D,0,11.4,33
46.6636,33.47374,367,0.57,0.69,14/07/2024,1141,N20,VIIRS,h,2,307.43,14.24,D,0,11.4,33
46.67007,33.48142,367,0.57,0.69,14/07/2024,1141,N20,VIIRS,h,2,305.35,10.75,D,0,11.4,33
46.67675,32.56393,367,0.52,0.67,14/07/2024,1141,N20,VIIRS,h,2,305.43,10.97,D,0,11.4,54
50.10755,30.99492,367,0.45,0.63,14/07/2024,1142,N20,VIIRS,h,2,301.9,8.5,D,0,7.4,174
47.56978,33.49428,367,0.58,0.7,14/07/2024,1142,N20,VIIRS,h,2,303.61,11.41,D,0,9.6,51
47.51278,29.80456,367,0.39,0.59,14/07/2024,1142,N20,VIIRS,h,2,311.15,10.13,D,0,6.6,129
50.10167,30.99516,367,0.45,0.63,14/07/2024,1142,N20,VIIRS,h,2,302.24,8.5,D,0,7.4,174
48.25538,30.19662,367,0.41,0.61,14/07/2024,1142,N20,VIIRS,h,2,313.87,14.11,D,0,5.8,142
47.9315,29.28196,367,0.37,0.58,14/07/2024,1142,N20,VIIRS,h,2,314.1,12.02,D,0,7,165
47.97411,31.17739,367,0.45,0.63,14/07/2024,1142,N20,VIIRS,h,2,309.13,7.2,D,0,5.4,81
47.93431,29.28335,367,0.37,0.58,14/07/2024,1142,N20,VIIRS,h,2,308.2,16.22,D,0,7,165
47.97532,31.17777,367,0.45,0.63,14/07/2024,1142,N20,VIIRS,h,2,308.5,9.79,D,0,5.6,82
47.74104,31.07431,367,0.45,0.63,14/07/2024,1142,N20,VIIRS,h,2,309.73,16.36,D,0,5.9,74
47.73521,31.07457,367,0.45,0.63,14/07/2024,1142,N20,VIIRS,h,2,306.67,11.33,D,0,5.9,74
47.63472,34.79772,367,0.67,0.73,14/07/2024,1142,N20,VIIRS,h,2,297.93,16.09,D,0,10.7,58
47.61966,34.15808,367,0.62,0.71,14/07/2024,1142,N20,VIIRS,h,2,300.76,11.43,D,0,6.6,53
47.57303,34.16536,367,0.62,0.72,14/07/2024,1142,N20,VIIRS,h,2,304.63,15.1,D,0,6.6,53
48.90572,38.65605,367,0.63,0.72,14/07/2024,2214,N20,VIIRS,h,2,290.31,11.46,N,0,8.1,36
46.77465,32.51435,367,0.37,0.58,15/07/2024,942,N20,VIIRS,h,2,300.51,15.65,D,0,14,45
46.77958,32.51119,367,0.37,0.58,15/07/2024,942,N20,VIIRS,h,2,303.68,15.65,D,0,14,45
47.00789,33.11244,367,0.34,0.56,15/07/2024,942,N20,VIIRS,h,2,299.47,29.66,D,0,15.1,46
47.00423,33.11132,367,0.34,0.56,15/07/2024,942,N20,VIIRS,h,2,303.57,11.1,D,0,15.1,46
47.00784,33.1042,367,0.34,0.56,15/07/2024,942,N20,VIIRS,h,2,302.74,20.74,D,0,15.1,46
47.07025,31.98231,367,0.38,0.59,15/07/2024,942,N20,VIIRS,h,2,304.14,11.06,D,0,10.7,34
46.18804,34.26411,367,0.32,0.55,15/07/2024,942,N20,VIIRS,h,2,309.12,11.36,D,0,12.3,71
46.18812,34.26485,367,0.32,0.55,15/07/2024,942,N20,VIIRS,h,2,307.59,6.51,D,0,12.3,71
46.19283,34.26212,367,0.32,0.55,15/07/2024,942,N20,VIIRS,h,2,306.6,6.51,D,3,12.3,71
47.47799,37.88708,367,0.42,0.45,15/07/2024,942,N20,VIIRS,h,2,312.22,9.35,D,0,13.6,27
46.18626,32.62938,367,0.38,0.59,15/07/2024,942,N20,VIIRS,h,2,292.37,18.87,D,0,10.7,43
46.18493,32.62474,367,0.38,0.59,15/07/2024,942,N20,VIIRS,h,2,296.98,18.87,D,0,10.7,43
46.18156,32.62368,367,0.38,0.59,15/07/2024,942,N20,VIIRS,h,2,297.56,11.78,D,0,10.7,43
47.66202,37.74406,367,0.42,0.45,15/07/2024,942,N20,VIIRS,h,2,307.65,7.99,D,0,11,32
46.63603,33.48891,367,0.34,0.56,15/07/2024,942,N20,VIIRS,h,2,304.8,4.93,D,0,13.4,37
46.63488,33.48476,367,0.34,0.56,15/07/2024,942,N20,VIIRS,h,2,306,8.87,D,0,13.4,37
46.6466,33.50688,367,0.34,0.56,15/07/2024,942,N20,VIIRS,h,2,302.27,10.66,D,0,13.4,37
46.6443,33.49858,367,0.34,0.56,15/07/2024,942,N20,VIIRS,h,2,307.63,10.89,D,0,13.4,37
46.64315,33.49442,367,0.34,0.56,15/07/2024,942,N20,VIIRS,h,2,307.76,10.89,D,0,13.4,37
46.65141,33.50407,367,0.34,0.56,15/07/2024,942,N20,VIIRS,h,2,307.84,8.79,D,0,13.4,37
46.6562,33.50124,367,0.34,0.56,15/07/2024,942,N20,VIIRS,h,2,304.73,8.79,D,0,13.4,37
46.66101,33.49841,367,0.34,0.56,15/07/2024,942,N20,VIIRS,h,2,303.14,6.44,D,0,13.4,37
46.65434,33.50366,367,0.34,0.56,15/07/2024,942,N20,VIIRS,h,2,302.89,8.32,D,0,13.4,37
46.65914,33.50085,367,0.34,0.56,15/07/2024,942,N20,VIIRS,h,2,303.61,8.32,D,0,13.4,37
46.70012,33.44756,367,0.34,0.56,15/07/2024,942,N20,VIIRS,h,2,306.16,14.19,D,0,14.5,34
46.59557,32.81452,367,0.37,0.58,15/07/2024,942,N20,VIIRS,h,2,301.85,19.04,D,0,13.5,45
47.71328,36.98417,367,0.45,0.47,15/07/2024,942,N20,VIIRS,h,2,313.07,20.45,D,0,11.2,35
46.60908,32.8011,367,0.37,0.58,15/07/2024,942,N20,VIIRS,h,2,298.48,10.65,D,0,13.5,45
46.88358,33.34081,367,0.34,0.56,15/07/2024,942,N20,VIIRS,h,2,304.74,5.78,D,0,14.5,44
50.58884,34.58231,367,0.47,0.48,15/07/2024,943,N20,VIIRS,h,2,301.54,16.28,D,0,7.6,343
47.3402,36.42593,367,0.47,0.64,15/07/2024,1122,N20,VIIRS,h,2,300.93,54.12,D,0,13.7,42
47.31462,35.69889,367,0.44,0.62,15/07/2024,1122,N20,VIIRS,h,2,292.74,25.16,D,0,13.7,42
47.26198,34.07092,367,0.37,0.58,15/07/2024,1122,N20,VIIRS,h,2,301.5,7.54,D,0,13.9,33
47.00995,34.30383,367,0.37,0.58,15/07/2024,1122,N20,VIIRS,h,2,302.01,9.43,D,0,14,40
46.91192,32.56651,367,0.62,0.54,15/07/2024,1122,N20,VIIRS,h,2,306.56,14.68,D,0,13.7,45
46.91235,32.57474,367,0.62,0.54,15/07/2024,1122,N20,VIIRS,h,2,305.66,14.68,D,0,13.7,45
47.01287,33.10667,367,0.33,0.55,15/07/2024,1122,N20,VIIRS,h,2,304.56,8.6,D,0,15.1,46
46.98789,36.17009,367,0.46,0.63,15/07/2024,1122,N20,VIIRS,h,2,305.06,11,D,0,14.9,45
47.39196,35.35309,367,0.42,0.61,15/07/2024,1122,N20,VIIRS,h,2,290.91,3.36,D,0,12.3,44
47.40825,37.43539,367,0.53,0.67,15/07/2024,1122,N20,VIIRS,h,2,300.22,10.48,D,0,13.8,36
47.34618,36.42606,367,0.47,0.64,15/07/2024,1122,N20,VIIRS,h,2,302.86,63.14,D,0,13.7,42
47.27712,34.53039,367,0.38,0.59,15/07/2024,1122,N20,VIIRS,h,2,306.12,9.54,D,0,13.7,43
47.31446,35.69858,367,0.44,0.62,15/07/2024,1122,N20,VIIRS,h,2,294.29,43.07,D,0,13.7,42
46.7738,32.51461,367,0.61,0.53,15/07/2024,1122,N20,VIIRS,h,2,294.71,27.03,D,0,14,45
47.85284,36.44832,367,0.48,0.64,15/07/2024,1122,N20,VIIRS,h,2,299.73,36.3,D,0,11.9,40
47.84685,36.44841,367,0.48,0.64,15/07/2024,1122,N20,VIIRS,h,2,299.65,36.3,D,0,11.9,40
47.76476,36.57536,367,0.48,0.65,15/07/2024,1122,N20,VIIRS,h,2,301.55,20.57,D,0,11.5,39
47.76342,36.97266,367,0.5,0.66,15/07/2024,1122,N20,VIIRS,h,2,295.19,12.22,D,0,11.2,35
47.70867,36.97416,367,0.5,0.66,15/07/2024,1122,N20,VIIRS,h,2,291.14,11.33,D,0,11.2,35
47.70262,36.98104,367,0.5,0.66,15/07/2024,1122,N20,VIIRS,h,2,293.14,15.25,D,0,11.2,35
47.67135,36.47446,367,0.48,0.65,15/07/2024,1122,N20,VIIRS,h,2,291.56,12.43,D,0,12.5,40
47.57429,34.84115,367,0.4,0.6,15/07/2024,1122,N20,VIIRS,h,2,297.61,8.07,D,3,12.1,49
47.48705,36.15211,367,0.46,0.64,15/07/2024,1122,N20,VIIRS,h,2,302.71,9.2,D,0,12.6,45
47.48405,36.30261,367,0.47,0.64,15/07/2024,1122,N20,VIIRS,h,2,291.37,8.75,D,0,12.6,43
47.45158,35.85878,367,0.45,0.63,15/07/2024,1122,N20,VIIRS,h,2,301.08,11,D,0,13.3,41
47.43206,35.76301,367,0.44,0.62,15/07/2024,1122,N20,VIIRS,h,2,303.38,8.35,D,0,12.7,41
47.41223,37.43597,367,0.53,0.67,15/07/2024,1122,N20,VIIRS,h,2,302.27,23.22,D,0,13.8,36
45.71757,28.73873,367,0.4,0.44,15/07/2024,1122,N20,VIIRS,h,2,316.58,12.49,D,0,8.9,33
47.27752,34.52961,367,0.38,0.59,15/07/2024,1122,N20,VIIRS,h,2,306.17,19.8,D,0,13.7,43
47.85509,36.44493,367,0.48,0.64,15/07/2024,1123,N20,VIIRS,h,2,304.66,36.04,D,0,12.2,40
47.8491,36.44505,367,0.48,0.64,15/07/2024,1123,N20,VIIRS,h,2,305.59,31.91,D,0,11.9,40
47.83583,36.86622,367,0.5,0.66,15/07/2024,1123,N20,VIIRS,h,2,300.8,12.51,D,0,11.2,37
50.58288,34.5834,367,0.41,0.6,15/07/2024,1123,N20,VIIRS,h,2,297.63,11.57,D,0,7.6,343
48.9597,35.3571,367,0.43,0.62,15/07/2024,1123,N20,VIIRS,h,2,297.36,10.15,D,0,7.9,23
48.95396,35.35727,367,0.43,0.62,15/07/2024,1123,N20,VIIRS,h,2,299.08,27.53,D,0,7.9,23
48.95898,35.35973,367,0.43,0.62,15/07/2024,1123,N20,VIIRS,h,2,296.8,19.47,D,0,7.9,23
48.95324,35.35987,367,0.43,0.62,15/07/2024,1123,N20,VIIRS,h,2,296.27,20.33,D,0,7.9,23
48.70705,39.1667,367,0.64,0.72,15/07/2024,1123,N20,VIIRS,h,2,291.38,35.05,D,0,8.9,15
48.70042,39.15754,367,0.64,0.72,15/07/2024,1123,N20,VIIRS,h,2,294.97,65.41,D,0,8.9,15
48.70031,39.16703,367,0.64,0.72,15/07/2024,1123,N20,VIIRS,h,2,292.7,35.05,D,0,9.1,14
48.68694,39.15781,367,0.64,0.72,15/07/2024,1123,N20,VIIRS,h,2,295.7,72.75,D,0,9.1,14
48.6981,39.16445,367,0.64,0.72,15/07/2024,1123,N20,VIIRS,h,2,292.24,95.05,D,0,8.9,15
48.69136,39.1643,367,0.64,0.72,15/07/2024,1123,N20,VIIRS,h,2,292.45,95.05,D,0,9.1,14
48.68469,39.155,367,0.64,0.72,15/07/2024,1123,N20,VIIRS,h,2,293.17,27.72,D,0,9.1,14
47.52335,36.2456,367,0.39,0.59,16/07/2024,923,N20,VIIRS,h,2,304.13,8.25,D,0,13.9,40
46.79153,33.94292,367,0.52,0.67,16/07/2024,923,N20,VIIRS,h,2,303.1,14.23,D,0,15.3,44
46.79756,33.9615,367,0.52,0.67,16/07/2024,923,N20,VIIRS,h,2,301.99,15.61,D,0,16.4,42
46.78595,33.94674,367,0.52,0.67,16/07/2024,923,N20,VIIRS,h,2,301.55,49.75,D,0,15.1,45
46.76966,33.98055,367,0.52,0.67,16/07/2024,923,N20,VIIRS,h,2,305.58,23.47,D,0,16.4,42
46.77167,33.98672,367,0.52,0.67,16/07/2024,923,N20,VIIRS,h,2,303.2,9.89,D,0,16.4,42
47.59734,37.5419,367,0.34,0.56,16/07/2024,923,N20,VIIRS,h,2,301.4,5.94,D,0,11.5,37
47.75274,36.04689,367,0.39,0.59,16/07/2024,923,N20,VIIRS,h,2,307.2,10,D,0,13.1,37
47.62548,35.52352,367,0.42,0.61,16/07/2024,923,N20,VIIRS,h,2,305.63,7.22,D,0,13.2,34
46.61261,32.37113,367,0.61,0.71,16/07/2024,923,N20,VIIRS,h,2,301.14,17.04,D,0,14.6,51
46.61853,32.36694,367,0.61,0.71,16/07/2024,923,N20,VIIRS,h,2,299.44,25.71,D,0,15.2,49
48.67809,39.12783,367,0.54,0.51,16/07/2024,923,N20,VIIRS,h,2,329.93,46.85,D,0,9.8,25
46.86279,32.98241,367,0.57,0.69,16/07/2024,923,N20,VIIRS,h,2,299.12,12.14,D,0,14,43
48.67345,39.11538,367,0.54,0.51,16/07/2024,923,N20,VIIRS,h,2,313.69,15.4,D,0,9.8,25
48.67163,39.10854,367,0.54,0.51,16/07/2024,923,N20,VIIRS,h,2,315.81,56.53,D,0,9.8,25
46.61715,32.36107,367,0.61,0.71,16/07/2024,923,N20,VIIRS,h,2,299.48,18.78,D,0,15.2,49
48.09618,36.87835,367,0.35,0.57,16/07/2024,923,N20,VIIRS,h,2,311.1,35.32,D,0,12.7,34
48.08975,36.85612,367,0.35,0.57,16/07/2024,923,N20,VIIRS,h,2,305.91,23.11,D,0,12.3,33
47.68212,36.03788,367,0.39,0.6,16/07/2024,923,N20,VIIRS,h,2,305.83,9.21,D,0,13.7,40
47.69003,36.04424,367,0.39,0.6,16/07/2024,923,N20,VIIRS,h,2,307.16,11.81,D,0,13.7,40
47.67701,35.95968,367,0.4,0.6,16/07/2024,923,N20,VIIRS,h,2,308.23,7.61,D,0,13.2,38
47.67876,35.96178,367,0.4,0.6,16/07/2024,923,N20,VIIRS,h,2,305.29,16.65,D,0,13.2,38
47.67731,35.95696,367,0.4,0.6,16/07/2024,923,N20,VIIRS,h,2,307.41,18.22,D,0,13.2,38
47.70569,36.13763,367,0.39,0.59,16/07/2024,923,N20,VIIRS,h,2,305.86,10.09,D,0,13.7,40
47.71075,36.13447,367,0.39,0.59,16/07/2024,923,N20,VIIRS,h,2,303.51,10.09,D,0,13.7,40
47.685,36.04758,367,0.39,0.6,16/07/2024,923,N20,VIIRS,h,2,307.05,6.91,D,0,13.7,40
47.68356,36.04274,367,0.39,0.6,16/07/2024,923,N20,VIIRS,h,2,306.19,9.21,D,0,13.7,40
46.12976,34.30351,367,0.53,0.67,16/07/2024,923,N20,VIIRS,h,2,300.99,20.48,D,0,13.6,53
46.13063,34.30374,367,0.53,0.67,16/07/2024,923,N20,VIIRS,h,2,300.12,23.94,D,0,13.6,53
48.10103,36.87527,367,0.35,0.57,16/07/2024,923,N20,VIIRS,h,2,306.42,35.32,D,0,12.7,34
48.09721,36.86207,367,0.35,0.57,16/07/2024,923,N20,VIIRS,h,2,311.65,102.62,D,0,12.7,34
48.10586,36.87216,367,0.35,0.57,16/07/2024,923,N20,VIIRS,h,2,307.02,23.8,D,0,12.7,34
47.36646,32.62818,367,0.56,0.69,16/07/2024,923,N20,VIIRS,h,2,302.13,29.68,D,0,14.3,40
48.13502,36.87401,367,0.35,0.57,16/07/2024,923,N20,VIIRS,h,2,306,3.09,D,0,12.7,34
48.36572,37.59224,367,0.32,0.55,16/07/2024,923,N20,VIIRS,h,2,307.2,6.2,D,0,11.5,28
46.63741,32.03521,367,0.63,0.72,16/07/2024,923,N20,VIIRS,h,2,294.19,6.93,D,0,13.8,48
46.63658,32.03632,367,0.63,0.72,16/07/2024,923,N20,VIIRS,h,2,294.34,16.48,D,0,13.8,48
48.43943,36.70344,367,0.35,0.57,16/07/2024,923,N20,VIIRS,h,2,308.45,12.78,D,0,11.6,35
48.43455,36.70635,367,0.35,0.57,16/07/2024,923,N20,VIIRS,h,2,307.57,6.86,D,0,11.6,35
48.39323,36.72176,367,0.35,0.57,16/07/2024,923,N20,VIIRS,h,2,303.22,5.11,D,0,11.6,35
47.39725,33.74324,367,0.5,0.66,16/07/2024,923,N20,VIIRS,h,2,305.71,38.58,D,0,14.3,37
48.0834,35.94384,367,0.39,0.59,16/07/2024,923,N20,VIIRS,h,2,305.4,8.9,D,0,13,28
47.38976,33.74102,367,0.5,0.66,16/07/2024,923,N20,VIIRS,h,2,304.35,39.64,D,0,14,40
48.21663,36.55383,367,0.36,0.57,16/07/2024,923,N20,VIIRS,h,2,306.78,16.73,D,0,12,34
48.21676,36.55552,367,0.36,0.57,16/07/2024,923,N20,VIIRS,h,2,304.84,13.72,D,0,12,34
48.29833,36.94105,367,0.35,0.56,16/07/2024,923,N20,VIIRS,h,2,309.43,27.85,D,0,11.6,37
48.21635,36.71445,367,0.35,0.57,16/07/2024,923,N20,VIIRS,h,2,304.47,7.99,D,0,12.1,36
47.28309,33.83745,367,0.5,0.66,16/07/2024,923,N20,VIIRS,h,2,303.61,17,D,0,15,33
48.02087,37.59788,367,0.33,0.55,16/07/2024,923,N20,VIIRS,h,2,303.23,5.37,D,0,12.2,29
47.39043,35.40163,367,0.43,0.62,16/07/2024,923,N20,VIIRS,h,2,305.08,5.34,D,0,12.7,37
48.74503,31.58959,367,0.56,0.69,16/07/2024,924,N20,VIIRS,h,2,303.01,36.39,D,0,8.1,36
47.57913,30.25595,367,0.69,0.74,16/07/2024,924,N20,VIIRS,h,2,302.52,15.29,D,0,9.1,56
47.82399,31.88516,367,0.58,0.7,16/07/2024,924,N20,VIIRS,h,2,303.75,25.34,D,0,13.8,43
46.86658,33.33406,367,0.4,0.44,16/07/2024,1103,N20,VIIRS,h,2,307.5,5.73,D,0,16.1,41
46.86746,33.34465,367,0.4,0.44,16/07/2024,1103,N20,VIIRS,h,2,310.16,10.15,D,0,16.1,41
46.86368,33.33647,367,0.4,0.44,16/07/2024,1103,N20,VIIRS,h,2,310.06,8.88,D,0,16.1,41
47.57977,36.22353,367,0.55,0.51,16/07/2024,1103,N20,VIIRS,h,2,311.53,19.18,D,0,13.9,40
47.53172,35.82754,367,0.53,0.5,16/07/2024,1103,N20,VIIRS,h,2,310.74,9.33,D,0,12.2,39
47.35568,35.31544,367,0.5,0.49,16/07/2024,1103,N20,VIIRS,h,2,311.49,16.09,D,0,12.3,35
47.21395,34.67026,367,0.47,0.47,16/07/2024,1103,N20,VIIRS,h,2,314.26,6.88,D,0,15,32
46.21238,29.18601,367,0.42,0.38,16/07/2024,1103,N20,VIIRS,h,2,338.22,49.75,D,0,9.2,59
45.02053,35.97515,367,0.51,0.49,16/07/2024,1103,N20,VIIRS,h,2,303.27,10.77,D,3,20,36
45.02007,35.96861,367,0.51,0.49,16/07/2024,1103,N20,VIIRS,h,2,308.17,10.77,D,3,20,36
45.02555,35.98103,367,0.51,0.49,16/07/2024,1103,N20,VIIRS,h,2,311.31,23.88,D,0,20,36
48.0787,37.658,367,0.33,0.55,16/07/2024,1104,N20,VIIRS,h,2,311.89,8.84,D,0,11.7,29
48.09472,36.85969,367,0.6,0.53,16/07/2024,1104,N20,VIIRS,h,2,311.08,12.58,D,0,12.7,34
48.16444,37.6818,367,0.33,0.55,16/07/2024,1104,N20,VIIRS,h,2,306.38,4.55,D,0,12.1,28
48.16955,37.6813,367,0.33,0.55,16/07/2024,1104,N20,VIIRS,h,2,306.14,6.9,D,0,12.1,28
48.34464,37.57828,367,0.33,0.55,16/07/2024,1104,N20,VIIRS,h,2,310.24,5.03,D,0,11.9,28
48.53741,37.52564,367,0.32,0.55,16/07/2024,1104,N20,VIIRS,h,2,306.39,3.39,D,0,10.4,29
48.65483,39.08796,367,0.38,0.59,16/07/2024,1104,N20,VIIRS,h,2,298.99,15.41,D,0,9.8,25
48.66081,39.1032,367,0.38,0.59,16/07/2024,1104,N20,VIIRS,h,2,303.46,21.64,D,0,9.8,25
48.66047,39.09254,367,0.38,0.59,16/07/2024,1104,N20,VIIRS,h,2,305.36,15.41,D,0,9.8,25
48.66029,39.08727,367,0.38,0.59,16/07/2024,1104,N20,VIIRS,h,2,305.55,15.41,D,0,9.8,25
48.66011,39.08192,367,0.38,0.59,16/07/2024,1104,N20,VIIRS,h,2,305.64,9.59,D,0,9.8,25
48.66593,39.09197,367,0.38,0.59,16/07/2024,1104,N20,VIIRS,h,2,308.36,10.43,D,0,9.8,25
48.66575,39.08665,367,0.38,0.59,16/07/2024,1104,N20,VIIRS,h,2,308.54,10.43,D,0,9.8,25
48.67193,39.10753,367,0.39,0.59,16/07/2024,1104,N20,VIIRS,h,2,298.85,6.47,D,0,9.8,25
48.67175,39.10217,367,0.38,0.59,16/07/2024,1104,N20,VIIRS,h,2,306.1,7.16,D,0,9.8,25
48.67239,39.10593,367,0.39,0.59,16/07/2024,1104,N20,VIIRS,h,2,304.86,11.36,D,0,9.8,25
48.38029,31.61028,367,0.53,0.42,16/07/2024,1104,N20,VIIRS,h,2,314.4,14.88,D,0,8.5,38
48.9469,38.16455,367,0.35,0.57,16/07/2024,1104,N20,VIIRS,h,2,302.7,6.95,D,0,10.1,26
48.75948,32.69604,367,0.4,0.44,16/07/2024,1104,N20,VIIRS,h,2,307.62,10.96,D,0,10,17
49.15173,37.90732,367,0.34,0.56,16/07/2024,1104,N20,VIIRS,h,2,302.35,5.27,D,0,10.4,29
49.44823,37.71045,367,0.34,0.56,16/07/2024,1104,N20,VIIRS,h,2,304.03,25.92,D,0,9.3,25
48.51265,29.41255,367,0.33,0.56,17/07/2024,58,N20,VIIRS,h,2,290.61,9.71,N,0,6.3,44
48.31376,38.74776,367,0.46,0.63,17/07/2024,904,N20,VIIRS,h,2,303.84,11.17,D,0,8.2,19
48.30834,38.75119,367,0.46,0.63,17/07/2024,904,N20,VIIRS,h,2,300.81,9.76,D,0,8.2,19
48.31389,38.74921,367,0.46,0.63,17/07/2024,904,N20,VIIRS,h,2,303.29,37.25,D,0,8.2,19
47.63322,36.56856,367,0.6,0.7,17/07/2024,904,N20,VIIRS,h,2,302.83,70.21,D,0,9.4,32
47.62745,36.57304,367,0.6,0.7,17/07/2024,904,N20,VIIRS,h,2,301.62,70.21,D,0,9.4,32
48.15209,38.34523,367,0.48,0.65,17/07/2024,904,N20,VIIRS,h,2,299.11,31.15,D,0,8.9,33
47.99717,38.13787,367,0.5,0.66,17/07/2024,904,N20,VIIRS,h,2,301.26,6.13,D,0,7.5,40
48.11448,38.92323,367,0.46,0.63,17/07/2024,904,N20,VIIRS,h,2,305.27,24.81,D,0,6.7,42
47.50262,35.9396,367,0.64,0.72,17/07/2024,904,N20,VIIRS,h,2,300.78,20.35,D,0,9.9,30
47.50118,35.93929,367,0.64,0.72,17/07/2024,905,N20,VIIRS,h,2,301.26,19.39,D,0,9.9,30
47.44374,35.43645,367,0.67,0.74,17/07/2024,905,N20,VIIRS,h,2,297.51,15.36,D,0,10,40
47.44076,35.44008,367,0.67,0.74,17/07/2024,905,N20,VIIRS,h,2,297.42,14.26,D,0,10,40
47.79344,36.34493,367,0.6,0.71,17/07/2024,905,N20,VIIRS,h,2,303.25,9.27,D,0,8.7,45
49.10279,39.78772,367,0.39,0.59,17/07/2024,905,N20,VIIRS,h,2,310.07,12.59,D,0,8.4,17
49.10778,39.78419,367,0.39,0.59,17/07/2024,905,N20,VIIRS,h,2,303.37,12.59,D,0,8.4,17
49.10871,39.78099,367,0.39,0.59,17/07/2024,905,N20,VIIRS,h,2,301.42,7.19,D,0,8.4,17
49.11675,39.78743,367,0.39,0.59,17/07/2024,905,N20,VIIRS,h,2,301.55,12.16,D,0,8.4,17
48.90736,35.7704,367,0.58,0.7,17/07/2024,905,N20,VIIRS,h,2,305.82,20.55,D,0,9.7,47
48.00491,33.7149,367,0.75,0.77,17/07/2024,905,N20,VIIRS,h,2,297.49,23.05,D,0,11.6,38
48.44781,35.65806,367,0.61,0.71,17/07/2024,905,N20,VIIRS,h,2,302.69,15.25,D,0,10.7,43
48.44271,35.72788,367,0.6,0.71,17/07/2024,905,N20,VIIRS,h,2,299.88,16.9,D,0,10.7,43
48.57969,36.2865,367,0.57,0.69,17/07/2024,905,N20,VIIRS,h,2,304.76,13.06,D,0,11.2,42
48.58202,36.29319,367,0.57,0.69,17/07/2024,905,N20,VIIRS,h,2,300.97,13.06,D,0,11.2,42
48.58366,36.28959,367,0.57,0.69,17/07/2024,905,N20,VIIRS,h,2,302.26,21.9,D,0,11.2,42
49.04615,38.58268,367,0.44,0.62,17/07/2024,905,N20,VIIRS,h,2,304.05,105.19,D,0,9.4,22
48.5164,37.00135,367,0.53,0.67,17/07/2024,905,N20,VIIRS,h,2,301.73,14.02,D,0,10.9,42
48.26492,36.4749,367,0.57,0.69,17/07/2024,905,N20,VIIRS,h,2,303.27,37.28,D,0,10.3,43
48.26339,36.48079,367,0.57,0.69,17/07/2024,905,N20,VIIRS,h,2,300.01,144.83,D,0,10.3,43
48.2577,36.48521,367,0.57,0.69,17/07/2024,905,N20,VIIRS,h,2,304.84,155.4,D,0,10.3,43
48.91213,38.67303,367,0.44,0.62,17/07/2024,905,N20,VIIRS,h,2,302.88,19.61,D,0,8.2,17
48.90691,38.67681,367,0.44,0.62,17/07/2024,905,N20,VIIRS,h,2,302.82,19.61,D,0,8.2,17
46.90169,33.36995,367,0.41,0.37,17/07/2024,1044,N20,VIIRS,h,2,315.96,14.55,D,0,14.4,48
46.85387,33.16047,367,0.41,0.37,17/07/2024,1044,N20,VIIRS,h,2,314.5,15.47,D,0,13.4,54
48.13434,31.62125,367,0.39,0.36,17/07/2024,1045,N20,VIIRS,h,2,347.03,63.91,D,0,10.9,48
48.906,38.66929,367,0.45,0.47,17/07/2024,1045,N20,VIIRS,h,2,326.96,51.96,D,0,8.2,17
47.71504,33.27877,367,0.42,0.38,17/07/2024,1045,N20,VIIRS,h,2,310.35,5.95,D,0,10.7,46
47.57647,33.80172,367,0.43,0.38,17/07/2024,1045,N20,VIIRS,h,2,338.1,150.41,D,0,10.4,39
47.94526,37.51271,367,0.39,0.44,17/07/2024,1045,N20,VIIRS,h,2,303.59,11.63,D,0,9.2,35
48.39098,31.61131,367,0.39,0.37,17/07/2024,1045,N20,VIIRS,h,2,319.64,9.4,D,0,8.9,44
46.93896,33.36679,367,0.33,0.55,17/07/2024,2259,N20,VIIRS,h,2,296.36,8.17,N,0,14.4,48
46.47427,32.47645,367,0.36,0.57,17/07/2024,2300,N20,VIIRS,h,2,290.41,17.15,N,0,11.6,49
46.47593,32.48034,367,0.36,0.57,17/07/2024,2300,N20,VIIRS,h,2,294.33,11.02,N,0,11.6,49
46.47061,32.47984,367,0.36,0.57,17/07/2024,2300,N20,VIIRS,h,2,296.15,14.61,N,0,11.6,49
50.11316,36.94149,367,0.72,0.75,18/07/2024,846,N20,VIIRS,h,2,295.91,30.18,D,0,7.5,3
49.46186,38.12431,367,0.69,0.74,18/07/2024,846,N20,VIIRS,h,2,297.93,35.95,D,0,9.1,4
48.53386,37.50896,367,0.79,0.78,18/07/2024,846,N20,VIIRS,h,2,300.39,18.23,D,0,10,17
48.52769,37.51462,367,0.79,0.78,18/07/2024,846,N20,VIIRS,h,2,299.35,14.35,D,0,10,17
48.53185,37.51693,367,0.79,0.78,18/07/2024,846,N20,VIIRS,h,2,299.75,18.01,D,0,9.5,14
46.16388,34.24417,367,0.39,0.36,18/07/2024,1025,N20,VIIRS,h,2,332.44,46.92,D,0,9.9,81
47.64328,30.17848,367,0.46,0.39,18/07/2024,1026,N20,VIIRS,h,2,311.61,12.75,D,0,10.4,7
48.3644,33.64263,367,0.39,0.36,18/07/2024,1026,N20,VIIRS,h,2,334.16,55.56,D,0,12.4,12
48.69273,35.47013,367,0.39,0.36,18/07/2024,1026,N20,VIIRS,h,2,315.29,10.42,D,0,9.3,17
46.54939,32.77874,367,0.41,0.37,18/07/2024,1026,N20,VIIRS,h,2,325.35,32.52,D,0,8.6,17
46.91284,33.23294,367,0.4,0.37,18/07/2024,1026,N20,VIIRS,h,2,317.76,15.8,D,0,10.9,47
47.68983,34.80071,367,0.38,0.36,18/07/2024,1026,N20,VIIRS,h,2,318.78,9.96,D,0,12.5,25
45.47007,28.23935,367,0.64,0.72,18/07/2024,1206,N20,VIIRS,h,2,293.42,56.88,D,0,12.7,357
45.46773,28.23749,367,0.64,0.72,18/07/2024,1206,N20,VIIRS,h,2,294.37,47.09,D,0,12.7,357
47.63745,30.08149,367,0.79,0.78,18/07/2024,1207,N20,VIIRS,h,2,294.62,16.66,D,0,9.9,7
47.71215,35.19732,367,0.46,0.64,18/07/2024,2240,N20,VIIRS,h,2,294.89,12.24,N,3,12.1,20
47.70843,35.19176,367,0.46,0.64,18/07/2024,2240,N20,VIIRS,h,2,292.81,32.52,N,0,12.1,20
48.47923,37.76827,367,0.35,0.57,18/07/2024,2240,N20,VIIRS,h,2,292.33,6.05,N,0,9.7,21
48.4798,37.7722,367,0.35,0.57,18/07/2024,2240,N20,VIIRS,h,2,292.99,8.5,N,0,9.7,21
46.41695,32.48141,367,0.61,0.71,18/07/2024,2240,N20,VIIRS,h,2,290.04,16.08,N,0,9.9,351
48.1861,35.83508,367,0.43,0.62,18/07/2024,2240,N20,VIIRS,h,2,292.32,5.79,N,0,11.3,25
46.4164,32.48608,367,0.4,0.44,19/07/2024,21,N20,VIIRS,h,2,294.02,6.42,N,0,14.2,12
46.4125,32.48421,367,0.4,0.44,19/07/2024,21,N20,VIIRS,h,2,299.49,16.5,N,0,14.2,12
47.90455,36.59065,367,0.41,0.37,19/07/2024,1007,N20,VIIRS,h,2,340.46,65.85,D,0,11.7,1
46.8845,33.43458,367,0.68,0.74,19/07/2024,1148,N20,VIIRS,h,2,290.68,19.96,D,0,14.9,11
48.38281,39.48639,367,0.46,0.39,20/07/2024,948,N20,VIIRS,h,2,306.85,7.02,D,0,13,2
46.41563,32.50647,367,0.32,0.55,20/07/2024,948,N20,VIIRS,h,2,304.97,9.38,D,0,10.5,3
49.48386,36.29379,367,0.56,0.43,20/07/2024,949,N20,VIIRS,h,2,310.81,13.93,D,0,9.8,352
47.93838,30.09334,367,0.37,0.58,20/07/2024,949,N20,VIIRS,h,2,304.37,13.36,D,0,8,4
48.24551,30.49272,367,0.35,0.57,20/07/2024,949,N20,VIIRS,h,2,304.68,13.22,D,0,8.9,20
48.25158,30.49402,367,0.35,0.57,20/07/2024,949,N20,VIIRS,h,2,306.21,17.38,D,0,9.4,21
48.31755,32.41608,367,0.37,0.58,20/07/2024,1129,N20,VIIRS,h,2,299.46,9.19,D,0,12.4,9
46.91421,33.43843,367,0.4,0.6,20/07/2024,1129,N20,VIIRS,h,2,295.62,14.21,D,0,11.7,28
46.80885,31.75635,367,0.34,0.56,20/07/2024,1129,N20,VIIRS,h,2,296.25,10.43,D,0,13.5,14
49.40324,35.48444,367,0.52,0.67,20/07/2024,1129,N20,VIIRS,h,2,305.54,10.65,D,0,10.7,348
48.91409,38.66508,367,0.72,0.76,20/07/2024,1129,N20,VIIRS,h,2,295.95,15.78,D,0,10.2,1
48.7542,32.75757,367,0.39,0.59,20/07/2024,1129,N20,VIIRS,h,2,299.46,5.86,D,0,11.8,3
48.75412,32.7606,367,0.39,0.59,20/07/2024,1129,N20,VIIRS,h,2,297.93,5.43,D,0,11.8,3
48.53195,36.14332,367,0.55,0.68,20/07/2024,1129,N20,VIIRS,h,2,292.34,28.98,D,0,10.3,13
48.52983,36.14236,367,0.55,0.68,20/07/2024,1129,N20,VIIRS,h,2,292.08,32.61,D,0,10.3,13
47.27994,31.24038,367,0.32,0.55,20/07/2024,1129,N20,VIIRS,h,2,299.62,7.5,D,0,12.2,13
47.27489,31.24087,367,0.32,0.55,20/07/2024,1129,N20,VIIRS,h,2,300.05,9.51,D,0,12.2,13
47.47094,36.10885,367,0.34,0.56,21/07/2024,929,N20,VIIRS,h,2,302.61,24.34,D,0,6.5,227
47.4685,36.12006,367,0.34,0.56,21/07/2024,929,N20,VIIRS,h,2,296.28,12.06,D,0,6.5,172
46.74438,34.00142,367,0.44,0.62,21/07/2024,929,N20,VIIRS,h,2,295.52,12.98,D,0,8,60
46.94841,33.40686,367,0.46,0.64,21/07/2024,929,N20,VIIRS,h,2,299.72,16.4,D,0,9,64
46.95187,33.41796,367,0.46,0.64,21/07/2024,929,N20,VIIRS,h,2,296.54,33.62,D,0,9,64
46.94652,33.42155,367,0.46,0.64,21/07/2024,929,N20,VIIRS,h,2,299.83,27.98,D,0,9,64
48.54948,35.61678,367,0.33,0.55,21/07/2024,930,N20,VIIRS,h,2,309.94,6.02,D,0,8.1,338
48.52747,35.83369,367,0.32,0.55,21/07/2024,930,N20,VIIRS,h,2,305.17,8.11,D,0,7,339
48.52167,35.83268,367,0.32,0.55,21/07/2024,930,N20,VIIRS,h,2,308.94,8.6,D,0,7,339
48.51126,35.99365,367,0.32,0.54,21/07/2024,930,N20,VIIRS,h,2,308.68,5.37,D,0,6.6,335
48.50661,35.99657,367,0.32,0.54,21/07/2024,930,N20,VIIRS,h,2,313.46,21.63,D,0,6.6,335
47.87715,34.52891,367,0.39,0.59,21/07/2024,930,N20,VIIRS,h,2,292.23,9.8,D,0,9.8,13
48.22594,36.1147,367,0.32,0.55,21/07/2024,930,N20,VIIRS,h,2,311.75,23.83,D,0,5.9,347
48.05586,36.01747,367,0.33,0.55,21/07/2024,930,N20,VIIRS,h,2,309.82,7.27,D,0,6.4,348
48.05116,36.02042,367,0.33,0.55,21/07/2024,930,N20,VIIRS,h,2,307.96,7.3,D,0,5.7,343
47.83723,33.88372,367,0.41,0.61,21/07/2024,930,N20,VIIRS,h,2,296.67,50.1,D,0,8.3,20
48.87293,34.75501,367,0.35,0.57,21/07/2024,930,N20,VIIRS,h,2,291.31,5.52,D,0,8.8,357
47.83171,33.88383,367,0.41,0.61,21/07/2024,930,N20,VIIRS,h,2,296.14,27.59,D,0,8.3,20
47.85784,32.134,367,0.49,0.65,21/07/2024,930,N20,VIIRS,h,2,296.05,6.83,D,0,10.8,43
47.59957,31.52273,367,0.53,0.67,21/07/2024,930,N20,VIIRS,h,2,298.52,11.19,D,0,7.9,53
47.24998,37.60112,367,0.38,0.59,21/07/2024,1110,N20,VIIRS,h,2,304.44,11.92,D,0,9.2,147
47.25543,37.6007,367,0.38,0.59,21/07/2024,1110,N20,VIIRS,h,2,301.41,11.92,D,0,9,152
47.26069,37.59519,367,0.38,0.59,21/07/2024,1110,N20,VIIRS,h,2,298,8.25,D,0,9,152
47.25645,37.59888,367,0.38,0.59,21/07/2024,1110,N20,VIIRS,h,2,303.32,29.28,D,0,9,152
47.39788,35.62852,367,0.62,0.54,21/07/2024,1110,N20,VIIRS,h,2,296.08,12.31,D,0,6.7,354
47.46083,36.10221,367,0.32,0.55,21/07/2024,1110,N20,VIIRS,h,2,300.94,10.84,D,0,6.5,227
47.46592,36.10184,367,0.32,0.55,21/07/2024,1110,N20,VIIRS,h,2,298.32,10.84,D,0,6.5,227
47.47122,36.10592,367,0.32,0.55,21/07/2024,1110,N20,VIIRS,h,2,290.23,8.15,D,0,6.5,227
47.58355,37.83262,367,0.39,0.6,21/07/2024,1110,N20,VIIRS,h,2,301.28,13.73,D,0,5.6,151
47.58889,37.82722,367,0.39,0.6,21/07/2024,1110,N20,VIIRS,h,2,304.92,9.99,D,0,5.6,151
47.58871,37.82193,367,0.39,0.59,21/07/2024,1110,N20,VIIRS,h,2,309.77,9.99,D,0,5.6,151
47.58289,37.82938,367,0.39,0.6,21/07/2024,1110,N20,VIIRS,h,2,307.05,13.94,D,0,5.6,151
47.58827,37.82397,367,0.39,0.6,21/07/2024,1110,N20,VIIRS,h,2,306.82,6.33,D,0,5.6,151
48.09065,38.43413,367,0.42,0.61,21/07/2024,1110,N20,VIIRS,h,2,309.78,18.5,D,0,5.4,79
48.16342,37.53098,367,0.38,0.59,21/07/2024,1110,N20,VIIRS,h,2,310.68,13.49,D,0,7.3,353
48.23153,36.41272,367,0.34,0.56,21/07/2024,1110,N20,VIIRS,h,2,302.49,4.07,D,0,5.9,350
48.25272,35.96912,367,0.32,0.55,21/07/2024,1110,N20,VIIRS,h,2,297.32,61.15,D,0,7,349
48.28093,36.469,367,0.34,0.56,21/07/2024,1110,N20,VIIRS,h,2,304.19,4.46,D,0,5.7,356
48.25579,35.96618,367,0.32,0.55,21/07/2024,1110,N20,VIIRS,h,2,298.01,11.56,D,0,7,349
48.315,37.43026,367,0.38,0.59,21/07/2024,1110,N20,VIIRS,h,2,304.9,14.26,D,0,7.5,123
48.28168,36.47131,367,0.34,0.56,21/07/2024,1110,N20,VIIRS,h,2,302.98,7.18,D,0,5.7,356
48.2815,36.46664,367,0.34,0.56,21/07/2024,1110,N20,VIIRS,h,2,304.15,7.18,D,0,5.9,350
48.42663,37.83108,367,0.4,0.6,21/07/2024,1110,N20,VIIRS,h,2,306.5,15.45,D,0,6.6,43
48.43095,37.82779,367,0.4,0.6,21/07/2024,1110,N20,VIIRS,h,2,307.68,12.94,D,0,6.6,43
48.38654,35.9684,367,0.33,0.55,21/07/2024,1110,N20,VIIRS,h,2,303.29,6.17,D,0,6.7,337
48.50777,35.98152,367,0.33,0.55,21/07/2024,1110,N20,VIIRS,h,2,300.96,7.49,D,0,6.6,335
48.59543,38.41828,367,0.42,0.61,21/07/2024,1110,N20,VIIRS,h,2,302.43,12.78,D,0,6.6,1
48.94067,35.68304,367,0.32,0.54,21/07/2024,1110,N20,VIIRS,h,2,303.32,37.6,D,0,6.9,344
48.93541,35.67901,367,0.32,0.54,21/07/2024,1110,N20,VIIRS,h,2,311.61,70.48,D,0,6.9,344
48.97404,36.87436,367,0.36,0.58,21/07/2024,1110,N20,VIIRS,h,2,308.16,14.58,D,0,6.8,2
48.90937,38.73469,367,0.44,0.62,21/07/2024,1110,N20,VIIRS,h,2,302.06,20.71,D,0,6.8,344
48.2507,35.9666,367,0.32,0.55,21/07/2024,1110,N20,VIIRS,h,2,303.31,27.49,D,0,7,349
47.57364,38.01358,367,0.45,0.63,22/07/2024,911,N20,VIIRS,h,2,298.6,25.37,D,0,6.6,276
47.90501,37.39552,367,0.45,0.47,22/07/2024,1051,N20,VIIRS,h,2,305.5,6.28,D,0,6.6,24
47.87165,33.44759,367,0.38,0.59,23/07/2024,46,N20,VIIRS,h,2,291.56,15.47,N,2,12.2,347
48.20954,36.67425,367,0.75,0.77,23/07/2024,852,N20,VIIRS,h,2,294.48,16.4,D,0,9.3,1
47.08615,33.56536,367,0.38,0.36,23/07/2024,1032,N20,VIIRS,h,2,337.32,116.6,D,0,11,356
47.83245,33.18506,367,0.38,0.36,23/07/2024,1032,N20,VIIRS,h,2,312.73,6.48,D,0,12.8,348
47.71262,30.25078,367,0.42,0.37,23/07/2024,1032,N20,VIIRS,h,2,334.31,63.38,D,0,11.6,342
47.96317,36.69535,367,0.33,0.55,23/07/2024,2246,N20,VIIRS,h,2,287.12,11.32,N,0,8,358
47.96297,36.69981,367,0.33,0.55,23/07/2024,2246,N20,VIIRS,h,2,288.71,14.56,N,0,8,358
47.96065,36.69812,367,0.33,0.55,23/07/2024,2246,N20,VIIRS,h,2,286.24,5.77,N,0,8,358
47.96043,36.70256,367,0.33,0.55,23/07/2024,2246,N20,VIIRS,h,2,292.47,15.36,N,0,8,358
46.32281,33.38538,367,0.46,0.64,23/07/2024,2247,N20,VIIRS,h,2,291.46,5.59,N,0,9.7,355
48.68099,37.55265,367,0.34,0.56,24/07/2024,27,N20,VIIRS,h,2,284.47,4.84,N,0,11.6,13
46.33841,32.13666,367,0.7,0.75,24/07/2024,1154,N20,VIIRS,h,2,296.25,21.37,D,0,10.5,335
46.33679,32.13723,367,0.7,0.75,24/07/2024,1154,N20,VIIRS,h,2,295.5,19.73,D,0,10.5,335
46.87636,32.76497,367,0.75,0.77,24/07/2024,1154,N20,VIIRS,h,2,296.22,48.22,D,0,9.4,11
46.84995,31.77238,367,0.68,0.74,24/07/2024,1154,N20,VIIRS,h,2,301.39,42.47,D,0,10.3,3
46.87351,32.77087,367,0.75,0.77,24/07/2024,1154,N20,VIIRS,h,2,291.59,26.93,D,0,9.4,11
46.61328,30.93796,367,0.62,0.71,24/07/2024,1154,N20,VIIRS,h,2,293.44,11.17,D,0,8.6,356
46.51139,32.55211,367,0.74,0.76,24/07/2024,1154,N20,VIIRS,h,2,293.24,16.54,D,0,8.8,338
46.72983,33.34217,367,0.5,0.49,25/07/2024,954,N20,VIIRS,h,2,304.34,10.57,D,0,9.1,70
47.08731,33.72189,367,0.47,0.47,25/07/2024,954,N20,VIIRS,h,2,307.23,36.81,D,0,11,66
48.29301,36.69937,367,0.5,0.41,25/07/2024,955,N20,VIIRS,h,2,326.84,52.42,D,0,7.8,52
48.28852,36.71576,367,0.5,0.41,25/07/2024,955,N20,VIIRS,h,2,353.38,226.22,D,0,7.8,52
47.70962,33.71085,367,0.45,0.47,25/07/2024,955,N20,VIIRS,h,2,315.73,16.25,D,0,9.1,48
47.33858,34.27178,367,0.53,0.67,25/07/2024,1135,N20,VIIRS,h,2,306.99,10.93,D,0,9.2,38
47.32518,32.71671,367,0.45,0.63,25/07/2024,1135,N20,VIIRS,h,2,304.85,22.89,D,0,9.6,56
47.7008,33.71055,367,0.5,0.66,25/07/2024,1135,N20,VIIRS,h,2,305.76,19.79,D,0,9.1,48
47.70699,33.71733,367,0.5,0.66,25/07/2024,1135,N20,VIIRS,h,2,306.49,10.39,D,0,9.1,48
48.27313,35.78368,367,0.63,0.72,25/07/2024,1135,N20,VIIRS,h,2,299.56,40.75,D,0,9.7,52
48.27304,35.79232,367,0.63,0.72,25/07/2024,1135,N20,VIIRS,h,2,303.07,40.75,D,0,9.7,52
47.26227,34.2695,367,0.53,0.67,25/07/2024,1135,N20,VIIRS,h,2,308.52,7.41,D,0,8.9,38
47.33474,34.27108,367,0.53,0.67,25/07/2024,1135,N20,VIIRS,h,2,307.51,6.71,D,0,9.2,38
47.32594,32.7174,367,0.45,0.63,25/07/2024,1135,N20,VIIRS,h,2,304.39,19.7,D,0,9.6,56
48.27016,35.79705,367,0.63,0.72,25/07/2024,1135,N20,VIIRS,h,2,302.47,41.24,D,0,9.7,52
48.26636,35.79201,367,0.63,0.72,25/07/2024,1135,N20,VIIRS,h,2,303.17,40.75,D,0,9.7,52
51.46588,32.03189,367,0.44,0.62,25/07/2024,1136,N20,VIIRS,h,2,293.46,8.45,D,0,8.9,78
46.46885,34.78617,367,0.35,0.57,26/07/2024,936,N20,VIIRS,h,2,304.21,5.73,D,0,9.6,74
47.25961,33.86242,367,0.37,0.58,26/07/2024,936,N20,VIIRS,h,2,299.38,9.73,D,0,9.3,46
48.26064,37.08535,367,0.5,0.49,26/07/2024,936,N20,VIIRS,h,2,310.5,50.97,D,0,9.7,56
48.71259,38.03074,367,0.44,0.46,26/07/2024,936,N20,VIIRS,h,2,298.48,10.46,D,0,10,40
47.52062,36.22131,367,0.39,0.59,26/07/2024,1116,N20,VIIRS,h,2,299.57,12.41,D,0,8.3,65
48.68658,38.20196,367,0.49,0.65,26/07/2024,1116,N20,VIIRS,h,2,297.73,12.35,D,0,10.2,46
47.91111,36.61152,367,0.41,0.61,26/07/2024,1116,N20,VIIRS,h,2,300.42,17.11,D,0,8.8,49
47.92179,36.81549,367,0.42,0.61,26/07/2024,1116,N20,VIIRS,h,2,304.94,22.14,D,0,8.1,53
48.28366,39.95535,367,0.59,0.7,26/07/2024,1116,N20,VIIRS,h,2,300.26,9.61,D,0,9.2,26
48.34702,37.70746,367,0.47,0.64,26/07/2024,1116,N20,VIIRS,h,2,298.37,18.47,D,0,9,44
48.34427,37.70536,367,0.47,0.64,26/07/2024,1116,N20,VIIRS,h,2,295.72,10.8,D,0,9,44
48.41243,39.11075,367,0.54,0.68,26/07/2024,1116,N20,VIIRS,h,2,297.13,13.1,D,0,9.3,45
48.41873,39.11027,367,0.54,0.68,26/07/2024,1116,N20,VIIRS,h,2,296.38,13.1,D,0,9.3,45
48.482,37.57313,367,0.46,0.64,26/07/2024,1116,N20,VIIRS,h,2,298.75,15.44,D,0,8.6,46
47.9139,36.61424,367,0.41,0.61,26/07/2024,1116,N20,VIIRS,h,2,299.33,23.56,D,0,8.8,49
47.91994,36.81842,367,0.42,0.61,26/07/2024,1116,N20,VIIRS,h,2,298.3,22.34,D,0,8.1,53
47.66945,35.70192,367,0.37,0.58,26/07/2024,1116,N20,VIIRS,h,2,294.14,7.76,D,0,9,58
47.69322,36.60685,367,0.41,0.61,26/07/2024,1116,N20,VIIRS,h,2,297.82,9.03,D,0,9.8,48
47.61089,37.19083,367,0.44,0.62,26/07/2024,1116,N20,VIIRS,h,2,301.18,8.6,D,0,9.3,52
50.16597,36.55995,367,0.42,0.61,26/07/2024,1117,N20,VIIRS,h,2,295.55,13.5,D,0,9.5,56
46.55081,32.61434,367,0.7,0.75,27/07/2024,917,N20,VIIRS,h,2,294.17,15.64,D,0,9.3,8
49.57576,36.98071,367,0.36,0.58,27/07/2024,917,N20,VIIRS,h,2,303.38,5.1,D,0,7.8,47
47.06013,37.17847,367,0.43,0.62,27/07/2024,917,N20,VIIRS,h,2,299.92,7.23,D,0,13.4,81
47.46755,36.40278,367,0.45,0.63,27/07/2024,917,N20,VIIRS,h,2,302.43,8.7,D,0,11.2,59
47.46449,36.40815,367,0.45,0.63,27/07/2024,917,N20,VIIRS,h,2,299.08,9.78,D,0,11.2,59
48.14412,38.59871,367,0.35,0.56,27/07/2024,917,N20,VIIRS,h,2,308.64,44.67,D,0,10.3,51
48.14763,38.59119,367,0.35,0.56,27/07/2024,917,N20,VIIRS,h,2,300.14,15.64,D,0,10.3,51
48.16085,38.61745,367,0.34,0.56,27/07/2024,917,N20,VIIRS,h,2,315.09,41.5,D,0,10.3,51
48.15846,38.60913,367,0.34,0.56,27/07/2024,917,N20,VIIRS,h,2,305.27,29.16,D,0,10.3,51
48.16558,38.61419,367,0.34,0.56,27/07/2024,917,N20,VIIRS,h,2,303.33,41.5,D,0,10.3,51
47.35871,35.84961,367,0.48,0.65,27/07/2024,917,N20,VIIRS,h,2,297.84,15.42,D,0,11.8,61
47.71579,36.91238,367,0.42,0.61,27/07/2024,917,N20,VIIRS,h,2,304.13,11.46,D,0,9.5,63
47.72099,36.90903,367,0.42,0.61,27/07/2024,917,N20,VIIRS,h,2,301.62,11.46,D,0,9.5,63
47.40459,35.7304,367,0.48,0.65,27/07/2024,917,N20,VIIRS,h,2,301.32,14.06,D,0,11.5,57
47.33506,35.47404,367,0.5,0.66,27/07/2024,917,N20,VIIRS,h,2,309.94,113.91,D,0,11.3,58
47.50471,34.51602,367,0.54,0.68,27/07/2024,917,N20,VIIRS,h,2,296.78,6.95,D,0,11.2,77
47.68357,35.13986,367,0.5,0.66,27/07/2024,917,N20,VIIRS,h,2,303.16,18.9,D,0,11.4,44
47.78156,35.46138,367,0.48,0.65,27/07/2024,917,N20,VIIRS,h,2,302.27,12.7,D,0,11.5,48
47.72194,36.44053,367,0.44,0.62,27/07/2024,917,N20,VIIRS,h,2,304.45,13.89,D,0,10.5,63
47.72027,36.4352,367,0.44,0.62,27/07/2024,917,N20,VIIRS,h,2,307.69,13.89,D,0,10.5,63
47.00783,34.19975,367,0.58,0.7,27/07/2024,917,N20,VIIRS,h,2,301.06,18.99,D,0,11.9,58
47.01594,34.20246,367,0.58,0.7,27/07/2024,917,N20,VIIRS,h,2,304.55,16.9,D,0,11.9,58
47.72335,36.43338,367,0.44,0.62,27/07/2024,917,N20,VIIRS,h,2,305.46,21.4,D,0,10.5,63
47.41041,33.69561,367,0.59,0.7,27/07/2024,917,N20,VIIRS,h,2,300.37,13.71,D,0,10.7,74
47.4122,33.69434,367,0.59,0.7,27/07/2024,917,N20,VIIRS,h,2,299.27,12.15,D,0,10.7,74
47.48853,35.41855,367,0.5,0.65,27/07/2024,917,N20,VIIRS,h,2,304.45,9.24,D,0,12.6,58
47.55343,34.24514,367,0.55,0.68,27/07/2024,917,N20,VIIRS,h,2,296.54,5.52,D,0,10.4,79
48.62783,37.74484,367,0.36,0.58,27/07/2024,917,N20,VIIRS,h,2,301.91,8.44,D,0,8.8,61
47.97388,35.83757,367,0.46,0.63,27/07/2024,917,N20,VIIRS,h,2,300.01,9.62,D,0,10.2,48
47.97564,35.84312,367,0.46,0.63,27/07/2024,917,N20,VIIRS,h,2,303.04,11.15,D,0,10.2,48
47.97737,35.84862,367,0.46,0.63,27/07/2024,917,N20,VIIRS,h,2,299.81,11.15,D,0,10.2,48
50.26189,37.0805,367,0.34,0.56,27/07/2024,918,N20,VIIRS,h,2,297.39,9.32,D,0,6.1,33
47.40792,35.88822,367,0.45,0.47,27/07/2024,1057,N20,VIIRS,h,2,309.46,11.45,D,0,11.7,62
48.51722,39.74772,367,0.35,0.57,27/07/2024,1057,N20,VIIRS,h,2,311.04,3.93,D,0,7.5,58
48.38093,38.9219,367,0.32,0.54,27/07/2024,1057,N20,VIIRS,h,2,308.42,6.01,D,0,9,52
48.37587,38.92207,367,0.32,0.54,27/07/2024,1057,N20,VIIRS,h,2,311.44,6.01,D,0,9,52
48.37019,38.9091,367,0.32,0.54,27/07/2024,1057,N20,VIIRS,h,2,316.09,4.94,D,0,9.5,50
48.37061,38.91783,367,0.32,0.54,27/07/2024,1057,N20,VIIRS,h,2,312.33,6.77,D,0,9.5,50
48.37081,38.92222,367,0.32,0.54,27/07/2024,1057,N20,VIIRS,h,2,305.49,7.49,D,0,9,52
48.36535,38.91374,367,0.32,0.54,27/07/2024,1057,N20,VIIRS,h,2,307.43,6.77,D,0,9.5,50
48.35875,38.8811,367,0.63,0.54,27/07/2024,1057,N20,VIIRS,h,2,304.23,45.06,D,0,9.5,50
48.33744,39.84455,367,0.35,0.57,27/07/2024,1057,N20,VIIRS,h,2,305,8.99,D,0,8.6,50
47.96968,35.81998,367,0.45,0.47,27/07/2024,1057,N20,VIIRS,h,2,307.93,9.29,D,0,10.7,50
47.50854,35.8706,367,0.45,0.47,27/07/2024,1057,N20,VIIRS,h,2,311.83,6.93,D,0,11.3,63
47.47322,35.35271,367,0.43,0.46,27/07/2024,1057,N20,VIIRS,h,2,314.9,8.85,D,0,11.5,53
48.4674,37.52182,367,0.63,0.72,28/07/2024,51,N20,VIIRS,h,2,282.12,7.29,N,0,6,268
47.64253,37.0645,367,0.66,0.73,28/07/2024,858,N20,VIIRS,h,2,296.55,39.3,D,0,6.6,295
48.52555,39.69947,367,0.48,0.65,28/07/2024,858,N20,VIIRS,h,2,307.39,12.2,D,0,7,287
47.6376,37.0645,367,0.66,0.73,28/07/2024,858,N20,VIIRS,h,2,297.64,21.17,D,0,6.6,295
48.52648,39.6983,367,0.48,0.65,28/07/2024,858,N20,VIIRS,h,2,307.68,12.37,D,0,7,287
47.63679,38.29653,367,0.59,0.7,28/07/2024,858,N20,VIIRS,h,2,298.82,13.49,D,0,8,258
47.28109,37.99866,367,0.62,0.71,28/07/2024,858,N20,VIIRS,h,2,303.65,10.22,D,0,8.3,214
47.2752,38.00309,367,0.62,0.71,28/07/2024,858,N20,VIIRS,h,2,298.94,10.22,D,0,8.3,214
48.7525,37.87121,367,0.56,0.69,28/07/2024,858,N20,VIIRS,h,2,294.51,12.03,D,0,6.4,289
49.04123,36.9906,367,0.59,0.7,28/07/2024,859,N20,VIIRS,h,2,299.68,14.4,D,0,8.2,270
47.53637,36.20192,367,0.45,0.39,28/07/2024,1038,N20,VIIRS,h,2,316.48,11.34,D,0,7.5,264
47.46773,36.41908,367,0.46,0.39,28/07/2024,1038,N20,VIIRS,h,2,312.82,15.07,D,0,8.8,271
47.62968,38.22379,367,0.54,0.42,28/07/2024,1038,N20,VIIRS,h,2,336.01,61.3,D,0,8,258
47.64968,37.05802,367,0.49,0.4,28/07/2024,1038,N20,VIIRS,h,2,310.27,16.15,D,0,6.6,295
48.69864,37.85933,367,0.53,0.42,28/07/2024,1039,N20,VIIRS,h,2,310.99,12.98,D,0,6.5,285
47.86977,33.44437,367,0.39,0.6,28/07/2024,2253,N20,VIIRS,h,2,291.05,7.83,N,2,7.8,321
47.87584,35.15365,367,0.33,0.55,28/07/2024,2253,N20,VIIRS,h,2,292.27,8.07,N,2,8.8,331
49.22312,36.786,367,0.35,0.57,29/07/2024,33,N20,VIIRS,h,2,287.79,4.31,N,0,14.2,261
47.52625,35.78515,367,0.39,0.36,29/07/2024,1019,N20,VIIRS,h,2,310.68,6.7,D,0,14.1,266
48.18789,23.15011,367,0.33,0.55,29/07/2024,1020,N20,VIIRS,h,2,298.76,6.41,D,0,10.7,320
48.2579,36.75331,367,0.38,0.36,29/07/2024,1020,N20,VIIRS,h,2,350.61,83.92,D,0,13.4,266
48.25464,36.75439,367,0.38,0.36,29/07/2024,1020,N20,VIIRS,h,2,338.82,97.96,D,0,13.4,266
48.2554,36.75951,367,0.38,0.36,29/07/2024,1020,N20,VIIRS,h,2,353.13,97.96,D,0,13.4,266
47.62217,29.80524,367,0.65,0.73,29/07/2024,1201,N20,VIIRS,h,2,303.45,14.73,D,0,15.7,311
48.48462,29.47395,367,0.63,0.72,29/07/2024,1201,N20,VIIRS,h,2,295.81,47.62,D,0,17.6,304
49.66932,37.04377,367,0.42,0.38,30/07/2024,1001,N20,VIIRS,h,2,298.53,36.16,D,0,21.3,271
45.65256,28.93071,367,0.36,0.57,30/07/2024,1001,N20,VIIRS,h,2,302.92,4.33,D,0,18.8,330
45.5762,29.57903,367,0.33,0.56,30/07/2024,1001,N20,VIIRS,h,2,300.6,2.24,D,0,21.2,326
48.89273,26.04911,367,0.38,0.58,30/07/2024,1002,N20,VIIRS,h,2,294.16,8.27,D,0,21.9,313
48.96933,24.32574,367,0.44,0.62,30/07/2024,1002,N20,VIIRS,h,2,294.92,6.96,D,0,18.7,305
45.56939,29.57344,367,0.37,0.58,30/07/2024,1141,N20,VIIRS,h,2,299,5.14,D,0,21.2,326
45.56546,29.4783,367,0.36,0.58,30/07/2024,1141,N20,VIIRS,h,2,299.72,7.23,D,0,19.3,327
45.57293,29.40199,367,0.36,0.57,30/07/2024,1141,N20,VIIRS,h,2,302.54,4.54,D,0,19.3,327
45.57825,29.40168,367,0.36,0.57,30/07/2024,1141,N20,VIIRS,h,2,299.87,4.54,D,0,19.3,327
45.58884,29.52405,367,0.37,0.58,30/07/2024,1141,N20,VIIRS,h,2,300.25,5.51,D,0,21.2,326
45.68853,29.52693,367,0.37,0.58,30/07/2024,1141,N20,VIIRS,h,2,301.56,5.19,D,0,19.3,324
46.28961,29.61998,367,0.37,0.58,30/07/2024,1141,N20,VIIRS,h,2,298.08,9.49,D,0,20,322
46.57417,30.34409,367,0.41,0.6,30/07/2024,1141,N20,VIIRS,h,2,298.29,20.64,D,0,22,315
46.57777,30.34266,367,0.41,0.6,30/07/2024,1141,N20,VIIRS,h,2,303.93,53.16,D,0,22,315
48.96548,24.32441,367,0.45,0.47,30/07/2024,1142,N20,VIIRS,h,2,299.32,11.05,D,0,18.7,305
47.58163,33.27672,367,0.32,0.55,31/07/2024,942,N20,VIIRS,h,2,298.65,31.53,D,0,13.1,319
46.83529,33.9464,367,0.32,0.54,31/07/2024,942,N20,VIIRS,h,2,305.27,6.57,D,0,13.1,315
47.57806,33.28358,367,0.32,0.55,31/07/2024,942,N20,VIIRS,h,2,292.75,43.22,D,0,13.1,319
48.41719,28.97926,367,0.47,0.64,31/07/2024,943,N20,VIIRS,h,2,301.28,13.56,D,0,12.4,312
49.05468,26.28702,367,0.57,0.69,31/07/2024,943,N20,VIIRS,h,2,298.84,8.12,D,0,11.7,303
47.45386,34.49274,367,0.39,0.59,31/07/2024,1122,N20,VIIRS,h,2,299.01,5.98,D,0,13.6,308
47.48839,34.53755,367,0.39,0.59,31/07/2024,1122,N20,VIIRS,h,2,298.28,12.45,D,0,13.6,304
47.4886,34.53605,367,0.39,0.59,31/07/2024,1122,N20,VIIRS,h,2,298.24,6.34,D,0,13.6,304
47.37043,34.11987,367,0.37,0.58,31/07/2024,1122,N20,VIIRS,h,2,304.1,11.5,D,0,13.7,320
47.37061,34.12519,367,0.37,0.58,31/07/2024,1122,N20,VIIRS,h,2,300.44,11.01,D,0,13.7,320
47.37078,34.13035,367,0.37,0.58,31/07/2024,1122,N20,VIIRS,h,2,300.47,11.01,D,0,13.7,320
47.36833,34.12375,367,0.37,0.58,31/07/2024,1122,N20,VIIRS,h,2,304.11,12.98,D,0,13.7,320
47.36853,34.1289,367,0.37,0.58,31/07/2024,1122,N20,VIIRS,h,2,297.22,12.98,D,0,13.7,320
47.36874,34.13409,367,0.37,0.58,31/07/2024,1122,N20,VIIRS,h,2,292.45,13.44,D,3,13.7,320
47.2421,33.99612,367,0.36,0.58,31/07/2024,1122,N20,VIIRS,h,2,301.51,13.71,D,0,13.5,319
47.00599,36.24303,367,0.47,0.64,31/07/2024,1122,N20,VIIRS,h,2,294.08,10.6,D,0,14.7,308
47.70255,37.13987,367,0.52,0.67,31/07/2024,1123,N20,VIIRS,h,2,301.62,62.97,D,0,12.6,298
47.56673,30.10077,367,0.61,0.71,01/08/2024,117,N20,VIIRS,h,2,286.32,14.74,N,0,8.5,271
47.78104,36.70879,367,0.37,0.58,01/08/2024,923,N20,VIIRS,h,2,299.39,10.94,D,0,10.3,275
47.67432,36.44503,367,0.38,0.59,01/08/2024,923,N20,VIIRS,h,2,303.09,6.07,D,0,11,267
47.44024,35.70684,367,0.41,0.61,01/08/2024,923,N20,VIIRS,h,2,308.05,10.92,D,0,10.7,283
47.43641,35.71343,367,0.41,0.61,01/08/2024,923,N20,VIIRS,h,2,304.19,13.34,D,0,10.7,283
48.31789,37.7247,367,0.32,0.54,01/08/2024,923,N20,VIIRS,h,2,294,17.07,D,0,11.2,278
46.96091,32.488,367,0.59,0.7,01/08/2024,923,N20,VIIRS,h,2,302.81,13.39,D,0,12,281
47.19732,37.67461,367,0.35,0.56,01/08/2024,923,N20,VIIRS,h,2,307.34,43.3,D,0,10.7,283
47.00111,36.07768,367,0.41,0.61,01/08/2024,923,N20,VIIRS,h,2,313.37,17.64,D,0,9.6,282
49.52182,36.66584,367,0.32,0.55,01/08/2024,924,N20,VIIRS,h,2,292.8,5.86,D,0,12.4,277
49.0449,36.97367,367,0.32,0.55,01/08/2024,924,N20,VIIRS,h,2,300.39,3.97,D,0,12.9,269
46.35814,32.80804,367,0.57,0.43,01/08/2024,1103,N20,VIIRS,h,2,351.12,271.83,D,0,9.4,285
49.37336,38.60691,367,0.37,0.58,01/08/2024,1104,N20,VIIRS,h,2,303.28,10.48,D,0,15.3,271
49.15828,38.44132,367,0.36,0.58,01/08/2024,1104,N20,VIIRS,h,2,299.03,7.45,D,0,12.8,278
48.47817,39.64,367,0.41,0.61,01/08/2024,1104,N20,VIIRS,h,2,306.48,18.93,D,0,13.1,278
48.40084,38.91842,367,0.38,0.59,01/08/2024,1104,N20,VIIRS,h,2,308.78,5.73,D,0,12.9,276
48.3804,38.80156,367,0.37,0.58,01/08/2024,1104,N20,VIIRS,h,2,312.23,13.55,D,0,13,277
48.38058,38.80644,367,0.37,0.58,01/08/2024,1104,N20,VIIRS,h,2,309.13,11.23,D,0,13,277
48.37553,38.81679,367,0.37,0.58,01/08/2024,1104,N20,VIIRS,h,2,307.9,9.97,D,0,13,277
48.32169,37.72719,367,0.33,0.55,01/08/2024,1104,N20,VIIRS,h,2,302.11,6.83,D,0,11.2,278
48.32189,37.73172,367,0.33,0.55,01/08/2024,1104,N20,VIIRS,h,2,300.87,6.83,D,0,11.2,278
48.29639,37.73825,367,0.33,0.55,01/08/2024,1104,N20,VIIRS,h,2,300.61,9.46,D,0,11,277
48.29048,37.72073,367,0.33,0.55,01/08/2024,1104,N20,VIIRS,h,2,293.8,6.59,D,0,11.2,278
48.29067,37.7252,367,0.33,0.55,01/08/2024,1104,N20,VIIRS,h,2,293.52,6.59,D,0,11.2,278
48.2577,37.93144,367,0.34,0.56,01/08/2024,1104,N20,VIIRS,h,2,297.21,8.92,D,0,11.1,278
48.21412,39.69011,367,0.41,0.61,01/08/2024,1104,N20,VIIRS,h,2,303.57,8.43,D,0,12.1,277
48.20848,39.69014,367,0.41,0.61,01/08/2024,1104,N20,VIIRS,h,2,306.86,8.43,D,0,12.1,277
48.21082,39.69134,367,0.41,0.61,01/08/2024,1104,N20,VIIRS,h,2,303.22,17.08,D,0,12.1,277
48.1994,39.68563,367,0.41,0.61,01/08/2024,1104,N20,VIIRS,h,2,305.48,5.82,D,0,12.1,277
48.12447,39.84221,367,0.42,0.61,01/08/2024,1104,N20,VIIRS,h,2,300.28,8.03,D,0,12,278
48.12191,39.83953,367,0.42,0.61,01/08/2024,1104,N20,VIIRS,h,2,303.69,9.79,D,0,12,278
47.99121,38.23667,367,0.35,0.57,01/08/2024,1104,N20,VIIRS,h,2,298.61,7.37,D,0,10.2,287
47.98597,38.23716,367,0.35,0.57,01/08/2024,1104,N20,VIIRS,h,2,299.36,7.37,D,0,10.2,287
47.5751,36.26361,367,0.56,0.51,01/08/2024,1104,N20,VIIRS,h,2,307.84,12.19,D,0,10.6,275
47.74944,37.22825,367,0.55,0.68,02/08/2024,904,N20,VIIRS,h,2,297.44,12.59,D,0,12.5,266
48.83743,35.66828,367,0.59,0.7,02/08/2024,905,N20,VIIRS,h,2,299.11,12.51,D,0,9.9,325
48.83995,35.67545,367,0.59,0.7,02/08/2024,905,N20,VIIRS,h,2,296.97,12.51,D,0,9.9,325
48.68154,38.27111,367,0.43,0.46,02/08/2024,1045,N20,VIIRS,h,2,306.2,13.18,D,0,11.8,281
47.03246,33.19163,367,0.41,0.37,02/08/2024,1045,N20,VIIRS,h,2,313.54,13.95,D,0,14.8,258
48.23286,38.79247,367,0.45,0.47,02/08/2024,1045,N20,VIIRS,h,2,303.57,9.85,D,0,12.4,264
47.40374,35.51748,367,0.49,0.4,02/08/2024,1045,N20,VIIRS,h,2,329.88,66.86,D,0,14.2,274
47.51258,35.56382,367,0.49,0.4,02/08/2024,1045,N20,VIIRS,h,2,327.97,91.49,D,0,14.7,269
48.45765,38.77074,367,0.52,0.67,03/08/2024,39,N20,VIIRS,h,2,285.1,10.17,N,2,8.1,272
47.88206,39.64641,367,0.68,0.74,03/08/2024,846,N20,VIIRS,h,2,302.07,19.15,D,0,8.1,295
48.65099,38.16047,367,0.73,0.76,03/08/2024,846,N20,VIIRS,h,2,295.94,21.2,D,0,8,247
48.65068,38.15898,367,0.73,0.76,03/08/2024,846,N20,VIIRS,h,2,296.05,11.39,D,0,8,247
48.74759,38.71346,367,0.69,0.74,03/08/2024,846,N20,VIIRS,h,2,295.84,23.3,D,0,7.6,300
48.75451,38.71867,367,0.69,0.74,03/08/2024,846,N20,VIIRS,h,2,293.73,24.64,D,0,7.6,300
48.56022,39.78155,367,0.64,0.72,03/08/2024,846,N20,VIIRS,h,2,300.81,14.44,D,0,6.3,305
46.36958,32.83234,367,0.41,0.37,03/08/2024,1026,N20,VIIRS,h,2,329.59,77.81,D,0,10.8,219
46.70418,33.28502,367,0.4,0.37,03/08/2024,1026,N20,VIIRS,h,2,312.6,11.85,D,0,10.3,224
46.72443,32.60456,367,0.41,0.37,03/08/2024,1026,N20,VIIRS,h,2,330.41,125.01,D,0,12.1,217
48.02626,39.26706,367,0.46,0.39,03/08/2024,1026,N20,VIIRS,h,2,338.89,247.82,D,0,9.7,260
48.02556,39.261,367,0.46,0.39,03/08/2024,1026,N20,VIIRS,h,2,353.56,51.2,D,0,9.7,260
48.02386,39.26591,367,0.46,0.39,03/08/2024,1026,N20,VIIRS,h,2,352.77,163.04,D,0,9.7,260
48.02676,39.2589,367,0.46,0.39,03/08/2024,1026,N20,VIIRS,h,2,339.4,163.04,D,0,9.7,260
48.02608,39.25285,367,0.46,0.39,03/08/2024,1026,N20,VIIRS,h,2,316.55,16.23,D,0,9.7,260
47.51121,34.6508,367,0.38,0.36,03/08/2024,1026,N20,VIIRS,h,2,325.26,58.96,D,0,10.1,222
47.7732,35.5696,367,0.39,0.36,03/08/2024,1026,N20,VIIRS,h,2,316.17,12.06,D,0,9.3,226
48.27242,39.036,367,0.45,0.39,03/08/2024,1026,N20,VIIRS,h,2,308.66,18.85,D,0,8.9,268
48.65273,38.16491,367,0.43,0.38,03/08/2024,1026,N20,VIIRS,h,2,310.95,9.56,D,0,8,247
48.65549,38.1582,367,0.43,0.38,03/08/2024,1026,N20,VIIRS,h,2,312.23,6.68,D,0,8,247
48.65615,38.15556,367,0.43,0.38,03/08/2024,1026,N20,VIIRS,h,2,310.6,8.4,D,0,8,247
48.55395,35.86967,367,0.39,0.36,03/08/2024,1026,N20,VIIRS,h,2,308.11,9.17,D,0,6,233
49.68619,37.68563,367,0.43,0.38,03/08/2024,1026,N20,VIIRS,h,2,306.25,7,D,0,4.7,5
45.83638,29.90113,367,0.78,0.78,03/08/2024,1206,N20,VIIRS,h,2,292.32,19.71,D,0,16.5,183
47.87468,36.61762,367,0.39,0.6,03/08/2024,2240,N20,VIIRS,h,2,287.92,10.27,N,0,7.5,241
48.03203,39.26178,367,0.38,0.36,04/08/2024,1007,N20,VIIRS,h,2,313.23,18.05,D,0,10.1,217
48.53277,39.78604,367,0.38,0.36,04/08/2024,1007,N20,VIIRS,h,2,337.28,86.42,D,0,12.1,224
47.52232,34.65211,367,0.78,0.78,04/08/2024,1148,N20,VIIRS,h,2,293.17,28.65,D,0,11.9,245
47.52133,34.65064,367,0.78,0.78,04/08/2024,1148,N20,VIIRS,h,2,294.19,27.68,D,0,11.9,245
47.52111,34.66134,367,0.78,0.78,04/08/2024,1148,N20,VIIRS,h,2,293.51,33.61,D,0,11.2,241
46.51369,31.69307,367,0.56,0.69,04/08/2024,1148,N20,VIIRS,h,2,294.74,19.27,D,0,18.4,264
46.51257,31.69427,367,0.56,0.69,04/08/2024,1148,N20,VIIRS,h,2,294.58,15.08,D,0,18.4,264
46.07374,30.2073,367,0.42,0.61,05/08/2024,948,N20,VIIRS,h,2,301.36,15.82,D,0,12,345
46.6629,34.05753,367,0.43,0.62,05/08/2024,1129,N20,VIIRS,h,2,298.58,20.94,D,0,13,342
46.66372,34.05632,367,0.43,0.62,05/08/2024,1129,N20,VIIRS,h,2,299.91,31.84,D,0,13,342
46.99076,33.13741,367,0.39,0.6,05/08/2024,1129,N20,VIIRS,h,2,295.19,8.58,D,0,15.1,357
47.39373,34.64146,367,0.47,0.64,05/08/2024,1129,N20,VIIRS,h,2,297.78,6.94,D,0,13.8,352
48.26699,33.06319,367,0.4,0.6,05/08/2024,1129,N20,VIIRS,h,2,301.42,9.96,D,0,13.5,356
46.88384,33.67402,367,0.45,0.63,06/08/2024,929,N20,VIIRS,h,2,303.18,7.45,D,0,7.3,24
46.86249,33.98423,367,0.44,0.62,06/08/2024,929,N20,VIIRS,h,2,302.26,8.42,D,0,7.3,341
46.8657,33.99475,367,0.44,0.62,06/08/2024,929,N20,VIIRS,h,2,303.26,10.96,D,0,7.4,339
46.95841,32.42832,367,0.51,0.66,06/08/2024,930,N20,VIIRS,h,2,303.56,15.41,D,0,8.9,329
46.70963,33.08065,367,0.46,0.47,06/08/2024,1110,N20,VIIRS,h,2,293.48,12.22,D,0,7,322
49.42295,37.81734,367,0.39,0.6,07/08/2024,911,N20,VIIRS,h,2,297.53,8.28,D,0,7.7,327
49.43324,37.87062,367,0.39,0.59,07/08/2024,911,N20,VIIRS,h,2,299.71,11.89,D,0,7.6,326
49.43231,37.87387,367,0.39,0.6,07/08/2024,911,N20,VIIRS,h,2,297.65,22.06,D,0,7.6,326
49.39477,38.0495,367,0.39,0.59,07/08/2024,911,N20,VIIRS,h,2,296.81,8.34,D,0,7.1,323
49.13977,37.66212,367,0.41,0.61,07/08/2024,911,N20,VIIRS,h,2,298.59,10.22,D,0,7.3,344
47.40841,33.75524,367,0.68,0.74,07/08/2024,911,N20,VIIRS,h,2,298.21,11.46,D,0,8.4,352
47.32759,34.42954,367,0.64,0.72,07/08/2024,911,N20,VIIRS,h,2,297.68,8.74,D,0,9.7,337
47.39098,35.18037,367,0.59,0.7,07/08/2024,911,N20,VIIRS,h,2,300.51,20.18,D,0,10.1,344
47.31918,34.43274,367,0.51,0.41,07/08/2024,1051,N20,VIIRS,h,2,325.65,109.73,D,0,9.7,337
47.95071,36.62234,367,0.77,0.78,08/08/2024,852,N20,VIIRS,h,2,292.24,42.58,D,0,10.7,298
47.95205,36.61845,367,0.77,0.78,08/08/2024,852,N20,VIIRS,h,2,295.53,33.09,D,0,10.7,298
47.31043,33.66758,367,0.38,0.36,08/08/2024,1032,N20,VIIRS,h,2,312.22,6.81,D,0,8.3,312
47.81658,35.68776,367,0.41,0.37,08/08/2024,1032,N20,VIIRS,h,2,308.61,9.46,D,0,10.9,309
47.41096,35.7611,367,0.4,0.37,09/08/2024,1013,N20,VIIRS,h,2,314.64,13.87,D,0,8.8,353
46.76404,32.17054,367,0.71,0.75,09/08/2024,1154,N20,VIIRS,h,2,296.45,25.67,D,0,6.7,221
46.25209,32.30901,367,0.72,0.76,09/08/2024,1154,N20,VIIRS,h,2,295.89,15.61,D,0,8.6,225
46.24761,32.30797,367,0.72,0.76,09/08/2024,1154,N20,VIIRS,h,2,297.05,7.42,D,0,8.6,225
45.97342,30.16172,367,0.57,0.69,09/08/2024,1154,N20,VIIRS,h,2,297.47,18.38,D,0,9.2,236
45.79138,29.94404,367,0.55,0.68,09/08/2024,1154,N20,VIIRS,h,2,301.11,24.5,D,0,9.7,213
46.53259,32.91608,367,0.52,0.5,10/08/2024,954,N20,VIIRS,h,2,302.58,10.69,D,0,7.6,245
47.21114,35.55387,367,0.39,0.44,10/08/2024,954,N20,VIIRS,h,2,303.78,12.44,D,0,5.8,330
46.66165,32.52538,367,0.54,0.51,10/08/2024,954,N20,VIIRS,h,2,304.34,11.98,D,0,8.4,239
46.66055,32.52529,367,0.54,0.51,10/08/2024,954,N20,VIIRS,h,2,304.9,12.82,D,0,8.4,239
47.03584,32.19548,367,0.42,0.61,10/08/2024,1135,N20,VIIRS,h,2,302.37,7.72,D,0,8.4,264
46.66787,34.02806,367,0.38,0.58,11/08/2024,936,N20,VIIRS,h,2,304.64,18.75,D,0,12.8,325
46.66655,34.0235,367,0.38,0.58,11/08/2024,936,N20,VIIRS,h,2,308.21,23.98,D,0,12.8,325
46.67154,34.02048,367,0.38,0.58,11/08/2024,936,N20,VIIRS,h,2,305.13,9.37,D,0,12.8,325
48.96621,33.19803,367,0.35,0.56,11/08/2024,936,N20,VIIRS,h,2,299.21,8.8,D,0,15,303
47.59155,34.31379,367,0.34,0.56,11/08/2024,936,N20,VIIRS,h,2,296.72,17.21,D,0,15.7,317
48.26969,31.9864,367,0.41,0.61,11/08/2024,936,N20,VIIRS,h,2,295.87,13.07,D,0,13.7,307
47.32905,33.6169,367,0.37,0.58,11/08/2024,936,N20,VIIRS,h,2,306.28,21.94,D,0,14.7,322
47.30588,31.72136,367,0.45,0.63,11/08/2024,936,N20,VIIRS,h,2,294.52,10.99,D,0,12.3,319
47.59308,34.3093,367,0.34,0.56,11/08/2024,936,N20,VIIRS,h,2,301.75,10.76,D,0,15.7,317
47.58832,34.31236,367,0.34,0.56,11/08/2024,936,N20,VIIRS,h,2,304.47,10.76,D,0,15.7,317
46.00948,30.07024,367,0.59,0.7,11/08/2024,936,N20,VIIRS,h,2,299.65,14.98,D,0,13.2,335
46.00721,30.06347,367,0.59,0.7,11/08/2024,936,N20,VIIRS,h,2,300.17,14.98,D,0,13.2,335
49.02058,37.80646,367,0.48,0.64,11/08/2024,1116,N20,VIIRS,h,2,295.91,10.67,D,0,14.2,294
47.69698,37.62743,367,0.46,0.64,11/08/2024,1116,N20,VIIRS,h,2,297.32,25.12,D,0,12.6,297
47.90468,38.603,367,0.51,0.66,11/08/2024,1116,N20,VIIRS,h,2,298.91,27.3,D,0,10.9,296
47.90461,38.59592,367,0.51,0.66,11/08/2024,1116,N20,VIIRS,h,2,301.38,27.05,D,0,10.9,296
47.90453,38.58883,367,0.51,0.66,11/08/2024,1116,N20,VIIRS,h,2,303.27,27.05,D,0,10.6,297
47.91116,38.63156,367,0.51,0.66,11/08/2024,1116,N20,VIIRS,h,2,303.08,43.26,D,0,10.9,296
47.91068,38.58827,367,0.51,0.66,11/08/2024,1116,N20,VIIRS,h,2,299.49,24.06,D,0,10.9,296
47.91716,38.61607,367,0.51,0.66,11/08/2024,1116,N20,VIIRS,h,2,301.17,21,D,0,10.9,296
46.70459,32.6557,367,0.52,0.5,11/08/2024,1116,N20,VIIRS,h,2,307.69,17.3,D,0,13.9,327
46.70414,32.64882,367,0.52,0.5,11/08/2024,1116,N20,VIIRS,h,2,307.48,11.89,D,0,13.9,327
47.19555,37.42491,367,0.45,0.63,11/08/2024,1116,N20,VIIRS,h,2,302.32,12.93,D,0,12.6,311
47.43997,36.75142,367,0.42,0.61,11/08/2024,1116,N20,VIIRS,h,2,304.48,12.37,D,0,13,309
47.43967,36.74032,367,0.42,0.61,11/08/2024,1116,N20,VIIRS,h,2,305.47,13.19,D,0,13,309
47.44987,35.58208,367,0.37,0.58,11/08/2024,1116,N20,VIIRS,h,2,299.64,59.67,D,0,14.1,311
47.45249,35.57839,367,0.37,0.58,11/08/2024,1116,N20,VIIRS,h,2,300.97,23.04,D,0,14.1,311
47.69309,37.62648,367,0.46,0.64,11/08/2024,1116,N20,VIIRS,h,2,298.85,32.82,D,0,12.6,297
47.69899,37.62641,367,0.46,0.64,11/08/2024,1116,N20,VIIRS,h,2,296.11,18.74,D,0,12.6,297
48.50564,38.95474,367,0.54,0.67,11/08/2024,1116,N20,VIIRS,h,2,299.1,8.22,D,0,12.4,290
48.30771,37.37543,367,0.45,0.63,11/08/2024,1116,N20,VIIRS,h,2,299.42,12.56,D,0,12.8,294
48.30187,37.37599,367,0.45,0.63,11/08/2024,1116,N20,VIIRS,h,2,298.81,7.98,D,0,12.8,294
48.30199,37.38192,367,0.45,0.63,11/08/2024,1116,N20,VIIRS,h,2,295.88,7.98,D,0,12.8,294
48.12654,38.18482,367,0.49,0.65,11/08/2024,1116,N20,VIIRS,h,2,295.36,3.78,D,0,10.6,302
47.91613,38.61448,367,0.51,0.66,11/08/2024,1116,N20,VIIRS,h,2,301.96,9.57,D,0,10.9,296
47.91623,38.62919,367,0.51,0.66,11/08/2024,1116,N20,VIIRS,h,2,298.89,15.87,D,0,10.9,296
48.93539,35.3819,367,0.37,0.58,11/08/2024,1116,N20,VIIRS,h,2,298.93,7.71,D,0,15.2,296
49.81652,37.75822,367,0.48,0.65,11/08/2024,1117,N20,VIIRS,h,2,296.03,15.77,D,0,16.3,290
49.82251,37.75816,367,0.48,0.65,11/08/2024,1117,N20,VIIRS,h,2,296.11,15.77,D,0,16.3,290
46.09449,33.51946,367,0.66,0.73,12/08/2024,917,N20,VIIRS,h,2,296.99,22.55,D,0,14.2,288
46.0931,33.5239,367,0.66,0.73,12/08/2024,917,N20,VIIRS,h,2,294.87,11.92,D,0,14.2,288
47.08392,36.2808,367,0.47,0.64,12/08/2024,917,N20,VIIRS,h,2,297.15,11.35,D,0,14.7,312
48.54057,38.68025,367,0.33,0.55,12/08/2024,917,N20,VIIRS,h,2,298.18,4.63,D,0,14.8,295
47.76294,36.08086,367,0.45,0.63,12/08/2024,917,N20,VIIRS,h,2,296.23,11.24,D,0,16.2,305
48.54376,38.12945,367,0.35,0.57,12/08/2024,917,N20,VIIRS,h,2,298.72,9.99,D,0,14.6,297
48.45699,37.00615,367,0.39,0.6,12/08/2024,917,N20,VIIRS,h,2,303.38,9.25,D,0,16.2,300
48.82456,37.57524,367,0.36,0.58,12/08/2024,917,N20,VIIRS,h,2,298.97,8.39,D,0,15.9,299
48.86619,37.67726,367,0.36,0.57,12/08/2024,917,N20,VIIRS,h,2,304.94,19.11,D,0,16.1,296
48.87104,37.67404,367,0.36,0.57,12/08/2024,917,N20,VIIRS,h,2,302.52,19.11,D,0,16.1,296
48.72654,36.98543,367,0.39,0.59,12/08/2024,917,N20,VIIRS,h,2,298.51,16.3,D,0,16.7,301
48.72808,36.98181,367,0.39,0.59,12/08/2024,917,N20,VIIRS,h,2,303.9,13.33,D,0,16.7,301
49.36741,38.10486,367,0.33,0.55,12/08/2024,917,N20,VIIRS,h,2,303.29,27.24,D,0,17.6,300
49.46752,36.90565,367,0.37,0.58,12/08/2024,917,N20,VIIRS,h,2,294.88,11.22,D,0,17.6,300
49.47379,36.90691,367,0.37,0.58,12/08/2024,917,N20,VIIRS,h,2,294.68,11.22,D,0,17.6,300
49.4724,36.90225,367,0.37,0.58,12/08/2024,917,N20,VIIRS,h,2,297.19,11.22,D,0,17.6,300
47.93286,36.22771,367,0.48,0.48,12/08/2024,1057,N20,VIIRS,h,2,309.78,13.23,D,0,16.3,299
48.26936,39.64915,367,0.34,0.56,12/08/2024,1057,N20,VIIRS,h,2,301.52,16.05,D,0,16.8,300
47.96922,39.37466,367,0.33,0.56,12/08/2024,1057,N20,VIIRS,h,2,297.25,8.57,D,0,14.5,303
47.78439,37.23712,367,0.53,0.5,12/08/2024,1057,N20,VIIRS,h,2,302.55,14.52,D,0,15.3,301
47.49542,36.49454,367,0.48,0.48,12/08/2024,1057,N20,VIIRS,h,2,307.08,15.44,D,0,16,303
46.48378,30.04498,367,0.33,0.55,12/08/2024,2312,N20,VIIRS,h,2,288.97,3.97,N,0,10.8,326
46.46779,30.05637,367,0.33,0.55,12/08/2024,2312,N20,VIIRS,h,2,291.11,7.98,N,0,10.8,326
46.45141,30.07639,367,0.33,0.55,12/08/2024,2312,N20,VIIRS,h,2,288.4,5.33,N,0,10.8,326
46.45121,30.08073,367,0.33,0.55,12/08/2024,2312,N20,VIIRS,h,2,288.79,7.1,N,0,10.8,326
46.44589,30.0845,367,0.33,0.55,12/08/2024,2312,N20,VIIRS,h,2,287.66,16.94,N,0,11.3,325
46.48687,30.04416,367,0.35,0.57,13/08/2024,52,N20,VIIRS,h,2,287.96,10.22,N,0,9,341
46.48202,30.04126,367,0.35,0.57,13/08/2024,52,N20,VIIRS,h,2,288.42,10.22,N,0,9,341
46.4808,30.04551,367,0.35,0.57,13/08/2024,52,N20,VIIRS,h,2,288.29,25.51,N,0,9,341
46.47227,30.05539,367,0.35,0.57,13/08/2024,52,N20,VIIRS,h,2,287.79,4.47,N,0,9,341
47.35472,35.50016,367,0.78,0.78,13/08/2024,858,N20,VIIRS,h,2,301.57,17.3,D,0,12.4,308
47.54507,35.64752,367,0.76,0.77,13/08/2024,858,N20,VIIRS,h,2,295.46,13.75,D,0,13.4,304
49.21632,40.00933,367,0.44,0.62,13/08/2024,858,N20,VIIRS,h,2,300.82,12.4,D,0,13.8,282
46.44552,30.08318,367,0.4,0.37,13/08/2024,1038,N20,VIIRS,h,2,343.65,208.95,D,0,9.5,344
46.99733,33.06608,367,0.39,0.36,13/08/2024,1038,N20,VIIRS,h,2,345.75,99.16,D,0,9.8,342
47.10213,33.32685,367,0.39,0.36,13/08/2024,1038,N20,VIIRS,h,2,316.72,6.64,D,0,9.7,336
47.54445,35.72565,367,0.44,0.38,13/08/2024,1038,N20,VIIRS,h,2,337.28,98.87,D,0,13.4,304
47.54377,35.71986,367,0.44,0.38,13/08/2024,1038,N20,VIIRS,h,2,342.69,98.87,D,0,13.4,304
47.54795,35.72475,367,0.44,0.38,13/08/2024,1038,N20,VIIRS,h,2,343.31,98.87,D,0,13.4,304
48.19711,39.83419,367,0.76,0.77,14/08/2024,839,N20,VIIRS,h,2,295.16,155.05,D,0,14.5,303
48.19947,39.82339,367,0.76,0.77,14/08/2024,839,N20,VIIRS,h,2,298.42,152.97,D,0,14.5,303
46.35539,32.7947,367,0.45,0.39,14/08/2024,1019,N20,VIIRS,h,2,318.22,11.15,D,0,8.7,19
48.26283,38.50677,367,0.4,0.37,14/08/2024,1019,N20,VIIRS,h,2,304.34,9.99,D,0,14.2,318
47.53537,36.83106,367,0.38,0.36,14/08/2024,1019,N20,VIIRS,h,2,339.68,49.47,D,0,11.7,326
46.46551,30.1656,367,0.55,0.43,14/08/2024,1019,N20,VIIRS,h,2,328.39,315.84,D,0,8.7,95
49.16418,25.66821,367,0.48,0.48,14/08/2024,1020,N20,VIIRS,h,2,302.54,34.19,D,0,10.6,102
46.48155,30.04029,367,0.67,0.73,14/08/2024,1200,N20,VIIRS,h,2,296.99,42.05,D,0,6.7,46
46.48098,30.15685,367,0.68,0.74,14/08/2024,1200,N20,VIIRS,h,2,296.51,31.11,D,0,9.2,70
46.47422,30.13857,367,0.68,0.74,14/08/2024,1200,N20,VIIRS,h,2,292.79,14.25,D,0,8.7,95
46.48247,30.03418,367,0.67,0.73,14/08/2024,1200,N20,VIIRS,h,2,297.84,21.8,D,3,6.7,46
46.48254,30.0253,367,0.67,0.73,14/08/2024,1200,N20,VIIRS,h,2,295.61,21.8,D,0,6.7,46
46.48129,30.15981,367,0.68,0.74,14/08/2024,1200,N20,VIIRS,h,2,293.78,59.63,D,0,9.2,70
46.4812,30.16885,367,0.68,0.74,14/08/2024,1200,N20,VIIRS,h,2,292.89,37.09,D,0,9.2,70
48.30434,39.38317,367,0.39,0.36,15/08/2024,1001,N20,VIIRS,h,2,352.26,90.4,D,0,12.8,304
46.36381,29.13501,367,0.33,0.55,15/08/2024,1001,N20,VIIRS,h,2,304.06,5.65,D,0,11.9,163
47.32077,33.66284,367,0.4,0.44,15/08/2024,1001,N20,VIIRS,h,2,312.33,9.97,D,0,10.1,348
47.20962,33.18925,367,0.56,0.69,15/08/2024,1141,N20,VIIRS,h,2,299.75,20.45,D,0,9.2,15
47.22662,30.75977,367,0.43,0.62,15/08/2024,1141,N20,VIIRS,h,2,299.07,7.29,D,0,5.5,247
47.31549,33.6917,367,0.6,0.7,15/08/2024,1141,N20,VIIRS,h,2,299.58,15.78,D,0,10.1,348
47.31432,33.69085,367,0.6,0.7,15/08/2024,1141,N20,VIIRS,h,2,300.05,8.69,D,0,10.1,348
46.49499,31.79675,367,0.48,0.65,15/08/2024,1141,N20,VIIRS,h,2,299.73,7.44,D,0,12.3,285
46.50675,31.7837,367,0.48,0.65,15/08/2024,1141,N20,VIIRS,h,2,302.57,17.05,D,0,12.3,285
46.57153,32.86409,367,0.54,0.68,15/08/2024,1141,N20,VIIRS,h,2,302.01,15.29,D,0,7.2,359
46.5748,32.86495,367,0.54,0.68,15/08/2024,1141,N20,VIIRS,h,2,303.67,17.23,D,0,7.2,359
46.88845,33.73709,367,0.6,0.7,15/08/2024,1141,N20,VIIRS,h,2,303.24,23.22,D,0,10.5,2
48.59765,35.77322,367,0.75,0.77,15/08/2024,1142,N20,VIIRS,h,2,292.01,26.97,D,0,10.2,319
48.60177,35.76879,367,0.75,0.77,15/08/2024,1142,N20,VIIRS,h,2,297.54,45.29,D,0,10.2,319
48.11548,30.54503,367,0.43,0.62,15/08/2024,1142,N20,VIIRS,h,2,300.45,9.93,D,0,6.9,61
49.60878,29.3273,367,0.38,0.59,15/08/2024,1142,N20,VIIRS,h,2,300.54,9.91,D,0,6.5,75
48.11992,30.54774,367,0.43,0.62,15/08/2024,1142,N20,VIIRS,h,2,300.5,10.12,D,0,6.9,61
51.24054,30.70566,367,0.45,0.63,15/08/2024,1143,N20,VIIRS,h,2,291.38,7.59,D,0,8.1,338
47.27154,32.30233,367,0.37,0.58,16/08/2024,942,N20,VIIRS,h,2,306.92,4.26,D,0,6.6,20
46.73018,30.24187,367,0.47,0.64,16/08/2024,942,N20,VIIRS,h,2,302.41,9.86,D,0,10.1,186
46.50865,29.99231,367,0.49,0.65,16/08/2024,942,N20,VIIRS,h,2,299.03,7.9,D,0,8.4,170
46.7425,30.59637,367,0.45,0.63,16/08/2024,942,N20,VIIRS,h,2,303.99,14.03,D,3,9.8,176
46.74944,30.59819,367,0.45,0.63,16/08/2024,942,N20,VIIRS,h,2,300.08,14.03,D,0,9.8,176
46.58547,30.85588,367,0.44,0.63,16/08/2024,942,N20,VIIRS,h,2,300.46,5.59,D,0,12.8,178
47.98719,36.73368,367,0.45,0.47,16/08/2024,942,N20,VIIRS,h,2,327.04,81.27,D,0,8.5,337
46.6277,32.19278,367,0.39,0.59,16/08/2024,942,N20,VIIRS,h,2,308.35,15.07,D,0,11.6,256
46.45654,33.10607,367,0.36,0.57,16/08/2024,942,N20,VIIRS,h,2,306.45,7.16,D,0,8,14
46.86721,35.13605,367,0.56,0.52,16/08/2024,942,N20,VIIRS,h,2,308.06,40.67,D,0,9.3,11
46.14642,32.9245,367,0.37,0.58,16/08/2024,942,N20,VIIRS,h,2,305.46,22.42,D,0,10.1,267
46.52026,32.92274,367,0.36,0.57,16/08/2024,942,N20,VIIRS,h,2,301.45,7.03,D,0,7.6,2
46.52151,32.9271,367,0.36,0.57,16/08/2024,942,N20,VIIRS,h,2,300.78,9.35,D,0,7.6,2
46.52102,32.92692,367,0.36,0.58,16/08/2024,942,N20,VIIRS,h,2,301.73,9.9,D,0,7.6,2
46.56018,33.12715,367,0.35,0.57,16/08/2024,942,N20,VIIRS,h,2,304.06,14.8,D,0,8.5,21
46.46497,33.09284,367,0.36,0.57,16/08/2024,942,N20,VIIRS,h,2,306.55,10.03,D,0,8,14
46.45765,33.10725,367,0.36,0.57,16/08/2024,942,N20,VIIRS,h,2,304.95,11.29,D,0,8,14
47.87693,37.06477,367,0.52,0.66,16/08/2024,1122,N20,VIIRS,h,2,305.44,11.6,D,0,8.8,341
47.86482,37.09284,367,0.52,0.67,16/08/2024,1122,N20,VIIRS,h,2,307.16,12.6,D,0,8.8,341
47.85555,36.75431,367,0.5,0.66,16/08/2024,1122,N20,VIIRS,h,2,301.31,8.26,D,0,9,341
47.86607,37.09451,367,0.52,0.67,16/08/2024,1122,N20,VIIRS,h,2,304.92,10.4,D,0,8.8,341
47.85506,36.74938,367,0.5,0.66,16/08/2024,1122,N20,VIIRS,h,2,307.68,9.7,D,0,9,341
47.85517,36.75618,367,0.5,0.66,16/08/2024,1122,N20,VIIRS,h,2,300.12,9.7,D,0,9,341
47.76947,36.71689,367,0.5,0.65,16/08/2024,1122,N20,VIIRS,h,2,303.6,11.9,D,0,9.2,344
47.69263,35.17269,367,0.42,0.61,16/08/2024,1122,N20,VIIRS,h,2,306.64,8.64,D,3,6.9,341
47.66903,35.13982,367,0.42,0.61,16/08/2024,1122,N20,VIIRS,h,2,316.02,31.26,D,0,6.9,341
47.66942,36.56569,367,0.49,0.65,16/08/2024,1122,N20,VIIRS,h,2,305.43,13.82,D,0,9.2,341
47.59527,35.91139,367,0.45,0.63,16/08/2024,1122,N20,VIIRS,h,2,303.67,6.53,D,0,8.9,346
47.58955,35.91777,367,0.45,0.63,16/08/2024,1122,N20,VIIRS,h,2,304.66,10.1,D,0,8.9,346
47.49469,35.5554,367,0.44,0.62,16/08/2024,1122,N20,VIIRS,h,2,305.84,11.25,D,0,8.7,353
47.49974,35.55611,367,0.44,0.62,16/08/2024,1122,N20,VIIRS,h,2,303.92,9.84,D,0,8.7,353
47.49397,35.55611,367,0.44,0.62,16/08/2024,1122,N20,VIIRS,h,2,304.31,9.84,D,0,8.7,353
47.4882,35.55622,367,0.44,0.62,16/08/2024,1122,N20,VIIRS,h,2,303.32,17.41,D,0,8.7,353
47.43414,35.71793,367,0.44,0.63,16/08/2024,1122,N20,VIIRS,h,2,305.5,4.74,D,0,8.8,356
47.40199,35.85729,367,0.45,0.63,16/08/2024,1122,N20,VIIRS,h,2,305.27,17.28,D,0,9,356
47.40298,35.85963,367,0.45,0.63,16/08/2024,1122,N20,VIIRS,h,2,304.45,16.82,D,0,9,356
47.2715,34.7525,367,0.4,0.6,16/08/2024,1122,N20,VIIRS,h,2,308.74,4.96,D,0,8.5,1
47.26673,34.75426,367,0.4,0.6,16/08/2024,1122,N20,VIIRS,h,2,305.49,6.96,D,0,8.5,1
46.83359,32.9124,367,0.32,0.55,16/08/2024,1122,N20,VIIRS,h,2,313.65,8.6,D,0,7.7,22
46.80931,32.93628,367,0.32,0.55,16/08/2024,1122,N20,VIIRS,h,2,313.69,9.21,D,0,7.7,22
46.68248,33.13795,367,0.33,0.55,16/08/2024,1122,N20,VIIRS,h,2,308.07,8.59,D,0,7.4,34
46.67994,33.1378,367,0.33,0.55,16/08/2024,1122,N20,VIIRS,h,2,308.89,5.32,D,0,7.4,34
46.46674,33.08814,367,0.33,0.55,16/08/2024,1122,N20,VIIRS,h,2,311.81,17.42,D,0,8,14
46.14215,32.92923,367,0.32,0.54,16/08/2024,1122,N20,VIIRS,h,2,306.6,6.39,D,0,10.1,267
50.12723,36.47163,367,0.49,0.65,16/08/2024,1123,N20,VIIRS,h,2,297.56,22.65,D,0,12.1,337
50.12785,36.47023,367,0.49,0.65,16/08/2024,1123,N20,VIIRS,h,2,298.46,13.96,D,0,12.1,337
48.36665,38.26915,367,0.59,0.7,16/08/2024,1123,N20,VIIRS,h,2,302.76,11.13,D,0,10.8,343
48.18559,38.24498,367,0.59,0.7,16/08/2024,1123,N20,VIIRS,h,2,304.73,10.55,D,0,9.9,337
48.60857,38.85466,367,0.63,0.72,16/08/2024,1123,N20,VIIRS,h,2,296.28,54.92,D,0,12.2,321
48.59847,38.85117,367,0.63,0.72,16/08/2024,1123,N20,VIIRS,h,2,296.77,24.14,D,0,12.2,321
48.52095,35.86309,367,0.46,0.63,16/08/2024,1123,N20,VIIRS,h,2,298.61,8.84,D,0,9.5,339
48.36617,38.27108,367,0.59,0.7,16/08/2024,1123,N20,VIIRS,h,2,299.57,21.22,D,0,10.8,343
46.49447,30.00462,367,0.66,0.73,17/08/2024,117,N20,VIIRS,h,2,288.77,36.27,N,0,10,222
45.35485,36.27933,367,0.45,0.63,17/08/2024,922,N20,VIIRS,h,2,307.19,9.01,D,0,11.1,14
47.87696,37.21183,367,0.34,0.56,17/08/2024,923,N20,VIIRS,h,2,306.35,23.06,D,0,7.1,43
47.85612,33.45447,367,0.5,0.66,17/08/2024,923,N20,VIIRS,h,2,300.31,6.02,D,0,9.1,114
48.18924,35.9873,367,0.38,0.59,17/08/2024,923,N20,VIIRS,h,2,302.89,9.58,D,0,6.8,55
47.65992,35.13317,367,0.43,0.62,17/08/2024,923,N20,VIIRS,h,2,307.94,13.24,D,0,7.8,58
47.46292,34.79479,367,0.45,0.63,17/08/2024,923,N20,VIIRS,h,2,303.55,13.75,D,0,11.1,66
48.18063,37.42979,367,0.33,0.55,17/08/2024,923,N20,VIIRS,h,2,304.58,7.35,D,0,7.7,38
47.62569,35.60111,367,0.41,0.61,17/08/2024,923,N20,VIIRS,h,2,306.75,21.89,D,0,7.7,66
47.62057,35.60449,367,0.41,0.61,17/08/2024,923,N20,VIIRS,h,2,304.76,7.14,D,0,7.7,66
47.94818,37.25318,367,0.34,0.56,17/08/2024,923,N20,VIIRS,h,2,310.37,7.61,D,0,6.7,43
46.47532,32.67589,367,0.6,0.71,17/08/2024,923,N20,VIIRS,h,2,298.13,40.96,D,0,10.2,255
46.47188,32.68706,367,0.6,0.7,17/08/2024,923,N20,VIIRS,h,2,296.99,22.35,D,0,10.2,255
47.86116,37.11615,367,0.35,0.57,17/08/2024,923,N20,VIIRS,h,2,306.51,16.58,D,0,7,43
47.88176,37.20882,367,0.34,0.56,17/08/2024,923,N20,VIIRS,h,2,304.64,23.06,D,0,7.3,42
46.46867,32.68333,367,0.6,0.71,17/08/2024,923,N20,VIIRS,h,2,296.66,25.56,D,0,10.2,255
47.79075,37.27512,367,0.34,0.56,17/08/2024,923,N20,VIIRS,h,2,307,4.55,D,0,7.1,43
47.77304,37.47078,367,0.34,0.56,17/08/2024,923,N20,VIIRS,h,2,303.07,5.49,D,0,6.6,19
45.54881,34.65765,367,0.53,0.67,17/08/2024,923,N20,VIIRS,h,2,305.26,11.93,D,0,8.3,69
48.69675,35.83212,367,0.37,0.58,17/08/2024,923,N20,VIIRS,h,2,305.75,5.48,D,0,6.6,77
48.60384,34.237,367,0.44,0.62,17/08/2024,924,N20,VIIRS,h,2,303.95,14.97,D,0,8.8,96
47.66017,35.12537,367,0.5,0.49,17/08/2024,1103,N20,VIIRS,h,2,328.23,122.73,D,0,7.8,58
47.77423,37.47329,367,0.32,0.55,17/08/2024,1103,N20,VIIRS,h,2,304.64,7.32,D,0,6.6,19
47.84267,39.65829,367,0.41,0.6,17/08/2024,1103,N20,VIIRS,h,2,313.27,8.84,D,0,8.7,23
47.83721,39.66394,367,0.41,0.6,17/08/2024,1103,N20,VIIRS,h,2,309.72,9.91,D,0,8.7,23
47.83896,39.65964,367,0.41,0.6,17/08/2024,1103,N20,VIIRS,h,2,313.01,7.18,D,0,8.7,23
47.83913,39.66502,367,0.41,0.6,17/08/2024,1103,N20,VIIRS,h,2,309.43,7.18,D,0,8.7,23
47.55558,35.42678,367,0.51,0.49,17/08/2024,1103,N20,VIIRS,h,2,312.83,17.79,D,0,7.5,73
47.16835,37.92937,367,0.33,0.56,17/08/2024,1103,N20,VIIRS,h,2,309.1,6.24,D,0,8.5,23
47.94667,39.24646,367,0.39,0.59,17/08/2024,1103,N20,VIIRS,h,2,308.82,25.26,D,0,8,32
47.95232,39.25118,367,0.39,0.59,17/08/2024,1103,N20,VIIRS,h,2,307.19,25.26,D,0,8,32
48.07075,39.73773,367,0.41,0.61,17/08/2024,1103,N20,VIIRS,h,2,302.98,8.3,D,0,8.6,6
48.0706,39.73206,367,0.41,0.61,17/08/2024,1103,N20,VIIRS,h,2,307.01,8.3,D,0,8.6,6
49.64066,37.86149,367,0.35,0.56,17/08/2024,1104,N20,VIIRS,h,2,303.8,7.72,D,0,7.1,7
48.84846,38.01238,367,0.35,0.56,17/08/2024,1104,N20,VIIRS,h,2,302.23,10.43,D,0,6,14
48.85369,38.01188,367,0.35,0.56,17/08/2024,1104,N20,VIIRS,h,2,301.29,10.43,D,0,6,14
48.5319,38.49716,367,0.36,0.58,17/08/2024,1104,N20,VIIRS,h,2,311.21,11.95,D,0,7.1,24
48.53209,38.50201,367,0.36,0.58,17/08/2024,1104,N20,VIIRS,h,2,312.77,11.95,D,0,7.1,24
48.52674,38.5022,367,0.36,0.58,17/08/2024,1104,N20,VIIRS,h,2,310.49,52.41,D,0,7.1,24
48.44986,38.29981,367,0.35,0.57,17/08/2024,1104,N20,VIIRS,h,2,314.19,13.42,D,0,6.2,8
48.44476,38.30531,367,0.36,0.57,17/08/2024,1104,N20,VIIRS,h,2,305.44,23.77,D,0,6.2,8
48.36487,37.88688,367,0.34,0.56,17/08/2024,1104,N20,VIIRS,h,2,300.92,3.7,D,0,7.2,35
48.31549,39.40722,367,0.4,0.6,17/08/2024,1104,N20,VIIRS,h,2,302.72,12.39,D,0,7.4,1
48.17339,37.43699,367,0.32,0.55,17/08/2024,1104,N20,VIIRS,h,2,309.13,4.51,D,0,7.7,38
49.00422,37.84381,367,0.34,0.56,17/08/2024,1104,N20,VIIRS,h,2,296.48,17.05,D,0,5.7,47
49.29467,38.00978,367,0.35,0.57,17/08/2024,1104,N20,VIIRS,h,2,297.79,7.72,D,0,7.1,32
48.52996,38.50338,367,0.36,0.58,17/08/2024,1104,N20,VIIRS,h,2,305.29,24.98,D,0,7.1,24
50.21117,37.53232,367,0.34,0.56,17/08/2024,1104,N20,VIIRS,h,2,302.98,7.62,D,0,7.4,13
48.18245,38.72054,367,0.37,0.58,17/08/2024,1104,N20,VIIRS,h,2,307.34,16.54,D,0,7.8,23
48.18781,38.71993,367,0.37,0.58,17/08/2024,1104,N20,VIIRS,h,2,310.24,16.54,D,0,7.8,23
48.13611,37.37314,367,0.32,0.55,17/08/2024,1104,N20,VIIRS,h,2,305.07,4.82,D,0,7.2,41
47.86787,33.43044,367,0.52,0.67,18/08/2024,58,N20,VIIRS,h,2,289.95,14.4,N,2,9.9,126
48.54452,38.02618,367,0.48,0.65,18/08/2024,904,N20,VIIRS,h,2,303.1,12.61,D,0,6.6,143
46.99561,36.21479,367,0.65,0.73,18/08/2024,904,N20,VIIRS,h,2,306.67,9.55,D,0,10.5,102
48.22461,39.53391,367,0.43,0.62,18/08/2024,904,N20,VIIRS,h,2,312.3,13.4,D,0,7.1,119
48.21852,39.51421,367,0.43,0.62,18/08/2024,904,N20,VIIRS,h,2,311.33,44.36,D,0,7.1,119
48.21694,39.5091,367,0.43,0.62,18/08/2024,904,N20,VIIRS,h,2,326.66,44.36,D,0,7.1,119
48.24033,39.52386,367,0.43,0.62,18/08/2024,904,N20,VIIRS,h,2,307.98,18.02,D,0,7.1,119
48.24551,39.52032,367,0.43,0.62,18/08/2024,904,N20,VIIRS,h,2,303.61,17.44,D,0,7.1,119
48.25235,39.50808,367,0.43,0.62,18/08/2024,904,N20,VIIRS,h,2,309.4,15.95,D,0,7.1,119
48.11821,38.83904,367,0.46,0.64,18/08/2024,904,N20,VIIRS,h,2,304.75,14.24,D,0,6.6,102
48.3011,39.36113,367,0.43,0.62,18/08/2024,904,N20,VIIRS,h,2,308.84,47.9,D,0,7,120
48.30471,39.35241,367,0.43,0.62,18/08/2024,904,N20,VIIRS,h,2,305.76,47.9,D,0,7,120
47.598,37.09107,367,0.57,0.69,18/08/2024,904,N20,VIIRS,h,2,302.58,12.06,D,0,6.7,128
47.64758,36.52573,367,0.6,0.7,18/08/2024,904,N20,VIIRS,h,2,303.54,10.18,D,0,8.4,121
47.66111,36.41717,367,0.6,0.71,18/08/2024,904,N20,VIIRS,h,2,304.76,11.15,D,0,8,122
47.56245,36.00712,367,0.63,0.72,18/08/2024,904,N20,VIIRS,h,2,305.77,9.76,D,0,8,121
47.56282,36.00957,367,0.63,0.72,18/08/2024,904,N20,VIIRS,h,2,303.11,11.35,D,0,8,121
48.49176,38.1259,367,0.48,0.65,18/08/2024,904,N20,VIIRS,h,2,303.67,16.44,D,0,6.6,142
48.84201,38.113,367,0.47,0.64,18/08/2024,905,N20,VIIRS,h,2,308.75,18.92,D,0,6.2,152
47.66594,35.12925,367,0.68,0.74,18/08/2024,905,N20,VIIRS,h,2,301.58,10.05,D,0,9,155
48.82246,38.2356,367,0.46,0.64,18/08/2024,905,N20,VIIRS,h,2,304.92,11.18,D,0,5.9,133
47.67255,37.77688,367,0.4,0.44,18/08/2024,1044,N20,VIIRS,h,2,315.39,6.85,D,0,6.2,94
47.47096,38.21117,367,0.42,0.45,18/08/2024,1044,N20,VIIRS,h,2,317.68,13.83,D,0,8.1,85
47.2955,36.4141,367,0.52,0.42,18/08/2024,1044,N20,VIIRS,h,2,327.19,54.8,D,0,9.4,129
48.50969,37.3372,367,0.39,0.44,18/08/2024,1045,N20,VIIRS,h,2,339.95,122.87,D,0,7.3,146
48.50965,37.3345,367,0.39,0.44,18/08/2024,1045,N20,VIIRS,h,2,334.13,77.93,D,0,7.3,146
48.62037,37.91692,367,0.42,0.45,18/08/2024,1045,N20,VIIRS,h,2,314.57,12.45,D,0,6.6,142
48.17582,37.37661,367,0.39,0.44,18/08/2024,1045,N20,VIIRS,h,2,309.64,5.99,D,0,7.5,136
48.30471,39.36275,367,0.48,0.48,18/08/2024,1045,N20,VIIRS,h,2,335.2,75.07,D,0,7,120
48.21838,39.51682,367,0.48,0.48,18/08/2024,1045,N20,VIIRS,h,2,311.79,7.15,D,0,7.1,119
51.31179,33.17342,367,0.45,0.39,18/08/2024,1046,N20,VIIRS,h,2,329.58,56.38,D,0,7.2,148
48.57068,38.68908,367,0.7,0.75,19/08/2024,846,N20,VIIRS,h,2,298.82,15.35,D,0,8.3,90
48.56491,38.69491,367,0.7,0.75,19/08/2024,846,N20,VIIRS,h,2,308.91,16.71,D,0,8.3,90
48.3544,39.08234,367,0.69,0.74,19/08/2024,846,N20,VIIRS,h,2,306.79,45.9,D,0,9.2,97
48.35242,39.08487,367,0.69,0.74,19/08/2024,846,N20,VIIRS,h,2,308.43,36.17,D,0,9.2,97
48.23553,39.21539,367,0.69,0.74,19/08/2024,846,N20,VIIRS,h,2,310.27,56.65,D,0,10.2,73
48.23919,39.21101,367,0.69,0.74,19/08/2024,846,N20,VIIRS,h,2,307.99,37,D,0,10.2,73
48.21849,39.53701,367,0.67,0.74,19/08/2024,846,N20,VIIRS,h,2,306.66,17.37,D,0,8.9,89
48.21412,39.53685,367,0.67,0.74,19/08/2024,846,N20,VIIRS,h,2,307.31,25.37,D,0,8.9,89
47.96322,39.43562,367,0.69,0.74,19/08/2024,846,N20,VIIRS,h,2,308.86,29.63,D,0,8.6,85
47.9663,39.44394,367,0.69,0.74,19/08/2024,846,N20,VIIRS,h,2,310.06,29.63,D,0,8.6,85
47.96929,39.45201,367,0.69,0.74,19/08/2024,846,N20,VIIRS,h,2,310.7,26.06,D,0,8.6,85
47.96883,39.43747,367,0.69,0.74,19/08/2024,846,N20,VIIRS,h,2,305.51,15.23,D,0,8.6,85
47.9659,39.4509,367,0.69,0.74,19/08/2024,846,N20,VIIRS,h,2,312.19,15.23,D,0,8.6,85
47.96886,39.45905,367,0.69,0.74,19/08/2024,846,N20,VIIRS,h,2,310.32,17.02,D,0,8.6,85
50.36874,35.91496,367,0.77,0.77,19/08/2024,846,N20,VIIRS,h,2,297.99,16.92,D,0,7.3,132
49.23787,37.816,367,0.72,0.75,19/08/2024,846,N20,VIIRS,h,2,300.26,10.96,D,0,9,121
46.42609,35.09704,367,0.38,0.36,19/08/2024,1025,N20,VIIRS,h,2,316.73,5.99,D,3,12,72
48.91246,38.59967,367,0.45,0.39,19/08/2024,1026,N20,VIIRS,h,2,345.39,142.78,D,0,7.2,105
48.23956,39.19769,367,0.46,0.39,19/08/2024,1026,N20,VIIRS,h,2,311.06,17.58,D,0,10.2,73
48.23176,39.19358,367,0.46,0.39,19/08/2024,1026,N20,VIIRS,h,2,336.84,54.16,D,0,10.2,73
48.05727,38.65445,367,0.44,0.38,19/08/2024,1026,N20,VIIRS,h,2,319.04,24.13,D,0,9.2,73
47.47643,35.57327,367,0.39,0.36,19/08/2024,1026,N20,VIIRS,h,2,320.47,5.31,D,0,9.2,95
47.51402,36.04103,367,0.39,0.36,19/08/2024,1026,N20,VIIRS,h,2,315.6,11.54,D,0,9,95
47.46555,35.75389,367,0.39,0.36,19/08/2024,1026,N20,VIIRS,h,2,321.44,8.01,D,0,8.8,91
47.34958,36.44345,367,0.39,0.36,19/08/2024,1026,N20,VIIRS,h,2,331.79,28.12,D,0,10.2,102
47.36999,36.61385,367,0.39,0.36,19/08/2024,1026,N20,VIIRS,h,2,346.24,102.72,D,0,9.5,105
47.36668,36.61484,367,0.39,0.36,19/08/2024,1026,N20,VIIRS,h,2,333.87,49.74,D,0,9.5,105
46.79747,36.70947,367,0.38,0.59,19/08/2024,2240,N20,VIIRS,h,2,291.58,9.47,N,0,12.2,73
47.46302,35.52821,367,0.44,0.62,19/08/2024,2240,N20,VIIRS,h,2,293.21,10.21,N,0,9.5,98
48.63297,38.08638,367,0.39,0.36,20/08/2024,1007,N20,VIIRS,h,2,342.32,57.11,D,0,8.2,97
48.65683,38.12677,367,0.39,0.36,20/08/2024,1007,N20,VIIRS,h,2,319.62,15.34,D,0,8.5,99
47.83413,32.61605,367,0.55,0.43,20/08/2024,1007,N20,VIIRS,h,2,356.47,266.72,D,0,8,114
47.39705,29.47462,367,0.51,0.49,20/08/2024,1007,N20,VIIRS,h,2,315.22,27.27,D,0,7.3,132
48.91262,38.60701,367,0.38,0.36,20/08/2024,1007,N20,VIIRS,h,2,338.97,39.65,D,0,7.8,103
48.90855,38.58123,367,0.38,0.36,20/08/2024,1007,N20,VIIRS,h,2,338.1,61.26,D,0,7.5,104
48.91587,38.60582,367,0.38,0.36,20/08/2024,1007,N20,VIIRS,h,2,321.43,76.91,D,0,7.8,103
48.91343,38.59036,367,0.38,0.36,20/08/2024,1007,N20,VIIRS,h,2,340.96,85,D,0,7.5,104
48.91098,38.57489,367,0.38,0.36,20/08/2024,1007,N20,VIIRS,h,2,339.23,78.23,D,0,7.5,104
48.91912,38.60464,367,0.38,0.36,20/08/2024,1007,N20,VIIRS,h,2,352.74,76.91,D,0,7.5,104
48.9183,38.59949,367,0.38,0.36,20/08/2024,1007,N20,VIIRS,h,2,345.66,101.04,D,0,7.5,104
48.91586,38.58403,367,0.38,0.36,20/08/2024,1007,N20,VIIRS,h,2,344.32,85,D,0,7.5,104
48.91504,38.57887,367,0.38,0.36,20/08/2024,1007,N20,VIIRS,h,2,342.63,78.23,D,0,7.5,104
47.23145,30.16217,367,0.48,0.48,20/08/2024,1007,N20,VIIRS,h,2,332.58,62.45,D,0,6.6,114
46.53302,31.63248,367,0.43,0.46,20/08/2024,1007,N20,VIIRS,h,2,313.94,13.07,D,0,11.8,115
46.73714,32.1557,367,0.41,0.45,20/08/2024,1007,N20,VIIRS,h,2,323.84,12.73,D,0,9.4,115
48.2313,39.16441,367,0.38,0.36,20/08/2024,1007,N20,VIIRS,h,2,349.33,149.1,D,0,11,104
48.23052,39.15932,367,0.38,0.36,20/08/2024,1007,N20,VIIRS,h,2,337.02,75.12,D,0,11,104
48.23772,39.18363,367,0.38,0.36,20/08/2024,1007,N20,VIIRS,h,2,322.7,6.99,D,0,11.4,90
48.23693,39.17854,367,0.38,0.36,20/08/2024,1007,N20,VIIRS,h,2,324.11,18.86,D,0,11,104
48.23377,39.15819,367,0.38,0.36,20/08/2024,1007,N20,VIIRS,h,2,342.75,66.4,D,0,11,104
48.18394,38.20292,367,0.39,0.36,20/08/2024,1007,N20,VIIRS,h,2,319.86,9.12,D,0,8.1,103
48.18876,38.19024,367,0.39,0.36,20/08/2024,1007,N20,VIIRS,h,2,312.44,7.99,D,0,8.1,103
48.34722,39.09443,367,0.38,0.36,20/08/2024,1007,N20,VIIRS,h,2,363.5,73.11,D,0,9.7,109
48.35126,39.09839,367,0.38,0.36,20/08/2024,1007,N20,VIIRS,h,2,352.19,73.11,D,0,7.9,118
45.6265,29.53676,367,0.44,0.62,20/08/2024,1147,N20,VIIRS,h,2,310.36,7.48,D,0,9.8,75
46.54392,32.61893,367,0.63,0.72,20/08/2024,1147,N20,VIIRS,h,2,304.31,13.89,D,0,7.5,92
46.54036,32.61657,367,0.63,0.72,20/08/2024,1147,N20,VIIRS,h,2,306.6,26.08,D,0,7.5,92
47.23964,30.12583,367,0.48,0.65,20/08/2024,1148,N20,VIIRS,h,2,325.92,72.17,D,0,6.6,114
47.246,30.14576,367,0.48,0.65,20/08/2024,1148,N20,VIIRS,h,2,304.22,96.52,D,0,6.6,114
47.394,34.15026,367,0.74,0.76,20/08/2024,1148,N20,VIIRS,h,2,303.57,14.86,D,0,11.7,61
47.37589,30.12336,367,0.48,0.65,20/08/2024,1148,N20,VIIRS,h,2,309.63,50.81,D,0,6.7,106
47.39037,34.14882,367,0.74,0.76,20/08/2024,1148,N20,VIIRS,h,2,305.55,34.71,D,0,11.7,61
47.39378,29.46107,367,0.45,0.63,20/08/2024,1148,N20,VIIRS,h,2,309.86,8.05,D,0,7.4,120
46.86405,32.35207,367,0.61,0.71,20/08/2024,1148,N20,VIIRS,h,2,311,19.93,D,0,9.1,104
46.86404,32.3439,367,0.61,0.71,20/08/2024,1148,N20,VIIRS,h,2,311.71,16.2,D,0,9.1,104
46.87062,32.34399,367,0.61,0.71,20/08/2024,1148,N20,VIIRS,h,2,306.22,16.2,D,0,9.1,104
46.86189,32.35111,367,0.61,0.71,20/08/2024,1148,N20,VIIRS,h,2,312.74,20.38,D,0,9.1,104
46.86852,32.343,367,0.61,0.71,20/08/2024,1148,N20,VIIRS,h,2,309.23,20.38,D,0,9.1,104
47.222,30.14602,367,0.48,0.65,20/08/2024,1148,N20,VIIRS,h,2,304.48,7.53,D,0,6.6,101
47.22189,30.1394,367,0.48,0.65,20/08/2024,1148,N20,VIIRS,h,2,304.68,7.53,D,0,6.6,101
47.56571,29.89776,367,0.47,0.64,20/08/2024,1148,N20,VIIRS,h,2,314.31,47.95,D,0,7.4,66
47.56302,29.89792,367,0.47,0.64,20/08/2024,1148,N20,VIIRS,h,2,310.77,17.66,D,0,7.4,66
47.56897,29.89765,367,0.47,0.64,20/08/2024,1148,N20,VIIRS,h,2,306.07,17.66,D,0,7.4,66
47.83057,32.61496,367,0.63,0.72,20/08/2024,1148,N20,VIIRS,h,2,305.15,15.42,D,0,8,114
47.83712,32.63197,367,0.63,0.72,20/08/2024,1148,N20,VIIRS,h,2,291.9,27.2,D,0,8,114
47.84387,32.62373,367,0.63,0.72,20/08/2024,1148,N20,VIIRS,h,2,300.91,23.34,D,0,8,114
47.88218,29.26133,367,0.44,0.62,20/08/2024,1148,N20,VIIRS,h,2,310.8,8.44,D,0,6.7,89
47.24564,30.12574,367,0.48,0.65,20/08/2024,1148,N20,VIIRS,h,2,308.82,102.35,D,0,6.6,114
47.25212,30.15256,367,0.48,0.65,20/08/2024,1148,N20,VIIRS,h,2,302.17,27.12,D,0,6.6,114
47.25152,30.11935,367,0.48,0.65,20/08/2024,1148,N20,VIIRS,h,2,301.97,63.85,D,0,6.6,114
47.37965,34.15903,367,0.74,0.76,20/08/2024,1148,N20,VIIRS,h,2,306.06,26.53,D,0,11.7,61
47.37346,30.11407,367,0.48,0.65,20/08/2024,1148,N20,VIIRS,h,2,317.37,30.26,D,0,6.7,106
47.38675,34.15944,367,0.74,0.76,20/08/2024,1148,N20,VIIRS,h,2,302.37,26.53,D,0,11.7,61
47.3869,34.14986,367,0.74,0.76,20/08/2024,1148,N20,VIIRS,h,2,302.22,41.82,D,0,11.7,61
47.37957,30.12007,367,0.48,0.65,20/08/2024,1148,N20,VIIRS,h,2,311.52,30.26,D,0,6.7,106
47.23976,30.13225,367,0.48,0.65,20/08/2024,1148,N20,VIIRS,h,2,303.83,72.17,D,0,6.6,114
48.09951,38.51499,367,0.54,0.68,20/08/2024,2221,N20,VIIRS,h,2,290.66,12.81,N,0,9,94
47.11562,31.61152,367,0.34,0.56,21/08/2024,948,N20,VIIRS,h,2,316.38,35.65,D,0,8.6,112
47.04605,32.21276,367,0.32,0.55,21/08/2024,948,N20,VIIRS,h,2,306.85,3.69,D,0,8.5,107
48.70472,35.81447,367,0.4,0.45,21/08/2024,948,N20,VIIRS,h,2,309.92,23.03,D,0,10.3,97
49.16305,38.22793,367,0.48,0.4,21/08/2024,948,N20,VIIRS,h,2,344.24,91.88,D,0,9.1,104
47.1964,31.31889,367,0.35,0.56,21/08/2024,948,N20,VIIRS,h,2,304.72,5.63,D,0,8,102
47.19157,31.32179,367,0.35,0.56,21/08/2024,948,N20,VIIRS,h,2,312.08,15.68,D,0,8,102
47.19399,31.33026,367,0.35,0.56,21/08/2024,948,N20,VIIRS,h,2,305.4,6.19,D,0,8,102
46.91059,32.30285,367,0.36,0.57,21/08/2024,1128,N20,VIIRS,h,2,303.07,8.93,D,0,8.4,93
46.90698,32.30665,367,0.36,0.57,21/08/2024,1128,N20,VIIRS,h,2,307.21,14.92,D,0,8.4,93
46.90678,32.30187,367,0.36,0.57,21/08/2024,1128,N20,VIIRS,h,2,306.82,14.92,D,0,8.4,93
48.956,38.97816,367,0.75,0.77,21/08/2024,1129,N20,VIIRS,h,2,297.74,33.06,D,0,9.6,108
48.4875,37.80508,367,0.66,0.73,21/08/2024,1129,N20,VIIRS,h,2,294.22,22.77,D,0,9.2,97
48.62767,38.11292,367,0.68,0.74,21/08/2024,1129,N20,VIIRS,h,2,290.09,19.36,D,0,10.6,100
47.20603,31.31691,367,0.32,0.55,21/08/2024,1129,N20,VIIRS,h,2,302.35,4.59,D,0,8,102
47.28305,37.85964,367,0.66,0.73,21/08/2024,1129,N20,VIIRS,h,2,302.94,23.42,D,0,13.8,81
47.27631,37.8506,367,0.66,0.73,21/08/2024,1129,N20,VIIRS,h,2,300.52,28.6,D,0,14.2,78
47.27624,37.85938,367,0.66,0.73,21/08/2024,1129,N20,VIIRS,h,2,301.84,28.6,D,0,14.2,78
47.27601,37.88578,367,0.66,0.73,21/08/2024,1129,N20,VIIRS,h,2,305.24,15.5,D,0,13.9,81
47.04436,32.21864,367,0.36,0.57,21/08/2024,1129,N20,VIIRS,h,2,307.32,7.28,D,0,8.5,107
48.92839,38.59288,367,0.72,0.76,21/08/2024,1129,N20,VIIRS,h,2,297.07,27.5,D,0,9.6,102
48.92606,38.5872,367,0.72,0.76,21/08/2024,1129,N20,VIIRS,h,2,300.24,15.82,D,0,9.6,102
48.9545,37.86857,367,0.67,0.74,21/08/2024,1129,N20,VIIRS,h,2,292.04,10.72,D,0,10.4,92
48.95884,38.98338,367,0.75,0.77,21/08/2024,1129,N20,VIIRS,h,2,291.86,21.11,D,0,9.6,108
49.65556,37.83252,367,0.67,0.73,21/08/2024,1129,N20,VIIRS,h,2,298.44,22.59,D,0,9.8,110
49.74491,37.8286,367,0.67,0.73,21/08/2024,1129,N20,VIIRS,h,2,300.54,15.51,D,0,8.5,121
49.76035,37.70892,367,0.66,0.73,21/08/2024,1129,N20,VIIRS,h,2,296.33,15.18,D,0,8.6,113
49.80852,36.91904,367,0.61,0.71,21/08/2024,1129,N20,VIIRS,h,2,293.7,12.87,D,0,10,113
49.81515,36.91082,367,0.61,0.71,21/08/2024,1129,N20,VIIRS,h,2,297.65,12.87,D,0,10,113
49.77435,37.75478,367,0.66,0.73,21/08/2024,1129,N20,VIIRS,h,2,294.29,21.45,D,0,8.6,113
49.98466,34.69456,367,0.48,0.65,21/08/2024,1129,N20,VIIRS,h,2,301.51,7.9,D,0,9.5,107
47.41842,31.98232,367,0.35,0.57,21/08/2024,1129,N20,VIIRS,h,2,312.03,5.03,D,0,9,109
48.25896,38.48293,367,0.71,0.75,21/08/2024,1129,N20,VIIRS,h,2,300.25,13.43,D,0,12.2,105
48.25691,38.47861,367,0.71,0.75,21/08/2024,1129,N20,VIIRS,h,2,302.85,19.2,D,0,12.2,105
48.29954,39.46938,367,0.79,0.78,21/08/2024,1129,N20,VIIRS,h,2,297.69,31.73,D,0,11.9,98
48.30069,39.46361,367,0.79,0.78,21/08/2024,1129,N20,VIIRS,h,2,296.99,22.98,D,0,11.9,98
48.39558,39.4494,367,0.79,0.78,21/08/2024,1129,N20,VIIRS,h,2,299.19,27.38,D,0,12.3,107
47.99876,37.40142,367,0.57,0.52,22/08/2024,929,N20,VIIRS,h,2,294.1,19.8,D,0,11.1,115
48.92041,37.89599,367,0.51,0.5,22/08/2024,929,N20,VIIRS,h,2,303.76,15.65,D,0,11.8,111
48.91871,37.88937,367,0.51,0.5,22/08/2024,929,N20,VIIRS,h,2,307.52,15.65,D,0,11.8,111
48.36679,38.73721,367,0.49,0.49,22/08/2024,929,N20,VIIRS,h,2,309.23,57.95,D,0,14,114
47.82389,38.31604,367,0.53,0.5,22/08/2024,929,N20,VIIRS,h,2,290.86,12.56,D,0,13.6,105
48.38413,39.46238,367,0.46,0.47,22/08/2024,929,N20,VIIRS,h,2,308.37,6.29,D,0,14.5,111
48.4642,39.18993,367,0.47,0.48,22/08/2024,929,N20,VIIRS,h,2,311.46,16.45,D,0,13.1,112
48.36005,38.74865,367,0.49,0.49,22/08/2024,929,N20,VIIRS,h,2,305.19,20.43,D,0,14,114
47.62469,36.28835,367,0.33,0.55,22/08/2024,929,N20,VIIRS,h,2,291.78,5.92,D,0,10.9,83
50.16925,36.62315,367,0.53,0.5,22/08/2024,930,N20,VIIRS,h,2,305.47,14.37,D,0,11.8,99
49.83876,37.90065,367,0.48,0.48,22/08/2024,930,N20,VIIRS,h,2,308.34,17.21,D,0,14,110
48.57133,34.30968,367,0.37,0.58,22/08/2024,930,N20,VIIRS,h,2,302.6,10.59,D,0,8.7,191
48.56503,34.30838,367,0.37,0.58,22/08/2024,930,N20,VIIRS,h,2,305.18,10.81,D,0,8.7,191
48.56643,34.31306,367,0.37,0.58,22/08/2024,930,N20,VIIRS,h,2,304.34,12.44,D,0,8.7,191
48.56845,34.3145,367,0.37,0.58,22/08/2024,930,N20,VIIRS,h,2,303.41,14.18,D,0,8.7,191
49.07906,37.99146,367,0.5,0.49,22/08/2024,930,N20,VIIRS,h,2,304.6,8.1,D,0,12.3,99
49.79988,38.43295,367,0.43,0.62,22/08/2024,1110,N20,VIIRS,h,2,302.2,34.59,D,0,14.2,104
49.79413,38.43342,367,0.43,0.62,22/08/2024,1110,N20,VIIRS,h,2,308.93,14.03,D,0,14.2,104
48.34621,38.76993,367,0.44,0.62,22/08/2024,1110,N20,VIIRS,h,2,292.94,11.08,D,0,14,114
48.33975,38.73993,367,0.44,0.62,22/08/2024,1110,N20,VIIRS,h,2,295.63,19.65,D,0,14,114
48.33988,38.74587,367,0.44,0.62,22/08/2024,1110,N20,VIIRS,h,2,295.38,12.61,D,0,14,114
48.4332,39.07586,367,0.46,0.63,22/08/2024,1110,N20,VIIRS,h,2,294.97,7.82,D,0,13.1,115
49.76741,37.76565,367,0.4,0.6,22/08/2024,1110,N20,VIIRS,h,2,301.69,15.21,D,0,12.5,111
49.76756,37.77126,367,0.4,0.6,22/08/2024,1110,N20,VIIRS,h,2,303.6,7.77,D,0,12.5,111
48.58008,38.30878,367,0.42,0.61,22/08/2024,1110,N20,VIIRS,h,2,294.4,5.26,D,0,12.4,109
49.70901,37.90583,367,0.41,0.61,22/08/2024,1110,N20,VIIRS,h,2,304.29,18.54,D,0,14.4,110
49.7057,37.90664,367,0.41,0.61,22/08/2024,1110,N20,VIIRS,h,2,302.31,10.06,D,0,14.4,110
49.58659,37.99105,367,0.41,0.61,22/08/2024,1110,N20,VIIRS,h,2,301.88,18.53,D,0,13.4,108
49.34273,39.71062,367,0.49,0.65,22/08/2024,1110,N20,VIIRS,h,2,304.66,6.32,D,0,13.5,99
49.30822,37.91834,367,0.41,0.61,22/08/2024,1110,N20,VIIRS,h,2,292.49,14.39,D,0,13.1,107
48.90456,38.60193,367,0.44,0.62,22/08/2024,1110,N20,VIIRS,h,2,303.41,10.64,D,0,12.4,108
48.90508,38.60147,367,0.44,0.62,22/08/2024,1110,N20,VIIRS,h,2,302.84,11.37,D,0,12.4,108
48.92828,38.60653,367,0.44,0.62,22/08/2024,1110,N20,VIIRS,h,2,302.38,20.42,D,0,12.1,106
49.07558,38.00987,367,0.41,0.61,22/08/2024,1110,N20,VIIRS,h,2,294.46,12.4,D,0,12.3,99
49.07316,38.00906,367,0.41,0.61,22/08/2024,1110,N20,VIIRS,h,2,294.75,16.44,D,0,12.3,99
49.08437,38.27053,367,0.42,0.61,22/08/2024,1110,N20,VIIRS,h,2,291.8,5.85,D,0,12.6,103
49.30471,37.91973,367,0.41,0.6,22/08/2024,1110,N20,VIIRS,h,2,291.1,7.54,D,0,13.1,107
49.31554,40.11991,367,0.51,0.66,22/08/2024,1110,N20,VIIRS,h,2,303.97,6.57,D,0,13.4,100
49.34177,39.71035,367,0.49,0.65,22/08/2024,1110,N20,VIIRS,h,2,305.52,13.3,D,0,13.5,99
48.02439,38.20774,367,0.42,0.61,23/08/2024,910,N20,VIIRS,h,2,297.52,11.76,D,0,10.2,116
48.01927,38.21137,367,0.42,0.61,23/08/2024,910,N20,VIIRS,h,2,298.32,11.76,D,0,10.2,116
48.01834,38.20235,367,0.42,0.61,23/08/2024,910,N20,VIIRS,h,2,298.68,13.1,D,0,10.2,116
48.02132,38.21212,367,0.42,0.61,23/08/2024,910,N20,VIIRS,h,2,296.29,6.51,D,0,10.2,116
47.46471,37.6288,367,0.47,0.64,23/08/2024,910,N20,VIIRS,h,2,299.39,9.6,D,0,8.6,95
47.46472,37.62875,367,0.47,0.64,23/08/2024,910,N20,VIIRS,h,2,298.91,13.19,D,0,8.6,95
48.27507,33.37038,367,0.66,0.73,23/08/2024,911,N20,VIIRS,h,2,292.57,12.87,D,0,18.1,335
49.3096,37.87252,367,0.4,0.6,23/08/2024,911,N20,VIIRS,h,2,293.94,5.03,D,0,14,98
48.96394,38.13375,367,0.4,0.6,23/08/2024,911,N20,VIIRS,h,2,294.43,6.7,D,0,11.4,82
47.40969,35.67313,367,0.57,0.69,23/08/2024,911,N20,VIIRS,h,2,295.14,13.03,D,0,9.1,318
50.0374,35.76111,367,0.7,0.75,24/08/2024,853,N20,VIIRS,h,2,295.57,31.56,D,0,12.1,35
50.19809,36.38468,367,0.65,0.73,24/08/2024,853,N20,VIIRS,h,2,293.92,15.74,D,0,10.5,55
46.90141,33.48444,367,0.47,0.4,25/08/2024,1013,N20,VIIRS,h,2,314.41,11.21,D,0,12.3,60
47.84662,38.39261,367,0.38,0.36,25/08/2024,1013,N20,VIIRS,h,2,304.56,5.83,D,0,12.4,70
46.05277,29.15504,367,0.49,0.48,25/08/2024,1013,N20,VIIRS,h,2,309.26,11.22,D,0,12.8,37
47.70641,37.28728,367,0.39,0.36,25/08/2024,1013,N20,VIIRS,h,2,312.03,4.21,D,0,13.1,78
46.88885,37.07613,367,0.39,0.36,25/08/2024,1013,N20,VIIRS,h,2,313.54,9.06,D,3,20.4,74
46.69759,33.56103,367,0.47,0.4,25/08/2024,1013,N20,VIIRS,h,2,311.44,15.29,D,0,13.5,69
49.30342,37.9291,367,0.39,0.36,25/08/2024,1013,N20,VIIRS,h,2,315.19,7.69,D,0,9.2,110
48.55836,26.39552,367,0.39,0.59,25/08/2024,1154,N20,VIIRS,h,2,305.55,6.83,D,0,7.6,93
48.04815,39.41283,367,0.42,0.38,26/08/2024,954,N20,VIIRS,h,2,336.96,78.99,D,0,13.9,58
48.04879,39.377,367,0.42,0.38,26/08/2024,954,N20,VIIRS,h,2,340.97,55.68,D,0,13.9,58
47.54161,34.62081,367,0.42,0.45,26/08/2024,954,N20,VIIRS,h,2,331.73,156.17,D,0,12.3,90
48.06158,39.40742,367,0.42,0.38,26/08/2024,954,N20,VIIRS,h,2,310.97,8.51,D,0,13.9,58
45.85009,29.92181,367,0.37,0.58,26/08/2024,954,N20,VIIRS,h,2,308.86,6.74,D,0,9.4,83
45.99432,30.16501,367,0.36,0.57,26/08/2024,954,N20,VIIRS,h,2,309.97,6.68,D,0,8.8,76
47.29121,29.95971,367,0.34,0.56,26/08/2024,954,N20,VIIRS,h,2,303.69,10.13,D,0,9.2,81
47.28783,29.96179,367,0.34,0.56,26/08/2024,954,N20,VIIRS,h,2,306.62,19.89,D,0,9.2,81
46.37562,33.1432,367,0.52,0.5,26/08/2024,954,N20,VIIRS,h,2,330.2,107.45,D,0,13.5,65
48.563,28.34063,367,0.36,0.57,26/08/2024,955,N20,VIIRS,h,2,297.39,12.42,D,0,9.1,67
48.56306,28.3402,367,0.36,0.57,26/08/2024,955,N20,VIIRS,h,2,298.43,11.14,D,0,9.1,67
52.08133,32.34042,367,0.39,0.44,26/08/2024,956,N20,VIIRS,h,2,302.86,8.06,D,0,10.3,54
45.54008,33.13173,367,0.46,0.64,26/08/2024,1134,N20,VIIRS,h,2,304.72,7.71,D,0,15.8,60
45.85835,34.02784,367,0.51,0.66,26/08/2024,1134,N20,VIIRS,h,2,305.13,16.72,D,0,17.7,62
45.12395,33.70365,367,0.49,0.65,26/08/2024,1134,N20,VIIRS,h,2,306.85,11.77,D,0,20.1,59
44.85734,34.99637,367,0.56,0.69,26/08/2024,1134,N20,VIIRS,h,2,300.6,16.73,D,0,21.5,36
45.00993,35.33522,367,0.59,0.7,26/08/2024,1134,N20,VIIRS,h,2,302.33,36.35,D,0,22.3,35
45.00955,35.33434,367,0.59,0.7,26/08/2024,1134,N20,VIIRS,h,2,302.41,29.03,D,0,22.3,35
45.00943,35.31116,367,0.59,0.7,26/08/2024,1134,N20,VIIRS,h,2,301.93,52.18,D,0,22.3,35
45.12998,33.70327,367,0.49,0.65,26/08/2024,1134,N20,VIIRS,h,2,308.32,11.77,D,0,20.1,59
47.26941,35.65765,367,0.62,0.71,26/08/2024,1135,N20,VIIRS,h,2,297.33,16.98,D,0,13.1,61
47.1598,32.25447,367,0.43,0.62,26/08/2024,1135,N20,VIIRS,h,2,305.32,37.37,D,0,11.6,85
47.15409,32.25461,367,0.43,0.62,26/08/2024,1135,N20,VIIRS,h,2,306.1,37.37,D,0,11.6,85
47.18886,34.48219,367,0.54,0.68,26/08/2024,1135,N20,VIIRS,h,2,297.01,11.42,D,0,13.5,57
46.98474,32.45583,367,0.43,0.62,26/08/2024,1135,N20,VIIRS,h,2,306.79,24.97,D,0,12.2,76
46.7934,31.97535,367,0.41,0.61,26/08/2024,1135,N20,VIIRS,h,2,303.68,7.5,D,0,11.9,68
46.7959,31.97556,367,0.41,0.61,26/08/2024,1135,N20,VIIRS,h,2,304.46,6.83,D,0,11.9,68
46.74909,34.88086,367,0.57,0.69,26/08/2024,1135,N20,VIIRS,h,2,303.08,136.81,D,0,13.6,69
46.55022,30.64237,367,0.35,0.57,26/08/2024,1135,N20,VIIRS,h,2,306.15,7.29,D,0,9,144
46.55094,30.64132,367,0.35,0.57,26/08/2024,1135,N20,VIIRS,h,2,306.99,6.41,D,0,9,144
47.28304,29.94919,367,0.33,0.55,26/08/2024,1135,N20,VIIRS,h,2,304.82,9.38,D,0,9.2,81
47.35161,31.63335,367,0.4,0.6,26/08/2024,1135,N20,VIIRS,h,2,301.49,10.21,D,3,10,89
47.28839,29.95363,367,0.33,0.55,26/08/2024,1135,N20,VIIRS,h,2,307.42,9.38,D,0,9.2,81
47.53243,34.63426,367,0.55,0.68,26/08/2024,1135,N20,VIIRS,h,2,298.79,16.1,D,0,12.3,90
47.53236,34.61926,367,0.55,0.68,26/08/2024,1135,N20,VIIRS,h,2,297.7,13,D,0,12.3,90
47.53875,34.62679,367,0.55,0.68,26/08/2024,1135,N20,VIIRS,h,2,296.41,29.94,D,0,12.3,90
47.53871,34.6193,367,0.55,0.68,26/08/2024,1135,N20,VIIRS,h,2,300.95,58.58,D,0,12.3,90
46.38403,30.43983,367,0.34,0.56,26/08/2024,1135,N20,VIIRS,h,2,309.27,6.36,D,0,9.6,90
46.37881,30.44014,367,0.34,0.56,26/08/2024,1135,N20,VIIRS,h,2,308.01,6.36,D,0,9.6,90
46.37574,34.30908,367,0.53,0.67,26/08/2024,1135,N20,VIIRS,h,2,307.72,19.09,D,0,14.8,71
46.24305,33.57531,367,0.49,0.65,26/08/2024,1135,N20,VIIRS,h,2,300.89,17.85,D,0,14.7,73
46.23701,33.57547,367,0.49,0.65,26/08/2024,1135,N20,VIIRS,h,2,302.45,12.16,D,0,14.7,73
47.26654,35.65694,367,0.62,0.71,26/08/2024,1135,N20,VIIRS,h,2,297.51,10.77,D,0,13.1,61
48.61167,33.03896,367,0.47,0.64,26/08/2024,1135,N20,VIIRS,h,2,298,7.85,D,0,8.2,81
48.1311,33.33472,367,0.49,0.65,26/08/2024,1135,N20,VIIRS,h,2,303.09,15.76,D,0,9.6,85
48.12525,33.3476,367,0.49,0.65,26/08/2024,1135,N20,VIIRS,h,2,304.3,24.25,D,0,9.6,85
47.79958,29.85262,367,0.33,0.55,26/08/2024,1135,N20,VIIRS,h,2,303.77,22.03,D,0,8.6,70
50.28166,36.80654,367,0.71,0.75,26/08/2024,1136,N20,VIIRS,h,2,297.81,22.06,D,0,10.7,55
50.33319,36.89964,367,0.71,0.75,26/08/2024,1136,N20,VIIRS,h,2,295.52,24.32,D,0,10.6,59
50.15642,30.71956,367,0.38,0.59,26/08/2024,1136,N20,VIIRS,h,2,303.77,6.24,D,0,7.8,33
50.98088,31.32821,367,0.41,0.6,26/08/2024,1136,N20,VIIRS,h,2,302.03,27.41,D,0,8.9,38
48.32087,38.56936,367,0.43,0.46,27/08/2024,935,N20,VIIRS,h,2,301.37,12.48,D,0,19,86
50.15902,30.72634,367,0.4,0.6,27/08/2024,936,N20,VIIRS,h,2,296.91,10.55,D,0,8.4,57
50.22648,36.50388,367,0.46,0.47,27/08/2024,936,N20,VIIRS,h,2,305.45,10.66,D,0,15.1,89
50.07008,37.14705,367,0.44,0.46,27/08/2024,936,N20,VIIRS,h,2,307.94,8.63,D,0,17.2,91
48.09183,31.56852,367,0.43,0.62,27/08/2024,936,N20,VIIRS,h,2,293.1,9.33,D,0,9.8,88
48.95449,36.12363,367,0.52,0.5,27/08/2024,936,N20,VIIRS,h,2,296.13,15.44,D,0,15.8,84
49.01064,38.42949,367,0.42,0.45,27/08/2024,936,N20,VIIRS,h,2,308.37,7.18,D,0,13.9,89
51.27035,29.3748,367,0.42,0.61,27/08/2024,937,N20,VIIRS,h,2,303.59,30.42,D,0,12.6,45
49.50916,38.20943,367,0.5,0.66,27/08/2024,1116,N20,VIIRS,h,2,301.22,8.45,D,0,15.5,87
48.1207,37.30352,367,0.45,0.63,27/08/2024,1116,N20,VIIRS,h,2,299.27,25.5,D,0,15,81
49.73771,37.82804,367,0.48,0.65,27/08/2024,1116,N20,VIIRS,h,2,296.52,15.29,D,0,16.4,91
49.78056,37.89624,367,0.48,0.65,27/08/2024,1116,N20,VIIRS,h,2,300.89,11.72,D,0,17.3,92
49.77638,37.89671,367,0.48,0.65,27/08/2024,1116,N20,VIIRS,h,2,301.7,16.46,D,0,17.3,92
48.12042,37.3061,367,0.45,0.63,27/08/2024,1116,N20,VIIRS,h,2,295.69,13.19,D,0,15,81
48.95701,36.11023,367,0.4,0.6,27/08/2024,1116,N20,VIIRS,h,2,291.78,7.14,D,0,15.8,84
50.01399,37.84396,367,0.48,0.65,27/08/2024,1117,N20,VIIRS,h,2,302.96,18.25,D,0,14.2,84
50.01394,37.83763,367,0.48,0.65,27/08/2024,1117,N20,VIIRS,h,2,301.54,18.25,D,0,14.2,84
50.01192,37.83731,367,0.48,0.65,27/08/2024,1117,N20,VIIRS,h,2,299.37,9.53,D,0,14.2,84
50.01801,37.84375,367,0.48,0.65,27/08/2024,1117,N20,VIIRS,h,2,303.08,8.88,D,0,14.2,84
50.03213,37.85662,367,0.48,0.65,27/08/2024,1117,N20,VIIRS,h,2,298.04,64.94,D,0,14.2,84
50.25446,37.10478,367,0.45,0.63,27/08/2024,1117,N20,VIIRS,h,2,295.15,6.82,D,0,16.5,92
50.29493,37.08596,367,0.45,0.63,27/08/2024,1117,N20,VIIRS,h,2,299.29,19.6,D,0,16.5,92
50.29436,37.05408,367,0.44,0.63,27/08/2024,1117,N20,VIIRS,h,2,291.72,10.48,D,0,15.1,89
50.29366,37.05186,367,0.45,0.63,27/08/2024,1117,N20,VIIRS,h,2,293.41,18.47,D,0,15.1,89
50.36774,35.74912,367,0.39,0.59,27/08/2024,1117,N20,VIIRS,h,2,299.89,8.81,D,0,15.7,93
50.36782,35.74813,367,0.39,0.59,27/08/2024,1117,N20,VIIRS,h,2,300.78,12,D,0,15.7,93
51.27187,29.37021,367,0.42,0.45,27/08/2024,1117,N20,VIIRS,h,2,342.92,191.77,D,0,12.6,45
51.2714,29.36419,367,0.42,0.45,27/08/2024,1117,N20,VIIRS,h,2,330.14,191.77,D,0,12.6,45
46.92804,36.94959,367,0.45,0.63,28/08/2024,916,N20,VIIRS,h,2,297.62,5.34,D,0,23.9,81
49.77697,37.89634,367,0.33,0.55,28/08/2024,917,N20,VIIRS,h,2,291.13,11.57,D,0,15.6,94
49.12086,37.02938,367,0.38,0.58,28/08/2024,917,N20,VIIRS,h,2,302.6,12.69,D,0,17.2,82
49.13982,36.92063,367,0.38,0.59,28/08/2024,917,N20,VIIRS,h,2,300.81,8.53,D,0,17.2,80
49.15255,36.92333,367,0.38,0.59,28/08/2024,917,N20,VIIRS,h,2,303.06,75.29,D,0,17.2,80
49.15605,36.91516,367,0.38,0.59,28/08/2024,917,N20,VIIRS,h,2,298.57,48.58,D,0,17.2,80
47.81638,37.08211,367,0.41,0.61,28/08/2024,917,N20,VIIRS,h,2,295.38,24.19,D,0,19.4,88
47.81843,37.06859,367,0.41,0.61,28/08/2024,917,N20,VIIRS,h,2,294.88,9.28,D,0,19.4,88
47.81687,37.06344,367,0.41,0.61,28/08/2024,917,N20,VIIRS,h,2,293.76,9.28,D,0,19.4,88
47.68264,36.41106,367,0.44,0.63,28/08/2024,917,N20,VIIRS,h,2,299.47,50.96,D,0,18.2,90
48.36066,34.81342,367,0.49,0.65,28/08/2024,917,N20,VIIRS,h,2,292.72,36.92,D,0,18.3,79
49.12366,37.03886,367,0.37,0.58,28/08/2024,917,N20,VIIRS,h,2,299.35,9.81,D,0,17.2,82
48.45772,33.39103,367,0.55,0.42,28/08/2024,1057,N20,VIIRS,h,2,326.28,202.03,D,0,18.6,77
49.14562,36.90046,367,0.52,0.5,28/08/2024,1057,N20,VIIRS,h,2,295.77,32.04,D,0,17.2,80
47.33147,34.92696,367,0.41,0.45,28/08/2024,1057,N20,VIIRS,h,2,302.64,22.88,D,0,17,80
47.64081,37.13773,367,0.52,0.5,28/08/2024,1057,N20,VIIRS,h,2,305.44,18.09,D,0,18,89
47.80174,37.0643,367,0.52,0.5,28/08/2024,1057,N20,VIIRS,h,2,306.52,11.65,D,0,18.2,88
48.0962,39.50891,367,0.34,0.56,28/08/2024,1057,N20,VIIRS,h,2,300.87,10.89,D,0,18.2,92
48.09752,39.50958,367,0.34,0.56,28/08/2024,1057,N20,VIIRS,h,2,298.59,5.44,D,0,18.2,92
48.16068,38.77502,367,0.62,0.54,28/08/2024,1057,N20,VIIRS,h,2,303.45,13.36,D,0,17.1,92
48.16085,38.7766,367,0.63,0.54,28/08/2024,1057,N20,VIIRS,h,2,302.72,14.83,D,0,17.1,92
50.39563,35.84282,367,0.48,0.48,28/08/2024,1058,N20,VIIRS,h,2,301.04,11.62,D,0,15.4,80
47.44972,36.74122,367,0.69,0.74,29/08/2024,858,N20,VIIRS,h,2,290.1,38.73,D,0,18.1,83
47.45887,37.6202,367,0.64,0.72,29/08/2024,858,N20,VIIRS,h,2,295.8,16.05,D,0,20.7,70
49.36911,36.90411,367,0.58,0.7,29/08/2024,858,N20,VIIRS,h,2,292.62,36.26,D,0,14.6,86
49.58606,37.77984,367,0.53,0.67,29/08/2024,858,N20,VIIRS,h,2,296.25,14.36,D,0,16.1,90
49.37667,37.86554,367,0.53,0.67,29/08/2024,858,N20,VIIRS,h,2,295.15,47.59,D,0,16,87
49.37337,37.8764,367,0.53,0.67,29/08/2024,858,N20,VIIRS,h,2,297.29,47.59,D,0,16,87
49.36776,37.88055,367,0.53,0.67,29/08/2024,858,N20,VIIRS,h,2,296.12,14.36,D,0,16,87
49.37263,37.8755,367,0.53,0.67,29/08/2024,858,N20,VIIRS,h,2,298.33,18.47,D,0,16,87
49.36702,37.87965,367,0.53,0.67,29/08/2024,858,N20,VIIRS,h,2,296.35,18.47,D,0,16,87
49.60792,39.57665,367,0.45,0.63,29/08/2024,858,N20,VIIRS,h,2,301.38,12.22,D,0,15.3,88
48.90742,37.87283,367,0.55,0.68,29/08/2024,858,N20,VIIRS,h,2,298.18,21.51,D,0,14.9,84
49.21886,38.8722,367,0.49,0.65,29/08/2024,858,N20,VIIRS,h,2,302.12,24.68,D,0,15.1,85
48.90798,37.87017,367,0.55,0.68,29/08/2024,858,N20,VIIRS,h,2,299.86,21.57,D,0,14.9,84
49.21715,38.87987,367,0.49,0.65,29/08/2024,858,N20,VIIRS,h,2,297.21,14.69,D,0,15.1,85
49.36766,39.75336,367,0.45,0.63,29/08/2024,858,N20,VIIRS,h,2,303.75,17.72,D,0,15.3,89
48.58096,37.70527,367,0.58,0.69,29/08/2024,858,N20,VIIRS,h,2,295.69,10.18,D,0,16.6,83
48.57857,37.70921,367,0.58,0.69,29/08/2024,858,N20,VIIRS,h,2,296.98,11.32,D,0,16.6,83
48.66315,37.9975,367,0.56,0.69,29/08/2024,858,N20,VIIRS,h,2,298.81,21.41,D,0,14.4,85
48.25448,38.4662,367,0.55,0.68,29/08/2024,858,N20,VIIRS,h,2,295.5,8.8,D,0,19.2,86
50.08511,37.38108,367,0.52,0.67,29/08/2024,859,N20,VIIRS,h,2,301.77,11.74,D,0,14.3,78
50.27871,36.7727,367,0.54,0.68,29/08/2024,859,N20,VIIRS,h,2,300.79,17.18,D,0,13.3,70
50.28333,36.76885,367,0.54,0.68,29/08/2024,859,N20,VIIRS,h,2,298.45,19.56,D,0,13.3,70
52.22722,32.35952,367,0.67,0.73,29/08/2024,900,N20,VIIRS,h,2,297.41,34.1,D,0,12.9,69
52.22864,32.35166,367,0.67,0.73,29/08/2024,900,N20,VIIRS,h,2,301.15,22.46,D,0,12.9,69
49.17851,39.5659,367,0.42,0.45,29/08/2024,1038,N20,VIIRS,h,2,307.29,6.89,D,0,14.5,86
49.21759,38.84561,367,0.4,0.44,29/08/2024,1038,N20,VIIRS,h,2,309.88,16.92,D,0,15.1,85
49.26627,37.92141,367,0.55,0.42,29/08/2024,1038,N20,VIIRS,h,2,306.56,34.06,D,0,16.1,85
49.52448,39.96595,367,0.44,0.46,29/08/2024,1038,N20,VIIRS,h,2,307.76,14.95,D,0,16.5,89
48.17279,38.88903,367,0.39,0.44,29/08/2024,1038,N20,VIIRS,h,2,294.45,10.85,D,0,19,84
47.66507,36.24858,367,0.46,0.39,29/08/2024,1038,N20,VIIRS,h,2,303.14,10.07,D,0,16.1,78
48.47514,38.45881,367,0.56,0.43,29/08/2024,1038,N20,VIIRS,h,2,307.74,12.45,D,0,15.9,86
48.79507,38.14526,367,0.55,0.43,29/08/2024,1038,N20,VIIRS,h,2,331.29,79.21,D,0,14.9,84
48.91074,37.85607,367,0.54,0.42,29/08/2024,1038,N20,VIIRS,h,2,306.49,16.16,D,0,14.9,84
50.32555,36.98481,367,0.52,0.41,29/08/2024,1039,N20,VIIRS,h,2,336.92,79.79,D,0,13.8,74
50.95188,34.76491,367,0.36,0.57,29/08/2024,2252,N20,VIIRS,h,2,284.29,21.68,N,0,14.9,66
50.95374,34.76711,367,0.36,0.57,29/08/2024,2252,N20,VIIRS,h,2,292.42,9.77,N,0,14.9,66
49.83292,37.67127,367,0.79,0.78,30/08/2024,840,N20,VIIRS,h,2,294.37,29.16,D,0,15.6,72
49.29791,37.95592,367,0.4,0.37,30/08/2024,1019,N20,VIIRS,h,2,309.77,16.79,D,0,17.1,79
48.86708,36.94265,367,0.39,0.36,30/08/2024,1019,N20,VIIRS,h,2,346.09,29.93,D,0,17,77
48.63995,36.56007,367,0.38,0.36,30/08/2024,1019,N20,VIIRS,h,2,327.78,74.87,D,0,17.9,74
48.6367,36.56119,367,0.38,0.36,30/08/2024,1019,N20,VIIRS,h,2,344.63,74.21,D,0,17.9,74
48.73546,38.11604,367,0.4,0.37,30/08/2024,1019,N20,VIIRS,h,2,325.06,48.75,D,0,16.2,76
48.73619,38.1214,367,0.4,0.37,30/08/2024,1019,N20,VIIRS,h,2,344.4,48.75,D,0,16.2,76
49.0953,37.83786,367,0.4,0.37,30/08/2024,1019,N20,VIIRS,h,2,307.06,7.42,D,0,17.1,79
51.99844,34.08688,367,0.38,0.36,30/08/2024,1020,N20,VIIRS,h,2,306.8,7.3,D,0,13.5,78
52.23733,33.9412,367,0.38,0.36,30/08/2024,1020,N20,VIIRS,h,2,307.2,11.01,D,0,12.5,83
48.29334,22.89827,367,0.34,0.56,30/08/2024,1020,N20,VIIRS,h,2,298.73,12.45,D,0,6.2,38
48.28855,22.90115,367,0.34,0.56,30/08/2024,1020,N20,VIIRS,h,2,301.93,14.49,D,0,6.2,38
48.29119,22.90315,367,0.34,0.56,30/08/2024,1020,N20,VIIRS,h,2,298.95,23.36,D,0,7.3,38
52.01169,31.95905,367,0.4,0.37,30/08/2024,1020,N20,VIIRS,h,2,352.22,60.55,D,0,11.9,71
50.2416,37.32388,367,0.4,0.37,30/08/2024,1020,N20,VIIRS,h,2,334,32.85,D,0,17.1,75
50.23499,37.32611,367,0.4,0.37,30/08/2024,1020,N20,VIIRS,h,2,338.36,61.27,D,0,17.2,75
50.01171,37.88167,367,0.4,0.37,30/08/2024,1020,N20,VIIRS,h,2,314.2,18.17,D,0,16.4,67
49.9693,37.64962,367,0.4,0.37,30/08/2024,1020,N20,VIIRS,h,2,306.3,5.2,D,0,17.1,67
49.52047,37.83632,367,0.4,0.37,30/08/2024,1020,N20,VIIRS,h,2,331.51,110.49,D,0,18.4,80
49.34565,36.87502,367,0.39,0.36,30/08/2024,1020,N20,VIIRS,h,2,309.66,8.75,D,0,16,78
50.33366,29.70785,367,0.65,0.73,30/08/2024,1201,N20,VIIRS,h,2,297.89,15.04,D,0,12.5,64
48.84454,24.73126,367,0.38,0.59,30/08/2024,1201,N20,VIIRS,h,2,295.83,7.13,D,0,6.1,324
51.33022,29.19369,367,0.62,0.72,30/08/2024,1201,N20,VIIRS,h,2,298.56,17.06,D,0,11.2,72
51.32689,29.19402,367,0.62,0.72,30/08/2024,1201,N20,VIIRS,h,2,300.51,18.66,D,0,11.2,72
51.00016,31.32273,367,0.77,0.77,30/08/2024,1201,N20,VIIRS,h,2,293.29,20.02,D,0,11.8,66
50.09219,36.65339,367,0.42,0.45,31/08/2024,13,N20,VIIRS,h,2,284.25,4.4,N,0,15.7,82
47.79852,35.49928,367,0.5,0.41,31/08/2024,1000,N20,VIIRS,h,2,341.73,154.45,D,0,19.5,79
48.69982,39.06824,367,0.39,0.36,31/08/2024,1000,N20,VIIRS,h,2,315.96,8.92,D,0,19.8,89
48.69893,39.06301,367,0.39,0.37,31/08/2024,1000,N20,VIIRS,h,2,316.21,8.92,D,0,19.8,89
48.70131,39.0565,367,0.39,0.37,31/08/2024,1000,N20,VIIRS,h,2,313.66,33,D,0,19.8,89
48.70042,39.05125,367,0.39,0.37,31/08/2024,1000,N20,VIIRS,h,2,346.11,33,D,0,19.8,89
48.69954,39.046,367,0.39,0.37,31/08/2024,1000,N20,VIIRS,h,2,340.2,87.21,D,0,19.8,89
48.69864,39.04074,367,0.39,0.37,31/08/2024,1000,N20,VIIRS,h,2,327.26,87.21,D,0,19.8,89
48.70281,39.04473,367,0.39,0.37,31/08/2024,1000,N20,VIIRS,h,2,353.93,114.54,D,0,19.8,89
48.70192,39.03948,367,0.39,0.37,31/08/2024,1000,N20,VIIRS,h,2,325.99,114.54,D,0,19.8,89
48.70964,39.06445,367,0.39,0.36,31/08/2024,1000,N20,VIIRS,h,2,313.97,12.74,D,0,19.8,89
48.70786,39.05397,367,0.39,0.37,31/08/2024,1000,N20,VIIRS,h,2,361.06,233.08,D,0,19.8,89
48.70608,39.04347,367,0.39,0.37,31/08/2024,1000,N20,VIIRS,h,2,342.04,114.54,D,0,19.8,89
48.71113,39.05271,367,0.39,0.37,31/08/2024,1000,N20,VIIRS,h,2,362.4,186.84,D,0,19.8,89
48.71024,39.04746,367,0.39,0.37,31/08/2024,1000,N20,VIIRS,h,2,350.45,186.84,D,0,19.8,89
47.83064,36.69307,367,0.45,0.39,31/08/2024,1000,N20,VIIRS,h,2,290.76,7.91,D,0,19.6,84
48.20536,38.60071,367,0.4,0.37,31/08/2024,1000,N20,VIIRS,h,2,306.31,7.49,D,0,20.8,86
50.10277,36.639,367,0.42,0.38,31/08/2024,1001,N20,VIIRS,h,2,300.61,7.68,D,0,15.7,82
49.7943,37.07119,367,0.42,0.38,31/08/2024,1001,N20,VIIRS,h,2,311.13,14.95,D,0,17.3,86
48.98646,27.63596,367,0.32,0.55,31/08/2024,1001,N20,VIIRS,h,2,301.58,16.8,D,0,10.9,54
47.69007,35.37046,367,0.71,0.75,31/08/2024,1141,N20,VIIRS,h,2,292.08,19.74,D,0,18.9,80
47.10215,32.91587,367,0.54,0.68,31/08/2024,1141,N20,VIIRS,h,2,292.57,10.52,D,0,15.6,69
47.14371,33.53561,367,0.58,0.7,31/08/2024,1141,N20,VIIRS,h,2,291.64,22.12,D,0,14.3,64
47.14369,33.52781,367,0.58,0.7,31/08/2024,1141,N20,VIIRS,h,2,290.79,14.57,D,0,14.3,64
47.14351,33.53498,367,0.58,0.7,31/08/2024,1141,N20,VIIRS,h,2,291.69,20.7,D,0,14.3,64
50.17983,28.47306,367,0.35,0.57,31/08/2024,1142,N20,VIIRS,h,2,302.46,7.15,D,0,9.4,95
50.17964,28.46803,367,0.35,0.57,31/08/2024,1142,N20,VIIRS,h,2,303.17,8.24,D,0,9.4,95
50.18439,28.47436,367,0.35,0.57,31/08/2024,1142,N20,VIIRS,h,2,300.1,7.62,D,0,9.4,95
50.3945,28.18738,367,0.34,0.56,31/08/2024,1142,N20,VIIRS,h,2,302.36,8.1,D,0,8.8,96
50.39499,28.18876,367,0.34,0.56,31/08/2024,1142,N20,VIIRS,h,2,300.57,4.29,D,0,8.8,96
47.15574,36.80635,367,0.47,0.48,01/09/2024,941,N20,VIIRS,h,2,307.91,14.17,D,0,24.5,84
47.2074,36.57016,367,0.48,0.48,01/09/2024,941,N20,VIIRS,h,2,305.98,20.78,D,0,22.8,87
47.67966,38.5083,367,0.39,0.44,01/09/2024,941,N20,VIIRS,h,2,307.01,9.17,D,0,23.8,79
47.22458,36.50549,367,0.48,0.48,01/09/2024,941,N20,VIIRS,h,2,326.61,112.97,D,0,22.8,87
47.61916,37.95022,367,0.41,0.45,01/09/2024,941,N20,VIIRS,h,2,310.12,20.19,D,0,21.3,77
48.24033,39.66279,367,0.51,0.41,01/09/2024,941,N20,VIIRS,h,2,317.4,12.48,D,0,22,79
48.2467,39.67419,367,0.51,0.41,01/09/2024,941,N20,VIIRS,h,2,345.55,120.34,D,0,22,79
47.09541,36.92307,367,0.47,0.47,01/09/2024,941,N20,VIIRS,h,2,307.99,11.89,D,0,24.6,83
47.15432,36.80047,367,0.47,0.48,01/09/2024,941,N20,VIIRS,h,2,305.62,14.17,D,0,24.5,84
47.81756,36.72983,367,0.45,0.47,01/09/2024,942,N20,VIIRS,h,2,306.97,12.89,D,0,21.8,81
47.87208,36.77118,367,0.45,0.47,01/09/2024,942,N20,VIIRS,h,2,305.68,28.07,D,0,21.1,82
49.62449,37.48964,367,0.38,0.43,01/09/2024,942,N20,VIIRS,h,2,310.16,19.74,D,0,20,89
50.03386,36.53844,367,0.41,0.45,01/09/2024,942,N20,VIIRS,h,2,309.52,8.16,D,0,18.6,90
50.039,36.54169,367,0.41,0.45,01/09/2024,942,N20,VIIRS,h,2,309.7,19.95,D,0,18.6,90
50.29631,37.58785,367,0.55,0.43,01/09/2024,942,N20,VIIRS,h,2,310.47,20.14,D,0,17.5,90
48.67526,39.02611,367,0.53,0.42,01/09/2024,942,N20,VIIRS,h,2,308.43,9.25,D,0,20.6,81
48.67233,39.05044,367,0.53,0.42,01/09/2024,942,N20,VIIRS,h,2,311.91,11.14,D,0,20.6,81
48.62024,39.63813,367,0.5,0.41,01/09/2024,942,N20,VIIRS,h,2,355.12,190.92,D,0,20,83
48.62162,39.6447,367,0.5,0.41,01/09/2024,942,N20,VIIRS,h,2,339.38,190.92,D,0,20,83
46.95665,33.21297,367,0.34,0.56,01/09/2024,942,N20,VIIRS,h,2,296.96,12.78,D,0,19.1,80
46.95303,33.22002,367,0.34,0.56,01/09/2024,942,N20,VIIRS,h,2,298.47,12.78,D,0,19.1,80
50.37497,36.03166,367,0.42,0.45,01/09/2024,942,N20,VIIRS,h,2,305.88,95.89,D,0,18.3,94
48.92309,38.16951,367,0.56,0.43,01/09/2024,942,N20,VIIRS,h,2,358.07,272.52,D,0,20.3,84
48.42244,36.69807,367,0.44,0.46,01/09/2024,942,N20,VIIRS,h,2,305.11,8.32,D,0,19.9,82
50.17665,36.83379,367,0.39,0.44,01/09/2024,942,N20,VIIRS,h,2,308.1,8.78,D,0,18.5,93
48.2102,38.85494,367,0.55,0.43,01/09/2024,942,N20,VIIRS,h,2,335.56,161.45,D,0,23,79
51.14912,34.8736,367,0.44,0.46,01/09/2024,943,N20,VIIRS,h,2,298.69,12.15,D,0,15.3,104
47.71852,36.36681,367,0.47,0.64,01/09/2024,1122,N20,VIIRS,h,2,302.56,10.71,D,0,22.2,80
47.10251,37.01874,367,0.51,0.66,01/09/2024,1122,N20,VIIRS,h,2,302.87,19.54,D,0,26.1,82
47.0946,36.90273,367,0.5,0.66,01/09/2024,1122,N20,VIIRS,h,2,300.06,22.28,D,0,25.5,83
47.7746,38.29974,367,0.59,0.7,01/09/2024,1122,N20,VIIRS,h,2,299.92,11.52,D,0,22.6,79
47.22062,36.29713,367,0.47,0.64,01/09/2024,1122,N20,VIIRS,h,2,299.81,20.63,D,0,22.8,87
47.23637,37.74059,367,0.55,0.68,01/09/2024,1122,N20,VIIRS,h,2,300.16,40.98,D,0,25.1,79
47.23641,37.74781,367,0.55,0.68,01/09/2024,1122,N20,VIIRS,h,2,300.89,40.98,D,0,25.1,79
47.2068,36.55949,367,0.48,0.65,01/09/2024,1122,N20,VIIRS,h,2,298.2,13.47,D,0,22.8,87
47.21111,37.75531,367,0.55,0.68,01/09/2024,1122,N20,VIIRS,h,2,301.84,12.54,D,0,25.1,79
47.24009,37.73972,367,0.55,0.68,01/09/2024,1122,N20,VIIRS,h,2,303.01,96.37,D,0,25.1,79
47.24015,37.74715,367,0.55,0.68,01/09/2024,1122,N20,VIIRS,h,2,300.03,14.87,D,0,25.1,79
47.0918,37.69727,367,0.54,0.68,01/09/2024,1122,N20,VIIRS,h,2,297.54,14.02,D,0,28,78
47.09192,37.71203,367,0.55,0.68,01/09/2024,1122,N20,VIIRS,h,2,300.94,20.73,D,0,28,78
47.09216,37.74109,367,0.55,0.68,01/09/2024,1122,N20,VIIRS,h,2,300.29,10.73,D,0,28,78
47.05867,36.56073,367,0.48,0.65,01/09/2024,1122,N20,VIIRS,h,2,302.92,33.8,D,0,24.7,82
47.02034,36.81769,367,0.49,0.65,01/09/2024,1122,N20,VIIRS,h,2,300.33,10.38,D,0,26.3,82
46.98128,36.22182,367,0.46,0.64,01/09/2024,1122,N20,VIIRS,h,2,303.67,9.54,D,0,26.5,84
47.01942,36.8177,367,0.49,0.65,01/09/2024,1122,N20,VIIRS,h,2,302.03,10.98,D,0,26.3,82
46.73009,36.0675,367,0.45,0.63,01/09/2024,1122,N20,VIIRS,h,2,304,44.31,D,0,26.9,82
47.20857,37.75446,367,0.55,0.68,01/09/2024,1122,N20,VIIRS,h,2,302.26,15.14,D,0,25.1,79
47.61168,37.90533,367,0.56,0.69,01/09/2024,1122,N20,VIIRS,h,2,302.24,9.52,D,0,21.3,77
47.48096,36.21643,367,0.47,0.64,01/09/2024,1122,N20,VIIRS,h,2,303.68,12.57,D,0,22.8,82
47.32144,36.46713,367,0.48,0.65,01/09/2024,1122,N20,VIIRS,h,2,301.51,28.86,D,0,22.8,87
47.32163,36.47974,367,0.48,0.65,01/09/2024,1122,N20,VIIRS,h,2,301.42,15.19,D,0,22.8,87
47.31554,36.4735,367,0.48,0.65,01/09/2024,1122,N20,VIIRS,h,2,298.21,28.86,D,0,22.8,87
47.31564,36.47985,367,0.48,0.65,01/09/2024,1122,N20,VIIRS,h,2,298.98,15.19,D,0,22.8,87
47.86414,36.78011,367,0.5,0.66,01/09/2024,1122,N20,VIIRS,h,2,302.27,28.54,D,0,21.1,82
47.85687,36.67945,367,0.49,0.65,01/09/2024,1122,N20,VIIRS,h,2,301.97,8.49,D,0,21.3,82
47.82708,36.72674,367,0.49,0.65,01/09/2024,1122,N20,VIIRS,h,2,298.05,5.81,D,0,21.8,81
47.82094,36.72015,367,0.49,0.65,01/09/2024,1122,N20,VIIRS,h,2,302.89,10.33,D,0,21.8,81
47.82101,36.72684,367,0.49,0.65,01/09/2024,1122,N20,VIIRS,h,2,304.38,10.33,D,0,21.8,81
47.82108,36.73355,367,0.49,0.65,01/09/2024,1122,N20,VIIRS,h,2,302.62,11.47,D,0,21.8,81
47.82114,36.74027,367,0.49,0.65,01/09/2024,1122,N20,VIIRS,h,2,301.93,11.47,D,0,21.8,81
47.87614,36.76645,367,0.5,0.66,01/09/2024,1122,N20,VIIRS,h,2,299.73,16.92,D,0,21.1,82
47.89105,38.42533,367,0.59,0.7,01/09/2024,1122,N20,VIIRS,h,2,305.74,22.91,D,0,22.5,79
47.98591,36.74992,367,0.5,0.65,01/09/2024,1122,N20,VIIRS,h,2,302.45,18,D,0,20.1,82
48.01975,38.73819,367,0.61,0.71,01/09/2024,1122,N20,VIIRS,h,2,300.81,16.53,D,0,22.9,76
48.05887,38.92985,367,0.63,0.72,01/09/2024,1122,N20,VIIRS,h,2,302.28,11.48,D,0,22.3,76
48.02397,38.74055,367,0.61,0.71,01/09/2024,1122,N20,VIIRS,h,2,302.26,15.69,D,0,22.9,76
48.11481,39.05364,367,0.64,0.72,01/09/2024,1122,N20,VIIRS,h,2,299.89,51.05,D,0,23.6,76
48.11487,39.04534,367,0.63,0.72,01/09/2024,1122,N20,VIIRS,h,2,296.27,51.05,D,0,23.6,76
48.12145,39.0617,367,0.64,0.72,01/09/2024,1122,N20,VIIRS,h,2,297.54,52.84,D,0,23.6,76
48.14161,39.05434,367,0.64,0.72,01/09/2024,1122,N20,VIIRS,h,2,301.41,52.32,D,0,23.9,78
48.14166,39.04601,367,0.63,0.72,01/09/2024,1122,N20,VIIRS,h,2,299.57,52.32,D,0,23.6,76
48.14171,39.03794,367,0.63,0.72,01/09/2024,1122,N20,VIIRS,h,2,299.92,48.11,D,0,23.6,76
48.14836,39.04664,367,0.63,0.72,01/09/2024,1122,N20,VIIRS,h,2,305.2,52.32,D,0,23.6,76
48.14846,39.02992,367,0.63,0.72,01/09/2024,1122,N20,VIIRS,h,2,298.49,48.11,D,0,23.6,76
48.13766,39.03785,367,0.63,0.72,01/09/2024,1122,N20,VIIRS,h,2,300.75,37.91,D,0,23.6,76
48.14419,39.05481,367,0.64,0.72,01/09/2024,1122,N20,VIIRS,h,2,306.05,47.38,D,0,23.9,78
48.14436,39.0382,367,0.63,0.72,01/09/2024,1122,N20,VIIRS,h,2,296.46,37.91,D,0,23.6,76
48.14445,39.02988,367,0.63,0.72,01/09/2024,1122,N20,VIIRS,h,2,297.25,51.66,D,0,23.6,76
48.15097,39.04685,367,0.64,0.72,01/09/2024,1122,N20,VIIRS,h,2,304.21,51.3,D,0,23.9,78
48.18093,35.90618,367,0.45,0.63,01/09/2024,1122,N20,VIIRS,h,2,297.95,19.21,D,0,20.3,83
48.20595,38.855,367,0.62,0.72,01/09/2024,1122,N20,VIIRS,h,2,300.37,22.26,D,0,23,79
48.20605,38.839,367,0.62,0.72,01/09/2024,1122,N20,VIIRS,h,2,305.45,54.18,D,0,23,79
48.18679,35.90552,367,0.45,0.63,01/09/2024,1122,N20,VIIRS,h,2,296.56,12.76,D,0,20.3,83
48.18667,35.8993,367,0.45,0.63,01/09/2024,1122,N20,VIIRS,h,2,295.98,12.76,D,0,20.3,83
48.23026,37.31268,367,0.53,0.67,01/09/2024,1122,N20,VIIRS,h,2,297.39,19.65,D,0,19,83
48.23948,39.64855,367,0.68,0.74,01/09/2024,1122,N20,VIIRS,h,2,297.48,29.55,D,0,22,79
48.23958,39.63952,367,0.68,0.74,01/09/2024,1122,N20,VIIRS,h,2,301.82,29.55,D,0,22,79
48.23968,39.63052,367,0.68,0.74,01/09/2024,1122,N20,VIIRS,h,2,297.34,33.16,D,0,21.8,80
48.23965,39.64727,367,0.68,0.74,01/09/2024,1122,N20,VIIRS,h,2,297.05,18.05,D,0,22,79
48.2398,39.63828,367,0.68,0.74,01/09/2024,1122,N20,VIIRS,h,2,299.39,37.58,D,0,22,79
48.23994,39.62928,367,0.68,0.74,01/09/2024,1122,N20,VIIRS,h,2,292.48,37.58,D,0,21.8,80
48.32807,39.04832,367,0.64,0.72,01/09/2024,1122,N20,VIIRS,h,2,305.1,27.68,D,0,22.1,83
48.33064,39.04801,367,0.64,0.72,01/09/2024,1122,N20,VIIRS,h,2,306.04,13.17,D,0,22.1,83
48.37718,36.23846,367,0.47,0.64,01/09/2024,1122,N20,VIIRS,h,2,296.02,18.23,D,0,19.4,80
48.396,37.86377,367,0.56,0.69,01/09/2024,1122,N20,VIIRS,h,2,298.69,16.8,D,0,18,80
48.67123,39.0514,367,0.64,0.72,01/09/2024,1122,N20,VIIRS,h,2,303.33,19.99,D,0,20.6,81
48.6777,39.0863,367,0.64,0.72,01/09/2024,1122,N20,VIIRS,h,2,301.65,35.99,D,0,20.6,81
48.6672,39.05431,367,0.64,0.72,01/09/2024,1122,N20,VIIRS,h,2,302.17,14.4,D,0,20.6,81
48.68023,39.08928,367,0.64,0.72,01/09/2024,1122,N20,VIIRS,h,2,306.33,100.41,D,0,20.6,81
48.67684,35.21994,367,0.42,0.61,01/09/2024,1122,N20,VIIRS,h,2,291.73,29.52,D,0,20.5,82
48.71375,39.09895,367,0.64,0.72,01/09/2024,1122,N20,VIIRS,h,2,305.04,16.37,D,0,20.6,81
48.72055,39.09016,367,0.64,0.72,01/09/2024,1122,N20,VIIRS,h,2,304.1,12.52,D,0,20.6,81
48.73882,38.21368,367,0.58,0.7,01/09/2024,1122,N20,VIIRS,h,2,306.26,25.62,D,0,22.2,83
48.87466,38.16397,367,0.58,0.7,01/09/2024,1122,N20,VIIRS,h,2,304.26,35.16,D,0,20.3,84
48.88761,38.20288,367,0.58,0.7,01/09/2024,1122,N20,VIIRS,h,2,301.99,13.15,D,0,20.3,84
48.88761,38.19511,367,0.58,0.7,01/09/2024,1122,N20,VIIRS,h,2,301.84,13.15,D,0,20.3,84
48.89409,38.20297,367,0.58,0.7,01/09/2024,1122,N20,VIIRS,h,2,301.4,10.89,D,0,20.3,84
48.87468,38.16581,367,0.58,0.7,01/09/2024,1122,N20,VIIRS,h,2,303.36,40.34,D,0,20.3,84
48.87471,38.15785,367,0.58,0.7,01/09/2024,1122,N20,VIIRS,h,2,307.26,40.34,D,0,20.3,84
48.88749,38.19688,367,0.58,0.7,01/09/2024,1122,N20,VIIRS,h,2,301.21,10.76,D,0,20.3,84
48.89394,38.20472,367,0.58,0.7,01/09/2024,1122,N20,VIIRS,h,2,301.44,14.01,D,0,20.3,84
48.90009,38.28004,367,0.59,0.7,01/09/2024,1122,N20,VIIRS,h,2,306.31,15.31,D,0,19.7,84
48.97182,38.16008,367,0.58,0.7,01/09/2024,1122,N20,VIIRS,h,2,302.86,11.04,D,0,20.1,83
48.97159,38.1596,367,0.58,0.7,01/09/2024,1122,N20,VIIRS,h,2,302.43,11.82,D,0,20.1,83
49.05595,37.83142,367,0.56,0.69,01/09/2024,1122,N20,VIIRS,h,2,305.81,48.9,D,0,20.5,82
47.82604,36.71986,367,0.49,0.65,01/09/2024,1122,N20,VIIRS,h,2,301.8,12.33,D,0,21.8,81
47.82614,36.72653,367,0.49,0.65,01/09/2024,1122,N20,VIIRS,h,2,301.08,11.18,D,0,21.8,81
47.82017,36.73331,367,0.49,0.65,01/09/2024,1122,N20,VIIRS,h,2,303.48,11.18,D,0,21.8,81
47.82027,36.74002,367,0.49,0.65,01/09/2024,1122,N20,VIIRS,h,2,303.46,24.65,D,0,21.8,81
47.72198,36.36567,367,0.47,0.64,01/09/2024,1122,N20,VIIRS,h,2,301.83,9.28,D,0,22.2,80
47.61177,36.18407,367,0.46,0.64,01/09/2024,1122,N20,VIIRS,h,2,298.28,26.06,D,0,23.2,80
47.61715,36.56348,367,0.48,0.65,01/09/2024,1122,N20,VIIRS,h,2,302.37,9.29,D,0,23.6,81
47.62614,37.94511,367,0.56,0.69,01/09/2024,1122,N20,VIIRS,h,2,301.58,22.21,D,0,21.3,77
47.60594,36.19058,367,0.47,0.64,01/09/2024,1122,N20,VIIRS,h,2,306.57,185.37,D,0,23.2,80
47.60604,36.19682,367,0.47,0.64,01/09/2024,1122,N20,VIIRS,h,2,303.21,19.1,D,0,23.2,80
47.61335,37.90678,367,0.56,0.69,01/09/2024,1122,N20,VIIRS,h,2,302.24,15.15,D,0,21.3,77
47.61335,37.93839,367,0.56,0.69,01/09/2024,1122,N20,VIIRS,h,2,302.66,8.97,D,0,21.3,77
47.60826,36.19061,367,0.46,0.64,01/09/2024,1122,N20,VIIRS,h,2,303.89,30.69,D,0,23.2,80
47.63103,37.94341,367,0.56,0.69,01/09/2024,1122,N20,VIIRS,h,2,298.93,13.43,D,0,21.3,77
47.60221,36.18474,367,0.46,0.64,01/09/2024,1122,N20,VIIRS,h,2,304.5,210.84,D,0,23.2,80
47.60234,36.19095,367,0.46,0.64,01/09/2024,1122,N20,VIIRS,h,2,303.41,30.69,D,0,23.2,80
47.60247,36.1972,367,0.47,0.64,01/09/2024,1122,N20,VIIRS,h,2,303.57,30.69,D,0,23.2,80
47.62465,37.94378,367,0.56,0.69,01/09/2024,1122,N20,VIIRS,h,2,302.33,13.43,D,0,21.3,77
47.61822,37.93647,367,0.56,0.69,01/09/2024,1122,N20,VIIRS,h,2,303.08,16.24,D,0,21.3,77
47.09168,37.68272,367,0.54,0.68,01/09/2024,1122,N20,VIIRS,h,2,298.08,25.13,D,0,28,78
47.2427,37.74049,367,0.55,0.68,01/09/2024,1122,N20,VIIRS,h,2,299.88,40.98,D,0,25.1,79
47.29411,36.66898,367,0.49,0.65,01/09/2024,1122,N20,VIIRS,h,2,298.3,35.02,D,0,22.5,84
47.32516,36.46604,367,0.48,0.64,01/09/2024,1122,N20,VIIRS,h,2,297.52,32.8,D,0,22.8,87
47.78142,36.20594,367,0.47,0.64,01/09/2024,1122,N20,VIIRS,h,2,302.62,6.26,D,0,22.9,83
47.15995,36.76552,367,0.49,0.65,01/09/2024,1122,N20,VIIRS,h,2,298.45,6.77,D,0,24.5,84
47.08912,35.10072,367,0.41,0.61,01/09/2024,1122,N20,VIIRS,h,2,296.74,10.41,D,0,21.3,88
47.0838,35.11201,367,0.41,0.61,01/09/2024,1122,N20,VIIRS,h,2,297.09,5.65,D,0,21.3,88
47.29283,36.66777,367,0.49,0.65,01/09/2024,1122,N20,VIIRS,h,2,302.57,33.17,D,0,22.6,86
47.31955,36.4851,367,0.48,0.65,01/09/2024,1122,N20,VIIRS,h,2,301.35,30.34,D,0,22.8,87
47.31943,36.4788,367,0.48,0.65,01/09/2024,1122,N20,VIIRS,h,2,302.7,30.34,D,0,22.8,87
47.78392,35.51019,367,0.43,0.62,01/09/2024,1122,N20,VIIRS,h,2,297,18.14,D,0,23.3,80
47.10216,37.01711,367,0.51,0.66,01/09/2024,1122,N20,VIIRS,h,2,303.78,20.85,D,0,26.1,82
47.09482,36.90103,367,0.5,0.66,01/09/2024,1122,N20,VIIRS,h,2,300.13,12.75,D,0,25.5,83
47.0944,37.68874,367,0.54,0.68,01/09/2024,1122,N20,VIIRS,h,2,298.67,24.02,D,0,28,78
47.09454,37.72493,367,0.55,0.68,01/09/2024,1122,N20,VIIRS,h,2,298.76,28.23,D,0,28,78
49.06204,37.66972,367,0.55,0.68,01/09/2024,1122,N20,VIIRS,h,2,295.07,22.78,D,0,20.2,83
49.06202,37.66211,367,0.55,0.68,01/09/2024,1122,N20,VIIRS,h,2,293.13,22.78,D,0,20.2,87
49.062,37.65447,367,0.55,0.68,01/09/2024,1122,N20,VIIRS,h,2,291.19,45.06,D,0,20.2,87
51.1325,35.08274,367,0.43,0.62,01/09/2024,1123,N20,VIIRS,h,2,302.65,13.12,D,0,14.3,103
51.01777,35.18522,367,0.43,0.62,01/09/2024,1123,N20,VIIRS,h,2,305.56,14.9,D,0,13.5,100
51.01811,35.2039,367,0.44,0.62,01/09/2024,1123,N20,VIIRS,h,2,301.33,8.15,D,0,14.6,101
50.40596,36.03798,367,0.47,0.64,01/09/2024,1123,N20,VIIRS,h,2,299.31,14.04,D,0,18.1,94
50.39991,36.03126,367,0.47,0.64,01/09/2024,1123,N20,VIIRS,h,2,302.15,14.04,D,0,18.1,94
50.4,36.03827,367,0.47,0.64,01/09/2024,1123,N20,VIIRS,h,2,305.25,14.04,D,0,18.1,94
50.40009,36.04533,367,0.47,0.64,01/09/2024,1123,N20,VIIRS,h,2,302.79,12.32,D,0,18.1,94
50.39404,36.03868,367,0.47,0.64,01/09/2024,1123,N20,VIIRS,h,2,299.76,12,D,0,18.1,94
50.37587,36.01233,367,0.47,0.64,01/09/2024,1123,N20,VIIRS,h,2,299.22,7.3,D,0,18.3,94
50.3761,36.03258,367,0.47,0.64,01/09/2024,1123,N20,VIIRS,h,2,301.8,7.52,D,0,18.1,94
50.37015,36.0331,367,0.47,0.64,01/09/2024,1123,N20,VIIRS,h,2,298.1,11.27,D,0,18.3,94
50.37131,37.45805,367,0.55,0.68,01/09/2024,1123,N20,VIIRS,h,2,301.55,22.53,D,0,18.6,91
52.29378,33.73228,367,0.38,0.59,01/09/2024,1123,N20,VIIRS,h,2,294.87,10.25,D,0,11,119
50.3188,35.97696,367,0.47,0.64,01/09/2024,1123,N20,VIIRS,h,2,302.83,7.23,D,0,18.3,94
50.29916,37.53755,367,0.55,0.68,01/09/2024,1123,N20,VIIRS,h,2,298.53,36.51,D,0,18.2,91
50.29916,37.55283,367,0.55,0.68,01/09/2024,1123,N20,VIIRS,h,2,299.76,11.97,D,0,18.2,91
50.2755,36.37363,367,0.49,0.65,01/09/2024,1123,N20,VIIRS,h,2,301.63,16.73,D,0,17.6,91
50.28012,37.56804,367,0.55,0.68,01/09/2024,1123,N20,VIIRS,h,2,300.97,9.25,D,0,18.2,90
50.28011,37.57614,367,0.55,0.68,01/09/2024,1123,N20,VIIRS,h,2,300.24,9.62,D,0,18.2,90
50.28009,37.59268,367,0.55,0.68,01/09/2024,1123,N20,VIIRS,h,2,304.55,15.2,D,0,18.2,90
50.13854,37.58381,367,0.55,0.68,01/09/2024,1123,N20,VIIRS,h,2,307.4,69.59,D,0,18.8,88
50.13219,37.58391,367,0.55,0.68,01/09/2024,1123,N20,VIIRS,h,2,299.72,15.42,D,0,18.8,88
50.05696,36.55109,367,0.5,0.65,01/09/2024,1123,N20,VIIRS,h,2,297.39,6.64,D,0,18.9,92
50.0326,36.54492,367,0.5,0.65,01/09/2024,1123,N20,VIIRS,h,2,299.48,15.47,D,0,18.6,90
50.02581,36.43995,367,0.49,0.65,01/09/2024,1123,N20,VIIRS,h,2,298.88,17.78,D,0,19.3,90
50.01971,36.43325,367,0.49,0.65,01/09/2024,1123,N20,VIIRS,h,2,302.23,17.78,D,0,19.3,90
50.01976,36.4404,367,0.49,0.65,01/09/2024,1123,N20,VIIRS,h,2,301.85,17.78,D,0,19.3,90
50.02483,36.44174,367,0.49,0.65,01/09/2024,1123,N20,VIIRS,h,2,300.9,28.44,D,0,19.3,90
50.01871,36.43501,367,0.49,0.65,01/09/2024,1123,N20,VIIRS,h,2,300.6,14.27,D,0,19.3,90
50.01879,36.44207,367,0.49,0.65,01/09/2024,1123,N20,VIIRS,h,2,299.02,12.7,D,0,19.3,90
49.85259,37.80053,367,0.56,0.69,01/09/2024,1123,N20,VIIRS,h,2,305.56,65.25,D,0,20.3,91
49.85257,37.80833,367,0.56,0.69,01/09/2024,1123,N20,VIIRS,h,2,306.81,20.54,D,0,20.3,91
49.85255,37.8161,367,0.56,0.69,01/09/2024,1123,N20,VIIRS,h,2,304.95,20.54,D,0,20.3,91
49.82628,37.96846,367,0.57,0.69,01/09/2024,1123,N20,VIIRS,h,2,300.99,9.51,D,0,21.1,91
49.8198,37.97643,367,0.57,0.69,01/09/2024,1123,N20,VIIRS,h,2,301.14,10.39,D,0,21.1,91
49.81482,37.02455,367,0.52,0.67,01/09/2024,1123,N20,VIIRS,h,2,300.29,10.44,D,0,19.8,89
49.78909,37.70448,367,0.56,0.69,01/09/2024,1123,N20,VIIRS,h,2,307.31,16.16,D,0,18.6,89
49.82592,37.97335,367,0.57,0.69,01/09/2024,1123,N20,VIIRS,h,2,302.75,10.31,D,0,21.1,91
49.81948,37.97328,367,0.57,0.69,01/09/2024,1123,N20,VIIRS,h,2,302.19,16.25,D,0,21.1,91
49.80033,37.79593,367,0.56,0.69,01/09/2024,1123,N20,VIIRS,h,2,304.43,21.86,D,0,20.3,91
49.79394,37.70939,367,0.56,0.69,01/09/2024,1123,N20,VIIRS,h,2,301.72,16.99,D,0,18.6,89
49.70393,37.90524,367,0.57,0.69,01/09/2024,1123,N20,VIIRS,h,2,304.8,15.97,D,0,21.1,91
49.70931,37.71438,367,0.56,0.69,01/09/2024,1123,N20,VIIRS,h,2,300.91,11.42,D,0,20,91
49.703,37.90332,367,0.57,0.69,01/09/2024,1123,N20,VIIRS,h,2,304.29,16.57,D,0,21.1,91
49.60641,37.96748,367,0.57,0.69,01/09/2024,1123,N20,VIIRS,h,2,304.83,10.16,D,0,20.6,89
49.60143,37.54005,367,0.55,0.68,01/09/2024,1123,N20,VIIRS,h,2,300.76,9.49,D,0,19.4,89
49.61241,37.98355,367,0.57,0.69,01/09/2024,1123,N20,VIIRS,h,2,302.91,10.1,D,0,20.3,89
49.60598,37.96806,367,0.57,0.69,01/09/2024,1123,N20,VIIRS,h,2,306.51,17.32,D,0,20.6,89
49.59908,37.54084,367,0.55,0.68,01/09/2024,1123,N20,VIIRS,h,2,299.53,7.09,D,0,19.4,89
49.5356,37.82204,367,0.56,0.69,01/09/2024,1123,N20,VIIRS,h,2,305.47,20.29,D,0,21,88
49.27063,37.89587,367,0.57,0.69,01/09/2024,1123,N20,VIIRS,h,2,302.29,17.13,D,0,21,87
49.26934,38.11578,367,0.58,0.7,01/09/2024,1123,N20,VIIRS,h,2,302.66,13.19,D,0,19.7,87
49.19321,37.54858,367,0.55,0.68,01/09/2024,1123,N20,VIIRS,h,2,308.72,14.59,D,0,20.1,89
49.17961,37.94553,367,0.57,0.69,01/09/2024,1123,N20,VIIRS,h,2,303.39,17.47,D,0,19.8,84
49.19705,37.54972,367,0.55,0.68,01/09/2024,1123,N20,VIIRS,h,2,306.64,13.78,D,0,20.1,89
49.17893,37.94612,367,0.57,0.69,01/09/2024,1123,N20,VIIRS,h,2,303.26,25.36,D,0,19.8,84
49.12679,38.21388,367,0.58,0.7,01/09/2024,1123,N20,VIIRS,h,2,305.29,31.24,D,0,19.2,84
49.1203,38.21377,367,0.58,0.7,01/09/2024,1123,N20,VIIRS,h,2,301.18,15.25,D,0,19.2,84
49.06424,37.65575,367,0.55,0.68,01/09/2024,1123,N20,VIIRS,h,2,293.04,37.63,D,0,20.2,87
49.06423,37.66338,367,0.55,0.68,01/09/2024,1123,N20,VIIRS,h,2,295.52,37.63,D,0,20.2,87
49.06421,37.67095,367,0.55,0.68,01/09/2024,1123,N20,VIIRS,h,2,294.33,15.1,D,0,20.2,83
47.7536,31.7947,367,0.59,0.7,02/09/2024,923,N20,VIIRS,h,2,298.53,13.35,D,0,15.2,50
47.75613,31.79489,367,0.59,0.7,02/09/2024,923,N20,VIIRS,h,2,298.18,14.14,D,0,15.2,50
48.4038,33.6628,367,0.47,0.64,02/09/2024,923,N20,VIIRS,h,2,299.42,6.66,D,0,17.4,76
49.45395,36.70185,367,0.32,0.55,02/09/2024,923,N20,VIIRS,h,2,301.92,6.97,D,0,21.2,92
49.34639,35.42882,367,0.37,0.58,02/09/2024,923,N20,VIIRS,h,2,299.68,25.77,D,0,20,83
49.345,35.42413,367,0.37,0.58,02/09/2024,923,N20,VIIRS,h,2,298.42,25.77,D,0,20,83
50.15768,36.23159,367,0.32,0.55,02/09/2024,923,N20,VIIRS,h,2,291.1,23.97,D,0,20.1,76
48.19888,39.52148,367,0.54,0.51,02/09/2024,923,N20,VIIRS,h,2,299.83,16.56,D,0,26,79
48.19831,39.52234,367,0.54,0.51,02/09/2024,923,N20,VIIRS,h,2,300.31,37.02,D,0,26,79
48.46457,39.45223,367,0.53,0.5,02/09/2024,923,N20,VIIRS,h,2,306.04,9.81,D,0,27.3,84
48.47686,39.46105,367,0.53,0.5,02/09/2024,923,N20,VIIRS,h,2,327.74,72.62,D,0,27.3,84
47.23011,34.48327,367,0.48,0.64,02/09/2024,923,N20,VIIRS,h,2,299.8,14.68,D,0,16.1,81
47.2303,34.48666,367,0.48,0.64,02/09/2024,923,N20,VIIRS,h,2,299.34,9.32,D,0,16.1,81
47.22847,34.48091,367,0.48,0.64,02/09/2024,923,N20,VIIRS,h,2,299.68,9.32,D,0,16.1,81
48.68151,39.10067,367,0.54,0.51,02/09/2024,923,N20,VIIRS,h,2,307.57,20.6,D,0,25,84
48.31561,37.73678,367,0.32,0.54,02/09/2024,923,N20,VIIRS,h,2,304.97,9.15,D,0,19.4,84
48.11088,36.75896,367,0.36,0.57,02/09/2024,923,N20,VIIRS,h,2,298.05,10.95,D,0,19.8,85
48.24294,37.20262,367,0.34,0.56,02/09/2024,923,N20,VIIRS,h,2,297.92,6.47,D,0,20.3,84
48.48036,37.87359,367,0.62,0.54,02/09/2024,923,N20,VIIRS,h,2,304.91,14.35,D,0,21.4,82
48.38577,36.94918,367,0.34,0.56,02/09/2024,923,N20,VIIRS,h,2,304.66,7.03,D,0,21.4,85
48.38453,36.94483,367,0.34,0.56,02/09/2024,923,N20,VIIRS,h,2,303.69,7.81,D,0,21.4,85
48.38329,36.94047,367,0.34,0.56,02/09/2024,923,N20,VIIRS,h,2,302.59,7.81,D,0,20.7,84
48.25322,36.42855,367,0.36,0.58,02/09/2024,923,N20,VIIRS,h,2,306.53,4.52,D,0,19.8,89
48.29093,36.00525,367,0.38,0.59,02/09/2024,923,N20,VIIRS,h,2,303.42,10.43,D,0,18.6,90
48.29592,36.00206,367,0.38,0.59,02/09/2024,923,N20,VIIRS,h,2,300.6,6.57,D,0,18.6,90
48.30166,35.28782,367,0.41,0.6,02/09/2024,923,N20,VIIRS,h,2,301.31,32.87,D,0,17.5,90
48.42072,35.5596,367,0.39,0.59,02/09/2024,923,N20,VIIRS,h,2,300.14,72.17,D,0,19.8,91
48.42425,35.55131,367,0.39,0.59,02/09/2024,923,N20,VIIRS,h,2,302.49,72.17,D,0,19.8,91
49.05326,37.68062,367,0.61,0.53,02/09/2024,923,N20,VIIRS,h,2,303.93,18.08,D,0,22.7,86
49.07868,37.6562,367,0.61,0.53,02/09/2024,923,N20,VIIRS,h,2,305.64,27.96,D,0,22.9,89
52.32634,33.48103,367,0.35,0.57,02/09/2024,924,N20,VIIRS,h,2,301,8.08,D,0,12.7,90
52.3419,33.47436,367,0.35,0.57,02/09/2024,924,N20,VIIRS,h,2,301.76,6.68,D,0,12.7,90
52.32727,33.47864,367,0.35,0.57,02/09/2024,924,N20,VIIRS,h,2,302.01,11.4,D,0,12.7,90
51.02679,35.1867,367,0.33,0.56,02/09/2024,924,N20,VIIRS,h,2,300.97,9.53,D,0,16,80
52.18979,34.02994,367,0.34,0.56,02/09/2024,924,N20,VIIRS,h,2,298.22,17.41,D,0,15.4,95
47.36676,34.37547,367,0.45,0.47,02/09/2024,1103,N20,VIIRS,h,2,310.62,24.95,D,0,18.1,74
47.36841,34.37937,367,0.45,0.47,02/09/2024,1103,N20,VIIRS,h,2,307.3,23.27,D,0,18.1,74
49.00724,38.43912,367,0.36,0.57,02/09/2024,1103,N20,VIIRS,h,2,290.97,17.76,D,0,22.5,87
49.01256,38.43868,367,0.36,0.57,02/09/2024,1103,N20,VIIRS,h,2,291.87,17.76,D,0,23.2,86
49.05029,37.67218,367,0.33,0.56,02/09/2024,1103,N20,VIIRS,h,2,304.5,10.04,D,0,22.7,86
49.04689,37.67129,367,0.33,0.56,02/09/2024,1103,N20,VIIRS,h,2,304.06,11.82,D,0,22.7,86
49.05952,37.60064,367,0.33,0.55,02/09/2024,1103,N20,VIIRS,h,2,303.48,22.74,D,0,21.8,88
49.06502,37.60926,367,0.33,0.55,02/09/2024,1103,N20,VIIRS,h,2,305.49,76.41,D,0,22.9,89
49.06464,37.59999,367,0.33,0.55,02/09/2024,1103,N20,VIIRS,h,2,303.76,22.74,D,0,21.8,88
49.06445,37.59536,367,0.33,0.55,02/09/2024,1103,N20,VIIRS,h,2,314.38,22.74,D,0,21.8,88
49.06368,37.57667,367,0.33,0.55,02/09/2024,1103,N20,VIIRS,h,2,309.54,36.63,D,0,21.8,88
49.07146,37.64075,367,0.33,0.55,02/09/2024,1103,N20,VIIRS,h,2,308.43,53.69,D,0,22.9,89
49.07108,37.63152,367,0.33,0.55,02/09/2024,1103,N20,VIIRS,h,2,308.38,89.71,D,0,22.9,89
49.07089,37.62693,367,0.33,0.55,02/09/2024,1103,N20,VIIRS,h,2,305.24,34.67,D,0,22.9,89
49.07752,37.66275,367,0.33,0.56,02/09/2024,1103,N20,VIIRS,h,2,301.49,23.93,D,0,22.9,89
49.07734,37.65824,367,0.33,0.56,02/09/2024,1103,N20,VIIRS,h,2,310.57,23.93,D,0,22.9,89
49.07697,37.64922,367,0.33,0.56,02/09/2024,1103,N20,VIIRS,h,2,326.34,50.98,D,0,22.9,89
49.08228,37.65304,367,0.33,0.56,02/09/2024,1103,N20,VIIRS,h,2,297,12.79,D,0,22.9,89
49.08152,37.63476,367,0.33,0.55,02/09/2024,1103,N20,VIIRS,h,2,292.66,12.42,D,0,22.9,89
49.22009,37.56974,367,0.33,0.55,02/09/2024,1104,N20,VIIRS,h,2,307.23,7.63,D,3,24.5,89
49.33669,37.84576,367,0.34,0.56,02/09/2024,1104,N20,VIIRS,h,2,302.86,10.58,D,0,25.7,91
49.35157,37.95557,367,0.35,0.56,02/09/2024,1104,N20,VIIRS,h,2,303.91,8.93,D,0,24,90
49.37918,37.57721,367,0.33,0.55,02/09/2024,1104,N20,VIIRS,h,2,305.08,7.6,D,0,23.1,89
49.4802,37.88927,367,0.34,0.56,02/09/2024,1104,N20,VIIRS,h,2,299.96,6.13,D,0,23.9,90
49.4804,37.88565,367,0.34,0.56,02/09/2024,1104,N20,VIIRS,h,2,305.05,17.31,D,0,23.9,90
49.48687,37.91961,367,0.35,0.56,02/09/2024,1104,N20,VIIRS,h,2,305.3,12.17,D,0,23.1,90
49.61814,37.91847,367,0.35,0.56,02/09/2024,1104,N20,VIIRS,h,2,303.65,19.02,D,0,23.5,90
49.60464,37.57082,367,0.33,0.56,02/09/2024,1104,N20,VIIRS,h,2,302.65,5.52,D,0,22.1,89
49.63217,37.87395,367,0.34,0.56,02/09/2024,1104,N20,VIIRS,h,2,298.56,6.83,D,0,23.7,92
49.4971,35.17714,367,0.52,0.5,02/09/2024,1104,N20,VIIRS,h,2,309.56,12.02,D,0,20.2,84
50.20065,37.09542,367,0.32,0.55,02/09/2024,1104,N20,VIIRS,h,2,293.95,6.32,D,0,22.4,81
51.9949,31.90913,367,0.4,0.44,02/09/2024,1104,N20,VIIRS,h,2,309.62,24.74,D,0,12.7,78
52.00761,31.91239,367,0.4,0.44,02/09/2024,1104,N20,VIIRS,h,2,308.44,8.51,D,0,12.7,78
52.26952,33.89986,367,0.49,0.48,02/09/2024,1104,N20,VIIRS,h,2,300.91,19.28,D,0,14.6,94
52.27444,33.90628,367,0.49,0.48,02/09/2024,1104,N20,VIIRS,h,2,300.43,19.59,D,0,14.6,94
52.27399,33.89913,367,0.49,0.48,02/09/2024,1104,N20,VIIRS,h,2,298.37,21.11,D,0,14.6,94
52.34363,33.474,367,0.47,0.48,02/09/2024,1104,N20,VIIRS,h,2,302.75,31.92,D,0,12.7,90
49.7547,37.73312,367,0.69,0.75,04/09/2024,846,N20,VIIRS,h,2,293.88,35.35,D,0,18.3,69
49.75742,37.71915,367,0.69,0.75,04/09/2024,846,N20,VIIRS,h,2,294.67,29.18,D,0,18.3,69
49.73136,37.74882,367,0.69,0.75,04/09/2024,846,N20,VIIRS,h,2,295.03,26.83,D,0,18.3,69
49.75496,37.72678,367,0.69,0.75,04/09/2024,846,N20,VIIRS,h,2,300.16,74.33,D,0,18.3,69
49.8075,37.78102,367,0.69,0.74,04/09/2024,846,N20,VIIRS,h,2,297.4,15.82,D,0,18.9,69
49.79783,37.7555,367,0.69,0.74,04/09/2024,846,N20,VIIRS,h,2,297.7,14.07,D,0,18.9,69
49.75937,37.63319,367,0.7,0.75,04/09/2024,846,N20,VIIRS,h,2,292.52,19.66,D,0,17.9,67
49.96478,37.74807,367,0.68,0.74,04/09/2024,846,N20,VIIRS,h,2,294.15,17.27,D,0,18.5,65
49.96296,37.7546,367,0.68,0.74,04/09/2024,846,N20,VIIRS,h,2,292.91,18.45,D,0,18.5,65
50.3098,37.10472,367,0.7,0.75,04/09/2024,846,N20,VIIRS,h,2,295.16,18.67,D,0,17.6,66
51.14587,35.0457,367,0.77,0.77,04/09/2024,846,N20,VIIRS,h,2,294.63,15.5,D,0,16.6,64
49.70565,37.67651,367,0.43,0.38,04/09/2024,1026,N20,VIIRS,h,2,306.02,14.77,D,0,18.2,68
49.74574,37.68333,367,0.43,0.38,04/09/2024,1026,N20,VIIRS,h,2,311.83,8.03,D,0,18.3,69
50.38899,36.04348,367,0.4,0.37,04/09/2024,1026,N20,VIIRS,h,2,307.25,7.53,D,0,18.3,66
51.66091,33.44635,367,0.38,0.36,04/09/2024,1026,N20,VIIRS,h,2,310.51,7.64,D,0,18,62
51.94967,34.14645,367,0.39,0.36,04/09/2024,1026,N20,VIIRS,h,2,305.71,14.56,D,0,18.6,63
51.94806,34.13535,367,0.39,0.36,04/09/2024,1026,N20,VIIRS,h,2,306.73,8.62,D,0,18.6,63
50.92792,25.65272,367,0.51,0.66,04/09/2024,1207,N20,VIIRS,h,2,297.87,20.88,D,0,11,72
51.29049,29.90325,367,0.78,0.78,04/09/2024,1208,N20,VIIRS,h,2,293.74,27.6,D,0,13,55
48.73607,38.69178,367,0.39,0.36,05/09/2024,1007,N20,VIIRS,h,2,307.95,5.31,D,0,19.9,76
49.40499,37.93191,367,0.39,0.36,05/09/2024,1007,N20,VIIRS,h,2,302.53,13.88,D,0,21.3,75
49.42307,37.31227,367,0.39,0.36,05/09/2024,1007,N20,VIIRS,h,2,308.84,49.45,D,0,22.1,75
49.56049,37.5153,367,0.39,0.36,05/09/2024,1007,N20,VIIRS,h,2,305.2,9.25,D,0,20.4,73
49.56612,37.50746,367,0.39,0.36,05/09/2024,1007,N20,VIIRS,h,2,306.61,10.03,D,0,20.9,73
49.89527,37.53924,367,0.39,0.36,05/09/2024,1007,N20,VIIRS,h,2,311.91,7.08,D,0,20.2,69
48.95802,37.25712,367,0.4,0.37,05/09/2024,1007,N20,VIIRS,h,2,337.2,71.63,D,0,21.8,77
48.96221,37.26116,367,0.4,0.37,05/09/2024,1007,N20,VIIRS,h,2,307.65,14.17,D,0,21.8,77
48.96278,37.24398,367,0.4,0.37,05/09/2024,1007,N20,VIIRS,h,2,308.08,25.4,D,0,21.8,77
49.14661,37.86855,367,0.39,0.36,05/09/2024,1007,N20,VIIRS,h,2,307.62,16.88,D,0,21.8,77
51.26071,29.98355,367,0.49,0.65,05/09/2024,1148,N20,VIIRS,h,2,293.87,16.47,D,0,18.3,68
51.26682,29.99075,367,0.49,0.65,05/09/2024,1148,N20,VIIRS,h,2,294.33,41.64,D,0,18.3,68
51.26676,29.98359,367,0.49,0.65,05/09/2024,1148,N20,VIIRS,h,2,295.97,41.64,D,0,18.3,68
51.276,30.43021,367,0.51,0.66,05/09/2024,1148,N20,VIIRS,h,2,294.59,13.42,D,0,17.6,72
51.26776,29.98534,367,0.49,0.65,05/09/2024,1148,N20,VIIRS,h,2,293.54,19.99,D,0,18.3,68
51.26773,29.97817,367,0.49,0.65,05/09/2024,1148,N20,VIIRS,h,2,297.51,49.85,D,0,18.3,68
51.27499,30.43249,367,0.51,0.66,05/09/2024,1148,N20,VIIRS,h,2,292.69,16.23,D,0,17.6,72
52.25811,33.87339,367,0.72,0.76,05/09/2024,1149,N20,VIIRS,h,2,290.94,25.21,D,0,19.7,76
52.25529,33.86912,367,0.72,0.76,05/09/2024,1149,N20,VIIRS,h,2,292.89,12.48,D,0,19.7,76
49.5699,37.46005,367,0.61,0.71,05/09/2024,2220,N20,VIIRS,h,2,285.89,13.78,N,0,20.9,73
49.57217,37.46547,367,0.61,0.71,05/09/2024,2220,N20,VIIRS,h,2,287.75,10.51,N,0,20.9,73
50.19081,36.88384,367,0.49,0.4,06/09/2024,1,N20,VIIRS,h,2,302.28,11.04,N,0,17.3,81
47.32887,35.7606,367,0.44,0.46,06/09/2024,948,N20,VIIRS,h,2,306.46,12.1,D,0,20.7,74
47.69665,36.50049,367,0.4,0.44,06/09/2024,948,N20,VIIRS,h,2,309.93,13.8,D,0,21.2,78
48.11248,37.71509,367,0.53,0.42,06/09/2024,948,N20,VIIRS,h,2,309.36,13.35,D,0,18.5,77
52.20517,34.00053,367,0.39,0.44,06/09/2024,949,N20,VIIRS,h,2,302.5,11.46,D,0,15.8,91
51.27985,30.42844,367,0.57,0.52,06/09/2024,949,N20,VIIRS,h,2,298.38,10.01,D,0,14.2,93
52.0048,31.88511,367,0.47,0.48,06/09/2024,949,N20,VIIRS,h,2,299.47,19.71,D,0,15,90
51.28367,29.45471,367,0.62,0.54,06/09/2024,949,N20,VIIRS,h,2,300.5,80,D,0,15.8,91
51.28601,29.46291,367,0.62,0.54,06/09/2024,949,N20,VIIRS,h,2,302.03,33.86,D,0,15.8,91
48.04712,37.68541,367,0.65,0.73,06/09/2024,1128,N20,VIIRS,h,2,297.38,13.51,D,0,18.1,77
47.33093,35.76431,367,0.52,0.67,06/09/2024,1128,N20,VIIRS,h,2,302.17,18.5,D,0,20.7,74
47.82007,36.53923,367,0.57,0.69,06/09/2024,1128,N20,VIIRS,h,2,298.17,115.69,D,0,19.6,79
47.85105,37.22436,367,0.62,0.71,06/09/2024,1128,N20,VIIRS,h,2,299.31,10.69,D,0,19,81
47.96467,38.21729,367,0.69,0.74,06/09/2024,1128,N20,VIIRS,h,2,300.85,43.43,D,0,20.4,77
47.97129,38.23779,367,0.69,0.74,06/09/2024,1128,N20,VIIRS,h,2,301.54,13.3,D,0,19.5,77
48.05186,37.68767,367,0.65,0.73,06/09/2024,1128,N20,VIIRS,h,2,298.67,17.2,D,0,18.1,77
48.11437,37.72382,367,0.65,0.73,06/09/2024,1128,N20,VIIRS,h,2,300.34,24.74,D,0,18.1,77
48.11444,37.71502,367,0.65,0.73,06/09/2024,1128,N20,VIIRS,h,2,303.94,24.74,D,0,18.5,77
48.10913,37.7238,367,0.65,0.73,06/09/2024,1128,N20,VIIRS,h,2,300.05,17.1,D,0,18.1,77
48.11601,37.71515,367,0.65,0.73,06/09/2024,1128,N20,VIIRS,h,2,301.96,29.93,D,0,18.5,77
48.33044,37.28777,367,0.62,0.72,06/09/2024,1128,N20,VIIRS,h,2,299.36,9,D,0,19.1,77
48.55085,38.46321,367,0.71,0.75,06/09/2024,1129,N20,VIIRS,h,2,300.77,41.24,D,0,18,81
48.66299,38.42795,367,0.7,0.75,06/09/2024,1129,N20,VIIRS,h,2,300.83,11.34,D,0,19.8,83
48.69406,38.14315,367,0.68,0.74,06/09/2024,1129,N20,VIIRS,h,2,303.39,19.74,D,0,19.6,82
48.7623,38.19554,367,0.69,0.74,06/09/2024,1129,N20,VIIRS,h,2,300.63,13.72,D,0,20.5,83
48.77426,38.26295,367,0.69,0.74,06/09/2024,1129,N20,VIIRS,h,2,301.12,34.6,D,0,20.5,83
48.81986,37.98132,367,0.67,0.74,06/09/2024,1129,N20,VIIRS,h,2,303.24,16.8,D,0,18.5,82
48.82026,37.98544,367,0.67,0.74,06/09/2024,1129,N20,VIIRS,h,2,301.99,20.87,D,0,18.5,82
48.96716,38.28064,367,0.69,0.74,06/09/2024,1129,N20,VIIRS,h,2,303.22,40.04,D,0,19,83
48.96604,38.28112,367,0.69,0.74,06/09/2024,1129,N20,VIIRS,h,2,299.92,42.76,D,0,19,83
50.23471,36.29642,367,0.57,0.69,06/09/2024,1129,N20,VIIRS,h,2,298.82,10.19,D,0,17.8,81
50.28171,34.02373,367,0.45,0.63,06/09/2024,1129,N20,VIIRS,h,2,299.7,10.7,D,0,18.3,84
50.31187,36.17054,367,0.56,0.69,06/09/2024,1129,N20,VIIRS,h,2,300.49,20.96,D,0,17.9,79
50.27655,37.23483,367,0.63,0.72,06/09/2024,1129,N20,VIIRS,h,2,301.67,14.56,D,0,17.7,82
50.27668,37.2262,367,0.62,0.72,06/09/2024,1129,N20,VIIRS,h,2,299.69,14.56,D,0,17.4,82
50.28662,34.02353,367,0.45,0.63,06/09/2024,1129,N20,VIIRS,h,2,299.09,14.57,D,0,18.3,84
50.31333,36.17224,367,0.56,0.69,06/09/2024,1129,N20,VIIRS,h,2,297.3,26.68,D,0,17.9,79
50.33379,33.39306,367,0.42,0.61,06/09/2024,1129,N20,VIIRS,h,2,300.22,7.66,D,0,18.2,85
51.2864,29.47194,367,0.57,0.52,06/09/2024,1129,N20,VIIRS,h,2,302.76,126.56,D,0,15.8,91
51.28552,29.45538,367,0.57,0.52,06/09/2024,1129,N20,VIIRS,h,2,307.38,238.57,D,0,15.8,91
51.2921,29.48804,367,0.57,0.52,06/09/2024,1129,N20,VIIRS,h,2,299.97,21.6,D,0,15.8,91
51.29692,29.48751,367,0.57,0.52,06/09/2024,1129,N20,VIIRS,h,2,345.4,472.85,D,0,15.8,91
51.2877,29.52243,367,0.58,0.52,06/09/2024,1129,N20,VIIRS,h,2,304.06,22.27,D,0,15.8,91
51.28571,29.48053,367,0.57,0.52,06/09/2024,1129,N20,VIIRS,h,2,302.68,29.24,D,0,15.8,91
51.28531,29.4722,367,0.57,0.52,06/09/2024,1129,N20,VIIRS,h,2,302.63,29.24,D,0,15.8,91
51.29574,29.48777,367,0.57,0.52,06/09/2024,1129,N20,VIIRS,h,2,335.1,131.42,D,0,15.8,91
48.54517,38.4967,367,0.71,0.75,06/09/2024,1129,N20,VIIRS,h,2,301.7,52.01,D,0,18,81
48.54562,38.46677,367,0.71,0.75,06/09/2024,1129,N20,VIIRS,h,2,305.31,27.58,D,0,18,81
48.5523,38.48662,367,0.71,0.75,06/09/2024,1129,N20,VIIRS,h,2,300.61,27.81,D,0,18,81
48.52272,37.05944,367,0.61,0.71,06/09/2024,1129,N20,VIIRS,h,2,301.79,35.08,D,0,20,79
48.55029,38.4924,367,0.71,0.75,06/09/2024,1129,N20,VIIRS,h,2,303.95,77,D,0,18,81
48.55067,38.47258,367,0.71,0.75,06/09/2024,1129,N20,VIIRS,h,2,301.41,41.24,D,0,18,81
52.00145,31.87582,367,0.37,0.58,06/09/2024,1130,N20,VIIRS,h,2,299.9,7.59,D,0,15,90
52.00162,31.88125,367,0.37,0.58,06/09/2024,1130,N20,VIIRS,h,2,306.13,7.59,D,0,15,90
52.28473,33.25559,367,0.43,0.62,06/09/2024,1130,N20,VIIRS,h,2,299.6,8.88,D,0,14.2,88
52.23031,32.61433,367,0.4,0.6,06/09/2024,1130,N20,VIIRS,h,2,299.38,8.47,D,0,16.2,89
52.24108,33.87445,367,0.45,0.63,06/09/2024,1130,N20,VIIRS,h,2,297.65,15.03,D,0,16,91
52.21809,33.91508,367,0.45,0.63,06/09/2024,1130,N20,VIIRS,h,2,294.49,9.25,D,0,16,91
52.20704,33.98344,367,0.46,0.63,06/09/2024,1130,N20,VIIRS,h,2,300.51,19.26,D,0,15.8,91
52.20711,33.99029,367,0.46,0.63,06/09/2024,1130,N20,VIIRS,h,2,299.41,19.26,D,0,15.8,91
52.20129,33.99714,367,0.46,0.63,06/09/2024,1130,N20,VIIRS,h,2,304.08,8.83,D,0,15.8,91
52.03308,31.76928,367,0.37,0.58,06/09/2024,1130,N20,VIIRS,h,2,294.7,8.36,D,0,14.9,91
51.30597,29.46013,367,0.48,0.65,07/09/2024,122,N20,VIIRS,h,2,288.78,7.31,N,0,12.1,101
51.29222,29.40032,367,0.48,0.65,07/09/2024,122,N20,VIIRS,h,2,286.26,6.28,N,0,13,102
48.056,34.15283,367,0.4,0.6,07/09/2024,929,N20,VIIRS,h,2,306.77,39.11,D,0,16.9,66
48.0535,34.15872,367,0.4,0.6,07/09/2024,929,N20,VIIRS,h,2,304.44,17.5,D,0,16.9,66
48.05206,34.15397,367,0.4,0.6,07/09/2024,929,N20,VIIRS,h,2,305.74,17.5,D,0,16.9,66
48.32937,39.33249,367,0.47,0.48,07/09/2024,929,N20,VIIRS,h,2,308.53,6.54,D,0,16.6,85
47.09932,32.87195,367,0.48,0.65,07/09/2024,929,N20,VIIRS,h,2,303.21,13.77,D,0,18,60
47.1027,32.86813,367,0.48,0.65,07/09/2024,929,N20,VIIRS,h,2,304.64,8.84,D,0,18,60
47.50225,33.42992,367,0.44,0.63,07/09/2024,929,N20,VIIRS,h,2,304.67,8.28,D,0,17.4,67
48.05713,34.15071,367,0.4,0.6,07/09/2024,929,N20,VIIRS,h,2,303.91,17.5,D,0,16.9,66
47.86264,33.438,367,0.43,0.62,07/09/2024,929,N20,VIIRS,h,2,302.71,8.26,D,0,15.9,66
48.99813,37.161,367,0.55,0.51,07/09/2024,929,N20,VIIRS,h,2,305.93,12.92,D,0,16.8,78
49.43604,38.00793,367,0.49,0.49,07/09/2024,929,N20,VIIRS,h,2,308.25,23.46,D,0,15.4,81
49.40613,37.83233,367,0.5,0.49,07/09/2024,929,N20,VIIRS,h,2,304.91,17.91,D,0,16.1,82
49.49348,37.85956,367,0.5,0.49,07/09/2024,929,N20,VIIRS,h,2,306.15,9.89,D,0,15.3,81
46.92702,35.98675,367,0.36,0.57,07/09/2024,929,N20,VIIRS,h,2,296.57,5.4,D,0,25.3,75
48.82145,39.23325,367,0.46,0.47,07/09/2024,929,N20,VIIRS,h,2,303.26,9.43,D,0,14.8,80
47.14618,33.24946,367,0.46,0.64,07/09/2024,929,N20,VIIRS,h,2,304.57,9.38,D,0,19.1,62
51.31128,29.44816,367,0.47,0.64,07/09/2024,930,N20,VIIRS,h,2,294.8,37.98,D,0,12.8,106
51.30514,29.43003,367,0.48,0.64,07/09/2024,930,N20,VIIRS,h,2,297.66,39.04,D,0,12.8,106
51.31041,29.42561,367,0.48,0.64,07/09/2024,930,N20,VIIRS,h,2,294.88,39.04,D,0,12.8,106
51.29158,29.4101,367,0.48,0.64,07/09/2024,930,N20,VIIRS,h,2,301.23,33.28,D,0,13,102
51.31821,29.48856,367,0.47,0.64,07/09/2024,930,N20,VIIRS,h,2,296.72,68.12,D,0,12.1,101
51.30688,29.47509,367,0.47,0.64,07/09/2024,930,N20,VIIRS,h,2,317.43,75.56,D,0,12.1,101
51.30888,29.48099,367,0.47,0.64,07/09/2024,930,N20,VIIRS,h,2,304.93,75.56,D,0,12.1,101
51.31297,29.49302,367,0.47,0.64,07/09/2024,930,N20,VIIRS,h,2,327.14,68.12,D,0,12.1,101
51.31501,29.49905,367,0.47,0.64,07/09/2024,930,N20,VIIRS,h,2,299.37,60.68,D,0,12.1,101
51.30975,29.50346,367,0.47,0.64,07/09/2024,930,N20,VIIRS,h,2,300.48,13.25,D,0,12.1,101
51.3049,29.40582,367,0.48,0.64,07/09/2024,930,N20,VIIRS,h,2,299.91,60.68,D,0,12.8,106
51.31101,29.42418,367,0.48,0.64,07/09/2024,930,N20,VIIRS,h,2,293.87,41.94,D,0,12.8,106
51.30574,29.42863,367,0.48,0.64,07/09/2024,930,N20,VIIRS,h,2,302.31,41.94,D,0,12.8,106
51.30979,29.44076,367,0.48,0.64,07/09/2024,930,N20,VIIRS,h,2,298.87,34.19,D,0,12.8,106
51.29231,29.40861,367,0.48,0.64,07/09/2024,930,N20,VIIRS,h,2,301.56,12.06,D,0,13,102
51.30655,29.45128,367,0.47,0.64,07/09/2024,930,N20,VIIRS,h,2,327.27,220.9,D,0,12.8,106
51.31859,29.48742,367,0.47,0.64,07/09/2024,930,N20,VIIRS,h,2,296.01,75.85,D,0,12.1,101
51.28703,29.41304,367,0.48,0.64,07/09/2024,930,N20,VIIRS,h,2,299.66,12.06,D,0,13,102
51.31335,29.49189,367,0.47,0.64,07/09/2024,930,N20,VIIRS,h,2,329.43,75.85,D,0,12.1,101
51.31538,29.49797,367,0.47,0.64,07/09/2024,930,N20,VIIRS,h,2,300.63,75.85,D,0,12.1,101
51.31013,29.50241,367,0.47,0.64,07/09/2024,930,N20,VIIRS,h,2,303.05,8.35,D,0,12.1,101
51.2762,29.46143,367,0.48,0.64,07/09/2024,930,N20,VIIRS,h,2,308.71,34.85,D,0,12.1,101
51.2791,29.49026,367,0.47,0.64,07/09/2024,930,N20,VIIRS,h,2,303.22,17.45,D,0,12.1,101
51.28114,29.49634,367,0.47,0.64,07/09/2024,930,N20,VIIRS,h,2,306.09,17.45,D,0,12.1,101
51.28315,29.50234,367,0.47,0.64,07/09/2024,930,N20,VIIRS,h,2,300.12,23.67,D,0,12.1,101
51.27381,29.4946,367,0.47,0.64,07/09/2024,930,N20,VIIRS,h,2,303.74,17.45,D,0,12.1,101
51.27991,29.51281,367,0.47,0.64,07/09/2024,930,N20,VIIRS,h,2,301.24,23.67,D,0,12.1,101
51.28394,29.52483,367,0.47,0.64,07/09/2024,930,N20,VIIRS,h,2,305.72,39.42,D,0,12.1,101
51.28593,29.53077,367,0.47,0.64,07/09/2024,930,N20,VIIRS,h,2,298.5,17.34,D,0,12.1,101
51.99823,31.87174,367,0.36,0.58,07/09/2024,930,N20,VIIRS,h,2,300.23,7.98,D,0,9.8,92
52.00684,31.97733,367,0.36,0.57,07/09/2024,930,N20,VIIRS,h,2,304.34,6.71,D,0,10.4,92
52.19271,32.63047,367,0.33,0.56,07/09/2024,930,N20,VIIRS,h,2,298.37,9.68,D,0,10.6,89
52.1936,32.62752,367,0.33,0.56,07/09/2024,930,N20,VIIRS,h,2,298.4,10.56,D,0,10.6,89
52.07851,32.27666,367,0.35,0.57,07/09/2024,930,N20,VIIRS,h,2,296.29,5.71,D,0,11,92
52.24012,32.84513,367,0.33,0.55,07/09/2024,930,N20,VIIRS,h,2,300.97,7.43,D,0,10.5,87
51.25749,30.45687,367,0.44,0.62,07/09/2024,930,N20,VIIRS,h,2,300.04,15.58,D,0,10.6,101
50.90547,31.1447,367,0.42,0.61,07/09/2024,930,N20,VIIRS,h,2,298.81,6.58,D,0,11.8,94
50.90675,31.14399,367,0.42,0.61,07/09/2024,930,N20,VIIRS,h,2,298.68,9.82,D,0,11.8,94
50.41472,29.94021,367,0.49,0.65,07/09/2024,930,N20,VIIRS,h,2,298.81,9.45,D,0,12.7,96
50.29391,30.0305,367,0.49,0.65,07/09/2024,930,N20,VIIRS,h,2,298.63,12.48,D,0,12.2,94
50.4977,34.12649,367,0.33,0.55,07/09/2024,930,N20,VIIRS,h,2,300.55,3.99,D,0,13.1,79
49.62089,33.80428,367,0.36,0.58,07/09/2024,930,N20,VIIRS,h,2,303.59,9.51,D,0,14.8,78
49.26136,33.71866,367,0.38,0.59,07/09/2024,930,N20,VIIRS,h,2,306.74,9,D,0,15.3,75
48.32194,39.27631,367,0.46,0.64,07/09/2024,1109,N20,VIIRS,h,2,309.24,130.41,D,0,17.2,82
48.4359,39.1461,367,0.46,0.63,07/09/2024,1109,N20,VIIRS,h,2,313.02,24.45,D,0,16.3,82
48.45646,37.50492,367,0.38,0.59,07/09/2024,1109,N20,VIIRS,h,2,305.29,9.31,D,0,15.8,75
48.4413,36.55551,367,0.35,0.56,07/09/2024,1109,N20,VIIRS,h,2,306.24,20.41,D,0,17.1,75
47.75317,38.6049,367,0.43,0.62,07/09/2024,1109,N20,VIIRS,h,2,305.08,9.31,D,0,20.6,77
47.75163,38.60271,367,0.43,0.62,07/09/2024,1109,N20,VIIRS,h,2,310.05,16.62,D,0,20.6,77
47.75178,38.60859,367,0.43,0.62,07/09/2024,1109,N20,VIIRS,h,2,306.25,16.62,D,0,20.6,77
47.74559,38.59084,367,0.43,0.62,07/09/2024,1109,N20,VIIRS,h,2,300.84,19.21,D,0,20.6,77
47.7459,38.60265,367,0.43,0.62,07/09/2024,1109,N20,VIIRS,h,2,303.11,26.48,D,0,20.6,77
47.56943,36.45219,367,0.34,0.56,07/09/2024,1109,N20,VIIRS,h,2,308.45,3.66,D,0,20.1,71
47.4297,35.63776,367,0.62,0.54,07/09/2024,1109,N20,VIIRS,h,2,308.52,13.1,D,0,19.9,68
47.42883,35.63661,367,0.61,0.54,07/09/2024,1109,N20,VIIRS,h,2,307.31,33.86,D,0,19.9,68
47.0922,32.84497,367,0.45,0.47,07/09/2024,1109,N20,VIIRS,h,2,342.1,38.08,D,0,18,60
46.83304,33.67076,367,0.49,0.49,07/09/2024,1109,N20,VIIRS,h,2,309.55,14.52,D,0,17.5,63
47.91805,36.85672,367,0.35,0.57,07/09/2024,1109,N20,VIIRS,h,2,304.76,5.98,D,0,17.3,74
47.86764,37.20943,367,0.37,0.58,07/09/2024,1109,N20,VIIRS,h,2,300.54,13.75,D,0,17.2,78
48.31593,39.26988,367,0.46,0.64,07/09/2024,1109,N20,VIIRS,h,2,299.62,50.8,D,0,17.2,82
48.31621,39.28848,367,0.46,0.64,07/09/2024,1109,N20,VIIRS,h,2,317.22,76.68,D,0,17.2,82
48.31631,39.29481,367,0.46,0.64,07/09/2024,1109,N20,VIIRS,h,2,308.66,30.62,D,0,16.6,85
48.31641,39.3012,367,0.46,0.64,07/09/2024,1109,N20,VIIRS,h,2,307.77,30.62,D,0,16.6,85
48.3103,39.28835,367,0.46,0.64,07/09/2024,1109,N20,VIIRS,h,2,301.69,76.68,D,0,17.2,82
48.25767,37.30003,367,0.37,0.58,07/09/2024,1109,N20,VIIRS,h,2,304.06,9.3,D,0,16.1,75
48.2467,37.29566,367,0.37,0.58,07/09/2024,1109,N20,VIIRS,h,2,306.61,6.15,D,0,16.1,75
48.26353,37.87245,367,0.4,0.6,07/09/2024,1109,N20,VIIRS,h,2,305.07,9.26,D,0,16.4,79
48.31838,39.27516,367,0.46,0.64,07/09/2024,1109,N20,VIIRS,h,2,302.62,84.29,D,0,17.2,82
48.31902,39.30667,367,0.46,0.64,07/09/2024,1109,N20,VIIRS,h,2,303.58,20.13,D,0,16.6,85
48.31284,39.29366,367,0.46,0.64,07/09/2024,1109,N20,VIIRS,h,2,303.64,26.53,D,0,17.2,82
48.2503,37.29607,367,0.37,0.58,07/09/2024,1109,N20,VIIRS,h,2,306.89,7.94,D,0,16.1,75
48.25049,37.30122,367,0.37,0.58,07/09/2024,1109,N20,VIIRS,h,2,306.37,12.37,D,0,16.1,75
48.26461,37.87252,367,0.4,0.6,07/09/2024,1109,N20,VIIRS,h,2,306.55,7.18,D,0,16.4,79
48.12567,37.6711,367,0.39,0.59,07/09/2024,1109,N20,VIIRS,h,2,303.58,6.32,D,0,17,74
48.12069,37.68728,367,0.39,0.59,07/09/2024,1109,N20,VIIRS,h,2,304.31,15.77,D,0,17,74
48.11467,37.67147,367,0.39,0.59,07/09/2024,1109,N20,VIIRS,h,2,305.66,10.73,D,0,17,74
48.11086,37.72483,367,0.39,0.59,07/09/2024,1109,N20,VIIRS,h,2,305.36,5.54,D,0,16.3,75
48.04282,37.65997,367,0.39,0.59,07/09/2024,1109,N20,VIIRS,h,2,303.8,11.86,D,0,16,76
48.02595,37.49266,367,0.38,0.59,07/09/2024,1109,N20,VIIRS,h,2,304.38,7.63,D,0,16.4,75
51.03872,25.31875,367,0.41,0.37,07/09/2024,1110,N20,VIIRS,h,2,312.53,11.21,D,0,15.3,114
51.31134,29.42218,367,0.55,0.42,07/09/2024,1110,N20,VIIRS,h,2,338.28,358.27,D,0,12.8,106
51.30602,29.40743,367,0.54,0.42,07/09/2024,1110,N20,VIIRS,h,2,308.73,103.89,D,0,12.8,106
51.30745,29.42309,367,0.55,0.42,07/09/2024,1110,N20,VIIRS,h,2,331.61,358.27,D,0,12.8,106
51.30889,29.43881,367,0.55,0.42,07/09/2024,1110,N20,VIIRS,h,2,353.93,110.47,D,0,12.8,106
51.31033,29.45454,367,0.55,0.42,07/09/2024,1110,N20,VIIRS,h,2,349.88,274.14,D,0,12.1,101
51.31105,29.46239,367,0.55,0.42,07/09/2024,1110,N20,VIIRS,h,2,358.09,230.57,D,0,12.1,101
51.31176,29.47029,367,0.55,0.43,07/09/2024,1110,N20,VIIRS,h,2,352.27,230.57,D,0,12.1,101
51.30571,29.44757,367,0.55,0.42,07/09/2024,1110,N20,VIIRS,h,2,357.92,84.86,D,0,12.8,106
51.30714,29.46329,367,0.55,0.42,07/09/2024,1110,N20,VIIRS,h,2,342.89,140.84,D,0,12.1,101
51.30787,29.47118,367,0.55,0.43,07/09/2024,1110,N20,VIIRS,h,2,357.4,140.84,D,0,12.1,101
51.27846,29.45389,367,0.55,0.42,07/09/2024,1110,N20,VIIRS,h,2,311.18,22.24,D,0,12.1,101
50.42341,35.92084,367,0.34,0.56,07/09/2024,1110,N20,VIIRS,h,2,302.45,8.33,D,0,12.7,77
50.41039,35.84994,367,0.33,0.55,07/09/2024,1110,N20,VIIRS,h,2,301.96,15.36,D,0,12.7,77
50.40561,35.85984,367,0.33,0.55,07/09/2024,1110,N20,VIIRS,h,2,299.94,5,D,0,12.7,77
50.40822,35.84774,367,0.33,0.55,07/09/2024,1110,N20,VIIRS,h,2,307.17,23.9,D,0,12.7,77
50.40884,35.8619,367,0.33,0.55,07/09/2024,1110,N20,VIIRS,h,2,300.77,9.06,D,0,12.7,77
50.27456,36.75538,367,0.36,0.58,07/09/2024,1110,N20,VIIRS,h,2,304.5,10.95,D,0,12.1,75
50.26938,36.76101,367,0.36,0.58,07/09/2024,1110,N20,VIIRS,h,2,300.56,15.52,D,0,12.1,75
50.24463,36.34484,367,0.35,0.57,07/09/2024,1110,N20,VIIRS,h,2,302.68,6.34,D,0,12.6,75
50.24515,36.3597,367,0.35,0.57,07/09/2024,1110,N20,VIIRS,h,2,303.43,14.1,D,0,12.6,75
50.20282,36.35327,367,0.35,0.57,07/09/2024,1110,N20,VIIRS,h,2,297.81,15.49,D,0,12.6,75
49.90908,31.86269,367,0.44,0.46,07/09/2024,1110,N20,VIIRS,h,2,308.97,8.75,D,0,12.5,80
49.97995,37.83157,367,0.41,0.6,07/09/2024,1110,N20,VIIRS,h,2,299.12,7.58,D,0,11.7,75
49.98007,37.83698,367,0.41,0.6,07/09/2024,1110,N20,VIIRS,h,2,301.76,7.58,D,0,11.7,75
49.81462,37.59033,367,0.39,0.6,07/09/2024,1110,N20,VIIRS,h,2,300.21,25.54,D,0,12.4,75
49.78208,37.82955,367,0.4,0.6,07/09/2024,1110,N20,VIIRS,h,2,303.66,11.49,D,0,13.5,79
49.78236,37.84078,367,0.4,0.6,07/09/2024,1110,N20,VIIRS,h,2,304.25,9.22,D,0,13.5,79
49.69382,37.41301,367,0.39,0.59,07/09/2024,1110,N20,VIIRS,h,2,304.75,8.78,D,0,13.9,77
49.55534,36.17951,367,0.34,0.56,07/09/2024,1110,N20,VIIRS,h,2,305.35,8.72,D,0,14.6,77
49.49105,37.83377,367,0.4,0.6,07/09/2024,1110,N20,VIIRS,h,2,302.12,31.12,D,0,15.3,81
49.4912,37.83939,367,0.4,0.6,07/09/2024,1110,N20,VIIRS,h,2,304.87,18.04,D,0,15.3,81
49.48561,37.83958,367,0.4,0.6,07/09/2024,1110,N20,VIIRS,h,2,302.98,18.04,D,0,15.3,81
49.48635,37.86749,367,0.4,0.6,07/09/2024,1110,N20,VIIRS,h,2,300.72,7.58,D,0,15.3,81
49.40655,37.80448,367,0.4,0.6,07/09/2024,1110,N20,VIIRS,h,2,311.44,25.38,D,0,15.9,81
49.40792,37.80552,367,0.4,0.6,07/09/2024,1110,N20,VIIRS,h,2,306.03,36.67,D,0,15.9,81
49.41455,38.51908,367,0.43,0.62,07/09/2024,1110,N20,VIIRS,h,2,306.43,17.25,D,0,16.1,80
49.31218,38.89539,367,0.45,0.63,07/09/2024,1110,N20,VIIRS,h,2,300.41,13.78,D,0,14.2,79
49.24895,38.08095,367,0.41,0.61,07/09/2024,1110,N20,VIIRS,h,2,298.61,18.49,D,0,14.3,79
49.21956,37.94696,367,0.41,0.6,07/09/2024,1110,N20,VIIRS,h,2,305.3,5.25,D,0,15.8,80
49.1887,37.84565,367,0.4,0.6,07/09/2024,1110,N20,VIIRS,h,2,305,9.02,D,0,16.3,81
49.11615,36.77248,367,0.36,0.57,07/09/2024,1110,N20,VIIRS,h,2,300.43,9.05,D,0,15.9,75
49.11066,36.76767,367,0.36,0.57,07/09/2024,1110,N20,VIIRS,h,2,303.94,4.85,D,0,16,76
49.12128,37.96733,367,0.41,0.6,07/09/2024,1110,N20,VIIRS,h,2,303.79,6.01,D,0,15.7,77
49.05197,38.3522,367,0.42,0.61,07/09/2024,1110,N20,VIIRS,h,2,304.22,9.71,D,0,14.8,79
48.95292,35.82774,367,0.32,0.55,07/09/2024,1110,N20,VIIRS,h,2,306.2,8.52,D,0,17.1,76
48.95312,35.83239,367,0.32,0.55,07/09/2024,1110,N20,VIIRS,h,2,303.29,8.52,D,0,17.1,76
48.87913,38.42788,367,0.43,0.62,07/09/2024,1110,N20,VIIRS,h,2,304.84,6.11,D,0,15.2,84
48.82044,38.1106,367,0.41,0.61,07/09/2024,1110,N20,VIIRS,h,2,304.27,14.79,D,0,15.6,81
48.82425,39.21996,367,0.46,0.64,07/09/2024,1110,N20,VIIRS,h,2,305.23,33.43,D,0,14.8,80
48.82434,39.2266,367,0.46,0.64,07/09/2024,1110,N20,VIIRS,h,2,300.66,33.43,D,0,14.8,80
48.82649,39.22339,367,0.46,0.64,07/09/2024,1110,N20,VIIRS,h,2,298.5,28.2,D,0,14.8,80
48.82031,39.20924,367,0.46,0.64,07/09/2024,1110,N20,VIIRS,h,2,303.78,89.54,D,0,14.8,80
48.82069,39.23,367,0.46,0.64,07/09/2024,1110,N20,VIIRS,h,2,303.3,11.28,D,0,14.8,80
48.7738,37.96815,367,0.4,0.6,07/09/2024,1110,N20,VIIRS,h,2,301.53,7.31,D,0,14.8,81
48.76854,37.97986,367,0.41,0.6,07/09/2024,1110,N20,VIIRS,h,2,305.45,9.56,D,0,14.8,81
48.65667,37.17603,367,0.37,0.58,07/09/2024,1110,N20,VIIRS,h,2,306.89,6.78,D,0,17.8,76
48.65918,37.15388,367,0.37,0.58,07/09/2024,1110,N20,VIIRS,h,2,307.76,8.43,D,0,17.8,76
48.65471,37.17945,367,0.37,0.58,07/09/2024,1110,N20,VIIRS,h,2,306.45,8.13,D,0,17.8,76
48.55637,37.87741,367,0.4,0.6,07/09/2024,1110,N20,VIIRS,h,2,303.22,10.54,D,0,15.8,76
48.44984,36.37153,367,0.34,0.56,07/09/2024,1110,N20,VIIRS,h,2,304.72,10.07,D,0,16.6,74
48.44141,36.55656,367,0.35,0.56,07/09/2024,1110,N20,VIIRS,h,2,304.48,42.4,D,0,17.1,75
48.45701,37.50171,367,0.38,0.59,07/09/2024,1110,N20,VIIRS,h,2,308.52,9.71,D,0,15.8,75
51.68068,26.92177,367,0.46,0.39,07/09/2024,1111,N20,VIIRS,h,2,357.63,277.73,D,0,13,113
52.26529,33.2294,367,0.53,0.5,07/09/2024,1111,N20,VIIRS,h,2,302.69,9.26,D,0,8.7,85
52.02222,31.97489,367,0.44,0.46,07/09/2024,2323,N20,VIIRS,h,2,284.07,5.2,N,0,9.2,91
49.17402,37.77311,367,0.41,0.6,08/09/2024,910,N20,VIIRS,h,2,300.82,10.81,D,0,16.4,87
49.28484,37.97622,367,0.4,0.6,08/09/2024,910,N20,VIIRS,h,2,304.86,10.01,D,0,15.3,85
49.34167,37.998,367,0.39,0.6,08/09/2024,910,N20,VIIRS,h,2,298.9,11.01,D,0,15.3,85
49.36074,37.9608,367,0.39,0.6,08/09/2024,910,N20,VIIRS,h,2,305.12,22.14,D,0,15.3,85
49.38619,37.85853,367,0.4,0.6,08/09/2024,910,N20,VIIRS,h,2,299.61,5.58,D,0,15.8,86
49.38999,37.83111,367,0.4,0.6,08/09/2024,910,N20,VIIRS,h,2,297.81,7.89,D,0,15.8,86
49.395,37.82749,367,0.4,0.6,08/09/2024,910,N20,VIIRS,h,2,298.57,7.89,D,0,15.8,86
47.87822,33.2308,367,0.69,0.74,08/09/2024,910,N20,VIIRS,h,2,293.85,17.45,D,0,15,59
49.1138,36.78598,367,0.45,0.63,08/09/2024,910,N20,VIIRS,h,2,301.87,20,D,0,16.1,77
49.11725,36.7765,367,0.45,0.63,08/09/2024,910,N20,VIIRS,h,2,300.69,10.44,D,0,16.1,77
48.5928,35.15533,367,0.54,0.68,08/09/2024,910,N20,VIIRS,h,2,297.79,8.54,D,0,16.9,72
48.59172,35.15561,367,0.54,0.68,08/09/2024,910,N20,VIIRS,h,2,297.12,12.51,D,0,16.9,72
47.84628,38.77163,367,0.41,0.6,08/09/2024,910,N20,VIIRS,h,2,301.02,8.85,D,0,21.9,77
47.85643,38.76466,367,0.41,0.6,08/09/2024,910,N20,VIIRS,h,2,300.17,6.59,D,0,21.9,77
48.04748,39.1753,367,0.39,0.59,08/09/2024,910,N20,VIIRS,h,2,298.31,16.46,D,0,20.6,77
47.93673,38.54317,367,0.41,0.61,08/09/2024,910,N20,VIIRS,h,2,297.29,9.03,D,0,20.8,80
47.936,38.5424,367,0.41,0.61,08/09/2024,910,N20,VIIRS,h,2,298.29,7.88,D,0,20.8,80
47.95603,38.24235,367,0.43,0.62,08/09/2024,910,N20,VIIRS,h,2,295.23,6.68,D,0,18.5,81
47.95367,38.24209,367,0.43,0.62,08/09/2024,910,N20,VIIRS,h,2,296.34,10.77,D,0,18.5,81
47.72971,36.98272,367,0.49,0.65,08/09/2024,910,N20,VIIRS,h,2,299.52,18.25,D,0,18.3,78
48.2906,38.55632,367,0.4,0.6,08/09/2024,910,N20,VIIRS,h,2,296.41,34.73,D,0,20,80
48.28683,38.56228,367,0.4,0.6,08/09/2024,910,N20,VIIRS,h,2,290.96,32.79,D,0,20,80
48.29039,38.55388,367,0.4,0.6,08/09/2024,910,N20,VIIRS,h,2,293.55,27.62,D,0,20,80
48.46496,38.72239,367,0.39,0.59,08/09/2024,910,N20,VIIRS,h,2,295.84,11.04,D,0,16.1,86
48.08616,37.31971,367,0.46,0.64,08/09/2024,910,N20,VIIRS,h,2,295.45,9.86,D,0,17.3,74
48.19939,37.28621,367,0.46,0.63,08/09/2024,910,N20,VIIRS,h,2,297.59,12.07,D,0,17.4,75
48.32233,37.65658,367,0.44,0.62,08/09/2024,910,N20,VIIRS,h,2,299.67,5.67,D,0,15.3,76
48.30244,37.53159,367,0.44,0.63,08/09/2024,910,N20,VIIRS,h,2,295.56,9.91,D,0,16.5,77
48.30424,37.52989,367,0.44,0.63,08/09/2024,910,N20,VIIRS,h,2,293.52,6.11,D,0,16.5,77
47.09926,32.87621,367,0.76,0.77,08/09/2024,910,N20,VIIRS,h,2,297.58,41.39,D,0,16.7,60
47.09831,32.87944,367,0.76,0.77,08/09/2024,910,N20,VIIRS,h,2,292.88,58.66,D,0,17.1,60
49.02935,38.04738,367,0.4,0.6,08/09/2024,910,N20,VIIRS,h,2,305.66,15.29,D,0,15,81
49.16872,37.79599,367,0.41,0.6,08/09/2024,910,N20,VIIRS,h,2,303.19,18.06,D,0,15.8,84
49.39118,38.51073,367,0.37,0.58,08/09/2024,910,N20,VIIRS,h,2,301.12,14.79,D,0,16.1,86
49.18035,37.79374,367,0.41,0.6,08/09/2024,910,N20,VIIRS,h,2,303.35,13.23,D,0,15.8,84
51.76009,34.41287,367,0.45,0.63,08/09/2024,911,N20,VIIRS,h,2,316.12,43.99,D,0,11.4,90
49.58167,36.8326,367,0.43,0.62,08/09/2024,911,N20,VIIRS,h,2,299.04,11.1,D,0,16.1,85
49.21423,36.05731,367,0.48,0.64,08/09/2024,911,N20,VIIRS,h,2,298.83,12.41,D,0,16.4,79
49.6148,34.6316,367,0.53,0.67,08/09/2024,911,N20,VIIRS,h,2,296.57,15.99,D,0,13.7,77
50.25538,36.01191,367,0.44,0.62,08/09/2024,911,N20,VIIRS,h,2,300.38,16.32,D,0,13.8,81
50.1256,34.97259,367,0.49,0.65,08/09/2024,911,N20,VIIRS,h,2,300.44,10.03,D,0,13.1,83
51.29248,34.21324,367,0.48,0.64,08/09/2024,911,N20,VIIRS,h,2,298.92,18.61,D,0,11.8,85
51.29192,34.21467,367,0.48,0.64,08/09/2024,911,N20,VIIRS,h,2,297.81,19.72,D,0,11.8,85
51.41873,34.17347,367,0.47,0.64,08/09/2024,911,N20,VIIRS,h,2,297.61,9.66,D,0,12.1,91
50.17052,30.42995,367,0.73,0.76,08/09/2024,911,N20,VIIRS,h,2,296.96,12.7,D,0,9.3,80
52.20238,32.37053,367,0.52,0.66,08/09/2024,912,N20,VIIRS,h,2,294.99,9.97,D,0,10.5,89
52.20663,33.92142,367,0.45,0.63,08/09/2024,912,N20,VIIRS,h,2,298.76,12.45,D,0,11.1,94
51.31282,29.44242,367,0.71,0.75,08/09/2024,912,N20,VIIRS,h,2,298.16,12.13,D,0,10,103
51.27827,29.50086,367,0.71,0.75,08/09/2024,912,N20,VIIRS,h,2,298.86,13.35,D,0,9.4,97
51.27902,29.50639,367,0.71,0.75,08/09/2024,912,N20,VIIRS,h,2,298.95,16.95,D,0,9.4,97
48.04871,39.12794,367,0.54,0.51,08/09/2024,1050,N20,VIIRS,h,2,341.26,262.62,D,0,20,77
48.04959,39.14257,367,0.54,0.51,08/09/2024,1050,N20,VIIRS,h,2,305.36,33.45,D,0,20,77
48.0449,39.14323,367,0.54,0.51,08/09/2024,1050,N20,VIIRS,h,2,305.42,33.45,D,0,20,77
47.79065,32.48479,367,0.44,0.38,08/09/2024,1050,N20,VIIRS,h,2,308.1,10.52,D,0,15.3,58
49.16365,37.78051,367,0.48,0.48,08/09/2024,1051,N20,VIIRS,h,2,302.52,19.54,D,0,15.9,82
49.16319,37.77387,367,0.48,0.48,08/09/2024,1051,N20,VIIRS,h,2,301.89,19.54,D,0,15.9,82
49.16549,37.76634,367,0.48,0.48,08/09/2024,1051,N20,VIIRS,h,2,325.1,52.65,D,0,15.9,82
49.39585,37.83855,367,0.49,0.49,08/09/2024,1051,N20,VIIRS,h,2,303.02,19.96,D,0,15.8,86
49.4577,37.88434,367,0.49,0.49,08/09/2024,1051,N20,VIIRS,h,2,305.13,17.31,D,0,15.1,84
51.31577,29.41716,367,0.4,0.37,08/09/2024,1052,N20,VIIRS,h,2,330.09,63.76,D,0,10,103
51.31653,29.42286,367,0.4,0.37,08/09/2024,1052,N20,VIIRS,h,2,349.96,63.76,D,0,10,103
51.31956,29.4457,367,0.4,0.37,08/09/2024,1052,N20,VIIRS,h,2,342.98,90.79,D,0,10,103
51.34343,25.83561,367,0.39,0.36,08/09/2024,1052,N20,VIIRS,h,2,306.01,13.34,D,0,12.1,127
51.27175,29.47968,367,0.4,0.37,08/09/2024,1052,N20,VIIRS,h,2,309.47,6.47,D,0,9.4,97
52.02446,32.14773,367,0.47,0.4,08/09/2024,1052,N20,VIIRS,h,2,306,13.22,D,0,9.5,90
52.02508,31.97843,367,0.47,0.4,08/09/2024,1052,N20,VIIRS,h,2,327.09,137.71,D,0,9.5,89
48.24498,38.81087,367,0.62,0.71,09/09/2024,851,N20,VIIRS,h,2,291.03,31.7,D,0,19.2,97
48.16415,38.69016,367,0.63,0.72,09/09/2024,851,N20,VIIRS,h,2,292.53,35.89,D,0,17.7,99
48.28674,38.57042,367,0.63,0.72,09/09/2024,851,N20,VIIRS,h,2,292.42,20.89,D,0,20.2,97
48.15813,38.69443,367,0.63,0.72,09/09/2024,851,N20,VIIRS,h,2,295.09,16.17,D,0,17.7,99
48.15787,38.71469,367,0.63,0.72,09/09/2024,851,N20,VIIRS,h,2,292.64,24.73,D,0,17.7,99
48.1605,38.67657,367,0.63,0.72,09/09/2024,851,N20,VIIRS,h,2,295.15,28.66,D,0,17.7,99
48.1574,38.68912,367,0.63,0.72,09/09/2024,851,N20,VIIRS,h,2,299.44,16.05,D,0,17.7,99
49.26039,39.76907,367,0.52,0.67,09/09/2024,852,N20,VIIRS,h,2,295.14,10.03,D,0,18.7,104
48.69518,38.09929,367,0.64,0.72,09/09/2024,852,N20,VIIRS,h,2,291.07,15.7,D,0,18.7,101
49.26082,39.76819,367,0.52,0.67,09/09/2024,852,N20,VIIRS,h,2,293.8,9.4,D,0,18.7,104
48.192,38.62036,367,0.49,0.4,09/09/2024,1031,N20,VIIRS,h,2,290.99,9.76,D,0,18.5,97
48.25062,38.78334,367,0.5,0.41,09/09/2024,1031,N20,VIIRS,h,2,297.27,9.74,D,0,19.2,97
51.18577,29.50495,367,0.4,0.37,09/09/2024,1033,N20,VIIRS,h,2,333.1,75.47,D,0,13.4,106
52.20279,32.63258,367,0.39,0.36,09/09/2024,1033,N20,VIIRS,h,2,328.96,30.43,D,0,13.4,114
51.62307,27.19127,367,0.44,0.38,09/09/2024,1033,N20,VIIRS,h,2,342.07,57.36,D,0,13.1,123
51.62646,27.18956,367,0.44,0.38,09/09/2024,1033,N20,VIIRS,h,2,338.59,76.56,D,0,13.1,123
51.62628,27.18833,367,0.44,0.38,09/09/2024,1033,N20,VIIRS,h,2,329.34,54.63,D,0,13.1,123
51.16014,29.54828,367,0.4,0.37,09/09/2024,1033,N20,VIIRS,h,2,308.85,7.13,D,0,13.3,109
51.63124,27.19611,367,0.7,0.75,09/09/2024,1214,N20,VIIRS,h,2,295.32,29.14,D,0,13.1,123
51.77853,26.42464,367,0.65,0.73,09/09/2024,1214,N20,VIIRS,h,2,299.85,16.75,D,0,16.1,125
51.62403,27.20592,367,0.7,0.75,09/09/2024,1214,N20,VIIRS,h,2,296.01,29.14,D,0,13.1,123
51.62431,27.19559,367,0.7,0.75,09/09/2024,1214,N20,VIIRS,h,2,307.71,29.14,D,0,13.1,123
51.62532,27.20155,367,0.7,0.75,09/09/2024,1214,N20,VIIRS,h,2,296.97,23.73,D,0,13.1,123
51.61816,27.21128,367,0.7,0.75,09/09/2024,1214,N20,VIIRS,h,2,298.33,23.73,D,0,13.1,123
51.61839,27.20096,367,0.7,0.75,09/09/2024,1214,N20,VIIRS,h,2,304.4,23.73,D,0,13.1,123
51.62578,27.18089,367,0.69,0.75,09/09/2024,1214,N20,VIIRS,h,2,297.77,17.28,D,0,13.1,123
51.63248,27.19176,367,0.7,0.75,09/09/2024,1214,N20,VIIRS,h,2,298.28,44.06,D,0,13.1,123
49.417,37.07331,367,0.33,0.55,09/09/2024,2245,N20,VIIRS,h,2,286.85,3.98,N,0,17.9,94
52.25789,32.58309,367,0.42,0.38,10/09/2024,1014,N20,VIIRS,h,2,296.73,8.35,D,0,13.1,104
48.57959,37.44076,367,0.47,0.4,11/09/2024,954,N20,VIIRS,h,2,306.14,20.75,D,0,11.8,114
47.79849,36.88169,367,0.7,0.75,11/09/2024,1134,N20,VIIRS,h,2,294.59,13.36,D,0,8.6,115
47.79692,36.88217,367,0.7,0.75,11/09/2024,1135,N20,VIIRS,h,2,292.71,12.03,D,0,8.6,115
48.59411,34.43338,367,0.54,0.68,11/09/2024,1135,N20,VIIRS,h,2,293.6,19.42,D,0,6.5,121
48.59676,34.43248,367,0.54,0.68,11/09/2024,1135,N20,VIIRS,h,2,292.26,16.48,D,0,6.5,121
48.81439,37.28164,367,0.73,0.76,11/09/2024,1135,N20,VIIRS,h,2,293.54,16.42,D,0,13,112
48.81083,37.28239,367,0.73,0.76,11/09/2024,1135,N20,VIIRS,h,2,294.29,31,D,0,13,112
50.31479,36.22379,367,0.66,0.73,11/09/2024,1135,N20,VIIRS,h,2,293.29,16.71,D,0,14.6,115
50.32159,36.22432,367,0.66,0.73,11/09/2024,1135,N20,VIIRS,h,2,290.56,16.71,D,0,14.6,115
51.28887,34.17736,367,0.54,0.68,11/09/2024,1136,N20,VIIRS,h,2,290.79,19.79,D,0,11,116
52.29455,32.42815,367,0.46,0.63,11/09/2024,1136,N20,VIIRS,h,2,290.07,7.57,D,0,10.6,128
52.28285,32.4354,367,0.46,0.63,11/09/2024,1136,N20,VIIRS,h,2,293.58,9.69,D,0,10.6,128
51.29168,34.17679,367,0.54,0.68,11/09/2024,1136,N20,VIIRS,h,2,291.22,13.36,D,0,11,116
48.27337,38.56657,367,0.43,0.46,12/09/2024,935,N20,VIIRS,h,2,301.6,9.26,D,0,21.7,107
49.56147,39.05578,367,0.39,0.44,12/09/2024,935,N20,VIIRS,h,2,340.14,67.93,D,0,22.4,112
50.2613,36.53495,367,0.47,0.47,12/09/2024,936,N20,VIIRS,h,2,334.34,225.19,D,0,19.5,120
47.97348,37.31788,367,0.44,0.62,12/09/2024,1115,N20,VIIRS,h,2,295.52,21.55,D,0,13.3,104
47.66574,37.29568,367,0.44,0.62,12/09/2024,1115,N20,VIIRS,h,2,297.18,7.72,D,0,14.2,103
50.13008,35.92166,367,0.39,0.59,12/09/2024,1116,N20,VIIRS,h,2,293.44,15.39,D,0,17.8,117
50.13577,35.92722,367,0.39,0.59,12/09/2024,1116,N20,VIIRS,h,2,294.5,9.83,D,0,17.8,117
50.12998,35.92625,367,0.39,0.59,12/09/2024,1116,N20,VIIRS,h,2,290.37,9.46,D,0,17.8,117
50.22091,36.22119,367,0.4,0.6,12/09/2024,1116,N20,VIIRS,h,2,299.13,37.96,D,0,19,117
50.22634,36.2149,367,0.4,0.6,12/09/2024,1116,N20,VIIRS,h,2,302.84,25.73,D,0,19,117
50.30111,36.38153,367,0.41,0.61,12/09/2024,1116,N20,VIIRS,h,2,299.99,19.21,D,0,19.5,120
50.31853,36.94467,367,0.44,0.62,12/09/2024,1116,N20,VIIRS,h,2,301.91,11.16,D,0,19.2,119
50.32419,36.93824,367,0.44,0.62,12/09/2024,1116,N20,VIIRS,h,2,303.1,11.16,D,0,19.2,119
48.38291,37.48264,367,0.45,0.63,12/09/2024,1116,N20,VIIRS,h,2,293.41,10.55,D,0,15.5,105
48.38646,38.33121,367,0.49,0.65,12/09/2024,1116,N20,VIIRS,h,2,305.49,40.7,D,0,20.2,109
48.38163,37.48021,367,0.45,0.63,12/09/2024,1116,N20,VIIRS,h,2,294.15,10.06,D,0,15.5,105
48.49956,38.63486,367,0.51,0.66,12/09/2024,1116,N20,VIIRS,h,2,297.28,7.79,D,0,19.3,104
48.50503,38.63589,367,0.51,0.66,12/09/2024,1116,N20,VIIRS,h,2,294.61,15.16,D,0,19.3,104
48.08492,37.72901,367,0.46,0.64,12/09/2024,1116,N20,VIIRS,h,2,297.96,9.64,D,0,15.1,108
48.11602,37.21151,367,0.44,0.62,12/09/2024,1116,N20,VIIRS,h,2,297.25,10.9,D,0,13.2,103
48.17011,39.79999,367,0.58,0.69,12/09/2024,1116,N20,VIIRS,h,2,292.7,21.01,D,0,22.4,105
48.1701,39.79239,367,0.58,0.69,12/09/2024,1116,N20,VIIRS,h,2,292,22.75,D,0,22.4,105
48.22499,38.16239,367,0.48,0.65,12/09/2024,1116,N20,VIIRS,h,2,300.71,27.6,D,0,17.7,108
48.37218,38.21931,367,0.49,0.65,12/09/2024,1116,N20,VIIRS,h,2,295.11,12.81,D,0,17.8,109
48.38578,38.32653,367,0.49,0.65,12/09/2024,1116,N20,VIIRS,h,2,326.3,116.14,D,0,20.2,109
48.26156,39.39894,367,0.32,0.55,13/09/2024,916,N20,VIIRS,h,2,302.05,14.3,D,0,22.2,105
48.25669,39.42085,367,0.32,0.54,13/09/2024,916,N20,VIIRS,h,2,294.8,9.39,D,0,22.2,105
48.1682,39.75302,367,0.62,0.54,13/09/2024,916,N20,VIIRS,h,2,304.75,12.83,D,0,23,107
48.25908,39.40972,367,0.32,0.54,13/09/2024,916,N20,VIIRS,h,2,291.47,9.77,D,0,22.2,105
48.2652,39.39237,367,0.32,0.55,13/09/2024,916,N20,VIIRS,h,2,306.92,56.8,D,0,22.2,105
48.26487,39.3429,367,0.33,0.55,13/09/2024,1057,N20,VIIRS,h,2,299.93,10.34,D,0,22.3,107
48.26756,39.40236,367,0.33,0.55,13/09/2024,1057,N20,VIIRS,h,2,302.25,5.5,D,0,22.2,105
48.26038,39.3572,367,0.33,0.55,13/09/2024,1057,N20,VIIRS,h,2,303.22,9.47,D,0,22.5,108
48.26244,39.40308,367,0.33,0.55,13/09/2024,1057,N20,VIIRS,h,2,303.66,5.5,D,0,22.2,105
48.25712,39.39924,367,0.33,0.55,13/09/2024,1057,N20,VIIRS,h,2,303.59,5.5,D,0,22.2,105
48.1669,39.7469,367,0.34,0.56,13/09/2024,1057,N20,VIIRS,h,2,303.62,4.57,D,0,23,107
48.25811,39.42147,367,0.33,0.55,13/09/2024,1057,N20,VIIRS,h,2,306.77,10.74,D,0,22.2,105
48.21814,38.99397,367,0.63,0.54,13/09/2024,1057,N20,VIIRS,h,2,297.38,32,D,0,22,108
48.25241,39.40908,367,0.33,0.55,13/09/2024,1057,N20,VIIRS,h,2,304.63,11.42,D,0,22.2,105
48.25221,39.40462,367,0.33,0.55,13/09/2024,1057,N20,VIIRS,h,2,305.22,9.65,D,0,22.2,105
47.97046,38.63841,367,0.56,0.69,14/09/2024,857,N20,VIIRS,h,2,300.46,14.25,D,0,22.8,94
48.31443,39.49999,367,0.5,0.66,14/09/2024,857,N20,VIIRS,h,2,302.83,7.61,D,0,21.9,99
49.6439,37.83073,367,0.53,0.67,14/09/2024,858,N20,VIIRS,h,2,302.39,16.8,D,0,22.2,109
49.62956,37.72498,367,0.53,0.67,14/09/2024,858,N20,VIIRS,h,2,305.66,23.47,D,0,21.3,110
50.4115,35.88166,367,0.59,0.7,14/09/2024,858,N20,VIIRS,h,2,297.58,13.48,D,0,22.4,110
50.66345,35.43839,367,0.6,0.7,14/09/2024,858,N20,VIIRS,h,2,299.69,13.96,D,0,21.2,109
49.28305,37.94674,367,0.54,0.67,14/09/2024,858,N20,VIIRS,h,2,302.9,8.76,D,0,21,107
49.28261,37.94664,367,0.53,0.67,14/09/2024,858,N20,VIIRS,h,2,303.52,12.21,D,0,21,107
49.3716,37.73189,367,0.54,0.68,14/09/2024,858,N20,VIIRS,h,2,303.59,11.35,D,0,22.6,108
49.48159,37.82787,367,0.53,0.67,14/09/2024,858,N20,VIIRS,h,2,309.05,82.95,D,0,22.2,108
49.56637,38.01646,367,0.52,0.67,14/09/2024,858,N20,VIIRS,h,2,305.54,75.04,D,0,20.7,109
49.48132,37.82751,367,0.53,0.67,14/09/2024,858,N20,VIIRS,h,2,308.54,61.28,D,0,22.2,108
49.56701,38.01532,367,0.52,0.67,14/09/2024,858,N20,VIIRS,h,2,304.07,46.52,D,0,20.7,109
49.54049,37.75357,367,0.53,0.67,14/09/2024,858,N20,VIIRS,h,2,306.82,7.7,D,0,21.7,108
52.30684,33.60504,367,0.6,0.71,14/09/2024,859,N20,VIIRS,h,2,291.95,26.44,D,0,21.3,114
47.70248,37.92394,367,0.52,0.42,14/09/2024,1037,N20,VIIRS,h,2,335.74,198.04,D,0,19.2,98
47.68999,37.95487,367,0.52,0.42,14/09/2024,1037,N20,VIIRS,h,2,310.95,16.28,D,0,20.2,99
47.69624,37.93946,367,0.52,0.42,14/09/2024,1037,N20,VIIRS,h,2,312.25,38.45,D,0,19.2,98
48.19287,39.0649,367,0.39,0.44,14/09/2024,1038,N20,VIIRS,h,2,329.14,80.25,D,0,22.4,97
48.30911,39.50468,367,0.41,0.45,14/09/2024,1038,N20,VIIRS,h,2,307.6,12.45,D,0,21.9,99
48.30863,39.49913,367,0.41,0.45,14/09/2024,1038,N20,VIIRS,h,2,309.68,13.83,D,0,21.9,99
48.30816,39.49359,367,0.41,0.45,14/09/2024,1038,N20,VIIRS,h,2,310.43,13.83,D,0,21.9,99
48.3137,39.50949,367,0.41,0.45,14/09/2024,1038,N20,VIIRS,h,2,308.02,8.69,D,0,21.9,99
50.65606,35.37369,367,0.46,0.39,14/09/2024,1038,N20,VIIRS,h,2,337.83,46.73,D,0,21.2,109
49.67918,36.821,367,0.5,0.41,14/09/2024,1038,N20,VIIRS,h,2,309.03,8.51,D,0,22,107
49.67877,36.82221,367,0.5,0.41,14/09/2024,1038,N20,VIIRS,h,2,308.33,9.46,D,0,22,107
48.03886,39.18622,367,0.39,0.44,14/09/2024,1038,N20,VIIRS,h,2,307.65,9.4,D,0,21.8,95
51.22013,34.29034,367,0.43,0.38,14/09/2024,1039,N20,VIIRS,h,2,331.01,95.43,D,0,21.9,113
52.23421,32.64213,367,0.41,0.37,14/09/2024,1039,N20,VIIRS,h,2,303.21,7.16,D,0,22.1,110
52.30593,33.81931,367,0.43,0.38,14/09/2024,1039,N20,VIIRS,h,2,310.92,31.4,D,0,20,114
51.89829,34.19874,367,0.39,0.59,14/09/2024,2251,N20,VIIRS,h,2,292.02,7.3,N,0,22.3,114
50.63471,35.34624,367,0.34,0.56,14/09/2024,2251,N20,VIIRS,h,2,288.52,5.53,N,0,21.1,108
50.40718,35.85898,367,0.32,0.55,14/09/2024,2251,N20,VIIRS,h,2,290.42,6.6,N,0,22.4,110
46.88475,33.83625,367,0.37,0.58,14/09/2024,2252,N20,VIIRS,h,2,291.52,6.7,N,0,17.8,110
49.36214,37.57288,367,0.37,0.58,15/09/2024,32,N20,VIIRS,h,2,300.12,5.43,N,0,23.3,101
48.14614,39.43771,367,0.79,0.78,15/09/2024,839,N20,VIIRS,h,2,298.97,40.01,D,0,24.8,94
48.2077,39.75719,367,0.77,0.77,15/09/2024,839,N20,VIIRS,h,2,298.07,15.28,D,0,24,93
48.14575,39.44749,367,0.79,0.78,15/09/2024,839,N20,VIIRS,h,2,296.3,11.45,D,0,24.8,94
48.14871,39.43356,367,0.79,0.78,15/09/2024,839,N20,VIIRS,h,2,297.65,29.11,D,0,24.8,94
48.20728,39.74949,367,0.77,0.77,15/09/2024,839,N20,VIIRS,h,2,300.36,34.14,D,0,24,93
48.20404,39.76257,367,0.77,0.77,15/09/2024,839,N20,VIIRS,h,2,299.08,13.98,D,0,24.5,95
48.25887,39.44699,367,0.42,0.37,15/09/2024,1019,N20,VIIRS,h,2,307.8,10.61,D,0,24,95
48.35632,39.19137,367,0.41,0.37,15/09/2024,1019,N20,VIIRS,h,2,308.55,9.53,D,0,25,98
48.34954,39.19336,367,0.41,0.37,15/09/2024,1019,N20,VIIRS,h,2,350.59,79.66,D,0,25,98
46.66022,33.2218,367,0.44,0.38,15/09/2024,1019,N20,VIIRS,h,2,309.74,8.74,D,0,25.5,96
46.89206,33.81739,367,0.42,0.38,15/09/2024,1019,N20,VIIRS,h,2,309.01,7.46,D,0,31,100
46.89444,33.81074,367,0.42,0.38,15/09/2024,1019,N20,VIIRS,h,2,309.73,29.71,D,0,31,100
46.89877,33.8148,367,0.42,0.38,15/09/2024,1019,N20,VIIRS,h,2,335.46,29.71,D,0,31,100
46.90019,33.8028,367,0.42,0.38,15/09/2024,1019,N20,VIIRS,h,2,345.4,53.91,D,0,31,100
46.94724,33.25763,367,0.43,0.38,15/09/2024,1019,N20,VIIRS,h,2,341.24,41.56,D,0,27,98
48.00658,39.11116,367,0.41,0.37,15/09/2024,1019,N20,VIIRS,h,2,308.46,9.57,D,0,25.6,93
49.77841,37.57357,367,0.4,0.37,15/09/2024,1019,N20,VIIRS,h,2,338.78,64.71,D,0,23.1,101
49.00159,33.81815,367,0.4,0.37,15/09/2024,1019,N20,VIIRS,h,2,305.62,5.01,D,0,25.5,105
49.62631,37.90646,367,0.4,0.37,15/09/2024,1019,N20,VIIRS,h,2,312.06,11.08,D,0,24,101
49.45937,37.87247,367,0.4,0.37,15/09/2024,1019,N20,VIIRS,h,2,341.4,132.39,D,0,24.7,101
48.20474,32.78191,367,0.43,0.38,15/09/2024,1019,N20,VIIRS,h,2,331.09,103.95,D,0,24.6,106
48.87292,37.19287,367,0.39,0.36,15/09/2024,1019,N20,VIIRS,h,2,331,68.49,D,0,23.6,96
48.52097,38.80896,367,0.41,0.37,15/09/2024,1019,N20,VIIRS,h,2,308.74,11.22,D,0,22.6,99
48.17376,39.07752,367,0.41,0.37,15/09/2024,1019,N20,VIIRS,h,2,347.23,88.16,D,0,25.7,95
48.17839,39.05913,367,0.41,0.37,15/09/2024,1019,N20,VIIRS,h,2,350.14,88.95,D,0,25.7,95
52.03879,32.10701,367,0.4,0.37,15/09/2024,1020,N20,VIIRS,h,2,307.54,5.07,D,0,21.5,111
52.04005,32.09408,367,0.4,0.37,15/09/2024,1020,N20,VIIRS,h,2,305.56,9.07,D,0,21.5,111
52.16603,32.46205,367,0.4,0.37,15/09/2024,1020,N20,VIIRS,h,2,309.74,31.98,D,0,22.7,112
52.24924,32.6185,367,0.39,0.37,15/09/2024,1020,N20,VIIRS,h,2,334.1,30.3,D,0,22.1,110
52.31899,32.37812,367,0.4,0.37,15/09/2024,1020,N20,VIIRS,h,2,331.34,34.34,D,0,22,110
51.445,34.16873,367,0.39,0.36,15/09/2024,1020,N20,VIIRS,h,2,346.34,47.82,D,0,23.8,109
51.44737,34.16196,367,0.39,0.36,15/09/2024,1020,N20,VIIRS,h,2,326.02,37.8,D,0,23.8,109
52.20918,33.88147,367,0.39,0.36,15/09/2024,1020,N20,VIIRS,h,2,336.92,52.65,D,0,22.1,113
50.05123,31.44636,367,0.77,0.77,15/09/2024,1200,N20,VIIRS,h,2,297.03,16.4,D,0,23,105
50.69019,31.13195,367,0.75,0.77,15/09/2024,1201,N20,VIIRS,h,2,300.89,25.19,D,0,22,110
50.69294,31.13766,367,0.75,0.77,15/09/2024,1201,N20,VIIRS,h,2,298.02,23.08,D,0,22.6,110
51.1073,29.53308,367,0.64,0.72,15/09/2024,1201,N20,VIIRS,h,2,294.49,30.41,D,0,24.2,108
50.46455,31.18775,367,0.75,0.77,15/09/2024,1201,N20,VIIRS,h,2,297.59,11.53,D,0,21.7,109
50.47169,31.18819,367,0.75,0.77,15/09/2024,1201,N20,VIIRS,h,2,295.97,21.53,D,0,21.7,109
49.37305,34.46569,367,0.6,0.71,15/09/2024,2232,N20,VIIRS,h,2,291.89,9.85,N,0,25.2,104
49.37326,34.49111,367,0.6,0.7,15/09/2024,2232,N20,VIIRS,h,2,291.56,9.07,N,0,25.2,104
49.3736,34.5332,367,0.6,0.7,15/09/2024,2232,N20,VIIRS,h,2,291.85,8.56,N,0,25.2,104
49.37475,34.46248,367,0.6,0.71,15/09/2024,2232,N20,VIIRS,h,2,293.45,13.61,N,0,25.2,104
49.37479,34.47092,367,0.6,0.71,15/09/2024,2232,N20,VIIRS,h,2,294.49,13.61,N,0,25.2,104
49.37488,34.49636,367,0.6,0.7,15/09/2024,2232,N20,VIIRS,h,2,294.61,12.16,N,0,25.2,104
49.37491,34.5048,367,0.6,0.7,15/09/2024,2232,N20,VIIRS,h,2,295.47,12.16,N,0,25.2,104
49.37502,34.53841,367,0.6,0.7,15/09/2024,2232,N20,VIIRS,h,2,291.96,17.73,N,0,25.2,104
52.04115,31.97113,367,0.77,0.78,15/09/2024,2232,N20,VIIRS,h,2,288.41,9.31,N,0,21.2,110
48.66583,39.60739,367,0.35,0.56,15/09/2024,2233,N20,VIIRS,h,2,292.77,27.24,N,0,22.4,96
48.66565,39.61219,367,0.35,0.56,15/09/2024,2233,N20,VIIRS,h,2,292.53,27.75,N,0,22.4,96
48.68227,39.59002,367,0.35,0.56,15/09/2024,2233,N20,VIIRS,h,2,292.42,5.65,N,0,21.9,96
48.67963,39.65724,367,0.34,0.56,15/09/2024,2233,N20,VIIRS,h,2,292.07,7.91,N,0,21.6,95
48.67945,39.6619,367,0.34,0.56,15/09/2024,2233,N20,VIIRS,h,2,290.61,5.18,N,0,21.6,95
48.66134,39.58731,367,0.35,0.56,15/09/2024,2233,N20,VIIRS,h,2,296.65,6.04,N,0,22.4,96
48.66116,39.5922,367,0.35,0.56,15/09/2024,2233,N20,VIIRS,h,2,294.89,8.55,N,0,22.4,96
48.66079,39.60188,367,0.35,0.56,15/09/2024,2233,N20,VIIRS,h,2,295.99,27.24,N,0,22.4,96
48.65895,39.64977,367,0.34,0.56,15/09/2024,2233,N20,VIIRS,h,2,293.09,4.89,N,0,21.6,95
48.65858,39.65923,367,0.34,0.56,15/09/2024,2233,N20,VIIRS,h,2,293.09,7.97,N,0,21.6,95
48.66571,39.60977,367,0.35,0.56,15/09/2024,2233,N20,VIIRS,h,2,293.96,30.79,N,0,22.4,96
48.66111,39.59465,367,0.35,0.56,15/09/2024,2233,N20,VIIRS,h,2,295.9,9.61,N,0,22.4,96
48.66069,39.6043,367,0.35,0.56,15/09/2024,2233,N20,VIIRS,h,2,303.51,30.79,N,0,22.4,96
48.65883,39.64733,367,0.34,0.56,15/09/2024,2233,N20,VIIRS,h,2,291.77,3.29,N,0,21.6,95
48.65862,39.65206,367,0.34,0.56,15/09/2024,2233,N20,VIIRS,h,2,292.49,5.54,N,0,21.6,95
48.65821,39.66151,367,0.34,0.56,15/09/2024,2233,N20,VIIRS,h,2,297.66,7.9,N,0,21.6,95
50.05717,36.41275,367,0.41,0.45,16/09/2024,13,N20,VIIRS,h,2,291.61,7.36,N,0,23.9,82
49.37868,34.45274,367,0.51,0.41,16/09/2024,1000,N20,VIIRS,h,2,347.74,87.93,D,0,22.8,86
49.78611,36.67772,367,0.43,0.38,16/09/2024,1000,N20,VIIRS,h,2,333.21,159.48,D,0,23.1,81
48.65689,39.6349,367,0.39,0.36,16/09/2024,1000,N20,VIIRS,h,2,312.39,17.17,D,0,24,87
48.67336,39.65076,367,0.39,0.36,16/09/2024,1000,N20,VIIRS,h,2,296.78,9.19,D,0,24.1,85
48.68625,39.62389,367,0.39,0.36,16/09/2024,1000,N20,VIIRS,h,2,358.39,198.02,D,0,24.1,85
48.68539,39.6187,367,0.39,0.36,16/09/2024,1000,N20,VIIRS,h,2,329.13,112.99,D,0,24.1,85
48.69207,39.63826,367,0.39,0.36,16/09/2024,1000,N20,VIIRS,h,2,291.98,25.64,D,0,24.1,85
48.69122,39.63306,367,0.39,0.36,16/09/2024,1000,N20,VIIRS,h,2,293.75,25.64,D,0,24.1,85
48.68352,39.58628,367,0.39,0.36,16/09/2024,1000,N20,VIIRS,h,2,339.35,68,D,0,23.6,86
48.6945,39.6353,367,0.39,0.36,16/09/2024,1000,N20,VIIRS,h,2,292.95,7.1,D,0,24.1,85
48.68502,39.57815,367,0.39,0.36,16/09/2024,1000,N20,VIIRS,h,2,340.51,139.97,D,0,23.6,86
48.69001,39.58731,367,0.39,0.36,16/09/2024,1000,N20,VIIRS,h,2,301.84,24.97,D,0,23.6,86
48.68655,39.56652,367,0.39,0.36,16/09/2024,1000,N20,VIIRS,h,2,331.51,114.56,D,0,23.6,86
48.22175,36.84486,367,0.45,0.39,16/09/2024,1000,N20,VIIRS,h,2,335.29,51.04,D,0,24.5,83
48.54573,38.41872,367,0.41,0.37,16/09/2024,1000,N20,VIIRS,h,2,303.91,5.58,D,0,21.7,88
48.55474,38.4095,367,0.41,0.37,16/09/2024,1000,N20,VIIRS,h,2,339.57,49.66,D,0,23.4,87
48.37448,36.77022,367,0.45,0.39,16/09/2024,1000,N20,VIIRS,h,2,331.59,281.04,D,0,23.5,82
48.96043,37.74129,367,0.41,0.37,16/09/2024,1000,N20,VIIRS,h,2,308.6,18.34,D,0,23.2,87
48.96277,37.73438,367,0.41,0.37,16/09/2024,1000,N20,VIIRS,h,2,310.87,18.34,D,0,23.6,88
48.96711,37.73852,367,0.41,0.37,16/09/2024,1000,N20,VIIRS,h,2,339.41,94.87,D,0,23.2,87
49.03886,36.96513,367,0.43,0.38,16/09/2024,1000,N20,VIIRS,h,2,308.02,39.71,D,0,22.9,86
48.6061,34.61251,367,0.52,0.41,16/09/2024,1000,N20,VIIRS,h,2,329.39,170.99,D,0,24,87
47.95098,38.36795,367,0.41,0.37,16/09/2024,1000,N20,VIIRS,h,2,304.14,11.22,D,0,26.8,85
47.95239,38.35596,367,0.41,0.37,16/09/2024,1000,N20,VIIRS,h,2,304.99,15.3,D,0,26.8,85
47.95766,38.36536,367,0.41,0.37,16/09/2024,1000,N20,VIIRS,h,2,308.81,25.05,D,0,26.8,85
47.96144,38.3467,367,0.41,0.37,16/09/2024,1000,N20,VIIRS,h,2,308.97,12.57,D,0,26.8,85
47.96381,38.33998,367,0.41,0.37,16/09/2024,1000,N20,VIIRS,h,2,307.35,12.57,D,0,26.8,85
48.00497,38.45034,367,0.41,0.37,16/09/2024,1000,N20,VIIRS,h,2,306.67,6.23,D,0,26.3,85
48.08011,37.20866,367,0.44,0.38,16/09/2024,1000,N20,VIIRS,h,2,329.31,115.34,D,0,24.9,83
48.35852,38.69277,367,0.4,0.37,16/09/2024,1000,N20,VIIRS,h,2,328.88,114.3,D,0,25.9,88
48.64796,39.64375,367,0.39,0.36,16/09/2024,1000,N20,VIIRS,h,2,349.27,68.59,D,0,24,87
48.64625,39.63337,367,0.39,0.36,16/09/2024,1000,N20,VIIRS,h,2,341.28,95.85,D,0,24,87
48.65123,39.64253,367,0.39,0.36,16/09/2024,1000,N20,VIIRS,h,2,316.03,68.59,D,0,24.1,85
48.65037,39.63734,367,0.39,0.36,16/09/2024,1000,N20,VIIRS,h,2,313.59,68.59,D,0,24,87
48.64951,39.63215,367,0.39,0.36,16/09/2024,1000,N20,VIIRS,h,2,337.29,95.85,D,0,24,87
48.64866,39.62696,367,0.39,0.36,16/09/2024,1000,N20,VIIRS,h,2,345.43,95.85,D,0,24,87
49.38123,34.44331,367,0.51,0.41,16/09/2024,1000,N20,VIIRS,h,2,343.52,158.33,D,0,22.8,86
49.38028,34.42221,367,0.51,0.41,16/09/2024,1000,N20,VIIRS,h,2,329.67,224.19,D,0,22.8,86
49.37807,34.43076,367,0.51,0.41,16/09/2024,1000,N20,VIIRS,h,2,334.28,224.19,D,0,22.8,86
49.37948,34.43749,367,0.51,0.41,16/09/2024,1000,N20,VIIRS,h,2,347.38,121.97,D,0,22.8,86
49.38089,34.44421,367,0.51,0.41,16/09/2024,1000,N20,VIIRS,h,2,346.01,121.97,D,0,22.8,86
49.38229,34.45095,367,0.51,0.41,16/09/2024,1000,N20,VIIRS,h,2,332.65,99.65,D,0,22.8,86
52.18842,33.80288,367,0.47,0.4,16/09/2024,1001,N20,VIIRS,h,2,339.83,191.17,D,0,20.3,86
52.19019,33.86768,367,0.47,0.4,16/09/2024,1001,N20,VIIRS,h,2,305.96,14.01,D,0,20.2,85
52.18975,33.86882,367,0.47,0.4,16/09/2024,1001,N20,VIIRS,h,2,304.1,17.97,D,0,20.2,85
52.25721,32.79245,367,0.5,0.41,16/09/2024,1001,N20,VIIRS,h,2,345.29,79.6,D,0,20,83
52.04258,32.03599,367,0.54,0.42,16/09/2024,1001,N20,VIIRS,h,2,299.29,21.6,D,0,20.1,85
52.31213,33.74268,367,0.47,0.4,16/09/2024,1001,N20,VIIRS,h,2,341.56,148.79,D,0,20,84
50.3156,31.52449,367,0.48,0.65,16/09/2024,1141,N20,VIIRS,h,2,295.69,6.29,D,0,21.4,86
49.90976,33.0121,367,0.56,0.68,16/09/2024,1141,N20,VIIRS,h,2,298.35,11.28,D,0,22.8,84
49.38137,34.43678,367,0.64,0.72,16/09/2024,1141,N20,VIIRS,h,2,293.88,31.78,D,0,22.8,86
49.38124,34.44585,367,0.64,0.72,16/09/2024,1141,N20,VIIRS,h,2,297.14,31.78,D,0,22.8,86
49.38111,34.45485,367,0.64,0.72,16/09/2024,1141,N20,VIIRS,h,2,297,17.34,D,0,22.8,86
49.36633,34.53665,367,0.65,0.73,16/09/2024,1141,N20,VIIRS,h,2,301.7,34.52,D,0,22.8,86
49.36749,34.46332,367,0.64,0.72,16/09/2024,1141,N20,VIIRS,h,2,293.52,11.48,D,0,22.8,86
48.60099,34.61933,367,0.65,0.73,16/09/2024,1141,N20,VIIRS,h,2,295.74,17.31,D,0,24,87
49.2161,35.26161,367,0.7,0.75,16/09/2024,1141,N20,VIIRS,h,2,295.52,19.33,D,0,23.4,86
49.35845,34.49934,367,0.65,0.73,16/09/2024,1141,N20,VIIRS,h,2,295.66,15.4,D,0,22.8,86
49.35855,34.49023,367,0.65,0.73,16/09/2024,1141,N20,VIIRS,h,2,296.92,22.81,D,0,22.8,86
49.35866,34.48107,367,0.64,0.72,16/09/2024,1141,N20,VIIRS,h,2,299.99,22.81,D,0,22.8,86
49.35877,34.47179,367,0.64,0.72,16/09/2024,1141,N20,VIIRS,h,2,303.57,38.97,D,0,22.8,86
49.35888,34.46254,367,0.64,0.72,16/09/2024,1141,N20,VIIRS,h,2,294.99,38.97,D,0,22.8,86
49.36477,34.53631,367,0.65,0.73,16/09/2024,1141,N20,VIIRS,h,2,300.4,23.54,D,0,22.8,86
49.36488,34.52712,367,0.65,0.73,16/09/2024,1141,N20,VIIRS,h,2,297.36,27.07,D,0,22.8,86
49.36498,34.51794,367,0.65,0.73,16/09/2024,1141,N20,VIIRS,h,2,294.3,27.07,D,0,22.8,86
49.36561,34.46292,367,0.64,0.72,16/09/2024,1141,N20,VIIRS,h,2,295.71,38.97,D,0,22.8,86
49.37121,34.56394,367,0.65,0.73,16/09/2024,1141,N20,VIIRS,h,2,296.34,22.49,D,0,24,88
49.38592,34.45486,367,0.64,0.72,16/09/2024,1141,N20,VIIRS,h,2,294.77,35.57,D,0,22.8,86
49.38601,34.44583,367,0.64,0.72,16/09/2024,1141,N20,VIIRS,h,2,296.99,35.57,D,0,22.8,86
49.3861,34.43673,367,0.64,0.72,16/09/2024,1141,N20,VIIRS,h,2,293.9,33.96,D,0,22.8,86
49.3862,34.42773,367,0.64,0.72,16/09/2024,1141,N20,VIIRS,h,2,290.63,33.96,D,0,22.8,86
50.91277,33.16756,367,0.57,0.69,16/09/2024,1142,N20,VIIRS,h,2,294.86,10.69,D,0,23.1,87
51.04295,30.64667,367,0.44,0.62,16/09/2024,1142,N20,VIIRS,h,2,300.63,26.66,D,0,22.1,86
51.23606,34.43356,367,0.65,0.73,16/09/2024,1142,N20,VIIRS,h,2,294.37,23.93,D,0,22.5,83
51.82244,33.40621,367,0.58,0.7,16/09/2024,1142,N20,VIIRS,h,2,295.68,10.67,D,0,20.3,86
51.97659,34.08355,367,0.62,0.72,16/09/2024,1142,N20,VIIRS,h,2,293.05,12.05,D,0,20.6,85
51.9733,34.07751,367,0.62,0.72,16/09/2024,1142,N20,VIIRS,h,2,294.22,13.19,D,0,20.6,85
52.0299,31.9674,367,0.51,0.66,16/09/2024,1142,N20,VIIRS,h,2,294.63,31.74,D,0,19.3,84
52.17953,33.84853,367,0.61,0.71,16/09/2024,1142,N20,VIIRS,h,2,293.07,35.49,D,0,20.2,85
52.18614,33.84915,367,0.61,0.71,16/09/2024,1142,N20,VIIRS,h,2,296.02,35.49,D,0,20.2,85
52.18364,33.85214,367,0.61,0.71,16/09/2024,1142,N20,VIIRS,h,2,296.37,27.64,D,0,20.2,85
52.20933,33.89943,367,0.61,0.71,16/09/2024,1142,N20,VIIRS,h,2,294.44,10.78,D,0,20.2,85
52.22871,32.76814,367,0.55,0.68,16/09/2024,1142,N20,VIIRS,h,2,296.53,11.86,D,0,20,83
52.24377,33.81,367,0.61,0.71,16/09/2024,1142,N20,VIIRS,h,2,294.96,12.97,D,0,20,84
49.50018,37.66859,367,0.71,0.75,16/09/2024,2213,N20,VIIRS,h,2,284.18,40.41,N,3,24.2,86
49.13124,36.68147,367,0.43,0.46,17/09/2024,941,N20,VIIRS,h,2,307.97,10.91,D,0,22.1,78
49.13259,36.66817,367,0.43,0.46,17/09/2024,941,N20,VIIRS,h,2,303.57,10.07,D,0,22.1,78
49.55306,36.78751,367,0.41,0.45,17/09/2024,941,N20,VIIRS,h,2,302.43,5.94,D,0,21.7,81
46.52178,32.46957,367,0.38,0.59,17/09/2024,941,N20,VIIRS,h,2,292.11,12.44,D,0,17.6,74
47.38657,32.38208,367,0.36,0.58,17/09/2024,941,N20,VIIRS,h,2,299.18,13.76,D,0,21.1,77
47.78883,33.1939,367,0.33,0.55,17/09/2024,941,N20,VIIRS,h,2,300.62,18.12,D,0,20.9,76
47.7877,33.18982,367,0.33,0.55,17/09/2024,941,N20,VIIRS,h,2,304.61,18.12,D,0,20.9,76
48.0089,32.95914,367,0.33,0.55,17/09/2024,941,N20,VIIRS,h,2,300.23,4.41,D,0,20.7,74
48.01719,32.94924,367,0.33,0.55,17/09/2024,941,N20,VIIRS,h,2,302.19,7.62,D,0,20.7,74
49.10581,36.81973,367,0.42,0.45,17/09/2024,941,N20,VIIRS,h,2,301.21,14.2,D,0,22.2,78
51.04813,30.637,367,0.33,0.55,17/09/2024,942,N20,VIIRS,h,2,303,5.14,D,0,15.2,76
52.24726,33.25765,367,0.48,0.48,17/09/2024,942,N20,VIIRS,h,2,301.18,45.07,D,0,13.8,78
51.59206,34.14576,367,0.46,0.47,17/09/2024,942,N20,VIIRS,h,2,306.22,30.73,D,0,16.6,80
49.88948,32.96891,367,0.58,0.52,17/09/2024,942,N20,VIIRS,h,2,300.52,12.81,D,0,18.6,73
48.22688,29.3334,367,0.46,0.64,17/09/2024,942,N20,VIIRS,h,2,293.93,6.72,D,0,15.5,68
48.85548,31.88244,367,0.34,0.56,17/09/2024,942,N20,VIIRS,h,2,299.19,6.17,D,0,18.1,69
49.3509,34.52993,367,0.51,0.5,17/09/2024,942,N20,VIIRS,h,2,301.34,21.21,D,0,19.8,75
49.35262,34.53656,367,0.51,0.5,17/09/2024,942,N20,VIIRS,h,2,297.9,14.65,D,0,20.5,77
50.05038,37.74327,367,0.55,0.43,17/09/2024,942,N20,VIIRS,h,2,308.21,24,D,0,20.8,81
50.04339,37.73064,367,0.55,0.43,17/09/2024,942,N20,VIIRS,h,2,329.91,80.6,D,0,21.3,80
50.67114,30.56427,367,0.34,0.56,17/09/2024,942,N20,VIIRS,h,2,298.24,10.22,D,0,17.4,73
51.04119,30.64934,367,0.33,0.55,17/09/2024,942,N20,VIIRS,h,2,295.87,30.91,D,0,15.2,76
51.04457,30.64152,367,0.33,0.55,17/09/2024,942,N20,VIIRS,h,2,318.46,14.09,D,0,15.2,76
51.04012,30.64814,367,0.33,0.55,17/09/2024,942,N20,VIIRS,h,2,301.71,23.33,D,0,15.2,76
51.04475,30.64472,367,0.33,0.55,17/09/2024,942,N20,VIIRS,h,2,303.7,23.33,D,0,15.2,76
46.78937,33.02689,367,0.32,0.55,17/09/2024,1121,N20,VIIRS,h,2,294.39,5.14,D,0,19.9,75
47.00047,34.16497,367,0.36,0.58,17/09/2024,1121,N20,VIIRS,h,2,291.72,13.19,D,0,24.4,76
46.49385,33.02814,367,0.32,0.54,17/09/2024,1121,N20,VIIRS,h,2,296.95,4.6,D,0,19.2,76
46.51934,32.46249,367,0.6,0.53,17/09/2024,1121,N20,VIIRS,h,2,300.01,55.61,D,0,17.6,74
47.78514,33.19433,367,0.33,0.55,17/09/2024,1122,N20,VIIRS,h,2,294.72,11.89,D,0,20.9,76
48.52026,33.43488,367,0.35,0.56,17/09/2024,1122,N20,VIIRS,h,2,303.44,15.53,D,0,20.9,70
48.63151,37.41042,367,0.53,0.67,17/09/2024,1122,N20,VIIRS,h,2,297.27,20.69,D,0,20.8,80
48.56842,32.97958,367,0.33,0.55,17/09/2024,1122,N20,VIIRS,h,2,304.82,6.98,D,0,20.5,70
49.16647,37.0018,367,0.51,0.66,17/09/2024,1122,N20,VIIRS,h,2,295.48,26.78,D,0,22.3,79
49.17269,37.00895,367,0.51,0.66,17/09/2024,1122,N20,VIIRS,h,2,292.04,22.52,D,0,22.8,80
49.30957,37.29469,367,0.53,0.67,17/09/2024,1122,N20,VIIRS,h,2,298.64,15.87,D,0,23.3,80
49.30751,37.2958,367,0.53,0.67,17/09/2024,1122,N20,VIIRS,h,2,299.45,37.37,D,0,23.3,80
49.50016,37.82029,367,0.56,0.69,17/09/2024,1122,N20,VIIRS,h,2,297.03,16.63,D,0,23.7,84
49.50015,37.81245,367,0.56,0.68,17/09/2024,1122,N20,VIIRS,h,2,295,13.52,D,0,23.4,83
49.50189,37.82196,367,0.56,0.69,17/09/2024,1122,N20,VIIRS,h,2,297.34,21.34,D,0,23.7,84
49.50191,37.8141,367,0.56,0.69,17/09/2024,1122,N20,VIIRS,h,2,294.76,21.34,D,0,23.4,83
49.50826,37.8224,367,0.56,0.69,17/09/2024,1122,N20,VIIRS,h,2,293.12,10.93,D,0,23.7,84
49.55292,37.77733,367,0.55,0.68,17/09/2024,1122,N20,VIIRS,h,2,293.29,11.33,D,0,23.5,84
49.84619,34.73812,367,0.4,0.6,17/09/2024,1122,N20,VIIRS,h,2,294.82,73.32,D,0,19.7,75
50.05637,37.77253,367,0.56,0.68,17/09/2024,1122,N20,VIIRS,h,2,296.93,33.79,D,0,20.8,81
49.96564,33.33438,367,0.35,0.57,17/09/2024,1122,N20,VIIRS,h,2,292.46,8.44,D,0,19.6,74
48.57091,32.97924,367,0.33,0.55,17/09/2024,1122,N20,VIIRS,h,2,307.12,11.52,D,0,20.5,70
50.05792,37.77174,367,0.56,0.68,17/09/2024,1122,N20,VIIRS,h,2,296.08,52.02,D,0,20.8,81
50.17057,34.7206,367,0.41,0.6,17/09/2024,1122,N20,VIIRS,h,2,297.89,9.87,D,0,19.1,73
50.35145,35.93508,367,0.46,0.64,17/09/2024,1122,N20,VIIRS,h,2,297.42,10.53,D,0,19.9,80
50.3493,35.93536,367,0.46,0.64,17/09/2024,1122,N20,VIIRS,h,2,295.96,7.73,D,0,19.9,80
50.39664,35.94014,367,0.46,0.64,17/09/2024,1122,N20,VIIRS,h,2,300.32,29.22,D,0,19.9,80
50.40265,35.94687,367,0.46,0.64,17/09/2024,1122,N20,VIIRS,h,2,295.17,8.31,D,0,19.9,80
50.42269,35.83898,367,0.46,0.63,17/09/2024,1122,N20,VIIRS,h,2,294.86,131.95,D,0,19.9,81
48.67456,35.2083,367,0.42,0.61,17/09/2024,1122,N20,VIIRS,h,2,294.55,45.5,D,0,21.7,76
48.89782,38.61488,367,0.6,0.71,17/09/2024,1122,N20,VIIRS,h,2,300.57,81.37,D,0,23.3,84
48.89617,38.61735,367,0.6,0.71,17/09/2024,1122,N20,VIIRS,h,2,292.88,69.52,D,0,23.3,84
48.85159,31.88002,367,0.59,0.53,17/09/2024,1122,N20,VIIRS,h,2,292.62,23.77,D,0,18.1,69
51.84452,33.06546,367,0.35,0.57,17/09/2024,1123,N20,VIIRS,h,2,295.45,10.29,D,0,15,80
51.84374,33.0676,367,0.35,0.57,17/09/2024,1123,N20,VIIRS,h,2,294.68,8.81,D,0,15,80
52.05828,32.17035,367,0.32,0.55,17/09/2024,1123,N20,VIIRS,h,2,297.21,4.92,D,0,15,75
52.17352,33.84094,367,0.38,0.59,17/09/2024,1123,N20,VIIRS,h,2,297.54,11.7,D,0,15.6,82
52.23064,32.39421,367,0.33,0.55,17/09/2024,1123,N20,VIIRS,h,2,293.84,5.42,D,0,15.9,76
52.29485,33.63957,367,0.37,0.58,17/09/2024,1123,N20,VIIRS,h,2,299.2,21.52,D,0,15.1,81
52.29456,33.62841,367,0.37,0.58,17/09/2024,1123,N20,VIIRS,h,2,294.62,18.04,D,0,15.1,81
52.30395,33.78545,367,0.38,0.59,17/09/2024,1123,N20,VIIRS,h,2,295.69,21.81,D,0,15.6,82
52.2733,32.57931,367,0.34,0.56,17/09/2024,1123,N20,VIIRS,h,2,293.18,7.78,D,0,15.4,78
52.2726,32.55933,367,0.34,0.56,17/09/2024,1123,N20,VIIRS,h,2,292.07,14.86,D,0,15.4,78
52.31328,33.72271,367,0.38,0.59,17/09/2024,1123,N20,VIIRS,h,2,293.48,8.16,D,0,14.1,80
51.03649,30.63098,367,0.54,0.51,17/09/2024,1123,N20,VIIRS,h,2,300.47,12.41,D,0,15.2,76
47.76628,38.07251,367,0.32,0.55,18/09/2024,922,N20,VIIRS,h,2,296.74,15.48,D,0,24.1,87
48.55989,36.95824,367,0.34,0.56,18/09/2024,922,N20,VIIRS,h,2,295.53,35.74,D,0,20.7,82
48.56704,36.96353,367,0.34,0.56,18/09/2024,922,N20,VIIRS,h,2,293.51,20.86,D,0,20.7,82
48.56306,36.88986,367,0.34,0.56,18/09/2024,922,N20,VIIRS,h,2,292.16,5.3,D,0,20.6,78
49.48006,36.67722,367,0.33,0.55,18/09/2024,923,N20,VIIRS,h,2,297.88,52.01,D,0,18.6,83
49.4685,36.71473,367,0.33,0.55,18/09/2024,923,N20,VIIRS,h,2,294.66,12.64,D,0,18.6,83
49.4649,36.70217,367,0.33,0.55,18/09/2024,923,N20,VIIRS,h,2,294.26,15.9,D,0,18.6,83
49.47077,36.70322,367,0.33,0.55,18/09/2024,923,N20,VIIRS,h,2,309.17,15.9,D,0,18.6,83
49.4684,36.69491,367,0.33,0.55,18/09/2024,923,N20,VIIRS,h,2,292.97,13.82,D,0,18.6,83
49.47775,36.68866,367,0.33,0.55,18/09/2024,923,N20,VIIRS,h,2,298.27,14.13,D,0,18.6,83
49.48368,36.6899,367,0.33,0.55,18/09/2024,923,N20,VIIRS,h,2,304.37,9.09,D,0,18.6,83
49.48248,36.68568,367,0.33,0.55,18/09/2024,923,N20,VIIRS,h,2,305.43,8.56,D,0,18.6,83
49.48127,36.68145,367,0.33,0.55,18/09/2024,923,N20,VIIRS,h,2,296.1,8.56,D,0,18.6,83
49.49322,36.70385,367,0.33,0.55,18/09/2024,923,N20,VIIRS,h,2,296.78,9.25,D,0,18.6,83
49.49202,36.69962,367,0.33,0.55,18/09/2024,923,N20,VIIRS,h,2,304.45,9.92,D,0,18.6,83
49.49081,36.69538,367,0.33,0.55,18/09/2024,923,N20,VIIRS,h,2,300.91,9.92,D,0,18.6,83
49.49671,36.69654,367,0.33,0.55,18/09/2024,923,N20,VIIRS,h,2,292.57,26.35,D,0,18.6,83
49.49551,36.69236,367,0.33,0.55,18/09/2024,923,N20,VIIRS,h,2,303.61,26.35,D,0,18.6,83
49.55181,36.79315,367,0.32,0.55,18/09/2024,923,N20,VIIRS,h,2,296.88,3.84,D,0,19,82
49.55762,36.7942,367,0.32,0.55,18/09/2024,923,N20,VIIRS,h,2,300.32,4.03,D,0,19,82
50.01775,37.77441,367,0.57,0.52,18/09/2024,923,N20,VIIRS,h,2,293.42,11.74,D,0,18.4,79
50.0201,37.76385,367,0.57,0.52,18/09/2024,923,N20,VIIRS,h,2,290.35,11.74,D,0,18.9,79
50.02451,37.76089,367,0.57,0.52,18/09/2024,923,N20,VIIRS,h,2,296.34,37.23,D,0,18.4,79
51.04597,30.64412,367,0.5,0.66,18/09/2024,924,N20,VIIRS,h,2,296.71,17.39,D,0,14.8,67
51.04064,30.64885,367,0.5,0.66,18/09/2024,924,N20,VIIRS,h,2,294.01,18.31,D,0,14.8,67
51.0384,30.64234,367,0.51,0.66,18/09/2024,924,N20,VIIRS,h,2,296.99,18.31,D,0,14.8,67
51.03619,30.6359,367,0.51,0.66,18/09/2024,924,N20,VIIRS,h,2,295.37,22.84,D,0,14.8,67
49.77781,37.60097,367,0.33,0.55,18/09/2024,1103,N20,VIIRS,h,2,291.54,12.13,D,0,18.7,82
49.78373,37.61966,367,0.33,0.55,18/09/2024,1103,N20,VIIRS,h,2,296.59,5.67,D,0,18.5,81
50.02045,37.76617,367,0.34,0.56,18/09/2024,1103,N20,VIIRS,h,2,297.44,9.74,D,0,18.4,79
50.01954,37.74307,367,0.34,0.56,18/09/2024,1103,N20,VIIRS,h,2,300.85,7.91,D,0,18.9,79
50.02582,37.77047,367,0.34,0.56,18/09/2024,1103,N20,VIIRS,h,2,291.68,4.56,D,0,18.4,79
50.02471,37.74263,367,0.34,0.56,18/09/2024,1103,N20,VIIRS,h,2,298,6.15,D,0,18.9,79
50.03007,37.74673,367,0.34,0.56,18/09/2024,1103,N20,VIIRS,h,2,296.48,7.52,D,0,18.9,79
50.03639,37.77464,367,0.34,0.56,18/09/2024,1103,N20,VIIRS,h,2,298.48,7.56,D,0,18.4,79
47.94573,38.41644,367,0.35,0.57,18/09/2024,1103,N20,VIIRS,h,2,301.55,28.15,D,0,21.7,89
48.08769,38.81567,367,0.37,0.58,18/09/2024,1103,N20,VIIRS,h,2,297.47,6.81,D,0,21.1,87
50.04137,37.7692,367,0.34,0.56,18/09/2024,1103,N20,VIIRS,h,2,297.8,5.8,D,0,18.4,79
50.0633,37.67172,367,0.34,0.56,18/09/2024,1103,N20,VIIRS,h,2,294.52,42.87,D,0,18.9,79
50.06866,37.67599,367,0.34,0.56,18/09/2024,1103,N20,VIIRS,h,2,300.67,15.03,D,0,18.9,79
50.0662,37.70713,367,0.34,0.56,18/09/2024,1103,N20,VIIRS,h,2,296.8,10.72,D,0,18.9,79
50.06496,37.67417,367,0.34,0.56,18/09/2024,1103,N20,VIIRS,h,2,297.8,27.14,D,0,18.9,79
50.07014,37.67387,367,0.34,0.56,18/09/2024,1103,N20,VIIRS,h,2,297.57,27.14,D,0,18.9,79
50.06996,37.66925,367,0.34,0.56,18/09/2024,1103,N20,VIIRS,h,2,299.87,27.14,D,0,18.9,79
49.58759,32.00109,367,0.39,0.59,19/09/2024,57,N20,VIIRS,h,2,281.57,6.76,N,0,14.3,60
48.01432,39.16768,367,0.46,0.63,19/09/2024,903,N20,VIIRS,h,2,303.86,16.18,D,0,17.3,66
48.02826,39.1913,367,0.45,0.63,19/09/2024,903,N20,VIIRS,h,2,301.75,27.45,D,0,18.4,63
48.02662,39.18609,367,0.45,0.63,19/09/2024,903,N20,VIIRS,h,2,301.36,42.85,D,0,17.3,66
48.02494,39.1808,367,0.45,0.63,19/09/2024,903,N20,VIIRS,h,2,308.38,42.85,D,0,17.3,66
48.03361,39.18777,367,0.45,0.63,19/09/2024,903,N20,VIIRS,h,2,302.39,27.45,D,0,18.4,63
48.03025,39.17713,367,0.45,0.63,19/09/2024,903,N20,VIIRS,h,2,306.96,42.85,D,0,17.3,66
48.00169,39.14828,367,0.46,0.63,19/09/2024,903,N20,VIIRS,h,2,305,23.3,D,0,17.3,66
47.77915,37.55246,367,0.54,0.68,19/09/2024,903,N20,VIIRS,h,2,297.9,11.37,D,0,15.9,71
47.77813,37.55241,367,0.54,0.68,19/09/2024,903,N20,VIIRS,h,2,298.48,9.04,D,0,15.9,71
48.00355,39.15412,367,0.46,0.63,19/09/2024,903,N20,VIIRS,h,2,301.06,16.63,D,0,17.3,66
48.03545,39.17314,367,0.45,0.63,19/09/2024,903,N20,VIIRS,h,2,299.11,12.99,D,0,17.3,66
50.38602,36.07058,367,0.5,0.66,19/09/2024,904,N20,VIIRS,h,2,298.19,11.09,D,0,12.8,63
49.26548,40.00502,367,0.38,0.59,19/09/2024,904,N20,VIIRS,h,2,300.9,8.45,D,0,12.8,63
47.91197,37.34726,367,0.55,0.68,19/09/2024,904,N20,VIIRS,h,2,301.97,32.46,D,0,14.4,68
47.91997,37.30819,367,0.55,0.68,19/09/2024,904,N20,VIIRS,h,2,298.36,25.78,D,0,14.4,68
47.78997,36.90306,367,0.58,0.69,19/09/2024,904,N20,VIIRS,h,2,295.84,10.04,D,0,16.7,64
47.91742,37.3054,367,0.55,0.68,19/09/2024,904,N20,VIIRS,h,2,303.75,23.34,D,0,14.4,68
47.79132,36.89772,367,0.58,0.69,19/09/2024,904,N20,VIIRS,h,2,299.78,18.92,D,0,16.7,64
49.26238,40.00454,367,0.38,0.59,19/09/2024,904,N20,VIIRS,h,2,301.88,6.84,D,0,12.8,63
49.25937,39.99466,367,0.38,0.59,19/09/2024,904,N20,VIIRS,h,2,305.72,6.84,D,0,12.8,63
49.25795,39.99001,367,0.38,0.59,19/09/2024,904,N20,VIIRS,h,2,305.21,6.84,D,0,12.8,63
48.90187,38.60697,367,0.45,0.63,19/09/2024,904,N20,VIIRS,h,2,300.42,7.12,D,0,14.2,69
49.71702,38.49033,367,0.43,0.62,19/09/2024,904,N20,VIIRS,h,2,304.59,26.8,D,0,13,59
49.75351,37.73833,367,0.46,0.63,19/09/2024,904,N20,VIIRS,h,2,298.9,7.18,D,0,13.1,61
49.75368,37.73672,367,0.46,0.63,19/09/2024,904,N20,VIIRS,h,2,300.66,11.65,D,0,13.1,61
49.457,36.72131,367,0.51,0.66,19/09/2024,904,N20,VIIRS,h,2,295.42,11.88,D,0,14,65
49.46444,36.72287,367,0.51,0.66,19/09/2024,904,N20,VIIRS,h,2,297.93,15.78,D,0,14,65
49.85766,37.87661,367,0.45,0.63,19/09/2024,904,N20,VIIRS,h,2,298.32,11.28,D,0,13.2,60
49.50399,36.67617,367,0.51,0.66,19/09/2024,904,N20,VIIRS,h,2,298.53,8.37,D,0,13.7,64
50.01146,37.78377,367,0.44,0.63,19/09/2024,904,N20,VIIRS,h,2,299.72,8.99,D,0,12.6,54
50.01257,37.78126,367,0.44,0.63,19/09/2024,904,N20,VIIRS,h,2,302.11,11.69,D,0,12.6,54
50.07566,37.67495,367,0.45,0.63,19/09/2024,904,N20,VIIRS,h,2,302.08,9.62,D,0,12.6,54
50.07216,37.67789,367,0.45,0.63,19/09/2024,904,N20,VIIRS,h,2,302.37,9.13,D,0,12.6,54
49.83808,36.4543,367,0.51,0.66,19/09/2024,904,N20,VIIRS,h,2,295.5,20.24,D,0,13.6,63
50.39173,36.0745,367,0.5,0.66,19/09/2024,904,N20,VIIRS,h,2,296.03,16.31,D,0,12.8,63
50.3882,36.07692,367,0.5,0.66,19/09/2024,904,N20,VIIRS,h,2,298.3,11.09,D,0,12.8,63
50.24266,37.51616,367,0.45,0.63,19/09/2024,904,N20,VIIRS,h,2,302.2,24.76,D,0,12.3,58
50.24088,37.51064,367,0.45,0.63,19/09/2024,904,N20,VIIRS,h,2,307.66,24.76,D,0,12.3,58
52.18665,34.0318,367,0.52,0.67,19/09/2024,905,N20,VIIRS,h,2,295.44,13.91,D,0,9.4,56
51.04586,30.64504,367,0.76,0.77,19/09/2024,905,N20,VIIRS,h,2,305.68,12.66,D,0,11.9,61
52.28821,33.64749,367,0.53,0.67,19/09/2024,905,N20,VIIRS,h,2,300.42,11.22,D,0,9.2,55
52.2852,32.38832,367,0.59,0.7,19/09/2024,905,N20,VIIRS,h,2,297.24,15.95,D,0,10.3,55
47.77299,37.5423,367,0.39,0.44,19/09/2024,1044,N20,VIIRS,h,2,308.43,8.28,D,0,16.7,71
48.01874,39.16943,367,0.46,0.47,19/09/2024,1044,N20,VIIRS,h,2,330.17,46.88,D,0,17.3,66
48.03314,39.18607,367,0.46,0.47,19/09/2024,1044,N20,VIIRS,h,2,309.5,32.53,D,0,18.4,63
48.22923,37.68587,367,0.4,0.44,19/09/2024,1044,N20,VIIRS,h,2,305.25,15.2,D,0,14.9,65
48.41759,38.10773,367,0.42,0.45,19/09/2024,1044,N20,VIIRS,h,2,308.66,14.06,D,0,13.3,70
49.85742,34.72078,367,0.48,0.4,19/09/2024,1044,N20,VIIRS,h,2,300.57,11.76,D,0,13.6,61
51.04052,30.63401,367,0.39,0.37,19/09/2024,1045,N20,VIIRS,h,2,325.83,10.41,D,0,11.9,61
51.04459,30.63842,367,0.39,0.37,19/09/2024,1045,N20,VIIRS,h,2,331.52,11.96,D,0,11.9,61
51.0479,30.63729,367,0.39,0.37,19/09/2024,1045,N20,VIIRS,h,2,328.36,11.99,D,0,11.9,61
51.04713,30.63173,367,0.39,0.37,19/09/2024,1045,N20,VIIRS,h,2,316.97,14.75,D,0,11.9,61
52.34035,33.32835,367,0.46,0.39,19/09/2024,1045,N20,VIIRS,h,2,305.62,18.8,D,0,8.8,45
52.27565,32.38108,367,0.43,0.38,19/09/2024,1045,N20,VIIRS,h,2,327.39,35.93,D,0,10.3,55
51.03564,30.63371,367,0.4,0.44,20/09/2024,38,N20,VIIRS,h,2,304.84,7.36,N,0,10.1,11
47.87343,33.44561,367,0.32,0.55,20/09/2024,38,N20,VIIRS,h,2,280.42,7.72,N,2,13.5,35
49.54599,36.80122,367,0.77,0.77,20/09/2024,845,N20,VIIRS,h,2,294.14,27.18,D,0,11.5,24
48.38003,37.68395,367,0.79,0.78,20/09/2024,845,N20,VIIRS,h,2,296.96,21.74,D,0,10.3,32
48.88103,38.42318,367,0.71,0.75,20/09/2024,845,N20,VIIRS,h,2,291.92,17.15,D,0,10,24
49.00838,37.98857,367,0.73,0.76,20/09/2024,845,N20,VIIRS,h,2,294.23,14.21,D,0,10.9,31
49.00661,37.98336,367,0.73,0.76,20/09/2024,845,N20,VIIRS,h,2,295.32,20.19,D,0,10.9,31
50.28057,36.81455,367,0.72,0.76,20/09/2024,845,N20,VIIRS,h,2,295.27,38.76,D,0,10.4,15
50.28274,36.81842,367,0.72,0.76,20/09/2024,846,N20,VIIRS,h,2,290.02,28.23,D,0,10.4,15
50.39281,35.93106,367,0.77,0.77,20/09/2024,846,N20,VIIRS,h,2,291.24,11.33,D,0,12.2,21
46.29077,33.20499,367,0.4,0.37,20/09/2024,1024,N20,VIIRS,h,2,311.6,14.18,D,0,15.5,41
48.9833,35.63966,367,0.39,0.36,20/09/2024,1025,N20,VIIRS,h,2,303.56,7.1,D,0,10.7,33
51.04956,30.63519,367,0.41,0.37,20/09/2024,1026,N20,VIIRS,h,2,313.19,9.29,D,0,10.1,11
51.05059,30.64087,367,0.41,0.37,20/09/2024,1026,N20,VIIRS,h,2,309.75,15.16,D,0,10.1,11
51.04625,30.63669,367,0.41,0.37,20/09/2024,1026,N20,VIIRS,h,2,318.37,9.29,D,0,10.1,11
51.04728,30.64237,367,0.41,0.37,20/09/2024,1026,N20,VIIRS,h,2,317.24,15.16,D,0,10.1,11
51.0353,30.63553,367,0.41,0.37,20/09/2024,1026,N20,VIIRS,h,2,313.58,7.96,D,0,10.1,11
51.04872,30.63947,367,0.43,0.38,21/09/2024,19,N20,VIIRS,h,2,311.58,8.85,N,0,6.9,11
46.42829,34.9449,367,0.79,0.78,21/09/2024,1146,N20,VIIRS,h,2,298.98,127.73,D,0,9.8,55
47.74837,32.90267,367,0.64,0.72,21/09/2024,1147,N20,VIIRS,h,2,300.16,16.92,D,0,12.2,36
52.28233,32.56486,367,0.63,0.72,21/09/2024,1148,N20,VIIRS,h,2,293.08,100.59,D,0,7.4,321
51.05031,30.64554,367,0.51,0.66,21/09/2024,1148,N20,VIIRS,h,2,303.58,17.24,D,0,6.9,11
52.24132,32.45427,367,0.62,0.71,21/09/2024,1148,N20,VIIRS,h,2,297.83,14.51,D,0,7.2,322
52.24782,32.46394,367,0.62,0.71,21/09/2024,1148,N20,VIIRS,h,2,293.8,26.71,D,0,7.2,322
52.27512,32.41904,367,0.62,0.71,21/09/2024,1148,N20,VIIRS,h,2,292.61,11.52,D,0,7.2,322
52.29308,32.5506,367,0.63,0.72,21/09/2024,1148,N20,VIIRS,h,2,295.41,101.4,D,0,7.4,321
52.289,32.56528,367,0.63,0.72,21/09/2024,1148,N20,VIIRS,h,2,290.73,100.59,D,0,7.4,321
46.6031,32.30898,367,0.35,0.57,22/09/2024,1127,N20,VIIRS,h,2,301.48,8.16,D,0,11.7,43
46.38279,34.35808,367,0.44,0.62,22/09/2024,1127,N20,VIIRS,h,2,305.81,11.77,D,0,11.3,45
46.95055,33.87205,367,0.42,0.61,22/09/2024,1128,N20,VIIRS,h,2,303.74,22.63,D,0,11.7,40
50.40936,37.28703,367,0.62,0.71,22/09/2024,1128,N20,VIIRS,h,2,296.15,14.01,D,0,9.5,12
50.32196,37.02523,367,0.6,0.71,22/09/2024,1128,N20,VIIRS,h,2,296.64,21.46,D,0,8.9,10
49.74409,37.71793,367,0.65,0.73,22/09/2024,1128,N20,VIIRS,h,2,296.89,14.38,D,0,9.2,7
48.75331,38.21883,367,0.68,0.74,22/09/2024,1128,N20,VIIRS,h,2,297.85,17.34,D,0,6.2,25
48.47155,31.52192,367,0.33,0.55,22/09/2024,1128,N20,VIIRS,h,2,299.18,5.65,D,0,9.7,26
48.40225,38.25597,367,0.68,0.74,22/09/2024,1128,N20,VIIRS,h,2,298.53,13.3,D,0,7,52
48.40549,37.48754,367,0.63,0.72,22/09/2024,1128,N20,VIIRS,h,2,296.27,15.44,D,0,6.7,38
48.40915,37.48759,367,0.63,0.72,22/09/2024,1128,N20,VIIRS,h,2,298.32,13.41,D,0,6.7,38
48.01443,37.17236,367,0.61,0.71,22/09/2024,1128,N20,VIIRS,h,2,303.11,51.12,D,0,7.9,52
47.8716,37.18482,367,0.61,0.71,22/09/2024,1128,N20,VIIRS,h,2,299.43,22.52,D,0,7.8,53
47.76277,33.40768,367,0.4,0.6,22/09/2024,1128,N20,VIIRS,h,2,304.07,18.06,D,0,9.3,40
47.77696,34.21434,367,0.44,0.62,22/09/2024,1128,N20,VIIRS,h,2,299.82,15.64,D,0,10.8,37
47.77117,34.21466,367,0.44,0.62,22/09/2024,1128,N20,VIIRS,h,2,303.94,17.4,D,0,10.8,37
47.7713,34.2174,367,0.44,0.62,22/09/2024,1128,N20,VIIRS,h,2,301.06,18.85,D,0,10.8,37
47.37216,35.86753,367,0.52,0.67,22/09/2024,1128,N20,VIIRS,h,2,302.95,16.21,D,0,9.4,50
47.36792,35.86956,367,0.52,0.67,22/09/2024,1128,N20,VIIRS,h,2,302.74,19.82,D,0,9.4,50
47.33041,35.84911,367,0.52,0.67,22/09/2024,1128,N20,VIIRS,h,2,303.16,8.42,D,0,11.1,46
51.05184,30.86781,367,0.32,0.55,22/09/2024,1129,N20,VIIRS,h,2,296.67,9.47,D,0,8,19
51.00191,31.21148,367,0.34,0.56,22/09/2024,1129,N20,VIIRS,h,2,296.72,10.14,D,0,8.8,14
46.64937,33.12148,367,0.49,0.65,23/09/2024,928,N20,VIIRS,h,2,296.09,21.59,D,3,11.6,41
46.7498,33.77148,367,0.46,0.63,23/09/2024,928,N20,VIIRS,h,2,302.35,9.26,D,0,10.3,46
46.74906,33.77056,367,0.46,0.63,23/09/2024,928,N20,VIIRS,h,2,303.32,11.39,D,0,10.3,46
47.45617,36.49276,367,0.33,0.55,23/09/2024,928,N20,VIIRS,h,2,304.84,12.34,D,0,11.2,62
47.45844,36.50087,367,0.33,0.55,23/09/2024,928,N20,VIIRS,h,2,306.07,8.29,D,0,11.2,62
46.22088,33.06599,367,0.51,0.66,23/09/2024,928,N20,VIIRS,h,2,301.04,14.21,D,0,9.8,37
46.2153,33.06966,367,0.51,0.66,23/09/2024,928,N20,VIIRS,h,2,300.59,14.7,D,0,9.8,37
48.42072,34.92992,367,0.36,0.57,23/09/2024,929,N20,VIIRS,h,2,294.5,8.56,D,0,11.1,55
50.2839,37.03992,367,0.52,0.5,23/09/2024,929,N20,VIIRS,h,2,296.82,15.47,D,0,13,73
51.0546,30.64148,367,0.44,0.62,23/09/2024,930,N20,VIIRS,h,2,299.72,13.59,D,0,8.7,87
52.30399,32.36147,367,0.34,0.56,23/09/2024,930,N20,VIIRS,h,2,292,10.7,D,0,9.2,80
52.30666,32.36086,367,0.34,0.56,23/09/2024,930,N20,VIIRS,h,2,290.43,6.64,D,0,9.2,80
52.28903,32.51479,367,0.34,0.56,23/09/2024,930,N20,VIIRS,h,2,294.2,13.58,D,0,9.2,80
51.99932,32.00667,367,0.36,0.57,23/09/2024,930,N20,VIIRS,h,2,292.52,22.99,D,0,9.6,77
49.1559,37.72639,367,0.39,0.59,23/09/2024,1109,N20,VIIRS,h,2,298.77,11.42,D,0,14.9,71
49.34224,38.13858,367,0.41,0.61,23/09/2024,1109,N20,VIIRS,h,2,300.15,8.74,D,0,13.6,62
49.40492,37.76247,367,0.39,0.6,23/09/2024,1109,N20,VIIRS,h,2,300.06,8.08,D,0,15.1,67
49.48707,37.95884,367,0.4,0.6,23/09/2024,1109,N20,VIIRS,h,2,303.49,10.08,D,0,14.9,66
49.49265,37.95846,367,0.4,0.6,23/09/2024,1109,N20,VIIRS,h,2,300.31,5.73,D,0,14.9,66
49.75469,38.05147,367,0.41,0.6,23/09/2024,1109,N20,VIIRS,h,2,297.39,7.45,D,0,15,69
49.75805,38.05025,367,0.41,0.6,23/09/2024,1109,N20,VIIRS,h,2,295.82,7.75,D,0,15,69
49.76419,38.07286,367,0.41,0.61,23/09/2024,1109,N20,VIIRS,h,2,298.98,9.63,D,0,15,69
50.27083,37.04958,367,0.37,0.58,23/09/2024,1109,N20,VIIRS,h,2,290.61,8.28,D,0,13,73
50.28685,37.04366,367,0.37,0.58,23/09/2024,1109,N20,VIIRS,h,2,293.46,8.74,D,0,13,73
47.86332,37.29798,367,0.37,0.58,23/09/2024,1109,N20,VIIRS,h,2,301.1,9.69,D,0,10.1,59
47.86609,36.81298,367,0.35,0.57,23/09/2024,1109,N20,VIIRS,h,2,301.82,9.06,D,0,10.8,59
47.87152,36.81728,367,0.35,0.57,23/09/2024,1109,N20,VIIRS,h,2,302.25,12.87,D,0,10.8,59
47.87676,36.81683,367,0.35,0.57,23/09/2024,1109,N20,VIIRS,h,2,300.63,12.87,D,0,10.8,59
48.03596,37.24483,367,0.36,0.58,23/09/2024,1109,N20,VIIRS,h,2,301.5,6.1,D,0,12.2,52
48.0565,37.35823,367,0.37,0.58,23/09/2024,1109,N20,VIIRS,h,2,300.88,5.36,D,0,12.6,52
48.08688,37.23389,367,0.36,0.58,23/09/2024,1109,N20,VIIRS,h,2,300.55,11.65,D,0,12.7,56
48.10126,37.18767,367,0.36,0.58,23/09/2024,1109,N20,VIIRS,h,2,304,7.56,D,0,12.7,56
47.79909,37.23969,367,0.36,0.58,23/09/2024,1109,N20,VIIRS,h,2,300.31,5.46,D,0,9.9,63
47.71265,36.672,367,0.34,0.56,23/09/2024,1109,N20,VIIRS,h,2,300.84,8.64,D,0,11.5,61
47.66285,36.72704,367,0.34,0.56,23/09/2024,1109,N20,VIIRS,h,2,303.72,15.48,D,0,11.5,61
48.17505,37.21945,367,0.36,0.58,23/09/2024,1109,N20,VIIRS,h,2,301.51,10.47,D,0,12.7,57
48.17487,37.21458,367,0.36,0.58,23/09/2024,1109,N20,VIIRS,h,2,303.46,10.47,D,0,12.7,57
48.62105,37.36819,367,0.37,0.58,23/09/2024,1109,N20,VIIRS,h,2,299.66,18.25,D,0,11.2,56
48.78837,37.60352,367,0.38,0.59,23/09/2024,1109,N20,VIIRS,h,2,308.89,16.95,D,0,12.9,62
48.79385,37.60342,367,0.38,0.59,23/09/2024,1109,N20,VIIRS,h,2,301.71,16.34,D,0,12.9,62
48.78884,37.60539,367,0.38,0.59,23/09/2024,1109,N20,VIIRS,h,2,306.71,9.45,D,0,12.9,62
48.79432,37.60528,367,0.38,0.59,23/09/2024,1109,N20,VIIRS,h,2,299.04,9.45,D,0,12.9,62
48.90695,38.04767,367,0.4,0.6,23/09/2024,1109,N20,VIIRS,h,2,300.76,18.53,D,0,12.8,65
48.9053,38.04667,367,0.4,0.6,23/09/2024,1109,N20,VIIRS,h,2,302.93,8.89,D,0,12.8,65
48.63267,38.05647,367,0.42,0.61,24/09/2024,910,N20,VIIRS,h,2,301.27,16.08,D,0,10.3,88
48.92914,39.02968,367,0.37,0.58,24/09/2024,910,N20,VIIRS,h,2,302.58,7.09,D,0,10.9,85
48.21227,37.81948,367,0.44,0.62,24/09/2024,910,N20,VIIRS,h,2,299.81,6.52,D,0,10.1,84
47.34904,35.68602,367,0.58,0.7,24/09/2024,910,N20,VIIRS,h,2,301.55,63.81,D,0,7.8,88
47.34697,35.68995,367,0.58,0.7,24/09/2024,910,N20,VIIRS,h,2,297.15,22.15,D,0,7.8,88
49.68394,38.18442,367,0.38,0.59,24/09/2024,910,N20,VIIRS,h,2,298.47,8.7,D,0,10.7,92
49.6889,38.181,367,0.38,0.59,24/09/2024,910,N20,VIIRS,h,2,298.52,8.47,D,0,10.7,92
49.75115,37.87044,367,0.39,0.59,24/09/2024,910,N20,VIIRS,h,2,300.82,11.55,D,0,12.2,101
49.7546,37.86189,367,0.39,0.59,24/09/2024,910,N20,VIIRS,h,2,298.35,21.53,D,0,12.2,101
48.95363,35.27886,367,0.53,0.67,24/09/2024,910,N20,VIIRS,h,2,298.8,20.11,D,0,11.3,102
48.95919,35.27463,367,0.53,0.67,24/09/2024,910,N20,VIIRS,h,2,300.42,69.36,D,0,11.3,102
48.97547,38.98688,367,0.37,0.58,24/09/2024,910,N20,VIIRS,h,2,301.01,6.42,D,0,10.9,85
48.99737,37.41492,367,0.43,0.62,24/09/2024,910,N20,VIIRS,h,2,298.44,17.1,D,0,10.7,96
48.99441,37.41491,367,0.43,0.62,24/09/2024,910,N20,VIIRS,h,2,303.43,11.81,D,0,10.7,96
47.95839,34.15651,367,0.64,0.72,24/09/2024,910,N20,VIIRS,h,2,298.98,10.59,D,0,9.1,104
48.08649,35.44485,367,0.56,0.69,24/09/2024,910,N20,VIIRS,h,2,296.66,11.5,D,0,11.4,96
48.29641,36.57431,367,0.49,0.65,24/09/2024,910,N20,VIIRS,h,2,300.71,11.88,D,0,10.7,88
48.62864,37.72881,367,0.43,0.62,24/09/2024,910,N20,VIIRS,h,2,300.21,8.19,D,0,11.4,88
48.63068,37.72618,367,0.43,0.62,24/09/2024,910,N20,VIIRS,h,2,299.37,8.04,D,0,11.4,88
48.74496,38.13897,367,0.41,0.61,24/09/2024,910,N20,VIIRS,h,2,301.4,7.8,D,0,11.7,88
51.41879,34.21657,367,0.47,0.64,24/09/2024,911,N20,VIIRS,h,2,298.28,9.47,D,0,12.1,128
51.42349,34.2137,367,0.47,0.64,24/09/2024,911,N20,VIIRS,h,2,292.1,6.44,D,0,12.1,128
49.78795,37.88888,367,0.49,0.49,24/09/2024,1050,N20,VIIRS,h,2,313.72,16.81,D,0,12.2,101
47.89387,36.81942,367,0.42,0.45,24/09/2024,1050,N20,VIIRS,h,2,303.48,7.8,D,0,10.1,93
49.38329,37.84568,367,0.48,0.48,24/09/2024,1050,N20,VIIRS,h,2,301.99,14.84,D,0,11.7,96
48.7072,38.09794,367,0.49,0.48,24/09/2024,1050,N20,VIIRS,h,2,305.62,15.85,D,0,10.2,87
48.70496,38.09783,367,0.49,0.48,24/09/2024,1050,N20,VIIRS,h,2,306.04,14.22,D,0,10.2,87
48.78661,37.60379,367,0.46,0.47,24/09/2024,1050,N20,VIIRS,h,2,311.81,13.35,D,0,10.6,85
48.78651,37.60215,367,0.46,0.47,24/09/2024,1050,N20,VIIRS,h,2,312.49,14.06,D,0,10.6,85
48.92884,39.02957,367,0.54,0.51,24/09/2024,1050,N20,VIIRS,h,2,303.47,8.62,D,0,10.9,85
52.25114,32.48138,367,0.48,0.4,24/09/2024,1051,N20,VIIRS,h,2,303.74,30.16,D,0,11.8,147
51.427,34.21436,367,0.54,0.42,24/09/2024,1051,N20,VIIRS,h,2,329.7,241.91,D,0,12.1,128
51.04966,30.63943,367,0.42,0.38,24/09/2024,1051,N20,VIIRS,h,2,324.26,7.57,D,0,10.6,141
51.05308,30.63837,367,0.42,0.38,24/09/2024,1051,N20,VIIRS,h,2,324.12,7.32,D,0,10.6,141
50.21392,37.58048,367,0.59,0.7,25/09/2024,851,N20,VIIRS,h,2,297.04,11.99,D,0,11.2,123
49.87831,38.015,367,0.59,0.7,25/09/2024,851,N20,VIIRS,h,2,296.72,17.97,D,0,12.8,124
49.87692,38.01824,367,0.59,0.7,25/09/2024,851,N20,VIIRS,h,2,295.26,13.22,D,0,12.8,124
48.87309,37.86871,367,0.65,0.73,25/09/2024,851,N20,VIIRS,h,2,295.82,9.97,D,0,9.6,102
48.86577,38.03854,367,0.64,0.72,25/09/2024,851,N20,VIIRS,h,2,303.17,23.01,D,0,9.6,101
48.92013,38.71024,367,0.6,0.7,25/09/2024,851,N20,VIIRS,h,2,299.05,11.84,D,0,11.8,105
48.92507,38.70811,367,0.6,0.7,25/09/2024,851,N20,VIIRS,h,2,298.67,10.83,D,0,11.8,105
48.92765,38.71543,367,0.6,0.7,25/09/2024,851,N20,VIIRS,h,2,296.87,10.83,D,0,11.8,105
48.92192,38.72018,367,0.6,0.7,25/09/2024,851,N20,VIIRS,h,2,302.64,10.83,D,0,11.8,105
50.31193,37.41322,367,0.6,0.7,25/09/2024,851,N20,VIIRS,h,2,296.67,14.7,D,0,12.1,126
50.30937,37.40976,367,0.6,0.7,25/09/2024,851,N20,VIIRS,h,2,297.98,9.91,D,0,12.1,126
47.45701,35.57365,367,0.4,0.37,25/09/2024,1031,N20,VIIRS,h,2,332.26,37.95,D,0,9.1,91
48.10023,37.73085,367,0.45,0.39,25/09/2024,1031,N20,VIIRS,h,2,334.49,50.27,D,0,10.5,103
48.10379,37.72995,367,0.45,0.39,25/09/2024,1031,N20,VIIRS,h,2,353.81,99.44,D,0,10.5,103
49.46943,37.66497,367,0.47,0.39,25/09/2024,1031,N20,VIIRS,h,2,330.01,84.01,D,0,10.5,116
48.92143,38.7052,367,0.5,0.41,25/09/2024,1031,N20,VIIRS,h,2,310.67,10.87,D,0,11.8,105
52.3264,33.67685,367,0.4,0.37,25/09/2024,1032,N20,VIIRS,h,2,301.24,8.84,D,0,16.8,166
52.33872,33.76962,367,0.4,0.37,25/09/2024,1032,N20,VIIRS,h,2,303.48,7.43,D,0,17.5,165
52.00689,32.02213,367,0.38,0.36,25/09/2024,1032,N20,VIIRS,h,2,325.16,66.18,D,0,15.3,172
52.35614,33.76956,367,0.4,0.37,25/09/2024,1032,N20,VIIRS,h,2,306.52,6.67,D,0,16.2,165
47.86488,33.42891,367,0.48,0.64,25/09/2024,2245,N20,VIIRS,h,2,285.02,7.56,N,2,9.3,136
47.86791,36.84986,367,0.33,0.55,25/09/2024,2245,N20,VIIRS,h,2,281.02,5.98,N,0,9.7,99
48.88372,32.9062,367,0.75,0.77,26/09/2024,1153,N20,VIIRS,h,2,291.91,26.64,D,0,14.8,157
48.00769,29.11328,367,0.35,0.57,27/09/2024,954,N20,VIIRS,h,2,294.5,13.3,D,0,14.9,180
45.25932,28.73693,367,0.54,0.51,27/09/2024,1133,N20,VIIRS,h,2,301.7,20.44,D,0,17.9,168
47.01693,33.40545,367,0.47,0.64,27/09/2024,1134,N20,VIIRS,h,2,296.8,9.03,D,0,10.7,171
47.02887,33.4051,367,0.47,0.64,27/09/2024,1134,N20,VIIRS,h,2,297.45,19.36,D,0,11.1,171
48.1074,32.39174,367,0.43,0.62,27/09/2024,1134,N20,VIIRS,h,2,294.57,6.98,D,0,15.1,185
50.32407,30.88309,367,0.38,0.59,27/09/2024,1135,N20,VIIRS,h,2,299.76,48.83,D,0,16.4,182
50.32281,30.88457,367,0.38,0.58,27/09/2024,1135,N20,VIIRS,h,2,295.9,26.92,D,0,16.4,182
50.0762,31.09774,367,0.38,0.59,27/09/2024,1135,N20,VIIRS,h,2,292.2,9.63,D,0,17.7,184
50.07072,31.09812,367,0.38,0.59,27/09/2024,1135,N20,VIIRS,h,2,296.84,9.76,D,0,18.4,187
47.555,36.49948,367,0.56,0.51,28/09/2024,934,N20,VIIRS,h,2,300.92,13.04,D,0,14.2,118
47.55056,36.50202,367,0.56,0.51,28/09/2024,934,N20,VIIRS,h,2,301.74,9.46,D,0,14.2,118
50.12709,32.13209,367,0.36,0.57,28/09/2024,935,N20,VIIRS,h,2,297.52,14.21,D,0,17.7,176
49.31861,37.62117,367,0.45,0.47,28/09/2024,935,N20,VIIRS,h,2,301.38,16.6,D,3,17.3,144
47.89592,33.07093,367,0.38,0.59,28/09/2024,935,N20,VIIRS,h,2,300.7,8.23,D,0,12.6,147
50.53456,30.92591,367,0.39,0.59,28/09/2024,936,N20,VIIRS,h,2,294.3,9.17,D,0,16.1,180
48.91032,37.90595,367,0.47,0.64,28/09/2024,1115,N20,VIIRS,h,2,299.94,8.01,D,0,14.2,139
47.7095,36.67556,367,0.41,0.6,28/09/2024,1115,N20,VIIRS,h,2,302.11,8.39,D,0,14.1,118
47.70966,36.681,367,0.41,0.6,28/09/2024,1115,N20,VIIRS,h,2,300.9,8.39,D,0,14.1,118
47.59845,36.31499,367,0.39,0.59,28/09/2024,1115,N20,VIIRS,h,2,300.79,10,D,0,13.5,119
47.58604,37.22046,367,0.43,0.62,28/09/2024,1115,N20,VIIRS,h,2,300.78,13.71,D,0,15.6,118
47.56024,36.50051,367,0.4,0.6,28/09/2024,1115,N20,VIIRS,h,2,299.6,8.69,D,0,14.2,118
47.58044,37.2264,367,0.43,0.62,28/09/2024,1115,N20,VIIRS,h,2,300.93,13.71,D,0,15.6,118
47.55469,36.50076,367,0.4,0.6,28/09/2024,1115,N20,VIIRS,h,2,302.46,7.62,D,0,14.2,118
47.54374,36.50669,367,0.4,0.6,28/09/2024,1115,N20,VIIRS,h,2,302.39,17.39,D,0,14.2,121
48.91509,38.77592,367,0.51,0.66,28/09/2024,1115,N20,VIIRS,h,2,298.94,22.87,D,0,18,130
48.9861,35.29338,367,0.36,0.57,28/09/2024,1115,N20,VIIRS,h,2,301.97,30.12,D,0,15.7,153
48.99141,35.29303,367,0.36,0.57,28/09/2024,1115,N20,VIIRS,h,2,307.85,30.12,D,0,15.7,153
48.99709,35.30267,367,0.36,0.57,28/09/2024,1115,N20,VIIRS,h,2,303.8,7.52,D,0,15.7,153
49.26571,38.29874,367,0.49,0.65,28/09/2024,1115,N20,VIIRS,h,2,301.99,18.42,D,0,17.6,141
49.29824,37.63237,367,0.46,0.63,28/09/2024,1115,N20,VIIRS,h,2,297.29,12.64,D,0,17.3,144
49.29621,37.62922,367,0.46,0.63,28/09/2024,1115,N20,VIIRS,h,2,305.73,7.96,D,0,17.3,144
48.2634,36.89474,367,0.42,0.61,28/09/2024,1115,N20,VIIRS,h,2,302.56,6.32,D,0,14.2,133
48.45745,37.87035,367,0.47,0.64,28/09/2024,1115,N20,VIIRS,h,2,299.34,9.78,D,0,15,136
48.91013,38.77484,367,0.51,0.66,28/09/2024,1115,N20,VIIRS,h,2,297.64,14.07,D,0,18,130
51.71036,34.20515,367,0.33,0.56,28/09/2024,1116,N20,VIIRS,h,2,298.56,4.33,D,0,22.8,185
51.68046,34.10057,367,0.33,0.55,28/09/2024,1116,N20,VIIRS,h,2,297.6,8.77,D,0,22.2,185
50.65429,35.35023,367,0.37,0.58,28/09/2024,1116,N20,VIIRS,h,2,296.93,6.8,D,0,20.1,176
50.30737,35.51472,367,0.37,0.58,28/09/2024,1116,N20,VIIRS,h,2,297.39,7.4,D,0,19.5,173
50.28537,36.12545,367,0.4,0.6,28/09/2024,1116,N20,VIIRS,h,2,299.63,39.98,D,0,18.2,167
50.08416,36.94189,367,0.43,0.62,28/09/2024,1116,N20,VIIRS,h,2,295.94,12.16,D,0,18.6,159
50.00587,35.07448,367,0.35,0.57,28/09/2024,1116,N20,VIIRS,h,2,293.46,10.51,D,0,18.2,168
50.00058,35.0748,367,0.35,0.57,28/09/2024,1116,N20,VIIRS,h,2,294.41,19.02,D,0,18.2,168
49.90269,37.86888,367,0.47,0.64,28/09/2024,1116,N20,VIIRS,h,2,297.55,8.48,D,0,19.8,153
49.89073,37.86861,367,0.47,0.64,28/09/2024,1116,N20,VIIRS,h,2,297.95,35.64,D,0,19.8,153
49.88475,37.86875,367,0.47,0.64,28/09/2024,1116,N20,VIIRS,h,2,297.88,35.64,D,0,19.8,153
49.72584,36.1992,367,0.4,0.6,28/09/2024,1116,N20,VIIRS,h,2,302.8,12.94,D,0,15,157
49.72029,36.19952,367,0.4,0.6,28/09/2024,1116,N20,VIIRS,h,2,298.37,9.51,D,0,15,157
49.71516,36.21659,367,0.4,0.6,28/09/2024,1116,N20,VIIRS,h,2,295.84,15.88,D,0,15,157
49.69003,36.33121,367,0.4,0.6,28/09/2024,1116,N20,VIIRS,h,2,296.21,24.05,D,0,14.8,154
49.6847,36.34282,367,0.4,0.6,28/09/2024,1116,N20,VIIRS,h,2,296.41,10.93,D,0,14.8,154
49.68594,36.3266,367,0.4,0.6,28/09/2024,1116,N20,VIIRS,h,2,295.42,8.41,D,0,14.6,156
49.6861,36.3323,367,0.4,0.6,28/09/2024,1116,N20,VIIRS,h,2,295.5,8.41,D,0,14.8,154
49.68642,36.34374,367,0.4,0.6,28/09/2024,1116,N20,VIIRS,h,2,296.1,11.18,D,0,14.8,154
49.6773,37.91666,367,0.47,0.64,28/09/2024,1116,N20,VIIRS,h,2,300.48,58.33,D,0,19.3,148
49.59361,37.6647,367,0.46,0.64,28/09/2024,1116,N20,VIIRS,h,2,304.2,17.83,D,0,17.2,151
49.58187,37.67153,367,0.46,0.64,28/09/2024,1116,N20,VIIRS,h,2,297.71,19.22,D,0,17.2,151
48.52,38.36731,367,0.35,0.57,29/09/2024,916,N20,VIIRS,h,2,303.09,15.31,D,0,19.1,113
48.52475,38.36398,367,0.35,0.57,29/09/2024,916,N20,VIIRS,h,2,303.74,5.84,D,0,19.1,113
48.52184,38.36798,367,0.35,0.57,29/09/2024,916,N20,VIIRS,h,2,305.32,13.9,D,0,19.1,113
48.6769,38.84758,367,0.33,0.55,29/09/2024,916,N20,VIIRS,h,2,302.38,18,D,0,22.1,117
48.67461,38.83951,367,0.33,0.55,29/09/2024,916,N20,VIIRS,h,2,302.11,18.24,D,0,22.1,117
48.68042,38.84041,367,0.33,0.55,29/09/2024,916,N20,VIIRS,h,2,300.49,18.24,D,0,22.1,117
48.67928,38.83637,367,0.33,0.55,29/09/2024,916,N20,VIIRS,h,2,308.56,18.24,D,0,22.5,116
48.82385,37.5521,367,0.37,0.58,29/09/2024,916,N20,VIIRS,h,2,299.56,10.59,D,0,15.8,112
48.59795,36.51617,367,0.41,0.61,29/09/2024,916,N20,VIIRS,h,2,298.63,5.96,D,0,15.3,112
47.87305,33.45187,367,0.59,0.7,29/09/2024,916,N20,VIIRS,h,2,293.4,13.4,D,0,10.8,106
48.90636,35.54297,367,0.44,0.63,29/09/2024,916,N20,VIIRS,h,2,296.87,6.29,D,0,14.4,115
49.57805,37.66059,367,0.35,0.56,29/09/2024,916,N20,VIIRS,h,2,308.94,34.87,D,0,20.5,124
49.5828,37.65724,367,0.35,0.56,29/09/2024,916,N20,VIIRS,h,2,304.29,34.87,D,0,20.5,124
49.68082,37.92016,367,0.33,0.56,29/09/2024,916,N20,VIIRS,h,2,300.67,8.35,D,0,23.7,124
49.6181,37.65225,367,0.34,0.56,29/09/2024,916,N20,VIIRS,h,2,295.21,8.44,D,0,20.5,124
49.70993,37.67369,367,0.34,0.56,29/09/2024,916,N20,VIIRS,h,2,296.09,8.58,D,0,20.9,125
49.71193,37.67162,367,0.34,0.56,29/09/2024,916,N20,VIIRS,h,2,297.95,8.29,D,0,20.9,125
49.78687,37.87015,367,0.33,0.56,29/09/2024,916,N20,VIIRS,h,2,301.42,6.2,D,0,23.7,124
49.78563,37.8659,367,0.33,0.56,29/09/2024,916,N20,VIIRS,h,2,300.27,17.29,D,0,22.4,126
49.78909,37.85836,367,0.33,0.56,29/09/2024,916,N20,VIIRS,h,2,313.84,29.06,D,0,22.4,126
49.79253,37.85077,367,0.33,0.56,29/09/2024,916,N20,VIIRS,h,2,302.08,50.72,D,0,22.4,126
49.68845,36.35024,367,0.39,0.59,29/09/2024,916,N20,VIIRS,h,2,299.17,4.85,D,0,15.3,120
50.24889,37.15546,367,0.34,0.56,29/09/2024,916,N20,VIIRS,h,2,299.03,7.67,D,0,20.2,129
50.27017,36.29992,367,0.37,0.58,29/09/2024,916,N20,VIIRS,h,2,295.22,7.24,D,0,17.2,126
48.0942,39.47768,367,0.32,0.55,29/09/2024,916,N20,VIIRS,h,2,300.17,11.93,D,0,24.6,117
48.25056,39.58692,367,0.63,0.54,29/09/2024,916,N20,VIIRS,h,2,303.1,19.11,D,0,24.5,112
48.25298,39.57601,367,0.63,0.54,29/09/2024,916,N20,VIIRS,h,2,303.39,21.19,D,0,24.5,112
47.90692,37.05489,367,0.41,0.61,29/09/2024,916,N20,VIIRS,h,2,297.07,7.02,D,0,17.1,111
48.45871,38.7779,367,0.34,0.56,29/09/2024,916,N20,VIIRS,h,2,299.17,6.94,D,2,20.4,117
50.49514,35.41751,367,0.4,0.6,29/09/2024,917,N20,VIIRS,h,2,299.68,9.96,D,0,14.7,128
49.06339,39.11967,367,0.32,0.55,29/09/2024,1056,N20,VIIRS,h,2,300.43,11.61,D,0,24.7,121
49.06216,39.09301,367,0.32,0.55,29/09/2024,1056,N20,VIIRS,h,2,305.21,6.83,D,0,24.7,121
48.24398,39.60785,367,0.34,0.56,29/09/2024,1056,N20,VIIRS,h,2,304.83,9.64,D,0,24.5,112
48.24377,39.60306,367,0.34,0.56,29/09/2024,1056,N20,VIIRS,h,2,303.02,11.95,D,0,24.5,112
48.24771,39.57525,367,0.33,0.56,29/09/2024,1056,N20,VIIRS,h,2,305.54,12.38,D,0,24.5,112
48.25228,39.56164,367,0.33,0.56,29/09/2024,1056,N20,VIIRS,h,2,305.05,7.35,D,0,24.5,112
48.33604,39.79203,367,0.34,0.56,29/09/2024,1056,N20,VIIRS,h,2,305.69,16.06,D,0,23.2,112
49.37543,39.52145,367,0.34,0.56,29/09/2024,1056,N20,VIIRS,h,2,305.7,6.28,D,0,23.7,121
49.38063,39.52096,367,0.34,0.56,29/09/2024,1056,N20,VIIRS,h,2,301.82,6.28,D,0,23.7,121
49.51618,39.08762,367,0.33,0.55,29/09/2024,1057,N20,VIIRS,h,2,304.18,24.55,D,0,23.2,124
49.52127,39.08708,367,0.33,0.55,29/09/2024,1057,N20,VIIRS,h,2,308.13,24.55,D,0,23.2,124
49.66344,36.75986,367,0.51,0.5,29/09/2024,1057,N20,VIIRS,h,2,302.23,9.33,D,0,18.9,123
49.93668,37.72391,367,0.57,0.52,29/09/2024,1057,N20,VIIRS,h,2,326.16,70.93,D,0,20.4,126
47.97265,39.39922,367,0.52,0.67,30/09/2024,857,N20,VIIRS,h,2,302.11,14.07,D,0,25.8,114
48.01134,39.41197,367,0.52,0.67,30/09/2024,857,N20,VIIRS,h,2,300.39,40.43,D,0,24.6,117
48.00914,39.4053,367,0.52,0.67,30/09/2024,857,N20,VIIRS,h,2,301.75,18.56,D,0,24.6,117
48.17353,39.66965,367,0.5,0.66,30/09/2024,857,N20,VIIRS,h,2,307.85,22.3,D,0,25.3,117
48.179,39.66569,367,0.5,0.66,30/09/2024,857,N20,VIIRS,h,2,298.01,21.59,D,0,25.3,117
48.18241,39.65545,367,0.5,0.66,30/09/2024,857,N20,VIIRS,h,2,300.14,9.44,D,0,25.3,117
48.18479,39.62144,367,0.5,0.66,30/09/2024,857,N20,VIIRS,h,2,302.35,10.78,D,0,25.3,117
48.19245,39.6241,367,0.5,0.66,30/09/2024,857,N20,VIIRS,h,2,299.86,14.88,D,0,25.3,117
48.19029,39.61753,367,0.5,0.66,30/09/2024,857,N20,VIIRS,h,2,302.88,20.44,D,0,25.3,117
48.19792,39.62012,367,0.5,0.66,30/09/2024,857,N20,VIIRS,h,2,299.09,14.88,D,0,25.3,117
48.19585,39.6138,367,0.5,0.66,30/09/2024,857,N20,VIIRS,h,2,302.77,20.44,D,0,25.3,117
48.20121,39.60945,367,0.5,0.66,30/09/2024,857,N20,VIIRS,h,2,297.98,113.5,D,0,25.3,117
47.85241,37.15994,367,0.65,0.73,30/09/2024,857,N20,VIIRS,h,2,295.52,15.5,D,0,16,101
47.85165,37.16381,367,0.65,0.73,30/09/2024,857,N20,VIIRS,h,2,295.43,17.15,D,0,16,101
48.2607,36.87747,367,0.64,0.72,30/09/2024,857,N20,VIIRS,h,2,294.48,21.39,D,0,13.9,102
48.82972,38.37634,367,0.53,0.67,30/09/2024,857,N20,VIIRS,h,2,294.93,24.81,D,0,21.3,116
48.00796,39.42252,367,0.52,0.67,30/09/2024,857,N20,VIIRS,h,2,298.57,40.43,D,0,26,116
50.34702,35.86393,367,0.59,0.7,30/09/2024,858,N20,VIIRS,h,2,291.29,13.38,D,0,15.8,103
48.17527,39.62114,367,0.41,0.45,30/09/2024,1037,N20,VIIRS,h,2,304.54,12.01,D,0,25.3,117
48.18901,39.58483,367,0.41,0.45,30/09/2024,1037,N20,VIIRS,h,2,350.68,92.28,D,0,23.5,116
48.19407,39.59548,367,0.41,0.45,30/09/2024,1037,N20,VIIRS,h,2,304.38,8.36,D,0,24,114
48.19361,39.58984,367,0.41,0.45,30/09/2024,1037,N20,VIIRS,h,2,301.99,8.36,D,0,24,114
48.19266,39.57845,367,0.41,0.45,30/09/2024,1037,N20,VIIRS,h,2,337.03,66.06,D,0,23.5,116
48.19725,39.58339,367,0.41,0.45,30/09/2024,1037,N20,VIIRS,h,2,301.38,66.06,D,0,24,114
48.00669,39.41368,367,0.4,0.44,30/09/2024,1037,N20,VIIRS,h,2,307.89,12.73,D,0,24.6,117
49.45367,39.45139,367,0.42,0.45,30/09/2024,1038,N20,VIIRS,h,2,307.07,8.98,D,0,26.1,122
49.13625,34.62048,367,0.36,0.57,30/09/2024,2251,N20,VIIRS,h,2,289.01,6.4,N,0,12.6,71
49.91638,37.68913,367,0.79,0.78,01/10/2024,839,N20,VIIRS,h,2,300.6,23.98,D,0,22.4,104
49.91421,37.70496,367,0.79,0.78,01/10/2024,839,N20,VIIRS,h,2,295.84,23.98,D,0,22.4,104
49.92088,37.69081,367,0.79,0.78,01/10/2024,839,N20,VIIRS,h,2,294.8,22.74,D,0,22.4,104
49.91474,37.69677,367,0.79,0.78,01/10/2024,839,N20,VIIRS,h,2,301.47,31.09,D,0,22.4,104
49.72765,37.84753,367,0.79,0.78,01/10/2024,839,N20,VIIRS,h,2,303.44,60.86,D,0,24.8,106
48.50316,39.33855,367,0.78,0.78,01/10/2024,839,N20,VIIRS,h,2,292.9,49.45,D,0,24.3,103
48.50471,39.33389,367,0.78,0.78,01/10/2024,839,N20,VIIRS,h,2,298.14,100.1,D,0,24.3,103
50.35929,37.2683,367,0.79,0.78,01/10/2024,839,N20,VIIRS,h,2,296.91,26.16,D,0,22.7,105
48.50068,39.32133,367,0.42,0.37,01/10/2024,1018,N20,VIIRS,h,2,311.98,21.37,D,0,24.3,103
48.2056,38.32737,367,0.4,0.37,01/10/2024,1018,N20,VIIRS,h,2,303.64,11.2,D,0,23,104
48.20489,38.97799,367,0.41,0.37,01/10/2024,1018,N20,VIIRS,h,2,340.42,135.46,D,0,24.6,105
47.92208,38.9582,367,0.4,0.37,01/10/2024,1018,N20,VIIRS,h,2,349.48,117.36,D,0,23.4,100
47.85036,38.49777,367,0.4,0.37,01/10/2024,1018,N20,VIIRS,h,2,333.57,34.62,D,0,24.1,101
48.51588,38.78198,367,0.41,0.37,01/10/2024,1019,N20,VIIRS,h,2,302.25,8.1,D,0,22.1,104
48.47071,37.49631,367,0.39,0.36,01/10/2024,1019,N20,VIIRS,h,2,325.83,107.53,D,0,21,101
48.42807,36.62026,367,0.38,0.36,01/10/2024,1019,N20,VIIRS,h,2,305.11,11.37,D,0,20,98
48.72377,38.31374,367,0.4,0.37,01/10/2024,1019,N20,VIIRS,h,2,325.54,71.54,D,0,24.7,102
48.9777,39.29956,367,0.42,0.38,01/10/2024,1019,N20,VIIRS,h,2,304.71,9.6,D,0,24.5,101
48.952,38.98528,367,0.41,0.37,01/10/2024,1019,N20,VIIRS,h,2,348.47,55.98,D,0,23.4,105
49.00528,37.39338,367,0.39,0.36,01/10/2024,1019,N20,VIIRS,h,2,334.42,87.98,D,0,23,103
49.00783,37.38701,367,0.39,0.36,01/10/2024,1019,N20,VIIRS,h,2,327.59,87.98,D,0,23,103
49.05593,37.632,367,0.39,0.36,01/10/2024,1019,N20,VIIRS,h,2,309.84,3.97,D,0,22.7,105
49.2482,35.16748,367,0.39,0.36,01/10/2024,1019,N20,VIIRS,h,2,301.76,21.79,D,0,18.7,96
49.90846,37.69343,367,0.4,0.37,01/10/2024,1019,N20,VIIRS,h,2,304.79,10.91,D,0,22.4,104
49.92102,37.6836,367,0.4,0.37,01/10/2024,1019,N20,VIIRS,h,2,302.16,9.38,D,0,22.4,104
49.92577,37.64178,367,0.4,0.37,01/10/2024,1019,N20,VIIRS,h,2,333.23,97.52,D,0,22.3,103
49.94149,36.21367,367,0.39,0.36,01/10/2024,1019,N20,VIIRS,h,2,342.44,55.68,D,0,21.7,105
49.94475,36.21251,367,0.39,0.36,01/10/2024,1019,N20,VIIRS,h,2,351.22,55.68,D,0,21.7,105
50.43139,35.50767,367,0.38,0.36,01/10/2024,1019,N20,VIIRS,h,2,305.64,12.96,D,0,20.7,105
49.47594,37.66634,367,0.39,0.37,01/10/2024,1019,N20,VIIRS,h,2,348.34,79.75,D,0,22.9,104
49.47667,37.67173,367,0.39,0.37,01/10/2024,1019,N20,VIIRS,h,2,339.73,39.02,D,0,22.9,104
51.89657,33.15475,367,0.39,0.36,01/10/2024,1020,N20,VIIRS,h,2,296.4,14.81,D,0,15.2,94
48.02531,36.83076,367,0.46,0.64,01/10/2024,2233,N20,VIIRS,h,2,286.2,9.73,N,0,20.5,100
49.23579,37.57088,367,0.42,0.37,02/10/2024,1000,N20,VIIRS,h,2,339.54,146.19,D,0,13.4,89
48.99183,32.74667,367,0.4,0.44,02/10/2024,1000,N20,VIIRS,h,2,302.43,33.88,D,0,9.1,116
50.04292,36.83099,367,0.42,0.38,02/10/2024,1000,N20,VIIRS,h,2,331.2,132.17,D,0,12,98
46.83418,33.7556,367,0.41,0.45,02/10/2024,1000,N20,VIIRS,h,2,304.88,14.87,D,0,9.7,89
47.9345,38.96378,367,0.4,0.37,02/10/2024,1000,N20,VIIRS,h,2,303.55,12.79,D,0,12.6,84
47.93688,38.9572,367,0.4,0.37,02/10/2024,1000,N20,VIIRS,h,2,300.24,6.3,D,0,12.6,84
47.70828,33.67387,367,0.39,0.44,02/10/2024,1000,N20,VIIRS,h,2,304.34,5.91,D,0,10.6,104
50.97065,34.94164,367,0.46,0.39,02/10/2024,1001,N20,VIIRS,h,2,329.5,91.09,D,0,12.2,112
51.09242,34.81775,367,0.46,0.39,02/10/2024,1001,N20,VIIRS,h,2,305.18,20.68,D,0,13,116
47.86819,33.44931,367,0.57,0.69,02/10/2024,1140,N20,VIIRS,h,2,300.38,10.12,D,2,10.2,102
47.42184,33.51516,367,0.57,0.69,02/10/2024,1140,N20,VIIRS,h,2,299.67,18.18,D,0,11,86
47.42163,33.51196,367,0.57,0.69,02/10/2024,1140,N20,VIIRS,h,2,303.2,23.45,D,0,11,86
47.98466,29.61077,367,0.38,0.59,02/10/2024,1141,N20,VIIRS,h,2,293.77,9.07,D,0,9.2,1
51.00691,32.6911,367,0.54,0.68,02/10/2024,1141,N20,VIIRS,h,2,299.32,11.33,D,0,11.5,138
50.96931,34.96857,367,0.68,0.74,02/10/2024,1141,N20,VIIRS,h,2,298.47,12.75,D,0,12.2,112
48.57731,29.16902,367,0.36,0.58,02/10/2024,1141,N20,VIIRS,h,2,295.61,8.16,D,0,9.3,355
49.68534,32.77542,367,0.54,0.68,02/10/2024,1141,N20,VIIRS,h,2,302.26,23.09,D,0,10,124
49.69164,32.77548,367,0.54,0.68,02/10/2024,1141,N20,VIIRS,h,2,298.44,23.09,D,0,10,124
49.68174,32.77435,367,0.54,0.68,02/10/2024,1141,N20,VIIRS,h,2,301.49,16.57,D,0,10,124
49.68805,32.7744,367,0.54,0.68,02/10/2024,1141,N20,VIIRS,h,2,300.89,19.45,D,0,10,124
48.57444,29.16739,367,0.36,0.58,02/10/2024,1141,N20,VIIRS,h,2,293.49,11.95,D,0,9.3,355
48.57463,29.17247,367,0.36,0.58,02/10/2024,1141,N20,VIIRS,h,2,295.06,11.95,D,0,9.3,355
48.57482,29.17752,367,0.36,0.58,02/10/2024,1141,N20,VIIRS,h,2,296.59,21.11,D,0,9.3,355
48.60612,35.08456,367,0.68,0.74,02/10/2024,1141,N20,VIIRS,h,2,299.41,29.94,D,0,12.7,95
50.17185,32.78326,367,0.54,0.68,02/10/2024,1141,N20,VIIRS,h,2,299.49,14.2,D,0,10.8,120
50.24401,32.57021,367,0.53,0.67,02/10/2024,1141,N20,VIIRS,h,2,298.84,9.56,D,0,9.6,122
50.25027,32.57022,367,0.53,0.67,02/10/2024,1141,N20,VIIRS,h,2,293.18,9.56,D,0,9.6,122
50.68174,31.97944,367,0.5,0.66,02/10/2024,1141,N20,VIIRS,h,2,298.72,8.1,D,0,9.2,131
52.3362,33.28045,367,0.58,0.69,02/10/2024,1142,N20,VIIRS,h,2,296.35,14.31,D,0,12,144
52.28527,32.42315,367,0.53,0.67,02/10/2024,1142,N20,VIIRS,h,2,294.45,10.44,D,0,12.2,143
52.28502,32.4711,367,0.53,0.67,02/10/2024,1142,N20,VIIRS,h,2,296.39,11.26,D,0,12.2,143
52.27875,32.47095,367,0.53,0.67,02/10/2024,1142,N20,VIIRS,h,2,297.5,11.26,D,0,12.2,143
52.28793,32.42975,367,0.53,0.67,02/10/2024,1142,N20,VIIRS,h,2,290.86,21.07,D,0,12.2,143
50.10274,37.64966,367,0.56,0.43,03/10/2024,941,N20,VIIRS,h,2,326.79,42.89,D,0,8.7,134
49.48085,36.60078,367,0.42,0.45,03/10/2024,941,N20,VIIRS,h,2,330.88,47.13,D,0,8.9,162
48.65921,35.01497,367,0.51,0.5,03/10/2024,941,N20,VIIRS,h,2,304.29,18.01,D,0,9.7,159
47.21861,34.46654,367,0.38,0.59,03/10/2024,1121,N20,VIIRS,h,2,303,21.52,D,0,11.5,140
47.21317,34.46686,367,0.38,0.59,03/10/2024,1121,N20,VIIRS,h,2,301.48,14.48,D,0,11.5,140
49.08244,37.02126,367,0.51,0.66,03/10/2024,1122,N20,VIIRS,h,2,297.38,7.59,D,0,8.3,180
49.06025,33.26636,367,0.34,0.56,03/10/2024,1122,N20,VIIRS,h,2,304.67,19.28,D,0,10.1,159
49.25042,37.58449,367,0.54,0.68,03/10/2024,1122,N20,VIIRS,h,2,301.26,23.21,D,0,7.6,156
49.25034,37.56172,367,0.54,0.68,03/10/2024,1122,N20,VIIRS,h,2,298.57,24.23,D,0,7.6,156
49.24894,35.32318,367,0.43,0.62,03/10/2024,1122,N20,VIIRS,h,2,298.87,12.51,D,0,8.6,151
49.25482,35.32899,367,0.43,0.62,03/10/2024,1122,N20,VIIRS,h,2,297.98,10.92,D,0,8.6,151
49.26054,35.32878,367,0.43,0.62,03/10/2024,1122,N20,VIIRS,h,2,295.81,10.92,D,0,8.6,151
49.25022,35.32244,367,0.43,0.62,03/10/2024,1122,N20,VIIRS,h,2,301.75,12.68,D,0,8.6,151
49.2501,35.31648,367,0.43,0.62,03/10/2024,1122,N20,VIIRS,h,2,301.45,12.68,D,0,8.6,151
49.25606,35.32822,367,0.43,0.62,03/10/2024,1122,N20,VIIRS,h,2,302.41,33.23,D,0,8.6,151
49.33244,35.40932,367,0.43,0.62,03/10/2024,1122,N20,VIIRS,h,2,297.73,10.74,D,0,9.2,151
49.56829,37.86802,367,0.56,0.69,03/10/2024,1122,N20,VIIRS,h,2,299.18,66.26,D,0,8.4,145
49.5811,37.92293,367,0.56,0.69,03/10/2024,1122,N20,VIIRS,h,2,300.46,10.23,D,0,8.4,142
49.57119,36.46712,367,0.48,0.65,03/10/2024,1122,N20,VIIRS,h,2,296.65,9.11,D,0,8.8,159
49.5875,37.91486,367,0.56,0.69,03/10/2024,1122,N20,VIIRS,h,2,302.84,8.44,D,0,8.4,142
49.57721,36.46704,367,0.48,0.65,03/10/2024,1122,N20,VIIRS,h,2,297.8,31.87,D,3,8.8,159
49.60032,37.93079,367,0.56,0.69,03/10/2024,1122,N20,VIIRS,h,2,299.66,8.91,D,0,8.4,142
49.58208,37.92213,367,0.56,0.69,03/10/2024,1122,N20,VIIRS,h,2,300.5,12.39,D,0,8.4,142
49.60127,37.92996,367,0.56,0.69,03/10/2024,1122,N20,VIIRS,h,2,298.2,10.23,D,0,8.4,142
49.63348,37.65028,367,0.55,0.68,03/10/2024,1122,N20,VIIRS,h,2,299.79,16.96,D,0,8.2,154
49.76896,37.92372,367,0.56,0.69,03/10/2024,1122,N20,VIIRS,h,2,297.53,22.61,D,0,9.1,139
49.83425,37.74259,367,0.55,0.68,03/10/2024,1122,N20,VIIRS,h,2,298.82,11.99,D,0,7.8,142
49.92056,36.45403,367,0.48,0.65,03/10/2024,1122,N20,VIIRS,h,2,298.96,7.44,D,0,8.6,145
49.84154,32.96589,367,0.34,0.56,03/10/2024,1122,N20,VIIRS,h,2,299.35,6.39,D,0,10.8,147
49.84444,32.90842,367,0.33,0.56,03/10/2024,1122,N20,VIIRS,h,2,297.39,7.29,D,0,10.5,146
49.8517,32.96025,367,0.34,0.56,03/10/2024,1122,N20,VIIRS,h,2,294.49,174.22,D,0,10.8,147
50.10709,37.65607,367,0.55,0.68,03/10/2024,1122,N20,VIIRS,h,2,298.58,14.3,D,0,8.8,134
50.17464,32.77238,367,0.33,0.55,03/10/2024,1122,N20,VIIRS,h,2,304.31,8.97,D,0,10.8,147
50.17445,32.76768,367,0.33,0.55,03/10/2024,1122,N20,VIIRS,h,2,307.75,8.15,D,0,10.8,147
50.18966,32.76155,367,0.33,0.55,03/10/2024,1122,N20,VIIRS,h,2,297.19,16.18,D,0,10.8,147
50.1948,32.76102,367,0.33,0.55,03/10/2024,1122,N20,VIIRS,h,2,293.03,15.13,D,0,10.8,147
51.01579,32.66093,367,0.33,0.55,03/10/2024,1122,N20,VIIRS,h,2,299.19,15.23,D,0,12.2,153
51.01559,32.65611,367,0.33,0.55,03/10/2024,1122,N20,VIIRS,h,2,304.76,9.19,D,0,12.2,153
51.02076,32.40772,367,0.32,0.55,03/10/2024,1122,N20,VIIRS,h,2,311.06,22.8,D,0,12.9,153
51.02564,32.40253,367,0.32,0.55,03/10/2024,1122,N20,VIIRS,h,2,301.11,22.8,D,0,12.9,153
48.48538,38.86439,367,0.61,0.71,03/10/2024,1122,N20,VIIRS,h,2,305.33,20.79,D,0,5.9,221
47.8016,37.46892,367,0.53,0.67,03/10/2024,1122,N20,VIIRS,h,2,296.29,12.48,D,0,7.9,181
48.24252,37.85958,367,0.55,0.68,03/10/2024,1122,N20,VIIRS,h,2,299.42,16.83,D,0,6.7,187
48.47992,33.83642,367,0.36,0.57,03/10/2024,1122,N20,VIIRS,h,2,295.92,16.72,D,0,12.6,155
48.47776,33.83324,367,0.36,0.57,03/10/2024,1122,N20,VIIRS,h,2,303.51,18.97,D,0,12.6,155
48.59387,35.83151,367,0.45,0.63,03/10/2024,1122,N20,VIIRS,h,2,299.54,24.07,D,0,8.8,164
48.59983,35.83746,367,0.45,0.63,03/10/2024,1122,N20,VIIRS,h,2,299.28,10.75,D,0,8.8,164
48.59971,35.8313,367,0.45,0.63,03/10/2024,1122,N20,VIIRS,h,2,299.93,24.07,D,0,8.8,164
48.60567,35.8372,367,0.45,0.63,03/10/2024,1122,N20,VIIRS,h,2,295.27,20.24,D,0,8.8,164
48.60554,35.83106,367,0.45,0.63,03/10/2024,1122,N20,VIIRS,h,2,301.35,28.37,D,0,8.8,164
48.77231,35.78776,367,0.45,0.63,03/10/2024,1122,N20,VIIRS,h,2,298.6,10.15,D,0,9.7,167
48.77814,35.78754,367,0.45,0.63,03/10/2024,1122,N20,VIIRS,h,2,300.34,14.31,D,0,9.7,167
48.88502,35.11206,367,0.41,0.61,03/10/2024,1122,N20,VIIRS,h,2,301.25,8.77,D,0,10.1,168
48.92788,37.99704,367,0.56,0.69,03/10/2024,1122,N20,VIIRS,h,2,301.08,20.44,D,0,6.6,178
47.82743,36.37004,367,0.38,0.59,04/10/2024,922,N20,VIIRS,h,2,291.55,8.83,D,0,12.1,158
47.81489,37.21853,367,0.35,0.57,04/10/2024,922,N20,VIIRS,h,2,294.16,6.23,D,0,10.8,156
47.85759,37.26775,367,0.35,0.56,04/10/2024,922,N20,VIIRS,h,2,296.66,7.84,D,0,10.8,156
48.44494,29.81676,367,0.67,0.74,04/10/2024,923,N20,VIIRS,h,2,290.11,18.94,D,0,15.8,163
46.92144,33.9452,367,0.43,0.46,04/10/2024,1102,N20,VIIRS,h,2,333.85,60.8,D,0,10.8,153
48.62706,38.39429,367,0.35,0.57,04/10/2024,1103,N20,VIIRS,h,2,293.54,6.86,D,0,8.3,184
48.17773,38.74683,367,0.36,0.58,04/10/2024,1103,N20,VIIRS,h,2,290.36,17.42,D,0,7.4,185
48.18342,38.75614,367,0.36,0.58,04/10/2024,1103,N20,VIIRS,h,2,291.93,8.32,D,0,7.4,185
48.18325,38.75111,367,0.36,0.58,04/10/2024,1103,N20,VIIRS,h,2,290.07,8.32,D,0,7.4,185
48.18859,38.75036,367,0.36,0.58,04/10/2024,1103,N20,VIIRS,h,2,290.49,8.32,D,0,7.4,185
48.70405,38.35854,367,0.35,0.57,04/10/2024,1103,N20,VIIRS,h,2,295.73,6.48,D,0,10,189
48.271,37.90299,367,0.33,0.56,04/10/2024,1103,N20,VIIRS,h,2,299.64,5.01,D,0,8.7,162
47.85986,38.69701,367,0.48,0.65,05/10/2024,903,N20,VIIRS,h,2,300.22,13.97,D,0,8.1,151
48.03732,39.62432,367,0.43,0.62,05/10/2024,903,N20,VIIRS,h,2,299.67,21.8,D,0,10.1,153
48.03465,39.62666,367,0.43,0.62,05/10/2024,903,N20,VIIRS,h,2,297.62,9.34,D,0,10.1,153
47.49124,36.56638,367,0.61,0.71,05/10/2024,903,N20,VIIRS,h,2,300.34,74.62,D,0,12.2,165
47.89249,37.3563,367,0.54,0.68,05/10/2024,903,N20,VIIRS,h,2,295.04,10.36,D,0,9.7,168
47.8703,37.29013,367,0.55,0.68,05/10/2024,903,N20,VIIRS,h,2,296.79,9.94,D,0,9.7,168
47.85878,38.69992,367,0.48,0.65,05/10/2024,903,N20,VIIRS,h,2,295.09,17.3,D,0,8.1,151
47.86874,37.29082,367,0.55,0.68,05/10/2024,904,N20,VIIRS,h,2,296.39,13.24,D,0,9.7,168
47.89121,37.35666,367,0.54,0.68,05/10/2024,904,N20,VIIRS,h,2,294.96,14.62,D,0,9.7,168
49.60994,38.12487,367,0.44,0.62,05/10/2024,904,N20,VIIRS,h,2,294.14,14.91,D,0,10.9,192
48.9807,37.25019,367,0.5,0.66,05/10/2024,904,N20,VIIRS,h,2,293.02,11,D,0,12.9,188
48.57656,36.53651,367,0.56,0.68,05/10/2024,904,N20,VIIRS,h,2,292.14,13.79,D,0,11,177
48.57867,36.5353,367,0.56,0.69,05/10/2024,904,N20,VIIRS,h,2,291.55,18.23,D,0,11,177
49.05633,37.6143,367,0.4,0.44,05/10/2024,1044,N20,VIIRS,h,2,301.2,8.07,D,0,10.3,181
49.11275,37.1307,367,0.77,0.78,06/10/2024,845,N20,VIIRS,h,2,294.58,18.86,D,0,12.6,164
48.30125,39.43726,367,0.68,0.74,06/10/2024,845,N20,VIIRS,h,2,299.83,13.55,D,0,11.7,150
48.29621,39.43495,367,0.68,0.74,06/10/2024,845,N20,VIIRS,h,2,300.53,12.94,D,0,11.7,150
48.43656,38.36769,367,0.74,0.76,06/10/2024,845,N20,VIIRS,h,2,299.23,15.27,D,0,12.8,151
48.47517,38.17216,367,0.75,0.77,06/10/2024,845,N20,VIIRS,h,2,300.37,59.67,D,0,10.4,155
49.10429,37.14473,367,0.77,0.78,06/10/2024,845,N20,VIIRS,h,2,295.24,16.28,D,0,12.6,164
49.11044,37.13903,367,0.77,0.78,06/10/2024,845,N20,VIIRS,h,2,295.45,12.35,D,0,12.6,164
49.12638,37.13705,367,0.77,0.78,06/10/2024,845,N20,VIIRS,h,2,296.2,37.68,D,0,12.6,164
48.43196,38.34624,367,0.43,0.38,06/10/2024,1025,N20,VIIRS,h,2,337.09,79.27,D,0,12.8,151
48.43267,38.35201,367,0.43,0.38,06/10/2024,1025,N20,VIIRS,h,2,332.96,43.27,D,0,12.8,151
48.91362,37.79721,367,0.36,0.57,06/10/2024,2239,N20,VIIRS,h,2,288.14,6.28,N,0,9.1,151
47.81735,37.02775,367,0.41,0.37,07/10/2024,1006,N20,VIIRS,h,2,341.38,83.9,D,0,13.1,193
48.91639,37.82111,367,0.39,0.36,07/10/2024,1006,N20,VIIRS,h,2,328.28,41.59,D,0,13.8,194
45.06948,35.38121,367,0.75,0.77,07/10/2024,2221,N20,VIIRS,h,2,285.97,20.19,N,0,14,245
46.34023,32.96117,367,0.38,0.58,08/10/2024,1128,N20,VIIRS,h,2,296.44,6.7,D,0,11,256
46.34004,32.95618,367,0.38,0.58,08/10/2024,1128,N20,VIIRS,h,2,298.32,6.7,D,0,11,256
47.50348,33.62713,367,0.41,0.61,08/10/2024,1128,N20,VIIRS,h,2,294.93,10.54,D,0,16.9,259
45.07113,35.39616,367,0.43,0.62,09/10/2024,928,N20,VIIRS,h,2,294.69,40.05,D,0,12,187
45.06769,35.39563,367,0.43,0.62,09/10/2024,928,N20,VIIRS,h,2,308.37,45.7,D,0,12,187
47.6911,36.58504,367,0.32,0.55,09/10/2024,928,N20,VIIRS,h,2,296.38,4.25,D,0,8,251
48.92749,35.75138,367,0.32,0.54,09/10/2024,929,N20,VIIRS,h,2,301.87,27.52,D,0,6.9,274
49.55896,30.89445,367,0.48,0.65,09/10/2024,929,N20,VIIRS,h,2,290.68,10.8,D,0,10.3,168
48.6292,34.05315,367,0.38,0.59,09/10/2024,929,N20,VIIRS,h,2,296,4.96,D,0,6.8,198
48.51361,39.81869,367,0.49,0.65,09/10/2024,1109,N20,VIIRS,h,2,295.95,10.96,D,0,13.7,295
48.51278,39.82079,367,0.49,0.65,09/10/2024,1109,N20,VIIRS,h,2,295.57,13.93,D,0,13.7,295
48.46115,38.77684,367,0.39,0.59,10/10/2024,910,N20,VIIRS,h,2,293.83,5.06,D,2,7.8,126
48.41164,38.73764,367,0.61,0.71,11/10/2024,851,N20,VIIRS,h,2,293.37,12.87,D,0,11.1,130
48.21454,38.24182,367,0.37,0.58,12/10/2024,26,N20,VIIRS,h,2,280.96,6.76,N,2,17.4,117
48.21487,38.24414,367,0.37,0.58,12/10/2024,26,N20,VIIRS,h,2,282.09,7.95,N,2,17.4,117
48.75735,27.80968,367,0.32,0.54,18/10/2024,1141,N20,VIIRS,h,2,293.05,12.58,D,0,7.9,25
48.86965,29.63934,367,0.76,0.77,22/10/2024,1206,N20,VIIRS,h,2,291.8,18.97,D,0,7.3,190
48.87162,29.64129,367,0.76,0.77,22/10/2024,1207,N20,VIIRS,h,2,290.57,10.62,D,0,7.3,190
49.228,26.62692,367,0.55,0.68,22/10/2024,1207,N20,VIIRS,h,2,293.41,23.46,D,0,9.6,180
49.22163,26.62713,367,0.55,0.68,22/10/2024,1207,N20,VIIRS,h,2,291.12,12.47,D,0,9.6,180
47.73731,34.2309,367,0.74,0.76,23/10/2024,1147,N20,VIIRS,h,2,293.88,23.51,D,0,11.2,269
48.22554,32.19989,367,0.6,0.71,23/10/2024,1147,N20,VIIRS,h,2,291.6,10.31,D,0,13,284
48.22389,32.20162,367,0.6,0.71,23/10/2024,1147,N20,VIIRS,h,2,290.92,11.55,D,0,13,284
47.71547,34.23979,367,0.45,0.63,24/10/2024,1128,N20,VIIRS,h,2,290.86,6.75,D,0,12.8,335
48.96777,34.01786,367,0.44,0.63,24/10/2024,1128,N20,VIIRS,h,2,294.08,13.78,D,0,15,309
48.87234,33.58662,367,0.42,0.61,24/10/2024,1128,N20,VIIRS,h,2,293.01,14,D,0,15.5,314
48.87061,33.58743,367,0.42,0.61,24/10/2024,1128,N20,VIIRS,h,2,291.39,6.54,D,0,15.5,314
48.39413,29.46442,367,0.33,0.55,29/10/2024,954,N20,VIIRS,h,2,291.02,5.24,D,0,10.2,324
49.78297,32.82509,367,0.47,0.64,29/10/2024,1135,N20,VIIRS,h,2,294.74,50.89,D,0,9.9,318
46.57828,32.53117,367,0.32,0.55,07/11/2024,39,N20,VIIRS,h,2,272.23,3.54,N,0,8,279
