latitude,longitude,bright_ti4,scan,track,acq_date,acq_time,satellite,instrument,confidence,version,bright_ti5,frp,daynight,type
46.50367,28.37304,331.53,0.67,0.73,2018-04-01,0936,N20,VIIRS,n,2,285.42,4.25,D,0
46.50089,28.37585,329.89,0.67,0.73,2018-04-01,0936,N20,VIIRS,n,2,285.38,5.03,D,0
46.49805,28.36796,331.59,0.67,0.73,2018-04-01,0936,N20,VIIRS,n,2,285.87,5.03,D,0
46.65899,28.29211,341.88,0.66,0.73,2018-04-01,0936,N20,VIIRS,n,2,285.09,6.6,D,0
46.65644,28.28494,327.96,0.67,0.73,2018-04-01,0936,N20,VIIRS,n,2,284.42,6.6,D,0
46.50706,29.4696,332,0.56,0.43,2018-04-01,1116,N20,VIIRS,n,2,288.19,7.05,D,0
45.69643,28.32226,296.25,0.47,0.48,2018-04-01,2332,N20,VIIRS,n,2,277.44,1.13,N,0
45.69822,28.49447,325.24,0.39,0.36,2018-04-02,1057,N20,VIIRS,n,2,286.99,2.38,D,0
47.40534,29.21853,304.34,0.37,0.58,2018-04-02,2312,N20,VIIRS,n,2,271.03,0.6,N,0
45.85163,28.13337,311.45,0.6,0.53,2018-04-03,0053,N20,VIIRS,n,2,268.64,1,N,3
45.84706,28.13086,301.42,0.6,0.53,2018-04-03,0053,N20,VIIRS,n,2,269.36,1,N,0
45.49654,28.1883,346.36,0.46,0.39,2018-04-03,1038,N20,VIIRS,n,2,301.45,19.98,D,0
45.50004,28.18695,336.35,0.46,0.39,2018-04-03,1038,N20,VIIRS,n,2,296.66,5.73,D,0
45.53596,28.27661,330.99,0.45,0.39,2018-04-03,1038,N20,VIIRS,n,2,294.9,2.46,D,0
45.53783,28.27391,330.69,0.45,0.39,2018-04-03,1038,N20,VIIRS,n,2,295.58,2.89,D,0
45.58547,28.24941,331.78,0.45,0.39,2018-04-03,1038,N20,VIIRS,n,2,295.37,2.9,D,0
45.645,28.44339,334.91,0.45,0.39,2018-04-03,1038,N20,VIIRS,n,2,295.51,3.34,D,0
45.85905,28.15375,342.64,0.45,0.39,2018-04-03,1038,N20,VIIRS,n,2,309.52,50.16,D,0
46.13588,28.85283,326.5,0.43,0.38,2018-04-03,1038,N20,VIIRS,n,2,295.91,1.98,D,0
46.22084,28.53723,328.81,0.44,0.38,2018-04-03,1038,N20,VIIRS,n,2,295.68,2.24,D,0
46.58552,29.82687,346.6,0.4,0.37,2018-04-03,1038,N20,VIIRS,n,2,296.83,7.22,D,0
46.58462,29.82171,337.35,0.4,0.37,2018-04-03,1038,N20,VIIRS,n,2,299.15,6.58,D,0
46.58883,29.82565,350.1,0.4,0.37,2018-04-03,1038,N20,VIIRS,n,2,300.49,14.62,D,0
46.58793,29.82049,341.07,0.4,0.37,2018-04-03,1038,N20,VIIRS,n,2,297.84,10.72,D,0
46.6349,29.45806,335.88,0.41,0.37,2018-04-03,1038,N20,VIIRS,n,2,297.02,2.71,D,0
46.65338,29.38125,339.64,0.41,0.37,2018-04-03,1038,N20,VIIRS,n,2,299.54,7.5,D,0
46.65673,29.38005,343.07,0.41,0.37,2018-04-03,1038,N20,VIIRS,n,2,300.55,7.5,D,0
46.66622,29.39328,335.59,0.41,0.37,2018-04-03,1038,N20,VIIRS,n,2,294.74,2.39,D,0
46.68332,29.11008,330.3,0.42,0.37,2018-04-03,1038,N20,VIIRS,n,2,294.13,1.77,D,0
46.98099,29.27824,334.71,0.41,0.37,2018-04-03,1039,N20,VIIRS,n,2,297.69,3.95,D,0
47.18198,28.4982,336.07,0.43,0.38,2018-04-03,1039,N20,VIIRS,n,2,294.87,3.72,D,0
47.68377,28.31061,329.62,0.42,0.38,2018-04-03,1039,N20,VIIRS,n,2,296.46,2.74,D,0
47.8432,29.0918,336.04,0.41,0.37,2018-04-03,1039,N20,VIIRS,n,2,296.29,4.27,D,0
45.54667,28.25114,345.41,0.47,0.48,2018-04-04,1019,N20,VIIRS,n,2,296.75,6.22,D,0
45.55082,28.24906,339.33,0.47,0.48,2018-04-04,1019,N20,VIIRS,n,2,296.9,5.94,D,0
46.7873,29.06546,340.31,0.4,0.44,2018-04-04,1020,N20,VIIRS,n,2,300.28,5.45,D,0
46.79234,29.06863,339.63,0.4,0.44,2018-04-04,1020,N20,VIIRS,n,2,297.74,4.13,D,0
46.65374,28.28778,333.31,0.44,0.46,2018-04-04,1020,N20,VIIRS,n,2,295.34,3.63,D,0
46.9839,28.71317,338.97,0.41,0.45,2018-04-04,1020,N20,VIIRS,n,2,295.44,4.74,D,0
47.09272,29.05595,329.76,0.4,0.44,2018-04-04,1020,N20,VIIRS,n,2,296.51,2.45,D,0
47.01127,28.52652,339.59,0.42,0.45,2018-04-04,1020,N20,VIIRS,n,2,294.34,4.64,D,0
47.01524,28.52456,339.69,0.42,0.45,2018-04-04,1020,N20,VIIRS,n,2,294.62,9.66,D,0
47.12495,28.74004,326.8,0.41,0.45,2018-04-04,1020,N20,VIIRS,n,2,295.62,2.15,D,0
47.14272,28.34874,329.73,0.42,0.45,2018-04-04,1020,N20,VIIRS,n,2,294.12,1.67,D,0
47.47595,28.81461,352.36,0.4,0.44,2018-04-04,1020,N20,VIIRS,n,2,302.45,12.2,D,0
47.60491,28.39247,330.88,0.41,0.45,2018-04-04,1020,N20,VIIRS,n,2,299.76,2.17,D,0
48.32352,27.34461,332.54,0.44,0.46,2018-04-04,1020,N20,VIIRS,n,2,283.4,2.51,D,0
46.03122,28.8542,328.89,0.58,0.7,2018-04-04,1200,N20,VIIRS,n,2,293.09,5.09,D,0
46.78886,29.0654,334.83,0.6,0.7,2018-04-04,1200,N20,VIIRS,n,2,294.3,3.95,D,0
46.96925,29.25744,326.47,0.61,0.71,2018-04-04,1201,N20,VIIRS,n,2,293.06,3.58,D,0
46.57931,29.93451,340.82,0.46,0.47,2018-04-06,1122,N20,VIIRS,n,2,295.01,5.99,D,0
46.8274,29.69387,331.02,0.45,0.47,2018-04-06,1122,N20,VIIRS,n,2,296.37,2.75,D,0
47.59622,28.06089,330.67,0.39,0.44,2018-04-06,1123,N20,VIIRS,n,2,297.27,1.53,D,0
48.40412,27.80298,334.53,0.39,0.44,2018-04-06,1123,N20,VIIRS,n,2,292.79,2.7,D,0
45.63639,28.27096,326.37,0.4,0.37,2018-04-07,1103,N20,VIIRS,n,2,281.96,2.42,D,0
45.84907,28.13314,352.36,0.4,0.37,2018-04-07,1103,N20,VIIRS,n,2,290.57,175.25,D,0
45.85172,28.12711,327.69,0.4,0.37,2018-04-07,1103,N20,VIIRS,n,2,290.82,17.09,D,0
45.85713,28.14151,329.41,0.4,0.37,2018-04-07,1103,N20,VIIRS,n,2,292.45,4.56,D,0
45.85644,28.13641,342.28,0.4,0.37,2018-04-07,1103,N20,VIIRS,n,2,308.97,22.22,D,0
45.85575,28.1313,327.83,0.4,0.37,2018-04-07,1103,N20,VIIRS,n,2,288.25,22.22,D,0
45.86047,28.14059,332.75,0.4,0.37,2018-04-07,1103,N20,VIIRS,n,2,291.93,4.56,D,0
45.85978,28.13548,337.6,0.4,0.37,2018-04-07,1103,N20,VIIRS,n,2,291.75,22.22,D,0
46.36102,28.34723,332.89,0.41,0.37,2018-04-07,1103,N20,VIIRS,n,2,297.81,2.72,D,0
46.54782,28.92303,327.06,0.42,0.38,2018-04-07,1104,N20,VIIRS,n,2,296.25,1.08,D,0
46.97253,28.41701,333.35,0.41,0.37,2018-04-07,1104,N20,VIIRS,n,2,296.71,4.01,D,0
47.04415,28.81433,341.14,0.42,0.38,2018-04-07,1104,N20,VIIRS,n,2,287.57,9.96,D,0
47.05977,28.74171,340.59,0.42,0.38,2018-04-07,1104,N20,VIIRS,n,2,285.39,5.04,D,0
47.76506,27.62029,326.9,0.4,0.37,2018-04-07,1104,N20,VIIRS,n,2,294.64,1.27,D,0
47.93993,28.20737,337.53,0.41,0.37,2018-04-07,1104,N20,VIIRS,n,2,292.24,36.59,D,0
47.82732,27.27463,330.79,0.4,0.37,2018-04-07,1104,N20,VIIRS,n,2,293.82,2.51,D,0
48.00929,27.36962,333.44,0.4,0.37,2018-04-07,1104,N20,VIIRS,n,2,295.37,5.86,D,0
48.26374,28.02897,332.48,0.41,0.37,2018-04-07,1104,N20,VIIRS,n,2,296.44,1.81,D,0
48.30469,27.06267,332.41,0.4,0.37,2018-04-07,1104,N20,VIIRS,n,2,296.97,2.45,D,0
48.42672,27.44714,335.11,0.4,0.37,2018-04-07,1104,N20,VIIRS,n,2,296.29,2.01,D,0
48.3692,27.36275,298.16,0.39,0.59,2018-04-07,2318,N20,VIIRS,n,2,275.87,0.47,N,0
48.36909,27.36238,299.43,0.39,0.59,2018-04-07,2318,N20,VIIRS,n,2,276.07,0.61,N,0
48.02728,28.30993,315.46,0.35,0.57,2018-04-07,2318,N20,VIIRS,n,2,276.72,1.26,N,0
48.02738,28.30735,315.9,0.35,0.57,2018-04-07,2318,N20,VIIRS,n,2,276.51,1.2,N,0
47.45063,28.39861,297.8,0.34,0.56,2018-04-07,2318,N20,VIIRS,n,2,274.79,0.31,N,0
47.20892,28.84298,298.97,0.32,0.55,2018-04-07,2318,N20,VIIRS,n,2,275.48,0.9,N,0
48.36627,27.3603,306.4,0.55,0.51,2018-04-08,0059,N20,VIIRS,n,2,275.46,1.45,N,0
48.3553,27.11493,297.5,0.54,0.51,2018-04-08,0059,N20,VIIRS,n,2,274.62,0.96,N,0
48.02548,28.30628,305.5,0.62,0.54,2018-04-08,0059,N20,VIIRS,n,2,274.64,1.37,N,0
48.35606,27.11616,297.92,0.54,0.51,2018-04-08,0059,N20,VIIRS,n,2,274.92,0.57,N,0
48.02776,28.30948,302.01,0.62,0.54,2018-04-08,0059,N20,VIIRS,n,2,274.29,1.68,N,0
46.64635,28.92015,333.93,0.39,0.36,2018-04-08,1045,N20,VIIRS,n,2,298.36,2.74,D,0
46.79116,29.69501,330.41,0.39,0.36,2018-04-08,1045,N20,VIIRS,l,2,303.66,1.46,D,0
47.18299,29.12502,332.05,0.39,0.36,2018-04-08,1045,N20,VIIRS,l,2,303.99,2.14,D,0
47.2547,28.23976,330.92,0.4,0.37,2018-04-08,1045,N20,VIIRS,n,2,300.4,1.41,D,0
47.27522,28.29826,343.52,0.4,0.37,2018-04-08,1045,N20,VIIRS,n,2,304.28,11.39,D,0
47.67184,29.10994,355.04,0.39,0.36,2018-04-08,1045,N20,VIIRS,n,2,303.46,6.21,D,0
47.41873,27.6249,333.2,0.41,0.37,2018-04-08,1045,N20,VIIRS,n,2,299.15,2.37,D,0
48.26936,27.25114,328.8,0.41,0.37,2018-04-08,1045,N20,VIIRS,n,2,286.75,1.91,D,0
45.94502,28.26086,339.62,0.39,0.44,2018-04-09,1026,N20,VIIRS,n,2,299.66,2.41,D,0
46.19967,28.22438,341.33,0.39,0.44,2018-04-09,1026,N20,VIIRS,n,2,302.05,7.06,D,0
46.27362,28.54395,342.01,0.56,0.43,2018-04-09,1026,N20,VIIRS,n,2,302.21,5.82,D,0
46.25292,28.42927,337.05,0.57,0.43,2018-04-09,1026,N20,VIIRS,n,2,303.04,21.23,D,0
46.58394,29.82576,337.96,0.49,0.41,2018-04-09,1026,N20,VIIRS,n,2,303.16,5.89,D,0
46.72655,29.63286,333.29,0.5,0.41,2018-04-09,1026,N20,VIIRS,l,2,303.4,3.82,D,0
46.96777,29.32999,335.31,0.51,0.41,2018-04-09,1026,N20,VIIRS,n,2,304.74,12.16,D,0
47.28893,28.57451,334.42,0.53,0.42,2018-04-09,1026,N20,VIIRS,n,2,301.26,4.03,D,0
48.05855,28.2605,331.71,0.53,0.42,2018-04-09,1026,N20,VIIRS,n,2,300.11,5.53,D,0
48.26728,27.90166,333.86,0.54,0.42,2018-04-09,1026,N20,VIIRS,n,2,297.08,3.46,D,0
48.27099,27.89985,335.9,0.54,0.42,2018-04-09,1026,N20,VIIRS,n,2,297.37,9.25,D,0
45.51848,28.42831,336.45,0.66,0.73,2018-04-09,1206,N20,VIIRS,n,2,294.2,4.13,D,0
46.11124,28.25826,352.52,0.65,0.73,2018-04-09,1207,N20,VIIRS,n,2,302.81,9.47,D,0
46.11296,28.25809,351.71,0.65,0.73,2018-04-09,1207,N20,VIIRS,n,2,302.35,9.52,D,0
47.04778,28.35192,330.09,0.66,0.73,2018-04-09,1207,N20,VIIRS,n,2,296.31,3.31,D,0
47.39196,27.62055,348.32,0.61,0.71,2018-04-09,1207,N20,VIIRS,n,2,298.71,9.26,D,0
47.39619,27.62012,348.36,0.61,0.71,2018-04-09,1207,N20,VIIRS,n,2,297.23,7.46,D,0
47.63599,27.6318,330.33,0.61,0.71,2018-04-09,1207,N20,VIIRS,n,2,294.37,4.91,D,0
48.3249,27.84525,334.56,0.63,0.72,2018-04-09,1207,N20,VIIRS,n,2,296.02,7.27,D,0
48.32497,27.83695,330.6,0.63,0.72,2018-04-09,1207,N20,VIIRS,n,2,296.62,5.95,D,0
48.29143,27.6785,296.32,0.4,0.37,2018-04-10,0021,N20,VIIRS,n,2,277.16,0.23,N,0
48.34457,26.81656,300.85,0.39,0.36,2018-04-10,0021,N20,VIIRS,n,2,278.8,0.6,N,0
45.56554,28.34401,339.87,0.32,0.55,2018-04-10,1007,N20,VIIRS,n,2,300.08,4.78,D,0
45.62548,28.32504,345.72,0.32,0.55,2018-04-10,1007,N20,VIIRS,n,2,297.16,3.15,D,0
45.62444,28.32116,338.41,0.32,0.55,2018-04-10,1007,N20,VIIRS,n,2,301.14,3.15,D,0
45.72289,28.48235,330.48,0.63,0.54,2018-04-10,1007,N20,VIIRS,n,2,299.06,3.97,D,0
47.26322,27.86407,339.33,0.6,0.53,2018-04-10,1007,N20,VIIRS,n,2,300.75,5.26,D,0
48.29536,27.52634,331.44,0.58,0.52,2018-04-10,1008,N20,VIIRS,n,2,300.27,2.67,D,0
48.24787,27.1181,330.04,0.61,0.53,2018-04-10,1008,N20,VIIRS,n,2,299.36,2.23,D,0
45.58247,28.34715,347.15,0.38,0.59,2018-04-10,1147,N20,VIIRS,n,2,301.83,3.85,D,0
45.6285,28.269,337.1,0.38,0.59,2018-04-10,1147,N20,VIIRS,n,2,300.91,2.91,D,0
45.62995,28.26931,332.06,0.38,0.59,2018-04-10,1147,N20,VIIRS,n,2,300.5,3.34,D,0
46.10239,28.69606,334.97,0.4,0.6,2018-04-10,1148,N20,VIIRS,n,2,303.46,1.86,D,0
46.68605,28.6619,331.45,0.4,0.6,2018-04-10,1148,N20,VIIRS,n,2,300.89,2.57,D,0
46.68454,28.66052,333.26,0.4,0.6,2018-04-10,1148,N20,VIIRS,n,2,301.08,1.46,D,0
47.07658,28.65649,339.5,0.41,0.6,2018-04-10,1148,N20,VIIRS,n,2,297.98,4.88,D,0
47.25483,28.05832,336.96,0.38,0.59,2018-04-10,1148,N20,VIIRS,n,2,300.53,5.62,D,0
47.84389,27.85378,333.9,0.38,0.58,2018-04-10,1148,N20,VIIRS,n,2,301.62,3.08,D,0
48.24712,27.11728,337.93,0.35,0.57,2018-04-10,1148,N20,VIIRS,n,2,299.15,1.15,D,0
47.78826,29.03315,296.91,0.39,0.36,2018-04-11,0002,N20,VIIRS,n,2,280.6,0.56,N,0
47.78725,29.01673,296.4,0.39,0.36,2018-04-11,0002,N20,VIIRS,n,2,282.14,0.75,N,2
45.98957,28.4599,347.19,0.46,0.47,2018-04-11,1129,N20,VIIRS,n,2,295.13,5.05,D,0
46.06955,28.64367,335.08,0.47,0.48,2018-04-11,1129,N20,VIIRS,n,2,299.39,2.12,D,0
47.7892,29.0352,322.95,0.51,0.41,2018-04-11,2344,N20,VIIRS,n,2,280.78,2.74,N,0
47.45707,28.30932,336.52,0.72,0.76,2018-04-12,0930,N20,VIIRS,n,2,289.81,9.47,D,0
48.01185,27.90103,331.99,0.72,0.75,2018-04-12,0930,N20,VIIRS,n,2,293.4,5.03,D,0
47.90014,27.36537,367,0.76,0.77,2018-04-12,0930,N20,VIIRS,h,2,295.4,24.36,D,0
47.9006,27.37086,355.6,0.76,0.77,2018-04-12,0930,N20,VIIRS,n,2,292.72,12.4,D,0
47.89714,27.36179,343.8,0.76,0.77,2018-04-12,0930,N20,VIIRS,n,2,292.96,12.4,D,0
45.64477,28.24385,331.08,0.43,0.38,2018-04-12,1110,N20,VIIRS,l,2,303.53,1.36,D,0
45.64825,28.243,334.77,0.43,0.38,2018-04-12,1110,N20,VIIRS,n,2,303.64,3.23,D,0
45.81138,28.31068,337.34,0.44,0.38,2018-04-12,1110,N20,VIIRS,n,2,308.25,3.23,D,0
46.06638,28.51379,335.88,0.45,0.39,2018-04-12,1110,N20,VIIRS,n,2,308.25,3.15,D,0
46.56745,28.58738,338.06,0.45,0.39,2018-04-12,1110,N20,VIIRS,n,2,304.74,3.49,D,0
46.56676,28.58139,336.7,0.45,0.39,2018-04-12,1110,N20,VIIRS,n,2,304.12,3.49,D,0
47.24241,28.70075,332.87,0.47,0.39,2018-04-12,1110,N20,VIIRS,n,2,297.07,1.91,D,0
47.31188,28.45765,345.53,0.46,0.39,2018-04-12,1110,N20,VIIRS,n,2,300.61,9.62,D,0
48.01078,27.89918,334.84,0.45,0.39,2018-04-12,1110,N20,VIIRS,n,2,303.44,4.15,D,0
48.01431,27.89826,353.42,0.45,0.39,2018-04-12,1110,N20,VIIRS,n,2,310.7,25.49,D,0
48.31747,26.82175,334.35,0.42,0.38,2018-04-12,1110,N20,VIIRS,l,2,304.83,4.55,D,0
48.31678,26.81617,331.2,0.42,0.38,2018-04-12,1110,N20,VIIRS,l,2,303.06,4.2,D,0
47.96516,28.37704,306.87,0.58,0.52,2018-04-12,2325,N20,VIIRS,n,2,282.71,1.84,N,0
47.78851,29.01641,295.59,0.54,0.51,2018-04-12,2325,N20,VIIRS,n,2,282,0.67,N,2
45.77635,28.296,333.52,0.39,0.36,2018-04-13,1051,N20,VIIRS,n,2,302,2.37,D,0
46.10599,28.40535,331.15,0.39,0.36,2018-04-13,1051,N20,VIIRS,n,2,303.68,2.18,D,0
46.42835,28.77543,338.55,0.38,0.36,2018-04-13,1051,N20,VIIRS,n,2,302.12,2.21,D,0
46.61942,29.58256,331.95,0.39,0.36,2018-04-13,1051,N20,VIIRS,l,2,302.64,2.49,D,0
46.67199,29.84759,337.44,0.39,0.36,2018-04-13,1051,N20,VIIRS,n,2,300.74,6.92,D,0
46.54425,28.33654,333.52,0.39,0.36,2018-04-13,1051,N20,VIIRS,n,2,303.19,1.25,D,0
46.9894,29.19939,332.62,0.38,0.36,2018-04-13,1051,N20,VIIRS,n,2,301.41,2.58,D,0
47.09787,27.95923,335.39,0.39,0.36,2018-04-13,1051,N20,VIIRS,n,2,302.32,2.18,D,0
47.27536,28.42887,333.76,0.38,0.36,2018-04-13,1051,N20,VIIRS,n,2,300.52,3.5,D,0
47.25968,28.15491,337.44,0.39,0.36,2018-04-13,1051,N20,VIIRS,n,2,302.96,2.88,D,0
47.5345,28.73252,333.87,0.38,0.36,2018-04-13,1051,N20,VIIRS,n,2,302.48,1.77,D,0
47.36085,27.63208,334.09,0.39,0.36,2018-04-13,1051,N20,VIIRS,n,2,304.77,1.7,D,0
47.96175,28.6162,330.11,0.38,0.36,2018-04-13,1051,N20,VIIRS,l,2,300.65,1.56,D,0
47.79311,27.54295,330.09,0.39,0.36,2018-04-13,1051,N20,VIIRS,n,2,299.12,2.99,D,0
48.23197,27.55839,335.38,0.39,0.36,2018-04-13,1051,N20,VIIRS,n,2,299.28,47.57,D,0
48.23114,27.55329,333.29,0.39,0.36,2018-04-13,1051,N20,VIIRS,n,2,297.14,47.57,D,0
48.3964,27.81527,331.98,0.38,0.36,2018-04-13,1051,N20,VIIRS,n,2,299.17,1.83,D,0
48.41273,27.57175,332.1,0.39,0.36,2018-04-13,1051,N20,VIIRS,n,2,298.66,2.14,D,0
48.30435,26.68209,339.62,0.39,0.36,2018-04-13,1052,N20,VIIRS,n,2,299.16,2.43,D,0
48.0295,27.7366,297.76,0.43,0.46,2018-04-14,0046,N20,VIIRS,n,2,280.81,0.42,N,0
46.87386,29.21134,337.54,0.45,0.39,2018-04-14,1032,N20,VIIRS,n,2,302.01,4.71,D,0
47.71077,27.32382,338.17,0.51,0.41,2018-04-14,1033,N20,VIIRS,n,2,292.25,7.64,D,0
47.78652,29.01887,295.53,0.48,0.4,2018-04-15,0027,N20,VIIRS,n,2,282.2,0.62,N,2
47.30281,28.48651,332.9,0.48,0.48,2018-04-15,1014,N20,VIIRS,n,2,300.46,5.31,D,0
47.86226,27.93203,341.1,0.49,0.49,2018-04-15,1014,N20,VIIRS,n,2,303.09,5.12,D,0
48.33448,27.26353,340.36,0.51,0.49,2018-04-15,1014,N20,VIIRS,n,2,301.71,10.04,D,0
46.05674,28.34097,337.04,0.5,0.41,2018-04-17,1116,N20,VIIRS,n,2,282.61,4.26,D,0
46.06048,28.34016,342.4,0.5,0.41,2018-04-17,1116,N20,VIIRS,n,2,289.8,11.24,D,0
46.7336,29.33041,328,0.56,0.43,2018-04-17,1116,N20,VIIRS,n,2,297.28,3.15,D,0
46.96976,28.41403,330.95,0.51,0.41,2018-04-17,1116,N20,VIIRS,n,2,297.65,2.97,D,0
47.9852,27.83498,333.92,0.5,0.41,2018-04-17,1116,N20,VIIRS,n,2,280.47,4.34,D,0
45.74095,28.18916,340.64,0.38,0.36,2018-04-18,1057,N20,VIIRS,n,2,297.88,7.39,D,0
47.80701,27.79796,344.1,0.39,0.36,2018-04-18,1058,N20,VIIRS,n,2,304.09,5.35,D,0
47.81029,27.79689,331.35,0.39,0.36,2018-04-18,1058,N20,VIIRS,n,2,302.5,5.35,D,0
48.01258,27.89872,334.34,0.39,0.36,2018-04-18,1058,N20,VIIRS,n,2,304.22,3.47,D,0
47.71324,27.98755,295.1,0.43,0.62,2018-04-18,2312,N20,VIIRS,n,2,279.41,1.24,N,0
47.7119,27.98771,296.25,0.43,0.62,2018-04-18,2312,N20,VIIRS,n,2,279.32,0.77,N,0
47.71152,27.98816,299.51,0.52,0.5,2018-04-19,0052,N20,VIIRS,n,2,279.62,1.64,N,0
46.44877,29.95281,295.55,0.35,0.56,2018-04-19,0053,N20,VIIRS,n,2,280.74,0.42,N,0
46.44641,29.95252,297.61,0.35,0.56,2018-04-19,0053,N20,VIIRS,n,2,280.53,0.36,N,0
45.86953,28.27296,345.66,0.45,0.39,2018-04-19,1038,N20,VIIRS,n,2,300.65,5.71,D,0
47.18083,28.48268,328.89,0.43,0.38,2018-04-19,1039,N20,VIIRS,n,2,292.36,8.57,D,0
47.52981,28.92954,333.51,0.41,0.37,2018-04-19,1039,N20,VIIRS,n,2,289.33,3.49,D,0
47.50812,28.47457,330.28,0.42,0.38,2018-04-19,1039,N20,VIIRS,n,2,291.01,2.74,D,0
47.61574,27.56715,331.05,0.45,0.39,2018-04-19,1039,N20,VIIRS,n,2,291.09,5.16,D,0
48.01251,27.89866,332.25,0.43,0.38,2018-04-19,1039,N20,VIIRS,n,2,295.7,4.78,D,0
48.36996,27.77335,332.92,0.43,0.38,2018-04-19,1039,N20,VIIRS,n,2,292.9,5.29,D,0
47.79286,28.95599,306.05,0.64,0.72,2018-04-19,2253,N20,VIIRS,n,2,279.12,1.26,N,2
47.79051,28.95669,304.92,0.64,0.72,2018-04-19,2253,N20,VIIRS,n,2,279.8,1.99,N,2
46.22826,28.30034,327.29,0.45,0.47,2018-04-20,1020,N20,VIIRS,n,2,291.84,2.01,D,0
47.02019,28.85202,332.04,0.41,0.45,2018-04-20,1020,N20,VIIRS,n,2,293.67,3.02,D,0
46.93386,28.40073,340.5,0.43,0.46,2018-04-20,1020,N20,VIIRS,n,2,294.92,9.68,D,0
47.11723,28.16062,340.6,0.43,0.46,2018-04-20,1020,N20,VIIRS,n,2,298.65,10.03,D,0
47.11603,28.15547,339.01,0.43,0.46,2018-04-20,1020,N20,VIIRS,n,2,298.73,7.9,D,0
47.27032,28.67651,339.17,0.41,0.45,2018-04-20,1020,N20,VIIRS,n,2,296.91,3.56,D,0
47.49716,28.79543,332.89,0.4,0.44,2018-04-20,1020,N20,VIIRS,n,2,296.9,1.75,D,0
45.96653,28.12721,342.16,0.53,0.67,2018-04-20,1200,N20,VIIRS,n,2,294.47,5.71,D,0
47.4296,28.58549,354.72,0.57,0.69,2018-04-20,1201,N20,VIIRS,n,2,289.66,8.85,D,0
47.43017,28.58053,343.08,0.57,0.69,2018-04-20,1201,N20,VIIRS,n,2,292.18,8.08,D,0
47.79105,28.95731,301.04,0.4,0.37,2018-04-21,0015,N20,VIIRS,n,2,279.83,0.87,N,2
47.78776,28.95606,295.59,0.4,0.37,2018-04-21,0015,N20,VIIRS,n,2,279.53,0.81,N,2
47.71281,27.98528,295.61,0.39,0.36,2018-04-21,0015,N20,VIIRS,n,2,279.12,0.57,N,0
45.89836,28.48288,330.74,0.37,0.58,2018-04-21,1001,N20,VIIRS,n,2,299.14,2.14,D,0
47.1788,28.24834,333,0.34,0.56,2018-04-21,1001,N20,VIIRS,n,2,299.4,1.91,D,0
46.13591,28.1516,332.4,0.63,0.54,2018-04-21,1141,N20,VIIRS,n,2,305.71,4.95,D,0
46.13529,28.15172,332.03,0.63,0.54,2018-04-21,1141,N20,VIIRS,n,2,305.83,5.77,D,0
46.45899,29.85067,333.09,0.38,0.59,2018-04-21,1141,N20,VIIRS,n,2,298.41,1.15,D,0
46.71629,29.66081,340.11,0.38,0.59,2018-04-21,1141,N20,VIIRS,n,2,301.9,4.36,D,0
46.71779,29.65876,348.36,0.38,0.59,2018-04-21,1141,N20,VIIRS,n,2,302.01,4.71,D,0
47.44464,28.86692,330.91,0.35,0.57,2018-04-21,1142,N20,VIIRS,n,2,302.19,1.56,D,0
47.62432,27.92136,333.11,0.63,0.54,2018-04-21,1142,N20,VIIRS,n,2,304.26,5.39,D,0
47.75441,28.23637,332.56,0.33,0.55,2018-04-21,1142,N20,VIIRS,n,2,300.78,2.41,D,0
48.36895,27.79331,301.01,0.44,0.39,2018-04-21,2356,N20,VIIRS,n,2,283.84,0.94,N,0
48.23627,27.93303,298.1,0.44,0.38,2018-04-21,2356,N20,VIIRS,n,2,283.46,0.49,N,0
48.13871,27.38946,295.21,0.45,0.39,2018-04-21,2356,N20,VIIRS,n,2,283.37,0.32,N,0
48.12172,27.08057,296.79,0.46,0.39,2018-04-21,2356,N20,VIIRS,n,2,283.91,0.44,N,0
48.11813,27.07963,335.34,0.46,0.39,2018-04-21,2356,N20,VIIRS,n,2,285.64,3.8,N,0
48.11885,27.07337,318.15,0.46,0.39,2018-04-21,2356,N20,VIIRS,n,2,284,2.72,N,0
48.11526,27.07244,325,0.46,0.39,2018-04-21,2356,N20,VIIRS,n,2,284.08,2.72,N,0
48.11454,27.07868,330.08,0.46,0.39,2018-04-21,2356,N20,VIIRS,n,2,285.33,3.8,N,0
48.11095,27.07773,317.62,0.46,0.39,2018-04-21,2356,N20,VIIRS,n,2,284.47,2.15,N,0
47.78513,29.02011,297.07,0.41,0.37,2018-04-21,2356,N20,VIIRS,n,2,285.62,0.44,N,2
47.79048,28.95399,311.93,0.41,0.37,2018-04-21,2356,N20,VIIRS,n,2,285.77,1.56,N,2
47.08419,28.67462,297.59,0.41,0.37,2018-04-21,2356,N20,VIIRS,n,2,284.87,0.38,N,0
46.43165,28.80949,297.62,0.4,0.37,2018-04-21,2356,N20,VIIRS,n,2,283.02,0.34,N,0
48.10932,27.07373,296.05,0.68,0.74,2018-04-22,0136,N20,VIIRS,n,2,270.15,2.19,N,0
48.11221,27.07894,296.13,0.68,0.74,2018-04-22,0136,N20,VIIRS,n,2,273.28,3.16,N,0
46.72278,29.58555,345.14,0.5,0.66,2018-04-22,0942,N20,VIIRS,n,2,297.32,4.07,D,0
46.72473,29.58272,345,0.5,0.66,2018-04-22,0942,N20,VIIRS,n,2,298.47,6.37,D,0
47.97026,27.89702,344.58,0.54,0.67,2018-04-22,0943,N20,VIIRS,n,2,296.99,5.48,D,0
47.97063,27.89808,332.01,0.53,0.67,2018-04-22,0943,N20,VIIRS,n,2,295.13,3.8,D,0
45.59791,28.40034,339.99,0.38,0.43,2018-04-22,1122,N20,VIIRS,n,2,304.07,4.3,D,0
45.59919,28.39791,336.45,0.38,0.43,2018-04-22,1122,N20,VIIRS,n,2,303.91,4.07,D,0
45.80352,28.31007,332.52,0.57,0.43,2018-04-22,1122,N20,VIIRS,n,2,305.34,5.71,D,0
45.80518,28.30997,331.01,0.57,0.43,2018-04-22,1122,N20,VIIRS,n,2,299.88,3.42,D,0
46.47815,28.90251,332.86,0.41,0.45,2018-04-22,1122,N20,VIIRS,n,2,303.56,2.96,D,0
46.60157,28.29945,340.88,0.39,0.44,2018-04-22,1122,N20,VIIRS,n,2,299.69,8.65,D,0
46.60559,28.2988,337.89,0.39,0.44,2018-04-22,1122,N20,VIIRS,n,2,300.22,8.65,D,0
48.3241,27.0672,345.21,0.54,0.42,2018-04-22,1123,N20,VIIRS,n,2,303.86,13.46,D,0
48.333,27.07756,301.73,0.48,0.48,2018-04-22,2337,N20,VIIRS,n,2,275.02,0.94,N,0
48.12122,27.06741,308.61,0.48,0.48,2018-04-22,2337,N20,VIIRS,n,2,276.37,1.87,N,0
48.11726,27.06013,300.61,0.48,0.48,2018-04-22,2337,N20,VIIRS,n,2,276.96,1.12,N,0
48.11679,27.06669,307.47,0.48,0.48,2018-04-22,2337,N20,VIIRS,n,2,277.57,1.87,N,0
47.78965,28.9572,307.89,0.39,0.44,2018-04-22,2337,N20,VIIRS,n,2,280.17,1.57,N,2
47.78977,28.95618,305.24,0.39,0.44,2018-04-22,2337,N20,VIIRS,n,2,279.79,1.26,N,2
46.79216,29.09797,298.33,0.57,0.43,2018-04-22,2337,N20,VIIRS,n,2,279.07,1.17,N,0
47.78889,28.95526,300.86,0.53,0.67,2018-04-23,0117,N20,VIIRS,n,2,277.54,1.01,N,2
45.80112,28.2356,337.17,0.4,0.37,2018-04-23,1103,N20,VIIRS,n,2,304.7,2.95,D,0
46.02508,28.62621,333.95,0.41,0.37,2018-04-23,1103,N20,VIIRS,l,2,307.21,2.72,D,0
46.04713,28.12939,333.43,0.4,0.37,2018-04-23,1103,N20,VIIRS,l,2,303.75,6.16,D,0
46.56084,29.49722,335.92,0.43,0.38,2018-04-23,1103,N20,VIIRS,n,2,308.9,3.29,D,0
46.64381,29.34759,336.29,0.43,0.38,2018-04-23,1103,N20,VIIRS,n,2,309.23,1.89,D,0
46.9903,29.20467,334.17,0.43,0.38,2018-04-23,1104,N20,VIIRS,n,2,306.48,2.93,D,0
46.9896,29.19901,333.71,0.43,0.38,2018-04-23,1104,N20,VIIRS,n,2,305.23,1.39,D,0
46.97815,28.77643,335.76,0.42,0.38,2018-04-23,1104,N20,VIIRS,n,2,303.54,1.8,D,0
47.22212,28.59924,332.05,0.42,0.37,2018-04-23,1104,N20,VIIRS,n,2,306.87,3.46,D,0
47.2449,27.96479,330.47,0.4,0.37,2018-04-23,1104,N20,VIIRS,l,2,300.61,1.7,D,0
47.41802,29.10247,332.24,0.43,0.38,2018-04-23,1104,N20,VIIRS,l,2,304.52,1.65,D,0
48.27845,27.08407,337.91,0.4,0.37,2018-04-23,1104,N20,VIIRS,n,2,303.22,2.49,D,0
48.40163,27.80761,327.02,0.4,0.37,2018-04-24,1045,N20,VIIRS,n,2,295.09,1.88,D,0
47.79396,28.95476,296.53,0.54,0.68,2018-04-24,2259,N20,VIIRS,n,2,280.82,1.4,N,2
47.78619,29.03391,305.39,0.42,0.45,2018-04-25,0040,N20,VIIRS,n,2,282,0.78,N,0
47.7906,28.95842,304.14,0.42,0.45,2018-04-25,0040,N20,VIIRS,n,2,283.27,1.62,N,2
46.69912,29.14508,331.47,0.52,0.42,2018-04-25,1026,N20,VIIRS,n,2,304.16,2.24,D,0
46.98523,29.13659,342.33,0.52,0.41,2018-04-25,1026,N20,VIIRS,n,2,297.19,5.93,D,0
47.79161,28.95441,304.51,0.43,0.38,2018-04-26,0021,N20,VIIRS,n,2,284.97,0.87,N,2
47.78824,28.95297,299.54,0.43,0.38,2018-04-26,0021,N20,VIIRS,n,2,283.61,0.95,N,2
45.7439,28.18909,338.95,0.32,0.55,2018-04-26,1007,N20,VIIRS,n,2,304.7,3.36,D,0
46.6461,28.28572,342.75,0.39,0.59,2018-04-26,1148,N20,VIIRS,n,2,301.95,2.84,D,0
48.33447,27.84037,334.36,0.38,0.59,2018-04-26,1148,N20,VIIRS,n,2,295.63,2.18,D,0
48.33585,27.84204,331.96,0.38,0.59,2018-04-26,1148,N20,VIIRS,n,2,294.66,3.13,D,0
47.79018,28.95494,302.68,0.51,0.41,2018-04-27,2343,N20,VIIRS,n,2,279.68,1.46,N,2
47.78691,28.95355,295.52,0.62,0.71,2018-04-28,0123,N20,VIIRS,n,2,275.34,1.26,N,2
45.73281,28.45535,335.95,0.44,0.38,2018-04-28,1109,N20,VIIRS,n,2,302.6,4.63,D,0
45.88186,28.5319,333,0.45,0.39,2018-04-28,1110,N20,VIIRS,l,2,303.1,3.65,D,0
45.96037,28.45975,334.27,0.44,0.39,2018-04-28,1110,N20,VIIRS,n,2,300.68,4.08,D,0
47.35526,28.10652,331.58,0.45,0.39,2018-04-28,1110,N20,VIIRS,n,2,287.45,2.93,D,0
47.68593,28.40485,335.83,0.46,0.39,2018-04-28,1110,N20,VIIRS,l,2,306.46,6.19,D,0
48.33022,27.06098,297.53,0.34,0.56,2018-04-28,2324,N20,VIIRS,n,2,282.45,0.33,N,0
47.78998,28.95311,303.3,0.55,0.51,2018-04-28,2324,N20,VIIRS,n,2,284.26,0.99,N,2
47.78594,29.0192,295.56,0.54,0.51,2018-04-28,2324,N20,VIIRS,n,2,284.16,0.91,N,2
47.78401,29.01866,297.02,0.39,0.6,2018-04-29,0105,N20,VIIRS,n,2,283.14,0.73,N,0
47.79153,28.95432,301.89,0.39,0.59,2018-04-29,0105,N20,VIIRS,n,2,282.6,0.99,N,2
47.78892,28.95537,310.33,0.39,0.59,2018-04-29,0105,N20,VIIRS,n,2,284.22,1.23,N,2
45.90282,28.40362,330.3,0.39,0.36,2018-04-29,1051,N20,VIIRS,l,2,303.48,2.56,D,0
46.32786,28.72656,342.02,0.38,0.36,2018-04-29,1051,N20,VIIRS,n,2,308.28,4.18,D,0
47.99462,28.34141,335.33,0.38,0.36,2018-04-29,1051,N20,VIIRS,l,2,308.04,4.64,D,0
47.99788,28.3403,341.02,0.38,0.36,2018-04-29,1051,N20,VIIRS,n,2,305.71,4.64,D,0
47.78917,28.95544,310.43,0.46,0.63,2018-04-29,2305,N20,VIIRS,n,2,284.74,1.44,N,2
47.78791,29.01756,297.92,0.45,0.63,2018-04-29,2305,N20,VIIRS,n,2,284.13,0.87,N,2
47.78623,29.02078,295.99,0.49,0.49,2018-04-30,0046,N20,VIIRS,n,2,282.47,1.05,N,2
47.78912,28.95215,300.75,0.49,0.48,2018-04-30,0046,N20,VIIRS,n,2,280.02,2.2,N,2
46.22922,28.4928,336.86,0.49,0.4,2018-04-30,1032,N20,VIIRS,n,2,310.34,2.95,D,0
46.5469,29.75392,336.04,0.44,0.39,2018-04-30,1032,N20,VIIRS,n,2,308.28,5.27,D,0
47.10679,28.87705,331.14,0.46,0.39,2018-04-30,1032,N20,VIIRS,n,2,303.9,1.59,D,0
47.13126,28.28949,330.41,0.48,0.4,2018-04-30,1032,N20,VIIRS,l,2,305.25,3.07,D,0
48.04451,28.29646,333.25,0.47,0.39,2018-04-30,1032,N20,VIIRS,n,2,306.17,3.44,D,0
48.14971,27.03245,355.78,0.68,0.74,2018-04-30,1213,N20,VIIRS,n,2,305.58,23.67,D,0
48.14935,27.03261,367,0.68,0.74,2018-04-30,1213,N20,VIIRS,h,2,305.38,12.54,D,0
48.15624,27.03266,346.01,0.68,0.74,2018-04-30,1213,N20,VIIRS,n,2,303.37,12.54,D,0
47.79102,28.95577,303.83,0.76,0.77,2018-04-30,2246,N20,VIIRS,n,2,284.03,1.53,N,2
47.78449,29.0177,297.24,0.48,0.4,2018-05-01,0027,N20,VIIRS,n,2,283.97,0.86,N,2
47.78495,29.01747,295.05,0.48,0.4,2018-05-01,0027,N20,VIIRS,n,2,283.53,1,N,2
47.79044,28.95263,298.22,0.48,0.4,2018-05-01,0027,N20,VIIRS,n,2,282.75,0.99,N,2
47.78918,28.95883,299.22,0.48,0.4,2018-05-01,0027,N20,VIIRS,n,2,283.97,0.99,N,2
46.7345,29.33055,333.81,0.46,0.47,2018-05-01,1013,N20,VIIRS,n,2,307.11,2.42,D,0
47.85975,29.20194,352.22,0.44,0.46,2018-05-01,1014,N20,VIIRS,n,2,305.73,16.54,D,0
48.15414,27.53843,341.17,0.5,0.49,2018-05-01,1014,N20,VIIRS,n,2,297.36,3.72,D,0
45.65199,28.41656,335.14,0.46,0.64,2018-05-01,1154,N20,VIIRS,n,2,307.19,3.09,D,0
47.68588,28.1202,367,0.46,0.63,2018-05-01,1154,N20,VIIRS,h,2,296.06,12.5,D,0
47.78666,29.01925,303.85,0.38,0.36,2018-05-02,0008,N20,VIIRS,n,2,285.55,0.88,N,2
47.78996,28.9564,313.56,0.38,0.36,2018-05-02,0008,N20,VIIRS,n,2,287.23,1.65,N,2
47.71309,27.98429,297.12,0.38,0.36,2018-05-02,0009,N20,VIIRS,n,2,284.51,0.58,N,0
47.45187,28.60283,297.29,0.38,0.36,2018-05-02,0009,N20,VIIRS,n,2,284.79,0.37,N,0
46.71648,28.54315,332.71,0.4,0.6,2018-05-02,0955,N20,VIIRS,l,2,303.8,1.49,D,0
47.45495,28.56247,353.53,0.38,0.59,2018-05-02,0955,N20,VIIRS,n,2,306.79,7.19,D,0
48.33106,27.02982,349.21,0.42,0.61,2018-05-02,0955,N20,VIIRS,n,2,298.89,8.38,D,0
48.3345,27.02489,367,0.42,0.61,2018-05-02,0955,N20,VIIRS,h,2,301.79,7.66,D,0
46.22296,28.2516,339.89,0.54,0.5,2018-05-02,1135,N20,VIIRS,n,2,312.92,5.6,D,0
46.7132,28.54272,344.52,0.56,0.51,2018-05-02,1135,N20,VIIRS,n,2,307.72,4.37,D,0
46.71797,28.54225,335.1,0.56,0.51,2018-05-02,1135,N20,VIIRS,l,2,307.85,4.9,D,0
47.41117,28.56311,344.13,0.57,0.52,2018-05-02,1135,N20,VIIRS,n,2,311.08,6.77,D,0
47.45849,28.55694,336.01,0.57,0.52,2018-05-02,1135,N20,VIIRS,l,2,307.63,3.52,D,0
48.20172,26.95796,301.21,0.53,0.42,2018-05-02,2350,N20,VIIRS,n,2,283.31,0.43,N,0
47.7866,29.02008,305.89,0.45,0.39,2018-05-02,2350,N20,VIIRS,n,2,285.8,0.98,N,2
47.79076,28.95324,308.46,0.45,0.39,2018-05-02,2350,N20,VIIRS,n,2,284.91,1.03,N,2
47.78444,29.01828,300.38,0.45,0.39,2018-05-02,2350,N20,VIIRS,n,2,284.44,0.96,N,2
47.78811,28.95752,311.1,0.45,0.39,2018-05-02,2350,N20,VIIRS,n,2,285.46,1.93,N,2
47.78848,28.95243,297.12,0.72,0.75,2018-05-03,0130,N20,VIIRS,n,2,281.29,1.06,N,2
46.47116,29.94389,335.26,0.58,0.69,2018-05-03,0936,N20,VIIRS,n,2,297.78,10.36,D,0
46.47375,29.94216,344.86,0.58,0.69,2018-05-03,0936,N20,VIIRS,n,2,297.83,7.53,D,0
47.18263,28.79279,336.13,0.53,0.42,2018-05-03,1116,N20,VIIRS,l,2,308.67,2.88,D,0
47.9898,28.39258,343.85,0.53,0.42,2018-05-03,1116,N20,VIIRS,n,2,305.84,12.72,D,0
47.99363,28.39179,338.7,0.53,0.42,2018-05-03,1116,N20,VIIRS,n,2,305.1,5.99,D,0
47.79226,28.95364,302.35,0.46,0.47,2018-05-03,2331,N20,VIIRS,n,2,285.16,1.57,N,2
47.79023,28.95255,296.04,0.46,0.63,2018-05-04,0111,N20,VIIRS,n,2,282.99,0.77,N,2
47.7884,28.95828,295.66,0.46,0.63,2018-05-04,0111,N20,VIIRS,n,2,284.76,0.9,N,2
46.08615,28.18811,340.35,0.39,0.36,2018-05-04,1057,N20,VIIRS,n,2,309.46,1.56,D,0
47.16003,29.00191,338.59,0.4,0.37,2018-05-04,1057,N20,VIIRS,n,2,311.78,2.83,D,0
47.89947,29.12039,337.4,0.4,0.37,2018-05-04,1057,N20,VIIRS,l,2,308.27,15.76,D,0
47.90017,29.12569,355.62,0.4,0.37,2018-05-04,1057,N20,VIIRS,l,2,306.74,15.76,D,0
48.37378,27.80824,297.55,0.44,0.62,2018-05-04,2312,N20,VIIRS,n,2,285.76,0.49,N,0
48.35783,27.1173,320.51,0.47,0.64,2018-05-04,2312,N20,VIIRS,n,2,281.65,2.33,N,0
47.7902,28.95494,312.15,0.38,0.59,2018-05-04,2312,N20,VIIRS,n,2,286.57,1.54,N,2
47.78807,29.01752,305.88,0.38,0.59,2018-05-04,2312,N20,VIIRS,n,2,286.79,0.83,N,2
47.78753,29.03338,306.43,0.38,0.59,2018-05-04,2312,N20,VIIRS,n,2,285.49,1,N,0
48.35317,27.1165,296.29,0.46,0.47,2018-05-05,0052,N20,VIIRS,n,2,282.43,0.51,N,0
47.7904,28.95806,307,0.57,0.52,2018-05-05,0052,N20,VIIRS,n,2,286.16,2.06,N,2
46.44773,29.96358,338.66,0.4,0.37,2018-05-05,1038,N20,VIIRS,n,2,309.72,6.6,D,0
46.45104,29.96237,350.27,0.4,0.37,2018-05-05,1038,N20,VIIRS,n,2,311.56,6.6,D,0
47.37166,29.18329,340.15,0.41,0.37,2018-05-05,1038,N20,VIIRS,n,2,311.39,6.32,D,0
48.26643,27.64487,336.4,0.43,0.38,2018-05-05,1039,N20,VIIRS,l,2,306.97,3.03,D,0
48.26875,27.63774,343.92,0.43,0.38,2018-05-05,1039,N20,VIIRS,n,2,313.35,11.13,D,0
47.79247,28.95893,298.55,0.64,0.72,2018-05-05,2253,N20,VIIRS,n,2,285.72,0.85,N,0
47.78371,29.02067,299.39,0.55,0.42,2018-05-06,0033,N20,VIIRS,n,2,287.78,0.89,N,2
47.79007,28.95447,309.02,0.54,0.42,2018-05-06,0033,N20,VIIRS,n,2,289.15,1.88,N,2
47.78648,29.02028,307.36,0.4,0.37,2018-05-07,0015,N20,VIIRS,n,2,287.3,0.73,N,2
47.79092,28.95545,314.46,0.4,0.37,2018-05-07,0015,N20,VIIRS,n,2,288.08,1.6,N,2
46.99879,29.00992,299.35,0.4,0.37,2018-05-07,0015,N20,VIIRS,n,2,286.54,0.42,N,0
46.24776,28.68876,330.49,0.35,0.57,2018-05-07,1001,N20,VIIRS,n,2,297.31,3.32,D,0
46.31638,28.59577,330.92,0.33,0.55,2018-05-07,1141,N20,VIIRS,n,2,297.8,0.38,D,0
46.49839,29.5741,333.52,0.37,0.58,2018-05-07,1141,N20,VIIRS,n,2,296.7,2.97,D,0
47.78503,29.0198,295.32,0.53,0.67,2018-05-09,0117,N20,VIIRS,n,2,282.22,1.24,N,2
47.78881,29.01781,304.24,0.32,0.55,2018-05-09,2318,N20,VIIRS,n,2,279.61,0.69,N,2
48.30136,27.86449,332.97,0.4,0.37,2018-05-10,1045,N20,VIIRS,n,2,301.44,2.29,D,0
47.78775,29.0138,298.6,0.54,0.68,2018-05-10,2259,N20,VIIRS,n,2,283.17,1.64,N,2
47.78965,29.01665,295.13,0.42,0.45,2018-05-11,0040,N20,VIIRS,n,2,282.56,0.49,N,2
47.78444,29.01986,304.22,0.42,0.45,2018-05-11,0040,N20,VIIRS,n,2,285.15,1.34,N,2
46.41789,29.95131,329.48,0.49,0.41,2018-05-11,1026,N20,VIIRS,n,2,302.31,1.55,D,0
48.41064,27.7659,332.14,0.54,0.42,2018-05-11,1026,N20,VIIRS,n,2,301.01,4.49,D,0
48.28226,27.08745,339.56,0.39,0.44,2018-05-11,1026,N20,VIIRS,n,2,307.23,2.82,D,0
46.41601,29.95597,337.81,0.78,0.78,2018-05-11,1206,N20,VIIRS,n,2,295.39,5.51,D,0
46.41715,29.95741,333.04,0.78,0.78,2018-05-11,1206,N20,VIIRS,n,2,294.85,5.96,D,0
47.7874,29.01659,298.35,0.43,0.38,2018-05-12,0021,N20,VIIRS,n,2,275.6,1.04,N,2
47.78489,29.01521,298.63,0.54,0.51,2018-05-14,2324,N20,VIIRS,n,2,281.01,1.23,N,2
47.7897,29.01512,295.34,0.48,0.4,2018-05-17,0027,N20,VIIRS,n,2,282.65,0.53,N,2
47.78529,29.01936,301.44,0.48,0.4,2018-05-17,0027,N20,VIIRS,n,2,284.31,1.57,N,2
47.78959,29.01647,297.56,0.38,0.36,2018-05-18,0008,N20,VIIRS,n,2,284.19,0.59,N,2
47.78552,29.02036,303.96,0.38,0.36,2018-05-18,0008,N20,VIIRS,n,2,285.86,1.18,N,2
46.17324,28.25775,339.42,0.53,0.5,2018-05-18,1135,N20,VIIRS,n,2,295.14,5.64,D,0
47.78704,29.01607,305.36,0.45,0.39,2018-05-18,2349,N20,VIIRS,n,2,284.97,0.82,N,2
47.78678,29.01674,303.32,0.46,0.47,2018-05-19,2331,N20,VIIRS,n,2,281.61,1.4,N,2
47.78377,29.01907,299.96,0.46,0.63,2018-05-20,0111,N20,VIIRS,n,2,282.02,1.69,N,2
46.26979,28.20398,331.94,0.39,0.36,2018-05-20,1057,N20,VIIRS,n,2,297.95,2.69,D,0
46.74423,29.42133,334.22,0.4,0.37,2018-05-20,1057,N20,VIIRS,n,2,300.78,2.17,D,0
47.78942,29.01456,295.91,0.38,0.59,2018-05-20,2312,N20,VIIRS,n,2,280.34,0.98,N,2
47.78923,29.02005,295.24,0.38,0.59,2018-05-20,2312,N20,VIIRS,n,2,280.5,1.25,N,2
47.7844,29.01684,297.2,0.57,0.52,2018-05-21,0052,N20,VIIRS,n,2,281.62,0.78,N,2
47.78552,29.01891,296.78,0.64,0.72,2018-05-21,2253,N20,VIIRS,n,2,282.15,1.36,N,2
47.78747,29.01992,299.59,0.54,0.42,2018-05-22,0033,N20,VIIRS,n,2,282.48,1.12,N,2
46.17332,28.26371,328.63,0.54,0.68,2018-05-22,1200,N20,VIIRS,l,2,301.08,5.96,D,0
46.16988,28.2625,334.37,0.54,0.68,2018-05-22,1200,N20,VIIRS,n,2,300.73,3.21,D,0
47.78472,29.01977,307.49,0.4,0.37,2018-05-23,0015,N20,VIIRS,n,2,285.67,1.29,N,2
47.78643,29.03426,308.54,0.41,0.37,2018-05-23,2356,N20,VIIRS,n,2,286.41,1.43,N,0
47.78524,29.01693,305.08,0.41,0.37,2018-05-23,2356,N20,VIIRS,n,2,286.19,1.41,N,2
45.61127,28.12954,367,0.63,0.72,2018-05-24,0942,N20,VIIRS,h,2,292.01,24.3,D,0
48.27404,27.71919,341.02,0.38,0.43,2018-05-24,1123,N20,VIIRS,n,2,306.63,4.38,D,0
47.78522,29.0187,306.28,0.39,0.44,2018-05-24,2337,N20,VIIRS,n,2,287.8,1.28,N,2
47.78812,29.02106,299.43,0.53,0.67,2018-05-25,0117,N20,VIIRS,n,2,284.41,0.59,N,2
48.20065,27.69086,338.6,0.4,0.37,2018-05-25,1104,N20,VIIRS,n,2,303.77,4.43,D,0
47.78841,29.0193,307.43,0.32,0.55,2018-05-25,2318,N20,VIIRS,n,2,287.66,0.79,N,2
47.78516,29.01966,305.47,0.32,0.55,2018-05-25,2318,N20,VIIRS,n,2,287.88,1.23,N,2
47.20808,28.90514,314.13,0.32,0.55,2018-05-25,2318,N20,VIIRS,n,2,285.83,0.59,N,0
47.78469,29.01901,307.39,0.33,0.56,2018-05-26,0058,N20,VIIRS,n,2,287.57,0.99,N,2
47.78859,29.03533,316.88,0.43,0.38,2018-05-28,0021,N20,VIIRS,n,2,282.48,1.25,N,0
47.78497,29.01588,302.61,0.43,0.38,2018-05-28,0021,N20,VIIRS,n,2,283.18,0.68,N,2
47.95782,28.62417,308.77,0.39,0.36,2018-05-29,0002,N20,VIIRS,n,2,282.39,0.73,N,0
47.78904,29.03346,297.16,0.39,0.36,2018-05-29,0002,N20,VIIRS,n,2,283.45,0.7,N,0
47.78803,29.017,297.46,0.39,0.36,2018-05-29,0002,N20,VIIRS,n,2,285.42,0.5,N,2
47.78475,29.01593,297.95,0.39,0.36,2018-05-29,0002,N20,VIIRS,n,2,284.9,0.89,N,2
47.7905,28.95335,302.57,0.39,0.36,2018-05-29,0002,N20,VIIRS,n,2,284.3,1.04,N,2
47.78975,28.95848,307.21,0.39,0.36,2018-05-29,0002,N20,VIIRS,n,2,285.84,1.04,N,2
45.95079,28.70012,341.95,0.47,0.48,2018-05-29,1128,N20,VIIRS,n,2,307.14,6.22,D,0
45.95049,28.69819,349.53,0.47,0.48,2018-05-29,1128,N20,VIIRS,n,2,307.43,10.16,D,0
47.4581,28.41982,340.33,0.47,0.48,2018-05-29,1129,N20,VIIRS,n,2,303.63,5.12,D,0
48.01256,27.89758,339.52,0.45,0.47,2018-05-29,1129,N20,VIIRS,n,2,310.55,5.44,D,0
47.78689,29.01746,303.03,0.51,0.41,2018-05-29,2343,N20,VIIRS,n,2,285.98,0.92,N,2
47.79006,28.95438,295.55,0.61,0.71,2018-05-30,0123,N20,VIIRS,n,2,282.22,0.82,N,2
47.79201,28.95529,305.81,0.55,0.51,2018-05-30,2324,N20,VIIRS,n,2,286.56,2.17,N,2
47.78827,29.01945,304.73,0.39,0.59,2018-05-31,0104,N20,VIIRS,n,2,285.25,1.22,N,2
47.78907,28.95704,305.06,0.39,0.59,2018-05-31,0104,N20,VIIRS,n,2,285.8,1.71,N,2
47.6179,28.93617,338.72,0.38,0.36,2018-05-31,1051,N20,VIIRS,n,2,307.6,2.06,D,0
47.79044,28.95555,313.11,0.46,0.63,2018-05-31,2305,N20,VIIRS,n,2,288.96,1.48,N,2
47.78933,29.01809,305.86,0.46,0.63,2018-05-31,2305,N20,VIIRS,n,2,287.72,1.56,N,2
47.79238,28.95466,309.01,0.46,0.63,2018-05-31,2305,N20,VIIRS,n,2,287.99,2.05,N,2
47.78509,29.01658,307.34,0.46,0.63,2018-05-31,2305,N20,VIIRS,n,2,287.88,1.24,N,2
47.78523,29.01789,302.82,0.49,0.48,2018-06-01,0046,N20,VIIRS,n,2,288.44,1.55,N,2
47.79085,28.95815,308.4,0.48,0.48,2018-06-01,0046,N20,VIIRS,n,2,287.89,2.32,N,2
47.78619,29.0173,306.68,0.49,0.48,2018-06-01,0046,N20,VIIRS,n,2,288.79,0.95,N,2
47.79154,28.95731,306.12,0.48,0.48,2018-06-01,0046,N20,VIIRS,n,2,287.36,1.79,N,0
46.03489,28.80768,335.25,0.49,0.4,2018-06-01,1032,N20,VIIRS,n,2,303.91,2.96,D,0
46.28958,28.83099,330.41,0.48,0.4,2018-06-01,1032,N20,VIIRS,n,2,304.94,1.87,D,0
48.31751,27.72282,336.35,0.48,0.4,2018-06-01,1032,N20,VIIRS,l,2,308.19,6.88,D,0
47.79109,28.95168,297.56,0.77,0.77,2018-06-01,2246,N20,VIIRS,n,2,282.62,1.11,N,2
47.78535,29.01449,299.36,0.76,0.77,2018-06-01,2246,N20,VIIRS,n,2,283.91,1.75,N,2
47.78946,28.95762,299.55,0.77,0.77,2018-06-01,2246,N20,VIIRS,n,2,283.53,1.31,N,2
47.79086,29.03184,307.49,0.76,0.77,2018-06-01,2246,N20,VIIRS,n,2,281.53,3.09,N,0
47.78806,29.03016,295.89,0.48,0.4,2018-06-02,0027,N20,VIIRS,n,2,281.65,0.82,N,0
47.78702,29.01639,304.05,0.48,0.4,2018-06-02,0027,N20,VIIRS,n,2,284.66,1.56,N,2
47.79129,28.95799,300.36,0.47,0.4,2018-06-02,0027,N20,VIIRS,n,2,283.29,1.1,N,2
47.78774,28.95648,301.71,0.47,0.4,2018-06-02,0027,N20,VIIRS,n,2,283.93,1.1,N,2
46.67173,28.52277,340.49,0.5,0.49,2018-06-02,1013,N20,VIIRS,n,2,304.75,8.79,D,0
46.67341,28.5207,333.97,0.5,0.49,2018-06-02,1013,N20,VIIRS,n,2,302.01,3.08,D,0
46.77416,28.51766,332.65,0.5,0.49,2018-06-02,1013,N20,VIIRS,n,2,301.05,3.05,D,0
46.90783,28.71523,342.8,0.49,0.48,2018-06-02,1013,N20,VIIRS,n,2,306.35,6.91,D,0
47.29606,29.14042,331.39,0.46,0.47,2018-06-02,1013,N20,VIIRS,l,2,306.05,5.24,D,0
47.35957,28.22641,335.96,0.5,0.49,2018-06-02,1013,N20,VIIRS,n,2,298.25,3.67,D,0
46.87415,28.83237,297.8,0.39,0.36,2018-06-03,0008,N20,VIIRS,n,2,286.01,0.47,N,0
47.78553,29.02072,305.03,0.45,0.39,2018-06-03,2349,N20,VIIRS,n,2,288.48,1.22,N,2
47.78987,28.95364,311,0.45,0.39,2018-06-03,2349,N20,VIIRS,n,2,287.83,1.78,N,2
47.78888,28.95807,302.56,0.46,0.47,2018-06-04,2330,N20,VIIRS,n,2,282.6,2.02,N,2
47.79263,28.9585,300.91,0.39,0.59,2018-06-05,2311,N20,VIIRS,n,2,281.87,1.07,N,0
47.79017,29.03195,296.35,0.38,0.59,2018-06-05,2311,N20,VIIRS,n,2,281.16,0.31,N,0
46.48964,29.93141,299.35,0.34,0.56,2018-06-05,2312,N20,VIIRS,n,2,286.8,0.37,N,0
47.16762,28.56102,295.3,0.57,0.52,2018-06-06,0052,N20,VIIRS,n,2,283.26,0.19,N,0
47.78991,28.95179,298.6,0.65,0.73,2018-06-06,2252,N20,VIIRS,n,2,281.87,1.84,N,2
47.78803,28.95322,299.22,0.65,0.73,2018-06-06,2252,N20,VIIRS,n,2,281.27,1.15,N,2
47.78779,29.01887,298.39,0.54,0.42,2018-06-07,0033,N20,VIIRS,n,2,282.83,1.16,N,2
47.7888,28.95817,308.13,0.54,0.42,2018-06-07,0033,N20,VIIRS,n,2,284.19,2.36,N,2
47.15465,28.62704,347.63,0.42,0.45,2018-06-07,1019,N20,VIIRS,n,2,298.89,6.16,D,0
47.70374,29.05913,339.41,0.39,0.44,2018-06-07,1019,N20,VIIRS,n,2,275.39,5.53,D,0
47.70263,29.05416,341.16,0.39,0.44,2018-06-07,1019,N20,VIIRS,n,2,274.53,7.15,D,0
47.85812,29.23227,311.22,0.4,0.37,2018-06-08,0014,N20,VIIRS,n,2,285.9,1.21,N,0
47.78964,29.01492,296,0.4,0.37,2018-06-08,0014,N20,VIIRS,n,2,285.57,0.45,N,2
47.78545,29.01882,299.64,0.4,0.37,2018-06-08,0014,N20,VIIRS,n,2,287.46,1.12,N,2
47.78983,28.95409,305.43,0.4,0.37,2018-06-08,0014,N20,VIIRS,n,2,287.21,1.23,N,2
47.70317,29.05696,299.98,0.4,0.37,2018-06-08,0014,N20,VIIRS,n,2,285.42,0.6,N,0
47.30236,28.16273,331.66,0.35,0.56,2018-06-08,1001,N20,VIIRS,n,2,290.76,2.75,D,0
46.30397,28.70693,330.23,0.33,0.56,2018-06-08,1141,N20,VIIRS,n,2,295.34,1.59,D,0
46.07573,28.44941,330.07,0.32,0.55,2018-06-08,1141,N20,VIIRS,n,2,296.58,3.02,D,0
47.7877,29.02044,301.77,0.39,0.44,2018-06-09,2337,N20,VIIRS,n,2,288.18,0.57,N,2
47.7895,28.95593,309.65,0.4,0.44,2018-06-09,2337,N20,VIIRS,n,2,289.56,1.42,N,2
47.36812,28.84015,298.34,0.4,0.44,2018-06-09,2337,N20,VIIRS,n,2,287.72,0.4,N,0
47.20345,29.32356,311.06,0.57,0.43,2018-06-09,2337,N20,VIIRS,n,2,288.4,1.33,N,0
48.16947,27.3301,303.15,0.47,0.48,2018-06-09,2337,N20,VIIRS,n,2,286.99,0.74,N,0
47.78821,29.01502,297.96,0.39,0.44,2018-06-09,2337,N20,VIIRS,n,2,287.66,0.57,N,2
47.79347,28.95482,295.44,0.53,0.67,2018-06-10,0117,N20,VIIRS,n,2,284.85,1,N,2
48.16911,27.33239,301.89,0.44,0.62,2018-06-10,0117,N20,VIIRS,n,2,285.2,0.79,N,0
47.20105,29.31787,300.56,0.57,0.69,2018-06-10,0117,N20,VIIRS,n,2,285.22,1.22,N,0
47.20381,29.3207,300.61,0.57,0.69,2018-06-10,0117,N20,VIIRS,n,2,285.77,0.86,N,0
48.28674,26.82737,331.91,0.39,0.36,2018-06-10,1104,N20,VIIRS,n,2,297.51,2.62,D,0
47.78507,29.0188,299.36,0.32,0.55,2018-06-10,2318,N20,VIIRS,n,2,286.52,1.84,N,2
47.78786,28.95691,302.77,0.33,0.55,2018-06-10,2318,N20,VIIRS,n,2,286.25,1.82,N,2
47.79029,28.95585,318.69,0.33,0.55,2018-06-10,2318,N20,VIIRS,n,2,287.49,1.57,N,2
47.78718,29.01757,306.99,0.32,0.55,2018-06-10,2318,N20,VIIRS,n,2,287.39,1.12,N,2
47.79059,28.9559,307.38,0.33,0.55,2018-06-11,0058,N20,VIIRS,n,2,278.23,1.04,N,2
47.79412,28.9565,298.35,0.55,0.68,2018-06-11,2259,N20,VIIRS,n,2,283.27,0.89,N,2
47.7878,28.95589,298.93,0.55,0.68,2018-06-11,2259,N20,VIIRS,n,2,283.54,0.79,N,2
47.78759,29.01555,297.69,0.54,0.68,2018-06-11,2259,N20,VIIRS,n,2,283.88,2.97,N,2
47.79181,28.95869,301.63,0.55,0.68,2018-06-11,2259,N20,VIIRS,n,2,284.05,1.63,N,0
47.78603,29.0173,300.25,0.42,0.45,2018-06-12,0039,N20,VIIRS,n,2,286.05,0.52,N,2
47.79178,28.95497,314.47,0.41,0.45,2018-06-12,0039,N20,VIIRS,n,2,286.66,2.28,N,2
47.79077,29.01708,298.61,0.39,0.36,2018-06-14,0002,N20,VIIRS,n,2,288.08,0.35,N,2
47.78921,28.95744,319.4,0.39,0.36,2018-06-14,0002,N20,VIIRS,n,2,290.53,1.97,N,2
47.70145,29.06335,298.72,0.39,0.36,2018-06-14,0002,N20,VIIRS,n,2,288.51,0.43,N,0
47.78632,29.02044,299.08,0.51,0.41,2018-06-14,2343,N20,VIIRS,n,2,288.46,0.68,N,2
47.78904,28.95788,312.39,0.51,0.41,2018-06-14,2343,N20,VIIRS,n,2,289.53,2.03,N,2
47.7874,29.01938,297.13,0.62,0.71,2018-06-15,0123,N20,VIIRS,n,2,285.95,1.04,N,2
47.78811,28.95483,302.86,0.61,0.71,2018-06-15,0123,N20,VIIRS,n,2,285.76,1.23,N,2
47.78705,29.02071,295.71,0.62,0.71,2018-06-15,0123,N20,VIIRS,n,2,285.68,0.99,N,2
47.78753,28.95594,301.79,0.61,0.71,2018-06-15,0123,N20,VIIRS,n,2,285.75,1.01,N,2
45.59151,28.44212,336.36,0.44,0.38,2018-06-15,1109,N20,VIIRS,n,2,308.35,2.56,D,0
47.79229,28.95838,307.12,0.55,0.51,2018-06-15,2324,N20,VIIRS,n,2,288.04,2.71,N,0
47.79047,28.95786,303.17,0.48,0.48,2018-06-17,0046,N20,VIIRS,n,2,275.49,1.94,N,2
47.7843,29.01949,304.85,0.38,0.36,2018-06-19,0008,N20,VIIRS,n,2,288.64,0.87,N,2
47.79079,28.95781,318.12,0.38,0.36,2018-06-19,0008,N20,VIIRS,n,2,289.12,1.66,N,2
46.33541,28.54242,333.28,0.55,0.51,2018-06-19,1134,N20,VIIRS,n,2,304.64,2.54,D,0
47.78773,29.01714,306.25,0.45,0.39,2018-06-19,2349,N20,VIIRS,n,2,290.95,0.83,N,2
47.79123,28.95605,312.93,0.45,0.39,2018-06-19,2349,N20,VIIRS,n,2,291,1.9,N,2
47.78422,29.01852,298,0.72,0.75,2018-06-20,0129,N20,VIIRS,n,2,286.51,1.16,N,2
47.79091,28.95795,297.95,0.71,0.75,2018-06-20,0129,N20,VIIRS,n,2,286.17,1.12,N,2
47.786,29.01588,301.58,0.46,0.47,2018-06-20,2330,N20,VIIRS,n,2,284.38,2.38,N,2
47.78659,29.0168,300.04,0.46,0.63,2018-06-21,0111,N20,VIIRS,n,2,287.05,1.04,N,2
47.79154,28.95815,305.74,0.45,0.63,2018-06-21,0111,N20,VIIRS,n,2,285.52,1.99,N,0
46.47357,29.95252,351.16,0.41,0.37,2018-06-21,1057,N20,VIIRS,n,2,306.74,8.48,D,0
46.47694,29.95161,340.31,0.41,0.37,2018-06-21,1057,N20,VIIRS,n,2,306.36,3.92,D,0
47.78924,28.95405,303.03,0.39,0.59,2018-06-21,2311,N20,VIIRS,n,2,278.07,0.82,N,2
47.78709,29.01696,304.74,0.38,0.59,2018-06-21,2311,N20,VIIRS,n,2,281.04,0.94,N,2
47.45853,28.42011,303.3,0.41,0.6,2018-06-21,2312,N20,VIIRS,n,2,278.6,0.45,N,0
47.78672,29.02169,297.56,0.57,0.52,2018-06-22,0052,N20,VIIRS,n,2,279.31,0.78,N,0
47.78842,28.9571,302.81,0.57,0.52,2018-06-22,0052,N20,VIIRS,n,2,278.64,1.02,N,2
47.46106,28.42256,311.27,0.55,0.51,2018-06-22,0052,N20,VIIRS,n,2,287.08,1.02,N,0
47.45648,28.42071,302.21,0.55,0.51,2018-06-22,0052,N20,VIIRS,n,2,286.23,1.02,N,0
47.78529,29.01611,306.85,0.4,0.37,2018-06-24,0014,N20,VIIRS,n,2,283.25,1.16,N,2
47.78474,29.01738,302.19,0.41,0.37,2018-06-24,2356,N20,VIIRS,n,2,282.44,1.08,N,2
46.20662,28.93687,303.79,0.4,0.37,2018-06-24,2356,N20,VIIRS,n,2,281.68,0.77,N,0
46.03813,28.43442,328.15,0.59,0.7,2018-06-25,0942,N20,VIIRS,n,2,283.5,7.03,D,0
47.78811,29.03375,302.22,0.39,0.44,2018-06-25,2337,N20,VIIRS,n,2,284.73,0.89,N,0
45.59369,28.46732,319.4,0.39,0.44,2018-06-25,2337,N20,VIIRS,n,2,276.95,2.06,N,0
45.58966,28.46652,325.91,0.39,0.44,2018-06-25,2337,N20,VIIRS,n,2,274.42,2.06,N,0
45.5159,28.35259,329.52,0.4,0.37,2018-06-26,1103,N20,VIIRS,n,2,291.8,1.21,D,0
45.97327,28.80197,320.68,0.37,0.58,2018-06-27,0059,N20,VIIRS,n,2,284.49,1.68,N,0
47.78933,29.01562,303.75,0.54,0.68,2018-06-27,2259,N20,VIIRS,n,2,286.48,1.44,N,2
47.78633,29.01544,302.14,0.54,0.68,2018-06-27,2259,N20,VIIRS,n,2,286.22,1.14,N,2
47.4773,29.11727,313.72,0.53,0.67,2018-06-27,2259,N20,VIIRS,n,2,286.16,1.76,N,0
47.47724,29.12522,301.5,0.53,0.67,2018-06-27,2259,N20,VIIRS,n,2,286.06,1.76,N,0
47.78577,29.01831,303.22,0.42,0.45,2018-06-28,0039,N20,VIIRS,n,2,288.42,1.23,N,2
47.47959,29.12064,301.27,0.43,0.46,2018-06-28,0040,N20,VIIRS,n,2,286.81,1.29,N,0
47.47832,29.12597,318.68,0.43,0.46,2018-06-28,0040,N20,VIIRS,n,2,287.27,1.74,N,0
45.80445,28.34708,301.45,0.39,0.36,2018-06-30,0003,N20,VIIRS,n,2,285.36,0.22,N,0
47.78889,29.01912,298.9,0.54,0.51,2018-07-01,2324,N20,VIIRS,n,2,283.32,0.77,N,2
47.78659,29.01695,299.6,0.39,0.59,2018-07-02,0104,N20,VIIRS,n,2,282.08,0.78,N,2
47.24306,28.63998,334.53,0.38,0.36,2018-07-02,1051,N20,VIIRS,n,2,294.66,2.6,D,0
46.71933,29.45552,311.56,0.43,0.62,2018-07-02,2306,N20,VIIRS,n,2,284.26,1.73,N,0
46.71918,29.46124,308.48,0.43,0.62,2018-07-02,2306,N20,VIIRS,n,2,284.04,1.42,N,0
46.71346,29.46071,295.84,0.43,0.62,2018-07-02,2306,N20,VIIRS,n,2,283.65,0.41,N,0
47.74231,28.47416,327.2,0.47,0.39,2018-07-03,1032,N20,VIIRS,l,2,297.33,1.51,D,0
47.78552,29.01764,297.58,0.76,0.77,2018-07-03,2246,N20,VIIRS,n,2,282.81,1.43,N,2
47.7846,29.01925,304.55,0.48,0.4,2018-07-04,0027,N20,VIIRS,n,2,285.06,1.37,N,2
46.97179,29.51128,340.13,0.45,0.47,2018-07-04,1013,N20,VIIRS,n,2,302.17,5.48,D,0
47.78523,29.01735,309.81,0.38,0.36,2018-07-05,0008,N20,VIIRS,n,2,287.79,1.27,N,2
46.60601,29.18477,298.22,0.39,0.36,2018-07-05,0009,N20,VIIRS,n,2,286.17,0.29,N,0
45.52063,28.31113,299.25,0.39,0.36,2018-07-05,0009,N20,VIIRS,n,2,286.18,0.27,N,0
46.6097,29.68282,342.93,0.36,0.58,2018-07-05,0954,N20,VIIRS,n,2,301.14,3.01,D,0
46.60717,29.1782,329.53,0.6,0.53,2018-07-05,1135,N20,VIIRS,n,2,293.54,6.45,D,0
47.78678,29.01857,308.26,0.45,0.39,2018-07-05,2349,N20,VIIRS,n,2,288.33,1.35,N,2
47.87136,27.7233,309.35,0.63,0.72,2018-07-06,0129,N20,VIIRS,n,2,283.88,1.85,N,0
45.68311,28.46181,329.92,0.71,0.75,2018-07-06,0936,N20,VIIRS,n,2,294.13,4.79,D,0
46.9592,29.5127,341.69,0.58,0.7,2018-07-06,0936,N20,VIIRS,n,2,295.68,6.48,D,0
45.6883,28.46101,334.87,0.5,0.41,2018-07-06,1116,N20,VIIRS,l,2,306.37,3.3,D,0
46.61327,29.38433,337.83,0.55,0.43,2018-07-06,1116,N20,VIIRS,n,2,300.79,4.38,D,0
46.96255,29.50961,335.12,0.57,0.43,2018-07-06,1116,N20,VIIRS,n,2,305.12,4.24,D,0
46.96468,29.50943,335.35,0.57,0.43,2018-07-06,1116,N20,VIIRS,n,2,304.11,6.5,D,0
47.83535,28.73111,304.08,0.47,0.48,2018-07-06,2331,N20,VIIRS,n,2,285.34,2.49,N,0
47.83625,28.73153,304.11,0.47,0.48,2018-07-06,2331,N20,VIIRS,n,2,285.2,2.32,N,0
47.70826,27.73644,298.61,0.41,0.6,2018-07-07,0111,N20,VIIRS,n,2,284.07,0.53,N,0
46.857,29.36069,302.74,0.51,0.66,2018-07-07,0111,N20,VIIRS,n,2,286.03,0.7,N,0
45.86367,28.63575,330.83,0.39,0.36,2018-07-07,1057,N20,VIIRS,l,2,305.77,2.62,D,0
46.32325,28.39446,340.39,0.39,0.36,2018-07-07,1057,N20,VIIRS,n,2,304.09,3.39,D,0
46.64331,29.33502,346.29,0.4,0.37,2018-07-07,1057,N20,VIIRS,n,2,308.57,6.44,D,0
46.78709,29.72417,337.32,0.4,0.37,2018-07-07,1057,N20,VIIRS,n,2,306.77,3.08,D,0
46.78639,29.71891,337.47,0.4,0.37,2018-07-07,1057,N20,VIIRS,n,2,306.37,3.08,D,0
46.84996,29.45936,330.31,0.4,0.37,2018-07-07,1057,N20,VIIRS,l,2,304.4,1.49,D,0
46.97632,29.12971,331.6,0.4,0.37,2018-07-07,1057,N20,VIIRS,l,2,303.92,3.03,D,0
46.97561,29.12457,332.68,0.4,0.37,2018-07-07,1057,N20,VIIRS,l,2,304.64,2.53,D,0
46.9749,29.11942,334.01,0.4,0.37,2018-07-07,1057,N20,VIIRS,n,2,303.46,2.53,D,0
46.97822,29.11844,332.86,0.4,0.37,2018-07-07,1057,N20,VIIRS,n,2,301.89,2.53,D,0
47.86781,27.72913,345.16,0.39,0.36,2018-07-07,1057,N20,VIIRS,n,2,302.49,7.71,D,0
47.86706,27.72403,341.77,0.39,0.36,2018-07-07,1057,N20,VIIRS,n,2,301.67,2.95,D,0
47.86958,27.71788,330.86,0.39,0.36,2018-07-07,1057,N20,VIIRS,n,2,299,2.95,D,0
47.88948,27.74,335.19,0.39,0.36,2018-07-07,1057,N20,VIIRS,n,2,301.58,4.19,D,0
47.89482,27.70617,346.3,0.39,0.36,2018-07-07,1057,N20,VIIRS,n,2,301.41,6.93,D,0
47.78796,29.01716,312.12,0.38,0.59,2018-07-07,2312,N20,VIIRS,n,2,287.62,0.97,N,2
47.78813,29.01756,304.66,0.57,0.52,2018-07-08,0052,N20,VIIRS,n,2,286.69,1.19,N,2
47.78724,29.01684,304.22,0.57,0.52,2018-07-08,0052,N20,VIIRS,n,2,286.52,1.79,N,2
46.77784,29.78592,299.91,0.59,0.7,2018-07-08,2253,N20,VIIRS,n,2,283.38,0.92,N,0
46.77837,29.78854,301.1,0.58,0.7,2018-07-08,2253,N20,VIIRS,n,2,283.36,0.68,N,0
47.15359,28.62922,340.5,0.41,0.45,2018-07-09,1019,N20,VIIRS,n,2,288.59,8.45,D,0
47.15239,28.62396,338.15,0.41,0.45,2018-07-09,1019,N20,VIIRS,n,2,290.25,6.91,D,0
47.15213,28.62833,337.27,0.41,0.45,2018-07-09,1019,N20,VIIRS,n,2,289.15,11.49,D,0
46.77686,29.80693,331.2,0.6,0.53,2018-07-10,1001,N20,VIIRS,l,2,301.76,10.58,D,0
47.78757,29.01564,299.62,0.39,0.44,2018-07-11,2337,N20,VIIRS,n,2,288.37,1.22,N,2
47.78889,28.95685,318.66,0.39,0.44,2018-07-11,2337,N20,VIIRS,n,2,289.63,2.32,N,2
46.84722,29.50511,305.02,0.55,0.43,2018-07-11,2337,N20,VIIRS,n,2,288.3,0.95,N,0
47.7886,28.95092,304.47,0.53,0.67,2018-07-12,0117,N20,VIIRS,n,2,285.29,1.28,N,2
47.78756,28.95282,303.49,0.53,0.67,2018-07-12,0117,N20,VIIRS,n,2,285.45,0.89,N,0
46.46207,29.41429,335.45,0.43,0.38,2018-07-12,1103,N20,VIIRS,l,2,305.58,1.95,D,0
46.84831,28.17004,337.12,0.41,0.37,2018-07-12,1103,N20,VIIRS,l,2,308.14,3.81,D,0
46.84838,28.16748,340.87,0.41,0.37,2018-07-12,1103,N20,VIIRS,n,2,308.87,4.47,D,0
48.32332,26.94671,346.21,0.4,0.37,2018-07-12,1104,N20,VIIRS,n,2,307.28,3.31,D,0
48.32663,26.9457,337.18,0.4,0.37,2018-07-12,1104,N20,VIIRS,n,2,303.91,3.31,D,0
48.39086,27.03607,332.48,0.4,0.37,2018-07-12,1104,N20,VIIRS,n,2,298.2,3.64,D,0
47.79006,28.95494,318.52,0.32,0.55,2018-07-12,2318,N20,VIIRS,n,2,288.5,1.42,N,2
47.78712,29.01628,312.29,0.32,0.55,2018-07-12,2318,N20,VIIRS,n,2,287.81,1.06,N,2
47.78646,29.01711,305.36,0.34,0.56,2018-07-13,0058,N20,VIIRS,n,2,287.31,1.3,N,2
47.78761,29.01878,309.98,0.34,0.56,2018-07-13,0058,N20,VIIRS,n,2,288.01,1.3,N,2
47.78858,28.95599,309.23,0.33,0.56,2018-07-13,0058,N20,VIIRS,n,2,287.92,1.5,N,2
46.79663,29.87297,347.34,0.39,0.36,2018-07-13,1044,N20,VIIRS,n,2,303.1,9.44,D,0
46.76811,29.50429,337.26,0.39,0.36,2018-07-13,1044,N20,VIIRS,n,2,301.94,22.38,D,0
46.83265,29.81885,337.05,0.39,0.36,2018-07-13,1044,N20,VIIRS,n,2,306.3,6.03,D,0
46.81058,29.44745,334.4,0.39,0.36,2018-07-13,1044,N20,VIIRS,n,2,303.32,2.02,D,0
46.87372,29.71032,335.49,0.39,0.36,2018-07-13,1044,N20,VIIRS,l,2,306.79,3.89,D,0
46.87704,29.71173,344.92,0.39,0.36,2018-07-13,1044,N20,VIIRS,n,2,308.75,6.29,D,0
47.78818,28.95683,297.26,0.54,0.68,2018-07-13,2259,N20,VIIRS,n,2,285.03,1.06,N,2
47.78772,29.01612,306.86,0.54,0.68,2018-07-13,2259,N20,VIIRS,n,2,286.37,2.08,N,2
47.78759,29.03137,310.79,0.54,0.68,2018-07-13,2259,N20,VIIRS,n,2,285.51,1.23,N,0
46.81781,29.80513,301.82,0.49,0.65,2018-07-13,2259,N20,VIIRS,n,2,285.66,0.92,N,0
46.8177,29.81172,302.59,0.49,0.65,2018-07-13,2259,N20,VIIRS,n,2,285.98,0.89,N,0
46.37987,29.19337,313.18,0.52,0.67,2018-07-13,2259,N20,VIIRS,n,2,287.46,1.31,N,0
46.3712,30.01371,298.44,0.48,0.64,2018-07-13,2259,N20,VIIRS,n,2,288.08,0.62,N,0
46.38164,29.19492,296.76,0.52,0.67,2018-07-13,2259,N20,VIIRS,n,2,286.66,0.53,N,0
46.37543,29.19484,306.27,0.52,0.67,2018-07-13,2259,N20,VIIRS,n,2,287.17,1.29,N,0
47.78997,29.01997,296.51,0.42,0.45,2018-07-14,0040,N20,VIIRS,n,2,286.11,0.88,N,2
47.78601,29.01796,306.95,0.42,0.45,2018-07-14,0040,N20,VIIRS,n,2,287.8,0.88,N,2
47.79188,28.95532,304.73,0.42,0.45,2018-07-14,0040,N20,VIIRS,n,2,287.25,0.84,N,2
46.75497,29.55432,338.65,0.5,0.41,2018-07-14,1026,N20,VIIRS,l,2,308.75,9.28,D,0
46.88331,29.71046,344.97,0.49,0.41,2018-07-14,1026,N20,VIIRS,n,2,309.2,2.69,D,0
47.95413,29.05345,330.71,0.5,0.41,2018-07-14,1026,N20,VIIRS,n,2,297.85,4.79,D,0
47.86882,28.44138,335.58,0.53,0.42,2018-07-14,1026,N20,VIIRS,n,2,299.02,8.61,D,0
47.87252,28.43974,333.09,0.53,0.42,2018-07-14,1026,N20,VIIRS,n,2,301.98,6.71,D,0
47.03207,29.55786,328.66,0.75,0.77,2018-07-14,1207,N20,VIIRS,n,2,291.22,6.69,D,0
47.03904,29.56819,332.51,0.75,0.77,2018-07-14,1207,N20,VIIRS,n,2,291,5.82,D,0
47.04618,29.56838,326.8,0.75,0.77,2018-07-14,1207,N20,VIIRS,n,2,289.64,5.82,D,0
47.04177,29.56896,334.63,0.75,0.77,2018-07-14,1207,N20,VIIRS,n,2,290.44,7.16,D,0
47.05605,29.56928,326.66,0.75,0.77,2018-07-14,1207,N20,VIIRS,n,2,289.22,4.67,D,0
47.86879,28.42871,328.33,0.66,0.73,2018-07-14,1207,N20,VIIRS,n,2,289.79,4.3,D,0
47.86939,28.42891,327.54,0.67,0.73,2018-07-14,1207,N20,VIIRS,n,2,290.04,6.62,D,0
47.79005,29.01515,298.85,0.43,0.38,2018-07-15,0021,N20,VIIRS,n,2,286.21,0.27,N,2
47.78687,29.03175,316.87,0.43,0.38,2018-07-15,0021,N20,VIIRS,n,2,286.8,1.79,N,0
47.78561,29.01925,307.3,0.43,0.38,2018-07-15,0021,N20,VIIRS,n,2,287.87,1.36,N,2
47.79057,28.95534,313.53,0.43,0.38,2018-07-15,0021,N20,VIIRS,n,2,288.47,1.71,N,2
47.08062,29.5883,308.58,0.46,0.39,2018-07-15,0021,N20,VIIRS,n,2,285.93,1.22,N,0
47.07946,29.57514,304.61,0.46,0.39,2018-07-15,0021,N20,VIIRS,n,2,284.81,1.52,N,0
47.07021,29.58388,296.9,0.46,0.39,2018-07-15,0021,N20,VIIRS,n,2,285.03,0.57,N,0
47.06558,29.5882,296.48,0.46,0.39,2018-07-15,0021,N20,VIIRS,n,2,285.26,0.96,N,0
47.06326,29.5809,304.42,0.46,0.39,2018-07-15,0021,N20,VIIRS,n,2,284.9,0.96,N,0
47.06212,29.58667,315.03,0.46,0.39,2018-07-15,0021,N20,VIIRS,n,2,285.9,0.96,N,0
46.46276,29.36275,338.22,0.55,0.51,2018-07-15,1007,N20,VIIRS,n,2,294.35,7.52,D,0
47.06435,29.58589,335.85,0.52,0.5,2018-07-15,1007,N20,VIIRS,n,2,290.94,10.95,D,0
46.46622,28.66188,348.52,0.4,0.6,2018-07-15,1147,N20,VIIRS,n,2,286.47,6.16,D,0
47.94305,27.71119,326.93,0.37,0.58,2018-07-15,1148,N20,VIIRS,n,2,287.63,2.64,D,0
47.94843,27.71078,367,0.37,0.58,2018-07-15,1148,N20,VIIRS,h,2,295.92,23.81,D,0
47.94823,27.70575,353.61,0.37,0.58,2018-07-15,1148,N20,VIIRS,n,2,289.02,14.4,D,0
47.94569,27.71427,351.11,0.37,0.58,2018-07-15,1148,N20,VIIRS,n,2,291.01,13.64,D,0
47.94552,27.70927,355.67,0.37,0.58,2018-07-15,1148,N20,VIIRS,n,2,296.01,24.89,D,0
48.09019,27.47481,343.74,0.36,0.57,2018-07-15,1148,N20,VIIRS,n,2,289.68,4.3,D,0
47.78965,29.01718,300.67,0.39,0.36,2018-07-16,0002,N20,VIIRS,n,2,285.89,0.9,N,2
47.78637,29.01611,308.48,0.39,0.36,2018-07-16,0002,N20,VIIRS,n,2,286.75,0.9,N,2
47.78884,28.95253,301.17,0.39,0.36,2018-07-16,0002,N20,VIIRS,n,2,284.99,0.85,N,2
47.78809,28.95764,301.68,0.39,0.36,2018-07-16,0002,N20,VIIRS,n,2,286.72,0.85,N,2
46.03292,28.49553,297.95,0.39,0.36,2018-07-16,0003,N20,VIIRS,n,2,285.21,0.27,N,0
46.0289,28.49946,298.28,0.39,0.36,2018-07-16,0003,N20,VIIRS,n,2,285.03,0.45,N,0
46.50257,29.81501,328.59,0.42,0.61,2018-07-16,0948,N20,VIIRS,n,2,294.38,3.96,D,0
46.67556,29.63984,367,0.43,0.62,2018-07-16,0948,N20,VIIRS,h,2,292.25,10.77,D,0
46.674,29.63469,344.54,0.43,0.62,2018-07-16,0948,N20,VIIRS,n,2,293.11,10.77,D,0
46.75884,29.89631,329.02,0.41,0.61,2018-07-16,0948,N20,VIIRS,n,2,290.96,4.44,D,0
46.75735,29.89132,344.97,0.41,0.61,2018-07-16,0948,N20,VIIRS,n,2,295.26,5.46,D,0
46.76402,29.89307,329.99,0.41,0.61,2018-07-16,0948,N20,VIIRS,n,2,295.64,4.44,D,0
46.76251,29.88805,337.59,0.41,0.61,2018-07-16,0948,N20,VIIRS,n,2,294.13,5.46,D,0
46.76272,29.89145,337.28,0.41,0.61,2018-07-16,0948,N20,VIIRS,n,2,296.22,4.96,D,0
46.76119,29.88645,337.82,0.41,0.61,2018-07-16,0948,N20,VIIRS,n,2,294.62,4.96,D,0
47.63398,28.39485,339.59,0.45,0.63,2018-07-16,0949,N20,VIIRS,n,2,292.05,4.61,D,0
46.37499,29.19519,350.47,0.5,0.49,2018-07-16,1128,N20,VIIRS,n,2,289.21,7.1,D,0
46.37952,29.19454,354.53,0.5,0.49,2018-07-16,1128,N20,VIIRS,n,2,294.29,11.91,D,0
46.49565,29.96412,344.96,0.55,0.51,2018-07-16,1128,N20,VIIRS,n,2,295.63,7.8,D,0
46.49699,29.96287,337.38,0.55,0.51,2018-07-16,1128,N20,VIIRS,n,2,295.17,4.81,D,0
46.75694,29.89996,343.8,0.54,0.51,2018-07-16,1128,N20,VIIRS,n,2,299.91,6.5,D,0
46.79455,29.89507,339.63,0.54,0.51,2018-07-16,1128,N20,VIIRS,n,2,294.45,5.5,D,0
46.79971,29.90153,341.27,0.55,0.51,2018-07-16,1128,N20,VIIRS,n,2,294.97,7.1,D,0
47.02669,29.58178,332.91,0.53,0.5,2018-07-16,1129,N20,VIIRS,n,2,298.04,7.13,D,0
47.7877,29.02907,297.73,0.51,0.41,2018-07-16,2343,N20,VIIRS,n,2,285.2,0.98,N,0
47.79174,28.95325,308.93,0.51,0.41,2018-07-16,2343,N20,VIIRS,n,2,286.5,1,N,2
47.78537,29.01443,299.44,0.51,0.41,2018-07-16,2343,N20,VIIRS,n,2,285.71,1.29,N,2
46.81394,29.81255,299.52,0.47,0.39,2018-07-16,2343,N20,VIIRS,n,2,285.75,2.55,N,0
46.81325,29.81864,299.12,0.46,0.39,2018-07-16,2343,N20,VIIRS,n,2,285.71,0.61,N,0
46.81034,29.81165,339.11,0.47,0.39,2018-07-16,2343,N20,VIIRS,n,2,286.76,2.55,N,0
46.80965,29.81774,295.93,0.46,0.39,2018-07-16,2343,N20,VIIRS,n,2,285.67,0.61,N,0
46.77367,29.51245,306.61,0.48,0.4,2018-07-16,2343,N20,VIIRS,n,2,286.32,0.62,N,0
46.77298,29.51867,298.15,0.48,0.4,2018-07-16,2343,N20,VIIRS,n,2,286.55,0.62,N,0
46.53873,28.98952,301.88,0.49,0.41,2018-07-16,2344,N20,VIIRS,n,2,284.89,0.54,N,0
45.92154,28.55059,295.99,0.5,0.41,2018-07-16,2344,N20,VIIRS,n,2,285.58,0.44,N,0
47.78466,29.01627,298.96,0.62,0.72,2018-07-17,0123,N20,VIIRS,n,2,282.92,1.39,N,2
47.79133,28.95532,302.52,0.62,0.71,2018-07-17,0123,N20,VIIRS,n,2,283.39,1.21,N,2
46.09231,28.83158,336.11,0.77,0.77,2018-07-17,0929,N20,VIIRS,n,2,288.29,7.45,D,0
46.86771,29.69965,329.73,0.67,0.73,2018-07-17,0930,N20,VIIRS,n,2,289.34,10.14,D,0
46.86493,29.69176,346.31,0.67,0.73,2018-07-17,0930,N20,VIIRS,n,2,290.3,16.28,D,0
46.87376,29.69511,332.75,0.67,0.73,2018-07-17,0930,N20,VIIRS,n,2,291.72,10.14,D,0
46.86221,29.69487,345.89,0.67,0.73,2018-07-17,0930,N20,VIIRS,n,2,287.61,7.06,D,0
46.87109,29.69822,326.81,0.67,0.73,2018-07-17,0930,N20,VIIRS,n,2,293.55,7.06,D,0
46.86826,29.69034,340.68,0.67,0.73,2018-07-17,0930,N20,VIIRS,n,2,291.75,7.06,D,0
47.68638,28.3912,340.65,0.71,0.75,2018-07-17,0930,N20,VIIRS,n,2,288.01,13.8,D,0
47.68919,28.39886,356.48,0.7,0.75,2018-07-17,0930,N20,VIIRS,l,2,287.17,13.8,D,0
47.68761,28.38958,339.12,0.7,0.75,2018-07-17,0930,N20,VIIRS,n,2,287.24,16.41,D,0
47.69045,28.39719,356.24,0.7,0.75,2018-07-17,0930,N20,VIIRS,l,2,286.78,18.53,D,0
45.99573,28.80102,332.25,0.45,0.39,2018-07-17,1109,N20,VIIRS,n,2,300.35,2.46,D,0
46.02615,28.41705,330.57,0.44,0.39,2018-07-17,1109,N20,VIIRS,l,2,302.18,5.23,D,0
48.30991,27.89178,336.15,0.45,0.39,2018-07-17,1110,N20,VIIRS,n,2,295.23,4.32,D,0
46.79281,29.79158,344.1,0.5,0.41,2018-07-17,1110,N20,VIIRS,n,2,304.58,8.66,D,0
46.79292,29.79023,340.24,0.5,0.41,2018-07-17,1110,N20,VIIRS,n,2,303.99,7,D,0
47.99406,27.38924,341.83,0.43,0.38,2018-07-17,1110,N20,VIIRS,n,2,300.46,6.88,D,0
48.31177,27.88942,334.37,0.45,0.39,2018-07-17,1110,N20,VIIRS,n,2,291.99,3.61,D,0
47.78485,29.01511,303.33,0.54,0.51,2018-07-17,2324,N20,VIIRS,n,2,286.41,1.56,N,2
47.78845,28.95631,308.95,0.55,0.51,2018-07-17,2324,N20,VIIRS,n,2,286.32,2.2,N,2
46.94385,29.34529,298.37,0.51,0.5,2018-07-17,2325,N20,VIIRS,n,2,286.08,0.61,N,0
45.65207,28.34067,319.14,0.56,0.51,2018-07-17,2325,N20,VIIRS,n,2,286.2,2.36,N,0
46.79792,29.77844,301.41,0.49,0.48,2018-07-17,2325,N20,VIIRS,n,2,285.34,1.12,N,0
47.78854,28.95626,305.22,0.39,0.59,2018-07-18,0105,N20,VIIRS,n,2,286.14,1.51,N,2
46.79983,29.7782,297.18,0.46,0.63,2018-07-18,0105,N20,VIIRS,n,2,284.04,0.56,N,0
47.78442,29.01722,306.89,0.39,0.6,2018-07-18,0105,N20,VIIRS,n,2,286.02,1.55,N,2
47.79193,28.95294,299.36,0.39,0.59,2018-07-18,0105,N20,VIIRS,n,2,284.81,1,N,2
47.79047,28.95772,299.82,0.39,0.59,2018-07-18,0105,N20,VIIRS,n,2,285.23,1.02,N,2
47.78783,29.01913,309.03,0.39,0.6,2018-07-18,0105,N20,VIIRS,n,2,285.99,1.26,N,2
45.67553,28.43724,331.03,0.39,0.36,2018-07-18,1050,N20,VIIRS,l,2,303.4,4.41,D,0
45.67879,28.43617,333.92,0.39,0.36,2018-07-18,1050,N20,VIIRS,l,2,307.91,5.47,D,0
46.48332,29.86099,337.42,0.39,0.36,2018-07-18,1051,N20,VIIRS,n,2,305.99,4.71,D,0
46.42848,29.37799,338.01,0.38,0.36,2018-07-18,1051,N20,VIIRS,n,2,300.54,8.88,D,0
46.43174,29.37696,341.89,0.38,0.36,2018-07-18,1051,N20,VIIRS,n,2,304.74,8.88,D,0
46.43501,29.37593,343.79,0.38,0.36,2018-07-18,1051,N20,VIIRS,n,2,307.45,11.09,D,0
47.78768,28.95596,310.22,0.49,0.48,2018-07-19,0046,N20,VIIRS,n,2,287.02,2.62,N,2
47.78967,28.95139,298.47,0.49,0.48,2018-07-19,0046,N20,VIIRS,n,2,285.68,2.1,N,2
47.7881,28.95773,304.05,0.49,0.48,2018-07-19,0046,N20,VIIRS,n,2,286.54,2.56,N,2
47.78811,28.95132,300.44,0.76,0.77,2018-07-19,2246,N20,VIIRS,n,2,284.59,1.1,N,2
47.78936,29.01312,301.33,0.76,0.77,2018-07-19,2246,N20,VIIRS,n,2,284.79,1.24,N,2
46.62476,29.73348,348.56,0.53,0.42,2018-07-20,0027,N20,VIIRS,n,2,287.83,11.19,N,0
47.78654,29.01793,307.17,0.48,0.4,2018-07-20,0027,N20,VIIRS,n,2,289.17,1.51,N,2
47.78867,28.95164,309.58,0.48,0.4,2018-07-20,0027,N20,VIIRS,n,2,288.32,2.06,N,2
47.13132,29.48604,297.07,0.51,0.41,2018-07-20,0027,N20,VIIRS,n,2,287.01,0.53,N,0
46.62622,29.72679,312.49,0.53,0.42,2018-07-20,0027,N20,VIIRS,n,2,286.01,1.67,N,0
46.62251,29.7251,309.96,0.53,0.42,2018-07-20,0027,N20,VIIRS,n,2,285.41,1.67,N,0
46.1758,28.83333,338.35,0.5,0.49,2018-07-20,1013,N20,VIIRS,n,2,296.26,3.42,D,0
46.66622,29.67589,340.71,0.45,0.47,2018-07-20,1013,N20,VIIRS,n,2,300.28,8.46,D,0
46.66661,29.68069,339.67,0.45,0.47,2018-07-20,1013,N20,VIIRS,n,2,296.37,9.55,D,0
46.66528,29.67514,335.58,0.45,0.47,2018-07-20,1013,N20,VIIRS,n,2,299.48,9.55,D,0
46.59017,29.28854,339.67,0.47,0.47,2018-07-20,1013,N20,VIIRS,n,2,296.81,5.96,D,0
46.7282,29.94005,334.87,0.55,0.68,2018-07-20,1154,N20,VIIRS,n,2,297.68,10.53,D,0
46.72815,29.93268,345.68,0.55,0.68,2018-07-20,1154,N20,VIIRS,n,2,299.02,10.63,D,0
46.83036,29.70703,338.27,0.54,0.68,2018-07-20,1154,N20,VIIRS,n,2,295.8,6.81,D,0
48.1596,27.46266,331.02,0.43,0.62,2018-07-20,1154,N20,VIIRS,n,2,291.15,2.4,D,0
47.78587,29.01936,308.11,0.38,0.36,2018-07-21,0008,N20,VIIRS,n,2,287.68,1.06,N,2
47.78914,28.95653,316.09,0.38,0.36,2018-07-21,0008,N20,VIIRS,n,2,287.14,1.46,N,2
45.69228,28.35222,334.62,0.44,0.63,2018-07-21,0954,N20,VIIRS,n,2,296.21,6.08,D,0
46.4323,29.8148,339.35,0.36,0.58,2018-07-21,0954,N20,VIIRS,n,2,296.35,5.75,D,0
46.43192,29.81324,332.12,0.36,0.58,2018-07-21,0954,N20,VIIRS,n,2,295.07,4.15,D,0
46.42962,29.48281,347.08,0.38,0.58,2018-07-21,0954,N20,VIIRS,n,2,293.04,6.75,D,0
46.71847,29.7672,367,0.36,0.57,2018-07-21,0954,N20,VIIRS,h,2,296.27,16.15,D,0
46.71971,29.77155,335.37,0.36,0.57,2018-07-21,0954,N20,VIIRS,n,2,289.28,7.06,D,0
46.96967,29.35528,331.91,0.37,0.58,2018-07-21,0955,N20,VIIRS,n,2,296.49,4.01,D,0
47.97743,27.47187,325.24,0.41,0.61,2018-07-21,0955,N20,VIIRS,n,2,290,4.28,D,0
47.97595,27.46704,353.45,0.41,0.61,2018-07-21,0955,N20,VIIRS,n,2,294.39,10.67,D,0
47.98109,27.46369,331.74,0.41,0.61,2018-07-21,0955,N20,VIIRS,n,2,287.96,3.67,D,0
45.69256,28.35373,335.28,0.53,0.5,2018-07-21,1134,N20,VIIRS,n,2,301.84,4.56,D,0
48.0461,27.58361,341.65,0.52,0.5,2018-07-21,1135,N20,VIIRS,n,2,295.9,6.49,D,0
45.69487,28.35222,332.08,0.54,0.5,2018-07-21,1135,N20,VIIRS,n,2,301.05,5.72,D,0
46.57949,29.78203,344.29,0.32,0.55,2018-07-21,1135,N20,VIIRS,n,2,294.06,4.88,D,0
46.58476,29.78585,367,0.32,0.55,2018-07-21,1135,N20,VIIRS,h,2,296.52,4.88,D,0
46.58455,29.78162,341.36,0.32,0.55,2018-07-21,1135,N20,VIIRS,n,2,295.73,4.88,D,0
46.59003,29.78962,339.18,0.32,0.55,2018-07-21,1135,N20,VIIRS,n,2,296.66,4.29,D,0
46.58981,29.78541,349.14,0.32,0.55,2018-07-21,1135,N20,VIIRS,n,2,296.32,5.28,D,0
48.0415,27.58415,335.86,0.52,0.5,2018-07-21,1135,N20,VIIRS,n,2,295.62,7.09,D,0
48.04657,27.5907,329.78,0.52,0.5,2018-07-21,1135,N20,VIIRS,n,2,293.12,6.49,D,0
47.78815,29.0161,304.97,0.45,0.39,2018-07-21,2350,N20,VIIRS,n,2,288.82,0.49,N,2
47.79166,28.95532,309.95,0.45,0.39,2018-07-21,2350,N20,VIIRS,n,2,289.14,0.88,N,2
47.78812,28.95437,298.52,0.45,0.39,2018-07-21,2350,N20,VIIRS,n,2,288.18,0.88,N,2
47.78581,29.01682,298.88,0.72,0.76,2018-07-22,0129,N20,VIIRS,n,2,284.6,1.47,N,2
47.78496,29.01691,298.49,0.72,0.76,2018-07-22,0129,N20,VIIRS,n,2,284.91,1.26,N,2
47.79177,28.95587,300.81,0.72,0.75,2018-07-22,0129,N20,VIIRS,n,2,284.77,1.08,N,2
46.61976,29.77772,329.78,0.58,0.7,2018-07-22,0936,N20,VIIRS,n,2,290.85,7.38,D,0
47.27246,29.57227,332.9,0.56,0.69,2018-07-22,0936,N20,VIIRS,n,2,295.1,2.92,D,0
47.27023,29.56561,327.24,0.56,0.69,2018-07-22,0936,N20,VIIRS,n,2,294.75,2.92,D,0
47.27098,29.57463,330.09,0.56,0.69,2018-07-22,0936,N20,VIIRS,n,2,294.59,6.61,D,0
47.26873,29.56806,328.05,0.56,0.69,2018-07-22,0936,N20,VIIRS,n,2,294.47,7.36,D,0
47.91783,28.3993,339.45,0.6,0.7,2018-07-22,0936,N20,VIIRS,n,2,294.57,8.27,D,0
45.694,28.33377,337.03,0.49,0.41,2018-07-22,1116,N20,VIIRS,l,2,307.88,5.92,D,0
47.06546,29.49837,334.55,0.57,0.43,2018-07-22,1116,N20,VIIRS,n,2,298.51,2.99,D,0
47.0673,29.49707,339.3,0.57,0.43,2018-07-22,1116,N20,VIIRS,n,2,304.68,24.23,D,0
47.06662,29.48956,345.69,0.57,0.43,2018-07-22,1116,N20,VIIRS,n,2,305.6,20.51,D,0
47.21075,29.49865,338.19,0.57,0.43,2018-07-22,1116,N20,VIIRS,n,2,307.18,5.72,D,0
47.19431,29.31939,331.27,0.56,0.43,2018-07-22,1116,N20,VIIRS,l,2,303.59,5.38,D,0
47.21473,29.49789,338.72,0.57,0.43,2018-07-22,1116,N20,VIIRS,n,2,306.85,5.72,D,0
47.2227,29.49646,339.83,0.57,0.43,2018-07-22,1116,N20,VIIRS,n,2,304.96,9.37,D,0
47.2267,29.4959,335.83,0.57,0.43,2018-07-22,1116,N20,VIIRS,n,2,302.29,5.19,D,0
47.2746,29.57517,343.27,0.38,0.43,2018-07-22,1116,N20,VIIRS,n,2,303.68,4.85,D,0
47.27413,29.57006,343.85,0.38,0.43,2018-07-22,1116,N20,VIIRS,n,2,303.55,4.85,D,0
47.27366,29.565,339.11,0.38,0.43,2018-07-22,1116,N20,VIIRS,n,2,302.66,4.29,D,0
47.27319,29.55996,341.18,0.38,0.43,2018-07-22,1116,N20,VIIRS,n,2,302.21,4.29,D,0
47.33649,29.52546,341.03,0.38,0.43,2018-07-22,1116,N20,VIIRS,n,2,305.33,14.84,D,0
47.34378,28.96753,336.45,0.55,0.42,2018-07-22,1116,N20,VIIRS,n,2,302.38,8.34,D,0
47.34701,28.95963,336.08,0.54,0.42,2018-07-22,1116,N20,VIIRS,n,2,301.99,4.04,D,0
47.91563,28.4009,337.39,0.53,0.42,2018-07-22,1116,N20,VIIRS,n,2,306.52,8.63,D,0
47.91727,28.39964,332.13,0.53,0.42,2018-07-22,1116,N20,VIIRS,l,2,302.52,3.26,D,0
48.01822,27.9796,334.72,0.51,0.41,2018-07-22,1116,N20,VIIRS,n,2,302.48,3.41,D,0
48.01751,27.9727,333.31,0.51,0.41,2018-07-22,1116,N20,VIIRS,l,2,305.3,3.88,D,0
47.99772,27.6678,346.09,0.49,0.41,2018-07-22,1116,N20,VIIRS,n,2,305.49,46.56,D,0
47.99633,27.65449,334.53,0.49,0.41,2018-07-22,1116,N20,VIIRS,l,2,306.06,36.34,D,0
48.00145,27.66706,349.91,0.49,0.41,2018-07-22,1116,N20,VIIRS,n,2,317.32,46.56,D,0
48.00005,27.65366,335.11,0.49,0.41,2018-07-22,1116,N20,VIIRS,l,2,307.88,36.34,D,0
48.00075,27.66035,367,0.49,0.41,2018-07-22,1116,N20,VIIRS,l,2,330.83,36.34,D,0
48.05592,28.6945,296.5,0.48,0.48,2018-07-22,2331,N20,VIIRS,n,2,285.83,0.4,N,0
47.79216,28.95781,303.66,0.46,0.47,2018-07-22,2331,N20,VIIRS,n,2,288.45,0.67,N,0
47.7874,29.01965,307.63,0.46,0.47,2018-07-22,2331,N20,VIIRS,n,2,289.17,1.18,N,2
47.78782,28.95684,302.38,0.46,0.47,2018-07-22,2331,N20,VIIRS,n,2,288.55,0.67,N,2
47.7844,29.01847,302.47,0.46,0.64,2018-07-23,0111,N20,VIIRS,n,2,286.92,1.06,N,2
47.79158,28.95534,309.05,0.46,0.63,2018-07-23,0111,N20,VIIRS,n,2,286.36,1.31,N,2
46.70575,29.7807,337.15,0.41,0.37,2018-07-23,1057,N20,VIIRS,l,2,307.93,1.91,D,0
46.79502,29.71416,335.42,0.4,0.37,2018-07-23,1057,N20,VIIRS,l,2,308.45,1.39,D,0
46.96813,29.48636,349.19,0.4,0.37,2018-07-23,1057,N20,VIIRS,n,2,311.81,9.13,D,0
46.97218,29.49065,342.42,0.4,0.37,2018-07-23,1057,N20,VIIRS,n,2,304.8,6.59,D,0
47.25538,29.56106,350.84,0.4,0.37,2018-07-23,1057,N20,VIIRS,n,2,309.69,5.88,D,0
47.25468,29.55576,340.03,0.4,0.37,2018-07-23,1057,N20,VIIRS,n,2,305.44,4.66,D,0
47.25191,29.53466,335.89,0.4,0.37,2018-07-23,1057,N20,VIIRS,l,2,307.17,3.51,D,0
47.25943,29.56541,338.91,0.4,0.37,2018-07-23,1057,N20,VIIRS,n,2,306.89,5.88,D,0
47.31501,29.51111,337.66,0.4,0.37,2018-07-23,1057,N20,VIIRS,n,2,303.75,2.72,D,0
45.66752,28.31361,299.41,0.4,0.6,2018-07-23,2312,N20,VIIRS,n,2,285.51,1.03,N,0
45.66196,28.313,313.88,0.4,0.6,2018-07-23,2312,N20,VIIRS,n,2,285.66,1.03,N,0
45.66319,28.31262,313.93,0.4,0.6,2018-07-23,2312,N20,VIIRS,n,2,285.22,1.69,N,0
45.66298,28.31782,299.21,0.4,0.6,2018-07-23,2312,N20,VIIRS,n,2,285.47,1.06,N,0
45.6598,28.31478,299.21,0.62,0.54,2018-07-24,0053,N20,VIIRS,n,2,284.89,2.03,N,0
46.60899,29.79153,342.17,0.4,0.37,2018-07-24,1038,N20,VIIRS,n,2,308.19,6.48,D,0
45.65786,28.31652,339.39,0.45,0.39,2018-07-24,1038,N20,VIIRS,n,2,306.74,6.91,D,0
45.95891,28.14964,330.05,0.45,0.39,2018-07-24,1038,N20,VIIRS,n,2,298.38,3.64,D,0
45.96585,28.14688,331.27,0.45,0.39,2018-07-24,1038,N20,VIIRS,n,2,298.61,2.65,D,0
46.60567,29.79275,355.77,0.4,0.37,2018-07-24,1038,N20,VIIRS,n,2,307.82,6.48,D,0
46.60809,29.78635,334.75,0.4,0.37,2018-07-24,1038,N20,VIIRS,l,2,305.82,4.8,D,0
46.60963,29.78923,335.76,0.4,0.37,2018-07-24,1038,N20,VIIRS,n,2,305.58,4.32,D,0
46.60872,29.78407,341.44,0.4,0.37,2018-07-24,1038,N20,VIIRS,n,2,307.25,4.32,D,0
46.61204,29.78284,345.96,0.4,0.37,2018-07-24,1038,N20,VIIRS,n,2,305.27,4.32,D,0
46.91559,29.54582,352.27,0.41,0.37,2018-07-24,1038,N20,VIIRS,n,2,306.23,7.96,D,0
46.88692,29.14647,332.42,0.41,0.37,2018-07-24,1038,N20,VIIRS,n,2,299.51,3.29,D,0
46.95287,29.33582,332.06,0.41,0.37,2018-07-24,1038,N20,VIIRS,l,2,305.42,2.19,D,0
46.97961,29.42682,339.14,0.41,0.37,2018-07-24,1038,N20,VIIRS,n,2,307.57,6.39,D,0
46.48833,29.98242,295.38,0.57,0.69,2018-07-24,2253,N20,VIIRS,n,2,270.72,0.38,N,0
46.48771,29.97727,297.06,0.57,0.69,2018-07-24,2253,N20,VIIRS,n,2,274.97,0.72,N,0
47.78946,28.95472,312.32,0.54,0.42,2018-07-25,0033,N20,VIIRS,n,2,288.63,2.17,N,2
46.48719,29.98474,305.44,0.43,0.46,2018-07-25,0034,N20,VIIRS,n,2,282.49,0.96,N,0
46.43508,29.82826,308.34,0.42,0.45,2018-07-25,0034,N20,VIIRS,n,2,286.49,0.96,N,0
46.4335,29.8261,304.97,0.42,0.45,2018-07-25,0034,N20,VIIRS,n,2,286.3,0.68,N,0
46.37223,29.82338,343.97,0.38,0.43,2018-07-25,1019,N20,VIIRS,n,2,301.96,12.55,D,0
46.43729,29.81913,339.65,0.57,0.43,2018-07-25,1019,N20,VIIRS,n,2,300.6,7.34,D,0
46.43122,29.82977,330.31,0.57,0.43,2018-07-25,1019,N20,VIIRS,n,2,295.1,7.23,D,0
46.44112,29.81737,337.08,0.57,0.43,2018-07-25,1019,N20,VIIRS,n,2,296.39,7.34,D,0
47.23561,28.90343,338.91,0.4,0.44,2018-07-25,1020,N20,VIIRS,n,2,287.27,6.55,D,0
48.00721,27.98698,335.48,0.42,0.45,2018-07-25,1020,N20,VIIRS,n,2,295.98,5.32,D,0
47.78857,29.03166,320.54,0.41,0.37,2018-07-26,2356,N20,VIIRS,n,2,271.74,1.81,N,0
47.78851,28.95269,307.68,0.41,0.37,2018-07-26,2356,N20,VIIRS,n,2,285.84,1.28,N,2
47.04523,29.58913,311.6,0.5,0.66,2018-07-29,2259,N20,VIIRS,n,2,285.05,6.41,N,0
47.05134,29.58985,348.49,0.5,0.66,2018-07-29,2259,N20,VIIRS,n,2,285.54,6.41,N,0
47.05124,29.59608,331.61,0.5,0.66,2018-07-29,2259,N20,VIIRS,n,2,284.98,5.61,N,0
47.04514,29.59549,305.08,0.5,0.66,2018-07-29,2259,N20,VIIRS,n,2,284.94,5.61,N,0
47.7923,28.95621,306.06,0.54,0.68,2018-07-29,2259,N20,VIIRS,n,2,284.39,1.18,N,2
47.78551,29.01468,305.01,0.54,0.68,2018-07-29,2259,N20,VIIRS,n,2,284.43,2.56,N,2
47.05745,29.59027,305.47,0.5,0.66,2018-07-29,2259,N20,VIIRS,n,2,285.04,1.38,N,0
47.05735,29.59646,305.49,0.5,0.66,2018-07-29,2259,N20,VIIRS,n,2,284.83,1.51,N,0
47.04556,29.59798,300.26,0.47,0.47,2018-07-30,0040,N20,VIIRS,n,2,286.87,0.97,N,0
47.0512,29.59398,305.29,0.46,0.47,2018-07-30,0040,N20,VIIRS,n,2,287.1,0.97,N,0
47.05533,29.59615,303.98,0.46,0.47,2018-07-30,0040,N20,VIIRS,n,2,287.18,0.9,N,0
46.47172,29.77429,351.52,0.52,0.5,2018-07-31,1007,N20,VIIRS,n,2,303.69,16.39,D,0
46.48041,29.76969,350.53,0.52,0.5,2018-07-31,1007,N20,VIIRS,n,2,306.81,39.39,D,0
46.48367,29.78262,332.62,0.52,0.5,2018-07-31,1007,N20,VIIRS,n,2,298.57,6.93,D,0
46.4777,29.77847,367,0.52,0.5,2018-07-31,1007,N20,VIIRS,h,2,302.65,39.39,D,0
46.47607,29.772,348.98,0.52,0.5,2018-07-31,1007,N20,VIIRS,n,2,306.22,39.39,D,0
46.48205,29.77618,367,0.52,0.5,2018-07-31,1007,N20,VIIRS,h,2,303.74,39.39,D,0
46.48493,29.77291,331.36,0.45,0.63,2018-07-31,1147,N20,VIIRS,n,2,295.81,10.22,D,0
46.47919,29.77921,351.23,0.45,0.63,2018-07-31,1147,N20,VIIRS,n,2,296.92,10.52,D,0
46.59424,29.73924,355.36,0.45,0.63,2018-07-31,1148,N20,VIIRS,n,2,298.67,35.07,D,0
46.59437,29.74525,342.87,0.45,0.63,2018-07-31,1148,N20,VIIRS,n,2,296.2,20.66,D,0
47.78853,28.95691,316.85,0.39,0.36,2018-08-01,0002,N20,VIIRS,n,2,292.8,1.36,N,2
47.7878,29.03175,301.75,0.39,0.36,2018-08-01,0002,N20,VIIRS,n,2,290.64,0.65,N,0
47.72343,29.06342,336.77,0.51,0.49,2018-08-01,1129,N20,VIIRS,n,2,296.75,4.22,D,0
47.72294,29.05631,332.32,0.51,0.49,2018-08-01,1129,N20,VIIRS,n,2,298.84,5.13,D,0
47.7855,29.0209,299.97,0.51,0.41,2018-08-01,2343,N20,VIIRS,n,2,289.93,1.58,N,2
47.78888,28.95214,309.94,0.51,0.41,2018-08-01,2343,N20,VIIRS,n,2,289.15,1.38,N,2
47.78897,29.0192,299,0.62,0.72,2018-08-02,0123,N20,VIIRS,n,2,286.74,1.13,N,2
47.78952,28.9556,303.94,0.62,0.71,2018-08-02,0123,N20,VIIRS,n,2,287.72,1.39,N,2
47.78988,28.95405,304.88,0.62,0.71,2018-08-02,0123,N20,VIIRS,n,2,287.43,1.26,N,2
45.65429,28.32414,343.82,0.44,0.38,2018-08-02,1109,N20,VIIRS,n,2,305.24,8.11,D,0
47.05008,29.44723,346.36,0.49,0.4,2018-08-02,1110,N20,VIIRS,n,2,304.38,9.5,D,0
46.62315,29.80685,331.9,0.5,0.41,2018-08-02,1110,N20,VIIRS,n,2,300.69,2.93,D,0
46.62249,29.8003,334.55,0.5,0.41,2018-08-02,1110,N20,VIIRS,n,2,302.33,4.22,D,0
46.98965,29.46231,330.24,0.49,0.4,2018-08-02,1110,N20,VIIRS,l,2,302.4,3.84,D,0
47.03461,29.59038,341.05,0.5,0.41,2018-08-02,1110,N20,VIIRS,n,2,308.99,6.04,D,0
47.03833,29.58947,348.45,0.5,0.41,2018-08-02,1110,N20,VIIRS,n,2,308.67,11.73,D,0
47.04576,29.58764,334.19,0.5,0.41,2018-08-02,1110,N20,VIIRS,n,2,302.53,4.83,D,0
47.0532,29.58583,331.38,0.5,0.41,2018-08-02,1110,N20,VIIRS,l,2,304.44,4.59,D,0
47.8047,29.17398,330.34,0.49,0.4,2018-08-02,1110,N20,VIIRS,l,2,302.28,2.45,D,0
47.78909,29.01836,303.47,0.54,0.51,2018-08-02,2324,N20,VIIRS,n,2,288.99,0.93,N,2
47.79324,28.95233,300.19,0.54,0.51,2018-08-02,2324,N20,VIIRS,n,2,288.76,0.88,N,2
46.44588,29.80564,306.8,0.47,0.64,2018-08-03,0105,N20,VIIRS,n,2,288.11,0.81,N,0
46.44672,29.80559,308.55,0.47,0.64,2018-08-03,0105,N20,VIIRS,n,2,287.73,1.08,N,0
47.78894,28.95295,312.31,0.39,0.59,2018-08-03,0105,N20,VIIRS,n,2,288.67,1.41,N,2
47.78652,29.02068,299.95,0.39,0.6,2018-08-03,0105,N20,VIIRS,n,2,288.34,0.83,N,2
46.75909,29.61436,337.05,0.39,0.36,2018-08-03,1051,N20,VIIRS,n,2,309.03,7.11,D,0
46.76236,29.61333,347.26,0.39,0.36,2018-08-03,1051,N20,VIIRS,n,2,308.28,5.92,D,0
47.64985,28.73628,335.05,0.38,0.36,2018-08-03,1051,N20,VIIRS,l,2,305.43,3.7,D,0
47.81182,29.17915,350.62,0.39,0.36,2018-08-03,1051,N20,VIIRS,n,2,306.55,6.35,D,0
47.91279,28.9389,342.19,0.38,0.36,2018-08-03,1051,N20,VIIRS,n,2,304.72,5.2,D,0
47.91606,28.93783,352.19,0.38,0.36,2018-08-03,1051,N20,VIIRS,n,2,306.99,5.2,D,0
47.9266,28.93967,333.72,0.38,0.36,2018-08-03,1051,N20,VIIRS,l,2,306.59,2.52,D,0
48.08837,27.78718,329.89,0.39,0.36,2018-08-03,1051,N20,VIIRS,l,2,302.01,2.59,D,0
46.2847,28.85157,332.14,0.38,0.36,2018-08-03,1051,N20,VIIRS,n,2,299.08,3.43,D,0
46.28394,28.84665,336.52,0.38,0.36,2018-08-03,1051,N20,VIIRS,n,2,304.03,3.43,D,0
46.49272,29.22635,343.37,0.38,0.36,2018-08-03,1051,N20,VIIRS,n,2,307.22,3.83,D,0
46.42121,28.69576,341.51,0.38,0.36,2018-08-03,1051,N20,VIIRS,n,2,310.53,4.02,D,0
46.42044,28.69082,336.26,0.38,0.36,2018-08-03,1051,N20,VIIRS,l,2,309.97,4.02,D,0
47.94957,28.76433,298.65,0.47,0.64,2018-08-03,2305,N20,VIIRS,n,2,286.5,0.48,N,0
47.78717,29.01238,298.91,0.45,0.63,2018-08-03,2305,N20,VIIRS,n,2,287.96,0.77,N,0
47.78704,29.01903,298.64,0.45,0.63,2018-08-03,2305,N20,VIIRS,n,2,288.3,0.77,N,2
47.94775,28.76899,298.35,0.47,0.48,2018-08-04,0046,N20,VIIRS,n,2,287.55,0.62,N,0
47.78493,29.01913,308.97,0.49,0.49,2018-08-04,0046,N20,VIIRS,n,2,290.26,1.53,N,2
47.7921,28.95281,303.95,0.49,0.48,2018-08-04,0046,N20,VIIRS,n,2,289.27,2.17,N,2
47.44027,29.08631,306.8,0.51,0.49,2018-08-04,0046,N20,VIIRS,n,2,288.08,0.72,N,0
47.10883,28.75775,303.86,0.5,0.49,2018-08-04,0046,N20,VIIRS,n,2,288.08,0.88,N,0
47.11078,28.75847,298.41,0.5,0.49,2018-08-04,0046,N20,VIIRS,n,2,288.03,0.56,N,0
46.62388,29.83499,345.48,0.44,0.38,2018-08-04,1032,N20,VIIRS,n,2,305.4,4.98,D,0
46.62731,29.83363,337.27,0.44,0.38,2018-08-04,1032,N20,VIIRS,n,2,300.91,4.98,D,0
47.99269,27.41538,336.58,0.5,0.41,2018-08-04,1032,N20,VIIRS,n,2,301.25,5.22,D,0
47.99496,27.40733,335.47,0.5,0.41,2018-08-04,1032,N20,VIIRS,n,2,300.85,5.22,D,0
47.99855,27.40564,333.25,0.5,0.41,2018-08-04,1032,N20,VIIRS,l,2,303.69,6.35,D,0
47.78544,29.01733,301.85,0.48,0.4,2018-08-05,0027,N20,VIIRS,n,2,282.28,2.05,N,2
45.52131,28.1903,342.8,0.56,0.51,2018-08-05,1013,N20,VIIRS,n,2,299.54,8.62,D,0
45.51874,28.19093,340.5,0.56,0.51,2018-08-05,1013,N20,VIIRS,n,2,300.21,7.15,D,0
45.66059,28.35218,340.7,0.54,0.51,2018-08-05,1013,N20,VIIRS,n,2,302.61,4.41,D,0
45.79837,28.4875,335.97,0.53,0.5,2018-08-05,1013,N20,VIIRS,n,2,302.97,4.6,D,0
46.46358,29.65204,367,0.45,0.47,2018-08-05,1013,N20,VIIRS,h,2,301.51,12.26,D,0
46.46225,29.64636,337.45,0.45,0.47,2018-08-05,1013,N20,VIIRS,n,2,297.75,3.82,D,0
46.46088,29.64052,330.05,0.45,0.47,2018-08-05,1013,N20,VIIRS,n,2,298.92,3.82,D,0
46.46216,29.65161,350.84,0.45,0.47,2018-08-05,1013,N20,VIIRS,n,2,300.64,9.62,D,0
46.46626,29.64956,367,0.45,0.47,2018-08-05,1013,N20,VIIRS,h,2,300.68,9.62,D,0
46.46761,29.65521,339.35,0.45,0.47,2018-08-05,1013,N20,VIIRS,n,2,297.87,6.83,D,0
46.46487,29.6438,341.55,0.45,0.47,2018-08-05,1013,N20,VIIRS,n,2,300.81,9.62,D,0
46.62224,29.80983,333.5,0.44,0.46,2018-08-05,1013,N20,VIIRS,n,2,298.69,3.38,D,0
46.47034,29.64747,353.74,0.45,0.47,2018-08-05,1013,N20,VIIRS,n,2,299.23,7.61,D,0
47.9941,28.85563,332.92,0.45,0.47,2018-08-05,1014,N20,VIIRS,n,2,296.45,3.83,D,0
47.99543,28.86113,333.13,0.45,0.47,2018-08-05,1014,N20,VIIRS,n,2,297.05,3.03,D,0
46.72701,28.2025,343.45,0.46,0.63,2018-08-05,1154,N20,VIIRS,n,2,294.9,4.33,D,0
45.79491,28.48913,348.09,0.47,0.64,2018-08-05,1154,N20,VIIRS,n,2,299.32,6.67,D,0
47.04708,29.54011,346.13,0.53,0.67,2018-08-05,1154,N20,VIIRS,n,2,290.93,8.66,D,0
47.04082,29.54007,348.51,0.53,0.67,2018-08-05,1154,N20,VIIRS,n,2,290.99,6.68,D,0
48.05747,27.55239,339.93,0.43,0.62,2018-08-05,1154,N20,VIIRS,n,2,301.38,3.71,D,0
48.0576,27.55826,336.68,0.43,0.62,2018-08-05,1154,N20,VIIRS,n,2,298.1,3.71,D,0
47.78717,29.01667,312.27,0.38,0.36,2018-08-06,0008,N20,VIIRS,n,2,290.96,1.11,N,2
47.79048,28.95382,317.23,0.38,0.36,2018-08-06,0008,N20,VIIRS,n,2,288.74,1.17,N,2
47.94416,29.07846,337.35,0.35,0.57,2018-08-06,0955,N20,VIIRS,n,2,292.78,6.52,D,0
46.80193,29.34816,334.51,0.37,0.58,2018-08-06,0955,N20,VIIRS,n,2,296.57,2.02,D,0
46.80081,29.34723,330.58,0.37,0.58,2018-08-06,0955,N20,VIIRS,n,2,296.21,1.48,D,0
47.94287,29.07393,334.6,0.35,0.57,2018-08-06,0955,N20,VIIRS,n,2,291.87,8.06,D,0
45.75629,28.44922,339.3,0.54,0.51,2018-08-06,1135,N20,VIIRS,n,2,304.99,13.11,D,0
46.62765,29.832,332.2,0.32,0.55,2018-08-06,1135,N20,VIIRS,l,2,302.54,3.81,D,0
46.62804,29.84054,331.89,0.32,0.55,2018-08-06,1135,N20,VIIRS,n,2,300.68,2.94,D,0
46.44595,29.79831,349.36,0.32,0.55,2018-08-06,1135,N20,VIIRS,n,2,308.69,4.9,D,0
46.65528,29.67647,306.3,0.42,0.38,2018-08-06,2350,N20,VIIRS,n,2,289.65,0.79,N,0
46.65599,29.67102,303.91,0.42,0.38,2018-08-06,2350,N20,VIIRS,n,2,289.37,0.79,N,0
46.35144,28.63215,336.17,0.52,0.41,2018-08-07,1116,N20,VIIRS,n,2,299.2,4.04,D,0
48.02882,27.20571,339.47,0.48,0.4,2018-08-07,1116,N20,VIIRS,n,2,301.05,6.99,D,0
46.98874,29.46854,332.19,0.57,0.43,2018-08-07,1116,N20,VIIRS,l,2,306.44,7.24,D,0
46.60373,29.76481,330.86,0.39,0.44,2018-08-07,1116,N20,VIIRS,n,2,299,6.93,D,0
46.60026,29.86357,344.46,0.39,0.44,2018-08-07,1116,N20,VIIRS,n,2,299.15,5.34,D,0
46.60071,29.86867,342.51,0.39,0.44,2018-08-07,1116,N20,VIIRS,n,2,301.24,5.34,D,0
46.43834,29.345,332.76,0.55,0.43,2018-08-07,1116,N20,VIIRS,l,2,305.48,6.84,D,0
46.43443,29.34582,346.17,0.55,0.43,2018-08-07,1116,N20,VIIRS,n,2,304.68,6.84,D,0
46.3504,28.63186,334.68,0.52,0.41,2018-08-07,1116,N20,VIIRS,n,2,298.28,2.33,D,0
46.43499,29.3457,348.02,0.55,0.43,2018-08-07,1116,N20,VIIRS,n,2,304.65,12.83,D,0
47.78854,28.95436,304.7,0.46,0.47,2018-08-07,2331,N20,VIIRS,n,2,288.49,1.36,N,2
47.78805,29.0168,307.51,0.46,0.47,2018-08-07,2331,N20,VIIRS,n,2,288.92,1.38,N,2
47.78951,28.95727,297.12,0.46,0.63,2018-08-08,0111,N20,VIIRS,n,2,286.94,0.8,N,2
47.78413,29.01508,298.63,0.46,0.64,2018-08-08,0111,N20,VIIRS,n,2,286.42,0.61,N,0
47.43296,28.54321,335.05,0.39,0.36,2018-08-08,1057,N20,VIIRS,n,2,301.65,3.31,D,0
47.56607,28.94325,333.14,0.4,0.37,2018-08-08,1057,N20,VIIRS,n,2,303.3,2.84,D,0
46.98533,29.29636,335.57,0.4,0.37,2018-08-08,1057,N20,VIIRS,n,2,303.54,3.99,D,0
47.67488,29.12255,336.85,0.4,0.37,2018-08-08,1057,N20,VIIRS,n,2,309.89,2.48,D,0
46.73987,28.27373,334.62,0.39,0.36,2018-08-08,1057,N20,VIIRS,n,2,303.25,2.08,D,0
46.39559,28.65676,332.78,0.39,0.36,2018-08-08,1057,N20,VIIRS,n,2,306.72,2.46,D,0
46.06002,28.40824,332.38,0.39,0.36,2018-08-08,1057,N20,VIIRS,l,2,307.28,1.97,D,0
46.98199,29.29731,342.72,0.4,0.37,2018-08-08,1057,N20,VIIRS,n,2,307.62,3.99,D,0
47.73758,29.17583,333.47,0.4,0.37,2018-08-08,1057,N20,VIIRS,l,2,306.14,3.02,D,0
48.00097,28.71053,332.09,0.4,0.37,2018-08-08,1057,N20,VIIRS,l,2,303.9,3.1,D,0
47.42966,28.54418,345.31,0.39,0.36,2018-08-08,1057,N20,VIIRS,n,2,303.44,3.31,D,0
46.39041,30.08246,302.17,0.33,0.55,2018-08-08,2312,N20,VIIRS,n,2,287.21,0.72,N,0
47.78959,29.01728,299.65,0.38,0.59,2018-08-08,2312,N20,VIIRS,n,2,287.51,0.68,N,2
47.78414,29.01672,299.49,0.38,0.59,2018-08-08,2312,N20,VIIRS,n,2,287.65,0.68,N,0
47.78859,29.01506,307.54,0.38,0.59,2018-08-08,2312,N20,VIIRS,n,2,288.27,0.77,N,2
46.38762,30.07943,305.83,0.33,0.55,2018-08-08,2312,N20,VIIRS,n,2,287.15,0.51,N,0
47.78689,29.01978,300.8,0.58,0.52,2018-08-09,0052,N20,VIIRS,n,2,287.04,1.28,N,2
46.39164,30.08349,298.77,0.35,0.57,2018-08-09,0053,N20,VIIRS,n,2,286.45,0.35,N,0
46.38679,30.08051,302.41,0.35,0.57,2018-08-09,0053,N20,VIIRS,n,2,286.39,0.35,N,0
46.59655,29.86796,334.42,0.4,0.37,2018-08-09,1038,N20,VIIRS,l,2,304.75,2.74,D,0
46.71425,29.14576,339.71,0.42,0.37,2018-08-09,1038,N20,VIIRS,n,2,306.8,2.29,D,0
46.45673,29.28162,334.64,0.42,0.37,2018-08-09,1038,N20,VIIRS,n,2,305.48,2.21,D,0
46.38725,29.56847,336.71,0.41,0.37,2018-08-09,1038,N20,VIIRS,l,2,310.98,2.9,D,0
46.39059,29.56724,337.02,0.41,0.37,2018-08-09,1038,N20,VIIRS,l,2,311.73,2.9,D,0
48.02274,28.48144,346.7,0.42,0.37,2018-08-09,1039,N20,VIIRS,n,2,309.08,8.98,D,0
46.60129,29.85693,337.18,0.57,0.43,2018-08-10,1019,N20,VIIRS,n,2,309.29,6.75,D,0
47.75601,29.14161,354.65,0.57,0.43,2018-08-10,1020,N20,VIIRS,n,2,310.79,17.1,D,0
47.03807,29.49412,338.21,0.57,0.43,2018-08-10,1020,N20,VIIRS,n,2,306.87,7.35,D,0
47.76151,29.14746,348.03,0.57,0.43,2018-08-10,1020,N20,VIIRS,n,2,310.68,11.76,D,0
47.75984,29.13986,350.75,0.57,0.43,2018-08-10,1020,N20,VIIRS,n,2,309.68,17.1,D,0
47.76531,29.14564,356.09,0.57,0.43,2018-08-10,1020,N20,VIIRS,n,2,312.19,23.91,D,0
47.75481,29.14216,345.8,0.57,0.43,2018-08-10,1020,N20,VIIRS,n,2,308.4,8.6,D,0
47.75864,29.14042,355.57,0.57,0.43,2018-08-10,1020,N20,VIIRS,n,2,312.59,21.78,D,0
47.76416,29.1462,353.28,0.57,0.43,2018-08-10,1020,N20,VIIRS,n,2,313.51,21.78,D,0
47.76247,29.13867,340.31,0.57,0.43,2018-08-10,1020,N20,VIIRS,n,2,304.03,21.78,D,0
48.18148,27.89682,333.09,0.42,0.45,2018-08-10,1020,N20,VIIRS,l,2,307.28,2.95,D,0
48.18271,27.90206,333.62,0.42,0.45,2018-08-10,1020,N20,VIIRS,l,2,306.09,2.95,D,0
46.98664,29.41476,330.51,0.62,0.72,2018-08-10,1200,N20,VIIRS,l,2,305.33,7.24,D,0
47.99098,28.11575,304.28,0.39,0.36,2018-08-11,0015,N20,VIIRS,n,2,286.34,0.52,N,0
47.78476,29.01633,306.87,0.4,0.37,2018-08-11,0015,N20,VIIRS,n,2,287.96,1.25,N,2
47.18483,29.53438,297.98,0.41,0.37,2018-08-11,0015,N20,VIIRS,n,2,287.62,0.52,N,0
47.93014,27.54335,331.72,0.35,0.57,2018-08-11,1001,N20,VIIRS,l,2,303.16,1.65,D,0
46.6001,29.75322,333.45,0.61,0.54,2018-08-11,1001,N20,VIIRS,l,2,304.24,5.96,D,0
48.13934,27.32601,334.96,0.35,0.57,2018-08-11,1001,N20,VIIRS,n,2,300.98,2.08,D,0
47.06311,28.41365,330.95,0.33,0.55,2018-08-11,1141,N20,VIIRS,n,2,304.38,2.6,D,0
46.08001,28.53123,347.22,0.33,0.55,2018-08-11,1141,N20,VIIRS,n,2,304.99,3.13,D,0
46.07979,28.52675,333.25,0.33,0.55,2018-08-11,1141,N20,VIIRS,l,2,305.18,2.72,D,0
46.18204,28.80041,367,0.34,0.56,2018-08-11,1141,N20,VIIRS,h,2,307.12,8.27,D,0
46.59954,29.74856,367,0.38,0.59,2018-08-11,1141,N20,VIIRS,h,2,309.48,8.29,D,0
46.59916,29.73844,367,0.38,0.59,2018-08-11,1141,N20,VIIRS,h,2,308.81,8.85,D,0
46.59973,29.75364,354.76,0.38,0.59,2018-08-11,1141,N20,VIIRS,n,2,306.02,9.09,D,0
46.59935,29.7435,345.61,0.38,0.59,2018-08-11,1141,N20,VIIRS,n,2,309.24,8.29,D,0
47.04883,29.53147,339.94,0.37,0.58,2018-08-11,1141,N20,VIIRS,n,2,304.56,4.03,D,0
47.7861,29.01687,308.88,0.41,0.37,2018-08-11,2356,N20,VIIRS,n,2,289.16,1.27,N,2
48.08755,27.46639,313.86,0.45,0.39,2018-08-11,2356,N20,VIIRS,n,2,286.77,1.65,N,0
47.78729,29.03416,301.94,0.41,0.37,2018-08-11,2356,N20,VIIRS,n,2,288.7,0.53,N,0
47.7474,29.1882,336.11,0.48,0.65,2018-08-12,0942,N20,VIIRS,n,2,296.17,5.11,D,0
47.74306,29.19091,343.82,0.48,0.65,2018-08-12,0942,N20,VIIRS,n,2,298.73,7.56,D,0
48.25954,27.87651,339.18,0.52,0.67,2018-08-12,0943,N20,VIIRS,n,2,297.27,6.1,D,0
48.25836,27.87645,340.7,0.52,0.67,2018-08-12,0943,N20,VIIRS,n,2,297.32,8.16,D,0
48.25391,27.88036,336.18,0.52,0.67,2018-08-12,0943,N20,VIIRS,n,2,296.93,6.67,D,0
47.72446,29.10067,342.24,0.44,0.46,2018-08-12,1123,N20,VIIRS,n,2,300.74,4.54,D,0
47.78532,29.01637,305.85,0.39,0.44,2018-08-12,2337,N20,VIIRS,n,2,289.21,0.92,N,2
47.78532,29.0183,297.96,0.54,0.68,2018-08-13,0117,N20,VIIRS,n,2,284.42,0.91,N,2
47.78738,29.01891,301.89,0.32,0.55,2018-08-13,2318,N20,VIIRS,n,2,289.07,0.8,N,2
47.78762,29.01434,301.67,0.32,0.55,2018-08-13,2318,N20,VIIRS,n,2,288.45,0.67,N,0
48.33613,27.24335,320.33,0.54,0.51,2018-08-14,0058,N20,VIIRS,n,2,288.03,2.08,N,0
48.33311,27.24125,306.3,0.55,0.51,2018-08-14,0058,N20,VIIRS,n,2,286.89,1.26,N,0
47.78506,29.01601,305.54,0.34,0.56,2018-08-14,0058,N20,VIIRS,n,2,287.87,0.81,N,2
46.85673,29.53504,350.49,0.39,0.36,2018-08-14,1045,N20,VIIRS,n,2,318.12,9.18,D,0
46.8608,29.53891,342.93,0.39,0.36,2018-08-14,1045,N20,VIIRS,l,2,315.88,9.1,D,0
46.85999,29.53392,349.6,0.39,0.36,2018-08-14,1045,N20,VIIRS,n,2,318.04,9.18,D,0
46.86406,29.53779,345.3,0.39,0.36,2018-08-14,1045,N20,VIIRS,l,2,317.01,17.67,D,0
47.03548,29.36696,355.36,0.39,0.36,2018-08-14,1045,N20,VIIRS,n,2,314.94,7.11,D,0
48.23577,28.16312,339.77,0.39,0.36,2018-08-14,1045,N20,VIIRS,n,2,307.17,4.21,D,0
48.23905,28.16187,350.63,0.39,0.36,2018-08-14,1045,N20,VIIRS,n,2,308.15,4.83,D,0
48.23817,28.15672,340.31,0.39,0.36,2018-08-14,1045,N20,VIIRS,n,2,307.98,4.83,D,0
47.78457,29.01613,306.63,0.54,0.68,2018-08-14,2259,N20,VIIRS,n,2,290.61,1.78,N,2
47.78797,29.01282,305.75,0.54,0.68,2018-08-14,2259,N20,VIIRS,n,2,290.05,1.46,N,2
47.78566,29.01815,308.34,0.42,0.45,2018-08-15,0040,N20,VIIRS,n,2,290.9,1.44,N,2
46.98661,29.13861,337.2,0.51,0.41,2018-08-15,1026,N20,VIIRS,n,2,305.36,2.69,D,0
46.98466,28.65764,333.26,0.54,0.42,2018-08-15,1026,N20,VIIRS,n,2,307.15,2.04,D,0
46.60301,29.77271,334.93,0.77,0.77,2018-08-15,1207,N20,VIIRS,n,2,302.26,9.49,D,0
46.6715,29.2654,354.27,0.45,0.39,2018-08-16,0021,N20,VIIRS,n,2,294.73,6.67,N,0
46.66569,29.25685,316.16,0.45,0.39,2018-08-16,0021,N20,VIIRS,n,2,288.41,2.98,N,0
46.66455,29.26258,333.9,0.45,0.39,2018-08-16,0021,N20,VIIRS,n,2,291.66,4.26,N,0
46.66803,29.26399,328.64,0.45,0.39,2018-08-16,0021,N20,VIIRS,n,2,290.85,4.26,N,0
46.66917,29.25824,328.77,0.45,0.39,2018-08-16,0021,N20,VIIRS,n,2,289.17,2.98,N,0
46.67264,29.25966,302.44,0.45,0.39,2018-08-16,0021,N20,VIIRS,n,2,288.23,1.12,N,0
46.67497,29.26683,303.04,0.45,0.39,2018-08-16,0021,N20,VIIRS,n,2,288.88,6.67,N,0
47.7842,29.0193,302.47,0.43,0.38,2018-08-16,0021,N20,VIIRS,n,2,290.66,0.98,N,2
47.93369,28.90415,296.1,0.43,0.38,2018-08-16,0021,N20,VIIRS,n,2,284.54,0.48,N,0
46.60081,29.84051,342.22,0.52,0.5,2018-08-16,1007,N20,VIIRS,n,2,304.37,10.65,D,0
46.60118,29.83742,342.16,0.51,0.5,2018-08-16,1007,N20,VIIRS,n,2,305.41,19.73,D,0
46.3652,29.19392,331.65,0.43,0.62,2018-08-16,1148,N20,VIIRS,l,2,302.39,4.16,D,0
46.6638,29.27963,333.62,0.43,0.62,2018-08-16,1148,N20,VIIRS,n,2,301.67,4.61,D,0
46.41952,29.90384,330.84,0.46,0.64,2018-08-16,1148,N20,VIIRS,l,2,305.75,4.48,D,0
47.09413,29.00357,305.46,0.39,0.36,2018-08-17,0002,N20,VIIRS,n,2,291.42,1.23,N,0
47.09337,29.00858,319.48,0.39,0.36,2018-08-17,0002,N20,VIIRS,n,2,292.36,1.23,N,0
46.6108,29.84762,330.09,0.42,0.61,2018-08-17,0948,N20,VIIRS,l,2,300.68,3.32,D,0
46.66124,29.26781,342.25,0.44,0.62,2018-08-17,0948,N20,VIIRS,n,2,300.54,3.11,D,0
46.14539,28.87672,342.57,0.48,0.48,2018-08-17,1128,N20,VIIRS,n,2,305.67,4.33,D,0
46.66208,29.27001,334.92,0.51,0.49,2018-08-17,1129,N20,VIIRS,l,2,305.41,4.49,D,0
46.66664,29.26923,346.5,0.51,0.49,2018-08-17,1129,N20,VIIRS,n,2,306.95,11.45,D,0
46.66164,29.26318,343.51,0.51,0.49,2018-08-17,1129,N20,VIIRS,n,2,307.9,4.49,D,0
46.12754,28.80081,307.66,0.49,0.41,2018-08-17,2344,N20,VIIRS,n,2,290.79,0.81,N,0
46.12383,28.79997,303.33,0.49,0.41,2018-08-17,2344,N20,VIIRS,n,2,290.49,0.81,N,0
46.53239,29.88693,331.63,0.67,0.74,2018-08-18,0930,N20,VIIRS,n,2,295.24,5.85,D,0
47.78804,29.01825,302.23,0.54,0.51,2018-08-18,2324,N20,VIIRS,n,2,288.52,1.04,N,2
46.74056,29.57614,331.24,0.39,0.36,2018-08-19,1051,N20,VIIRS,n,2,305.88,1.83,D,0
47.05209,29.46508,338.92,0.39,0.36,2018-08-19,1051,N20,VIIRS,n,2,304.96,2.5,D,0
47.05283,29.4701,335.31,0.39,0.36,2018-08-19,1051,N20,VIIRS,n,2,304.62,2.72,D,0
46.75111,29.57808,334.66,0.39,0.36,2018-08-19,1051,N20,VIIRS,l,2,307.8,3.28,D,0
46.70148,29.47381,349.92,0.39,0.36,2018-08-19,1051,N20,VIIRS,n,2,307.31,7.3,D,0
46.69105,29.51877,341.45,0.39,0.36,2018-08-19,1051,N20,VIIRS,n,2,305.33,4.14,D,0
47.78542,29.01301,304.51,0.45,0.63,2018-08-19,2305,N20,VIIRS,n,2,287.79,1.65,N,0
47.78677,29.01386,305.36,0.45,0.63,2018-08-19,2306,N20,VIIRS,n,2,287.82,1.3,N,0
47.78712,29.01771,308.09,0.49,0.49,2018-08-20,0046,N20,VIIRS,n,2,289.47,1.78,N,2
47.78932,29.01358,302.57,0.75,0.77,2018-08-20,2246,N20,VIIRS,n,2,286.09,2.17,N,2
47.78806,28.95195,304.59,0.76,0.77,2018-08-20,2246,N20,VIIRS,n,2,285.75,1.69,N,2
47.7905,28.95636,313.56,0.48,0.4,2018-08-21,0027,N20,VIIRS,n,2,290.01,2.09,N,2
47.78604,29.0151,305.09,0.48,0.4,2018-08-21,0027,N20,VIIRS,n,2,289.49,2.06,N,2
46.23541,28.61974,333.98,0.48,0.64,2018-08-21,1154,N20,VIIRS,n,2,299.18,5.07,D,0
47.48466,27.8252,304.8,0.39,0.36,2018-08-22,0009,N20,VIIRS,n,2,289.22,0.46,N,0
47.78714,29.01866,311.26,0.38,0.36,2018-08-22,0009,N20,VIIRS,n,2,291.44,1.34,N,2
47.79045,28.95578,317.92,0.38,0.36,2018-08-22,0009,N20,VIIRS,n,2,292.36,1.76,N,2
46.67883,28.65541,333.08,0.4,0.6,2018-08-22,0955,N20,VIIRS,n,2,297.74,2.27,D,0
46.16946,28.21506,367,0.43,0.62,2018-08-22,0955,N20,VIIRS,h,2,298.8,16.15,D,0
46.17102,28.22023,333.7,0.43,0.62,2018-08-22,0955,N20,VIIRS,n,2,297.65,10.2,D,0
47.55465,28.33068,330.87,0.39,0.59,2018-08-22,0955,N20,VIIRS,n,2,293.24,2.89,D,0
46.17078,28.2164,343.17,0.54,0.5,2018-08-22,1135,N20,VIIRS,n,2,302.96,9.36,D,0
46.77557,29.7111,341.14,0.32,0.55,2018-08-22,1135,N20,VIIRS,n,2,302.47,2.3,D,0
46.48812,29.87387,336.31,0.32,0.55,2018-08-22,1135,N20,VIIRS,n,2,301.18,1.49,D,0
47.78426,29.01991,297.92,0.45,0.39,2018-08-22,2350,N20,VIIRS,n,2,287.56,1.23,N,2
47.78851,29.01483,298.37,0.45,0.39,2018-08-22,2350,N20,VIIRS,n,2,287.37,0.68,N,2
47.7885,28.95332,305.33,0.45,0.39,2018-08-22,2350,N20,VIIRS,n,2,287.27,1.88,N,2
47.78875,28.95062,297.96,0.72,0.76,2018-08-23,0130,N20,VIIRS,n,2,283.64,1.4,N,2
47.7879,29.01723,298.81,0.72,0.76,2018-08-23,0130,N20,VIIRS,n,2,283.38,1.39,N,2
47.78899,29.01478,296.13,0.72,0.76,2018-08-23,0130,N20,VIIRS,n,2,283.31,1.14,N,2
46.60628,29.63781,342.02,0.57,0.43,2018-08-23,1116,N20,VIIRS,n,2,308.34,7.29,D,0
45.65136,28.32164,347.25,0.49,0.41,2018-08-23,1116,N20,VIIRS,n,2,306.57,11.51,D,0
47.02781,29.43463,334.83,0.57,0.43,2018-08-23,1116,N20,VIIRS,l,2,307.14,3.03,D,0
47.78474,29.01688,303.98,0.46,0.47,2018-08-23,2331,N20,VIIRS,n,2,286.58,1.47,N,2
47.78953,28.95526,308.7,0.46,0.47,2018-08-23,2331,N20,VIIRS,n,2,287.62,1.83,N,2
47.78907,29.01768,296.45,0.46,0.47,2018-08-23,2331,N20,VIIRS,n,2,286.37,0.55,N,2
47.79113,28.95708,302.28,0.46,0.63,2018-08-24,0111,N20,VIIRS,n,2,285.02,1.05,N,2
47.78563,29.01513,297.42,0.46,0.64,2018-08-24,0111,N20,VIIRS,n,2,284.2,0.78,N,2
47.36626,28.83718,295.34,0.47,0.64,2018-08-24,0111,N20,VIIRS,n,2,283.07,0.56,N,0
46.79502,29.81506,341.56,0.41,0.37,2018-08-24,1057,N20,VIIRS,l,2,314.09,7.11,D,0
46.68364,29.50641,334.19,0.4,0.37,2018-08-24,1057,N20,VIIRS,l,2,305.02,2.17,D,0
46.69859,29.67018,336.44,0.4,0.37,2018-08-24,1057,N20,VIIRS,l,2,310.83,3.52,D,0
46.45645,29.90442,349.96,0.41,0.37,2018-08-24,1057,N20,VIIRS,n,2,314.47,6.75,D,0
46.45714,29.90968,339.07,0.41,0.37,2018-08-24,1057,N20,VIIRS,l,2,313.29,3.55,D,0
47.79027,28.95366,314.46,0.38,0.59,2018-08-24,2312,N20,VIIRS,n,2,287.97,1.31,N,2
47.78799,29.01575,314.63,0.38,0.59,2018-08-24,2312,N20,VIIRS,n,2,288.18,1.64,N,2
47.78957,28.9571,304.87,0.57,0.52,2018-08-25,0052,N20,VIIRS,n,2,286.46,1.16,N,2
46.77193,29.90639,341.85,0.4,0.37,2018-08-25,1038,N20,VIIRS,n,2,310.22,5.12,D,0
46.56958,29.52888,338.6,0.41,0.37,2018-08-25,1038,N20,VIIRS,n,2,309.29,3.01,D,0
47.20377,29.14337,333.57,0.41,0.37,2018-08-25,1038,N20,VIIRS,l,2,307.52,1.96,D,0
47.30548,28.50631,334.66,0.42,0.38,2018-08-25,1039,N20,VIIRS,n,2,305.87,3.39,D,0
47.29973,28.51435,334.08,0.42,0.38,2018-08-25,1039,N20,VIIRS,l,2,306.9,5.17,D,0
47.30312,28.51309,333.29,0.42,0.38,2018-08-25,1039,N20,VIIRS,l,2,306.19,5.17,D,0
47.3021,28.50758,349.38,0.42,0.38,2018-08-25,1039,N20,VIIRS,n,2,311.26,21.52,D,0
47.78894,28.95395,304.39,0.64,0.72,2018-08-25,2253,N20,VIIRS,n,2,288.03,1.78,N,2
47.79328,28.95511,301.84,0.64,0.72,2018-08-25,2253,N20,VIIRS,n,2,287.48,0.88,N,2
47.78952,29.01495,301.1,0.64,0.72,2018-08-25,2253,N20,VIIRS,n,2,287.62,1.15,N,2
47.78687,29.01608,299.22,0.63,0.72,2018-08-25,2253,N20,VIIRS,n,2,287.93,1.72,N,2
47.78561,29.02067,304.58,0.55,0.43,2018-08-26,0034,N20,VIIRS,n,2,290.04,1.64,N,2
47.78828,28.95231,305.85,0.54,0.42,2018-08-26,0034,N20,VIIRS,n,2,288.68,1.83,N,2
46.98573,29.35776,337.17,0.39,0.44,2018-08-26,1020,N20,VIIRS,n,2,299.92,2.53,D,0
45.78733,28.59221,367,0.57,0.69,2018-08-26,1200,N20,VIIRS,h,2,301.17,35.32,D,0
46.07617,28.371,331.94,0.55,0.68,2018-08-26,1200,N20,VIIRS,l,2,302.7,3.34,D,0
45.78607,28.59462,367,0.56,0.69,2018-08-26,1200,N20,VIIRS,h,2,298.98,19.02,D,0
45.786,28.58723,344.52,0.56,0.69,2018-08-26,1200,N20,VIIRS,n,2,296.94,19.02,D,0
48.28128,27.75496,330.8,0.53,0.67,2018-08-26,1201,N20,VIIRS,n,2,293.8,5.12,D,0
47.79051,28.95717,318.19,0.4,0.37,2018-08-27,0015,N20,VIIRS,n,2,290.37,1.31,N,2
46.24163,28.76483,299.13,0.41,0.37,2018-08-27,0015,N20,VIIRS,n,2,287.46,0.46,N,0
47.63081,28.77856,312.47,0.4,0.37,2018-08-27,0015,N20,VIIRS,n,2,288.84,1.28,N,0
47.78701,29.01698,311.64,0.4,0.37,2018-08-27,0015,N20,VIIRS,n,2,290.48,1.7,N,2
46.62548,29.63174,330.56,0.38,0.59,2018-08-27,1141,N20,VIIRS,n,2,301.88,2.8,D,0
46.37796,28.23142,337.56,0.32,0.55,2018-08-27,1141,N20,VIIRS,n,2,297.18,3.02,D,0
47.78559,29.01517,309.8,0.41,0.37,2018-08-27,2356,N20,VIIRS,n,2,290.86,1.34,N,2
47.7902,28.9546,317.47,0.41,0.37,2018-08-27,2356,N20,VIIRS,n,2,292.33,1.81,N,2
47.15611,29.52019,338.52,0.45,0.47,2018-08-28,1122,N20,VIIRS,l,2,309.39,6.58,D,0
45.55953,28.23459,334.46,0.57,0.43,2018-08-28,1122,N20,VIIRS,n,2,303.62,4.61,D,0
46.62138,29.84849,343.55,0.46,0.47,2018-08-28,1122,N20,VIIRS,n,2,309.45,8.32,D,0
46.62091,29.84246,337.98,0.46,0.47,2018-08-28,1122,N20,VIIRS,l,2,310.92,8.32,D,0
46.73886,29.93325,334.98,0.46,0.47,2018-08-28,1122,N20,VIIRS,l,2,309.81,1.71,D,0
46.06407,28.36035,332.01,0.41,0.37,2018-08-29,1103,N20,VIIRS,n,2,304.56,7.19,D,0
46.06811,28.3646,344.43,0.41,0.37,2018-08-29,1103,N20,VIIRS,n,2,302.34,4.61,D,0
45.51351,28.49244,339.25,0.4,0.37,2018-08-29,1103,N20,VIIRS,n,2,304.89,4.35,D,0
45.59085,28.18318,344.11,0.4,0.37,2018-08-29,1103,N20,VIIRS,n,2,301.33,3.95,D,0
45.59488,28.18735,332.04,0.4,0.37,2018-08-29,1103,N20,VIIRS,l,2,302.54,3.12,D,0
46.06366,28.36257,343.89,0.4,0.37,2018-08-29,1103,N20,VIIRS,n,2,303.72,7.66,D,0
46.06475,28.36554,335.29,0.41,0.37,2018-08-29,1103,N20,VIIRS,n,2,301.42,4.61,D,0
45.51015,28.49335,342.09,0.4,0.37,2018-08-29,1103,N20,VIIRS,n,2,306.52,5.36,D,0
47.02774,28.53042,335.09,0.41,0.37,2018-08-29,1104,N20,VIIRS,n,2,300.61,3.4,D,0
47.77128,27.79161,299.45,0.37,0.58,2018-08-29,2318,N20,VIIRS,n,2,285.1,0.38,N,0
47.79097,28.95542,312.4,0.32,0.55,2018-08-29,2318,N20,VIIRS,n,2,289.03,1.5,N,2
47.78815,29.01628,313.12,0.32,0.55,2018-08-29,2318,N20,VIIRS,n,2,288.59,1.07,N,2
47.79274,28.95391,314.6,0.32,0.55,2018-08-29,2318,N20,VIIRS,n,2,288.31,1.52,N,2
47.78456,29.01395,299.99,0.32,0.55,2018-08-29,2318,N20,VIIRS,n,2,286.16,1.18,N,0
47.31499,28.17021,300.76,0.35,0.57,2018-08-29,2318,N20,VIIRS,n,2,287.29,0.64,N,0
47.78716,29.01786,309.15,0.34,0.56,2018-08-30,0059,N20,VIIRS,n,2,288.17,1,N,2
47.78831,28.95474,310.42,0.34,0.56,2018-08-30,0059,N20,VIIRS,n,2,288.52,1.51,N,2
46.00662,28.18776,336.73,0.41,0.37,2018-08-30,1044,N20,VIIRS,l,2,309.13,2.44,D,0
46.69484,29.52998,332.01,0.39,0.36,2018-08-30,1045,N20,VIIRS,n,2,304.52,1.26,D,0
47.29795,28.51845,335.91,0.39,0.37,2018-08-30,1045,N20,VIIRS,l,2,307.69,9.36,D,0
47.30123,28.51728,340.32,0.39,0.37,2018-08-30,1045,N20,VIIRS,n,2,309.92,9.36,D,0
47.30037,28.51217,336.95,0.39,0.37,2018-08-30,1045,N20,VIIRS,l,2,311.34,9.36,D,0
47.78856,28.95573,302.47,0.54,0.68,2018-08-30,2259,N20,VIIRS,n,2,288.47,1.3,N,2
47.78816,29.01439,306.38,0.54,0.68,2018-08-30,2259,N20,VIIRS,n,2,288.82,1.02,N,2
47.78767,29.01772,305.87,0.42,0.45,2018-08-31,0040,N20,VIIRS,n,2,288.86,1.48,N,2
47.78973,28.95269,317.87,0.42,0.45,2018-08-31,0040,N20,VIIRS,n,2,289.23,1.49,N,2
46.69629,29.66958,338.86,0.5,0.41,2018-08-31,1026,N20,VIIRS,l,2,311.12,5.02,D,0
46.69756,29.66784,343.55,0.5,0.41,2018-08-31,1026,N20,VIIRS,n,2,309.44,6.54,D,0
46.78621,28.55172,349,0.55,0.42,2018-08-31,1026,N20,VIIRS,n,2,308.13,8.69,D,0
47.78745,29.02991,298.04,0.43,0.38,2018-09-01,0021,N20,VIIRS,n,2,287.53,0.64,N,0
47.01733,29.38113,317.36,0.45,0.39,2018-09-01,0021,N20,VIIRS,n,2,289.44,1.53,N,0
47.20589,27.8579,313.74,0.41,0.37,2018-09-01,0021,N20,VIIRS,n,2,288.13,0.92,N,0
47.7862,29.01738,309.77,0.43,0.38,2018-09-01,0021,N20,VIIRS,n,2,290.11,1.77,N,2
47.78528,29.01596,309.07,0.43,0.38,2018-09-01,0021,N20,VIIRS,n,2,290.14,1.15,N,2
47.7891,28.95729,314.42,0.43,0.38,2018-09-01,0021,N20,VIIRS,n,2,290.28,2.21,N,2
47.31253,28.1714,299.36,0.42,0.37,2018-09-01,0021,N20,VIIRS,n,2,287.58,0.63,N,0
47.33735,28.30906,322.5,0.42,0.38,2018-09-01,0021,N20,VIIRS,n,2,284.88,1.54,N,0
47.76228,29.07893,318.26,0.43,0.38,2018-09-01,0021,N20,VIIRS,n,2,286.8,1.35,N,0
47.76461,29.08597,312.84,0.43,0.38,2018-09-01,0021,N20,VIIRS,n,2,287.12,1.5,N,0
47.76569,29.08032,311.59,0.43,0.38,2018-09-01,0021,N20,VIIRS,n,2,286.64,1.35,N,0
46.42678,30.03085,341.9,0.51,0.49,2018-09-01,1007,N20,VIIRS,n,2,304.83,4.85,D,0
46.69546,29.66033,332.39,0.52,0.5,2018-09-01,1007,N20,VIIRS,l,2,307.09,4.4,D,0
47.78571,29.03572,333.87,0.52,0.5,2018-09-01,1007,N20,VIIRS,n,2,298.43,3.83,D,0
46.42246,30.03303,333.89,0.51,0.49,2018-09-01,1007,N20,VIIRS,l,2,304.2,4.85,D,0
47.78605,29.01628,310.09,0.39,0.36,2018-09-02,0002,N20,VIIRS,n,2,290.31,1.31,N,2
47.78855,28.95278,316.21,0.39,0.36,2018-09-02,0002,N20,VIIRS,n,2,288.87,2.13,N,2
46.08447,28.89898,306.98,0.38,0.36,2018-09-02,0003,N20,VIIRS,n,2,290.66,0.92,N,0
46.08522,28.89406,307.8,0.38,0.36,2018-09-02,0003,N20,VIIRS,n,2,289.9,0.92,N,0
45.85786,28.13284,344.36,0.44,0.46,2018-09-02,1128,N20,VIIRS,n,2,302.64,6.02,D,0
46.12394,28.48588,331.23,0.46,0.47,2018-09-02,1129,N20,VIIRS,l,2,304.69,1.64,D,0
47.30989,28.59656,337.93,0.48,0.48,2018-09-02,1129,N20,VIIRS,n,2,300.99,3.14,D,0
47.58744,27.79733,367,0.45,0.47,2018-09-02,1129,N20,VIIRS,h,2,308.25,19.83,D,3
47.78975,28.95599,310.51,0.51,0.41,2018-09-02,2343,N20,VIIRS,n,2,290.49,2.14,N,2
47.78712,29.01784,306.23,0.51,0.41,2018-09-02,2343,N20,VIIRS,n,2,289.58,1.3,N,2
47.78619,29.01742,296.89,0.62,0.72,2018-09-03,0123,N20,VIIRS,n,2,286.08,1.25,N,2
47.78857,28.94926,298.16,0.62,0.71,2018-09-03,0123,N20,VIIRS,n,2,284.98,1.03,N,0
46.59322,29.74928,337.79,0.5,0.41,2018-09-03,1110,N20,VIIRS,n,2,312.03,4.54,D,0
46.59291,29.75076,337.21,0.5,0.41,2018-09-03,1110,N20,VIIRS,l,2,310.81,5.01,D,0
46.97968,28.42104,336.25,0.45,0.39,2018-09-03,1110,N20,VIIRS,n,2,306.67,2.52,D,0
47.86727,28.39641,344.46,0.46,0.39,2018-09-03,1110,N20,VIIRS,n,2,310.35,5.39,D,0
47.79009,29.0471,338.44,0.49,0.4,2018-09-03,1110,N20,VIIRS,l,2,309.83,6.24,D,0
47.78642,29.04804,331.3,0.49,0.4,2018-09-03,1110,N20,VIIRS,l,2,305.16,1.75,D,0
46.98127,28.41922,332.78,0.45,0.39,2018-09-03,1110,N20,VIIRS,l,2,307.01,7.9,D,0
46.98322,28.42002,336.04,0.45,0.39,2018-09-03,1110,N20,VIIRS,n,2,307,2.52,D,0
46.90372,29.16523,334.51,0.48,0.4,2018-09-03,1110,N20,VIIRS,l,2,307.61,4.43,D,0
47.78863,28.95393,301.65,0.54,0.51,2018-09-03,2325,N20,VIIRS,n,2,285.41,1.4,N,2
46.77925,29.77221,303.33,0.49,0.48,2018-09-03,2325,N20,VIIRS,n,2,284.64,0.69,N,0
46.78371,29.77292,296,0.49,0.48,2018-09-03,2325,N20,VIIRS,n,2,285.01,0.69,N,0
46.78417,29.76654,297.84,0.49,0.48,2018-09-03,2325,N20,VIIRS,n,2,285.41,0.69,N,0
46.7802,29.76944,298.5,0.46,0.63,2018-09-04,0105,N20,VIIRS,n,2,283.91,1.31,N,0
47.78741,28.95451,301.11,0.39,0.6,2018-09-04,0105,N20,VIIRS,n,2,285.79,1.2,N,2
47.8247,28.81182,301.51,0.39,0.59,2018-09-04,0105,N20,VIIRS,n,2,281.25,0.45,N,0
47.82163,28.8125,295.84,0.39,0.59,2018-09-04,0105,N20,VIIRS,n,2,281.71,0.26,N,0
47.78638,29.01763,306.29,0.4,0.6,2018-09-04,0105,N20,VIIRS,n,2,286.33,1.23,N,2
47.63765,28.58469,331.32,0.38,0.36,2018-09-04,1051,N20,VIIRS,l,2,305.42,1.55,D,0
47.36668,28.6256,342.81,0.38,0.36,2018-09-04,1051,N20,VIIRS,n,2,302.14,3.4,D,0
48.14959,28.08299,334.92,0.38,0.36,2018-09-04,1051,N20,VIIRS,n,2,298.05,2.83,D,0
47.78964,29.0159,298.93,0.45,0.63,2018-09-04,2306,N20,VIIRS,n,2,281.99,0.75,N,2
47.78515,29.01285,299.55,0.45,0.63,2018-09-04,2306,N20,VIIRS,n,2,282.93,1.33,N,0
45.80198,28.59592,298.52,0.46,0.64,2018-09-04,2306,N20,VIIRS,n,2,285.97,0.48,N,0
45.80013,28.59102,301.79,0.46,0.64,2018-09-04,2306,N20,VIIRS,n,2,285.55,0.84,N,0
47.78816,28.95224,296.48,0.38,0.36,2018-09-07,0009,N20,VIIRS,n,2,285.11,0.51,N,2
47.78483,29.01513,304.27,0.39,0.36,2018-09-07,0009,N20,VIIRS,n,2,285.26,0.73,N,2
47.79141,28.9534,311.37,0.38,0.36,2018-09-07,0009,N20,VIIRS,n,2,286.74,0.51,N,2
45.80454,28.60471,334.38,0.43,0.62,2018-09-07,0954,N20,VIIRS,n,2,287.8,3.16,D,0
45.80363,28.6096,338.47,0.43,0.62,2018-09-07,0955,N20,VIIRS,n,2,288.4,5.38,D,0
47.78679,28.95451,298.82,0.46,0.63,2018-09-09,0111,N20,VIIRS,n,2,282.44,1.56,N,2
47.7859,29.01895,299.65,0.46,0.64,2018-09-09,0111,N20,VIIRS,n,2,282.62,0.94,N,2
47.78799,28.95178,306.12,0.46,0.63,2018-09-09,0111,N20,VIIRS,n,2,282.73,1.48,N,2
47.78675,29.01622,301.59,0.46,0.64,2018-09-09,0111,N20,VIIRS,n,2,282.71,1.43,N,2
47.78676,29.01677,307.43,0.4,0.37,2018-09-12,0015,N20,VIIRS,n,2,286.74,1.28,N,2
47.78728,29.03364,317.79,0.4,0.37,2018-09-12,0015,N20,VIIRS,n,2,285.44,1.3,N,0
47.79032,28.95695,322.09,0.4,0.37,2018-09-12,0015,N20,VIIRS,n,2,287.42,2.37,N,2
47.78742,29.01913,303.9,0.41,0.37,2018-09-12,2356,N20,VIIRS,n,2,286.45,1.08,N,2
47.78757,29.0156,305.13,0.39,0.44,2018-09-13,2337,N20,VIIRS,n,2,287.18,1.25,N,2
47.78665,29.01893,303.14,0.39,0.44,2018-09-13,2337,N20,VIIRS,n,2,286.99,0.85,N,2
47.78748,29.01552,300.31,0.32,0.55,2018-09-14,2318,N20,VIIRS,n,2,282.3,0.67,N,2
47.78682,29.02884,308.98,0.32,0.54,2018-09-14,2318,N20,VIIRS,n,2,284.16,1.14,N,0
47.78706,29.01903,300.44,0.34,0.56,2018-09-15,0059,N20,VIIRS,n,2,286.51,0.47,N,2
47.78983,29.03053,297.79,0.43,0.38,2018-09-17,0021,N20,VIIRS,n,2,280.79,0.71,N,0
47.78516,29.01656,296.77,0.43,0.38,2018-09-17,0021,N20,VIIRS,n,2,283.04,0.92,N,2
46.82888,29.78717,352.98,0.51,0.49,2018-09-17,1007,N20,VIIRS,n,2,298.06,11.24,D,0
47.78664,29.01575,299.12,0.39,0.36,2018-09-18,0002,N20,VIIRS,n,2,282.39,0.5,N,2
47.28562,28.35917,298.69,0.39,0.36,2018-09-18,0003,N20,VIIRS,n,2,281.92,0.56,N,0
46.78371,29.79922,334.52,0.54,0.51,2018-09-18,1129,N20,VIIRS,n,2,301.72,3.54,D,0
47.78512,29.03311,330.07,0.49,0.4,2018-09-19,1110,N20,VIIRS,n,2,301.47,1.99,D,0
47.03474,29.50624,334.75,0.5,0.41,2018-09-19,1110,N20,VIIRS,n,2,305.49,3.48,D,0
46.23235,28.46106,335.72,0.45,0.39,2018-09-19,1110,N20,VIIRS,n,2,307.44,6.41,D,0
48.18363,27.21156,317.48,0.39,0.36,2018-09-20,1051,N20,VIIRS,l,2,321.63,47.03,D,0
47.93159,28.34717,349.26,0.38,0.36,2018-09-20,1051,N20,VIIRS,n,2,311.18,4.03,D,0
48.18447,27.21667,337.11,0.39,0.36,2018-09-20,1051,N20,VIIRS,l,2,310.47,28.74,D,0
47.78541,29.03122,333.65,0.39,0.36,2018-09-20,1051,N20,VIIRS,n,2,303.88,1.46,D,0
47.59464,27.79504,333.7,0.39,0.36,2018-09-20,1051,N20,VIIRS,n,2,304.11,1.6,D,0
47.93237,28.35224,333.91,0.38,0.36,2018-09-20,1051,N20,VIIRS,n,2,307.81,4.03,D,0
47.96613,28.30826,299.96,0.49,0.65,2018-09-20,2306,N20,VIIRS,n,2,284.43,1.07,N,0
47.78531,29.01602,296.8,0.45,0.63,2018-09-20,2306,N20,VIIRS,n,2,285.56,0.65,N,2
45.67221,28.28352,338.96,0.51,0.41,2018-09-21,1032,N20,VIIRS,n,2,307.81,5.58,D,0
45.67587,28.28201,352.04,0.51,0.41,2018-09-21,1032,N20,VIIRS,n,2,305.01,7.87,D,0
46.20302,28.85705,335.33,0.48,0.4,2018-09-21,1032,N20,VIIRS,n,2,304.54,3.03,D,0
48.24078,27.07264,339.52,0.5,0.41,2018-09-21,1033,N20,VIIRS,n,2,305.54,3.7,D,0
48.30312,27.02908,330.7,0.5,0.41,2018-09-21,1033,N20,VIIRS,l,2,301.57,3.47,D,0
47.78455,29.01735,298.07,0.48,0.4,2018-09-22,0027,N20,VIIRS,n,2,285.34,0.69,N,2
46.46971,29.83722,346.73,0.44,0.46,2018-09-22,1013,N20,VIIRS,n,2,303.44,5.97,D,0
46.95894,29.02302,331.6,0.47,0.47,2018-09-22,1013,N20,VIIRS,n,2,302.43,3.7,D,0
46.7671,29.58411,334.28,0.44,0.46,2018-09-22,1013,N20,VIIRS,n,2,301.79,2.44,D,0
47.27193,27.87162,335.5,0.51,0.49,2018-09-22,1014,N20,VIIRS,n,2,294.92,5.35,D,0
48.07859,27.59875,337.68,0.44,0.62,2018-09-22,1154,N20,VIIRS,n,2,293.42,4.99,D,0
48.29171,27.07079,335.75,0.41,0.61,2018-09-22,1155,N20,VIIRS,n,2,292.84,6.26,D,0
47.17073,28.56515,355.53,0.57,0.52,2018-09-23,1135,N20,VIIRS,n,2,296.13,15.64,D,0
47.71326,27.98294,300.58,0.48,0.4,2018-09-23,2350,N20,VIIRS,n,2,282.19,0.96,N,0
47.71547,27.98348,299.02,0.48,0.4,2018-09-23,2350,N20,VIIRS,n,2,282.18,0.86,N,0
48.05573,27.63059,325.78,0.39,0.36,2018-09-25,1058,N20,VIIRS,n,2,284.43,2.89,D,0
48.31741,27.85958,330.32,0.39,0.36,2018-09-25,1058,N20,VIIRS,n,2,284.6,3.26,D,0
47.78765,29.01484,296.12,0.63,0.72,2018-09-26,2253,N20,VIIRS,n,2,274.81,1.46,N,2
47.78968,29.02878,297.25,0.55,0.43,2018-09-27,0034,N20,VIIRS,n,2,271.25,1.44,N,0
46.99844,29.51684,354.26,0.4,0.44,2018-09-27,0034,N20,VIIRS,n,2,272.67,8.35,N,0
46.51519,29.49157,338.89,0.63,0.72,2018-09-27,1200,N20,VIIRS,n,2,286.19,8.2,D,0
46.5182,29.49149,335.71,0.63,0.72,2018-09-27,1200,N20,VIIRS,n,2,283.34,5.32,D,0
47.78704,29.02926,307.08,0.4,0.37,2018-09-28,0015,N20,VIIRS,n,2,281.78,0.57,N,0
47.78559,29.01759,308.65,0.4,0.37,2018-09-28,0015,N20,VIIRS,n,2,284.39,1.27,N,2
46.00673,28.81416,328.66,0.35,0.57,2018-09-28,1001,N20,VIIRS,n,2,294.32,3.1,D,0
46.00792,28.81838,335.59,0.35,0.57,2018-09-28,1001,N20,VIIRS,n,2,294.9,5.42,D,0
48.2923,27.35686,338.35,0.34,0.56,2018-09-28,1001,N20,VIIRS,n,2,293.1,1.83,D,0
46.01363,28.81392,341.08,0.34,0.56,2018-09-28,1141,N20,VIIRS,n,2,298.32,2.78,D,0
46.01384,28.81832,341.23,0.34,0.56,2018-09-28,1141,N20,VIIRS,n,2,299.05,2.78,D,0
47.88231,28.63015,335.85,0.35,0.56,2018-09-28,1142,N20,VIIRS,n,2,292.19,1.66,D,0
45.86505,28.1524,339.06,0.61,0.71,2018-09-29,0942,N20,VIIRS,n,2,288.44,6,D,0
45.86533,28.15214,340.94,0.61,0.71,2018-09-29,0942,N20,VIIRS,n,2,288.7,6.15,D,0
46.62428,29.76858,337.5,0.46,0.47,2018-09-29,1122,N20,VIIRS,n,2,298.66,4.57,D,0
46.62543,29.76718,338.49,0.46,0.47,2018-09-29,1122,N20,VIIRS,n,2,298.77,4.38,D,0
46.08367,28.50251,328.69,0.41,0.37,2018-09-30,1103,N20,VIIRS,n,2,299.53,8.53,D,0
46.45903,29.22727,345.47,0.43,0.38,2018-09-30,1103,N20,VIIRS,n,2,294.61,3.95,D,0
45.99994,28.53242,327.24,0.41,0.37,2018-09-30,1103,N20,VIIRS,n,2,298.64,1.77,D,0
46.0837,28.50455,344.21,0.41,0.37,2018-09-30,1103,N20,VIIRS,n,2,300.93,12.84,D,0
46.08436,28.5078,329.64,0.41,0.37,2018-09-30,1103,N20,VIIRS,n,2,295.8,4.69,D,0
46.45558,29.22819,337.79,0.43,0.38,2018-09-30,1103,N20,VIIRS,n,2,295.64,3.95,D,0
46.96105,29.3196,329.95,0.43,0.38,2018-09-30,1104,N20,VIIRS,n,2,295.52,1.77,D,0
47.76636,29.15075,335.11,0.44,0.38,2018-09-30,1104,N20,VIIRS,n,2,299.01,7.18,D,0
47.76985,29.1498,337.01,0.44,0.38,2018-09-30,1104,N20,VIIRS,n,2,296.12,7.18,D,0
47.05621,29.54317,325.49,0.44,0.38,2018-09-30,1104,N20,VIIRS,l,2,297.36,1.94,D,0
47.78733,29.01809,300.85,0.34,0.56,2018-10-01,0059,N20,VIIRS,n,2,276.53,0.8,N,2
46.61541,29.77867,331.85,0.39,0.36,2018-10-01,1045,N20,VIIRS,n,2,292.4,3.56,D,0
46.62351,29.78639,330.06,0.39,0.36,2018-10-01,1045,N20,VIIRS,n,2,290.84,2.61,D,0
46.61866,29.77756,342.98,0.39,0.36,2018-10-01,1045,N20,VIIRS,n,2,290.22,3.56,D,0
46.6162,29.78362,348.65,0.39,0.36,2018-10-01,1045,N20,VIIRS,n,2,292.48,3.56,D,0
47.70924,27.43257,337.96,0.41,0.37,2018-10-01,1045,N20,VIIRS,n,2,294.11,4.41,D,0
46.62598,29.78033,328,0.39,0.36,2018-10-01,1045,N20,VIIRS,n,2,290.56,2.96,D,0
46.61946,29.78252,335.92,0.39,0.36,2018-10-01,1045,N20,VIIRS,n,2,289.11,3.56,D,0
46.62272,29.78143,339.62,0.39,0.36,2018-10-01,1045,N20,VIIRS,n,2,290.87,2.96,D,0
46.61699,29.78859,333.25,0.39,0.36,2018-10-01,1045,N20,VIIRS,n,2,291.12,3.43,D,0
46.05405,28.61672,329.23,0.56,0.43,2018-10-02,1026,N20,VIIRS,n,2,299.11,6.9,D,0
46.88428,29.54737,329.94,0.5,0.41,2018-10-02,1026,N20,VIIRS,l,2,301.04,2.89,D,0
47.91947,29.08777,327.87,0.49,0.41,2018-10-02,1026,N20,VIIRS,n,2,291.96,2.48,D,0
48.10068,27.30651,332.3,0.57,0.43,2018-10-02,1026,N20,VIIRS,n,2,290.57,8.17,D,0
48.09905,27.29916,346.67,0.57,0.43,2018-10-02,1026,N20,VIIRS,n,2,304.08,13.49,D,0
48.10287,27.29734,343.49,0.57,0.43,2018-10-02,1026,N20,VIIRS,n,2,295.52,13.49,D,0
48.10124,27.28996,341.57,0.57,0.43,2018-10-02,1026,N20,VIIRS,n,2,298.6,13.49,D,0
46.91608,29.08617,299.19,0.45,0.39,2018-10-03,0021,N20,VIIRS,n,2,282.26,1.37,N,0
46.03677,28.80254,297.75,0.45,0.39,2018-10-03,0022,N20,VIIRS,n,2,283.27,0.57,N,0
47.02457,29.40923,331.34,0.52,0.5,2018-10-03,1007,N20,VIIRS,n,2,294.59,4.34,D,0
46.41071,29.97584,327.87,0.51,0.5,2018-10-03,1007,N20,VIIRS,n,2,296.98,3.67,D,0
47.84995,28.79696,340.77,0.42,0.61,2018-10-03,1148,N20,VIIRS,n,2,287.07,3.33,D,0
47.0247,29.40968,328.84,0.44,0.62,2018-10-03,1148,N20,VIIRS,n,2,293.49,1.89,D,0
47.78888,28.95514,315.78,0.39,0.36,2018-10-04,0002,N20,VIIRS,n,2,281.46,1.9,N,2
47.78635,29.01867,298.46,0.39,0.36,2018-10-04,0002,N20,VIIRS,n,2,280.56,0.66,N,2
46.80642,29.58196,336.33,0.42,0.61,2018-10-04,0949,N20,VIIRS,n,2,282.85,7.28,D,0
46.08675,28.53814,338.87,0.47,0.47,2018-10-04,1129,N20,VIIRS,n,2,297.71,11.28,D,0
47.22163,28.9072,330.04,0.5,0.49,2018-10-04,1129,N20,VIIRS,n,2,291.31,3.67,D,0
46.07312,28.53371,341.78,0.47,0.47,2018-10-04,1129,N20,VIIRS,n,2,295.05,7.44,D,0
45.98819,28.29879,332.68,0.45,0.47,2018-10-04,1129,N20,VIIRS,n,2,291.74,3.2,D,0
47.21835,28.90724,325.12,0.5,0.49,2018-10-04,1129,N20,VIIRS,n,2,290.86,3.33,D,0
46.07265,28.52743,340.37,0.47,0.47,2018-10-04,1129,N20,VIIRS,n,2,296,7.44,D,0
47.78923,28.95492,305.63,0.51,0.41,2018-10-04,2344,N20,VIIRS,n,2,278.25,1.7,N,2
47.78652,29.01666,302.03,0.5,0.41,2018-10-04,2344,N20,VIIRS,n,2,278.41,1.25,N,2
47.78825,28.95286,296.52,0.62,0.71,2018-10-05,0124,N20,VIIRS,n,2,275.82,1.08,N,2
47.87769,27.7096,325.38,0.44,0.38,2018-10-05,1110,N20,VIIRS,n,2,295.87,2.6,D,0
46.82427,29.73283,333.57,0.5,0.41,2018-10-05,1110,N20,VIIRS,n,2,296.76,6.65,D,0
47.91365,28.27607,331.52,0.46,0.39,2018-10-05,1110,N20,VIIRS,n,2,293.65,3.67,D,0
47.01791,29.38686,335.18,0.49,0.4,2018-10-05,1110,N20,VIIRS,n,2,296.21,7.43,D,0
46.82802,29.73203,333.36,0.5,0.41,2018-10-05,1110,N20,VIIRS,n,2,299.36,6.6,D,0
46.82496,29.7394,331.41,0.5,0.41,2018-10-05,1110,N20,VIIRS,n,2,297.4,6.65,D,0
47.79219,28.95458,301.42,0.54,0.51,2018-10-05,2325,N20,VIIRS,n,2,276.23,1.56,N,2
47.79068,28.95155,300.68,0.39,0.6,2018-10-06,0105,N20,VIIRS,n,2,275.15,1.01,N,2
46.67289,29.59754,335.12,0.39,0.36,2018-10-06,1051,N20,VIIRS,n,2,299.34,3.56,D,0
48.20019,27.18959,333.65,0.39,0.36,2018-10-06,1051,N20,VIIRS,n,2,295.69,2.51,D,0
46.1968,28.54143,336.78,0.39,0.36,2018-10-06,1051,N20,VIIRS,n,2,295.95,1.95,D,0
46.19694,28.39135,329.69,0.39,0.36,2018-10-06,1051,N20,VIIRS,n,2,295.59,1.44,D,0
46.61311,29.7955,332.89,0.39,0.36,2018-10-06,1051,N20,VIIRS,n,2,300.49,2.49,D,0
46.76926,28.96342,330.8,0.38,0.36,2018-10-06,1051,N20,VIIRS,n,2,297.06,2.17,D,0
46.77383,29.84321,328.33,0.39,0.36,2018-10-06,1051,N20,VIIRS,n,2,296.51,1.45,D,0
45.97017,28.21776,342.57,0.39,0.36,2018-10-06,1051,N20,VIIRS,n,2,300.78,3.68,D,0
47.79174,28.9548,306.88,0.45,0.63,2018-10-06,2306,N20,VIIRS,n,2,282.6,1.93,N,2
47.78451,29.01587,296.27,0.45,0.63,2018-10-06,2306,N20,VIIRS,n,2,281.58,0.83,N,2
47.79138,28.95515,306.08,0.49,0.49,2018-10-07,0046,N20,VIIRS,n,2,280.2,1.47,N,2
47.78828,28.95214,308.77,0.49,0.49,2018-10-07,0046,N20,VIIRS,n,2,280.42,1.23,N,2
47.78556,29.01552,303.17,0.49,0.49,2018-10-07,0046,N20,VIIRS,n,2,281.67,1.02,N,2
46.48628,28.57648,327.17,0.48,0.4,2018-10-07,1032,N20,VIIRS,n,2,297.91,1.8,D,0
46.55775,29.2082,332.65,0.46,0.39,2018-10-07,1032,N20,VIIRS,n,2,301.93,3.9,D,0
47.96284,29.05362,331.13,0.44,0.38,2018-10-07,1033,N20,VIIRS,n,2,299.09,11.42,D,0
47.95832,29.04932,345.33,0.44,0.38,2018-10-07,1033,N20,VIIRS,n,2,296.79,11.42,D,0
47.78871,28.95424,296.63,0.76,0.77,2018-10-07,2247,N20,VIIRS,n,2,280.25,1.83,N,2
47.78778,28.95719,299.32,0.48,0.4,2018-10-08,0027,N20,VIIRS,n,2,280.18,1.17,N,2
47.78641,29.01769,304.41,0.48,0.4,2018-10-08,0027,N20,VIIRS,n,2,281.04,1.37,N,2
47.78866,28.95109,306.42,0.48,0.4,2018-10-08,0027,N20,VIIRS,n,2,278.32,1.9,N,2
47.78907,28.95089,296.85,0.48,0.4,2018-10-08,0027,N20,VIIRS,n,2,277.52,1.05,N,2
47.0458,29.5047,341.28,0.44,0.46,2018-10-08,1013,N20,VIIRS,n,2,299.26,10.63,D,0
46.04685,28.61579,332.07,0.51,0.49,2018-10-08,1013,N20,VIIRS,n,2,297.47,5.54,D,0
46.05116,28.6136,339.87,0.51,0.49,2018-10-08,1013,N20,VIIRS,n,2,299.03,8.1,D,0
46.04525,28.60938,339.51,0.51,0.5,2018-10-08,1013,N20,VIIRS,n,2,297.35,5.54,D,0
47.93289,28.38014,339.82,0.47,0.48,2018-10-08,1014,N20,VIIRS,n,2,295.93,3.28,D,0
48.40198,27.58824,333.72,0.49,0.49,2018-10-08,1014,N20,VIIRS,n,2,292.34,5.4,D,0
47.88963,29.05909,354.42,0.51,0.66,2018-10-08,1154,N20,VIIRS,n,2,296.85,25.58,D,0
48.03431,28.50187,329.34,0.48,0.65,2018-10-08,1154,N20,VIIRS,n,2,294.97,5.66,D,0
48.10481,27.08525,328.93,0.41,0.61,2018-10-08,1154,N20,VIIRS,n,2,290.8,2.04,D,0
45.93636,28.23874,336.87,0.46,0.63,2018-10-08,1154,N20,VIIRS,n,2,294.8,1.99,D,0
47.69038,27.40803,327.36,0.43,0.62,2018-10-08,1154,N20,VIIRS,n,2,292.48,3.74,D,0
47.68631,27.41357,328.61,0.43,0.62,2018-10-08,1154,N20,VIIRS,n,2,291.64,5.46,D,0
47.88972,29.06727,367,0.51,0.66,2018-10-08,1154,N20,VIIRS,h,2,295.93,29.77,D,0
47.78685,29.01677,298.32,0.39,0.36,2018-10-09,0009,N20,VIIRS,n,2,283.22,0.74,N,2
46.70798,28.64847,329.15,0.4,0.6,2018-10-09,0955,N20,VIIRS,n,2,291.85,1.82,D,0
45.66602,28.28207,334.31,0.45,0.63,2018-10-09,0955,N20,VIIRS,n,2,293.36,5.69,D,0
45.59357,28.3761,327.43,0.44,0.63,2018-10-09,0955,N20,VIIRS,n,2,293.1,3.39,D,0
45.59086,28.37383,330.77,0.44,0.63,2018-10-09,0955,N20,VIIRS,n,2,294.16,2.5,D,0
47.03852,29.49759,351.12,0.36,0.57,2018-10-09,0955,N20,VIIRS,n,2,294.05,4.37,D,0
47.89754,29.0634,333.57,0.35,0.57,2018-10-09,0955,N20,VIIRS,n,2,288.43,3.89,D,0
46.70713,28.65038,327.14,0.4,0.6,2018-10-09,0955,N20,VIIRS,n,2,292.05,2.36,D,0
45.58719,28.37559,336.97,0.54,0.51,2018-10-09,1135,N20,VIIRS,n,2,296.85,4.49,D,0
46.10516,28.15931,345.48,0.53,0.5,2018-10-09,1135,N20,VIIRS,n,2,294.42,62.76,D,0
46.10469,28.15236,299.35,0.53,0.5,2018-10-09,1135,N20,VIIRS,l,2,306.1,62.76,D,0
46.10323,28.15936,341.55,0.53,0.5,2018-10-09,1135,N20,VIIRS,n,2,292.79,28.11,D,0
46.1028,28.1524,293.02,0.53,0.5,2018-10-09,1135,N20,VIIRS,l,2,303.6,37.64,D,0
46.10789,28.15876,347.26,0.53,0.5,2018-10-09,1135,N20,VIIRS,n,2,293.19,28.11,D,0
46.10746,28.1518,340.55,0.53,0.5,2018-10-09,1135,N20,VIIRS,n,2,295.16,37.64,D,0
45.58997,28.37646,340.17,0.54,0.51,2018-10-09,1135,N20,VIIRS,n,2,296.39,6.02,D,0
47.89182,28.64002,325.8,0.54,0.42,2018-10-10,1116,N20,VIIRS,n,2,294.39,3.53,D,0
47.0202,29.50628,328.46,0.57,0.43,2018-10-10,1116,N20,VIIRS,n,2,296.21,3.22,D,0
46.53501,29.18971,350.82,0.55,0.43,2018-10-10,1116,N20,VIIRS,n,2,296.8,9.33,D,0
46.53522,29.1897,352.22,0.55,0.43,2018-10-10,1116,N20,VIIRS,n,2,296.63,7.26,D,0
46.56123,29.45811,339.19,0.56,0.43,2018-10-10,1116,N20,VIIRS,n,2,294.55,5.23,D,0
46.17812,28.54605,327.69,0.51,0.41,2018-10-10,1116,N20,VIIRS,n,2,295.19,2.28,D,0
47.78682,29.01376,297.02,0.46,0.47,2018-10-10,2331,N20,VIIRS,n,2,279.4,0.71,N,0
47.78777,29.01389,300.87,0.46,0.47,2018-10-10,2331,N20,VIIRS,n,2,280.05,1.36,N,0
47.79169,28.95235,310,0.46,0.47,2018-10-10,2331,N20,VIIRS,n,2,279.97,1.29,N,2
47.79234,28.95237,306.56,0.46,0.47,2018-10-10,2331,N20,VIIRS,n,2,279.76,1.17,N,2
47.79242,28.95407,308.31,0.46,0.63,2018-10-11,0111,N20,VIIRS,n,2,279.53,1.8,N,2
47.78713,28.95254,301.24,0.46,0.63,2018-10-11,0111,N20,VIIRS,n,2,279.38,1.68,N,0
47.37109,29.30768,295.21,0.49,0.65,2018-10-11,0111,N20,VIIRS,n,2,278.43,0.42,N,0
46.20301,28.87167,334.71,0.39,0.36,2018-10-11,1057,N20,VIIRS,n,2,297.24,4.48,D,0
45.94182,28.52345,330.94,0.39,0.36,2018-10-11,1057,N20,VIIRS,n,2,298.98,3.16,D,0
46.03525,28.62765,330.27,0.39,0.36,2018-10-11,1057,N20,VIIRS,n,2,297.41,2.07,D,0
46.19971,28.87265,338.45,0.39,0.36,2018-10-11,1057,N20,VIIRS,n,2,298.55,4.37,D,0
46.18886,28.2301,343.47,0.39,0.36,2018-10-11,1057,N20,VIIRS,n,2,301.98,8.04,D,0
46.32742,28.78586,348.99,0.39,0.36,2018-10-11,1057,N20,VIIRS,n,2,301.16,5.81,D,0
46.607,29.69046,331.74,0.4,0.37,2018-10-11,1057,N20,VIIRS,n,2,297.73,2.4,D,0
46.62875,29.22376,334.12,0.4,0.37,2018-10-11,1057,N20,VIIRS,n,2,300.42,6.49,D,0
46.71017,29.5451,335.27,0.4,0.37,2018-10-11,1057,N20,VIIRS,n,2,297.92,2.52,D,0
47.01774,29.51049,338.84,0.4,0.37,2018-10-11,1057,N20,VIIRS,n,2,300.03,4.1,D,0
47.01704,29.50522,341.93,0.4,0.37,2018-10-11,1057,N20,VIIRS,n,2,298.08,4.1,D,0
47.02642,28.55268,330.84,0.39,0.36,2018-10-11,1057,N20,VIIRS,n,2,296.29,3.18,D,0
47.54789,28.94563,330.6,0.4,0.37,2018-10-11,1057,N20,VIIRS,n,2,298.85,2.2,D,0
47.72294,29.19733,340.67,0.4,0.37,2018-10-11,1058,N20,VIIRS,n,2,298.38,6.41,D,0
48.40878,27.58452,345.29,0.39,0.36,2018-10-11,1058,N20,VIIRS,n,2,295.59,5.69,D,0
48.41206,27.58345,327.4,0.39,0.36,2018-10-11,1058,N20,VIIRS,n,2,293.12,2.79,D,0
47.78838,28.95296,312.89,0.38,0.59,2018-10-11,2312,N20,VIIRS,n,2,282,1.35,N,2
47.78629,29.01489,307.98,0.38,0.59,2018-10-11,2312,N20,VIIRS,n,2,281.85,1.13,N,2
47.78522,29.01473,297.32,0.58,0.52,2018-10-12,0052,N20,VIIRS,n,2,279.92,1.47,N,2
47.79168,28.9518,300.32,0.57,0.52,2018-10-12,0052,N20,VIIRS,n,2,279.53,2.19,N,2
45.99932,28.9236,334.46,0.43,0.38,2018-10-12,1038,N20,VIIRS,n,2,299.59,3.36,D,0
46.87503,29.58338,326.99,0.41,0.37,2018-10-12,1038,N20,VIIRS,l,2,297.14,5.88,D,0
46.87594,29.5886,336.05,0.4,0.37,2018-10-12,1038,N20,VIIRS,n,2,300.29,5.88,D,0
46.53813,29.32997,330.84,0.41,0.37,2018-10-12,1038,N20,VIIRS,n,2,296.29,2.6,D,0
46.30713,28.75297,328.9,0.43,0.38,2018-10-12,1038,N20,VIIRS,n,2,297.2,1.95,D,0
46.4014,30.03332,328.66,0.4,0.37,2018-10-12,1038,N20,VIIRS,n,2,297.36,2.33,D,0
46.40228,30.0384,351.37,0.4,0.37,2018-10-12,1038,N20,VIIRS,n,2,298.58,6.74,D,0
46.40315,30.04347,345.65,0.4,0.37,2018-10-12,1038,N20,VIIRS,n,2,298.95,6.74,D,0
46.39898,30.03959,345.26,0.4,0.37,2018-10-12,1038,N20,VIIRS,n,2,298.67,3.86,D,0
46.39985,30.04466,339.09,0.4,0.37,2018-10-12,1038,N20,VIIRS,n,2,298.55,3.86,D,0
46.39479,30.03571,331.66,0.4,0.37,2018-10-12,1038,N20,VIIRS,n,2,297.9,3.92,D,0
46.39567,30.04078,353.23,0.4,0.37,2018-10-12,1038,N20,VIIRS,n,2,297,3.86,D,0
46.39655,30.04585,335.7,0.4,0.37,2018-10-12,1038,N20,VIIRS,n,2,296.28,3.86,D,0
45.91826,28.2232,347.29,0.45,0.39,2018-10-12,1038,N20,VIIRS,n,2,300.53,6.09,D,0
45.91479,28.22455,334.88,0.45,0.39,2018-10-12,1038,N20,VIIRS,n,2,297.42,2,D,0
45.91112,28.4182,330.54,0.44,0.39,2018-10-12,1038,N20,VIIRS,n,2,299.14,2.89,D,0
45.90659,28.41384,333.34,0.44,0.39,2018-10-12,1038,N20,VIIRS,n,2,297.39,2.87,D,0
45.99832,28.91826,335.1,0.43,0.38,2018-10-12,1038,N20,VIIRS,n,2,299.4,3.53,D,0
45.90944,28.70417,327.88,0.43,0.38,2018-10-12,1038,N20,VIIRS,n,2,299.14,2.23,D,0
48.14218,28.01241,332.17,0.43,0.38,2018-10-12,1039,N20,VIIRS,n,2,295.48,4.3,D,0
48.14116,28.00683,344.1,0.43,0.38,2018-10-12,1039,N20,VIIRS,n,2,295.38,4.3,D,0
48.13674,28.00261,331.16,0.43,0.38,2018-10-12,1039,N20,VIIRS,n,2,294.93,2.58,D,0
47.97143,29.12798,332.63,0.4,0.37,2018-10-12,1039,N20,VIIRS,n,2,293.21,3.6,D,0
47.45459,27.71931,332.77,0.44,0.38,2018-10-12,1039,N20,VIIRS,n,2,298.85,4.39,D,0
47.78741,29.00992,297.77,0.63,0.72,2018-10-12,2253,N20,VIIRS,n,2,279.61,1.99,N,0
47.91188,28.16581,297.01,0.7,0.75,2018-10-12,2253,N20,VIIRS,n,2,278.45,1.58,N,0
47.91202,28.17577,307.24,0.69,0.75,2018-10-12,2253,N20,VIIRS,n,2,278.97,1.58,N,0
47.78952,28.95454,297.19,0.64,0.72,2018-10-12,2253,N20,VIIRS,n,2,279.95,1.79,N,2
47.79018,28.95814,297.53,0.55,0.42,2018-10-13,0034,N20,VIIRS,n,2,278.57,1.19,N,2
47.78519,29.01766,299.58,0.55,0.43,2018-10-13,0034,N20,VIIRS,n,2,280.22,1.63,N,2
45.80018,28.60426,326.86,0.44,0.46,2018-10-13,1019,N20,VIIRS,n,2,293.17,2.39,D,0
45.5256,28.43917,341.95,0.46,0.47,2018-10-13,1019,N20,VIIRS,n,2,294.88,4.14,D,0
45.52833,28.44136,332.41,0.46,0.47,2018-10-13,1019,N20,VIIRS,n,2,294.38,4.87,D,0
45.80424,28.60226,338.1,0.44,0.46,2018-10-13,1019,N20,VIIRS,n,2,292.49,2.39,D,0
45.80114,28.60598,342.25,0.44,0.46,2018-10-13,1019,N20,VIIRS,n,2,295.29,3.58,D,0
48.08263,27.10554,330.42,0.45,0.47,2018-10-13,1020,N20,VIIRS,n,2,297.58,10.43,D,0
48.08124,27.09979,343.27,0.45,0.47,2018-10-13,1020,N20,VIIRS,n,2,303.51,10.57,D,0
48.40591,27.58357,330.86,0.42,0.45,2018-10-13,1020,N20,VIIRS,n,2,294.84,3.21,D,0
48.08532,27.09763,349.68,0.45,0.47,2018-10-13,1020,N20,VIIRS,n,2,297.39,10.57,D,0
48.40463,27.57815,342.13,0.42,0.45,2018-10-13,1020,N20,VIIRS,n,2,295.66,10.06,D,0
46.04469,28.33756,338.32,0.45,0.47,2018-10-13,1020,N20,VIIRS,n,2,295.74,4.18,D,0
46.48399,29.96557,340.75,0.56,0.43,2018-10-13,1020,N20,VIIRS,n,2,296.29,6.83,D,0
46.40091,28.75736,327.49,0.42,0.45,2018-10-13,1020,N20,VIIRS,n,2,297.66,6.98,D,0
46.40489,28.75544,367,0.42,0.45,2018-10-13,1020,N20,VIIRS,h,2,301.21,6.98,D,0
46.40371,28.75039,340.7,0.42,0.45,2018-10-13,1020,N20,VIIRS,n,2,300.54,8.75,D,0
46.40771,28.74851,340.52,0.42,0.45,2018-10-13,1020,N20,VIIRS,n,2,298.47,3.5,D,0
46.66752,29.64571,331.15,0.57,0.43,2018-10-13,1020,N20,VIIRS,n,2,297.22,3.09,D,0
47.08013,29.36382,342.89,0.38,0.43,2018-10-13,1020,N20,VIIRS,n,2,298.2,3.36,D,0
47.16546,29.54638,328.83,0.56,0.43,2018-10-13,1020,N20,VIIRS,n,2,298.22,3.6,D,0
47.78938,28.95406,325.21,0.38,0.43,2018-10-13,1020,N20,VIIRS,n,2,293.73,1.11,D,2
47.82698,28.10084,334.41,0.41,0.45,2018-10-13,1020,N20,VIIRS,n,2,295.88,3.33,D,0
47.82536,28.10021,332.71,0.41,0.45,2018-10-13,1020,N20,VIIRS,n,2,296.44,2.32,D,0
47.70068,27.40517,332.21,0.45,0.47,2018-10-13,1020,N20,VIIRS,n,2,298.33,4.04,D,0
48.20741,28.15112,341.38,0.4,0.45,2018-10-13,1020,N20,VIIRS,n,2,296.57,5.56,D,0
46.0927,28.55954,340.13,0.56,0.69,2018-10-13,1200,N20,VIIRS,n,2,297.08,12.89,D,0
45.94044,28.18872,342.82,0.54,0.68,2018-10-13,1200,N20,VIIRS,n,2,296.83,8,D,0
46.0863,28.55987,367,0.56,0.69,2018-10-13,1200,N20,VIIRS,h,2,300.13,12.89,D,0
46.08624,28.553,352.37,0.56,0.69,2018-10-13,1200,N20,VIIRS,n,2,296.62,17.43,D,0
46.08728,28.56211,353.6,0.57,0.69,2018-10-13,1200,N20,VIIRS,n,2,296.96,18.04,D,0
46.08725,28.55515,355.55,0.56,0.69,2018-10-13,1200,N20,VIIRS,n,2,302.83,25.09,D,0
48.20951,28.15217,367,0.55,0.68,2018-10-13,1201,N20,VIIRS,h,2,298.92,16.85,D,0
48.20948,28.14461,339.71,0.55,0.68,2018-10-13,1201,N20,VIIRS,n,2,297.6,11.66,D,0
47.71247,29.04467,367,0.6,0.71,2018-10-13,1201,N20,VIIRS,h,2,300.04,11.8,D,0
47.78563,29.0189,306.44,0.4,0.37,2018-10-14,0015,N20,VIIRS,n,2,278.69,1.24,N,2
47.7901,28.95389,313.5,0.4,0.37,2018-10-14,0015,N20,VIIRS,n,2,278.77,2.08,N,2
47.78708,29.03057,298.28,0.4,0.37,2018-10-14,0015,N20,VIIRS,n,2,276.36,0.97,N,0
46.32899,28.74452,306.67,0.41,0.37,2018-10-14,0015,N20,VIIRS,n,2,277.79,0.96,N,0
45.89977,28.17535,327.46,0.38,0.58,2018-10-14,1001,N20,VIIRS,n,2,295.14,2.91,D,0
47.13981,29.45965,331.57,0.61,0.53,2018-10-14,1001,N20,VIIRS,n,2,297.78,6.9,D,0
47.13062,29.46494,341.67,0.61,0.53,2018-10-14,1001,N20,VIIRS,n,2,299.19,13.43,D,0
47.49393,28.6905,330.89,0.32,0.55,2018-10-14,1001,N20,VIIRS,n,2,296.09,1.38,D,0
47.71303,29.03202,338.96,0.61,0.53,2018-10-14,1001,N20,VIIRS,n,2,296.21,10.35,D,0
47.71096,29.02438,340.58,0.61,0.53,2018-10-14,1001,N20,VIIRS,n,2,297.79,11.98,D,0
48.29969,27.66229,351.76,0.33,0.56,2018-10-14,1001,N20,VIIRS,n,2,292.16,6.4,D,0
48.29853,27.65823,356.04,0.33,0.56,2018-10-14,1001,N20,VIIRS,n,2,297.74,7.54,D,0
48.30325,27.65516,367,0.33,0.56,2018-10-14,1001,N20,VIIRS,h,2,300.64,15.54,D,0
48.18249,27.15714,331.6,0.35,0.57,2018-10-14,1001,N20,VIIRS,n,2,295.53,2.09,D,0
48.30206,27.65099,350.89,0.33,0.56,2018-10-14,1001,N20,VIIRS,n,2,297.46,15.54,D,0
47.04234,29.29655,330.05,0.62,0.54,2018-10-14,1001,N20,VIIRS,n,2,299.01,4.78,D,0
46.7736,28.9559,335.19,0.33,0.55,2018-10-14,1001,N20,VIIRS,n,2,295.83,2.26,D,0
46.24212,28.14849,351.9,0.37,0.58,2018-10-14,1001,N20,VIIRS,n,2,298.34,4.25,D,0
46.24317,28.15002,337,0.37,0.58,2018-10-14,1001,N20,VIIRS,n,2,297.57,4.59,D,0
45.89724,28.17369,340.54,0.38,0.58,2018-10-14,1001,N20,VIIRS,n,2,296.74,2.93,D,0
45.89848,28.17079,327.01,0.38,0.58,2018-10-14,1001,N20,VIIRS,n,2,294.92,1.99,D,0
46.76079,29.43227,367,0.37,0.58,2018-10-14,1141,N20,VIIRS,h,2,299.53,40.57,D,0
46.75578,29.44258,344.84,0.37,0.58,2018-10-14,1141,N20,VIIRS,n,2,300.96,49.79,D,0
46.7556,29.43768,348.87,0.37,0.58,2018-10-14,1141,N20,VIIRS,n,2,321.89,49.79,D,0
46.75521,29.42783,344.42,0.37,0.58,2018-10-14,1141,N20,VIIRS,n,2,301.35,40.57,D,0
46.75541,29.43276,367,0.37,0.58,2018-10-14,1141,N20,VIIRS,l,2,325.28,40.57,D,0
46.84953,29.73276,341.23,0.38,0.59,2018-10-14,1141,N20,VIIRS,n,2,299.29,2.94,D,0
47.1326,29.46025,353.74,0.37,0.58,2018-10-14,1142,N20,VIIRS,n,2,299.65,10.77,D,0
48.28101,27.67313,327.96,0.63,0.54,2018-10-14,1142,N20,VIIRS,n,2,297.05,4.65,D,0
47.7863,28.95587,327.18,0.36,0.57,2018-10-14,1142,N20,VIIRS,n,2,295.96,1.67,D,2
47.71099,29.02969,329.19,0.36,0.57,2018-10-14,1142,N20,VIIRS,n,2,296.95,1.44,D,0
47.71119,29.03454,329.06,0.36,0.57,2018-10-14,1142,N20,VIIRS,n,2,298.56,1.44,D,0
47.69351,28.99248,342.88,0.36,0.57,2018-10-14,1142,N20,VIIRS,n,2,299.42,3.08,D,0
47.13765,29.44992,328.54,0.37,0.58,2018-10-14,1142,N20,VIIRS,n,2,297.5,4.5,D,0
47.13783,29.4549,328.25,0.37,0.58,2018-10-14,1142,N20,VIIRS,n,2,298.57,4.5,D,0
47.13225,29.45052,334.59,0.37,0.58,2018-10-14,1142,N20,VIIRS,n,2,297.21,4.5,D,0
47.13242,29.45539,367,0.37,0.58,2018-10-14,1142,N20,VIIRS,h,2,301.97,4.5,D,0
47.12702,29.45586,341.9,0.37,0.58,2018-10-14,1142,N20,VIIRS,n,2,299.36,4.78,D,0
47.13079,29.45882,343.46,0.37,0.58,2018-10-14,1142,N20,VIIRS,n,2,299.27,7.73,D,0
47.1306,29.45398,367,0.37,0.58,2018-10-14,1142,N20,VIIRS,h,2,300.47,3.73,D,0
47.12519,29.4544,326.82,0.37,0.58,2018-10-14,1142,N20,VIIRS,n,2,298.75,3.73,D,0
47.01239,29.48289,331.02,0.37,0.58,2018-10-14,1142,N20,VIIRS,n,2,299.4,2.3,D,0
47.01596,29.48451,332.65,0.37,0.58,2018-10-14,1142,N20,VIIRS,n,2,298.13,2.91,D,0
47.78734,29.01755,308.19,0.41,0.37,2018-10-14,2356,N20,VIIRS,n,2,279.23,1.51,N,2
47.78856,28.95593,317.08,0.41,0.37,2018-10-14,2356,N20,VIIRS,n,2,280.39,1.49,N,2
46.0143,28.18587,330.41,0.6,0.71,2018-10-15,0942,N20,VIIRS,n,2,295.49,5.28,D,0
46.00163,28.21717,329.25,0.6,0.71,2018-10-15,0942,N20,VIIRS,n,2,296.71,3.99,D,0
46.01005,28.22061,326.86,0.6,0.71,2018-10-15,0942,N20,VIIRS,n,2,295.64,4.88,D,0
46.00754,28.2132,335.03,0.6,0.71,2018-10-15,0942,N20,VIIRS,n,2,297.62,6.08,D,0
46.01132,28.1813,340.28,0.6,0.71,2018-10-15,0942,N20,VIIRS,n,2,295.37,7.76,D,0
46.00473,28.22167,344.53,0.6,0.71,2018-10-15,0942,N20,VIIRS,n,2,296.37,6.11,D,0
46.00222,28.21437,334.1,0.6,0.71,2018-10-15,0942,N20,VIIRS,n,2,297.72,6.11,D,0
46.01183,28.17867,331.36,0.6,0.71,2018-10-15,0942,N20,VIIRS,n,2,294.85,4.75,D,0
48.24915,27.75673,342.82,0.53,0.67,2018-10-15,0943,N20,VIIRS,n,2,287.96,5.17,D,0
48.17837,28.089,367,0.51,0.66,2018-10-15,0943,N20,VIIRS,h,2,294,12.2,D,0
48.24928,27.75911,337.83,0.53,0.67,2018-10-15,0943,N20,VIIRS,n,2,288.15,5.42,D,0
48.2472,27.75285,336.57,0.53,0.67,2018-10-15,0943,N20,VIIRS,n,2,289.28,5.42,D,0
46.00818,28.21515,331.09,0.57,0.43,2018-10-15,1122,N20,VIIRS,l,2,303.17,3.94,D,0
46.10148,28.56493,340.58,0.4,0.44,2018-10-15,1122,N20,VIIRS,n,2,299.68,3.66,D,0
46.40971,28.75167,337.99,0.41,0.45,2018-10-15,1122,N20,VIIRS,n,2,300.52,4.65,D,0
46.7857,29.81673,342.48,0.46,0.47,2018-10-15,1122,N20,VIIRS,n,2,297.95,6.32,D,0
46.72744,29.34132,339.49,0.44,0.46,2018-10-15,1122,N20,VIIRS,n,2,298.15,4.85,D,0
46.58317,29.83518,349.17,0.46,0.47,2018-10-15,1122,N20,VIIRS,n,2,298.3,7.54,D,0
46.63821,29.12942,327.95,0.43,0.46,2018-10-15,1122,N20,VIIRS,n,2,298.22,1.9,D,0
46.89561,29.51976,329.71,0.45,0.47,2018-10-15,1122,N20,VIIRS,n,2,299.4,3.16,D,0
46.57314,29.64818,339.05,0.45,0.47,2018-10-15,1122,N20,VIIRS,n,2,296.51,3.86,D,0
46.10101,28.55969,342.56,0.4,0.44,2018-10-15,1122,N20,VIIRS,n,2,302.16,4.97,D,0
46.41019,28.75713,342.36,0.41,0.45,2018-10-15,1122,N20,VIIRS,n,2,299.93,4.65,D,0
45.85254,28.54145,341.68,0.39,0.44,2018-10-15,1122,N20,VIIRS,n,2,301.4,4.57,D,0
48.21289,27.52966,353.5,0.57,0.43,2018-10-15,1123,N20,VIIRS,n,2,299.9,11.86,D,0
48.03931,28.74242,328.44,0.42,0.46,2018-10-15,1123,N20,VIIRS,n,2,289.33,2.62,D,0
47.66499,29.18411,328.98,0.44,0.46,2018-10-15,1123,N20,VIIRS,n,2,289.83,2.51,D,0
48.03883,28.73668,328.06,0.42,0.45,2018-10-15,1123,N20,VIIRS,n,2,289.89,2.62,D,0
47.64368,29.0128,341.29,0.43,0.46,2018-10-15,1123,N20,VIIRS,n,2,294.48,10.53,D,0
47.63946,29.01351,339.18,0.43,0.46,2018-10-15,1123,N20,VIIRS,n,2,289.4,10.53,D,0
47.63924,29.0166,327.94,0.43,0.46,2018-10-15,1123,N20,VIIRS,n,2,289.35,1.79,D,0
47.64347,29.01586,339.87,0.43,0.46,2018-10-15,1123,N20,VIIRS,n,2,295.43,12.5,D,0
48.03959,28.74089,333.44,0.42,0.46,2018-10-15,1123,N20,VIIRS,n,2,288.86,3.85,D,0
48.15331,28.11201,341.83,0.4,0.44,2018-10-15,1123,N20,VIIRS,n,2,298.19,4.45,D,0
48.15736,28.1111,326.41,0.4,0.44,2018-10-15,1123,N20,VIIRS,n,2,294.73,4.45,D,0
47.43384,28.3417,333.84,0.4,0.44,2018-10-15,1123,N20,VIIRS,n,2,297.64,2.42,D,0
48.00648,28.35554,328.94,0.41,0.45,2018-10-15,1123,N20,VIIRS,n,2,297.14,1.98,D,0
47.71106,28.4194,297.93,0.41,0.45,2018-10-15,2337,N20,VIIRS,n,2,277.27,0.51,N,0
47.78642,29.01411,298.64,0.39,0.44,2018-10-15,2337,N20,VIIRS,n,2,279.39,1.01,N,0
47.79161,28.95663,305.69,0.39,0.44,2018-10-15,2337,N20,VIIRS,n,2,280.29,0.78,N,2
47.90112,28.18282,297.01,0.42,0.45,2018-10-15,2337,N20,VIIRS,n,2,277.33,2.07,N,0
47.9021,28.17125,298.64,0.42,0.45,2018-10-15,2337,N20,VIIRS,n,2,276.97,1.14,N,0
47.90161,28.17703,340.46,0.42,0.45,2018-10-15,2337,N20,VIIRS,n,2,280.29,2.07,N,0
47.9053,28.18368,313.12,0.42,0.45,2018-10-15,2337,N20,VIIRS,n,2,277.67,2.07,N,0
47.90579,28.17792,298.7,0.42,0.45,2018-10-15,2337,N20,VIIRS,n,2,277.62,2.07,N,0
46.50334,29.77285,296.71,0.53,0.42,2018-10-15,2338,N20,VIIRS,n,2,279.1,1.15,N,0
46.50717,29.7737,309.93,0.53,0.42,2018-10-15,2338,N20,VIIRS,n,2,278.76,1.15,N,0
46.50648,29.78056,301.16,0.53,0.42,2018-10-15,2338,N20,VIIRS,n,2,279.32,1.15,N,0
47.90625,28.18489,298.4,0.49,0.65,2018-10-16,0117,N20,VIIRS,n,2,276.68,0.46,N,0
47.7897,28.95073,300.49,0.53,0.67,2018-10-16,0117,N20,VIIRS,n,2,278.52,1.21,N,2
47.97626,29.11625,327.5,0.74,0.76,2018-10-16,0924,N20,VIIRS,n,2,290.05,6.03,D,0
47.97638,29.11894,328.49,0.74,0.76,2018-10-16,0924,N20,VIIRS,n,2,290.01,4.54,D,0
46.44187,29.67229,331.88,0.44,0.38,2018-10-16,1103,N20,VIIRS,n,2,299.72,3,D,0
45.54428,28.41202,337.91,0.4,0.37,2018-10-16,1103,N20,VIIRS,n,2,301.57,2.85,D,0
46.4515,29.7524,332.74,0.44,0.38,2018-10-16,1103,N20,VIIRS,n,2,298.95,3.86,D,0
45.5436,28.40686,333.07,0.4,0.37,2018-10-16,1103,N20,VIIRS,n,2,299.17,2.85,D,0
48.24604,27.24734,331.59,0.4,0.37,2018-10-16,1104,N20,VIIRS,n,2,297.74,2.3,D,0
46.71119,29.39411,336.26,0.43,0.38,2018-10-16,1104,N20,VIIRS,n,2,300.1,2.17,D,0
46.60081,29.6463,332.61,0.44,0.38,2018-10-16,1104,N20,VIIRS,n,2,300.44,5.91,D,0
46.60997,29.63218,344.49,0.44,0.38,2018-10-16,1104,N20,VIIRS,n,2,300.66,9.82,D,0
46.64362,29.61168,329.81,0.44,0.38,2018-10-16,1104,N20,VIIRS,n,2,296.41,1.43,D,0
46.61193,29.13655,346.8,0.43,0.38,2018-10-16,1104,N20,VIIRS,n,2,299.87,5.14,D,0
46.6147,29.13009,342.76,0.43,0.38,2018-10-16,1104,N20,VIIRS,n,2,301.06,8.25,D,0
46.62168,29.09974,340.65,0.43,0.38,2018-10-16,1104,N20,VIIRS,n,2,299.82,3.91,D,0
46.6258,29.10439,336.61,0.43,0.38,2018-10-16,1104,N20,VIIRS,n,2,301.24,9.65,D,0
46.62513,29.09885,367,0.43,0.38,2018-10-16,1104,N20,VIIRS,l,2,326.12,143.64,D,0
46.62926,29.10353,333.46,0.43,0.38,2018-10-16,1104,N20,VIIRS,n,2,303,9.65,D,0
46.69449,29.61563,331.17,0.44,0.38,2018-10-16,1104,N20,VIIRS,n,2,296.9,2.89,D,0
46.6531,29.2697,339.3,0.43,0.38,2018-10-16,1104,N20,VIIRS,n,2,301.05,5.49,D,0
47.15966,28.36809,328.53,0.41,0.37,2018-10-16,1104,N20,VIIRS,n,2,296.49,1.63,D,0
47.18735,27.83264,329.33,0.4,0.37,2018-10-16,1104,N20,VIIRS,n,2,301.38,1.32,D,0
47.31924,27.90253,330.07,0.4,0.37,2018-10-16,1104,N20,VIIRS,n,2,298.69,0.97,D,0
47.32013,27.90495,331.75,0.41,0.37,2018-10-16,1104,N20,VIIRS,n,2,299.88,2.44,D,0
47.44564,27.69007,338.37,0.4,0.37,2018-10-16,1104,N20,VIIRS,n,2,301.92,4.43,D,0
47.44899,27.68913,328.03,0.4,0.37,2018-10-16,1104,N20,VIIRS,l,2,299.65,1.4,D,0
47.77747,29.14598,329.16,0.44,0.38,2018-10-16,1104,N20,VIIRS,n,2,297.3,3.62,D,0
47.77678,29.14022,347.93,0.44,0.38,2018-10-16,1104,N20,VIIRS,n,2,302.96,16.3,D,0
47.78097,29.14505,332.61,0.44,0.38,2018-10-16,1104,N20,VIIRS,n,2,299.5,3.62,D,0
47.70831,28.38719,328.5,0.42,0.37,2018-10-16,1104,N20,VIIRS,l,2,299.28,4.12,D,0
47.90447,29.0613,328.32,0.44,0.38,2018-10-16,1104,N20,VIIRS,l,2,298.82,3.1,D,0
47.90378,29.05546,329.94,0.44,0.38,2018-10-16,1104,N20,VIIRS,n,2,299.27,3.2,D,0
47.90796,29.06033,333.48,0.44,0.38,2018-10-16,1104,N20,VIIRS,n,2,300.84,3.1,D,0
47.82373,28.08906,329.36,0.41,0.37,2018-10-16,1104,N20,VIIRS,n,2,298.86,2.14,D,0
47.79984,27.43132,326.77,0.4,0.37,2018-10-16,1104,N20,VIIRS,n,2,297.15,0.91,D,0
47.8011,27.43303,346.18,0.4,0.37,2018-10-16,1104,N20,VIIRS,n,2,301.26,14.94,D,0
47.80445,27.43208,343.53,0.4,0.37,2018-10-16,1104,N20,VIIRS,n,2,309.59,14.94,D,0
47.80779,27.43112,336.23,0.4,0.37,2018-10-16,1104,N20,VIIRS,n,2,302.19,4.09,D,0
48.00769,27.43629,333.15,0.4,0.37,2018-10-16,1104,N20,VIIRS,n,2,299.23,3.5,D,0
48.15585,28.14158,346.56,0.42,0.37,2018-10-16,1104,N20,VIIRS,n,2,300.86,9.77,D,0
48.194,27.7019,326.18,0.41,0.37,2018-10-16,1104,N20,VIIRS,n,2,295.26,1.82,D,0
48.15308,27.26109,331.06,0.4,0.37,2018-10-16,1104,N20,VIIRS,n,2,298.93,2.6,D,0
48.1803,27.38635,349.49,0.4,0.37,2018-10-16,1104,N20,VIIRS,n,2,304.67,10.37,D,0
48.18364,27.38535,354.76,0.4,0.37,2018-10-16,1104,N20,VIIRS,n,2,309.3,10.67,D,0
48.18292,27.37996,342.16,0.4,0.37,2018-10-16,1104,N20,VIIRS,n,2,305.06,5.35,D,0
48.18699,27.38434,333.65,0.4,0.37,2018-10-16,1104,N20,VIIRS,n,2,301.38,10.67,D,0
48.18627,27.37896,329.12,0.4,0.37,2018-10-16,1104,N20,VIIRS,n,2,299.5,5.35,D,0
48.24656,27.51752,333.08,0.4,0.37,2018-10-16,1104,N20,VIIRS,n,2,300.1,2.27,D,0
48.19767,27.14541,331.91,0.4,0.37,2018-10-16,1104,N20,VIIRS,n,2,297.74,2.49,D,0
48.28021,27.11496,329.91,0.4,0.37,2018-10-16,1104,N20,VIIRS,n,2,294.44,1.56,D,0
48.40898,27.57715,339.52,0.41,0.37,2018-10-16,1104,N20,VIIRS,n,2,306.09,25.04,D,0
46.77321,29.82209,345.71,0.45,0.39,2018-10-16,1104,N20,VIIRS,n,2,298.89,5.5,D,0
46.78166,29.83202,343.68,0.45,0.39,2018-10-16,1104,N20,VIIRS,n,2,313.76,56.48,D,0
46.74292,29.00357,332.81,0.42,0.38,2018-10-16,1104,N20,VIIRS,n,2,298.89,3.1,D,0
46.82629,29.30399,334.36,0.43,0.38,2018-10-16,1104,N20,VIIRS,n,2,302.16,5.27,D,0
46.83045,29.3087,330.37,0.43,0.38,2018-10-16,1104,N20,VIIRS,l,2,300.45,2.68,D,0
46.82977,29.3031,332.02,0.43,0.38,2018-10-16,1104,N20,VIIRS,n,2,299.76,3.24,D,0
46.88818,29.21732,333.91,0.43,0.38,2018-10-16,1104,N20,VIIRS,n,2,297.66,2.83,D,0
47.78418,29.01448,295.69,0.32,0.55,2018-10-16,2318,N20,VIIRS,n,2,281.87,0.72,N,2
47.78869,28.95462,316,0.32,0.55,2018-10-16,2318,N20,VIIRS,n,2,284.5,1.79,N,2
47.78554,29.01529,311.58,0.32,0.55,2018-10-16,2318,N20,VIIRS,n,2,283.95,1.12,N,2
47.79207,28.9544,316.17,0.32,0.55,2018-10-16,2318,N20,VIIRS,n,2,283.59,1.24,N,2
47.78922,29.01514,302.42,0.32,0.55,2018-10-16,2318,N20,VIIRS,n,2,282.22,0.62,N,2
46.15962,28.18457,301.65,0.34,0.56,2018-10-16,2319,N20,VIIRS,n,2,282.1,0.42,N,0
45.84406,28.4009,303.9,0.33,0.55,2018-10-16,2319,N20,VIIRS,n,2,283.54,0.57,N,0
47.78448,29.01777,300.87,0.34,0.56,2018-10-17,0059,N20,VIIRS,n,2,283.02,0.8,N,2
47.79158,28.95334,308.92,0.34,0.56,2018-10-17,0059,N20,VIIRS,n,2,281.87,1.63,N,2
45.84356,28.4011,300.75,0.36,0.58,2018-10-17,0059,N20,VIIRS,n,2,282.71,0.58,N,0
46.05588,28.42971,348.31,0.4,0.37,2018-10-17,1045,N20,VIIRS,n,2,303.91,5.65,D,0
46.05498,28.42455,335.69,0.4,0.37,2018-10-17,1045,N20,VIIRS,n,2,300.64,4.1,D,0
46.0592,28.42854,350.14,0.4,0.37,2018-10-17,1045,N20,VIIRS,n,2,304.12,5.65,D,0
46.49219,29.63336,355.89,0.39,0.36,2018-10-17,1045,N20,VIIRS,n,2,302.07,8.34,D,0
46.49545,29.63224,367,0.39,0.36,2018-10-17,1045,N20,VIIRS,h,2,305.2,8.34,D,0
46.49952,29.63611,367,0.39,0.36,2018-10-17,1045,N20,VIIRS,h,2,304.15,7.08,D,0
46.50033,29.64109,336.08,0.39,0.36,2018-10-17,1045,N20,VIIRS,n,2,300.97,3.25,D,0
46.49872,29.63113,342.54,0.39,0.36,2018-10-17,1045,N20,VIIRS,n,2,300.48,7.08,D,0
46.28672,28.34703,333.5,0.4,0.37,2018-10-17,1045,N20,VIIRS,n,2,301.29,4.08,D,0
46.29092,28.35098,332.56,0.4,0.37,2018-10-17,1045,N20,VIIRS,n,2,301.54,8.37,D,0
46.29003,28.34586,339.42,0.4,0.37,2018-10-17,1045,N20,VIIRS,n,2,300.2,6.86,D,0
46.50528,29.2313,330.52,0.39,0.36,2018-10-17,1045,N20,VIIRS,n,2,298.09,1.91,D,0
46.50446,29.22632,329.25,0.39,0.36,2018-10-17,1045,N20,VIIRS,n,2,299.15,2.83,D,0
46.72202,29.65394,340.24,0.39,0.36,2018-10-17,1045,N20,VIIRS,n,2,299.77,3.87,D,0
46.65688,28.59596,333.58,0.4,0.37,2018-10-17,1045,N20,VIIRS,n,2,300.84,4.72,D,0
46.82523,29.29741,335.81,0.39,0.36,2018-10-17,1045,N20,VIIRS,n,2,301.29,3.14,D,0
47.02436,29.48515,344.49,0.39,0.36,2018-10-17,1045,N20,VIIRS,n,2,303.88,5.47,D,0
47.02202,29.3854,344.93,0.39,0.36,2018-10-17,1045,N20,VIIRS,n,2,305.57,13.38,D,0
47.1436,28.64975,343.32,0.39,0.36,2018-10-17,1045,N20,VIIRS,n,2,302.95,24.45,D,0
47.14602,28.64347,341.66,0.39,0.36,2018-10-17,1045,N20,VIIRS,n,2,301.6,20.27,D,0
47.21389,28.47589,335.35,0.4,0.37,2018-10-17,1045,N20,VIIRS,n,2,300.27,3.83,D,0
47.30269,28.98306,332.33,0.39,0.36,2018-10-17,1045,N20,VIIRS,n,2,299.41,2.35,D,0
47.25223,28.35278,327.57,0.4,0.37,2018-10-17,1045,N20,VIIRS,n,2,299.38,2,D,0
47.56503,29.11433,330.54,0.39,0.36,2018-10-17,1045,N20,VIIRS,n,2,299.42,2.76,D,0
45.8412,28.4029,338.1,0.41,0.37,2018-10-17,1045,N20,VIIRS,n,2,300.07,3.47,D,0
45.84029,28.39776,330.74,0.41,0.37,2018-10-17,1045,N20,VIIRS,n,2,300.15,2.12,D,0
45.84362,28.39655,330.28,0.41,0.37,2018-10-17,1045,N20,VIIRS,n,2,300.02,2.12,D,0
45.9002,28.41185,344.19,0.41,0.37,2018-10-17,1045,N20,VIIRS,n,2,301.02,7.12,D,0
45.90351,28.41066,335.53,0.41,0.37,2018-10-17,1045,N20,VIIRS,n,2,297.71,7.12,D,0
45.93156,28.44977,331.7,0.4,0.37,2018-10-17,1045,N20,VIIRS,n,2,299.83,2.19,D,0
46.04834,28.42693,343.05,0.4,0.37,2018-10-17,1045,N20,VIIRS,n,2,301.59,5.03,D,0
46.05256,28.43088,337.73,0.4,0.37,2018-10-17,1045,N20,VIIRS,n,2,303.78,9.11,D,0
46.05166,28.42574,339.6,0.4,0.37,2018-10-17,1045,N20,VIIRS,n,2,300.56,5.03,D,0
48.03186,28.73343,332.41,0.39,0.36,2018-10-17,1045,N20,VIIRS,n,2,298.77,2.49,D,0
48.03265,28.38413,332.38,0.39,0.36,2018-10-17,1045,N20,VIIRS,n,2,300.39,2.63,D,0
48.00343,27.42909,332.8,0.41,0.37,2018-10-17,1045,N20,VIIRS,n,2,298.7,1.97,D,0
48.00674,27.4278,333.9,0.41,0.37,2018-10-17,1045,N20,VIIRS,n,2,299.69,3.6,D,0
48.29387,27.09513,325.86,0.41,0.37,2018-10-17,1045,N20,VIIRS,n,2,298.18,1.6,D,0
47.69588,28.63671,337.89,0.39,0.36,2018-10-17,1045,N20,VIIRS,n,2,300.97,7.25,D,0
47.69915,28.63553,345.52,0.39,0.36,2018-10-17,1045,N20,VIIRS,n,2,301.6,7.25,D,0
47.70242,28.63435,343.76,0.39,0.36,2018-10-17,1045,N20,VIIRS,n,2,301.06,8.28,D,0
48.02859,28.73462,332.47,0.39,0.36,2018-10-17,1045,N20,VIIRS,n,2,299.99,2.49,D,0
48.0327,28.73854,330.5,0.39,0.36,2018-10-17,1045,N20,VIIRS,n,2,301.26,2.81,D,0
47.79082,28.95109,305.72,0.54,0.68,2018-10-17,2259,N20,VIIRS,n,2,281.9,1.63,N,2
45.94753,28.42177,323.62,0.56,0.69,2018-10-17,2300,N20,VIIRS,n,2,283.76,3.64,N,0
45.94398,28.42573,306.48,0.44,0.46,2018-10-18,0040,N20,VIIRS,n,2,282.22,1.54,N,0
47.78602,29.01599,305.11,0.42,0.45,2018-10-18,0040,N20,VIIRS,n,2,282.11,1.47,N,2
47.792,28.95295,302.01,0.42,0.45,2018-10-18,0040,N20,VIIRS,n,2,280.6,1.04,N,2
47.8947,28.72575,332.82,0.51,0.41,2018-10-18,1026,N20,VIIRS,n,2,295.01,1.81,D,0
48.31558,26.86505,333.8,0.39,0.44,2018-10-18,1026,N20,VIIRS,n,2,294.67,1.71,D,0
48.15818,27.01609,325.33,0.39,0.44,2018-10-18,1026,N20,VIIRS,n,2,294.57,1.56,D,0
48.03951,27.47631,348.69,0.56,0.43,2018-10-18,1026,N20,VIIRS,n,2,302.14,11.94,D,0
48.03571,27.47811,331.8,0.56,0.43,2018-10-18,1026,N20,VIIRS,n,2,298.81,5.93,D,0
48.05832,28.38284,329.8,0.52,0.42,2018-10-18,1026,N20,VIIRS,n,2,295.78,3.1,D,0
47.77415,27.29527,326.16,0.39,0.44,2018-10-18,1026,N20,VIIRS,l,2,296.69,4.37,D,0
47.89457,28.72381,329.62,0.51,0.41,2018-10-18,1026,N20,VIIRS,n,2,295.39,4.14,D,0
47.41951,27.64922,337.95,0.57,0.43,2018-10-18,1026,N20,VIIRS,n,2,296.84,5.98,D,0
47.65149,28.76728,335.33,0.51,0.41,2018-10-18,1026,N20,VIIRS,n,2,299.11,14.08,D,0
47.52391,28.99777,348.54,0.51,0.41,2018-10-18,1026,N20,VIIRS,n,2,301.23,11.6,D,0
47.3554,28.97747,332.95,0.51,0.41,2018-10-18,1026,N20,VIIRS,n,2,302.72,11,D,0
47.35678,28.98409,347.29,0.51,0.41,2018-10-18,1026,N20,VIIRS,n,2,300,11,D,0
47.35175,28.97906,332.36,0.51,0.41,2018-10-18,1026,N20,VIIRS,n,2,303,11,D,0
47.06773,29.34096,327.31,0.5,0.41,2018-10-18,1026,N20,VIIRS,l,2,298.07,3.87,D,0
46.94832,29.01942,330.75,0.52,0.41,2018-10-18,1026,N20,VIIRS,n,2,298.96,12.23,D,0
46.94875,29.0195,331.39,0.52,0.41,2018-10-18,1026,N20,VIIRS,n,2,299.31,7.51,D,0
47.002,29.56451,329.66,0.49,0.41,2018-10-18,1026,N20,VIIRS,n,2,300.33,2.5,D,0
46.81392,29.5257,332.3,0.5,0.41,2018-10-18,1026,N20,VIIRS,n,2,297.11,2.96,D,0
46.62528,29.15305,330.22,0.52,0.42,2018-10-18,1026,N20,VIIRS,n,2,297.93,2.05,D,0
46.48654,28.70994,330.47,0.54,0.42,2018-10-18,1026,N20,VIIRS,n,2,300.03,3.82,D,0
46.6317,29.6416,332.46,0.5,0.41,2018-10-18,1026,N20,VIIRS,n,2,297.4,2.89,D,0
45.89936,28.41483,328.31,0.38,0.43,2018-10-18,1026,N20,VIIRS,n,2,297.67,3.87,D,0
45.6298,28.17045,339.47,0.4,0.44,2018-10-18,1026,N20,VIIRS,n,2,294.52,6.33,D,0
45.64457,28.41072,340.46,0.39,0.44,2018-10-18,1026,N20,VIIRS,n,2,291.55,4.34,D,0
47.77715,27.29259,343.67,0.59,0.7,2018-10-18,1207,N20,VIIRS,n,2,294.57,5.62,D,0
47.77618,27.2942,336.1,0.59,0.7,2018-10-18,1207,N20,VIIRS,n,2,294.36,4.57,D,0
46.37881,29.62438,367,0.76,0.77,2018-10-18,1207,N20,VIIRS,h,2,294.72,38.74,D,0
46.37896,29.61477,350.2,0.76,0.77,2018-10-18,1207,N20,VIIRS,n,2,293.37,26.6,D,0
46.37382,29.62563,346.9,0.76,0.77,2018-10-18,1207,N20,VIIRS,n,2,292.93,16.93,D,0
46.38099,29.62562,355.86,0.76,0.77,2018-10-18,1207,N20,VIIRS,n,2,292.19,16.93,D,0
46.38119,29.61592,355.51,0.76,0.77,2018-10-18,1207,N20,VIIRS,n,2,293.39,16.93,D,0
47.78659,29.01805,302.38,0.43,0.38,2018-10-19,0021,N20,VIIRS,n,2,278.28,1.35,N,2
47.78822,28.95239,300.52,0.43,0.38,2018-10-19,0021,N20,VIIRS,n,2,277.32,0.7,N,2
47.79159,28.95384,295.76,0.43,0.38,2018-10-19,0021,N20,VIIRS,n,2,277.94,0.7,N,2
47.02695,29.5056,325.72,0.52,0.5,2018-10-19,1007,N20,VIIRS,n,2,294.06,4.45,D,0
47.02262,29.5079,340.24,0.52,0.5,2018-10-19,1007,N20,VIIRS,n,2,294.25,4.45,D,0
47.61023,27.56414,300.01,0.4,0.37,2018-10-20,0002,N20,VIIRS,n,2,279.8,0.72,N,0
47.50848,28.22401,317.1,0.39,0.37,2018-10-20,0002,N20,VIIRS,n,2,279.11,2.03,N,0
47.70303,28.47181,341.97,0.44,0.62,2018-10-20,0949,N20,VIIRS,n,2,285.82,6.4,D,0
47.70341,28.46456,344.63,0.44,0.62,2018-10-20,0949,N20,VIIRS,n,2,287.34,7.21,D,0
47.70508,28.46984,335.85,0.44,0.62,2018-10-20,0949,N20,VIIRS,n,2,285.13,5.35,D,0
47.70139,28.46649,345.92,0.44,0.62,2018-10-20,0949,N20,VIIRS,n,2,288.32,6.4,D,0
47.05921,29.5998,334.17,0.41,0.61,2018-10-20,0949,N20,VIIRS,n,2,290.09,4.11,D,0
47.23157,28.89699,338.86,0.5,0.49,2018-10-20,1129,N20,VIIRS,n,2,289.14,9.77,D,0
47.23205,28.9038,340.03,0.5,0.49,2018-10-20,1129,N20,VIIRS,n,2,289.6,9.77,D,0
47.01783,29.48944,326.68,0.53,0.5,2018-10-20,1129,N20,VIIRS,n,2,292.09,4.96,D,0
46.37174,29.84074,336.49,0.54,0.51,2018-10-20,1129,N20,VIIRS,n,2,291.83,8.57,D,0
47.6409,29.08069,334.26,0.51,0.5,2018-10-20,1129,N20,VIIRS,n,2,290.07,5.05,D,0
47.70477,28.46524,326.27,0.48,0.48,2018-10-20,1129,N20,VIIRS,n,2,288.11,2.62,D,0
47.64045,29.07384,334.26,0.51,0.5,2018-10-20,1129,N20,VIIRS,n,2,292.38,5.89,D,0
48.44758,27.58348,325.48,0.71,0.75,2018-10-21,0930,N20,VIIRS,n,2,284.42,5.19,D,0
48.44258,27.58745,341.74,0.44,0.39,2018-10-21,1110,N20,VIIRS,n,2,291.83,4.26,D,0
47.7505,27.46609,326.12,0.43,0.38,2018-10-21,1110,N20,VIIRS,n,2,291.53,1.31,D,0
47.66419,27.40902,326.5,0.43,0.38,2018-10-21,1110,N20,VIIRS,n,2,293.88,2.57,D,0
48.44542,27.58068,337.46,0.44,0.39,2018-10-21,1110,N20,VIIRS,n,2,291.28,6.91,D,0
48.44189,27.58157,328.64,0.44,0.39,2018-10-21,1110,N20,VIIRS,n,2,289.75,4.26,D,0
46.29789,28.33771,330.54,0.44,0.39,2018-10-21,1110,N20,VIIRS,n,2,288.56,4.21,D,0
46.29859,28.34356,336.71,0.45,0.39,2018-10-21,1110,N20,VIIRS,n,2,286.55,4.21,D,0
46.29507,28.34447,328.14,0.45,0.39,2018-10-21,1110,N20,VIIRS,n,2,285.59,4.21,D,0
46.29084,28.3395,327.52,0.44,0.39,2018-10-21,1110,N20,VIIRS,n,2,284.94,1.91,D,0
46.16407,28.39667,326.25,0.45,0.39,2018-10-21,1110,N20,VIIRS,n,2,290.85,6.74,D,0
46.16475,28.40249,339.57,0.45,0.39,2018-10-21,1110,N20,VIIRS,n,2,291.68,8.92,D,0
46.16124,28.40342,328.17,0.45,0.39,2018-10-21,1110,N20,VIIRS,n,2,288.76,2.32,D,0
47.7899,28.95418,309.43,0.39,0.59,2018-10-22,0105,N20,VIIRS,n,2,279,1.51,N,2
47.78887,28.95169,306.83,0.39,0.59,2018-10-22,0105,N20,VIIRS,n,2,277.69,1.49,N,2
47.78657,29.01993,297.02,0.4,0.6,2018-10-22,0105,N20,VIIRS,n,2,277.09,1.01,N,2
46.78072,28.94975,332.38,0.38,0.36,2018-10-22,1051,N20,VIIRS,n,2,292.68,4.16,D,0
46.62506,29.87883,331.8,0.39,0.36,2018-10-22,1051,N20,VIIRS,n,2,290.61,1.68,D,0
46.37728,28.42581,329.05,0.39,0.36,2018-10-22,1051,N20,VIIRS,n,2,291.8,2.21,D,0
46.18982,28.24126,325.03,0.39,0.36,2018-10-22,1051,N20,VIIRS,n,2,292.88,1.68,D,0
46.41079,30.02025,341.12,0.39,0.36,2018-10-22,1051,N20,VIIRS,n,2,291.69,3.08,D,0
47.37482,29.2164,333.57,0.39,0.36,2018-10-22,1051,N20,VIIRS,n,2,291.56,7.72,D,0
46.91981,28.67492,326.53,0.38,0.36,2018-10-22,1051,N20,VIIRS,n,2,289.39,4.61,D,0
47.94088,27.77642,329.4,0.39,0.36,2018-10-22,1051,N20,VIIRS,n,2,289.09,4.44,D,0
47.93763,27.77757,346.34,0.39,0.36,2018-10-22,1051,N20,VIIRS,n,2,292.64,4.44,D,0
47.91401,27.80199,325.01,0.39,0.36,2018-10-22,1051,N20,VIIRS,n,2,291.88,1.09,D,0
47.60673,27.66381,329.27,0.39,0.36,2018-10-22,1051,N20,VIIRS,n,2,288.74,1.45,D,0
47.3287,28.24354,330.53,0.38,0.36,2018-10-22,1051,N20,VIIRS,n,2,289.91,3.27,D,0
48.02833,27.57326,336.3,0.39,0.36,2018-10-22,1051,N20,VIIRS,n,2,290.78,2.21,D,0
47.32544,28.24464,334.92,0.38,0.36,2018-10-22,1051,N20,VIIRS,n,2,293.44,3.27,D,0
47.30646,28.12433,332.1,0.39,0.36,2018-10-22,1051,N20,VIIRS,n,2,294.18,7.63,D,0
45.97426,28.28724,329.08,0.39,0.36,2018-10-22,1051,N20,VIIRS,n,2,290.26,8.56,D,0
45.97346,28.28232,332.67,0.39,0.36,2018-10-22,1051,N20,VIIRS,n,2,298.92,8.56,D,0
46.92058,28.67989,329.86,0.38,0.36,2018-10-22,1051,N20,VIIRS,n,2,292.69,4.61,D,0
46.5822,29.30935,325.84,0.38,0.36,2018-10-22,1051,N20,VIIRS,n,2,291.66,1.35,D,0
46.14511,28.51795,335.61,0.39,0.36,2018-10-22,1051,N20,VIIRS,n,2,293.84,4.38,D,0
46.81507,28.63919,331.11,0.38,0.36,2018-10-22,1051,N20,VIIRS,n,2,293.42,2.48,D,0
48.2815,27.12181,332.34,0.39,0.36,2018-10-22,1052,N20,VIIRS,n,2,288.36,1.97,D,0
46.78292,28.96025,302.21,0.45,0.63,2018-10-22,2306,N20,VIIRS,n,2,273.64,1,N,0
47.14314,28.69287,296.21,0.46,0.64,2018-10-22,2306,N20,VIIRS,n,2,274.31,1.42,N,0
47.14668,28.69446,314,0.46,0.64,2018-10-22,2306,N20,VIIRS,n,2,274.24,1.27,N,0
47.78955,29.0126,296.4,0.45,0.63,2018-10-22,2306,N20,VIIRS,n,2,273.83,0.53,N,2
47.79075,28.95124,302.04,0.45,0.63,2018-10-22,2306,N20,VIIRS,n,2,275.3,1,N,2
45.91951,28.29674,295.28,0.48,0.64,2018-10-22,2306,N20,VIIRS,n,2,273.15,0.53,N,0
45.92184,28.29799,296.22,0.48,0.64,2018-10-22,2306,N20,VIIRS,n,2,273.44,0.6,N,0
47.14695,28.697,335.13,0.5,0.49,2018-10-23,0046,N20,VIIRS,n,2,275.85,1.96,N,0
46.78596,28.96173,297.76,0.52,0.5,2018-10-23,0046,N20,VIIRS,n,2,274,1.58,N,0
47.78432,29.0157,297.82,0.49,0.49,2018-10-23,0046,N20,VIIRS,n,2,273.64,1.62,N,2
47.1427,28.69472,299.75,0.5,0.49,2018-10-23,0046,N20,VIIRS,n,2,274.22,1.96,N,0
47.78999,28.95535,304.51,0.49,0.49,2018-10-23,0046,N20,VIIRS,n,2,275.19,1.57,N,2
45.92102,28.29781,316.19,0.51,0.5,2018-10-23,0047,N20,VIIRS,n,2,274.67,2.01,N,0
46.45054,29.75605,343.67,0.44,0.39,2018-10-23,1032,N20,VIIRS,n,2,293.12,5.54,D,0
45.90655,28.44988,331.62,0.5,0.41,2018-10-23,1032,N20,VIIRS,n,2,293.66,13.51,D,0
45.90527,28.44366,354.15,0.5,0.41,2018-10-23,1032,N20,VIIRS,n,2,298.55,27.86,D,0
45.91017,28.4484,330.32,0.5,0.41,2018-10-23,1032,N20,VIIRS,n,2,291.44,13.51,D,0
45.9089,28.44218,343.42,0.5,0.41,2018-10-23,1032,N20,VIIRS,n,2,295.86,27.86,D,0
45.90992,28.42799,367,0.5,0.41,2018-10-23,1032,N20,VIIRS,h,2,295.87,19.54,D,0
45.91589,28.30327,329.41,0.5,0.41,2018-10-23,1032,N20,VIIRS,n,2,288.47,5.64,D,0
46.17945,28.58024,327.93,0.49,0.4,2018-10-23,1032,N20,VIIRS,n,2,288.72,4.6,D,0
46.18663,28.5773,332.38,0.49,0.4,2018-10-23,1032,N20,VIIRS,n,2,284.92,3.31,D,0
46.4753,29.98655,326.68,0.44,0.38,2018-10-23,1032,N20,VIIRS,n,2,289.64,2.89,D,0
46.85729,29.65834,328.09,0.44,0.38,2018-10-23,1032,N20,VIIRS,n,2,291.9,2.29,D,0
47.00221,29.50513,338.81,0.44,0.39,2018-10-23,1032,N20,VIIRS,n,2,293.3,8.07,D,0
47.00114,29.49949,333.2,0.44,0.39,2018-10-23,1032,N20,VIIRS,n,2,293.16,6.17,D,0
47.48938,28.48163,332.91,0.39,0.36,2018-10-27,1057,N20,VIIRS,n,2,290.46,12.47,D,0
47.16358,28.29646,342.27,0.39,0.36,2018-10-27,1057,N20,VIIRS,n,2,289.31,4.09,D,0
46.77292,28.96064,330.54,0.39,0.36,2018-10-27,1057,N20,VIIRS,n,2,290.43,3.36,D,0
46.2789,28.3576,328.5,0.39,0.36,2018-10-27,1057,N20,VIIRS,n,2,289.54,2.23,D,0
46.09951,28.53077,326.14,0.39,0.36,2018-10-27,1057,N20,VIIRS,n,2,293.47,2.64,D,0
46.03618,28.63459,344.48,0.39,0.36,2018-10-27,1057,N20,VIIRS,n,2,288.87,4.42,D,0
46.03289,28.63557,347.15,0.39,0.36,2018-10-27,1057,N20,VIIRS,n,2,292.73,7.09,D,0
45.92738,28.40413,344.39,0.39,0.36,2018-10-27,1057,N20,VIIRS,n,2,292.36,6.72,D,0
47.57059,28.45471,331.29,0.39,0.36,2018-10-27,1058,N20,VIIRS,n,2,277.9,4.99,D,0
47.65902,27.62104,328.5,0.39,0.36,2018-10-27,1058,N20,VIIRS,n,2,272.93,4.09,D,0
47.65977,27.62611,329.76,0.39,0.36,2018-10-27,1058,N20,VIIRS,n,2,275.61,4.09,D,0
47.57461,28.45887,347.35,0.39,0.36,2018-10-27,1058,N20,VIIRS,n,2,279.56,4.99,D,0
47.57131,28.45989,338.06,0.39,0.36,2018-10-27,1058,N20,VIIRS,n,2,279.21,4.99,D,0
46.81318,29.50218,335.63,0.41,0.37,2018-10-28,1038,N20,VIIRS,n,2,297.09,3.18,D,0
46.02521,28.37849,329.83,0.44,0.39,2018-10-28,1038,N20,VIIRS,n,2,296.47,3.12,D,0
47.47123,28.32319,344.56,0.43,0.38,2018-10-28,1039,N20,VIIRS,n,2,279.34,5.34,D,0
47.4702,28.31761,329.59,0.43,0.38,2018-10-28,1039,N20,VIIRS,n,2,276.1,5.34,D,0
47.65868,29.07977,344.38,0.41,0.37,2018-10-28,1039,N20,VIIRS,n,2,295.39,4.35,D,0
47.66201,29.07849,352.63,0.41,0.37,2018-10-28,1039,N20,VIIRS,n,2,300.02,14.7,D,0
47.9284,27.50555,329.96,0.44,0.38,2018-10-28,1039,N20,VIIRS,n,2,287.11,5.2,D,0
47.86327,27.70712,336.78,0.44,0.38,2018-10-28,1039,N20,VIIRS,n,2,290.75,3.93,D,0
47.86219,27.70145,347.01,0.44,0.38,2018-10-28,1039,N20,VIIRS,n,2,293.36,6.48,D,0
47.9211,27.79884,326.08,0.43,0.38,2018-10-28,1039,N20,VIIRS,n,2,288.24,3.13,D,0
47.92497,27.50699,330.46,0.44,0.38,2018-10-28,1039,N20,VIIRS,n,2,286.91,5.2,D,0
47.92386,27.50123,328.7,0.44,0.38,2018-10-28,1039,N20,VIIRS,n,2,289.44,5.2,D,0
47.55305,27.55902,337.42,0.44,0.39,2018-10-28,1039,N20,VIIRS,n,2,294.83,3.43,D,0
47.4668,28.31887,331.74,0.43,0.38,2018-10-28,1039,N20,VIIRS,n,2,277.99,3.54,D,0
46.8768,29.42975,339.26,0.39,0.44,2018-10-29,1020,N20,VIIRS,n,2,294.34,5.48,D,0
47.70234,27.97674,339.19,0.42,0.45,2018-10-29,1020,N20,VIIRS,n,2,273.95,5.94,D,0
46.88061,29.42783,339.07,0.39,0.44,2018-10-29,1020,N20,VIIRS,n,2,292.62,3.89,D,0
45.96161,28.15952,325.08,0.38,0.58,2018-10-30,1001,N20,VIIRS,n,2,286.55,2.18,D,0
45.8432,28.43245,326.9,0.37,0.58,2018-10-30,1001,N20,VIIRS,n,2,289.97,1.73,D,0
47.85447,29.11081,331.97,0.6,0.53,2018-10-30,1001,N20,VIIRS,n,2,288.32,4.75,D,0
47.8557,29.1097,332.26,0.6,0.53,2018-10-30,1001,N20,VIIRS,n,2,288.24,4.57,D,0
46.125,28.50541,351.58,0.33,0.55,2018-10-30,1141,N20,VIIRS,n,2,295.6,3.67,D,0
46.1408,28.51317,367,0.33,0.55,2018-10-30,1141,N20,VIIRS,h,2,297.5,7.62,D,0
46.69118,29.07952,340.76,0.35,0.57,2018-10-30,1141,N20,VIIRS,n,2,293.45,4.8,D,0
45.84663,28.42911,339.82,0.32,0.55,2018-10-30,1141,N20,VIIRS,n,2,294.96,3.04,D,0
46.12141,28.79122,325.71,0.34,0.56,2018-10-30,1141,N20,VIIRS,n,2,293.05,1.86,D,0
46.1227,28.5053,336.36,0.33,0.55,2018-10-30,1141,N20,VIIRS,n,2,294.73,2,D,0
46.12223,28.7918,328.95,0.34,0.56,2018-10-30,1141,N20,VIIRS,n,2,292.89,1.77,D,0
47.14785,27.86998,335.39,0.63,0.54,2018-10-30,1142,N20,VIIRS,n,2,285.49,8.37,D,0
48.08253,27.99276,340.71,0.32,0.55,2018-10-30,1142,N20,VIIRS,n,2,292.81,3.35,D,0
47.31613,28.33953,336.61,0.33,0.55,2018-10-30,1142,N20,VIIRS,n,2,291.15,1.64,D,0
47.14827,27.86981,327.86,0.63,0.54,2018-10-30,1142,N20,VIIRS,n,2,285.2,3.23,D,0
46.8793,29.27691,339.06,0.43,0.46,2018-10-31,1122,N20,VIIRS,n,2,289.97,4.32,D,0
45.85398,28.62373,327.83,0.4,0.44,2018-10-31,1122,N20,VIIRS,n,2,292.98,1.36,D,0
45.917,28.26364,325.6,0.4,0.37,2018-11-01,1103,N20,VIIRS,n,2,290.12,2.52,D,0
47.78884,28.95397,310.74,0.43,0.38,2018-11-04,0021,N20,VIIRS,n,2,275.13,1.79,N,2
47.84592,27.55415,345.92,0.36,0.58,2018-11-04,1148,N20,VIIRS,n,2,288.97,3.7,D,0
47.79011,28.95494,304.02,0.39,0.36,2018-11-05,0002,N20,VIIRS,n,2,280.29,0.99,N,2
46.60988,29.8255,331,0.54,0.51,2018-11-05,1129,N20,VIIRS,n,2,288.6,5.09,D,0
46.46212,29.29629,330.7,0.48,0.4,2018-11-06,1110,N20,VIIRS,n,2,288.54,3.25,D,0
47.78987,28.9523,304.79,0.54,0.51,2018-11-06,2325,N20,VIIRS,n,2,274.4,1.34,N,2
47.78576,29.01822,298.49,0.54,0.51,2018-11-06,2325,N20,VIIRS,n,2,274.51,1.22,N,2
47.78491,29.01595,297.86,0.39,0.6,2018-11-07,0105,N20,VIIRS,n,2,273.68,0.86,N,2
46.44886,29.27662,329.33,0.38,0.36,2018-11-07,1051,N20,VIIRS,n,2,286.47,2.59,D,0
46.86335,29.65288,329.45,0.39,0.36,2018-11-07,1051,N20,VIIRS,n,2,288.3,4.57,D,0
46.65525,28.29183,330.08,0.39,0.36,2018-11-07,1051,N20,VIIRS,n,2,287.77,2.84,D,0
46.74768,28.48545,341.43,0.38,0.36,2018-11-07,1051,N20,VIIRS,n,2,291.79,3.04,D,0
46.98232,29.1656,325.38,0.38,0.36,2018-11-07,1051,N20,VIIRS,n,2,290.1,1.98,D,0
47.31557,29.03932,326.16,0.38,0.36,2018-11-07,1051,N20,VIIRS,n,2,288.99,2.37,D,0
47.31884,29.03826,333.08,0.38,0.36,2018-11-07,1051,N20,VIIRS,n,2,290.03,2.68,D,0
47.3221,29.0372,332.48,0.38,0.36,2018-11-07,1051,N20,VIIRS,n,2,288.26,2.68,D,0
47.40476,28.68071,344.87,0.38,0.36,2018-11-07,1051,N20,VIIRS,n,2,291.46,5.19,D,0
47.63264,27.54077,342.85,0.39,0.36,2018-11-07,1051,N20,VIIRS,n,2,290.13,6.41,D,0
47.91233,27.21196,331.73,0.39,0.36,2018-11-07,1051,N20,VIIRS,n,2,289.54,2.7,D,0
47.9156,27.21078,345.42,0.39,0.36,2018-11-07,1051,N20,VIIRS,n,2,290.94,5.25,D,0
48.08393,27.31395,348.98,0.39,0.36,2018-11-07,1051,N20,VIIRS,n,2,290.99,8.03,D,0
47.79061,28.95146,304.48,0.46,0.63,2018-11-07,2306,N20,VIIRS,n,2,273.5,1.21,N,2
47.78933,29.01299,298.21,0.45,0.63,2018-11-07,2306,N20,VIIRS,n,2,273.06,0.99,N,2
47.78518,29.01512,299.61,0.49,0.49,2018-11-08,0046,N20,VIIRS,n,2,273.16,0.89,N,2
47.79076,28.95482,303.99,0.49,0.48,2018-11-08,0046,N20,VIIRS,n,2,273.44,1.65,N,2
45.90577,28.18398,328.5,0.51,0.41,2018-11-08,1032,N20,VIIRS,n,2,287.71,7.38,D,0
45.90443,28.17749,340.34,0.51,0.41,2018-11-08,1032,N20,VIIRS,n,2,292.11,7.38,D,0
46.71483,28.99504,328.73,0.46,0.39,2018-11-08,1032,N20,VIIRS,n,2,290.42,2.14,D,0
46.89285,28.19469,343.66,0.49,0.4,2018-11-08,1032,N20,VIIRS,n,2,293.32,7.17,D,0
47.39962,29.27528,328.83,0.44,0.39,2018-11-08,1032,N20,VIIRS,n,2,292.95,9.11,D,0
47.98472,27.17546,325.54,0.51,0.41,2018-11-08,1033,N20,VIIRS,n,2,287.69,2.47,D,0
48.02843,27.27021,336.94,0.5,0.41,2018-11-08,1033,N20,VIIRS,n,2,289.87,5.81,D,0
47.78817,28.95069,299.23,0.76,0.77,2018-11-08,2247,N20,VIIRS,n,2,272.69,1.43,N,2
47.78672,29.02036,298.9,0.48,0.4,2018-11-09,0027,N20,VIIRS,n,2,273.01,1.08,N,2
47.78872,28.95396,311.53,0.48,0.4,2018-11-09,0027,N20,VIIRS,n,2,274.56,2.11,N,2
46.76226,28.91789,304.69,0.5,0.41,2018-11-09,0028,N20,VIIRS,n,2,270.96,0.77,N,0
45.95786,28.42469,335.31,0.53,0.5,2018-11-09,1013,N20,VIIRS,n,2,289.26,5.33,D,0
46.45708,29.80184,335.08,0.44,0.46,2018-11-09,1013,N20,VIIRS,n,2,289.94,3.09,D,0
46.45732,29.80489,325.68,0.44,0.46,2018-11-09,1013,N20,VIIRS,n,2,287.64,3.79,D,0
46.874,28.21405,338.02,0.51,0.49,2018-11-09,1014,N20,VIIRS,n,2,290,3.68,D,0
48.05027,27.09028,338.17,0.53,0.5,2018-11-09,1014,N20,VIIRS,n,2,288.09,5.03,D,0
48.05002,27.08885,337.13,0.53,0.5,2018-11-09,1014,N20,VIIRS,n,2,288.12,7.27,D,0
46.87832,28.21191,338.2,0.51,0.49,2018-11-09,1014,N20,VIIRS,n,2,290.93,9.99,D,0
48.10013,27.46068,338.13,0.51,0.49,2018-11-09,1014,N20,VIIRS,n,2,288.08,7.63,D,0
48.09846,27.45411,333.08,0.51,0.49,2018-11-09,1014,N20,VIIRS,n,2,286.99,5.96,D,0
47.48695,27.74577,338.05,0.44,0.62,2018-11-09,1154,N20,VIIRS,n,2,287.83,3.53,D,0
48.09986,27.45299,341.31,0.43,0.62,2018-11-09,1154,N20,VIIRS,n,2,289.6,6.46,D,0
45.59407,28.31403,326.16,0.46,0.63,2018-11-09,1154,N20,VIIRS,n,2,289.06,1.91,D,0
48.10575,27.45832,326.89,0.43,0.62,2018-11-09,1154,N20,VIIRS,n,2,287.47,5.61,D,0
48.10087,27.45618,343.15,0.43,0.62,2018-11-09,1154,N20,VIIRS,n,2,289.29,8.86,D,0
46.51382,29.79186,337.61,0.54,0.68,2018-11-09,1154,N20,VIIRS,n,2,287.82,4.08,D,0
45.59236,28.31755,329.91,0.46,0.63,2018-11-09,1154,N20,VIIRS,n,2,289.4,3.66,D,0
47.98572,27.31268,340.52,0.42,0.61,2018-11-09,1154,N20,VIIRS,n,2,289.44,3.35,D,0
47.88027,28.56734,336.97,0.48,0.65,2018-11-09,1154,N20,VIIRS,n,2,287.85,4.85,D,0
47.78705,29.01943,304.38,0.38,0.36,2018-11-10,0009,N20,VIIRS,n,2,274.34,1,N,2
47.79036,28.95658,313.85,0.38,0.36,2018-11-10,0009,N20,VIIRS,n,2,275.97,1.64,N,2
47.65102,28.02086,350.45,0.4,0.6,2018-11-10,0955,N20,VIIRS,n,2,277.16,8.55,D,0
47.65244,28.02562,356.32,0.4,0.6,2018-11-10,0955,N20,VIIRS,n,2,275.5,8.52,D,0
46.61818,29.87655,350.78,0.32,0.55,2018-11-10,1135,N20,VIIRS,n,2,288.35,6.92,D,0
45.91327,28.16598,343.65,0.53,0.5,2018-11-10,1135,N20,VIIRS,n,2,290.14,10.13,D,0
46.61796,29.87226,351.5,0.32,0.55,2018-11-10,1135,N20,VIIRS,n,2,288.84,6.38,D,0
47.78492,28.50618,325.68,0.57,0.52,2018-11-10,1135,N20,VIIRS,n,2,281.94,2.82,D,0
48.40106,27.80433,326.15,0.54,0.51,2018-11-10,1136,N20,VIIRS,n,2,275.82,2.85,D,0
47.78804,28.95678,295.15,0.45,0.39,2018-11-10,2350,N20,VIIRS,n,2,273.53,0.76,N,2
47.94033,28.20263,329.21,0.52,0.41,2018-11-11,1116,N20,VIIRS,n,2,283.09,4.38,D,0
46.07039,28.11677,327.81,0.49,0.4,2018-11-11,1116,N20,VIIRS,n,2,291.96,8.5,D,0
46.40654,29.89542,332.65,0.36,0.57,2018-12-12,0954,N20,VIIRS,n,2,275.95,2.34,D,0
