latitude,longitude,bright_ti4,scan,track,acq_date,acq_time,satellite,instrument,confidence,version,bright_ti5,frp,daynight,type
47.11196,29.34614,328.74,0.62,0.71,2021-01-22,1201,N20,VIIRS,n,2,277.38,4.01,D,0
46.1683,28.7411,333.24,0.59,0.53,2021-02-13,1007,N20,VIIRS,n,2,273.99,4.97,D,0
46.67244,29.39283,338.63,0.52,0.5,2021-02-14,1129,N20,VIIRS,n,2,272.56,5.07,D,0
45.53406,28.48404,332,0.54,0.51,2021-02-19,1135,N20,VIIRS,n,2,281.52,6.45,D,0
46.66058,29.65218,326.94,0.41,0.37,2021-02-22,1039,N20,VIIRS,n,2,282.95,2.25,D,0
46.65726,29.65342,329.37,0.41,0.37,2021-02-22,1039,N20,VIIRS,n,2,285.74,2.25,D,0
45.55178,28.46071,337.42,0.38,0.44,2021-02-25,1122,N20,VIIRS,n,2,289.62,2.81,D,0
47.7895,28.95654,303.03,0.4,0.44,2021-02-25,2337,N20,VIIRS,n,2,276.63,1.74,N,2
47.78996,28.95576,309.7,0.4,0.44,2021-02-25,2337,N20,VIIRS,n,2,276.19,1.36,N,2
46.80071,29.04881,329.58,0.42,0.38,2021-02-26,1104,N20,VIIRS,n,2,293.44,5.41,D,0
46.04859,28.20876,325,0.4,0.37,2021-02-26,1104,N20,VIIRS,n,2,295.37,1.42,D,0
46.65195,29.63615,331.5,0.44,0.38,2021-02-26,1104,N20,VIIRS,n,2,291.41,4.32,D,0
47.79082,28.95614,304.18,0.33,0.55,2021-02-26,2319,N20,VIIRS,n,2,277.19,0.95,N,2
47.60139,28.4347,338.13,0.47,0.48,2021-03-02,1129,N20,VIIRS,n,2,285.67,7.23,D,0
47.20956,28.40636,325.23,0.47,0.48,2021-03-02,1129,N20,VIIRS,n,2,284.63,2.76,D,0
45.51579,28.49541,327.32,0.44,0.38,2021-03-03,1110,N20,VIIRS,n,2,290.04,2.62,D,0
47.78938,28.95306,302.92,0.55,0.51,2021-03-03,2325,N20,VIIRS,n,2,272.47,1.81,N,2
47.79018,28.95698,295.01,0.39,0.59,2021-03-04,0105,N20,VIIRS,n,2,271.94,1.49,N,2
46.78637,29.07359,329.22,0.38,0.36,2021-03-04,1051,N20,VIIRS,n,2,289.05,2.17,D,0
47.51498,28.3161,349.5,0.38,0.36,2021-03-04,1051,N20,VIIRS,n,2,290.99,11.81,D,0
46.05771,28.63874,329.16,0.39,0.36,2021-03-04,1051,N20,VIIRS,n,2,281.03,7.56,D,0
45.90728,28.20763,338.9,0.51,0.41,2021-03-05,1032,N20,VIIRS,n,2,289.72,4.93,D,0
45.76672,28.16374,325.43,0.52,0.41,2021-03-05,1032,N20,VIIRS,n,2,290.02,9.02,D,0
46.39361,29.9177,343.39,0.44,0.46,2021-03-06,1014,N20,VIIRS,n,2,280.31,52.55,D,0
46.97824,28.68723,332.23,0.48,0.48,2021-03-06,1014,N20,VIIRS,n,2,280.98,7.35,D,0
46.39491,29.92319,327.59,0.44,0.46,2021-03-06,1014,N20,VIIRS,n,2,267.23,17.97,D,0
47.27248,29.24737,339.98,0.51,0.66,2021-03-06,1154,N20,VIIRS,n,2,281.98,3.97,D,0
47.78938,28.95252,308.24,0.38,0.36,2021-03-07,0009,N20,VIIRS,n,2,268.33,1.82,N,2
46.6488,29.33479,326.18,0.38,0.58,2021-03-07,0955,N20,VIIRS,n,2,283.7,1.16,D,0
47.79005,28.95607,306.41,0.45,0.39,2021-03-07,2350,N20,VIIRS,n,2,271.64,1.57,N,2
47.79037,28.95558,296.89,0.47,0.47,2021-03-08,2331,N20,VIIRS,n,2,265.03,0.76,N,2
47.79027,28.95465,295.85,0.46,0.47,2021-03-08,2331,N20,VIIRS,n,2,265.74,0.79,N,2
47.78859,28.95333,304.14,0.45,0.63,2021-03-09,0111,N20,VIIRS,n,2,270.72,1.18,N,2
45.78439,28.57844,335.8,0.39,0.36,2021-03-09,1057,N20,VIIRS,n,2,290.7,17.68,D,0
46.74697,28.37212,327.81,0.39,0.36,2021-03-09,1058,N20,VIIRS,n,2,282.33,1.7,D,0
47.40522,28.6276,339.25,0.41,0.45,2021-03-11,1020,N20,VIIRS,n,2,294.22,36.76,D,0
46.73935,29.53132,334.59,0.39,0.44,2021-03-11,1020,N20,VIIRS,n,2,292.48,2.95,D,0
47.39778,27.64246,350.85,0.45,0.47,2021-03-11,1020,N20,VIIRS,n,2,286.99,10.76,D,0
47.40073,27.64004,340.51,0.45,0.47,2021-03-11,1020,N20,VIIRS,n,2,284.56,4.66,D,0
47.40207,27.64556,329.95,0.45,0.47,2021-03-11,1020,N20,VIIRS,n,2,284.46,4.66,D,0
47.56607,27.8931,327.08,0.4,0.37,2021-03-14,1104,N20,VIIRS,n,2,284.98,3.92,D,0
47.96692,27.87351,326.73,0.44,0.63,2021-03-22,1155,N20,VIIRS,n,2,277.81,2.8,D,0
45.74876,28.38603,327.58,0.45,0.39,2021-03-26,1038,N20,VIIRS,n,2,290.09,1.64,D,0
47.2631,27.79038,330.97,0.45,0.39,2021-03-26,1039,N20,VIIRS,n,2,292.33,2.49,D,0
46.02466,28.39939,337.1,0.45,0.39,2021-03-26,1039,N20,VIIRS,n,2,293.52,4.85,D,0
46.02121,28.40075,328.88,0.45,0.39,2021-03-26,1039,N20,VIIRS,n,2,291.71,1.53,D,0
48.21856,27.86816,335.87,0.43,0.38,2021-03-26,1039,N20,VIIRS,n,2,294.11,3.88,D,0
46.62774,29.16572,325.15,0.4,0.45,2021-03-27,1020,N20,VIIRS,n,2,290.71,2.88,D,0
47.72075,28.38587,339.52,0.41,0.45,2021-03-27,1020,N20,VIIRS,n,2,296.88,3.84,D,0
48.32669,27.06906,338.78,0.48,0.65,2021-03-27,1201,N20,VIIRS,n,2,292.87,5.11,D,0
46.75945,28.47024,330.86,0.56,0.68,2021-03-27,1201,N20,VIIRS,n,2,291.59,6.17,D,0
46.7594,28.46329,346.38,0.55,0.68,2021-03-27,1201,N20,VIIRS,n,2,293.1,8.04,D,0
48.32204,27.06721,348.46,0.48,0.65,2021-03-27,1201,N20,VIIRS,n,2,294.05,5.97,D,0
47.94569,27.86688,308.54,0.39,0.36,2021-03-28,0015,N20,VIIRS,n,2,273.29,1.15,N,0
46.63048,29.71695,329.14,0.62,0.54,2021-03-28,1001,N20,VIIRS,n,2,299.27,3.19,D,0
47.39539,28.32562,330.22,0.34,0.56,2021-03-28,1001,N20,VIIRS,n,2,292.63,1.76,D,0
47.33152,28.32998,328.55,0.34,0.56,2021-03-28,1001,N20,VIIRS,n,2,290.33,2.24,D,0
47.32661,28.33247,335.4,0.34,0.56,2021-03-28,1001,N20,VIIRS,n,2,292.12,2.9,D,0
47.06148,28.73881,367,0.33,0.55,2021-03-28,1001,N20,VIIRS,h,2,293.47,4.13,D,0
47.02432,28.70519,335.02,0.33,0.56,2021-03-28,1001,N20,VIIRS,n,2,291.2,2.42,D,0
46.01364,28.79625,339.89,0.35,0.57,2021-03-28,1001,N20,VIIRS,n,2,293.95,2.95,D,0
47.7996,28.29544,334.52,0.33,0.55,2021-03-28,1002,N20,VIIRS,n,2,292.54,1.99,D,0
47.96566,28.43909,330.14,0.32,0.55,2021-03-28,1002,N20,VIIRS,n,2,289.39,1.43,D,0
47.96817,28.42835,325.97,0.32,0.55,2021-03-28,1002,N20,VIIRS,n,2,293.59,4.1,D,0
47.97398,28.42958,344.03,0.32,0.55,2021-03-28,1002,N20,VIIRS,n,2,292.14,5.39,D,0
47.96861,28.42911,334.95,0.32,0.55,2021-03-28,1002,N20,VIIRS,n,2,293.24,2.51,D,0
47.97333,28.4264,345.16,0.32,0.55,2021-03-28,1002,N20,VIIRS,n,2,292.28,3.36,D,0
48.33216,27.92043,333.76,0.33,0.55,2021-03-28,1002,N20,VIIRS,n,2,286.96,2.12,D,0
47.96451,28.61296,332.06,0.63,0.54,2021-03-28,1002,N20,VIIRS,n,2,293.48,2.76,D,0
47.06004,28.73965,347.77,0.34,0.56,2021-03-28,1142,N20,VIIRS,n,2,293.03,4.42,D,0
46.62714,29.70499,336.35,0.38,0.58,2021-03-28,1142,N20,VIIRS,n,2,300.37,3.29,D,0
48.30224,27.15824,327.03,0.54,0.42,2021-03-29,1123,N20,VIIRS,n,2,285.58,2.04,D,0
47.62734,27.61611,325.83,0.56,0.43,2021-03-29,1123,N20,VIIRS,n,2,283.62,1.31,D,0
48.00218,28.3589,335.99,0.42,0.37,2021-03-30,1104,N20,VIIRS,n,2,293.58,2.92,D,0
47.65778,28.02416,338.67,0.41,0.37,2021-03-30,1104,N20,VIIRS,n,2,293.13,10.34,D,0
48.28468,27.15341,333.42,0.4,0.37,2021-03-30,1104,N20,VIIRS,n,2,299.1,3.64,D,0
47.81761,27.43058,332.69,0.4,0.37,2021-03-30,1104,N20,VIIRS,n,2,299.58,4.44,D,0
47.78717,29.01647,298.79,0.42,0.45,2021-04-01,0040,N20,VIIRS,n,2,275.73,1.1,N,2
46.04359,28.69977,338.64,0.56,0.43,2021-04-01,1026,N20,VIIRS,n,2,303.11,5.76,D,0
46.75169,29.52773,333.78,0.51,0.41,2021-04-01,1026,N20,VIIRS,n,2,302.32,3.31,D,0
48.42637,27.51429,337.09,0.56,0.43,2021-04-01,1027,N20,VIIRS,n,2,295.92,5.05,D,0
47.54311,27.54187,346.54,0.39,0.44,2021-04-01,1027,N20,VIIRS,n,2,298.05,5.94,D,0
48.42631,27.51348,335.99,0.56,0.43,2021-04-01,1027,N20,VIIRS,n,2,295.77,3.64,D,0
47.92864,27.27051,332.22,0.39,0.44,2021-04-01,1027,N20,VIIRS,n,2,297.07,2.81,D,0
47.44432,28.07045,330.75,0.56,0.43,2021-04-01,1027,N20,VIIRS,n,2,296.06,5.26,D,0
46.49146,29.96019,328.89,0.78,0.78,2021-04-01,1207,N20,VIIRS,n,2,293.11,3.36,D,0
46.2673,28.3947,304.57,0.43,0.38,2021-04-02,0022,N20,VIIRS,n,2,273.63,1.12,N,0
48.2168,27.46387,334.06,0.44,0.38,2021-04-04,1111,N20,VIIRS,n,2,291.06,4.77,D,0
47.78843,28.95647,306.33,0.46,0.63,2021-04-05,2306,N20,VIIRS,n,2,276.09,1.5,N,2
47.79272,28.95499,311.81,0.46,0.63,2021-04-05,2306,N20,VIIRS,n,2,275.37,1.87,N,2
47.78939,28.9577,298.68,0.49,0.48,2021-04-06,0047,N20,VIIRS,n,2,275.04,1.23,N,2
47.79028,28.95692,310.74,0.49,0.48,2021-04-06,0047,N20,VIIRS,n,2,275.77,2.28,N,2
47.97126,27.8331,326.64,0.48,0.4,2021-04-06,1033,N20,VIIRS,n,2,298.02,1.81,D,0
47.94433,27.54775,330.23,0.5,0.41,2021-04-06,1033,N20,VIIRS,n,2,295.73,2,D,0
47.24379,28.38729,327.86,0.48,0.4,2021-04-06,1033,N20,VIIRS,n,2,293.63,2.96,D,0
47.78979,28.95524,316.48,0.38,0.36,2021-04-08,0009,N20,VIIRS,n,2,275.17,1.84,N,2
45.88412,28.21144,329.42,0.44,0.63,2021-04-08,0955,N20,VIIRS,n,2,287.87,2.58,D,0
46.55273,29.85172,356.38,0.32,0.55,2021-04-08,1135,N20,VIIRS,l,2,287.69,4.45,D,0
46.5525,29.84709,344.73,0.32,0.55,2021-04-08,1135,N20,VIIRS,n,2,291.2,4.45,D,0
48.36585,27.43143,298.96,0.51,0.41,2021-04-08,2350,N20,VIIRS,n,2,268.6,0.92,N,0
47.78822,28.95077,296.18,0.72,0.75,2021-04-09,0130,N20,VIIRS,n,2,269.85,1.23,N,2
48.28984,27.12332,340.01,0.48,0.4,2021-04-09,1117,N20,VIIRS,n,2,297.79,4.7,D,0
47.79206,28.95273,300.9,0.46,0.47,2021-04-09,2331,N20,VIIRS,n,2,271.24,2.26,N,2
47.79097,28.95787,305.8,0.46,0.47,2021-04-09,2331,N20,VIIRS,n,2,273.08,1.31,N,2
47.79188,28.95323,303.41,0.46,0.63,2021-04-10,0112,N20,VIIRS,n,2,269.81,1.2,N,2
47.78638,29.0309,304.58,0.46,0.64,2021-04-10,0112,N20,VIIRS,n,2,269.27,1.34,N,0
47.78649,29.03018,304.33,0.46,0.64,2021-04-10,0112,N20,VIIRS,n,2,269.02,0.98,N,0
45.96381,28.64931,334.47,0.39,0.36,2021-04-10,1057,N20,VIIRS,n,2,298.38,4.44,D,0
45.85701,28.52664,335.73,0.39,0.36,2021-04-10,1057,N20,VIIRS,n,2,299.74,2.7,D,0
45.95724,28.65126,333.2,0.39,0.36,2021-04-10,1057,N20,VIIRS,n,2,300.76,4.2,D,0
47.45643,28.7033,329.21,0.39,0.36,2021-04-10,1058,N20,VIIRS,n,2,298.82,2.09,D,0
48.41867,27.55593,333.67,0.39,0.36,2021-04-10,1058,N20,VIIRS,n,2,295.35,2.21,D,0
48.31133,26.99425,329,0.38,0.36,2021-04-10,1058,N20,VIIRS,n,2,298.13,1.74,D,0
48.32589,27.59921,329.27,0.39,0.36,2021-04-10,1058,N20,VIIRS,n,2,296.8,2.19,D,0
48.27739,27.43206,332.61,0.39,0.36,2021-04-10,1058,N20,VIIRS,n,2,299.62,2.42,D,0
47.92253,27.41272,330.11,0.38,0.36,2021-04-10,1058,N20,VIIRS,n,2,298.51,2.79,D,0
47.92002,27.41888,346.9,0.38,0.36,2021-04-10,1058,N20,VIIRS,n,2,299.69,5.28,D,0
47.41418,28.59771,336.23,0.39,0.36,2021-04-10,1058,N20,VIIRS,n,2,298.63,3.04,D,0
47.28345,27.80464,348.07,0.39,0.36,2021-04-10,1058,N20,VIIRS,n,2,295.65,14.12,D,0
47.07995,28.66893,331.13,0.39,0.36,2021-04-10,1058,N20,VIIRS,n,2,296.14,2.64,D,0
46.62787,29.68431,330.91,0.4,0.37,2021-04-10,1058,N20,VIIRS,n,2,301.18,1.67,D,0
46.39126,29.90672,330.65,0.41,0.37,2021-04-10,1058,N20,VIIRS,n,2,303.52,1.88,D,0
47.7885,28.95375,309.8,0.38,0.59,2021-04-10,2312,N20,VIIRS,n,2,274.31,1.41,N,2
47.78917,28.95585,308.26,0.38,0.59,2021-04-10,2312,N20,VIIRS,n,2,277.73,1.33,N,2
47.79196,28.95278,301.37,0.57,0.52,2021-04-11,0053,N20,VIIRS,n,2,272.33,1.21,N,2
48.31762,27.77957,338.4,0.43,0.38,2021-04-11,1039,N20,VIIRS,n,2,297.78,8.1,D,0
46.97956,28.4199,335.1,0.43,0.38,2021-04-11,1039,N20,VIIRS,n,2,304.91,10.43,D,0
47.13874,28.24742,333.01,0.43,0.38,2021-04-11,1039,N20,VIIRS,n,2,300.97,5.04,D,0
48.28309,27.93598,337.92,0.43,0.38,2021-04-11,1039,N20,VIIRS,n,2,296.27,8.07,D,0
48.29088,27.93872,333.8,0.43,0.38,2021-04-11,1039,N20,VIIRS,n,2,297.5,2.69,D,0
46.88244,29.4916,343.67,0.41,0.37,2021-04-11,1039,N20,VIIRS,n,2,303.83,8.22,D,0
47.7905,28.95511,305.73,0.64,0.72,2021-04-11,2253,N20,VIIRS,n,2,275.8,1.86,N,2
47.79259,28.95121,299.35,0.64,0.72,2021-04-11,2253,N20,VIIRS,n,2,273.54,2,N,2
47.7899,28.95606,306.19,0.54,0.42,2021-04-12,0034,N20,VIIRS,n,2,275.98,2.12,N,2
45.78425,28.58113,335.74,0.45,0.47,2021-04-12,1020,N20,VIIRS,n,2,297.45,7.99,D,0
47.89368,28.62088,339.62,0.4,0.44,2021-04-12,1020,N20,VIIRS,n,2,293.08,6.28,D,0
47.54827,27.95423,330.02,0.43,0.46,2021-04-12,1020,N20,VIIRS,n,2,302.82,2.12,D,0
46.45871,29.38744,339.67,0.4,0.44,2021-04-12,1020,N20,VIIRS,n,2,303.78,5.79,D,0
48.28331,27.03854,335.7,0.45,0.47,2021-04-12,1021,N20,VIIRS,n,2,304.52,2.28,D,0
48.26194,27.9481,340.35,0.54,0.68,2021-04-12,1201,N20,VIIRS,n,2,300.72,5.01,D,0
47.78738,28.9569,297.53,0.4,0.37,2021-04-13,0015,N20,VIIRS,n,2,276.38,1.01,N,0
48.351,27.07466,326.72,0.36,0.57,2021-04-13,1002,N20,VIIRS,n,2,285.7,1.89,D,0
46.73291,28.51816,338.88,0.33,0.55,2021-04-13,1142,N20,VIIRS,n,2,272.11,3.24,D,0
47.79166,28.9544,307.93,0.54,0.68,2021-04-16,2300,N20,VIIRS,n,2,274.58,1.57,N,2
47.79108,28.95555,306.67,0.42,0.45,2021-04-17,0040,N20,VIIRS,n,2,274.88,1.45,N,2
47.78805,28.95368,296.1,0.43,0.38,2021-04-18,0022,N20,VIIRS,n,2,274.98,1.52,N,2
47.78855,28.95742,303.87,0.54,0.51,2021-04-20,2325,N20,VIIRS,n,2,277.13,1.23,N,2
47.55101,28.18416,345.11,0.38,0.36,2021-04-21,1052,N20,VIIRS,n,2,299.51,7.51,D,0
47.95766,27.59125,329.6,0.39,0.36,2021-04-21,1052,N20,VIIRS,n,2,296.12,3.64,D,0
47.7906,28.95756,301.52,0.45,0.63,2021-04-21,2306,N20,VIIRS,n,2,279.14,1.26,N,2
47.78912,28.95366,305.89,0.45,0.63,2021-04-21,2306,N20,VIIRS,n,2,277.45,1.2,N,2
47.98101,27.68223,338.54,0.49,0.4,2021-04-22,1033,N20,VIIRS,n,2,299.94,4.84,D,0
48.36645,27.79716,343.52,0.48,0.4,2021-04-22,1033,N20,VIIRS,n,2,298.38,7.14,D,0
47.79377,28.95445,298.25,0.76,0.77,2021-04-22,2247,N20,VIIRS,n,2,278.35,1.65,N,2
47.79118,28.95392,307.89,0.48,0.4,2021-04-23,0028,N20,VIIRS,n,2,280.44,1.28,N,2
47.79085,28.95482,306.04,0.48,0.4,2021-04-23,0028,N20,VIIRS,n,2,280.42,1.68,N,2
47.79018,28.95566,313.57,0.38,0.36,2021-04-24,0009,N20,VIIRS,n,2,278.13,1.59,N,2
48.41403,27.7676,297.1,0.48,0.4,2021-04-28,0034,N20,VIIRS,n,2,269.07,0.78,N,0
48.41309,27.75344,300.32,0.48,0.4,2021-04-28,0034,N20,VIIRS,n,2,269.95,0.56,N,0
47.78902,28.95478,302.54,0.55,0.42,2021-04-28,0034,N20,VIIRS,n,2,270.73,1.41,N,2
48.37913,27.78581,298.43,0.48,0.4,2021-04-28,0034,N20,VIIRS,n,2,269.37,0.68,N,0
48.38828,27.74204,295.14,0.48,0.4,2021-04-28,0034,N20,VIIRS,n,2,268.91,0.68,N,0
48.3918,27.74374,300.42,0.48,0.4,2021-04-28,0034,N20,VIIRS,n,2,268.74,1.06,N,0
48.31161,27.00005,329.69,0.45,0.47,2021-04-28,1021,N20,VIIRS,n,2,292.01,2.42,D,0
47.99474,27.3208,303.66,0.38,0.36,2021-04-29,0015,N20,VIIRS,n,2,275.57,0.55,N,0
47.89577,27.99952,367,0.33,0.55,2021-04-29,1002,N20,VIIRS,h,2,292.41,10.74,D,0
47.89462,27.99543,334.07,0.33,0.56,2021-04-29,1002,N20,VIIRS,n,2,294.68,8.38,D,0
47.78683,29.01587,299.68,0.41,0.37,2021-04-29,2357,N20,VIIRS,n,2,280.39,0.62,N,2
47.78595,29.01595,305.82,0.39,0.44,2021-04-30,2338,N20,VIIRS,n,2,282.59,0.83,N,2
47.48213,28.1645,337.54,0.54,0.42,2021-05-03,1027,N20,VIIRS,n,2,292.52,4.48,D,0
47.78555,29.016,303.61,0.43,0.38,2021-05-04,0022,N20,VIIRS,n,2,279.36,0.83,N,2
45.99723,28.40831,338.88,0.62,0.54,2021-05-04,1008,N20,VIIRS,n,2,294.31,6.73,D,0
46.87595,29.1123,328.03,0.54,0.51,2021-05-04,1008,N20,VIIRS,n,2,296.26,4.44,D,0
47.82829,28.70772,316.31,0.39,0.36,2021-05-05,0003,N20,VIIRS,n,2,275.53,1.6,N,0
47.78652,29.01627,298.18,0.39,0.36,2021-05-05,0003,N20,VIIRS,n,2,273.88,0.76,N,2
46.56302,29.87246,327.16,0.55,0.51,2021-05-05,1129,N20,VIIRS,n,2,284.8,3.04,D,0
48.23146,27.67743,334.27,0.45,0.47,2021-05-05,1130,N20,VIIRS,n,2,296.97,2.17,D,0
46.79373,29.85754,298.29,0.48,0.48,2021-05-06,2325,N20,VIIRS,n,2,277.74,0.42,N,0
47.78685,29.01741,296.18,0.54,0.51,2021-05-06,2325,N20,VIIRS,n,2,278.62,1.13,N,2
48.0425,27.78458,329.24,0.39,0.36,2021-05-07,1052,N20,VIIRS,n,2,282.27,1.93,D,0
47.78683,29.01874,298.62,0.48,0.4,2021-05-09,0028,N20,VIIRS,n,2,277.44,0.91,N,2
48.33133,27.16475,300.35,0.42,0.38,2021-05-09,0028,N20,VIIRS,n,2,272.1,0.44,N,0
48.14921,27.57967,299.98,0.43,0.38,2021-05-09,0028,N20,VIIRS,n,2,273.77,0.86,N,0
47.96756,27.52501,329.46,0.43,0.38,2021-05-09,0028,N20,VIIRS,n,2,274.24,2.94,N,0
47.65546,28.01968,330.98,0.49,0.49,2021-05-09,1014,N20,VIIRS,n,2,291.21,2.26,D,0
47.68173,28.01432,367,0.46,0.63,2021-05-09,1155,N20,VIIRS,h,2,292.8,7.95,D,0
47.7846,29.01755,304.21,0.39,0.36,2021-05-10,0009,N20,VIIRS,n,2,278.2,1.11,N,2
47.44505,28.07187,354.02,0.4,0.6,2021-05-10,0956,N20,VIIRS,n,2,295.83,4.74,D,0
47.44365,28.06723,336.01,0.4,0.6,2021-05-10,0956,N20,VIIRS,n,2,296.59,4.74,D,0
47.45536,28.31308,330.11,0.39,0.59,2021-05-10,0956,N20,VIIRS,n,2,293.29,1.48,D,0
47.44414,28.07211,367,0.4,0.6,2021-05-10,0956,N20,VIIRS,h,2,297.22,9.24,D,0
46.58304,29.65903,329.47,0.32,0.54,2021-05-10,1136,N20,VIIRS,n,2,299.35,2.76,D,0
48.28662,27.24711,343.21,0.51,0.49,2021-05-10,1136,N20,VIIRS,n,2,302.96,5.46,D,0
48.29118,27.24645,341.45,0.51,0.49,2021-05-10,1136,N20,VIIRS,n,2,303.09,3.44,D,0
47.78708,29.01741,303.34,0.45,0.39,2021-05-10,2350,N20,VIIRS,n,2,281.03,0.95,N,2
48.36855,27.09804,334.5,0.48,0.4,2021-05-11,1117,N20,VIIRS,n,2,307.9,3.79,D,0
47.78616,29.01982,304.09,0.45,0.47,2021-05-11,2332,N20,VIIRS,n,2,284.87,1.24,N,2
47.78753,29.0219,295.43,0.46,0.64,2021-05-12,0112,N20,VIIRS,n,2,280.94,0.91,N,0
47.62559,27.70377,340.61,0.63,0.54,2021-05-15,1142,N20,VIIRS,n,2,297.77,8.67,D,0
46.88428,29.1076,341.61,0.36,0.57,2021-05-15,1142,N20,VIIRS,n,2,298.67,3.85,D,0
46.88611,29.10885,335.98,0.36,0.57,2021-05-15,1142,N20,VIIRS,n,2,298.64,5.14,D,0
47.96251,28.6151,337.15,0.35,0.57,2021-05-15,1142,N20,VIIRS,n,2,292.77,3.43,D,0
47.78572,29.02056,297.45,0.5,0.49,2021-05-24,0047,N20,VIIRS,n,2,283.46,1.31,N,2
47.78751,29.02128,295.25,0.5,0.49,2021-05-24,0047,N20,VIIRS,n,2,282.07,1.61,N,2
46.75479,29.83447,329.16,0.43,0.38,2021-05-24,1033,N20,VIIRS,n,2,298.95,1.81,D,0
47.78625,29.01791,305.25,0.39,0.36,2021-05-26,0009,N20,VIIRS,n,2,286.26,1,N,2
47.63459,28.42309,319.61,0.38,0.36,2021-05-26,0009,N20,VIIRS,n,2,285.42,1.78,N,0
47.63784,28.42422,297.64,0.38,0.36,2021-05-26,0009,N20,VIIRS,n,2,284.74,0.43,N,0
47.78543,29.01716,299.48,0.45,0.47,2021-05-27,2332,N20,VIIRS,n,2,284.69,0.76,N,2
47.79005,28.95588,303.02,0.63,0.72,2021-05-29,2254,N20,VIIRS,n,2,278.94,0.97,N,2
47.78889,28.95273,302.75,0.4,0.37,2021-05-31,0016,N20,VIIRS,n,2,279.89,1.46,N,2
47.78438,29.01796,297.25,0.4,0.37,2021-05-31,0016,N20,VIIRS,n,2,281.11,0.58,N,2
47.78659,29.01874,302.02,0.5,0.41,2021-06-06,2344,N20,VIIRS,n,2,284.45,1.09,N,2
47.7892,28.95747,311.92,0.5,0.41,2021-06-06,2344,N20,VIIRS,n,2,285.27,2.06,N,2
47.7865,28.95603,296.42,0.63,0.72,2021-06-07,0124,N20,VIIRS,n,2,281.24,0.93,N,0
47.78851,28.95652,309,0.54,0.51,2021-06-07,2325,N20,VIIRS,n,2,284.71,2.14,N,2
47.78489,29.01418,296.68,0.53,0.5,2021-06-07,2325,N20,VIIRS,n,2,283.88,0.82,N,0
47.78615,29.01958,300.45,0.4,0.6,2021-06-08,0106,N20,VIIRS,n,2,283.81,0.82,N,2
47.78728,28.95593,301.01,0.4,0.6,2021-06-08,0106,N20,VIIRS,n,2,283.54,0.84,N,0
47.78888,28.95069,297.03,0.4,0.6,2021-06-08,0106,N20,VIIRS,n,2,282.34,0.84,N,2
46.93702,28.83201,332.39,0.38,0.36,2021-06-08,1052,N20,VIIRS,n,2,297.55,1.55,D,0
47.79151,28.95542,312.59,0.45,0.63,2021-06-08,2306,N20,VIIRS,n,2,285.39,1.7,N,2
47.78447,29.01581,301.01,0.45,0.63,2021-06-08,2306,N20,VIIRS,n,2,283.43,0.95,N,2
47.79235,28.95424,307.76,0.45,0.63,2021-06-08,2306,N20,VIIRS,n,2,284.2,1.67,N,2
47.78501,29.01455,297.55,0.45,0.63,2021-06-08,2306,N20,VIIRS,n,2,283.21,1.03,N,2
47.79066,28.95819,307.34,0.5,0.49,2021-06-09,0047,N20,VIIRS,n,2,285.64,2.38,N,2
47.78485,29.01923,301.9,0.5,0.49,2021-06-09,0047,N20,VIIRS,n,2,284.9,1.1,N,2
47.7894,28.9545,304.39,0.75,0.77,2021-06-09,2247,N20,VIIRS,n,2,283.56,1.36,N,2
47.79056,29.0159,297.9,0.74,0.76,2021-06-09,2247,N20,VIIRS,n,2,283.25,1.14,N,2
47.78431,29.0161,299.04,0.49,0.4,2021-06-10,0028,N20,VIIRS,n,2,285.22,0.94,N,2
47.78882,28.9568,313.13,0.48,0.4,2021-06-10,0028,N20,VIIRS,n,2,287.12,1.61,N,2
47.78825,28.9567,315.6,0.39,0.36,2021-06-11,0009,N20,VIIRS,n,2,284.29,1.79,N,2
47.78909,28.95275,305.76,0.45,0.39,2021-06-11,2351,N20,VIIRS,n,2,284.95,1,N,2
47.78475,29.01871,300.69,0.44,0.39,2021-06-11,2351,N20,VIIRS,n,2,285.95,1.24,N,2
47.78764,29.01799,296.78,0.73,0.76,2021-06-12,0130,N20,VIIRS,n,2,282.54,1.1,N,2
47.78874,28.95093,297.51,0.73,0.76,2021-06-12,0130,N20,VIIRS,n,2,282.15,0.95,N,2
47.78602,29.01491,296.41,0.45,0.47,2021-06-12,2332,N20,VIIRS,n,2,285.65,0.69,N,2
47.7906,28.95413,314.21,0.45,0.47,2021-06-12,2332,N20,VIIRS,n,2,286.59,1.36,N,2
47.78878,29.0152,298.61,0.45,0.47,2021-06-12,2332,N20,VIIRS,n,2,285.42,1.31,N,2
47.78936,28.95374,311.11,0.45,0.47,2021-06-12,2332,N20,VIIRS,n,2,285.87,2.1,N,2
47.79275,28.9559,305.22,0.46,0.64,2021-06-13,0112,N20,VIIRS,n,2,283.7,0.88,N,2
47.7901,28.95431,310.13,0.41,0.37,2021-06-16,2357,N20,VIIRS,n,2,286.98,1.57,N,2
47.7848,29.01993,303.04,0.41,0.37,2021-06-16,2357,N20,VIIRS,n,2,286.65,0.67,N,2
47.79234,28.95578,303.25,0.54,0.68,2021-06-18,0118,N20,VIIRS,n,2,283.99,1,N,2
47.78581,29.01652,297.43,0.54,0.68,2021-06-18,0118,N20,VIIRS,n,2,282.66,0.64,N,2
47.7882,28.95267,305.21,0.34,0.56,2021-06-19,0059,N20,VIIRS,n,2,285.06,0.81,N,2
47.78699,29.0172,298.34,0.39,0.36,2021-06-22,0003,N20,VIIRS,n,2,282.75,0.37,N,2
47.78605,29.01747,300.4,0.4,0.6,2021-06-24,0106,N20,VIIRS,n,2,289.62,0.57,N,2
47.78697,29.01412,301.5,0.44,0.63,2021-06-24,2306,N20,VIIRS,n,2,289.8,0.7,N,0
47.78727,29.01898,301.65,0.44,0.63,2021-06-24,2306,N20,VIIRS,n,2,290.36,1.03,N,2
47.78361,29.0193,302.13,0.5,0.49,2021-06-25,0047,N20,VIIRS,n,2,291.64,1.11,N,0
48.37187,27.78255,303.86,0.39,0.36,2021-06-27,0009,N20,VIIRS,n,2,288.75,0.6,N,0
47.78714,29.0187,301.13,0.39,0.36,2021-06-27,0009,N20,VIIRS,n,2,277.83,0.68,N,2
47.78504,29.01888,305.5,0.44,0.39,2021-06-27,2351,N20,VIIRS,n,2,290.2,1.09,N,2
47.786,29.0183,297.96,0.73,0.76,2021-06-28,0130,N20,VIIRS,n,2,286.2,1.45,N,2
47.7876,29.02062,301.74,0.47,0.64,2021-06-29,0112,N20,VIIRS,n,2,285.82,1.09,N,2
47.14275,29.42583,333.48,0.4,0.37,2021-06-29,1058,N20,VIIRS,n,2,298.34,2.55,D,0
47.14946,29.42389,331.19,0.4,0.37,2021-06-29,1058,N20,VIIRS,n,2,297.36,2.43,D,0
47.78894,29.01607,306.07,0.37,0.58,2021-06-29,2313,N20,VIIRS,n,2,287.1,0.92,N,2
46.77041,28.51641,345.27,0.43,0.38,2021-06-30,1039,N20,VIIRS,n,2,305.64,3.42,D,0
47.15425,28.6275,338.27,0.4,0.45,2021-07-01,1021,N20,VIIRS,n,2,293.38,1.68,D,0
47.78653,29.01789,307.27,0.38,0.43,2021-07-03,2338,N20,VIIRS,n,2,287.8,1.24,N,2
47.78639,29.0199,297.32,0.55,0.68,2021-07-04,0118,N20,VIIRS,n,2,283.62,0.84,N,2
47.78637,29.01627,302.91,0.39,0.36,2021-07-08,0003,N20,VIIRS,n,2,289.83,0.43,N,2
47.83092,29.06187,342.63,0.39,0.36,2021-07-10,1052,N20,VIIRS,n,2,305.89,4.84,D,0
47.07781,28.73361,338.47,0.38,0.36,2021-07-10,1052,N20,VIIRS,n,2,308.25,2.98,D,0
47.78545,29.01951,302.55,0.5,0.49,2021-07-11,0047,N20,VIIRS,n,2,290.03,1.4,N,2
48.04771,27.78671,334.62,0.48,0.4,2021-07-11,1033,N20,VIIRS,n,2,303.24,2.21,D,0
48.04774,27.78752,333.96,0.48,0.4,2021-07-11,1033,N20,VIIRS,n,2,301.8,5.3,D,0
47.74095,28.47391,333.93,0.46,0.39,2021-07-11,1033,N20,VIIRS,n,2,301.97,2.53,D,0
46.07714,28.37829,333.12,0.49,0.4,2021-07-11,1033,N20,VIIRS,l,2,304.88,6.07,D,0
47.78667,29.02057,307.6,0.49,0.4,2021-07-12,0028,N20,VIIRS,n,2,289.36,1.04,N,2
46.05759,28.38179,299.19,0.5,0.41,2021-07-12,0029,N20,VIIRS,n,2,286.02,1.25,N,0
47.78817,28.9551,307.37,0.39,0.36,2021-07-13,0009,N20,VIIRS,n,2,289.32,1.32,N,2
47.78475,29.01808,311.19,0.39,0.36,2021-07-13,0009,N20,VIIRS,n,2,289.49,1.24,N,2
46.0888,28.37485,334.34,0.55,0.51,2021-07-13,1136,N20,VIIRS,n,2,299.69,4.2,D,0
47.78537,29.01503,305.43,0.44,0.39,2021-07-13,2351,N20,VIIRS,n,2,289.72,1.49,N,2
47.78901,28.95515,315.85,0.44,0.39,2021-07-13,2351,N20,VIIRS,n,2,290.6,1.97,N,2
47.78893,28.95554,299.75,0.73,0.76,2021-07-14,0131,N20,VIIRS,n,2,285.26,1.02,N,2
46.07766,28.3801,338.37,0.51,0.41,2021-07-14,1117,N20,VIIRS,n,2,307.85,6.06,D,0
47.79071,28.95594,311.22,0.45,0.47,2021-07-14,2332,N20,VIIRS,n,2,291.45,1.39,N,2
47.78354,29.01656,303.14,0.47,0.64,2021-07-15,0112,N20,VIIRS,n,2,290.36,1.15,N,0
47.79113,28.95213,301.5,0.47,0.64,2021-07-15,0112,N20,VIIRS,n,2,289.33,1.65,N,2
48.41628,27.49324,339.87,0.39,0.36,2021-07-15,1059,N20,VIIRS,n,2,307.66,7.01,D,0
45.65785,28.22165,302.68,0.39,0.6,2021-07-15,2313,N20,VIIRS,n,2,289.34,0.59,N,0
47.79315,28.95484,309.44,0.38,0.58,2021-07-15,2313,N20,VIIRS,n,2,291.38,0.98,N,2
47.78554,29.01519,307.36,0.37,0.58,2021-07-15,2313,N20,VIIRS,n,2,291.72,1.34,N,2
47.78773,28.95428,301.62,0.38,0.58,2021-07-15,2313,N20,VIIRS,n,2,290.61,0.66,N,0
47.78887,28.95506,303.26,0.58,0.52,2021-07-16,0053,N20,VIIRS,n,2,284.62,2.2,N,2
47.78905,28.95391,303.04,0.58,0.52,2021-07-16,0053,N20,VIIRS,n,2,285.07,1.58,N,2
47.78675,29.02013,301.01,0.59,0.53,2021-07-16,0053,N20,VIIRS,n,2,288.28,1,N,2
47.42289,27.64524,355.16,0.44,0.38,2021-07-16,1039,N20,VIIRS,n,2,314.48,22.22,D,0
47.42974,27.64243,338.3,0.44,0.38,2021-07-16,1039,N20,VIIRS,l,2,309.74,14.51,D,0
47.43082,27.64808,333.53,0.44,0.38,2021-07-16,1039,N20,VIIRS,l,2,305.05,29.81,D,0
47.42632,27.64383,351.85,0.44,0.38,2021-07-16,1039,N20,VIIRS,n,2,313.2,14.51,D,0
47.42395,27.65085,333.16,0.44,0.38,2021-07-16,1039,N20,VIIRS,l,2,305.19,6.17,D,0
47.79263,28.95173,304.8,0.63,0.72,2021-07-16,2254,N20,VIIRS,n,2,288.58,1.46,N,2
47.78626,29.01114,298.3,0.62,0.72,2021-07-16,2254,N20,VIIRS,n,2,288.17,1.38,N,0
47.78942,28.95113,304.2,0.55,0.43,2021-07-17,0034,N20,VIIRS,n,2,289.08,2.07,N,2
47.78653,29.02049,304.31,0.56,0.43,2021-07-17,0034,N20,VIIRS,n,2,289.97,1.42,N,2
47.15339,28.62811,342.92,0.4,0.45,2021-07-17,1021,N20,VIIRS,n,2,298.1,8.21,D,0
46.5894,29.39334,306.96,0.42,0.38,2021-07-18,0016,N20,VIIRS,n,2,291.73,1,N,0
46.39603,29.95917,340.98,0.6,0.53,2021-07-18,1002,N20,VIIRS,n,2,300.51,18.51,D,0
48.38485,27.2749,337.83,0.34,0.56,2021-07-18,1002,N20,VIIRS,n,2,296,7.47,D,0
48.3813,27.28223,344.17,0.34,0.56,2021-07-18,1002,N20,VIIRS,n,2,297.49,3.89,D,0
46.65461,29.64251,340.54,0.61,0.53,2021-07-18,1002,N20,VIIRS,n,2,298.39,11.54,D,0
48.38609,27.27922,334.21,0.34,0.56,2021-07-18,1002,N20,VIIRS,n,2,294.85,3.89,D,0
47.81805,27.69139,301.65,0.44,0.38,2021-07-18,2357,N20,VIIRS,n,2,291.15,0.58,N,0
47.78815,28.9539,308.7,0.41,0.37,2021-07-18,2357,N20,VIIRS,n,2,292.17,0.96,N,2
47.82154,27.69231,304.41,0.44,0.38,2021-07-18,2357,N20,VIIRS,n,2,291.25,0.58,N,0
47.78613,29.02041,306.35,0.41,0.37,2021-07-18,2357,N20,VIIRS,n,2,293.24,1.39,N,2
47.71553,27.98723,315.05,0.43,0.38,2021-07-18,2357,N20,VIIRS,n,2,291.84,1.17,N,0
46.15056,28.14456,347.09,0.39,0.44,2021-07-19,1123,N20,VIIRS,n,2,300.85,6.09,D,0
48.18064,27.2039,337.32,0.56,0.43,2021-07-19,1124,N20,VIIRS,n,2,289.64,4.34,D,0
47.78913,28.9549,305.04,0.34,0.56,2021-07-21,0059,N20,VIIRS,n,2,280.03,1.16,N,2
46.97594,28.12152,329.21,0.55,0.43,2021-07-22,1027,N20,VIIRS,n,2,293.21,2.96,D,0
47.79171,28.95359,299.34,0.43,0.38,2021-07-23,0022,N20,VIIRS,n,2,286.16,0.49,N,2
47.22575,28.96586,298.8,0.44,0.39,2021-07-23,0022,N20,VIIRS,n,2,285.59,0.54,N,0
47.78662,29.01845,296.41,0.44,0.38,2021-07-23,0022,N20,VIIRS,n,2,286.26,0.48,N,2
47.78831,28.95211,302.99,0.43,0.38,2021-07-23,0022,N20,VIIRS,n,2,285.36,0.76,N,2
45.67901,28.45941,339.22,0.62,0.54,2021-07-23,1008,N20,VIIRS,n,2,300.36,4.92,D,0
45.68227,28.45958,340.65,0.62,0.54,2021-07-23,1008,N20,VIIRS,n,2,302.43,8.7,D,0
45.68198,28.46126,331.46,0.4,0.6,2021-07-23,1148,N20,VIIRS,n,2,300.6,3.1,D,0
47.78992,28.95674,315.49,0.39,0.36,2021-07-24,0003,N20,VIIRS,n,2,288.5,1.76,N,2
45.6884,28.45642,349.24,0.47,0.47,2021-07-24,1129,N20,VIIRS,n,2,309.42,11.8,D,0
46.88588,29.50126,329.21,0.54,0.51,2021-07-24,1130,N20,VIIRS,n,2,299.58,3.13,D,0
47.79015,28.95334,311.45,0.5,0.41,2021-07-24,2344,N20,VIIRS,n,2,288.55,2.11,N,2
47.79035,28.95832,295.04,0.63,0.72,2021-07-25,0124,N20,VIIRS,n,2,284.82,1.21,N,2
47.79103,28.95844,298.33,0.63,0.72,2021-07-25,0124,N20,VIIRS,n,2,284.99,1.78,N,2
46.23249,28.79394,331.26,0.46,0.39,2021-07-25,1110,N20,VIIRS,l,2,305.36,4.29,D,0
47.78791,28.95273,304.36,0.53,0.5,2021-07-25,2325,N20,VIIRS,n,2,287.96,1.49,N,2
47.79256,28.95334,300.13,0.53,0.5,2021-07-25,2325,N20,VIIRS,n,2,288.09,0.59,N,2
47.7919,28.95481,312.4,0.4,0.6,2021-07-26,0106,N20,VIIRS,n,2,287.36,1.35,N,2
46.1723,28.99805,348.96,0.38,0.36,2021-07-26,1052,N20,VIIRS,n,2,309.2,4.01,D,0
46.17305,29.00295,330.8,0.38,0.36,2021-07-26,1052,N20,VIIRS,l,2,303.85,4.01,D,0
47.61568,28.93544,331.83,0.39,0.36,2021-07-26,1052,N20,VIIRS,n,2,301,2.29,D,0
47.78788,28.95388,304.53,0.45,0.63,2021-07-26,2306,N20,VIIRS,n,2,287.23,0.97,N,2
47.78845,28.95276,305.9,0.45,0.63,2021-07-26,2306,N20,VIIRS,n,2,286.94,1.31,N,2
47.7937,28.95423,298.53,0.45,0.63,2021-07-26,2306,N20,VIIRS,n,2,286.73,0.45,N,2
47.21227,27.85372,326.23,0.5,0.66,2021-07-26,2307,N20,VIIRS,n,2,288.41,2.87,N,0
48.24157,27.57509,300.1,0.42,0.46,2021-07-27,0047,N20,VIIRS,n,2,286.88,0.68,N,0
47.21043,27.85583,325.97,0.46,0.47,2021-07-27,0047,N20,VIIRS,n,2,289.51,2.58,N,0
47.79021,28.95558,308.41,0.5,0.49,2021-07-27,0047,N20,VIIRS,n,2,288.53,1.76,N,2
45.56929,28.2091,331.26,0.51,0.41,2021-07-27,1033,N20,VIIRS,l,2,304.61,6.55,D,0
45.98779,28.42992,336.17,0.49,0.4,2021-07-27,1033,N20,VIIRS,n,2,302.69,13.04,D,0
45.98625,28.42969,342.2,0.49,0.4,2021-07-27,1033,N20,VIIRS,n,2,302.51,13.25,D,0
46.46588,29.49273,331.48,0.45,0.39,2021-07-27,1033,N20,VIIRS,l,2,304.09,2.58,D,0
47.49149,27.60376,327.01,0.74,0.76,2021-07-27,1214,N20,VIIRS,n,2,283.41,4.19,D,0
47.78852,28.95322,303.67,0.74,0.76,2021-07-27,2247,N20,VIIRS,n,2,285,1.97,N,2
47.79273,28.95323,304.71,0.74,0.76,2021-07-27,2247,N20,VIIRS,n,2,285.27,1.71,N,2
46.63132,29.77337,301.72,0.55,0.42,2021-07-28,0028,N20,VIIRS,n,2,290.38,0.55,N,0
47.36782,28.8406,306.06,0.49,0.4,2021-07-28,0028,N20,VIIRS,n,2,289.58,0.79,N,0
47.78737,28.95701,309.33,0.48,0.4,2021-07-28,0028,N20,VIIRS,n,2,290.63,1.4,N,0
47.78645,29.01816,300.77,0.49,0.4,2021-07-28,0028,N20,VIIRS,n,2,290.67,0.83,N,2
46.46735,29.36124,331.08,0.46,0.47,2021-07-28,1014,N20,VIIRS,l,2,303.52,4.04,D,0
46.46555,29.3641,342.39,0.46,0.47,2021-07-28,1014,N20,VIIRS,n,2,300.78,5.7,D,0
46.46323,29.36328,341.85,0.46,0.47,2021-07-28,1014,N20,VIIRS,n,2,302.55,4.04,D,0
46.6446,29.31036,331.22,0.53,0.67,2021-07-28,1155,N20,VIIRS,n,2,293.86,7.36,D,0
46.64062,29.31214,334.71,0.53,0.67,2021-07-28,1155,N20,VIIRS,n,2,295.83,4.97,D,0
45.51781,28.45301,331.14,0.47,0.64,2021-07-28,1155,N20,VIIRS,n,2,298.93,3.08,D,0
47.78951,28.95601,315.01,0.39,0.36,2021-07-29,0009,N20,VIIRS,n,2,291.9,1.88,N,2
47.78609,29.01898,301.98,0.39,0.36,2021-07-29,0009,N20,VIIRS,n,2,290.61,0.63,N,2
47.79018,29.01511,300.97,0.39,0.36,2021-07-29,0009,N20,VIIRS,n,2,289.54,0.63,N,2
48.05495,27.64802,367,0.39,0.6,2021-07-29,0956,N20,VIIRS,h,2,294.16,10.2,D,0
48.05354,27.64333,348.11,0.39,0.6,2021-07-29,0956,N20,VIIRS,n,2,296.86,10.56,D,0
47.95268,29.05818,340.49,0.62,0.54,2021-07-29,1136,N20,VIIRS,n,2,296.91,14.19,D,0
47.95229,29.05012,342.49,0.62,0.54,2021-07-29,1136,N20,VIIRS,n,2,300.09,14.19,D,0
47.78933,29.01409,299.2,0.44,0.39,2021-07-29,2351,N20,VIIRS,n,2,288.08,0.27,N,0
47.78511,29.01909,299.79,0.44,0.39,2021-07-29,2351,N20,VIIRS,n,2,289.47,0.6,N,2
47.78936,28.9533,312.54,0.44,0.39,2021-07-29,2351,N20,VIIRS,n,2,289.62,1.29,N,2
47.78873,28.95089,301.88,0.73,0.76,2021-07-30,0130,N20,VIIRS,n,2,286.68,1.13,N,2
47.79033,28.95434,310.22,0.45,0.47,2021-07-30,2332,N20,VIIRS,n,2,288.77,1.84,N,2
47.78555,29.01474,304.4,0.45,0.47,2021-07-30,2332,N20,VIIRS,n,2,290.15,1.5,N,2
47.80152,29.17211,346.01,0.41,0.37,2021-07-31,1058,N20,VIIRS,n,2,306.79,7.86,D,0
46.3993,28.65311,347.13,0.39,0.36,2021-07-31,1058,N20,VIIRS,n,2,302.69,3.37,D,0
46.39115,28.57162,341.34,0.39,0.36,2021-07-31,1058,N20,VIIRS,n,2,304.41,15.74,D,0
46.63118,29.05134,337.86,0.4,0.37,2021-07-31,1058,N20,VIIRS,n,2,304.06,4.15,D,0
46.6338,29.04524,339.5,0.4,0.37,2021-07-31,1058,N20,VIIRS,n,2,306.03,4.15,D,0
46.14855,28.21603,336.04,0.39,0.36,2021-07-31,1058,N20,VIIRS,l,2,307.96,4.12,D,0
46.14822,28.1903,334.36,0.39,0.36,2021-07-31,1058,N20,VIIRS,n,2,303.44,1.57,D,0
46.29723,28.5629,339.74,0.39,0.36,2021-07-31,1058,N20,VIIRS,n,2,306.92,3.43,D,0
47.79816,29.17311,339.97,0.41,0.37,2021-07-31,1058,N20,VIIRS,n,2,302.33,4.53,D,0
47.80082,29.16668,339.65,0.4,0.37,2021-07-31,1058,N20,VIIRS,n,2,303.74,7.86,D,0
47.80488,29.17111,338.52,0.41,0.37,2021-07-31,1058,N20,VIIRS,n,2,303.55,7.86,D,0
47.6835,27.55653,333.68,0.39,0.36,2021-07-31,1058,N20,VIIRS,n,2,301.15,2.68,D,0
47.37102,28.84047,305.04,0.38,0.59,2021-07-31,2313,N20,VIIRS,n,2,290.21,0.6,N,0
47.79161,28.95246,308.93,0.38,0.58,2021-07-31,2313,N20,VIIRS,n,2,289.15,1.54,N,2
45.8706,28.40261,316.41,0.39,0.59,2021-07-31,2313,N20,VIIRS,n,2,289.72,1.22,N,0
47.78925,29.01314,303.29,0.37,0.58,2021-07-31,2313,N20,VIIRS,n,2,289.44,0.95,N,0
47.78784,28.95431,306.77,0.38,0.58,2021-07-31,2313,N20,VIIRS,n,2,289.1,0.83,N,2
47.79325,28.95488,302.48,0.38,0.58,2021-07-31,2313,N20,VIIRS,n,2,289.34,0.83,N,2
47.78579,29.0152,310.44,0.37,0.58,2021-07-31,2313,N20,VIIRS,n,2,290.33,1.47,N,2
47.78799,28.95308,306.77,0.58,0.52,2021-08-01,0053,N20,VIIRS,n,2,288.99,1.75,N,2
47.78579,29.0196,304.58,0.59,0.53,2021-08-01,0053,N20,VIIRS,n,2,289.28,1.87,N,2
46.09499,28.52943,330.22,0.43,0.38,2021-08-01,1039,N20,VIIRS,l,2,301.49,9.13,D,0
46.59335,29.40906,331.37,0.41,0.37,2021-08-01,1039,N20,VIIRS,n,2,298,0.96,D,0
46.65915,29.37656,332.78,0.41,0.37,2021-08-01,1039,N20,VIIRS,n,2,298.84,2.76,D,0
46.67404,28.80528,333.64,0.42,0.38,2021-08-01,1039,N20,VIIRS,n,2,304.37,4.09,D,0
46.64573,28.37531,330.07,0.43,0.38,2021-08-01,1039,N20,VIIRS,n,2,299.41,2.66,D,0
46.10181,28.52679,345.55,0.43,0.38,2021-08-01,1039,N20,VIIRS,n,2,305.65,16.29,D,0
46.09739,28.52266,351.03,0.43,0.38,2021-08-01,1039,N20,VIIRS,n,2,304.33,7.19,D,0
46.0984,28.5281,345.19,0.43,0.38,2021-08-01,1039,N20,VIIRS,n,2,304.89,9.13,D,0
46.09398,28.52399,334.99,0.43,0.38,2021-08-01,1039,N20,VIIRS,n,2,302.05,7.19,D,0
46.30554,28.70543,335.6,0.43,0.38,2021-08-01,1039,N20,VIIRS,n,2,304.29,3.94,D,0
46.46322,29.65812,340.67,0.4,0.37,2021-08-01,1039,N20,VIIRS,n,2,306.64,6.71,D,0
46.10421,28.52005,355.53,0.43,0.38,2021-08-01,1039,N20,VIIRS,n,2,310.73,14.1,D,0
46.10522,28.52547,350.68,0.43,0.38,2021-08-01,1039,N20,VIIRS,n,2,305.12,16.29,D,0
46.09978,28.51593,333.23,0.43,0.38,2021-08-01,1039,N20,VIIRS,n,2,302.88,14.1,D,0
46.1008,28.52135,348.48,0.43,0.38,2021-08-01,1039,N20,VIIRS,n,2,304.11,14.1,D,0
47.77671,27.91624,332.25,0.43,0.38,2021-08-01,1040,N20,VIIRS,n,2,299.31,1.44,D,0
46.58912,29.78201,304.53,0.57,0.69,2021-08-01,2254,N20,VIIRS,n,2,291.14,0.6,N,0
47.79039,28.949,299.87,0.63,0.72,2021-08-01,2254,N20,VIIRS,n,2,288.88,1.04,N,0
46.61388,29.77596,311.5,0.42,0.45,2021-08-02,0035,N20,VIIRS,n,2,293.09,1.2,N,0
46.4288,29.78127,339.97,0.56,0.43,2021-08-02,1020,N20,VIIRS,n,2,299.52,12.24,D,0
45.99859,28.83577,351.29,0.42,0.45,2021-08-02,1020,N20,VIIRS,n,2,304.43,9.6,D,0
45.99739,28.83056,342.73,0.42,0.45,2021-08-02,1020,N20,VIIRS,n,2,305.87,9.6,D,0
46.00258,28.83391,349.85,0.42,0.45,2021-08-02,1020,N20,VIIRS,n,2,302.16,9.6,D,0
46.00138,28.82871,340.87,0.42,0.45,2021-08-02,1020,N20,VIIRS,n,2,303.13,9.6,D,0
46.5841,29.78646,338.78,0.56,0.43,2021-08-02,1020,N20,VIIRS,n,2,301.37,37.05,D,0
46.41764,28.66005,335.62,0.42,0.45,2021-08-02,1020,N20,VIIRS,n,2,300.79,4.59,D,0
46.44994,28.56982,342.94,0.42,0.45,2021-08-02,1020,N20,VIIRS,n,2,296.54,4.28,D,0
46.90821,29.55713,344.58,0.56,0.43,2021-08-02,1020,N20,VIIRS,n,2,299.03,9.13,D,0
46.9078,29.5576,339.51,0.56,0.43,2021-08-02,1020,N20,VIIRS,n,2,299.17,5.87,D,0
46.91159,29.55582,334.43,0.56,0.43,2021-08-02,1020,N20,VIIRS,n,2,295.34,5.87,D,0
48.32183,26.90608,346.86,0.45,0.47,2021-08-02,1021,N20,VIIRS,n,2,296.78,9.23,D,0
46.43885,28.58174,355.3,0.58,0.7,2021-08-02,1201,N20,VIIRS,n,2,295.37,33.15,D,0
46.43208,29.7731,367,0.66,0.73,2021-08-02,1201,N20,VIIRS,h,2,295.63,24.9,D,0
45.61662,28.49684,367,0.57,0.69,2021-08-02,1201,N20,VIIRS,h,2,290.74,11.56,D,0
45.61665,28.50421,334.35,0.57,0.69,2021-08-02,1201,N20,VIIRS,n,2,290.74,11.56,D,0
46.4581,28.5573,340.85,0.58,0.69,2021-08-02,1201,N20,VIIRS,n,2,292.6,6.06,D,0
46.45845,28.5547,332.4,0.58,0.69,2021-08-02,1201,N20,VIIRS,n,2,292.33,4.28,D,0
46.452,28.56295,330.93,0.58,0.69,2021-08-02,1201,N20,VIIRS,n,2,293.21,5.05,D,0
45.66584,28.3239,318.37,0.41,0.37,2021-08-03,0016,N20,VIIRS,n,2,289.78,1.41,N,0
45.66252,28.32269,306.54,0.41,0.37,2021-08-03,0016,N20,VIIRS,n,2,286.97,1.41,N,0
48.16486,27.32918,300.21,0.38,0.36,2021-08-03,0016,N20,VIIRS,n,2,286.92,0.5,N,0
48.17488,27.94278,344.71,0.32,0.55,2021-08-03,1002,N20,VIIRS,n,2,293.4,3.89,D,0
48.41069,27.80204,332.12,0.32,0.55,2021-08-03,1002,N20,VIIRS,n,2,298.18,3.07,D,0
46.26482,28.60111,348.87,0.35,0.56,2021-08-03,1002,N20,VIIRS,n,2,293.81,26.32,D,0
46.26602,28.60544,367,0.35,0.56,2021-08-03,1002,N20,VIIRS,h,2,295.7,34.6,D,0
46.26274,28.6048,367,0.35,0.56,2021-08-03,1002,N20,VIIRS,h,2,291.63,4.84,D,0
46.26879,28.60625,337.02,0.35,0.56,2021-08-03,1002,N20,VIIRS,n,2,288.39,10.19,D,0
46.26152,28.60049,328.36,0.35,0.56,2021-08-03,1002,N20,VIIRS,n,2,286.61,4.84,D,0
46.26757,28.60194,354.39,0.35,0.56,2021-08-03,1002,N20,VIIRS,n,2,296.95,10.63,D,0
46.26633,28.59755,329.15,0.35,0.56,2021-08-03,1002,N20,VIIRS,n,2,287.9,10.63,D,0
46.45996,28.62738,333.11,0.34,0.56,2021-08-03,1142,N20,VIIRS,n,2,289.98,16.24,D,0
46.45939,28.61419,305.98,0.34,0.56,2021-08-03,1142,N20,VIIRS,l,2,315.01,67.15,D,0
46.69353,29.35708,329.01,0.37,0.58,2021-08-03,1142,N20,VIIRS,n,2,293.69,2.95,D,0
46.45958,28.61857,367,0.34,0.56,2021-08-03,1142,N20,VIIRS,h,2,299.13,67.15,D,0
46.45919,28.60982,339.43,0.34,0.56,2021-08-03,1142,N20,VIIRS,n,2,301.05,57.22,D,0
45.98815,28.89909,332.01,0.35,0.57,2021-08-03,1142,N20,VIIRS,n,2,294.89,4.34,D,0
46.0035,28.88865,367,0.35,0.57,2021-08-03,1142,N20,VIIRS,h,2,292.8,7.79,D,0
46.05726,28.79596,330.99,0.35,0.56,2021-08-03,1142,N20,VIIRS,n,2,295.74,3.01,D,0
46.26955,28.60517,331.17,0.34,0.56,2021-08-03,1142,N20,VIIRS,n,2,297.6,3.01,D,0
46.27473,28.60463,342.31,0.34,0.56,2021-08-03,1142,N20,VIIRS,n,2,295.44,3.01,D,0
46.42963,28.55548,349.5,0.34,0.56,2021-08-03,1142,N20,VIIRS,n,2,299.26,5.87,D,0
46.43087,28.55726,333.82,0.34,0.56,2021-08-03,1142,N20,VIIRS,n,2,299.69,3.8,D,0
46.43067,28.55257,346.44,0.34,0.56,2021-08-03,1142,N20,VIIRS,n,2,297.11,3.8,D,0
46.44881,28.61103,343.87,0.34,0.56,2021-08-03,1142,N20,VIIRS,n,2,293.37,43.25,D,0
46.45419,28.61482,367,0.34,0.56,2021-08-03,1142,N20,VIIRS,h,2,298.99,69.81,D,0
46.45476,28.62794,332.16,0.34,0.56,2021-08-03,1142,N20,VIIRS,n,2,290.32,3.14,D,0
46.45457,28.62349,330.91,0.34,0.56,2021-08-03,1142,N20,VIIRS,n,2,290.85,3.14,D,0
48.17962,27.94944,327.55,0.33,0.55,2021-08-03,1143,N20,VIIRS,l,2,299.53,6.85,D,0
48.1743,27.94533,334.14,0.33,0.55,2021-08-03,1143,N20,VIIRS,n,2,297.37,5.91,D,0
46.09282,28.70863,299.86,0.4,0.37,2021-08-03,2357,N20,VIIRS,n,2,287.75,0.26,N,0
47.99715,27.43851,304.04,0.44,0.39,2021-08-03,2357,N20,VIIRS,n,2,285.74,0.87,N,0
47.78436,29.01931,302.31,0.41,0.37,2021-08-03,2357,N20,VIIRS,n,2,288.67,0.72,N,2
47.78969,28.95382,314.38,0.41,0.37,2021-08-03,2357,N20,VIIRS,n,2,288.9,2.17,N,2
46.09615,28.70958,303.43,0.4,0.37,2021-08-03,2357,N20,VIIRS,n,2,287.33,0.26,N,0
46.05449,28.73475,309.72,0.4,0.37,2021-08-03,2357,N20,VIIRS,n,2,287.91,0.76,N,0
45.72525,28.48613,356.16,0.59,0.7,2021-08-04,0943,N20,VIIRS,n,2,292.88,27.11,D,0
46.03987,28.73135,338.77,0.41,0.45,2021-08-04,1123,N20,VIIRS,n,2,296.82,6.43,D,0
46.09655,28.70997,347.71,0.41,0.45,2021-08-04,1123,N20,VIIRS,n,2,302.18,12.34,D,0
46.0384,28.20127,338.53,0.39,0.44,2021-08-04,1123,N20,VIIRS,n,2,299.8,3.75,D,0
46.03439,28.20209,342.97,0.39,0.44,2021-08-04,1123,N20,VIIRS,n,2,301.45,5.14,D,0
47.97413,27.49508,334.01,0.57,0.43,2021-08-04,1124,N20,VIIRS,n,2,292.03,10.35,D,0
47.96668,27.4574,335.41,0.57,0.43,2021-08-04,1124,N20,VIIRS,n,2,290.72,6.7,D,0
47.79066,28.95562,300.97,0.39,0.44,2021-08-04,2338,N20,VIIRS,n,2,271.57,0.97,N,2
46.85041,28.8592,336.38,0.42,0.38,2021-08-05,1104,N20,VIIRS,n,2,298.73,3.74,D,0
48.00003,27.61003,342.38,0.41,0.37,2021-08-05,1105,N20,VIIRS,n,2,296.46,6.4,D,0
47.7891,28.9561,312.46,0.43,0.46,2021-08-07,0041,N20,VIIRS,n,2,285.63,1.86,N,2
46.98555,29.13852,339.55,0.51,0.41,2021-08-07,1027,N20,VIIRS,n,2,296.65,4.96,D,0
46.04396,28.67857,336.18,0.55,0.43,2021-08-07,1027,N20,VIIRS,n,2,302.49,9.05,D,0
46.04774,28.67693,353.34,0.55,0.43,2021-08-07,1027,N20,VIIRS,n,2,304.04,9.05,D,0
46.98515,29.13975,334.65,0.51,0.41,2021-08-07,1027,N20,VIIRS,n,2,296.23,2.95,D,0
45.66838,28.32583,337.7,0.67,0.73,2021-08-07,1207,N20,VIIRS,n,2,297.11,6.04,D,0
45.66901,28.32569,335.33,0.67,0.73,2021-08-07,1207,N20,VIIRS,n,2,296.38,3.53,D,0
45.64775,28.36128,349.12,0.67,0.73,2021-08-07,1207,N20,VIIRS,n,2,296.12,7.25,D,0
47.78788,28.95695,309.47,0.43,0.38,2021-08-08,0022,N20,VIIRS,n,2,288.4,1.96,N,2
47.97403,28.50999,341.11,0.53,0.5,2021-08-08,1008,N20,VIIRS,n,2,298.74,5.42,D,0
47.96971,28.51256,339.31,0.53,0.5,2021-08-08,1008,N20,VIIRS,n,2,297.71,5.42,D,0
46.02507,28.79031,342.15,0.58,0.52,2021-08-08,1008,N20,VIIRS,n,2,303.93,12.9,D,0
46.02702,28.7977,346.01,0.58,0.52,2021-08-08,1008,N20,VIIRS,n,2,304.81,12.9,D,0
46.00158,28.87782,334.29,0.58,0.52,2021-08-08,1008,N20,VIIRS,l,2,307.18,7.56,D,0
46.02058,28.79299,353.96,0.58,0.52,2021-08-08,1008,N20,VIIRS,n,2,306.64,12.9,D,0
46.02259,28.80058,340.1,0.58,0.52,2021-08-08,1008,N20,VIIRS,n,2,301.9,12.9,D,0
46.00103,28.87736,333.11,0.58,0.52,2021-08-08,1008,N20,VIIRS,l,2,306.51,10.51,D,0
47.97401,28.51035,344.11,0.53,0.5,2021-08-08,1008,N20,VIIRS,n,2,299.71,12.04,D,0
46.02318,28.84207,351.99,0.58,0.52,2021-08-08,1008,N20,VIIRS,n,2,302.15,11.92,D,0
46.02132,28.83502,331.12,0.58,0.52,2021-08-08,1008,N20,VIIRS,n,2,299.16,3.89,D,0
47.9697,28.51293,327.36,0.53,0.5,2021-08-08,1008,N20,VIIRS,n,2,297.34,2.57,D,0
46.02143,28.83693,367,0.42,0.61,2021-08-08,1148,N20,VIIRS,h,2,301.48,8.62,D,0
46.17579,28.451,336.23,0.4,0.6,2021-08-08,1148,N20,VIIRS,n,2,299.17,6.17,D,0
46.17462,28.95293,333.74,0.42,0.61,2021-08-08,1148,N20,VIIRS,n,2,298.46,2.33,D,0
46.02591,28.79544,340.57,0.41,0.61,2021-08-08,1148,N20,VIIRS,n,2,304.84,7.51,D,0
46.02605,28.80044,344.55,0.41,0.61,2021-08-08,1148,N20,VIIRS,n,2,299.18,6.6,D,0
45.92548,28.67322,330.85,0.41,0.6,2021-08-08,1148,N20,VIIRS,n,2,301.57,1.11,D,0
46.02158,28.84242,351.93,0.42,0.61,2021-08-08,1148,N20,VIIRS,n,2,300.36,8.15,D,0
46.01877,28.83859,367,0.42,0.61,2021-08-08,1148,N20,VIIRS,h,2,299.65,6.68,D,0
46.02443,28.83836,334.26,0.42,0.61,2021-08-08,1148,N20,VIIRS,n,2,300.22,6.68,D,0
46.02305,28.79692,339.49,0.41,0.61,2021-08-08,1148,N20,VIIRS,n,2,304.35,6.55,D,0
46.02871,28.79693,348.89,0.41,0.61,2021-08-08,1148,N20,VIIRS,n,2,303.83,5.93,D,0
47.66051,28.74707,349.57,0.42,0.61,2021-08-08,1149,N20,VIIRS,n,2,296.63,9.49,D,0
47.78845,28.95449,327,0.43,0.62,2021-08-08,1149,N20,VIIRS,n,2,300.7,3.4,D,2
47.65469,28.74234,345.83,0.42,0.61,2021-08-08,1149,N20,VIIRS,n,2,296.03,7.17,D,0
47.78815,28.95289,309.85,0.39,0.36,2021-08-09,0003,N20,VIIRS,n,2,287.98,0.66,N,2
47.79142,28.95395,304.17,0.39,0.36,2021-08-09,0003,N20,VIIRS,n,2,288.93,0.66,N,2
46.45051,28.62157,327.41,0.47,0.64,2021-08-09,0949,N20,VIIRS,n,2,294.19,2.03,D,0
46.41235,29.22802,329.18,0.44,0.63,2021-08-09,0949,N20,VIIRS,n,2,296.92,3.82,D,0
46.15793,28.57245,328.79,0.48,0.65,2021-08-09,0949,N20,VIIRS,n,2,296.04,3.21,D,0
47.89544,29.1481,351.93,0.4,0.6,2021-08-09,0950,N20,VIIRS,n,2,303.11,30.32,D,0
47.89392,29.14308,346.34,0.4,0.6,2021-08-09,0950,N20,VIIRS,n,2,302.25,38.83,D,0
47.94056,27.65725,326.02,0.46,0.64,2021-08-09,0950,N20,VIIRS,n,2,291.16,2.98,D,0
47.93877,27.6516,330.47,0.46,0.64,2021-08-09,0950,N20,VIIRS,n,2,293.81,2.98,D,0
47.89689,29.15293,367,0.4,0.6,2021-08-09,0950,N20,VIIRS,h,2,294.66,30.32,D,0
46.03787,28.88119,342.03,0.49,0.49,2021-08-09,1129,N20,VIIRS,n,2,301.94,5.24,D,0
45.65658,28.33904,339.71,0.46,0.47,2021-08-09,1129,N20,VIIRS,n,2,304.09,2.99,D,0
45.65223,28.33971,334.85,0.46,0.47,2021-08-09,1129,N20,VIIRS,n,2,304.78,2.99,D,0
45.62589,28.22453,342.34,0.45,0.47,2021-08-09,1129,N20,VIIRS,n,2,302.38,5.09,D,0
47.77065,28.57015,335.36,0.5,0.49,2021-08-09,1130,N20,VIIRS,n,2,298.65,4.83,D,0
47.77515,28.56947,335.6,0.5,0.49,2021-08-09,1130,N20,VIIRS,n,2,298.5,5.83,D,0
47.87151,29.12684,341.92,0.53,0.5,2021-08-09,1130,N20,VIIRS,n,2,304.24,63.59,D,0
47.87614,29.12613,343.03,0.53,0.5,2021-08-09,1130,N20,VIIRS,n,2,299.68,37.78,D,0
47.88124,29.13275,342.81,0.53,0.5,2021-08-09,1130,N20,VIIRS,n,2,309,92.95,D,0
47.8803,29.11825,342.7,0.53,0.5,2021-08-09,1130,N20,VIIRS,n,2,301.11,37.78,D,0
47.88586,29.13204,337.5,0.53,0.5,2021-08-09,1130,N20,VIIRS,n,2,299.24,8.08,D,0
47.88539,29.12476,341.24,0.53,0.5,2021-08-09,1130,N20,VIIRS,n,2,301.87,8.98,D,0
47.89235,29.15995,338.75,0.53,0.5,2021-08-09,1130,N20,VIIRS,n,2,299.88,6.98,D,0
47.89698,29.15926,341.35,0.53,0.5,2021-08-09,1130,N20,VIIRS,n,2,299.24,12.42,D,0
47.89512,29.15857,342.6,0.53,0.5,2021-08-09,1130,N20,VIIRS,n,2,302.87,27.9,D,0
47.66941,29.06322,343.64,0.52,0.5,2021-08-09,1130,N20,VIIRS,n,2,296.96,5.37,D,0
46.81442,28.24031,331.01,0.47,0.48,2021-08-09,1130,N20,VIIRS,n,2,298.47,2.61,D,0
47.70639,28.26364,339.67,0.48,0.48,2021-08-09,1130,N20,VIIRS,n,2,296.5,6.11,D,0
47.78892,28.95253,313.04,0.5,0.41,2021-08-09,2344,N20,VIIRS,n,2,291.02,1.38,N,2
47.81904,27.33325,302.06,0.39,0.44,2021-08-09,2344,N20,VIIRS,n,2,287.65,1.04,N,0
46.07544,28.33863,323.97,0.51,0.41,2021-08-09,2345,N20,VIIRS,n,2,286.95,2.55,N,0
45.64334,28.35426,303.32,0.5,0.41,2021-08-09,2345,N20,VIIRS,n,2,289.62,0.77,N,0
46.22323,28.60978,301.77,0.5,0.41,2021-08-09,2345,N20,VIIRS,n,2,288.32,0.45,N,0
47.78858,29.03046,296.65,0.64,0.72,2021-08-10,0124,N20,VIIRS,n,2,286.42,0.35,N,0
47.78691,28.95453,297.67,0.63,0.72,2021-08-10,0124,N20,VIIRS,n,2,286.69,0.87,N,0
46.38402,29.57223,335.63,0.69,0.74,2021-08-10,0931,N20,VIIRS,n,2,291.99,8.24,D,0
46.15985,28.36658,348.55,0.79,0.78,2021-08-10,0931,N20,VIIRS,n,2,288.55,15.1,D,0
46.15659,28.35782,353.95,0.79,0.78,2021-08-10,0931,N20,VIIRS,n,2,289.61,15.1,D,0
46.16094,28.35733,367,0.79,0.78,2021-08-10,0931,N20,VIIRS,h,2,290.22,29.47,D,0
47.83678,29.09798,327.54,0.64,0.72,2021-08-10,0931,N20,VIIRS,n,2,293,4.3,D,0
48.40483,27.57957,334.41,0.7,0.75,2021-08-10,0931,N20,VIIRS,n,2,293.27,8.14,D,0
48.40773,27.58166,327.72,0.7,0.75,2021-08-10,0931,N20,VIIRS,n,2,293.88,5.32,D,0
46.1609,28.94142,334.36,0.47,0.4,2021-08-10,1110,N20,VIIRS,n,2,301.03,8.29,D,0
46.16453,28.93943,332.09,0.47,0.4,2021-08-10,1110,N20,VIIRS,n,2,299.72,1.88,D,0
46.38949,28.62414,332.04,0.46,0.39,2021-08-10,1111,N20,VIIRS,n,2,300.27,3.03,D,0
46.53216,28.27116,331.91,0.45,0.39,2021-08-10,1111,N20,VIIRS,n,2,299.87,4.13,D,0
48.05333,27.65927,340.36,0.45,0.39,2021-08-10,1111,N20,VIIRS,n,2,302.79,4.85,D,0
48.24074,27.60025,337.25,0.45,0.39,2021-08-10,1111,N20,VIIRS,n,2,299.78,3.28,D,0
47.88143,29.12424,338.96,0.5,0.41,2021-08-10,1111,N20,VIIRS,n,2,303.42,5.99,D,0
47.71343,28.54729,298.6,0.56,0.51,2021-08-10,2325,N20,VIIRS,n,2,287.73,0.73,N,0
47.78953,28.95586,311.69,0.53,0.5,2021-08-10,2325,N20,VIIRS,n,2,290.38,2.13,N,2
45.72678,28.4592,300.1,0.54,0.51,2021-08-10,2326,N20,VIIRS,n,2,288.4,1.71,N,0
47.79057,28.95635,305.68,0.4,0.6,2021-08-11,0106,N20,VIIRS,n,2,289.52,0.75,N,2
47.79207,28.9514,297.4,0.4,0.6,2021-08-11,0106,N20,VIIRS,n,2,287.25,0.75,N,2
47.7864,29.03015,301.59,0.4,0.6,2021-08-11,0106,N20,VIIRS,n,2,287.28,0.46,N,0
45.60914,28.32587,339,0.39,0.36,2021-08-11,1051,N20,VIIRS,n,2,312.18,25.32,D,0
45.61567,28.32374,349.44,0.39,0.36,2021-08-11,1051,N20,VIIRS,n,2,311.85,11.12,D,0
46.539,28.26815,337.12,0.39,0.36,2021-08-11,1052,N20,VIIRS,n,2,304.87,4.23,D,0
47.69046,28.6519,338.41,0.38,0.36,2021-08-11,1052,N20,VIIRS,l,2,309.55,24.68,D,0
47.69373,28.65081,347.38,0.38,0.36,2021-08-11,1052,N20,VIIRS,n,2,311.34,24.68,D,0
47.69622,28.64468,350.17,0.38,0.36,2021-08-11,1052,N20,VIIRS,n,2,318.05,25,D,0
47.69948,28.6436,346.12,0.38,0.36,2021-08-11,1052,N20,VIIRS,n,2,307.2,25,D,0
47.63061,27.92983,347.5,0.38,0.36,2021-08-11,1052,N20,VIIRS,n,2,307.64,4.38,D,0
47.7072,28.60402,331.38,0.38,0.36,2021-08-11,1052,N20,VIIRS,l,2,301.95,5.1,D,0
46.12781,28.83518,334.89,0.38,0.36,2021-08-11,1052,N20,VIIRS,l,2,307.46,4.6,D,0
46.13107,28.83414,340.95,0.38,0.36,2021-08-11,1052,N20,VIIRS,n,2,307.1,4.21,D,0
46.16223,28.94769,342.92,0.38,0.36,2021-08-11,1052,N20,VIIRS,n,2,308.5,3.75,D,0
46.16549,28.94666,331.67,0.38,0.36,2021-08-11,1052,N20,VIIRS,l,2,306.04,3.75,D,0
46.495,28.97744,344.48,0.38,0.36,2021-08-11,1052,N20,VIIRS,n,2,308.18,11.71,D,0
46.49826,28.9764,334.1,0.38,0.36,2021-08-11,1052,N20,VIIRS,n,2,302.19,11.71,D,0
46.53574,28.26924,343.32,0.39,0.36,2021-08-11,1052,N20,VIIRS,n,2,303.9,4.23,D,0
46.81428,28.82854,336.24,0.38,0.36,2021-08-11,1052,N20,VIIRS,n,2,304.74,3.87,D,0
46.01622,28.88858,333.05,0.38,0.36,2021-08-11,1052,N20,VIIRS,l,2,303.79,3.92,D,0
46.02274,28.88651,331.3,0.38,0.36,2021-08-11,1052,N20,VIIRS,l,2,304.3,2.62,D,0
46.03579,28.88235,340.38,0.38,0.36,2021-08-11,1052,N20,VIIRS,n,2,310.37,8.99,D,0
46.12009,28.94051,332.19,0.38,0.36,2021-08-11,1052,N20,VIIRS,l,2,304.92,8.71,D,0
46.12335,28.93947,341.82,0.38,0.36,2021-08-11,1052,N20,VIIRS,n,2,307.85,8.71,D,0
47.62815,27.93599,341.35,0.38,0.36,2021-08-11,1052,N20,VIIRS,n,2,304.35,4.38,D,0
47.7905,28.9499,296.96,0.45,0.63,2021-08-11,2306,N20,VIIRS,n,2,286.01,0.87,N,2
47.79037,28.95569,305.85,0.45,0.63,2021-08-11,2306,N20,VIIRS,n,2,287.6,0.87,N,2
48.06293,28.38425,324.43,0.48,0.64,2021-08-11,2306,N20,VIIRS,n,2,285.01,3.49,N,0
47.79108,28.95641,307.32,0.45,0.63,2021-08-11,2306,N20,VIIRS,n,2,287.65,1.4,N,2
47.77687,28.56265,315.16,0.47,0.64,2021-08-11,2306,N20,VIIRS,n,2,286.45,1.46,N,0
47.78014,28.56174,315.78,0.47,0.64,2021-08-11,2306,N20,VIIRS,n,2,286.49,2.07,N,0
46.27733,28.7344,302.36,0.45,0.63,2021-08-11,2307,N20,VIIRS,n,2,286.13,0.63,N,0
47.77554,28.56311,299.6,0.48,0.48,2021-08-12,0047,N20,VIIRS,n,2,286.98,0.51,N,0
47.79144,28.95403,313.13,0.5,0.49,2021-08-12,0047,N20,VIIRS,n,2,288.84,1.55,N,2
46.13039,28.86433,331.88,0.47,0.4,2021-08-12,1033,N20,VIIRS,l,2,302.75,2.62,D,0
46.94907,29.33705,331.75,0.44,0.39,2021-08-12,1033,N20,VIIRS,n,2,299.12,1.6,D,0
46.4396,29.81115,335.69,0.44,0.38,2021-08-12,1033,N20,VIIRS,l,2,306.03,12.21,D,0
46.43618,29.81249,351.53,0.44,0.38,2021-08-12,1033,N20,VIIRS,n,2,309.58,12.21,D,0
46.4338,29.81937,347.66,0.44,0.38,2021-08-12,1033,N20,VIIRS,n,2,306.35,7.48,D,0
46.43484,29.82489,330.59,0.44,0.38,2021-08-12,1033,N20,VIIRS,n,2,298.95,7.48,D,0
46.43038,29.82071,343.81,0.44,0.38,2021-08-12,1033,N20,VIIRS,n,2,304.79,7.48,D,0
46.94974,29.3405,341.88,0.44,0.39,2021-08-12,1033,N20,VIIRS,n,2,300.32,3.11,D,0
45.77914,28.38255,336.96,0.5,0.41,2021-08-12,1033,N20,VIIRS,n,2,302.29,3.07,D,0
47.79146,28.95535,299.2,0.74,0.76,2021-08-12,2247,N20,VIIRS,n,2,285.64,1.74,N,2
47.78753,28.9532,298.76,0.74,0.76,2021-08-12,2247,N20,VIIRS,n,2,285.26,1.61,N,0
47.78832,28.9566,314.8,0.49,0.4,2021-08-13,0028,N20,VIIRS,n,2,288.6,2.05,N,2
45.79524,28.43287,332.9,0.52,0.5,2021-08-13,1014,N20,VIIRS,l,2,307.6,4.68,D,0
45.78651,28.43718,344.97,0.52,0.5,2021-08-13,1014,N20,VIIRS,n,2,307.07,13.42,D,0
46.60061,29.79224,340.66,0.43,0.46,2021-08-13,1014,N20,VIIRS,n,2,308.01,10.54,D,0
46.60464,29.79026,337.36,0.43,0.46,2021-08-13,1014,N20,VIIRS,n,2,301.35,5.75,D,0
46.82927,28.81956,342.51,0.47,0.48,2021-08-13,1014,N20,VIIRS,n,2,300.7,6.06,D,0
47.74025,29.1966,330.35,0.43,0.46,2021-08-13,1014,N20,VIIRS,n,2,301.26,2.49,D,0
46.60188,29.79764,331.44,0.43,0.46,2021-08-13,1014,N20,VIIRS,n,2,298.98,10.54,D,0
45.79584,28.43239,334.25,0.52,0.5,2021-08-13,1014,N20,VIIRS,l,2,307.29,5.89,D,0
45.7871,28.43667,343.82,0.52,0.5,2021-08-13,1014,N20,VIIRS,n,2,306.77,9.17,D,0
48.0728,27.10505,347.37,0.52,0.5,2021-08-13,1015,N20,VIIRS,n,2,304,11.95,D,0
48.07336,27.10395,347.85,0.52,0.5,2021-08-13,1015,N20,VIIRS,n,2,304.42,11.32,D,0
48.38204,27.58389,328.32,0.48,0.48,2021-08-13,1015,N20,VIIRS,l,2,298.96,5.01,D,0
48.38466,27.57523,340.73,0.48,0.48,2021-08-13,1015,N20,VIIRS,n,2,298.91,10.16,D,0
45.78105,28.43247,339.36,0.47,0.64,2021-08-13,1155,N20,VIIRS,n,2,305.65,12.57,D,0
47.73806,28.56465,326.52,0.49,0.65,2021-08-13,1155,N20,VIIRS,n,2,299.93,9.67,D,0
47.73795,28.55726,367,0.49,0.65,2021-08-13,1155,N20,VIIRS,h,2,298.45,9.29,D,0
46.4096,29.63479,353.66,0.55,0.68,2021-08-13,1155,N20,VIIRS,n,2,301.64,9.18,D,0
46.40681,29.63391,346.65,0.54,0.68,2021-08-13,1155,N20,VIIRS,n,2,300.61,10.38,D,0
46.04463,28.36704,337.15,0.47,0.64,2021-08-13,1155,N20,VIIRS,n,2,297.2,4.25,D,0
45.78387,28.43502,338.8,0.47,0.64,2021-08-13,1155,N20,VIIRS,n,2,304.82,7.61,D,0
45.7779,28.43527,367,0.47,0.64,2021-08-13,1155,N20,VIIRS,h,2,305.22,13.59,D,0
45.78119,28.43851,367,0.47,0.64,2021-08-13,1155,N20,VIIRS,h,2,303.94,12.3,D,0
47.78926,28.95411,316.73,0.39,0.36,2021-08-14,0009,N20,VIIRS,n,2,288.76,2.09,N,2
47.78585,29.01709,300.26,0.39,0.36,2021-08-14,0009,N20,VIIRS,n,2,287.4,0.68,N,2
47.67617,28.69865,301.59,0.38,0.36,2021-08-14,0009,N20,VIIRS,n,2,286.55,0.83,N,0
47.68023,28.69476,312.42,0.38,0.36,2021-08-14,0009,N20,VIIRS,n,2,286.34,1.11,N,0
47.89337,27.95106,302.59,0.38,0.36,2021-08-14,0009,N20,VIIRS,n,2,284.42,0.65,N,0
47.89414,27.946,304.7,0.38,0.36,2021-08-14,0009,N20,VIIRS,n,2,284.72,0.65,N,0
46.05412,28.45169,350.32,0.42,0.61,2021-08-14,0955,N20,VIIRS,n,2,302.52,13.28,D,0
46.05562,28.45672,354.36,0.42,0.61,2021-08-14,0955,N20,VIIRS,n,2,299.67,9.15,D,0
46.4467,28.58327,340.03,0.4,0.6,2021-08-14,0955,N20,VIIRS,n,2,298.46,3.74,D,0
46.44628,28.58497,345.72,0.4,0.6,2021-08-14,0955,N20,VIIRS,n,2,298.63,4.23,D,0
46.58787,29.77436,334.11,0.35,0.57,2021-08-14,0955,N20,VIIRS,n,2,298.23,1.96,D,0
46.14092,28.47907,347.16,0.42,0.61,2021-08-14,0955,N20,VIIRS,n,2,298.16,6.49,D,0
46.06507,28.45193,335.44,0.42,0.61,2021-08-14,0955,N20,VIIRS,n,2,300.82,9.59,D,0
46.06661,28.45702,329.74,0.42,0.61,2021-08-14,0955,N20,VIIRS,n,2,298.2,9.59,D,0
46.05828,28.4499,348.25,0.42,0.61,2021-08-14,0955,N20,VIIRS,n,2,299.02,12.9,D,0
46.06289,28.4651,336.35,0.42,0.61,2021-08-14,0955,N20,VIIRS,n,2,298.89,6.15,D,0
46.05983,28.45498,367,0.42,0.61,2021-08-14,0955,N20,VIIRS,h,2,301.89,9.59,D,0
46.06765,28.45581,334.41,0.42,0.61,2021-08-14,0955,N20,VIIRS,n,2,300.71,5.36,D,0
46.0624,28.45886,336.02,0.42,0.61,2021-08-14,0955,N20,VIIRS,n,2,288.54,9.15,D,0
46.06391,28.46393,333.85,0.42,0.61,2021-08-14,0955,N20,VIIRS,n,2,296.21,5.05,D,0
46.06091,28.45382,367,0.42,0.61,2021-08-14,0955,N20,VIIRS,h,2,303.53,9.15,D,0
47.94246,28.17728,329.28,0.38,0.58,2021-08-14,0956,N20,VIIRS,n,2,297.47,1.85,D,0
47.94104,28.17246,331.09,0.38,0.58,2021-08-14,0956,N20,VIIRS,n,2,300.36,1.85,D,0
47.89386,27.95117,330.08,0.39,0.59,2021-08-14,0956,N20,VIIRS,n,2,299.53,3.02,D,0
47.04719,29.56782,343.77,0.35,0.57,2021-08-14,0956,N20,VIIRS,n,2,292.51,14.55,D,0
47.78661,28.9593,326.87,0.35,0.57,2021-08-14,0956,N20,VIIRS,n,2,297.91,1.68,D,0
47.74063,28.56129,367,0.37,0.58,2021-08-14,0956,N20,VIIRS,h,2,302.42,29.56,D,0
47.7394,28.5571,329.42,0.37,0.58,2021-08-14,0956,N20,VIIRS,n,2,299.2,11.11,D,0
47.04596,29.56348,347.66,0.35,0.57,2021-08-14,0956,N20,VIIRS,n,2,307.29,14.55,D,0
47.05935,29.57074,367,0.35,0.57,2021-08-14,0956,N20,VIIRS,h,2,292.34,5.13,D,0
47.05814,29.56643,341.15,0.35,0.57,2021-08-14,0956,N20,VIIRS,n,2,297.38,5.13,D,0
47.74427,28.55378,367,0.37,0.58,2021-08-14,0956,N20,VIIRS,h,2,295.91,11.11,D,0
47.7548,28.58967,343.14,0.37,0.58,2021-08-14,0956,N20,VIIRS,n,2,299.29,3.95,D,0
47.74304,28.5496,331,0.37,0.58,2021-08-14,0956,N20,VIIRS,n,2,294.48,11.11,D,0
47.67977,28.68962,346.44,0.36,0.58,2021-08-14,0956,N20,VIIRS,n,2,297.72,6.09,D,0
47.75982,28.58694,331.72,0.37,0.58,2021-08-14,0956,N20,VIIRS,n,2,298.34,2.51,D,0
47.82716,27.43819,330.45,0.41,0.6,2021-08-14,0956,N20,VIIRS,n,2,297.7,3.17,D,0
47.89594,27.94831,327.28,0.39,0.59,2021-08-14,0956,N20,VIIRS,n,2,297.67,1.3,D,0
46.58481,29.77118,331.01,0.33,0.55,2021-08-14,1136,N20,VIIRS,n,2,297.64,2.14,D,0
46.29805,28.74953,336.52,0.58,0.52,2021-08-14,1136,N20,VIIRS,n,2,301.95,4.05,D,0
46.06856,28.45243,335.47,0.56,0.51,2021-08-14,1136,N20,VIIRS,n,2,306.09,7.74,D,0
46.0638,28.45305,342.13,0.56,0.51,2021-08-14,1136,N20,VIIRS,n,2,307.22,8.86,D,0
46.06426,28.46036,347.15,0.56,0.51,2021-08-14,1136,N20,VIIRS,n,2,308.09,8.86,D,0
46.05906,28.45376,342.28,0.56,0.51,2021-08-14,1136,N20,VIIRS,n,2,304.16,8.86,D,0
46.05432,28.45453,342.84,0.56,0.51,2021-08-14,1136,N20,VIIRS,n,2,303.7,28.28,D,0
46.05477,28.46188,345.42,0.56,0.51,2021-08-14,1136,N20,VIIRS,n,2,306.43,28.28,D,0
48.36557,27.37027,337.7,0.52,0.5,2021-08-14,1136,N20,VIIRS,n,2,303.46,11.81,D,0
48.36676,27.37185,341.75,0.52,0.5,2021-08-14,1136,N20,VIIRS,n,2,302.79,8.86,D,0
48.36168,27.36543,328.22,0.52,0.5,2021-08-14,1136,N20,VIIRS,l,2,301.6,4.16,D,0
48.04318,27.87144,350.48,0.55,0.51,2021-08-14,1136,N20,VIIRS,n,2,303,34.45,D,0
47.93968,27.48315,343.65,0.52,0.5,2021-08-14,1136,N20,VIIRS,n,2,301.41,11.14,D,0
47.94086,27.48305,339.86,0.52,0.5,2021-08-14,1136,N20,VIIRS,n,2,300.95,5.06,D,0
47.9279,27.49877,330.55,0.52,0.5,2021-08-14,1136,N20,VIIRS,n,2,299.09,5.16,D,0
47.89487,28.57708,338.45,0.59,0.53,2021-08-14,1136,N20,VIIRS,n,2,302.98,10.71,D,0
47.89204,28.57211,334.22,0.59,0.53,2021-08-14,1136,N20,VIIRS,n,2,296.93,4.39,D,0
47.05527,29.56323,349.98,0.32,0.55,2021-08-14,1136,N20,VIIRS,n,2,298.39,29.2,D,0
47.05,29.55953,333.43,0.32,0.55,2021-08-14,1136,N20,VIIRS,n,2,295.81,24.02,D,0
47.05021,29.56383,352.6,0.32,0.55,2021-08-14,1136,N20,VIIRS,n,2,316.23,29.2,D,0
47.05041,29.56812,367,0.32,0.55,2021-08-14,1136,N20,VIIRS,h,2,310.77,29.2,D,0
47.02067,29.47745,336.17,0.32,0.54,2021-08-14,1136,N20,VIIRS,n,2,300.03,12.08,D,0
47.02087,29.48167,367,0.32,0.55,2021-08-14,1136,N20,VIIRS,h,2,307.87,23.56,D,0
47.01077,29.48266,367,0.32,0.55,2021-08-14,1136,N20,VIIRS,h,2,307.16,12.69,D,0
46.65594,29.20141,347.98,0.61,0.54,2021-08-14,1136,N20,VIIRS,n,2,298.02,8.98,D,0
46.65633,29.2094,347.27,0.62,0.54,2021-08-14,1136,N20,VIIRS,n,2,304.47,11.02,D,0
46.65538,29.20156,342.29,0.61,0.54,2021-08-14,1136,N20,VIIRS,n,2,295.8,10.22,D,0
46.65582,29.20952,367,0.61,0.54,2021-08-14,1136,N20,VIIRS,h,2,303.58,10.22,D,0
46.58777,29.77264,350.38,0.33,0.55,2021-08-14,1136,N20,VIIRS,n,2,300.57,3.48,D,0
46.58992,29.7708,335.94,0.33,0.55,2021-08-14,1136,N20,VIIRS,n,2,299.45,2.14,D,0
46.18008,28.89301,302.43,0.43,0.38,2021-08-14,2351,N20,VIIRS,n,2,285.41,0.75,N,0
48.02554,28.32804,319.19,0.47,0.39,2021-08-14,2351,N20,VIIRS,n,2,285.36,2.52,N,0
48.02626,28.32182,330.24,0.47,0.39,2021-08-14,2351,N20,VIIRS,n,2,285.51,2.52,N,0
48.02194,28.32703,298.99,0.47,0.39,2021-08-14,2351,N20,VIIRS,n,2,286.08,0.57,N,0
47.78896,28.95377,311.89,0.44,0.39,2021-08-14,2351,N20,VIIRS,n,2,288.5,2.03,N,2
47.79056,28.95053,300.16,0.73,0.76,2021-08-15,0130,N20,VIIRS,n,2,285.08,1.51,N,2
48.02494,28.32446,305.39,0.68,0.74,2021-08-15,0130,N20,VIIRS,n,2,284.08,1.64,N,0
47.78978,28.95355,301.04,0.73,0.76,2021-08-15,0131,N20,VIIRS,n,2,285.26,1.1,N,2
48.02781,28.3291,295.17,0.68,0.74,2021-08-15,0131,N20,VIIRS,n,2,284.34,0.92,N,0
47.72424,28.6358,337.37,0.58,0.7,2021-08-15,0937,N20,VIIRS,n,2,294.43,5.59,D,0
47.72057,28.6336,332.29,0.58,0.7,2021-08-15,0937,N20,VIIRS,n,2,298.7,7.52,D,0
46.2239,28.75845,355.27,0.65,0.73,2021-08-15,0937,N20,VIIRS,n,2,298.54,7.6,D,0
46.42519,28.5549,367,0.65,0.73,2021-08-15,0937,N20,VIIRS,h,2,299.92,19.91,D,0
47.72305,28.64084,333.62,0.58,0.7,2021-08-15,0937,N20,VIIRS,n,2,296.03,6.96,D,0
46.22672,28.75003,343.99,0.65,0.73,2021-08-15,0937,N20,VIIRS,n,2,295.22,21.02,D,0
46.42232,28.56266,367,0.65,0.73,2021-08-15,0937,N20,VIIRS,h,2,298.38,23.67,D,0
46.41983,28.5555,355.59,0.65,0.73,2021-08-15,0937,N20,VIIRS,n,2,299.99,20.82,D,0
48.3919,27.31062,326.28,0.62,0.71,2021-08-15,0937,N20,VIIRS,n,2,297.07,3.58,D,0
46.42756,28.56161,343.94,0.65,0.73,2021-08-15,0937,N20,VIIRS,n,2,299.67,19.91,D,0
46.23,28.75439,334.38,0.65,0.73,2021-08-15,0937,N20,VIIRS,n,2,293.88,7.6,D,0
46.41908,28.55897,367,0.65,0.73,2021-08-15,0937,N20,VIIRS,h,2,300.48,19.91,D,0
46.42586,28.5512,350.13,0.65,0.73,2021-08-15,0937,N20,VIIRS,n,2,297.37,20.82,D,0
46.4283,28.55823,356.19,0.65,0.73,2021-08-15,0937,N20,VIIRS,n,2,298.13,23.67,D,0
48.02289,28.32874,332.91,0.58,0.7,2021-08-15,0937,N20,VIIRS,n,2,299.92,4.8,D,0
46.59754,29.7395,338.76,0.39,0.44,2021-08-15,1117,N20,VIIRS,n,2,304.28,5.6,D,0
47.60544,27.56037,332.3,0.49,0.41,2021-08-15,1117,N20,VIIRS,n,2,302.16,2.82,D,0
47.63255,28.61691,341.78,0.54,0.42,2021-08-15,1117,N20,VIIRS,n,2,303.53,9.32,D,0
47.6325,28.61773,339.01,0.54,0.42,2021-08-15,1117,N20,VIIRS,n,2,302.77,4.84,D,0
46.22703,28.74796,333.62,0.53,0.42,2021-08-15,1117,N20,VIIRS,n,2,302.53,7.18,D,0
46.22319,28.74879,334.87,0.53,0.42,2021-08-15,1117,N20,VIIRS,l,2,304.98,7.18,D,0
47.30536,29.01979,345.81,0.56,0.43,2021-08-15,1117,N20,VIIRS,n,2,307.04,15.3,D,0
46.79248,29.61892,341.93,0.39,0.44,2021-08-15,1117,N20,VIIRS,n,2,305.06,5.72,D,0
47.72141,28.6344,344.66,0.54,0.42,2021-08-15,1117,N20,VIIRS,n,2,310.72,18.02,D,0
47.7253,28.63356,341.18,0.54,0.42,2021-08-15,1117,N20,VIIRS,n,2,299.44,18.02,D,0
48.00519,28.40474,346.46,0.54,0.42,2021-08-15,1117,N20,VIIRS,n,2,302.64,17.05,D,0
48.00907,28.40405,348.35,0.54,0.42,2021-08-15,1117,N20,VIIRS,n,2,300.93,17.05,D,0
48.05565,27.30273,333.91,0.49,0.4,2021-08-15,1117,N20,VIIRS,l,2,305.74,5.59,D,0
46.22004,28.75648,343.02,0.53,0.42,2021-08-15,1117,N20,VIIRS,n,2,304.16,4.33,D,0
48.05496,27.29607,336.17,0.49,0.4,2021-08-15,1117,N20,VIIRS,n,2,305.44,5.59,D,0
48.16518,28.00624,342.83,0.52,0.42,2021-08-15,1117,N20,VIIRS,n,2,306.21,5.65,D,0
46.79293,29.62406,332.22,0.39,0.44,2021-08-15,1117,N20,VIIRS,l,2,305.41,5.9,D,0
46.46989,29.59886,353.02,0.39,0.44,2021-08-15,1117,N20,VIIRS,n,2,301.61,6.22,D,0
46.43683,28.54076,301.46,0.46,0.47,2021-08-15,2332,N20,VIIRS,n,2,286.88,0.63,N,0
47.78819,28.95598,314.22,0.45,0.47,2021-08-15,2332,N20,VIIRS,n,2,289.77,2.06,N,2
47.78765,29.01723,303.94,0.45,0.47,2021-08-15,2332,N20,VIIRS,n,2,288.78,0.88,N,2
46.29738,28.88844,297.45,0.44,0.46,2021-08-15,2332,N20,VIIRS,n,2,286.93,0.35,N,0
47.78786,29.01965,298.61,0.47,0.64,2021-08-16,0112,N20,VIIRS,n,2,287.75,1.17,N,0
47.79018,28.95156,306.94,0.47,0.64,2021-08-16,0112,N20,VIIRS,n,2,287.16,1.24,N,2
47.7889,28.95592,303.89,0.47,0.64,2021-08-16,0112,N20,VIIRS,n,2,288.31,1.88,N,2
47.42088,28.57718,331.92,0.39,0.37,2021-08-16,1058,N20,VIIRS,n,2,301.2,4.4,D,0
45.78375,28.65363,342.64,0.39,0.36,2021-08-16,1058,N20,VIIRS,n,2,307.02,5,D,0
46.13374,28.81814,334.15,0.39,0.36,2021-08-16,1058,N20,VIIRS,l,2,305.66,2.14,D,0
46.4347,29.77574,341.13,0.41,0.37,2021-08-16,1058,N20,VIIRS,n,2,311.52,5.13,D,0
46.43807,29.77482,340.49,0.41,0.37,2021-08-16,1058,N20,VIIRS,n,2,311.64,5.3,D,0
46.41906,28.73523,342.95,0.39,0.36,2021-08-16,1058,N20,VIIRS,n,2,311.27,8.41,D,0
46.41835,28.73021,341.5,0.39,0.36,2021-08-16,1058,N20,VIIRS,n,2,310.43,7.33,D,0
46.43296,28.52357,347.39,0.39,0.36,2021-08-16,1058,N20,VIIRS,n,2,307.85,6.73,D,0
46.44426,28.53067,347.16,0.39,0.36,2021-08-16,1058,N20,VIIRS,n,2,309.59,17.88,D,0
46.62976,29.79418,340.92,0.41,0.37,2021-08-16,1058,N20,VIIRS,n,2,302.51,2.05,D,0
46.51055,28.61067,334.53,0.39,0.36,2021-08-16,1058,N20,VIIRS,n,2,301.7,3.39,D,0
46.75381,29.59298,332.07,0.41,0.37,2021-08-16,1058,N20,VIIRS,n,2,301.99,11.19,D,0
46.75717,29.59204,347.47,0.41,0.37,2021-08-16,1058,N20,VIIRS,n,2,306.24,11.19,D,0
46.74865,29.50163,340.95,0.4,0.37,2021-08-16,1058,N20,VIIRS,n,2,301.14,4,D,0
46.75449,29.51441,336.2,0.4,0.37,2021-08-16,1058,N20,VIIRS,n,2,302.3,3.3,D,0
46.87052,29.12635,334.87,0.4,0.37,2021-08-16,1058,N20,VIIRS,n,2,303.59,6.91,D,0
47.02914,29.55366,330.34,0.41,0.37,2021-08-16,1058,N20,VIIRS,n,2,302.69,1.78,D,0
46.99501,29.29502,332.02,0.4,0.37,2021-08-16,1058,N20,VIIRS,n,2,301.16,2.16,D,0
47.05854,29.48496,340.14,0.41,0.37,2021-08-16,1058,N20,VIIRS,l,2,311.09,8.56,D,0
47.0626,29.48932,346.95,0.41,0.37,2021-08-16,1058,N20,VIIRS,n,2,306.16,7.14,D,0
47.0619,29.48402,352.75,0.41,0.37,2021-08-16,1058,N20,VIIRS,n,2,309.55,8.56,D,0
47.43361,28.17627,331.1,0.39,0.36,2021-08-16,1058,N20,VIIRS,n,2,301.27,2.01,D,0
47.44294,27.6503,331.04,0.39,0.36,2021-08-16,1058,N20,VIIRS,n,2,297.65,2.72,D,0
47.91126,27.49233,335.56,0.39,0.36,2021-08-16,1058,N20,VIIRS,n,2,305.72,3.27,D,0
46.41927,28.73213,300.36,0.38,0.58,2021-08-16,2313,N20,VIIRS,n,2,287.28,0.57,N,0
46.41386,28.73139,304.99,0.38,0.58,2021-08-16,2313,N20,VIIRS,n,2,287.27,0.57,N,0
46.41764,28.72938,305.69,0.38,0.58,2021-08-16,2313,N20,VIIRS,n,2,287.15,0.58,N,0
46.41742,28.73462,300.89,0.38,0.58,2021-08-16,2313,N20,VIIRS,n,2,287.71,0.58,N,0
46.38133,28.68537,298.05,0.38,0.59,2021-08-16,2313,N20,VIIRS,n,2,287.74,0.38,N,0
46.3759,28.68482,297.55,0.38,0.59,2021-08-16,2313,N20,VIIRS,n,2,286.91,0.38,N,0
46.3757,28.68986,299.09,0.38,0.59,2021-08-16,2313,N20,VIIRS,n,2,286.94,0.38,N,0
47.78824,29.01689,305.38,0.37,0.58,2021-08-16,2313,N20,VIIRS,n,2,290.06,0.66,N,2
47.78883,28.95485,317.46,0.37,0.58,2021-08-16,2313,N20,VIIRS,n,2,290.34,1.74,N,2
47.7864,29.01569,310.29,0.37,0.58,2021-08-16,2313,N20,VIIRS,n,2,290.14,1.16,N,2
47.06281,29.47035,299.4,0.35,0.57,2021-08-16,2313,N20,VIIRS,n,2,285.76,0.47,N,0
46.97364,29.34257,302.89,0.35,0.57,2021-08-16,2313,N20,VIIRS,n,2,287.76,0.58,N,0
46.90932,29.61679,303.12,0.34,0.56,2021-08-16,2313,N20,VIIRS,n,2,286.91,0.7,N,0
46.90903,29.61542,299.62,0.34,0.56,2021-08-16,2313,N20,VIIRS,n,2,286.57,0.46,N,0
46.90881,29.62,300.47,0.34,0.56,2021-08-16,2313,N20,VIIRS,n,2,286.46,0.62,N,0
46.53545,29.00338,299.48,0.37,0.58,2021-08-16,2313,N20,VIIRS,n,2,287.46,0.99,N,0
46.53011,29.0027,310.37,0.37,0.58,2021-08-16,2313,N20,VIIRS,n,2,287.22,0.99,N,0
47.79053,28.95098,298.66,0.38,0.58,2021-08-16,2313,N20,VIIRS,n,2,288.29,1.1,N,2
47.79037,28.95591,308.77,0.38,0.58,2021-08-16,2313,N20,VIIRS,n,2,290.06,1.36,N,2
46.22385,28.73327,301.09,0.37,0.58,2021-08-16,2313,N20,VIIRS,n,2,286.84,0.36,N,0
46.52992,29.0077,318.86,0.37,0.58,2021-08-16,2313,N20,VIIRS,n,2,288.82,2.24,N,0
46.52458,29.00691,302.42,0.37,0.58,2021-08-16,2313,N20,VIIRS,n,2,287.7,0.71,N,0
46.52722,29.0038,299.12,0.37,0.58,2021-08-16,2313,N20,VIIRS,n,2,287.5,0.82,N,0
46.527,29.00879,312.12,0.37,0.58,2021-08-16,2313,N20,VIIRS,n,2,288.16,0.82,N,0
47.79151,28.95426,306.52,0.58,0.52,2021-08-17,0053,N20,VIIRS,n,2,288.79,1.76,N,2
47.0592,29.47465,298.42,0.32,0.55,2021-08-17,0053,N20,VIIRS,n,2,285.88,1.12,N,0
47.06141,29.46669,299.09,0.32,0.55,2021-08-17,0053,N20,VIIRS,n,2,287.29,1.34,N,0
47.0603,29.47068,324.95,0.32,0.55,2021-08-17,0053,N20,VIIRS,n,2,287.82,1.12,N,0
47.79137,28.95536,306.78,0.58,0.52,2021-08-17,0053,N20,VIIRS,n,2,288.91,1.94,N,2
47.78472,29.01925,302.43,0.59,0.53,2021-08-17,0053,N20,VIIRS,n,2,289.48,1.6,N,2
47.78456,29.01794,302.58,0.59,0.53,2021-08-17,0053,N20,VIIRS,n,2,289.43,1.15,N,2
46.53145,29.00641,302.88,0.32,0.55,2021-08-17,0054,N20,VIIRS,n,2,287.63,0.8,N,0
46.53239,29.00643,300.91,0.32,0.54,2021-08-17,0054,N20,VIIRS,n,2,287.78,0.57,N,0
46.52658,29.00775,300.64,0.32,0.55,2021-08-17,0054,N20,VIIRS,n,2,288.16,0.45,N,0
47.49197,28.55857,335.09,0.42,0.37,2021-08-17,1039,N20,VIIRS,n,2,304.58,3.98,D,0
46.41406,28.74151,337.1,0.42,0.38,2021-08-17,1039,N20,VIIRS,l,2,307.21,11.23,D,0
46.41474,28.73821,350.07,0.42,0.38,2021-08-17,1039,N20,VIIRS,n,2,316.04,10.16,D,0
46.41136,28.7395,332.58,0.42,0.38,2021-08-17,1039,N20,VIIRS,l,2,304.32,10.16,D,0
46.25018,28.54294,349.92,0.43,0.38,2021-08-17,1039,N20,VIIRS,n,2,308.04,6.05,D,0
46.07824,28.64569,346.86,0.43,0.38,2021-08-17,1039,N20,VIIRS,n,2,314.87,7.37,D,0
46.07925,28.65112,339.01,0.43,0.38,2021-08-17,1039,N20,VIIRS,l,2,312.92,7.37,D,0
46.07483,28.64697,338.11,0.43,0.38,2021-08-17,1039,N20,VIIRS,l,2,311.16,7.03,D,0
45.81774,28.20724,340.65,0.45,0.39,2021-08-17,1039,N20,VIIRS,n,2,307.49,2.62,D,0
45.59824,28.29726,334.04,0.45,0.39,2021-08-17,1039,N20,VIIRS,l,2,305.93,4.37,D,0
46.41745,28.74025,343.59,0.42,0.38,2021-08-17,1039,N20,VIIRS,n,2,307.49,11.23,D,0
46.55426,29.21611,336.31,0.41,0.37,2021-08-17,1039,N20,VIIRS,n,2,307.85,5.62,D,0
46.90346,29.62465,342.63,0.4,0.37,2021-08-17,1039,N20,VIIRS,n,2,306.63,3.28,D,0
46.90168,29.61432,337.09,0.4,0.37,2021-08-17,1039,N20,VIIRS,l,2,309.67,5.29,D,0
46.90419,29.62186,349.05,0.4,0.37,2021-08-17,1039,N20,VIIRS,n,2,310.64,6.68,D,0
46.90238,29.61155,347.23,0.4,0.37,2021-08-17,1039,N20,VIIRS,n,2,311.87,8.01,D,0
46.90929,29.57049,342.7,0.4,0.37,2021-08-17,1039,N20,VIIRS,n,2,309.5,4.48,D,0
46.91169,29.56409,346.29,0.4,0.37,2021-08-17,1039,N20,VIIRS,n,2,309.85,6.74,D,0
47.02213,29.38249,335.3,0.4,0.37,2021-08-17,1039,N20,VIIRS,n,2,306.38,2.99,D,0
47.05601,29.4753,355.3,0.4,0.37,2021-08-17,1039,N20,VIIRS,n,2,310.41,10.96,D,0
47.05841,29.46887,331.3,0.4,0.37,2021-08-17,1039,N20,VIIRS,l,2,303.92,2.75,D,0
46.92439,28.36923,332.09,0.43,0.38,2021-08-17,1039,N20,VIIRS,n,2,301.03,2.11,D,0
46.92677,28.36248,334.12,0.43,0.38,2021-08-17,1039,N20,VIIRS,n,2,301.44,2.56,D,0
46.93219,28.37207,352.17,0.43,0.38,2021-08-17,1039,N20,VIIRS,n,2,304.01,10.51,D,0
47.20929,28.97023,335.09,0.41,0.37,2021-08-17,1039,N20,VIIRS,n,2,301.35,2.85,D,0
47.25701,28.9776,330.06,0.41,0.37,2021-08-17,1039,N20,VIIRS,n,2,298.6,2.14,D,0
47.45428,28.64535,334.18,0.42,0.37,2021-08-17,1039,N20,VIIRS,l,2,306.43,11.24,D,0
47.4533,28.63997,333.52,0.42,0.37,2021-08-17,1039,N20,VIIRS,l,2,306.4,11.24,D,0
46.41306,28.73611,339.99,0.42,0.38,2021-08-17,1039,N20,VIIRS,l,2,311.6,11.23,D,0
47.57399,28.89374,330.06,0.41,0.37,2021-08-17,1039,N20,VIIRS,n,2,299,5.19,D,0
47.44398,27.65117,333.61,0.44,0.38,2021-08-17,1039,N20,VIIRS,l,2,306.72,5.56,D,0
48.18724,27.86373,334.77,0.42,0.38,2021-08-17,1040,N20,VIIRS,n,2,302.09,4.05,D,0
48.42673,27.74235,337.37,0.42,0.38,2021-08-17,1040,N20,VIIRS,n,2,303.39,7.96,D,0
48.43112,27.74649,332.42,0.42,0.38,2021-08-17,1040,N20,VIIRS,l,2,303.11,7.33,D,0
47.94363,28.9074,338.9,0.41,0.37,2021-08-17,1040,N20,VIIRS,n,2,304.7,6.47,D,0
47.84103,27.28616,337.47,0.44,0.39,2021-08-17,1040,N20,VIIRS,n,2,302.35,4.32,D,0
47.89122,27.29618,331.38,0.44,0.39,2021-08-17,1040,N20,VIIRS,n,2,302.82,3.67,D,0
48.06636,27.92734,335.36,0.42,0.38,2021-08-17,1040,N20,VIIRS,n,2,302.09,3.34,D,0
48.43009,27.7409,342.9,0.42,0.38,2021-08-17,1040,N20,VIIRS,n,2,305.91,7.33,D,0
48.18387,27.86514,337.91,0.42,0.38,2021-08-17,1040,N20,VIIRS,n,2,304.42,4.75,D,0
46.40097,28.77977,304.12,0.63,0.72,2021-08-17,2254,N20,VIIRS,n,2,286.05,1.76,N,0
46.40768,28.78897,303.1,0.63,0.72,2021-08-17,2254,N20,VIIRS,n,2,286.01,1.74,N,0
47.54199,29.10375,298.62,0.62,0.71,2021-08-17,2254,N20,VIIRS,n,2,282.82,3.23,N,0
47.79123,28.94966,297.92,0.63,0.72,2021-08-17,2254,N20,VIIRS,n,2,283.12,2.99,N,2
47.78759,28.95464,296.87,0.63,0.72,2021-08-17,2254,N20,VIIRS,n,2,281.39,3.09,N,0
46.40388,28.78352,300.77,0.63,0.72,2021-08-17,2254,N20,VIIRS,n,2,286.12,1.45,N,0
46.41059,28.78411,297.22,0.63,0.72,2021-08-17,2254,N20,VIIRS,n,2,285.28,0.88,N,0
46.19519,28.44919,331.15,0.57,0.43,2021-08-18,0035,N20,VIIRS,n,2,287.71,4.26,N,0
46.19904,28.45084,305.6,0.57,0.43,2021-08-18,0035,N20,VIIRS,n,2,288.03,3.44,N,0
46.20063,28.4438,319.94,0.57,0.43,2021-08-18,0035,N20,VIIRS,n,2,286.9,3.44,N,0
46.20448,28.44545,332.56,0.57,0.43,2021-08-18,0035,N20,VIIRS,n,2,288.64,3.44,N,0
46.19048,28.44977,353.26,0.43,0.46,2021-08-18,1020,N20,VIIRS,n,2,288.91,7.73,D,0
46.19451,28.44786,339.66,0.43,0.46,2021-08-18,1020,N20,VIIRS,n,2,281.59,4.23,D,0
47.80605,29.15504,332.67,0.56,0.43,2021-08-18,1021,N20,VIIRS,n,2,286.93,6.11,D,0
47.78667,29.01497,302.12,0.41,0.37,2021-08-19,2357,N20,VIIRS,n,2,285.59,0.94,N,2
47.79132,28.95492,304.45,0.41,0.37,2021-08-19,2357,N20,VIIRS,n,2,286.26,0.85,N,2
47.78796,28.95392,304.1,0.41,0.37,2021-08-19,2357,N20,VIIRS,n,2,285.56,0.85,N,2
46.06551,28.46202,367,0.58,0.69,2021-08-20,0943,N20,VIIRS,h,2,299.69,13.98,D,0
46.75296,29.73083,345.52,0.48,0.65,2021-08-20,0943,N20,VIIRS,n,2,294.34,8.6,D,0
46.06778,28.46889,355.31,0.58,0.69,2021-08-20,0943,N20,VIIRS,n,2,295.22,12.4,D,0
46.75481,29.73667,326.88,0.48,0.65,2021-08-20,0943,N20,VIIRS,n,2,291.78,6.52,D,0
46.07611,28.46282,333.09,0.57,0.69,2021-08-20,0943,N20,VIIRS,n,2,294.71,13,D,0
46.06806,28.46011,353.72,0.58,0.69,2021-08-20,0943,N20,VIIRS,n,2,299.9,13,D,0
46.07035,28.4669,367,0.57,0.69,2021-08-20,0943,N20,VIIRS,h,2,295.46,13,D,0
46.07136,28.45818,342.06,0.58,0.69,2021-08-20,0943,N20,VIIRS,n,2,296.83,13.98,D,0
46.07355,28.46482,347.86,0.58,0.69,2021-08-20,0943,N20,VIIRS,n,2,295.4,12.4,D,0
46.21473,28.72233,352.97,0.41,0.45,2021-08-20,1123,N20,VIIRS,n,2,306.67,21.87,D,0
46.21381,28.71172,344.22,0.41,0.45,2021-08-20,1123,N20,VIIRS,n,2,299.29,19.67,D,0
46.50053,29.83468,339.13,0.46,0.47,2021-08-20,1123,N20,VIIRS,n,2,295.62,4.54,D,0
46.66197,29.67953,341.77,0.46,0.47,2021-08-20,1123,N20,VIIRS,n,2,298.8,6.26,D,0
46.21426,28.71697,348.92,0.41,0.45,2021-08-20,1123,N20,VIIRS,n,2,305.53,19.67,D,0
46.07707,28.46625,340.86,0.4,0.44,2021-08-20,1123,N20,VIIRS,n,2,301.48,3.94,D,0
46.20647,28.72371,346.89,0.41,0.45,2021-08-20,1123,N20,VIIRS,n,2,304.09,72.68,D,0
46.20601,28.71837,342.54,0.41,0.45,2021-08-20,1123,N20,VIIRS,n,2,301.05,21.53,D,0
46.2106,28.72298,367,0.41,0.45,2021-08-20,1123,N20,VIIRS,h,2,339.8,72.68,D,0
46.21107,28.7285,339.98,0.41,0.45,2021-08-20,1123,N20,VIIRS,n,2,293.09,72.68,D,0
46.21013,28.71764,355.57,0.41,0.45,2021-08-20,1123,N20,VIIRS,n,2,306.44,21.53,D,0
46.20968,28.7124,349.58,0.41,0.45,2021-08-20,1123,N20,VIIRS,n,2,302.46,21.53,D,0
46.21521,28.72781,334.64,0.41,0.45,2021-08-20,1123,N20,VIIRS,n,2,288.48,21.87,D,0
47.95722,27.97419,327.13,0.4,0.44,2021-08-20,1124,N20,VIIRS,n,2,296.15,3.13,D,0
47.81922,29.15946,327.39,0.45,0.47,2021-08-20,1124,N20,VIIRS,n,2,293.11,5.14,D,0
47.78499,29.01868,298.62,0.38,0.43,2021-08-20,2338,N20,VIIRS,n,2,287.09,1.09,N,2
47.79075,28.95698,309.39,0.38,0.44,2021-08-20,2338,N20,VIIRS,n,2,287.7,1.87,N,2
47.79341,28.95363,298.36,0.54,0.68,2021-08-21,0118,N20,VIIRS,n,2,284.14,0.96,N,2
47.78581,29.01499,297.25,0.55,0.68,2021-08-21,0118,N20,VIIRS,n,2,285.08,0.89,N,2
47.79249,28.95408,306.89,0.54,0.68,2021-08-21,0118,N20,VIIRS,n,2,285.18,1.34,N,2
46.48142,29.65462,330.53,0.44,0.39,2021-08-21,1104,N20,VIIRS,l,2,302.75,4.01,D,0
46.46598,29.64663,337.66,0.44,0.39,2021-08-21,1104,N20,VIIRS,n,2,304.88,6.79,D,0
48.06398,27.556,335.16,0.41,0.37,2021-08-21,1105,N20,VIIRS,n,2,301.01,3.42,D,0
48.40764,27.66504,340.87,0.41,0.37,2021-08-21,1105,N20,VIIRS,n,2,299.31,6.48,D,0
48.29068,27.73539,330.04,0.41,0.37,2021-08-21,1105,N20,VIIRS,n,2,294.52,2.85,D,0
48.12167,27.95122,332.9,0.41,0.37,2021-08-21,1105,N20,VIIRS,n,2,301.33,5.43,D,0
48.12236,27.95675,333,0.41,0.37,2021-08-21,1105,N20,VIIRS,n,2,299.73,5.27,D,0
48.12273,27.9532,347.17,0.41,0.37,2021-08-21,1105,N20,VIIRS,n,2,303.48,9,D,0
48.43194,27.74693,331.71,0.41,0.37,2021-08-21,1105,N20,VIIRS,n,2,299.31,3.28,D,0
47.78532,29.01686,301.94,0.63,0.54,2021-08-21,2319,N20,VIIRS,n,2,286.25,1.43,N,2
47.7883,28.95711,303.89,0.63,0.54,2021-08-21,2319,N20,VIIRS,n,2,286.89,2.33,N,2
47.78919,28.95577,303.39,0.34,0.56,2021-08-22,0059,N20,VIIRS,n,2,286.42,0.88,N,2
47.78773,29.01976,298,0.34,0.56,2021-08-22,0059,N20,VIIRS,n,2,285.04,0.42,N,2
47.79045,28.95138,304.27,0.34,0.56,2021-08-22,0059,N20,VIIRS,n,2,284.99,0.88,N,2
46.26801,28.93129,341.52,0.39,0.36,2021-08-22,1045,N20,VIIRS,n,2,306.51,5.29,D,0
46.26472,28.93242,346.21,0.39,0.36,2021-08-22,1045,N20,VIIRS,n,2,307.84,22.08,D,0
46.96404,29.55291,332.6,0.39,0.36,2021-08-22,1045,N20,VIIRS,n,2,300.07,3.6,D,0
46.1994,28.72373,342.85,0.4,0.37,2021-08-22,1045,N20,VIIRS,n,2,303.49,3.93,D,0
46.20269,28.72256,340.29,0.4,0.37,2021-08-22,1045,N20,VIIRS,n,2,303.22,3.93,D,0
46.96078,29.55401,335.32,0.39,0.36,2021-08-22,1045,N20,VIIRS,n,2,302.11,3.6,D,0
47.72836,28.55126,345.82,0.39,0.36,2021-08-22,1046,N20,VIIRS,n,2,302.93,3.29,D,0
47.13227,29.48966,336.32,0.39,0.36,2021-08-22,1046,N20,VIIRS,n,2,297.99,3.43,D,0
47.13554,29.48855,338.21,0.39,0.36,2021-08-22,1046,N20,VIIRS,n,2,299.98,5.38,D,0
47.64449,28.60543,344.3,0.39,0.36,2021-08-22,1046,N20,VIIRS,n,2,302.87,9.08,D,0
47.64776,28.60427,330.83,0.39,0.36,2021-08-22,1046,N20,VIIRS,n,2,296.98,9.08,D,0
47.78362,29.16279,331.54,0.39,0.36,2021-08-22,1046,N20,VIIRS,n,2,299.97,5.31,D,0
47.78688,29.16165,349.7,0.39,0.36,2021-08-22,1046,N20,VIIRS,n,2,304.17,5.31,D,0
47.79095,29.16556,367,0.39,0.36,2021-08-22,1046,N20,VIIRS,h,2,305.11,6.05,D,0
47.79175,29.17061,328.68,0.39,0.36,2021-08-22,1046,N20,VIIRS,n,2,302.38,6.05,D,0
47.78789,28.95544,330.01,0.39,0.36,2021-08-22,1046,N20,VIIRS,n,2,300.95,2.48,D,2
47.7251,28.55244,330.48,0.39,0.36,2021-08-22,1046,N20,VIIRS,n,2,297.87,3.29,D,0
47.8556,29.18343,343.57,0.39,0.36,2021-08-22,1046,N20,VIIRS,n,2,298.53,15.32,D,0
47.85479,29.17837,346.5,0.39,0.36,2021-08-22,1046,N20,VIIRS,n,2,307.77,15.32,D,0
47.85297,28.66028,327.89,0.39,0.36,2021-08-22,1046,N20,VIIRS,n,2,296.33,1.61,D,0
47.85623,28.6591,328.35,0.39,0.36,2021-08-22,1046,N20,VIIRS,n,2,294.45,1.61,D,0
48.05865,27.93661,335.89,0.4,0.37,2021-08-22,1046,N20,VIIRS,n,2,301.5,2.4,D,0
48.0998,28.07582,346.52,0.39,0.36,2021-08-22,1046,N20,VIIRS,n,2,301.81,8.55,D,0
47.79091,28.95382,307.75,0.53,0.67,2021-08-22,2300,N20,VIIRS,n,2,285.06,1.8,N,2
47.78655,29.01288,299.31,0.53,0.67,2021-08-22,2300,N20,VIIRS,n,2,283.8,1.18,N,0
47.78433,29.01073,296.84,0.53,0.67,2021-08-22,2300,N20,VIIRS,n,2,283.6,0.86,N,0
47.79341,28.95598,299.62,0.53,0.67,2021-08-22,2300,N20,VIIRS,n,2,283.79,1.21,N,2
47.78639,29.01674,300.91,0.43,0.46,2021-08-23,0041,N20,VIIRS,n,2,285.29,0.64,N,2
47.78743,28.95619,297.47,0.43,0.46,2021-08-23,0041,N20,VIIRS,n,2,284.97,1.64,N,0
47.70652,27.60968,330.91,0.56,0.43,2021-08-23,1027,N20,VIIRS,n,2,295.81,4.49,D,0
46.80207,29.59392,345.13,0.49,0.4,2021-08-23,1027,N20,VIIRS,n,2,299.68,18.95,D,0
47.10949,29.47721,330.68,0.49,0.4,2021-08-23,1027,N20,VIIRS,l,2,303.01,8.3,D,0
47.70713,27.61094,333.34,0.56,0.43,2021-08-23,1027,N20,VIIRS,n,2,296.38,3.78,D,0
48.28687,27.72024,351.86,0.63,0.72,2021-08-23,1208,N20,VIIRS,n,2,288.17,39.5,D,0
46.79976,29.60878,367,0.77,0.77,2021-08-23,1208,N20,VIIRS,h,2,291,12.25,D,0
46.79996,29.59838,338.86,0.77,0.77,2021-08-23,1208,N20,VIIRS,n,2,290.22,12.25,D,0
47.39828,28.68933,367,0.7,0.75,2021-08-23,1208,N20,VIIRS,h,2,292.95,19.81,D,0
47.39691,28.69784,330.65,0.7,0.75,2021-08-23,1208,N20,VIIRS,n,2,290.91,11.64,D,0
47.39706,28.68764,349.46,0.7,0.75,2021-08-23,1208,N20,VIIRS,n,2,292.34,15.84,D,0
48.28681,27.72921,367,0.63,0.72,2021-08-23,1208,N20,VIIRS,h,2,290.15,57.55,D,0
48.28945,27.72003,347.27,0.63,0.72,2021-08-23,1208,N20,VIIRS,n,2,287.27,36.92,D,0
48.28935,27.72899,356.1,0.63,0.72,2021-08-23,1208,N20,VIIRS,l,2,280.47,36.92,D,0
47.78942,28.95146,298.2,0.43,0.38,2021-08-24,0022,N20,VIIRS,n,2,285.26,1.03,N,2
47.78833,28.95716,308.03,0.43,0.38,2021-08-24,0022,N20,VIIRS,n,2,287.79,1.37,N,2
46.00527,28.89746,300.83,0.46,0.39,2021-08-24,0022,N20,VIIRS,n,2,285.45,0.86,N,0
46.00413,28.90324,306.27,0.46,0.39,2021-08-24,0022,N20,VIIRS,n,2,284.67,0.86,N,0
46.00064,28.90184,330.54,0.46,0.39,2021-08-24,0022,N20,VIIRS,n,2,285.73,3.53,N,0
47.79034,28.95241,314.34,0.43,0.38,2021-08-24,0022,N20,VIIRS,n,2,286.64,2.17,N,2
45.9995,28.90763,316.56,0.46,0.39,2021-08-24,0022,N20,VIIRS,n,2,285.04,2.07,N,0
47.12844,29.53415,339.38,0.5,0.49,2021-08-24,1008,N20,VIIRS,n,2,301.19,10,D,0
46.01268,28.86699,336.78,0.58,0.52,2021-08-24,1008,N20,VIIRS,n,2,299.94,4.35,D,0
46.0172,28.86455,335.71,0.58,0.52,2021-08-24,1008,N20,VIIRS,n,2,297.85,3.02,D,0
47.55605,29.12443,330.52,0.51,0.49,2021-08-24,1008,N20,VIIRS,n,2,297.24,5.38,D,0
47.55014,29.12043,339.35,0.51,0.5,2021-08-24,1008,N20,VIIRS,n,2,295.74,9.72,D,0
47.54586,29.1228,335.36,0.51,0.5,2021-08-24,1008,N20,VIIRS,n,2,299.2,9.72,D,0
46.67321,29.64636,331.09,0.46,0.63,2021-08-24,1148,N20,VIIRS,n,2,296.1,6.05,D,0
47.94067,29.06124,338.4,0.44,0.62,2021-08-24,1149,N20,VIIRS,n,2,289.92,4.26,D,0
47.94094,29.06068,337.08,0.44,0.62,2021-08-24,1149,N20,VIIRS,n,2,289.86,4.44,D,0
47.55386,29.12246,346.16,0.44,0.62,2021-08-24,1149,N20,VIIRS,n,2,294.91,10.01,D,0
47.54807,29.12266,338.88,0.44,0.62,2021-08-24,1149,N20,VIIRS,n,2,296.88,10.01,D,0
47.55364,29.12331,349.37,0.44,0.62,2021-08-24,1149,N20,VIIRS,n,2,295.1,8.22,D,0
47.54786,29.12347,345.46,0.44,0.62,2021-08-24,1149,N20,VIIRS,n,2,297.7,8.22,D,0
47.07246,29.37033,334.33,0.45,0.63,2021-08-24,1149,N20,VIIRS,n,2,297.67,3.87,D,0
47.0726,29.37629,335.54,0.45,0.63,2021-08-24,1149,N20,VIIRS,n,2,296.66,3.87,D,0
46.84312,29.49079,355.54,0.45,0.63,2021-08-24,1149,N20,VIIRS,n,2,297.92,13.74,D,0
46.83725,29.49094,353.24,0.45,0.63,2021-08-24,1149,N20,VIIRS,n,2,298.56,13.74,D,0
46.83738,29.49714,347.31,0.45,0.63,2021-08-24,1149,N20,VIIRS,n,2,293.15,13.74,D,0
46.55251,29.85542,300.09,0.38,0.36,2021-08-25,0003,N20,VIIRS,n,2,287.78,0.31,N,0
47.03921,29.49525,356.32,0.41,0.61,2021-08-25,0949,N20,VIIRS,l,2,286.48,21.38,D,0
47.03619,29.48519,340.79,0.41,0.61,2021-08-25,0949,N20,VIIRS,n,2,286.62,20.24,D,0
47.0377,29.49021,367,0.41,0.61,2021-08-25,0949,N20,VIIRS,h,2,291.51,21.38,D,0
46.81905,29.61716,336.76,0.41,0.61,2021-08-25,0949,N20,VIIRS,n,2,290.21,4.55,D,0
46.61787,29.80165,344.39,0.41,0.61,2021-08-25,0949,N20,VIIRS,n,2,294.16,5.22,D,0
46.13892,28.38465,328.86,0.49,0.65,2021-08-25,0949,N20,VIIRS,n,2,290.21,4.6,D,0
46.55648,29.86048,331.88,0.41,0.61,2021-08-25,0949,N20,VIIRS,n,2,293.55,4.2,D,0
46.61229,29.80073,340.5,0.55,0.51,2021-08-25,1129,N20,VIIRS,n,2,295.54,12.73,D,0
46.14466,28.37645,332.86,0.47,0.48,2021-08-25,1129,N20,VIIRS,n,2,294.49,4.83,D,0
46.55395,29.85924,338.66,0.55,0.51,2021-08-25,1129,N20,VIIRS,n,2,295.94,6.47,D,0
46.61655,29.79289,349.79,0.55,0.51,2021-08-25,1129,N20,VIIRS,n,2,296.89,18.17,D,0
46.61331,29.79891,347.76,0.55,0.51,2021-08-25,1130,N20,VIIRS,n,2,295.75,13.76,D,0
46.61761,29.79104,342.44,0.55,0.51,2021-08-25,1130,N20,VIIRS,n,2,296.49,13.76,D,0
47.78564,29.01728,296.73,0.53,0.5,2021-08-26,2325,N20,VIIRS,n,2,283.93,0.79,N,2
47.79057,28.95386,301.19,0.4,0.6,2021-08-27,0106,N20,VIIRS,n,2,282.58,0.8,N,2
47.79091,28.95564,299.77,0.4,0.6,2021-08-27,0106,N20,VIIRS,n,2,283.24,0.89,N,2
46.19477,28.56214,333.87,0.38,0.36,2021-08-27,1052,N20,VIIRS,n,2,291.43,4.77,D,0
46.18748,28.55935,338.65,0.38,0.36,2021-08-27,1052,N20,VIIRS,n,2,298.18,5.07,D,0
45.93792,28.56166,333.58,0.38,0.36,2021-08-27,1052,N20,VIIRS,n,2,299.29,3.14,D,0
46.45473,29.48414,340.27,0.39,0.36,2021-08-27,1052,N20,VIIRS,n,2,305.99,4.11,D,0
46.19151,28.5632,356.07,0.38,0.36,2021-08-27,1052,N20,VIIRS,n,2,302.6,4.77,D,0
46.62384,29.82452,338.08,0.43,0.38,2021-08-28,1033,N20,VIIRS,n,2,301.88,8,D,0
47.02581,29.54519,297.95,0.53,0.42,2021-08-29,0028,N20,VIIRS,n,2,286.99,0.78,N,0
46.23852,28.90918,355.84,0.5,0.66,2021-08-29,1155,N20,VIIRS,n,2,294.12,9.46,D,0
47.21823,29.46215,335.7,0.54,0.68,2021-08-29,1155,N20,VIIRS,n,2,290.41,6.18,D,0
47.21194,29.46153,346.52,0.54,0.68,2021-08-29,1155,N20,VIIRS,n,2,291.19,6.18,D,0
47.21494,29.46053,355.35,0.54,0.68,2021-08-29,1155,N20,VIIRS,n,2,291.91,8.79,D,0
47.79083,29.01529,298.57,0.39,0.36,2021-08-30,0009,N20,VIIRS,n,2,288.07,0.17,N,2
47.78676,29.01916,305.81,0.39,0.36,2021-08-30,0009,N20,VIIRS,n,2,289.34,0.77,N,2
46.62823,29.69548,342.8,0.35,0.57,2021-08-30,0955,N20,VIIRS,n,2,292.04,4.84,D,0
46.46156,29.65841,335.86,0.36,0.57,2021-08-30,0955,N20,VIIRS,n,2,295.61,4.25,D,0
46.62704,29.69567,346.86,0.35,0.57,2021-08-30,0955,N20,VIIRS,n,2,292.9,3.97,D,0
46.49617,28.5844,330.6,0.4,0.6,2021-08-30,0955,N20,VIIRS,n,2,285.31,3.38,D,0
46.56737,29.85761,332.59,0.33,0.55,2021-08-30,1136,N20,VIIRS,n,2,288.37,2.68,D,0
46.56955,29.85569,354.49,0.33,0.55,2021-08-30,1136,N20,VIIRS,n,2,290.38,4.54,D,0
47.06825,29.25856,327.4,0.62,0.54,2021-08-30,1136,N20,VIIRS,n,2,291.8,7.52,D,0
47.06866,29.26699,339.69,0.62,0.54,2021-08-30,1136,N20,VIIRS,n,2,292.73,9.43,D,0
47.06824,29.2594,332.42,0.62,0.54,2021-08-30,1136,N20,VIIRS,n,2,292.08,5.75,D,0
47.0687,29.26782,336.72,0.62,0.54,2021-08-30,1136,N20,VIIRS,n,2,292.33,5.75,D,0
46.57249,29.85719,338.9,0.33,0.55,2021-08-30,1136,N20,VIIRS,n,2,288.52,2.68,D,0
47.78674,29.01624,298.94,0.44,0.39,2021-08-30,2351,N20,VIIRS,n,2,287.15,0.78,N,2
46.43711,29.36308,327.64,0.6,0.7,2021-08-31,0937,N20,VIIRS,l,2,299.64,5.43,D,0
46.0638,28.43321,327.57,0.68,0.74,2021-08-31,0937,N20,VIIRS,n,2,296.27,4.08,D,0
46.43951,29.36601,331.67,0.6,0.7,2021-08-31,0937,N20,VIIRS,n,2,296.05,4.78,D,0
46.88921,29.66583,333.88,0.56,0.69,2021-08-31,0937,N20,VIIRS,n,2,298.79,3.12,D,0
46.89145,29.67244,327.99,0.56,0.69,2021-08-31,0937,N20,VIIRS,n,2,299.1,3.12,D,0
46.64197,29.68709,336.44,0.57,0.69,2021-08-31,0937,N20,VIIRS,n,2,300.9,7.83,D,0
46.07101,28.81671,335.28,0.53,0.42,2021-08-31,1117,N20,VIIRS,n,2,304.99,3.32,D,0
47.02509,29.548,332.1,0.39,0.44,2021-08-31,1117,N20,VIIRS,n,2,303.4,2.01,D,0
47.01969,29.53353,339.71,0.39,0.44,2021-08-31,1117,N20,VIIRS,n,2,305.02,4.08,D,0
47.01923,29.52846,337.84,0.39,0.44,2021-08-31,1117,N20,VIIRS,l,2,308,5.99,D,0
47.02061,29.54369,331.8,0.39,0.44,2021-08-31,1117,N20,VIIRS,l,2,303.44,2.01,D,0
47.02015,29.53861,341.6,0.39,0.44,2021-08-31,1117,N20,VIIRS,n,2,302.36,4.08,D,0
46.06704,28.43087,331.88,0.51,0.41,2021-08-31,1117,N20,VIIRS,l,2,304.6,2.5,D,0
46.0708,28.43,332.96,0.51,0.41,2021-08-31,1117,N20,VIIRS,n,2,301.97,4.1,D,0
46.07836,28.4284,330.08,0.51,0.41,2021-08-31,1117,N20,VIIRS,l,2,303.66,2.06,D,0
46.20105,28.38829,339.77,0.51,0.41,2021-08-31,1117,N20,VIIRS,n,2,300.36,6.16,D,0
46.43699,29.36529,346.78,0.56,0.43,2021-08-31,1117,N20,VIIRS,n,2,307.95,6.8,D,0
46.20018,28.38719,341.67,0.51,0.41,2021-08-31,1117,N20,VIIRS,n,2,301,6.37,D,0
46.44026,29.35717,332.59,0.56,0.43,2021-08-31,1117,N20,VIIRS,l,2,307.49,6.8,D,0
46.50514,28.5906,346.46,0.53,0.42,2021-08-31,1117,N20,VIIRS,n,2,305.98,10.23,D,0
46.06326,28.4317,331.46,0.51,0.41,2021-08-31,1117,N20,VIIRS,l,2,304.28,2.5,D,0
46.88841,29.67247,342.65,0.39,0.44,2021-08-31,1117,N20,VIIRS,n,2,303.02,3.94,D,0
46.89291,29.67692,336.38,0.39,0.44,2021-08-31,1117,N20,VIIRS,n,2,303.17,2.62,D,0
46.89244,29.67172,334.19,0.39,0.44,2021-08-31,1117,N20,VIIRS,l,2,305.37,2.62,D,0
46.7498,29.64718,297.07,0.41,0.45,2021-08-31,2332,N20,VIIRS,n,2,282.6,0.36,N,0
47.78791,29.01476,296.14,0.45,0.47,2021-08-31,2332,N20,VIIRS,n,2,284.19,0.89,N,2
46.75206,29.62462,339.33,0.41,0.37,2021-09-01,1058,N20,VIIRS,n,2,299.85,3.21,D,0
46.75137,29.61934,330.77,0.41,0.37,2021-09-01,1058,N20,VIIRS,n,2,298.59,4.53,D,0
47.24118,29.42918,332.97,0.41,0.37,2021-09-01,1058,N20,VIIRS,n,2,299.93,4.03,D,0
46.43416,29.36853,346.18,0.4,0.37,2021-09-01,1058,N20,VIIRS,n,2,307.75,7.99,D,0
46.43751,29.36759,344.76,0.4,0.37,2021-09-01,1058,N20,VIIRS,n,2,306.2,7.99,D,0
46.42193,28.53791,343.03,0.43,0.38,2021-09-02,1039,N20,VIIRS,n,2,293.54,5.88,D,0
45.99144,28.56649,349.86,0.43,0.38,2021-09-02,1039,N20,VIIRS,n,2,299.11,7.32,D,0
46.15244,28.8381,328.73,0.42,0.38,2021-09-02,1039,N20,VIIRS,n,2,292.69,2.27,D,0
47.78758,29.01542,300.05,0.56,0.43,2021-09-03,0034,N20,VIIRS,n,2,281.54,1.21,N,2
46.63071,29.82306,343.58,0.56,0.43,2021-09-03,1020,N20,VIIRS,n,2,296.5,12.63,D,0
46.69151,29.81655,345.15,0.56,0.43,2021-09-03,1020,N20,VIIRS,n,2,296.69,9.71,D,0
46.77594,29.39101,327.36,0.38,0.43,2021-09-03,1020,N20,VIIRS,n,2,294.54,1.89,D,0
46.68872,28.28954,329.18,0.43,0.46,2021-09-03,1020,N20,VIIRS,n,2,290.77,4.36,D,0
46.15202,28.83644,332.28,0.42,0.45,2021-09-03,1020,N20,VIIRS,n,2,302.05,4.79,D,0
46.1572,28.83986,349.21,0.42,0.45,2021-09-03,1020,N20,VIIRS,n,2,300.37,6.67,D,0
46.14417,28.58974,355.13,0.43,0.46,2021-09-03,1020,N20,VIIRS,n,2,299.48,7.8,D,0
46.14069,28.58918,340.99,0.43,0.46,2021-09-03,1020,N20,VIIRS,n,2,297.43,4.75,D,0
46.14472,28.58731,330.06,0.43,0.46,2021-09-03,1020,N20,VIIRS,n,2,296.27,4.75,D,0
46.61937,29.82826,331.54,0.56,0.43,2021-09-03,1020,N20,VIIRS,l,2,302.4,21.04,D,0
46.62315,29.82652,351.32,0.56,0.43,2021-09-03,1020,N20,VIIRS,n,2,301.33,21.04,D,0
46.62693,29.82479,339.66,0.56,0.43,2021-09-03,1020,N20,VIIRS,n,2,302.81,12.63,D,0
48.10757,27.77609,330.33,0.42,0.45,2021-09-03,1021,N20,VIIRS,n,2,292.11,2.23,D,0
46.13695,28.59133,352.63,0.58,0.69,2021-09-03,1201,N20,VIIRS,n,2,296.14,9.05,D,0
45.74548,28.35656,301.5,0.41,0.37,2021-09-04,0016,N20,VIIRS,n,2,281.39,0.65,N,0
45.75113,28.35891,353.26,0.37,0.58,2021-09-04,1001,N20,VIIRS,n,2,303.14,18.18,D,0
45.74702,28.3632,367,0.37,0.58,2021-09-04,1001,N20,VIIRS,h,2,293.34,9.78,D,0
45.74578,28.3588,350.01,0.37,0.58,2021-09-04,1001,N20,VIIRS,n,2,294.56,9.78,D,0
45.75074,28.35593,333.54,0.37,0.58,2021-09-04,1001,N20,VIIRS,n,2,294.46,9.78,D,0
45.74614,28.36171,338.7,0.37,0.58,2021-09-04,1001,N20,VIIRS,n,2,293.1,18.18,D,0
45.75201,28.36044,367,0.37,0.58,2021-09-04,1001,N20,VIIRS,h,2,296.69,9.78,D,0
46.16102,28.5505,337.35,0.35,0.57,2021-09-04,1002,N20,VIIRS,n,2,299.19,7.32,D,0
46.1946,28.71228,334.2,0.34,0.56,2021-09-04,1002,N20,VIIRS,n,2,299.69,3.09,D,0
46.16218,28.55468,367,0.35,0.57,2021-09-04,1002,N20,VIIRS,h,2,300.34,8.27,D,0
46.16342,28.55916,348.66,0.35,0.57,2021-09-04,1002,N20,VIIRS,n,2,298.32,8.27,D,0
46.19104,28.71049,332.26,0.34,0.56,2021-09-04,1002,N20,VIIRS,n,2,300.23,4.85,D,0
46.16034,28.56239,337.86,0.35,0.57,2021-09-04,1002,N20,VIIRS,n,2,296.57,4.83,D,0
46.1591,28.558,343.3,0.35,0.57,2021-09-04,1002,N20,VIIRS,n,2,297.2,4.83,D,0
46.16395,28.55515,367,0.35,0.57,2021-09-04,1002,N20,VIIRS,h,2,297.92,4.83,D,0
46.16275,28.55093,352.84,0.35,0.57,2021-09-04,1002,N20,VIIRS,n,2,299.26,10.65,D,0
46.16764,28.54819,328.71,0.35,0.57,2021-09-04,1002,N20,VIIRS,n,2,297.98,1.68,D,0
46.16941,28.55997,352.73,0.34,0.56,2021-09-04,1142,N20,VIIRS,n,2,293.44,6.32,D,0
45.64307,28.23725,367,0.32,0.55,2021-09-04,1142,N20,VIIRS,h,2,300.37,7.45,D,0
45.64286,28.23305,330.83,0.32,0.55,2021-09-04,1142,N20,VIIRS,n,2,299.6,4.49,D,0
46.15907,28.56105,330.09,0.34,0.56,2021-09-04,1142,N20,VIIRS,n,2,293.05,3.58,D,0
47.2746,29.56419,303.28,0.39,0.37,2021-09-04,2357,N20,VIIRS,n,2,275.21,1.6,N,0
47.27129,29.56319,320.17,0.39,0.37,2021-09-04,2357,N20,VIIRS,n,2,274.69,1.6,N,0
47.27386,29.56935,318.48,0.39,0.37,2021-09-04,2357,N20,VIIRS,n,2,276.43,2.01,N,0
47.27055,29.56835,304.56,0.39,0.37,2021-09-04,2357,N20,VIIRS,n,2,275.01,2.01,N,0
47.27305,29.56456,326.26,0.47,0.64,2021-09-05,0943,N20,VIIRS,n,2,289.78,2.3,D,0
47.20387,29.48724,327.2,0.48,0.64,2021-09-05,0943,N20,VIIRS,n,2,296.76,4.29,D,0
47.20206,29.48149,339.22,0.48,0.64,2021-09-05,0943,N20,VIIRS,n,2,295.7,4.29,D,0
47.20214,29.48663,331.94,0.48,0.64,2021-09-05,0943,N20,VIIRS,n,2,297.2,4.76,D,0
47.20026,29.4808,340.28,0.48,0.64,2021-09-05,0943,N20,VIIRS,n,2,295.91,7.25,D,0
47.19961,29.41711,367,0.48,0.65,2021-09-05,0943,N20,VIIRS,h,2,295.22,8.35,D,0
47.2006,29.47866,342.92,0.46,0.47,2021-09-05,1123,N20,VIIRS,n,2,304.48,8.45,D,0
47.68571,28.60425,338.96,0.42,0.45,2021-09-05,1123,N20,VIIRS,n,2,295.89,5.13,D,0
46.14557,28.75183,343.7,0.41,0.45,2021-09-05,1123,N20,VIIRS,n,2,293.95,4.02,D,0
47.68945,28.59818,338.92,0.42,0.45,2021-09-05,1123,N20,VIIRS,n,2,298.47,5.13,D,0
47.6899,28.60358,327.05,0.42,0.45,2021-09-05,1123,N20,VIIRS,n,2,295.86,5.13,D,0
47.68526,28.59878,330.1,0.42,0.45,2021-09-05,1123,N20,VIIRS,n,2,293.07,5.13,D,0
46.1497,28.75108,329.25,0.41,0.45,2021-09-05,1123,N20,VIIRS,n,2,293.6,4.02,D,0
46.55165,28.87221,335.06,0.42,0.45,2021-09-05,1123,N20,VIIRS,n,2,295.45,1.98,D,0
47.20538,29.48397,330.86,0.46,0.47,2021-09-05,1123,N20,VIIRS,l,2,304.64,4.37,D,0
46.4305,29.38012,338.14,0.43,0.38,2021-09-06,1104,N20,VIIRS,n,2,308.1,5.02,D,0
46.40446,29.22525,331.85,0.43,0.38,2021-09-06,1104,N20,VIIRS,n,2,298.84,1.78,D,0
46.62392,29.70665,331.97,0.45,0.39,2021-09-06,1104,N20,VIIRS,n,2,300.16,1.77,D,0
47.27648,29.27991,329.4,0.44,0.38,2021-09-06,1104,N20,VIIRS,n,2,298.08,2.73,D,0
47.32101,29.50292,344.49,0.45,0.39,2021-09-06,1104,N20,VIIRS,n,2,300.1,10.26,D,0
47.27246,28.45167,326.37,0.42,0.38,2021-09-06,1104,N20,VIIRS,n,2,293.3,2.72,D,0
47.27295,28.94763,330.2,0.43,0.38,2021-09-06,1104,N20,VIIRS,n,2,299.44,4.16,D,0
47.27178,28.9442,330.05,0.43,0.38,2021-09-06,1104,N20,VIIRS,n,2,298.92,3.54,D,0
47.32454,29.50201,344.88,0.45,0.39,2021-09-06,1104,N20,VIIRS,n,2,298.26,10.26,D,0
47.32523,29.50789,352.25,0.45,0.39,2021-09-06,1104,N20,VIIRS,n,2,301.19,10.33,D,0
47.7846,29.01402,295.09,0.63,0.54,2021-09-06,2319,N20,VIIRS,n,2,278.71,1.06,N,2
47.78753,29.01715,301.84,0.34,0.56,2021-09-07,0059,N20,VIIRS,n,2,279.1,0.82,N,2
47.02383,29.55203,330.12,0.39,0.36,2021-09-07,1045,N20,VIIRS,n,2,303.82,1.17,D,0
46.78994,29.48433,338,0.39,0.36,2021-09-07,1045,N20,VIIRS,n,2,299.7,2.2,D,0
46.59186,28.65673,337.81,0.39,0.37,2021-09-07,1045,N20,VIIRS,n,2,300.19,3.83,D,0
46.58858,28.6579,338.27,0.39,0.37,2021-09-07,1045,N20,VIIRS,n,2,300.74,5.02,D,0
46.34869,28.62458,341.12,0.4,0.37,2021-09-07,1045,N20,VIIRS,n,2,301.81,3.06,D,0
46.34297,28.63197,340.13,0.4,0.37,2021-09-07,1045,N20,VIIRS,n,2,304.56,7.49,D,0
46.43302,29.37877,348.22,0.39,0.36,2021-09-07,1045,N20,VIIRS,n,2,309.67,10.61,D,0
46.43464,29.38868,342.34,0.39,0.36,2021-09-07,1045,N20,VIIRS,n,2,302.51,7.23,D,0
46.43383,29.38372,367,0.39,0.36,2021-09-07,1045,N20,VIIRS,h,2,308.23,7.23,D,0
47.26762,29.55354,332.07,0.39,0.36,2021-09-07,1046,N20,VIIRS,n,2,300.99,2.84,D,0
47.22963,29.4873,332.35,0.39,0.36,2021-09-07,1046,N20,VIIRS,n,2,300.65,3.49,D,0
47.16174,28.28357,329.03,0.4,0.37,2021-09-07,1046,N20,VIIRS,n,2,293.47,3.31,D,0
47.31827,29.48332,330.71,0.39,0.36,2021-09-07,1046,N20,VIIRS,l,2,301.37,4.14,D,0
47.31906,29.48832,334.41,0.39,0.36,2021-09-07,1046,N20,VIIRS,n,2,303.03,2.78,D,0
47.31501,29.48444,333.61,0.39,0.36,2021-09-07,1046,N20,VIIRS,n,2,300.89,3.09,D,0
47.31255,29.49058,331.37,0.39,0.36,2021-09-07,1046,N20,VIIRS,l,2,302.87,5.55,D,0
47.78617,29.01062,299.9,0.53,0.67,2021-09-07,2300,N20,VIIRS,n,2,279.45,1.35,N,0
47.78819,29.01048,297.24,0.53,0.67,2021-09-07,2300,N20,VIIRS,n,2,279.65,1.05,N,0
47.7833,29.01822,297.65,0.43,0.46,2021-09-08,0041,N20,VIIRS,n,2,280.63,1.45,N,0
46.37183,29.90179,333.71,0.49,0.4,2021-09-08,1026,N20,VIIRS,n,2,307.52,5.98,D,0
46.37307,29.90793,335.81,0.49,0.4,2021-09-08,1026,N20,VIIRS,n,2,310.11,12.34,D,0
46.37541,29.90029,337.77,0.49,0.4,2021-09-08,1026,N20,VIIRS,n,2,307.91,5.98,D,0
45.78938,28.18858,350.82,0.39,0.44,2021-09-08,1026,N20,VIIRS,n,2,301.48,5.1,D,0
45.63197,28.45413,333.07,0.57,0.43,2021-09-08,1026,N20,VIIRS,n,2,301.73,2.73,D,0
46.08316,28.87417,348.73,0.54,0.42,2021-09-08,1026,N20,VIIRS,n,2,310.29,18.45,D,0
46.69382,29.80079,342.42,0.49,0.4,2021-09-08,1027,N20,VIIRS,n,2,308.61,6.13,D,0
46.68724,29.72985,333.11,0.49,0.4,2021-09-08,1027,N20,VIIRS,n,2,301.36,21.05,D,0
46.69082,29.72831,342.79,0.49,0.4,2021-09-08,1027,N20,VIIRS,n,2,306.12,21.05,D,0
47.94544,29.08437,330.43,0.49,0.4,2021-09-08,1027,N20,VIIRS,l,2,301.12,4.26,D,0
47.94902,29.08278,327.38,0.49,0.4,2021-09-08,1027,N20,VIIRS,l,2,300.65,4.26,D,0
47.95127,29.07479,333.2,0.49,0.4,2021-09-08,1027,N20,VIIRS,n,2,297.31,7.45,D,0
47.85023,28.0086,335.5,0.54,0.42,2021-09-08,1027,N20,VIIRS,n,2,299.21,6.29,D,0
46.69075,29.73097,326.12,0.78,0.78,2021-09-08,1207,N20,VIIRS,l,2,298.79,6.47,D,0
47.84858,28.01178,327.03,0.65,0.73,2021-09-08,1208,N20,VIIRS,n,2,293.88,3.22,D,0
47.20863,29.51258,332.27,0.76,0.77,2021-09-08,1208,N20,VIIRS,n,2,299.69,4.5,D,0
47.78705,29.01558,305.48,0.44,0.38,2021-09-09,0022,N20,VIIRS,n,2,282.35,1.45,N,2
46.90646,29.5209,303.32,0.46,0.39,2021-09-09,0022,N20,VIIRS,n,2,277.68,1.06,N,0
47.67927,28.55324,329.56,0.54,0.51,2021-09-09,1008,N20,VIIRS,n,2,297.39,6.52,D,0
46.82745,29.78581,336.03,0.5,0.49,2021-09-09,1008,N20,VIIRS,n,2,302.12,2.53,D,0
48.28555,27.69826,331.22,0.56,0.52,2021-09-09,1008,N20,VIIRS,n,2,297.84,3.03,D,0
46.3746,29.90917,334.13,0.51,0.49,2021-09-09,1008,N20,VIIRS,l,2,306.77,6.11,D,0
48.28415,27.70036,331.71,0.56,0.52,2021-09-09,1008,N20,VIIRS,n,2,298.3,3.33,D,0
47.17339,29.2733,348.3,0.52,0.5,2021-09-09,1008,N20,VIIRS,n,2,303.23,10.86,D,0
46.3822,29.925,335.72,0.47,0.64,2021-09-09,1148,N20,VIIRS,n,2,302.34,4.49,D,0
46.38803,29.91849,345.06,0.47,0.64,2021-09-09,1148,N20,VIIRS,n,2,299.29,3.92,D,0
46.53617,28.66898,335.23,0.41,0.61,2021-09-09,1148,N20,VIIRS,n,2,301.69,3.44,D,0
47.78492,29.01645,301.03,0.39,0.36,2021-09-10,0003,N20,VIIRS,n,2,282.56,0.86,N,2
46.37527,29.91636,350.47,0.41,0.61,2021-09-10,0949,N20,VIIRS,n,2,300.01,7.35,D,0
47.41966,28.90219,336.16,0.43,0.62,2021-09-10,0949,N20,VIIRS,n,2,297.21,4.04,D,0
46.27071,28.91489,354.54,0.46,0.64,2021-09-10,0949,N20,VIIRS,n,2,297.44,7.32,D,0
46.27229,28.91997,348.37,0.46,0.64,2021-09-10,0949,N20,VIIRS,n,2,295.46,7.32,D,0
46.26535,28.9184,329.01,0.46,0.64,2021-09-10,0949,N20,VIIRS,n,2,296.38,7.32,D,0
46.26696,28.92358,367,0.46,0.64,2021-09-10,0949,N20,VIIRS,h,2,296.6,7.32,D,0
46.26984,28.91621,346.94,0.5,0.49,2021-09-10,1129,N20,VIIRS,n,2,302.51,6.07,D,0
46.68861,29.11097,345.88,0.51,0.49,2021-09-10,1129,N20,VIIRS,n,2,298.48,10.6,D,0
46.26871,28.91976,335.21,0.5,0.49,2021-09-10,1129,N20,VIIRS,n,2,302.71,2.4,D,0
48.04736,28.61656,332.19,0.5,0.49,2021-09-10,1130,N20,VIIRS,n,2,299.7,4.42,D,0
48.26756,26.92773,335.53,0.42,0.45,2021-09-10,1130,N20,VIIRS,n,2,300.2,4.47,D,0
48.04388,28.61695,329.19,0.5,0.49,2021-09-10,1130,N20,VIIRS,n,2,295.71,4.95,D,0
46.68839,29.10966,351.41,0.51,0.49,2021-09-10,1130,N20,VIIRS,n,2,298.1,8.23,D,0
48.04783,28.62338,330.84,0.5,0.49,2021-09-10,1130,N20,VIIRS,l,2,302.33,4.42,D,0
46.50593,28.59686,334.59,0.46,0.39,2021-09-11,1110,N20,VIIRS,n,2,280.36,3.46,D,0
46.50524,28.59084,328.72,0.46,0.39,2021-09-11,1110,N20,VIIRS,n,2,281.23,3.46,D,0
47.20797,29.239,341.23,0.49,0.4,2021-09-11,1111,N20,VIIRS,n,2,293.73,7.5,D,0
48.34544,26.90491,330.01,0.43,0.38,2021-09-11,1111,N20,VIIRS,n,2,283.53,3.7,D,0
46.92295,29.11467,333.42,0.48,0.4,2021-09-11,1111,N20,VIIRS,n,2,280.46,4.14,D,0
45.89069,28.28221,320.43,0.55,0.51,2021-09-11,2326,N20,VIIRS,n,2,284.38,3.19,N,0
45.89117,28.27492,307.81,0.55,0.51,2021-09-11,2326,N20,VIIRS,n,2,281.04,3.19,N,0
45.89164,28.26795,313.29,0.55,0.51,2021-09-11,2326,N20,VIIRS,n,2,281.44,2.2,N,0
45.88674,28.28281,304.34,0.43,0.62,2021-09-12,0106,N20,VIIRS,n,2,267.69,1.99,N,0
45.5909,28.43807,337.85,0.39,0.36,2021-09-12,1051,N20,VIIRS,n,2,303.65,7.35,D,0
47.20932,29.2415,343.78,0.39,0.36,2021-09-12,1052,N20,VIIRS,n,2,306.57,11.03,D,0
47.37236,29.18748,343.63,0.39,0.36,2021-09-12,1052,N20,VIIRS,n,2,299.78,6.27,D,0
47.3731,29.19252,345.27,0.39,0.36,2021-09-12,1052,N20,VIIRS,n,2,298,7.71,D,0
47.36983,29.19355,345.37,0.39,0.36,2021-09-12,1052,N20,VIIRS,n,2,297.04,9.52,D,0
47.21006,29.24654,333.55,0.39,0.36,2021-09-12,1052,N20,VIIRS,n,2,297.53,11.03,D,0
47.21259,29.24046,347.35,0.39,0.36,2021-09-12,1052,N20,VIIRS,n,2,302.19,11.03,D,0
47.78643,29.01234,296.84,0.44,0.63,2021-09-12,2306,N20,VIIRS,n,2,283.85,0.33,N,2
45.86974,28.64338,346.36,0.49,0.4,2021-09-13,1033,N20,VIIRS,n,2,302.78,6.01,D,0
46.38691,28.57873,335.31,0.48,0.4,2021-09-13,1033,N20,VIIRS,n,2,307.22,6.36,D,0
47.39327,28.73025,329.31,0.46,0.39,2021-09-13,1033,N20,VIIRS,l,2,300.09,3.08,D,0
47.79755,28.76345,332.9,0.45,0.39,2021-09-13,1033,N20,VIIRS,n,2,294.21,1.7,D,0
45.9698,28.77797,295.25,0.75,0.77,2021-09-13,2248,N20,VIIRS,n,2,284.09,1.07,N,0
45.96822,28.77967,317.38,0.52,0.41,2021-09-14,0029,N20,VIIRS,n,2,286.74,2.02,N,0
45.96754,28.78892,337.29,0.5,0.49,2021-09-14,1014,N20,VIIRS,n,2,299.3,2.56,D,0
48.32998,27.87885,337.06,0.38,0.58,2021-09-15,0956,N20,VIIRS,n,2,291.31,2.46,D,0
46.66393,29.86031,367,0.4,0.44,2021-09-16,1117,N20,VIIRS,h,2,304.99,9.67,D,0
47.0316,29.50768,339.61,0.39,0.44,2021-09-16,1117,N20,VIIRS,n,2,300.89,4.85,D,0
47.9656,27.31991,326.56,0.49,0.4,2021-09-16,1117,N20,VIIRS,l,2,297.2,1.97,D,0
47.96788,27.32075,332.08,0.49,0.4,2021-09-16,1117,N20,VIIRS,n,2,299.55,3.94,D,0
47.03561,29.50691,340.16,0.39,0.44,2021-09-16,1117,N20,VIIRS,n,2,300.42,4.85,D,0
46.66799,29.85956,349.58,0.4,0.44,2021-09-16,1117,N20,VIIRS,n,2,302.68,5.38,D,0
47.78684,29.0145,304.21,0.45,0.47,2021-09-16,2332,N20,VIIRS,n,2,285.69,1.56,N,2
46.7902,28.91743,316.52,0.44,0.46,2021-09-16,2332,N20,VIIRS,n,2,280.44,2,N,0
47.78743,29.0172,301.22,0.47,0.64,2021-09-17,0112,N20,VIIRS,n,2,282.81,1.1,N,2
46.78954,28.91602,296.95,0.5,0.66,2021-09-17,0112,N20,VIIRS,n,2,280.99,0.37,N,0
46.998,29.00333,300.89,0.62,0.72,2021-09-18,2254,N20,VIIRS,n,2,280.36,0.5,N,0
47.78483,29.01347,295.88,0.56,0.43,2021-09-19,0034,N20,VIIRS,n,2,282.05,1.01,N,2
46.34384,28.57776,333.87,0.58,0.7,2021-09-19,1201,N20,VIIRS,n,2,291.65,6.4,D,0
46.34374,28.57878,330.39,0.58,0.69,2021-09-19,1201,N20,VIIRS,n,2,291.16,4.97,D,0
47.39905,29.15354,356.16,0.37,0.58,2021-09-20,1142,N20,VIIRS,l,2,280.76,7.83,D,0
47.39888,29.14871,346.74,0.37,0.58,2021-09-20,1142,N20,VIIRS,n,2,286.98,7.83,D,0
47.39661,29.15245,367,0.37,0.58,2021-09-20,1142,N20,VIIRS,h,2,292.68,12.69,D,0
45.89225,28.42563,339.15,0.47,0.47,2021-09-26,1129,N20,VIIRS,n,2,293,3.52,D,0
47.78473,29.01388,301.37,0.5,0.41,2021-09-26,2344,N20,VIIRS,n,2,282.06,0.99,N,2
47.791,28.95381,297.56,0.5,0.41,2021-09-26,2344,N20,VIIRS,n,2,281.6,0.89,N,2
46.28615,28.3986,298.35,0.51,0.41,2021-09-26,2345,N20,VIIRS,n,2,283.86,0.71,N,0
47.22927,29.54251,329.74,0.64,0.72,2021-09-27,0931,N20,VIIRS,n,2,291.24,8.77,D,0
47.22235,29.51461,331.09,0.5,0.41,2021-09-27,1111,N20,VIIRS,n,2,294.7,5.14,D,0
47.22438,29.53452,345.95,0.51,0.41,2021-09-27,1111,N20,VIIRS,n,2,297.88,7.81,D,0
47.22506,29.54112,331.55,0.51,0.41,2021-09-27,1111,N20,VIIRS,n,2,297.39,4.28,D,0
47.88358,29.08193,346.71,0.49,0.41,2021-09-27,1111,N20,VIIRS,n,2,295.12,10.58,D,0
47.22611,29.51385,350.18,0.5,0.41,2021-09-27,1111,N20,VIIRS,n,2,301.74,28.88,D,0
47.22813,29.53369,338.24,0.51,0.41,2021-09-27,1111,N20,VIIRS,n,2,300.5,9.59,D,0
47.22303,29.52127,337.33,0.5,0.41,2021-09-27,1111,N20,VIIRS,n,2,294.6,5.14,D,0
47.78475,29.01347,296.64,0.4,0.6,2021-09-28,0106,N20,VIIRS,n,2,276.67,1.02,N,2
47.24533,29.54898,325.61,0.43,0.38,2021-09-29,1033,N20,VIIRS,n,2,290.47,1.72,D,0
47.78633,29.01898,303.12,0.49,0.4,2021-09-30,0028,N20,VIIRS,n,2,281.09,0.84,N,2
47.9672,28.53451,325.03,0.45,0.47,2021-09-30,1014,N20,VIIRS,n,2,290.17,2.18,D,0
47.24669,29.41106,354.35,0.43,0.46,2021-09-30,1014,N20,VIIRS,n,2,287.92,6.55,D,0
46.76643,29.39891,352.78,0.53,0.67,2021-09-30,1155,N20,VIIRS,n,2,289.55,13.71,D,0
46.77025,29.39961,328.63,0.53,0.67,2021-09-30,1155,N20,VIIRS,n,2,288.22,4.18,D,0
46.76652,29.40627,356.45,0.53,0.67,2021-09-30,1155,N20,VIIRS,l,2,284.45,13.71,D,0
47.78656,29.01557,302.45,0.39,0.36,2021-10-01,0009,N20,VIIRS,n,2,277.77,1.24,N,2
45.93743,28.72468,325.99,0.41,0.61,2021-10-01,0955,N20,VIIRS,n,2,294.22,1.55,D,0
46.03912,28.67731,367,0.41,0.61,2021-10-01,0955,N20,VIIRS,h,2,294.19,11.59,D,0
46.95918,29.33811,335.61,0.36,0.57,2021-10-01,0955,N20,VIIRS,n,2,292.16,2.69,D,0
48.24466,27.08227,340.62,0.41,0.61,2021-10-01,0956,N20,VIIRS,n,2,291.88,5.47,D,0
46.60596,29.83365,367,0.33,0.55,2021-10-01,1136,N20,VIIRS,h,2,300.53,26.11,D,0
47.08263,27.93824,329.03,0.54,0.51,2021-10-01,1136,N20,VIIRS,n,2,292.22,1.93,D,0
46.60575,29.82929,347.97,0.33,0.55,2021-10-01,1136,N20,VIIRS,n,2,298.42,18.7,D,0
47.7907,28.9535,307.25,0.44,0.39,2021-10-01,2350,N20,VIIRS,n,2,277.47,1.77,N,2
47.78979,28.95443,310.86,0.44,0.39,2021-10-01,2350,N20,VIIRS,n,2,278.87,1.81,N,2
46.61027,29.81276,300.2,0.41,0.37,2021-10-01,2351,N20,VIIRS,n,2,273.8,1.09,N,0
46.61226,29.82442,298.16,0.41,0.37,2021-10-01,2351,N20,VIIRS,n,2,272.87,0.62,N,0
47.79169,28.95089,295.56,0.73,0.76,2021-10-02,0130,N20,VIIRS,n,2,273.94,1.14,N,2
47.03746,29.57397,342.07,0.56,0.69,2021-10-02,0937,N20,VIIRS,n,2,292.43,17.35,D,0
47.03388,29.58442,367,0.56,0.69,2021-10-02,0937,N20,VIIRS,h,2,293.98,10.68,D,0
47.03971,29.58071,344.47,0.56,0.69,2021-10-02,0937,N20,VIIRS,n,2,291.74,10.68,D,0
47.03503,29.57273,340.25,0.39,0.44,2021-10-02,1117,N20,VIIRS,n,2,298.94,9.54,D,0
48.00404,28.03303,328.93,0.52,0.41,2021-10-02,1117,N20,VIIRS,n,2,295.43,3.35,D,0
47.0355,29.57792,356.49,0.39,0.44,2021-10-02,1117,N20,VIIRS,n,2,302.11,9.54,D,0
46.03878,28.73953,343.2,0.53,0.42,2021-10-02,1117,N20,VIIRS,n,2,299.45,7.01,D,0
47.03598,29.58309,338.65,0.39,0.44,2021-10-02,1117,N20,VIIRS,n,2,299.06,4.51,D,0
47.79006,28.9507,297.04,0.45,0.47,2021-10-02,2331,N20,VIIRS,n,2,275.51,0.9,N,2
46.61306,29.81624,303.13,0.4,0.44,2021-10-02,2332,N20,VIIRS,n,2,275.97,0.98,N,0
46.61259,29.82151,303.74,0.4,0.44,2021-10-02,2332,N20,VIIRS,n,2,275.39,0.94,N,0
47.78738,28.95045,298.65,0.47,0.64,2021-10-03,0112,N20,VIIRS,n,2,274.98,0.78,N,0
48.14468,27.5844,298.01,0.4,0.6,2021-10-03,0112,N20,VIIRS,n,2,275.22,0.74,N,0
46.25446,28.81351,334.87,0.39,0.36,2021-10-03,1058,N20,VIIRS,n,2,299.42,4.26,D,0
46.52212,29.7273,332.07,0.41,0.37,2021-10-03,1058,N20,VIIRS,n,2,299.58,2.63,D,0
46.61171,29.82165,332.8,0.41,0.37,2021-10-03,1058,N20,VIIRS,n,2,299.8,2.65,D,0
47.40013,28.73591,335.36,0.4,0.37,2021-10-03,1058,N20,VIIRS,n,2,297.19,2.73,D,0
47.22604,29.51002,337.13,0.41,0.37,2021-10-03,1058,N20,VIIRS,n,2,297.96,3.17,D,0
48.41839,27.75138,330.64,0.39,0.36,2021-10-03,1058,N20,VIIRS,n,2,293.91,3.08,D,0
47.78965,28.95254,312.29,0.38,0.58,2021-10-03,2313,N20,VIIRS,n,2,278.63,1.53,N,2
47.79111,28.95092,305.87,0.38,0.58,2021-10-03,2313,N20,VIIRS,n,2,277.08,1.21,N,2
47.79163,28.95521,299.57,0.58,0.52,2021-10-04,0053,N20,VIIRS,n,2,275.8,1.34,N,2
45.9233,28.36905,337.54,0.44,0.38,2021-10-04,1039,N20,VIIRS,n,2,287.51,8.54,D,0
45.91986,28.37037,342.41,0.44,0.38,2021-10-04,1039,N20,VIIRS,n,2,291.04,10.94,D,0
47.79016,28.94989,303.82,0.63,0.72,2021-10-04,2254,N20,VIIRS,n,2,277.31,1.49,N,2
47.78843,28.9542,303.85,0.55,0.43,2021-10-05,0034,N20,VIIRS,n,2,277.92,1.75,N,2
46.12872,28.18537,325.7,0.45,0.47,2021-10-05,1020,N20,VIIRS,n,2,295.59,2.35,D,0
46.90136,28.59458,340.66,0.41,0.45,2021-10-05,1020,N20,VIIRS,n,2,290.61,6.18,D,0
47.44204,28.06056,338.6,0.42,0.45,2021-10-05,1020,N20,VIIRS,n,2,294.48,5.33,D,0
45.92344,28.38745,337.09,0.44,0.46,2021-10-05,1020,N20,VIIRS,n,2,296.35,3.14,D,0
48.2822,27.14749,325.93,0.44,0.46,2021-10-05,1021,N20,VIIRS,n,2,292.69,2.73,D,0
47.77707,28.47713,328.83,0.4,0.44,2021-10-05,1021,N20,VIIRS,n,2,292.82,1.11,D,0
46.42009,28.71232,326.73,0.59,0.7,2021-10-05,1201,N20,VIIRS,n,2,293.94,4.19,D,0
47.79013,28.95655,311.15,0.4,0.37,2021-10-06,0015,N20,VIIRS,n,2,278.43,1.03,N,2
47.20413,29.14087,307.42,0.41,0.37,2021-10-06,0016,N20,VIIRS,n,2,276.58,1.36,N,0
47.71274,27.98477,317.21,0.39,0.36,2021-10-06,0016,N20,VIIRS,n,2,275.23,1.77,N,0
47.36756,28.80961,325.03,0.63,0.54,2021-10-06,1002,N20,VIIRS,n,2,287.73,2.8,D,0
46.85359,29.58884,356.6,0.38,0.59,2021-10-06,1142,N20,VIIRS,n,2,294.64,5.26,D,0
46.85462,29.59201,367,0.38,0.59,2021-10-06,1142,N20,VIIRS,h,2,293.69,8.74,D,0
47.45494,28.64509,367,0.35,0.57,2021-10-06,1142,N20,VIIRS,h,2,296.22,7.08,D,0
47.04103,29.57973,337.38,0.38,0.59,2021-10-06,1142,N20,VIIRS,n,2,294.08,3.2,D,0
46.85445,29.58693,338.73,0.38,0.59,2021-10-06,1142,N20,VIIRS,n,2,292.48,5.89,D,0
46.85379,29.59393,347.79,0.38,0.59,2021-10-06,1142,N20,VIIRS,n,2,293.26,5.26,D,0
47.45513,28.64979,331.87,0.35,0.57,2021-10-06,1142,N20,VIIRS,n,2,290.76,7.08,D,0
47.12049,29.48076,367,0.38,0.59,2021-10-06,1142,N20,VIIRS,h,2,293.94,4.55,D,0
47.87043,28.80747,295.1,0.41,0.37,2021-10-06,2357,N20,VIIRS,n,2,274.79,0.6,N,0
47.79146,28.95258,306.12,0.41,0.37,2021-10-06,2357,N20,VIIRS,n,2,275.55,0.64,N,2
46.0051,28.50341,325.74,0.58,0.7,2021-10-07,0943,N20,VIIRS,n,2,284.15,3.93,D,0
46.00018,28.49976,327.61,0.58,0.7,2021-10-07,0943,N20,VIIRS,n,2,284.22,4.29,D,0
47.21764,28.75288,338.64,0.42,0.45,2021-10-07,1123,N20,VIIRS,n,2,288.96,7.22,D,0
47.24846,29.41151,333.27,0.45,0.47,2021-10-07,1123,N20,VIIRS,n,2,292.52,3.7,D,0
46.86818,29.54799,339.55,0.45,0.47,2021-10-07,1123,N20,VIIRS,n,2,294.04,5.67,D,0
47.26136,29.409,325.78,0.45,0.47,2021-10-07,1123,N20,VIIRS,n,2,290.75,2.41,D,0
47.25706,29.40984,347.71,0.45,0.47,2021-10-07,1123,N20,VIIRS,n,2,293.06,6.37,D,0
47.25752,29.41588,330.78,0.45,0.47,2021-10-07,1123,N20,VIIRS,n,2,292.02,3.84,D,0
46.86865,29.55402,331,0.45,0.47,2021-10-07,1123,N20,VIIRS,n,2,291.06,5.67,D,0
46.42351,30.11938,328.92,0.48,0.48,2021-10-07,1123,N20,VIIRS,n,2,293.59,3.23,D,0
48.36062,27.80373,339.84,0.4,0.44,2021-10-07,1124,N20,VIIRS,n,2,291.89,5.39,D,0
47.78925,28.95624,295.02,0.39,0.44,2021-10-07,2338,N20,VIIRS,n,2,275.07,1.61,N,2
48.07912,27.68158,328.37,0.41,0.37,2021-10-08,1104,N20,VIIRS,n,2,293.15,2.31,D,0
47.75598,28.79346,344.42,0.43,0.38,2021-10-08,1104,N20,VIIRS,n,2,292.37,5.47,D,0
48.24458,27.12936,338.64,0.4,0.37,2021-10-08,1105,N20,VIIRS,n,2,294.17,7.23,D,0
48.28564,27.0516,330.76,0.41,0.37,2021-10-09,1046,N20,VIIRS,n,2,291.15,2.66,D,0
48.28093,27.10511,330.83,0.41,0.37,2021-10-09,1046,N20,VIIRS,n,2,289.92,2.54,D,0
48.24156,27.06348,329.49,0.41,0.37,2021-10-09,1046,N20,VIIRS,n,2,289.59,2.28,D,0
47.79095,28.94898,297.28,0.53,0.67,2021-10-09,2300,N20,VIIRS,n,2,272.46,1.48,N,0
47.24063,29.45397,300.74,0.5,0.66,2021-10-09,2300,N20,VIIRS,n,2,268.73,0.89,N,0
47.79125,28.95456,301.97,0.43,0.46,2021-10-10,0040,N20,VIIRS,n,2,273.01,1.03,N,2
46.06174,28.1112,351.01,0.39,0.44,2021-10-10,1026,N20,VIIRS,n,2,293.78,7.31,D,0
46.21822,28.97887,332.47,0.53,0.42,2021-10-10,1026,N20,VIIRS,n,2,292.89,9.34,D,0
46.21964,28.9855,336.13,0.53,0.42,2021-10-10,1026,N20,VIIRS,n,2,295.09,9.13,D,0
46.21451,28.98051,344.53,0.53,0.42,2021-10-10,1026,N20,VIIRS,n,2,296.47,9.34,D,0
46.21237,28.98163,325.54,0.53,0.42,2021-10-10,1026,N20,VIIRS,n,2,290.4,0.43,D,0
46.05788,28.11296,352.69,0.39,0.44,2021-10-10,1026,N20,VIIRS,n,2,296.11,7.31,D,0
48.26958,27.09715,327.45,0.57,0.43,2021-10-10,1027,N20,VIIRS,n,2,289.49,3.17,D,0
48.26316,27.12487,329.63,0.57,0.43,2021-10-10,1027,N20,VIIRS,n,2,291.77,2.79,D,0
48.27152,27.03074,329.04,0.57,0.43,2021-10-10,1027,N20,VIIRS,n,2,291.25,2.36,D,0
48.26391,27.12378,327.83,0.57,0.43,2021-10-10,1027,N20,VIIRS,n,2,291.58,3.7,D,0
48.27042,27.09596,329.99,0.57,0.43,2021-10-10,1027,N20,VIIRS,n,2,290.27,4.05,D,0
46.05521,28.11288,367,0.65,0.73,2021-10-10,1207,N20,VIIRS,h,2,290.14,14.48,D,0
45.56496,28.34871,335.63,0.67,0.73,2021-10-10,1207,N20,VIIRS,n,2,289.7,5.83,D,0
46.06198,28.11304,331.61,0.65,0.73,2021-10-10,1207,N20,VIIRS,n,2,288.24,4.36,D,0
46.06005,28.11074,353.91,0.65,0.73,2021-10-10,1207,N20,VIIRS,n,2,290.02,10.18,D,0
46.05329,28.11052,345.15,0.65,0.73,2021-10-10,1207,N20,VIIRS,n,2,289.47,10.18,D,0
47.79051,28.95578,306.4,0.43,0.38,2021-10-11,0022,N20,VIIRS,n,2,275.19,1.68,N,2
46.70258,29.79794,320.01,0.48,0.4,2021-10-11,0022,N20,VIIRS,n,2,272.6,2,N,0
47.78977,28.95439,310.34,0.43,0.38,2021-10-11,0022,N20,VIIRS,n,2,277.12,1.7,N,2
47.23792,29.42459,325.33,0.51,0.49,2021-10-11,1008,N20,VIIRS,n,2,285.87,1.83,D,0
48.29226,26.63702,353.39,0.34,0.56,2021-10-11,1149,N20,VIIRS,n,2,275.91,5.45,D,0
47.79028,28.95237,310.62,0.39,0.36,2021-10-12,0003,N20,VIIRS,n,2,274.29,1.74,N,2
46.01383,28.8714,333.12,0.48,0.64,2021-10-12,0949,N20,VIIRS,n,2,288.32,3.73,D,0
48.38512,27.54731,325.1,0.45,0.39,2021-10-13,1111,N20,VIIRS,n,2,284.88,2.24,D,0
47.79206,28.95123,302.94,0.54,0.5,2021-10-13,2325,N20,VIIRS,n,2,276.41,1.33,N,2
47.79239,28.95382,297.85,0.4,0.6,2021-10-14,0105,N20,VIIRS,n,2,275.02,1.26,N,2
47.78857,28.95378,302.99,0.5,0.49,2021-10-15,0047,N20,VIIRS,n,2,274.17,1.49,N,2
47.79116,28.95544,299,0.5,0.49,2021-10-15,0047,N20,VIIRS,n,2,273.62,1.69,N,2
47.79099,28.9526,301.96,0.45,0.39,2021-10-17,2350,N20,VIIRS,n,2,274.92,1.1,N,2
46.87193,29.5595,354.31,0.57,0.69,2021-10-18,0937,N20,VIIRS,n,2,282.92,6.98,D,0
46.86902,29.56115,353.78,0.57,0.69,2021-10-18,0937,N20,VIIRS,n,2,283.75,6.47,D,0
46.0701,28.39204,331.22,0.39,0.36,2021-10-19,1058,N20,VIIRS,n,2,293.3,3.83,D,0
46.07082,28.39702,346.39,0.39,0.36,2021-10-19,1058,N20,VIIRS,n,2,291.65,3.94,D,0
46.37788,28.86022,329.65,0.39,0.36,2021-10-19,1058,N20,VIIRS,n,2,288.74,4.34,D,0
46.0741,28.39603,335.27,0.39,0.36,2021-10-19,1058,N20,VIIRS,n,2,290.71,3.94,D,0
46.03918,28.5525,333.82,0.43,0.38,2021-10-20,1039,N20,VIIRS,n,2,295.37,3.14,D,0
48.43513,27.6391,325.32,0.43,0.38,2021-10-20,1039,N20,VIIRS,n,2,289.46,1.46,D,0
47.22131,28.72094,339.16,0.42,0.37,2021-10-20,1039,N20,VIIRS,n,2,293.47,9.68,D,0
46.04258,28.55116,354.71,0.43,0.38,2021-10-20,1039,N20,VIIRS,n,2,297.68,9.04,D,0
45.57562,28.201,338.93,0.46,0.47,2021-10-21,1020,N20,VIIRS,n,2,292.63,6.62,D,0
46.66259,29.70635,326.19,0.56,0.43,2021-10-21,1020,N20,VIIRS,n,2,285.66,3.92,D,0
45.57683,28.1984,353.68,0.46,0.47,2021-10-21,1020,N20,VIIRS,n,2,293.66,9.92,D,0
45.6375,28.44717,329.24,0.37,0.58,2021-10-22,1001,N20,VIIRS,n,2,287.43,2.8,D,0
47.48254,27.58008,327.23,0.35,0.57,2021-10-22,1002,N20,VIIRS,n,2,287.17,4.12,D,0
47.87935,29.08085,325.33,0.59,0.53,2021-10-22,1002,N20,VIIRS,n,2,291.18,3.35,D,0
47.88369,29.07743,325.33,0.59,0.53,2021-10-22,1002,N20,VIIRS,n,2,289.74,2.81,D,0
47.48059,27.57679,330.34,0.35,0.57,2021-10-22,1002,N20,VIIRS,n,2,289.49,3.75,D,0
47.4868,27.57855,327.07,0.35,0.57,2021-10-22,1002,N20,VIIRS,n,2,285.95,4.47,D,0
47.4813,27.57582,330.88,0.35,0.57,2021-10-22,1002,N20,VIIRS,n,2,289.23,3.19,D,0
47.88086,29.08327,345.63,0.37,0.58,2021-10-22,1142,N20,VIIRS,n,2,290.7,6.8,D,0
47.8807,29.07874,343.55,0.37,0.58,2021-10-22,1142,N20,VIIRS,n,2,291.23,6.58,D,0
47.01374,28.78102,336.6,0.35,0.57,2021-10-22,1142,N20,VIIRS,n,2,292.29,5.83,D,0
47.01902,28.78101,367,0.35,0.57,2021-10-22,1142,N20,VIIRS,h,2,292.22,5.83,D,0
47.79411,28.05194,343.47,0.4,0.44,2021-10-23,1123,N20,VIIRS,n,2,297.09,18.01,D,0
47.02551,28.79211,332.56,0.42,0.45,2021-10-23,1123,N20,VIIRS,n,2,289.27,2.38,D,0
47.15337,29.54529,341.23,0.46,0.47,2021-10-23,1123,N20,VIIRS,n,2,292.93,4.85,D,0
47.14905,29.54608,329.95,0.46,0.47,2021-10-23,1123,N20,VIIRS,n,2,292.61,2.78,D,0
47.02453,28.79052,330.12,0.42,0.45,2021-10-23,1123,N20,VIIRS,n,2,289.86,2.04,D,0
45.64029,28.22736,336.32,0.4,0.37,2021-10-24,1104,N20,VIIRS,n,2,289.16,3.16,D,0
45.82738,28.26216,333.52,0.4,0.37,2021-10-24,1104,N20,VIIRS,n,2,291.67,7.32,D,0
45.64365,28.22644,327.82,0.4,0.37,2021-10-24,1104,N20,VIIRS,n,2,288.36,2.08,D,0
47.87814,29.08208,328.82,0.39,0.36,2021-10-25,1045,N20,VIIRS,n,2,289.39,4.08,D,0
47.10462,29.31034,332.74,0.39,0.36,2021-10-25,1045,N20,VIIRS,n,2,288,2.6,D,0
45.78189,28.53752,329.76,0.4,0.37,2021-10-25,1045,N20,VIIRS,n,2,290.07,2.11,D,0
45.7852,28.53634,331.6,0.4,0.37,2021-10-25,1045,N20,VIIRS,n,2,291.97,3.31,D,0
46.37236,29.81497,332.81,0.39,0.36,2021-10-25,1045,N20,VIIRS,n,2,292.75,2.33,D,0
46.45353,29.50898,339.91,0.39,0.36,2021-10-25,1045,N20,VIIRS,n,2,290.31,3.84,D,0
46.47536,29.22478,329.61,0.39,0.36,2021-10-25,1045,N20,VIIRS,n,2,291.72,4.45,D,0
46.78966,29.3589,337.42,0.39,0.36,2021-10-25,1045,N20,VIIRS,n,2,291.02,3.4,D,0
46.97395,29.45909,337.47,0.39,0.36,2021-10-25,1045,N20,VIIRS,n,2,291.58,4.01,D,0
46.97721,29.45797,331.44,0.39,0.36,2021-10-25,1045,N20,VIIRS,n,2,290.95,3.08,D,0
47.95074,28.64245,338.52,0.39,0.36,2021-10-25,1045,N20,VIIRS,n,2,287.87,3.49,D,0
47.88139,29.08089,344.92,0.39,0.36,2021-10-25,1045,N20,VIIRS,n,2,290.75,4.08,D,0
47.46634,28.15557,325.99,0.4,0.37,2021-10-25,1045,N20,VIIRS,n,2,285.88,1.93,D,0
46.16394,28.21948,340.18,0.38,0.43,2021-10-26,1026,N20,VIIRS,n,2,308.58,29.76,D,0
46.16885,28.22253,338.21,0.38,0.43,2021-10-26,1026,N20,VIIRS,n,2,286.68,29.76,D,0
46.16779,28.21779,343.74,0.38,0.43,2021-10-26,1026,N20,VIIRS,n,2,297.98,29.76,D,0
46.80927,29.20274,328.9,0.51,0.41,2021-10-26,1026,N20,VIIRS,n,2,289.96,2.78,D,0
46.165,28.22419,335.58,0.38,0.43,2021-10-26,1026,N20,VIIRS,n,2,288.49,29.76,D,0
47.52715,28.3546,330.59,0.53,0.42,2021-10-26,1027,N20,VIIRS,n,2,289.07,2.79,D,0
47.52539,28.35466,333.58,0.53,0.42,2021-10-26,1027,N20,VIIRS,n,2,288.64,4.73,D,0
47.60507,28.48021,326.76,0.52,0.42,2021-10-26,1027,N20,VIIRS,n,2,286.97,2.74,D,0
45.98853,28.88353,343.98,0.58,0.52,2021-10-27,1007,N20,VIIRS,n,2,284.32,10.13,D,0
45.99948,28.88573,325.4,0.58,0.52,2021-10-27,1007,N20,VIIRS,n,2,285.94,7.78,D,0
45.99306,28.88109,326.59,0.58,0.52,2021-10-27,1007,N20,VIIRS,n,2,287.09,10.13,D,0
45.99494,28.88819,354.17,0.58,0.52,2021-10-27,1007,N20,VIIRS,n,2,287.36,10.13,D,0
46.92191,29.09526,331.58,0.54,0.51,2021-10-27,1008,N20,VIIRS,n,2,290.14,5.88,D,0
46.92473,29.10188,334.55,0.54,0.51,2021-10-27,1008,N20,VIIRS,n,2,288.99,4.26,D,0
46.91863,29.09753,325.55,0.54,0.51,2021-10-27,1008,N20,VIIRS,n,2,290.23,2.89,D,0
46.92363,29.10192,337.62,0.54,0.51,2021-10-27,1008,N20,VIIRS,n,2,289.56,5.88,D,0
45.99622,28.88431,367,0.42,0.61,2021-10-27,1148,N20,VIIRS,h,2,293.15,7.22,D,0
46.02393,28.51368,336.36,0.4,0.6,2021-10-27,1148,N20,VIIRS,n,2,290.4,2.68,D,0
46.61188,29.83203,327.93,0.46,0.64,2021-10-27,1148,N20,VIIRS,n,2,287.27,2.19,D,0
47.30525,28.4264,342.37,0.4,0.6,2021-10-27,1148,N20,VIIRS,n,2,286.07,4.6,D,0
45.99943,28.88983,328.6,0.41,0.61,2021-10-27,1148,N20,VIIRS,n,2,290.09,4.6,D,0
45.99924,28.88428,356.8,0.41,0.61,2021-10-27,1148,N20,VIIRS,n,2,293.11,4.6,D,0
45.97775,28.83125,355.12,0.41,0.61,2021-10-27,1148,N20,VIIRS,n,2,297.01,23.65,D,0
45.99057,28.88464,345.41,0.42,0.61,2021-10-27,1148,N20,VIIRS,n,2,292.02,7.22,D,0
45.98886,28.825,338.59,0.41,0.61,2021-10-27,1148,N20,VIIRS,n,2,289.76,4.51,D,0
45.98049,28.8312,355.46,0.41,0.61,2021-10-27,1148,N20,VIIRS,n,2,295.96,11.31,D,0
45.98067,28.83656,345.9,0.41,0.61,2021-10-27,1148,N20,VIIRS,n,2,289.84,11.31,D,0
45.50449,28.18376,340.12,0.38,0.59,2021-10-27,1148,N20,VIIRS,n,2,291.18,2.87,D,0
45.9936,28.88456,344.45,0.41,0.61,2021-10-27,1148,N20,VIIRS,n,2,291.74,7,D,0
46.41218,30.02257,329.11,0.41,0.61,2021-10-28,0949,N20,VIIRS,n,2,284.59,3.94,D,0
47.00449,29.20457,337.45,0.52,0.5,2021-10-28,1129,N20,VIIRS,n,2,291.37,3.49,D,0
45.77027,28.58244,338.4,0.47,0.48,2021-10-28,1129,N20,VIIRS,n,2,289.42,8.91,D,0
45.76981,28.57631,335.71,0.47,0.48,2021-10-28,1129,N20,VIIRS,n,2,290.97,8.91,D,0
47.33564,28.06643,337.96,0.46,0.47,2021-10-28,1129,N20,VIIRS,n,2,288.91,4.64,D,0
48.4456,27.57475,330.89,0.45,0.39,2021-10-29,1111,N20,VIIRS,n,2,290.15,4.52,D,0
47.78804,28.95186,302.4,0.54,0.51,2021-10-29,2325,N20,VIIRS,n,2,277.35,1.64,N,2
47.7875,28.95163,305.24,0.4,0.6,2021-10-30,0105,N20,VIIRS,n,2,276.29,1.09,N,0
47.89408,28.32688,296.99,0.48,0.65,2021-10-30,2306,N20,VIIRS,n,2,270.54,0.61,N,0
47.78918,28.95152,310.12,0.45,0.63,2021-10-30,2306,N20,VIIRS,n,2,275.47,1.38,N,2
47.78954,28.95326,306.17,0.49,0.49,2021-10-31,0046,N20,VIIRS,n,2,274.67,1.94,N,2
46.68176,29.12048,328.41,0.46,0.39,2021-10-31,1033,N20,VIIRS,n,2,289.06,4.13,D,0
47.42201,28.76817,331.75,0.46,0.39,2021-10-31,1033,N20,VIIRS,n,2,289.98,3.07,D,0
47.79086,28.95152,297.31,0.75,0.77,2021-10-31,2247,N20,VIIRS,n,2,274.49,1.28,N,2
47.79359,28.94856,298.99,0.75,0.77,2021-10-31,2247,N20,VIIRS,n,2,274.1,1.79,N,0
47.7884,28.95367,309.48,0.48,0.4,2021-11-01,0028,N20,VIIRS,n,2,275.33,1.86,N,2
46.01001,28.84776,334.81,0.5,0.49,2021-11-01,1014,N20,VIIRS,n,2,284.49,4.56,D,0
46.00851,28.84163,335.4,0.5,0.49,2021-11-01,1014,N20,VIIRS,n,2,284.26,4.56,D,0
46.01225,28.84523,342.9,0.5,0.49,2021-11-01,1014,N20,VIIRS,n,2,284.09,6.57,D,0
46.00797,28.84735,331.54,0.5,0.49,2021-11-01,1014,N20,VIIRS,n,2,284.43,3.36,D,0
47.64721,27.73466,351.35,0.44,0.63,2021-11-01,1155,N20,VIIRS,n,2,286.93,6.44,D,0
47.30771,28.12246,354.1,0.46,0.64,2021-11-01,1155,N20,VIIRS,n,2,285.78,6.4,D,0
47.89944,27.47338,344.5,0.49,0.4,2021-11-03,1117,N20,VIIRS,n,2,297.11,17.68,D,0
45.62735,28.12384,325.5,0.38,0.36,2021-11-04,1057,N20,VIIRS,n,2,292.18,1.55,D,0
45.6515,28.27456,329.19,0.45,0.39,2021-11-05,1038,N20,VIIRS,n,2,294.36,2.58,D,0
45.65496,28.27323,329.62,0.45,0.39,2021-11-05,1038,N20,VIIRS,n,2,294.33,2.58,D,0
47.44117,27.7045,355.6,0.44,0.38,2021-11-05,1039,N20,VIIRS,n,2,297.88,13.24,D,0
47.43061,28.90979,331.03,0.41,0.37,2021-11-05,1039,N20,VIIRS,n,2,291.02,2.66,D,0
46.6941,28.83709,325.51,0.41,0.45,2021-11-06,1020,N20,VIIRS,n,2,284.59,1.96,D,0
47.78871,28.95406,310.89,0.4,0.37,2021-11-07,0015,N20,VIIRS,n,2,271.92,1.59,N,2
46.07565,28.83753,327.35,0.34,0.56,2021-11-07,1142,N20,VIIRS,n,2,273.58,2.44,D,0
46.15997,28.84729,337.45,0.35,0.56,2021-11-07,1142,N20,VIIRS,n,2,277.3,5.33,D,0
46.15976,28.843,344.28,0.34,0.56,2021-11-07,1142,N20,VIIRS,n,2,281.2,5.33,D,0
46.16005,28.84588,354.9,0.35,0.56,2021-11-07,1142,N20,VIIRS,n,2,278.98,11.38,D,0
45.93688,28.50462,301.95,0.4,0.37,2021-11-07,2357,N20,VIIRS,n,2,276.96,0.85,N,0
45.93758,28.4994,299.2,0.4,0.37,2021-11-07,2357,N20,VIIRS,n,2,277.55,0.75,N,0
45.5994,28.40046,334.42,0.39,0.44,2021-11-08,1122,N20,VIIRS,n,2,283.93,2.58,D,0
47.44953,28.51838,308.39,0.33,0.56,2021-11-09,2319,N20,VIIRS,n,2,270.08,0.63,N,0
47.78857,28.95355,306.9,0.32,0.55,2021-11-09,2319,N20,VIIRS,n,2,274.59,1.5,N,2
47.79015,28.95222,312.8,0.32,0.55,2021-11-09,2319,N20,VIIRS,n,2,272.79,1.48,N,2
47.79153,28.95257,307.9,0.34,0.56,2021-11-10,0059,N20,VIIRS,n,2,270.72,1.44,N,2
48.13787,27.3389,344.23,0.41,0.37,2021-11-10,1045,N20,VIIRS,n,2,282.34,3.59,D,0
47.78886,28.95164,302.7,0.54,0.68,2021-11-10,2300,N20,VIIRS,n,2,273.16,1.26,N,2
47.79204,28.95361,297,0.54,0.68,2021-11-10,2300,N20,VIIRS,n,2,272.03,1.73,N,2
47.7907,28.95501,313.04,0.42,0.45,2021-11-11,0040,N20,VIIRS,n,2,273.74,1.46,N,2
47.71346,27.9859,298.33,0.41,0.37,2021-11-12,0021,N20,VIIRS,n,2,271.56,0.56,N,0
47.78954,28.95426,308.12,0.43,0.38,2021-11-12,0021,N20,VIIRS,n,2,273.49,1.66,N,2
46.60476,28.83307,328.96,0.57,0.52,2021-11-12,1007,N20,VIIRS,n,2,286.26,5.29,D,0
47.78898,28.95539,311.55,0.39,0.36,2021-11-13,0003,N20,VIIRS,n,2,275.52,1.29,N,2
45.96804,28.43661,327.24,0.39,0.36,2021-11-15,1051,N20,VIIRS,n,2,284.85,1.75,D,0
46.47523,29.83048,331.21,0.39,0.36,2021-11-15,1051,N20,VIIRS,n,2,284.78,2.19,D,0
46.14913,28.88465,336.17,0.48,0.4,2021-11-16,1032,N20,VIIRS,n,2,284.59,3.5,D,0
48.28667,28.07075,328.29,0.47,0.39,2021-11-16,1033,N20,VIIRS,n,2,281.73,2.34,D,0
48.20533,27.84184,328.88,0.48,0.4,2021-11-16,1033,N20,VIIRS,n,2,282.62,2.73,D,0
47.91431,27.73857,339.45,0.48,0.4,2021-11-16,1033,N20,VIIRS,n,2,283.24,6.6,D,0
48.28569,28.07214,325.86,0.47,0.39,2021-11-16,1033,N20,VIIRS,n,2,281.52,3.12,D,0
47.78835,28.95368,304.2,0.48,0.4,2021-11-17,0028,N20,VIIRS,n,2,269.85,1.7,N,2
48.46695,27.55027,331.48,0.49,0.48,2021-11-17,1014,N20,VIIRS,n,2,281.37,3.37,D,0
48.46857,27.55231,335.15,0.49,0.49,2021-11-17,1014,N20,VIIRS,n,2,280.67,4.4,D,0
47.87601,28.84517,329.01,0.5,0.66,2021-11-17,1155,N20,VIIRS,n,2,277.9,3.82,D,0
46.54524,29.21688,325.33,0.61,0.71,2021-11-19,0936,N20,VIIRS,n,2,279.27,3.14,D,0
45.58683,28.30204,331.8,0.49,0.41,2021-11-19,1116,N20,VIIRS,n,2,284.17,3.17,D,0
46.1578,28.93161,331.11,0.53,0.42,2021-11-19,1116,N20,VIIRS,n,2,275.27,7.27,D,0
46.15328,28.92549,330.47,0.53,0.42,2021-11-19,1116,N20,VIIRS,n,2,275.6,5,D,0
46.15395,28.9324,342.43,0.53,0.42,2021-11-19,1116,N20,VIIRS,n,2,276.05,7.27,D,0
45.88848,28.4303,329.42,0.5,0.41,2021-11-19,1116,N20,VIIRS,n,2,284.86,3.91,D,0
45.88407,28.42474,331.26,0.5,0.41,2021-11-19,1116,N20,VIIRS,n,2,286.28,10.21,D,0
45.88473,28.43116,339.94,0.5,0.41,2021-11-19,1116,N20,VIIRS,n,2,290.29,18.65,D,0
45.60785,28.356,325.1,0.5,0.41,2021-11-19,1116,N20,VIIRS,n,2,284.04,3.13,D,0
45.5514,28.21919,335.53,0.49,0.4,2021-11-19,1116,N20,VIIRS,n,2,285.26,9.2,D,0
46.76129,28.27512,343.89,0.39,0.36,2021-11-20,1057,N20,VIIRS,n,2,295.02,29.96,D,0
46.76457,28.27412,339.27,0.39,0.36,2021-11-20,1057,N20,VIIRS,n,2,297.55,43.34,D,0
46.76202,28.28014,327.24,0.39,0.36,2021-11-20,1057,N20,VIIRS,n,2,285.73,3.65,D,0
47.7906,28.95246,311.44,0.38,0.59,2021-11-20,2312,N20,VIIRS,n,2,278.5,1.5,N,2
47.78916,28.95654,295.39,0.57,0.52,2021-11-21,0053,N20,VIIRS,n,2,275.91,2.17,N,2
46.17328,28.2526,329.27,0.44,0.39,2021-11-21,1038,N20,VIIRS,n,2,287.3,3.91,D,0
45.89453,28.4208,328.85,0.44,0.39,2021-11-21,1038,N20,VIIRS,n,2,288.28,5.62,D,0
45.65307,28.20562,342.47,0.45,0.39,2021-11-21,1038,N20,VIIRS,n,2,286.45,7.9,D,0
45.65428,28.20653,330.18,0.45,0.39,2021-11-21,1038,N20,VIIRS,n,2,287.24,8.06,D,0
46.59138,29.82267,328.44,0.4,0.37,2021-11-21,1038,N20,VIIRS,n,2,285.62,1.91,D,0
46.34803,28.59178,328.12,0.43,0.38,2021-11-21,1038,N20,VIIRS,n,2,287.13,4.64,D,0
46.38026,28.82409,329.3,0.43,0.38,2021-11-21,1038,N20,VIIRS,n,2,287.07,2.76,D,0
46.47749,29.80169,328.76,0.4,0.37,2021-11-21,1038,N20,VIIRS,n,2,287.5,2.52,D,0
46.17583,28.3243,326.7,0.44,0.38,2021-11-21,1038,N20,VIIRS,n,2,286.33,4.24,D,0
47.04575,29.52621,346.22,0.4,0.37,2021-11-21,1039,N20,VIIRS,n,2,287.2,6.13,D,0
47.9965,28.59512,349.06,0.41,0.37,2021-11-21,1039,N20,VIIRS,n,2,288.89,10.37,D,0
47.24564,29.26638,340.63,0.41,0.37,2021-11-21,1039,N20,VIIRS,n,2,286.62,5.51,D,0
47.2313,29.30549,332.78,0.41,0.37,2021-11-21,1039,N20,VIIRS,n,2,286.28,4.86,D,0
47.04483,29.52099,355.95,0.4,0.37,2021-11-21,1039,N20,VIIRS,l,2,287.83,6.13,D,0
47.04814,29.51974,354.38,0.4,0.37,2021-11-21,1039,N20,VIIRS,n,2,291.8,14.24,D,0
47.78997,28.95704,304.56,0.55,0.42,2021-11-22,0034,N20,VIIRS,n,2,274.15,1.36,N,2
48.13122,27.61198,295.71,0.48,0.4,2021-11-22,0034,N20,VIIRS,n,2,270.11,0.86,N,0
46.7172,29.07596,327.44,0.4,0.44,2021-11-22,1020,N20,VIIRS,n,2,284.77,3.31,D,0
46.27248,28.55963,333.55,0.57,0.69,2021-11-22,1200,N20,VIIRS,n,2,285.57,6.81,D,0
46.26607,28.55972,355.64,0.57,0.69,2021-11-22,1200,N20,VIIRS,n,2,289.46,24.44,D,0
46.10335,28.51437,326.83,0.56,0.69,2021-11-22,1200,N20,VIIRS,n,2,285.8,3.14,D,0
47.47073,29.00848,336.77,0.6,0.71,2021-11-22,1201,N20,VIIRS,n,2,281.78,5.51,D,0
47.77984,27.96894,346.73,0.41,0.37,2021-11-25,1104,N20,VIIRS,n,2,283.52,6.28,D,0
47.79044,28.95307,317.6,0.32,0.55,2021-11-25,2318,N20,VIIRS,n,2,276.46,1.35,N,2
47.78754,29.01386,297.78,0.32,0.55,2021-11-25,2318,N20,VIIRS,n,2,274,0.52,N,2
47.79063,28.95098,298.77,0.33,0.56,2021-11-26,0059,N20,VIIRS,n,2,272.88,1.05,N,2
47.78942,28.9553,296.6,0.34,0.56,2021-11-26,0059,N20,VIIRS,n,2,274.4,1.07,N,2
47.78705,29.01634,295.09,0.34,0.56,2021-11-26,0059,N20,VIIRS,n,2,274.31,0.51,N,2
45.93183,28.44369,334.16,0.4,0.37,2021-11-26,1045,N20,VIIRS,n,2,286.3,4.1,D,0
45.99337,28.43257,331.06,0.4,0.37,2021-11-26,1045,N20,VIIRS,n,2,285.17,3.95,D,0
45.99247,28.42741,325.72,0.4,0.37,2021-11-26,1045,N20,VIIRS,n,2,286.23,3.95,D,0
47.98506,28.59993,332.31,0.39,0.36,2021-11-26,1045,N20,VIIRS,n,2,281.52,3.08,D,0
47.94301,27.26276,330.45,0.41,0.37,2021-11-26,1045,N20,VIIRS,n,2,280.55,3.52,D,0
45.92851,28.44487,332.12,0.4,0.37,2021-11-26,1045,N20,VIIRS,n,2,285.31,4.1,D,0
45.93093,28.4386,330.89,0.4,0.37,2021-11-26,1045,N20,VIIRS,n,2,286.05,4.1,D,0
46.52961,29.88171,327.93,0.4,0.37,2021-12-22,1057,N20,VIIRS,n,2,273.21,2.33,D,0
