latitude,longitude,bright_ti4,scan,track,acq_date,acq_time,satellite,instrument,confidence,version,bright_ti5,frp,daynight,type
46.76211,29.09365,326.65,0.39,0.36,2022-01-07,1057,N20,VIIRS,n,2,278.9,1.92,D,0
46.13547,28.50099,327.69,0.4,0.37,2022-01-12,1103,N20,VIIRS,n,2,272.83,2.43,D,0
46.69547,29.54192,332.69,0.39,0.36,2022-01-13,1044,N20,VIIRS,n,2,273.6,2.62,D,0
45.52612,28.42398,340.38,0.33,0.55,2022-01-15,1006,N20,VIIRS,n,2,275.87,2.21,D,0
45.58006,28.22399,356.04,0.33,0.55,2022-01-15,1006,N20,VIIRS,l,2,278.65,7.77,D,0
45.57896,28.22,339.7,0.33,0.56,2022-01-15,1006,N20,VIIRS,n,2,280.72,7.1,D,0
45.57585,28.22423,332.69,0.33,0.56,2022-01-15,1006,N20,VIIRS,n,2,278.66,1.85,D,0
45.66656,28.23074,345.57,0.37,0.58,2022-01-15,1147,N20,VIIRS,n,2,278.51,3.16,D,0
47.71825,27.67068,333.67,0.43,0.46,2022-01-16,1128,N20,VIIRS,n,2,278.4,8.32,D,0
46.79784,28.2038,337.48,0.45,0.47,2022-01-16,1128,N20,VIIRS,n,2,281.05,7.26,D,0
47.18095,27.93652,334.76,0.44,0.46,2022-01-16,1128,N20,VIIRS,n,2,278.25,2.45,D,0
47.71448,27.67706,344.84,0.43,0.46,2022-01-16,1128,N20,VIIRS,n,2,281.97,8.32,D,0
45.82128,28.25151,326.08,0.44,0.46,2022-01-16,1128,N20,VIIRS,n,2,278.87,3.1,D,0
47.71871,27.67637,333.47,0.43,0.46,2022-01-16,1128,N20,VIIRS,n,2,277.38,8.32,D,0
48.25987,27.04197,326.24,0.41,0.45,2022-01-16,1129,N20,VIIRS,n,2,265.52,3.1,D,0
45.6153,28.19099,329.03,0.43,0.38,2022-01-17,1109,N20,VIIRS,n,2,278.27,3.11,D,0
46.87708,29.55649,338.66,0.49,0.4,2022-01-17,1109,N20,VIIRS,n,2,279.94,6.86,D,0
46.34771,28.83842,333.96,0.45,0.39,2022-01-17,1109,N20,VIIRS,n,2,283.57,6.32,D,0
46.22371,28.51341,328.75,0.44,0.39,2022-01-17,1109,N20,VIIRS,n,2,280.5,3.44,D,0
46.17093,28.73562,327.5,0.45,0.39,2022-01-17,1109,N20,VIIRS,n,2,281.82,1.83,D,0
46.99855,29.5174,299.04,0.43,0.62,2022-01-18,0104,N20,VIIRS,n,2,269.85,1.31,N,0
47.00016,29.51222,309.99,0.43,0.62,2022-01-18,0104,N20,VIIRS,n,2,269.27,1.31,N,0
45.65916,28.25912,331.66,0.52,0.42,2022-01-19,1031,N20,VIIRS,n,2,278.57,5.39,D,0
47.36998,28.22211,330.97,0.5,0.49,2022-01-20,1013,N20,VIIRS,n,2,276.88,8.14,D,0
45.51323,28.42795,345.42,0.55,0.51,2022-01-20,1013,N20,VIIRS,n,2,277.83,7.86,D,0
47.3718,28.22002,336.25,0.5,0.49,2022-01-20,1013,N20,VIIRS,n,2,277.29,4.49,D,0
47.38383,28.75781,334.98,0.38,0.59,2022-01-21,0954,N20,VIIRS,n,2,273.2,2.42,D,0
46.28035,28.25704,328.41,0.44,0.62,2022-01-21,0954,N20,VIIRS,n,2,278.13,2.11,D,0
47.45049,28.55098,329.71,0.39,0.59,2022-01-21,0954,N20,VIIRS,n,2,274.81,2.17,D,0
47.74215,28.42797,332.41,0.39,0.59,2022-01-21,0954,N20,VIIRS,n,2,275.81,2.3,D,0
47.74431,28.42665,325.74,0.39,0.59,2022-01-21,0955,N20,VIIRS,n,2,275.07,1.86,D,0
47.30114,29.17627,337.93,0.6,0.53,2022-01-21,1135,N20,VIIRS,n,2,277.76,12.99,D,0
47.22438,29.51843,332.17,0.62,0.54,2022-01-21,1135,N20,VIIRS,n,2,282.35,20.48,D,0
47.22937,29.51821,349.03,0.62,0.54,2022-01-21,1135,N20,VIIRS,n,2,276.98,11.38,D,0
47.01844,29.40936,326.87,0.61,0.53,2022-01-21,1135,N20,VIIRS,n,2,277.15,2.44,D,0
47.57113,28.03461,334.58,0.53,0.5,2022-01-21,1135,N20,VIIRS,n,2,277.2,4.03,D,0
47.22972,29.51833,337.37,0.62,0.54,2022-01-21,1135,N20,VIIRS,n,2,275.79,20.14,D,0
47.22473,29.51856,343.42,0.62,0.54,2022-01-21,1135,N20,VIIRS,n,2,284.35,20.14,D,0
47.46921,28.5098,325.65,0.62,0.71,2022-01-22,0936,N20,VIIRS,n,2,272.31,18.93,D,0
47.96166,28.02317,329.25,0.62,0.72,2022-01-22,0936,N20,VIIRS,n,2,273.41,3.52,D,0
47.47502,28.50513,340.81,0.62,0.71,2022-01-22,0936,N20,VIIRS,n,2,273.98,14.31,D,0
47.47763,28.51256,348.61,0.62,0.71,2022-01-22,0936,N20,VIIRS,n,2,273.78,12.14,D,0
47.47164,28.51672,355.91,0.62,0.71,2022-01-22,0936,N20,VIIRS,l,2,269.9,25.7,D,0
46.6286,29.16553,350.02,0.54,0.42,2022-01-22,1116,N20,VIIRS,n,2,276.63,10.32,D,0
47.01076,29.51247,332.74,0.56,0.43,2022-01-22,1116,N20,VIIRS,n,2,275.87,5.7,D,0
45.57805,28.42674,345.29,0.38,0.59,2022-01-31,1147,N20,VIIRS,n,2,281.85,4.28,D,0
45.5757,28.36887,335.14,0.39,0.36,2022-02-03,1050,N20,VIIRS,n,2,282.01,4.16,D,0
45.60088,28.14689,367,0.49,0.65,2022-02-03,2306,N20,VIIRS,h,2,271.41,28.63,N,0
46.67281,28.23932,341.18,0.5,0.41,2022-02-04,1032,N20,VIIRS,n,2,280.55,7.72,D,0
46.02231,28.54098,331.96,0.79,0.78,2022-02-04,1213,N20,VIIRS,n,2,279.9,7.44,D,0
46.02128,28.5359,331.89,0.79,0.78,2022-02-04,1213,N20,VIIRS,n,2,279.63,7.39,D,0
47.05516,29.3538,301.47,0.39,0.36,2022-02-06,0009,N20,VIIRS,n,2,269.02,0.67,N,0
45.99408,28.32376,327.46,0.44,0.62,2022-02-06,0954,N20,VIIRS,n,2,280.38,1.55,D,0
46.08572,28.38922,338.64,0.43,0.62,2022-02-06,0954,N20,VIIRS,n,2,282.39,3.73,D,0
47.45592,29.01432,343.96,0.59,0.53,2022-02-06,1135,N20,VIIRS,n,2,278.31,8.35,D,0
47.80298,28.80605,340.57,0.58,0.52,2022-02-06,1135,N20,VIIRS,n,2,274.39,6.32,D,0
47.62648,28.98978,337.92,0.59,0.53,2022-02-06,1135,N20,VIIRS,n,2,276.04,8.05,D,0
47.5003,28.79713,338.48,0.58,0.52,2022-02-06,1135,N20,VIIRS,n,2,280.03,9.49,D,0
47.45365,29.01519,338.43,0.59,0.53,2022-02-06,1135,N20,VIIRS,n,2,278.76,7.63,D,0
45.92793,28.2195,326.18,0.52,0.5,2022-02-06,1135,N20,VIIRS,n,2,283.05,3.34,D,0
47.52983,28.0209,328.62,0.5,0.41,2022-02-07,1116,N20,VIIRS,n,2,280.16,4.41,D,0
47.9267,28.7458,327,0.54,0.42,2022-02-07,1116,N20,VIIRS,n,2,280.59,2.08,D,0
47.9259,28.74591,327.51,0.54,0.42,2022-02-07,1116,N20,VIIRS,n,2,280.81,4.96,D,0
47.62752,27.92423,337.37,0.5,0.41,2022-02-07,1116,N20,VIIRS,n,2,280.41,6.23,D,0
47.62666,27.92511,343.23,0.5,0.41,2022-02-07,1116,N20,VIIRS,n,2,281.42,6.39,D,0
47.53053,28.02778,328.48,0.5,0.41,2022-02-07,1116,N20,VIIRS,n,2,279.31,4.41,D,0
47.52959,28.02342,345.18,0.5,0.41,2022-02-07,1116,N20,VIIRS,n,2,280.25,6.86,D,0
47.42083,28.4198,343.04,0.52,0.41,2022-02-07,1116,N20,VIIRS,n,2,281.07,7.18,D,0
47.36708,28.4889,328.38,0.52,0.41,2022-02-07,1116,N20,VIIRS,n,2,278.63,2.51,D,0
46.02977,28.85176,327.97,0.52,0.41,2022-02-07,1116,N20,VIIRS,n,2,265.71,3.92,D,0
46.18148,28.4816,339.7,0.45,0.47,2022-02-10,1019,N20,VIIRS,n,2,289.68,6.22,D,0
46.24699,28.52903,338.75,0.44,0.46,2022-02-10,1019,N20,VIIRS,n,2,289.4,4.01,D,0
46.24761,28.53213,325.33,0.44,0.46,2022-02-10,1019,N20,VIIRS,n,2,289.5,6.88,D,0
46.45351,28.56338,340.03,0.43,0.46,2022-02-10,1020,N20,VIIRS,n,2,290.18,11.68,D,0
46.11674,28.22904,330.87,0.54,0.68,2022-02-10,1200,N20,VIIRS,n,2,288,3.81,D,0
46.05347,28.56328,356.12,0.56,0.69,2022-02-10,1200,N20,VIIRS,n,2,288.68,19.74,D,0
46.18206,28.4808,329.17,0.55,0.68,2022-02-10,1200,N20,VIIRS,n,2,287.55,2.95,D,0
45.99113,28.26529,332.53,0.54,0.68,2022-02-10,1200,N20,VIIRS,n,2,287.81,5.32,D,0
45.55125,28.32099,325.43,0.54,0.68,2022-02-10,1200,N20,VIIRS,n,2,287.04,4.86,D,0
46.11323,28.22858,331.59,0.54,0.68,2022-02-10,1200,N20,VIIRS,n,2,287.96,3.73,D,0
47.78482,29.01543,300.62,0.4,0.37,2022-02-11,0015,N20,VIIRS,n,2,274.25,0.94,N,2
46.26517,28.15827,338.31,0.37,0.58,2022-02-11,1001,N20,VIIRS,n,2,288.44,3.33,D,0
46.26388,28.15375,329.69,0.37,0.58,2022-02-11,1001,N20,VIIRS,n,2,288.53,3.33,D,0
46.26259,28.14924,326.44,0.37,0.58,2022-02-11,1001,N20,VIIRS,n,2,287.27,2.2,D,0
46.26865,28.15434,350.82,0.37,0.58,2022-02-11,1001,N20,VIIRS,n,2,288.83,4.81,D,0
45.85587,28.2625,350.64,0.38,0.59,2022-02-11,1001,N20,VIIRS,n,2,289.6,3.12,D,0
45.85084,28.26542,326.37,0.38,0.59,2022-02-11,1001,N20,VIIRS,n,2,288.59,3.12,D,0
45.8518,28.26145,325.27,0.38,0.59,2022-02-11,1001,N20,VIIRS,n,2,288.35,4.35,D,0
45.85306,28.26586,352.06,0.38,0.59,2022-02-11,1001,N20,VIIRS,n,2,289.25,5.73,D,0
46.08833,28.48726,331.79,0.36,0.58,2022-02-11,1001,N20,VIIRS,n,2,290.03,2.04,D,0
45.68088,28.25724,346.67,0.63,0.54,2022-02-11,1141,N20,VIIRS,n,2,295.38,32.94,D,0
45.80608,28.65592,356.23,0.33,0.55,2022-02-11,1141,N20,VIIRS,n,2,291.77,4.23,D,0
45.85587,28.52427,342.76,0.32,0.55,2022-02-11,1141,N20,VIIRS,n,2,289.45,4.75,D,0
45.85564,28.51993,345.65,0.32,0.55,2022-02-11,1141,N20,VIIRS,n,2,294.38,5.05,D,0
45.84228,28.26582,342.76,0.63,0.54,2022-02-11,1141,N20,VIIRS,n,2,290.03,7.53,D,0
45.84729,28.26535,327.69,0.63,0.54,2022-02-11,1141,N20,VIIRS,n,2,290.19,5.14,D,0
46.16298,28.55151,367,0.33,0.55,2022-02-11,1141,N20,VIIRS,h,2,295.06,7.97,D,0
46.25811,28.15275,330.08,0.63,0.54,2022-02-11,1141,N20,VIIRS,n,2,290.08,4.45,D,0
46.26312,28.15229,339.92,0.63,0.54,2022-02-11,1141,N20,VIIRS,n,2,290.76,8.74,D,0
46.26856,28.16,327.98,0.63,0.54,2022-02-11,1141,N20,VIIRS,n,2,289.43,4.31,D,0
46.83989,28.73813,355.76,0.34,0.56,2022-02-11,1141,N20,VIIRS,n,2,291.88,5.65,D,0
46.84115,28.73537,350.72,0.34,0.56,2022-02-11,1141,N20,VIIRS,n,2,291.64,5.71,D,0
45.67579,28.25192,326.9,0.63,0.54,2022-02-11,1141,N20,VIIRS,n,2,295.13,35.78,D,0
45.68123,28.25917,349.03,0.63,0.54,2022-02-11,1141,N20,VIIRS,n,2,294.91,35.78,D,0
45.67588,28.25788,331.67,0.63,0.54,2022-02-11,1141,N20,VIIRS,n,2,301.08,58.91,D,0
45.67624,28.25978,341.69,0.63,0.54,2022-02-11,1141,N20,VIIRS,n,2,296.41,35.78,D,0
47.36591,28.24506,325.53,0.32,0.55,2022-02-11,1142,N20,VIIRS,n,2,283.89,1.44,D,0
48.00911,28.51981,353.68,0.34,0.56,2022-02-11,1142,N20,VIIRS,n,2,287.48,5.8,D,0
45.86446,28.26114,309.28,0.41,0.37,2022-02-11,2357,N20,VIIRS,n,2,261.89,1.09,N,0
45.64918,28.41409,332.15,0.57,0.43,2022-02-12,1122,N20,VIIRS,n,2,284.39,4.96,D,0
46.5065,28.39923,338,0.39,0.44,2022-02-12,1122,N20,VIIRS,n,2,280.4,3.64,D,0
46.46301,28.59971,344.07,0.4,0.44,2022-02-12,1122,N20,VIIRS,n,2,280.53,5.01,D,0
46.48854,28.99295,340.2,0.41,0.45,2022-02-12,1122,N20,VIIRS,n,2,286.52,4.71,D,0
46.02736,28.69404,336.23,0.4,0.44,2022-02-12,1122,N20,VIIRS,n,2,284.85,3.03,D,0
45.98304,28.33463,328.3,0.57,0.43,2022-02-12,1122,N20,VIIRS,n,2,284.11,6.89,D,0
45.98169,28.33679,330.78,0.57,0.43,2022-02-12,1122,N20,VIIRS,n,2,284.9,6.69,D,0
45.87935,28.32529,330.34,0.57,0.43,2022-02-12,1122,N20,VIIRS,n,2,286.32,9.97,D,0
45.87537,28.32605,328.86,0.57,0.43,2022-02-12,1122,N20,VIIRS,n,2,284.63,7.47,D,0
45.65316,28.41332,339.56,0.57,0.43,2022-02-12,1122,N20,VIIRS,n,2,284.8,4.96,D,0
45.65138,28.41343,338.27,0.57,0.43,2022-02-12,1122,N20,VIIRS,n,2,286.49,10.08,D,0
46.25554,28.58543,311.53,0.4,0.44,2022-02-12,2338,N20,VIIRS,n,2,264.65,0.91,N,0
47.78484,29.01439,297.28,0.53,0.67,2022-02-13,0117,N20,VIIRS,n,2,268.78,1.02,N,2
46.07901,28.83466,328.77,0.41,0.37,2022-02-13,1103,N20,VIIRS,n,2,274.72,2.95,D,0
46.1318,28.56735,334.6,0.41,0.37,2022-02-13,1103,N20,VIIRS,n,2,281.36,5.88,D,0
46.60341,29.77888,329.81,0.44,0.38,2022-02-13,1103,N20,VIIRS,n,2,288.67,4.91,D,0
45.60271,28.25575,340.9,0.4,0.37,2022-02-13,1103,N20,VIIRS,n,2,276.56,14.46,D,0
46.36263,29.84447,329.12,0.44,0.38,2022-02-13,1103,N20,VIIRS,n,2,286.55,1.95,D,0
46.07562,28.83557,332.88,0.41,0.37,2022-02-13,1103,N20,VIIRS,n,2,274.88,5.13,D,0
46.6037,29.78039,331.94,0.44,0.38,2022-02-13,1103,N20,VIIRS,n,2,288.29,3.66,D,0
47.58857,27.79054,334.78,0.4,0.37,2022-02-13,1104,N20,VIIRS,n,2,284.67,9.07,D,0
46.87016,29.23774,338.52,0.43,0.38,2022-02-13,1104,N20,VIIRS,n,2,285.21,3.76,D,0
46.76568,29.26777,335.65,0.43,0.38,2022-02-13,1104,N20,VIIRS,n,2,286.06,5.13,D,0
48.28283,27.57481,333.79,0.4,0.37,2022-02-13,1104,N20,VIIRS,n,2,281.47,3.39,D,0
48.22419,27.71746,332.81,0.41,0.37,2022-02-13,1104,N20,VIIRS,n,2,281.98,4.76,D,0
48.10478,28.70833,337.7,0.42,0.38,2022-02-13,1104,N20,VIIRS,n,2,281.51,3.55,D,0
47.78829,29.01637,301.95,0.33,0.55,2022-02-13,2318,N20,VIIRS,n,2,271.83,0.88,N,2
46.26867,28.41752,332.92,0.34,0.56,2022-02-13,2319,N20,VIIRS,n,2,253.32,3.06,N,0
45.62477,28.16473,329.43,0.42,0.37,2022-02-14,1044,N20,VIIRS,n,2,285.28,3.14,D,0
46.16966,28.87436,328.39,0.4,0.37,2022-02-14,1045,N20,VIIRS,n,2,286.42,0.99,D,0
46.50534,29.60455,330.63,0.39,0.36,2022-02-14,1045,N20,VIIRS,n,2,288.32,2.58,D,0
46.18135,28.26919,328.05,0.41,0.37,2022-02-14,1045,N20,VIIRS,n,2,288.26,2.15,D,0
46.97229,28.77202,334.04,0.39,0.37,2022-02-14,1045,N20,VIIRS,n,2,285.51,5.14,D,0
46.18043,28.26402,329.14,0.41,0.37,2022-02-14,1045,N20,VIIRS,n,2,288.19,2.15,D,0
48.3637,27.80434,341.93,0.4,0.37,2022-02-14,1045,N20,VIIRS,n,2,281.29,5.92,D,0
47.40185,27.71416,329.87,0.41,0.37,2022-02-14,1045,N20,VIIRS,n,2,280.6,2.61,D,0
46.26245,28.58029,335.53,0.43,0.46,2022-02-15,0040,N20,VIIRS,n,2,264.96,2.9,N,0
45.93295,28.371,353.88,0.39,0.44,2022-02-15,1026,N20,VIIRS,n,2,286.45,10.83,D,0
45.92908,28.37273,342.5,0.39,0.44,2022-02-15,1026,N20,VIIRS,n,2,296.11,32.99,D,0
46.20152,28.15933,334.97,0.39,0.44,2022-02-15,1026,N20,VIIRS,n,2,285.78,2.17,D,0
46.28817,28.43444,329.16,0.57,0.43,2022-02-15,1026,N20,VIIRS,n,2,288.14,7.83,D,0
47.61253,28.55448,325.42,0.53,0.42,2022-02-15,1026,N20,VIIRS,n,2,281.13,1.94,D,0
45.92796,28.36764,336.52,0.39,0.44,2022-02-15,1026,N20,VIIRS,n,2,287.49,14.27,D,0
46.08396,28.33254,335.16,0.65,0.73,2022-02-15,1207,N20,VIIRS,n,2,282.88,5.65,D,0
48.14447,28.54442,334.97,0.67,0.74,2022-02-15,1207,N20,VIIRS,n,2,275.28,7.43,D,0
48.14476,28.54049,343.42,0.67,0.74,2022-02-15,1207,N20,VIIRS,n,2,276.09,7.03,D,0
47.83012,28.33577,353.75,0.66,0.73,2022-02-15,1207,N20,VIIRS,n,2,284.11,10.3,D,0
45.5239,28.31272,354.51,0.38,0.58,2022-02-16,1147,N20,VIIRS,n,2,295.43,9.02,D,0
45.5255,28.31034,353.98,0.38,0.58,2022-02-16,1147,N20,VIIRS,n,2,294.18,17.24,D,0
45.52569,28.31533,367,0.38,0.59,2022-02-16,1147,N20,VIIRS,h,2,291.49,17.73,D,0
45.52027,28.31588,350.01,0.38,0.59,2022-02-16,1147,N20,VIIRS,n,2,290.72,5.38,D,0
45.52411,28.31763,367,0.38,0.58,2022-02-16,1147,N20,VIIRS,h,2,290.19,9.02,D,0
46.29018,28.38844,307.89,0.39,0.36,2022-02-17,0003,N20,VIIRS,n,2,272.18,0.87,N,0
46.26502,28.58539,336.05,0.49,0.65,2022-02-17,0948,N20,VIIRS,n,2,285.05,3.55,D,0
46.60892,29.85784,328.25,0.42,0.61,2022-02-17,0948,N20,VIIRS,n,2,285.47,1.79,D,0
45.62757,28.16939,334.48,0.54,0.68,2022-02-17,0948,N20,VIIRS,n,2,287.38,3.91,D,0
46.26163,28.58747,340.6,0.49,0.65,2022-02-17,0948,N20,VIIRS,n,2,285.82,3.54,D,0
46.82624,29.23217,328.79,0.44,0.62,2022-02-17,0949,N20,VIIRS,n,2,288.63,3.13,D,0
45.57334,28.1972,325.74,0.44,0.46,2022-02-17,1128,N20,VIIRS,n,2,287.08,2.32,D,0
46.89804,28.4721,325.51,0.47,0.47,2022-02-17,1129,N20,VIIRS,n,2,284.11,3.73,D,0
46.90924,29.13923,338.3,0.5,0.49,2022-02-17,1129,N20,VIIRS,n,2,283.53,4.88,D,0
46.44705,28.54425,354.75,0.45,0.39,2022-02-18,1110,N20,VIIRS,n,2,293.59,9.91,D,0
47.4686,28.49959,329.76,0.46,0.39,2022-02-18,1110,N20,VIIRS,n,2,281.64,2.45,D,0
46.45059,28.5434,339.48,0.45,0.39,2022-02-18,1110,N20,VIIRS,n,2,284.6,9.91,D,0
47.99894,27.86163,328.02,0.44,0.39,2022-02-18,1110,N20,VIIRS,n,2,283.43,2.44,D,0
46.44772,28.55002,334.29,0.45,0.39,2022-02-18,1110,N20,VIIRS,n,2,285.57,9.91,D,0
47.78489,29.01668,295.43,0.55,0.51,2022-02-18,2325,N20,VIIRS,n,2,271.56,1.38,N,2
47.78436,29.01608,303.21,0.39,0.59,2022-02-19,0105,N20,VIIRS,n,2,272.7,0.94,N,2
45.8062,28.55918,334.11,0.39,0.36,2022-02-19,1051,N20,VIIRS,n,2,281.93,3.57,D,0
47.37591,28.7341,342.79,0.38,0.36,2022-02-19,1051,N20,VIIRS,n,2,278.06,18.55,D,0
47.37668,28.73911,334.82,0.38,0.36,2022-02-19,1051,N20,VIIRS,n,2,270.39,7.04,D,0
47.37265,28.73519,347.55,0.38,0.36,2022-02-19,1051,N20,VIIRS,n,2,273.57,6.17,D,0
45.90446,28.48739,329.93,0.39,0.36,2022-02-19,1051,N20,VIIRS,n,2,282.08,2.81,D,0
47.7888,29.01621,295.29,0.46,0.63,2022-02-19,2306,N20,VIIRS,n,2,273.42,1.17,N,2
47.78714,29.01811,296.93,0.49,0.48,2022-02-20,0046,N20,VIIRS,n,2,273.49,1.34,N,2
48.13011,28.22975,327.49,0.47,0.4,2022-02-20,1033,N20,VIIRS,n,2,283.52,8.01,D,0
48.11876,27.06715,329.99,0.51,0.41,2022-02-20,1033,N20,VIIRS,n,2,282.81,3.41,D,0
47.44287,28.08331,343.88,0.76,0.77,2022-02-20,1213,N20,VIIRS,n,2,284.09,24.54,D,0
47.45346,28.26037,328.95,0.77,0.77,2022-02-20,1213,N20,VIIRS,n,2,281.58,18.02,D,0
47.45166,28.25532,355.61,0.77,0.77,2022-02-20,1213,N20,VIIRS,n,2,287.03,14.68,D,0
47.44309,28.07314,349.39,0.76,0.77,2022-02-20,1213,N20,VIIRS,n,2,288.96,34.34,D,0
47.13755,28.28158,356.56,0.77,0.77,2022-02-20,1213,N20,VIIRS,l,2,282.74,15.14,D,0
47.1448,28.28027,347.13,0.77,0.77,2022-02-20,1213,N20,VIIRS,n,2,279.44,15.14,D,0
47.78397,29.01906,301.33,0.48,0.4,2022-02-21,0028,N20,VIIRS,n,2,273.13,1.31,N,0
47.95817,27.76684,298.16,0.43,0.38,2022-02-21,0028,N20,VIIRS,n,2,266.19,0.72,N,0
46.64822,29.66546,331.21,0.45,0.47,2022-02-21,1013,N20,VIIRS,n,2,289.03,8.41,D,0
46.44103,30.05124,336.22,0.44,0.46,2022-02-21,1013,N20,VIIRS,n,2,288.15,2.46,D,0
46.24923,28.47581,352.63,0.52,0.5,2022-02-21,1013,N20,VIIRS,n,2,290.87,12.49,D,0
46.25932,28.14495,338.09,0.54,0.51,2022-02-21,1013,N20,VIIRS,n,2,287.02,4.27,D,0
46.26371,28.14264,329.53,0.54,0.51,2022-02-21,1013,N20,VIIRS,n,2,286.63,4.27,D,0
46.64953,29.67098,338.47,0.45,0.47,2022-02-21,1013,N20,VIIRS,n,2,289.97,9.6,D,0
46.65046,29.48153,346.58,0.46,0.47,2022-02-21,1013,N20,VIIRS,n,2,289.6,6.25,D,0
47.7937,27.28231,327.22,0.53,0.5,2022-02-21,1014,N20,VIIRS,n,2,284.36,6.65,D,0
47.79273,27.28016,327.17,0.53,0.5,2022-02-21,1014,N20,VIIRS,n,2,284.85,2.22,D,0
46.98108,29.18369,336.33,0.46,0.47,2022-02-21,1014,N20,VIIRS,n,2,282.9,3.94,D,0
48.05807,27.61699,339.02,0.51,0.49,2022-02-21,1014,N20,VIIRS,n,2,283.74,7.61,D,0
48.10606,27.7495,334.93,0.5,0.49,2022-02-21,1014,N20,VIIRS,n,2,286.77,4.72,D,0
46.76765,29.27679,339.8,0.46,0.47,2022-02-21,1014,N20,VIIRS,n,2,291.11,5.92,D,0
46.65226,29.47817,338.14,0.46,0.47,2022-02-21,1014,N20,VIIRS,n,2,289.02,5.62,D,0
47.3896,28.37687,331.62,0.49,0.48,2022-02-21,1014,N20,VIIRS,n,2,286.03,6.61,D,0
47.17063,28.46848,342.71,0.49,0.49,2022-02-21,1014,N20,VIIRS,n,2,293.82,47.9,D,0
46.98523,29.18169,331.5,0.46,0.47,2022-02-21,1014,N20,VIIRS,n,2,281.94,3.94,D,0
46.6536,29.48368,334.37,0.46,0.47,2022-02-21,1014,N20,VIIRS,n,2,288.22,4.56,D,0
47.80559,28.70597,335.09,0.46,0.47,2022-02-21,1014,N20,VIIRS,n,2,287.19,1.92,D,0
47.46349,28.35156,339.64,0.49,0.48,2022-02-21,1014,N20,VIIRS,n,2,293.66,17.17,D,0
47.39264,28.37397,337.52,0.49,0.48,2022-02-21,1014,N20,VIIRS,n,2,288.5,4.19,D,0
47.95148,28.48616,328.13,0.47,0.48,2022-02-21,1014,N20,VIIRS,n,2,276.75,2.95,D,0
46.93001,29.42289,327.52,0.45,0.47,2022-02-21,1014,N20,VIIRS,n,2,289.47,3,D,0
47.24296,29.31958,349.8,0.52,0.67,2022-02-21,1154,N20,VIIRS,n,2,288.05,8.65,D,0
47.22696,28.18694,331.03,0.46,0.63,2022-02-21,1154,N20,VIIRS,n,2,282.96,6.33,D,0
47.30951,28.47359,327.73,0.47,0.64,2022-02-21,1154,N20,VIIRS,n,2,286.42,5.28,D,0
47.31546,28.47337,348.01,0.47,0.64,2022-02-21,1154,N20,VIIRS,n,2,286.32,5.28,D,0
47.33196,27.91927,331.74,0.44,0.63,2022-02-21,1154,N20,VIIRS,n,2,288.42,5.5,D,0
47.33778,27.91913,340.57,0.44,0.63,2022-02-21,1154,N20,VIIRS,n,2,286.73,5.5,D,0
47.33762,27.91341,349.42,0.44,0.63,2022-02-21,1154,N20,VIIRS,n,2,289.05,9.98,D,0
47.31819,28.47123,335.49,0.47,0.64,2022-02-21,1154,N20,VIIRS,n,2,283.08,3.99,D,0
47.33152,27.91688,338.19,0.44,0.63,2022-02-21,1154,N20,VIIRS,n,2,289.22,7.77,D,0
47.33733,27.91667,356.29,0.44,0.63,2022-02-21,1154,N20,VIIRS,l,2,287.69,7.77,D,0
47.39117,28.92464,343.48,0.49,0.65,2022-02-21,1154,N20,VIIRS,n,2,286.81,6,D,0
47.44073,27.86922,348.27,0.44,0.62,2022-02-21,1154,N20,VIIRS,n,2,284.62,6.69,D,0
47.44057,27.86326,325.04,0.44,0.62,2022-02-21,1154,N20,VIIRS,n,2,286.4,5.77,D,0
47.44073,27.86846,352.61,0.44,0.62,2022-02-21,1154,N20,VIIRS,n,2,285.03,9.6,D,0
47.62343,28.91754,325.22,0.5,0.65,2022-02-21,1154,N20,VIIRS,n,2,285.43,4.27,D,0
47.60187,27.59428,331.57,0.43,0.62,2022-02-21,1154,N20,VIIRS,n,2,285.19,2.48,D,0
47.66154,27.63686,336.49,0.43,0.62,2022-02-21,1154,N20,VIIRS,n,2,287.04,7.15,D,0
47.66138,27.6305,346.1,0.43,0.62,2022-02-21,1154,N20,VIIRS,n,2,289.18,7.62,D,0
47.74926,29.15677,339.98,0.51,0.66,2022-02-21,1154,N20,VIIRS,n,2,285.16,4.38,D,0
47.74853,29.15848,351.5,0.51,0.66,2022-02-21,1154,N20,VIIRS,n,2,284.85,6.88,D,0
47.24397,29.31591,345.49,0.52,0.66,2022-02-21,1154,N20,VIIRS,n,2,288.36,9.23,D,0
45.80297,28.23893,325.45,0.45,0.63,2022-02-21,1154,N20,VIIRS,n,2,285.91,2.69,D,0
45.80283,28.23344,329.59,0.45,0.63,2022-02-21,1154,N20,VIIRS,n,2,285.77,2.78,D,0
45.80867,28.23329,343.68,0.45,0.63,2022-02-21,1154,N20,VIIRS,n,2,287.15,4.55,D,0
46.25528,28.47266,367,0.46,0.64,2022-02-21,1154,N20,VIIRS,h,2,291.1,7.63,D,0
46.71669,28.34563,336.56,0.46,0.64,2022-02-21,1154,N20,VIIRS,n,2,287.08,3.48,D,0
46.84848,29.57787,338.35,0.53,0.67,2022-02-21,1154,N20,VIIRS,n,2,285.8,8.04,D,0
46.85472,29.57779,356.04,0.53,0.67,2022-02-21,1154,N20,VIIRS,l,2,285.95,8.04,D,0
46.95489,28.46196,341.5,0.47,0.64,2022-02-21,1154,N20,VIIRS,n,2,286.19,5.91,D,0
47.1702,28.51338,332.38,0.47,0.64,2022-02-21,1154,N20,VIIRS,n,2,285.71,3.43,D,0
47.23161,29.31601,327.75,0.52,0.66,2022-02-21,1154,N20,VIIRS,n,2,283.03,4.84,D,0
47.23779,29.31609,334.15,0.52,0.66,2022-02-21,1154,N20,VIIRS,n,2,284.64,4.84,D,0
47.24406,29.32259,349.62,0.52,0.66,2022-02-21,1154,N20,VIIRS,n,2,287.51,10.94,D,0
47.23054,29.31285,331.53,0.52,0.66,2022-02-21,1154,N20,VIIRS,n,2,282.23,3.28,D,0
47.23685,29.32673,330.27,0.52,0.67,2022-02-21,1154,N20,VIIRS,n,2,284.34,6.58,D,0
47.23673,29.31309,331.87,0.52,0.66,2022-02-21,1154,N20,VIIRS,n,2,284.29,8.65,D,0
47.87957,28.39936,333.56,0.47,0.64,2022-02-21,1155,N20,VIIRS,n,2,287.14,4.92,D,0
47.87947,28.39336,330.5,0.47,0.64,2022-02-21,1155,N20,VIIRS,n,2,288.07,4.92,D,0
47.30516,28.50662,321.33,0.38,0.36,2022-02-22,0009,N20,VIIRS,n,2,260.73,1.49,N,0
47.96103,28.37835,338.71,0.56,0.52,2022-02-22,1136,N20,VIIRS,n,2,283.31,5.04,D,0
48.07932,27.33199,332.08,0.5,0.49,2022-02-22,1136,N20,VIIRS,n,2,288.29,3.63,D,0
47.78633,29.01583,302.82,0.45,0.39,2022-02-22,2350,N20,VIIRS,n,2,273.41,1.36,N,2
47.78999,28.9547,314.85,0.45,0.39,2022-02-22,2350,N20,VIIRS,n,2,274.52,2.27,N,2
47.15557,28.65073,299.31,0.46,0.39,2022-02-22,2350,N20,VIIRS,n,2,269.04,0.44,N,0
47.78979,28.94932,299.57,0.71,0.75,2022-02-23,0130,N20,VIIRS,n,2,270.1,1.31,N,0
47.78784,28.95183,297.04,0.71,0.75,2022-02-23,0130,N20,VIIRS,n,2,270.93,1.31,N,2
46.68866,29.66302,338.62,0.58,0.7,2022-02-23,0936,N20,VIIRS,n,2,285.55,5.04,D,0
46.68629,29.65607,325.46,0.58,0.7,2022-02-23,0936,N20,VIIRS,n,2,286.57,5.04,D,0
47.15002,28.66211,330.42,0.62,0.71,2022-02-23,0936,N20,VIIRS,n,2,285.96,4.09,D,0
47.62022,29.03858,330.61,0.58,0.69,2022-02-23,0936,N20,VIIRS,n,2,286.42,3.6,D,0
47.61703,29.04097,326.08,0.58,0.69,2022-02-23,0936,N20,VIIRS,n,2,286.59,3.63,D,0
45.86904,28.46922,331.23,0.5,0.41,2022-02-23,1116,N20,VIIRS,n,2,292.73,3.8,D,0
45.86839,28.46299,327.04,0.5,0.41,2022-02-23,1116,N20,VIIRS,n,2,292.58,3.8,D,0
45.89793,28.48951,326.1,0.5,0.41,2022-02-23,1116,N20,VIIRS,n,2,293.12,1.97,D,0
46.07476,28.71678,335.37,0.51,0.41,2022-02-23,1116,N20,VIIRS,n,2,292.17,9.13,D,0
46.07854,28.71593,331.45,0.51,0.41,2022-02-23,1116,N20,VIIRS,n,2,289.22,9.13,D,0
46.66966,29.73995,325.79,0.38,0.43,2022-02-23,1116,N20,VIIRS,n,2,290.44,2.09,D,0
46.6538,29.36022,329.07,0.55,0.43,2022-02-23,1116,N20,VIIRS,n,2,290.95,2.61,D,0
46.90027,28.60389,350.51,0.52,0.41,2022-02-23,1116,N20,VIIRS,n,2,292.47,8.65,D,0
46.90407,28.603,352.6,0.52,0.41,2022-02-23,1116,N20,VIIRS,n,2,289.2,8.65,D,0
47.12917,29.53518,329.77,0.57,0.43,2022-02-23,1116,N20,VIIRS,n,2,292.02,2.16,D,0
47.05264,28.48554,336.15,0.52,0.41,2022-02-23,1116,N20,VIIRS,n,2,292.13,8.13,D,0
47.1281,28.61654,325.58,0.52,0.42,2022-02-23,1116,N20,VIIRS,n,2,282.14,3.07,D,0
47.13025,28.61589,328.32,0.52,0.42,2022-02-23,1116,N20,VIIRS,n,2,285.74,4.55,D,0
47.15812,28.5045,333.97,0.52,0.41,2022-02-23,1116,N20,VIIRS,n,2,287.74,4.4,D,0
47.27753,29.15887,330.66,0.55,0.43,2022-02-23,1116,N20,VIIRS,n,2,288.66,2.65,D,0
47.26133,28.27336,344.54,0.51,0.41,2022-02-23,1116,N20,VIIRS,n,2,286.57,6.53,D,0
47.39051,28.2587,337.83,0.51,0.41,2022-02-23,1116,N20,VIIRS,n,2,288.3,3.93,D,0
47.3943,28.25804,338.96,0.51,0.41,2022-02-23,1116,N20,VIIRS,n,2,289.48,5.5,D,0
47.3936,28.25126,337.94,0.51,0.41,2022-02-23,1116,N20,VIIRS,n,2,287.28,5.5,D,0
47.39738,28.25057,332.72,0.51,0.41,2022-02-23,1116,N20,VIIRS,n,2,287.94,5.5,D,0
47.43578,28.17854,328.42,0.51,0.41,2022-02-23,1116,N20,VIIRS,n,2,286.13,4.95,D,0
47.50645,28.53462,334.77,0.52,0.42,2022-02-23,1116,N20,VIIRS,n,2,290.47,6.7,D,0
47.51029,28.53398,336.63,0.52,0.42,2022-02-23,1116,N20,VIIRS,n,2,289.43,6.7,D,0
47.82281,28.13198,332.71,0.51,0.41,2022-02-23,1117,N20,VIIRS,n,2,287.11,5.6,D,0
47.82658,28.13114,334.67,0.51,0.41,2022-02-23,1117,N20,VIIRS,n,2,289.57,20.69,D,0
47.82589,28.13025,338.55,0.51,0.41,2022-02-23,1117,N20,VIIRS,n,2,290.56,21.14,D,0
47.61016,27.85728,329.92,0.5,0.41,2022-02-23,1117,N20,VIIRS,n,2,292.36,3.69,D,0
46.03108,28.86407,325.17,0.39,0.36,2022-02-24,1057,N20,VIIRS,n,2,282.49,1.93,D,0
48.07092,27.4542,307.25,0.46,0.63,2022-02-24,2312,N20,VIIRS,n,2,266.64,1.45,N,0
47.7903,28.95185,305.25,0.57,0.52,2022-02-25,0053,N20,VIIRS,n,2,272.93,2.36,N,2
47.85123,28.33656,342.21,0.42,0.38,2022-02-25,1039,N20,VIIRS,n,2,291.77,13.41,D,0
47.85459,28.33516,340.08,0.42,0.38,2022-02-25,1039,N20,VIIRS,n,2,289.59,13.41,D,0
47.4758,28.15819,328.9,0.43,0.38,2022-02-25,1039,N20,VIIRS,n,2,291.56,1.82,D,0
47.85289,28.33797,330.08,0.42,0.38,2022-02-25,1039,N20,VIIRS,n,2,290.63,8.52,D,0
47.85188,28.33248,330.59,0.42,0.38,2022-02-25,1039,N20,VIIRS,n,2,297.14,15.99,D,0
46.91259,28.36721,337.99,0.43,0.38,2022-02-25,1039,N20,VIIRS,n,2,291.66,5.02,D,0
46.91498,28.36043,329.47,0.43,0.38,2022-02-25,1039,N20,VIIRS,n,2,291.12,2.7,D,0
47.21362,29.08899,325.77,0.41,0.37,2022-02-25,1039,N20,VIIRS,n,2,293.35,1.69,D,0
47.77678,28.35725,329.94,0.42,0.38,2022-02-25,1039,N20,VIIRS,n,2,290.75,1.91,D,0
48.02478,28.55755,331.61,0.42,0.37,2022-02-25,1039,N20,VIIRS,n,2,288.37,2.84,D,0
46.11023,28.46662,341.74,0.44,0.38,2022-02-25,1039,N20,VIIRS,n,2,292.85,4.05,D,0
46.11367,28.46527,325.41,0.44,0.38,2022-02-25,1039,N20,VIIRS,n,2,291.79,5.08,D,0
46.11814,28.46933,348.01,0.44,0.38,2022-02-25,1039,N20,VIIRS,n,2,295.14,5.08,D,0
46.1171,28.4639,336.01,0.44,0.38,2022-02-25,1039,N20,VIIRS,n,2,291,5.08,D,0
46.40843,30.01384,331.27,0.4,0.37,2022-02-25,1039,N20,VIIRS,n,2,289.66,2.32,D,0
46.47805,29.30319,327.06,0.42,0.37,2022-02-25,1039,N20,VIIRS,n,2,290.73,2.46,D,0
46.47718,29.30116,334.16,0.42,0.37,2022-02-25,1039,N20,VIIRS,n,2,289.96,2.79,D,0
46.76413,29.28853,340.37,0.41,0.37,2022-02-25,1039,N20,VIIRS,n,2,291.6,3.65,D,0
46.87542,29.31174,330.92,0.41,0.37,2022-02-25,1039,N20,VIIRS,n,2,294.25,20.66,D,0
46.90033,28.57375,349.7,0.43,0.38,2022-02-25,1039,N20,VIIRS,n,2,296.67,20.41,D,0
46.90373,28.57246,335.27,0.43,0.38,2022-02-25,1039,N20,VIIRS,n,2,290.2,4.37,D,0
47.78953,28.95236,302.62,0.65,0.73,2022-02-25,2253,N20,VIIRS,n,2,269.64,1.81,N,2
47.41475,27.69013,301.7,0.49,0.41,2022-02-26,0034,N20,VIIRS,n,2,270.63,2.25,N,0
47.4161,27.68364,324.67,0.49,0.4,2022-02-26,0034,N20,VIIRS,n,2,273.87,2.25,N,0
47.41118,27.68844,299.72,0.49,0.41,2022-02-26,0034,N20,VIIRS,n,2,268.64,1.21,N,0
47.05307,28.81575,303.04,0.4,0.37,2022-02-27,0015,N20,VIIRS,n,2,269.74,0.84,N,0
47.78391,29.01863,302.22,0.4,0.37,2022-02-27,0015,N20,VIIRS,n,2,271.3,1.81,N,0
47.7883,28.95391,317.53,0.4,0.37,2022-02-27,0015,N20,VIIRS,n,2,273.16,2,N,2
47.05637,28.81697,302.36,0.4,0.37,2022-02-27,0015,N20,VIIRS,n,2,271.45,0.84,N,0
46.51053,29.6411,308.02,0.42,0.38,2022-02-27,0015,N20,VIIRS,n,2,270.51,0.99,N,0
46.36144,28.8719,356.43,0.34,0.56,2022-02-27,1142,N20,VIIRS,l,2,288.1,8.63,D,0
46.36124,28.86757,354.73,0.34,0.56,2022-02-27,1142,N20,VIIRS,n,2,289.39,8.63,D,0
47.79428,27.8091,328.1,0.44,0.38,2022-02-27,2356,N20,VIIRS,n,2,267.25,3.97,N,0
48.08437,28.1233,327.36,0.52,0.67,2022-02-28,0943,N20,VIIRS,n,2,275.67,3.11,D,0
48.085,28.12228,325.22,0.52,0.67,2022-02-28,0943,N20,VIIRS,n,2,277.27,2.31,D,0
47.89551,28.48049,338.34,0.41,0.45,2022-02-28,1123,N20,VIIRS,n,2,281.19,3.66,D,0
48.0081,27.61978,327.57,0.57,0.43,2022-02-28,1123,N20,VIIRS,n,2,278.69,4.22,D,0
47.86563,28.18584,333.17,0.4,0.44,2022-02-28,1123,N20,VIIRS,n,2,280.61,1.69,D,0
47.8905,28.47085,338.9,0.41,0.45,2022-02-28,1123,N20,VIIRS,n,2,281.37,7.15,D,0
47.67773,28.05772,327.46,0.39,0.44,2022-02-28,1123,N20,VIIRS,n,2,268.49,2.7,D,0
47.67818,28.06278,326.03,0.39,0.44,2022-02-28,1123,N20,VIIRS,n,2,268.31,2.83,D,0
47.51015,27.79954,340.62,0.41,0.61,2022-03-10,0955,N20,VIIRS,n,2,271.67,5.17,D,0
47.76944,28.97122,329.28,0.36,0.57,2022-03-10,0955,N20,VIIRS,n,2,275.09,2.14,D,0
47.76933,28.97169,329.62,0.36,0.57,2022-03-10,0955,N20,VIIRS,n,2,275.01,2.45,D,0
46.57186,29.94057,327.68,0.42,0.37,2022-03-10,2351,N20,VIIRS,n,2,263.19,9.12,N,0
45.8551,28.21527,330.37,0.38,0.36,2022-03-12,1057,N20,VIIRS,n,2,286.03,3.45,D,0
48.07589,27.36622,342.49,0.39,0.36,2022-03-12,1058,N20,VIIRS,n,2,284.8,3.4,D,0
48.07263,27.3673,341.39,0.39,0.36,2022-03-12,1058,N20,VIIRS,n,2,292.83,8.21,D,0
48.1572,28.21201,331.8,0.39,0.36,2022-03-12,1058,N20,VIIRS,n,2,289.99,3.19,D,0
48.01512,27.78995,328.28,0.39,0.36,2022-03-12,1058,N20,VIIRS,n,2,291.75,3.38,D,0
48.01586,27.79508,329.83,0.39,0.36,2022-03-12,1058,N20,VIIRS,n,2,288.85,2.8,D,0
48.02733,28.06578,332.99,0.39,0.36,2022-03-12,1058,N20,VIIRS,n,2,290.15,2.48,D,0
47.95884,27.9181,325.79,0.39,0.36,2022-03-12,1058,N20,VIIRS,n,2,289.11,1.79,D,0
47.95048,27.93151,325.23,0.39,0.36,2022-03-12,1058,N20,VIIRS,n,2,287.83,1.9,D,0
47.72889,27.86273,329.15,0.39,0.36,2022-03-12,1058,N20,VIIRS,n,2,291.87,17.03,D,0
47.66737,27.65376,328.09,0.39,0.36,2022-03-12,1058,N20,VIIRS,n,2,290.45,35.94,D,0
47.57946,28.0545,326.17,0.39,0.36,2022-03-12,1058,N20,VIIRS,n,2,286.33,3.44,D,0
47.58019,28.05957,335.74,0.39,0.36,2022-03-12,1058,N20,VIIRS,n,2,286.67,4.43,D,0
47.64196,28.78729,326.71,0.4,0.37,2022-03-12,1058,N20,VIIRS,n,2,288.07,3.79,D,0
47.63865,28.78828,327.34,0.4,0.37,2022-03-12,1058,N20,VIIRS,n,2,288.02,3.79,D,0
45.85779,28.21162,326.24,0.38,0.36,2022-03-12,1058,N20,VIIRS,n,2,286.07,2.12,D,0
46.79695,28.23745,333.69,0.39,0.36,2022-03-12,1058,N20,VIIRS,n,2,285.49,2.71,D,0
46.90153,28.37085,327.98,0.39,0.36,2022-03-12,1058,N20,VIIRS,n,2,284.1,2.9,D,0
46.90081,28.36579,328.05,0.39,0.36,2022-03-12,1058,N20,VIIRS,n,2,284.82,3.07,D,0
46.90482,28.36984,328.52,0.39,0.36,2022-03-12,1058,N20,VIIRS,n,2,283.01,4,D,0
46.90409,28.36479,334.38,0.39,0.36,2022-03-12,1058,N20,VIIRS,n,2,290.18,4.66,D,0
46.90737,28.36378,330.56,0.39,0.36,2022-03-12,1058,N20,VIIRS,n,2,284.84,4.66,D,0
47.25654,29.48915,327.23,0.4,0.37,2022-03-12,1058,N20,VIIRS,n,2,285.49,2.55,D,0
47.2888,28.55137,328.94,0.39,0.36,2022-03-12,1058,N20,VIIRS,n,2,287.63,2.01,D,0
47.63937,28.79355,328.28,0.4,0.37,2022-03-12,1058,N20,VIIRS,n,2,285.07,5.53,D,0
47.29655,27.94201,337.32,0.39,0.36,2022-03-12,1058,N20,VIIRS,n,2,282.51,7.47,D,0
48.33576,27.88372,334,0.39,0.36,2022-03-12,1058,N20,VIIRS,n,2,284.46,2.03,D,0
48.33036,27.918,339.73,0.39,0.36,2022-03-12,1058,N20,VIIRS,n,2,285.75,3.46,D,0
48.16976,27.33147,332.19,0.39,0.36,2022-03-12,1058,N20,VIIRS,n,2,287.04,2.91,D,0
48.06736,27.05916,332.05,0.38,0.36,2022-03-12,1058,N20,VIIRS,n,2,288,2.69,D,0
47.41256,27.72344,337.26,0.44,0.39,2022-03-13,1039,N20,VIIRS,n,2,267.99,7.14,D,0
47.26784,27.85863,331.35,0.44,0.38,2022-03-13,1039,N20,VIIRS,n,2,281.61,2.72,D,0
47.35877,28.20288,344.3,0.43,0.38,2022-03-13,1039,N20,VIIRS,n,2,280.21,8.66,D,0
47.41366,27.72927,345.46,0.44,0.39,2022-03-13,1039,N20,VIIRS,n,2,270.96,7.57,D,0
47.41315,27.72754,348.82,0.44,0.39,2022-03-13,1039,N20,VIIRS,n,2,269.82,5.84,D,0
47.41656,27.72604,335.26,0.44,0.39,2022-03-13,1039,N20,VIIRS,n,2,267.23,5.84,D,0
47.55648,27.66318,349.79,0.52,0.67,2022-03-14,1201,N20,VIIRS,n,2,289.52,6.57,D,0
47.78913,28.95205,302.72,0.4,0.37,2022-03-15,0015,N20,VIIRS,n,2,268.01,0.74,N,2
46.72051,28.94508,326.07,0.33,0.55,2022-03-15,1001,N20,VIIRS,n,2,290.95,1.78,D,0
47.9495,27.7732,328.54,0.34,0.56,2022-03-15,1002,N20,VIIRS,n,2,290.76,0.85,D,0
47.94477,27.77635,351.05,0.34,0.56,2022-03-15,1002,N20,VIIRS,n,2,291.22,2.92,D,0
47.76307,28.57363,355.1,0.32,0.54,2022-03-15,1002,N20,VIIRS,n,2,291.71,5.18,D,0
47.76193,28.56953,337.78,0.32,0.55,2022-03-15,1002,N20,VIIRS,n,2,293,4.54,D,0
47.7667,28.56705,325.04,0.32,0.55,2022-03-15,1002,N20,VIIRS,n,2,292.59,2.46,D,0
47.8484,28.84417,350.96,0.62,0.54,2022-03-15,1002,N20,VIIRS,n,2,287.48,12.11,D,0
47.73307,28.15253,339.92,0.33,0.56,2022-03-15,1002,N20,VIIRS,n,2,291.1,4.31,D,0
47.94679,27.77364,343.85,0.34,0.56,2022-03-15,1002,N20,VIIRS,n,2,291.84,3.66,D,0
47.94798,27.77789,328.26,0.34,0.56,2022-03-15,1002,N20,VIIRS,n,2,290.44,2.79,D,0
47.33976,28.74845,332.02,0.32,0.55,2022-03-15,1002,N20,VIIRS,n,2,287.96,2.07,D,0
47.73791,28.14994,367,0.33,0.56,2022-03-15,1002,N20,VIIRS,h,2,293.16,4.31,D,0
47.39683,28.36071,367,0.33,0.56,2022-03-15,1002,N20,VIIRS,h,2,293.18,8.55,D,0
47.18979,28.62322,348.66,0.33,0.55,2022-03-15,1002,N20,VIIRS,n,2,288.26,3.15,D,0
47.08538,28.60287,339.51,0.33,0.56,2022-03-15,1002,N20,VIIRS,n,2,288.53,3.31,D,0
47.86407,28.9407,349.98,0.61,0.53,2022-03-15,1002,N20,VIIRS,n,2,287.81,9.92,D,0
47.5475,28.35282,330.67,0.33,0.55,2022-03-15,1002,N20,VIIRS,n,2,291.12,1.6,D,0
47.40033,27.7781,327.43,0.35,0.57,2022-03-15,1002,N20,VIIRS,n,2,292.6,1.44,D,0
47.38469,27.70408,326.78,0.36,0.57,2022-03-15,1002,N20,VIIRS,n,2,291.72,1.75,D,0
48.13741,27.12111,341.83,0.36,0.57,2022-03-15,1002,N20,VIIRS,n,2,291.22,3.79,D,0
47.7482,28.74026,328.52,0.63,0.54,2022-03-15,1002,N20,VIIRS,n,2,290.94,4.57,D,0
47.9006,27.38603,342.95,0.36,0.57,2022-03-15,1002,N20,VIIRS,n,2,291.13,4.06,D,0
47.89567,27.38887,345.62,0.36,0.57,2022-03-15,1002,N20,VIIRS,n,2,290.38,4.06,D,0
48.36725,27.80477,342.78,0.63,0.54,2022-03-15,1142,N20,VIIRS,n,2,293.28,12.36,D,0
48.25043,27.57643,341.29,0.62,0.54,2022-03-15,1142,N20,VIIRS,n,2,292.98,7,D,0
48.24545,27.57684,338.67,0.62,0.54,2022-03-15,1142,N20,VIIRS,n,2,294.5,11.7,D,0
48.15452,27.46951,331.4,0.61,0.53,2022-03-15,1142,N20,VIIRS,n,2,293.47,4.67,D,0
48.16042,27.68004,330.14,0.62,0.54,2022-03-15,1142,N20,VIIRS,n,2,292.57,3.15,D,0
46.82474,28.36195,367,0.33,0.55,2022-03-15,1142,N20,VIIRS,h,2,294.4,4.83,D,0
47.15879,28.41621,333.39,0.33,0.55,2022-03-15,1142,N20,VIIRS,n,2,293.29,2.55,D,0
47.25147,29.50224,367,0.37,0.58,2022-03-15,1142,N20,VIIRS,h,2,291.24,6.72,D,0
47.33369,27.71524,345.59,0.62,0.54,2022-03-15,1142,N20,VIIRS,n,2,274.12,15.39,D,0
47.33409,27.7134,340.93,0.62,0.54,2022-03-15,1142,N20,VIIRS,n,2,274.58,7.48,D,0
47.44285,28.29224,329.83,0.33,0.55,2022-03-15,1142,N20,VIIRS,n,2,291.87,1.77,D,0
47.47495,28.53704,367,0.34,0.56,2022-03-15,1142,N20,VIIRS,h,2,293.88,8.86,D,0
47.47475,28.53262,350.82,0.34,0.56,2022-03-15,1142,N20,VIIRS,n,2,297.55,8.86,D,0
47.51279,28.66373,344.76,0.34,0.56,2022-03-15,1142,N20,VIIRS,n,2,295.93,5.33,D,0
47.51798,28.66284,367,0.34,0.56,2022-03-15,1142,N20,VIIRS,h,2,292.68,5.33,D,0
47.5178,28.65854,354.9,0.34,0.56,2022-03-15,1142,N20,VIIRS,n,2,294.56,5.33,D,0
47.54111,28.36107,340.57,0.33,0.55,2022-03-15,1142,N20,VIIRS,n,2,294.92,4.56,D,0
47.54624,28.36047,367,0.33,0.55,2022-03-15,1142,N20,VIIRS,h,2,292.27,4.56,D,0
47.54604,28.35605,339.33,0.33,0.55,2022-03-15,1142,N20,VIIRS,n,2,294.5,4.56,D,0
47.57626,28.68049,367,0.34,0.56,2022-03-15,1142,N20,VIIRS,h,2,295.19,4.97,D,0
47.55209,27.57573,344.93,0.61,0.53,2022-03-15,1142,N20,VIIRS,n,2,281.52,20.16,D,0
47.55165,27.56782,340.97,0.61,0.53,2022-03-15,1142,N20,VIIRS,n,2,276.22,13.62,D,0
47.62143,28.04896,367,0.32,0.55,2022-03-15,1142,N20,VIIRS,h,2,292.81,7.1,D,0
47.75187,28.60514,334.62,0.34,0.56,2022-03-15,1142,N20,VIIRS,n,2,289.07,1.57,D,0
47.75707,28.6046,331.09,0.34,0.56,2022-03-15,1142,N20,VIIRS,n,2,289.7,1.57,D,0
47.77575,28.55437,326.98,0.34,0.56,2022-03-15,1142,N20,VIIRS,n,2,293.81,2.28,D,0
47.78889,28.73581,367,0.35,0.56,2022-03-15,1142,N20,VIIRS,h,2,291.51,8.85,D,0
47.78868,28.73109,336.02,0.35,0.56,2022-03-15,1142,N20,VIIRS,n,2,293.61,8.85,D,0
47.8406,28.85165,345.51,0.35,0.57,2022-03-15,1142,N20,VIIRS,n,2,288.05,5.57,D,0
47.84042,28.84709,351.12,0.35,0.57,2022-03-15,1142,N20,VIIRS,n,2,289.75,4.79,D,0
47.84024,28.84244,337.82,0.35,0.57,2022-03-15,1142,N20,VIIRS,n,2,289.34,4.79,D,0
47.86021,28.94757,367,0.36,0.57,2022-03-15,1142,N20,VIIRS,h,2,290.07,7.29,D,0
47.85965,28.93299,329.08,0.35,0.57,2022-03-15,1142,N20,VIIRS,n,2,288.76,2.74,D,0
47.86551,28.94717,367,0.36,0.57,2022-03-15,1142,N20,VIIRS,h,2,292.58,7.29,D,0
47.86531,28.94227,345.86,0.36,0.57,2022-03-15,1142,N20,VIIRS,n,2,291.43,7.27,D,0
47.86512,28.93741,334.03,0.36,0.57,2022-03-15,1142,N20,VIIRS,n,2,289.98,7.27,D,0
47.86494,28.93258,335.51,0.35,0.57,2022-03-15,1142,N20,VIIRS,n,2,290.51,2.74,D,0
47.84514,27.90052,331.38,0.63,0.54,2022-03-15,1142,N20,VIIRS,n,2,295.31,5.06,D,0
48.00075,28.19836,367,0.33,0.55,2022-03-15,1142,N20,VIIRS,h,2,297.24,5.35,D,0
48.00095,28.2025,326.85,0.33,0.55,2022-03-15,1142,N20,VIIRS,n,2,292.38,5.35,D,0
47.99806,28.19902,367,0.33,0.55,2022-03-15,1142,N20,VIIRS,h,2,299.28,10.07,D,0
48.14299,28.40414,349.03,0.34,0.56,2022-03-15,1142,N20,VIIRS,n,2,293.45,3.07,D,0
48.14278,28.39923,339.87,0.34,0.56,2022-03-15,1142,N20,VIIRS,n,2,292.68,3.07,D,0
48.09583,27.10929,334.08,0.59,0.53,2022-03-15,1142,N20,VIIRS,n,2,291.84,3.57,D,0
48.10068,27.10864,335.25,0.59,0.53,2022-03-15,1142,N20,VIIRS,n,2,291.43,2.87,D,0
48.37227,27.80404,348.64,0.63,0.54,2022-03-15,1142,N20,VIIRS,n,2,294.8,12.36,D,0
48.26347,26.75697,339.98,0.57,0.52,2022-03-15,1142,N20,VIIRS,n,2,292.63,8.82,D,0
46.6884,29.81426,327.53,0.38,0.59,2022-03-15,1142,N20,VIIRS,n,2,292.42,1.89,D,0
46.69492,28.27734,339.52,0.32,0.55,2022-03-15,1142,N20,VIIRS,n,2,279.93,3.1,D,0
46.79734,28.43252,336.88,0.33,0.55,2022-03-15,1142,N20,VIIRS,n,2,290.1,2.14,D,0
46.79712,28.42792,329.77,0.33,0.55,2022-03-15,1142,N20,VIIRS,n,2,291.34,2.14,D,0
48.34451,27.83586,306.55,0.44,0.39,2022-03-15,2356,N20,VIIRS,n,2,262.45,0.63,N,0
48.341,27.83488,299.71,0.44,0.39,2022-03-15,2356,N20,VIIRS,n,2,260.74,0.63,N,0
46.56102,29.93065,319.74,0.39,0.36,2022-03-15,2357,N20,VIIRS,n,2,266.88,1.41,N,0
46.56029,29.93569,310.55,0.39,0.36,2022-03-15,2357,N20,VIIRS,n,2,264.83,1.68,N,0
47.78851,28.95332,295.93,0.41,0.37,2022-03-15,2357,N20,VIIRS,n,2,259.28,0.52,N,2
47.45363,28.5722,296.2,0.41,0.45,2022-03-16,2338,N20,VIIRS,n,2,262.88,0.64,N,0
47.67049,27.74888,297.17,0.44,0.46,2022-03-16,2338,N20,VIIRS,n,2,266.57,0.61,N,0
47.79049,28.95271,307.94,0.39,0.44,2022-03-16,2338,N20,VIIRS,n,2,269.26,1.22,N,2
47.32677,27.6967,327.97,0.4,0.37,2022-03-17,1104,N20,VIIRS,n,2,287.56,8.47,D,0
47.35017,27.68991,328.98,0.4,0.37,2022-03-17,1104,N20,VIIRS,n,2,285.84,2.67,D,0
47.35352,27.68894,326.08,0.4,0.37,2022-03-17,1104,N20,VIIRS,n,2,288.38,1.82,D,0
47.35279,27.6836,325.97,0.4,0.37,2022-03-17,1104,N20,VIIRS,n,2,288.16,2.08,D,0
47.62512,28.77985,345.96,0.42,0.38,2022-03-17,1104,N20,VIIRS,n,2,302.48,38.49,D,0
47.62653,28.77779,344.8,0.42,0.38,2022-03-17,1104,N20,VIIRS,n,2,287.71,11.43,D,0
47.71224,29.10116,341.84,0.43,0.38,2022-03-17,1104,N20,VIIRS,n,2,285.6,11.55,D,0
47.23631,28.69655,345.96,0.42,0.38,2022-03-17,1104,N20,VIIRS,n,2,284.76,4.15,D,0
47.23289,28.69745,325.97,0.42,0.38,2022-03-17,1104,N20,VIIRS,n,2,283.98,4.15,D,0
47.09313,28.61761,330.54,0.42,0.37,2022-03-17,1104,N20,VIIRS,n,2,283.99,6.3,D,0
47.09042,28.62409,330.12,0.42,0.37,2022-03-17,1104,N20,VIIRS,n,2,282.33,4.82,D,0
47.04742,28.63849,328.39,0.42,0.37,2022-03-17,1104,N20,VIIRS,n,2,283.3,2.29,D,0
47.11188,29.47649,329.26,0.44,0.38,2022-03-17,1104,N20,VIIRS,n,2,285.74,2.79,D,0
46.85808,28.66874,335.91,0.42,0.37,2022-03-17,1104,N20,VIIRS,n,2,280.02,4.98,D,0
46.70575,28.2985,325.89,0.41,0.37,2022-03-17,1104,N20,VIIRS,n,2,286.98,3.23,D,0
47.24045,28.7013,331.99,0.42,0.38,2022-03-17,1104,N20,VIIRS,n,2,284.4,8.85,D,0
46.69865,28.40647,334.79,0.41,0.37,2022-03-17,1104,N20,VIIRS,n,2,292.07,2.86,D,0
46.73836,28.71195,346.47,0.42,0.37,2022-03-17,1104,N20,VIIRS,n,2,296.97,17.47,D,0
46.73495,28.71289,355.9,0.42,0.37,2022-03-17,1104,N20,VIIRS,n,2,289.74,17.47,D,0
45.9723,28.31653,345.58,0.4,0.37,2022-03-17,1104,N20,VIIRS,n,2,295.45,6.99,D,0
45.96894,28.31745,343.17,0.4,0.37,2022-03-17,1104,N20,VIIRS,n,2,294.13,6.99,D,0
45.6295,28.19094,346.36,0.4,0.37,2022-03-17,1104,N20,VIIRS,n,2,294.2,5.52,D,0
47.9572,28.62266,334.71,0.42,0.38,2022-03-17,1104,N20,VIIRS,n,2,280.65,4.92,D,0
47.96064,28.62177,337.29,0.42,0.38,2022-03-17,1104,N20,VIIRS,n,2,283.14,6.46,D,0
47.88654,27.26488,337.89,0.4,0.37,2022-03-17,1104,N20,VIIRS,n,2,289.03,6.03,D,0
48.02376,27.71733,335.23,0.41,0.37,2022-03-17,1104,N20,VIIRS,n,2,289.74,11.95,D,0
46.70238,28.29942,329.58,0.41,0.37,2022-03-17,1104,N20,VIIRS,n,2,286.97,2.26,D,0
47.23975,28.69567,352.17,0.42,0.38,2022-03-17,1104,N20,VIIRS,n,2,292.53,8.85,D,0
47.24388,28.70038,330.93,0.42,0.38,2022-03-17,1104,N20,VIIRS,n,2,284.79,8.85,D,0
47.16911,28.09305,329.34,0.41,0.37,2022-03-17,1104,N20,VIIRS,n,2,283.44,13.75,D,0
47.39481,28.98564,327.59,0.43,0.38,2022-03-17,1104,N20,VIIRS,n,2,281.59,15.54,D,0
47.34692,28.22082,327.31,0.41,0.37,2022-03-17,1104,N20,VIIRS,n,2,277.67,3.57,D,0
47.43148,28.55286,339.76,0.42,0.37,2022-03-17,1104,N20,VIIRS,n,2,282.64,3.23,D,0
47.32343,27.69767,336.54,0.4,0.37,2022-03-17,1104,N20,VIIRS,n,2,290.73,15.09,D,0
48.27333,26.75857,330.85,0.39,0.36,2022-03-17,1105,N20,VIIRS,n,2,286.96,13.42,D,0
48.26891,26.77632,341.49,0.39,0.36,2022-03-17,1105,N20,VIIRS,n,2,290.9,5.15,D,0
48.26561,26.77738,340.88,0.39,0.36,2022-03-17,1105,N20,VIIRS,n,2,292.47,6.77,D,0
48.26633,26.78261,328.1,0.39,0.36,2022-03-17,1105,N20,VIIRS,n,2,289.09,6.77,D,0
48.07701,27.19183,340.76,0.4,0.37,2022-03-17,1105,N20,VIIRS,n,2,295.7,6.76,D,0
48.26818,26.7711,347.19,0.39,0.36,2022-03-17,1105,N20,VIIRS,n,2,291.32,5.76,D,0
45.83038,28.14145,334.67,0.41,0.37,2022-03-18,1045,N20,VIIRS,n,2,274.31,42.67,D,0
45.83279,28.13504,328.43,0.41,0.37,2022-03-18,1045,N20,VIIRS,n,2,272.47,5.54,D,0
46.52512,29.21811,329.42,0.39,0.36,2022-03-18,1045,N20,VIIRS,n,2,283.68,2.13,D,0
47.16769,28.49818,343.07,0.4,0.37,2022-03-18,1045,N20,VIIRS,n,2,277.99,5.71,D,0
47.24364,28.17741,325.7,0.4,0.37,2022-03-18,1045,N20,VIIRS,n,2,284.09,3.25,D,0
47.43532,28.17155,330.05,0.4,0.37,2022-03-18,1045,N20,VIIRS,n,2,290.88,3.88,D,0
45.82276,28.13871,349.66,0.41,0.37,2022-03-18,1045,N20,VIIRS,n,2,281.86,26.69,D,0
45.82184,28.13352,337.91,0.41,0.37,2022-03-18,1045,N20,VIIRS,n,2,271.87,12.53,D,0
45.82518,28.1323,345.51,0.41,0.37,2022-03-18,1045,N20,VIIRS,n,2,277.36,15.38,D,0
48.41801,27.80194,335.58,0.4,0.37,2022-03-18,1046,N20,VIIRS,n,2,285.83,2.75,D,0
48.4157,27.60569,334.2,0.4,0.37,2022-03-18,1046,N20,VIIRS,n,2,288.16,2.31,D,0
48.41654,27.60297,325.26,0.4,0.37,2022-03-18,1046,N20,VIIRS,n,2,287.19,2.44,D,0
48.43007,27.35908,329.49,0.4,0.37,2022-03-18,1046,N20,VIIRS,n,2,284.95,5.25,D,0
48.34637,26.93097,332.36,0.41,0.37,2022-03-18,1046,N20,VIIRS,n,2,285.88,3.73,D,0
47.63785,28.42332,333.76,0.39,0.37,2022-03-18,1046,N20,VIIRS,n,2,285.05,4.61,D,0
47.55003,27.50801,335.52,0.41,0.37,2022-03-18,1046,N20,VIIRS,n,2,299.26,23.76,D,0
47.62474,27.78946,343.47,0.4,0.37,2022-03-18,1046,N20,VIIRS,n,2,283.36,6.6,D,0
47.81294,28.76967,339.46,0.39,0.36,2022-03-18,1046,N20,VIIRS,n,2,286.75,5.81,D,0
47.87363,28.80507,333.73,0.39,0.36,2022-03-18,1046,N20,VIIRS,n,2,287.83,2.99,D,0
47.87636,27.43604,342.39,0.41,0.37,2022-03-18,1046,N20,VIIRS,n,2,290.01,7.27,D,0
48.04887,27.44546,325.78,0.41,0.37,2022-03-18,1046,N20,VIIRS,n,2,285.63,2.09,D,0
48.05217,27.44409,335.55,0.41,0.37,2022-03-18,1046,N20,VIIRS,n,2,288.23,3.17,D,0
45.8239,28.11928,316.55,0.43,0.46,2022-03-19,0041,N20,VIIRS,n,2,264.8,2.83,N,0
45.82791,28.12121,340.94,0.43,0.46,2022-03-19,0041,N20,VIIRS,n,2,267.2,2.83,N,0
45.82514,28.11402,329.44,0.43,0.46,2022-03-19,0041,N20,VIIRS,n,2,264.64,2.83,N,0
45.81089,28.13655,310.33,0.43,0.46,2022-03-19,0041,N20,VIIRS,n,2,267.54,1.89,N,3
46.49533,28.95524,335.95,0.53,0.42,2022-03-19,1026,N20,VIIRS,n,2,288.89,7.54,D,0
45.85875,28.47262,354,0.38,0.44,2022-03-19,1026,N20,VIIRS,n,2,298.64,18.77,D,0
45.85768,28.46773,327.15,0.38,0.44,2022-03-19,1026,N20,VIIRS,n,2,295.97,18.77,D,0
45.86261,28.47097,346.67,0.38,0.44,2022-03-19,1026,N20,VIIRS,n,2,288.51,18.77,D,0
46.03104,28.67059,330.25,0.56,0.43,2022-03-19,1026,N20,VIIRS,n,2,288.17,6.42,D,0
46.41029,29.23323,330.34,0.52,0.42,2022-03-19,1026,N20,VIIRS,n,2,287.21,3.85,D,0
46.35365,28.85636,344.96,0.54,0.42,2022-03-19,1026,N20,VIIRS,n,2,289.84,7.22,D,0
46.72284,29.63503,335.3,0.5,0.41,2022-03-19,1026,N20,VIIRS,n,2,288.65,5.21,D,0
47.20417,28.33552,326.47,0.55,0.42,2022-03-19,1027,N20,VIIRS,n,2,284.73,2.54,D,0
48.28063,27.84617,343.34,0.54,0.42,2022-03-19,1027,N20,VIIRS,n,2,294.8,9.29,D,0
48.28218,27.8533,331.18,0.54,0.42,2022-03-19,1027,N20,VIIRS,n,2,290.02,9.29,D,0
48.14102,27.60981,330.3,0.56,0.43,2022-03-19,1027,N20,VIIRS,n,2,291.42,4.56,D,0
48.04295,27.71309,333.17,0.55,0.43,2022-03-19,1027,N20,VIIRS,n,2,294.27,13.99,D,0
48.05029,28.06632,337.94,0.54,0.42,2022-03-19,1027,N20,VIIRS,n,2,289.39,6.05,D,0
48.05222,28.06516,331.19,0.54,0.42,2022-03-19,1027,N20,VIIRS,n,2,290.65,5.24,D,0
48.08106,28.39048,329.07,0.52,0.42,2022-03-19,1027,N20,VIIRS,n,2,287.48,3.51,D,0
47.96759,28.09073,338.16,0.54,0.42,2022-03-19,1027,N20,VIIRS,n,2,295.87,7.63,D,0
48.08516,28.67397,325.96,0.51,0.41,2022-03-19,1027,N20,VIIRS,n,2,290.78,3.62,D,0
48.08012,28.66904,335.97,0.51,0.41,2022-03-19,1027,N20,VIIRS,n,2,290.83,3.62,D,0
48.00791,28.38863,329.24,0.52,0.42,2022-03-19,1027,N20,VIIRS,n,2,287.99,4.49,D,0
48.009,28.38871,329.55,0.52,0.42,2022-03-19,1027,N20,VIIRS,n,2,287.91,2.77,D,0
47.77898,27.6512,330.52,0.56,0.43,2022-03-19,1027,N20,VIIRS,n,2,289.04,3.96,D,0
47.87059,28.83548,332.21,0.51,0.41,2022-03-19,1027,N20,VIIRS,n,2,288.8,5.94,D,0
47.76435,28.52141,325.97,0.52,0.42,2022-03-19,1027,N20,VIIRS,n,2,287.91,2.48,D,0
47.76597,29.19461,332,0.5,0.41,2022-03-19,1027,N20,VIIRS,n,2,289.6,7.63,D,0
47.54126,28.31094,332.75,0.54,0.42,2022-03-19,1027,N20,VIIRS,n,2,291.75,24.17,D,0
47.54221,28.30343,325.05,0.54,0.42,2022-03-19,1027,N20,VIIRS,n,2,293.04,7.76,D,0
47.54371,28.31044,327.8,0.54,0.42,2022-03-19,1027,N20,VIIRS,n,2,295.97,12.64,D,0
47.53849,28.30517,329.84,0.54,0.42,2022-03-19,1027,N20,VIIRS,n,2,293.4,7.76,D,0
47.6404,29.14783,328.92,0.5,0.41,2022-03-19,1027,N20,VIIRS,n,2,288.27,1.7,D,0
47.43995,28.42688,345.56,0.54,0.42,2022-03-19,1027,N20,VIIRS,n,2,292.4,9.71,D,0
47.31253,28.27504,327.88,0.55,0.42,2022-03-19,1027,N20,VIIRS,n,2,285.03,2.72,D,0
47.31189,28.27594,327.05,0.55,0.42,2022-03-19,1027,N20,VIIRS,n,2,283.98,7.14,D,0
47.42356,28.93544,329.49,0.51,0.41,2022-03-19,1027,N20,VIIRS,n,2,289.54,2.96,D,0
47.24807,28.305,325.1,0.55,0.42,2022-03-19,1027,N20,VIIRS,n,2,285.51,6.1,D,0
47.1627,28.10598,336.44,0.56,0.43,2022-03-19,1027,N20,VIIRS,n,2,286.48,4.84,D,0
47.15891,28.10772,325.35,0.56,0.43,2022-03-19,1027,N20,VIIRS,n,2,286.71,2.59,D,0
47.15923,28.10863,335.22,0.56,0.43,2022-03-19,1027,N20,VIIRS,n,2,286.63,7.85,D,0
47.14408,28.32483,333.96,0.55,0.43,2022-03-19,1027,N20,VIIRS,n,2,289.13,7.47,D,0
47.09703,28.88497,337.04,0.52,0.42,2022-03-19,1027,N20,VIIRS,n,2,288.64,4.75,D,0
46.98355,28.58163,330.99,0.54,0.42,2022-03-19,1027,N20,VIIRS,n,2,292.21,2.57,D,0
47.01917,29.44624,346.64,0.5,0.41,2022-03-19,1027,N20,VIIRS,n,2,292.92,5.14,D,0
46.85024,28.74808,338.13,0.54,0.42,2022-03-19,1027,N20,VIIRS,n,2,286.61,18.94,D,0
46.89067,28.93487,329.75,0.53,0.42,2022-03-19,1027,N20,VIIRS,n,2,287.99,2.67,D,0
46.84503,28.74292,340.46,0.54,0.42,2022-03-19,1027,N20,VIIRS,n,2,294.61,18.94,D,0
46.84652,28.74977,355.36,0.54,0.42,2022-03-19,1027,N20,VIIRS,n,2,291.05,18.94,D,0
46.8917,28.93462,329.52,0.53,0.42,2022-03-19,1027,N20,VIIRS,n,2,287.54,3.47,D,0
46.84838,28.74901,356.13,0.54,0.42,2022-03-19,1027,N20,VIIRS,n,2,293.73,24.97,D,0
46.8432,28.7438,337.1,0.54,0.42,2022-03-19,1027,N20,VIIRS,n,2,292.12,18.41,D,0
46.84467,28.75069,331.36,0.54,0.42,2022-03-19,1027,N20,VIIRS,n,2,285.83,7.92,D,0
46.81348,28.75751,328.92,0.54,0.42,2022-03-19,1027,N20,VIIRS,n,2,289.76,2.9,D,0
46.96701,29.52525,325.79,0.5,0.41,2022-03-19,1027,N20,VIIRS,n,2,289.64,4.52,D,0
46.96832,29.53158,333.76,0.5,0.41,2022-03-19,1027,N20,VIIRS,n,2,292.02,4.52,D,0
46.6718,28.25861,330.06,0.56,0.43,2022-03-19,1027,N20,VIIRS,n,2,289.99,3,D,0
48.30562,27.2783,329.19,0.57,0.43,2022-03-19,1027,N20,VIIRS,n,2,289.25,4.33,D,0
48.19899,26.97388,330.08,0.39,0.44,2022-03-19,1027,N20,VIIRS,n,2,294.77,1.76,D,0
48.25823,27.23625,327.65,0.57,0.43,2022-03-19,1027,N20,VIIRS,n,2,290.96,2.66,D,0
48.34462,27.8688,338.24,0.54,0.42,2022-03-19,1027,N20,VIIRS,n,2,288.84,5.53,D,0
48.34329,27.86987,337.04,0.54,0.42,2022-03-19,1027,N20,VIIRS,n,2,287.82,5.44,D,0
48.33066,27.8684,325.43,0.54,0.42,2022-03-19,1027,N20,VIIRS,n,2,289.04,2.39,D,0
48.31936,27.83508,332.94,0.54,0.42,2022-03-19,1027,N20,VIIRS,n,2,287.87,3.39,D,0
48.31193,27.83878,340.75,0.54,0.42,2022-03-19,1027,N20,VIIRS,n,2,292.89,13.53,D,0
48.30821,27.84057,337.99,0.54,0.42,2022-03-19,1027,N20,VIIRS,n,2,291.25,5.01,D,0
48.28589,27.85143,332.66,0.54,0.42,2022-03-19,1027,N20,VIIRS,n,2,290.43,9.29,D,0
46.70905,29.35215,356.25,0.73,0.76,2022-03-19,1207,N20,VIIRS,l,2,285.47,14.39,D,0
46.70922,29.34165,332.92,0.73,0.76,2022-03-19,1207,N20,VIIRS,n,2,284.72,11.21,D,0
46.71227,29.34837,330.41,0.73,0.76,2022-03-19,1207,N20,VIIRS,n,2,287.47,4.23,D,0
46.70521,29.34733,356.39,0.73,0.76,2022-03-19,1207,N20,VIIRS,l,2,286.89,11.64,D,0
45.86128,28.46828,328.85,0.66,0.73,2022-03-19,1207,N20,VIIRS,n,2,288.81,3.75,D,0
45.86015,28.47394,330.64,0.66,0.73,2022-03-19,1207,N20,VIIRS,n,2,287.15,5.89,D,0
45.82729,28.11508,337.99,0.64,0.72,2022-03-19,1207,N20,VIIRS,n,2,284.8,6.8,D,0
45.80039,28.13162,356.33,0.64,0.72,2022-03-19,1207,N20,VIIRS,l,2,284.12,9.44,D,3
45.80466,28.12794,347.54,0.64,0.72,2022-03-19,1207,N20,VIIRS,n,2,287.34,10.67,D,0
46.84206,28.75317,331.67,0.69,0.74,2022-03-19,1207,N20,VIIRS,n,2,286.83,6.1,D,0
46.84136,28.74883,331.27,0.69,0.74,2022-03-19,1207,N20,VIIRS,n,2,285.93,8.5,D,0
46.86899,28.75022,339.53,0.69,0.74,2022-03-19,1207,N20,VIIRS,n,2,285.69,5.41,D,0
46.89899,29.18236,331.01,0.72,0.76,2022-03-19,1207,N20,VIIRS,n,2,286.05,4.82,D,0
46.89661,29.17659,329.57,0.72,0.76,2022-03-19,1207,N20,VIIRS,n,2,286.47,5.18,D,0
46.99442,28.58094,330.25,0.68,0.74,2022-03-19,1207,N20,VIIRS,n,2,280.91,5.74,D,0
46.99438,28.5813,331.63,0.68,0.74,2022-03-19,1207,N20,VIIRS,n,2,281.13,4.91,D,0
47.15425,28.11661,327.84,0.64,0.72,2022-03-19,1207,N20,VIIRS,n,2,282.2,2.75,D,0
47.15664,28.11079,353.52,0.64,0.72,2022-03-19,1207,N20,VIIRS,n,2,287.29,13.23,D,0
47.15658,28.11858,356.48,0.64,0.72,2022-03-19,1207,N20,VIIRS,l,2,283.3,13.23,D,0
47.16338,28.11021,344.69,0.64,0.72,2022-03-19,1207,N20,VIIRS,n,2,286.97,13.23,D,0
47.44223,28.43637,338.69,0.67,0.73,2022-03-19,1207,N20,VIIRS,n,2,285.67,3.84,D,0
48.1396,27.61307,341.67,0.61,0.71,2022-03-19,1208,N20,VIIRS,n,2,286.29,6.09,D,0
48.3075,27.84691,331.51,0.63,0.72,2022-03-19,1208,N20,VIIRS,n,2,286.96,4.74,D,0
48.31424,27.83847,340.58,0.63,0.72,2022-03-19,1208,N20,VIIRS,n,2,289.73,4.74,D,0
48.35953,27.60629,337.15,0.61,0.71,2022-03-19,1208,N20,VIIRS,n,2,288.14,5.07,D,0
48.05012,28.06787,331.87,0.64,0.72,2022-03-19,1208,N20,VIIRS,n,2,289.14,5.72,D,0
48.07941,28.67102,335.44,0.68,0.74,2022-03-19,1208,N20,VIIRS,n,2,289.56,5.94,D,0
48.0521,28.06788,337.98,0.64,0.72,2022-03-19,1208,N20,VIIRS,n,2,290.76,3.79,D,0
48.07871,28.6713,329.07,0.69,0.74,2022-03-19,1208,N20,VIIRS,n,2,290.55,6.44,D,0
48.28071,27.85497,331.17,0.63,0.72,2022-03-19,1208,N20,VIIRS,n,2,288.87,3.32,D,0
47.44278,28.43659,336.18,0.67,0.73,2022-03-19,1208,N20,VIIRS,n,2,284.99,5.67,D,0
47.56774,27.964,332.08,0.63,0.72,2022-03-19,1208,N20,VIIRS,n,2,288.03,6.57,D,0
47.56388,27.96556,350.01,0.63,0.72,2022-03-19,1208,N20,VIIRS,n,2,288.67,8.01,D,0
47.68546,28.19547,348.34,0.65,0.73,2022-03-19,1208,N20,VIIRS,n,2,287.39,5.53,D,0
47.71036,29.0341,346.71,0.71,0.75,2022-03-19,1208,N20,VIIRS,n,2,288.62,8.11,D,0
47.71049,29.02454,342.18,0.71,0.75,2022-03-19,1208,N20,VIIRS,n,2,290.04,8.11,D,0
47.76419,29.20381,329.32,0.72,0.76,2022-03-19,1208,N20,VIIRS,n,2,285.97,3.05,D,0
47.76155,29.19757,329,0.72,0.76,2022-03-19,1208,N20,VIIRS,n,2,287.15,4.58,D,0
47.89499,28.54404,328.03,0.68,0.74,2022-03-19,1208,N20,VIIRS,n,2,284.66,7.16,D,0
47.89509,28.53486,354.21,0.68,0.74,2022-03-19,1208,N20,VIIRS,n,2,287.31,7.16,D,0
46.28512,28.81369,312.67,0.44,0.39,2022-03-20,0022,N20,VIIRS,n,2,268.57,1.09,N,0
46.28444,28.81828,313.99,0.44,0.39,2022-03-20,0022,N20,VIIRS,n,2,264.82,1.66,N,0
46.31422,28.41369,346.08,0.43,0.38,2022-03-20,0022,N20,VIIRS,n,2,269.02,5.51,N,0
45.80574,28.13148,318.52,0.43,0.38,2022-03-20,0022,N20,VIIRS,n,2,265.03,1.63,N,0
45.83464,28.11374,327.13,0.43,0.38,2022-03-20,0022,N20,VIIRS,n,2,267.27,2.5,N,0
47.09449,28.24433,338.39,0.59,0.53,2022-03-20,1008,N20,VIIRS,n,2,283.61,5.53,D,0
45.83566,28.11423,332.38,0.32,0.55,2022-03-20,1008,N20,VIIRS,n,2,282.98,2.46,D,0
45.94126,28.38364,344.25,0.63,0.54,2022-03-20,1008,N20,VIIRS,n,2,288.88,5.83,D,0
45.94595,28.38114,335.57,0.63,0.54,2022-03-20,1008,N20,VIIRS,n,2,287.19,5.83,D,0
46.09264,28.27557,337.07,0.63,0.54,2022-03-20,1008,N20,VIIRS,n,2,286.38,15.54,D,0
46.56958,29.88433,342.02,0.51,0.5,2022-03-20,1008,N20,VIIRS,n,2,291.27,17.09,D,0
46.5723,29.87569,345.51,0.51,0.5,2022-03-20,1008,N20,VIIRS,n,2,291.97,11.42,D,0
46.57662,29.87342,326.88,0.51,0.5,2022-03-20,1008,N20,VIIRS,n,2,284.62,2.05,D,0
46.35429,28.86346,333.39,0.58,0.52,2022-03-20,1008,N20,VIIRS,n,2,273.38,5.2,D,0
46.35397,28.86146,336.02,0.58,0.52,2022-03-20,1008,N20,VIIRS,n,2,273.51,5.33,D,0
46.84317,29.0313,340.67,0.55,0.51,2022-03-20,1008,N20,VIIRS,n,2,278.85,5.45,D,0
46.84092,29.03202,338.95,0.55,0.51,2022-03-20,1008,N20,VIIRS,n,2,278.79,8.5,D,0
46.91659,28.76833,332.39,0.56,0.52,2022-03-20,1008,N20,VIIRS,n,2,279,3.53,D,0
47.16613,28.51561,340.74,0.57,0.52,2022-03-20,1008,N20,VIIRS,n,2,286.99,18.94,D,0
47.16441,28.50898,326.28,0.57,0.52,2022-03-20,1008,N20,VIIRS,n,2,289.04,19.87,D,0
47.09497,28.24405,338.34,0.59,0.53,2022-03-20,1008,N20,VIIRS,n,2,283.93,6.82,D,0
47.16083,28.51102,333.15,0.57,0.52,2022-03-20,1008,N20,VIIRS,n,2,283.77,12.98,D,0
47.16702,28.5149,339.52,0.57,0.52,2022-03-20,1008,N20,VIIRS,n,2,286.15,12.98,D,0
47.16526,28.50832,326.55,0.57,0.52,2022-03-20,1008,N20,VIIRS,n,2,289.34,12.98,D,0
47.13314,28.32992,340.15,0.58,0.52,2022-03-20,1008,N20,VIIRS,n,2,276,7.7,D,0
47.38132,28.90765,339.66,0.54,0.51,2022-03-20,1008,N20,VIIRS,n,2,285.6,5.97,D,0
47.38572,28.90523,340.27,0.54,0.51,2022-03-20,1008,N20,VIIRS,n,2,285.52,10.56,D,0
47.38056,28.90858,325.97,0.54,0.51,2022-03-20,1008,N20,VIIRS,n,2,284.09,5.7,D,0
47.38495,28.90617,340.64,0.54,0.51,2022-03-20,1008,N20,VIIRS,n,2,285.92,5.7,D,0
47.23342,28.04115,329.5,0.59,0.53,2022-03-20,1008,N20,VIIRS,n,2,283.38,8.06,D,0
47.23567,28.0299,331.27,0.6,0.53,2022-03-20,1008,N20,VIIRS,n,2,286.21,8.06,D,0
47.38191,28.22786,332.23,0.58,0.52,2022-03-20,1008,N20,VIIRS,n,2,287.09,6.87,D,0
47.3998,28.11876,353.26,0.58,0.52,2022-03-20,1008,N20,VIIRS,n,2,291.27,21.17,D,0
47.39797,28.11184,337.38,0.58,0.52,2022-03-20,1008,N20,VIIRS,n,2,284.06,21.17,D,0
47.40015,28.11954,341.32,0.58,0.52,2022-03-20,1008,N20,VIIRS,n,2,290.61,28.33,D,0
47.39829,28.11264,332.74,0.58,0.52,2022-03-20,1008,N20,VIIRS,n,2,286.15,19.42,D,0
47.41409,28.09376,331.79,0.58,0.52,2022-03-20,1008,N20,VIIRS,n,2,284.8,3.62,D,0
47.43763,27.81529,333.11,0.6,0.53,2022-03-20,1008,N20,VIIRS,n,2,286.89,2.18,D,0
47.84674,28.61321,333.53,0.54,0.51,2022-03-20,1008,N20,VIIRS,n,2,273.27,7.99,D,0
47.84495,28.60627,339.26,0.54,0.51,2022-03-20,1008,N20,VIIRS,n,2,273.81,7.99,D,0
47.68183,27.96397,335.02,0.58,0.52,2022-03-20,1008,N20,VIIRS,n,2,289.77,3.82,D,0
47.63169,27.62509,348.57,0.6,0.53,2022-03-20,1008,N20,VIIRS,n,2,290.18,27.62,D,0
47.93367,28.42983,336.17,0.55,0.51,2022-03-20,1008,N20,VIIRS,n,2,266.83,10.17,D,0
47.93198,28.42329,339.18,0.55,0.51,2022-03-20,1008,N20,VIIRS,n,2,273.06,10.17,D,0
47.93809,28.42738,356.71,0.55,0.51,2022-03-20,1008,N20,VIIRS,n,2,275.09,20.92,D,0
47.93639,28.42084,337.47,0.55,0.51,2022-03-20,1008,N20,VIIRS,n,2,269.07,20.92,D,0
47.93196,28.42944,335.79,0.55,0.51,2022-03-20,1008,N20,VIIRS,n,2,266.48,16.9,D,0
47.93022,28.42287,339.85,0.55,0.51,2022-03-20,1008,N20,VIIRS,n,2,269.6,11.14,D,0
47.93638,28.427,352.04,0.55,0.51,2022-03-20,1008,N20,VIIRS,n,2,276.8,16.9,D,0
47.93465,28.42045,336.85,0.55,0.51,2022-03-20,1008,N20,VIIRS,n,2,268.3,11.14,D,0
47.94078,28.42448,343.64,0.55,0.51,2022-03-20,1008,N20,VIIRS,n,2,270.14,11.81,D,0
47.79203,27.77189,338.69,0.59,0.53,2022-03-20,1008,N20,VIIRS,n,2,285.97,11.76,D,0
48.01004,28.39936,339.05,0.54,0.51,2022-03-20,1008,N20,VIIRS,n,2,268.22,6.74,D,0
47.0637,29.02579,327.18,0.42,0.61,2022-03-20,1148,N20,VIIRS,n,2,289.46,2.75,D,0
47.08872,28.24723,356.62,0.39,0.59,2022-03-20,1148,N20,VIIRS,l,2,288.84,22.77,D,0
47.08854,28.24225,351.87,0.39,0.59,2022-03-20,1148,N20,VIIRS,n,2,294.46,20.32,D,0
46.27522,28.82818,331.6,0.41,0.6,2022-03-20,1148,N20,VIIRS,n,2,284.83,2.45,D,0
46.62648,28.59351,337.98,0.4,0.6,2022-03-20,1148,N20,VIIRS,n,2,287.19,4.41,D,0
46.62632,28.58856,342.07,0.4,0.6,2022-03-20,1148,N20,VIIRS,n,2,290.71,5.55,D,0
46.76889,29.50161,331.09,0.44,0.63,2022-03-20,1148,N20,VIIRS,n,2,286.26,1.24,D,0
46.83708,29.71097,333.8,0.45,0.63,2022-03-20,1148,N20,VIIRS,n,2,290.38,2.88,D,0
46.84191,28.7868,345.52,0.41,0.61,2022-03-20,1148,N20,VIIRS,n,2,287.71,3.99,D,0
46.84174,28.78119,345.08,0.41,0.61,2022-03-20,1148,N20,VIIRS,n,2,287.83,3.99,D,0
46.95774,28.78242,347.08,0.41,0.61,2022-03-20,1148,N20,VIIRS,n,2,287.28,4,D,0
46.95758,28.77726,334.44,0.41,0.61,2022-03-20,1148,N20,VIIRS,n,2,288.26,4,D,0
47.09401,28.24136,327.3,0.39,0.59,2022-03-20,1148,N20,VIIRS,n,2,291.32,2.74,D,0
47.08305,28.24242,334.17,0.39,0.59,2022-03-20,1148,N20,VIIRS,n,2,293.98,20.32,D,0
47.08325,28.24788,356.61,0.39,0.59,2022-03-20,1148,N20,VIIRS,l,2,287.28,22.77,D,0
47.26267,28.50096,339.14,0.4,0.6,2022-03-20,1148,N20,VIIRS,n,2,285.23,2.97,D,0
47.23566,28.03068,327.73,0.38,0.59,2022-03-20,1148,N20,VIIRS,n,2,290.73,2.21,D,0
46.27728,28.82937,327.86,0.41,0.6,2022-03-20,1148,N20,VIIRS,n,2,284.06,1.74,D,0
46.23964,28.40627,335.42,0.39,0.59,2022-03-20,1148,N20,VIIRS,n,2,285.94,2.66,D,0
45.78256,28.14236,355.92,0.37,0.58,2022-03-20,1148,N20,VIIRS,l,2,281.97,7.47,D,0
45.77715,28.14271,336.73,0.37,0.58,2022-03-20,1148,N20,VIIRS,n,2,278.02,7.47,D,0
47.20501,28.43541,329.25,0.4,0.6,2022-03-20,1148,N20,VIIRS,n,2,290.65,2.17,D,0
47.20584,28.43332,325.28,0.4,0.6,2022-03-20,1148,N20,VIIRS,n,2,291.97,2.59,D,0
47.15842,28.51069,334.64,0.4,0.6,2022-03-20,1148,N20,VIIRS,n,2,286.96,3.6,D,0
47.09944,27.9101,328.99,0.37,0.58,2022-03-20,1148,N20,VIIRS,n,2,289.32,3.51,D,0
47.0943,28.23961,326.67,0.39,0.59,2022-03-20,1148,N20,VIIRS,n,2,291.53,7.48,D,0
47.08899,28.24554,367,0.39,0.59,2022-03-20,1148,N20,VIIRS,h,2,291.51,7.48,D,0
47.08334,28.24053,341.08,0.39,0.59,2022-03-20,1148,N20,VIIRS,n,2,289.41,23.86,D,0
47.08351,28.24612,367,0.39,0.59,2022-03-20,1148,N20,VIIRS,h,2,297.61,23.86,D,0
47.44305,27.96799,349.17,0.38,0.59,2022-03-20,1149,N20,VIIRS,n,2,291.64,47.96,D,0
47.43764,27.969,367,0.38,0.59,2022-03-20,1149,N20,VIIRS,h,2,299.14,47.96,D,0
48.29675,27.86133,303.82,0.41,0.37,2022-03-21,0003,N20,VIIRS,n,2,266.57,1.11,N,0
48.29748,27.85589,313.92,0.41,0.37,2022-03-21,0003,N20,VIIRS,n,2,266.63,1.21,N,0
45.78561,28.14422,307.36,0.39,0.36,2022-03-21,0003,N20,VIIRS,n,2,266.4,5.06,N,0
45.78489,28.14917,327.11,0.39,0.36,2022-03-21,0003,N20,VIIRS,n,2,269.47,5.28,N,0
45.78891,28.1452,331.06,0.39,0.36,2022-03-21,0003,N20,VIIRS,n,2,271.57,5.06,N,3
47.02954,28.52486,296.12,0.39,0.36,2022-03-21,0003,N20,VIIRS,n,2,266.77,0.55,N,0
47.26532,28.07448,295.26,0.4,0.37,2022-03-21,0003,N20,VIIRS,n,2,268.08,0.98,N,0
47.48713,27.69599,299.75,0.4,0.37,2022-03-21,0003,N20,VIIRS,n,2,266.95,0.5,N,0
47.36561,28.67842,309.11,0.39,0.36,2022-03-21,0003,N20,VIIRS,n,2,266.7,1.21,N,0
47.45396,28.28165,298.69,0.39,0.37,2022-03-21,0003,N20,VIIRS,n,2,266.97,0.79,N,0
47.4488,28.31778,325.68,0.39,0.36,2022-03-21,0003,N20,VIIRS,n,2,267.93,2.09,N,0
47.45211,28.31877,298.63,0.39,0.36,2022-03-21,0003,N20,VIIRS,n,2,266.59,0.52,N,0
47.43528,28.50752,306.49,0.39,0.36,2022-03-21,0003,N20,VIIRS,n,2,269.28,0.77,N,0
47.68902,27.96315,307.66,0.4,0.37,2022-03-21,0003,N20,VIIRS,n,2,265.86,1.2,N,0
47.78968,28.9545,316.79,0.39,0.36,2022-03-21,0003,N20,VIIRS,n,2,272.19,1.87,N,2
48.22077,27.95506,308.6,0.4,0.37,2022-03-21,0003,N20,VIIRS,n,2,270.65,1.2,N,0
48.02575,27.86532,303.24,0.4,0.37,2022-03-21,0003,N20,VIIRS,n,2,266.4,0.75,N,0
48.29662,27.86015,324.2,0.41,0.37,2022-03-21,0003,N20,VIIRS,n,2,267.4,2.35,N,0
47.37236,28.25255,343.27,0.46,0.64,2022-03-21,0949,N20,VIIRS,n,2,282.67,4.09,D,0
47.44834,28.32835,330.66,0.46,0.63,2022-03-21,0949,N20,VIIRS,n,2,285.74,4.34,D,0
47.72181,29.08923,355.95,0.42,0.61,2022-03-21,0949,N20,VIIRS,n,2,290.4,9.12,D,0
47.53199,28.43087,325.26,0.45,0.63,2022-03-21,0949,N20,VIIRS,n,2,294.9,3.22,D,0
47.53021,28.42517,330.31,0.45,0.63,2022-03-21,0949,N20,VIIRS,n,2,291.62,3.22,D,0
47.53151,28.42416,332.69,0.45,0.63,2022-03-21,0949,N20,VIIRS,n,2,292.15,4.29,D,0
47.74534,29.04734,367,0.42,0.61,2022-03-21,0949,N20,VIIRS,h,2,290.86,14.85,D,0
47.74381,29.04239,341.83,0.42,0.61,2022-03-21,0949,N20,VIIRS,n,2,287.6,14.85,D,0
47.46463,28.05061,326.11,0.47,0.64,2022-03-21,0949,N20,VIIRS,n,2,288.77,1.69,D,0
47.72451,28.23183,328.21,0.45,0.63,2022-03-21,0949,N20,VIIRS,n,2,290.6,4.19,D,0
47.76018,27.95523,328.71,0.46,0.64,2022-03-21,0949,N20,VIIRS,n,2,287.57,3.31,D,0
47.75838,27.94962,345.85,0.46,0.64,2022-03-21,0949,N20,VIIRS,n,2,288.16,3.31,D,0
47.97951,28.46763,345.51,0.43,0.62,2022-03-21,0949,N20,VIIRS,n,2,290.75,5.39,D,0
47.89309,28.08818,367,0.45,0.63,2022-03-21,0949,N20,VIIRS,h,2,296.58,14.5,D,0
47.88884,28.09075,338.19,0.45,0.63,2022-03-21,0949,N20,VIIRS,n,2,290.9,2.71,D,0
45.55522,28.36432,367,0.53,0.67,2022-03-21,0949,N20,VIIRS,h,2,293.86,13.37,D,0
46.58804,28.44209,367,0.48,0.65,2022-03-21,0949,N20,VIIRS,h,2,293.36,7.88,D,0
46.75253,28.96848,340.56,0.45,0.63,2022-03-21,0949,N20,VIIRS,n,2,290.95,4.51,D,0
46.58631,28.43661,333.61,0.48,0.65,2022-03-21,0949,N20,VIIRS,n,2,290.3,7.88,D,0
46.7536,28.96736,343.07,0.45,0.63,2022-03-21,0949,N20,VIIRS,n,2,290.31,4.46,D,0
46.5866,28.44303,344.15,0.48,0.65,2022-03-21,0949,N20,VIIRS,n,2,290.8,6.84,D,0
46.58485,28.43758,341.61,0.48,0.65,2022-03-21,0949,N20,VIIRS,n,2,291.13,11.36,D,0
46.59213,28.43966,348.44,0.48,0.65,2022-03-21,0949,N20,VIIRS,n,2,291.04,6.84,D,0
46.66867,28.49354,328.5,0.48,0.64,2022-03-21,0949,N20,VIIRS,n,2,292.48,3.69,D,0
47.1075,29.08823,333.94,0.44,0.62,2022-03-21,0949,N20,VIIRS,n,2,292.13,2.9,D,0
47.04261,28.48492,342.85,0.46,0.64,2022-03-21,0949,N20,VIIRS,n,2,288.64,6.58,D,0
47.12494,28.35386,336.75,0.47,0.64,2022-03-21,0949,N20,VIIRS,n,2,288.22,9.28,D,0
47.12338,28.34893,356.04,0.47,0.64,2022-03-21,0949,N20,VIIRS,l,2,289.9,10.71,D,0
47.25199,28.50983,326.57,0.46,0.63,2022-03-21,0949,N20,VIIRS,n,2,290.29,3.99,D,0
47.26083,28.08518,351.86,0.48,0.64,2022-03-21,0949,N20,VIIRS,n,2,288.77,7.74,D,0
47.30548,28.20514,326.29,0.47,0.64,2022-03-21,0949,N20,VIIRS,n,2,286.31,3.21,D,0
47.42033,28.54995,367,0.45,0.63,2022-03-21,0949,N20,VIIRS,h,2,291.74,5.64,D,0
47.45751,28.50475,367,0.45,0.63,2022-03-21,0949,N20,VIIRS,h,2,294.35,8.45,D,0
47.45272,28.5056,347.28,0.45,0.63,2022-03-21,0949,N20,VIIRS,n,2,295.39,4.37,D,0
47.45818,28.50256,329.95,0.45,0.63,2022-03-21,0949,N20,VIIRS,n,2,292.09,4.37,D,0
47.96291,27.58952,367,0.47,0.64,2022-03-21,0950,N20,VIIRS,h,2,293.93,16.02,D,0
47.96348,27.58903,367,0.47,0.64,2022-03-21,0950,N20,VIIRS,h,2,294.25,18.72,D,0
48.12748,28.21067,352.21,0.44,0.62,2022-03-21,0950,N20,VIIRS,n,2,288.29,6.21,D,0
47.91328,27.63784,340.58,0.47,0.64,2022-03-21,0950,N20,VIIRS,n,2,289.96,3.77,D,0
48.3195,27.99295,353.69,0.44,0.63,2022-03-21,0950,N20,VIIRS,n,2,286.49,4.1,D,0
47.96099,27.58362,336.55,0.47,0.64,2022-03-21,0950,N20,VIIRS,n,2,291.61,12.15,D,0
46.07967,28.39856,329.3,0.46,0.47,2022-03-21,1129,N20,VIIRS,n,2,296.61,7.43,D,0
45.98593,28.22996,338.97,0.45,0.47,2022-03-21,1129,N20,VIIRS,n,2,292.54,6.47,D,0
45.96193,28.25656,334.85,0.45,0.47,2022-03-21,1129,N20,VIIRS,n,2,291.99,2.02,D,0
45.51736,28.40681,330.33,0.45,0.47,2022-03-21,1129,N20,VIIRS,n,2,294.84,5.68,D,0
45.5126,28.4017,340.42,0.45,0.47,2022-03-21,1129,N20,VIIRS,n,2,297.31,5.68,D,0
47.09459,28.63192,346.93,0.48,0.48,2022-03-21,1129,N20,VIIRS,n,2,295.24,11.67,D,0
47.09015,28.63261,351.7,0.48,0.48,2022-03-21,1129,N20,VIIRS,n,2,295.66,11.67,D,0
47.02865,28.52677,337.04,0.47,0.48,2022-03-21,1129,N20,VIIRS,n,2,288.6,2.97,D,0
47.05883,28.95241,332.07,0.5,0.49,2022-03-21,1129,N20,VIIRS,n,2,291.57,2.67,D,0
46.81889,29.21951,331.86,0.51,0.49,2022-03-21,1129,N20,VIIRS,n,2,296.01,2.71,D,0
46.82287,29.28081,326.78,0.51,0.49,2022-03-21,1129,N20,VIIRS,n,2,292.17,3.68,D,0
46.81882,29.22082,329.76,0.51,0.49,2022-03-21,1129,N20,VIIRS,n,2,296.74,5.78,D,0
46.82313,29.28205,334.23,0.51,0.49,2022-03-21,1129,N20,VIIRS,n,2,292.7,5.54,D,0
46.75488,28.96254,328.07,0.49,0.49,2022-03-21,1129,N20,VIIRS,n,2,284.39,4.62,D,0
46.77227,29.48976,331.51,0.52,0.5,2022-03-21,1129,N20,VIIRS,n,2,296.01,3.48,D,0
46.76208,29.47628,330.98,0.52,0.5,2022-03-21,1129,N20,VIIRS,n,2,292.24,3.06,D,0
46.75141,29.52756,334.89,0.52,0.5,2022-03-21,1129,N20,VIIRS,n,2,299.17,9.52,D,0
46.75185,29.53451,340.05,0.53,0.5,2022-03-21,1129,N20,VIIRS,n,2,297.95,10.26,D,0
46.59199,28.43138,339.96,0.46,0.47,2022-03-21,1129,N20,VIIRS,n,2,297.44,5.4,D,0
46.59247,28.43777,339.34,0.47,0.47,2022-03-21,1129,N20,VIIRS,n,2,297.53,5.4,D,0
46.60979,29.67383,330.44,0.53,0.5,2022-03-21,1129,N20,VIIRS,n,2,296.17,2.36,D,0
46.53656,29.41037,335.38,0.52,0.5,2022-03-21,1129,N20,VIIRS,n,2,296.53,2.98,D,0
46.37459,28.79295,352.04,0.48,0.48,2022-03-21,1129,N20,VIIRS,n,2,292.46,8.03,D,0
46.37014,28.79348,343.16,0.48,0.48,2022-03-21,1129,N20,VIIRS,n,2,294.08,31.88,D,0
46.36571,28.79426,341.6,0.48,0.48,2022-03-21,1129,N20,VIIRS,n,2,293.67,31.88,D,0
46.36527,28.78807,293.35,0.48,0.48,2022-03-21,1129,N20,VIIRS,l,2,310.92,79.22,D,0
46.37143,28.79036,348.03,0.48,0.48,2022-03-21,1129,N20,VIIRS,n,2,299.12,59.9,D,0
46.3719,28.79652,342.07,0.48,0.48,2022-03-21,1129,N20,VIIRS,n,2,293.16,59.9,D,0
46.16089,28.13459,341.93,0.45,0.47,2022-03-21,1129,N20,VIIRS,n,2,296.11,14.16,D,0
46.15231,28.13597,331.95,0.45,0.47,2022-03-21,1129,N20,VIIRS,n,2,293.2,3.94,D,0
46.07918,28.3922,340.69,0.46,0.47,2022-03-21,1129,N20,VIIRS,n,2,297.25,7.43,D,0
47.39697,28.48471,341.82,0.48,0.48,2022-03-21,1130,N20,VIIRS,n,2,292.11,7.04,D,0
47.39825,28.37555,339.65,0.47,0.48,2022-03-21,1130,N20,VIIRS,n,2,297.51,7.56,D,0
47.41142,28.37313,343.72,0.47,0.48,2022-03-21,1130,N20,VIIRS,n,2,295.74,6.59,D,0
47.43994,28.3369,341.1,0.47,0.48,2022-03-21,1130,N20,VIIRS,n,2,295.5,9.83,D,0
47.44431,28.33602,341.39,0.47,0.48,2022-03-21,1130,N20,VIIRS,n,2,298.87,9.83,D,0
47.4487,28.33515,344,0.47,0.48,2022-03-21,1130,N20,VIIRS,n,2,296.39,9.6,D,0
47.45265,28.32844,332.17,0.47,0.48,2022-03-21,1130,N20,VIIRS,n,2,293.54,5.43,D,0
47.45417,28.2891,330.42,0.47,0.48,2022-03-21,1130,N20,VIIRS,n,2,295,2.54,D,0
47.53914,28.42301,330.44,0.48,0.48,2022-03-21,1130,N20,VIIRS,n,2,296.36,2.72,D,0
47.53009,28.17621,342.16,0.46,0.47,2022-03-21,1130,N20,VIIRS,n,2,293.82,2.85,D,0
47.68061,28.80168,339.17,0.5,0.49,2022-03-21,1130,N20,VIIRS,n,2,295.96,4.37,D,0
47.70509,29.09916,335.29,0.51,0.5,2022-03-21,1130,N20,VIIRS,n,2,294.54,6.18,D,0
47.67455,27.98343,333.96,0.46,0.47,2022-03-21,1130,N20,VIIRS,n,2,296.55,4.39,D,0
47.6803,28.00091,353.36,0.46,0.47,2022-03-21,1130,N20,VIIRS,n,2,305.61,27.6,D,0
47.68178,28.00577,341.48,0.46,0.47,2022-03-21,1130,N20,VIIRS,n,2,294.47,17.72,D,0
47.68134,27.99971,336.65,0.46,0.47,2022-03-21,1130,N20,VIIRS,n,2,307.86,17.72,D,0
47.72452,28.23128,353.84,0.47,0.48,2022-03-21,1130,N20,VIIRS,n,2,296.95,10.31,D,0
47.84315,29.09387,347.64,0.51,0.5,2022-03-21,1130,N20,VIIRS,n,2,296.02,10.95,D,0
47.88048,28.82243,328.37,0.5,0.49,2022-03-21,1130,N20,VIIRS,n,2,293.74,2.45,D,0
47.87418,27.5013,330.8,0.44,0.46,2022-03-21,1130,N20,VIIRS,n,2,297.13,2.1,D,0
47.96644,28.33147,338.55,0.48,0.48,2022-03-21,1130,N20,VIIRS,n,2,293.89,4.22,D,0
47.91497,27.63843,341.46,0.44,0.46,2022-03-21,1130,N20,VIIRS,n,2,294.94,6.51,D,0
47.98865,28.58397,346.21,0.49,0.48,2022-03-21,1130,N20,VIIRS,n,2,298.23,17.06,D,0
47.99826,28.65762,356.12,0.49,0.49,2022-03-21,1130,N20,VIIRS,n,2,295.35,10.61,D,0
48.00277,28.65712,333.62,0.49,0.49,2022-03-21,1130,N20,VIIRS,n,2,291.83,3.58,D,0
47.97088,27.85516,337.87,0.45,0.47,2022-03-21,1130,N20,VIIRS,n,2,298.22,3.68,D,0
47.99535,27.94502,333.22,0.46,0.47,2022-03-21,1130,N20,VIIRS,n,2,296.06,3.99,D,0
47.99969,27.94426,328.47,0.46,0.47,2022-03-21,1130,N20,VIIRS,n,2,295.35,3.99,D,0
47.99649,27.94897,339.67,0.46,0.47,2022-03-21,1130,N20,VIIRS,n,2,296.96,4.96,D,0
48.02432,27.85024,340.8,0.45,0.47,2022-03-21,1130,N20,VIIRS,n,2,297.66,5.16,D,0
48.09095,28.66191,339.99,0.49,0.49,2022-03-21,1130,N20,VIIRS,n,2,296.99,6.09,D,0
48.03463,27.42356,334.07,0.43,0.46,2022-03-21,1130,N20,VIIRS,n,2,291.79,53.03,D,0
48.03417,27.41774,338.99,0.43,0.46,2022-03-21,1130,N20,VIIRS,n,2,308.93,53.03,D,0
48.03889,27.423,340.63,0.43,0.46,2022-03-21,1130,N20,VIIRS,n,2,298.62,53.03,D,0
48.04313,27.42239,329.42,0.43,0.46,2022-03-21,1130,N20,VIIRS,n,2,294.83,4.03,D,0
48.10809,28.08729,331.41,0.47,0.47,2022-03-21,1130,N20,VIIRS,n,2,296.18,4.87,D,0
48.12722,27.62979,327.53,0.44,0.46,2022-03-21,1130,N20,VIIRS,n,2,296.71,1.85,D,0
48.12497,27.54461,328.59,0.44,0.46,2022-03-21,1130,N20,VIIRS,n,2,297.69,4.23,D,0
48.12314,27.52106,338.72,0.44,0.46,2022-03-21,1130,N20,VIIRS,n,2,292.7,5.74,D,0
48.2548,27.97254,350.67,0.46,0.47,2022-03-21,1130,N20,VIIRS,n,2,295.83,9.41,D,0
48.31828,27.9951,330.27,0.46,0.47,2022-03-21,1130,N20,VIIRS,n,2,294.12,0.83,D,0
48.30109,27.74955,328.01,0.45,0.47,2022-03-21,1130,N20,VIIRS,n,2,294.92,1.71,D,0
48.32511,27.83913,337.74,0.46,0.47,2022-03-21,1130,N20,VIIRS,n,2,294.86,2.88,D,0
48.2798,27.23858,338.36,0.43,0.46,2022-03-21,1130,N20,VIIRS,n,2,297.29,2.35,D,0
48.40012,27.53359,351.96,0.44,0.46,2022-03-21,1130,N20,VIIRS,n,2,294.29,8.55,D,0
48.39967,27.52754,339.51,0.44,0.46,2022-03-21,1130,N20,VIIRS,n,2,295.26,8.55,D,0
48.43099,27.54081,339.68,0.44,0.46,2022-03-21,1130,N20,VIIRS,n,2,294.52,3.34,D,0
47.39852,28.37103,339.07,0.47,0.48,2022-03-21,1130,N20,VIIRS,n,2,292.84,3.39,D,0
47.39827,28.4862,342.29,0.48,0.48,2022-03-21,1130,N20,VIIRS,n,2,292.42,4.98,D,0
47.39386,28.487,342.71,0.48,0.48,2022-03-21,1130,N20,VIIRS,n,2,292.91,6.41,D,0
47.38218,28.45022,340.29,0.47,0.48,2022-03-21,1130,N20,VIIRS,n,2,292.94,5.05,D,0
47.26115,28.08623,336.82,0.46,0.47,2022-03-21,1130,N20,VIIRS,n,2,290.18,4.73,D,0
47.23611,27.87996,331.5,0.45,0.47,2022-03-21,1130,N20,VIIRS,n,2,294.09,3.62,D,0
47.23657,27.88568,330.87,0.45,0.47,2022-03-21,1130,N20,VIIRS,n,2,292.12,3.62,D,0
47.23227,27.88623,334.49,0.45,0.47,2022-03-21,1130,N20,VIIRS,l,2,306.07,58.11,D,0
47.25724,28.50178,336.92,0.48,0.48,2022-03-21,1130,N20,VIIRS,n,2,294.08,3.13,D,0
47.1824,28.26719,342.36,0.46,0.47,2022-03-21,1130,N20,VIIRS,n,2,291.49,5.07,D,0
47.17399,28.21226,349,0.46,0.47,2022-03-21,1130,N20,VIIRS,n,2,299.08,13.44,D,0
47.18233,28.26924,344.01,0.46,0.47,2022-03-21,1130,N20,VIIRS,n,2,292.36,5.49,D,0
47.17316,28.20825,337.85,0.46,0.47,2022-03-21,1130,N20,VIIRS,n,2,295.25,8.1,D,0
47.17363,28.2143,342.67,0.46,0.47,2022-03-21,1130,N20,VIIRS,n,2,297.27,9.49,D,0
47.13086,28.59321,343.87,0.48,0.48,2022-03-21,1130,N20,VIIRS,n,2,291.06,6.28,D,0
47.12779,28.6131,338,0.48,0.48,2022-03-21,1130,N20,VIIRS,n,2,292.42,2.27,D,0
47.11755,28.59527,330.51,0.48,0.48,2022-03-21,1130,N20,VIIRS,n,2,293.6,2.99,D,0
47.09318,28.63134,351.65,0.48,0.48,2022-03-21,1130,N20,VIIRS,n,2,300.95,20.25,D,0
47.79073,28.95584,307.7,0.51,0.41,2022-03-21,2344,N20,VIIRS,n,2,275.34,2.03,N,2
48.01058,27.19627,297.41,0.4,0.44,2022-03-21,2344,N20,VIIRS,n,2,271.34,0.9,N,0
47.12659,28.63049,313.04,0.52,0.41,2022-03-21,2344,N20,VIIRS,n,2,274.29,1.45,N,0
47.08223,28.68294,305.5,0.51,0.41,2022-03-21,2344,N20,VIIRS,n,2,274.57,1.47,N,0
47.77304,28.26776,300.79,0.54,0.42,2022-03-21,2344,N20,VIIRS,n,2,269.38,2.02,N,0
47.77692,28.26875,315.33,0.54,0.42,2022-03-21,2344,N20,VIIRS,n,2,270.81,2.02,N,0
47.12535,28.63061,314.03,0.52,0.41,2022-03-21,2344,N20,VIIRS,n,2,274.31,2.12,N,0
48.00952,27.19147,295.97,0.4,0.45,2022-03-21,2344,N20,VIIRS,n,2,270.65,0.61,N,0
48.04381,28.3025,314.3,0.55,0.42,2022-03-21,2344,N20,VIIRS,n,2,273.72,2.58,N,0
48.34978,27.05458,299.1,0.41,0.45,2022-03-21,2344,N20,VIIRS,n,2,268.5,0.76,N,0
47.44195,28.35956,327.14,0.53,0.42,2022-03-21,2344,N20,VIIRS,n,2,275.83,3.23,N,0
47.43809,28.35872,307.03,0.53,0.42,2022-03-21,2344,N20,VIIRS,n,2,274.61,1.72,N,0
47.43061,28.27609,303.67,0.54,0.42,2022-03-21,2344,N20,VIIRS,n,2,272.55,1.06,N,0
47.41768,28.20683,326.22,0.54,0.42,2022-03-21,2344,N20,VIIRS,n,2,270.42,3.74,N,0
47.36757,28.23361,296.76,0.54,0.42,2022-03-21,2344,N20,VIIRS,n,2,271,1.02,N,0
47.32782,28.46317,323.38,0.53,0.42,2022-03-21,2344,N20,VIIRS,n,2,270.83,2.73,N,0
47.27937,28.43858,296.06,0.53,0.42,2022-03-21,2344,N20,VIIRS,n,2,273.63,0.78,N,0
47.27624,28.43072,300.12,0.53,0.42,2022-03-21,2344,N20,VIIRS,n,2,272.58,1.53,N,0
46.8447,28.82159,304.72,0.51,0.41,2022-03-21,2344,N20,VIIRS,n,2,270.34,1.13,N,0
47.07843,28.68221,314.28,0.51,0.41,2022-03-21,2344,N20,VIIRS,n,2,274.4,1.47,N,0
45.62042,28.23762,323.42,0.52,0.41,2022-03-21,2345,N20,VIIRS,n,2,273.92,3.76,N,0
45.62351,28.24497,329.4,0.52,0.41,2022-03-21,2345,N20,VIIRS,n,2,275.66,3.76,N,0
47.44065,28.36137,296.6,0.6,0.7,2022-03-22,0124,N20,VIIRS,n,2,273.7,1.65,N,0
47.44204,28.36118,299.16,0.6,0.7,2022-03-22,0124,N20,VIIRS,n,2,274.01,1.41,N,0
47.77757,28.27078,297.31,0.58,0.7,2022-03-22,0124,N20,VIIRS,n,2,269.15,1.66,N,0
48.04599,28.29962,302.17,0.57,0.69,2022-03-22,0124,N20,VIIRS,n,2,272.36,1.04,N,0
45.62107,28.23978,302.28,0.68,0.74,2022-03-22,0125,N20,VIIRS,n,2,274.07,1.33,N,0
47.38364,28.31559,353.85,0.73,0.76,2022-03-22,0931,N20,VIIRS,n,2,292.14,8.64,D,0
47.23543,29.338,327.43,0.67,0.73,2022-03-22,0931,N20,VIIRS,n,2,289.95,2.49,D,0
46.98304,29.22535,329.91,0.69,0.74,2022-03-22,0931,N20,VIIRS,n,2,289.35,3.94,D,0
47.4617,28.50504,329.11,0.71,0.75,2022-03-22,0931,N20,VIIRS,n,2,292.74,6.85,D,0
46.38742,30.04963,332.13,0.51,0.41,2022-03-22,1110,N20,VIIRS,n,2,296.34,3.94,D,0
46.10736,28.17429,331.94,0.44,0.38,2022-03-22,1110,N20,VIIRS,n,2,296.53,2.32,D,0
46.06751,28.56778,336.3,0.45,0.39,2022-03-22,1110,N20,VIIRS,n,2,297.6,3.59,D,0
45.70753,28.35601,333.47,0.44,0.38,2022-03-22,1110,N20,VIIRS,n,2,295.32,3.8,D,0
45.70402,28.35685,354.79,0.44,0.38,2022-03-22,1110,N20,VIIRS,n,2,297.11,11.36,D,0
46.96656,29.15955,343.45,0.48,0.4,2022-03-22,1110,N20,VIIRS,n,2,297.32,9.82,D,0
46.97401,29.22941,336.02,0.48,0.4,2022-03-22,1110,N20,VIIRS,n,2,296.27,3.13,D,0
46.97172,29.23096,330.61,0.48,0.4,2022-03-22,1110,N20,VIIRS,n,2,294.39,1.61,D,0
46.83781,28.16353,328.85,0.44,0.39,2022-03-22,1110,N20,VIIRS,n,2,297.76,1.61,D,0
46.92425,28.97283,334.08,0.47,0.4,2022-03-22,1110,N20,VIIRS,n,2,295.93,3.73,D,0
46.81392,28.14562,341.83,0.44,0.39,2022-03-22,1110,N20,VIIRS,n,2,302.91,31.28,D,0
46.80189,28.1665,332.72,0.44,0.39,2022-03-22,1110,N20,VIIRS,n,2,298.93,2.53,D,0
46.89063,29.00568,328.91,0.47,0.4,2022-03-22,1110,N20,VIIRS,n,2,294.44,3.48,D,0
46.81797,28.85222,356.15,0.47,0.39,2022-03-22,1110,N20,VIIRS,l,2,298.17,18.56,D,0
46.81434,28.85291,344.94,0.47,0.39,2022-03-22,1110,N20,VIIRS,n,2,298.24,18.56,D,0
46.81717,28.84774,332.02,0.47,0.39,2022-03-22,1110,N20,VIIRS,n,2,295.81,8.93,D,0
46.81788,28.854,353.06,0.47,0.39,2022-03-22,1110,N20,VIIRS,n,2,298.91,15.97,D,0
46.81829,29.05541,345.28,0.47,0.4,2022-03-22,1110,N20,VIIRS,n,2,297.55,5.18,D,0
46.81398,29.0502,346.35,0.47,0.4,2022-03-22,1110,N20,VIIRS,n,2,310.85,34.34,D,0
46.81466,29.05628,329.53,0.47,0.4,2022-03-22,1110,N20,VIIRS,n,2,295.35,3.86,D,0
46.7835,28.81222,331.58,0.46,0.39,2022-03-22,1110,N20,VIIRS,n,2,295.01,5.61,D,0
46.81034,29.05101,332.47,0.47,0.4,2022-03-22,1110,N20,VIIRS,n,2,297.08,34.34,D,0
46.6408,28.47917,329.61,0.45,0.39,2022-03-22,1110,N20,VIIRS,n,2,297.03,2.85,D,0
46.68916,29.814,331.06,0.5,0.41,2022-03-22,1110,N20,VIIRS,n,2,296.18,2.07,D,0
46.62136,29.64165,348.84,0.49,0.41,2022-03-22,1110,N20,VIIRS,n,2,296.88,10.69,D,0
46.62204,29.64815,346.09,0.49,0.41,2022-03-22,1110,N20,VIIRS,n,2,294.03,7.09,D,0
46.61765,29.64256,342.11,0.49,0.41,2022-03-22,1110,N20,VIIRS,n,2,300.05,23.74,D,0
46.57679,29.80557,330.66,0.5,0.41,2022-03-22,1110,N20,VIIRS,n,2,296.15,4.46,D,0
46.57748,29.81211,332.4,0.5,0.41,2022-03-22,1110,N20,VIIRS,n,2,295.51,5.02,D,0
46.50437,29.73385,330.77,0.5,0.41,2022-03-22,1110,N20,VIIRS,n,2,293.84,2.4,D,0
46.34672,28.79877,355.71,0.46,0.39,2022-03-22,1110,N20,VIIRS,n,2,298.41,15.43,D,0
46.35149,28.84038,333.15,0.46,0.39,2022-03-22,1110,N20,VIIRS,n,2,297.7,5.94,D,0
46.35219,28.84648,347.16,0.46,0.39,2022-03-22,1110,N20,VIIRS,n,2,298.45,13.45,D,0
46.34791,28.84129,339.26,0.46,0.39,2022-03-22,1110,N20,VIIRS,n,2,294.75,5.94,D,0
46.34861,28.84735,343.95,0.46,0.39,2022-03-22,1110,N20,VIIRS,n,2,303.83,13.45,D,0
47.05835,28.61068,338.65,0.46,0.39,2022-03-22,1111,N20,VIIRS,n,2,294.2,7.42,D,0
48.04701,28.30182,334.2,0.46,0.39,2022-03-22,1111,N20,VIIRS,n,2,303.94,4.52,D,0
48.04567,28.2976,334.12,0.46,0.39,2022-03-22,1111,N20,VIIRS,n,2,301.7,4.07,D,0
48.04636,28.30365,335.58,0.46,0.39,2022-03-22,1111,N20,VIIRS,n,2,300.27,4.07,D,0
48.00395,28.65477,355.64,0.47,0.4,2022-03-22,1111,N20,VIIRS,n,2,302.83,10.53,D,0
48.00466,28.66128,339.49,0.47,0.4,2022-03-22,1111,N20,VIIRS,n,2,298.57,10.53,D,0
47.89898,27.8496,338.86,0.44,0.39,2022-03-22,1111,N20,VIIRS,n,2,303.59,16.51,D,0
47.97713,28.64802,332.73,0.47,0.4,2022-03-22,1111,N20,VIIRS,n,2,301.31,3.44,D,0
47.97746,28.64885,331.53,0.47,0.4,2022-03-22,1111,N20,VIIRS,n,2,301.25,3.17,D,0
47.97382,28.64973,333.45,0.47,0.4,2022-03-22,1111,N20,VIIRS,n,2,301.66,3.17,D,0
47.79758,27.50953,333.59,0.43,0.38,2022-03-22,1111,N20,VIIRS,n,2,301.17,7.04,D,0
47.82703,27.97355,331.1,0.45,0.39,2022-03-22,1111,N20,VIIRS,n,2,300.35,2.77,D,0
47.87784,28.45466,335.86,0.46,0.39,2022-03-22,1111,N20,VIIRS,n,2,297.48,3.27,D,0
47.74524,27.91712,332.32,0.45,0.39,2022-03-22,1111,N20,VIIRS,n,2,295.56,2.1,D,0
47.85995,29.14566,331.76,0.49,0.4,2022-03-22,1111,N20,VIIRS,n,2,295.05,2.47,D,0
47.62976,27.9477,339.45,0.45,0.39,2022-03-22,1111,N20,VIIRS,n,2,300.81,5.42,D,0
47.62624,27.9486,342.88,0.45,0.39,2022-03-22,1111,N20,VIIRS,n,2,299.07,5.42,D,0
47.62538,28.00358,344.5,0.45,0.39,2022-03-22,1111,N20,VIIRS,n,2,303.53,6.91,D,0
47.62117,27.99867,333.02,0.45,0.39,2022-03-22,1111,N20,VIIRS,n,2,302.03,5,D,0
47.62186,28.00455,339.52,0.45,0.39,2022-03-22,1111,N20,VIIRS,n,2,301.22,5.79,D,0
47.48275,28.48257,331.51,0.46,0.39,2022-03-22,1111,N20,VIIRS,n,2,298.27,6.39,D,0
47.4646,28.35543,340.25,0.46,0.39,2022-03-22,1111,N20,VIIRS,n,2,297.55,5.92,D,0
47.45404,28.48949,340.89,0.46,0.39,2022-03-22,1111,N20,VIIRS,n,2,300.15,5.74,D,0
47.42293,28.27938,333.84,0.45,0.39,2022-03-22,1111,N20,VIIRS,n,2,299.21,4.54,D,0
47.50299,29.07388,338.76,0.48,0.4,2022-03-22,1111,N20,VIIRS,n,2,299.91,9.33,D,0
47.5,29.08107,337.94,0.48,0.4,2022-03-22,1111,N20,VIIRS,n,2,297.26,9.33,D,0
47.49635,29.0821,345.79,0.48,0.4,2022-03-22,1111,N20,VIIRS,n,2,301.03,9.24,D,0
47.37731,28.31112,333.5,0.45,0.39,2022-03-22,1111,N20,VIIRS,n,2,299.42,4.55,D,0
47.38607,28.48321,342.4,0.46,0.39,2022-03-22,1111,N20,VIIRS,n,2,301.42,17.23,D,0
47.26991,28.41222,330.95,0.46,0.39,2022-03-22,1111,N20,VIIRS,n,2,292.76,1.92,D,0
47.26274,28.41372,336.5,0.46,0.39,2022-03-22,1111,N20,VIIRS,n,2,293.19,7.56,D,0
47.26344,28.4198,346.91,0.46,0.39,2022-03-22,1111,N20,VIIRS,n,2,302.08,35.7,D,0
47.25986,28.42065,331.24,0.46,0.39,2022-03-22,1111,N20,VIIRS,l,2,302.68,33.33,D,0
47.33564,29.13507,331.89,0.48,0.4,2022-03-22,1111,N20,VIIRS,n,2,297.88,5.37,D,0
47.33128,29.1296,345.57,0.48,0.4,2022-03-22,1111,N20,VIIRS,n,2,298.25,8.35,D,0
47.3022,28.9995,333.86,0.48,0.4,2022-03-22,1111,N20,VIIRS,n,2,297.08,3.4,D,0
47.29788,28.99419,336.42,0.48,0.4,2022-03-22,1111,N20,VIIRS,n,2,300.29,3.4,D,0
47.29856,29.00048,329.68,0.48,0.4,2022-03-22,1111,N20,VIIRS,n,2,299.22,3.4,D,0
47.2673,28.78259,339.52,0.47,0.4,2022-03-22,1111,N20,VIIRS,n,2,295.44,4.11,D,0
47.19652,28.283,331.37,0.45,0.39,2022-03-22,1111,N20,VIIRS,n,2,297.13,16.42,D,0
47.17312,28.14268,330.56,0.45,0.39,2022-03-22,1111,N20,VIIRS,n,2,297.48,2.83,D,0
47.1803,28.41162,334.95,0.45,0.39,2022-03-22,1111,N20,VIIRS,n,2,299.49,10.35,D,0
47.15899,28.57863,354.24,0.46,0.39,2022-03-22,1111,N20,VIIRS,n,2,299.52,8.08,D,0
47.15968,28.5847,343.74,0.46,0.39,2022-03-22,1111,N20,VIIRS,n,2,292.9,8.08,D,0
47.15102,28.70512,344.29,0.46,0.39,2022-03-22,1111,N20,VIIRS,n,2,297.51,5.9,D,0
47.14742,28.70601,334.83,0.46,0.39,2022-03-22,1111,N20,VIIRS,n,2,298.69,7.64,D,0
47.14089,28.81481,331.78,0.47,0.4,2022-03-22,1111,N20,VIIRS,n,2,297.5,2.45,D,0
47.14094,28.81691,332.33,0.47,0.4,2022-03-22,1111,N20,VIIRS,n,2,296.74,2.65,D,0
47.21063,29.5169,332.59,0.5,0.41,2022-03-22,1111,N20,VIIRS,n,2,296.79,3.14,D,0
47.14328,29.10516,331.98,0.48,0.4,2022-03-22,1111,N20,VIIRS,n,2,295.69,1.12,D,0
47.05003,28.3781,343.46,0.45,0.39,2022-03-22,1111,N20,VIIRS,n,2,298.28,17.63,D,0
47.04647,28.37891,344.55,0.45,0.39,2022-03-22,1111,N20,VIIRS,n,2,292.93,6.43,D,0
47.0733,28.77646,350.1,0.47,0.39,2022-03-22,1111,N20,VIIRS,n,2,299.94,11.13,D,0
47.0697,28.7774,352.39,0.47,0.39,2022-03-22,1111,N20,VIIRS,n,2,301.49,12.44,D,0
46.99829,28.21543,331.97,0.45,0.39,2022-03-22,1111,N20,VIIRS,n,2,300.12,3.07,D,0
48.04633,28.29575,333.94,0.46,0.39,2022-03-22,1111,N20,VIIRS,n,2,302.52,3.73,D,0
48.02674,27.86395,333.91,0.45,0.39,2022-03-22,1111,N20,VIIRS,n,2,300.72,6.51,D,0
47.99549,27.18063,332.23,0.43,0.38,2022-03-22,1111,N20,VIIRS,n,2,301.19,4.99,D,0
48.30246,27.60234,336.51,0.44,0.38,2022-03-22,1111,N20,VIIRS,n,2,298.13,4.63,D,0
48.34354,27.22231,336.31,0.43,0.38,2022-03-22,1111,N20,VIIRS,n,2,300.59,2.38,D,0
48.34176,27.02429,343.14,0.43,0.38,2022-03-22,1111,N20,VIIRS,n,2,295.65,6.69,D,0
48.33886,26.91311,340.42,0.42,0.38,2022-03-22,1111,N20,VIIRS,n,2,302.39,2.8,D,0
47.36492,28.54875,302.11,0.57,0.52,2022-03-22,2325,N20,VIIRS,n,2,273.38,1.41,N,0
47.99635,27.17444,296.02,0.33,0.55,2022-03-22,2325,N20,VIIRS,n,2,269.76,0.59,N,0
48.00147,27.17535,300.13,0.33,0.55,2022-03-22,2325,N20,VIIRS,n,2,270.27,0.81,N,0
48.15076,27.53938,308.06,0.32,0.55,2022-03-22,2325,N20,VIIRS,n,2,267.55,0.67,N,0
47.36454,28.54697,296.1,0.57,0.52,2022-03-22,2325,N20,VIIRS,n,2,272.74,2.26,N,0
47.27777,27.90409,323.49,0.61,0.53,2022-03-22,2325,N20,VIIRS,n,2,268.69,4.04,N,0
47.23658,29.43792,295.5,0.51,0.5,2022-03-22,2325,N20,VIIRS,n,2,267.36,1.52,N,0
47.23703,29.43111,306.62,0.51,0.5,2022-03-22,2325,N20,VIIRS,n,2,269.12,1.94,N,0
47.23653,29.50699,300.86,0.51,0.49,2022-03-22,2325,N20,VIIRS,n,2,266.82,0.84,N,0
48.36418,27.27023,311.18,0.33,0.55,2022-03-22,2325,N20,VIIRS,n,2,267.15,0.85,N,0
48.3644,27.26664,315.7,0.63,0.54,2022-03-23,0105,N20,VIIRS,n,2,267.56,2.75,N,0
47.99879,27.17688,311.64,0.32,0.55,2022-03-23,0106,N20,VIIRS,n,2,269.46,0.71,N,0
47.78865,28.95006,303.32,0.39,0.59,2022-03-23,0106,N20,VIIRS,n,2,268.85,0.97,N,2
47.99987,27.17307,308.78,0.32,0.55,2022-03-23,0106,N20,VIIRS,n,2,268.44,0.71,N,0
47.23413,29.50138,341.68,0.43,0.62,2022-03-23,0106,N20,VIIRS,n,2,271.19,3.3,N,0
47.23571,29.49631,310.09,0.43,0.62,2022-03-23,0106,N20,VIIRS,n,2,266.53,3.3,N,0
47.23617,29.43417,308.87,0.42,0.61,2022-03-23,0106,N20,VIIRS,n,2,268.06,1.08,N,0
46.74933,28.94338,301.23,0.42,0.61,2022-03-23,0106,N20,VIIRS,n,2,268.31,0.75,N,0
46.09971,28.90252,346.84,0.38,0.36,2022-03-23,1051,N20,VIIRS,n,2,305.6,6.91,D,0
46.04043,28.33555,354.19,0.39,0.36,2022-03-23,1051,N20,VIIRS,n,2,301.86,12.15,D,0
46.08599,28.51185,332.49,0.39,0.36,2022-03-23,1051,N20,VIIRS,n,2,301.22,1.37,D,0
46.04082,28.21079,335.18,0.39,0.36,2022-03-23,1051,N20,VIIRS,n,2,299.44,1.59,D,0
46.22881,28.89591,331.93,0.38,0.36,2022-03-23,1051,N20,VIIRS,l,2,303.43,3.07,D,0
46.23318,28.77068,331.81,0.38,0.36,2022-03-23,1051,N20,VIIRS,n,2,300.18,4.15,D,0
46.28531,28.75361,335.64,0.38,0.36,2022-03-23,1051,N20,VIIRS,n,2,303.93,7.04,D,0
46.00884,28.89071,330.87,0.38,0.36,2022-03-23,1051,N20,VIIRS,n,2,300.71,0.96,D,0
45.70662,28.3514,342.29,0.39,0.36,2022-03-23,1051,N20,VIIRS,n,2,302.16,6.42,D,0
45.641,28.45314,331.26,0.39,0.36,2022-03-23,1051,N20,VIIRS,n,2,298.42,3.25,D,0
45.63694,28.44932,341.35,0.39,0.36,2022-03-23,1051,N20,VIIRS,n,2,300.2,3.25,D,0
45.5674,28.25295,333.55,0.39,0.36,2022-03-23,1051,N20,VIIRS,n,2,298.93,3.11,D,0
46.04891,28.86233,342.23,0.38,0.36,2022-03-23,1051,N20,VIIRS,n,2,299.74,8.75,D,0
46.05294,28.86618,335.77,0.38,0.36,2022-03-23,1051,N20,VIIRS,n,2,301.47,5.46,D,0
46.04968,28.86723,332.9,0.38,0.36,2022-03-23,1051,N20,VIIRS,n,2,299.99,2.36,D,0
46.05217,28.86128,348.87,0.38,0.36,2022-03-23,1051,N20,VIIRS,n,2,305.53,32.82,D,0
45.54685,28.29595,340.14,0.39,0.36,2022-03-23,1051,N20,VIIRS,n,2,300.67,2.99,D,0
45.55012,28.29487,331.25,0.39,0.36,2022-03-23,1051,N20,VIIRS,n,2,299.75,1.55,D,0
46.88126,28.42561,331.41,0.38,0.36,2022-03-23,1052,N20,VIIRS,n,2,303.32,2.21,D,0
46.92184,28.37829,333.39,0.38,0.36,2022-03-23,1052,N20,VIIRS,n,2,304.25,2.08,D,0
47.04817,28.68166,340.18,0.38,0.36,2022-03-23,1052,N20,VIIRS,n,2,300.01,6.66,D,0
47.43492,28.26167,342.8,0.38,0.36,2022-03-23,1052,N20,VIIRS,n,2,299.08,9.25,D,0
47.14342,29.21643,339.04,0.38,0.36,2022-03-23,1052,N20,VIIRS,n,2,300.42,3.73,D,0
47.06815,28.72219,332.12,0.38,0.36,2022-03-23,1052,N20,VIIRS,n,2,298.73,5.46,D,0
47.01513,28.29678,345.6,0.38,0.36,2022-03-23,1052,N20,VIIRS,n,2,300.59,7.06,D,0
47.10989,28.61643,334.66,0.38,0.36,2022-03-23,1052,N20,VIIRS,n,2,298.96,2.42,D,0
47.07324,27.97357,337.83,0.39,0.36,2022-03-23,1052,N20,VIIRS,n,2,302.3,6.01,D,0
47.21479,28.65183,333.43,0.38,0.36,2022-03-23,1052,N20,VIIRS,n,2,301.69,4.6,D,0
47.20818,28.4333,345.56,0.38,0.36,2022-03-23,1052,N20,VIIRS,n,2,301.41,7.85,D,0
47.18548,28.26729,336.57,0.38,0.36,2022-03-23,1052,N20,VIIRS,n,2,299.92,4.33,D,0
46.4943,29.93222,334.38,0.39,0.36,2022-03-23,1052,N20,VIIRS,n,2,298.56,2.73,D,0
46.49831,29.93622,336.68,0.39,0.36,2022-03-23,1052,N20,VIIRS,n,2,297.83,2.73,D,0
46.49758,29.93123,330.78,0.39,0.36,2022-03-23,1052,N20,VIIRS,n,2,297.3,2.73,D,0
46.37257,28.67615,336.16,0.38,0.36,2022-03-23,1052,N20,VIIRS,n,2,299.95,2.06,D,0
46.56974,29.90919,343.33,0.39,0.36,2022-03-23,1052,N20,VIIRS,n,2,303.83,6.29,D,0
46.60513,29.64031,334.4,0.39,0.36,2022-03-23,1052,N20,VIIRS,n,2,303.95,4.01,D,0
46.62017,29.30604,335.43,0.38,0.36,2022-03-23,1052,N20,VIIRS,n,2,303.73,6.74,D,0
46.79984,29.3648,331.22,0.38,0.36,2022-03-23,1052,N20,VIIRS,n,2,302.52,2.73,D,0
46.88026,29.65293,332.36,0.39,0.36,2022-03-23,1052,N20,VIIRS,n,2,301.08,4.32,D,0
46.77127,28.77294,343.63,0.38,0.36,2022-03-23,1052,N20,VIIRS,n,2,304.57,11.35,D,0
46.87935,29.46267,339.71,0.39,0.36,2022-03-23,1052,N20,VIIRS,n,2,301.45,3.51,D,0
46.77452,28.77187,347.17,0.38,0.36,2022-03-23,1052,N20,VIIRS,n,2,299.06,11.35,D,0
46.8896,28.83035,338.88,0.38,0.36,2022-03-23,1052,N20,VIIRS,n,2,299.68,5.85,D,0
46.93615,28.88819,332.89,0.38,0.36,2022-03-23,1052,N20,VIIRS,n,2,300.32,3.43,D,0
48.41422,27.30204,331.09,0.39,0.36,2022-03-23,1052,N20,VIIRS,n,2,297.22,2.2,D,0
48.41505,27.30717,335.84,0.39,0.36,2022-03-23,1052,N20,VIIRS,n,2,300,2.2,D,0
48.3283,27.06931,332.23,0.39,0.36,2022-03-23,1052,N20,VIIRS,n,2,301.05,2.13,D,0
48.39927,27.85137,330.04,0.38,0.36,2022-03-23,1052,N20,VIIRS,n,2,299.75,4.02,D,0
48.35248,27.81623,341.39,0.38,0.36,2022-03-23,1052,N20,VIIRS,n,2,301.51,3.22,D,0
48.23621,27.58278,332.66,0.39,0.36,2022-03-23,1052,N20,VIIRS,n,2,301.68,5.89,D,0
47.34577,27.74637,330.9,0.39,0.36,2022-03-23,1052,N20,VIIRS,l,2,302.2,2.37,D,0
47.42563,28.33354,343.8,0.38,0.36,2022-03-23,1052,N20,VIIRS,n,2,300.37,5.2,D,0
47.34426,28.64805,343.02,0.38,0.36,2022-03-23,1052,N20,VIIRS,n,2,301.41,11.05,D,0
47.23306,27.7934,346.46,0.39,0.36,2022-03-23,1052,N20,VIIRS,n,2,302.5,9.79,D,0
47.42533,28.93206,348.94,0.38,0.36,2022-03-23,1052,N20,VIIRS,n,2,303.26,2.96,D,0
47.42859,28.93099,333.35,0.38,0.36,2022-03-23,1052,N20,VIIRS,n,2,304.52,2.96,D,0
47.45264,28.93135,331.36,0.38,0.36,2022-03-23,1052,N20,VIIRS,n,2,303.46,1.89,D,0
47.33931,28.1993,331.39,0.38,0.36,2022-03-23,1052,N20,VIIRS,n,2,298.02,3.22,D,0
47.37731,28.24436,330.69,0.38,0.36,2022-03-23,1052,N20,VIIRS,n,2,295.22,1.47,D,0
47.42316,28.33966,332.27,0.38,0.36,2022-03-23,1052,N20,VIIRS,n,2,299.44,3.4,D,0
48.12587,27.21939,330.42,0.39,0.36,2022-03-23,1052,N20,VIIRS,n,2,299.79,1.12,D,0
48.13118,27.67694,343.6,0.39,0.36,2022-03-23,1052,N20,VIIRS,n,2,308.66,23.9,D,0
48.11654,27.67141,330.24,0.39,0.36,2022-03-23,1052,N20,VIIRS,n,2,305.13,1.69,D,0
48.00159,27.17568,341.01,0.39,0.36,2022-03-23,1052,N20,VIIRS,n,2,302.12,2.32,D,0
48.0856,28.70537,336.63,0.38,0.36,2022-03-23,1052,N20,VIIRS,n,2,302.13,3.97,D,0
47.81364,27.54028,331.72,0.39,0.36,2022-03-23,1052,N20,VIIRS,n,2,304.18,1.27,D,0
47.86507,27.88109,333.81,0.39,0.36,2022-03-23,1052,N20,VIIRS,l,2,305.56,3.19,D,0
47.22093,28.21045,334.23,0.38,0.36,2022-03-23,1052,N20,VIIRS,n,2,299,10.69,D,0
47.30086,28.58885,336.68,0.38,0.36,2022-03-23,1052,N20,VIIRS,n,2,300.75,8.79,D,0
47.21767,28.21155,338.83,0.38,0.36,2022-03-23,1052,N20,VIIRS,n,2,297.07,10.69,D,0
47.86393,28.04707,348.97,0.38,0.36,2022-03-23,1052,N20,VIIRS,n,2,306.11,4.59,D,0
47.795,27.84962,331.91,0.39,0.36,2022-03-23,1052,N20,VIIRS,l,2,301.97,2.94,D,0
47.77531,27.96332,339.95,0.39,0.36,2022-03-23,1052,N20,VIIRS,n,2,308.55,21.92,D,0
47.77206,27.96445,335.54,0.39,0.36,2022-03-23,1052,N20,VIIRS,n,2,305.42,6.31,D,0
47.67046,27.37918,338.83,0.39,0.36,2022-03-23,1052,N20,VIIRS,n,2,304.35,2.24,D,0
47.87564,28.92434,334.31,0.38,0.36,2022-03-23,1052,N20,VIIRS,n,2,298.79,3.86,D,0
47.68271,27.70758,334.66,0.39,0.36,2022-03-23,1052,N20,VIIRS,n,2,303.26,2.79,D,0
47.66774,27.74174,336.09,0.39,0.36,2022-03-23,1052,N20,VIIRS,l,2,306.09,3.68,D,0
47.74501,28.85103,333.77,0.38,0.36,2022-03-23,1052,N20,VIIRS,n,2,298.67,2.65,D,0
47.58638,28.48557,333.04,0.38,0.36,2022-03-23,1052,N20,VIIRS,n,2,302.77,1.64,D,0
47.52649,28.36521,348.33,0.38,0.36,2022-03-23,1052,N20,VIIRS,n,2,303.6,5.13,D,0
47.52323,28.36632,340.33,0.38,0.36,2022-03-23,1052,N20,VIIRS,n,2,303.84,5.13,D,0
47.6022,28.94816,335.28,0.38,0.36,2022-03-23,1052,N20,VIIRS,n,2,303.67,4.02,D,0
47.36605,27.66194,341.91,0.39,0.36,2022-03-23,1052,N20,VIIRS,n,2,301.69,27.53,D,0
47.55515,28.86326,331.5,0.38,0.36,2022-03-23,1052,N20,VIIRS,n,2,301.02,1.34,D,0
47.46982,28.33171,333.4,0.38,0.36,2022-03-23,1052,N20,VIIRS,n,2,298.68,2.6,D,0
47.46015,28.31381,335.54,0.38,0.36,2022-03-23,1052,N20,VIIRS,n,2,305.51,6.81,D,0
47.79295,28.95082,302.81,0.46,0.63,2022-03-23,2306,N20,VIIRS,n,2,272.63,1.26,N,2
48.0059,28.36792,306.88,0.49,0.65,2022-03-23,2306,N20,VIIRS,n,2,269.96,1.54,N,0
47.78823,28.9513,308.96,0.49,0.48,2022-03-24,0047,N20,VIIRS,n,2,271.46,2.38,N,2
47.1951,28.43852,297.21,0.48,0.48,2022-03-24,0047,N20,VIIRS,n,2,269.64,0.55,N,0
48.00899,28.37023,302.63,0.45,0.47,2022-03-24,0047,N20,VIIRS,n,2,267.84,0.81,N,0
48.00489,28.3681,311.33,0.45,0.47,2022-03-24,0047,N20,VIIRS,n,2,268.35,1.02,N,0
47.20055,28.45468,298.06,0.48,0.48,2022-03-24,0047,N20,VIIRS,n,2,270.15,0.62,N,0
47.42302,28.3064,332.78,0.48,0.4,2022-03-24,1033,N20,VIIRS,n,2,295.79,6.63,D,0
47.46559,28.49848,334.96,0.47,0.4,2022-03-24,1033,N20,VIIRS,n,2,296.19,3.6,D,0
47.39584,28.07789,328.76,0.48,0.4,2022-03-24,1033,N20,VIIRS,n,2,294.25,3.42,D,0
47.43505,28.19449,331.69,0.48,0.4,2022-03-24,1033,N20,VIIRS,n,2,297.05,5.12,D,0
47.43984,28.19912,331.8,0.48,0.4,2022-03-24,1033,N20,VIIRS,n,2,295.98,4.83,D,0
47.4434,28.19764,344.38,0.48,0.4,2022-03-24,1033,N20,VIIRS,n,2,299.81,11,D,0
47.40081,27.98799,331.26,0.49,0.4,2022-03-24,1033,N20,VIIRS,n,2,295.33,3.19,D,0
47.36184,27.79811,333.86,0.5,0.41,2022-03-24,1033,N20,VIIRS,n,2,297.92,16.41,D,0
47.44572,28.19001,352.11,0.48,0.4,2022-03-24,1033,N20,VIIRS,n,2,300.27,10.43,D,0
47.36543,27.79646,339.51,0.5,0.41,2022-03-24,1033,N20,VIIRS,n,2,302.72,16.41,D,0
47.65975,29.06619,334.83,0.45,0.39,2022-03-24,1033,N20,VIIRS,n,2,300.15,3.86,D,0
47.6587,29.06379,331.52,0.45,0.39,2022-03-24,1033,N20,VIIRS,n,2,298.72,4.07,D,0
47.4892,28.02653,335.79,0.48,0.4,2022-03-24,1033,N20,VIIRS,n,2,301.78,6.69,D,0
47.68116,28.87239,329.55,0.45,0.39,2022-03-24,1033,N20,VIIRS,n,2,298.49,4.26,D,0
47.46948,27.81647,335.18,0.49,0.4,2022-03-24,1033,N20,VIIRS,n,2,296.37,4.38,D,0
47.68577,28.87681,331.4,0.45,0.39,2022-03-24,1033,N20,VIIRS,n,2,297.18,7.55,D,0
47.68463,28.87097,333.2,0.45,0.39,2022-03-24,1033,N20,VIIRS,n,2,297.35,4.26,D,0
47.79281,28.91172,331.69,0.45,0.39,2022-03-24,1033,N20,VIIRS,n,2,297.28,2.77,D,0
47.79626,28.91026,332.07,0.45,0.39,2022-03-24,1033,N20,VIIRS,n,2,295.61,2.77,D,0
47.8366,28.73909,331.45,0.45,0.39,2022-03-24,1033,N20,VIIRS,n,2,298.6,2.39,D,0
47.95971,28.45286,338.07,0.46,0.39,2022-03-24,1033,N20,VIIRS,n,2,297.77,4.52,D,0
48.00875,28.51986,330.1,0.46,0.39,2022-03-24,1033,N20,VIIRS,n,2,295.62,2.83,D,0
47.97665,27.93985,335.3,0.48,0.4,2022-03-24,1033,N20,VIIRS,n,2,298.61,4.97,D,0
47.89508,27.48164,332.03,0.5,0.41,2022-03-24,1033,N20,VIIRS,n,2,298.69,6.19,D,0
47.88269,27.40228,326.51,0.5,0.41,2022-03-24,1033,N20,VIIRS,n,2,296.28,2.28,D,0
47.89642,27.47936,338.73,0.5,0.41,2022-03-24,1033,N20,VIIRS,n,2,299.39,5.55,D,0
47.88506,27.40662,330.99,0.5,0.41,2022-03-24,1033,N20,VIIRS,n,2,297.83,4.11,D,0
47.96961,27.58545,340.65,0.49,0.4,2022-03-24,1033,N20,VIIRS,n,2,296.73,4.42,D,0
48.01445,27.46015,329.07,0.5,0.41,2022-03-24,1033,N20,VIIRS,n,2,293.21,2.14,D,0
48.01585,27.4584,334.61,0.5,0.41,2022-03-24,1033,N20,VIIRS,n,2,295.48,6.52,D,0
48.21675,27.69846,334.04,0.48,0.4,2022-03-24,1033,N20,VIIRS,n,2,294.82,4.2,D,0
48.28878,27.63698,329.62,0.48,0.4,2022-03-24,1033,N20,VIIRS,n,2,295.05,0.69,D,0
47.79368,28.97385,330.61,0.45,0.39,2022-03-24,1033,N20,VIIRS,n,2,297.72,3.1,D,0
46.1278,28.50535,332.82,0.49,0.4,2022-03-24,1033,N20,VIIRS,n,2,302.19,13.38,D,0
46.0967,28.24047,333.72,0.5,0.41,2022-03-24,1033,N20,VIIRS,n,2,305.01,5.58,D,0
46.42143,29.85397,331.84,0.44,0.38,2022-03-24,1033,N20,VIIRS,n,2,305.04,1.41,D,0
46.22394,28.69122,337.36,0.48,0.4,2022-03-24,1033,N20,VIIRS,n,2,304.73,15.68,D,0
46.20487,28.5196,332.81,0.49,0.4,2022-03-24,1033,N20,VIIRS,n,2,302.22,4.04,D,0
46.2036,28.51332,330.25,0.49,0.4,2022-03-24,1033,N20,VIIRS,l,2,301.84,5.14,D,0
46.2331,28.62114,333.99,0.49,0.4,2022-03-24,1033,N20,VIIRS,n,2,303.13,4.17,D,0
46.23535,28.61885,337.91,0.49,0.4,2022-03-24,1033,N20,VIIRS,n,2,302.64,5.06,D,0
46.25225,28.64452,334.69,0.48,0.4,2022-03-24,1033,N20,VIIRS,n,2,302.5,4.18,D,0
46.5139,29.89272,330.38,0.44,0.38,2022-03-24,1033,N20,VIIRS,n,2,300.33,17.83,D,0
46.5006,29.78451,333.81,0.44,0.39,2022-03-24,1033,N20,VIIRS,n,2,306.27,4.66,D,0
46.38272,28.85206,336.7,0.47,0.4,2022-03-24,1033,N20,VIIRS,n,2,302.98,4.67,D,0
46.38627,28.8506,334.44,0.47,0.4,2022-03-24,1033,N20,VIIRS,n,2,304.9,3.92,D,0
46.54432,29.60765,331.09,0.45,0.39,2022-03-24,1033,N20,VIIRS,n,2,302.72,1.53,D,0
46.58654,29.73016,345.03,0.44,0.39,2022-03-24,1033,N20,VIIRS,n,2,305.37,9.63,D,0
46.54556,29.44133,335.26,0.45,0.39,2022-03-24,1033,N20,VIIRS,n,2,301.66,2.49,D,0
46.34837,28.3973,336.09,0.49,0.4,2022-03-24,1033,N20,VIIRS,n,2,301.97,5.73,D,0
46.67351,29.85734,337.61,0.44,0.38,2022-03-24,1033,N20,VIIRS,n,2,305.83,5.3,D,0
46.3841,28.38093,344.03,0.49,0.4,2022-03-24,1033,N20,VIIRS,n,2,300.85,10.12,D,0
46.56968,29.27599,337.7,0.46,0.39,2022-03-24,1033,N20,VIIRS,n,2,302.37,4.29,D,0
46.56741,29.2643,332.85,0.46,0.39,2022-03-24,1033,N20,VIIRS,n,2,300.36,4.15,D,0
46.45766,28.63008,336.14,0.48,0.4,2022-03-24,1033,N20,VIIRS,n,2,302.49,5.7,D,0
46.45656,28.62796,339.66,0.48,0.4,2022-03-24,1033,N20,VIIRS,n,2,303.36,5.77,D,0
46.69649,29.72469,332.51,0.44,0.38,2022-03-24,1033,N20,VIIRS,n,2,301.92,2.16,D,0
46.57498,29.00636,336.21,0.47,0.39,2022-03-24,1033,N20,VIIRS,n,2,302.15,2.55,D,0
46.69041,29.53876,331.42,0.45,0.39,2022-03-24,1033,N20,VIIRS,n,2,298.92,6.47,D,0
46.73768,29.61098,332.73,0.44,0.39,2022-03-24,1033,N20,VIIRS,l,2,303.22,1.9,D,0
46.72362,29.53736,331,0.45,0.39,2022-03-24,1033,N20,VIIRS,n,2,304.38,1.3,D,0
46.74671,29.61947,337.87,0.44,0.39,2022-03-24,1033,N20,VIIRS,n,2,308.55,21.67,D,0
46.70746,28.34517,332.05,0.49,0.4,2022-03-24,1033,N20,VIIRS,n,2,298.79,2.78,D,0
46.85442,28.75005,339.6,0.47,0.4,2022-03-24,1033,N20,VIIRS,n,2,299.02,6.28,D,0
46.84409,28.54563,331.76,0.48,0.4,2022-03-24,1033,N20,VIIRS,n,2,298.52,5.14,D,0
46.93417,28.86415,332.14,0.46,0.39,2022-03-24,1033,N20,VIIRS,n,2,301.65,2.88,D,0
46.97946,28.95208,336.58,0.46,0.39,2022-03-24,1033,N20,VIIRS,n,2,301.28,41.82,D,0
46.90041,28.52045,342.02,0.48,0.4,2022-03-24,1033,N20,VIIRS,n,2,299.47,10.97,D,0
46.98521,28.82837,332.65,0.46,0.39,2022-03-24,1033,N20,VIIRS,n,2,301.57,8.55,D,0
47.00614,28.74215,345.09,0.47,0.4,2022-03-24,1033,N20,VIIRS,n,2,302.17,10.9,D,0
47.01087,28.74681,331.9,0.47,0.4,2022-03-24,1033,N20,VIIRS,n,2,298.57,8.94,D,0
47.00967,28.74078,344.98,0.47,0.4,2022-03-24,1033,N20,VIIRS,n,2,303.25,8.94,D,0
47.0958,29.16139,330.1,0.45,0.39,2022-03-24,1033,N20,VIIRS,n,2,296.81,1.55,D,0
47.06759,29.01621,339.86,0.46,0.39,2022-03-24,1033,N20,VIIRS,n,2,300.4,5.53,D,0
47.05518,28.83674,332.03,0.46,0.39,2022-03-24,1033,N20,VIIRS,n,2,296.88,2.5,D,0
47.05616,28.83408,335.63,0.46,0.39,2022-03-24,1033,N20,VIIRS,n,2,296.67,3.37,D,0
47.19333,29.51382,336.53,0.44,0.38,2022-03-24,1033,N20,VIIRS,n,2,304.49,3.22,D,0
47.0843,28.88017,334.81,0.46,0.39,2022-03-24,1033,N20,VIIRS,n,2,295.62,2.94,D,0
47.15813,29.08272,344.69,0.45,0.39,2022-03-24,1033,N20,VIIRS,n,2,299.46,6.98,D,0
47.08155,28.67541,340.78,0.47,0.4,2022-03-24,1033,N20,VIIRS,n,2,299.22,7.88,D,0
47.25335,29.53802,349.89,0.44,0.38,2022-03-24,1033,N20,VIIRS,n,2,300.28,4.81,D,0
47.25568,29.53089,334.06,0.44,0.38,2022-03-24,1033,N20,VIIRS,n,2,298.32,4.81,D,0
47.26484,29.52076,344.03,0.44,0.38,2022-03-24,1033,N20,VIIRS,n,2,298.43,22.9,D,0
47.27042,29.53076,353.35,0.44,0.38,2022-03-24,1033,N20,VIIRS,n,2,299.02,6.08,D,0
47.26933,29.52503,348.15,0.44,0.38,2022-03-24,1033,N20,VIIRS,n,2,300.29,6.08,D,0
47.26825,29.51934,348.46,0.44,0.38,2022-03-24,1033,N20,VIIRS,n,2,301.27,22.9,D,0
47.27275,29.52361,345.18,0.44,0.38,2022-03-24,1033,N20,VIIRS,n,2,297.6,9.02,D,0
47.10958,28.62437,337.14,0.47,0.4,2022-03-24,1033,N20,VIIRS,n,2,301.7,11.3,D,0
47.11311,28.62296,339.2,0.47,0.4,2022-03-24,1033,N20,VIIRS,n,2,298.87,5.41,D,0
47.19316,29.01183,334.66,0.46,0.39,2022-03-24,1033,N20,VIIRS,n,2,299.87,7.75,D,0
47.12486,28.64372,331.64,0.47,0.4,2022-03-24,1033,N20,VIIRS,n,2,296.04,11.77,D,0
47.12721,28.63632,332.05,0.47,0.4,2022-03-24,1033,N20,VIIRS,n,2,297.02,19.69,D,0
47.12722,28.61709,336.18,0.47,0.4,2022-03-24,1033,N20,VIIRS,n,2,301.05,16.86,D,0
47.13073,28.61551,339.89,0.47,0.4,2022-03-24,1033,N20,VIIRS,n,2,301.34,16.86,D,0
47.1287,28.62136,330.23,0.47,0.4,2022-03-24,1033,N20,VIIRS,n,2,294.05,9.82,D,0
47.13219,28.61975,339.14,0.47,0.4,2022-03-24,1033,N20,VIIRS,n,2,299.14,10.1,D,0
47.14128,28.5509,334.13,0.47,0.4,2022-03-24,1033,N20,VIIRS,n,2,296.16,6.46,D,0
47.14008,28.54497,331.38,0.47,0.4,2022-03-24,1033,N20,VIIRS,n,2,298.19,14.42,D,0
47.14597,28.55521,336.89,0.47,0.4,2022-03-24,1033,N20,VIIRS,n,2,297.62,6.46,D,0
47.14478,28.54924,330.83,0.47,0.4,2022-03-24,1033,N20,VIIRS,n,2,297.85,6.46,D,0
47.14359,28.54332,340.91,0.47,0.4,2022-03-24,1033,N20,VIIRS,n,2,301.18,14.42,D,0
47.14827,28.5476,346.7,0.47,0.4,2022-03-24,1033,N20,VIIRS,n,2,299.4,7.04,D,0
47.14708,28.54167,343.1,0.47,0.4,2022-03-24,1033,N20,VIIRS,n,2,301.41,12.21,D,0
47.20058,28.79046,332.49,0.46,0.39,2022-03-24,1033,N20,VIIRS,n,2,303.07,9.43,D,0
47.19939,28.78447,332.67,0.46,0.39,2022-03-24,1033,N20,VIIRS,n,2,301.23,9.43,D,0
47.15604,28.45262,345.16,0.48,0.4,2022-03-24,1033,N20,VIIRS,n,2,296.49,5.74,D,0
47.14494,28.39744,331.53,0.48,0.4,2022-03-24,1033,N20,VIIRS,n,2,297.57,4.01,D,0
47.1497,28.40196,347.61,0.48,0.4,2022-03-24,1033,N20,VIIRS,n,2,300.19,9.45,D,0
47.21153,28.44063,332.2,0.47,0.4,2022-03-24,1033,N20,VIIRS,n,2,296.39,2.54,D,0
47.21506,28.43905,332.08,0.47,0.4,2022-03-24,1033,N20,VIIRS,n,2,300.18,7.08,D,0
47.21386,28.43314,339.09,0.47,0.4,2022-03-24,1033,N20,VIIRS,n,2,298.67,7.08,D,0
47.19204,28.25001,328.96,0.48,0.4,2022-03-24,1033,N20,VIIRS,n,2,295.36,7.7,D,0
47.25391,28.40313,334.28,0.48,0.4,2022-03-24,1033,N20,VIIRS,n,2,297.13,3.62,D,0
47.25747,28.40171,340.34,0.48,0.4,2022-03-24,1033,N20,VIIRS,n,2,296.79,3.62,D,0
47.36623,28.6998,340.56,0.46,0.39,2022-03-24,1033,N20,VIIRS,n,2,308.9,30.37,D,0
47.3189,28.45968,329.04,0.47,0.4,2022-03-24,1033,N20,VIIRS,n,2,295.37,5.57,D,0
47.36368,28.69923,337.68,0.46,0.39,2022-03-24,1033,N20,VIIRS,n,2,299.13,15.9,D,0
47.36719,28.69779,341.39,0.46,0.39,2022-03-24,1033,N20,VIIRS,n,2,301.13,15.9,D,0
47.31897,28.45822,334.87,0.47,0.4,2022-03-24,1033,N20,VIIRS,n,2,296.62,4.62,D,0
47.2838,28.22867,331.07,0.48,0.4,2022-03-24,1033,N20,VIIRS,n,2,297.67,8.64,D,0
47.44281,28.92695,335.19,0.45,0.39,2022-03-24,1033,N20,VIIRS,n,2,301.22,3.52,D,0
47.35642,28.39673,334.83,0.47,0.4,2022-03-24,1033,N20,VIIRS,n,2,293.36,2.8,D,0
47.45086,28.56413,332.16,0.47,0.39,2022-03-24,1033,N20,VIIRS,n,2,299.94,3.22,D,0
47.45179,28.56269,328.96,0.47,0.39,2022-03-24,1033,N20,VIIRS,n,2,298.97,3.62,D,0
47.43958,28.46415,347.51,0.47,0.4,2022-03-24,1033,N20,VIIRS,n,2,302.21,9.12,D,0
47.4195,28.30798,337.62,0.48,0.4,2022-03-24,1033,N20,VIIRS,n,2,299.31,6.63,D,0
45.94824,28.20505,327.05,0.77,0.77,2022-03-24,1214,N20,VIIRS,n,2,295.75,4.69,D,0
46.28835,28.35766,367,0.78,0.78,2022-03-24,1214,N20,VIIRS,h,2,296.33,26.29,D,0
46.28227,28.35424,346.24,0.78,0.78,2022-03-24,1214,N20,VIIRS,n,2,295.46,9.92,D,0
46.28934,28.36277,328.25,0.78,0.78,2022-03-24,1214,N20,VIIRS,n,2,292.34,9.92,D,0
46.28952,28.35406,349.81,0.78,0.78,2022-03-24,1214,N20,VIIRS,n,2,292.76,9.92,D,0
46.46061,28.26105,335.84,0.77,0.78,2022-03-24,1214,N20,VIIRS,n,2,293.34,5.55,D,0
46.49488,28.35404,346.23,0.78,0.78,2022-03-24,1214,N20,VIIRS,n,2,295.09,9.4,D,0
46.50213,28.35428,367,0.78,0.78,2022-03-24,1214,N20,VIIRS,h,2,297.37,24.57,D,0
46.79302,28.43899,339.77,0.79,0.78,2022-03-24,1214,N20,VIIRS,n,2,292.65,7.23,D,0
46.79392,28.43842,340.75,0.79,0.78,2022-03-24,1214,N20,VIIRS,n,2,292.69,8.84,D,0
46.81641,28.40761,325.43,0.79,0.78,2022-03-24,1214,N20,VIIRS,n,2,291.73,6.41,D,0
46.82367,28.40799,367,0.79,0.78,2022-03-24,1214,N20,VIIRS,h,2,296.16,19.55,D,0
46.82346,28.41796,346.86,0.79,0.78,2022-03-24,1214,N20,VIIRS,n,2,291.62,19.55,D,0
46.82387,28.39884,345.63,0.79,0.78,2022-03-24,1214,N20,VIIRS,n,2,295.79,10.21,D,0
46.83113,28.39889,325.97,0.79,0.78,2022-03-24,1214,N20,VIIRS,n,2,292.42,10.21,D,0
47.20658,28.27719,367,0.78,0.78,2022-03-24,1214,N20,VIIRS,h,2,291.03,17.94,D,0
47.20674,28.26881,333.71,0.78,0.78,2022-03-24,1214,N20,VIIRS,n,2,292.6,14.93,D,0
47.20099,28.27336,348.61,0.78,0.78,2022-03-24,1214,N20,VIIRS,n,2,292.6,15.83,D,0
47.20825,28.27225,346.63,0.78,0.78,2022-03-24,1214,N20,VIIRS,n,2,292.6,9.41,D,0
47.34337,28.43719,343.97,0.79,0.78,2022-03-24,1214,N20,VIIRS,n,2,289.25,8.8,D,0
47.36371,27.75891,349.1,0.73,0.76,2022-03-24,1214,N20,VIIRS,n,2,293.3,17.64,D,0
47.3639,27.74726,355.15,0.73,0.76,2022-03-24,1214,N20,VIIRS,n,2,296.64,21.58,D,0
47.38633,27.66857,354.13,0.73,0.76,2022-03-24,1214,N20,VIIRS,n,2,299.77,36.52,D,0
47.36753,27.75218,334.26,0.73,0.76,2022-03-24,1214,N20,VIIRS,n,2,293.05,4.83,D,0
47.38328,27.6721,367,0.73,0.76,2022-03-24,1214,N20,VIIRS,h,2,293.53,16.22,D,0
47.38346,27.66316,330.67,0.73,0.76,2022-03-24,1214,N20,VIIRS,n,2,290.61,24.46,D,0
47.39035,27.67229,332.33,0.73,0.76,2022-03-24,1214,N20,VIIRS,n,2,291.75,16.22,D,0
47.44414,28.19621,326.22,0.77,0.77,2022-03-24,1214,N20,VIIRS,n,2,291.27,4.06,D,0
47.4622,28.36765,327.8,0.78,0.78,2022-03-24,1214,N20,VIIRS,n,2,288.05,5.02,D,0
47.46948,28.3667,332.25,0.78,0.78,2022-03-24,1214,N20,VIIRS,n,2,289.2,4.66,D,0
47.71786,28.00914,347.81,0.76,0.77,2022-03-24,1214,N20,VIIRS,n,2,291.55,8.57,D,0
47.72019,28.01045,336.93,0.76,0.77,2022-03-24,1214,N20,VIIRS,n,2,289.11,7.24,D,0
47.7947,27.85306,367,0.74,0.76,2022-03-24,1214,N20,VIIRS,h,2,292.45,12.64,D,0
47.79794,27.85273,367,0.74,0.76,2022-03-24,1214,N20,VIIRS,h,2,293.63,16.64,D,0
47.88374,27.40686,348.09,0.71,0.75,2022-03-24,1214,N20,VIIRS,n,2,294.03,7.11,D,0
48.4029,27.54536,347.91,0.72,0.76,2022-03-24,1214,N20,VIIRS,n,2,290.46,15.52,D,0
48.40306,27.53569,355.57,0.72,0.76,2022-03-24,1214,N20,VIIRS,n,2,293.44,17.14,D,0
48.40041,27.53996,330.32,0.72,0.76,2022-03-24,1214,N20,VIIRS,n,2,288.26,12.37,D,0
48.40745,27.54003,367,0.72,0.76,2022-03-24,1214,N20,VIIRS,h,2,292.84,12.37,D,0
47.09594,28.9021,300.85,0.77,0.77,2022-03-24,2247,N20,VIIRS,n,2,270.87,1.66,N,0
47.09792,28.89966,305.85,0.77,0.77,2022-03-24,2247,N20,VIIRS,n,2,270.72,1.83,N,0
47.366,28.19892,328.77,0.46,0.39,2022-03-25,0028,N20,VIIRS,n,2,271.22,2.61,N,0
47.37578,28.05652,298.81,0.45,0.39,2022-03-25,0028,N20,VIIRS,n,2,271.91,0.45,N,0
47.12193,29.21976,305.32,0.5,0.41,2022-03-25,0028,N20,VIIRS,n,2,265.98,1.03,N,0
47.11834,29.21808,299.04,0.5,0.41,2022-03-25,0028,N20,VIIRS,n,2,266.47,1.03,N,0
47.19052,28.58737,317.73,0.47,0.4,2022-03-25,0028,N20,VIIRS,n,2,271.31,2.54,N,0
47.15004,28.44539,295.6,0.47,0.4,2022-03-25,0028,N20,VIIRS,n,2,270.01,0.98,N,0
47.14655,28.44371,296.66,0.47,0.4,2022-03-25,0028,N20,VIIRS,n,2,269.84,0.75,N,0
47.1454,28.44938,296.64,0.47,0.4,2022-03-25,0028,N20,VIIRS,n,2,270.44,0.75,N,0
46.67765,28.44001,305.85,0.48,0.4,2022-03-25,0028,N20,VIIRS,n,2,270.9,1.26,N,0
46.46312,28.34073,329.2,0.48,0.4,2022-03-25,0028,N20,VIIRS,n,2,273.44,3.55,N,0
46.28736,28.89417,299.73,0.5,0.41,2022-03-25,0028,N20,VIIRS,n,2,271.54,1.22,N,0
47.89631,27.29045,301.88,0.42,0.38,2022-03-25,0028,N20,VIIRS,n,2,270.35,0.86,N,0
47.79041,28.95206,298.12,0.48,0.4,2022-03-25,0028,N20,VIIRS,n,2,265.79,1.2,N,2
48.11222,27.4013,339.56,0.42,0.38,2022-03-25,0028,N20,VIIRS,n,2,270.91,4.3,N,0
48.10112,27.74737,308.79,0.43,0.38,2022-03-25,0028,N20,VIIRS,n,2,268.6,1.23,N,0
48.10221,27.7417,299.55,0.43,0.38,2022-03-25,0028,N20,VIIRS,n,2,268.81,1.01,N,0
48.10299,27.74358,318.26,0.43,0.38,2022-03-25,0028,N20,VIIRS,n,2,269.07,2.21,N,0
47.3227,28.4504,306.23,0.47,0.39,2022-03-25,0028,N20,VIIRS,n,2,271.3,1.61,N,0
45.51469,28.41623,331.57,0.5,0.41,2022-03-25,0029,N20,VIIRS,n,2,273.6,3.77,N,0
45.51107,28.41471,327.12,0.5,0.41,2022-03-25,0029,N20,VIIRS,n,2,291.67,67.44,N,0
45.51324,28.41578,328.26,0.5,0.41,2022-03-25,0029,N20,VIIRS,n,2,288.24,50.55,N,0
45.50963,28.41424,327.21,0.5,0.41,2022-03-25,0029,N20,VIIRS,n,2,277.48,15.94,N,0
46.62901,29.3927,337.11,0.46,0.47,2022-03-25,1014,N20,VIIRS,n,2,284.24,13.84,D,0
46.63189,29.39568,351.13,0.46,0.47,2022-03-25,1014,N20,VIIRS,n,2,287.15,14.32,D,0
46.63055,29.39019,336.79,0.46,0.47,2022-03-25,1014,N20,VIIRS,n,2,285.71,7.57,D,0
48.27821,27.25455,339.13,0.42,0.61,2022-03-25,1155,N20,VIIRS,n,2,292.99,7.49,D,0
46.89521,28.4618,326.83,0.47,0.64,2022-03-25,1155,N20,VIIRS,n,2,284.76,4.74,D,0
48.24418,27.3273,328.92,0.42,0.61,2022-03-25,1155,N20,VIIRS,n,2,287.27,3.47,D,0
48.24582,27.33048,325.28,0.42,0.61,2022-03-25,1155,N20,VIIRS,n,2,288.66,1.76,D,0
48.27835,27.26032,354.17,0.42,0.61,2022-03-25,1155,N20,VIIRS,n,2,291.39,7.81,D,0
47.7896,28.95508,317.28,0.38,0.36,2022-03-26,0009,N20,VIIRS,n,2,276.05,1.78,N,2
47.78631,29.01795,305.12,0.38,0.36,2022-03-26,0009,N20,VIIRS,n,2,273.94,1.28,N,2
48.23553,27.43778,304.93,0.39,0.36,2022-03-26,0009,N20,VIIRS,n,2,265.92,1.04,N,0
46.75341,29.74203,336.57,0.36,0.57,2022-03-26,0955,N20,VIIRS,n,2,298.4,3.03,D,0
47.0712,28.87848,333.96,0.38,0.59,2022-03-26,0955,N20,VIIRS,n,2,294.09,4.93,D,0
47.07264,28.88343,367,0.38,0.59,2022-03-26,0955,N20,VIIRS,h,2,294.4,4.93,D,0
47.15189,29.19743,337.33,0.37,0.58,2022-03-26,0955,N20,VIIRS,n,2,296.96,2.84,D,0
46.8942,28.62296,350.32,0.39,0.6,2022-03-26,0955,N20,VIIRS,n,2,293.17,4.65,D,0
46.89307,28.62511,351.31,0.4,0.6,2022-03-26,0955,N20,VIIRS,n,2,292.6,5.36,D,0
46.5971,28.28687,329.36,0.42,0.61,2022-03-26,0955,N20,VIIRS,n,2,295.77,2.89,D,0
46.68708,29.13657,332.29,0.38,0.59,2022-03-26,0955,N20,VIIRS,n,2,295.17,1.88,D,0
46.68506,29.14071,338.97,0.38,0.59,2022-03-26,0955,N20,VIIRS,n,2,296.45,3.16,D,0
46.68259,29.23366,333.03,0.38,0.59,2022-03-26,0955,N20,VIIRS,n,2,297.3,1.95,D,0
45.75281,28.18403,333.55,0.45,0.63,2022-03-26,0955,N20,VIIRS,n,2,297.44,2.22,D,0
46.7585,29.88092,331.46,0.35,0.57,2022-03-26,0955,N20,VIIRS,n,2,299.39,1.9,D,0
46.58872,29.07469,328.11,0.39,0.59,2022-03-26,0955,N20,VIIRS,n,2,297.37,4.59,D,0
46.35983,28.83926,335.83,0.4,0.6,2022-03-26,0955,N20,VIIRS,n,2,298.91,2.33,D,0
46.24812,28.62754,367,0.41,0.61,2022-03-26,0955,N20,VIIRS,h,2,302.01,9.21,D,0
46.24958,28.6324,345.45,0.41,0.61,2022-03-26,0955,N20,VIIRS,n,2,298.85,7.38,D,0
46.59001,29.07905,354.71,0.39,0.59,2022-03-26,0955,N20,VIIRS,n,2,299.25,5.64,D,0
46.7537,29.73962,334.33,0.36,0.57,2022-03-26,0955,N20,VIIRS,n,2,298.82,3.57,D,0
47.27489,28.28215,328.97,0.4,0.6,2022-03-26,0956,N20,VIIRS,n,2,290.96,2.86,D,0
47.26735,28.35737,326.92,0.39,0.6,2022-03-26,0956,N20,VIIRS,n,2,289.8,2.05,D,0
47.1217,28.62669,329.48,0.39,0.59,2022-03-26,0956,N20,VIIRS,n,2,292.4,4.37,D,0
47.11985,28.62922,333.9,0.39,0.59,2022-03-26,0956,N20,VIIRS,n,2,293.77,3.5,D,0
47.07468,28.87905,340.47,0.38,0.59,2022-03-26,0956,N20,VIIRS,n,2,292.42,5.16,D,0
47.25792,29.50369,327.37,0.35,0.57,2022-03-26,0956,N20,VIIRS,n,2,293.66,0.9,D,0
48.11014,28.58664,327.63,0.36,0.58,2022-03-26,0956,N20,VIIRS,n,2,293.06,2.11,D,0
47.47182,28.86505,329.42,0.37,0.58,2022-03-26,0956,N20,VIIRS,n,2,293.67,1.78,D,0
47.8989,27.58917,347.85,0.41,0.6,2022-03-26,0956,N20,VIIRS,n,2,294.78,5.52,D,0
45.65107,28.17625,331.48,0.53,0.5,2022-03-26,1135,N20,VIIRS,n,2,297.67,1.94,D,0
45.53366,28.28228,343.03,0.53,0.5,2022-03-26,1135,N20,VIIRS,n,2,300.24,5.11,D,0
47.9816,27.92054,344.13,0.54,0.51,2022-03-26,1136,N20,VIIRS,n,2,300.89,15.16,D,0
48.04439,27.43736,344.06,0.51,0.5,2022-03-26,1136,N20,VIIRS,n,2,297.65,9.4,D,0
48.39833,27.81169,339.66,0.54,0.51,2022-03-26,1136,N20,VIIRS,n,2,294.54,4.18,D,0
48.39605,27.81166,342.03,0.54,0.51,2022-03-26,1136,N20,VIIRS,n,2,295.6,6.87,D,0
48.3372,27.06732,328.06,0.5,0.49,2022-03-26,1136,N20,VIIRS,n,2,293.74,2.76,D,0
48.18455,27.54427,336.99,0.52,0.5,2022-03-26,1136,N20,VIIRS,n,2,292.17,4.44,D,0
46.08484,28.54129,342.63,0.55,0.51,2022-03-26,1136,N20,VIIRS,n,2,300.74,12.09,D,0
46.53363,28.27131,340.86,0.54,0.51,2022-03-26,1136,N20,VIIRS,n,2,299.66,10.17,D,0
46.5309,28.27179,332.21,0.54,0.51,2022-03-26,1136,N20,VIIRS,n,2,300.98,3.76,D,0
46.598,28.28559,338.53,0.54,0.51,2022-03-26,1136,N20,VIIRS,n,2,298.87,4.7,D,0
46.68009,29.24326,332.62,0.6,0.53,2022-03-26,1136,N20,VIIRS,n,2,297.85,1.92,D,0
46.6814,29.24281,335.04,0.6,0.53,2022-03-26,1136,N20,VIIRS,n,2,298.31,7.5,D,0
46.71238,29.36141,339.87,0.61,0.54,2022-03-26,1136,N20,VIIRS,n,2,298.87,6.14,D,0
46.93803,29.45525,335.76,0.62,0.54,2022-03-26,1136,N20,VIIRS,n,2,296.61,3.65,D,0
46.8928,28.6225,338.11,0.57,0.52,2022-03-26,1136,N20,VIIRS,n,2,296.41,5.54,D,0
47.07497,28.88664,330.15,0.59,0.53,2022-03-26,1136,N20,VIIRS,n,2,294.73,2.78,D,0
47.1557,29.20075,341.44,0.61,0.53,2022-03-26,1136,N20,VIIRS,n,2,297.41,5.07,D,0
47.37106,28.42064,355.65,0.56,0.52,2022-03-26,1136,N20,VIIRS,n,2,298.32,20.38,D,0
47.37132,28.42106,355.28,0.56,0.52,2022-03-26,1136,N20,VIIRS,n,2,297.15,18.3,D,0
47.4041,28.24469,339.64,0.55,0.51,2022-03-26,1136,N20,VIIRS,n,2,298.15,17.95,D,0
47.37335,27.74883,338.01,0.52,0.5,2022-03-26,1136,N20,VIIRS,n,2,298.22,6.33,D,0
47.43958,28.20231,335.48,0.55,0.51,2022-03-26,1136,N20,VIIRS,n,2,296.98,5.13,D,0
47.44898,28.20056,349.16,0.55,0.51,2022-03-26,1136,N20,VIIRS,n,2,295.6,7.84,D,0
47.81042,28.37257,344.76,0.56,0.52,2022-03-26,1136,N20,VIIRS,n,2,297.32,12.11,D,0
47.81048,28.37306,341.35,0.56,0.52,2022-03-26,1136,N20,VIIRS,n,2,296.64,7.73,D,0
47.81005,28.36547,331.74,0.56,0.52,2022-03-26,1136,N20,VIIRS,n,2,296.64,5.08,D,0
47.89812,27.6012,342.29,0.52,0.5,2022-03-26,1136,N20,VIIRS,n,2,299.49,15.29,D,0
47.89767,27.59414,351.59,0.52,0.5,2022-03-26,1136,N20,VIIRS,n,2,298.63,12.58,D,0
48.03207,28.79431,333.71,0.59,0.53,2022-03-26,1136,N20,VIIRS,n,2,295.76,3.3,D,0
47.97953,27.92242,345.18,0.54,0.51,2022-03-26,1136,N20,VIIRS,n,2,297.46,8.07,D,0
47.98422,27.92193,349.69,0.54,0.51,2022-03-26,1136,N20,VIIRS,n,2,296.17,8.07,D,0
48.0345,28.79298,333.58,0.59,0.53,2022-03-26,1136,N20,VIIRS,n,2,296.8,5.8,D,0
48.25549,27.95722,296.71,0.49,0.4,2022-03-26,2350,N20,VIIRS,n,2,273.17,0.35,N,0
48.05353,28.31425,296.05,0.48,0.4,2022-03-26,2350,N20,VIIRS,n,2,276.91,1.35,N,0
48.05424,28.30797,316.2,0.48,0.4,2022-03-26,2350,N20,VIIRS,n,2,276.95,1.35,N,0
48.05789,28.30885,335.64,0.48,0.4,2022-03-26,2350,N20,VIIRS,n,2,278.45,4.21,N,0
48.2592,27.95802,320.57,0.49,0.4,2022-03-26,2350,N20,VIIRS,n,2,276.3,2.34,N,0
48.04417,28.75738,306.75,0.46,0.39,2022-03-26,2350,N20,VIIRS,n,2,277.18,1.07,N,0
47.78895,28.95233,306.14,0.45,0.39,2022-03-26,2350,N20,VIIRS,n,2,279.98,1.73,N,2
47.78453,29.01917,299.86,0.45,0.39,2022-03-26,2350,N20,VIIRS,n,2,280.6,0.93,N,2
47.79089,28.95284,309.44,0.45,0.39,2022-03-26,2350,N20,VIIRS,n,2,281.19,1.1,N,2
47.7867,29.01984,298.5,0.45,0.39,2022-03-26,2350,N20,VIIRS,n,2,279.88,0.56,N,2
45.52696,28.27703,337.08,0.45,0.39,2022-03-26,2351,N20,VIIRS,n,2,276.63,4.19,N,0
48.37753,27.31353,300.4,0.58,0.7,2022-03-27,0130,N20,VIIRS,n,2,271.5,1.83,N,0
47.78953,28.95002,295.59,0.71,0.75,2022-03-27,0130,N20,VIIRS,n,2,276.45,1.06,N,2
48.41757,27.60068,297.64,0.6,0.7,2022-03-27,0130,N20,VIIRS,n,2,272.44,1.52,N,0
45.54979,28.25318,337.46,0.49,0.4,2022-03-27,1116,N20,VIIRS,n,2,291.17,7.62,D,0
47.42373,28.294,327.83,0.52,0.41,2022-03-27,1117,N20,VIIRS,n,2,285.76,2.43,D,0
47.41472,28.01926,341.88,0.5,0.41,2022-03-27,1117,N20,VIIRS,n,2,290.44,12.41,D,0
47.5863,28.92948,343.9,0.55,0.43,2022-03-27,1117,N20,VIIRS,n,2,279.75,7.49,D,0
47.45028,27.59519,329.43,0.49,0.4,2022-03-27,1117,N20,VIIRS,n,2,280.55,2.8,D,0
47.59023,28.92886,345.72,0.55,0.43,2022-03-27,1117,N20,VIIRS,n,2,277.27,6.94,D,0
47.58953,28.9216,330.62,0.55,0.42,2022-03-27,1117,N20,VIIRS,n,2,277.21,6.94,D,0
47.51929,27.80511,328.15,0.5,0.41,2022-03-27,1117,N20,VIIRS,n,2,271.69,8.03,D,0
47.72057,29.17435,334.91,0.56,0.43,2022-03-27,1117,N20,VIIRS,n,2,284.53,9.78,D,0
45.82413,28.52437,346.09,0.5,0.41,2022-03-27,1117,N20,VIIRS,n,2,299.02,35.26,D,0
45.82788,28.52351,336.75,0.5,0.41,2022-03-27,1117,N20,VIIRS,n,2,306.42,35.26,D,0
45.83163,28.52264,338.14,0.5,0.41,2022-03-27,1117,N20,VIIRS,n,2,303.24,14.94,D,0
45.83538,28.52187,331.27,0.5,0.41,2022-03-27,1117,N20,VIIRS,n,2,294.1,14.94,D,0
46.63152,28.87656,330.49,0.53,0.42,2022-03-27,1117,N20,VIIRS,n,2,291.1,2.57,D,0
46.71003,29.27409,325.45,0.55,0.43,2022-03-27,1117,N20,VIIRS,n,2,288.01,2.74,D,0
46.87197,29.51925,332.95,0.57,0.43,2022-03-27,1117,N20,VIIRS,n,2,283.98,5.15,D,0
46.98434,28.90265,330.7,0.54,0.42,2022-03-27,1117,N20,VIIRS,n,2,288.83,3.47,D,0
47.05471,29.35481,338.17,0.56,0.43,2022-03-27,1117,N20,VIIRS,n,2,280.65,7.71,D,0
47.36906,28.58187,335.05,0.53,0.42,2022-03-27,1117,N20,VIIRS,n,2,277.68,4.45,D,0
47.37047,28.58077,329.67,0.53,0.42,2022-03-27,1117,N20,VIIRS,n,2,276.74,3.36,D,0
47.41451,28.01981,341.86,0.5,0.41,2022-03-27,1117,N20,VIIRS,n,2,290.99,17.51,D,0
45.91374,28.14381,334.43,0.49,0.4,2022-03-27,1117,N20,VIIRS,n,2,295.62,5.14,D,0
45.99737,28.27317,339.29,0.5,0.41,2022-03-27,1117,N20,VIIRS,n,2,296.67,20.16,D,0
46.48652,28.85168,331.92,0.53,0.42,2022-03-27,1117,N20,VIIRS,n,2,287.24,3.01,D,0
47.27251,28.1677,307.89,0.5,0.49,2022-03-27,2332,N20,VIIRS,n,2,266.25,1.73,N,0
47.27298,28.16118,300.53,0.5,0.49,2022-03-27,2332,N20,VIIRS,n,2,266.31,1.11,N,0
47.78918,28.95743,296.98,0.46,0.47,2022-03-27,2332,N20,VIIRS,n,2,270.43,0.89,N,2
47.12312,29.21296,304.86,0.44,0.46,2022-03-27,2332,N20,VIIRS,n,2,266.64,1.68,N,0
47.12447,29.21795,306.7,0.44,0.46,2022-03-27,2332,N20,VIIRS,n,2,266.95,1.08,N,0
47.0304,28.44936,325.15,0.48,0.48,2022-03-27,2332,N20,VIIRS,n,2,265.13,2.13,N,0
47.79002,28.95227,303.15,0.46,0.47,2022-03-27,2332,N20,VIIRS,n,2,268.73,1.83,N,2
47.0181,28.43376,296.53,0.48,0.48,2022-03-27,2332,N20,VIIRS,n,2,262.9,0.37,N,0
47.21751,27.85021,337.69,0.39,0.36,2022-03-28,1058,N20,VIIRS,n,2,300.24,2.44,D,0
47.22079,27.84917,337.76,0.39,0.36,2022-03-28,1058,N20,VIIRS,n,2,300.05,3.58,D,0
47.46928,28.57759,345.76,0.39,0.36,2022-03-28,1058,N20,VIIRS,n,2,301.16,15.07,D,0
47.47001,28.58277,349.87,0.39,0.36,2022-03-28,1058,N20,VIIRS,n,2,300.78,21.91,D,0
47.48015,28.65508,344.43,0.39,0.36,2022-03-28,1058,N20,VIIRS,n,2,303.28,13.47,D,0
47.46597,28.57856,338.52,0.39,0.36,2022-03-28,1058,N20,VIIRS,n,2,299.04,3.64,D,0
47.4667,28.58374,343.39,0.39,0.36,2022-03-28,1058,N20,VIIRS,n,2,313.28,41.6,D,0
47.46338,28.5847,332.53,0.39,0.36,2022-03-28,1058,N20,VIIRS,l,2,302.58,41.6,D,0
47.41715,28.33116,342.75,0.39,0.36,2022-03-28,1058,N20,VIIRS,n,2,298.13,5.52,D,0
47.32857,28.25944,341.6,0.39,0.36,2022-03-28,1058,N20,VIIRS,n,2,302.73,23.01,D,0
47.32201,28.26155,333.97,0.39,0.36,2022-03-28,1058,N20,VIIRS,n,2,299.86,82.33,D,0
47.33546,28.42755,341.38,0.39,0.36,2022-03-28,1058,N20,VIIRS,n,2,297.09,4.24,D,0
47.31178,28.33383,330.53,0.39,0.36,2022-03-28,1058,N20,VIIRS,n,2,293.12,2.46,D,0
47.32198,28.40523,332.3,0.39,0.36,2022-03-28,1058,N20,VIIRS,n,2,295.1,1.98,D,0
47.23343,27.81886,337.39,0.39,0.36,2022-03-28,1058,N20,VIIRS,n,2,303.17,4.61,D,0
47.30849,28.33483,353.35,0.39,0.36,2022-03-28,1058,N20,VIIRS,n,2,303.77,23.14,D,0
47.30922,28.33994,332.44,0.39,0.36,2022-03-28,1058,N20,VIIRS,n,2,293.58,3.16,D,0
46.15401,28.77074,334.54,0.39,0.36,2022-03-28,1058,N20,VIIRS,n,2,297.82,3.28,D,0
46.19167,28.77001,333.6,0.39,0.36,2022-03-28,1058,N20,VIIRS,n,2,298.53,4.28,D,0
46.23685,28.92604,338.59,0.39,0.36,2022-03-28,1058,N20,VIIRS,n,2,301.87,3.49,D,0
46.33323,28.88495,341.88,0.39,0.36,2022-03-28,1058,N20,VIIRS,n,2,300.84,4.75,D,0
46.33582,28.879,335.24,0.39,0.36,2022-03-28,1058,N20,VIIRS,n,2,301.15,4.49,D,0
46.33982,28.88303,337.79,0.39,0.36,2022-03-28,1058,N20,VIIRS,n,2,301.27,20.36,D,0
46.33912,28.87803,367,0.39,0.36,2022-03-28,1058,N20,VIIRS,l,2,328.94,96.52,D,0
46.49014,29.96797,343.3,0.41,0.37,2022-03-28,1058,N20,VIIRS,n,2,300.17,4.82,D,0
46.34312,28.88206,337.97,0.39,0.36,2022-03-28,1058,N20,VIIRS,n,2,308.76,20.36,D,0
46.49694,29.99345,335.16,0.41,0.37,2022-03-28,1058,N20,VIIRS,n,2,297.17,2.17,D,0
46.28041,28.30215,334.96,0.39,0.36,2022-03-28,1058,N20,VIIRS,n,2,304.9,25.01,D,0
46.30542,28.45017,346.49,0.39,0.36,2022-03-28,1058,N20,VIIRS,n,2,300.88,5.85,D,0
46.30798,28.44419,330.73,0.39,0.36,2022-03-28,1058,N20,VIIRS,n,2,299.5,5.85,D,0
46.36216,28.79788,330.8,0.39,0.36,2022-03-28,1058,N20,VIIRS,n,2,299.78,6.8,D,0
46.36145,28.79286,343.46,0.39,0.36,2022-03-28,1058,N20,VIIRS,n,2,300.81,6.8,D,0
46.31126,28.44319,337.23,0.39,0.36,2022-03-28,1058,N20,VIIRS,n,2,301.4,5.16,D,0
46.59286,29.6855,343.68,0.4,0.37,2022-03-28,1058,N20,VIIRS,n,2,299.51,5.62,D,0
46.59623,29.6846,343.21,0.4,0.37,2022-03-28,1058,N20,VIIRS,n,2,296.45,5.62,D,0
46.84623,28.94513,342.23,0.39,0.36,2022-03-28,1058,N20,VIIRS,n,2,300.3,5.41,D,0
46.89617,28.79461,336.52,0.39,0.36,2022-03-28,1058,N20,VIIRS,n,2,296.8,2.36,D,0
46.89546,28.78951,345.01,0.39,0.36,2022-03-28,1058,N20,VIIRS,n,2,297.87,5.96,D,0
46.89948,28.79362,346.9,0.39,0.36,2022-03-28,1058,N20,VIIRS,n,2,293.3,8.82,D,0
46.89876,28.78851,344.22,0.39,0.36,2022-03-28,1058,N20,VIIRS,n,2,300.03,11.12,D,0
47.08754,29.29406,332.94,0.4,0.37,2022-03-28,1058,N20,VIIRS,n,2,300.15,2.89,D,0
47.01909,28.4311,347.22,0.39,0.36,2022-03-28,1058,N20,VIIRS,n,2,299.29,8.5,D,0
47.01148,28.35428,333.47,0.39,0.36,2022-03-28,1058,N20,VIIRS,n,2,300.53,2.91,D,0
47.02022,28.36734,332.83,0.39,0.36,2022-03-28,1058,N20,VIIRS,n,2,294.57,1.8,D,0
47.11208,28.68187,345.88,0.39,0.36,2022-03-28,1058,N20,VIIRS,n,2,297.38,6.13,D,0
47.26793,29.41382,330.46,0.4,0.37,2022-03-28,1058,N20,VIIRS,n,2,299.4,1.61,D,0
47.15634,28.55663,344.84,0.39,0.36,2022-03-28,1058,N20,VIIRS,n,2,298.11,3.91,D,0
47.15916,28.55896,354.13,0.39,0.36,2022-03-28,1058,N20,VIIRS,n,2,305.6,25.51,D,0
47.16246,28.55799,352.47,0.39,0.36,2022-03-28,1058,N20,VIIRS,n,2,299.24,25.51,D,0
47.16771,28.4977,331.47,0.39,0.36,2022-03-28,1058,N20,VIIRS,n,2,297.46,2.12,D,0
47.17173,28.50186,355.17,0.39,0.36,2022-03-28,1058,N20,VIIRS,n,2,306.16,8.48,D,0
47.17503,28.5009,344.05,0.39,0.36,2022-03-28,1058,N20,VIIRS,n,2,294.92,8.48,D,0
47.29827,29.14114,341.2,0.4,0.37,2022-03-28,1058,N20,VIIRS,n,2,300.31,6.12,D,0
47.60751,28.81297,343.32,0.4,0.37,2022-03-28,1058,N20,VIIRS,n,2,296.42,3.35,D,0
47.71628,29.19491,330.34,0.4,0.37,2022-03-28,1058,N20,VIIRS,n,2,299.98,1.81,D,0
47.5609,27.65303,332.71,0.39,0.36,2022-03-28,1058,N20,VIIRS,n,2,303.73,2.92,D,0
47.68436,28.27198,344.04,0.39,0.36,2022-03-28,1058,N20,VIIRS,n,2,303.73,10.88,D,0
47.68363,28.26682,330.99,0.39,0.36,2022-03-28,1058,N20,VIIRS,n,2,297.9,10.88,D,0
47.8204,28.77707,334.38,0.4,0.37,2022-03-28,1058,N20,VIIRS,n,2,301.64,5.18,D,0
47.76001,27.29384,342.53,0.38,0.36,2022-03-28,1058,N20,VIIRS,n,2,304.19,6.93,D,0
47.96987,28.73298,331.6,0.4,0.37,2022-03-28,1058,N20,VIIRS,n,2,295.38,2.47,D,0
47.76327,27.29276,332.49,0.38,0.36,2022-03-28,1058,N20,VIIRS,n,2,300.38,6.93,D,0
47.99913,28.49427,334.13,0.39,0.36,2022-03-28,1058,N20,VIIRS,n,2,300.34,4.32,D,0
48.03855,27.5108,331.12,0.39,0.36,2022-03-28,1058,N20,VIIRS,n,2,300.84,2.12,D,0
48.13091,27.09799,336.18,0.38,0.36,2022-03-28,1058,N20,VIIRS,n,2,302.02,2.14,D,0
48.40748,27.79224,346.1,0.39,0.36,2022-03-28,1058,N20,VIIRS,n,2,298.24,5.13,D,0
48.36549,27.50293,335.53,0.39,0.36,2022-03-28,1058,N20,VIIRS,n,2,298.44,2.54,D,0
47.17665,28.12932,345.84,0.39,0.36,2022-03-28,1058,N20,VIIRS,n,2,301.94,5.49,D,0
47.18065,28.13328,348.22,0.39,0.36,2022-03-28,1058,N20,VIIRS,n,2,305.4,19.05,D,0
47.17992,28.12826,338.09,0.39,0.36,2022-03-28,1058,N20,VIIRS,n,2,299.85,4.48,D,0
47.78504,29.01732,301.69,0.38,0.59,2022-03-28,2313,N20,VIIRS,n,2,277.79,1.04,N,2
47.36558,28.21132,308.28,0.42,0.61,2022-03-28,2313,N20,VIIRS,n,2,272.15,1.02,N,0
46.51139,28.99176,296.62,0.38,0.58,2022-03-28,2313,N20,VIIRS,n,2,270.94,2.09,N,0
46.51117,28.99702,330.9,0.38,0.58,2022-03-28,2313,N20,VIIRS,n,2,273.2,3.01,N,0
47.37057,28.23333,302.02,0.41,0.61,2022-03-28,2313,N20,VIIRS,n,2,276.61,1.18,N,0
47.37073,28.22814,309.78,0.41,0.61,2022-03-28,2313,N20,VIIRS,n,2,275.6,1.18,N,0
47.37121,28.21249,303.62,0.42,0.61,2022-03-28,2313,N20,VIIRS,n,2,275.12,1.03,N,0
46.74965,29.09289,302.4,0.37,0.58,2022-03-28,2313,N20,VIIRS,n,2,273.11,0.64,N,0
47.3764,28.22783,310.86,0.41,0.61,2022-03-28,2313,N20,VIIRS,n,2,277.92,1.18,N,0
46.81317,29.78674,312.46,0.35,0.56,2022-03-28,2313,N20,VIIRS,n,2,270.62,0.93,N,0
47.2025,28.4725,298.65,0.4,0.6,2022-03-28,2313,N20,VIIRS,n,2,271.83,1.2,N,0
47.20824,28.46769,302.28,0.4,0.6,2022-03-28,2313,N20,VIIRS,n,2,273.58,0.93,N,0
47.27413,28.1563,295.57,0.42,0.61,2022-03-28,2313,N20,VIIRS,n,2,272.23,0.97,N,0
47.29027,28.52275,297.04,0.4,0.6,2022-03-28,2313,N20,VIIRS,n,2,271.36,0.39,N,0
47.28873,28.52303,298.72,0.4,0.6,2022-03-28,2313,N20,VIIRS,n,2,271.71,0.51,N,0
47.87251,27.94918,306.64,0.43,0.62,2022-03-28,2313,N20,VIIRS,n,2,269.67,1,N,0
47.79304,28.96328,305.62,0.38,0.59,2022-03-28,2313,N20,VIIRS,n,2,272.99,0.68,N,0
47.79282,28.95529,311.16,0.38,0.59,2022-03-28,2313,N20,VIIRS,n,2,275.28,1.24,N,2
47.79261,28.96093,296.62,0.38,0.59,2022-03-28,2313,N20,VIIRS,n,2,272.95,1.24,N,0
47.35667,29.24615,305.9,0.37,0.58,2022-03-28,2313,N20,VIIRS,n,2,270.05,1.49,N,0
47.41528,27.6758,316.86,0.44,0.62,2022-03-28,2313,N20,VIIRS,n,2,273.65,2.71,N,0
47.41544,27.67006,307.73,0.44,0.62,2022-03-28,2313,N20,VIIRS,n,2,270.98,1.96,N,0
47.41524,27.67711,304.54,0.44,0.62,2022-03-28,2313,N20,VIIRS,n,2,273.25,1.57,N,0
47.41536,27.67148,322.61,0.44,0.62,2022-03-28,2313,N20,VIIRS,n,2,271.72,1.57,N,0
47.77728,28.92927,325.41,0.39,0.59,2022-03-28,2313,N20,VIIRS,n,2,272.67,2.4,N,0
47.77709,28.93454,297.38,0.39,0.59,2022-03-28,2313,N20,VIIRS,n,2,272.28,1.77,N,0
47.35908,28.23912,303.55,0.41,0.61,2022-03-28,2313,N20,VIIRS,n,2,274.55,0.86,N,0
47.36523,28.22284,301.65,0.41,0.61,2022-03-28,2313,N20,VIIRS,n,2,275.49,1.15,N,0
47.3654,28.21716,305.01,0.41,0.61,2022-03-28,2313,N20,VIIRS,n,2,274.7,1.15,N,0
47.23443,28.29194,300.58,0.55,0.51,2022-03-29,0053,N20,VIIRS,n,2,272.88,1.37,N,0
47.26864,28.16074,295.11,0.54,0.51,2022-03-29,0053,N20,VIIRS,n,2,271.62,0.79,N,0
47.20832,28.46949,305.85,0.56,0.52,2022-03-29,0053,N20,VIIRS,n,2,272.61,1.85,N,0
47.2099,28.46963,304.29,0.56,0.52,2022-03-29,0053,N20,VIIRS,n,2,272.55,2.73,N,0
47.36166,28.22269,301.39,0.54,0.51,2022-03-29,0053,N20,VIIRS,n,2,273.47,1.33,N,0
47.36338,28.21608,323.94,0.54,0.51,2022-03-29,0053,N20,VIIRS,n,2,273.84,4.9,N,0
46.79802,29.6288,305.11,0.32,0.55,2022-03-29,0053,N20,VIIRS,n,2,271.46,0.62,N,0
47.37035,28.22802,310.89,0.54,0.51,2022-03-29,0053,N20,VIIRS,n,2,276.14,1.81,N,0
47.77723,28.94138,302.68,0.57,0.52,2022-03-29,0053,N20,VIIRS,n,2,270.92,2.23,N,0
47.77921,28.93404,322.99,0.57,0.52,2022-03-29,0053,N20,VIIRS,n,2,271.22,3.27,N,0
47.77605,28.94169,295.91,0.57,0.52,2022-03-29,0053,N20,VIIRS,n,2,270.21,3.05,N,0
48.05226,27.83529,304.64,0.5,0.49,2022-03-29,0053,N20,VIIRS,n,2,272.33,1.1,N,0
47.87549,27.94629,299.52,0.51,0.49,2022-03-29,0053,N20,VIIRS,n,2,270.59,1.08,N,0
47.86951,27.95049,305.01,0.51,0.49,2022-03-29,0053,N20,VIIRS,n,2,269.92,1.5,N,0
47.76823,27.80494,295.15,0.51,0.49,2022-03-29,0053,N20,VIIRS,n,2,270.29,0.88,N,0
47.35936,29.24691,299.19,0.6,0.53,2022-03-29,0053,N20,VIIRS,n,2,270.03,0.65,N,0
47.3733,28.23068,301.84,0.54,0.51,2022-03-29,0053,N20,VIIRS,n,2,276.47,1.26,N,0
48.05024,27.83406,303.71,0.5,0.49,2022-03-29,0053,N20,VIIRS,n,2,272.01,2.13,N,0
47.36856,28.23491,296.05,0.54,0.51,2022-03-29,0053,N20,VIIRS,n,2,275.5,1.81,N,0
47.77799,28.93433,328.51,0.57,0.52,2022-03-29,0053,N20,VIIRS,n,2,271.69,3.05,N,0
47.36787,28.21818,330.78,0.54,0.51,2022-03-29,0053,N20,VIIRS,n,2,277.58,4.9,N,0
47.36965,28.21133,315.83,0.54,0.51,2022-03-29,0053,N20,VIIRS,n,2,274.59,4.9,N,0
47.79036,28.95018,295.52,0.57,0.52,2022-03-29,0053,N20,VIIRS,n,2,271.57,2.22,N,2
45.73078,28.22584,345.65,0.45,0.39,2022-03-29,1039,N20,VIIRS,n,2,309.33,30.14,D,0
47.12967,28.48391,330.47,0.43,0.38,2022-03-29,1039,N20,VIIRS,n,2,285.43,4.5,D,0
45.85498,28.21722,325.46,0.45,0.39,2022-03-29,1039,N20,VIIRS,n,2,292.48,3.82,D,0
45.83343,28.51002,333.88,0.44,0.39,2022-03-29,1039,N20,VIIRS,n,2,285.79,4.78,D,0
45.83448,28.51563,334.4,0.44,0.39,2022-03-29,1039,N20,VIIRS,n,2,286.35,4.78,D,0
45.72622,28.22162,332.88,0.45,0.39,2022-03-29,1039,N20,VIIRS,n,2,296.7,4.32,D,0
45.72731,28.22725,340.97,0.45,0.39,2022-03-29,1039,N20,VIIRS,n,2,297.54,30.14,D,0
48.41299,27.60944,341.35,0.43,0.38,2022-03-29,1040,N20,VIIRS,n,2,305.92,18.81,D,0
48.43285,27.53954,337.33,0.43,0.38,2022-03-29,1040,N20,VIIRS,n,2,300.93,5.08,D,0
48.05082,28.04839,330.87,0.43,0.38,2022-03-29,1040,N20,VIIRS,n,2,286.19,3.85,D,0
48.04815,27.58044,332.23,0.44,0.38,2022-03-29,1040,N20,VIIRS,l,2,304.62,4.4,D,0
48.18393,27.61307,351.7,0.44,0.38,2022-03-29,1040,N20,VIIRS,n,2,310.18,30.34,D,0
48.18842,27.61737,333.82,0.44,0.38,2022-03-29,1040,N20,VIIRS,n,2,301.3,4.36,D,0
48.16801,27.14454,333.39,0.45,0.39,2022-03-29,1040,N20,VIIRS,n,2,304.62,3.48,D,0
48.38668,27.86686,348.2,0.43,0.38,2022-03-29,1040,N20,VIIRS,n,2,304.21,12.06,D,0
48.24717,27.05644,344.84,0.45,0.39,2022-03-29,1040,N20,VIIRS,n,2,304.98,8.07,D,0
48.24601,27.05056,342.5,0.45,0.39,2022-03-29,1040,N20,VIIRS,n,2,305.27,5.62,D,0
48.47939,27.58522,334.42,0.43,0.38,2022-03-29,1040,N20,VIIRS,n,2,298.92,22.51,D,0
48.40432,27.79628,332.21,0.43,0.38,2022-03-29,1040,N20,VIIRS,n,2,299.84,6.68,D,0
47.31046,28.15603,314.65,0.52,0.41,2022-03-30,0035,N20,VIIRS,n,2,269.98,1.84,N,0
47.30677,28.1545,309.85,0.52,0.41,2022-03-30,0035,N20,VIIRS,n,2,268.26,1.69,N,0
47.23751,28.47403,299.48,0.53,0.42,2022-03-30,0035,N20,VIIRS,n,2,271.23,0.88,N,0
47.16518,28.52376,303,0.54,0.42,2022-03-30,0035,N20,VIIRS,n,2,258.68,0.4,N,0
47.16366,28.52326,302.03,0.54,0.42,2022-03-30,0035,N20,VIIRS,n,2,259.35,1.08,N,0
46.63889,28.25571,336.76,0.44,0.46,2022-03-30,1020,N20,VIIRS,n,2,296.73,3.12,D,0
45.60331,28.3434,338.39,0.46,0.47,2022-03-30,1020,N20,VIIRS,n,2,297.99,4.34,D,0
45.83141,28.50895,351.16,0.45,0.47,2022-03-30,1020,N20,VIIRS,n,2,304.95,20.84,D,0
45.66901,28.22232,331.28,0.47,0.47,2022-03-30,1020,N20,VIIRS,n,2,287.08,6.95,D,0
45.66346,28.21853,331.13,0.47,0.47,2022-03-30,1020,N20,VIIRS,n,2,286.77,3.46,D,0
46.92735,28.98919,337.06,0.4,0.44,2022-03-30,1020,N20,VIIRS,n,2,290.22,2.83,D,0
46.76065,28.67958,333.08,0.42,0.45,2022-03-30,1020,N20,VIIRS,n,2,294.64,2.35,D,0
46.64342,29.53687,337.44,0.39,0.44,2022-03-30,1020,N20,VIIRS,n,2,302.35,2.39,D,0
47.49379,29.00149,337.45,0.39,0.44,2022-03-30,1021,N20,VIIRS,n,2,295.74,11.74,D,0
47.49489,29.00636,330.81,0.39,0.44,2022-03-30,1021,N20,VIIRS,n,2,288.92,11.74,D,0
47.3392,28.66548,351.74,0.41,0.45,2022-03-30,1021,N20,VIIRS,n,2,288.18,9.58,D,0
47.29205,28.32139,353.58,0.55,0.68,2022-03-30,1201,N20,VIIRS,n,2,305.1,105.56,D,0
47.11549,28.20698,339.94,0.55,0.68,2022-03-30,1201,N20,VIIRS,n,2,286.85,4.87,D,0
47.13628,28.40325,348.75,0.56,0.69,2022-03-30,1201,N20,VIIRS,n,2,288.55,9.62,D,0
47.11783,28.20532,339.81,0.55,0.68,2022-03-30,1201,N20,VIIRS,n,2,287.37,4.82,D,0
47.13771,28.40256,351.13,0.56,0.69,2022-03-30,1201,N20,VIIRS,n,2,288.67,7.22,D,0
47.29195,28.30487,367,0.55,0.68,2022-03-30,1201,N20,VIIRS,h,2,292.33,42.37,D,0
47.292,28.3133,351.49,0.55,0.68,2022-03-30,1201,N20,VIIRS,n,2,296.96,42.37,D,0
47.2919,28.29662,348.29,0.55,0.68,2022-03-30,1201,N20,VIIRS,n,2,292.1,13.46,D,0
47.29831,28.30445,341.85,0.55,0.68,2022-03-30,1201,N20,VIIRS,n,2,288.86,5.9,D,0
48.06734,28.1452,351.18,0.55,0.68,2022-03-30,1201,N20,VIIRS,n,2,277.36,10.63,D,0
48.06728,28.13738,329.12,0.55,0.68,2022-03-30,1201,N20,VIIRS,n,2,278.76,7.09,D,0
48.06981,28.14271,348.07,0.55,0.68,2022-03-30,1202,N20,VIIRS,n,2,275.04,11.58,D,0
47.09961,28.79305,343.72,0.35,0.56,2022-03-31,1142,N20,VIIRS,n,2,267.81,3.81,D,0
47.33476,27.69264,343.42,0.57,0.69,2022-04-01,0943,N20,VIIRS,n,2,293.76,11.59,D,0
46.30291,28.91645,348.16,0.55,0.68,2022-04-01,0943,N20,VIIRS,n,2,290.94,6.62,D,0
47.07439,29.47857,335.62,0.49,0.65,2022-04-01,0943,N20,VIIRS,n,2,291.24,5.82,D,0
46.85934,28.65555,330.89,0.54,0.68,2022-04-01,0943,N20,VIIRS,n,2,292.21,4.81,D,0
47.18973,29.49343,333.03,0.49,0.65,2022-04-01,0943,N20,VIIRS,n,2,291.27,6.38,D,0
47.15289,28.55735,367,0.53,0.67,2022-04-01,0943,N20,VIIRS,h,2,295.88,17.02,D,0
47.21833,28.64863,367,0.53,0.67,2022-04-01,0943,N20,VIIRS,h,2,297.01,11.56,D,0
47.21844,28.65129,348.14,0.53,0.67,2022-04-01,0943,N20,VIIRS,n,2,295.93,7.47,D,0
47.33698,27.69916,345.07,0.57,0.69,2022-04-01,0943,N20,VIIRS,n,2,291.49,11.18,D,0
46.85463,29.04309,341.33,0.42,0.45,2022-04-01,1123,N20,VIIRS,n,2,301.84,21.34,D,0
46.85416,29.03743,353.04,0.42,0.45,2022-04-01,1123,N20,VIIRS,n,2,312.83,21.34,D,0
46.16241,28.44533,338.42,0.39,0.44,2022-04-01,1123,N20,VIIRS,n,2,300.24,13.25,D,0
46.86347,28.65258,338,0.41,0.45,2022-04-01,1123,N20,VIIRS,n,2,301.46,3.55,D,0
47.00935,29.31689,335.21,0.44,0.46,2022-04-01,1123,N20,VIIRS,n,2,299.07,1.96,D,0
45.77208,28.58573,351.07,0.39,0.44,2022-04-01,1123,N20,VIIRS,n,2,301.47,16.94,D,0
46.16288,28.45063,347.61,0.39,0.44,2022-04-01,1123,N20,VIIRS,n,2,306.36,30.55,D,0
46.28709,28.23592,332.01,0.38,0.44,2022-04-01,1123,N20,VIIRS,n,2,299.14,1.3,D,0
46.30736,28.19163,335.13,0.38,0.43,2022-04-01,1123,N20,VIIRS,n,2,300.26,1.7,D,0
46.84999,29.0383,353.86,0.42,0.45,2022-04-01,1123,N20,VIIRS,n,2,306.14,19.82,D,0
45.68379,28.26163,333.39,0.32,0.55,2022-04-05,1008,N20,VIIRS,n,2,297.63,1.73,D,0
46.31069,28.865,343.5,0.41,0.61,2022-04-05,1148,N20,VIIRS,n,2,296.04,4.03,D,0
46.31392,28.86329,338.88,0.41,0.61,2022-04-05,1148,N20,VIIRS,n,2,298.92,3.34,D,0
46.79781,28.46293,353.51,0.4,0.6,2022-04-05,1149,N20,VIIRS,n,2,291.28,3.99,D,0
47.00901,29.20333,350.2,0.43,0.62,2022-04-06,0949,N20,VIIRS,n,2,295,13.56,D,0
47.00546,29.21217,367,0.43,0.62,2022-04-06,0949,N20,VIIRS,h,2,299.4,13.56,D,0
47.00861,29.21233,328.66,0.43,0.62,2022-04-06,0949,N20,VIIRS,n,2,294.13,10.34,D,0
47.00694,29.20683,367,0.43,0.62,2022-04-06,0949,N20,VIIRS,h,2,296.68,10.2,D,0
47.00167,29.21015,338.02,0.43,0.62,2022-04-06,0949,N20,VIIRS,n,2,294,10.2,D,0
46.9713,28.9187,352.98,0.45,0.63,2022-04-06,0949,N20,VIIRS,n,2,292.37,7.29,D,0
46.96967,28.91346,331.74,0.45,0.63,2022-04-06,0949,N20,VIIRS,n,2,292.65,6.2,D,0
47.00335,29.21566,367,0.43,0.62,2022-04-06,0949,N20,VIIRS,h,2,295.71,10.34,D,0
47.19356,28.59026,328.07,0.45,0.63,2022-04-06,0949,N20,VIIRS,n,2,294.47,1.89,D,0
47.10022,28.78823,332.14,0.45,0.63,2022-04-06,0949,N20,VIIRS,n,2,295.51,3.04,D,0
47.40071,27.99164,329.21,0.47,0.64,2022-04-06,0950,N20,VIIRS,n,2,289.67,2.81,D,0
47.71891,27.69919,334.74,0.48,0.64,2022-04-06,0950,N20,VIIRS,n,2,294.38,3.54,D,0
47.39485,28.73792,334.54,0.44,0.62,2022-04-06,0950,N20,VIIRS,n,2,298.57,3.67,D,0
45.79238,28.63679,339.68,0.47,0.47,2022-04-06,1129,N20,VIIRS,n,2,302.36,11.04,D,0
45.79677,28.63631,330.27,0.47,0.47,2022-04-06,1129,N20,VIIRS,l,2,302.58,11.04,D,0
45.79721,28.64209,341.61,0.47,0.48,2022-04-06,1129,N20,VIIRS,n,2,301.48,11.04,D,0
45.61105,28.25787,333.69,0.45,0.47,2022-04-06,1129,N20,VIIRS,n,2,302.98,1.85,D,0
45.61828,28.26528,335.93,0.45,0.47,2022-04-06,1129,N20,VIIRS,n,2,302.81,1.9,D,0
45.63261,28.171,339.54,0.44,0.46,2022-04-06,1129,N20,VIIRS,n,2,304.66,25.26,D,0
45.79282,28.64262,331.97,0.47,0.48,2022-04-06,1129,N20,VIIRS,l,2,305.06,11.04,D,0
47.17483,28.1094,354.71,0.46,0.47,2022-04-06,1130,N20,VIIRS,n,2,276.77,17.25,D,0
46.51842,29.5763,330.63,0.53,0.5,2022-04-06,1130,N20,VIIRS,n,2,299.27,2.65,D,0
46.92006,28.78697,339.38,0.49,0.48,2022-04-06,1130,N20,VIIRS,n,2,296.61,11.83,D,0
47.20204,28.59048,332.93,0.48,0.48,2022-04-06,1130,N20,VIIRS,n,2,296.72,3.43,D,0
47.17529,28.11529,344.82,0.46,0.47,2022-04-06,1130,N20,VIIRS,n,2,274.03,17.25,D,0
47.56337,28.93892,343.54,0.5,0.49,2022-04-06,1130,N20,VIIRS,n,2,302.54,12.83,D,0
47.55882,28.93941,345.38,0.5,0.49,2022-04-06,1130,N20,VIIRS,n,2,302.87,12.83,D,0
47.42273,28.15943,338.09,0.46,0.47,2022-04-06,1130,N20,VIIRS,n,2,297.34,2.14,D,0
47.42203,28.15516,333.81,0.46,0.47,2022-04-06,1130,N20,VIIRS,n,2,297.83,4.54,D,0
47.32251,28.18096,333.93,0.46,0.47,2022-04-06,1130,N20,VIIRS,n,2,291.56,3.51,D,0
47.1744,28.10379,341.18,0.46,0.47,2022-04-06,1130,N20,VIIRS,n,2,271.68,7.73,D,0
47.68454,28.94388,297.11,0.51,0.41,2022-04-06,2344,N20,VIIRS,n,2,277.25,1.72,N,0
47.68129,28.94286,300.83,0.51,0.41,2022-04-06,2344,N20,VIIRS,n,2,277,1.55,N,0
48.30503,26.68734,298.34,0.43,0.46,2022-04-06,2344,N20,VIIRS,n,2,271.17,0.57,N,0
47.48034,28.64992,327.53,0.7,0.75,2022-04-07,0931,N20,VIIRS,n,2,290.71,3.62,D,0
46.91521,29.06355,325.37,0.7,0.75,2022-04-07,0931,N20,VIIRS,n,2,283.19,4.95,D,0
47.85133,29.22432,333.16,0.64,0.72,2022-04-07,0931,N20,VIIRS,n,2,293.47,4.75,D,0
47.85253,29.22249,329.09,0.64,0.72,2022-04-07,0931,N20,VIIRS,n,2,293.98,3.88,D,0
47.13335,29.33137,328.65,0.49,0.4,2022-04-07,1111,N20,VIIRS,n,2,288.26,11.4,D,0
47.26418,28.5722,333.9,0.46,0.39,2022-04-07,1111,N20,VIIRS,n,2,291.51,3.51,D,0
47.96415,27.88125,333.76,0.45,0.39,2022-04-07,1111,N20,VIIRS,n,2,296.03,2.19,D,0
47.30773,28.42893,339.15,0.46,0.39,2022-04-07,1111,N20,VIIRS,n,2,295.86,6.29,D,0
47.79825,28.88229,331.12,0.38,0.36,2022-04-08,1052,N20,VIIRS,n,2,303.3,3.03,D,0
48.09205,28.56312,334.8,0.38,0.36,2022-04-08,1052,N20,VIIRS,n,2,303.23,3.24,D,0
47.95105,27.19789,339.18,0.39,0.36,2022-04-08,1052,N20,VIIRS,n,2,294.38,3.41,D,0
48.02041,27.2242,334.17,0.39,0.36,2022-04-08,1052,N20,VIIRS,n,2,292.4,2.45,D,0
48.08868,27.15568,351.96,0.39,0.36,2022-04-08,1052,N20,VIIRS,n,2,300.33,15.1,D,0
46.51734,29.0965,332.79,0.38,0.36,2022-04-08,1052,N20,VIIRS,n,2,301,2.49,D,0
46.96609,29.53661,345.69,0.39,0.36,2022-04-08,1052,N20,VIIRS,n,2,302.91,5.08,D,0
46.87186,28.88749,331.06,0.38,0.36,2022-04-08,1052,N20,VIIRS,n,2,301.59,1.5,D,0
47.26715,29.33269,337.92,0.39,0.36,2022-04-08,1052,N20,VIIRS,n,2,306.85,2.59,D,0
47.34888,28.14711,338.28,0.38,0.36,2022-04-08,1052,N20,VIIRS,n,2,282.99,5.08,D,0
47.70538,29.01601,338.78,0.38,0.36,2022-04-08,1052,N20,VIIRS,n,2,305.35,4.27,D,0
47.2788,28.86366,341.63,0.38,0.36,2022-04-08,1052,N20,VIIRS,n,2,302.91,14.35,D,0
47.79813,28.97277,346.33,0.38,0.36,2022-04-08,1052,N20,VIIRS,n,2,304.4,5.84,D,0
47.34967,28.15212,346.59,0.38,0.36,2022-04-08,1052,N20,VIIRS,n,2,290.1,14.01,D,0
47.51346,28.47461,335.74,0.38,0.36,2022-04-08,1052,N20,VIIRS,n,2,298.38,3.48,D,0
46.03035,28.43435,332.3,0.5,0.41,2022-04-09,1033,N20,VIIRS,n,2,303.54,3.4,D,0
47.28669,27.97116,346.81,0.49,0.4,2022-04-09,1033,N20,VIIRS,n,2,287.17,9.37,D,0
47.57208,27.7907,343.44,0.74,0.76,2022-04-09,1214,N20,VIIRS,n,2,287.86,9.94,D,0
46.30261,28.89155,302.57,0.5,0.41,2022-04-10,0029,N20,VIIRS,n,2,272.63,0.86,N,0
46.16614,28.47271,311.61,0.49,0.4,2022-04-10,0029,N20,VIIRS,n,2,264.57,2.2,N,0
48.34499,26.79105,296.68,0.55,0.42,2022-04-11,2351,N20,VIIRS,n,2,269.68,0.76,N,0
48.3451,26.79221,295.47,0.55,0.42,2022-04-11,2351,N20,VIIRS,n,2,269.6,0.48,N,0
48.13015,28.01947,298.88,0.49,0.41,2022-04-15,0034,N20,VIIRS,n,2,270.62,0.71,N,0
48.12817,28.01958,296.61,0.49,0.41,2022-04-15,0035,N20,VIIRS,n,2,270.92,1.01,N,0
47.17361,27.99254,313.87,0.51,0.41,2022-04-15,0035,N20,VIIRS,n,2,270.81,2.44,N,0
46.16286,28.47043,298.53,0.56,0.43,2022-04-15,0035,N20,VIIRS,n,2,274.07,0.99,N,0
46.33665,28.64775,338.05,0.43,0.46,2022-04-15,1020,N20,VIIRS,n,2,305.42,3.14,D,0
45.79163,28.23732,340.8,0.46,0.47,2022-04-15,1020,N20,VIIRS,n,2,301.43,4.14,D,0
47.44544,28.25472,338,0.42,0.45,2022-04-15,1021,N20,VIIRS,n,2,302.96,3.89,D,0
47.9597,27.2462,340.21,0.45,0.47,2022-04-15,1021,N20,VIIRS,n,2,304.22,4.16,D,0
46.6818,29.66173,333.93,0.57,0.43,2022-04-15,1021,N20,VIIRS,n,2,301.23,3.43,D,0
46.42855,28.59577,330.27,0.43,0.46,2022-04-15,1021,N20,VIIRS,n,2,301.27,2.59,D,0
47.52297,28.00523,332.62,0.43,0.46,2022-04-15,1021,N20,VIIRS,n,2,300.23,2.32,D,0
47.54634,28.06093,341.01,0.42,0.45,2022-04-15,1021,N20,VIIRS,n,2,306.33,4.5,D,0
47.91497,29.07768,330.22,0.57,0.43,2022-04-15,1021,N20,VIIRS,n,2,302.94,2.24,D,0
47.87363,28.57082,340.1,0.4,0.44,2022-04-15,1021,N20,VIIRS,n,2,300.81,5.39,D,0
47.87363,28.56833,338.58,0.4,0.44,2022-04-15,1021,N20,VIIRS,n,2,300.74,3.17,D,0
48.37233,27.56829,333.12,0.42,0.45,2022-04-15,1021,N20,VIIRS,n,2,301.82,6.86,D,0
48.2935,26.89975,333.68,0.45,0.47,2022-04-15,1021,N20,VIIRS,n,2,305.15,2.26,D,0
46.92649,28.83121,332.04,0.41,0.45,2022-04-15,1021,N20,VIIRS,l,2,302.8,2.91,D,0
47.02133,29.01095,343.11,0.6,0.7,2022-04-15,1201,N20,VIIRS,n,2,299.11,4.72,D,0
47.00657,28.35233,335.31,0.56,0.68,2022-04-15,1201,N20,VIIRS,n,2,278.68,4.32,D,0
48.29483,26.90303,336.62,0.48,0.65,2022-04-15,1202,N20,VIIRS,n,2,307.28,3.43,D,0
48.37494,27.5683,337.52,0.52,0.67,2022-04-15,1202,N20,VIIRS,n,2,302.09,4.08,D,0
48.2929,26.90303,336.69,0.48,0.65,2022-04-15,1202,N20,VIIRS,n,2,306.59,2.75,D,0
47.14638,28.69526,346.84,0.34,0.56,2022-04-16,1142,N20,VIIRS,n,2,296.52,4.28,D,0
48.21304,28.01793,337.49,0.4,0.44,2022-04-17,1124,N20,VIIRS,n,2,293.48,2.17,D,0
48.37328,27.81849,296.67,0.45,0.47,2022-04-17,2338,N20,VIIRS,n,2,268.06,0.69,N,0
47.37893,28.42737,298.17,0.41,0.45,2022-04-17,2338,N20,VIIRS,n,2,267.07,0.91,N,0
48.38963,27.81207,310.01,0.45,0.63,2022-04-18,0118,N20,VIIRS,n,2,267.17,1.35,N,0
48.38908,27.81101,301.11,0.45,0.63,2022-04-18,0118,N20,VIIRS,n,2,267.65,0.98,N,0
48.37017,27.8119,296.85,0.45,0.63,2022-04-18,0118,N20,VIIRS,n,2,267.51,0.72,N,0
47.97198,28.55622,332.8,0.42,0.38,2022-04-18,1105,N20,VIIRS,n,2,296.12,3.2,D,0
48.03238,27.19644,337.3,0.4,0.37,2022-04-18,1105,N20,VIIRS,n,2,298.79,4.81,D,0
47.92855,27.43225,302.53,0.38,0.59,2022-04-18,2319,N20,VIIRS,n,2,264.28,0.81,N,0
47.92965,27.43273,321.41,0.57,0.52,2022-04-19,0100,N20,VIIRS,n,2,267.47,2.13,N,0
47.05111,28.75015,332.56,0.39,0.36,2022-04-19,1046,N20,VIIRS,n,2,283.7,5.79,D,0
46.91835,29.00896,338.51,0.39,0.36,2022-04-19,1046,N20,VIIRS,n,2,288.47,5.01,D,0
46.86547,29.5838,332.13,0.39,0.36,2022-04-19,1046,N20,VIIRS,n,2,274.77,2.83,D,0
47.05025,28.74509,341.77,0.39,0.36,2022-04-19,1046,N20,VIIRS,n,2,290.32,5.79,D,0
47.13322,28.62584,325.37,0.39,0.37,2022-04-19,1046,N20,VIIRS,n,2,290.78,2.15,D,0
47.8831,27.40443,326.8,0.41,0.37,2022-04-19,1046,N20,VIIRS,l,2,299.83,1.62,D,0
47.93715,27.42888,325.48,0.41,0.37,2022-04-19,1046,N20,VIIRS,l,2,297.01,2.95,D,0
47.9671,27.41475,328.42,0.41,0.37,2022-04-19,1046,N20,VIIRS,n,2,293.67,2.18,D,0
48.15342,28.16127,333.24,0.39,0.37,2022-04-19,1046,N20,VIIRS,n,2,292.41,3.49,D,0
47.04782,28.75134,328.14,0.39,0.36,2022-04-19,1046,N20,VIIRS,n,2,300.14,22.91,D,0
48.15253,28.15605,340.68,0.39,0.37,2022-04-19,1046,N20,VIIRS,n,2,296.27,7.21,D,0
47.93383,27.43017,334.57,0.41,0.37,2022-04-19,1046,N20,VIIRS,n,2,300.1,2.95,D,0
47.04697,28.74627,335.7,0.39,0.36,2022-04-19,1046,N20,VIIRS,n,2,293.09,22.91,D,0
46.28227,28.32551,301.36,0.43,0.38,2022-04-21,0023,N20,VIIRS,n,2,260.37,0.92,N,0
46.21531,28.21591,332.13,0.44,0.38,2022-04-23,1111,N20,VIIRS,n,2,296.28,7.89,D,0
46.21597,28.22151,331.97,0.44,0.38,2022-04-23,1111,N20,VIIRS,n,2,292.87,6,D,0
46.08322,28.10517,339.36,0.44,0.38,2022-04-23,1111,N20,VIIRS,n,2,293.02,46.46,D,0
46.08332,28.10739,344.13,0.44,0.38,2022-04-23,1111,N20,VIIRS,n,2,287.97,20.08,D,0
48.30264,27.159,296.39,0.34,0.56,2022-04-23,2325,N20,VIIRS,n,2,273.75,0.45,N,0
48.29747,27.15871,297.93,0.34,0.56,2022-04-23,2325,N20,VIIRS,n,2,275.62,0.8,N,0
48.082,27.70108,307,0.63,0.54,2022-04-23,2325,N20,VIIRS,n,2,275.58,2.05,N,0
48.30243,27.16376,296.05,0.34,0.56,2022-04-23,2325,N20,VIIRS,n,2,274.94,0.45,N,0
48.25691,28.00635,338.19,0.38,0.36,2022-04-24,1052,N20,VIIRS,n,2,305.59,10.56,D,0
45.59637,28.36123,334.2,0.51,0.41,2022-04-25,1033,N20,VIIRS,n,2,298.69,3.48,D,0
46.96534,28.38994,333.18,0.48,0.4,2022-04-25,1033,N20,VIIRS,n,2,292.77,3.43,D,0
48.31086,26.82166,336.88,0.51,0.41,2022-04-25,1034,N20,VIIRS,n,2,300.8,6.4,D,0
45.9799,28.63446,338.92,0.51,0.5,2022-04-26,1014,N20,VIIRS,n,2,302.91,5.75,D,0
46.50758,29.82427,348.04,0.44,0.46,2022-04-26,1014,N20,VIIRS,n,2,305.43,11.63,D,0
46.50889,29.82974,332.05,0.44,0.46,2022-04-26,1014,N20,VIIRS,n,2,300.76,9.58,D,0
46.50352,29.82627,345.25,0.44,0.46,2022-04-26,1014,N20,VIIRS,n,2,309.79,11.63,D,0
46.14931,28.99072,335.5,0.43,0.38,2022-04-30,1039,N20,VIIRS,n,2,294.01,4.11,D,0
46.85317,29.2717,295.26,0.39,0.44,2022-05-01,0035,N20,VIIRS,n,2,277.74,0.53,N,0
46.65474,29.32221,336.88,0.4,0.44,2022-05-01,1021,N20,VIIRS,n,2,303,2.89,D,0
46.98851,28.95602,327.88,0.59,0.7,2022-05-01,1201,N20,VIIRS,n,2,292.69,2.58,D,0
47.78678,29.01936,300.26,0.4,0.37,2022-05-02,0016,N20,VIIRS,n,2,278.02,1.04,N,2
47.76276,27.84657,344.24,0.34,0.56,2022-05-02,1002,N20,VIIRS,n,2,293.98,3.98,D,0
48.09829,28.13679,334.88,0.4,0.44,2022-05-03,1124,N20,VIIRS,n,2,300.89,1.88,D,0
46.99585,28.26664,327.82,0.39,0.44,2022-05-03,1124,N20,VIIRS,n,2,286.29,2.31,D,0
47.68011,29.07618,343.09,0.43,0.38,2022-05-04,1105,N20,VIIRS,n,2,304.5,5.31,D,0
47.67664,29.0771,330.06,0.43,0.38,2022-05-04,1105,N20,VIIRS,l,2,300.21,1.14,D,0
47.7879,29.0183,303.6,0.32,0.55,2022-05-04,2319,N20,VIIRS,n,2,281.1,0.97,N,0
47.78477,29.01767,303.44,0.34,0.56,2022-05-05,0100,N20,VIIRS,n,2,280.92,0.92,N,2
47.41779,29.01392,350.48,0.39,0.36,2022-05-05,1046,N20,VIIRS,n,2,305.88,7.01,D,0
46.89747,28.72149,336.77,0.39,0.37,2022-05-05,1046,N20,VIIRS,n,2,299.41,1.02,D,0
47.02105,28.19699,334.53,0.4,0.37,2022-05-05,1046,N20,VIIRS,n,2,305.38,3.09,D,0
47.80816,28.52976,335.36,0.39,0.36,2022-05-05,1046,N20,VIIRS,n,2,302.96,1.84,D,0
47.21623,28.1915,330.46,0.4,0.37,2022-05-05,1046,N20,VIIRS,n,2,296.55,1.83,D,0
47.78539,29.01908,304.03,0.42,0.45,2022-05-06,0041,N20,VIIRS,n,2,278.25,1.15,N,2
47.18023,29.2676,344.82,0.51,0.41,2022-05-06,1027,N20,VIIRS,n,2,310.32,12.91,D,0
47.17527,29.26284,339.84,0.51,0.41,2022-05-06,1027,N20,VIIRS,n,2,309.2,44.61,D,0
47.1766,29.26924,332.63,0.51,0.41,2022-05-06,1027,N20,VIIRS,n,2,301.33,12.91,D,0
47.56927,27.91167,332.08,0.63,0.72,2022-05-06,1208,N20,VIIRS,n,2,298.98,3.52,D,0
47.89412,28.23997,299.19,0.41,0.37,2022-05-07,0022,N20,VIIRS,n,2,266.2,0.61,N,0
47.89511,28.23457,295.67,0.41,0.37,2022-05-07,0022,N20,VIIRS,n,2,267.31,0.61,N,0
47.78411,29.02011,295.6,0.43,0.38,2022-05-07,0022,N20,VIIRS,n,2,278.13,1.02,N,0
45.65749,28.21818,327.52,0.32,0.55,2022-05-07,1008,N20,VIIRS,n,2,299.44,1.23,D,0
47.06783,28.6948,339.96,0.56,0.52,2022-05-07,1008,N20,VIIRS,n,2,297.02,11.27,D,0
47.28601,28.23817,342.07,0.58,0.52,2022-05-07,1008,N20,VIIRS,n,2,292.11,9.77,D,0
48.21945,27.92627,335.52,0.56,0.52,2022-05-07,1009,N20,VIIRS,n,2,295.97,5,D,0
48.23855,27.37457,340.98,0.59,0.53,2022-05-07,1009,N20,VIIRS,n,2,299.03,10.06,D,0
48.23949,27.37365,340.76,0.59,0.53,2022-05-07,1009,N20,VIIRS,n,2,298.88,6.03,D,0
48.14739,27.61644,341.64,0.58,0.52,2022-05-07,1009,N20,VIIRS,n,2,300.94,5.78,D,0
46.35167,28.60536,327.67,0.4,0.6,2022-05-07,1149,N20,VIIRS,n,2,276.47,3.44,D,0
48.00304,28.37859,303.45,0.4,0.37,2022-05-08,0003,N20,VIIRS,n,2,279.16,0.99,N,0
48.0023,28.38389,306.55,0.4,0.37,2022-05-08,0003,N20,VIIRS,n,2,279.66,1.06,N,0
46.18113,28.40907,297.48,0.39,0.36,2022-05-08,0004,N20,VIIRS,n,2,273.59,0.51,N,0
47.78193,27.65148,336.48,0.48,0.64,2022-05-08,0950,N20,VIIRS,n,2,298.08,3.32,D,0
47.7855,29.01837,300.81,0.54,0.51,2022-05-09,2326,N20,VIIRS,n,2,281.33,1.3,N,2
47.07776,28.61226,335.42,0.38,0.36,2022-05-10,1052,N20,VIIRS,n,2,301.19,4.05,D,0
47.02676,28.17796,339.41,0.39,0.36,2022-05-10,1052,N20,VIIRS,n,2,300.55,5.12,D,0
47.67885,29.17856,334.37,0.44,0.39,2022-05-11,1033,N20,VIIRS,n,2,306.68,2.18,D,0
47.78419,29.0187,300.01,0.48,0.4,2022-05-12,0028,N20,VIIRS,n,2,280.22,1.32,N,2
45.93315,28.21968,335.62,0.54,0.51,2022-05-12,1014,N20,VIIRS,n,2,303.61,5.02,D,0
45.93404,28.21927,340.67,0.54,0.51,2022-05-12,1014,N20,VIIRS,n,2,303.99,5.53,D,0
47.20771,28.51187,339.19,0.48,0.48,2022-05-12,1015,N20,VIIRS,n,2,301.12,2.73,D,0
47.68191,29.17696,341.15,0.44,0.46,2022-05-12,1015,N20,VIIRS,n,2,303.89,4.63,D,0
47.68215,29.17757,332.92,0.51,0.66,2022-05-12,1155,N20,VIIRS,n,2,296.82,3.04,D,0
48.20015,27.71379,333.41,0.44,0.62,2022-05-12,1155,N20,VIIRS,l,2,303.84,2.71,D,0
47.68122,29.17796,332.41,0.51,0.66,2022-05-12,1155,N20,VIIRS,n,2,296.72,4.35,D,0
46.10233,28.29326,332.06,0.46,0.63,2022-05-12,1155,N20,VIIRS,n,2,301.66,4.82,D,0
48.19995,27.71753,332.15,0.44,0.62,2022-05-12,1156,N20,VIIRS,l,2,304.47,3.57,D,0
48.28306,27.12135,367,0.41,0.61,2022-05-12,1156,N20,VIIRS,h,2,304.04,10.74,D,0
48.28566,27.11452,331.68,0.41,0.61,2022-05-12,1156,N20,VIIRS,n,2,304.02,5.33,D,0
48.2858,27.12034,367,0.41,0.61,2022-05-12,1156,N20,VIIRS,h,2,302.29,5.33,D,0
48.2829,27.11568,330.7,0.41,0.61,2022-05-12,1156,N20,VIIRS,n,2,304.77,4.73,D,0
46.90675,28.71519,295.05,0.39,0.36,2022-05-13,0010,N20,VIIRS,n,2,283.34,0.24,N,0
47.78523,29.01732,307.68,0.38,0.36,2022-05-13,0010,N20,VIIRS,n,2,288.36,1.39,N,2
46.42826,28.34831,335.71,0.54,0.51,2022-05-13,1136,N20,VIIRS,n,2,304.71,5.22,D,0
47.04339,28.64728,334.21,0.57,0.52,2022-05-13,1136,N20,VIIRS,n,2,301.72,6.39,D,0
47.06076,29.31346,337.12,0.61,0.54,2022-05-13,1136,N20,VIIRS,n,2,305.15,9.3,D,0
47.78492,29.01919,301.17,0.45,0.39,2022-05-13,2351,N20,VIIRS,n,2,286.23,0.97,N,2
45.73991,28.21556,330.8,0.49,0.4,2022-05-14,1117,N20,VIIRS,l,2,304.59,3.08,D,0
47.78712,29.0176,300.87,0.46,0.47,2022-05-14,2332,N20,VIIRS,n,2,282.97,0.83,N,2
47.78809,29.01776,296.26,0.46,0.47,2022-05-14,2332,N20,VIIRS,n,2,282.2,0.75,N,2
47.78408,29.01923,295.91,0.46,0.64,2022-05-15,0112,N20,VIIRS,n,2,281.44,1.1,N,0
47.78477,29.01847,297.65,0.46,0.64,2022-05-15,0112,N20,VIIRS,n,2,281.44,1.36,N,2
48.21341,27.36542,336.57,0.39,0.36,2022-05-15,1059,N20,VIIRS,n,2,292.81,3.35,D,0
46.86134,29.65227,355.79,0.61,0.53,2022-05-18,1002,N20,VIIRS,n,2,294.96,12.36,D,0
47.78434,29.01953,309.3,0.41,0.37,2022-05-18,2357,N20,VIIRS,n,2,282.05,1.41,N,2
48.38485,27.07296,328.81,0.56,0.69,2022-05-19,0944,N20,VIIRS,n,2,297.67,2.69,D,0
48.38276,27.07419,327.03,0.56,0.69,2022-05-19,0944,N20,VIIRS,n,2,298.47,2.84,D,0
48.37501,26.87788,335.73,0.54,0.42,2022-05-19,1124,N20,VIIRS,n,2,308.02,7.15,D,0
47.68129,28.85868,340.17,0.42,0.45,2022-05-19,1124,N20,VIIRS,n,2,297.8,4.62,D,0
48.23493,26.86409,336.21,0.53,0.42,2022-05-19,1124,N20,VIIRS,n,2,307.8,4.79,D,0
48.37115,26.87873,334.72,0.54,0.42,2022-05-19,1124,N20,VIIRS,n,2,303.74,7.15,D,0
47.78807,29.03067,336.65,0.39,0.44,2022-05-19,2338,N20,VIIRS,n,2,280.22,4.41,N,0
48.15701,27.53445,297.51,0.46,0.47,2022-05-19,2338,N20,VIIRS,n,2,278.87,0.55,N,0
47.14787,28.41659,296.24,0.41,0.45,2022-05-19,2338,N20,VIIRS,n,2,277.74,0.3,N,0
47.78503,29.01931,310.59,0.39,0.44,2022-05-19,2338,N20,VIIRS,n,2,283.97,1.87,N,2
47.78671,29.01628,299.53,0.54,0.68,2022-05-20,0118,N20,VIIRS,n,2,278.79,1.53,N,2
47.80634,27.84263,297.02,0.36,0.58,2022-05-20,2319,N20,VIIRS,n,2,281.56,0.28,N,0
47.78654,29.01823,309.73,0.32,0.55,2022-05-20,2319,N20,VIIRS,n,2,285.25,1.51,N,2
47.6234,28.95496,297.29,0.32,0.55,2022-05-20,2319,N20,VIIRS,n,2,280.72,0.28,N,0
47.78422,29.01526,298.76,0.34,0.56,2022-05-21,0100,N20,VIIRS,n,2,282.66,0.76,N,2
47.78903,29.01808,298.82,0.34,0.56,2022-05-21,0100,N20,VIIRS,n,2,283,0.44,N,0
48.26468,27.77634,303.22,0.61,0.71,2022-05-21,2300,N20,VIIRS,n,2,279.27,2.04,N,0
47.78718,29.01831,298.32,0.42,0.45,2022-05-22,0041,N20,VIIRS,n,2,273.84,0.96,N,2
48.18446,28.30604,306.96,0.39,0.44,2022-05-22,0041,N20,VIIRS,n,2,281.55,1.02,N,0
46.33197,28.22587,341.52,0.38,0.43,2022-05-22,1027,N20,VIIRS,n,2,301.91,7.2,D,0
46.33086,28.22083,337.11,0.38,0.43,2022-05-22,1027,N20,VIIRS,n,2,301.17,4.37,D,0
47.85919,28.69823,312.58,0.39,0.36,2022-05-24,0003,N20,VIIRS,n,2,276.65,1.29,N,0
47.79057,28.95565,315.45,0.39,0.36,2022-05-24,0003,N20,VIIRS,n,2,282.22,1.55,N,2
47.78479,29.01806,302.93,0.39,0.36,2022-05-24,0003,N20,VIIRS,n,2,282.45,1.05,N,2
46.91127,29.34491,306.42,0.38,0.36,2022-05-24,0004,N20,VIIRS,n,2,278.71,0.9,N,0
47.04861,28.34661,336.81,0.47,0.47,2022-05-24,1130,N20,VIIRS,n,2,300.94,4.8,D,0
47.78421,29.01701,296.83,0.51,0.41,2022-05-24,2344,N20,VIIRS,n,2,281.78,0.95,N,2
47.79079,28.95644,310.22,0.51,0.41,2022-05-24,2344,N20,VIIRS,n,2,282.71,2.2,N,2
47.79048,28.95608,309.49,0.51,0.41,2022-05-24,2344,N20,VIIRS,n,2,282.72,2.13,N,2
47.29503,28.88403,297.47,0.5,0.41,2022-05-24,2345,N20,VIIRS,n,2,280.66,0.72,N,0
47.79043,28.95498,302.12,0.62,0.72,2022-05-25,0124,N20,VIIRS,n,2,280.19,1.5,N,2
47.88381,27.36968,334.74,0.39,0.36,2022-05-26,1052,N20,VIIRS,n,2,305.86,2.4,D,0
48.34357,27.15405,296.85,0.4,0.44,2022-05-27,0047,N20,VIIRS,n,2,281.24,0.41,N,0
48.34745,27.15603,297.05,0.4,0.44,2022-05-27,0047,N20,VIIRS,n,2,282.13,0.41,N,0
47.78518,29.01609,297.8,0.48,0.4,2022-05-28,0028,N20,VIIRS,n,2,283.98,0.43,N,2
47.78946,28.95726,310.41,0.48,0.4,2022-05-28,0028,N20,VIIRS,n,2,285.52,1.46,N,2
48.0772,27.16623,304.66,0.39,0.36,2022-05-29,0010,N20,VIIRS,n,2,278.7,0.8,N,0
47.78812,29.01997,297.67,0.38,0.59,2022-05-31,2313,N20,VIIRS,n,2,285.45,1.29,N,0
47.78945,29.01696,306.87,0.38,0.59,2022-05-31,2313,N20,VIIRS,n,2,285.36,0.65,N,2
47.78832,29.01452,302.79,0.38,0.59,2022-05-31,2313,N20,VIIRS,n,2,284.77,1.22,N,2
47.78501,29.01652,302.96,0.58,0.52,2022-06-01,0053,N20,VIIRS,n,2,285.86,1.3,N,2
47.78548,29.01629,300.56,0.55,0.43,2022-06-02,0035,N20,VIIRS,n,2,285.42,1.4,N,2
47.15472,28.62358,331.66,0.41,0.45,2022-06-02,1021,N20,VIIRS,l,2,301.7,3.65,D,0
47.7868,29.01795,297.66,0.41,0.37,2022-06-03,2357,N20,VIIRS,n,2,285.15,0.64,N,2
47.78858,28.95655,306.1,0.54,0.68,2022-06-06,2300,N20,VIIRS,n,2,284.55,1.86,N,2
47.78815,29.01534,302.82,0.54,0.68,2022-06-06,2300,N20,VIIRS,n,2,283.84,1.29,N,2
47.78387,29.01964,300.39,0.42,0.45,2022-06-07,0041,N20,VIIRS,n,2,285.28,1.04,N,2
47.78984,28.95672,314.83,0.42,0.45,2022-06-07,0041,N20,VIIRS,n,2,286.32,1.98,N,2
47.12547,29.354,341.58,0.5,0.41,2022-06-07,1027,N20,VIIRS,n,2,305.77,7.31,D,0
47.12452,29.35177,340.42,0.74,0.76,2022-06-07,1208,N20,VIIRS,n,2,297.48,11.34,D,0
47.78953,28.95273,311.33,0.43,0.38,2022-06-08,0022,N20,VIIRS,n,2,285.22,2.12,N,2
47.78457,29.01697,305.35,0.43,0.38,2022-06-08,0022,N20,VIIRS,n,2,286.88,1.15,N,2
47.06453,28.6273,314.36,0.39,0.36,2022-06-09,0003,N20,VIIRS,n,2,284.87,0.62,N,0
47.78572,29.01795,311.99,0.39,0.36,2022-06-09,0003,N20,VIIRS,n,2,289.86,1.5,N,2
47.7882,28.95445,311.07,0.39,0.36,2022-06-09,0003,N20,VIIRS,n,2,287.5,1.01,N,2
47.79148,28.95552,300.01,0.39,0.36,2022-06-09,0003,N20,VIIRS,n,2,287.02,1.01,N,2
47.17741,28.2743,332.33,0.47,0.64,2022-06-09,0950,N20,VIIRS,n,2,288.99,5.33,D,0
47.3682,28.84145,340.67,0.5,0.49,2022-06-09,1130,N20,VIIRS,n,2,304.44,2.9,D,0
47.79224,28.95335,308.54,0.54,0.51,2022-06-10,2325,N20,VIIRS,n,2,286.49,1.38,N,2
47.78599,29.02078,301.79,0.54,0.51,2022-06-10,2325,N20,VIIRS,n,2,287.18,1.49,N,2
47.78648,29.0132,296.99,0.54,0.51,2022-06-10,2325,N20,VIIRS,n,2,286.09,1.49,N,2
47.79029,28.95495,307.15,0.54,0.51,2022-06-10,2325,N20,VIIRS,n,2,287.03,1.82,N,2
47.78828,29.01917,312.14,0.54,0.51,2022-06-10,2325,N20,VIIRS,n,2,287.11,1.95,N,0
46.95885,28.87847,336.6,0.47,0.48,2022-06-13,1014,N20,VIIRS,n,2,298.14,2.11,D,0
47.14915,28.65016,305.8,0.45,0.39,2022-06-14,2351,N20,VIIRS,n,2,281.8,0.77,N,0
47.79066,28.95609,308.24,0.45,0.39,2022-06-14,2351,N20,VIIRS,n,2,283.72,1.52,N,2
47.78999,28.95669,311.39,0.46,0.47,2022-06-15,2332,N20,VIIRS,n,2,285.65,2.04,N,2
47.78527,29.01837,302.33,0.46,0.47,2022-06-15,2332,N20,VIIRS,n,2,285.35,1.29,N,2
47.78753,29.01935,300.29,0.46,0.64,2022-06-16,0112,N20,VIIRS,n,2,282.23,0.81,N,2
47.78946,28.95223,305.09,0.46,0.63,2022-06-16,0112,N20,VIIRS,n,2,281.04,1.54,N,2
47.74268,28.80671,332.21,0.4,0.37,2022-06-16,1058,N20,VIIRS,l,2,304.16,1.92,D,0
47.78513,29.01414,298.94,0.38,0.59,2022-06-16,2313,N20,VIIRS,n,2,283.38,0.75,N,2
47.79261,28.95257,299.92,0.38,0.59,2022-06-16,2313,N20,VIIRS,n,2,282.96,1.24,N,2
47.79243,28.95802,295.1,0.38,0.59,2022-06-16,2313,N20,VIIRS,n,2,283.6,1.06,N,0
47.79174,28.95303,301.71,0.38,0.59,2022-06-16,2313,N20,VIIRS,n,2,282.9,0.78,N,2
47.79155,28.95838,295.7,0.38,0.59,2022-06-16,2313,N20,VIIRS,n,2,283.74,0.78,N,0
47.78461,29.01596,297.72,0.58,0.52,2022-06-17,0053,N20,VIIRS,n,2,282.53,1.81,N,2
47.79109,28.95317,295.47,0.57,0.52,2022-06-17,0053,N20,VIIRS,n,2,281.44,2,N,2
47.79338,28.95109,297.21,0.64,0.72,2022-06-17,2254,N20,VIIRS,n,2,282.45,1.96,N,2
47.79053,28.95585,308.22,0.54,0.42,2022-06-18,0034,N20,VIIRS,n,2,286.22,1.92,N,2
47.78559,29.01537,300.78,0.55,0.43,2022-06-18,0034,N20,VIIRS,n,2,285.01,0.74,N,2
47.91437,27.63157,333.36,0.43,0.46,2022-06-18,1021,N20,VIIRS,n,2,299.29,2.32,D,0
47.78585,29.01784,303.98,0.4,0.37,2022-06-19,0016,N20,VIIRS,n,2,286.05,0.86,N,2
46.44459,29.69943,297.27,0.42,0.38,2022-06-19,0016,N20,VIIRS,n,2,285.75,0.51,N,0
47.78933,28.95806,303.85,0.4,0.37,2022-06-19,0016,N20,VIIRS,n,2,286.61,1.16,N,2
47.79025,28.95284,301.59,0.4,0.37,2022-06-19,0016,N20,VIIRS,n,2,284.13,0.93,N,2
47.34946,28.29587,330.39,0.34,0.56,2022-06-19,1002,N20,VIIRS,n,2,298.25,2.03,D,0
47.56136,27.87111,331.41,0.35,0.56,2022-06-19,1002,N20,VIIRS,n,2,299.67,0.98,D,0
45.54962,28.16712,346.25,0.63,0.54,2022-06-19,1142,N20,VIIRS,n,2,307.25,7.86,D,0
46.72977,29.1393,351.59,0.36,0.57,2022-06-19,1142,N20,VIIRS,n,2,305.17,4,D,0
46.73106,29.13792,336.1,0.36,0.57,2022-06-19,1142,N20,VIIRS,n,2,304.71,3.99,D,0
46.03825,28.59363,345.42,0.33,0.55,2022-06-19,1142,N20,VIIRS,n,2,299.69,2.85,D,0
47.79057,28.95759,315.71,0.41,0.37,2022-06-19,2357,N20,VIIRS,n,2,288.27,1.14,N,2
47.78605,29.0182,310.03,0.41,0.37,2022-06-19,2357,N20,VIIRS,n,2,289.34,1.51,N,2
46.27303,28.18877,297.98,0.41,0.37,2022-06-19,2357,N20,VIIRS,n,2,285.72,0.35,N,0
46.93793,28.65844,349.74,0.41,0.45,2022-06-20,1123,N20,VIIRS,n,2,309.48,4.33,D,0
46.94004,28.65543,341.16,0.41,0.45,2022-06-20,1123,N20,VIIRS,n,2,308.24,4.3,D,0
46.98716,28.42898,334.13,0.4,0.44,2022-06-20,1123,N20,VIIRS,n,2,307.23,2.37,D,0
47.81616,28.13278,348.58,0.4,0.44,2022-06-20,1124,N20,VIIRS,n,2,309.38,3.76,D,0
47.79134,28.95839,300.99,0.39,0.44,2022-06-20,2338,N20,VIIRS,n,2,287.52,0.88,N,2
47.78616,29.0159,310.92,0.39,0.44,2022-06-20,2338,N20,VIIRS,n,2,289.5,0.91,N,2
47.79182,28.95307,303.41,0.39,0.44,2022-06-20,2338,N20,VIIRS,n,2,287.21,0.83,N,2
47.78344,29.01737,300.75,0.54,0.68,2022-06-21,0118,N20,VIIRS,n,2,287.32,1.4,N,0
47.78964,28.95754,299.19,0.53,0.67,2022-06-21,0118,N20,VIIRS,n,2,286.62,1.13,N,2
46.61101,29.5791,342.4,0.44,0.38,2022-06-21,1104,N20,VIIRS,n,2,306.22,2.14,D,0
45.78556,28.57067,339.07,0.41,0.37,2022-06-21,1104,N20,VIIRS,l,2,311.74,5.82,D,0
47.71066,28.05257,335.53,0.41,0.37,2022-06-21,1105,N20,VIIRS,n,2,301.34,2.19,D,0
46.79276,28.91975,301.34,0.64,0.54,2022-06-21,2319,N20,VIIRS,n,2,285,1.45,N,0
47.78667,29.01494,296.28,0.32,0.55,2022-06-21,2319,N20,VIIRS,n,2,284.02,0.35,N,2
47.78959,28.95414,317.16,0.32,0.55,2022-06-21,2319,N20,VIIRS,n,2,285.82,1.3,N,2
46.78843,28.92083,303.03,0.63,0.54,2022-06-21,2319,N20,VIIRS,n,2,284.83,1.8,N,0
47.79118,28.95761,306.54,0.34,0.56,2022-06-22,0059,N20,VIIRS,n,2,284.02,0.66,N,2
47.78535,29.01796,299.31,0.34,0.56,2022-06-22,0059,N20,VIIRS,n,2,284.28,0.45,N,2
47.79233,28.95351,295.7,0.34,0.56,2022-06-22,0059,N20,VIIRS,n,2,281.78,0.66,N,2
47.78841,28.95803,299.57,0.54,0.68,2022-06-22,2300,N20,VIIRS,n,2,283.33,1.89,N,2
47.79131,28.95629,305.2,0.54,0.68,2022-06-22,2300,N20,VIIRS,n,2,284.03,1.3,N,2
47.78965,28.95464,312.22,0.42,0.45,2022-06-23,0041,N20,VIIRS,n,2,286.49,1.92,N,2
47.78902,29.03217,308.22,0.42,0.45,2022-06-23,0041,N20,VIIRS,n,2,283.64,1.23,N,0
47.78757,29.0195,295.16,0.42,0.45,2022-06-23,0041,N20,VIIRS,n,2,284.27,0.6,N,2
48.03576,27.29889,296.79,0.41,0.37,2022-06-25,0003,N20,VIIRS,n,2,283.07,0.24,N,0
46.03823,28.43527,335.89,0.46,0.47,2022-06-25,1129,N20,VIIRS,n,2,305.02,7.67,D,0
47.79219,28.95326,299.61,0.51,0.41,2022-06-25,2344,N20,VIIRS,n,2,286.38,0.68,N,2
47.78843,28.95243,302.15,0.51,0.41,2022-06-25,2344,N20,VIIRS,n,2,286.48,1.35,N,2
47.79057,28.95055,295.66,0.62,0.71,2022-06-26,0124,N20,VIIRS,n,2,283.29,1.33,N,2
47.78815,28.95654,295.32,0.62,0.71,2022-06-26,0124,N20,VIIRS,n,2,283.81,1,N,2
47.78932,28.95384,311.38,0.39,0.59,2022-06-27,0106,N20,VIIRS,n,2,285.19,1.39,N,2
47.78921,29.03469,295.74,0.4,0.6,2022-06-27,0106,N20,VIIRS,n,2,284.29,0.52,N,0
47.78914,28.95208,302.91,0.46,0.63,2022-06-27,2306,N20,VIIRS,n,2,285.42,1.29,N,2
46.74609,28.20698,339.12,0.49,0.4,2022-06-28,1033,N20,VIIRS,n,2,306.57,4.01,D,0
47.48495,28.26158,350.68,0.48,0.4,2022-06-28,1033,N20,VIIRS,n,2,314.82,35.92,D,0
47.79356,28.95086,304.55,0.76,0.77,2022-06-28,2247,N20,VIIRS,n,2,289.78,1.45,N,2
47.79152,28.9571,303.6,0.76,0.77,2022-06-28,2247,N20,VIIRS,n,2,290.49,1.64,N,0
48.04823,27.78337,321.17,0.44,0.38,2022-06-29,0028,N20,VIIRS,n,2,291.71,2.59,N,0
47.78982,28.95298,314.16,0.48,0.4,2022-06-29,0028,N20,VIIRS,n,2,291.02,2.16,N,2
47.42542,28.65517,332.47,0.47,0.48,2022-06-29,1014,N20,VIIRS,l,2,304.48,3.15,D,0
46.32922,28.797,338.68,0.5,0.49,2022-06-29,1014,N20,VIIRS,n,2,301.29,4.98,D,0
46.33156,28.79918,339.48,0.5,0.49,2022-06-29,1014,N20,VIIRS,n,2,302.05,5.11,D,0
47.78756,29.03355,342.8,0.44,0.46,2022-06-29,1014,N20,VIIRS,n,2,302.37,3.99,D,0
47.75235,27.94621,303.2,0.39,0.36,2022-06-30,0009,N20,VIIRS,n,2,289.44,0.54,N,0
47.78923,28.95658,319.28,0.38,0.36,2022-06-30,0009,N20,VIIRS,n,2,294.62,1.98,N,2
47.78593,29.01945,303.16,0.38,0.36,2022-06-30,0009,N20,VIIRS,n,2,292.58,0.48,N,2
47.85129,28.03089,338.12,0.54,0.51,2022-06-30,1136,N20,VIIRS,n,2,301.18,4.53,D,0
47.78938,28.95706,316.6,0.45,0.39,2022-06-30,2350,N20,VIIRS,n,2,291.8,1.5,N,2
46.83493,29.38471,339.37,0.56,0.43,2022-07-01,1117,N20,VIIRS,n,2,307.59,3.7,D,0
46.83243,29.38584,334.99,0.56,0.43,2022-07-01,1117,N20,VIIRS,l,2,307.62,3.04,D,0
47.7896,28.95593,311.85,0.46,0.47,2022-07-01,2332,N20,VIIRS,n,2,291.57,1.8,N,2
47.78727,28.95579,301.83,0.46,0.63,2022-07-02,0112,N20,VIIRS,n,2,289.57,1.15,N,0
46.45103,28.73949,347.21,0.39,0.36,2022-07-02,1058,N20,VIIRS,n,2,313.59,6.49,D,0
46.44703,28.73544,343.83,0.39,0.36,2022-07-02,1058,N20,VIIRS,n,2,309.5,8.17,D,0
48.22514,27.67155,335.85,0.39,0.36,2022-07-02,1058,N20,VIIRS,l,2,309.24,2.98,D,0
47.78919,28.95613,309.88,0.38,0.59,2022-07-02,2313,N20,VIIRS,n,2,287.07,1.17,N,2
47.78953,28.9525,306.17,0.57,0.52,2022-07-03,0053,N20,VIIRS,n,2,285.22,1.39,N,2
47.78857,28.95286,304.71,0.57,0.52,2022-07-03,0053,N20,VIIRS,n,2,284.58,1.73,N,2
46.87839,29.47572,336.26,0.41,0.37,2022-07-03,1039,N20,VIIRS,l,2,306.3,1.45,D,0
45.61104,28.27284,330.85,0.47,0.47,2022-07-04,1020,N20,VIIRS,l,2,304.81,3.73,D,0
45.67572,28.33069,332.01,0.46,0.47,2022-07-04,1020,N20,VIIRS,l,2,304.38,4.11,D,0
45.6124,28.27852,338.75,0.47,0.47,2022-07-04,1020,N20,VIIRS,n,2,304.9,3.73,D,0
47.15445,28.62856,340.39,0.41,0.45,2022-07-04,1020,N20,VIIRS,n,2,299.67,3.82,D,0
45.62349,28.28609,335.19,0.46,0.47,2022-07-04,1020,N20,VIIRS,n,2,305.15,3.83,D,0
47.88042,28.34815,332.77,0.41,0.45,2022-07-04,1021,N20,VIIRS,n,2,301.23,2.14,D,0
45.62743,28.28768,338.83,0.54,0.68,2022-07-04,1201,N20,VIIRS,n,2,297.92,7.75,D,0
47.13613,29.23125,302.76,0.41,0.37,2022-07-05,0016,N20,VIIRS,n,2,290.14,0.8,N,0
47.7136,27.98683,307.08,0.39,0.36,2022-07-05,0016,N20,VIIRS,n,2,291.61,0.84,N,0
47.20846,27.85832,329.31,0.39,0.36,2022-07-05,0016,N20,VIIRS,n,2,297.38,7.24,N,0
45.63773,28.49232,334.49,0.37,0.58,2022-07-05,1001,N20,VIIRS,n,2,303.79,3.35,D,0
45.62793,28.49321,348.16,0.37,0.58,2022-07-05,1001,N20,VIIRS,n,2,302.13,4.59,D,0
46.10994,28.57273,333.91,0.36,0.57,2022-07-05,1001,N20,VIIRS,l,2,304.56,0.73,D,0
45.62163,28.49153,331.09,0.37,0.58,2022-07-05,1001,N20,VIIRS,l,2,301.81,3.39,D,0
45.63921,28.49202,332.52,0.37,0.58,2022-07-05,1001,N20,VIIRS,l,2,304.01,3.5,D,0
45.62664,28.4887,339.74,0.37,0.58,2022-07-05,1001,N20,VIIRS,n,2,303.3,4.59,D,0
46.56662,29.53463,339.17,0.63,0.54,2022-07-05,1002,N20,VIIRS,n,2,306.01,5.7,D,0
45.62623,28.48611,338.06,0.32,0.55,2022-07-05,1142,N20,VIIRS,n,2,306.66,3.75,D,0
46.13343,28.18867,348.88,0.63,0.54,2022-07-05,1142,N20,VIIRS,n,2,310.1,14.67,D,0
46.13389,28.18258,334.47,0.63,0.54,2022-07-05,1142,N20,VIIRS,l,2,309.22,8.54,D,0
46.13432,28.19052,344.49,0.63,0.54,2022-07-05,1142,N20,VIIRS,n,2,309.78,8.54,D,0
45.63659,28.48924,345.21,0.32,0.55,2022-07-05,1142,N20,VIIRS,n,2,308.55,3.32,D,0
45.62797,28.48664,351.06,0.32,0.55,2022-07-05,1142,N20,VIIRS,n,2,308.08,6.62,D,0
45.63131,28.48556,332.92,0.32,0.55,2022-07-05,1142,N20,VIIRS,n,2,304.59,3.75,D,0
45.63151,28.4898,367,0.32,0.55,2022-07-05,1142,N20,VIIRS,h,2,310.35,3.75,D,0
45.62703,28.50287,331.18,0.32,0.55,2022-07-05,1142,N20,VIIRS,l,2,304.13,1.01,D,0
45.72005,28.20261,335.13,0.62,0.71,2022-07-06,0943,N20,VIIRS,n,2,300.27,3.15,D,0
47.40672,28.41372,333.88,0.4,0.44,2022-07-06,1123,N20,VIIRS,n,2,303.27,2.36,D,0
47.41078,28.41268,331.66,0.4,0.44,2022-07-06,1123,N20,VIIRS,l,2,304.44,3.2,D,0
47.12515,29.13201,325.14,0.57,0.43,2022-07-06,2338,N20,VIIRS,n,2,289.44,2.41,N,0
47.12397,29.12663,328.02,0.57,0.43,2022-07-06,2338,N20,VIIRS,n,2,288.39,4.57,N,0
47.12582,29.13066,297.3,0.57,0.69,2022-07-07,0118,N20,VIIRS,n,2,286.05,0.37,N,0
47.12297,29.12747,298.46,0.57,0.69,2022-07-07,0118,N20,VIIRS,n,2,286.26,0.45,N,0
46.45772,28.57034,332.91,0.41,0.37,2022-07-07,1104,N20,VIIRS,n,2,296.48,1.98,D,0
45.61029,28.3134,300.73,0.33,0.55,2022-07-07,2319,N20,VIIRS,n,2,284.94,0.36,N,0
45.61542,28.31406,302.25,0.33,0.55,2022-07-07,2319,N20,VIIRS,n,2,285.01,0.62,N,0
48.22159,27.19192,297.77,0.42,0.37,2022-07-11,0003,N20,VIIRS,n,2,286.8,1,N,0
48.22086,27.19751,298.09,0.42,0.37,2022-07-11,0003,N20,VIIRS,n,2,283.25,1,N,0
48.21745,27.19654,316.16,0.42,0.37,2022-07-11,0003,N20,VIIRS,n,2,284.65,1,N,0
46.75218,28.83838,296.42,0.5,0.41,2022-07-11,2344,N20,VIIRS,n,2,282.88,0.45,N,0
46.72874,28.4969,336.3,0.45,0.39,2022-07-12,1110,N20,VIIRS,n,2,306.6,3.83,D,0
47.78507,29.01367,298.56,0.45,0.63,2022-07-13,2306,N20,VIIRS,n,2,282.53,1.37,N,2
45.6011,28.49248,303.31,0.47,0.64,2022-07-13,2307,N20,VIIRS,n,2,283.46,0.8,N,0
45.59517,28.49204,302.34,0.47,0.64,2022-07-13,2307,N20,VIIRS,n,2,282.87,0.8,N,0
46.59065,29.39081,317.85,0.55,0.51,2022-07-14,0047,N20,VIIRS,n,2,284.61,2.13,N,0
46.59249,29.39227,318.7,0.55,0.51,2022-07-14,0047,N20,VIIRS,n,2,284.49,3.05,N,0
47.78733,29.02012,301.58,0.49,0.49,2022-07-14,0047,N20,VIIRS,n,2,284.81,0.9,N,2
45.59912,28.49691,301.63,0.53,0.5,2022-07-14,0047,N20,VIIRS,n,2,283.93,1.32,N,0
46.60933,29.61512,337.41,0.45,0.39,2022-07-14,1033,N20,VIIRS,n,2,305.86,4.37,D,0
46.26415,28.60894,335.17,0.49,0.4,2022-07-14,1033,N20,VIIRS,l,2,305.47,3.96,D,0
46.26647,28.60128,335.7,0.49,0.4,2022-07-14,1033,N20,VIIRS,n,2,305.41,3.96,D,0
46.27005,28.59976,330.34,0.49,0.4,2022-07-14,1033,N20,VIIRS,l,2,303.73,5.32,D,0
46.28813,28.61217,337.22,0.49,0.4,2022-07-14,1033,N20,VIIRS,l,2,307.38,4.71,D,0
46.57962,29.7688,333.54,0.44,0.39,2022-07-14,1033,N20,VIIRS,l,2,307.92,3.22,D,0
47.78944,29.00933,297.71,0.76,0.77,2022-07-14,2247,N20,VIIRS,n,2,285.16,1.33,N,0
47.78688,29.01693,305.53,0.48,0.4,2022-07-15,0028,N20,VIIRS,n,2,289.21,0.97,N,2
46.36802,29.82341,334.71,0.45,0.47,2022-07-15,1014,N20,VIIRS,n,2,298.35,5.9,D,0
46.39804,28.7968,338.51,0.5,0.49,2022-07-15,1014,N20,VIIRS,n,2,303.36,3.82,D,0
46.40607,28.39507,331.24,0.52,0.5,2022-07-15,1014,N20,VIIRS,n,2,301.72,3.54,D,0
46.6356,29.73353,345.94,0.45,0.47,2022-07-15,1014,N20,VIIRS,n,2,302.25,8.12,D,0
46.37689,28.36147,331.84,0.52,0.5,2022-07-15,1014,N20,VIIRS,l,2,302.14,6.07,D,0
46.37303,28.36157,335.29,0.52,0.5,2022-07-15,1014,N20,VIIRS,n,2,304.36,3.61,D,0
46.40769,28.40145,348.73,0.52,0.5,2022-07-15,1014,N20,VIIRS,n,2,305.2,14.43,D,0
46.46096,28.4967,340.52,0.51,0.49,2022-07-15,1014,N20,VIIRS,n,2,305.39,4.94,D,0
46.40012,28.39093,340.26,0.52,0.5,2022-07-15,1014,N20,VIIRS,n,2,301.91,3.54,D,0
46.36669,29.81775,340.1,0.45,0.47,2022-07-15,1014,N20,VIIRS,n,2,301.04,5.9,D,0
46.27216,28.22158,331.5,0.45,0.63,2022-07-15,1154,N20,VIIRS,n,2,300.89,3.62,D,0
46.72033,29.47562,330.69,0.52,0.67,2022-07-15,1155,N20,VIIRS,n,2,298.46,3.82,D,0
46.7183,29.47043,340.62,0.52,0.67,2022-07-15,1155,N20,VIIRS,n,2,301.62,5.52,D,0
46.50288,29.89925,336.55,0.36,0.57,2022-07-16,0955,N20,VIIRS,n,2,299.87,4.86,D,0
46.50402,29.90327,333.09,0.36,0.57,2022-07-16,0955,N20,VIIRS,n,2,298.86,4.46,D,0
47.98666,27.41797,344.79,0.41,0.61,2022-07-16,0956,N20,VIIRS,n,2,293.65,4.72,D,0
45.6171,28.36956,330.81,0.72,0.76,2022-07-17,0936,N20,VIIRS,n,2,300.05,9.47,D,0
45.61885,28.37199,350.4,0.72,0.76,2022-07-17,0936,N20,VIIRS,n,2,299.86,14.1,D,0
45.62003,28.37777,345.69,0.72,0.76,2022-07-17,0936,N20,VIIRS,n,2,296.86,12.03,D,0
46.79589,29.63315,345.34,0.58,0.7,2022-07-17,0937,N20,VIIRS,n,2,299,12.61,D,0
46.79735,29.6258,343.12,0.58,0.7,2022-07-17,0937,N20,VIIRS,n,2,299.36,8.04,D,0
46.79388,29.63685,336.4,0.58,0.7,2022-07-17,0937,N20,VIIRS,n,2,296.92,8.04,D,0
46.7631,29.41016,336.12,0.59,0.7,2022-07-17,0937,N20,VIIRS,n,2,297.16,6.46,D,0
46.79935,29.62218,335.34,0.58,0.7,2022-07-17,0937,N20,VIIRS,n,2,292.35,12.1,D,0
47.53416,27.85179,338.58,0.5,0.41,2022-07-17,1117,N20,VIIRS,n,2,306.5,3.6,D,0
46.43777,28.57645,367,0.51,0.41,2022-07-17,1117,N20,VIIRS,l,2,325.85,40.56,D,0
46.44155,28.57563,346.01,0.51,0.41,2022-07-17,1117,N20,VIIRS,l,2,317.31,40.56,D,0
46.44464,28.56799,336.51,0.51,0.41,2022-07-17,1117,N20,VIIRS,l,2,309.05,7.61,D,0
46.7614,29.40908,335.52,0.56,0.43,2022-07-17,1117,N20,VIIRS,l,2,306.59,5.82,D,0
47.13881,28.95594,337.86,0.54,0.42,2022-07-17,1117,N20,VIIRS,n,2,304.3,10.25,D,0
47.23705,29.28311,333.32,0.56,0.43,2022-07-17,1117,N20,VIIRS,n,2,302.74,7.75,D,0
47.23636,29.27567,333.68,0.56,0.43,2022-07-17,1117,N20,VIIRS,n,2,305,7.84,D,0
47.2403,29.27489,353.78,0.56,0.43,2022-07-17,1117,N20,VIIRS,n,2,306.8,10.35,D,0
47.53045,27.85267,339.24,0.5,0.41,2022-07-17,1117,N20,VIIRS,n,2,308.01,3.6,D,0
46.33605,28.29734,330.27,0.5,0.41,2022-07-17,1117,N20,VIIRS,l,2,303.52,1.78,D,0
46.38715,28.60188,336.55,0.51,0.41,2022-07-17,1117,N20,VIIRS,l,2,307.23,8.4,D,0
46.39094,28.60121,337.33,0.51,0.41,2022-07-17,1117,N20,VIIRS,n,2,306.88,8.4,D,0
46.38993,28.60017,343.06,0.51,0.41,2022-07-17,1117,N20,VIIRS,n,2,307.34,14.39,D,0
46.42712,28.58571,335.4,0.51,0.41,2022-07-17,1117,N20,VIIRS,n,2,307.49,4.11,D,0
46.42643,28.57893,337.23,0.51,0.41,2022-07-17,1117,N20,VIIRS,l,2,308.47,7.54,D,0
46.43399,28.57728,345.99,0.51,0.41,2022-07-17,1117,N20,VIIRS,n,2,309.99,19.58,D,0
47.78542,29.0193,296.33,0.46,0.47,2022-07-17,2331,N20,VIIRS,n,2,285.32,0.97,N,2
47.22807,29.00785,297.66,0.45,0.47,2022-07-17,2332,N20,VIIRS,n,2,282.94,1.31,N,0
47.22762,29.01379,313.36,0.45,0.47,2022-07-17,2332,N20,VIIRS,n,2,283.95,1.31,N,0
46.51656,28.26712,297.74,0.48,0.48,2022-07-17,2332,N20,VIIRS,n,2,282.53,0.88,N,0
47.36912,28.84057,298.44,0.46,0.47,2022-07-17,2332,N20,VIIRS,n,2,282.99,0.65,N,0
46.38564,28.6054,296.09,0.46,0.47,2022-07-17,2332,N20,VIIRS,n,2,283.41,0.96,N,0
46.38522,28.60427,297.53,0.46,0.47,2022-07-17,2332,N20,VIIRS,n,2,283.15,1.36,N,0
46.12262,28.33168,303.34,0.47,0.48,2022-07-17,2332,N20,VIIRS,n,2,284.11,0.95,N,0
46.38609,28.59945,296.46,0.46,0.47,2022-07-17,2332,N20,VIIRS,n,2,283.41,0.96,N,0
48.18591,28.30451,296.54,0.42,0.61,2022-07-18,0112,N20,VIIRS,n,2,281.31,0.43,N,0
48.18531,28.30388,298.2,0.42,0.61,2022-07-18,0112,N20,VIIRS,n,2,281.22,0.69,N,0
47.78798,29.0183,296.12,0.46,0.63,2022-07-18,0112,N20,VIIRS,n,2,282.63,0.56,N,0
47.36852,28.84048,298.34,0.47,0.64,2022-07-18,0112,N20,VIIRS,n,2,280.94,0.42,N,0
45.57169,28.35335,338.03,0.38,0.36,2022-07-18,1057,N20,VIIRS,l,2,312.76,2.91,D,0
47.67598,27.82846,341.36,0.39,0.36,2022-07-18,1058,N20,VIIRS,n,2,305.92,4.34,D,0
47.04522,28.18546,338.76,0.39,0.36,2022-07-18,1058,N20,VIIRS,n,2,300.79,11.31,D,0
45.99473,28.72856,338.35,0.39,0.36,2022-07-18,1058,N20,VIIRS,l,2,310.68,4.51,D,0
46.12161,28.3344,336.83,0.39,0.36,2022-07-18,1058,N20,VIIRS,l,2,308.68,3.44,D,0
46.36435,28.33752,337.71,0.39,0.36,2022-07-18,1058,N20,VIIRS,l,2,310.5,2.92,D,0
46.37051,28.35636,332.04,0.39,0.36,2022-07-18,1058,N20,VIIRS,l,2,306.13,2.68,D,0
48.03202,27.45994,339.08,0.44,0.39,2022-07-19,1039,N20,VIIRS,n,2,306.09,9.56,D,0
46.43368,28.46212,338.72,0.44,0.38,2022-07-19,1039,N20,VIIRS,n,2,302.45,2.7,D,0
46.37203,28.72523,337.59,0.43,0.38,2022-07-19,1039,N20,VIIRS,l,2,310.29,6.19,D,0
46.50919,29.64024,333.69,0.41,0.37,2022-07-19,1039,N20,VIIRS,n,2,304.92,2.46,D,0
46.11745,28.33474,331.96,0.44,0.39,2022-07-19,1039,N20,VIIRS,l,2,304.39,1.7,D,0
46.12249,28.79064,340.26,0.43,0.38,2022-07-19,1039,N20,VIIRS,n,2,308.36,6.49,D,0
47.71906,27.86559,296.1,0.5,0.41,2022-07-20,0034,N20,VIIRS,n,2,284.52,0.24,N,0
46.8736,29.71968,336.02,0.57,0.43,2022-07-20,1020,N20,VIIRS,l,2,306.41,5.69,D,0
46.36255,28.86463,331.74,0.42,0.45,2022-07-20,1020,N20,VIIRS,l,2,305.62,4.25,D,0
46.04261,28.68649,342.44,0.44,0.46,2022-07-20,1020,N20,VIIRS,n,2,307.29,5.52,D,0
47.56313,27.77081,348.03,0.52,0.67,2022-07-20,1201,N20,VIIRS,n,2,299.5,8.18,D,0
47.80488,28.06985,333.99,0.54,0.68,2022-07-20,1201,N20,VIIRS,n,2,297.95,5.27,D,0
47.8081,28.07071,336.95,0.54,0.68,2022-07-20,1201,N20,VIIRS,n,2,296.74,4.09,D,0
46.04065,28.68401,345.41,0.57,0.69,2022-07-20,1201,N20,VIIRS,n,2,300.15,8.17,D,0
46.0415,28.68276,343.76,0.57,0.69,2022-07-20,1201,N20,VIIRS,n,2,299.88,6.61,D,0
47.56305,27.76385,354.64,0.52,0.67,2022-07-20,1201,N20,VIIRS,n,2,303.69,8.18,D,0
47.56577,27.76511,305.3,0.39,0.36,2022-07-21,0015,N20,VIIRS,n,2,290.93,0.83,N,0
47.87247,27.86621,307.14,0.39,0.36,2022-07-21,0015,N20,VIIRS,n,2,289.77,0.88,N,0
45.63529,28.50174,307.6,0.41,0.37,2022-07-21,0016,N20,VIIRS,n,2,290.26,0.85,N,0
46.37217,28.7192,336.2,0.35,0.57,2022-07-21,1001,N20,VIIRS,n,2,305.38,2.8,D,0
46.37339,28.72356,339,0.35,0.57,2022-07-21,1001,N20,VIIRS,n,2,303.89,2.8,D,0
47.76324,27.95094,330.64,0.34,0.56,2022-07-21,1002,N20,VIIRS,n,2,298.33,9.81,D,0
47.75851,27.95412,345,0.34,0.56,2022-07-21,1002,N20,VIIRS,n,2,299.03,9.81,D,0
47.75731,27.94987,345.2,0.34,0.56,2022-07-21,1002,N20,VIIRS,n,2,310.82,17.68,D,0
47.76204,27.94671,355.51,0.34,0.56,2022-07-21,1002,N20,VIIRS,n,2,303.41,17.68,D,0
47.66717,29.01012,336.55,0.62,0.54,2022-07-21,1002,N20,VIIRS,n,2,301.48,5.2,D,0
47.64117,28.76048,351.49,0.35,0.56,2022-07-21,1142,N20,VIIRS,n,2,303.18,5.48,D,0
47.399,28.64084,367,0.34,0.56,2022-07-21,1142,N20,VIIRS,h,2,303,9,D,0
46.12717,28.88656,346.6,0.34,0.56,2022-07-21,1142,N20,VIIRS,n,2,303.19,2.89,D,0
47.75695,27.95812,342.94,0.64,0.54,2022-07-21,1142,N20,VIIRS,n,2,301.05,9.79,D,0
47.76199,27.95782,340.06,0.64,0.54,2022-07-21,1142,N20,VIIRS,n,2,300.57,9.79,D,0
47.7579,29.21469,335.97,0.36,0.58,2022-07-21,1142,N20,VIIRS,n,2,299.76,2.79,D,0
47.76157,27.94922,349.02,0.63,0.54,2022-07-21,1142,N20,VIIRS,n,2,305.41,13.29,D,0
45.59408,28.44441,340.25,0.32,0.55,2022-07-21,1142,N20,VIIRS,n,2,306.52,5.68,D,0
45.59429,28.44846,367,0.32,0.55,2022-07-21,1142,N20,VIIRS,h,2,307.22,8.92,D,0
47.75652,27.94951,349.1,0.63,0.54,2022-07-21,1142,N20,VIIRS,n,2,302.63,13.29,D,0
47.40008,28.64068,367,0.34,0.56,2022-07-21,1142,N20,VIIRS,h,2,302.92,9.4,D,0
47.95121,28.43383,297.61,0.42,0.38,2022-07-21,2356,N20,VIIRS,n,2,283.8,0.19,N,0
47.12523,28.21834,327.86,0.42,0.38,2022-07-21,2357,N20,VIIRS,n,2,289.12,1.88,N,0
46.08044,28.70581,345.73,0.4,0.44,2022-07-22,1123,N20,VIIRS,n,2,304.62,3.15,D,0
47.50059,29.00323,345.97,0.43,0.46,2022-07-22,1123,N20,VIIRS,n,2,307.72,13.36,D,0
47.38947,29.27464,332.98,0.44,0.46,2022-07-22,1123,N20,VIIRS,l,2,307.82,4.9,D,0
47.63974,29.14621,353.84,0.43,0.46,2022-07-22,1123,N20,VIIRS,n,2,305.64,8.39,D,0
47.62491,27.80533,347.17,0.57,0.43,2022-07-22,1123,N20,VIIRS,n,2,308.44,25.34,D,0
47.39043,29.27241,347.36,0.44,0.46,2022-07-22,1123,N20,VIIRS,n,2,308.5,7.75,D,0
46.90133,28.73443,343.68,0.41,0.45,2022-07-22,1123,N20,VIIRS,n,2,303.75,6.69,D,0
46.07637,28.70655,335.97,0.4,0.44,2022-07-22,1123,N20,VIIRS,n,2,304.04,3.15,D,0
45.53258,28.1991,343.22,0.56,0.43,2022-07-22,1123,N20,VIIRS,l,2,317.06,57.21,D,0
45.52863,28.19983,367,0.56,0.43,2022-07-22,1123,N20,VIIRS,l,2,326.67,57.21,D,0
45.52796,28.19271,347.57,0.56,0.43,2022-07-22,1123,N20,VIIRS,l,2,318.36,92.9,D,0
47.62889,27.80458,342.96,0.57,0.43,2022-07-22,1123,N20,VIIRS,n,2,305.17,25.34,D,0
47.78552,29.01661,300.09,0.39,0.44,2022-07-22,2338,N20,VIIRS,n,2,289.27,1.01,N,2
47.09483,28.09776,302.64,0.42,0.45,2022-07-22,2338,N20,VIIRS,n,2,289.07,0.78,N,0
46.30413,28.69978,300.92,0.39,0.44,2022-07-22,2338,N20,VIIRS,n,2,288.17,0.78,N,0
46.30364,28.70486,313.61,0.39,0.44,2022-07-22,2338,N20,VIIRS,n,2,287.42,1.07,N,0
46.30462,28.70207,305.89,0.39,0.44,2022-07-22,2338,N20,VIIRS,n,2,287.5,0.43,N,0
46.30412,28.70591,296.61,0.58,0.7,2022-07-23,0118,N20,VIIRS,n,2,285.83,0.61,N,0
48.06252,27.59672,340.87,0.4,0.37,2022-07-23,1104,N20,VIIRS,l,2,313.54,6.75,D,0
47.44678,28.27594,335.55,0.41,0.37,2022-07-23,1104,N20,VIIRS,l,2,309.88,2.87,D,0
47.2579,28.88716,354.17,0.42,0.38,2022-07-23,1104,N20,VIIRS,n,2,317.67,34.81,D,0
47.26888,27.8032,346.94,0.4,0.37,2022-07-23,1104,N20,VIIRS,n,2,314.77,30.16,D,0
48.21706,27.07552,347.2,0.4,0.37,2022-07-23,1104,N20,VIIRS,n,2,310.75,5.21,D,0
47.78421,29.01555,298.35,0.34,0.56,2022-07-24,0059,N20,VIIRS,n,2,286.96,0.62,N,2
47.78564,29.01526,299.99,0.42,0.45,2022-07-25,0040,N20,VIIRS,n,2,288.26,0.4,N,2
46.37175,28.77474,367,0.68,0.74,2022-07-25,1207,N20,VIIRS,h,2,297.38,16.69,D,0
46.79428,29.53092,310.69,0.46,0.39,2022-07-26,0022,N20,VIIRS,n,2,285.68,0.76,N,0
47.78493,29.01953,301.39,0.43,0.38,2022-07-26,0022,N20,VIIRS,n,2,288.6,0.93,N,2
46.32807,28.85931,342.49,0.41,0.6,2022-07-26,1148,N20,VIIRS,n,2,304.54,3.35,D,0
47.82404,28.085,332.93,0.38,0.59,2022-07-26,1148,N20,VIIRS,l,2,305.99,2.82,D,0
47.81875,28.09085,332.62,0.38,0.59,2022-07-26,1148,N20,VIIRS,l,2,306.44,2.82,D,0
47.82347,28.08832,342.51,0.38,0.59,2022-07-26,1148,N20,VIIRS,n,2,307.67,3.51,D,0
47.48111,28.07556,367,0.38,0.59,2022-07-26,1148,N20,VIIRS,h,2,303.96,7.71,D,0
47.26844,29.02971,349,0.42,0.61,2022-07-26,1148,N20,VIIRS,n,2,307.37,19.39,D,0
47.26859,29.03531,367,0.42,0.61,2022-07-26,1148,N20,VIIRS,h,2,300.84,20.61,D,0
46.38123,28.61729,331.6,0.4,0.6,2022-07-26,1148,N20,VIIRS,l,2,306.03,3.53,D,0
46.17905,28.88069,346.85,0.41,0.6,2022-07-26,1148,N20,VIIRS,n,2,304.64,4.04,D,0
46.18132,28.88338,343.77,0.41,0.6,2022-07-26,1148,N20,VIIRS,n,2,304.28,2.49,D,0
45.56398,28.16406,367,0.37,0.58,2022-07-26,1148,N20,VIIRS,h,2,305.77,8.68,D,0
45.55859,28.16437,349.47,0.37,0.58,2022-07-26,1148,N20,VIIRS,n,2,306.56,8.68,D,0
46.06027,28.41113,305.28,0.39,0.36,2022-07-27,0003,N20,VIIRS,n,2,287.98,0.38,N,0
47.4254,28.70925,343.92,0.49,0.48,2022-07-27,1129,N20,VIIRS,n,2,306.2,12.1,D,0
47.78521,29.01357,299.42,0.54,0.51,2022-07-28,2325,N20,VIIRS,n,2,288.28,1.48,N,2
45.85461,28.56047,339.66,0.39,0.36,2022-07-29,1051,N20,VIIRS,n,2,304.3,2.03,D,0
45.85787,28.5594,335.72,0.39,0.36,2022-07-29,1051,N20,VIIRS,n,2,302.19,2.03,D,0
46.507,29.92981,333.58,0.36,0.57,2022-08-01,0955,N20,VIIRS,n,2,293.85,4.26,D,0
47.78444,29.01913,298.76,0.45,0.39,2022-08-01,2350,N20,VIIRS,n,2,287.23,1.26,N,2
47.78938,29.01468,297.11,0.38,0.59,2022-08-03,2312,N20,VIIRS,n,2,284.75,0.64,N,2
47.10369,29.44929,330.88,0.41,0.37,2022-08-04,1039,N20,VIIRS,n,2,297.55,1.11,D,0
47.71177,28.62321,336.13,0.57,0.69,2022-08-05,1201,N20,VIIRS,n,2,291.78,6.21,D,0
47.71819,28.62291,333.81,0.57,0.69,2022-08-05,1201,N20,VIIRS,n,2,292.56,6.21,D,0
47.71904,28.61627,337.26,0.57,0.69,2022-08-05,1201,N20,VIIRS,n,2,293.86,8.61,D,0
47.71261,28.61637,338.57,0.57,0.69,2022-08-05,1201,N20,VIIRS,n,2,294.75,8.61,D,0
47.71815,28.61505,330.27,0.57,0.69,2022-08-05,1201,N20,VIIRS,n,2,293.77,9.48,D,0
47.78507,29.01764,299.99,0.4,0.37,2022-08-06,0015,N20,VIIRS,n,2,289.37,0.7,N,2
45.62753,28.50524,338.68,0.32,0.55,2022-08-06,1141,N20,VIIRS,n,2,299.9,3.71,D,0
45.62773,28.50944,354.77,0.32,0.55,2022-08-06,1141,N20,VIIRS,n,2,299.6,3.63,D,0
45.62905,28.50595,345.63,0.32,0.55,2022-08-06,1141,N20,VIIRS,n,2,299.6,5.09,D,0
45.62927,28.51015,347.53,0.32,0.55,2022-08-06,1141,N20,VIIRS,n,2,298.53,3.65,D,0
46.36646,28.55,336.81,0.33,0.55,2022-08-06,1142,N20,VIIRS,n,2,288.49,6.65,D,0
46.36665,28.55425,367,0.33,0.55,2022-08-06,1142,N20,VIIRS,h,2,293.02,8.6,D,0
46.36929,28.5536,348.8,0.33,0.55,2022-08-06,1142,N20,VIIRS,n,2,293.26,6.39,D,0
47.78562,29.01955,301.14,0.41,0.37,2022-08-06,2356,N20,VIIRS,n,2,290.94,0.82,N,2
47.78974,29.01507,301.32,0.41,0.37,2022-08-06,2356,N20,VIIRS,n,2,289.77,0.53,N,2
46.0363,28.81927,338.57,0.41,0.37,2022-08-08,1104,N20,VIIRS,n,2,308.4,2.31,D,0
47.06916,27.9632,330.86,0.4,0.37,2022-08-08,1104,N20,VIIRS,l,2,304.02,2.5,D,0
47.09962,29.33733,346.56,0.43,0.38,2022-08-08,1104,N20,VIIRS,n,2,301.3,5.3,D,0
47.09615,29.33822,341.72,0.43,0.38,2022-08-08,1104,N20,VIIRS,n,2,301.48,5.3,D,0
46.03634,28.82215,334.44,0.41,0.37,2022-08-08,1104,N20,VIIRS,l,2,308.42,2.06,D,0
47.78891,29.01564,298.86,0.33,0.56,2022-08-09,0059,N20,VIIRS,n,2,286.42,0.5,N,2
47.78676,29.01795,307.68,0.33,0.56,2022-08-09,0059,N20,VIIRS,n,2,287.95,1.3,N,2
47.7878,29.01963,301.24,0.33,0.56,2022-08-09,0059,N20,VIIRS,n,2,287.04,0.5,N,2
47.64577,28.75475,331.87,0.39,0.36,2022-08-09,1045,N20,VIIRS,n,2,295,2.65,D,0
46.81416,29.43264,337.94,0.54,0.51,2022-08-11,1007,N20,VIIRS,n,2,295.95,8.54,D,0
45.61948,28.51194,367,0.39,0.59,2022-08-11,1148,N20,VIIRS,h,2,297.74,10.16,D,0
45.61929,28.50691,330.35,0.38,0.59,2022-08-11,1148,N20,VIIRS,n,2,297.09,6.51,D,0
48.23978,27.59972,331,0.44,0.38,2022-08-13,1110,N20,VIIRS,n,2,296.74,1.11,D,0
47.78756,29.01648,298.65,0.55,0.51,2022-08-13,2325,N20,VIIRS,n,2,279.97,0.69,N,2
47.78794,29.01792,308.39,0.39,0.59,2022-08-14,0105,N20,VIIRS,n,2,289.23,0.89,N,2
46.6134,29.76908,331.8,0.57,0.43,2022-08-18,1116,N20,VIIRS,l,2,302,4.72,D,0
47.78815,29.01408,301.53,0.46,0.47,2022-08-18,2331,N20,VIIRS,n,2,288.48,1.01,N,0
47.78721,29.01951,302.33,0.46,0.47,2022-08-18,2331,N20,VIIRS,n,2,289.16,0.82,N,2
47.78521,29.01554,303.01,0.46,0.63,2022-08-19,0111,N20,VIIRS,n,2,287.6,0.98,N,2
48.32649,26.93053,303.17,0.36,0.57,2022-08-19,0111,N20,VIIRS,n,2,287.48,0.76,N,0
47.04711,27.98063,345.12,0.39,0.36,2022-08-19,1057,N20,VIIRS,n,2,306.23,8.3,D,0
47.78415,29.01456,311.49,0.38,0.59,2022-08-19,2312,N20,VIIRS,n,2,288.88,1.36,N,0
47.78912,29.01301,302.2,0.38,0.59,2022-08-19,2312,N20,VIIRS,n,2,288.03,1.58,N,0
47.78384,29.01575,299.77,0.57,0.52,2022-08-20,0052,N20,VIIRS,n,2,288.98,1.22,N,0
45.87971,28.2719,320.03,0.6,0.53,2022-08-20,0053,N20,VIIRS,n,2,289.11,2.39,N,0
45.87769,28.27954,300.07,0.6,0.53,2022-08-20,0053,N20,VIIRS,n,2,288.47,2.39,N,0
47.67564,28.35773,343.09,0.43,0.38,2022-08-20,1039,N20,VIIRS,n,2,303.11,5.28,D,0
47.43073,27.81933,316.73,0.73,0.76,2022-08-20,2253,N20,VIIRS,n,2,286.06,2.39,N,0
47.78667,29.02038,302.57,0.54,0.42,2022-08-21,0034,N20,VIIRS,n,2,289.81,1.15,N,2
47.78582,29.01761,310.13,0.4,0.37,2022-08-22,0015,N20,VIIRS,n,2,291.73,1.24,N,2
46.90617,28.71341,314.65,0.4,0.37,2022-08-22,0015,N20,VIIRS,n,2,288.64,1.2,N,0
47.74166,28.55609,337.19,0.32,0.55,2022-08-22,1001,N20,VIIRS,n,2,297.01,6.31,D,0
47.74271,28.55987,348.68,0.32,0.55,2022-08-22,1001,N20,VIIRS,n,2,295.6,7.59,D,0
47.37055,28.30278,333.32,0.32,0.55,2022-08-22,1142,N20,VIIRS,n,2,294.29,4.98,D,0
47.37033,28.29845,347.63,0.32,0.55,2022-08-22,1142,N20,VIIRS,n,2,294.22,5.27,D,0
47.78468,29.01917,307.83,0.41,0.37,2022-08-22,2356,N20,VIIRS,n,2,290.66,1.07,N,2
47.38796,28.75808,303.51,0.41,0.37,2022-08-22,2356,N20,VIIRS,n,2,289.79,0.57,N,0
47.78526,29.01479,316.68,0.39,0.44,2022-08-23,2337,N20,VIIRS,n,2,290.52,2.26,N,2
47.79055,28.95667,316.83,0.4,0.44,2022-08-23,2337,N20,VIIRS,n,2,290.48,2.56,N,2
47.79123,28.95584,304,0.53,0.67,2022-08-24,0117,N20,VIIRS,n,2,284.5,2.68,N,2
48.01998,28.7481,336.51,0.42,0.38,2022-08-24,1104,N20,VIIRS,n,2,307.06,3.54,D,0
48.1306,27.71697,335.38,0.4,0.37,2022-08-24,1104,N20,VIIRS,n,2,305.02,7.63,D,0
47.78962,28.9527,313.29,0.33,0.55,2022-08-24,2318,N20,VIIRS,n,2,291.06,1.09,N,2
47.78679,29.01402,316.45,0.32,0.55,2022-08-24,2318,N20,VIIRS,n,2,290.84,1.53,N,2
47.78849,29.01701,308.5,0.33,0.56,2022-08-25,0059,N20,VIIRS,n,2,288.58,1.3,N,2
47.78951,28.95441,310.34,0.33,0.55,2022-08-25,0059,N20,VIIRS,n,2,290.62,1.21,N,2
46.37122,29.211,330.35,0.39,0.36,2022-08-25,1045,N20,VIIRS,n,2,298.3,0.91,D,0
47.11297,28.95724,334.21,0.39,0.36,2022-08-25,1045,N20,VIIRS,n,2,303.3,1.88,D,0
47.10029,28.21461,334.5,0.4,0.37,2022-08-25,1045,N20,VIIRS,n,2,305.95,2.86,D,0
47.09939,28.20942,334.72,0.4,0.37,2022-08-25,1045,N20,VIIRS,n,2,307.11,2.86,D,0
46.8126,29.42877,339.03,0.39,0.36,2022-08-25,1045,N20,VIIRS,n,2,312.22,4.12,D,0
47.78819,28.95119,302.66,0.55,0.68,2022-08-25,2259,N20,VIIRS,n,2,288.37,0.95,N,2
47.78785,29.00952,300.69,0.54,0.68,2022-08-25,2259,N20,VIIRS,n,2,286.77,1.63,N,0
47.78995,28.95283,307.14,0.42,0.45,2022-08-26,0040,N20,VIIRS,n,2,289.96,1.08,N,2
47.78797,29.01729,306.01,0.42,0.45,2022-08-26,0040,N20,VIIRS,n,2,289.33,0.93,N,2
47.39074,29.28799,334.51,0.5,0.41,2022-08-26,1026,N20,VIIRS,n,2,298.15,3.07,D,0
47.39006,29.2894,333.46,0.5,0.41,2022-08-26,1026,N20,VIIRS,n,2,298.66,3.61,D,0
47.78547,29.01982,306.57,0.43,0.38,2022-08-27,0021,N20,VIIRS,n,2,288.55,1.46,N,2
47.78651,29.01432,297.37,0.43,0.38,2022-08-27,0021,N20,VIIRS,n,2,285.94,0.76,N,2
47.7903,28.95592,305.46,0.43,0.38,2022-08-27,0021,N20,VIIRS,n,2,287.83,1.46,N,2
48.19638,27.39547,334.21,0.36,0.57,2022-08-27,1148,N20,VIIRS,n,2,301.18,3.86,D,0
48.29001,27.92125,349.68,0.38,0.59,2022-08-27,1148,N20,VIIRS,n,2,295.58,3.78,D,0
48.15531,27.55057,309.23,0.41,0.37,2022-08-28,0002,N20,VIIRS,n,2,283.26,1.37,N,0
47.79002,28.95456,299.38,0.39,0.36,2022-08-28,0003,N20,VIIRS,n,2,275.91,0.78,N,2
47.78426,29.01713,299.78,0.39,0.36,2022-08-28,0003,N20,VIIRS,n,2,280.63,1.08,N,2
48.32773,27.82482,356.45,0.45,0.63,2022-08-28,0949,N20,VIIRS,n,2,302.45,8.67,D,0
46.87313,28.41755,332.3,0.46,0.47,2022-08-28,1129,N20,VIIRS,n,2,305.64,2.11,D,0
47.78857,28.9537,306.59,0.51,0.41,2022-08-28,2344,N20,VIIRS,n,2,290.01,1.49,N,2
47.78588,29.0159,310.53,0.51,0.41,2022-08-28,2344,N20,VIIRS,n,2,290.32,1.73,N,2
48.31089,27.89535,304.15,0.57,0.43,2022-08-28,2344,N20,VIIRS,n,2,286.54,0.58,N,0
47.79303,28.95405,299.94,0.62,0.71,2022-08-29,0124,N20,VIIRS,n,2,285.5,1.14,N,2
47.78624,29.01434,302.27,0.62,0.71,2022-08-29,0124,N20,VIIRS,n,2,285.3,1.93,N,2
47.79281,28.95338,299.53,0.62,0.71,2022-08-29,0124,N20,VIIRS,n,2,285.1,0.92,N,2
48.30775,27.88745,295.47,0.53,0.67,2022-08-29,0124,N20,VIIRS,n,2,284.99,0.47,N,0
47.78625,29.01472,304.34,0.62,0.71,2022-08-29,0124,N20,VIIRS,n,2,286.08,1.55,N,2
47.7882,28.95332,304.79,0.55,0.51,2022-08-29,2325,N20,VIIRS,n,2,289.73,1.29,N,2
47.78453,29.01197,303.48,0.54,0.51,2022-08-29,2325,N20,VIIRS,n,2,289.29,2.08,N,2
47.78724,29.01658,306.19,0.39,0.59,2022-08-30,0105,N20,VIIRS,n,2,287.5,1.41,N,2
47.15269,29.04459,297.63,0.41,0.61,2022-08-30,0105,N20,VIIRS,n,2,285.67,0.3,N,0
46.84819,29.79267,337.52,0.39,0.36,2022-08-30,1051,N20,VIIRS,l,2,307.63,2.64,D,0
46.84892,29.79769,341.18,0.39,0.36,2022-08-30,1051,N20,VIIRS,n,2,310.83,2.64,D,0
47.89423,27.47152,333.98,0.39,0.36,2022-08-30,1052,N20,VIIRS,n,2,298.03,1.57,D,0
47.78683,29.01339,307.59,0.46,0.63,2022-08-30,2306,N20,VIIRS,n,2,285.42,1.57,N,2
47.78801,28.95165,306.56,0.46,0.63,2022-08-30,2306,N20,VIIRS,n,2,284.69,1.65,N,2
47.78894,28.95351,313.44,0.48,0.4,2022-09-01,0028,N20,VIIRS,n,2,288.25,1.85,N,2
47.78685,29.01964,308.99,0.48,0.4,2022-09-01,0028,N20,VIIRS,n,2,286.97,2.1,N,2
47.79037,28.95422,299.29,0.46,0.47,2022-09-03,2331,N20,VIIRS,n,2,282.77,0.94,N,2
47.78917,29.01608,296.47,0.46,0.63,2022-09-04,0111,N20,VIIRS,n,2,280.21,1.17,N,2
47.78928,28.95497,296.53,0.46,0.63,2022-09-04,0111,N20,VIIRS,n,2,281.23,1.46,N,2
47.78902,28.95244,306.97,0.46,0.63,2022-09-04,0111,N20,VIIRS,n,2,281.19,1.4,N,2
47.78768,28.95456,297.29,0.64,0.72,2022-09-05,2253,N20,VIIRS,n,2,281.24,1.94,N,0
47.78962,28.95107,307.32,0.64,0.72,2022-09-05,2253,N20,VIIRS,n,2,282.1,1.29,N,2
47.78338,29.01182,299.13,0.64,0.72,2022-09-05,2253,N20,VIIRS,n,2,280.8,1.47,N,0
47.78785,28.95453,307.5,0.54,0.42,2022-09-06,0034,N20,VIIRS,n,2,282.74,1.91,N,2
47.79041,28.95613,308.24,0.54,0.42,2022-09-06,0034,N20,VIIRS,n,2,282.79,2.11,N,2
47.78662,29.01552,301.38,0.55,0.42,2022-09-06,0034,N20,VIIRS,n,2,282.16,1.96,N,2
47.78571,29.01551,301.58,0.55,0.42,2022-09-06,0034,N20,VIIRS,n,2,282.53,1.16,N,2
47.66593,28.63039,328.03,0.32,0.55,2022-09-07,1001,N20,VIIRS,n,2,296.77,1.27,D,0
47.78526,29.01567,296.19,0.41,0.37,2022-09-07,2356,N20,VIIRS,n,2,284.38,0.63,N,2
47.78986,28.95497,312.15,0.41,0.37,2022-09-07,2356,N20,VIIRS,n,2,286.19,1.74,N,2
46.67813,29.38789,339.14,0.41,0.37,2022-09-21,1039,N20,VIIRS,n,2,293.95,4.3,D,0
47.78928,29.01033,297.05,0.64,0.72,2022-09-21,2253,N20,VIIRS,n,2,278.16,1.39,N,0
47.78671,29.015,298.35,0.55,0.42,2022-09-22,0034,N20,VIIRS,n,2,279.9,1.26,N,2
47.7859,29.01513,298.06,0.55,0.42,2022-09-22,0034,N20,VIIRS,n,2,279.57,1.48,N,2
47.78586,29.01832,304.04,0.4,0.37,2022-09-23,0015,N20,VIIRS,n,2,279.99,0.85,N,2
47.78607,29.01367,300.92,0.39,0.44,2022-09-24,2338,N20,VIIRS,n,2,278.65,0.74,N,2
47.78739,29.03362,328.36,0.43,0.38,2022-09-25,1104,N20,VIIRS,n,2,293.34,2.51,D,0
46.88472,28.20098,338.04,0.41,0.37,2022-09-25,1104,N20,VIIRS,n,2,302.58,9.3,D,0
47.78852,29.01278,295.23,0.32,0.55,2022-09-25,2319,N20,VIIRS,n,2,270.82,0.67,N,0
47.78483,29.01491,306.63,0.39,0.36,2022-09-29,0003,N20,VIIRS,n,2,283.39,1.54,N,2
47.78811,29.01598,297.32,0.39,0.36,2022-09-29,0003,N20,VIIRS,n,2,282.36,0.73,N,2
46.93638,28.71392,295.54,0.41,0.6,2022-10-01,0106,N20,VIIRS,n,2,283.7,0.51,N,0
47.72045,27.69769,325.07,0.39,0.36,2022-10-01,1052,N20,VIIRS,n,2,285.96,1.25,D,0
47.78589,29.01596,298.32,0.48,0.4,2022-10-03,0028,N20,VIIRS,n,2,281.4,1.3,N,2
46.0785,28.43168,329.24,0.43,0.62,2022-10-04,0955,N20,VIIRS,n,2,291.82,1.6,D,0
46.67033,29.87645,335.15,0.41,0.37,2022-10-06,1058,N20,VIIRS,n,2,305.44,4.36,D,0
46.99116,28.77198,337.48,0.39,0.36,2022-10-06,1058,N20,VIIRS,n,2,290.82,4.24,D,0
47.627,28.81918,330.52,0.4,0.37,2022-10-06,1058,N20,VIIRS,n,2,295.84,10.35,D,0
47.78801,29.01501,299.11,0.38,0.59,2022-10-06,2312,N20,VIIRS,n,2,279.27,1.19,N,2
47.7893,29.0119,298.37,0.38,0.59,2022-10-06,2312,N20,VIIRS,n,2,278.05,0.4,N,0
47.78387,29.01156,298.32,0.64,0.72,2022-10-07,2253,N20,VIIRS,n,2,280.03,1.34,N,0
47.78349,29.01831,298.77,0.55,0.43,2022-10-08,0034,N20,VIIRS,n,2,279.96,1.36,N,0
46.05654,28.3735,337.74,0.55,0.68,2022-10-08,1201,N20,VIIRS,n,2,295.22,3.92,D,0
47.78656,29.01717,299.45,0.4,0.37,2022-10-09,0015,N20,VIIRS,n,2,279.51,0.88,N,2
46.53966,29.58601,297.41,0.42,0.38,2022-10-09,0016,N20,VIIRS,n,2,278.5,0.87,N,0
47.00861,28.9222,367,0.32,0.55,2022-10-09,1001,N20,VIIRS,h,2,290.49,7.74,D,0
47.01026,28.92179,353.87,0.35,0.57,2022-10-09,1142,N20,VIIRS,n,2,290.4,4.58,D,0
47.60402,28.42999,339.7,0.34,0.56,2022-10-09,1142,N20,VIIRS,n,2,289.6,4.17,D,0
47.78611,29.01729,303.19,0.41,0.37,2022-10-09,2356,N20,VIIRS,n,2,281.33,1.02,N,2
47.72672,28.37977,317.66,0.8,0.78,2022-10-10,0136,N20,VIIRS,n,2,277.2,3.28,N,0
47.78564,29.01261,297.04,0.54,0.68,2022-10-11,0118,N20,VIIRS,n,2,275.2,1.21,N,2
46.65408,29.63896,339.54,0.45,0.63,2022-10-14,1148,N20,VIIRS,n,2,290.81,4.03,D,0
46.65325,29.64118,338.63,0.45,0.63,2022-10-14,1148,N20,VIIRS,n,2,290.44,3.39,D,0
46.39804,29.99992,341.98,0.55,0.51,2022-10-15,1129,N20,VIIRS,n,2,286.74,6.89,D,0
47.80148,28.56734,333.63,0.47,0.4,2022-10-16,1110,N20,VIIRS,n,2,293.57,4.05,D,0
46.50323,28.97536,329.96,0.38,0.36,2022-10-17,1051,N20,VIIRS,n,2,297.76,1.39,D,0
45.61644,28.47869,334.47,0.39,0.36,2022-10-17,1051,N20,VIIRS,n,2,299.23,1.79,D,0
45.6576,28.39318,329.47,0.39,0.36,2022-10-17,1051,N20,VIIRS,n,2,299.21,2.31,D,0
45.65108,28.39533,337.66,0.39,0.36,2022-10-17,1051,N20,VIIRS,n,2,300.53,2.83,D,0
47.76415,29.19838,331.6,0.39,0.36,2022-10-17,1052,N20,VIIRS,n,2,298.12,4.07,D,0
47.76014,29.14225,344.1,0.44,0.39,2022-10-18,1033,N20,VIIRS,n,2,297.89,5.06,D,0
47.76324,29.19672,325.56,0.44,0.38,2022-10-18,1033,N20,VIIRS,n,2,295.69,2.21,D,0
47.7567,29.14364,331.72,0.44,0.39,2022-10-18,1033,N20,VIIRS,n,2,298.95,5.06,D,0
48.06209,28.68847,328.38,0.45,0.39,2022-10-18,1033,N20,VIIRS,n,2,291.92,2.67,D,0
45.61142,28.13621,338.1,0.55,0.51,2022-10-19,1014,N20,VIIRS,n,2,292.49,66.46,D,0
46.62514,29.69437,327.4,0.44,0.46,2022-10-19,1014,N20,VIIRS,n,2,293.23,2.47,D,0
45.61481,28.13661,367,0.45,0.63,2022-10-19,1154,N20,VIIRS,h,2,296.88,73.34,D,3
45.60927,28.14857,351.26,0.45,0.63,2022-10-19,1154,N20,VIIRS,n,2,295.86,27.8,D,0
45.62095,28.1481,334.91,0.45,0.63,2022-10-19,1154,N20,VIIRS,n,2,288.69,67.44,D,0
45.61526,28.15418,330.45,0.45,0.63,2022-10-19,1154,N20,VIIRS,n,2,289.01,67.44,D,0
45.62987,28.51047,331.8,0.47,0.64,2022-10-19,1154,N20,VIIRS,n,2,291.78,3.07,D,0
45.62167,28.15071,299.2,0.39,0.36,2022-10-20,0010,N20,VIIRS,n,2,280.62,0.53,N,0
46.94207,28.59567,328.91,0.39,0.6,2022-10-20,0955,N20,VIIRS,n,2,283.74,3.05,D,0
46.94253,28.59393,326.23,0.57,0.52,2022-10-20,1136,N20,VIIRS,n,2,285.84,4.57,D,0
46.94276,28.59343,337.88,0.57,0.52,2022-10-20,1136,N20,VIIRS,n,2,286.55,9.8,D,0
47.75683,27.7599,326.31,0.5,0.41,2022-10-21,1117,N20,VIIRS,n,2,291.89,2.66,D,0
47.75622,27.76132,330.88,0.5,0.41,2022-10-21,1117,N20,VIIRS,n,2,292.41,3.9,D,0
47.01968,29.51313,332.96,0.4,0.37,2022-10-22,1058,N20,VIIRS,n,2,286.99,4.14,D,0
47.50434,29.09864,331.93,0.4,0.37,2022-10-22,1058,N20,VIIRS,n,2,284.45,4.68,D,0
47.02547,29.48213,339.1,0.75,0.77,2022-10-29,1207,N20,VIIRS,n,2,279.42,6.81,D,0
47.03259,29.48244,328.67,0.75,0.77,2022-10-29,1207,N20,VIIRS,n,2,277.22,6.81,D,0
47.79105,28.95449,316.55,0.39,0.36,2022-10-31,0003,N20,VIIRS,n,2,281.29,1.35,N,2
47.85653,28.85078,334.51,0.42,0.61,2022-10-31,0949,N20,VIIRS,n,2,284.01,3.5,D,0
47.85844,28.85152,346.83,0.42,0.61,2022-10-31,0949,N20,VIIRS,n,2,284.39,4.87,D,0
47.85655,28.85019,328.08,0.5,0.49,2022-10-31,1129,N20,VIIRS,n,2,286.83,3.34,D,0
47.78912,28.95279,307.29,0.51,0.41,2022-10-31,2344,N20,VIIRS,n,2,276.53,2.01,N,2
47.79107,28.95206,300.18,0.62,0.71,2022-11-01,0124,N20,VIIRS,n,2,274.65,1.54,N,2
47.79074,28.95373,297.47,0.62,0.71,2022-11-01,0124,N20,VIIRS,n,2,274.66,1.16,N,2
46.01068,28.58263,334.4,0.45,0.39,2022-11-01,1110,N20,VIIRS,n,2,293.88,1.6,D,0
46.68224,29.49687,331.53,0.49,0.4,2022-11-01,1110,N20,VIIRS,n,2,292.23,2.74,D,0
47.79208,28.95363,307.65,0.39,0.59,2022-11-02,0105,N20,VIIRS,n,2,278.68,1.33,N,2
46.71126,29.54624,334.75,0.45,0.39,2022-11-03,1032,N20,VIIRS,n,2,290.97,4.59,D,0
47.19996,29.52711,331.45,0.44,0.38,2022-11-03,1033,N20,VIIRS,n,2,291.32,4.42,D,0
47.20338,29.5257,351.41,0.44,0.38,2022-11-03,1033,N20,VIIRS,n,2,292.9,4.42,D,0
46.24811,28.44486,367,0.79,0.78,2022-11-03,1213,N20,VIIRS,h,2,290.04,15.26,D,0
46.24708,28.45027,345.01,0.79,0.78,2022-11-03,1213,N20,VIIRS,n,2,287.86,10.83,D,0
47.60938,27.87905,336.92,0.75,0.77,2022-11-03,1214,N20,VIIRS,n,2,285.06,4.79,D,0
47.79297,28.9477,296.06,0.76,0.77,2022-11-03,2247,N20,VIIRS,n,2,275.4,1.54,N,0
47.78845,28.95168,303.27,0.48,0.4,2022-11-04,0028,N20,VIIRS,n,2,275.91,1.19,N,2
46.67311,29.7145,325.48,0.44,0.46,2022-11-04,1014,N20,VIIRS,n,2,288.44,4.41,D,0
46.67847,29.71799,331.2,0.44,0.46,2022-11-04,1014,N20,VIIRS,n,2,287.48,4.47,D,0
47.79313,28.94971,299.92,0.64,0.72,2022-11-08,2253,N20,VIIRS,n,2,274.09,1.63,N,2
47.78855,28.95382,298.24,0.54,0.42,2022-11-09,0034,N20,VIIRS,n,2,274.61,1.29,N,2
46.72074,28.32194,350.96,0.55,0.68,2022-11-09,1201,N20,VIIRS,n,2,289,33.95,D,0
46.72503,28.32348,352.33,0.55,0.68,2022-11-09,1201,N20,VIIRS,n,2,288.81,29.01,D,0
45.58578,28.5268,334.1,0.37,0.58,2022-11-10,1001,N20,VIIRS,n,2,289.89,2.46,D,0
45.58287,28.53354,332.28,0.33,0.55,2022-11-10,1141,N20,VIIRS,n,2,290.02,2.65,D,0
47.79022,28.95505,307.74,0.39,0.44,2022-11-11,2337,N20,VIIRS,n,2,278.36,1.05,N,2
47.78817,28.95107,308.3,0.32,0.55,2022-11-12,2318,N20,VIIRS,n,2,276.21,1.42,N,2
47.79094,28.95495,306.7,0.33,0.56,2022-11-13,0059,N20,VIIRS,n,2,277.81,1.07,N,2
46.62429,29.86825,303.25,0.46,0.39,2022-12-18,2344,N20,VIIRS,n,2,268.57,1.07,N,0
46.55541,29.84686,331.79,0.61,0.53,2022-12-28,1001,N20,VIIRS,n,2,279.58,5.48,D,0
46.02856,28.42699,335.47,0.39,0.44,2022-12-29,1122,N20,VIIRS,n,2,280.62,3.28,D,0
46.0292,28.42478,337.09,0.39,0.44,2022-12-29,1122,N20,VIIRS,n,2,280.82,3.18,D,0
47.37404,28.84519,327.79,0.39,0.36,2022-12-31,1045,N20,VIIRS,n,2,281.9,1.24,D,0
47.78709,29.03279,327.32,0.39,0.36,2022-12-31,1045,N20,VIIRS,n,2,277.95,3.23,D,0
