latitude,longitude,bright_ti4,scan,track,acq_date,acq_time,satellite,instrument,confidence,version,bright_ti5,frp,daynight,type
46.76212,29.46609,344.85,0.39,0.36,2019-01-05,1045,N20,VIIRS,n,2,279.29,12.16,D,0
46.66642,29.64388,328.16,0.41,0.37,2019-02-17,1039,N20,VIIRS,n,2,289.11,2.22,D,0
47.58909,29.01552,338.14,0.41,0.37,2019-02-17,1039,N20,VIIRS,n,2,284.38,5.03,D,0
45.59961,28.24299,342.25,0.45,0.39,2019-02-17,1039,N20,VIIRS,n,2,290.01,8.16,D,0
47.24699,28.24381,325.36,0.34,0.56,2019-02-19,1002,N20,VIIRS,n,2,283.08,2.02,D,0
46.70317,29.02001,329.91,0.33,0.55,2019-02-19,1002,N20,VIIRS,n,2,283.41,2.35,D,0
47.07067,28.1777,340.25,0.35,0.56,2019-02-19,1002,N20,VIIRS,n,2,282.51,2.64,D,0
47.24486,28.24755,335.66,0.34,0.56,2019-02-19,1002,N20,VIIRS,n,2,283.47,2.22,D,0
46.5397,29.41494,343.35,0.37,0.58,2019-02-19,1142,N20,VIIRS,n,2,285.02,3.58,D,0
47.59207,29.15902,327.55,0.49,0.65,2019-02-20,0943,N20,VIIRS,n,2,283.98,4.55,D,0
47.67248,28.39462,327.23,0.4,0.45,2019-02-20,1123,N20,VIIRS,n,2,283.22,2.32,D,0
47.49379,28.46251,300.33,0.41,0.45,2019-02-20,2338,N20,VIIRS,n,2,271.36,0.73,N,0
46.5791,29.94197,352.07,0.77,0.77,2019-02-21,0924,N20,VIIRS,n,2,288.41,51.16,D,0
46.58061,29.93837,352.76,0.77,0.77,2019-02-21,0924,N20,VIIRS,n,2,283.56,34.5,D,0
46.58394,29.94735,333.03,0.77,0.77,2019-02-21,0924,N20,VIIRS,n,2,278.04,37.89,D,0
46.5743,29.94332,341.48,0.77,0.77,2019-02-21,0924,N20,VIIRS,n,2,286.23,34.5,D,0
48.27859,27.26085,328.09,0.43,0.38,2019-02-26,1111,N20,VIIRS,n,2,277.26,11.36,D,0
47.27299,28.45082,331.17,0.47,0.4,2019-02-28,1033,N20,VIIRS,n,2,290.45,13.06,D,0
47.27428,28.45483,328.9,0.47,0.4,2019-02-28,1033,N20,VIIRS,n,2,288.34,7.23,D,0
45.96498,28.65292,330.39,0.49,0.4,2019-02-28,1033,N20,VIIRS,n,2,290.02,4.11,D,0
46.5051,29.92233,328.5,0.44,0.38,2019-02-28,1033,N20,VIIRS,n,2,285.16,2.57,D,0
46.70301,29.56199,333.37,0.45,0.39,2019-02-28,1033,N20,VIIRS,n,2,286.69,3.77,D,0
47.19872,29.08068,344.39,0.45,0.39,2019-02-28,1033,N20,VIIRS,n,2,298.79,23.19,D,0
47.3808,29.1958,331.4,0.45,0.39,2019-02-28,1033,N20,VIIRS,n,2,286.6,8.48,D,0
45.52458,28.42588,337.97,0.78,0.78,2019-02-28,1213,N20,VIIRS,n,2,284.51,5.35,D,0
47.8528,28.59424,341.1,0.79,0.78,2019-02-28,2247,N20,VIIRS,n,2,275.98,6.9,N,0
47.85314,28.59361,342.11,0.79,0.78,2019-02-28,2247,N20,VIIRS,n,2,275.81,7.77,N,0
46.7114,29.19009,307.64,0.74,0.76,2019-02-28,2248,N20,VIIRS,n,2,272.92,2.26,N,0
46.71472,29.18797,298.36,0.74,0.76,2019-02-28,2248,N20,VIIRS,n,2,273.6,0.96,N,0
47.8482,28.59657,308.67,0.46,0.39,2019-03-01,0028,N20,VIIRS,n,2,273.65,1.64,N,0
47.18127,28.48732,303.34,0.47,0.4,2019-03-01,0028,N20,VIIRS,n,2,275.9,1.26,N,0
46.68272,29.36885,297.22,0.52,0.41,2019-03-01,0028,N20,VIIRS,n,2,275.94,0.58,N,0
46.68288,29.36823,298.67,0.52,0.41,2019-03-01,0028,N20,VIIRS,n,2,275.62,0.78,N,0
46.41415,29.23964,302.5,0.52,0.41,2019-03-01,0028,N20,VIIRS,n,2,275.55,1.04,N,0
46.70879,29.18875,300.52,0.51,0.41,2019-03-01,0028,N20,VIIRS,n,2,274.9,1.08,N,0
46.41052,29.23786,311.46,0.52,0.41,2019-03-01,0028,N20,VIIRS,n,2,276.14,2.16,N,0
47.85169,28.59813,315.46,0.46,0.39,2019-03-01,0028,N20,VIIRS,n,2,274.03,1.64,N,0
47.85408,28.59332,302.57,0.46,0.39,2019-03-01,0028,N20,VIIRS,n,2,273.96,0.77,N,0
48.29158,28.02496,311.28,0.44,0.38,2019-03-01,0028,N20,VIIRS,n,2,273.81,1.45,N,0
47.16133,28.04758,328.92,0.51,0.49,2019-03-01,1014,N20,VIIRS,n,2,283.32,4.35,D,0
45.50409,28.45084,338.19,0.54,0.51,2019-03-01,1014,N20,VIIRS,n,2,281.95,9.23,D,0
45.59475,28.26221,339.02,0.55,0.51,2019-03-01,1014,N20,VIIRS,n,2,288.06,56.96,D,0
46.70531,28.75062,326,0.49,0.48,2019-03-01,1014,N20,VIIRS,n,2,286.36,2.47,D,0
46.70952,28.7484,333.79,0.49,0.48,2019-03-01,1014,N20,VIIRS,n,2,286.14,2.47,D,0
47.16265,28.04586,334.76,0.51,0.49,2019-03-01,1014,N20,VIIRS,n,2,286.06,4.37,D,0
47.41296,27.59061,327.57,0.52,0.5,2019-03-01,1014,N20,VIIRS,n,2,285.42,4.6,D,0
47.58131,27.7257,336.91,0.51,0.49,2019-03-01,1014,N20,VIIRS,n,2,281.77,4.47,D,0
48.0049,28.50908,338.3,0.46,0.47,2019-03-01,1015,N20,VIIRS,n,2,285.53,5.34,D,0
47.73534,29.20502,328.95,0.52,0.67,2019-03-01,1155,N20,VIIRS,n,2,277.99,3.17,D,0
47.39914,28.27515,336.11,0.46,0.64,2019-03-01,1155,N20,VIIRS,n,2,285.01,2.86,D,0
47.40695,28.2398,341.59,0.46,0.64,2019-03-01,1155,N20,VIIRS,n,2,285.69,6.73,D,0
47.39594,28.27766,328.07,0.46,0.64,2019-03-01,1155,N20,VIIRS,n,2,283.2,3.55,D,0
47.33931,28.78988,326.23,0.49,0.65,2019-03-01,1155,N20,VIIRS,n,2,282.9,4.11,D,0
47.18193,28.29466,326.76,0.46,0.64,2019-03-01,1155,N20,VIIRS,n,2,285.02,3.1,D,0
47.14212,28.37928,327.97,0.47,0.64,2019-03-01,1155,N20,VIIRS,n,2,283.79,2.32,D,0
46.91906,29.42713,340.83,0.52,0.67,2019-03-01,1155,N20,VIIRS,n,2,282.35,3.52,D,0
46.83536,28.38032,333.63,0.47,0.64,2019-03-01,1155,N20,VIIRS,n,2,284.1,2.68,D,0
46.55202,28.50821,330.02,0.47,0.64,2019-03-01,1155,N20,VIIRS,n,2,283.86,1.75,D,0
46.19085,28.60026,348.15,0.47,0.64,2019-03-01,1155,N20,VIIRS,n,2,288.14,3.99,D,0
46.11575,28.55792,367,0.47,0.64,2019-03-01,1155,N20,VIIRS,h,2,290.97,8.23,D,0
47.68959,27.71115,325.57,0.44,0.62,2019-03-01,1155,N20,VIIRS,n,2,278.69,2.14,D,0
48.02996,27.38729,303.56,0.39,0.36,2019-03-02,0009,N20,VIIRS,n,2,268.84,0.73,N,0
48.00296,28.37043,342.54,0.37,0.58,2019-03-02,0956,N20,VIIRS,n,2,276.38,8.17,D,0
47.99969,28.37932,331.17,0.37,0.58,2019-03-02,0956,N20,VIIRS,n,2,276.98,9.41,D,0
47.9982,28.3743,353.72,0.37,0.58,2019-03-02,0956,N20,VIIRS,n,2,286.28,8.17,D,0
48.14194,28.59165,341.41,0.58,0.52,2019-03-02,1136,N20,VIIRS,n,2,285.67,12.63,D,0
45.65513,28.26516,331.14,0.53,0.5,2019-03-02,1136,N20,VIIRS,n,2,284.68,2.78,D,0
46.00657,28.16268,338.26,0.53,0.5,2019-03-02,1136,N20,VIIRS,n,2,286.47,4.72,D,0
46.04565,28.3312,332.5,0.54,0.51,2019-03-02,1136,N20,VIIRS,n,2,284.48,6.4,D,0
46.24306,28.63949,338.31,0.56,0.52,2019-03-02,1136,N20,VIIRS,n,2,285.26,3.99,D,0
47.45583,29.11471,349.09,0.61,0.53,2019-03-02,1136,N20,VIIRS,n,2,280.21,12.2,D,0
47.62109,28.29291,339.9,0.56,0.51,2019-03-02,1136,N20,VIIRS,n,2,282.6,9.15,D,0
47.96553,28.60386,333.1,0.58,0.52,2019-03-02,1136,N20,VIIRS,n,2,282.54,4.97,D,0
46.51066,29.92992,304.1,0.41,0.37,2019-03-02,2351,N20,VIIRS,n,2,265.27,1.86,N,0
46.47411,29.91884,309.5,0.41,0.37,2019-03-02,2351,N20,VIIRS,n,2,266.38,0.76,N,0
46.47321,29.91986,304.28,0.41,0.37,2019-03-02,2351,N20,VIIRS,n,2,265.95,1.19,N,0
46.50995,29.93527,325.81,0.41,0.37,2019-03-02,2351,N20,VIIRS,n,2,264.74,1.86,N,0
47.78432,28.31176,346.87,0.6,0.71,2019-03-03,0937,N20,VIIRS,n,2,280.58,5.31,D,0
47.78932,28.30746,338.15,0.6,0.71,2019-03-03,0937,N20,VIIRS,n,2,282.84,5.48,D,0
45.81975,28.34695,325.5,0.71,0.75,2019-03-03,0937,N20,VIIRS,n,2,284.68,3.09,D,0
45.59423,28.34588,332.41,0.49,0.41,2019-03-03,1117,N20,VIIRS,n,2,289.58,10.38,D,0
45.55769,28.43233,328.03,0.5,0.41,2019-03-03,1117,N20,VIIRS,n,2,287.21,5.23,D,0
45.58748,28.35383,335.76,0.49,0.41,2019-03-03,1117,N20,VIIRS,n,2,290.69,3.6,D,0
45.59119,28.35299,338.81,0.49,0.41,2019-03-03,1117,N20,VIIRS,n,2,291.06,3.6,D,0
45.59491,28.35216,341.3,0.49,0.41,2019-03-03,1117,N20,VIIRS,n,2,297.43,18.23,D,0
46.20307,28.43899,325.41,0.51,0.41,2019-03-03,1117,N20,VIIRS,l,2,299.03,32.68,D,0
46.32028,28.78991,332.53,0.52,0.42,2019-03-03,1117,N20,VIIRS,n,2,289.17,2.8,D,0
46.3241,28.78908,330.42,0.52,0.42,2019-03-03,1117,N20,VIIRS,n,2,290.64,3.07,D,0
46.32205,28.78842,330.31,0.52,0.42,2019-03-03,1117,N20,VIIRS,n,2,291.87,7.7,D,0
46.37885,28.54242,333.68,0.51,0.41,2019-03-03,1117,N20,VIIRS,n,2,290.85,4.78,D,0
46.8863,28.79448,325.86,0.53,0.42,2019-03-03,1117,N20,VIIRS,n,2,284.92,4.82,D,0
46.88565,28.78773,332.55,0.53,0.42,2019-03-03,1117,N20,VIIRS,n,2,286.96,4.82,D,0
47.28702,28.67914,337.46,0.53,0.42,2019-03-03,1117,N20,VIIRS,n,2,287.67,4.52,D,0
47.28828,28.67869,334.42,0.53,0.42,2019-03-03,1117,N20,VIIRS,n,2,286.79,4.97,D,0
47.43262,27.81964,329.96,0.5,0.41,2019-03-03,1117,N20,VIIRS,n,2,286.87,3.56,D,0
48.29737,27.46143,325.39,0.49,0.4,2019-03-03,1117,N20,VIIRS,n,2,285.52,2.35,D,0
48.30224,27.22506,329.23,0.48,0.4,2019-03-03,1117,N20,VIIRS,n,2,283.82,5.29,D,0
48.30608,27.06346,328.8,0.48,0.4,2019-03-03,1117,N20,VIIRS,n,2,286.06,2.07,D,0
48.30904,27.05611,330.53,0.48,0.4,2019-03-03,1117,N20,VIIRS,n,2,285.65,2.58,D,0
48.40172,27.80157,339.91,0.51,0.41,2019-03-03,1117,N20,VIIRS,n,2,284.01,7.27,D,0
48.40411,27.3469,335.81,0.49,0.4,2019-03-03,1117,N20,VIIRS,n,2,284.17,4.18,D,0
47.33369,29.25923,325.53,0.4,0.37,2019-03-04,1058,N20,VIIRS,n,2,291.56,2.25,D,0
45.61395,28.4375,332.09,0.39,0.36,2019-03-04,1058,N20,VIIRS,n,2,294.21,3.71,D,0
47.39886,28.45165,332.46,0.39,0.36,2019-03-04,1058,N20,VIIRS,n,2,292.29,3.5,D,0
47.39557,28.45267,328.6,0.39,0.36,2019-03-04,1058,N20,VIIRS,n,2,290.96,1.7,D,0
47.3611,28.88998,325.63,0.4,0.37,2019-03-04,1058,N20,VIIRS,n,2,290.15,1.41,D,0
47.24254,28.45067,337.28,0.39,0.36,2019-03-04,1058,N20,VIIRS,n,2,292.12,4.04,D,0
47.15968,28.04224,334.6,0.39,0.36,2019-03-04,1058,N20,VIIRS,n,2,293.7,3.42,D,0
45.61068,28.43848,329.22,0.39,0.36,2019-03-04,1058,N20,VIIRS,n,2,290.39,3.71,D,0
45.58454,28.35445,330.62,0.39,0.36,2019-03-04,1058,N20,VIIRS,n,2,291.98,2.37,D,0
45.54129,28.22499,327.39,0.38,0.36,2019-03-04,1058,N20,VIIRS,n,2,291.16,1.71,D,0
45.71455,28.19528,342.95,0.38,0.36,2019-03-04,1058,N20,VIIRS,n,2,292.71,7.97,D,0
45.71794,28.19653,348.33,0.38,0.36,2019-03-04,1058,N20,VIIRS,n,2,300.23,11.66,D,0
45.71721,28.19165,344.78,0.38,0.36,2019-03-04,1058,N20,VIIRS,n,2,292.56,11.66,D,0
45.72121,28.19554,325.94,0.38,0.36,2019-03-04,1058,N20,VIIRS,n,2,290.67,11.66,D,0
45.89379,28.39176,330.47,0.39,0.36,2019-03-04,1058,N20,VIIRS,n,2,289.85,0.94,D,0
46.10011,28.37991,329.02,0.39,0.36,2019-03-04,1058,N20,VIIRS,n,2,292.3,1.81,D,0
46.48778,29.99027,328.83,0.41,0.37,2019-03-04,1058,N20,VIIRS,n,2,287.95,6.11,D,0
46.48708,29.98499,327.9,0.41,0.37,2019-03-04,1058,N20,VIIRS,n,2,290.48,6.11,D,0
46.49838,29.93815,335.73,0.41,0.37,2019-03-04,1058,N20,VIIRS,n,2,291.42,14.07,D,0
46.6698,29.64644,326.31,0.4,0.37,2019-03-04,1058,N20,VIIRS,n,2,293.76,1.75,D,0
46.92117,28.99552,340.2,0.39,0.37,2019-03-04,1058,N20,VIIRS,n,2,286.13,5.75,D,0
46.89247,28.62858,332.43,0.39,0.36,2019-03-04,1058,N20,VIIRS,n,2,291.35,3.97,D,0
46.952,28.51542,335.99,0.39,0.36,2019-03-04,1058,N20,VIIRS,n,2,291.3,3.79,D,0
46.95457,28.50939,327.78,0.39,0.36,2019-03-04,1058,N20,VIIRS,n,2,290.26,2.82,D,0
47.00992,28.13682,327.68,0.39,0.36,2019-03-04,1058,N20,VIIRS,n,2,289.97,1.71,D,0
47.18122,28.81449,326.87,0.39,0.36,2019-03-04,1058,N20,VIIRS,n,2,290.9,1.5,D,0
47.1151,28.32297,332.3,0.39,0.36,2019-03-04,1058,N20,VIIRS,n,2,288.8,2.12,D,0
47.14583,28.0413,329.61,0.39,0.36,2019-03-04,1058,N20,VIIRS,n,2,292.36,3.45,D,0
48.17597,27.63788,333.89,0.39,0.36,2019-03-04,1058,N20,VIIRS,n,2,288.79,2.84,D,0
48.08633,27.21693,328.09,0.38,0.36,2019-03-04,1058,N20,VIIRS,n,2,286.1,4.3,D,0
47.6842,27.89478,327.21,0.39,0.36,2019-03-04,1058,N20,VIIRS,n,2,291.8,1.87,D,0
47.66216,28.18864,339.79,0.39,0.36,2019-03-04,1058,N20,VIIRS,n,2,291.3,4.64,D,0
47.38442,27.59913,337.74,0.39,0.36,2019-03-04,1058,N20,VIIRS,n,2,290.47,4.52,D,0
47.38116,27.60019,337.82,0.39,0.36,2019-03-04,1058,N20,VIIRS,n,2,291.83,7.85,D,0
47.41618,27.83725,331.91,0.39,0.36,2019-03-04,1058,N20,VIIRS,n,2,293.34,2.74,D,0
48.39337,27.30281,330.54,0.39,0.36,2019-03-04,1059,N20,VIIRS,n,2,291.51,14.89,D,0
48.39718,27.32851,345.77,0.39,0.36,2019-03-04,1059,N20,VIIRS,n,2,287.02,4.09,D,0
48.40304,27.60206,325.33,0.39,0.36,2019-03-04,1059,N20,VIIRS,n,2,288.34,1.36,D,0
48.39044,27.75241,330.91,0.39,0.36,2019-03-04,1059,N20,VIIRS,n,2,290.76,6.31,D,0
48.28107,27.35318,326.62,0.39,0.36,2019-03-04,1059,N20,VIIRS,n,2,289.91,1.45,D,0
45.59423,28.26266,327.79,0.45,0.39,2019-03-05,1039,N20,VIIRS,n,2,289.45,21.5,D,0
46.96122,28.84305,336.95,0.42,0.38,2019-03-05,1039,N20,VIIRS,n,2,275.17,3.9,D,0
46.55875,29.84083,327.86,0.4,0.37,2019-03-05,1039,N20,VIIRS,n,2,287.67,2.18,D,0
47.09446,28.6322,343.18,0.42,0.38,2019-03-05,1039,N20,VIIRS,n,2,292.29,8.78,D,0
47.15585,28.77042,332.71,0.42,0.38,2019-03-05,1039,N20,VIIRS,n,2,290.79,2.8,D,0
47.42271,28.47108,342.44,0.42,0.38,2019-03-05,1039,N20,VIIRS,n,2,293.01,6.68,D,0
46.32794,28.60308,330.83,0.43,0.38,2019-03-05,1039,N20,VIIRS,n,2,294.5,5.62,D,0
46.27889,28.69229,330.9,0.43,0.38,2019-03-05,1039,N20,VIIRS,n,2,290.09,2.71,D,0
46.27653,28.69911,349.95,0.43,0.38,2019-03-05,1039,N20,VIIRS,n,2,295.68,14.58,D,0
46.15454,28.90128,330.61,0.43,0.38,2019-03-05,1039,N20,VIIRS,n,2,289.45,2.61,D,0
46.00058,28.10602,330.92,0.45,0.39,2019-03-05,1039,N20,VIIRS,n,2,278.84,7.76,D,0
46.0183,28.37224,327.76,0.44,0.39,2019-03-05,1039,N20,VIIRS,n,2,278.84,2.08,D,0
45.88561,28.41422,325.82,0.44,0.39,2019-03-05,1039,N20,VIIRS,n,2,283.1,2,D,0
45.84421,28.21976,326.58,0.45,0.39,2019-03-05,1039,N20,VIIRS,n,2,281.57,1.77,D,0
45.59771,28.26133,329.88,0.45,0.39,2019-03-05,1039,N20,VIIRS,n,2,289.1,4.18,D,0
45.5988,28.26698,336.05,0.45,0.39,2019-03-05,1039,N20,VIIRS,n,2,289.44,4.18,D,0
45.59533,28.26833,345.86,0.45,0.39,2019-03-05,1039,N20,VIIRS,n,2,301.49,21.5,D,0
47.23813,29.50269,296.83,0.61,0.71,2019-03-05,2254,N20,VIIRS,n,2,269.19,0.85,N,0
46.48696,29.9989,329.56,0.43,0.46,2019-03-06,0035,N20,VIIRS,n,2,272.79,4.69,N,0
45.62088,28.20686,300.83,0.56,0.43,2019-03-06,0035,N20,VIIRS,n,2,264.44,1.34,N,0
46.48297,29.99692,305.03,0.43,0.46,2019-03-06,0035,N20,VIIRS,n,2,268.85,1.15,N,0
46.48821,29.99361,335.79,0.43,0.46,2019-03-06,0035,N20,VIIRS,n,2,271.59,4.77,N,0
45.94876,28.70559,344.23,0.36,0.57,2019-03-07,1002,N20,VIIRS,n,2,272.26,2.99,D,0
45.56419,28.26659,341.71,0.63,0.54,2019-03-07,1142,N20,VIIRS,n,2,285.56,5.31,D,0
45.56456,28.26558,342.99,0.63,0.54,2019-03-07,1142,N20,VIIRS,n,2,286.29,7.56,D,0
45.9803,28.63518,347.71,0.33,0.55,2019-03-07,1142,N20,VIIRS,n,2,287.25,14.31,D,0
45.98051,28.63955,352.47,0.33,0.55,2019-03-07,1142,N20,VIIRS,n,2,282.72,11.53,D,0
45.77406,28.56521,350.26,0.33,0.55,2019-03-07,1142,N20,VIIRS,n,2,281.47,3.63,D,0
45.77623,28.56318,337.6,0.33,0.55,2019-03-07,1142,N20,VIIRS,n,2,281.83,3.75,D,0
45.5692,28.26602,331.33,0.63,0.54,2019-03-07,1142,N20,VIIRS,n,2,283.41,5.31,D,0
47.30986,28.47227,355.01,0.33,0.56,2019-03-07,1142,N20,VIIRS,n,2,285.74,5.13,D,0
47.20141,29.42736,339.98,0.37,0.58,2019-03-07,1142,N20,VIIRS,n,2,272.38,4.08,D,0
46.87842,28.3579,330.98,0.33,0.55,2019-03-07,1142,N20,VIIRS,n,2,282.34,1.54,D,0
46.26994,28.41619,325.62,0.32,0.55,2019-03-07,1142,N20,VIIRS,n,2,282.3,1.93,D,0
46.03264,28.39416,325.04,0.32,0.55,2019-03-07,1142,N20,VIIRS,n,2,281.43,1.2,D,0
48.29562,27.49882,315.08,0.45,0.39,2019-03-07,2357,N20,VIIRS,n,2,261.62,1.25,N,0
48.29387,27.49877,310.29,0.45,0.39,2019-03-07,2357,N20,VIIRS,n,2,261.58,1.54,N,0
45.59372,28.24573,328.99,0.56,0.43,2019-03-08,1123,N20,VIIRS,n,2,284.05,3.85,D,0
45.88935,28.53272,298.62,0.39,0.44,2019-03-08,2339,N20,VIIRS,n,2,267.58,1.17,N,0
47.66177,28.77121,326.59,0.79,0.78,2019-03-09,0925,N20,VIIRS,n,2,288,4.19,D,0
46.64106,28.77901,335.37,0.42,0.37,2019-03-09,1104,N20,VIIRS,n,2,297.9,5.06,D,0
46.41613,28.49647,331.4,0.41,0.37,2019-03-09,1104,N20,VIIRS,n,2,289.97,3.98,D,0
46.2754,28.3842,333.23,0.41,0.37,2019-03-09,1104,N20,VIIRS,n,2,286.63,3.83,D,0
47.06672,28.66081,333.3,0.42,0.37,2019-03-09,1104,N20,VIIRS,n,2,295.92,3.03,D,0
47.06331,28.66171,334.89,0.42,0.37,2019-03-09,1104,N20,VIIRS,n,2,299.76,7.91,D,0
46.97789,28.93208,350.32,0.42,0.38,2019-03-09,1104,N20,VIIRS,n,2,309.05,34.93,D,0
46.97379,28.92756,330.7,0.42,0.38,2019-03-09,1104,N20,VIIRS,n,2,298.54,2.72,D,0
46.97446,28.93304,342.23,0.42,0.38,2019-03-09,1104,N20,VIIRS,n,2,301.9,10.64,D,0
46.98983,29.14674,338.13,0.43,0.38,2019-03-09,1104,N20,VIIRS,n,2,296.29,3.95,D,0
46.98906,29.14919,325.25,0.43,0.38,2019-03-09,1104,N20,VIIRS,l,2,295.8,3.41,D,0
46.80842,28.79945,349.75,0.42,0.38,2019-03-09,1104,N20,VIIRS,n,2,298.83,5.49,D,0
46.8091,28.80482,326.45,0.42,0.38,2019-03-09,1104,N20,VIIRS,l,2,298.95,5.49,D,0
47.32888,28.30199,328.09,0.41,0.37,2019-03-09,1105,N20,VIIRS,n,2,292.52,10.77,D,0
47.32957,28.30739,330.99,0.41,0.37,2019-03-09,1105,N20,VIIRS,n,2,296.72,21.39,D,0
48.4006,27.49413,334.42,0.4,0.37,2019-03-09,1105,N20,VIIRS,n,2,291.46,2.52,D,0
47.37329,28.21094,342.75,0.41,0.37,2019-03-09,1105,N20,VIIRS,n,2,293.06,7.87,D,0
47.74668,27.63975,331.18,0.4,0.37,2019-03-09,1105,N20,VIIRS,n,2,296.74,2.98,D,0
47.78584,27.85598,332.09,0.41,0.37,2019-03-09,1105,N20,VIIRS,n,2,298.95,2.25,D,0
48.34298,27.14331,330.9,0.4,0.37,2019-03-09,1105,N20,VIIRS,n,2,293.75,3.29,D,0
48.42793,27.70091,330.35,0.41,0.37,2019-03-09,1105,N20,VIIRS,n,2,294.13,1.88,D,0
48.34371,27.14866,331.46,0.4,0.37,2019-03-09,1105,N20,VIIRS,n,2,293.89,3.29,D,0
48.42852,27.78584,332.36,0.41,0.37,2019-03-09,1105,N20,VIIRS,n,2,291.98,3.16,D,0
48.37432,27.77313,331.69,0.41,0.37,2019-03-09,1105,N20,VIIRS,n,2,296.01,2.96,D,0
48.37644,27.78951,333.6,0.41,0.37,2019-03-09,1105,N20,VIIRS,n,2,295.07,3.95,D,0
48.25927,27.11359,337.51,0.4,0.37,2019-03-09,1105,N20,VIIRS,n,2,296.06,10.34,D,0
48.22893,27.25785,331.72,0.4,0.37,2019-03-09,1105,N20,VIIRS,n,2,296.08,2.18,D,0
48.30067,27.96194,333.73,0.41,0.37,2019-03-09,1105,N20,VIIRS,n,2,294.2,3.29,D,0
48.02709,27.79593,337.31,0.41,0.37,2019-03-09,1105,N20,VIIRS,n,2,295.96,6.34,D,0
47.94895,27.52602,327.59,0.4,0.37,2019-03-09,1105,N20,VIIRS,n,2,295.94,1.15,D,0
47.94327,27.6665,334.48,0.4,0.37,2019-03-09,1105,N20,VIIRS,n,2,297.03,3.57,D,0
47.89559,27.3872,330.29,0.4,0.37,2019-03-09,1105,N20,VIIRS,n,2,293.52,3.6,D,0
47.89225,27.38819,344.33,0.4,0.37,2019-03-09,1105,N20,VIIRS,n,2,293.52,3.6,D,0
47.96754,28.47809,348,0.42,0.38,2019-03-09,1105,N20,VIIRS,n,2,300.12,7.71,D,0
47.893,27.92403,330.87,0.41,0.37,2019-03-09,1105,N20,VIIRS,n,2,294.94,1.55,D,0
47.96412,28.47907,328.37,0.42,0.38,2019-03-09,1105,N20,VIIRS,n,2,297.36,1.39,D,0
46.27015,28.40216,295.18,0.33,0.56,2019-03-09,2320,N20,VIIRS,n,2,271.44,0.52,N,0
46.26499,28.40207,320.02,0.33,0.56,2019-03-09,2320,N20,VIIRS,n,2,272.31,1.34,N,0
46.26521,28.39768,305.83,0.33,0.56,2019-03-09,2320,N20,VIIRS,n,2,272.02,1.34,N,0
45.64845,28.21508,329.19,0.41,0.37,2019-03-10,1045,N20,VIIRS,n,2,293.76,2.19,D,0
45.69082,28.49547,351.34,0.41,0.37,2019-03-10,1045,N20,VIIRS,n,2,294.06,6.27,D,0
45.68147,28.48245,346.21,0.41,0.37,2019-03-10,1045,N20,VIIRS,n,2,294.82,5.82,D,0
45.55653,28.23924,338.26,0.41,0.37,2019-03-10,1045,N20,VIIRS,n,2,291.87,3.66,D,0
46.08493,28.1062,336.2,0.41,0.37,2019-03-10,1045,N20,VIIRS,n,2,292.33,5.47,D,0
46.23169,28.67912,330.82,0.4,0.37,2019-03-10,1045,N20,VIIRS,n,2,293.34,2.5,D,0
46.45289,28.54095,327.2,0.4,0.37,2019-03-10,1045,N20,VIIRS,n,2,294.54,3.95,D,0
46.45619,28.53975,342.35,0.4,0.37,2019-03-10,1045,N20,VIIRS,n,2,295.67,3.95,D,0
46.46038,28.54372,341.48,0.4,0.37,2019-03-10,1045,N20,VIIRS,n,2,294.56,3.62,D,0
46.45949,28.53856,340.96,0.4,0.37,2019-03-10,1045,N20,VIIRS,n,2,294.56,4.34,D,0
45.64417,28.21109,331.73,0.41,0.37,2019-03-10,1045,N20,VIIRS,n,2,293.96,3.22,D,0
45.64752,28.20987,338.49,0.41,0.37,2019-03-10,1045,N20,VIIRS,n,2,296.55,3.22,D,0
45.64661,28.20474,334.03,0.41,0.37,2019-03-10,1045,N20,VIIRS,n,2,294.58,3.22,D,0
46.02177,28.78074,330.75,0.4,0.37,2019-03-10,1045,N20,VIIRS,n,2,295.38,2.53,D,0
46.0621,28.75033,337.7,0.4,0.37,2019-03-10,1045,N20,VIIRS,n,2,292.61,4.75,D,0
48.34376,26.81466,344.36,0.42,0.37,2019-03-10,1046,N20,VIIRS,n,2,310.31,73.97,D,0
48.31006,26.88331,325.81,0.41,0.37,2019-03-10,1046,N20,VIIRS,n,2,289.41,14.53,D,0
48.32783,26.94404,339.99,0.41,0.37,2019-03-10,1046,N20,VIIRS,n,2,290.03,3.69,D,0
48.34042,26.81605,326.23,0.42,0.37,2019-03-10,1046,N20,VIIRS,l,2,297.96,18.69,D,0
48.33942,26.81055,332.53,0.42,0.37,2019-03-10,1046,N20,VIIRS,n,2,291.26,8.19,D,0
48.19952,26.96469,330.5,0.41,0.37,2019-03-10,1046,N20,VIIRS,n,2,286.85,3.75,D,0
48.31105,26.8888,328.18,0.41,0.37,2019-03-10,1046,N20,VIIRS,n,2,297.55,14.53,D,0
45.52978,28.26078,329.43,0.4,0.44,2019-03-11,1026,N20,VIIRS,n,2,293.65,7.55,D,0
45.53971,28.26668,337.11,0.4,0.44,2019-03-11,1026,N20,VIIRS,n,2,294.58,3.05,D,0
45.53864,28.26188,333.66,0.4,0.44,2019-03-11,1026,N20,VIIRS,n,2,293.89,3.25,D,0
45.54255,28.26013,367,0.4,0.44,2019-03-11,1026,N20,VIIRS,h,2,298.7,19.79,D,0
45.6049,28.3671,347.36,0.39,0.44,2019-03-11,1026,N20,VIIRS,n,2,294.83,6.21,D,0
45.54539,28.25365,347.63,0.4,0.44,2019-03-11,1026,N20,VIIRS,n,2,295.07,19.79,D,0
45.54147,28.25536,347.15,0.4,0.44,2019-03-11,1026,N20,VIIRS,n,2,308.05,19.79,D,0
45.54362,28.26492,354.11,0.4,0.44,2019-03-11,1026,N20,VIIRS,n,2,297.62,7.84,D,0
45.59347,28.19742,332.64,0.4,0.44,2019-03-11,1026,N20,VIIRS,n,2,292.66,1.58,D,0
45.60878,28.36534,329.33,0.39,0.44,2019-03-11,1026,N20,VIIRS,n,2,292.87,2,D,0
45.52417,28.27415,329.87,0.4,0.44,2019-03-11,1026,N20,VIIRS,n,2,292,1.6,D,0
45.52911,28.27697,343.78,0.4,0.44,2019-03-11,1026,N20,VIIRS,n,2,302.26,25.69,D,0
45.52806,28.27229,349.39,0.4,0.44,2019-03-11,1026,N20,VIIRS,n,2,312.78,25.69,D,0
45.52699,28.26752,337.18,0.4,0.44,2019-03-11,1026,N20,VIIRS,n,2,301.62,7.55,D,0
45.53195,28.27046,338.36,0.4,0.44,2019-03-11,1026,N20,VIIRS,n,2,292.2,25.69,D,0
45.53086,28.26562,344.96,0.4,0.44,2019-03-11,1026,N20,VIIRS,n,2,294.82,7.55,D,0
45.95653,28.41703,342.99,0.39,0.44,2019-03-11,1027,N20,VIIRS,n,2,297.56,9.42,D,0
47.18672,28.44228,328.27,0.54,0.42,2019-03-11,1027,N20,VIIRS,n,2,296.47,20.84,D,0
47.1882,28.4492,340.79,0.54,0.42,2019-03-11,1027,N20,VIIRS,n,2,290.61,36.93,D,0
47.19264,28.46992,332.58,0.54,0.42,2019-03-11,1027,N20,VIIRS,n,2,286.06,4.21,D,0
47.18446,28.45092,336.34,0.54,0.42,2019-03-11,1027,N20,VIIRS,n,2,290.48,13.56,D,0
47.11354,28.64297,338.99,0.54,0.42,2019-03-11,1027,N20,VIIRS,n,2,284.81,4.81,D,0
46.94822,28.2235,326.93,0.56,0.43,2019-03-11,1027,N20,VIIRS,n,2,289.8,2.58,D,0
46.51815,28.23577,337.7,0.57,0.43,2019-03-11,1027,N20,VIIRS,n,2,300.79,37.27,D,0
46.63441,29.90366,327.02,0.49,0.4,2019-03-11,1027,N20,VIIRS,n,2,295.94,2.62,D,0
46.16583,28.69366,328.38,0.56,0.43,2019-03-11,1027,N20,VIIRS,n,2,291.93,3.54,D,0
47.19046,28.4406,337.52,0.54,0.42,2019-03-11,1027,N20,VIIRS,n,2,288.11,20.84,D,0
46.04739,28.64657,333.87,0.56,0.43,2019-03-11,1027,N20,VIIRS,n,2,297.21,6.15,D,0
46.24483,28.80959,331.59,0.55,0.43,2019-03-11,1027,N20,VIIRS,n,2,296.32,2.33,D,0
47.6963,29.05452,327.33,0.5,0.41,2019-03-11,1027,N20,VIIRS,n,2,287.75,7.52,D,0
47.69766,29.06101,342.76,0.5,0.41,2019-03-11,1027,N20,VIIRS,n,2,290.83,18.9,D,0
47.43443,28.33393,330.3,0.54,0.42,2019-03-11,1027,N20,VIIRS,n,2,283.27,5.05,D,0
47.17995,27.80589,338.77,0.38,0.43,2019-03-11,1027,N20,VIIRS,n,2,291.19,3.13,D,0
47.18115,27.8028,338.78,0.38,0.43,2019-03-11,1027,N20,VIIRS,n,2,291.5,4.69,D,0
47.40266,29.21865,341.62,0.5,0.41,2019-03-11,1027,N20,VIIRS,n,2,285.94,11.95,D,0
47.40042,29.22689,345.24,0.5,0.41,2019-03-11,1027,N20,VIIRS,n,2,282.45,11.95,D,0
47.27291,28.77634,326.85,0.52,0.42,2019-03-11,1027,N20,VIIRS,n,2,285.28,3.7,D,0
47.16896,28.32132,328.72,0.55,0.43,2019-03-11,1027,N20,VIIRS,n,2,288.15,3.55,D,0
47.19273,28.432,338.4,0.54,0.42,2019-03-11,1027,N20,VIIRS,n,2,287.71,4.91,D,0
47.19423,28.43901,332.4,0.54,0.42,2019-03-11,1027,N20,VIIRS,n,2,287.71,4.91,D,0
46.45541,30.01496,356.51,0.78,0.78,2019-03-11,1207,N20,VIIRS,l,2,277.85,15.38,D,0
46.4556,30.00432,352.3,0.78,0.78,2019-03-11,1207,N20,VIIRS,n,2,278.66,15.38,D,0
46.10572,28.90471,337.71,0.69,0.75,2019-03-11,1207,N20,VIIRS,n,2,291.06,4.51,D,0
47.21474,29.50686,348.25,0.75,0.77,2019-03-11,1208,N20,VIIRS,n,2,283.69,8.97,D,0
47.23625,29.5001,329.47,0.74,0.76,2019-03-11,1208,N20,VIIRS,n,2,282.37,6.45,D,0
47.22896,29.50885,327.85,0.75,0.77,2019-03-11,1208,N20,VIIRS,n,2,281.9,4.91,D,0
47.22186,29.50779,329.27,0.75,0.77,2019-03-11,1208,N20,VIIRS,n,2,281.91,4.91,D,0
47.39753,29.21613,354.57,0.72,0.76,2019-03-11,1208,N20,VIIRS,n,2,284.26,15.25,D,0
47.39737,29.2252,348.73,0.72,0.76,2019-03-11,1208,N20,VIIRS,n,2,280.86,15.25,D,0
47.40035,29.22542,356.65,0.72,0.76,2019-03-11,1208,N20,VIIRS,l,2,281.65,22.58,D,0
47.40048,29.21607,346.45,0.72,0.76,2019-03-11,1208,N20,VIIRS,n,2,283.52,18.59,D,0
46.86882,29.55243,328.83,0.42,0.61,2019-03-13,0949,N20,VIIRS,n,2,290.82,2.89,D,0
46.43732,29.94324,326.8,0.42,0.61,2019-03-13,0949,N20,VIIRS,n,2,292.35,2.12,D,0
47.01814,29.19674,367,0.43,0.62,2019-03-13,0949,N20,VIIRS,h,2,293,8.9,D,0
47.79191,28.82091,327.58,0.43,0.62,2019-03-13,0950,N20,VIIRS,n,2,287.75,2.59,D,0
46.25851,28.28707,328.24,0.45,0.47,2019-03-13,1129,N20,VIIRS,n,2,291.76,3.64,D,0
46.2561,28.42666,326.68,0.46,0.47,2019-03-13,1129,N20,VIIRS,n,2,296.55,2.9,D,0
45.60373,28.25067,342.13,0.44,0.46,2019-03-13,1129,N20,VIIRS,n,2,287.14,7.66,D,0
47.38749,28.20667,339.07,0.46,0.47,2019-03-13,1130,N20,VIIRS,n,2,290.09,3.76,D,0
47.72443,28.39875,329.92,0.47,0.48,2019-03-13,1130,N20,VIIRS,n,2,292.2,2.75,D,0
47.85147,27.95837,337.83,0.45,0.47,2019-03-13,1130,N20,VIIRS,n,2,290.83,5.2,D,0
47.851,27.95221,338.33,0.45,0.47,2019-03-13,1130,N20,VIIRS,n,2,289.74,5.2,D,0
46.80717,29.28646,337.07,0.51,0.49,2019-03-13,1130,N20,VIIRS,n,2,291.67,7.87,D,0
46.73252,28.51866,348.66,0.47,0.48,2019-03-13,1130,N20,VIIRS,n,2,293.78,6.75,D,0
46.73297,28.52104,340.24,0.47,0.48,2019-03-13,1130,N20,VIIRS,n,2,293.21,7.53,D,0
46.63042,28.81007,326.98,0.48,0.48,2019-03-13,1130,N20,VIIRS,n,2,296.52,3.18,D,0
46.5025,28.34871,325.49,0.46,0.47,2019-03-13,1130,N20,VIIRS,n,2,294.68,1.69,D,0
46.76301,28.21194,330.39,0.45,0.47,2019-03-13,1130,N20,VIIRS,n,2,290,1.31,D,0
46.85164,28.99624,349.03,0.5,0.49,2019-03-13,1130,N20,VIIRS,n,2,297.35,9.74,D,0
47.00071,28.55076,332.16,0.47,0.48,2019-03-13,1130,N20,VIIRS,n,2,293.31,3.35,D,0
47.07537,28.65352,346.68,0.48,0.48,2019-03-13,1130,N20,VIIRS,n,2,291.47,8.11,D,0
47.07368,28.65194,339.98,0.48,0.48,2019-03-13,1130,N20,VIIRS,n,2,290.58,3.93,D,0
47.18691,28.49546,341.88,0.47,0.48,2019-03-13,1130,N20,VIIRS,n,2,292.14,5.08,D,0
47.27657,28.45158,339.47,0.47,0.48,2019-03-13,1130,N20,VIIRS,n,2,292.92,16.36,D,0
47.652,27.65324,329.94,0.44,0.46,2019-03-13,1130,N20,VIIRS,n,2,289.73,2.51,D,0
47.84732,27.35881,346.92,0.76,0.77,2019-03-14,0931,N20,VIIRS,n,2,282.62,10.28,D,0
47.84894,27.35789,351.13,0.76,0.77,2019-03-14,0931,N20,VIIRS,n,2,282.58,13.99,D,0
46.45322,29.49126,326.73,0.49,0.4,2019-03-14,1111,N20,VIIRS,n,2,296.74,3.46,D,0
47.83836,27.81525,325.92,0.44,0.39,2019-03-14,1111,N20,VIIRS,n,2,278.12,1.78,D,0
47.95422,28.85214,333.87,0.48,0.4,2019-03-14,1111,N20,VIIRS,n,2,288.81,4.62,D,0
48.2803,27.96534,332.84,0.45,0.39,2019-03-14,1111,N20,VIIRS,n,2,275.04,3.74,D,0
46.44954,29.4921,333.51,0.49,0.4,2019-03-14,1111,N20,VIIRS,n,2,296.58,4.68,D,0
47.87977,27.85919,330.52,0.44,0.39,2019-03-14,1111,N20,VIIRS,n,2,284.3,2.42,D,0
46.43595,29.94256,333.76,0.5,0.41,2019-03-14,1111,N20,VIIRS,n,2,295.18,4.81,D,0
47.91859,27.42602,297.25,0.33,0.56,2019-03-15,0106,N20,VIIRS,n,2,269.43,0.48,N,0
45.57714,28.20106,335.58,0.39,0.36,2019-03-15,1051,N20,VIIRS,n,2,294.09,3.9,D,0
48.30062,27.57153,333.13,0.39,0.36,2019-03-15,1052,N20,VIIRS,n,2,292.14,5.26,D,0
48.34117,27.87007,328.54,0.38,0.36,2019-03-15,1052,N20,VIIRS,n,2,291.76,1.58,D,0
48.2632,27.98575,326.68,0.38,0.36,2019-03-15,1052,N20,VIIRS,n,2,294.12,1.93,D,0
47.64363,28.18946,329.36,0.38,0.36,2019-03-15,1052,N20,VIIRS,n,2,293.18,2.97,D,0
47.56027,28.07303,328.21,0.39,0.36,2019-03-15,1052,N20,VIIRS,n,2,296.6,2.53,D,0
47.09821,28.23066,331.32,0.39,0.36,2019-03-15,1052,N20,VIIRS,n,2,289.55,2.2,D,0
46.28485,28.46269,340.54,0.39,0.36,2019-03-15,1052,N20,VIIRS,n,2,294.97,3.27,D,0
45.95785,28.4549,330.12,0.39,0.36,2019-03-15,1052,N20,VIIRS,n,2,293.37,2.44,D,0
48.29134,27.02603,332.34,0.39,0.36,2019-03-15,1052,N20,VIIRS,n,2,293.76,2.95,D,0
47.7925,28.95598,308.09,0.46,0.63,2019-03-15,2306,N20,VIIRS,n,2,273.3,1.31,N,2
47.78885,28.95677,308.72,0.49,0.49,2019-03-16,0047,N20,VIIRS,n,2,273.42,2.35,N,2
47.85014,29.22494,305.04,0.5,0.49,2019-03-16,0047,N20,VIIRS,n,2,267.92,1.26,N,0
47.85238,29.22627,300.33,0.5,0.49,2019-03-16,0047,N20,VIIRS,n,2,268.33,0.67,N,0
47.78845,28.9541,311.06,0.48,0.4,2019-03-17,0028,N20,VIIRS,n,2,276.51,1.89,N,2
45.52281,28.23366,352.28,0.55,0.51,2019-03-17,1014,N20,VIIRS,n,2,284.56,11.21,D,0
45.52526,28.23275,352.91,0.55,0.51,2019-03-17,1014,N20,VIIRS,n,2,287.41,8.79,D,0
45.9897,28.12384,334.27,0.45,0.63,2019-03-17,1155,N20,VIIRS,n,2,293.05,13.85,D,0
47.17331,28.25982,345.6,0.46,0.64,2019-03-17,1155,N20,VIIRS,n,2,290.22,6.45,D,0
47.17566,28.2619,337.25,0.46,0.64,2019-03-17,1155,N20,VIIRS,n,2,291.66,3.6,D,0
48.08596,27.11786,344.98,0.41,0.61,2019-03-17,1155,N20,VIIRS,n,2,295.71,3.23,D,0
45.98984,28.12973,367,0.45,0.63,2019-03-17,1155,N20,VIIRS,h,2,294.53,28.38,D,0
48.08896,27.1197,341.58,0.41,0.61,2019-03-17,1155,N20,VIIRS,n,2,295.33,3.53,D,0
47.78984,28.95518,312.4,0.38,0.36,2019-03-18,0009,N20,VIIRS,n,2,276.5,1.51,N,2
45.81232,28.35233,329.1,0.44,0.62,2019-03-18,0955,N20,VIIRS,n,2,295.77,2.65,D,0
45.8109,28.35531,367,0.44,0.62,2019-03-18,0955,N20,VIIRS,h,2,299.01,7.99,D,0
45.6728,28.30222,329.43,0.45,0.63,2019-03-18,0955,N20,VIIRS,n,2,297.32,2.21,D,0
45.60143,28.33833,339.69,0.45,0.63,2019-03-18,0955,N20,VIIRS,n,2,297.04,5.86,D,0
45.60311,28.34382,353.34,0.45,0.63,2019-03-18,0955,N20,VIIRS,n,2,298.74,5.86,D,0
46.11558,28.46359,367,0.43,0.62,2019-03-18,0955,N20,VIIRS,h,2,297.51,7.72,D,0
46.11032,28.46675,328.79,0.43,0.62,2019-03-18,0955,N20,VIIRS,n,2,295.35,1.88,D,0
46.17314,28.69592,330.84,0.41,0.61,2019-03-18,0955,N20,VIIRS,n,2,297.52,2.38,D,0
46.00383,28.45606,367,0.43,0.62,2019-03-18,0955,N20,VIIRS,h,2,298.49,5.04,D,0
45.9985,28.45903,326.66,0.43,0.62,2019-03-18,0955,N20,VIIRS,n,2,294.98,5.04,D,0
45.92835,28.33129,328.19,0.44,0.62,2019-03-18,0955,N20,VIIRS,n,2,295.13,2.9,D,0
45.80694,28.35537,353.41,0.44,0.62,2019-03-18,0955,N20,VIIRS,n,2,298.42,5.92,D,0
47.65762,27.92197,350.36,0.4,0.6,2019-03-18,0956,N20,VIIRS,n,2,295.45,4.38,D,0
47.70226,28.09301,325.79,0.39,0.6,2019-03-18,0956,N20,VIIRS,n,2,296.71,1.84,D,0
47.41559,27.59094,367,0.42,0.61,2019-03-18,0956,N20,VIIRS,h,2,299.44,9.15,D,0
47.41783,27.59199,367,0.42,0.61,2019-03-18,0956,N20,VIIRS,h,2,297.98,8.98,D,0
47.40732,28.53621,337.88,0.38,0.59,2019-03-18,0956,N20,VIIRS,n,2,295.01,3.29,D,0
47.1201,28.80303,325.09,0.38,0.59,2019-03-18,0956,N20,VIIRS,n,2,296.32,1.57,D,0
46.92393,28.9642,326.82,0.38,0.59,2019-03-18,0956,N20,VIIRS,n,2,295.35,2.01,D,0
46.69671,28.34517,355.06,0.41,0.61,2019-03-18,0956,N20,VIIRS,n,2,292.6,5.14,D,0
46.888,29.27566,339.25,0.37,0.58,2019-03-18,0956,N20,VIIRS,n,2,296.8,2.78,D,0
46.88934,29.27664,328.55,0.37,0.58,2019-03-18,0956,N20,VIIRS,n,2,295.67,4.03,D,0
46.89124,29.62606,344.11,0.36,0.57,2019-03-18,0956,N20,VIIRS,n,2,295.42,2.75,D,0
48.30043,27.1647,335.26,0.41,0.61,2019-03-18,0956,N20,VIIRS,n,2,294.26,2.57,D,0
48.37756,27.78592,349.58,0.39,0.59,2019-03-18,0956,N20,VIIRS,n,2,291.47,4.27,D,0
48.01502,27.51899,338.95,0.41,0.6,2019-03-18,0956,N20,VIIRS,n,2,296.58,3.02,D,0
47.99904,27.54708,334.12,0.41,0.6,2019-03-18,0956,N20,VIIRS,n,2,292.78,2.58,D,0
47.99901,27.54812,330.77,0.41,0.6,2019-03-18,0956,N20,VIIRS,n,2,292.82,1.75,D,0
46.89247,29.63037,326.2,0.36,0.57,2019-03-18,0956,N20,VIIRS,n,2,293.99,2.75,D,0
46.68252,29.36444,325.96,0.37,0.58,2019-03-18,0956,N20,VIIRS,n,2,296.19,0.72,D,0
47.84443,27.93126,335.12,0.4,0.6,2019-03-18,0956,N20,VIIRS,n,2,295.84,2.15,D,0
47.82483,28.08728,355.47,0.39,0.59,2019-03-18,0956,N20,VIIRS,n,2,290.14,9.44,D,0
47.82626,28.09204,343.79,0.39,0.59,2019-03-18,0956,N20,VIIRS,n,2,285.19,7.87,D,0
47.6566,27.91559,340.02,0.4,0.6,2019-03-18,0956,N20,VIIRS,n,2,296.49,6.09,D,0
47.65807,27.92045,367,0.4,0.6,2019-03-18,0956,N20,VIIRS,h,2,295.91,8.02,D,0
47.70359,28.09102,328.13,0.39,0.6,2019-03-18,0956,N20,VIIRS,n,2,297.18,1.16,D,0
47.65617,27.91711,346.06,0.4,0.6,2019-03-18,0956,N20,VIIRS,n,2,297.15,4.38,D,0
47.55796,28.28486,340.32,0.55,0.51,2019-03-18,1136,N20,VIIRS,n,2,301.13,7.98,D,0
47.18546,28.2577,335.22,0.55,0.51,2019-03-18,1136,N20,VIIRS,n,2,296.82,6.04,D,0
47.21082,29.36676,329.28,0.62,0.54,2019-03-18,1136,N20,VIIRS,n,2,295.95,3.89,D,0
47.11367,28.93067,340.91,0.59,0.53,2019-03-18,1136,N20,VIIRS,n,2,300.46,19.8,D,0
47.1112,28.93297,354.94,0.59,0.53,2019-03-18,1136,N20,VIIRS,n,2,298.73,15.77,D,0
46.99102,29.20088,330.81,0.6,0.53,2019-03-18,1136,N20,VIIRS,n,2,296.07,4.12,D,0
46.92476,28.97839,352.14,0.59,0.53,2019-03-18,1136,N20,VIIRS,n,2,298.9,15.38,D,0
46.89292,29.62609,329.89,0.63,0.54,2019-03-18,1136,N20,VIIRS,n,2,294.91,3.12,D,0
46.46632,28.59573,330.28,0.56,0.51,2019-03-18,1136,N20,VIIRS,n,2,298.67,2.6,D,0
46.4662,28.59662,330.65,0.56,0.51,2019-03-18,1136,N20,VIIRS,n,2,298.51,3.61,D,0
46.44466,28.63595,332.19,0.56,0.52,2019-03-18,1136,N20,VIIRS,n,2,299.14,3.71,D,0
45.78574,28.19958,339.88,0.53,0.5,2019-03-18,1136,N20,VIIRS,n,2,298.21,4.5,D,0
45.59107,28.34967,345.09,0.53,0.5,2019-03-18,1136,N20,VIIRS,n,2,299.02,6.07,D,0
45.59335,28.35043,335.35,0.53,0.5,2019-03-18,1136,N20,VIIRS,n,2,298.18,6.45,D,0
47.39766,28.5794,338.03,0.57,0.52,2019-03-18,1136,N20,VIIRS,n,2,300.39,5.95,D,0
47.40974,28.53939,340.47,0.57,0.52,2019-03-18,1136,N20,VIIRS,n,2,297.52,6.3,D,0
47.39714,28.58013,332.33,0.57,0.52,2019-03-18,1136,N20,VIIRS,n,2,299.56,6.76,D,0
47.40943,28.53996,339,0.57,0.52,2019-03-18,1136,N20,VIIRS,n,2,297.66,9.38,D,0
47.52384,28.59655,335.41,0.57,0.52,2019-03-18,1136,N20,VIIRS,n,2,298.96,4.63,D,0
47.52285,28.59612,336.79,0.57,0.52,2019-03-18,1136,N20,VIIRS,n,2,298.84,2.85,D,0
47.18682,28.25779,333.63,0.55,0.51,2019-03-18,1136,N20,VIIRS,n,2,296.23,3.14,D,0
47.76272,29.07821,331.88,0.61,0.53,2019-03-18,1136,N20,VIIRS,n,2,295.89,5.21,D,0
47.76387,29.07786,333.12,0.61,0.53,2019-03-18,1136,N20,VIIRS,n,2,295.97,3.61,D,0
47.83374,28.64203,342.27,0.58,0.52,2019-03-18,1136,N20,VIIRS,n,2,299.31,12.99,D,0
47.83248,28.64299,351.52,0.58,0.52,2019-03-18,1136,N20,VIIRS,n,2,297.63,12.02,D,0
48.23453,28.09254,328.56,0.55,0.51,2019-03-18,1136,N20,VIIRS,n,2,292.5,4.52,D,0
48.32819,27.91357,336.37,0.54,0.51,2019-03-18,1136,N20,VIIRS,n,2,293.28,4.68,D,0
48.32516,27.91318,337.81,0.54,0.51,2019-03-18,1136,N20,VIIRS,n,2,292.67,3.68,D,0
48.27603,26.6425,330.52,0.47,0.48,2019-03-18,1136,N20,VIIRS,n,2,297.93,1.85,D,0
47.35267,28.15427,339.48,0.54,0.51,2019-03-18,1136,N20,VIIRS,n,2,297.66,5.3,D,0
47.28094,28.99139,305.83,0.44,0.39,2019-03-18,2351,N20,VIIRS,n,2,276.09,0.98,N,0
47.16955,27.87531,299.44,0.48,0.4,2019-03-18,2351,N20,VIIRS,n,2,276.72,1.34,N,0
47.78945,28.95819,296.72,0.45,0.39,2019-03-18,2351,N20,VIIRS,n,2,278.3,0.87,N,2
46.53281,29.88808,327.07,0.57,0.69,2019-03-19,0937,N20,VIIRS,n,2,289.03,5.65,D,0
45.64094,28.26195,338.53,0.72,0.76,2019-03-19,0937,N20,VIIRS,n,2,290.44,6.25,D,0
46.75806,28.8622,331.67,0.53,0.42,2019-03-19,1117,N20,VIIRS,n,2,296.54,4.2,D,0
46.50793,29.7082,342.75,0.57,0.43,2019-03-19,1117,N20,VIIRS,n,2,291.61,12.29,D,0
45.62044,28.16494,329.94,0.49,0.4,2019-03-19,1117,N20,VIIRS,n,2,297.76,3.39,D,0
45.94717,28.45972,330.12,0.5,0.41,2019-03-19,1117,N20,VIIRS,n,2,302.54,2.85,D,0
45.64589,28.26137,346.09,0.49,0.4,2019-03-19,1117,N20,VIIRS,n,2,300.88,12.23,D,0
45.62212,28.14547,341.89,0.49,0.4,2019-03-19,1117,N20,VIIRS,n,2,295.96,14.92,D,0
46.32654,28.87619,333.59,0.53,0.42,2019-03-19,1117,N20,VIIRS,n,2,300.69,2.26,D,0
45.58088,28.34077,335.43,0.49,0.4,2019-03-19,1117,N20,VIIRS,n,2,298.83,4.6,D,0
47.78954,28.95579,297.96,0.38,0.59,2019-03-20,2313,N20,VIIRS,n,2,274.41,1.4,N,2
47.79158,28.95578,297.58,0.57,0.52,2019-03-21,0053,N20,VIIRS,n,2,272.67,1.61,N,2
47.17944,28.30452,339.31,0.43,0.38,2019-03-21,1039,N20,VIIRS,n,2,277.82,8.02,D,0
46.86438,29.4406,326.84,0.41,0.37,2019-03-21,1039,N20,VIIRS,n,2,288.68,2.27,D,0
46.70495,29.16572,332.75,0.42,0.37,2019-03-21,1039,N20,VIIRS,n,2,286.03,11.96,D,0
46.41357,28.45762,332.74,0.44,0.38,2019-03-21,1039,N20,VIIRS,n,2,289.5,3.93,D,0
46.46412,29.83753,342.65,0.4,0.37,2019-03-21,1039,N20,VIIRS,n,2,297.68,5.54,D,0
45.8116,28.2296,339.56,0.45,0.39,2019-03-21,1039,N20,VIIRS,n,2,301.29,8.84,D,0
45.81271,28.23541,330.98,0.45,0.39,2019-03-21,1039,N20,VIIRS,n,2,295.24,8.84,D,0
45.84146,28.48237,341.75,0.44,0.39,2019-03-21,1039,N20,VIIRS,n,2,297.15,4.17,D,0
47.66977,28.40111,333.53,0.42,0.38,2019-03-21,1039,N20,VIIRS,n,2,276.61,3.26,D,0
47.47456,28.10198,329.46,0.43,0.38,2019-03-21,1039,N20,VIIRS,n,2,279.86,5.21,D,0
47.28128,28.56847,331.47,0.42,0.38,2019-03-21,1039,N20,VIIRS,n,2,273.13,2.87,D,0
47.18615,28.24245,343.28,0.43,0.38,2019-03-21,1039,N20,VIIRS,n,2,274.96,4.08,D,0
46.08196,28.88287,335.54,0.43,0.46,2019-03-22,1020,N20,VIIRS,n,2,290.7,26.49,D,0
45.9538,28.40889,328.03,0.45,0.47,2019-03-22,1020,N20,VIIRS,n,2,291.35,3.42,D,0
45.95247,28.40323,338.62,0.45,0.47,2019-03-22,1020,N20,VIIRS,n,2,291.88,5.2,D,0
46.08715,28.88609,341.25,0.43,0.46,2019-03-22,1020,N20,VIIRS,n,2,294.3,35.86,D,0
46.82703,29.66175,329.12,0.57,0.43,2019-03-22,1020,N20,VIIRS,n,2,280.59,2.48,D,0
46.08593,28.8808,303.24,0.43,0.46,2019-03-22,1020,N20,VIIRS,l,2,306.28,26.49,D,0
46.07344,28.70761,339.3,0.43,0.46,2019-03-22,1020,N20,VIIRS,n,2,295.1,4.98,D,0
47.06082,28.45041,330.29,0.42,0.45,2019-03-22,1021,N20,VIIRS,n,2,289,3.37,D,0
47.10059,28.88757,333.21,0.4,0.44,2019-03-22,1021,N20,VIIRS,n,2,287.53,3.61,D,0
46.84246,28.13655,339.09,0.44,0.46,2019-03-22,1021,N20,VIIRS,n,2,292.41,4.53,D,0
47.14104,28.56592,309.09,0.4,0.37,2019-03-23,0016,N20,VIIRS,n,2,274.85,1.05,N,0
47.38564,27.63842,318.31,0.39,0.36,2019-03-23,0016,N20,VIIRS,n,2,276.37,1.56,N,0
47.43138,28.34646,301.92,0.39,0.36,2019-03-23,0016,N20,VIIRS,n,2,273.9,0.86,N,0
47.78839,28.95486,315.18,0.4,0.37,2019-03-23,0016,N20,VIIRS,n,2,278.49,1.84,N,2
47.93635,28.6602,326.66,0.39,0.36,2019-03-23,0016,N20,VIIRS,n,2,273.19,2.9,N,0
45.51651,28.3895,325.59,0.38,0.59,2019-03-23,1001,N20,VIIRS,n,2,293.47,2.04,D,0
47.29506,28.50284,329.72,0.33,0.55,2019-03-23,1002,N20,VIIRS,n,2,290.77,6.28,D,0
47.24619,28.30976,326.48,0.34,0.56,2019-03-23,1002,N20,VIIRS,n,2,287.55,1.68,D,0
47.18617,28.56574,327.41,0.33,0.55,2019-03-23,1002,N20,VIIRS,n,2,291.63,1.62,D,0
46.28284,28.83823,346.43,0.34,0.56,2019-03-23,1002,N20,VIIRS,n,2,291.7,5.84,D,0
46.07538,28.71516,355.93,0.35,0.57,2019-03-23,1002,N20,VIIRS,n,2,293.53,4.55,D,0
46.07608,28.71367,367,0.35,0.57,2019-03-23,1002,N20,VIIRS,h,2,295.53,6.43,D,0
46.07727,28.71787,337.81,0.35,0.57,2019-03-23,1002,N20,VIIRS,n,2,292.63,5.24,D,0
46.08102,28.71101,367,0.35,0.57,2019-03-23,1002,N20,VIIRS,h,2,299.51,11.8,D,0
46.03775,28.21451,327.29,0.37,0.58,2019-03-23,1002,N20,VIIRS,n,2,290.61,1.45,D,0
48.153,27.55223,331.54,0.34,0.56,2019-03-23,1002,N20,VIIRS,n,2,289.82,2.57,D,0
48.38964,27.04916,330.07,0.35,0.57,2019-03-23,1002,N20,VIIRS,n,2,288.8,1.63,D,0
48.16154,27.58181,345.81,0.34,0.56,2019-03-23,1002,N20,VIIRS,n,2,291.21,4.77,D,0
48.15597,27.55257,333.48,0.34,0.56,2019-03-23,1002,N20,VIIRS,n,2,289.16,1.97,D,0
47.38127,27.61143,355.29,0.36,0.57,2019-03-23,1002,N20,VIIRS,n,2,292.16,5.07,D,0
47.40994,28.09284,332.81,0.34,0.56,2019-03-23,1002,N20,VIIRS,n,2,290.47,2.85,D,0
47.76125,29.04534,338.05,0.61,0.53,2019-03-23,1002,N20,VIIRS,n,2,286.25,6.91,D,0
47.7593,29.04697,337.64,0.61,0.53,2019-03-23,1002,N20,VIIRS,n,2,287.69,4.07,D,0
46.20506,28.52081,329.13,0.36,0.57,2019-03-23,1002,N20,VIIRS,n,2,290.87,1.76,D,0
46.63866,29.55239,333.88,0.62,0.54,2019-03-23,1002,N20,VIIRS,n,2,291.57,5.68,D,0
46.89537,29.05614,330.54,0.32,0.55,2019-03-23,1002,N20,VIIRS,n,2,290.63,1.62,D,0
46.83767,28.56733,367,0.34,0.56,2019-03-23,1002,N20,VIIRS,h,2,291.15,22.95,D,0
46.83656,28.56332,326.64,0.34,0.56,2019-03-23,1002,N20,VIIRS,n,2,290.85,22.58,D,0
46.84109,28.56796,331.44,0.34,0.56,2019-03-23,1002,N20,VIIRS,n,2,290.66,37.02,D,0
46.83873,28.55959,339.66,0.34,0.56,2019-03-23,1002,N20,VIIRS,n,2,288.51,104.36,D,0
47.09448,28.78565,342.39,0.33,0.55,2019-03-23,1002,N20,VIIRS,n,2,291.5,2.45,D,0
47.40343,28.43906,345.52,0.33,0.55,2019-03-23,1002,N20,VIIRS,n,2,294.97,20.73,D,0
47.40449,28.44282,367,0.33,0.55,2019-03-23,1002,N20,VIIRS,h,2,303.29,20.73,D,0
47.39864,28.44177,333.2,0.33,0.55,2019-03-23,1002,N20,VIIRS,n,2,289.11,20.73,D,0
47.39973,28.44564,347.88,0.33,0.55,2019-03-23,1002,N20,VIIRS,n,2,306.96,20.73,D,0
47.40085,28.44962,339.35,0.33,0.55,2019-03-23,1002,N20,VIIRS,n,2,289.8,23.89,D,0
46.63649,29.55183,337.65,0.62,0.54,2019-03-23,1002,N20,VIIRS,n,2,291.18,5.26,D,0
47.2962,28.5069,367,0.33,0.55,2019-03-23,1002,N20,VIIRS,h,2,293.99,6.28,D,0
46.28162,28.83385,355.26,0.34,0.56,2019-03-23,1002,N20,VIIRS,n,2,294.12,6.54,D,0
47.35425,28.68283,334.82,0.34,0.56,2019-03-23,1142,N20,VIIRS,n,2,291.81,3.99,D,0
45.94333,28.40197,207.93,0.32,0.55,2019-03-23,1142,N20,VIIRS,l,2,324.84,31.78,D,0
45.9484,28.40134,337.94,0.32,0.55,2019-03-23,1142,N20,VIIRS,n,2,294.05,31.78,D,0
46.01746,28.35497,367,0.32,0.55,2019-03-23,1142,N20,VIIRS,h,2,294.45,9.41,D,0
46.01726,28.35114,349.85,0.32,0.55,2019-03-23,1142,N20,VIIRS,n,2,296.04,9.41,D,0
46.02253,28.3545,348.29,0.32,0.55,2019-03-23,1142,N20,VIIRS,n,2,291.83,2.78,D,0
46.02233,28.35067,328.33,0.32,0.55,2019-03-23,1142,N20,VIIRS,n,2,293.14,2.78,D,0
46.07376,28.72811,345.69,0.34,0.56,2019-03-23,1142,N20,VIIRS,n,2,293.98,6.35,D,0
46.07356,28.72368,356.08,0.34,0.56,2019-03-23,1142,N20,VIIRS,n,2,298.79,8.2,D,0
46.07811,28.70951,332.51,0.34,0.56,2019-03-23,1142,N20,VIIRS,n,2,293.09,2.64,D,0
46.20544,28.51657,337.15,0.33,0.55,2019-03-23,1142,N20,VIIRS,n,2,293.17,2.42,D,0
46.27772,28.83599,367,0.34,0.56,2019-03-23,1142,N20,VIIRS,h,2,299.75,5.82,D,0
46.28292,28.83554,331.59,0.34,0.56,2019-03-23,1142,N20,VIIRS,n,2,294.16,5.82,D,0
46.27836,28.83653,367,0.34,0.56,2019-03-23,1142,N20,VIIRS,h,2,295.71,9.71,D,0
46.27818,28.83222,344.89,0.34,0.56,2019-03-23,1142,N20,VIIRS,n,2,297.33,8.09,D,0
46.29841,28.81741,334.48,0.34,0.56,2019-03-23,1142,N20,VIIRS,n,2,290.82,1.89,D,0
46.28225,28.35247,331.8,0.32,0.55,2019-03-23,1142,N20,VIIRS,n,2,292.17,1.48,D,0
46.66328,29.24343,340.37,0.36,0.57,2019-03-23,1142,N20,VIIRS,n,2,294.52,2.21,D,0
46.71592,28.74825,332.6,0.34,0.56,2019-03-23,1142,N20,VIIRS,n,2,294.57,1.93,D,0
46.79346,29.34011,325.68,0.36,0.58,2019-03-23,1142,N20,VIIRS,n,2,292.85,1.74,D,0
46.92283,28.55148,326.86,0.34,0.56,2019-03-23,1142,N20,VIIRS,n,2,291.82,1.49,D,0
47.02557,28.16142,338.05,0.32,0.55,2019-03-23,1142,N20,VIIRS,n,2,293.11,1.95,D,0
47.02534,28.15663,326.31,0.32,0.55,2019-03-23,1142,N20,VIIRS,n,2,291.54,1.95,D,0
47.0957,28.78341,325.56,0.34,0.56,2019-03-23,1142,N20,VIIRS,n,2,293.32,1.21,D,0
47.18552,28.56209,336.65,0.34,0.56,2019-03-23,1142,N20,VIIRS,n,2,293.15,2.15,D,0
47.22277,27.78596,339.27,0.62,0.54,2019-03-23,1142,N20,VIIRS,n,2,291.33,5.64,D,0
47.40116,28.4508,341.89,0.33,0.56,2019-03-23,1142,N20,VIIRS,n,2,290.37,2.4,D,0
47.40095,28.44625,336.04,0.33,0.56,2019-03-23,1142,N20,VIIRS,n,2,291.09,2.32,D,0
47.40072,28.4415,332.54,0.33,0.56,2019-03-23,1142,N20,VIIRS,n,2,290.19,2.32,D,0
47.4063,28.45026,367,0.33,0.56,2019-03-23,1142,N20,VIIRS,h,2,292.08,9.9,D,0
47.4061,28.44589,352.76,0.33,0.56,2019-03-23,1142,N20,VIIRS,n,2,292.48,10.09,D,0
47.53003,28.86058,344.98,0.35,0.57,2019-03-23,1142,N20,VIIRS,n,2,291.9,3.39,D,0
47.52937,28.8594,337.6,0.35,0.57,2019-03-23,1142,N20,VIIRS,n,2,291.51,3.59,D,0
47.68195,28.85882,331.5,0.35,0.57,2019-03-23,1142,N20,VIIRS,n,2,290.19,1.72,D,0
45.93994,28.40298,334.14,0.32,0.55,2019-03-23,1142,N20,VIIRS,n,2,292.16,30.3,D,0
45.94524,28.40666,354,0.32,0.55,2019-03-23,1142,N20,VIIRS,n,2,293.76,30.3,D,0
45.94501,28.40253,367,0.32,0.55,2019-03-23,1142,N20,VIIRS,l,2,330.41,30.3,D,0
45.94353,28.40615,367,0.32,0.55,2019-03-23,1142,N20,VIIRS,h,2,293.9,31.78,D,0
47.94334,27.54411,339.31,0.61,0.54,2019-03-23,1143,N20,VIIRS,n,2,293.81,7.61,D,0
47.84606,27.80791,326.86,0.63,0.54,2019-03-23,1143,N20,VIIRS,n,2,292.06,2.36,D,0
47.18979,28.38952,296.91,0.42,0.37,2019-03-23,2357,N20,VIIRS,n,2,269.05,0.79,N,0
47.14741,28.55216,322.35,0.41,0.37,2019-03-23,2357,N20,VIIRS,n,2,269.02,1.68,N,0
47.14542,28.54047,298.21,0.41,0.37,2019-03-23,2357,N20,VIIRS,n,2,268.06,0.57,N,0
47.144,28.55128,299.03,0.41,0.37,2019-03-23,2357,N20,VIIRS,n,2,267.69,1.68,N,0
47.04217,28.63375,304.57,0.41,0.37,2019-03-23,2357,N20,VIIRS,n,2,268.05,1.47,N,0
47.04146,28.63909,318.38,0.41,0.37,2019-03-23,2357,N20,VIIRS,n,2,270.36,1.47,N,0
47.12237,27.95844,298.25,0.43,0.38,2019-03-23,2357,N20,VIIRS,n,2,269.55,1.09,N,0
45.67606,28.23364,308.74,0.41,0.37,2019-03-23,2357,N20,VIIRS,n,2,269.36,1.06,N,0
47.78858,28.9528,306.79,0.41,0.37,2019-03-23,2357,N20,VIIRS,n,2,270.75,1.57,N,2
48.32985,27.82671,312.58,0.44,0.38,2019-03-23,2357,N20,VIIRS,n,2,267.32,1.42,N,0
47.19225,28.55915,296.67,0.41,0.37,2019-03-23,2357,N20,VIIRS,n,2,265.98,0.83,N,0
47.25986,28.397,338.75,0.54,0.68,2019-03-24,0943,N20,VIIRS,n,2,293.25,5.48,D,0
47.65823,27.78416,367,0.55,0.68,2019-03-24,0943,N20,VIIRS,h,2,294.49,9.75,D,0
47.65999,27.78307,367,0.55,0.68,2019-03-24,0943,N20,VIIRS,h,2,294.82,9.76,D,0
47.44946,28.31956,367,0.53,0.67,2019-03-24,0943,N20,VIIRS,h,2,292.96,14.51,D,0
47.26249,28.31969,326.47,0.54,0.68,2019-03-24,0943,N20,VIIRS,n,2,292.58,2.11,D,0
47.25979,28.3959,336.27,0.54,0.68,2019-03-24,0943,N20,VIIRS,n,2,293.59,4.34,D,0
47.17091,28.25501,353.92,0.55,0.68,2019-03-24,0943,N20,VIIRS,n,2,298.63,14.09,D,0
47.17306,28.26144,338.71,0.55,0.68,2019-03-24,0943,N20,VIIRS,n,2,292.57,14.09,D,0
47.11005,28.6137,337.79,0.53,0.67,2019-03-24,0943,N20,VIIRS,n,2,292.39,3.32,D,0
46.46046,28.31005,350.24,0.58,0.7,2019-03-24,0943,N20,VIIRS,n,2,296.87,8.88,D,0
45.82211,28.55346,349.35,0.59,0.7,2019-03-24,0943,N20,VIIRS,n,2,297.64,7.51,D,0
45.82067,28.55451,344.49,0.59,0.7,2019-03-24,0943,N20,VIIRS,n,2,297.2,7.82,D,0
47.2859,28.49434,347.53,0.4,0.45,2019-03-24,1123,N20,VIIRS,n,2,299.38,11.73,D,0
46.29102,28.26888,353.71,0.39,0.44,2019-03-24,1123,N20,VIIRS,n,2,303.59,7.96,D,0
46.29147,28.27387,333.75,0.39,0.44,2019-03-24,1123,N20,VIIRS,n,2,302.81,7.96,D,0
46.07943,28.85069,343.03,0.41,0.45,2019-03-24,1123,N20,VIIRS,n,2,301.37,3.72,D,0
45.96429,28.65745,340.28,0.4,0.44,2019-03-24,1123,N20,VIIRS,n,2,302.31,4.25,D,0
47.257,28.40117,335.66,0.4,0.44,2019-03-24,1123,N20,VIIRS,n,2,296.84,4.88,D,0
47.1842,28.3727,339.13,0.4,0.44,2019-03-24,1123,N20,VIIRS,n,2,295.66,1.54,D,0
47.17075,28.26278,349.14,0.39,0.44,2019-03-24,1123,N20,VIIRS,n,2,298.06,9.41,D,0
47.17095,28.26484,350.16,0.39,0.44,2019-03-24,1123,N20,VIIRS,n,2,303.51,8.35,D,0
47.17121,28.26811,339.79,0.39,0.44,2019-03-24,1123,N20,VIIRS,n,2,299.42,9.41,D,0
47.17403,28.25343,329.78,0.39,0.44,2019-03-24,1123,N20,VIIRS,n,2,296.15,3.1,D,0
47.18496,28.37461,337.97,0.4,0.44,2019-03-24,1123,N20,VIIRS,n,2,297.5,3.86,D,0
47.17047,28.25953,336.72,0.39,0.44,2019-03-24,1123,N20,VIIRS,n,2,297.11,8.35,D,0
47.13381,28.40444,343.28,0.4,0.44,2019-03-24,1123,N20,VIIRS,n,2,301,9.08,D,0
47.1476,28.51595,339.07,0.4,0.44,2019-03-24,1123,N20,VIIRS,n,2,294.51,3.14,D,0
47.15413,28.35334,348.23,0.4,0.44,2019-03-24,1123,N20,VIIRS,n,2,301.12,4.17,D,0
47.15368,28.34827,340.46,0.4,0.44,2019-03-24,1123,N20,VIIRS,n,2,301.21,4.17,D,0
47.28183,28.49527,355.22,0.4,0.45,2019-03-24,1123,N20,VIIRS,n,2,303.27,11.73,D,0
47.28229,28.50058,334.12,0.4,0.45,2019-03-24,1123,N20,VIIRS,n,2,298.05,4.74,D,0
46.51749,28.6876,339.92,0.4,0.45,2019-03-24,1123,N20,VIIRS,n,2,302.58,4.29,D,0
47.37138,28.11623,341.66,0.39,0.44,2019-03-24,1123,N20,VIIRS,n,2,296.82,10,D,0
46.29056,28.2639,338.85,0.39,0.44,2019-03-24,1123,N20,VIIRS,n,2,296.96,2.81,D,0
47.13425,28.40953,338.4,0.4,0.44,2019-03-24,1123,N20,VIIRS,n,2,292.04,9.08,D,0
47.13953,28.66632,352.21,0.41,0.45,2019-03-24,1123,N20,VIIRS,n,2,300.24,8.24,D,0
46.88611,28.63768,337.07,0.41,0.45,2019-03-24,1123,N20,VIIRS,n,2,296.48,3.44,D,0
46.51782,28.36498,340.63,0.39,0.44,2019-03-24,1123,N20,VIIRS,n,2,300.64,4.91,D,0
47.37154,28.1128,341.98,0.39,0.44,2019-03-24,1123,N20,VIIRS,n,2,296.73,9.23,D,0
48.30643,26.68445,347.35,0.53,0.42,2019-03-24,1124,N20,VIIRS,n,2,281.94,7.93,D,0
48.30429,26.68352,347.66,0.53,0.42,2019-03-24,1124,N20,VIIRS,n,2,287.96,9.53,D,0
48.3026,26.68528,341.33,0.53,0.42,2019-03-24,1124,N20,VIIRS,n,2,286.97,4.99,D,0
46.66929,29.7889,299.92,0.53,0.42,2019-03-24,2338,N20,VIIRS,n,2,271.57,0.93,N,0
48.3474,27.87695,324.99,0.44,0.46,2019-03-24,2338,N20,VIIRS,n,2,272.18,2.7,N,0
48.34481,27.87535,306.2,0.44,0.46,2019-03-24,2338,N20,VIIRS,n,2,270.6,1.37,N,0
48.31455,27.8205,308.91,0.44,0.46,2019-03-24,2338,N20,VIIRS,n,2,267.21,0.96,N,0
47.79059,28.95567,307.64,0.39,0.44,2019-03-24,2338,N20,VIIRS,n,2,275.49,1.46,N,2
47.30999,28.44872,295.3,0.41,0.45,2019-03-24,2338,N20,VIIRS,n,2,269.04,0.36,N,0
46.66713,29.78857,301.48,0.53,0.42,2019-03-24,2338,N20,VIIRS,n,2,269.77,1.21,N,0
46.51569,29.89598,297.88,0.52,0.42,2019-03-24,2338,N20,VIIRS,n,2,271.31,1.05,N,0
46.51498,29.90273,300.65,0.52,0.42,2019-03-24,2338,N20,VIIRS,n,2,271.91,1.05,N,0
45.56832,28.37869,303.54,0.39,0.44,2019-03-24,2339,N20,VIIRS,n,2,274.04,0.85,N,0
47.79057,28.95379,300.39,0.53,0.67,2019-03-25,0118,N20,VIIRS,n,2,272.03,1.37,N,2
46.30517,28.83859,331.9,0.42,0.37,2019-03-25,1104,N20,VIIRS,n,2,303.26,2.36,D,0
46.18505,28.82875,334.35,0.41,0.37,2019-03-25,1104,N20,VIIRS,n,2,303.88,7.07,D,0
46.07631,28.55448,333.19,0.41,0.37,2019-03-25,1104,N20,VIIRS,n,2,299.32,2.83,D,0
45.59198,28.25632,335.58,0.4,0.37,2019-03-25,1104,N20,VIIRS,n,2,280.61,6.69,D,0
47.21272,27.97869,337.36,0.4,0.37,2019-03-25,1104,N20,VIIRS,n,2,292.16,6.33,D,0
47.21201,27.9733,333.63,0.4,0.37,2019-03-25,1104,N20,VIIRS,n,2,288.53,3.94,D,0
47.21608,27.97772,348.89,0.4,0.37,2019-03-25,1104,N20,VIIRS,n,2,290.12,6.85,D,0
47.21537,27.97235,345.35,0.4,0.37,2019-03-25,1104,N20,VIIRS,n,2,292.86,9.65,D,0
47.20936,27.97965,335.13,0.4,0.37,2019-03-25,1104,N20,VIIRS,n,2,289.23,6.33,D,0
45.59,28.26742,331.94,0.4,0.37,2019-03-25,1104,N20,VIIRS,n,2,282.59,3.91,D,0
45.50963,28.24541,334.23,0.4,0.37,2019-03-25,1104,N20,VIIRS,n,2,304.2,13.85,D,0
46.63799,29.55135,331.84,0.44,0.38,2019-03-25,1104,N20,VIIRS,n,2,300.72,6.33,D,0
47.78833,28.95641,303.73,0.32,0.55,2019-03-25,2319,N20,VIIRS,n,2,275.44,0.95,N,2
45.7132,28.20654,335.71,0.44,0.38,2019-03-28,0023,N20,VIIRS,n,2,269.43,4.19,N,0
45.52608,28.18433,354.26,0.37,0.58,2019-03-28,1148,N20,VIIRS,n,2,294.58,7.83,D,0
45.52591,28.1795,343.22,0.37,0.58,2019-03-28,1148,N20,VIIRS,n,2,295.93,7.66,D,0
45.52407,28.18151,355.29,0.37,0.58,2019-03-28,1148,N20,VIIRS,n,2,298.12,5.32,D,0
45.52949,28.18119,349.91,0.37,0.58,2019-03-28,1148,N20,VIIRS,n,2,295.21,5.32,D,0
47.79104,28.9555,309.06,0.39,0.36,2019-03-29,0003,N20,VIIRS,n,2,272.55,0.96,N,2
46.56834,29.83202,334.3,0.42,0.61,2019-03-29,0949,N20,VIIRS,n,2,294.13,3.38,D,0
46.39451,29.98393,367,0.42,0.61,2019-03-29,0949,N20,VIIRS,h,2,293.04,7.61,D,0
46.39683,29.98604,352.93,0.55,0.51,2019-03-29,1129,N20,VIIRS,n,2,281.53,22.92,D,0
46.45874,29.88966,338.81,0.54,0.51,2019-03-29,1129,N20,VIIRS,n,2,274.36,4.49,D,0
46.39814,29.98419,350.26,0.55,0.51,2019-03-29,1129,N20,VIIRS,n,2,278.74,20.5,D,0
46.39343,29.98481,346.35,0.55,0.51,2019-03-29,1129,N20,VIIRS,n,2,277.42,20.5,D,0
46.39637,29.9788,336.43,0.55,0.51,2019-03-29,1129,N20,VIIRS,n,2,276.59,22.92,D,0
47.47282,28.91441,346.83,0.5,0.49,2019-03-29,1130,N20,VIIRS,n,2,276.31,7.34,D,0
47.95666,27.20406,342.5,0.42,0.45,2019-03-29,1130,N20,VIIRS,n,2,278.52,5.47,D,0
47.7918,28.95386,300.34,0.51,0.41,2019-03-29,2344,N20,VIIRS,n,2,273.73,1.12,N,2
47.01767,28.16282,344.24,0.45,0.39,2019-03-30,1111,N20,VIIRS,n,2,296.04,5.45,D,0
47.02121,28.16194,333.36,0.45,0.39,2019-03-30,1111,N20,VIIRS,n,2,300.01,5.45,D,0
47.43887,28.3258,332.71,0.46,0.39,2019-03-30,1111,N20,VIIRS,n,2,299.81,4.76,D,0
47.78904,28.95238,301.71,0.54,0.51,2019-03-30,2325,N20,VIIRS,n,2,274.36,1.07,N,2
46.03497,28.80473,297.6,0.44,0.62,2019-03-31,0106,N20,VIIRS,n,2,273.12,0.55,N,0
47.78911,28.95311,308.4,0.39,0.6,2019-03-31,0106,N20,VIIRS,n,2,274.74,1.31,N,2
45.63194,28.50944,336,0.39,0.36,2019-03-31,1051,N20,VIIRS,n,2,306.6,2.58,D,0
46.92367,28.90581,333.14,0.38,0.36,2019-03-31,1052,N20,VIIRS,n,2,304.46,1.63,D,0
46.9613,29.45278,335.47,0.39,0.36,2019-03-31,1052,N20,VIIRS,n,2,308.42,2.67,D,0
46.53869,28.34788,330.28,0.39,0.36,2019-03-31,1052,N20,VIIRS,l,2,304.81,2.04,D,0
46.32313,28.63207,333.81,0.38,0.36,2019-03-31,1052,N20,VIIRS,l,2,308.64,3.44,D,0
48.08189,27.20868,346.05,0.39,0.36,2019-03-31,1052,N20,VIIRS,n,2,301.03,5.88,D,0
47.96004,28.6104,333.21,0.38,0.36,2019-03-31,1052,N20,VIIRS,n,2,303.06,2.54,D,0
46.02892,28.63383,346.11,0.39,0.36,2019-03-31,1052,N20,VIIRS,n,2,309.04,5.38,D,0
47.7521,27.37874,334.01,0.39,0.36,2019-03-31,1052,N20,VIIRS,n,2,305.63,2.91,D,0
47.45728,28.28173,345.19,0.38,0.36,2019-03-31,1052,N20,VIIRS,n,2,302.8,4.41,D,0
47.42533,28.49542,333.26,0.38,0.36,2019-03-31,1052,N20,VIIRS,n,2,301.93,4.37,D,0
47.42611,28.50044,346.75,0.38,0.36,2019-03-31,1052,N20,VIIRS,n,2,300.83,4.37,D,0
47.42286,28.50153,342.44,0.38,0.36,2019-03-31,1052,N20,VIIRS,n,2,302.29,4.37,D,0
47.42363,28.50655,331.63,0.38,0.36,2019-03-31,1052,N20,VIIRS,n,2,300.51,3.07,D,0
47.19944,29.14653,343.65,0.38,0.36,2019-03-31,1052,N20,VIIRS,n,2,308.84,4.37,D,0
48.09597,27.08377,335.46,0.39,0.36,2019-03-31,1052,N20,VIIRS,l,2,308.74,5.39,D,0
47.82239,27.24258,332.43,0.39,0.36,2019-03-31,1052,N20,VIIRS,n,2,302.12,4.04,D,0
47.7932,28.95312,300.55,0.45,0.63,2019-03-31,2306,N20,VIIRS,n,2,276.78,1.87,N,2
47.78795,28.9538,305.21,0.49,0.49,2019-04-01,0047,N20,VIIRS,n,2,276.64,1.84,N,2
47.82415,28.08706,337.75,0.48,0.4,2019-04-01,1033,N20,VIIRS,n,2,301.17,23.42,D,0
47.98371,28.5991,335.41,0.46,0.39,2019-04-01,1033,N20,VIIRS,n,2,298.58,4.28,D,0
47.33964,28.64736,329.97,0.46,0.39,2019-04-01,1033,N20,VIIRS,n,2,295.89,4.69,D,0
47.19662,28.82161,335.65,0.46,0.39,2019-04-01,1033,N20,VIIRS,n,2,301.54,4.52,D,0
46.84753,28.35882,344.5,0.48,0.4,2019-04-01,1033,N20,VIIRS,n,2,301.88,5.75,D,0
46.84396,28.36033,344.79,0.48,0.4,2019-04-01,1033,N20,VIIRS,n,2,301.95,5.75,D,0
46.88979,28.76108,331.56,0.47,0.4,2019-04-01,1033,N20,VIIRS,n,2,295.13,2.71,D,0
46.88598,29.13346,331.48,0.46,0.39,2019-04-01,1033,N20,VIIRS,n,2,299.59,2.51,D,0
46.82706,29.2294,337.27,0.45,0.39,2019-04-01,1033,N20,VIIRS,n,2,298.89,2.29,D,0
46.18836,28.8262,333.07,0.48,0.4,2019-04-01,1033,N20,VIIRS,n,2,302.77,3.33,D,0
45.51767,28.36208,331.43,0.51,0.41,2019-04-01,1033,N20,VIIRS,n,2,303.17,2.56,D,0
45.59415,28.26924,350.75,0.77,0.78,2019-04-01,1214,N20,VIIRS,n,2,294.9,24.77,D,0
47.99672,28.38949,325.02,0.79,0.78,2019-04-01,1214,N20,VIIRS,n,2,289.26,4.6,D,0
46.75426,29.47624,298.61,0.71,0.75,2019-04-01,2248,N20,VIIRS,n,2,274.26,1.6,N,0
46.74952,29.47151,300.1,0.71,0.75,2019-04-01,2248,N20,VIIRS,n,2,273.86,2.09,N,0
47.18752,28.46282,302.64,0.47,0.4,2019-04-02,0028,N20,VIIRS,n,2,273.18,1.05,N,0
46.79723,29.38355,296.8,0.52,0.41,2019-04-02,0028,N20,VIIRS,n,2,273.28,0.72,N,0
47.18399,28.46133,321.59,0.47,0.4,2019-04-02,0028,N20,VIIRS,n,2,272.96,1.79,N,0
46.75301,29.47838,311.03,0.52,0.42,2019-04-02,0028,N20,VIIRS,n,2,274.46,2.28,N,0
47.78877,28.95441,311.95,0.48,0.4,2019-04-02,0028,N20,VIIRS,n,2,277.79,1.91,N,2
46.74937,29.4766,304.52,0.52,0.42,2019-04-02,0028,N20,VIIRS,n,2,274.2,1.28,N,0
45.65849,28.28029,315.22,0.49,0.41,2019-04-02,0029,N20,VIIRS,n,2,275.97,2.5,N,0
47.5458,28.98912,345.82,0.45,0.47,2019-04-02,1014,N20,VIIRS,n,2,293.46,4.67,D,0
47.1318,29.33811,340.64,0.45,0.47,2019-04-02,1014,N20,VIIRS,n,2,298.75,6.41,D,0
46.86505,28.43481,332.14,0.5,0.49,2019-04-02,1014,N20,VIIRS,n,2,299.68,3.34,D,0
46.86084,28.43722,333.66,0.5,0.49,2019-04-02,1014,N20,VIIRS,n,2,294.97,3.34,D,0
46.85186,28.85991,329.83,0.48,0.48,2019-04-02,1014,N20,VIIRS,n,2,293.64,3.67,D,0
46.84197,28.85806,337.51,0.48,0.48,2019-04-02,1014,N20,VIIRS,n,2,297.9,3.28,D,0
46.80741,28.89072,344.2,0.48,0.48,2019-04-02,1014,N20,VIIRS,n,2,295.8,8.93,D,0
46.80327,28.89307,338.79,0.48,0.48,2019-04-02,1014,N20,VIIRS,n,2,294.41,8.93,D,0
46.61366,29.59585,345.31,0.45,0.47,2019-04-02,1014,N20,VIIRS,n,2,297.07,7.33,D,0
46.09625,28.36617,328.14,0.53,0.5,2019-04-02,1014,N20,VIIRS,n,2,297.23,2.63,D,0
46.46088,29.88689,333.5,0.44,0.46,2019-04-02,1014,N20,VIIRS,n,2,296.53,1.68,D,0
47.54989,28.98698,339.68,0.45,0.47,2019-04-02,1014,N20,VIIRS,n,2,293.79,4.67,D,0
47.36324,28.24893,340.32,0.49,0.49,2019-04-02,1014,N20,VIIRS,n,2,292.61,8.09,D,0
47.11361,28.73263,332.2,0.48,0.48,2019-04-02,1014,N20,VIIRS,n,2,295.13,5.94,D,0
47.87533,27.86524,339.77,0.5,0.49,2019-04-02,1015,N20,VIIRS,n,2,299.3,6.16,D,0
48.40513,27.3086,350.1,0.51,0.49,2019-04-02,1015,N20,VIIRS,n,2,293.74,5.2,D,0
48.40674,27.31493,347.95,0.51,0.49,2019-04-02,1015,N20,VIIRS,n,2,291.61,5.2,D,0
48.40248,27.31734,334.49,0.51,0.49,2019-04-02,1015,N20,VIIRS,n,2,291.68,5.2,D,0
45.74493,28.25983,331.21,0.45,0.63,2019-04-02,1155,N20,VIIRS,n,2,299.91,9.39,D,0
48.30344,27.84429,329.76,0.45,0.63,2019-04-02,1155,N20,VIIRS,n,2,293.77,1.66,D,0
48.10357,27.4352,337.95,0.43,0.62,2019-04-02,1155,N20,VIIRS,n,2,296.62,4.72,D,0
48.10254,27.43783,347.95,0.43,0.62,2019-04-02,1155,N20,VIIRS,n,2,296.65,3.54,D,0
47.90885,28.66243,328.15,0.49,0.65,2019-04-02,1155,N20,VIIRS,n,2,295.86,4.45,D,0
47.90892,28.66897,334.21,0.49,0.65,2019-04-02,1155,N20,VIIRS,n,2,294.31,4.99,D,0
47.90773,28.6644,336.97,0.49,0.65,2019-04-02,1155,N20,VIIRS,n,2,296.44,6.26,D,0
47.78284,28.1695,353.65,0.46,0.64,2019-04-02,1155,N20,VIIRS,n,2,295.5,6.91,D,0
47.3617,28.25267,331.23,0.46,0.64,2019-04-02,1155,N20,VIIRS,n,2,289.57,2.47,D,0
47.34764,28.45531,345.77,0.47,0.64,2019-04-02,1155,N20,VIIRS,n,2,292.3,4.64,D,0
47.1574,28.46205,337.18,0.47,0.64,2019-04-02,1155,N20,VIIRS,n,2,293.41,4.53,D,0
46.95552,28.2036,356.15,0.46,0.63,2019-04-02,1155,N20,VIIRS,n,2,298.56,6.88,D,0
46.84616,28.86432,328.05,0.49,0.65,2019-04-02,1155,N20,VIIRS,n,2,292.93,2.29,D,0
46.78645,28.94005,367,0.5,0.66,2019-04-02,1155,N20,VIIRS,h,2,291.4,10.26,D,0
46.78593,28.9465,327.95,0.5,0.66,2019-04-02,1155,N20,VIIRS,n,2,294.91,5.71,D,0
46.78581,28.93983,367,0.5,0.65,2019-04-02,1155,N20,VIIRS,h,2,292.49,5.71,D,0
46.55642,28.30631,336.79,0.46,0.64,2019-04-02,1155,N20,VIIRS,n,2,294.89,1.6,D,0
45.74479,28.25405,354.68,0.45,0.63,2019-04-02,1155,N20,VIIRS,n,2,302.15,9.39,D,0
48.30179,27.28751,331.49,0.42,0.61,2019-04-02,1155,N20,VIIRS,n,2,299.63,2.04,D,0
45.74609,28.25488,355.6,0.45,0.63,2019-04-02,1155,N20,VIIRS,n,2,302.8,15.46,D,0
45.58964,28.28014,345.45,0.45,0.63,2019-04-02,1155,N20,VIIRS,n,2,299.12,5.68,D,0
45.58979,28.28596,350.5,0.45,0.63,2019-04-02,1155,N20,VIIRS,n,2,297.33,5.68,D,0
48.40656,27.30296,331.27,0.42,0.61,2019-04-02,1155,N20,VIIRS,n,2,294.49,2.32,D,0
48.40116,27.31513,343.47,0.42,0.61,2019-04-02,1155,N20,VIIRS,n,2,295.04,3.74,D,0
48.38821,27.75275,330.75,0.44,0.63,2019-04-02,1155,N20,VIIRS,n,2,295.03,2.85,D,0
47.80178,27.93247,300,0.39,0.36,2019-04-03,0009,N20,VIIRS,n,2,269.21,0.32,N,0
47.71146,27.98649,299.26,0.38,0.36,2019-04-03,0009,N20,VIIRS,n,2,268.05,0.59,N,0
47.78898,28.95331,314.51,0.38,0.36,2019-04-03,0009,N20,VIIRS,n,2,273.34,1.39,N,2
46.56808,29.90681,295.74,0.4,0.37,2019-04-03,0010,N20,VIIRS,n,2,267.88,0.58,N,0
45.54184,28.32883,312.12,0.39,0.36,2019-04-03,0010,N20,VIIRS,n,2,271.55,1.64,N,0
47.10932,28.76005,297.99,0.39,0.36,2019-04-03,0010,N20,VIIRS,n,2,269.38,0.62,N,0
47.27467,28.41353,316.45,0.38,0.36,2019-04-03,0010,N20,VIIRS,n,2,266.85,1.34,N,0
47.2944,28.28865,295.5,0.38,0.36,2019-04-03,0010,N20,VIIRS,n,2,268.54,1.1,N,0
46.80082,29.7373,301.75,0.39,0.36,2019-04-03,0010,N20,VIIRS,n,2,268.98,0.79,N,0
47.10607,28.75892,297.58,0.39,0.36,2019-04-03,0010,N20,VIIRS,n,2,268.78,0.62,N,0
46.86763,28.7887,296.42,0.39,0.36,2019-04-03,0010,N20,VIIRS,n,2,267.14,0.46,N,0
47.27387,28.41853,311.76,0.38,0.36,2019-04-03,0010,N20,VIIRS,n,2,267.91,1.15,N,0
46.58427,29.55902,347.67,0.37,0.58,2019-04-03,0955,N20,VIIRS,n,2,293.23,4.17,D,0
46.58304,29.55477,335.29,0.37,0.58,2019-04-03,0955,N20,VIIRS,n,2,292.81,4.58,D,0
46.59035,29.56,342.46,0.37,0.58,2019-04-03,0955,N20,VIIRS,n,2,297.53,4.17,D,0
46.58549,29.56331,367,0.37,0.58,2019-04-03,0955,N20,VIIRS,h,2,294.59,4.17,D,0
46.57747,28.57993,345.7,0.41,0.6,2019-04-03,0955,N20,VIIRS,n,2,296.37,4.73,D,0
46.58912,29.55571,330.53,0.37,0.58,2019-04-03,0955,N20,VIIRS,n,2,295.13,4.17,D,0
47.66557,28.04883,327.94,0.4,0.6,2019-04-03,0956,N20,VIIRS,n,2,293.17,1.16,D,0
46.5775,28.57851,343.74,0.41,0.6,2019-04-03,0956,N20,VIIRS,n,2,295.62,4.99,D,0
46.92379,29.41441,338.94,0.36,0.58,2019-04-03,0956,N20,VIIRS,n,2,296.55,3.39,D,0
46.68734,28.53899,330.74,0.4,0.6,2019-04-03,0956,N20,VIIRS,n,2,297.85,4.24,D,0
46.6869,28.53665,330.73,0.4,0.6,2019-04-03,0956,N20,VIIRS,n,2,297.73,1.31,D,0
47.02306,28.66336,329.67,0.39,0.59,2019-04-03,0956,N20,VIIRS,n,2,296.15,2.6,D,0
47.05723,28.67803,327.23,0.39,0.59,2019-04-03,0956,N20,VIIRS,n,2,290.15,1.85,D,0
47.23608,28.74053,326.51,0.38,0.59,2019-04-03,0956,N20,VIIRS,n,2,294.13,1.15,D,0
47.14716,28.36043,331.39,0.4,0.6,2019-04-03,0956,N20,VIIRS,n,2,294.44,2.57,D,0
47.36714,29.08849,329.42,0.36,0.58,2019-04-03,0956,N20,VIIRS,n,2,292.34,1.87,D,0
47.34171,28.87992,326.01,0.37,0.58,2019-04-03,0956,N20,VIIRS,n,2,295.13,1.45,D,0
47.26921,28.31901,351.22,0.4,0.6,2019-04-03,0956,N20,VIIRS,n,2,291.95,6.3,D,0
47.29197,28.29406,329.56,0.4,0.6,2019-04-03,0956,N20,VIIRS,n,2,291.84,2.88,D,0
47.29711,28.29103,337.87,0.4,0.6,2019-04-03,0956,N20,VIIRS,n,2,291.41,2.88,D,0
47.29746,28.28804,330.02,0.4,0.6,2019-04-03,0956,N20,VIIRS,n,2,289.63,2.19,D,0
47.49445,28.66951,334.03,0.38,0.58,2019-04-03,0956,N20,VIIRS,n,2,296.01,1.95,D,0
47.6713,27.37839,330.19,0.42,0.61,2019-04-03,0956,N20,VIIRS,n,2,294.46,1.43,D,0
47.86142,27.90516,331.87,0.4,0.6,2019-04-03,0956,N20,VIIRS,n,2,295.68,1.65,D,0
48.29181,27.96687,327.62,0.38,0.59,2019-04-03,0956,N20,VIIRS,n,2,292.65,1.81,D,0
48.34368,27.14295,367,0.41,0.61,2019-04-03,0956,N20,VIIRS,h,2,295.17,6.86,D,0
48.36908,27.79912,330.18,0.54,0.51,2019-04-03,1136,N20,VIIRS,n,2,295.35,4.61,D,0
46.67794,28.63007,331.08,0.57,0.52,2019-04-03,1136,N20,VIIRS,n,2,299.64,4.1,D,0
46.68176,28.53457,332.97,0.56,0.51,2019-04-03,1136,N20,VIIRS,n,2,302.87,2.97,D,0
46.48493,28.7845,342.66,0.57,0.52,2019-04-03,1136,N20,VIIRS,n,2,301.58,4.69,D,0
46.48564,28.78382,342.71,0.57,0.52,2019-04-03,1136,N20,VIIRS,n,2,302.31,6.24,D,0
45.94262,28.38938,340.91,0.54,0.51,2019-04-03,1136,N20,VIIRS,n,2,300.03,6.97,D,0
45.94095,28.39075,342.45,0.54,0.51,2019-04-03,1136,N20,VIIRS,n,2,300.72,11.43,D,0
45.75288,28.21745,341.24,0.53,0.5,2019-04-03,1136,N20,VIIRS,n,2,301.57,4.17,D,0
46.78698,29.01199,341.25,0.59,0.53,2019-04-03,1136,N20,VIIRS,n,2,303.06,12.21,D,0
46.79186,29.01136,341.4,0.59,0.53,2019-04-03,1136,N20,VIIRS,n,2,301.8,22.07,D,0
46.79142,29.00378,334.26,0.59,0.53,2019-04-03,1136,N20,VIIRS,n,2,300.06,22.07,D,0
46.9549,28.93994,332.86,0.59,0.53,2019-04-03,1136,N20,VIIRS,n,2,296.35,2.73,D,0
47.00556,28.63771,341.15,0.57,0.52,2019-04-03,1136,N20,VIIRS,n,2,301.22,12.08,D,0
47.0048,28.6372,340.66,0.57,0.52,2019-04-03,1136,N20,VIIRS,n,2,301.43,8.08,D,0
47.03052,28.66478,335.36,0.57,0.52,2019-04-03,1136,N20,VIIRS,n,2,298.15,5.52,D,0
47.0301,28.65733,336.96,0.57,0.52,2019-04-03,1136,N20,VIIRS,n,2,300.74,5.52,D,0
47.23619,28.73927,346.86,0.58,0.52,2019-04-03,1136,N20,VIIRS,n,2,303.52,19.16,D,0
47.29225,28.2966,331.26,0.55,0.51,2019-04-03,1136,N20,VIIRS,n,2,295.4,2.93,D,0
47.34702,28.88574,340.64,0.59,0.53,2019-04-03,1136,N20,VIIRS,n,2,299.05,7.58,D,0
47.34656,28.87789,340.48,0.59,0.53,2019-04-03,1136,N20,VIIRS,n,2,299.34,9.69,D,0
47.29321,28.29677,338.92,0.55,0.51,2019-04-03,1136,N20,VIIRS,n,2,296.04,4.61,D,0
47.34443,28.87885,344.17,0.59,0.53,2019-04-03,1136,N20,VIIRS,n,2,299.49,12.87,D,0
47.381,27.95155,340.41,0.53,0.5,2019-04-03,1136,N20,VIIRS,n,2,297.26,4.94,D,0
47.38336,27.95004,339.71,0.53,0.5,2019-04-03,1136,N20,VIIRS,n,2,298.67,6.88,D,0
47.40231,27.8762,334.21,0.53,0.5,2019-04-03,1136,N20,VIIRS,n,2,300.6,6.77,D,0
47.59261,28.93065,339.09,0.6,0.53,2019-04-03,1136,N20,VIIRS,n,2,295.07,5.1,D,0
47.95555,27.80619,334.87,0.53,0.5,2019-04-03,1136,N20,VIIRS,n,2,300.94,4.29,D,0
48.11247,27.09528,340.07,0.5,0.49,2019-04-03,1136,N20,VIIRS,n,2,299.29,8.03,D,0
48.11696,27.09451,331.6,0.5,0.49,2019-04-03,1136,N20,VIIRS,n,2,298.6,6.46,D,0
48.33009,27.54222,342.71,0.52,0.5,2019-04-03,1136,N20,VIIRS,n,2,294.82,4.9,D,0
48.31092,27.16529,343.9,0.5,0.49,2019-04-03,1136,N20,VIIRS,n,2,297.62,13.69,D,0
48.36441,27.79981,344.08,0.54,0.51,2019-04-03,1136,N20,VIIRS,n,2,297.78,4.61,D,0
46.95199,28.81853,324.94,0.44,0.39,2019-04-03,2351,N20,VIIRS,n,2,269.23,2.05,N,0
47.78962,28.9581,301.2,0.45,0.39,2019-04-03,2351,N20,VIIRS,n,2,273.22,1.78,N,2
47.56167,29.02427,303.08,0.44,0.39,2019-04-03,2351,N20,VIIRS,n,2,269.95,1.46,N,3
47.5043,28.44052,307.16,0.46,0.39,2019-04-03,2351,N20,VIIRS,n,2,268.68,1.28,N,0
47.1493,28.54848,299.77,0.46,0.39,2019-04-03,2351,N20,VIIRS,n,2,269.15,1.36,N,0
47.45393,28.74789,311.75,0.73,0.76,2019-04-04,0131,N20,VIIRS,n,2,269.12,2.37,N,0
47.27996,28.50462,327.38,0.62,0.71,2019-04-04,0937,N20,VIIRS,n,2,290.88,5.43,D,0
46.60575,29.80997,327.94,0.57,0.69,2019-04-04,0937,N20,VIIRS,n,2,293.2,2.46,D,0
47.14589,28.54539,354.15,0.62,0.72,2019-04-04,0937,N20,VIIRS,n,2,294.16,9.46,D,0
47.14559,28.54606,353.72,0.62,0.72,2019-04-04,0937,N20,VIIRS,n,2,294.02,8.09,D,0
47.27663,28.51633,343.71,0.62,0.71,2019-04-04,0937,N20,VIIRS,n,2,290.08,8.01,D,0
47.27374,28.50809,325.83,0.62,0.71,2019-04-04,0937,N20,VIIRS,n,2,293.38,7.13,D,0
47.19776,28.01378,348.93,0.65,0.73,2019-04-04,0937,N20,VIIRS,n,2,289.86,7.76,D,0
47.19576,28.01597,348.42,0.65,0.73,2019-04-04,0937,N20,VIIRS,n,2,289.82,8.24,D,0
47.504,28.44376,328.36,0.61,0.71,2019-04-04,0937,N20,VIIRS,n,2,292.48,4.09,D,0
47.5602,28.05198,327.93,0.63,0.72,2019-04-04,0937,N20,VIIRS,n,2,288.73,3.03,D,0
47.81343,27.58968,337.98,0.65,0.73,2019-04-04,0937,N20,VIIRS,n,2,290.8,11.12,D,0
47.81051,27.58152,355.71,0.65,0.73,2019-04-04,0937,N20,VIIRS,n,2,292.79,11.12,D,0
47.81639,27.5767,345.75,0.65,0.73,2019-04-04,0937,N20,VIIRS,n,2,290.87,11.16,D,0
47.35693,27.67223,335.17,0.49,0.4,2019-04-04,1117,N20,VIIRS,n,2,298.04,4.21,D,0
45.50774,28.40948,330.87,0.5,0.41,2019-04-04,1117,N20,VIIRS,n,2,298.37,1.67,D,0
46.30204,28.26352,331.99,0.5,0.41,2019-04-04,1117,N20,VIIRS,n,2,294.91,2.82,D,0
46.44812,28.67869,342.99,0.52,0.42,2019-04-04,1117,N20,VIIRS,n,2,299.04,8.99,D,0
46.97152,28.82711,332.55,0.53,0.42,2019-04-04,1117,N20,VIIRS,n,2,297.66,5.54,D,0
47.113,28.73347,340.8,0.53,0.42,2019-04-04,1117,N20,VIIRS,n,2,297.26,5.77,D,0
47.12942,28.70107,338.28,0.53,0.42,2019-04-04,1117,N20,VIIRS,n,2,299.31,8.13,D,0
47.1471,28.54589,330.77,0.52,0.42,2019-04-04,1117,N20,VIIRS,n,2,298.1,2.6,D,0
47.14641,28.53883,330.44,0.52,0.42,2019-04-04,1117,N20,VIIRS,n,2,295.45,2.6,D,0
47.20997,28.79041,331.48,0.54,0.42,2019-04-04,1117,N20,VIIRS,n,2,296.69,25.08,D,0
47.2011,28.00883,329.78,0.5,0.41,2019-04-04,1117,N20,VIIRS,n,2,295.47,4.4,D,0
47.20551,28.01457,331.32,0.5,0.41,2019-04-04,1117,N20,VIIRS,n,2,294.69,4.4,D,0
47.27896,28.51741,330.36,0.52,0.42,2019-04-04,1117,N20,VIIRS,n,2,295.74,3.6,D,0
47.26435,28.66397,335.48,0.53,0.42,2019-04-04,1117,N20,VIIRS,n,2,302.41,3.87,D,0
47.2783,28.51061,335.89,0.52,0.42,2019-04-04,1117,N20,VIIRS,n,2,300.11,7.43,D,0
47.37311,28.30697,331.67,0.52,0.41,2019-04-04,1117,N20,VIIRS,n,2,295.06,2.43,D,0
47.38036,27.928,330.67,0.5,0.41,2019-04-04,1117,N20,VIIRS,n,2,294.15,5.77,D,0
47.38408,27.92712,331.55,0.5,0.41,2019-04-04,1117,N20,VIIRS,n,2,293.95,6.01,D,0
47.50234,28.44802,337.52,0.52,0.42,2019-04-04,1117,N20,VIIRS,n,2,299.7,4.63,D,0
47.50166,28.44119,340.04,0.52,0.42,2019-04-04,1117,N20,VIIRS,n,2,298.3,4.63,D,0
47.71228,29.01918,337.82,0.55,0.43,2019-04-04,1117,N20,VIIRS,n,2,303.11,11.19,D,0
47.63282,28.21475,336.62,0.51,0.41,2019-04-04,1117,N20,VIIRS,n,2,300.08,6.52,D,0
47.7114,29.0183,344.72,0.55,0.43,2019-04-04,1117,N20,VIIRS,n,2,301.1,9.78,D,0
47.84791,27.95527,332.77,0.51,0.41,2019-04-04,1117,N20,VIIRS,n,2,302.03,18.36,D,0
47.81354,27.58166,341.98,0.49,0.4,2019-04-04,1117,N20,VIIRS,n,2,299.06,5.89,D,0
47.96032,28.62361,333.93,0.54,0.42,2019-04-04,1117,N20,VIIRS,n,2,298.15,7.55,D,0
48.15742,27.53138,329.65,0.49,0.4,2019-04-04,1117,N20,VIIRS,n,2,296.64,2.94,D,0
48.29438,27.97051,342.93,0.51,0.41,2019-04-04,1117,N20,VIIRS,n,2,299.14,10.09,D,0
47.26575,28.6634,331.86,0.53,0.42,2019-04-04,1117,N20,VIIRS,n,2,301.45,2.2,D,0
47.20177,28.01537,330.6,0.5,0.41,2019-04-04,1117,N20,VIIRS,n,2,294.76,4.4,D,0
47.78809,28.95431,301.72,0.46,0.47,2019-04-04,2332,N20,VIIRS,n,2,273.94,2.36,N,2
46.79586,29.22205,335.8,0.44,0.46,2019-04-04,2332,N20,VIIRS,n,2,272.74,3.85,N,0
47.48425,28.15972,316.83,0.5,0.49,2019-04-04,2332,N20,VIIRS,n,2,273.68,2.09,N,0
47.20129,29.32038,310.56,0.44,0.46,2019-04-04,2332,N20,VIIRS,n,2,270.37,1.41,N,0
47.20232,29.32013,304.3,0.44,0.46,2019-04-04,2332,N20,VIIRS,n,2,270.51,1.19,N,0
46.80012,29.22257,338.49,0.44,0.46,2019-04-04,2332,N20,VIIRS,n,2,273.6,7.69,N,0
47.89937,28.38574,327.8,0.49,0.48,2019-04-04,2332,N20,VIIRS,n,2,270.78,2.82,N,0
47.89721,28.38595,328.34,0.49,0.48,2019-04-04,2332,N20,VIIRS,n,2,271.25,3.61,N,0
46.55189,28.40359,299.69,0.48,0.64,2019-04-05,0112,N20,VIIRS,n,2,269.23,0.74,N,0
46.79664,29.22085,335.04,0.51,0.66,2019-04-05,0112,N20,VIIRS,n,2,272.21,5.12,N,0
47.20153,29.3185,302.21,0.5,0.66,2019-04-05,0112,N20,VIIRS,n,2,269.87,1.17,N,0
47.89797,28.38525,367,0.43,0.62,2019-04-05,0112,N20,VIIRS,h,2,272.95,11.45,N,0
47.79036,28.95449,308.97,0.46,0.63,2019-04-05,0112,N20,VIIRS,n,2,272.93,1.63,N,2
48.32621,27.3049,299.67,0.38,0.58,2019-04-05,0112,N20,VIIRS,n,2,271.83,1.14,N,0
46.56823,29.66464,329.63,0.4,0.37,2019-04-05,1058,N20,VIIRS,n,2,293.5,3.69,D,0
46.81989,29.06427,330.36,0.4,0.37,2019-04-05,1058,N20,VIIRS,n,2,295.9,2.47,D,0
46.88801,28.99346,336.36,0.39,0.37,2019-04-05,1058,N20,VIIRS,n,2,294.56,3.26,D,0
46.88192,28.70266,345.91,0.39,0.36,2019-04-05,1058,N20,VIIRS,n,2,298.07,7.6,D,0
45.81306,28.36021,334.11,0.39,0.36,2019-04-05,1058,N20,VIIRS,n,2,298.28,3.03,D,0
46.98632,28.57339,331.78,0.39,0.36,2019-04-05,1058,N20,VIIRS,n,2,297.47,4.24,D,0
46.98302,28.43443,331.62,0.39,0.36,2019-04-05,1058,N20,VIIRS,n,2,295.11,3.83,D,0
47.04536,28.5109,341.52,0.39,0.36,2019-04-05,1058,N20,VIIRS,n,2,295.45,7.63,D,0
47.04706,28.33039,334.65,0.39,0.36,2019-04-05,1058,N20,VIIRS,n,2,294.99,3.48,D,0
47.14933,28.02512,334.57,0.39,0.36,2019-04-05,1058,N20,VIIRS,n,2,297.27,2.98,D,0
47.35291,29.13416,332.44,0.4,0.37,2019-04-05,1058,N20,VIIRS,n,2,296.1,4.03,D,0
47.49352,28.69662,341.88,0.39,0.36,2019-04-05,1058,N20,VIIRS,n,2,303.86,21.77,D,0
46.56346,29.65501,342.45,0.4,0.37,2019-04-05,1058,N20,VIIRS,n,2,294.7,3.59,D,0
46.56883,28.77732,332.21,0.39,0.36,2019-04-05,1058,N20,VIIRS,n,2,296.54,2.36,D,0
48.02828,27.47329,356.52,0.39,0.36,2019-04-05,1058,N20,VIIRS,n,2,300.44,11.06,D,0
47.98615,27.23617,333.91,0.38,0.36,2019-04-05,1058,N20,VIIRS,n,2,296.48,2.01,D,0
47.8359,28.10237,297.71,0.39,0.36,2019-04-05,1058,N20,VIIRS,l,2,299.02,20.4,D,0
47.4928,28.69141,332.56,0.39,0.36,2019-04-05,1058,N20,VIIRS,n,2,298.26,5.38,D,0
47.83663,28.10753,332.91,0.39,0.36,2019-04-05,1058,N20,VIIRS,n,2,294.26,18.79,D,0
47.85109,28.48042,338.68,0.39,0.36,2019-04-05,1058,N20,VIIRS,n,2,297.79,3.08,D,0
47.84492,28.46078,332.04,0.39,0.36,2019-04-05,1058,N20,VIIRS,n,2,296.25,3.28,D,0
47.49959,27.7582,331.37,0.39,0.36,2019-04-05,1058,N20,VIIRS,n,2,296.01,1.95,D,0
47.44902,28.28133,328.47,0.39,0.36,2019-04-05,1058,N20,VIIRS,n,2,296.89,1.77,D,0
47.49684,28.69564,331.7,0.39,0.36,2019-04-05,1058,N20,VIIRS,n,2,293.67,4.25,D,0
45.51362,28.20445,337.34,0.38,0.36,2019-04-05,1058,N20,VIIRS,n,2,295.96,2.32,D,0
48.43946,27.57575,330.6,0.39,0.36,2019-04-05,1059,N20,VIIRS,n,2,294.62,4.71,D,0
48.43619,27.57682,334.4,0.39,0.36,2019-04-05,1059,N20,VIIRS,n,2,296.74,4.71,D,0
48.43693,27.58196,333.28,0.39,0.36,2019-04-05,1059,N20,VIIRS,n,2,297.46,4.71,D,0
47.78632,29.01544,300.1,0.38,0.59,2019-04-05,2313,N20,VIIRS,n,2,273.75,1.27,N,2
47.78854,28.95352,303.21,0.38,0.59,2019-04-05,2313,N20,VIIRS,n,2,272.62,1.72,N,2
47.95028,27.60333,298.82,0.44,0.63,2019-04-05,2313,N20,VIIRS,n,2,272.69,0.78,N,0
46.47425,30.0073,330.88,0.4,0.37,2019-04-06,1039,N20,VIIRS,n,2,295.77,2.64,D,0
47.7508,29.19942,338.82,0.41,0.37,2019-04-06,1039,N20,VIIRS,n,2,299.63,3.36,D,0
47.68076,29.18882,345.82,0.41,0.37,2019-04-06,1039,N20,VIIRS,n,2,301.79,3.45,D,0
47.58111,28.77146,331.23,0.41,0.37,2019-04-06,1039,N20,VIIRS,n,2,301.26,2.87,D,0
47.58211,28.77692,332.18,0.41,0.37,2019-04-06,1039,N20,VIIRS,n,2,300.35,2.87,D,0
47.45174,28.13074,346.24,0.43,0.38,2019-04-06,1039,N20,VIIRS,n,2,299.03,5.63,D,0
47.44833,28.13204,335.48,0.43,0.38,2019-04-06,1039,N20,VIIRS,n,2,298.74,6.69,D,0
47.38951,28.31252,333.46,0.43,0.38,2019-04-06,1039,N20,VIIRS,n,2,298.5,3.54,D,0
47.47237,28.78207,331.83,0.42,0.37,2019-04-06,1039,N20,VIIRS,n,2,300.84,3.94,D,0
47.40626,28.61285,332.05,0.42,0.38,2019-04-06,1039,N20,VIIRS,n,2,300.83,3.59,D,0
47.40725,28.61827,331.63,0.42,0.38,2019-04-06,1039,N20,VIIRS,n,2,297.42,3.59,D,0
47.40289,28.6141,331.82,0.42,0.38,2019-04-06,1039,N20,VIIRS,n,2,299.45,2.45,D,0
47.40388,28.61952,335.04,0.42,0.38,2019-04-06,1039,N20,VIIRS,n,2,299.35,2.45,D,0
47.32068,28.32415,332.88,0.43,0.38,2019-04-06,1039,N20,VIIRS,n,2,293.1,3.95,D,0
47.31025,28.40514,344.04,0.43,0.38,2019-04-06,1039,N20,VIIRS,n,2,301.1,9.69,D,0
47.12458,28.38409,329.6,0.43,0.38,2019-04-06,1039,N20,VIIRS,n,2,295.78,1.96,D,0
47.08292,28.79969,333.23,0.42,0.38,2019-04-06,1039,N20,VIIRS,n,2,303.02,12.16,D,0
46.98018,28.43836,336.19,0.43,0.38,2019-04-06,1039,N20,VIIRS,n,2,296.26,2.38,D,0
46.89697,29.55663,333.46,0.41,0.37,2019-04-06,1039,N20,VIIRS,n,2,301.23,2.24,D,0
46.6992,29.66793,332.79,0.41,0.37,2019-04-06,1039,N20,VIIRS,n,2,300.68,2.48,D,0
46.63818,29.36232,335.87,0.41,0.37,2019-04-06,1039,N20,VIIRS,n,2,301.78,2.61,D,0
45.98919,28.34111,344.4,0.44,0.39,2019-04-06,1039,N20,VIIRS,n,2,305.46,11.83,D,0
45.73618,28.52716,331.17,0.44,0.39,2019-04-06,1039,N20,VIIRS,n,2,297.24,2.21,D,0
45.49309,28.16699,332.57,0.46,0.39,2019-04-06,1039,N20,VIIRS,n,2,297.53,5.01,D,0
48.25504,26.86779,327.75,0.46,0.39,2019-04-06,1040,N20,VIIRS,n,2,287.6,1.81,D,0
48.40187,27.63779,295.85,0.48,0.4,2019-04-07,0034,N20,VIIRS,n,2,271.24,0.76,N,0
48.25839,27.49507,340.47,0.43,0.46,2019-04-07,1021,N20,VIIRS,n,2,297.81,6.28,D,0
48.38407,27.79314,334.13,0.42,0.45,2019-04-07,1021,N20,VIIRS,n,2,289.63,6.05,D,0
48.39053,27.80186,334.96,0.41,0.45,2019-04-07,1021,N20,VIIRS,n,2,289.85,4.59,D,0
48.39198,27.78919,331.48,0.42,0.45,2019-04-07,1021,N20,VIIRS,n,2,289.37,4.14,D,0
48.38927,27.79649,329.04,0.41,0.45,2019-04-07,1021,N20,VIIRS,n,2,290.03,6.05,D,0
48.12215,28.29586,326.93,0.4,0.44,2019-04-07,1021,N20,VIIRS,n,2,296.31,1.85,D,0
47.04543,28.2881,336.8,0.55,0.68,2019-04-07,1201,N20,VIIRS,n,2,278.07,5.69,D,0
47.04106,28.28724,331.57,0.55,0.68,2019-04-07,1201,N20,VIIRS,n,2,277.65,6.89,D,0
47.20065,28.05509,304.64,0.39,0.36,2019-04-08,0016,N20,VIIRS,n,2,270.33,1.08,N,0
48.33016,27.14319,322.29,0.38,0.36,2019-04-08,0016,N20,VIIRS,n,2,275.75,1.26,N,0
48.32936,27.14828,302.08,0.38,0.36,2019-04-08,0016,N20,VIIRS,n,2,275.28,1.26,N,0
47.78942,28.95461,302.38,0.4,0.37,2019-04-08,0016,N20,VIIRS,n,2,277.45,1.08,N,2
47.79125,28.95356,300.94,0.41,0.37,2019-04-08,2357,N20,VIIRS,n,2,269.86,1.03,N,2
46.46547,29.60066,334.71,0.44,0.46,2019-04-09,1123,N20,VIIRS,n,2,285.59,3.57,D,0
47.79058,28.95433,298.61,0.39,0.44,2019-04-09,2338,N20,VIIRS,n,2,275.39,1.07,N,2
47.27536,28.41009,344.77,0.41,0.37,2019-04-10,1104,N20,VIIRS,n,2,298.04,4.87,D,0
47.27876,28.40913,342.69,0.41,0.37,2019-04-10,1104,N20,VIIRS,n,2,299.41,5.61,D,0
47.24315,28.24025,334.87,0.41,0.37,2019-04-10,1104,N20,VIIRS,n,2,291.73,3.98,D,0
47.24654,28.23936,327.84,0.41,0.37,2019-04-10,1104,N20,VIIRS,n,2,288.28,3.98,D,0
47.78984,28.95634,297.66,0.51,0.41,2019-04-14,2344,N20,VIIRS,n,2,268.54,1.2,N,2
48.29519,27.85825,332.81,0.45,0.39,2019-04-15,1111,N20,VIIRS,n,2,293.41,4.7,D,0
48.25589,27.0131,331.43,0.43,0.38,2019-04-15,1111,N20,VIIRS,n,2,295.85,3.13,D,0
48.25518,27.00734,325.13,0.43,0.38,2019-04-15,1111,N20,VIIRS,n,2,295.66,3.13,D,0
47.78459,29.01519,299.12,0.45,0.39,2019-04-19,2350,N20,VIIRS,n,2,275.12,0.99,N,2
47.78818,28.95473,314.83,0.45,0.39,2019-04-19,2350,N20,VIIRS,n,2,276.56,2.26,N,2
46.70031,29.77341,316.91,0.42,0.37,2019-04-19,2351,N20,VIIRS,n,2,271.4,1.02,N,0
46.58722,29.68513,330.35,0.38,0.43,2019-04-20,1117,N20,VIIRS,n,2,298.11,3.02,D,0
46.58675,29.68018,344.26,0.38,0.43,2019-04-20,1117,N20,VIIRS,n,2,299.36,5.05,D,0
46.67606,28.72463,327,0.39,0.36,2019-04-21,1058,N20,VIIRS,n,2,284.11,1.58,D,0
47.78902,28.95478,306.77,0.38,0.59,2019-04-21,2313,N20,VIIRS,n,2,275.14,1.36,N,2
47.78679,29.01685,310.04,0.38,0.59,2019-04-21,2313,N20,VIIRS,n,2,278.82,1.48,N,2
47.82653,28.56058,336.44,0.42,0.37,2019-04-22,1039,N20,VIIRS,n,2,289.8,4.11,D,0
47.83363,28.54031,325.15,0.42,0.37,2019-04-22,1039,N20,VIIRS,n,2,293.93,1.34,D,0
46.89675,28.7906,326.3,0.42,0.38,2019-04-22,1039,N20,VIIRS,n,2,294.61,1.69,D,0
47.78798,28.95535,297.04,0.64,0.72,2019-04-22,2254,N20,VIIRS,n,2,274.76,0.99,N,2
47.7908,28.95222,297.16,0.55,0.42,2019-04-23,0034,N20,VIIRS,n,2,274.15,1.82,N,2
47.09945,28.89331,308.86,0.56,0.43,2019-04-23,0035,N20,VIIRS,n,2,273.18,1.47,N,0
46.32742,28.60464,339.93,0.43,0.46,2019-04-23,1020,N20,VIIRS,n,2,301.96,5.97,D,0
47.09853,28.99304,340.67,0.4,0.44,2019-04-23,1020,N20,VIIRS,n,2,294.64,2.01,D,0
47.78773,27.65939,330.17,0.43,0.46,2019-04-23,1021,N20,VIIRS,n,2,301.11,3.05,D,0
48.36471,27.11101,336.12,0.44,0.46,2019-04-23,1021,N20,VIIRS,n,2,295.72,3.29,D,0
48.08791,27.33998,328.01,0.44,0.46,2019-04-23,1021,N20,VIIRS,l,2,299.33,2.71,D,0
47.91354,27.57928,341.08,0.43,0.46,2019-04-23,1021,N20,VIIRS,n,2,300.53,4.67,D,0
47.53458,27.51215,327.89,0.45,0.47,2019-04-23,1021,N20,VIIRS,n,2,297.96,1.84,D,0
47.53176,28.26904,329.33,0.42,0.45,2019-04-23,1021,N20,VIIRS,n,2,297.22,1.73,D,0
47.1773,28.59556,330.53,0.41,0.45,2019-04-23,1021,N20,VIIRS,n,2,299.27,2.64,D,0
47.17844,28.60059,334.55,0.41,0.45,2019-04-23,1021,N20,VIIRS,n,2,298.01,2.64,D,0
47.72902,27.86696,367,0.53,0.67,2019-04-23,1201,N20,VIIRS,h,2,290.89,11.37,D,0
47.78825,28.95632,315.98,0.4,0.37,2019-04-24,0016,N20,VIIRS,n,2,278.21,2.12,N,2
47.78931,28.95469,314.05,0.41,0.37,2019-04-24,2357,N20,VIIRS,n,2,279.62,2.15,N,2
46.99885,29.517,316.67,0.4,0.37,2019-04-24,2357,N20,VIIRS,n,2,274.51,1.86,N,0
48.35939,27.60187,348.66,0.53,0.67,2019-04-25,0944,N20,VIIRS,n,2,293.85,6.26,D,0
46.99884,29.52081,341.11,0.45,0.47,2019-04-25,1123,N20,VIIRS,n,2,300.86,5.39,D,0
47.43842,28.34936,333.43,0.4,0.44,2019-04-25,1123,N20,VIIRS,n,2,299.13,2.76,D,0
47.44043,28.61397,332.59,0.41,0.45,2019-04-25,1123,N20,VIIRS,n,2,300.16,2.74,D,0
46.99837,29.51495,338.75,0.45,0.47,2019-04-25,1123,N20,VIIRS,n,2,300.95,5.39,D,0
47.96653,28.27793,334.56,0.4,0.45,2019-04-25,1124,N20,VIIRS,n,2,300.91,2.82,D,0
46.67938,29.39005,304.92,0.55,0.42,2019-04-25,2338,N20,VIIRS,n,2,273.08,1.28,N,0
47.79076,28.95656,312.74,0.39,0.44,2019-04-25,2338,N20,VIIRS,n,2,282.23,1.62,N,2
47.78876,28.95634,296.91,0.54,0.68,2019-04-26,0118,N20,VIIRS,n,2,278.27,1.73,N,2
47.30956,28.42374,351.52,0.41,0.37,2019-04-26,1104,N20,VIIRS,n,2,302.75,9.08,D,0
46.70424,28.23533,344.83,0.41,0.37,2019-04-26,1104,N20,VIIRS,n,2,302.81,7.25,D,0
46.70761,28.2344,335.52,0.41,0.37,2019-04-26,1104,N20,VIIRS,n,2,300.27,5.45,D,0
46.97705,28.77704,335.59,0.42,0.38,2019-04-26,1104,N20,VIIRS,n,2,300.49,2.26,D,0
46.99781,28.23195,334.05,0.41,0.37,2019-04-26,1104,N20,VIIRS,n,2,300.44,2.47,D,0
47.30822,28.44099,335.18,0.42,0.37,2019-04-26,1104,N20,VIIRS,n,2,301.27,5.53,D,0
47.30753,28.43552,336.81,0.41,0.37,2019-04-26,1104,N20,VIIRS,n,2,299.95,5.22,D,0
47.64253,28.80207,337.46,0.43,0.38,2019-04-26,1104,N20,VIIRS,n,2,302.09,6,D,0
47.49086,28.17183,338.86,0.41,0.37,2019-04-26,1104,N20,VIIRS,n,2,301.82,25.13,D,0
47.39032,28.51282,333.56,0.42,0.37,2019-04-26,1104,N20,VIIRS,n,2,301.39,4.76,D,0
47.30886,28.41829,348.94,0.41,0.37,2019-04-26,1104,N20,VIIRS,n,2,304.09,9.08,D,0
47.78812,27.31255,336.57,0.4,0.37,2019-04-26,1105,N20,VIIRS,n,2,301.13,3.26,D,0
47.99473,27.17953,341,0.4,0.37,2019-04-26,1105,N20,VIIRS,n,2,304.13,3.33,D,0
48.11197,27.26839,344.27,0.4,0.37,2019-04-26,1105,N20,VIIRS,n,2,301.37,5.75,D,0
47.79136,28.95409,316.23,0.32,0.55,2019-04-26,2319,N20,VIIRS,n,2,283.24,1.88,N,2
47.78907,28.9534,316.02,0.34,0.56,2019-04-27,0059,N20,VIIRS,n,2,281.38,1.8,N,2
46.37605,29.9366,330.58,0.39,0.36,2019-04-27,1045,N20,VIIRS,n,2,302.38,2.09,D,0
46.70387,29.54146,334.15,0.39,0.36,2019-04-27,1045,N20,VIIRS,n,2,301.81,4.26,D,0
45.799,28.54448,334.11,0.4,0.37,2019-04-27,1045,N20,VIIRS,n,2,299.16,4.38,D,0
45.80231,28.54327,303.94,0.4,0.37,2019-04-27,1045,N20,VIIRS,l,2,317.14,38.67,D,0
45.8032,28.54835,334.14,0.4,0.37,2019-04-27,1045,N20,VIIRS,n,2,298.4,38.67,D,0
47.15393,28.64773,333.52,0.39,0.36,2019-04-27,1046,N20,VIIRS,l,2,303.54,7.91,D,0
47.1515,28.65398,332.94,0.39,0.36,2019-04-27,1046,N20,VIIRS,n,2,302.14,4.26,D,0
47.41142,28.93249,345.27,0.39,0.36,2019-04-27,1046,N20,VIIRS,n,2,304.05,6.53,D,0
47.15478,28.65282,333.68,0.39,0.36,2019-04-27,1046,N20,VIIRS,n,2,301.35,4.26,D,0
47.93603,28.53584,328.51,0.56,0.69,2019-04-27,2300,N20,VIIRS,n,2,277.66,3.7,N,0
47.93706,28.53333,324.15,0.56,0.69,2019-04-27,2300,N20,VIIRS,n,2,277.44,3.09,N,0
47.963,28.37761,300.02,0.57,0.69,2019-04-27,2300,N20,VIIRS,n,2,277.48,1.58,N,0
47.93487,28.53916,320.8,0.4,0.44,2019-04-28,0041,N20,VIIRS,n,2,282.03,2.52,N,0
47.96372,28.3778,295.38,0.39,0.44,2019-04-28,0041,N20,VIIRS,n,2,281.65,0.5,N,0
48.13738,27.61047,311.25,0.4,0.37,2019-04-29,0022,N20,VIIRS,n,2,280.1,1.24,N,0
48.13832,27.6052,310.93,0.4,0.37,2019-04-29,0022,N20,VIIRS,n,2,279.92,1.27,N,0
47.16576,28.47716,333.94,0.57,0.52,2019-04-29,1008,N20,VIIRS,n,2,296.86,5.91,D,0
45.57579,28.44225,341.25,0.39,0.59,2019-04-29,1148,N20,VIIRS,n,2,298.71,1.98,D,0
47.78614,29.01625,306.64,0.39,0.36,2019-04-30,0003,N20,VIIRS,n,2,280.47,0.8,N,2
47.87895,28.63682,334.86,0.46,0.39,2019-05-03,1033,N20,VIIRS,n,2,301.41,7.33,D,0
48.12043,27.06329,329.32,0.51,0.41,2019-05-03,1033,N20,VIIRS,n,2,298.24,1.88,D,0
48.10468,28.70778,338.69,0.45,0.39,2019-05-03,1033,N20,VIIRS,n,2,301.14,18.14,D,0
48.10581,28.709,342.84,0.45,0.39,2019-05-03,1033,N20,VIIRS,n,2,299.5,10.58,D,0
48.10235,28.71046,334.92,0.45,0.39,2019-05-03,1033,N20,VIIRS,n,2,299.32,3.48,D,0
46.18668,28.5153,303.77,0.49,0.41,2019-05-04,0028,N20,VIIRS,n,2,261.72,0.69,N,0
48.13695,27.58102,312.5,0.43,0.38,2019-05-04,0028,N20,VIIRS,n,2,279.52,1.13,N,0
46.56134,29.93571,332.12,0.44,0.46,2019-05-04,1014,N20,VIIRS,l,2,302.42,8.44,D,0
46.56005,29.93029,345.91,0.44,0.46,2019-05-04,1014,N20,VIIRS,n,2,304.73,42.85,D,0
46.56027,29.93244,346.22,0.44,0.46,2019-05-04,1014,N20,VIIRS,n,2,310.24,25.9,D,0
46.97576,29.30674,329.04,0.52,0.67,2019-05-04,1155,N20,VIIRS,n,2,297.99,4.31,D,0
47.20041,28.37371,295.21,0.38,0.36,2019-05-05,0009,N20,VIIRS,n,2,281.99,0.28,N,0
47.78695,29.01834,308.83,0.39,0.36,2019-05-05,0009,N20,VIIRS,n,2,285.14,1.33,N,2
47.01416,29.47304,317.6,0.4,0.44,2019-05-09,0034,N20,VIIRS,n,2,275.67,1.59,N,0
46.29102,28.83022,337.57,0.42,0.45,2019-05-09,1020,N20,VIIRS,n,2,292.76,2.34,D,0
47.78577,29.01653,304.02,0.41,0.37,2019-05-10,2357,N20,VIIRS,n,2,280.16,0.92,N,2
47.78696,29.01826,303.86,0.39,0.44,2019-05-11,2338,N20,VIIRS,n,2,281.73,1.19,N,2
47.78755,29.01611,308.48,0.32,0.55,2019-05-12,2319,N20,VIIRS,n,2,281.86,0.96,N,2
47.78882,29.01675,305.58,0.32,0.54,2019-05-12,2319,N20,VIIRS,n,2,281.76,1.37,N,2
47.786,29.01704,302.12,0.34,0.56,2019-05-13,0059,N20,VIIRS,n,2,280.64,1.17,N,2
46.69321,28.50004,330.45,0.4,0.37,2019-05-13,1045,N20,VIIRS,l,2,305.22,2.61,D,0
47.78906,29.019,296.04,0.53,0.67,2019-05-13,2300,N20,VIIRS,n,2,281.46,1.59,N,2
47.78456,29.01896,303.6,0.42,0.45,2019-05-14,0041,N20,VIIRS,n,2,279.21,1.1,N,2
47.78422,29.01846,302.12,0.5,0.41,2019-05-16,2344,N20,VIIRS,n,2,286.29,1.42,N,2
47.01694,29.47246,355.8,0.42,0.61,2019-05-18,2306,N20,VIIRS,n,2,286.17,9.36,N,0
47.01711,29.46679,328.97,0.42,0.61,2019-05-18,2306,N20,VIIRS,n,2,284.66,5.98,N,0
47.01655,29.47576,303.83,0.54,0.51,2019-05-19,0047,N20,VIIRS,n,2,284.4,1.61,N,0
47.01215,29.47334,298.01,0.54,0.51,2019-05-19,0047,N20,VIIRS,n,2,284.21,1.61,N,0
47.78401,29.01742,296.32,0.48,0.4,2019-05-20,0028,N20,VIIRS,n,2,275,1.05,N,0
47.78423,29.0181,299.7,0.45,0.39,2019-05-21,2350,N20,VIIRS,n,2,280.97,1.18,N,2
47.78535,29.02041,296.79,0.46,0.47,2019-05-22,2331,N20,VIIRS,n,2,284.41,1.05,N,2
47.78587,29.01906,302.17,0.46,0.64,2019-05-23,0112,N20,VIIRS,n,2,282.82,1.33,N,2
47.78527,29.01462,298.22,0.38,0.59,2019-05-23,2312,N20,VIIRS,n,2,284.24,1.26,N,2
46.55883,28.7924,297.25,0.61,0.54,2019-05-24,0053,N20,VIIRS,n,2,281.06,0.7,N,0
47.78581,29.01616,303.49,0.58,0.52,2019-05-24,0053,N20,VIIRS,n,2,284.74,1.63,N,2
46.55683,28.79113,297.28,0.61,0.54,2019-05-24,0053,N20,VIIRS,n,2,281.65,0.78,N,0
47.78408,29.01942,299.2,0.55,0.43,2019-05-25,0034,N20,VIIRS,n,2,279.64,1.39,N,2
47.78714,29.02071,295.98,0.55,0.43,2019-05-25,0034,N20,VIIRS,n,2,278.87,1.68,N,2
47.78863,29.01507,298.11,0.41,0.37,2019-05-26,2357,N20,VIIRS,n,2,281.96,0.67,N,2
47.78453,29.01952,303.41,0.41,0.37,2019-05-26,2357,N20,VIIRS,n,2,283.8,1.03,N,2
46.68678,28.26333,333.71,0.39,0.44,2019-05-27,1123,N20,VIIRS,n,2,299.81,1.89,D,0
47.78756,29.01713,296.08,0.39,0.44,2019-05-27,2338,N20,VIIRS,n,2,267.14,0.45,N,2
47.78931,28.95354,301.75,0.39,0.44,2019-05-27,2338,N20,VIIRS,n,2,276.12,0.73,N,2
47.7832,29.01881,295.6,0.54,0.68,2019-05-28,0118,N20,VIIRS,n,2,281.02,1.16,N,2
46.30121,28.70327,330.96,0.41,0.37,2019-05-28,1104,N20,VIIRS,l,2,304.24,2.64,D,0
46.93892,28.65813,334.66,0.42,0.37,2019-05-28,1104,N20,VIIRS,n,2,303.43,2.43,D,0
47.79142,28.95511,310.69,0.32,0.55,2019-05-28,2319,N20,VIIRS,n,2,286.21,1.38,N,2
47.7884,29.01581,302.69,0.32,0.55,2019-05-28,2319,N20,VIIRS,n,2,285.92,0.62,N,2
47.78818,29.02032,299.35,0.32,0.55,2019-05-28,2319,N20,VIIRS,n,2,286.28,0.62,N,2
47.78593,29.01776,307.23,0.34,0.56,2019-05-29,0059,N20,VIIRS,n,2,286.08,1.09,N,2
47.78717,28.95466,307.19,0.34,0.56,2019-05-29,0059,N20,VIIRS,n,2,285.74,0.84,N,2
46.7534,29.92332,335.95,0.39,0.36,2019-05-29,1045,N20,VIIRS,n,2,306.47,2.52,D,0
47.7924,28.95755,303.57,0.54,0.68,2019-05-29,2300,N20,VIIRS,n,2,285.63,1.36,N,0
47.78572,29.01568,301.68,0.54,0.67,2019-05-29,2300,N20,VIIRS,n,2,285.63,0.96,N,2
47.78568,29.01686,305.9,0.42,0.45,2019-05-30,0040,N20,VIIRS,n,2,287.94,0.87,N,2
47.79172,28.9538,306.5,0.42,0.45,2019-05-30,0040,N20,VIIRS,n,2,286.83,2.05,N,2
46.63713,29.47902,340.69,0.51,0.41,2019-05-30,1026,N20,VIIRS,n,2,302.14,6.91,D,0
47.78591,29.01612,305.62,0.43,0.38,2019-05-31,0022,N20,VIIRS,n,2,287.41,0.63,N,2
47.78984,28.95745,315.46,0.43,0.38,2019-05-31,0022,N20,VIIRS,n,2,288.6,1.93,N,2
47.01592,29.46665,299.3,0.48,0.4,2019-06-01,2344,N20,VIIRS,n,2,286.33,1.82,N,0
47.01521,29.47292,326.5,0.48,0.4,2019-06-01,2344,N20,VIIRS,n,2,287.49,1.82,N,0
47.78834,28.95387,307,0.54,0.51,2019-06-02,2325,N20,VIIRS,n,2,285.55,1.58,N,2
47.79001,28.95474,311.5,0.39,0.6,2019-06-03,0105,N20,VIIRS,n,2,286.53,1.15,N,2
47.7937,28.95682,301.9,0.45,0.63,2019-06-03,2306,N20,VIIRS,n,2,284.69,0.9,N,2
47.78783,28.95608,299.59,0.45,0.63,2019-06-03,2306,N20,VIIRS,n,2,285.05,0.9,N,2
47.7867,29.01798,297.81,0.45,0.63,2019-06-03,2306,N20,VIIRS,n,2,285.05,0.72,N,2
47.78946,28.95686,311.45,0.45,0.63,2019-06-03,2306,N20,VIIRS,n,2,285.85,1.57,N,2
47.78802,29.01873,298.13,0.45,0.63,2019-06-03,2306,N20,VIIRS,n,2,285.27,0.6,N,2
47.78757,28.95573,312.13,0.49,0.49,2019-06-04,0047,N20,VIIRS,n,2,286.66,1.55,N,2
46.58993,29.82475,337.36,0.44,0.38,2019-06-04,1033,N20,VIIRS,n,2,306.5,5.02,D,0
47.79142,28.95473,303.7,0.48,0.4,2019-06-05,0028,N20,VIIRS,n,2,277.83,1.73,N,2
47.03248,28.96941,302.72,0.49,0.41,2019-06-05,0028,N20,VIIRS,n,2,284.62,0.78,N,0
47.78955,28.95777,305.93,0.45,0.39,2019-06-06,2350,N20,VIIRS,n,2,276.15,1.33,N,2
47.78503,29.01888,299.18,0.46,0.47,2019-06-07,2331,N20,VIIRS,n,2,287.12,0.86,N,2
47.78965,28.95715,310.91,0.46,0.47,2019-06-07,2331,N20,VIIRS,n,2,287.96,1.35,N,2
47.14746,29.42472,336.97,0.4,0.37,2019-06-08,1058,N20,VIIRS,n,2,298.27,4.26,D,0
47.78853,28.95119,296.43,0.57,0.52,2019-06-09,0053,N20,VIIRS,n,2,285.46,1.78,N,2
47.78782,28.95648,305,0.57,0.52,2019-06-09,0053,N20,VIIRS,n,2,286.63,1.22,N,2
47.7942,28.95468,295.34,0.64,0.72,2019-06-09,2253,N20,VIIRS,n,2,274.83,0.75,N,2
47.79019,28.95807,306.93,0.55,0.42,2019-06-10,0034,N20,VIIRS,n,2,283.66,1.17,N,2
47.15487,28.62658,345.56,0.41,0.45,2019-06-10,1020,N20,VIIRS,n,2,300.01,3.4,D,0
47.78648,29.01894,306.3,0.4,0.37,2019-06-11,0015,N20,VIIRS,n,2,290.71,1.07,N,2
47.79092,28.95394,317.84,0.4,0.37,2019-06-11,0015,N20,VIIRS,n,2,291.29,1.16,N,2
47.04856,28.97363,301.93,0.4,0.37,2019-06-11,0016,N20,VIIRS,n,2,288.19,0.35,N,0
47.78918,28.95491,315.1,0.41,0.37,2019-06-11,2356,N20,VIIRS,n,2,290.95,1.71,N,2
46.03709,28.70171,334.63,0.4,0.44,2019-06-12,1123,N20,VIIRS,n,2,303.11,4.11,D,0
47.7878,29.01968,303.36,0.39,0.44,2019-06-12,2338,N20,VIIRS,n,2,290.01,0.8,N,2
47.7896,28.95592,314.42,0.39,0.44,2019-06-12,2338,N20,VIIRS,n,2,291.09,1.72,N,2
46.63076,28.62581,305.94,0.39,0.44,2019-06-12,2338,N20,VIIRS,n,2,291.47,1.07,N,0
47.78661,28.95578,298.43,0.53,0.67,2019-06-13,0118,N20,VIIRS,n,2,287.54,0.94,N,2
47.78673,28.95651,299.63,0.53,0.67,2019-06-13,0118,N20,VIIRS,n,2,287.61,1.7,N,2
47.79166,28.95588,310.48,0.54,0.68,2019-06-14,2300,N20,VIIRS,n,2,289.45,1.46,N,2
47.78447,29.01916,302.71,0.42,0.45,2019-06-15,0040,N20,VIIRS,n,2,290.96,0.78,N,2
47.79042,28.95625,314.43,0.42,0.45,2019-06-15,0040,N20,VIIRS,n,2,291.57,1.84,N,2
47.79005,28.9545,313.72,0.43,0.38,2019-06-16,0022,N20,VIIRS,n,2,291.7,1.95,N,2
47.78977,28.95655,316.08,0.39,0.36,2019-06-17,0003,N20,VIIRS,n,2,292.91,1.69,N,2
47.78848,28.95672,307.78,0.51,0.41,2019-06-17,2344,N20,VIIRS,n,2,286.99,1.95,N,2
47.78829,28.95508,301.76,0.62,0.71,2019-06-18,0124,N20,VIIRS,n,2,285.92,1.52,N,2
47.7883,28.95479,303.09,0.62,0.71,2019-06-18,0124,N20,VIIRS,n,2,286.28,1.41,N,2
47.7861,29.01961,297.58,0.54,0.51,2019-06-18,2325,N20,VIIRS,n,2,284.46,0.59,N,2
47.78836,28.95363,309.24,0.54,0.51,2019-06-18,2325,N20,VIIRS,n,2,285.67,2.45,N,2
47.7901,28.95362,311.84,0.54,0.51,2019-06-18,2325,N20,VIIRS,n,2,286.73,1.75,N,2
47.78907,28.9549,333.49,0.38,0.36,2019-06-19,1052,N20,VIIRS,n,2,303.85,2.82,D,2
47.79184,28.95879,298.37,0.45,0.63,2019-06-19,2306,N20,VIIRS,n,2,287.99,1.06,N,0
47.79197,28.95235,305.06,0.46,0.63,2019-06-19,2306,N20,VIIRS,n,2,287.91,1.06,N,2
47.78742,29.0186,303.94,0.49,0.49,2019-06-20,0046,N20,VIIRS,n,2,289.65,1.09,N,2
47.78879,28.95608,313.59,0.49,0.48,2019-06-20,0046,N20,VIIRS,n,2,290.06,1.84,N,2
47.78888,28.9509,299.25,0.76,0.77,2019-06-20,2247,N20,VIIRS,n,2,284.99,1.94,N,2
47.79134,28.9532,305.23,0.76,0.77,2019-06-20,2247,N20,VIIRS,n,2,285.75,1.52,N,2
48.37019,27.78247,320.63,0.43,0.38,2019-06-21,0028,N20,VIIRS,n,2,287.12,2.1,N,0
47.78926,28.9538,312.2,0.48,0.4,2019-06-21,0028,N20,VIIRS,n,2,288.69,2.15,N,2
47.79071,28.95421,308.79,0.38,0.36,2019-06-22,0009,N20,VIIRS,n,2,288.58,0.61,N,2
47.78541,29.01505,300.08,0.46,0.47,2019-06-23,2331,N20,VIIRS,n,2,282.78,0.63,N,2
47.78916,29.01778,299.9,0.46,0.64,2019-06-24,0111,N20,VIIRS,n,2,282.1,1.22,N,2
45.51534,28.35797,330.27,0.39,0.36,2019-06-24,1057,N20,VIIRS,l,2,302.91,0.97,D,0
48.02666,27.67776,331.86,0.39,0.36,2019-06-24,1058,N20,VIIRS,n,2,294.2,2.96,D,0
47.78889,29.01726,311.71,0.38,0.59,2019-06-24,2312,N20,VIIRS,n,2,284.71,1.09,N,2
47.78588,29.01998,303.74,0.58,0.52,2019-06-25,0053,N20,VIIRS,n,2,288.18,1.25,N,2
47.78936,29.01994,299.56,0.64,0.72,2019-06-25,2253,N20,VIIRS,n,2,288.59,1.98,N,2
47.78802,29.01723,310.37,0.55,0.42,2019-06-26,0034,N20,VIIRS,n,2,290.66,1.17,N,2
47.1419,29.42374,331.45,0.57,0.43,2019-06-26,1020,N20,VIIRS,l,2,302.98,2.75,D,0
47.15411,28.62823,341.1,0.41,0.45,2019-06-26,1020,N20,VIIRS,n,2,303.76,7.51,D,0
47.78461,29.01776,311.05,0.4,0.37,2019-06-27,0015,N20,VIIRS,n,2,291.25,1.33,N,2
47.7879,29.01903,303.06,0.4,0.37,2019-06-27,0015,N20,VIIRS,n,2,290.31,0.67,N,2
46.37191,30.04725,344.63,0.39,0.59,2019-06-27,1142,N20,VIIRS,n,2,310.49,7.87,D,0
46.37253,30.05321,367,0.39,0.59,2019-06-27,1142,N20,VIIRS,h,2,310.23,7.12,D,0
46.37233,30.04787,342.86,0.39,0.59,2019-06-27,1142,N20,VIIRS,n,2,310.83,7.12,D,0
46.37207,30.05256,367,0.39,0.59,2019-06-27,1142,N20,VIIRS,h,2,309.74,7.87,D,0
47.78936,29.03371,300.63,0.41,0.37,2019-06-27,2356,N20,VIIRS,n,2,288.78,0.67,N,0
47.78815,29.0164,306.79,0.41,0.37,2019-06-27,2356,N20,VIIRS,n,2,289.52,0.81,N,2
47.78478,29.01539,299.79,0.41,0.37,2019-06-27,2356,N20,VIIRS,n,2,288.89,0.7,N,2
46.96087,28.69951,305.85,0.41,0.37,2019-06-27,2357,N20,VIIRS,n,2,267.9,1.04,N,0
46.50655,29.64041,333.01,0.45,0.47,2019-06-28,1123,N20,VIIRS,n,2,300.37,3.06,D,0
47.73609,28.92993,328.2,0.43,0.46,2019-06-28,1123,N20,VIIRS,n,2,294.63,2.6,D,0
47.71173,27.98557,353.53,0.39,0.44,2019-06-28,1123,N20,VIIRS,n,2,302.5,12.01,D,0
47.78473,29.01525,295.39,0.39,0.44,2019-06-28,2337,N20,VIIRS,n,2,284.02,0.81,N,2
47.78498,29.01821,308.86,0.32,0.55,2019-06-29,2319,N20,VIIRS,n,2,285.4,0.97,N,2
47.78375,29.01777,306.57,0.34,0.56,2019-06-30,0059,N20,VIIRS,n,2,283.24,0.89,N,0
47.72089,29.02152,340.95,0.39,0.36,2019-06-30,1045,N20,VIIRS,n,2,294.22,5.45,D,0
47.78482,29.01728,303.88,0.54,0.68,2019-06-30,2300,N20,VIIRS,n,2,288.59,1.76,N,2
47.78813,29.01797,302.02,0.54,0.68,2019-06-30,2300,N20,VIIRS,n,2,288.49,1.71,N,2
47.78479,29.01644,309.56,0.42,0.45,2019-07-01,0040,N20,VIIRS,n,2,289.5,1.11,N,2
46.94172,29.12345,335.07,0.52,0.41,2019-07-01,1026,N20,VIIRS,l,2,309.52,3.12,D,0
45.7454,28.31764,337.65,0.39,0.44,2019-07-01,1026,N20,VIIRS,n,2,306,2.49,D,0
46.94148,29.12324,338.38,0.52,0.41,2019-07-01,1026,N20,VIIRS,n,2,309.53,1.69,D,0
47.78669,29.01718,305.73,0.43,0.38,2019-07-02,0021,N20,VIIRS,n,2,287.42,0.88,N,2
46.82194,29.57041,337.98,0.45,0.63,2019-07-02,1148,N20,VIIRS,n,2,302.38,3.24,D,0
46.30238,28.7033,324.52,0.39,0.36,2019-07-03,0003,N20,VIIRS,n,2,291.47,2.13,N,0
47.78622,29.01566,304.63,0.39,0.36,2019-07-03,0003,N20,VIIRS,n,2,289.8,0.8,N,2
46.43066,29.21269,333.5,0.5,0.49,2019-07-03,1129,N20,VIIRS,n,2,295.65,8.1,D,0
46.4352,29.21222,341.22,0.5,0.49,2019-07-03,1129,N20,VIIRS,n,2,297.34,8.1,D,0
47.78711,29.01459,297.37,0.54,0.51,2019-07-04,2325,N20,VIIRS,n,2,281.5,1.67,N,2
47.78903,29.01472,295.42,0.54,0.51,2019-07-04,2325,N20,VIIRS,n,2,280.86,2.65,N,2
47.79073,29.01355,296.93,0.76,0.77,2019-07-06,2247,N20,VIIRS,n,2,282.3,1.68,N,2
47.78517,29.01991,307.56,0.48,0.4,2019-07-07,0028,N20,VIIRS,n,2,287.03,1.54,N,2
46.65641,29.30828,332.63,0.46,0.47,2019-07-07,1014,N20,VIIRS,n,2,298.83,4.24,D,0
46.43228,28.67522,344.96,0.48,0.65,2019-07-07,1154,N20,VIIRS,n,2,296.33,8.02,D,0
47.62593,28.1428,300.14,0.48,0.4,2019-07-08,2350,N20,VIIRS,n,2,279,0.76,N,0
47.78458,29.01897,297.29,0.45,0.39,2019-07-08,2350,N20,VIIRS,n,2,280.14,0.84,N,2
47.78698,29.01871,297.78,0.72,0.76,2019-07-09,0130,N20,VIIRS,n,2,281.64,0.94,N,2
46.42887,28.68368,349.75,0.52,0.41,2019-07-09,1116,N20,VIIRS,n,2,304.39,32.61,D,0
46.82515,29.82953,347.67,0.39,0.44,2019-07-09,1116,N20,VIIRS,n,2,305.04,18.01,D,0
46.82561,29.83463,355.07,0.39,0.44,2019-07-09,1116,N20,VIIRS,n,2,307.55,18.01,D,0
46.82607,29.83973,348.5,0.39,0.44,2019-07-09,1116,N20,VIIRS,n,2,293.66,14.08,D,0
46.82744,29.855,345.35,0.39,0.44,2019-07-09,1116,N20,VIIRS,n,2,298.7,13.33,D,0
46.8279,29.8601,342.51,0.39,0.44,2019-07-09,1116,N20,VIIRS,n,2,297.04,5.71,D,0
46.82204,29.8405,351.07,0.39,0.44,2019-07-09,1116,N20,VIIRS,n,2,306.53,14.08,D,0
46.8225,29.84559,350.17,0.39,0.44,2019-07-09,1116,N20,VIIRS,n,2,305.95,14.08,D,0
46.82388,29.8609,334.32,0.39,0.44,2019-07-09,1116,N20,VIIRS,n,2,288.32,5.71,D,0
46.81894,29.85147,333.38,0.39,0.44,2019-07-09,1116,N20,VIIRS,n,2,292.18,3.67,D,0
46.43113,28.68193,337.68,0.52,0.41,2019-07-09,1116,N20,VIIRS,n,2,302.22,36.04,D,0
46.42733,28.68281,348.49,0.52,0.41,2019-07-09,1116,N20,VIIRS,n,2,298.53,36.04,D,0
46.43266,28.68279,341.68,0.52,0.41,2019-07-09,1116,N20,VIIRS,n,2,296.88,32.61,D,0
47.90836,27.59357,333.15,0.49,0.4,2019-07-09,1117,N20,VIIRS,n,2,298.95,3.52,D,0
47.90466,27.59443,336.85,0.49,0.4,2019-07-09,1117,N20,VIIRS,n,2,300.36,3.52,D,0
47.78639,29.01925,305.24,0.46,0.64,2019-07-10,0111,N20,VIIRS,n,2,283.35,1.31,N,2
46.0456,28.48647,349.61,0.39,0.36,2019-07-10,1057,N20,VIIRS,n,2,293.09,8.34,D,0
46.04232,28.48746,347.26,0.39,0.36,2019-07-10,1057,N20,VIIRS,n,2,292.65,7.28,D,0
46.04632,28.49141,342.9,0.39,0.36,2019-07-10,1057,N20,VIIRS,n,2,287.54,8.34,D,0
46.04888,28.48548,349.82,0.39,0.36,2019-07-10,1057,N20,VIIRS,n,2,294.41,8.34,D,0
46.03976,28.49338,340.83,0.39,0.36,2019-07-10,1057,N20,VIIRS,n,2,290.26,7.28,D,0
46.04304,28.49239,347.48,0.39,0.36,2019-07-10,1057,N20,VIIRS,n,2,289.49,7.28,D,0
47.84198,29.05835,332.42,0.4,0.37,2019-07-10,1058,N20,VIIRS,n,2,298.03,3.73,D,0
47.78877,29.01751,308.56,0.38,0.59,2019-07-10,2312,N20,VIIRS,n,2,283.99,1.26,N,2
45.87724,28.4895,336.58,0.44,0.39,2019-07-11,1038,N20,VIIRS,n,2,299.59,7.43,D,0
46.85589,29.8074,331.13,0.4,0.37,2019-07-11,1039,N20,VIIRS,l,2,305.92,3.85,D,0
47.05681,29.10856,299.31,0.63,0.72,2019-07-11,2253,N20,VIIRS,n,2,278.57,1.87,N,0
47.78544,29.02146,299.43,0.55,0.42,2019-07-12,0034,N20,VIIRS,n,2,283.87,1.41,N,2
47.14728,29.42576,345.97,0.38,0.43,2019-07-12,1020,N20,VIIRS,n,2,294.35,6.23,D,0
47.78485,29.01808,308.92,0.4,0.37,2019-07-13,0015,N20,VIIRS,n,2,285.72,1.38,N,2
46.05762,28.45674,328.3,0.36,0.58,2019-07-13,1001,N20,VIIRS,n,2,294.13,3.81,D,0
46.17638,28.44945,335.02,0.36,0.57,2019-07-13,1001,N20,VIIRS,n,2,302.07,5.31,D,0
46.40185,28.69675,331.01,0.35,0.56,2019-07-13,1001,N20,VIIRS,n,2,293.45,3.6,D,0
45.96804,28.77882,367,0.34,0.56,2019-07-13,1141,N20,VIIRS,h,2,308.99,13.4,D,0
47.92477,28.96441,331.1,0.36,0.57,2019-07-13,1142,N20,VIIRS,n,2,294.86,4.28,D,0
47.92595,28.96037,344.78,0.36,0.57,2019-07-13,1142,N20,VIIRS,n,2,300,5.5,D,0
47.92459,28.95942,345.44,0.36,0.57,2019-07-13,1142,N20,VIIRS,n,2,301.89,5.85,D,0
47.0174,29.54441,295.59,0.4,0.37,2019-07-13,2356,N20,VIIRS,n,2,285.27,0.8,N,0
47.05062,29.43027,301.21,0.4,0.37,2019-07-13,2356,N20,VIIRS,n,2,284.7,0.63,N,0
47.70196,28.60047,298.43,0.42,0.37,2019-07-13,2356,N20,VIIRS,n,2,284.42,0.71,N,0
47.01668,29.54957,298.28,0.4,0.37,2019-07-13,2356,N20,VIIRS,n,2,285.33,0.53,N,0
46.42403,28.7066,325.22,0.56,0.69,2019-07-14,0942,N20,VIIRS,n,2,290.64,3.84,D,0
47.57781,28.91252,325.43,0.5,0.66,2019-07-14,0943,N20,VIIRS,n,2,288.65,4.13,D,0
47.96789,27.49566,342.31,0.56,0.69,2019-07-14,0943,N20,VIIRS,n,2,292.01,7.33,D,0
47.57835,28.91175,329.82,0.42,0.45,2019-07-14,1123,N20,VIIRS,l,2,301.44,2.97,D,0
47.7135,27.98611,341.09,0.39,0.44,2019-07-14,1123,N20,VIIRS,n,2,299.17,3.16,D,0
46.00093,28.50962,353.43,0.41,0.37,2019-07-15,1103,N20,VIIRS,n,2,304.85,6.32,D,0
45.99756,28.51054,340.28,0.41,0.37,2019-07-15,1103,N20,VIIRS,n,2,302.2,6.32,D,0
45.99825,28.51577,335.56,0.41,0.37,2019-07-15,1103,N20,VIIRS,n,2,293.63,4.85,D,0
46.00162,28.51485,348.42,0.41,0.37,2019-07-15,1103,N20,VIIRS,n,2,297.72,4.85,D,0
46.00024,28.50441,333.32,0.41,0.37,2019-07-15,1103,N20,VIIRS,n,2,299.24,6.32,D,0
46.41261,29.56038,337.83,0.43,0.38,2019-07-15,1104,N20,VIIRS,n,2,302.69,4.28,D,0
47.78841,29.01464,300.44,0.32,0.55,2019-07-15,2318,N20,VIIRS,n,2,283.06,1.05,N,2
47.78818,29.01921,302.22,0.32,0.55,2019-07-15,2318,N20,VIIRS,n,2,284.62,1.25,N,2
47.78724,29.01655,304.13,0.54,0.68,2019-07-16,2259,N20,VIIRS,n,2,284.51,1.71,N,2
47.78957,28.95681,311.19,0.42,0.45,2019-07-17,0040,N20,VIIRS,n,2,285.83,2.06,N,2
47.78888,29.01616,295.54,0.42,0.45,2019-07-17,0040,N20,VIIRS,n,2,283.9,1.05,N,2
47.144,28.69959,315.91,0.42,0.45,2019-07-17,0040,N20,VIIRS,n,2,284.61,1.62,N,0
47.78367,29.01937,299.54,0.42,0.45,2019-07-17,0040,N20,VIIRS,n,2,284.93,1.41,N,2
46.80831,29.5086,335.97,0.5,0.41,2019-07-17,1026,N20,VIIRS,n,2,306.09,5.14,D,0
46.8005,29.63127,330.89,0.75,0.77,2019-07-17,1207,N20,VIIRS,n,2,292.41,11.79,D,0
46.79787,29.62655,336.93,0.75,0.77,2019-07-17,1207,N20,VIIRS,n,2,294.93,11.37,D,0
47.7857,29.01526,299.65,0.43,0.38,2019-07-18,0021,N20,VIIRS,n,2,284.83,0.69,N,2
47.78954,28.95681,316.75,0.43,0.38,2019-07-18,0021,N20,VIIRS,n,2,287.43,2.39,N,2
47.78909,29.01666,297.86,0.43,0.38,2019-07-18,0021,N20,VIIRS,n,2,284.87,0.41,N,2
45.59781,28.27014,335.51,0.32,0.55,2019-07-18,1007,N20,VIIRS,n,2,301.34,2.2,D,0
46.79238,29.60028,340.03,0.52,0.5,2019-07-18,1007,N20,VIIRS,n,2,300.89,6.87,D,0
46.80061,29.63255,334.93,0.52,0.5,2019-07-18,1007,N20,VIIRS,l,2,307.34,10.73,D,0
45.66614,28.34074,342.04,0.32,0.55,2019-07-18,1007,N20,VIIRS,n,2,303.71,4.32,D,0
45.66719,28.34457,335.19,0.32,0.55,2019-07-18,1007,N20,VIIRS,n,2,301.69,3.56,D,0
47.80012,29.17561,354.77,0.51,0.5,2019-07-18,1008,N20,VIIRS,n,2,304.68,40.55,D,0
47.80289,29.16727,344.11,0.51,0.5,2019-07-18,1008,N20,VIIRS,n,2,300.26,22.26,D,0
47.79768,29.17075,342.91,0.51,0.5,2019-07-18,1008,N20,VIIRS,n,2,294.23,51.85,D,0
47.80355,29.17465,367,0.51,0.5,2019-07-18,1008,N20,VIIRS,h,2,330.79,51.85,D,0
47.80447,29.17343,367,0.51,0.5,2019-07-18,1008,N20,VIIRS,h,2,325.98,160.03,D,0
47.79855,29.16951,349.65,0.51,0.5,2019-07-18,1008,N20,VIIRS,n,2,301.99,20,D,0
47.80201,29.16851,353.3,0.51,0.5,2019-07-18,1008,N20,VIIRS,n,2,308.78,51.85,D,0
47.79921,29.17683,335.59,0.51,0.5,2019-07-18,1008,N20,VIIRS,n,2,296.76,51.85,D,0
46.79237,29.58973,349.05,0.44,0.63,2019-07-18,1148,N20,VIIRS,n,2,297.28,10.87,D,0
46.79252,29.59561,333.91,0.45,0.63,2019-07-18,1148,N20,VIIRS,n,2,300.6,10.51,D,0
46.79341,29.63154,351.09,0.45,0.63,2019-07-18,1148,N20,VIIRS,n,2,300.51,12.83,D,0
46.79834,29.59548,352.54,0.45,0.63,2019-07-18,1148,N20,VIIRS,n,2,298.51,10.51,D,0
46.79819,29.58953,355.95,0.44,0.63,2019-07-18,1148,N20,VIIRS,n,2,294.88,10.87,D,0
45.8773,28.48852,349.35,0.39,0.59,2019-07-18,1148,N20,VIIRS,n,2,304.61,5.7,D,0
47.78823,28.95406,300.73,0.39,0.36,2019-07-19,0002,N20,VIIRS,n,2,284.22,0.63,N,2
47.79151,28.95513,300.84,0.39,0.36,2019-07-19,0002,N20,VIIRS,n,2,285.25,0.63,N,2
47.78576,29.01767,305.83,0.39,0.36,2019-07-19,0002,N20,VIIRS,n,2,286.45,0.8,N,2
47.78904,29.01873,298.45,0.39,0.36,2019-07-19,0002,N20,VIIRS,n,2,285.17,0.8,N,2
45.66352,28.31573,322.97,0.39,0.36,2019-07-19,0003,N20,VIIRS,n,2,284.68,2.32,N,0
46.39571,28.55849,317.97,0.39,0.36,2019-07-19,0003,N20,VIIRS,n,2,286.47,2.57,N,0
46.39244,28.55747,327.02,0.39,0.36,2019-07-19,0003,N20,VIIRS,n,2,286.65,2.57,N,0
45.61405,28.4811,331.7,0.52,0.67,2019-07-19,0948,N20,VIIRS,n,2,293.44,3.66,D,0
46.39187,28.55987,332.84,0.49,0.65,2019-07-19,0949,N20,VIIRS,n,2,299.49,7.07,D,0
46.39421,28.6031,334.68,0.47,0.48,2019-07-19,1129,N20,VIIRS,n,2,298.8,5.13,D,0
46.39374,28.59679,355.29,0.47,0.48,2019-07-19,1129,N20,VIIRS,n,2,299.81,15.48,D,0
46.39813,28.59618,336.79,0.47,0.48,2019-07-19,1129,N20,VIIRS,n,2,301.02,5.99,D,0
47.62808,28.32791,305.44,0.54,0.42,2019-07-19,2344,N20,VIIRS,n,2,285.11,0.68,N,0
47.78995,28.95585,310.34,0.51,0.41,2019-07-19,2344,N20,VIIRS,n,2,287.56,2.01,N,2
47.62423,28.32688,296.63,0.54,0.42,2019-07-19,2344,N20,VIIRS,n,2,284.8,0.68,N,0
47.78721,29.01796,307.73,0.51,0.41,2019-07-19,2344,N20,VIIRS,n,2,287.37,1.64,N,2
47.62688,28.32394,306.77,0.59,0.7,2019-07-20,0124,N20,VIIRS,n,2,283.42,1.43,N,0
47.61923,28.31769,302.05,0.59,0.7,2019-07-20,0124,N20,VIIRS,n,2,283.82,1.67,N,0
47.79168,28.95293,298.47,0.62,0.71,2019-07-20,0124,N20,VIIRS,n,2,283.2,0.95,N,2
47.78466,29.01558,297.56,0.62,0.72,2019-07-20,0124,N20,VIIRS,n,2,283.89,1.31,N,2
47.79124,28.95446,301.38,0.62,0.71,2019-07-20,0124,N20,VIIRS,n,2,283.47,1.18,N,2
47.6251,28.32177,315.49,0.59,0.7,2019-07-20,0124,N20,VIIRS,n,2,283.53,2.69,N,0
46.34252,28.71875,353.4,0.46,0.39,2019-07-20,1110,N20,VIIRS,n,2,309.17,24.8,D,0
47.91436,27.73828,347.31,0.44,0.38,2019-07-20,1110,N20,VIIRS,n,2,309.14,4.06,D,0
47.91085,27.73918,333.02,0.44,0.38,2019-07-20,1110,N20,VIIRS,n,2,303.59,4.06,D,0
47.1087,29.47689,341.73,0.49,0.4,2019-07-20,1110,N20,VIIRS,n,2,310.45,7.72,D,0
46.4595,28.60494,337.91,0.45,0.39,2019-07-20,1110,N20,VIIRS,n,2,301.06,4.37,D,0
46.46083,28.61658,345.13,0.45,0.39,2019-07-20,1110,N20,VIIRS,n,2,303.65,8.51,D,0
46.4615,28.62242,332.03,0.45,0.39,2019-07-20,1110,N20,VIIRS,n,2,299.35,8.51,D,0
46.3527,28.45793,339.53,0.45,0.39,2019-07-20,1110,N20,VIIRS,n,2,307.46,4.97,D,0
46.34675,28.72374,334.55,0.46,0.39,2019-07-20,1110,N20,VIIRS,n,2,303.88,12.39,D,0
46.49639,28.56927,302.77,0.55,0.51,2019-07-20,2325,N20,VIIRS,n,2,285.08,1.71,N,0
47.78704,29.01771,303.75,0.54,0.51,2019-07-20,2325,N20,VIIRS,n,2,286.22,1.95,N,2
46.49856,28.57445,297.54,0.41,0.61,2019-07-21,0105,N20,VIIRS,n,2,283.74,0.43,N,0
47.79005,29.01812,296.52,0.39,0.6,2019-07-21,0105,N20,VIIRS,n,2,284.13,0.95,N,2
47.78359,29.01957,298.86,0.39,0.6,2019-07-21,0105,N20,VIIRS,n,2,285.05,1.18,N,2
47.78606,29.01707,305.81,0.39,0.6,2019-07-21,0105,N20,VIIRS,n,2,285.27,1.48,N,2
47.86114,29.20223,333.28,0.39,0.36,2019-07-21,1051,N20,VIIRS,l,2,305.73,3.03,D,0
47.8659,29.21134,337.58,0.39,0.36,2019-07-21,1051,N20,VIIRS,l,2,308.77,20.49,D,0
47.86515,29.20625,349.45,0.39,0.36,2019-07-21,1051,N20,VIIRS,n,2,314.47,20.49,D,0
47.97657,29.10364,350.07,0.39,0.36,2019-07-21,1051,N20,VIIRS,n,2,304.45,5.38,D,0
47.97581,29.09854,336.83,0.39,0.36,2019-07-21,1051,N20,VIIRS,n,2,304.69,5.38,D,0
47.8546,29.20435,336.9,0.39,0.36,2019-07-21,1051,N20,VIIRS,n,2,307.59,4.02,D,0
47.69845,28.66351,335.76,0.38,0.36,2019-07-21,1051,N20,VIIRS,n,2,309.36,6.55,D,0
47.69922,28.66855,343.5,0.38,0.36,2019-07-21,1051,N20,VIIRS,n,2,308.47,6.55,D,0
47.69519,28.6646,336.3,0.38,0.36,2019-07-21,1051,N20,VIIRS,l,2,309.42,6.55,D,0
47.69596,28.66964,341.61,0.38,0.36,2019-07-21,1051,N20,VIIRS,n,2,311.43,6.55,D,0
47.69348,28.67578,346.37,0.38,0.36,2019-07-21,1051,N20,VIIRS,n,2,309.69,4.59,D,0
47.3782,28.14723,345.64,0.39,0.36,2019-07-21,1051,N20,VIIRS,n,2,301.67,16.67,D,0
47.10851,29.30995,330.06,0.38,0.36,2019-07-21,1051,N20,VIIRS,l,2,304.7,4.33,D,0
46.94661,29.3464,342.46,0.38,0.36,2019-07-21,1051,N20,VIIRS,n,2,310.43,4.1,D,0
46.90804,29.56994,339.92,0.39,0.36,2019-07-21,1051,N20,VIIRS,l,2,312.64,7.72,D,0
46.81517,29.72722,346.86,0.39,0.36,2019-07-21,1051,N20,VIIRS,n,2,313.64,22.93,D,0
46.67296,29.64329,336.06,0.39,0.36,2019-07-21,1051,N20,VIIRS,n,2,307.92,4.5,D,0
46.49271,28.57468,331.4,0.38,0.36,2019-07-21,1051,N20,VIIRS,l,2,304.1,1.13,D,0
46.41953,28.54457,335.52,0.39,0.36,2019-07-21,1051,N20,VIIRS,l,2,308.31,6.7,D,0
46.40805,28.55872,347.56,0.39,0.36,2019-07-21,1051,N20,VIIRS,n,2,313.45,5.33,D,0
47.86263,29.21239,340.45,0.39,0.36,2019-07-21,1051,N20,VIIRS,l,2,311.94,6.22,D,0
45.66661,28.29864,339.41,0.39,0.36,2019-07-21,1051,N20,VIIRS,l,2,312.8,7.04,D,0
47.85861,29.20838,340.19,0.39,0.36,2019-07-21,1051,N20,VIIRS,l,2,313.2,6.22,D,0
47.62297,28.37499,303.4,0.49,0.65,2019-07-21,2306,N20,VIIRS,n,2,286.25,0.64,N,0
47.62429,28.37385,302.61,0.49,0.65,2019-07-21,2306,N20,VIIRS,n,2,286.42,0.89,N,0
47.789,29.01917,300.76,0.45,0.63,2019-07-21,2306,N20,VIIRS,n,2,287.84,0.84,N,2
47.79031,28.95691,306.89,0.46,0.63,2019-07-21,2306,N20,VIIRS,n,2,288.4,1.28,N,2
46.38284,28.61942,299.57,0.47,0.64,2019-07-21,2306,N20,VIIRS,n,2,286.77,0.58,N,0
46.8194,29.72658,299.18,0.42,0.61,2019-07-21,2306,N20,VIIRS,n,2,288.09,0.87,N,0
47.62286,28.38136,300.89,0.49,0.65,2019-07-21,2306,N20,VIIRS,n,2,286.8,0.64,N,0
47.6242,28.38029,300.83,0.49,0.65,2019-07-21,2306,N20,VIIRS,n,2,286.51,0.81,N,0
47.62264,28.38232,306.71,0.47,0.47,2019-07-22,0046,N20,VIIRS,n,2,287.13,0.87,N,0
47.7897,28.95444,310.67,0.49,0.48,2019-07-22,0046,N20,VIIRS,n,2,288.94,2.05,N,2
47.78843,29.01682,302.37,0.49,0.49,2019-07-22,0046,N20,VIIRS,n,2,287.78,0.74,N,2
46.85212,29.17232,304.31,0.53,0.5,2019-07-22,0046,N20,VIIRS,n,2,288.74,1.08,N,0
46.85207,29.1723,299.34,0.53,0.5,2019-07-22,0046,N20,VIIRS,n,2,288.27,0.78,N,0
46.85373,29.16595,299.53,0.53,0.5,2019-07-22,0046,N20,VIIRS,n,2,287.87,0.78,N,0
46.81888,29.72358,304.7,0.56,0.51,2019-07-22,0046,N20,VIIRS,n,2,287.01,0.75,N,0
47.61851,28.38015,302.08,0.47,0.47,2019-07-22,0046,N20,VIIRS,n,2,287.78,1.6,N,0
47.61997,28.37417,318.74,0.46,0.47,2019-07-22,0046,N20,VIIRS,n,2,287.83,1.6,N,0
47.2113,28.8523,336.48,0.46,0.39,2019-07-22,1032,N20,VIIRS,n,2,298.76,3.91,D,0
46.21031,28.99804,352.45,0.47,0.4,2019-07-22,1032,N20,VIIRS,n,2,306.35,10.56,D,0
46.43698,28.57684,331.31,0.49,0.4,2019-07-22,1032,N20,VIIRS,n,2,296.95,4.79,D,0
46.20677,28.99951,339.58,0.47,0.4,2019-07-22,1032,N20,VIIRS,n,2,299.07,10.56,D,0
46.43576,28.57078,341.48,0.49,0.4,2019-07-22,1032,N20,VIIRS,n,2,304.17,4.79,D,0
46.44056,28.57536,332.06,0.49,0.4,2019-07-22,1032,N20,VIIRS,n,2,299.17,5.51,D,0
47.81774,27.45106,330.3,0.5,0.41,2019-07-22,1033,N20,VIIRS,n,2,297.66,4.84,D,0
47.81883,27.45015,329.91,0.5,0.41,2019-07-22,1033,N20,VIIRS,n,2,297.42,2.08,D,0
47.81747,27.45572,331.67,0.71,0.75,2019-07-22,1213,N20,VIIRS,n,2,287.21,4.41,D,0
48.00956,27.43989,344.1,0.71,0.75,2019-07-22,1214,N20,VIIRS,n,2,290.44,10.63,D,0
47.79102,28.95602,314.86,0.48,0.4,2019-07-23,0027,N20,VIIRS,n,2,288.94,2.18,N,2
47.61925,28.39338,295.82,0.38,0.36,2019-07-24,0009,N20,VIIRS,n,2,285.05,0.37,N,0
47.79025,28.95792,308.37,0.38,0.36,2019-07-24,0009,N20,VIIRS,n,2,287.86,0.94,N,2
47.79106,28.95288,298.5,0.38,0.36,2019-07-24,0009,N20,VIIRS,n,2,286.11,0.94,N,2
47.61599,28.39226,299.67,0.38,0.36,2019-07-24,0009,N20,VIIRS,n,2,285.16,0.37,N,0
47.86485,27.54531,332.8,0.41,0.61,2019-07-24,0955,N20,VIIRS,n,2,293.95,8.35,D,0
47.86839,27.53668,367,0.41,0.61,2019-07-24,0955,N20,VIIRS,h,2,295.43,10.8,D,0
48.02146,27.49355,334.21,0.41,0.61,2019-07-24,0955,N20,VIIRS,n,2,286.59,3.25,D,0
46.44087,29.78693,347.96,0.36,0.58,2019-07-24,0955,N20,VIIRS,n,2,296.76,3.27,D,0
46.39089,30.03699,340.54,0.33,0.55,2019-07-24,1135,N20,VIIRS,n,2,297.21,3.85,D,0
46.39048,30.02817,336.39,0.33,0.55,2019-07-24,1135,N20,VIIRS,n,2,300.38,5.51,D,0
46.39272,30.03059,353.96,0.33,0.55,2019-07-24,1135,N20,VIIRS,n,2,301.46,7.47,D,0
46.39068,30.03257,337.02,0.33,0.55,2019-07-24,1135,N20,VIIRS,n,2,297.6,3.85,D,0
48.02038,27.48163,335.31,0.51,0.49,2019-07-24,1136,N20,VIIRS,n,2,298.17,7.32,D,0
48.02084,27.48859,339.99,0.51,0.49,2019-07-24,1136,N20,VIIRS,n,2,297.6,7.12,D,0
48.02495,27.481,344.54,0.51,0.49,2019-07-24,1136,N20,VIIRS,n,2,300.6,12.63,D,0
47.67237,28.38017,338.46,0.47,0.4,2019-07-24,2350,N20,VIIRS,n,2,287.41,3.59,N,0
47.67167,28.38633,326.06,0.47,0.4,2019-07-24,2350,N20,VIIRS,n,2,286.66,3.59,N,0
47.66876,28.37921,327.83,0.47,0.4,2019-07-24,2350,N20,VIIRS,n,2,286.55,2.87,N,0
47.66805,28.38536,319.88,0.47,0.4,2019-07-24,2350,N20,VIIRS,n,2,286.02,2.87,N,0
47.62154,28.33595,306.08,0.47,0.4,2019-07-24,2350,N20,VIIRS,n,2,285.94,0.99,N,0
47.62085,28.34221,300.7,0.47,0.4,2019-07-24,2350,N20,VIIRS,n,2,286.42,0.69,N,0
47.18555,29.525,301.11,0.43,0.38,2019-07-24,2350,N20,VIIRS,n,2,285.84,0.65,N,0
46.17051,29.00787,298.93,0.43,0.38,2019-07-24,2350,N20,VIIRS,n,2,286.17,0.49,N,0
46.16703,29.00695,316.75,0.43,0.38,2019-07-24,2350,N20,VIIRS,n,2,286.75,1.16,N,0
45.69733,28.33358,298.45,0.45,0.39,2019-07-24,2350,N20,VIIRS,n,2,286.2,0.41,N,0
45.6469,28.33886,297.87,0.45,0.39,2019-07-24,2350,N20,VIIRS,n,2,285.98,0.21,N,0
47.78474,29.01867,298.32,0.45,0.39,2019-07-24,2350,N20,VIIRS,n,2,287.12,0.72,N,2
47.78828,28.95777,305.04,0.45,0.39,2019-07-24,2350,N20,VIIRS,n,2,287.55,1.66,N,2
46.28611,28.84748,367,0.65,0.73,2019-07-25,0936,N20,VIIRS,h,2,294,14.76,D,0
46.19475,28.86041,336.55,0.66,0.73,2019-07-25,0936,N20,VIIRS,n,2,293.2,8.01,D,0
46.2832,28.8392,335.87,0.65,0.73,2019-07-25,0936,N20,VIIRS,n,2,292.79,14.76,D,0
47.61294,28.398,347.94,0.61,0.71,2019-07-25,0936,N20,VIIRS,n,2,296.86,7.37,D,0
47.61887,28.39379,341.05,0.61,0.71,2019-07-25,0936,N20,VIIRS,n,2,295.44,7.37,D,0
47.61327,28.39799,352.22,0.61,0.71,2019-07-25,0936,N20,VIIRS,n,2,296.18,6.26,D,0
47.61921,28.3938,325.69,0.61,0.71,2019-07-25,0936,N20,VIIRS,n,2,294.69,6.26,D,0
45.79296,28.65408,337.61,0.51,0.41,2019-07-25,1116,N20,VIIRS,l,2,308.28,9.8,D,0
45.79673,28.6533,338.18,0.51,0.41,2019-07-25,1116,N20,VIIRS,n,2,308.2,9.8,D,0
45.80051,28.6526,337.01,0.51,0.41,2019-07-25,1116,N20,VIIRS,n,2,305.82,4.58,D,0
46.94055,28.35736,345.73,0.51,0.41,2019-07-25,1116,N20,VIIRS,n,2,305,6.83,D,0
45.69683,28.32915,333.75,0.49,0.4,2019-07-25,1116,N20,VIIRS,n,2,301.62,4.12,D,0
47.79037,28.95385,309.76,0.46,0.47,2019-07-25,2331,N20,VIIRS,n,2,285.23,2.04,N,2
47.78575,29.01588,299.02,0.46,0.47,2019-07-25,2331,N20,VIIRS,n,2,286.48,0.9,N,2
47.78866,28.95679,302.4,0.46,0.63,2019-07-26,0111,N20,VIIRS,n,2,284.26,1.27,N,2
47.78978,28.95665,304.68,0.46,0.63,2019-07-26,0111,N20,VIIRS,n,2,284.57,1.97,N,2
47.42611,28.78457,341.65,0.39,0.36,2019-07-26,1057,N20,VIIRS,n,2,309.76,3.06,D,0
46.51839,29.79768,344.97,0.4,0.37,2019-07-26,1057,N20,VIIRS,n,2,313.51,4.17,D,0
46.19936,29.00048,339.26,0.39,0.36,2019-07-26,1057,N20,VIIRS,l,2,310.67,4.62,D,0
47.4228,28.78558,339.5,0.39,0.36,2019-07-26,1057,N20,VIIRS,n,2,310.36,3.06,D,0
47.89733,27.48219,367,0.39,0.36,2019-07-26,1058,N20,VIIRS,l,2,340.18,105.58,D,0
48.00859,27.49552,330.08,0.39,0.36,2019-07-26,1058,N20,VIIRS,l,2,300.26,2.36,D,0
47.99401,27.55911,339.05,0.39,0.36,2019-07-26,1058,N20,VIIRS,n,2,302.38,2.97,D,0
47.89984,27.47604,345.25,0.39,0.36,2019-07-26,1058,N20,VIIRS,n,2,310.63,99.63,D,0
47.90059,27.48112,343.06,0.39,0.36,2019-07-26,1058,N20,VIIRS,l,2,313.51,105.58,D,0
47.89482,27.48835,347.88,0.39,0.36,2019-07-26,1058,N20,VIIRS,n,2,309.45,5.51,D,0
47.89291,27.70773,334.15,0.39,0.36,2019-07-26,1058,N20,VIIRS,n,2,300.53,12.59,D,0
48.31477,27.07317,330.47,0.38,0.36,2019-07-26,1058,N20,VIIRS,n,2,304,2.1,D,0
48.0111,27.48934,333.43,0.39,0.36,2019-07-26,1058,N20,VIIRS,l,2,306.01,2.36,D,0
48.01186,27.49445,344.03,0.39,0.36,2019-07-26,1058,N20,VIIRS,n,2,309.25,2.36,D,0
48.01261,27.49954,336.55,0.39,0.36,2019-07-26,1058,N20,VIIRS,n,2,305.79,4.34,D,0
47.78947,28.95434,304.45,0.57,0.52,2019-07-27,0052,N20,VIIRS,n,2,284.44,3.24,N,2
47.79109,28.95241,304.54,0.57,0.52,2019-07-27,0052,N20,VIIRS,n,2,285.55,2.42,N,2
46.57226,29.19948,337.2,0.42,0.37,2019-07-27,1038,N20,VIIRS,n,2,306.52,5.93,D,0
47.04722,29.52352,348.16,0.41,0.37,2019-07-27,1038,N20,VIIRS,n,2,310.47,12.06,D,0
47.04814,29.52876,346.17,0.41,0.37,2019-07-27,1038,N20,VIIRS,n,2,311.11,12.26,D,0
46.18526,28.51192,330.2,0.44,0.38,2019-07-27,1038,N20,VIIRS,l,2,301.04,1.79,D,0
47.05146,29.52751,355.63,0.41,0.37,2019-07-27,1038,N20,VIIRS,n,2,313.03,26.35,D,0
47.71331,29.01455,343.94,0.41,0.37,2019-07-27,1039,N20,VIIRS,n,2,307.85,18.04,D,0
47.85258,28.73598,334.76,0.41,0.37,2019-07-27,1039,N20,VIIRS,n,2,302.53,6,D,0
47.71664,29.01324,342.3,0.41,0.37,2019-07-27,1039,N20,VIIRS,n,2,310.27,18.04,D,0
48.12187,28.11337,345.58,0.43,0.38,2019-07-27,1039,N20,VIIRS,n,2,303.43,7.3,D,0
47.67656,28.39756,298.42,0.68,0.74,2019-07-27,2253,N20,VIIRS,n,2,284.92,3.22,N,0
47.7919,28.95732,299.7,0.64,0.72,2019-07-27,2253,N20,VIIRS,n,2,286.5,2.16,N,0
47.69939,28.64351,314.7,0.67,0.73,2019-07-27,2253,N20,VIIRS,n,2,285.6,2.27,N,0
47.67595,28.3933,321.57,0.68,0.74,2019-07-27,2253,N20,VIIRS,n,2,285.21,2.73,N,0
47.67583,28.38415,304.18,0.69,0.74,2019-07-27,2253,N20,VIIRS,n,2,284.53,2.73,N,0
47.67648,28.38852,326.13,0.68,0.74,2019-07-27,2253,N20,VIIRS,n,2,285.49,4.57,N,0
47.697,28.6426,314.72,0.53,0.42,2019-07-28,0034,N20,VIIRS,n,2,287.53,1.91,N,0
47.78579,29.02004,299.31,0.54,0.42,2019-07-28,0034,N20,VIIRS,n,2,289.06,0.88,N,2
47.78852,28.95218,304.54,0.54,0.42,2019-07-28,0034,N20,VIIRS,n,2,288.31,2.48,N,2
47.79089,28.9532,311.4,0.54,0.42,2019-07-28,0034,N20,VIIRS,n,2,289.5,1.61,N,2
47.69926,28.65093,322.63,0.53,0.42,2019-07-28,0034,N20,VIIRS,n,2,288.6,2.71,N,0
47.70071,28.64428,301.94,0.53,0.42,2019-07-28,0034,N20,VIIRS,n,2,287.34,1.91,N,0
47.69554,28.64935,326.78,0.53,0.42,2019-07-28,0034,N20,VIIRS,n,2,288.33,2.71,N,0
46.41285,28.55884,342.85,0.43,0.46,2019-07-28,1020,N20,VIIRS,n,2,307.07,3.82,D,0
47.15294,28.62851,340.51,0.41,0.45,2019-07-28,1020,N20,VIIRS,n,2,300.54,3.83,D,0
47.15689,28.62661,330.96,0.41,0.45,2019-07-28,1020,N20,VIIRS,l,2,302.54,3.83,D,0
47.46702,28.6127,331.93,0.41,0.45,2019-07-28,1020,N20,VIIRS,l,2,305.39,4.91,D,0
47.47092,28.61069,339.36,0.41,0.45,2019-07-28,1020,N20,VIIRS,l,2,310.22,11.64,D,0
47.47209,28.61584,340.41,0.41,0.45,2019-07-28,1020,N20,VIIRS,n,2,304.82,11.64,D,0
48.12184,27.78248,340.36,0.42,0.46,2019-07-28,1020,N20,VIIRS,n,2,303.11,6.54,D,0
47.87699,28.73543,331.09,0.39,0.44,2019-07-28,1020,N20,VIIRS,n,2,299.35,2.13,D,0
47.82553,28.58614,354.27,0.4,0.44,2019-07-28,1020,N20,VIIRS,n,2,305.78,13.36,D,0
47.78875,28.95734,332.15,0.39,0.44,2019-07-28,1020,N20,VIIRS,n,2,302.49,1.81,D,2
47.69246,28.65072,336.35,0.4,0.44,2019-07-28,1020,N20,VIIRS,l,2,306.87,2.36,D,0
46.33965,28.88196,339.76,0.42,0.45,2019-07-28,1020,N20,VIIRS,n,2,308.05,3.6,D,0
46.71009,29.66284,353.9,0.63,0.72,2019-07-28,1200,N20,VIIRS,n,2,297.71,9.52,D,0
46.34009,28.88364,336.95,0.58,0.7,2019-07-28,1200,N20,VIIRS,n,2,301.63,8.72,D,0
46.71007,29.67132,348,0.63,0.72,2019-07-28,1200,N20,VIIRS,n,2,297.2,9.52,D,0
46.71679,29.663,367,0.63,0.72,2019-07-28,1200,N20,VIIRS,h,2,300.32,9.52,D,0
46.71678,29.67151,339.84,0.63,0.72,2019-07-28,1200,N20,VIIRS,n,2,296.31,9.52,D,0
46.71292,29.66535,367,0.63,0.72,2019-07-28,1200,N20,VIIRS,h,2,300.85,34.34,D,0
46.71287,29.67387,333.61,0.63,0.72,2019-07-28,1200,N20,VIIRS,n,2,296.92,17.22,D,0
47.69225,28.65241,352.95,0.57,0.69,2019-07-28,1201,N20,VIIRS,n,2,298.5,10.84,D,0
47.80191,29.15384,349.64,0.6,0.71,2019-07-28,1201,N20,VIIRS,n,2,294.66,8.37,D,0
48.40422,27.28666,367,0.5,0.66,2019-07-28,1201,N20,VIIRS,h,2,296.6,11.12,D,0
47.47216,28.60818,336.07,0.57,0.69,2019-07-28,1201,N20,VIIRS,n,2,300.38,5.25,D,0
47.47866,28.6468,344.35,0.57,0.69,2019-07-28,1201,N20,VIIRS,n,2,297.93,9.45,D,0
47.47859,28.60822,338.01,0.57,0.69,2019-07-28,1201,N20,VIIRS,n,2,298.06,5.25,D,0
47.47857,28.6005,335.33,0.57,0.69,2019-07-28,1201,N20,VIIRS,n,2,299.31,5.25,D,0
47.67087,28.38573,335.54,0.56,0.68,2019-07-28,1201,N20,VIIRS,n,2,297.9,5.72,D,0
47.67248,28.38416,335.63,0.56,0.69,2019-07-28,1201,N20,VIIRS,n,2,296.72,4.95,D,0
47.78497,29.01951,303.36,0.4,0.37,2019-07-29,0015,N20,VIIRS,n,2,290.86,0.87,N,2
47.78933,28.95469,321.25,0.4,0.37,2019-07-29,0015,N20,VIIRS,n,2,291.58,2.02,N,2
47.92434,27.77942,349.94,0.34,0.56,2019-07-29,1001,N20,VIIRS,n,2,301.88,5.51,D,0
46.67792,29.6562,339.82,0.5,0.66,2019-07-30,0942,N20,VIIRS,n,2,292.82,4.2,D,0
47.48745,28.94404,330.72,0.5,0.66,2019-07-30,0942,N20,VIIRS,n,2,292.18,6.01,D,0
47.49123,28.94817,329.38,0.5,0.66,2019-07-30,0943,N20,VIIRS,n,2,290.65,2.63,D,0
46.14051,28.97812,331.27,0.41,0.45,2019-07-30,1122,N20,VIIRS,l,2,302.35,4,D,0
46.67808,29.65708,332.62,0.45,0.47,2019-07-30,1122,N20,VIIRS,n,2,300.27,3.2,D,0
46.67762,29.65123,332.46,0.45,0.47,2019-07-30,1122,N20,VIIRS,n,2,300.48,2.63,D,0
45.97742,28.83972,354.26,0.4,0.44,2019-07-30,1122,N20,VIIRS,n,2,302.75,22.99,D,0
46.14463,28.97732,332.45,0.41,0.45,2019-07-30,1122,N20,VIIRS,l,2,304.78,5.56,D,0
48.19235,27.20201,341.12,0.55,0.42,2019-07-30,1123,N20,VIIRS,n,2,296.06,6.3,D,0
47.84172,27.79394,333.58,0.57,0.43,2019-07-30,1123,N20,VIIRS,n,2,301.83,6.89,D,0
47.88636,27.44686,334.78,0.55,0.43,2019-07-30,1123,N20,VIIRS,n,2,303.65,4.3,D,0
48.19262,27.20257,343.48,0.55,0.42,2019-07-30,1123,N20,VIIRS,n,2,296.01,5.81,D,0
48.19651,27.20175,330.2,0.55,0.42,2019-07-30,1123,N20,VIIRS,n,2,295.38,4.32,D,0
48.19625,27.20118,331.48,0.55,0.42,2019-07-30,1123,N20,VIIRS,n,2,295.39,6.3,D,0
47.78778,29.01571,303.55,0.39,0.44,2019-07-30,2337,N20,VIIRS,n,2,289.79,0.33,N,2
47.78893,28.95681,314.35,0.39,0.44,2019-07-30,2337,N20,VIIRS,n,2,291.3,1.37,N,2
47.79335,28.95308,299.18,0.53,0.67,2019-07-31,0117,N20,VIIRS,n,2,285.13,0.98,N,2
48.35365,27.75103,341.19,0.41,0.37,2019-07-31,1104,N20,VIIRS,n,2,302.39,3.43,D,0
47.91006,27.71059,333.82,0.4,0.37,2019-07-31,1104,N20,VIIRS,n,2,300.5,4.49,D,0
47.9474,27.25604,338.82,0.4,0.37,2019-07-31,1104,N20,VIIRS,n,2,296.27,3.52,D,0
47.90194,27.70187,334.21,0.4,0.37,2019-07-31,1104,N20,VIIRS,n,2,300.66,7.11,D,0
47.91342,27.70962,335.25,0.4,0.37,2019-07-31,1104,N20,VIIRS,n,2,304.4,4.49,D,0
46.8674,29.49628,336.99,0.43,0.38,2019-07-31,1104,N20,VIIRS,n,2,305.11,3.93,D,0
47.09754,29.33839,335.08,0.43,0.38,2019-07-31,1104,N20,VIIRS,n,2,301.82,4.5,D,0
47.76592,28.75873,306.36,0.33,0.55,2019-07-31,2318,N20,VIIRS,n,2,285.1,0.88,N,0
47.76808,28.75597,298.8,0.33,0.55,2019-07-31,2318,N20,VIIRS,n,2,285.22,0.79,N,0
47.78967,28.95651,299.73,0.32,0.55,2019-07-31,2318,N20,VIIRS,n,2,286.32,0.55,N,2
47.78987,28.95227,299.63,0.32,0.55,2019-07-31,2318,N20,VIIRS,n,2,285.32,0.55,N,2
47.78965,28.95401,315.12,0.33,0.56,2019-08-01,0059,N20,VIIRS,n,2,286.94,1.79,N,2
47.78648,29.01911,297.36,0.34,0.56,2019-08-01,0059,N20,VIIRS,n,2,286.19,0.48,N,2
46.00482,28.85085,346.03,0.4,0.37,2019-08-01,1044,N20,VIIRS,n,2,302.38,9.15,D,0
48.13128,28.06279,338.88,0.4,0.37,2019-08-01,1045,N20,VIIRS,n,2,298.74,5.88,D,0
47.90831,27.49862,329.13,0.41,0.37,2019-08-01,1045,N20,VIIRS,n,2,298.25,2.87,D,0
47.82045,27.76714,326,0.4,0.37,2019-08-01,1045,N20,VIIRS,n,2,287.27,2.28,D,0
47.87251,28.73771,335.55,0.39,0.36,2019-08-01,1045,N20,VIIRS,n,2,303.01,4.82,D,0
47.78823,28.95587,331.26,0.39,0.36,2019-08-01,1045,N20,VIIRS,l,2,305.99,1.72,D,2
47.14856,29.47867,349.84,0.39,0.36,2019-08-01,1045,N20,VIIRS,n,2,309.53,6.03,D,0
47.14937,29.48367,355.51,0.39,0.36,2019-08-01,1045,N20,VIIRS,n,2,312.81,13.69,D,0
47.1599,29.54891,341.88,0.39,0.36,2019-08-01,1045,N20,VIIRS,n,2,311.69,15.53,D,0
46.49004,29.65273,336.55,0.39,0.36,2019-08-01,1045,N20,VIIRS,l,2,306.94,3.89,D,0
46.49084,29.6577,334.44,0.39,0.36,2019-08-01,1045,N20,VIIRS,n,2,304.32,3.89,D,0
48.13693,28.05494,339.12,0.4,0.37,2019-08-01,1045,N20,VIIRS,n,2,297.31,4.3,D,0
48.13604,28.0497,332.81,0.4,0.37,2019-08-01,1045,N20,VIIRS,n,2,300.25,4.3,D,0
48.13932,28.04842,328.67,0.4,0.37,2019-08-01,1045,N20,VIIRS,n,2,296.63,4.3,D,0
48.13366,28.05624,355.97,0.4,0.37,2019-08-01,1045,N20,VIIRS,n,2,301.11,16.03,D,0
48.13455,28.06148,336.72,0.4,0.37,2019-08-01,1045,N20,VIIRS,n,2,299.99,5.88,D,0
48.13038,28.05755,349.62,0.4,0.37,2019-08-01,1045,N20,VIIRS,n,2,301.2,16.03,D,0
47.18081,29.53445,331.33,0.5,0.41,2019-08-02,1026,N20,VIIRS,n,2,301.32,2.23,D,0
47.78838,28.95693,310.56,0.43,0.38,2019-08-03,0021,N20,VIIRS,n,2,283.79,1.19,N,2
47.78853,28.95831,298.6,0.51,0.41,2019-08-04,2343,N20,VIIRS,n,2,285.14,0.87,N,2
47.78584,29.02065,295.34,0.51,0.41,2019-08-04,2343,N20,VIIRS,n,2,284.93,0.74,N,2
47.78923,28.9516,295.99,0.51,0.41,2019-08-04,2343,N20,VIIRS,n,2,283.04,0.7,N,2
47.78984,28.95073,296.94,0.62,0.71,2019-08-05,0123,N20,VIIRS,n,2,280.39,0.93,N,2
46.33495,28.82051,333.32,0.76,0.77,2019-08-05,0930,N20,VIIRS,n,2,291.48,8.24,D,0
47.86493,27.59732,333,0.75,0.77,2019-08-05,0930,N20,VIIRS,n,2,288,4.64,D,0
46.33274,28.82413,330.1,0.46,0.39,2019-08-05,1110,N20,VIIRS,l,2,301.75,5.95,D,0
47.30973,29.0205,331.38,0.48,0.4,2019-08-05,1110,N20,VIIRS,l,2,303.37,2.17,D,0
47.6637,29.10766,334.88,0.48,0.4,2019-08-05,1110,N20,VIIRS,n,2,298.48,3.48,D,0
47.66737,29.1068,350.71,0.48,0.4,2019-08-05,1110,N20,VIIRS,n,2,296.42,12.55,D,0
47.86181,27.60152,333.29,0.44,0.38,2019-08-05,1110,N20,VIIRS,n,2,299.62,6.66,D,0
47.78985,28.95436,303.29,0.55,0.51,2019-08-05,2324,N20,VIIRS,n,2,285.03,1.67,N,2
47.38005,28.48304,297.84,0.57,0.52,2019-08-05,2325,N20,VIIRS,n,2,281.54,0.62,N,0
47.38066,28.48671,303.44,0.57,0.52,2019-08-05,2325,N20,VIIRS,n,2,281.94,0.95,N,0
47.78889,28.95268,308.58,0.39,0.59,2019-08-06,0105,N20,VIIRS,n,2,283.01,1.07,N,2
46.36399,28.70925,333.4,0.38,0.36,2019-08-06,1051,N20,VIIRS,l,2,307.19,1.54,D,0
46.88773,29.38048,337.42,0.38,0.36,2019-08-06,1051,N20,VIIRS,n,2,300.9,2.93,D,0
46.9417,28.39582,337.5,0.39,0.36,2019-08-06,1051,N20,VIIRS,n,2,301.08,3.16,D,0
48.08034,28.68515,308.58,0.47,0.64,2019-08-06,2305,N20,VIIRS,n,2,283.03,1.09,N,0
48.08631,28.68563,297.09,0.47,0.64,2019-08-06,2305,N20,VIIRS,n,2,283.7,1.09,N,0
48.07804,28.67924,301.41,0.47,0.64,2019-08-06,2305,N20,VIIRS,n,2,283.47,1.25,N,0
48.08044,28.67852,306.34,0.47,0.64,2019-08-06,2305,N20,VIIRS,n,2,283.5,1.09,N,0
47.78571,29.01529,299.09,0.46,0.63,2019-08-06,2306,N20,VIIRS,n,2,284.96,0.87,N,2
47.79286,28.95341,302.81,0.46,0.63,2019-08-06,2306,N20,VIIRS,n,2,282.97,0.96,N,2
47.78544,29.01606,298.2,0.49,0.48,2019-08-07,0046,N20,VIIRS,n,2,285.94,0.64,N,2
47.36784,27.77177,301.08,0.44,0.46,2019-08-07,0046,N20,VIIRS,n,2,286.01,0.6,N,0
48.08131,28.68675,302.66,0.46,0.47,2019-08-07,0046,N20,VIIRS,n,2,284.19,0.7,N,0
47.79093,28.95613,309.76,0.49,0.48,2019-08-07,0046,N20,VIIRS,n,2,286.6,1.51,N,2
48.08276,28.68089,295.68,0.46,0.47,2019-08-07,0046,N20,VIIRS,n,2,284.77,0.7,N,0
46.5863,28.64355,340.01,0.48,0.4,2019-08-07,1032,N20,VIIRS,n,2,307.42,6.37,D,0
47.63361,28.91016,331.82,0.45,0.39,2019-08-07,1032,N20,VIIRS,n,2,299.21,3.72,D,0
47.92056,28.68658,330.39,0.46,0.39,2019-08-07,1032,N20,VIIRS,l,2,303.42,2.86,D,0
48.09058,28.68585,347.82,0.45,0.39,2019-08-07,1032,N20,VIIRS,n,2,305.46,5.97,D,0
46.58715,28.64458,335.23,0.48,0.4,2019-08-07,1032,N20,VIIRS,l,2,307.68,5.1,D,0
48.13724,27.35165,348.13,0.7,0.75,2019-08-07,1213,N20,VIIRS,n,2,289.2,7.76,D,0
48.13861,27.34773,353.62,0.7,0.75,2019-08-07,1213,N20,VIIRS,n,2,289.95,9.93,D,0
47.7911,28.94963,301.46,0.77,0.77,2019-08-07,2246,N20,VIIRS,n,2,286,1.12,N,0
47.7909,28.95264,312.32,0.47,0.4,2019-08-08,0027,N20,VIIRS,n,2,290.56,2.22,N,2
47.78881,29.01866,300.2,0.48,0.4,2019-08-08,0027,N20,VIIRS,n,2,290.09,1.22,N,2
47.4657,28.00396,297.25,0.45,0.39,2019-08-08,0027,N20,VIIRS,n,2,273.37,0.65,N,0
47.78957,28.95777,312.91,0.48,0.4,2019-08-08,0027,N20,VIIRS,n,2,291.25,1.46,N,2
46.47173,29.97708,342.68,0.44,0.46,2019-08-08,1013,N20,VIIRS,n,2,298.4,5.6,D,0
46.47415,28.70104,340.76,0.5,0.49,2019-08-08,1013,N20,VIIRS,n,2,300.26,8.58,D,0
46.48112,29.97856,337.37,0.44,0.46,2019-08-08,1013,N20,VIIRS,n,2,299.28,5.74,D,0
46.47578,29.97508,340.12,0.44,0.46,2019-08-08,1013,N20,VIIRS,n,2,299.42,5.6,D,0
46.53654,28.49712,332.57,0.51,0.49,2019-08-08,1013,N20,VIIRS,n,2,300.73,3.79,D,0
46.10922,28.1519,333.35,0.45,0.63,2019-08-08,1154,N20,VIIRS,n,2,299.54,3.81,D,0
47.78959,28.95351,311.39,0.45,0.39,2019-08-09,2350,N20,VIIRS,n,2,289.5,1.33,N,2
47.79038,28.95517,300.06,0.71,0.75,2019-08-10,0130,N20,VIIRS,n,2,285.94,1.29,N,2
47.99542,27.59737,337.14,0.49,0.4,2019-08-10,1116,N20,VIIRS,n,2,307,5.17,D,0
47.78621,29.01658,297.67,0.46,0.47,2019-08-10,2331,N20,VIIRS,n,2,286.55,0.64,N,2
48.2137,27.38289,304.7,0.55,0.51,2019-08-10,2331,N20,VIIRS,n,2,286.23,1.19,N,0
47.79085,28.95432,306.9,0.46,0.47,2019-08-10,2331,N20,VIIRS,n,2,287.59,1.28,N,2
47.78812,28.95079,295.7,0.45,0.63,2019-08-11,0111,N20,VIIRS,n,2,284.12,0.84,N,2
47.79333,28.95476,297.39,0.45,0.63,2019-08-11,0111,N20,VIIRS,n,2,284.25,0.85,N,2
47.79114,28.9577,299.42,0.45,0.63,2019-08-11,0111,N20,VIIRS,n,2,284.93,0.93,N,2
46.80066,28.49084,347.3,0.39,0.36,2019-08-11,1057,N20,VIIRS,n,2,303.26,5.61,D,0
46.54137,28.49092,335.43,0.39,0.36,2019-08-11,1057,N20,VIIRS,n,2,303.94,1.63,D,0
47.78845,28.95347,309.77,0.39,0.59,2019-08-11,2312,N20,VIIRS,n,2,290.17,1.08,N,2
47.78617,29.01619,303.19,0.38,0.59,2019-08-11,2312,N20,VIIRS,n,2,290.27,0.81,N,2
47.78686,29.01564,303.03,0.38,0.59,2019-08-11,2312,N20,VIIRS,n,2,290.03,0.62,N,2
47.78882,28.95291,308.83,0.39,0.59,2019-08-11,2312,N20,VIIRS,n,2,290.2,1.43,N,2
47.7878,28.9572,300.74,0.57,0.52,2019-08-12,0052,N20,VIIRS,n,2,289.4,1.81,N,2
46.89347,29.57085,337.83,0.41,0.37,2019-08-12,1038,N20,VIIRS,n,2,305.17,3.72,D,0
46.64931,28.59744,344.78,0.43,0.38,2019-08-12,1038,N20,VIIRS,n,2,305.22,10.85,D,0
45.61588,28.36878,337.45,0.45,0.39,2019-08-12,1038,N20,VIIRS,l,2,311.51,4.58,D,0
45.63767,28.35233,333.39,0.45,0.39,2019-08-12,1038,N20,VIIRS,l,2,308.36,2.27,D,0
48.10756,28.06848,330.97,0.43,0.38,2019-08-12,1039,N20,VIIRS,l,2,303.09,2.23,D,0
48.39947,27.31596,338.03,0.44,0.39,2019-08-12,1039,N20,VIIRS,n,2,297.41,3.63,D,0
48.39604,27.31744,333.52,0.44,0.39,2019-08-12,1039,N20,VIIRS,n,2,296.3,2.27,D,0
47.89851,28.15785,333.97,0.43,0.38,2019-08-12,1039,N20,VIIRS,l,2,304.52,2.59,D,0
47.78963,28.95455,312.93,0.54,0.42,2019-08-13,0033,N20,VIIRS,n,2,293.46,2.09,N,2
47.78819,28.95356,310,0.54,0.42,2019-08-13,0034,N20,VIIRS,n,2,292.65,1.66,N,2
46.63447,29.05554,340.69,0.41,0.45,2019-08-13,1019,N20,VIIRS,n,2,305.85,3.5,D,0
46.74931,28.2854,333.49,0.44,0.46,2019-08-13,1020,N20,VIIRS,l,2,305.27,4.87,D,0
46.89319,29.57344,342.57,0.38,0.44,2019-08-13,1020,N20,VIIRS,n,2,307.75,4.65,D,0
47.10482,28.76266,331.86,0.41,0.45,2019-08-13,1020,N20,VIIRS,n,2,304.73,2.45,D,0
47.10878,28.76087,336.83,0.41,0.45,2019-08-13,1020,N20,VIIRS,n,2,304.42,3.62,D,0
48.05318,28.65921,341.7,0.39,0.44,2019-08-13,1020,N20,VIIRS,n,2,309.08,3.61,D,0
48.05706,28.65736,339.88,0.39,0.44,2019-08-13,1020,N20,VIIRS,n,2,309.32,5.25,D,0
47.78891,28.95414,314.99,0.4,0.37,2019-08-14,0015,N20,VIIRS,n,2,293.32,1.62,N,2
47.78878,29.015,303.78,0.4,0.37,2019-08-14,0015,N20,VIIRS,n,2,293.04,1.44,N,2
47.93674,27.52525,342.51,0.35,0.57,2019-08-14,1001,N20,VIIRS,n,2,307.32,4.91,D,0
47.94161,27.5223,349.37,0.35,0.57,2019-08-14,1001,N20,VIIRS,n,2,305.47,4.91,D,0
47.93336,27.5293,339.65,0.35,0.57,2019-08-14,1001,N20,VIIRS,n,2,305.24,2.99,D,0
47.94308,27.52327,331.71,0.35,0.57,2019-08-14,1001,N20,VIIRS,n,2,301.78,4.72,D,0
47.9382,27.52619,367,0.35,0.57,2019-08-14,1001,N20,VIIRS,h,2,308.44,4.72,D,0
47.2785,27.81004,344.56,0.36,0.57,2019-08-14,1001,N20,VIIRS,n,2,305.71,1.92,D,0
47.93796,27.52955,347.03,0.35,0.57,2019-08-14,1001,N20,VIIRS,n,2,306.54,8.7,D,0
45.63968,28.27131,339.45,0.38,0.59,2019-08-14,1001,N20,VIIRS,n,2,306.78,1.91,D,0
46.75612,28.54674,346.9,0.35,0.56,2019-08-14,1001,N20,VIIRS,n,2,304.1,2.35,D,0
47.39489,28.65158,336.07,0.33,0.55,2019-08-14,1001,N20,VIIRS,n,2,306.26,2.39,D,0
47.39267,28.64357,334.88,0.33,0.55,2019-08-14,1001,N20,VIIRS,n,2,305.06,2.54,D,0
47.27373,27.81352,348.99,0.36,0.57,2019-08-14,1001,N20,VIIRS,n,2,308.18,2.63,D,0
47.88485,27.44409,354.35,0.36,0.57,2019-08-14,1001,N20,VIIRS,n,2,304.56,4.41,D,0
47.53459,28.97984,367,0.35,0.57,2019-08-14,1141,N20,VIIRS,h,2,312.14,5.09,D,0
46.89028,29.57085,344.01,0.37,0.58,2019-08-14,1141,N20,VIIRS,n,2,309.91,3.1,D,0
47.53985,28.97931,367,0.35,0.57,2019-08-14,1141,N20,VIIRS,h,2,310.1,12.29,D,0
47.54003,28.98378,367,0.35,0.57,2019-08-14,1141,N20,VIIRS,h,2,312.25,12.29,D,0
47.5344,28.97539,342.29,0.35,0.57,2019-08-14,1141,N20,VIIRS,n,2,310.49,4.74,D,0
47.53477,28.98428,344.02,0.35,0.57,2019-08-14,1141,N20,VIIRS,n,2,310.61,5.09,D,0
47.93705,27.52213,352.23,0.6,0.53,2019-08-14,1142,N20,VIIRS,n,2,312.44,10.36,D,0
48.05142,28.64817,335.77,0.34,0.56,2019-08-14,1142,N20,VIIRS,l,2,307.47,4.93,D,0
48.05161,28.65277,336.67,0.34,0.56,2019-08-14,1142,N20,VIIRS,l,2,310.15,6.13,D,0
47.93858,27.52308,349.37,0.61,0.53,2019-08-14,1142,N20,VIIRS,n,2,312.31,9.74,D,0
47.93365,27.52355,341.16,0.61,0.53,2019-08-14,1142,N20,VIIRS,n,2,309.93,5.68,D,0
47.7914,28.95384,310,0.41,0.37,2019-08-14,2356,N20,VIIRS,n,2,290.77,0.81,N,2
47.65699,28.72497,303.98,0.42,0.37,2019-08-14,2356,N20,VIIRS,n,2,289.02,0.64,N,0
48.05196,28.62264,344.6,0.78,0.78,2019-08-16,0924,N20,VIIRS,n,2,293.9,8.08,D,0
48.05549,28.63184,327.14,0.78,0.78,2019-08-16,0924,N20,VIIRS,n,2,292.82,8.08,D,0
48.32564,27.97464,332.1,0.41,0.37,2019-08-16,1104,N20,VIIRS,n,2,300.77,1.68,D,0
48.05416,28.62095,332.56,0.42,0.38,2019-08-16,1104,N20,VIIRS,n,2,298.88,3.63,D,0
48.05002,28.61626,333.08,0.42,0.38,2019-08-16,1104,N20,VIIRS,n,2,299.37,3.63,D,0
47.52424,28.11759,332.82,0.41,0.37,2019-08-16,1104,N20,VIIRS,n,2,301.85,2.66,D,0
48.05346,28.61531,354.64,0.42,0.38,2019-08-16,1104,N20,VIIRS,n,2,297.66,3.63,D,0
47.78851,29.01599,305.43,0.32,0.55,2019-08-16,2318,N20,VIIRS,n,2,285.47,0.71,N,2
47.79151,28.95444,313.44,0.33,0.55,2019-08-16,2318,N20,VIIRS,n,2,286.1,1.09,N,2
48.09035,28.64775,297.15,0.34,0.56,2019-08-16,2318,N20,VIIRS,n,2,281.24,0.38,N,0
47.79062,29.01682,295.24,0.33,0.56,2019-08-17,0058,N20,VIIRS,n,2,282.5,0.21,N,2
47.7847,29.01796,298.97,0.33,0.56,2019-08-17,0058,N20,VIIRS,n,2,284.55,0.77,N,2
47.79176,28.95439,307.16,0.33,0.55,2019-08-17,0058,N20,VIIRS,n,2,284.44,1.18,N,2
47.78706,28.95501,301.38,0.33,0.55,2019-08-17,0058,N20,VIIRS,n,2,284.6,0.64,N,2
47.06467,28.76217,305.27,0.34,0.56,2019-08-17,0059,N20,VIIRS,n,2,283.03,0.59,N,0
48.04651,28.63166,336.58,0.39,0.36,2019-08-17,1045,N20,VIIRS,n,2,298.29,4.4,D,0
47.62089,28.99296,335.31,0.39,0.36,2019-08-17,1045,N20,VIIRS,n,2,304.24,3.28,D,0
47.27261,29.57587,332.81,0.39,0.36,2019-08-17,1045,N20,VIIRS,n,2,297.17,2.34,D,0
47.03196,29.48944,334.05,0.39,0.36,2019-08-17,1045,N20,VIIRS,n,2,303.62,2.24,D,0
47.0287,29.49057,338.08,0.39,0.36,2019-08-17,1045,N20,VIIRS,n,2,301.77,2.8,D,0
47.02544,29.49171,335.02,0.39,0.36,2019-08-17,1045,N20,VIIRS,n,2,299.21,2.8,D,0
47.78979,29.0147,295.11,0.54,0.68,2019-08-17,2259,N20,VIIRS,n,2,283.36,0.48,N,2
47.43153,28.26088,344.01,0.55,0.43,2019-08-18,1026,N20,VIIRS,n,2,302.44,10.07,D,0
47.7923,28.5302,331.43,0.53,0.42,2019-08-18,1026,N20,VIIRS,l,2,305.73,7.34,D,0
47.43104,28.26156,344.26,0.55,0.43,2019-08-18,1026,N20,VIIRS,n,2,302.53,9.57,D,0
48.09394,27.88235,339.39,0.62,0.72,2019-08-18,1207,N20,VIIRS,n,2,297.98,4.02,D,0
46.88391,28.77241,308.25,0.43,0.38,2019-08-19,0021,N20,VIIRS,n,2,286.76,0.87,N,0
47.78508,29.01753,298.55,0.43,0.38,2019-08-19,0021,N20,VIIRS,n,2,286.78,0.55,N,2
46.88302,28.77042,306.21,0.43,0.38,2019-08-19,0021,N20,VIIRS,n,2,285.55,0.7,N,0
45.59683,28.41122,335.44,0.38,0.59,2019-08-19,1147,N20,VIIRS,l,2,307.17,1.68,D,0
45.55443,28.16101,338.03,0.37,0.58,2019-08-19,1147,N20,VIIRS,n,2,304.84,3.39,D,0
46.72815,28.25465,340.04,0.38,0.59,2019-08-19,1148,N20,VIIRS,n,2,303.32,3.96,D,0
46.4316,28.73286,301.54,0.39,0.36,2019-08-20,0002,N20,VIIRS,n,2,286.4,0.52,N,0
47.34938,29.24586,296.19,0.39,0.36,2019-08-20,0002,N20,VIIRS,n,2,284.07,0.28,N,0
47.78979,29.0181,299.1,0.39,0.36,2019-08-20,0002,N20,VIIRS,n,2,287.47,0.51,N,2
46.43085,28.73785,303.24,0.39,0.36,2019-08-20,0002,N20,VIIRS,n,2,287.04,0.52,N,0
46.9539,28.57154,337.53,0.47,0.64,2019-08-20,0948,N20,VIIRS,n,2,299.92,3.13,D,0
46.95362,28.57142,336.13,0.47,0.64,2019-08-20,0948,N20,VIIRS,n,2,299.81,5.3,D,0
47.97989,27.72631,340.99,0.44,0.46,2019-08-20,1129,N20,VIIRS,n,2,311.9,3.81,D,0
47.98248,27.72464,340.89,0.44,0.46,2019-08-20,1129,N20,VIIRS,n,2,309.9,2.4,D,0
48.37888,27.54758,340.86,0.44,0.46,2019-08-20,1129,N20,VIIRS,n,2,303.28,3.93,D,0
47.11238,28.08097,335.5,0.45,0.47,2019-08-20,1129,N20,VIIRS,n,2,304.08,2.71,D,0
45.80995,28.203,336.65,0.43,0.38,2019-08-21,1109,N20,VIIRS,l,2,311.07,1.12,D,0
45.80513,28.19283,340.51,0.43,0.38,2019-08-21,1109,N20,VIIRS,l,2,311.92,5.41,D,0
47.6841,28.85838,337.1,0.47,0.4,2019-08-21,1110,N20,VIIRS,n,2,307.45,4.45,D,0
48.28003,26.92665,337.19,0.42,0.38,2019-08-21,1110,N20,VIIRS,n,2,307.28,3.59,D,0
48.08123,28.05961,338.81,0.45,0.39,2019-08-21,1110,N20,VIIRS,n,2,313.62,2.16,D,0
48.04218,28.1008,339.42,0.45,0.39,2019-08-21,1110,N20,VIIRS,n,2,309.33,4.17,D,0
47.78753,29.01456,307.92,0.55,0.51,2019-08-21,2324,N20,VIIRS,n,2,290.47,2.11,N,2
47.78812,29.01591,300.49,0.39,0.59,2019-08-22,0105,N20,VIIRS,n,2,288.4,0.73,N,2
46.6284,29.44471,342.46,0.38,0.36,2019-08-22,1051,N20,VIIRS,n,2,306.48,13.51,D,0
46.20872,28.91502,337.28,0.38,0.36,2019-08-22,1051,N20,VIIRS,l,2,310.39,1.87,D,0
45.92484,28.50843,340.4,0.39,0.36,2019-08-22,1051,N20,VIIRS,n,2,307.64,3.89,D,0
48.21433,27.59047,329.37,0.39,0.36,2019-08-22,1051,N20,VIIRS,n,2,284.28,3.91,D,0
47.71098,27.98591,332.27,0.39,0.36,2019-08-22,1051,N20,VIIRS,n,2,289.14,3.07,D,0
47.50931,28.1203,334.49,0.39,0.36,2019-08-22,1051,N20,VIIRS,n,2,299.22,3.3,D,0
47.41608,28.22404,334.51,0.39,0.36,2019-08-22,1051,N20,VIIRS,n,2,299.02,5.69,D,0
47.7855,29.01268,305.55,0.46,0.63,2019-08-22,2305,N20,VIIRS,n,2,288.63,1.41,N,0
47.78743,29.01371,305.1,0.46,0.63,2019-08-22,2305,N20,VIIRS,n,2,288.72,1.07,N,0
47.78583,29.01497,304.46,0.49,0.48,2019-08-23,0046,N20,VIIRS,n,2,288.81,0.96,N,2
47.78658,29.01513,299.41,0.49,0.48,2019-08-23,0046,N20,VIIRS,n,2,288.06,1.52,N,2
47.48678,28.47712,334.98,0.47,0.4,2019-08-23,1032,N20,VIIRS,n,2,303.99,5.57,D,0
47.48683,28.47558,338.46,0.47,0.4,2019-08-23,1032,N20,VIIRS,n,2,304.29,3.92,D,0
46.21094,28.91947,341.61,0.48,0.4,2019-08-23,1032,N20,VIIRS,n,2,305.24,6.01,D,0
47.78832,29.01031,298.42,0.76,0.77,2019-08-23,2246,N20,VIIRS,n,2,281.05,1.42,N,0
47.78621,29.01327,298.34,0.76,0.77,2019-08-23,2246,N20,VIIRS,n,2,281.53,1.61,N,0
47.78548,29.01703,305.76,0.48,0.4,2019-08-24,0027,N20,VIIRS,n,2,289.82,1.6,N,2
45.88271,28.48838,311.15,0.49,0.4,2019-08-24,0028,N20,VIIRS,n,2,290.65,0.62,N,0
46.63556,28.44356,341.17,0.51,0.49,2019-08-24,1013,N20,VIIRS,n,2,302.16,6.87,D,0
47.27125,27.7639,334.73,0.53,0.5,2019-08-24,1013,N20,VIIRS,n,2,294.7,2.86,D,0
47.27136,27.76463,333.67,0.53,0.5,2019-08-24,1013,N20,VIIRS,n,2,294.84,4.66,D,0
46.96443,29.22363,330.41,0.46,0.47,2019-08-24,1013,N20,VIIRS,n,2,297.74,3.4,D,0
48.396,27.45227,349.9,0.42,0.61,2019-08-24,1154,N20,VIIRS,n,2,289.98,5.67,D,0
48.39739,27.44951,340.58,0.43,0.62,2019-08-24,1154,N20,VIIRS,n,2,288.77,5.14,D,0
47.78799,29.01557,301.95,0.38,0.36,2019-08-25,0008,N20,VIIRS,n,2,290.65,1.06,N,2
48.01164,28.4585,331.12,0.56,0.52,2019-08-25,1135,N20,VIIRS,l,2,304.99,2.67,D,0
48.0112,28.45088,332.6,0.56,0.52,2019-08-25,1135,N20,VIIRS,n,2,301.52,2.67,D,0
46.62968,29.84074,333.76,0.32,0.54,2019-08-25,1135,N20,VIIRS,n,2,295.91,2.37,D,0
47.78644,29.01688,308.35,0.45,0.39,2019-08-25,2349,N20,VIIRS,n,2,290.22,1.87,N,2
47.45939,28.32177,345.2,0.51,0.41,2019-08-26,1116,N20,VIIRS,n,2,306.37,6.29,D,0
47.45872,28.31497,335.07,0.51,0.41,2019-08-26,1116,N20,VIIRS,n,2,305.81,5.7,D,0
47.46315,28.3208,334.3,0.51,0.41,2019-08-26,1116,N20,VIIRS,n,2,308.69,6.29,D,0
48.40165,27.44163,340.5,0.49,0.4,2019-08-26,1116,N20,VIIRS,n,2,304.61,5.25,D,0
48.2238,28.06166,330.84,0.51,0.41,2019-08-26,1116,N20,VIIRS,n,2,304.16,2.05,D,0
47.46249,28.31417,334.29,0.51,0.41,2019-08-26,1116,N20,VIIRS,n,2,306.18,5.7,D,0
47.46756,28.32637,334.32,0.51,0.41,2019-08-26,1116,N20,VIIRS,n,2,306.14,5.42,D,0
47.11607,28.48834,344.92,0.51,0.41,2019-08-26,1116,N20,VIIRS,n,2,304.94,8.89,D,0
47.46019,28.3227,345.67,0.51,0.41,2019-08-26,1116,N20,VIIRS,n,2,306.51,8.07,D,0
47.4595,28.31594,343.21,0.51,0.41,2019-08-26,1116,N20,VIIRS,n,2,306.32,8.07,D,0
47.46326,28.31508,336.78,0.51,0.41,2019-08-26,1116,N20,VIIRS,n,2,306.53,8.07,D,0
47.46838,28.32726,333.52,0.51,0.41,2019-08-26,1116,N20,VIIRS,l,2,305.49,2.56,D,0
47.85393,27.2871,331.5,0.47,0.4,2019-08-26,1116,N20,VIIRS,l,2,306.29,4.23,D,0
47.78532,29.01809,309.77,0.46,0.47,2019-08-26,2331,N20,VIIRS,n,2,290.23,1.66,N,2
47.78782,29.01937,302.27,0.46,0.63,2019-08-27,0111,N20,VIIRS,n,2,287.68,1.41,N,2
47.12391,29.31808,338.72,0.4,0.37,2019-08-27,1057,N20,VIIRS,n,2,307.97,2.13,D,0
46.8075,28.14293,338.31,0.39,0.36,2019-08-27,1057,N20,VIIRS,n,2,311.84,3.95,D,0
45.80727,28.51249,332.75,0.39,0.36,2019-08-27,1057,N20,VIIRS,l,2,306.98,2.53,D,0
45.80399,28.51346,335.54,0.39,0.36,2019-08-27,1057,N20,VIIRS,l,2,310.08,2.53,D,0
47.69978,28.70452,337.88,0.39,0.36,2019-08-27,1057,N20,VIIRS,l,2,311.33,5.22,D,0
47.78543,29.01214,295.71,0.39,0.59,2019-08-27,2312,N20,VIIRS,n,2,283.66,0.72,N,0
47.78525,29.01773,300.77,0.39,0.59,2019-08-27,2312,N20,VIIRS,n,2,286.82,1.33,N,2
47.78466,29.01473,300.55,0.57,0.52,2019-08-28,0052,N20,VIIRS,n,2,282.32,1.31,N,2
47.7892,29.01124,303.19,0.65,0.73,2019-08-28,2253,N20,VIIRS,n,2,286.76,1.09,N,2
47.78736,29.01567,299.64,0.65,0.73,2019-08-28,2253,N20,VIIRS,n,2,287.17,1.52,N,2
47.06916,29.55302,301.44,0.39,0.44,2019-08-29,0033,N20,VIIRS,n,2,289.18,0.54,N,0
47.07027,29.54817,300.25,0.39,0.44,2019-08-29,0033,N20,VIIRS,n,2,289.1,0.54,N,0
47.78656,29.01883,303.17,0.54,0.42,2019-08-29,0033,N20,VIIRS,n,2,288.56,1.41,N,2
46.98374,28.49669,336.23,0.43,0.46,2019-08-29,1019,N20,VIIRS,n,2,299.12,4.88,D,0
48.09079,27.98712,333.87,0.42,0.45,2019-08-29,1020,N20,VIIRS,n,2,306.23,2.11,D,0
48.37524,27.51759,333.57,0.43,0.46,2019-08-29,1020,N20,VIIRS,n,2,301,2.37,D,0
48.28641,27.72044,308.98,0.38,0.36,2019-08-30,0014,N20,VIIRS,n,2,287.14,0.96,N,0
46.3455,28.56958,297.99,0.4,0.37,2019-08-30,0015,N20,VIIRS,n,2,287.22,0.4,N,0
47.78573,29.01503,303.79,0.4,0.37,2019-08-30,0015,N20,VIIRS,n,2,288.12,1.34,N,2
47.90687,28.89002,367,0.35,0.57,2019-08-30,1141,N20,VIIRS,h,2,303.38,12.77,D,0
47.90668,28.88533,332.73,0.35,0.57,2019-08-30,1141,N20,VIIRS,n,2,301.21,8.16,D,0
47.14574,28.90353,354,0.35,0.56,2019-08-30,1141,N20,VIIRS,n,2,298.16,5.32,D,0
47.3406,28.43666,337.1,0.33,0.55,2019-08-30,1141,N20,VIIRS,n,2,299.1,3.49,D,0
47.78537,29.01836,306.1,0.41,0.37,2019-08-30,2356,N20,VIIRS,n,2,288.41,1.32,N,2
47.06322,29.56253,342.2,0.49,0.65,2019-08-31,0942,N20,VIIRS,n,2,306.12,4.54,D,0
48.00182,28.63591,335.52,0.41,0.45,2019-08-31,1122,N20,VIIRS,n,2,302.21,5.18,D,0
47.44809,28.57274,340.3,0.4,0.45,2019-08-31,1122,N20,VIIRS,n,2,306.2,6.87,D,0
47.45263,28.57707,343.15,0.4,0.45,2019-08-31,1122,N20,VIIRS,n,2,304.1,5.18,D,0
48.00642,28.64079,342.27,0.41,0.45,2019-08-31,1122,N20,VIIRS,n,2,302.18,3.95,D,0
48.00457,28.63798,348.97,0.41,0.45,2019-08-31,1122,N20,VIIRS,n,2,306.06,6.7,D,0
46.7291,28.20865,341.55,0.38,0.43,2019-08-31,1122,N20,VIIRS,n,2,308.81,3.54,D,0
47.07375,28.92238,332.59,0.42,0.45,2019-08-31,1122,N20,VIIRS,l,2,305.97,3.04,D,0
47.26373,28.20664,344.12,0.39,0.44,2019-08-31,1122,N20,VIIRS,n,2,306.69,7.11,D,0
47.44855,28.578,348.17,0.4,0.45,2019-08-31,1122,N20,VIIRS,n,2,304.47,5.18,D,0
48.24563,28.05928,348.82,0.39,0.44,2019-08-31,1123,N20,VIIRS,n,2,301.91,5.4,D,0
48.11874,27.24006,339.95,0.54,0.42,2019-08-31,1123,N20,VIIRS,n,2,301.38,5.01,D,0
47.37547,28.72462,296.83,0.4,0.44,2019-08-31,2337,N20,VIIRS,n,2,286.23,0.28,N,0
47.78472,29.01786,307.43,0.39,0.44,2019-08-31,2337,N20,VIIRS,n,2,288.59,1.29,N,2
45.58027,28.2951,312.12,0.4,0.44,2019-08-31,2338,N20,VIIRS,n,2,286.85,1.5,N,0
47.78719,29.01753,300.58,0.53,0.67,2019-09-01,0117,N20,VIIRS,n,2,285.48,0.84,N,2
47.78711,29.01894,297.56,0.53,0.67,2019-09-01,0117,N20,VIIRS,n,2,285.21,1.28,N,2
47.37693,28.72621,296.37,0.53,0.67,2019-09-01,0117,N20,VIIRS,n,2,285.4,1.08,N,0
46.3922,28.69458,336.86,0.41,0.37,2019-09-01,1103,N20,VIIRS,n,2,305.99,2.43,D,0
47.05665,29.57871,336.94,0.44,0.38,2019-09-01,1103,N20,VIIRS,l,2,311.27,4.1,D,0
47.04065,29.56523,347.45,0.44,0.38,2019-09-01,1103,N20,VIIRS,n,2,317.08,15.47,D,0
47.03434,29.57273,338.9,0.44,0.38,2019-09-01,1103,N20,VIIRS,l,2,311.91,2.72,D,0
47.03783,29.57184,344.61,0.44,0.38,2019-09-01,1103,N20,VIIRS,n,2,312.31,15.47,D,0
47.03459,29.57483,345.37,0.44,0.38,2019-09-01,1103,N20,VIIRS,n,2,312.18,3.61,D,0
46.38813,28.6902,354.46,0.41,0.37,2019-09-01,1103,N20,VIIRS,n,2,305.24,13.06,D,0
48.13515,28.11839,341.54,0.41,0.37,2019-09-01,1104,N20,VIIRS,n,2,307.04,6.14,D,0
48.13176,28.11933,335.89,0.41,0.37,2019-09-01,1104,N20,VIIRS,n,2,301.26,2.18,D,0
47.76425,28.5744,297.16,0.34,0.56,2019-09-01,2318,N20,VIIRS,n,2,272.49,1.77,N,0
47.60033,28.91404,310.81,0.33,0.55,2019-09-01,2318,N20,VIIRS,n,2,281.2,0.81,N,0
47.78482,29.01745,306.17,0.33,0.56,2019-09-02,0058,N20,VIIRS,n,2,288.16,1.09,N,2
47.78562,29.01911,302.53,0.33,0.56,2019-09-02,0058,N20,VIIRS,n,2,287.85,1.09,N,2
47.13039,29.11362,304.29,0.35,0.57,2019-09-02,0058,N20,VIIRS,n,2,285.6,0.72,N,0
46.62754,28.59697,339.42,0.4,0.37,2019-09-02,1044,N20,VIIRS,l,2,309.72,5.97,D,0
46.18399,28.89799,337.82,0.4,0.37,2019-09-02,1044,N20,VIIRS,n,2,307.94,5.51,D,0
46.62843,28.60212,342.44,0.4,0.37,2019-09-02,1044,N20,VIIRS,n,2,309.61,5.97,D,0
47.06857,28.87779,338.31,0.39,0.36,2019-09-02,1044,N20,VIIRS,n,2,304.33,10.7,D,0
47.07185,28.87662,354.65,0.39,0.36,2019-09-02,1044,N20,VIIRS,n,2,311.7,10.7,D,0
47.071,28.87153,335.2,0.39,0.36,2019-09-02,1044,N20,VIIRS,l,2,306.22,5.98,D,0
47.07472,28.87885,334.21,0.39,0.36,2019-09-02,1045,N20,VIIRS,n,2,304.82,6.26,D,0
47.07386,28.87376,345.68,0.39,0.36,2019-09-02,1045,N20,VIIRS,n,2,306.59,8.07,D,0
47.78426,29.01074,301.07,0.54,0.68,2019-09-02,2259,N20,VIIRS,n,2,286.32,1.36,N,0
47.78797,29.0173,300.13,0.54,0.68,2019-09-02,2259,N20,VIIRS,n,2,286.73,1.32,N,2
47.78672,29.0173,307.08,0.42,0.45,2019-09-03,0040,N20,VIIRS,n,2,289.44,1.07,N,2
47.71354,27.98312,301.05,0.57,0.43,2019-09-03,0040,N20,VIIRS,n,2,288.34,0.44,N,0
47.7147,27.98452,300.97,0.57,0.43,2019-09-03,0040,N20,VIIRS,n,2,288.01,0.83,N,0
46.80661,28.18318,310.95,0.41,0.45,2019-09-03,0040,N20,VIIRS,n,2,287.17,1.3,N,0
45.77327,28.58226,332.98,0.39,0.44,2019-09-03,1025,N20,VIIRS,l,2,306.27,2.98,D,0
45.77608,28.57581,335.78,0.39,0.44,2019-09-03,1025,N20,VIIRS,l,2,307.57,2.98,D,0
45.77992,28.57406,342.08,0.39,0.44,2019-09-03,1025,N20,VIIRS,n,2,307.88,5.08,D,0
46.78814,28.91989,333.02,0.53,0.42,2019-09-03,1026,N20,VIIRS,n,2,303.33,4.46,D,0
48.01929,28.72622,331.41,0.51,0.41,2019-09-03,1026,N20,VIIRS,l,2,302.45,3.08,D,0
46.78611,28.92014,332.37,0.53,0.42,2019-09-03,1026,N20,VIIRS,n,2,304.64,8.03,D,0
46.4947,29.579,332.74,0.51,0.41,2019-09-03,1026,N20,VIIRS,l,2,304.52,2.04,D,0
46.12445,28.96741,307.77,0.45,0.39,2019-09-04,0021,N20,VIIRS,n,2,281.68,1.25,N,0
47.78445,29.01942,298.59,0.39,0.36,2019-09-05,0002,N20,VIIRS,n,2,284.65,0.97,N,2
48.21367,27.01721,295.32,0.42,0.38,2019-09-05,0002,N20,VIIRS,n,2,281.57,0.57,N,0
47.789,28.95153,296.01,0.51,0.41,2019-09-05,2343,N20,VIIRS,n,2,282.62,0.97,N,2
47.60534,28.79878,345.67,0.47,0.4,2019-09-06,1110,N20,VIIRS,n,2,296.09,5.61,D,0
47.79002,28.95727,305.63,0.55,0.51,2019-09-06,2324,N20,VIIRS,n,2,285.98,2.43,N,2
47.10664,29.34553,314.65,0.52,0.5,2019-09-06,2324,N20,VIIRS,n,2,286.13,1.34,N,0
47.7915,28.9541,311.73,0.39,0.59,2019-09-07,0105,N20,VIIRS,n,2,284.28,1.37,N,2
45.77464,28.58225,340.07,0.39,0.36,2019-09-07,1050,N20,VIIRS,l,2,310.45,4.94,D,0
46.06021,28.37574,336.05,0.39,0.36,2019-09-07,1051,N20,VIIRS,l,2,307.11,3.41,D,0
48.20361,27.46552,333.54,0.39,0.36,2019-09-07,1051,N20,VIIRS,n,2,294.75,1.83,D,0
47.71046,27.98753,334.44,0.39,0.36,2019-09-07,1051,N20,VIIRS,l,2,304.5,2.58,D,0
47.34579,28.56839,333.77,0.38,0.36,2019-09-07,1051,N20,VIIRS,n,2,303.01,4.23,D,0
47.78846,28.95384,297.06,0.48,0.48,2019-09-08,0046,N20,VIIRS,n,2,285.26,0.7,N,2
47.78907,28.95375,297.7,0.48,0.48,2019-09-08,0046,N20,VIIRS,n,2,285.19,0.99,N,2
47.80075,28.95247,347.39,0.45,0.39,2019-09-08,1032,N20,VIIRS,n,2,300.89,7.54,D,0
47.20431,28.94108,342.36,0.46,0.39,2019-09-08,1032,N20,VIIRS,n,2,296.63,7.14,D,0
47.79946,28.95122,350.45,0.45,0.39,2019-09-08,1032,N20,VIIRS,n,2,299.64,6.84,D,0
47.79188,28.9507,299.21,0.77,0.77,2019-09-08,2246,N20,VIIRS,n,2,276.77,1.95,N,2
47.79001,28.95368,295.69,0.77,0.77,2019-09-08,2246,N20,VIIRS,n,2,276.14,1.06,N,2
47.79002,28.95722,311.41,0.47,0.4,2019-09-09,0027,N20,VIIRS,n,2,285.55,2.16,N,2
47.7899,28.95615,311.92,0.47,0.4,2019-09-09,0027,N20,VIIRS,n,2,285.96,1.92,N,2
46.59872,29.14902,331.63,0.48,0.48,2019-09-09,1013,N20,VIIRS,l,2,305.59,13.86,D,0
47.84419,28.65328,340.92,0.46,0.47,2019-09-09,1013,N20,VIIRS,n,2,305.64,7.48,D,0
47.84002,28.65526,336.53,0.46,0.47,2019-09-09,1013,N20,VIIRS,n,2,302.48,3.71,D,0
47.72583,28.97736,338.55,0.45,0.47,2019-09-09,1013,N20,VIIRS,n,2,303.79,2.4,D,0
47.72776,28.97816,333.55,0.45,0.47,2019-09-09,1013,N20,VIIRS,n,2,302.21,3.69,D,0
47.51368,28.98256,334.86,0.46,0.47,2019-09-09,1013,N20,VIIRS,n,2,303.67,3.61,D,0
47.51507,28.98824,340.1,0.46,0.47,2019-09-09,1013,N20,VIIRS,n,2,303.84,5.06,D,0
47.51204,28.98506,330.27,0.46,0.47,2019-09-09,1013,N20,VIIRS,l,2,303.17,3.47,D,0
47.35083,28.57105,330.71,0.48,0.48,2019-09-09,1013,N20,VIIRS,n,2,301.5,3.1,D,0
47.23841,28.3309,340.15,0.5,0.49,2019-09-09,1013,N20,VIIRS,n,2,301.19,5.45,D,0
47.24026,28.33175,338.84,0.5,0.49,2019-09-09,1013,N20,VIIRS,n,2,300.68,5.57,D,0
47.20795,28.72158,330.14,0.48,0.48,2019-09-09,1013,N20,VIIRS,n,2,302.35,2.12,D,0
47.01922,28.45371,334.77,0.5,0.49,2019-09-09,1013,N20,VIIRS,n,2,301.12,3.57,D,0
46.5987,29.12955,335.14,0.48,0.48,2019-09-09,1013,N20,VIIRS,n,2,304.98,43.53,D,0
46.60014,29.13551,342.66,0.48,0.48,2019-09-09,1013,N20,VIIRS,n,2,317.33,43.53,D,0
46.59592,29.13748,347.87,0.48,0.48,2019-09-09,1013,N20,VIIRS,n,2,308.11,16.19,D,0
46.59732,29.14327,353.63,0.48,0.48,2019-09-09,1013,N20,VIIRS,n,2,315.19,13.86,D,0
46.59314,29.14541,337.83,0.48,0.48,2019-09-09,1013,N20,VIIRS,n,2,304.86,13.86,D,0
46.59452,29.15108,339.15,0.48,0.48,2019-09-09,1013,N20,VIIRS,n,2,305.32,13.86,D,0
46.44033,29.66177,340.16,0.46,0.47,2019-09-09,1013,N20,VIIRS,n,2,308.21,6.89,D,0
46.44169,29.66743,336.2,0.46,0.47,2019-09-09,1013,N20,VIIRS,n,2,305.97,5.32,D,0
47.93784,27.53564,332.67,0.51,0.5,2019-09-09,1014,N20,VIIRS,n,2,302.84,4.93,D,0
47.9395,27.54221,330.55,0.51,0.5,2019-09-09,1014,N20,VIIRS,n,2,302.8,4.73,D,0
47.93914,27.53505,332.97,0.51,0.5,2019-09-09,1014,N20,VIIRS,n,2,303.03,3.45,D,0
47.94083,27.5416,329.51,0.51,0.5,2019-09-09,1014,N20,VIIRS,n,2,302.3,3.45,D,0
46.59873,29.13583,332.18,0.5,0.66,2019-09-09,1154,N20,VIIRS,n,2,301.2,1.9,D,0
46.77856,29.79359,335.55,0.54,0.68,2019-09-09,1154,N20,VIIRS,n,2,305.28,3.28,D,0
46.77552,29.79472,335.71,0.54,0.68,2019-09-09,1154,N20,VIIRS,n,2,305.54,3.82,D,0
48.12851,27.60114,351.99,0.43,0.62,2019-09-09,1154,N20,VIIRS,n,2,300.38,4.72,D,0
47.25225,29.06429,333.73,0.5,0.66,2019-09-09,1154,N20,VIIRS,n,2,301.24,2.53,D,0
46.03895,28.71338,347.43,0.47,0.64,2019-09-09,1154,N20,VIIRS,n,2,303.86,4.85,D,0
46.03881,28.70699,344.14,0.47,0.64,2019-09-09,1154,N20,VIIRS,n,2,305.19,4.85,D,0
46.03536,28.70798,367,0.47,0.64,2019-09-09,1154,N20,VIIRS,h,2,306.71,10.94,D,0
47.78981,28.95708,317.93,0.38,0.36,2019-09-10,0008,N20,VIIRS,n,2,287.86,1.57,N,2
47.71196,27.98649,295.86,0.39,0.36,2019-09-10,0008,N20,VIIRS,n,2,285.17,0.61,N,0
47.78657,29.0199,297.28,0.38,0.36,2019-09-10,0008,N20,VIIRS,n,2,286,0.75,N,2
46.99878,29.21036,297.47,0.44,0.38,2019-09-10,2350,N20,VIIRS,n,2,281.85,0.49,N,0
46.99459,29.2151,303.38,0.44,0.38,2019-09-10,2350,N20,VIIRS,n,2,283.45,0.56,N,0
47.786,29.01683,300.33,0.45,0.39,2019-09-10,2350,N20,VIIRS,n,2,284.87,0.75,N,2
47.78949,28.95572,313.16,0.45,0.39,2019-09-10,2350,N20,VIIRS,n,2,285,2.29,N,2
46.99808,29.21608,296.14,0.44,0.38,2019-09-10,2350,N20,VIIRS,n,2,283.87,0.54,N,0
46.8742,29.56376,341.6,0.58,0.7,2019-09-11,0936,N20,VIIRS,n,2,297.91,6.93,D,0
46.87623,29.56195,336.46,0.58,0.7,2019-09-11,0936,N20,VIIRS,n,2,296.47,3.85,D,0
46.87389,29.55516,332.44,0.58,0.7,2019-09-11,0936,N20,VIIRS,n,2,297.81,3.85,D,0
46.87188,29.55692,333.42,0.58,0.7,2019-09-11,0936,N20,VIIRS,n,2,298.44,7.26,D,0
46.87526,29.56558,355.86,0.57,0.43,2019-09-11,1116,N20,VIIRS,n,2,314.89,36.71,D,0
46.86733,29.56714,332.91,0.57,0.43,2019-09-11,1116,N20,VIIRS,l,2,306.67,3.46,D,0
46.87062,29.55888,342.7,0.57,0.43,2019-09-11,1116,N20,VIIRS,n,2,308.59,3.46,D,0
46.8713,29.56636,335.12,0.57,0.43,2019-09-11,1116,N20,VIIRS,l,2,308.87,3.46,D,0
46.42331,30.12319,345.36,0.39,0.44,2019-09-11,1116,N20,VIIRS,n,2,303.26,4.26,D,0
47.79118,28.95524,312.13,0.46,0.47,2019-09-11,2331,N20,VIIRS,n,2,285.08,1.51,N,2
47.78644,29.01756,306.54,0.46,0.47,2019-09-11,2331,N20,VIIRS,n,2,285.79,1.07,N,2
47.79076,28.95613,301.93,0.45,0.63,2019-09-12,0111,N20,VIIRS,n,2,282.51,1.08,N,2
46.93801,28.85287,350.58,0.39,0.36,2019-09-12,1057,N20,VIIRS,n,2,310.8,7.15,D,0
46.93872,28.85793,351.72,0.39,0.36,2019-09-12,1057,N20,VIIRS,n,2,309.79,7.15,D,0
47.60799,28.79693,334.74,0.39,0.37,2019-09-12,1057,N20,VIIRS,l,2,308.56,2.21,D,0
47.09349,28.62183,336.3,0.39,0.36,2019-09-12,1057,N20,VIIRS,n,2,303.49,3.39,D,0
46.94131,28.85187,346.21,0.39,0.36,2019-09-12,1057,N20,VIIRS,n,2,307.7,4.24,D,0
47.10988,28.07713,304.36,0.42,0.61,2019-09-12,2312,N20,VIIRS,n,2,287.99,0.9,N,0
47.79134,28.95559,295.89,0.39,0.59,2019-09-12,2312,N20,VIIRS,n,2,277.46,1.21,N,2
46.94158,28.65673,298.4,0.39,0.6,2019-09-12,2312,N20,VIIRS,n,2,281.37,0.68,N,0
47.78933,29.01291,295.41,0.38,0.59,2019-09-12,2312,N20,VIIRS,n,2,277.12,0.87,N,2
47.78392,29.01805,301.86,0.57,0.52,2019-09-13,0052,N20,VIIRS,n,2,283.98,2.14,N,0
47.6263,29.14812,337.28,0.41,0.37,2019-09-13,1038,N20,VIIRS,n,2,306.19,4.34,D,0
47.40006,28.27952,337.01,0.43,0.38,2019-09-13,1038,N20,VIIRS,n,2,305.9,4.24,D,0
48.25141,27.0685,331.63,0.45,0.39,2019-09-13,1039,N20,VIIRS,n,2,302.37,1.45,D,0
47.79285,28.95085,303.51,0.65,0.73,2019-09-13,2253,N20,VIIRS,n,2,284.05,1.31,N,2
47.78653,29.01226,300.87,0.64,0.72,2019-09-13,2253,N20,VIIRS,n,2,283.72,1.1,N,0
48.25812,27.17291,328.11,0.46,0.39,2019-09-14,0033,N20,VIIRS,n,2,286.14,3.77,N,0
48.25934,27.16689,302.14,0.46,0.39,2019-09-14,0033,N20,VIIRS,n,2,284.3,2.29,N,0
47.79171,28.95213,304.22,0.54,0.42,2019-09-14,0033,N20,VIIRS,n,2,285.87,1.15,N,2
47.78535,29.018,301.78,0.54,0.42,2019-09-14,0033,N20,VIIRS,n,2,286.01,1.94,N,2
48.26004,27.17257,336.9,0.46,0.39,2019-09-14,0033,N20,VIIRS,n,2,284.93,3.12,N,0
48.25656,27.17101,302.16,0.46,0.39,2019-09-14,0033,N20,VIIRS,n,2,284.27,3.12,N,0
47.78529,29.01624,306.47,0.4,0.37,2019-09-15,0015,N20,VIIRS,n,2,283.13,1.55,N,2
47.78875,28.95668,307.51,0.4,0.37,2019-09-15,0015,N20,VIIRS,n,2,284.36,1.66,N,2
46.24536,28.94159,333.05,0.34,0.56,2019-09-15,1001,N20,VIIRS,n,2,302.07,1.39,D,0
45.72544,28.48782,332.34,0.37,0.58,2019-09-15,1001,N20,VIIRS,n,2,303.02,1.81,D,0
47.49623,28.45643,353.99,0.33,0.55,2019-09-15,1001,N20,VIIRS,n,2,296.22,4.52,D,0
47.49501,28.45206,342.6,0.33,0.55,2019-09-15,1001,N20,VIIRS,n,2,298.76,4.52,D,0
47.74084,29.15784,367,0.36,0.57,2019-09-15,1141,N20,VIIRS,h,2,300.99,6.79,D,0
47.27803,28.86704,352.46,0.35,0.56,2019-09-15,1141,N20,VIIRS,n,2,296.26,4.24,D,0
47.49704,28.45308,335.82,0.33,0.55,2019-09-15,1141,N20,VIIRS,n,2,300.21,4.86,D,0
47.72868,29.20602,355.64,0.36,0.58,2019-09-15,1141,N20,VIIRS,n,2,304.73,5.93,D,0
47.73214,29.21198,338.79,0.36,0.58,2019-09-15,1141,N20,VIIRS,n,2,295.3,11.23,D,0
47.73196,29.20722,351.64,0.36,0.58,2019-09-15,1141,N20,VIIRS,n,2,306.45,11.23,D,0
47.27808,28.86848,367,0.35,0.56,2019-09-15,1141,N20,VIIRS,h,2,296.72,5.5,D,0
46.25109,28.93995,339.91,0.34,0.56,2019-09-15,1141,N20,VIIRS,n,2,304.5,2.39,D,0
46.89425,28.62538,367,0.34,0.56,2019-09-15,1141,N20,VIIRS,h,2,301.17,12.47,D,0
47.14412,28.36819,354.64,0.33,0.55,2019-09-15,1141,N20,VIIRS,n,2,296.77,3.33,D,0
47.79045,28.95251,309.72,0.41,0.37,2019-09-15,2356,N20,VIIRS,n,2,282.93,1.8,N,2
47.78523,29.0189,310.09,0.41,0.37,2019-09-15,2356,N20,VIIRS,n,2,284.92,1.37,N,2
46.41618,28.56038,295.44,0.41,0.37,2019-09-15,2356,N20,VIIRS,n,2,282.7,0.55,N,0
46.70032,29.35206,349.83,0.52,0.67,2019-09-16,0942,N20,VIIRS,n,2,303.29,7.76,D,0
46.05277,28.56023,333.98,0.59,0.7,2019-09-16,0942,N20,VIIRS,n,2,298.41,2.75,D,0
46.92772,29.2457,335.04,0.43,0.46,2019-09-16,1122,N20,VIIRS,n,2,307.9,7.69,D,0
46.4053,28.56255,340.02,0.4,0.44,2019-09-16,1122,N20,VIIRS,n,2,309.02,2.67,D,0
46.40935,28.56175,342.15,0.4,0.44,2019-09-16,1122,N20,VIIRS,n,2,309.59,5.48,D,0
46.92819,29.25143,341.15,0.43,0.46,2019-09-16,1122,N20,VIIRS,n,2,305.98,7.69,D,0
46.93193,29.24499,333.19,0.43,0.46,2019-09-16,1122,N20,VIIRS,n,2,305.89,7.69,D,0
47.20221,29.3225,337.94,0.44,0.46,2019-09-16,1122,N20,VIIRS,n,2,307.61,3.39,D,0
47.21085,27.82284,339.06,0.56,0.43,2019-09-16,1122,N20,VIIRS,n,2,306.82,7.05,D,0
47.44884,28.46909,338.74,0.4,0.44,2019-09-16,1122,N20,VIIRS,n,2,302.38,5.95,D,0
47.51787,28.74478,331.98,0.41,0.45,2019-09-16,1122,N20,VIIRS,n,2,301.23,1.46,D,0
47.89422,28.64306,344.21,0.41,0.45,2019-09-16,1123,N20,VIIRS,n,2,303.73,12.22,D,0
47.79223,28.95263,296.23,0.4,0.44,2019-09-16,2337,N20,VIIRS,n,2,277.32,0.82,N,2
47.94796,27.52451,331.01,0.41,0.37,2019-09-18,1045,N20,VIIRS,n,2,293.02,3.12,D,0
47.78675,29.01447,302.45,0.54,0.68,2019-09-18,2259,N20,VIIRS,n,2,280.77,1.33,N,2
47.79353,28.95561,297.07,0.54,0.68,2019-09-18,2259,N20,VIIRS,n,2,279.56,1.22,N,2
47.78841,28.9529,311.42,0.42,0.45,2019-09-19,0040,N20,VIIRS,n,2,281.02,1.34,N,2
47.08673,29.14122,308.01,0.44,0.46,2019-09-19,0040,N20,VIIRS,n,2,279.1,1.2,N,0
47.78653,29.01741,303.91,0.42,0.45,2019-09-19,0040,N20,VIIRS,n,2,281.69,1.23,N,2
47.04938,28.68476,332.42,0.54,0.42,2019-09-19,1026,N20,VIIRS,n,2,297.4,4.19,D,0
47.68452,28.30921,333.44,0.54,0.42,2019-09-19,1026,N20,VIIRS,n,2,294.45,2.44,D,0
47.15012,28.68945,335.31,0.53,0.42,2019-09-19,1026,N20,VIIRS,n,2,297,5.79,D,0
47.14641,28.69115,345.68,0.53,0.42,2019-09-19,1026,N20,VIIRS,n,2,299.12,7.04,D,0
47.19961,28.96062,337.92,0.52,0.42,2019-09-19,1026,N20,VIIRS,n,2,296.42,5.47,D,0
47.78607,29.01621,298.55,0.39,0.36,2019-09-21,0002,N20,VIIRS,n,2,278.84,0.85,N,2
47.78853,28.95257,312.71,0.39,0.36,2019-09-21,0002,N20,VIIRS,n,2,278.48,1.63,N,2
45.6137,28.16864,333.74,0.54,0.68,2019-09-21,0948,N20,VIIRS,n,2,284.1,4.11,D,0
46.5674,29.21795,326.53,0.45,0.63,2019-09-21,0948,N20,VIIRS,n,2,290.93,1.94,D,0
45.61645,28.16521,329.63,0.44,0.46,2019-09-21,1128,N20,VIIRS,n,2,290.34,3.37,D,0
45.61219,28.16582,343.13,0.44,0.46,2019-09-21,1128,N20,VIIRS,n,2,291.32,6.93,D,0
47.85657,28.91189,353.56,0.67,0.73,2019-09-22,0930,N20,VIIRS,n,2,303.6,66.96,D,0
47.86253,28.90709,367,0.67,0.73,2019-09-22,0930,N20,VIIRS,h,2,294.02,20.92,D,0
46.06777,28.46755,335.35,0.44,0.39,2019-09-22,1109,N20,VIIRS,n,2,304.09,5.04,D,0
46.01768,28.49894,338.16,0.44,0.39,2019-09-22,1109,N20,VIIRS,n,2,300.02,4.1,D,0
46.02189,28.50378,334.65,0.44,0.39,2019-09-22,1109,N20,VIIRS,n,2,303.29,4.1,D,0
47.55652,27.56228,335.13,0.43,0.38,2019-09-22,1110,N20,VIIRS,n,2,303.14,22.06,D,0
47.36231,27.68722,335.24,0.43,0.38,2019-09-22,1110,N20,VIIRS,n,2,298,2.98,D,0
47.78816,29.01344,303.77,0.54,0.51,2019-09-22,2324,N20,VIIRS,n,2,282.15,1.35,N,2
47.79182,28.95461,299.96,0.55,0.51,2019-09-22,2324,N20,VIIRS,n,2,281.79,1.55,N,2
46.17152,28.56665,295.65,0.55,0.51,2019-09-22,2325,N20,VIIRS,n,2,277.84,0.72,N,0
46.01629,28.50361,306.55,0.55,0.51,2019-09-22,2325,N20,VIIRS,n,2,281.66,1.96,N,0
46.17518,28.56724,299.98,0.55,0.51,2019-09-22,2325,N20,VIIRS,n,2,280.42,1.01,N,0
47.1742,29.3871,307.87,0.52,0.5,2019-09-22,2325,N20,VIIRS,n,2,276.71,1.33,N,0
47.17879,29.38783,297.11,0.52,0.5,2019-09-22,2325,N20,VIIRS,n,2,277.89,1.33,N,0
47.17462,29.38688,310.93,0.52,0.5,2019-09-22,2325,N20,VIIRS,n,2,276.92,1.51,N,0
47.78765,29.01816,306.46,0.39,0.59,2019-09-23,0105,N20,VIIRS,n,2,281.4,1.33,N,2
47.78719,28.95293,298.23,0.39,0.59,2019-09-23,0105,N20,VIIRS,n,2,279.91,0.47,N,0
47.17535,29.38978,304.96,0.42,0.61,2019-09-23,0105,N20,VIIRS,n,2,276.48,0.88,N,0
47.17747,29.39009,299.9,0.42,0.61,2019-09-23,0105,N20,VIIRS,n,2,276.69,1.13,N,0
46.17256,28.56657,303,0.42,0.61,2019-09-23,0105,N20,VIIRS,n,2,278.13,0.88,N,0
46.17284,28.57012,299.08,0.42,0.61,2019-09-23,0105,N20,VIIRS,n,2,278.47,0.66,N,0
46.01444,28.50657,302.22,0.42,0.61,2019-09-23,0105,N20,VIIRS,n,2,280.83,0.73,N,0
47.79005,28.95067,299.4,0.39,0.59,2019-09-23,0105,N20,VIIRS,n,2,279.68,1.55,N,2
48.27786,27.14219,329.49,0.39,0.36,2019-09-23,1051,N20,VIIRS,n,2,296.85,3.11,D,0
47.84604,28.39497,343.01,0.38,0.36,2019-09-23,1051,N20,VIIRS,n,2,300.81,4.1,D,0
46.55564,28.5147,339.52,0.39,0.36,2019-09-23,1051,N20,VIIRS,n,2,307.96,4.66,D,0
46.55643,28.51965,356.12,0.39,0.36,2019-09-23,1051,N20,VIIRS,n,2,309.67,11.46,D,0
46.55239,28.51579,336.25,0.39,0.36,2019-09-23,1051,N20,VIIRS,n,2,302.46,1.92,D,0
46.55317,28.52074,349.55,0.39,0.36,2019-09-23,1051,N20,VIIRS,n,2,306.86,4.62,D,0
46.55396,28.52568,343.86,0.39,0.36,2019-09-23,1051,N20,VIIRS,n,2,307.99,4.62,D,0
46.6034,29.79156,331.02,0.39,0.36,2019-09-23,1051,N20,VIIRS,n,2,289.67,3.43,D,0
46.29848,28.19445,333.43,0.39,0.36,2019-09-23,1051,N20,VIIRS,n,2,300.81,3.37,D,0
46.41143,29.2177,333.58,0.38,0.36,2019-09-23,1051,N20,VIIRS,l,2,306.54,2.31,D,0
46.16954,28.56564,346.29,0.39,0.36,2019-09-23,1051,N20,VIIRS,n,2,295.85,6.28,D,0
46.04127,28.7082,332.05,0.39,0.36,2019-09-23,1051,N20,VIIRS,l,2,305.91,3.1,D,0
45.71574,28.49409,336.9,0.39,0.36,2019-09-23,1051,N20,VIIRS,n,2,310.07,5.78,D,0
45.71654,28.49899,339.42,0.39,0.36,2019-09-23,1051,N20,VIIRS,n,2,310.83,5.98,D,0
47.73389,27.66592,333.53,0.39,0.36,2019-09-23,1051,N20,VIIRS,n,2,303.28,2.04,D,0
46.93518,29.3748,300.48,0.53,0.5,2019-09-24,0046,N20,VIIRS,n,2,282.41,1.17,N,0
47.78668,29.01534,300.65,0.49,0.48,2019-09-24,0046,N20,VIIRS,n,2,280.58,1.64,N,2
47.78806,28.95309,305.18,0.49,0.48,2019-09-24,0046,N20,VIIRS,n,2,281.69,1.44,N,2
47.70633,28.67189,331.42,0.47,0.48,2019-09-24,0046,N20,VIIRS,n,2,280.2,3.81,N,0
46.73377,29.49494,336.87,0.45,0.39,2019-09-24,1032,N20,VIIRS,n,2,296.38,5.42,D,0
46.76899,29.40656,344.12,0.45,0.39,2019-09-24,1032,N20,VIIRS,n,2,293.08,7.68,D,0
46.73723,29.49352,348.23,0.45,0.39,2019-09-24,1032,N20,VIIRS,n,2,296.59,17.15,D,0
47.79078,28.94775,295.09,0.76,0.77,2019-09-24,2246,N20,VIIRS,n,2,279.14,1.13,N,0
47.78481,29.00937,297.15,0.76,0.77,2019-09-24,2246,N20,VIIRS,n,2,280.07,1.55,N,0
47.79265,28.95151,300.25,0.76,0.77,2019-09-24,2246,N20,VIIRS,n,2,280.18,1.93,N,2
47.78617,29.01472,302.83,0.48,0.4,2019-09-25,0027,N20,VIIRS,n,2,281.25,2.06,N,2
47.7905,28.9563,310.73,0.48,0.4,2019-09-25,0027,N20,VIIRS,n,2,282.44,1.93,N,2
48.07748,27.36686,306.06,0.42,0.38,2019-09-25,0027,N20,VIIRS,n,2,278.99,0.53,N,0
48.08023,27.36327,295.91,0.42,0.38,2019-09-25,0027,N20,VIIRS,n,2,278.38,0.66,N,0
47.18397,29.32985,300.99,0.5,0.41,2019-09-25,0027,N20,VIIRS,n,2,281.59,0.87,N,0
46.76389,29.40542,296.99,0.51,0.41,2019-09-25,0027,N20,VIIRS,n,2,279.69,0.45,N,0
47.27865,28.87313,353.53,0.47,0.48,2019-09-25,1013,N20,VIIRS,n,2,294.87,13.48,D,0
46.87361,29.45788,328.19,0.45,0.47,2019-09-25,1013,N20,VIIRS,n,2,295.88,1.54,D,0
46.84495,29.79151,346.28,0.44,0.46,2019-09-25,1013,N20,VIIRS,n,2,315.05,75.92,D,0
47.53104,28.56754,335.03,0.48,0.48,2019-09-25,1013,N20,VIIRS,n,2,295.6,3.05,D,0
47.50648,29.07043,332.76,0.45,0.47,2019-09-25,1013,N20,VIIRS,n,2,296.39,4.09,D,0
47.27571,28.87437,347.31,0.47,0.48,2019-09-25,1013,N20,VIIRS,n,2,292.94,14.19,D,0
47.57201,28.95704,337.95,0.5,0.66,2019-09-25,1154,N20,VIIRS,n,2,295.49,5.75,D,0
46.46795,29.96251,332.82,0.41,0.37,2019-09-28,1057,N20,VIIRS,n,2,298.39,15.59,D,0
47.78416,29.01272,300.99,0.64,0.72,2019-09-29,2253,N20,VIIRS,n,2,281.14,1.28,N,0
47.78619,29.0083,297.01,0.64,0.72,2019-09-29,2253,N20,VIIRS,n,2,280.66,1.39,N,0
47.78459,29.01548,299.62,0.54,0.42,2019-09-30,0034,N20,VIIRS,n,2,282.8,1.69,N,2
46.76025,29.38846,336.9,0.39,0.44,2019-09-30,1020,N20,VIIRS,n,2,301.79,2.21,D,0
47.60321,28.80259,336,0.4,0.44,2019-09-30,1020,N20,VIIRS,n,2,297.1,2.7,D,0
47.39272,28.30271,330.7,0.42,0.45,2019-09-30,1020,N20,VIIRS,n,2,296.89,2.76,D,0
46.88589,29.42887,335.39,0.39,0.44,2019-09-30,1020,N20,VIIRS,n,2,302.61,10.26,D,0
46.88696,29.43365,340.1,0.39,0.44,2019-09-30,1020,N20,VIIRS,n,2,300.68,10.26,D,0
47.78525,29.01731,310.32,0.4,0.37,2019-10-01,0015,N20,VIIRS,n,2,286.27,1.19,N,2
46.86817,29.59447,339.51,0.61,0.54,2019-10-01,1001,N20,VIIRS,n,2,296.64,50.69,D,0
46.86147,29.58953,288.57,0.61,0.54,2019-10-01,1001,N20,VIIRS,l,2,305.78,50.69,D,0
47.77401,29.13461,328.69,0.61,0.53,2019-10-01,1001,N20,VIIRS,n,2,293.52,2.17,D,0
46.86438,29.58957,315.12,0.62,0.54,2019-10-01,1001,N20,VIIRS,l,2,320.25,51.21,D,0
46.86641,29.59717,340.11,0.61,0.54,2019-10-01,1001,N20,VIIRS,n,2,295.8,46.89,D,0
46.86899,29.58691,338.75,0.62,0.54,2019-10-01,1001,N20,VIIRS,n,2,297.43,51.21,D,0
46.86354,29.59707,339.92,0.61,0.54,2019-10-01,1001,N20,VIIRS,n,2,296.75,50.69,D,0
47.94933,27.51963,343.7,0.61,0.53,2019-10-01,1142,N20,VIIRS,n,2,293.45,19.36,D,0
47.72639,28.33526,339.32,0.33,0.55,2019-10-01,1142,N20,VIIRS,n,2,294.36,2.37,D,0
47.78641,29.01984,295.19,0.41,0.37,2019-10-01,2356,N20,VIIRS,n,2,283.23,1.41,N,2
47.08624,29.1394,300.36,0.4,0.37,2019-10-01,2356,N20,VIIRS,n,2,283.44,0.56,N,0
47.77977,27.70988,307.11,0.44,0.38,2019-10-01,2356,N20,VIIRS,n,2,281.88,1.23,N,0
46.77484,29.05877,338.2,0.53,0.67,2019-10-02,0942,N20,VIIRS,n,2,294.44,8.56,D,0
46.77261,29.05303,354.86,0.53,0.67,2019-10-02,0942,N20,VIIRS,n,2,297.04,7.37,D,0
46.77478,29.05969,337.63,0.53,0.67,2019-10-02,0942,N20,VIIRS,n,2,295.05,7.37,D,0
46.77264,29.05212,353.96,0.53,0.67,2019-10-02,0942,N20,VIIRS,n,2,296.77,13.94,D,0
46.99663,29.51545,332.7,0.44,0.46,2019-10-02,1122,N20,VIIRS,n,2,300.27,9.83,D,0
46.61873,29.63113,339.9,0.44,0.46,2019-10-02,1122,N20,VIIRS,n,2,299.31,8.41,D,0
46.99709,29.52126,339.92,0.44,0.46,2019-10-02,1122,N20,VIIRS,n,2,299.7,11.08,D,0
46.18167,28.55954,339.69,0.39,0.44,2019-10-02,1122,N20,VIIRS,n,2,296.11,4.96,D,0
46.17718,28.55527,354.21,0.39,0.44,2019-10-02,1122,N20,VIIRS,n,2,297.35,11.51,D,0
47.74044,28.95666,332.14,0.43,0.46,2019-10-02,1123,N20,VIIRS,n,2,297.28,3.29,D,0
47.71028,27.88115,297.11,0.48,0.65,2019-10-03,0117,N20,VIIRS,n,2,284.34,0.38,N,0
47.78709,29.01587,301.48,0.43,0.38,2019-10-06,0021,N20,VIIRS,n,2,278.52,1.29,N,2
48.06136,28.73339,334.41,0.49,0.49,2019-10-07,1129,N20,VIIRS,n,2,282.78,3.42,D,0
47.78563,29.01837,295.91,0.51,0.41,2019-10-07,2343,N20,VIIRS,n,2,273.41,1.25,N,2
48.19296,27.15565,295.36,0.41,0.45,2019-10-07,2343,N20,VIIRS,n,2,270.71,0.93,N,0
47.68163,29.07449,326.75,0.48,0.4,2019-10-08,1110,N20,VIIRS,n,2,289.85,4.71,D,0
48.12479,28.34619,331.92,0.46,0.39,2019-10-08,1110,N20,VIIRS,n,2,288.85,2.34,D,0
47.90957,29.08571,326.88,0.49,0.4,2019-10-08,1110,N20,VIIRS,n,2,288.65,2.9,D,0
47.70864,28.05053,335.89,0.45,0.39,2019-10-08,1110,N20,VIIRS,n,2,289.3,4.96,D,0
47.68363,29.07257,352.8,0.48,0.4,2019-10-08,1110,N20,VIIRS,n,2,293.77,8.56,D,0
47.6853,29.07362,343.35,0.48,0.4,2019-10-08,1110,N20,VIIRS,n,2,290.87,4.71,D,0
47.78785,29.01455,298.59,0.54,0.51,2019-10-08,2324,N20,VIIRS,n,2,276.79,1.28,N,2
46.69979,29.41644,330.84,0.38,0.36,2019-10-09,1051,N20,VIIRS,n,2,290.64,2.65,D,0
47.78764,29.0155,298.91,0.49,0.48,2019-10-10,0046,N20,VIIRS,n,2,281.94,1.23,N,2
47.78908,28.9532,305.2,0.49,0.48,2019-10-10,0046,N20,VIIRS,n,2,282.18,1.59,N,2
47.07898,29.1804,351.44,0.45,0.39,2019-10-10,1032,N20,VIIRS,n,2,304.25,21.59,D,0
47.15722,29.32028,327.32,0.45,0.39,2019-10-10,1032,N20,VIIRS,n,2,297.2,2.42,D,0
47.07858,29.18508,332.36,0.45,0.39,2019-10-10,1032,N20,VIIRS,n,2,298.76,10.34,D,0
47.09761,29.43321,331.77,0.45,0.39,2019-10-10,1032,N20,VIIRS,n,2,299.37,3.64,D,0
47.09869,29.43888,344.47,0.45,0.39,2019-10-10,1032,N20,VIIRS,n,2,297.46,3.64,D,0
47.68099,29.07417,348,0.45,0.39,2019-10-10,1032,N20,VIIRS,n,2,296.18,5.49,D,0
47.07744,29.17929,342.25,0.45,0.39,2019-10-10,1032,N20,VIIRS,n,2,301.02,11.68,D,0
47.78613,29.01613,298.23,0.38,0.36,2019-10-12,0009,N20,VIIRS,n,2,277.78,0.81,N,2
47.78939,28.95326,311.41,0.38,0.36,2019-10-12,0009,N20,VIIRS,n,2,278.83,1.83,N,2
47.91687,29.09739,325.54,0.35,0.57,2019-10-12,0955,N20,VIIRS,n,2,281.07,3.48,D,0
47.32053,28.8972,327.25,0.37,0.58,2019-10-12,0955,N20,VIIRS,n,2,289.12,3.53,D,0
48.37604,27.41379,327.2,0.51,0.5,2019-10-12,1135,N20,VIIRS,n,2,285.69,2.11,D,0
47.78662,29.01919,298.85,0.45,0.39,2019-10-12,2350,N20,VIIRS,n,2,281.62,1.03,N,2
47.79089,28.95227,306.97,0.45,0.39,2019-10-12,2350,N20,VIIRS,n,2,281.02,1.62,N,2
46.24323,28.50885,329.66,0.51,0.41,2019-10-13,1116,N20,VIIRS,n,2,298.6,2.26,D,0
47.01268,29.49858,354.63,0.57,0.43,2019-10-13,1116,N20,VIIRS,n,2,302.27,28.37,D,0
47.01665,29.4978,348.94,0.57,0.43,2019-10-13,1116,N20,VIIRS,n,2,303.57,28.37,D,0
47.10601,29.30632,330.36,0.56,0.43,2019-10-13,1116,N20,VIIRS,n,2,297.72,2.54,D,0
47.66978,28.76511,330.6,0.54,0.42,2019-10-13,1116,N20,VIIRS,n,2,296.48,4.78,D,0
47.67022,28.76425,328.41,0.54,0.42,2019-10-13,1116,N20,VIIRS,n,2,296.36,2.12,D,0
47.01337,29.50609,334.22,0.57,0.43,2019-10-13,1116,N20,VIIRS,n,2,301.63,28.37,D,0
47.79063,28.95715,300.76,0.46,0.47,2019-10-13,2331,N20,VIIRS,n,2,281.51,1.1,N,2
47.10632,29.00602,330.95,0.4,0.37,2019-10-14,1057,N20,VIIRS,n,2,298.02,3.45,D,0
47.19667,29.06018,332.77,0.4,0.37,2019-10-14,1057,N20,VIIRS,n,2,301.67,4.11,D,0
46.14675,28.17759,330.32,0.39,0.36,2019-10-14,1057,N20,VIIRS,n,2,297.18,5.54,D,0
46.69272,29.38013,332.74,0.4,0.37,2019-10-14,1057,N20,VIIRS,n,2,298.23,1.85,D,0
46.68939,29.38109,328.79,0.4,0.37,2019-10-14,1057,N20,VIIRS,n,2,298.91,1.85,D,0
46.89397,29.09542,332.69,0.4,0.37,2019-10-14,1057,N20,VIIRS,n,2,296.86,1.95,D,0
46.22276,28.11538,331.58,0.39,0.36,2019-10-14,1057,N20,VIIRS,n,2,296.95,2.06,D,0
47.99331,28.69397,332.44,0.4,0.37,2019-10-14,1058,N20,VIIRS,n,2,295.31,2.14,D,0
47.88722,27.65927,325.4,0.39,0.36,2019-10-14,1058,N20,VIIRS,n,2,296.48,1.67,D,0
47.79189,28.9529,312.37,0.38,0.59,2019-10-14,2312,N20,VIIRS,n,2,283.17,1.53,N,2
47.79215,28.95348,311.38,0.39,0.59,2019-10-14,2312,N20,VIIRS,n,2,283.21,1.41,N,2
47.78467,29.0155,298.45,0.38,0.59,2019-10-14,2312,N20,VIIRS,n,2,283.57,0.9,N,2
46.46235,29.88344,329.58,0.57,0.43,2019-10-16,1019,N20,VIIRS,n,2,297.43,2.96,D,0
47.6888,28.34333,344.6,0.41,0.45,2019-10-16,1020,N20,VIIRS,n,2,294.08,5.02,D,0
47.761,28.58414,326.29,0.4,0.44,2019-10-16,1020,N20,VIIRS,n,2,296.5,2.15,D,0
48.0615,27.94155,335.8,0.42,0.45,2019-10-16,1020,N20,VIIRS,n,2,297.4,2.99,D,0
48.06276,27.94703,325.91,0.42,0.45,2019-10-16,1020,N20,VIIRS,n,2,296.56,2.99,D,0
46.25895,28.67783,338.48,0.43,0.46,2019-10-16,1020,N20,VIIRS,n,2,295.49,3.88,D,0
48.05754,27.94361,325.12,0.42,0.45,2019-10-16,1020,N20,VIIRS,n,2,296.99,2.99,D,0
48.0588,27.94907,339.18,0.42,0.45,2019-10-16,1020,N20,VIIRS,n,2,297.94,2.99,D,0
47.90192,28.57263,346.97,0.4,0.44,2019-10-16,1020,N20,VIIRS,n,2,299.19,8.05,D,0
47.97838,29.11158,335.64,0.57,0.43,2019-10-16,1020,N20,VIIRS,n,2,299.69,12.23,D,0
47.90887,29.06433,333.41,0.57,0.43,2019-10-16,1020,N20,VIIRS,n,2,296.86,3.41,D,0
46.57982,29.18981,367,0.6,0.71,2019-10-16,1200,N20,VIIRS,h,2,298.09,12.13,D,0
46.26118,28.67924,351.53,0.57,0.69,2019-10-16,1200,N20,VIIRS,n,2,295.7,6.65,D,0
46.76225,29.34832,338.05,0.61,0.71,2019-10-16,1200,N20,VIIRS,n,2,294.94,3.91,D,0
46.58144,29.18815,340.72,0.6,0.71,2019-10-16,1200,N20,VIIRS,n,2,297.03,6.56,D,0
46.26187,28.67455,345.97,0.57,0.69,2019-10-16,1200,N20,VIIRS,n,2,297.54,6.57,D,0
46.67226,29.3823,335.47,0.62,0.71,2019-10-16,1200,N20,VIIRS,n,2,297.12,4.34,D,0
46.66941,29.38173,339.05,0.62,0.71,2019-10-16,1200,N20,VIIRS,n,2,297.41,4.51,D,0
48.15246,27.46233,367,0.51,0.66,2019-10-16,1201,N20,VIIRS,h,2,302.51,17.2,D,0
47.46,28.97854,354.38,0.59,0.7,2019-10-16,1201,N20,VIIRS,n,2,298.49,18.98,D,0
47.89926,28.57513,344.78,0.57,0.69,2019-10-16,1201,N20,VIIRS,n,2,296.96,5.29,D,0
47.46,28.98652,367,0.59,0.7,2019-10-16,1201,N20,VIIRS,h,2,295.35,18.28,D,0
47.95116,28.89534,341.87,0.59,0.7,2019-10-16,1201,N20,VIIRS,n,2,295.48,4.77,D,0
47.89978,28.57416,344.69,0.57,0.69,2019-10-16,1201,N20,VIIRS,n,2,296.9,5.41,D,0
47.76347,29.13397,336.05,0.6,0.71,2019-10-16,1201,N20,VIIRS,n,2,296.63,3.76,D,0
47.78839,28.95283,304.96,0.4,0.37,2019-10-17,0015,N20,VIIRS,n,2,280.52,1,N,2
47.79168,28.95411,296.13,0.4,0.37,2019-10-17,0015,N20,VIIRS,n,2,280.14,1,N,2
46.6538,29.56951,332.77,0.62,0.54,2019-10-17,1001,N20,VIIRS,n,2,296.25,4.69,D,0
47.72951,29.04615,333.16,0.61,0.54,2019-10-17,1001,N20,VIIRS,n,2,296.72,3.95,D,0
46.65733,29.56914,328.7,0.62,0.54,2019-10-17,1001,N20,VIIRS,n,2,296.37,4.65,D,0
46.9515,29.29268,367,0.36,0.58,2019-10-17,1141,N20,VIIRS,h,2,299.14,7.39,D,0
46.94823,29.29487,350.38,0.36,0.58,2019-10-17,1141,N20,VIIRS,n,2,298.5,8.11,D,0
47.20221,28.97338,352.53,0.35,0.57,2019-10-17,1141,N20,VIIRS,n,2,300.3,4,D,0
46.65561,29.57245,342.58,0.37,0.58,2019-10-17,1141,N20,VIIRS,n,2,297.13,3.39,D,0
47.70349,28.91024,338.51,0.35,0.57,2019-10-17,1142,N20,VIIRS,n,2,297.42,6.55,D,0
48.26826,26.62063,338.77,0.56,0.51,2019-10-17,1142,N20,VIIRS,n,2,296.58,8.95,D,0
48.26353,26.62139,335.05,0.56,0.51,2019-10-17,1142,N20,VIIRS,n,2,294.85,10.57,D,0
47.9396,28.64594,347.43,0.34,0.56,2019-10-17,1142,N20,VIIRS,n,2,296.08,2.54,D,0
47.7529,28.58695,367,0.34,0.56,2019-10-17,1142,N20,VIIRS,h,2,301.47,7.69,D,0
47.72463,29.04436,339.97,0.36,0.57,2019-10-17,1142,N20,VIIRS,n,2,298.3,3.95,D,0
47.6977,28.63753,351.52,0.34,0.56,2019-10-17,1142,N20,VIIRS,n,2,299.56,4.44,D,0
47.70368,28.91523,367,0.35,0.57,2019-10-17,1142,N20,VIIRS,h,2,298.92,8.61,D,0
47.68341,29.08123,367,0.36,0.57,2019-10-17,1142,N20,VIIRS,h,2,302,5.06,D,0
47.68509,29.07982,347.31,0.36,0.57,2019-10-17,1142,N20,VIIRS,n,2,302.32,5.74,D,0
47.31989,28.89908,337.9,0.35,0.57,2019-10-17,1142,N20,VIIRS,n,2,300.58,2.44,D,0
47.78466,29.01917,295.27,0.41,0.37,2019-10-17,2356,N20,VIIRS,n,2,277.07,0.62,N,2
47.79001,28.95298,306.51,0.41,0.37,2019-10-17,2356,N20,VIIRS,n,2,278.67,1.37,N,2
46.81773,29.21441,342.14,0.43,0.46,2019-10-18,1122,N20,VIIRS,n,2,300.17,4.28,D,0
47.81725,27.67319,336.52,0.57,0.43,2019-10-18,1123,N20,VIIRS,n,2,298.14,8.51,D,0
47.79819,29.11358,328.26,0.43,0.46,2019-10-18,1123,N20,VIIRS,n,2,295.13,4.17,D,0
47.70745,29.04201,339.84,0.43,0.46,2019-10-18,1123,N20,VIIRS,n,2,301.78,6.56,D,0
47.5974,28.39147,332.28,0.4,0.44,2019-10-18,1123,N20,VIIRS,l,2,302.76,4.7,D,0
47.58561,28.90245,336.81,0.42,0.45,2019-10-18,1123,N20,VIIRS,n,2,296.4,3.38,D,0
48.16138,28.1236,344.73,0.4,0.44,2019-10-18,1123,N20,VIIRS,n,2,300.95,5.88,D,0
47.97694,28.03359,344.68,0.39,0.44,2019-10-18,1123,N20,VIIRS,n,2,300.85,6.21,D,0
47.84269,27.73051,327.69,0.57,0.43,2019-10-18,1123,N20,VIIRS,n,2,296.98,4.68,D,0
47.81258,27.66621,330.07,0.57,0.43,2019-10-18,1123,N20,VIIRS,n,2,299,3.4,D,0
47.84338,27.73804,331.32,0.57,0.43,2019-10-18,1123,N20,VIIRS,n,2,298.73,4.68,D,0
47.70699,29.03622,328.8,0.43,0.46,2019-10-18,1123,N20,VIIRS,n,2,298.57,7.33,D,0
47.32412,28.89267,330.99,0.42,0.45,2019-10-18,1123,N20,VIIRS,n,2,299.72,2.65,D,0
47.79479,29.11537,352.86,0.43,0.46,2019-10-18,1123,N20,VIIRS,n,2,300.94,7.29,D,0
47.71167,29.04134,338.3,0.43,0.46,2019-10-18,1123,N20,VIIRS,n,2,298.41,6.56,D,0
47.79393,29.11406,342.83,0.43,0.46,2019-10-18,1123,N20,VIIRS,n,2,300.44,4.17,D,0
47.83872,27.73138,331.29,0.57,0.43,2019-10-18,1123,N20,VIIRS,n,2,299.87,7.37,D,0
47.78908,28.95613,305.1,0.39,0.44,2019-10-18,2337,N20,VIIRS,n,2,282.27,1.01,N,2
47.78784,29.01491,295.89,0.39,0.44,2019-10-18,2337,N20,VIIRS,n,2,280.12,0.38,N,2
47.44539,28.65598,305.45,0.4,0.44,2019-10-18,2337,N20,VIIRS,n,2,278.46,1.04,N,0
47.78756,28.9535,295.7,0.53,0.67,2019-10-19,0117,N20,VIIRS,n,2,279.94,1.11,N,2
47.88993,29.06003,336.79,0.75,0.77,2019-10-19,0924,N20,VIIRS,n,2,288.32,5.37,D,0
48.10882,27.90874,331.55,0.41,0.37,2019-10-19,1104,N20,VIIRS,n,2,298.23,3.8,D,0
48.08922,28.00114,332.91,0.41,0.37,2019-10-19,1104,N20,VIIRS,n,2,301.62,12.04,D,0
48.08583,28.0021,345.17,0.41,0.37,2019-10-19,1104,N20,VIIRS,n,2,298.35,4.34,D,0
47.92263,27.43241,354.55,0.4,0.37,2019-10-19,1104,N20,VIIRS,n,2,299.89,10.84,D,0
48.07535,28.50486,346.47,0.42,0.38,2019-10-19,1104,N20,VIIRS,n,2,298.99,9.46,D,0
48.26164,27.84507,328.41,0.41,0.37,2019-10-19,1104,N20,VIIRS,n,2,296.33,2.26,D,0
48.18045,27.2589,334.26,0.4,0.37,2019-10-19,1104,N20,VIIRS,n,2,296.31,3.29,D,0
47.92596,27.4314,343.5,0.4,0.37,2019-10-19,1104,N20,VIIRS,n,2,305.88,32.84,D,0
47.43471,27.71128,327.36,0.4,0.37,2019-10-19,1104,N20,VIIRS,n,2,295.68,4.12,D,0
47.43401,27.70598,327.12,0.4,0.37,2019-10-19,1104,N20,VIIRS,l,2,298.04,6.81,D,0
47.90038,29.0588,331.92,0.43,0.38,2019-10-19,1104,N20,VIIRS,n,2,293.96,4.29,D,0
47.69845,27.41017,338.98,0.4,0.37,2019-10-19,1104,N20,VIIRS,n,2,295.93,3.76,D,0
47.73895,27.68416,330.69,0.4,0.37,2019-10-19,1104,N20,VIIRS,n,2,297.12,2.69,D,0
47.8952,28.31761,325.57,0.42,0.37,2019-10-19,1104,N20,VIIRS,n,2,296.37,1.63,D,0
47.99964,28.45323,336.21,0.42,0.38,2019-10-19,1104,N20,VIIRS,n,2,297.1,3.2,D,0
47.93795,27.96872,331.66,0.41,0.37,2019-10-19,1104,N20,VIIRS,n,2,300.04,3.04,D,0
48.34742,27.32868,333.86,0.4,0.37,2019-10-19,1104,N20,VIIRS,n,2,297.37,3.49,D,0
48.27061,27.59416,326.19,0.4,0.37,2019-10-19,1104,N20,VIIRS,l,2,297.03,1.58,D,0
48.30504,28.07261,340.77,0.41,0.37,2019-10-19,1104,N20,VIIRS,n,2,299.69,5.48,D,0
47.78764,29.01735,299.34,0.32,0.55,2019-10-19,2318,N20,VIIRS,n,2,280.22,0.71,N,2
47.79074,28.9517,299.65,0.32,0.55,2019-10-19,2318,N20,VIIRS,n,2,279.28,0.75,N,2
47.78506,29.0179,295.46,0.34,0.56,2019-10-20,0059,N20,VIIRS,n,2,280.88,0.83,N,2
46.53332,29.21268,340.3,0.52,0.42,2019-10-21,1026,N20,VIIRS,n,2,296.16,5.05,D,0
46.53198,29.21122,336.34,0.52,0.42,2019-10-21,1026,N20,VIIRS,n,2,295.42,3.92,D,0
46.53568,29.20963,331.61,0.52,0.42,2019-10-21,1026,N20,VIIRS,n,2,296.21,3.49,D,0
46.65746,29.5797,333,0.5,0.41,2019-10-21,1026,N20,VIIRS,n,2,294.55,4.72,D,0
47.65766,28.95325,331.7,0.51,0.41,2019-10-21,1026,N20,VIIRS,n,2,288.95,5.23,D,0
46.54151,29.22794,337.01,0.72,0.76,2019-10-21,1207,N20,VIIRS,n,2,292.87,10.64,D,0
47.54632,28.94099,335.91,0.7,0.75,2019-10-21,1207,N20,VIIRS,n,2,290.28,7.52,D,0
47.33248,27.64997,340.05,0.61,0.71,2019-10-21,1207,N20,VIIRS,n,2,291.45,5.8,D,0
47.3349,27.65021,339.7,0.61,0.71,2019-10-21,1207,N20,VIIRS,n,2,291.71,6.07,D,0
46.53884,29.22388,342.55,0.72,0.76,2019-10-21,1207,N20,VIIRS,n,2,292.54,9.99,D,0
46.52477,29.22346,335.19,0.72,0.76,2019-10-21,1207,N20,VIIRS,n,2,291.39,4.91,D,0
47.8872,28.55749,367,0.67,0.74,2019-10-21,1207,N20,VIIRS,h,2,292.09,12.3,D,0
47.88699,28.55426,337.36,0.67,0.74,2019-10-21,1207,N20,VIIRS,n,2,290.92,7.2,D,0
47.88691,28.5637,335.38,0.67,0.74,2019-10-21,1207,N20,VIIRS,n,2,289.67,7.2,D,0
47.63927,28.60113,367,0.68,0.74,2019-10-21,1207,N20,VIIRS,h,2,292.34,14.4,D,0
47.63923,28.59804,354.11,0.68,0.74,2019-10-21,1207,N20,VIIRS,n,2,292.84,14.69,D,0
47.54465,28.94139,343.49,0.7,0.75,2019-10-21,1207,N20,VIIRS,n,2,290.53,8.93,D,0
47.79102,28.95578,301.85,0.43,0.38,2019-10-22,0021,N20,VIIRS,n,2,282.79,1.49,N,2
47.42159,28.77027,343.88,0.47,0.4,2019-10-24,1110,N20,VIIRS,n,2,294.19,6.42,D,0
47.4252,28.76935,340.07,0.47,0.4,2019-10-24,1110,N20,VIIRS,n,2,293.53,6.12,D,0
47.42226,28.77643,338.47,0.47,0.4,2019-10-24,1110,N20,VIIRS,n,2,292.93,6.44,D,0
46.96382,29.1219,325.16,0.37,0.58,2019-10-28,0955,N20,VIIRS,n,2,291.35,3.06,D,0
46.76855,29.33569,338.93,0.61,0.53,2019-10-28,1135,N20,VIIRS,n,2,291.8,9.26,D,0
46.98207,29.20004,328.03,0.6,0.53,2019-10-28,1135,N20,VIIRS,n,2,292.48,4.15,D,0
46.98335,29.19787,329.6,0.6,0.53,2019-10-28,1135,N20,VIIRS,n,2,291.78,2.79,D,0
46.96519,28.41758,326.58,0.55,0.51,2019-10-28,1135,N20,VIIRS,n,2,290.76,2.71,D,0
47.04648,29.51861,326.36,0.4,0.37,2019-10-30,1057,N20,VIIRS,n,2,288.55,2.05,D,0
47.3767,28.93192,329.53,0.4,0.37,2019-10-30,1057,N20,VIIRS,n,2,286.18,2.69,D,0
47.53747,28.89454,327.94,0.4,0.37,2019-10-30,1057,N20,VIIRS,n,2,286.23,3.51,D,0
47.72827,29.03788,329.22,0.4,0.37,2019-10-30,1057,N20,VIIRS,n,2,286.62,8.8,D,0
47.72755,29.03262,338.67,0.4,0.37,2019-10-30,1057,N20,VIIRS,n,2,294.23,8.8,D,0
47.73089,29.03163,345.22,0.4,0.37,2019-10-30,1057,N20,VIIRS,n,2,289.3,8.8,D,0
47.04579,29.51335,330.61,0.4,0.37,2019-10-30,1057,N20,VIIRS,n,2,288.85,2.51,D,0
48.07707,28.50683,337.01,0.39,0.36,2019-10-30,1058,N20,VIIRS,n,2,287.83,5.26,D,0
46.80882,28.83169,332.47,0.42,0.38,2019-10-31,1038,N20,VIIRS,n,2,287.34,3.68,D,0
46.52614,29.80523,335.79,0.41,0.37,2019-10-31,1038,N20,VIIRS,n,2,286.59,2.78,D,0
46.67622,29.02854,330.17,0.42,0.38,2019-10-31,1038,N20,VIIRS,n,2,285.02,2.8,D,0
46.52192,29.80129,329.84,0.41,0.37,2019-10-31,1038,N20,VIIRS,n,2,286.43,2.78,D,0
46.81056,28.82883,340.89,0.42,0.38,2019-10-31,1038,N20,VIIRS,n,2,291.47,8.41,D,0
47.03946,29.28065,340.25,0.41,0.37,2019-10-31,1038,N20,VIIRS,n,2,288.35,3.88,D,0
47.11616,29.36428,336.58,0.39,0.44,2019-11-01,1020,N20,VIIRS,n,2,288.83,3.45,D,0
48.17627,27.44868,328.01,0.44,0.46,2019-11-01,1020,N20,VIIRS,n,2,283.56,1.26,D,0
48.17612,27.44608,347.38,0.44,0.46,2019-11-01,1020,N20,VIIRS,n,2,285.17,7.8,D,0
47.08729,27.93841,338.19,0.44,0.46,2019-11-01,1020,N20,VIIRS,n,2,285.87,4.17,D,0
47.01068,29.49172,344.83,0.38,0.43,2019-11-01,1020,N20,VIIRS,n,2,295.51,14.35,D,0
47.09137,27.93641,333.95,0.44,0.46,2019-11-01,1020,N20,VIIRS,n,2,284.96,4.15,D,0
48.00903,28.60925,338.23,0.39,0.44,2019-11-01,1020,N20,VIIRS,n,2,287.04,4.17,D,0
47.84406,27.67217,338.03,0.43,0.46,2019-11-01,1020,N20,VIIRS,n,2,286.69,3.02,D,0
47.04102,29.27572,339.94,0.39,0.44,2019-11-01,1020,N20,VIIRS,n,2,290.5,3.75,D,0
48.21171,26.89624,339.18,0.46,0.47,2019-11-01,1020,N20,VIIRS,n,2,286.76,7.49,D,0
47.0145,29.4899,343.77,0.38,0.43,2019-11-01,1020,N20,VIIRS,n,2,307.17,37.08,D,0
47.87891,27.60863,328.03,0.44,0.46,2019-11-01,1020,N20,VIIRS,n,2,284.84,2.35,D,0
48.12243,28.61153,336.39,0.39,0.44,2019-11-01,1020,N20,VIIRS,n,2,284.67,6.75,D,0
48.12128,28.60653,349.76,0.39,0.44,2019-11-01,1020,N20,VIIRS,n,2,289.79,6.75,D,0
48.1263,28.60968,350.15,0.39,0.44,2019-11-01,1020,N20,VIIRS,n,2,286.47,6.05,D,0
47.04843,29.11846,327.52,0.4,0.44,2019-11-01,1020,N20,VIIRS,n,2,289.14,2.23,D,0
47.92365,27.73932,336.66,0.43,0.46,2019-11-01,1020,N20,VIIRS,n,2,286.92,2.86,D,0
47.92765,27.73728,325.55,0.43,0.46,2019-11-01,1020,N20,VIIRS,n,2,286.58,2.86,D,0
47.91942,27.49333,347.74,0.44,0.46,2019-11-01,1020,N20,VIIRS,n,2,288.17,11.06,D,0
46.22822,28.194,345.83,0.54,0.68,2019-11-01,1200,N20,VIIRS,n,2,283.42,9.44,D,0
46.22189,28.18736,325.29,0.54,0.68,2019-11-01,1200,N20,VIIRS,n,2,282.24,6.48,D,0
47.06333,29.48633,329.47,0.63,0.72,2019-11-01,1200,N20,VIIRS,n,2,285.68,3.26,D,0
46.22828,28.2011,350.32,0.54,0.68,2019-11-01,1200,N20,VIIRS,n,2,284.35,9.44,D,0
46.22509,28.20041,343.97,0.54,0.68,2019-11-01,1200,N20,VIIRS,n,2,282.67,10.95,D,0
46.22501,28.19334,355.44,0.54,0.68,2019-11-01,1200,N20,VIIRS,n,2,284.32,13.31,D,0
47.66626,27.64681,325.73,0.51,0.66,2019-11-01,1201,N20,VIIRS,n,2,284.99,2.65,D,0
47.95856,28.6143,351.54,0.57,0.69,2019-11-01,1201,N20,VIIRS,n,2,283.88,6.71,D,0
47.3723,27.67873,367,0.52,0.66,2019-11-01,1201,N20,VIIRS,h,2,291.8,18.62,D,0
47.8608,27.56866,331.87,0.51,0.66,2019-11-01,1201,N20,VIIRS,n,2,284.77,4.53,D,0
47.12309,29.17848,336.23,0.43,0.46,2019-11-03,1122,N20,VIIRS,n,2,284.12,5.08,D,0
46.19661,28.38882,330.17,0.39,0.44,2019-11-03,1122,N20,VIIRS,n,2,269.25,4.33,D,0
46.37361,28.45397,332.25,0.41,0.37,2019-11-04,1103,N20,VIIRS,n,2,292.91,2.21,D,0
46.72633,29.48372,331.78,0.43,0.38,2019-11-04,1103,N20,VIIRS,n,2,294.1,7.88,D,0
46.72565,29.47802,326.71,0.43,0.38,2019-11-04,1103,N20,VIIRS,n,2,295.09,7.88,D,0
46.01307,28.58929,327.96,0.41,0.37,2019-11-04,1103,N20,VIIRS,n,2,290.26,1.48,D,0
46.01756,28.25135,336.85,0.4,0.37,2019-11-04,1103,N20,VIIRS,n,2,295.13,11.63,D,0
47.38534,28.40014,329.91,0.41,0.37,2019-11-04,1104,N20,VIIRS,n,2,291.37,3.17,D,0
47.0599,29.35109,340.02,0.43,0.38,2019-11-04,1104,N20,VIIRS,n,2,292.75,5.77,D,0
47.90227,27.58378,334.64,0.4,0.37,2019-11-04,1104,N20,VIIRS,n,2,290.66,4.21,D,0
47.02885,29.48237,327.06,0.44,0.38,2019-11-04,1104,N20,VIIRS,n,2,290.67,3.23,D,0
47.05642,29.35201,340.36,0.43,0.38,2019-11-04,1104,N20,VIIRS,n,2,291.9,5.77,D,0
48.0057,28.61094,326.49,0.42,0.38,2019-11-04,1104,N20,VIIRS,n,2,290.35,2.31,D,0
47.66326,28.77066,339.18,0.42,0.38,2019-11-04,1104,N20,VIIRS,n,2,291.81,4.33,D,0
47.47403,28.16467,329.45,0.41,0.37,2019-11-04,1104,N20,VIIRS,n,2,289.97,3.2,D,0
47.36536,27.76377,338.15,0.4,0.37,2019-11-04,1104,N20,VIIRS,n,2,287.57,4.48,D,0
48.02885,28.60611,340.02,0.39,0.36,2019-11-05,1045,N20,VIIRS,n,2,295.6,3.3,D,0
47.75332,28.18496,327.86,0.4,0.37,2019-11-05,1045,N20,VIIRS,n,2,292.08,2.82,D,0
47.96181,28.62021,337.17,0.39,0.36,2019-11-05,1045,N20,VIIRS,n,2,295.35,8.11,D,0
48.0297,28.61125,336.4,0.39,0.36,2019-11-05,1045,N20,VIIRS,n,2,294.4,3.3,D,0
47.04232,27.99282,332.99,0.41,0.37,2019-11-05,1045,N20,VIIRS,n,2,297.39,2.59,D,0
47.15736,29.20526,334,0.39,0.36,2019-11-05,1045,N20,VIIRS,n,2,295.89,2.38,D,0
46.65491,29.63882,336.92,0.39,0.36,2019-11-05,1045,N20,VIIRS,n,2,296.92,4.7,D,0
46.51884,29.56268,327.12,0.39,0.36,2019-11-05,1045,N20,VIIRS,n,2,294.86,1.3,D,0
46.24239,28.54934,325.59,0.4,0.37,2019-11-05,1045,N20,VIIRS,n,2,292.52,0.88,D,0
46.24504,28.56465,336.86,0.4,0.37,2019-11-05,1045,N20,VIIRS,n,2,294.35,3.31,D,0
46.47051,29.92176,330.34,0.39,0.36,2019-11-05,1045,N20,VIIRS,n,2,294.79,1.47,D,0
46.24173,28.56586,326.58,0.4,0.37,2019-11-05,1045,N20,VIIRS,n,2,294.25,3.31,D,0
47.11359,27.891,332.53,0.41,0.37,2019-11-05,1045,N20,VIIRS,n,2,302.51,29.27,D,0
47.11267,27.88576,298.53,0.41,0.37,2019-11-05,1045,N20,VIIRS,l,2,304.75,23.44,D,0
47.1169,27.88973,330.64,0.41,0.37,2019-11-05,1045,N20,VIIRS,n,2,293.76,9.78,D,0
48.19894,27.71997,333.75,0.4,0.37,2019-11-05,1045,N20,VIIRS,n,2,291.89,2.75,D,0
47.19813,27.92412,325.66,0.4,0.37,2019-11-05,1045,N20,VIIRS,n,2,295.05,1.74,D,0
47.39137,28.71119,328.19,0.39,0.36,2019-11-05,1045,N20,VIIRS,n,2,295.92,2.66,D,0
47.41775,28.5171,341.21,0.39,0.37,2019-11-05,1045,N20,VIIRS,n,2,295.43,6.68,D,0
47.04264,27.99024,331.6,0.4,0.37,2019-11-05,1045,N20,VIIRS,n,2,297.78,2.32,D,0
47.40733,27.91755,334.74,0.4,0.37,2019-11-05,1045,N20,VIIRS,n,2,294.29,3.04,D,0
47.62694,29.02774,335.15,0.39,0.36,2019-11-05,1045,N20,VIIRS,n,2,295.95,2.88,D,0
47.56348,27.9782,337.13,0.4,0.37,2019-11-05,1045,N20,VIIRS,n,2,297.09,4.77,D,0
47.66936,28.31789,331.13,0.4,0.37,2019-11-05,1045,N20,VIIRS,n,2,295.85,3.26,D,0
46.47693,28.84488,329.41,0.54,0.42,2019-11-06,1026,N20,VIIRS,n,2,284.86,3.71,D,0
47.59735,28.42116,327.73,0.53,0.42,2019-11-06,1026,N20,VIIRS,n,2,294.07,2.98,D,0
47.73652,29.21826,334.04,0.5,0.41,2019-11-06,1026,N20,VIIRS,n,2,284.93,3.7,D,0
47.38859,27.91929,329,0.56,0.43,2019-11-06,1026,N20,VIIRS,n,2,292.36,3.68,D,0
47.39021,27.92653,325.25,0.56,0.43,2019-11-06,1026,N20,VIIRS,n,2,290.77,3.68,D,0
47.39058,27.92599,330.08,0.56,0.43,2019-11-06,1026,N20,VIIRS,n,2,291.26,3.73,D,0
47.29188,28.52849,334.19,0.54,0.42,2019-11-06,1026,N20,VIIRS,n,2,289.42,4.4,D,0
46.98429,28.73878,327.59,0.53,0.42,2019-11-06,1026,N20,VIIRS,n,2,276.31,3.14,D,0
46.74184,29.52425,330.9,0.5,0.41,2019-11-06,1026,N20,VIIRS,n,2,277.86,3.48,D,0
46.67403,29.58292,331.93,0.5,0.41,2019-11-06,1026,N20,VIIRS,n,2,274.7,5.7,D,0
46.46219,29.83746,340.23,0.5,0.41,2019-11-06,1026,N20,VIIRS,n,2,284.58,10.07,D,0
46.46368,29.83617,334.42,0.5,0.41,2019-11-06,1026,N20,VIIRS,n,2,284.49,7.93,D,0
46.11918,28.14811,330.59,0.39,0.44,2019-11-06,1026,N20,VIIRS,n,2,292.43,2.5,D,0
46.47559,28.84545,327.91,0.54,0.42,2019-11-06,1026,N20,VIIRS,n,2,283.4,6.04,D,0
48.04206,27.55545,349.87,0.56,0.43,2019-11-06,1026,N20,VIIRS,n,2,293.79,12.33,D,0
48.0754,27.93232,336.81,0.54,0.42,2019-11-06,1026,N20,VIIRS,n,2,291.69,6.51,D,0
48.07418,27.93254,332.37,0.54,0.42,2019-11-06,1026,N20,VIIRS,n,2,292.6,5.09,D,0
47.91003,27.50674,351.04,0.57,0.43,2019-11-06,1026,N20,VIIRS,n,2,283.83,12.52,D,0
47.41644,28.3518,350.4,0.66,0.73,2019-11-06,1207,N20,VIIRS,n,2,288.81,11.88,D,0
47.15317,29.19218,342.02,0.72,0.76,2019-11-06,1207,N20,VIIRS,n,2,290,11.1,D,0
47.15778,29.18643,350.52,0.72,0.76,2019-11-06,1207,N20,VIIRS,n,2,288.97,11.29,D,0
47.69012,29.03032,338.9,0.52,0.5,2019-11-07,1007,N20,VIIRS,n,2,280.54,9.73,D,0
47.68843,29.0237,339.22,0.52,0.5,2019-11-07,1007,N20,VIIRS,n,2,280.77,9.73,D,0
47.3832,28.41544,347.48,0.4,0.6,2019-11-07,1148,N20,VIIRS,n,2,280.41,59.22,D,0
47.38374,28.41162,350.93,0.39,0.6,2019-11-07,1148,N20,VIIRS,n,2,272.18,27.6,D,0
47.38392,28.417,354.8,0.39,0.6,2019-11-07,1148,N20,VIIRS,n,2,276.8,27.6,D,0
46.175,28.37617,341.63,0.46,0.47,2019-11-08,1129,N20,VIIRS,n,2,289.78,5.8,D,0
46.60727,29.69929,326.97,0.68,0.74,2019-11-09,0930,N20,VIIRS,n,2,287.32,2.77,D,0
46.60956,29.69617,327.66,0.68,0.74,2019-11-09,0930,N20,VIIRS,n,2,287.31,3.53,D,0
47.67627,27.39222,326.38,0.43,0.38,2019-11-09,1110,N20,VIIRS,n,2,292.28,2.19,D,0
47.71486,27.98697,326.19,0.45,0.39,2019-11-09,1110,N20,VIIRS,n,2,291.98,1.3,D,0
47.73208,28.56217,327.42,0.47,0.39,2019-11-09,1110,N20,VIIRS,n,2,292.13,2.56,D,0
47.73171,28.56332,325.53,0.47,0.39,2019-11-09,1110,N20,VIIRS,n,2,292.82,2.59,D,0
47.69162,29.08493,338.04,0.48,0.4,2019-11-09,1110,N20,VIIRS,n,2,293.34,4.38,D,0
47.30729,28.22932,329.26,0.45,0.39,2019-11-09,1110,N20,VIIRS,n,2,291.88,5.93,D,0
47.30375,28.23025,329.45,0.45,0.39,2019-11-09,1110,N20,VIIRS,n,2,292.38,5.93,D,0
47.27242,28.27544,331.3,0.45,0.39,2019-11-09,1110,N20,VIIRS,n,2,294.1,3.06,D,0
47.27062,28.27826,338.24,0.45,0.39,2019-11-09,1110,N20,VIIRS,n,2,295.31,4.11,D,0
46.93017,28.8739,326.63,0.47,0.4,2019-11-09,1110,N20,VIIRS,n,2,294.06,1.9,D,0
46.65526,28.81233,330.46,0.46,0.39,2019-11-09,1110,N20,VIIRS,n,2,294.28,3.26,D,0
45.7081,28.23001,334.96,0.43,0.38,2019-11-09,1110,N20,VIIRS,n,2,294.55,2.9,D,0
45.93549,28.53595,329.9,0.45,0.39,2019-11-09,1110,N20,VIIRS,n,2,294.29,4.07,D,0
46.65167,28.81321,331.46,0.46,0.39,2019-11-09,1110,N20,VIIRS,n,2,295.6,3.26,D,0
47.72178,27.34765,331.48,0.43,0.38,2019-11-09,1110,N20,VIIRS,n,2,292.23,2.89,D,0
47.8238,28.57787,354.3,0.38,0.36,2019-11-10,1051,N20,VIIRS,n,2,283.75,16.37,D,0
46.58371,29.69725,336.04,0.39,0.36,2019-11-10,1051,N20,VIIRS,n,2,285.88,4.53,D,0
46.92578,28.94985,330.21,0.38,0.36,2019-11-10,1051,N20,VIIRS,n,2,281.05,3.07,D,0
46.92502,28.94487,328.1,0.38,0.36,2019-11-10,1051,N20,VIIRS,n,2,281.93,3.07,D,0
47.26939,28.27368,344.74,0.38,0.36,2019-11-10,1051,N20,VIIRS,n,2,283.17,4.52,D,0
47.60643,27.91079,329.66,0.39,0.36,2019-11-10,1051,N20,VIIRS,n,2,293.81,2.97,D,0
47.78049,28.87922,335.8,0.38,0.36,2019-11-10,1051,N20,VIIRS,n,2,283.62,3.78,D,0
47.78701,28.87706,338.07,0.38,0.36,2019-11-10,1051,N20,VIIRS,n,2,284.52,6.87,D,0
47.82784,28.58183,352.62,0.38,0.36,2019-11-10,1051,N20,VIIRS,n,2,286.9,28.85,D,0
47.82706,28.57677,348.83,0.38,0.36,2019-11-10,1051,N20,VIIRS,n,2,277.28,11.51,D,0
47.81871,27.69493,330.48,0.39,0.36,2019-11-10,1051,N20,VIIRS,n,2,291.78,2.4,D,0
48.31509,27.83604,334.85,0.38,0.36,2019-11-10,1051,N20,VIIRS,n,2,289.49,6.61,D,0
46.19259,28.36221,327.56,0.5,0.41,2019-11-11,1032,N20,VIIRS,n,2,291.61,3.58,D,0
47.87673,27.69905,334.99,0.5,0.49,2019-11-12,1014,N20,VIIRS,n,2,287.42,19.32,D,0
47.88098,27.69665,337.52,0.5,0.49,2019-11-12,1014,N20,VIIRS,n,2,288.16,19.32,D,0
47.87936,27.69019,351.77,0.5,0.49,2019-11-12,1014,N20,VIIRS,n,2,303.38,19.32,D,0
48.20929,27.64089,332.65,0.5,0.49,2019-11-12,1014,N20,VIIRS,n,2,283.9,4.11,D,0
47.80993,27.77103,327.63,0.44,0.62,2019-11-12,1154,N20,VIIRS,n,2,288.32,2.26,D,0
46.21222,28.38629,347.06,0.46,0.64,2019-11-12,1154,N20,VIIRS,n,2,287.64,5.12,D,0
46.20631,28.38662,338.96,0.46,0.64,2019-11-12,1154,N20,VIIRS,n,2,288.18,5.12,D,0
48.14754,27.90771,348.96,0.54,0.51,2019-11-13,1135,N20,VIIRS,n,2,286.51,8.22,D,0
46.79965,28.25272,342.05,0.54,0.51,2019-11-13,1135,N20,VIIRS,n,2,290.16,7.41,D,0
46.80249,28.25226,347.62,0.54,0.51,2019-11-13,1135,N20,VIIRS,n,2,291.69,12.99,D,0
46.80433,28.25198,340.09,0.54,0.51,2019-11-13,1135,N20,VIIRS,n,2,289.02,7.41,D,0
48.07322,27.07414,325.11,0.49,0.49,2019-11-13,1135,N20,VIIRS,n,2,284.19,3.14,D,0
46.65917,28.2572,325.84,0.54,0.51,2019-11-13,1135,N20,VIIRS,n,2,288.43,2.25,D,0
48.14945,27.90663,347.12,0.54,0.51,2019-11-13,1136,N20,VIIRS,n,2,286.33,8.61,D,0
46.60163,28.50978,329.32,0.38,0.36,2019-11-26,1051,N20,VIIRS,n,2,282.01,3.46,D,0
46.58625,28.52152,330.28,0.48,0.4,2019-11-27,1032,N20,VIIRS,n,2,287.67,11.64,D,0
46.58749,28.52761,333.3,0.48,0.4,2019-11-27,1032,N20,VIIRS,n,2,281.81,5.9,D,0
46.58267,28.523,342.13,0.48,0.4,2019-11-27,1032,N20,VIIRS,n,2,284.22,7.21,D,0
46.59106,28.52612,330.75,0.48,0.4,2019-11-27,1032,N20,VIIRS,n,2,282.12,5.9,D,0
47.79242,28.9544,303.29,0.39,0.59,2019-12-01,2312,N20,VIIRS,n,2,269.1,1.05,N,2
47.79203,28.95209,302.7,0.39,0.59,2019-12-01,2312,N20,VIIRS,n,2,268.66,1.38,N,2
47.7901,28.95308,300.56,0.53,0.67,2019-12-06,0117,N20,VIIRS,n,2,270.44,1.01,N,2
45.79192,28.58228,327.4,0.41,0.37,2019-12-06,1103,N20,VIIRS,n,2,283.04,25.83,D,0
47.78884,28.95278,313.81,0.33,0.55,2019-12-06,2318,N20,VIIRS,n,2,271.72,1.33,N,2
47.79081,28.95655,297.1,0.33,0.55,2019-12-07,0059,N20,VIIRS,n,2,269.36,0.86,N,2
47.79076,28.95505,311.46,0.39,0.36,2019-12-10,0002,N20,VIIRS,n,2,273.6,1.56,N,2
47.78924,28.95252,303.02,0.45,0.39,2019-12-15,2350,N20,VIIRS,n,2,271.42,1.35,N,2
47.79016,28.95452,300.14,0.46,0.47,2019-12-16,2331,N20,VIIRS,n,2,269.39,1.26,N,2
47.79053,28.95389,300.7,0.46,0.47,2019-12-16,2331,N20,VIIRS,n,2,269.36,1.36,N,2
47.56359,27.92157,332.84,0.39,0.36,2019-12-17,1057,N20,VIIRS,n,2,285.44,3.24,D,0
47.79274,28.95432,303.96,0.39,0.59,2019-12-17,2312,N20,VIIRS,n,2,271.32,0.97,N,2
47.78901,28.95389,304.81,0.57,0.52,2019-12-18,0052,N20,VIIRS,n,2,275.6,1.85,N,2
47.20622,28.90346,328.48,0.42,0.37,2019-12-18,1039,N20,VIIRS,n,2,288.65,1.91,D,0
47.79015,28.9538,298.61,0.65,0.73,2019-12-18,2253,N20,VIIRS,n,2,275.5,1.42,N,2
47.79126,28.95227,304.71,0.54,0.42,2019-12-19,0034,N20,VIIRS,n,2,274.1,1.13,N,2
47.79086,28.95389,308.56,0.4,0.37,2019-12-20,0015,N20,VIIRS,n,2,271.58,1.5,N,2
47.41967,28.23849,327.35,0.41,0.37,2019-12-22,1104,N20,VIIRS,n,2,283.82,12.18,D,0
