latitude,longitude,bright_ti4,scan,track,acq_date,acq_time,satellite,instrument,confidence,version,bright_ti5,frp,daynight,type
52.84776,29.99118,337.78,0.39,0.44,2019-01-11,0045,N20,VIIRS,n,2,261.37,3.74,N,2
52.84677,29.99273,325.16,0.47,0.39,2019-01-17,0033,N20,VIIRS,n,2,266.17,6.51,N,2
52.94358,31.18891,297.41,0.41,0.37,2019-01-18,2355,N20,VIIRS,n,2,261.01,0.49,N,0
51.89226,29.34038,325.44,0.34,0.56,2019-01-19,0944,N20,VIIRS,n,2,272.71,1.71,D,2
51.89336,29.34245,326.16,0.49,0.49,2019-01-19,1124,N20,VIIRS,n,2,272.08,3.09,D,2
52.84723,29.98745,321.98,0.4,0.37,2019-01-24,0001,N20,VIIRS,n,2,262.05,1.95,N,2
51.89233,29.34538,336.13,0.49,0.49,2019-02-04,1124,N20,VIIRS,n,2,277.82,3.62,D,2
52.84687,29.98945,332.83,0.4,0.37,2019-02-07,1028,N20,VIIRS,n,2,278.32,4.4,D,2
52.02884,24.82986,335.9,0.47,0.64,2019-02-07,1209,N20,VIIRS,n,2,272.86,3.65,D,0
52.84834,29.9893,326.49,0.4,0.37,2019-02-08,0020,N20,VIIRS,n,2,271.34,3.06,N,2
51.89324,29.34058,332.45,0.4,0.37,2019-02-08,0021,N20,VIIRS,n,2,272.28,2.67,N,2
51.88998,29.33906,296.86,0.4,0.37,2019-02-08,0021,N20,VIIRS,n,2,269.38,0.59,N,2
51.89183,29.3403,338.1,0.39,0.44,2019-02-08,1009,N20,VIIRS,n,2,279.46,4.67,D,2
51.8888,29.3454,337.74,0.46,0.64,2019-02-08,1150,N20,VIIRS,n,2,275.47,3.44,D,2
51.89447,29.34416,318.92,0.4,0.37,2019-02-09,0002,N20,VIIRS,n,2,268.59,0.99,N,2
52.84838,29.99165,302.09,0.4,0.37,2019-02-09,0002,N20,VIIRS,n,2,268.97,1.1,N,2
51.89081,29.34269,306.08,0.68,0.74,2019-02-09,0142,N20,VIIRS,n,2,267.61,2.41,N,2
52.84799,29.99214,326.32,0.53,0.42,2019-02-09,2343,N20,VIIRS,n,2,269.45,3.52,N,2
51.89269,29.33902,300.76,0.55,0.43,2019-02-09,2343,N20,VIIRS,n,2,268.68,1.64,N,2
51.76892,27.07583,339.97,0.46,0.39,2019-02-10,1112,N20,VIIRS,n,2,277.88,3.62,D,0
52.0434,26.52078,330.52,0.45,0.39,2019-02-10,1112,N20,VIIRS,n,2,277.33,3.53,D,0
52.04268,26.51426,325.55,0.45,0.39,2019-02-10,1112,N20,VIIRS,n,2,279.13,3.53,D,0
52.40631,25.36866,332.79,0.42,0.38,2019-02-10,1112,N20,VIIRS,n,2,278.42,4.42,D,0
51.76818,27.06914,339.2,0.46,0.39,2019-02-10,1112,N20,VIIRS,n,2,277.78,13.52,D,0
52.04416,26.51456,332.08,0.45,0.39,2019-02-10,1112,N20,VIIRS,n,2,279.05,3.96,D,0
52.04138,26.52213,338.63,0.45,0.39,2019-02-10,1112,N20,VIIRS,n,2,277.99,5.23,D,0
51.92363,25.98187,327.04,0.43,0.38,2019-02-10,1112,N20,VIIRS,n,2,280.35,3.09,D,0
51.92015,25.98295,332.52,0.43,0.38,2019-02-10,1112,N20,VIIRS,n,2,281.24,3.09,D,0
51.91668,25.98402,349.31,0.43,0.38,2019-02-10,1112,N20,VIIRS,n,2,282.66,12.22,D,0
51.91742,25.9903,328.04,0.43,0.38,2019-02-10,1112,N20,VIIRS,n,2,280.17,5.85,D,0
51.90722,26.026,327.25,0.43,0.38,2019-02-10,1112,N20,VIIRS,n,2,279.23,3.67,D,0
51.90797,26.03228,326.77,0.43,0.38,2019-02-10,1112,N20,VIIRS,n,2,278.04,5.13,D,0
53.27504,24.44071,296.33,0.64,0.72,2019-02-16,2311,N20,VIIRS,n,2,272.01,1.08,N,2
52.84611,29.98828,367,0.37,0.58,2019-02-16,2311,N20,VIIRS,h,2,274.66,6.64,N,2
53.27076,24.44243,305.87,0.44,0.38,2019-02-17,0052,N20,VIIRS,n,2,273.32,1.23,N,2
52.84601,29.99169,317.02,0.45,0.47,2019-02-17,0052,N20,VIIRS,n,2,273.34,1.36,N,2
51.89137,29.34327,295.71,0.45,0.47,2019-02-17,0052,N20,VIIRS,n,2,273.94,0.79,N,2
51.89219,29.3334,295.55,0.63,0.72,2019-02-17,2252,N20,VIIRS,n,2,263.26,1.69,N,2
51.89409,29.34184,295.57,0.46,0.39,2019-02-18,0033,N20,VIIRS,n,2,270.75,0.54,N,2
52.84497,29.9922,325.29,0.47,0.39,2019-02-18,0033,N20,VIIRS,n,2,267,2.78,N,2
52.84577,29.99242,325.89,0.47,0.39,2019-02-18,0033,N20,VIIRS,n,2,269.62,4.1,N,2
51.89292,29.34178,328.14,0.46,0.39,2019-02-18,1022,N20,VIIRS,n,2,281.05,2.2,D,2
52.84506,29.99082,330.84,0.43,0.38,2019-02-18,1022,N20,VIIRS,n,2,279.42,5.38,D,2
53.27129,24.43911,298.25,0.45,0.39,2019-02-19,0014,N20,VIIRS,n,2,272.18,0.69,N,2
52.8474,29.9889,333.14,0.39,0.36,2019-02-19,0014,N20,VIIRS,n,2,273.34,5.31,N,2
51.89299,29.3406,310.48,0.38,0.36,2019-02-19,0014,N20,VIIRS,n,2,269.67,1.47,N,2
51.89096,29.34388,325.65,0.45,0.47,2019-02-19,1003,N20,VIIRS,n,2,280.82,3.58,D,2
52.14644,27.50032,355.64,0.52,0.5,2019-02-19,1003,N20,VIIRS,n,2,285.01,20.91,D,0
51.91577,25.89801,337.25,0.61,0.53,2019-02-19,1003,N20,VIIRS,n,2,277.28,5.45,D,0
51.91846,25.89603,338.21,0.61,0.53,2019-02-19,1003,N20,VIIRS,n,2,277.9,5.49,D,0
52.05623,26.17068,337.72,0.59,0.53,2019-02-19,1003,N20,VIIRS,n,2,274.94,10.63,D,0
52.61186,25.07994,326.21,0.62,0.54,2019-02-19,1003,N20,VIIRS,n,2,278.85,4.28,D,0
52.0522,24.8378,338.52,0.51,0.49,2019-02-19,1144,N20,VIIRS,n,2,286.03,11.03,D,0
51.81504,28.61769,330.25,0.37,0.58,2019-02-19,1144,N20,VIIRS,n,2,279.74,2.98,D,0
51.88979,29.34563,347.18,0.39,0.6,2019-02-19,1144,N20,VIIRS,n,2,279.18,3.81,D,2
51.8945,29.34481,340.18,0.39,0.6,2019-02-19,1144,N20,VIIRS,n,2,278.45,7.13,D,2
51.92272,25.96846,339.5,0.56,0.52,2019-02-19,1144,N20,VIIRS,n,2,281.96,8.53,D,0
51.91927,25.90212,325.52,0.56,0.52,2019-02-19,1144,N20,VIIRS,n,2,279.6,3.25,D,0
51.91883,25.89386,326.82,0.56,0.52,2019-02-19,1144,N20,VIIRS,n,2,282.97,3.25,D,0
52.09442,28.45116,329.57,0.36,0.58,2019-02-19,1144,N20,VIIRS,n,2,278.24,2.9,D,0
52.09566,29.24091,326.44,0.39,0.59,2019-02-19,1144,N20,VIIRS,n,2,278.79,7.36,D,0
52.09554,29.23509,355.18,0.39,0.59,2019-02-19,1144,N20,VIIRS,n,2,283.26,10.38,D,0
52.09769,28.45475,338.87,0.36,0.58,2019-02-19,1144,N20,VIIRS,n,2,276.81,5.67,D,0
52.09753,28.44934,331.98,0.36,0.58,2019-02-19,1144,N20,VIIRS,n,2,277.27,3.12,D,0
52.10287,28.4489,325.24,0.36,0.58,2019-02-19,1144,N20,VIIRS,n,2,276.08,3.12,D,0
52.14923,27.5175,331.8,0.33,0.55,2019-02-19,1144,N20,VIIRS,n,2,278.89,2.62,D,0
52.04719,24.83103,345.09,0.51,0.49,2019-02-19,1144,N20,VIIRS,n,2,284.43,12.06,D,0
52.04675,24.82355,336.24,0.51,0.49,2019-02-19,1144,N20,VIIRS,n,2,283.51,7.23,D,0
52.05175,24.83032,354.53,0.51,0.49,2019-02-19,1144,N20,VIIRS,n,2,286.19,11.03,D,0
52.05675,24.83709,341.43,0.51,0.49,2019-02-19,1144,N20,VIIRS,n,2,282.97,11.03,D,0
52.26543,26.29774,340.34,0.59,0.53,2019-02-19,1144,N20,VIIRS,n,2,284.12,11.97,D,0
52.3691,25.36002,337.87,0.54,0.51,2019-02-19,1144,N20,VIIRS,n,2,283.54,7.22,D,0
52.36863,25.35204,338.01,0.54,0.51,2019-02-19,1144,N20,VIIRS,n,2,286.17,8.4,D,0
52.37377,25.35936,329.05,0.54,0.51,2019-02-19,1144,N20,VIIRS,n,2,281.99,7.22,D,0
52.37331,25.35138,328.62,0.54,0.51,2019-02-19,1144,N20,VIIRS,n,2,283.42,8.4,D,0
52.37113,25.35854,337.59,0.54,0.51,2019-02-19,1144,N20,VIIRS,n,2,285.79,14.44,D,0
52.3707,25.35055,336.69,0.54,0.51,2019-02-19,1144,N20,VIIRS,n,2,283.81,14.44,D,0
52.47633,25.38404,351.34,0.54,0.51,2019-02-19,1144,N20,VIIRS,n,2,284.98,27,D,0
52.47331,25.38424,346.28,0.54,0.51,2019-02-19,1144,N20,VIIRS,n,2,285.37,29.38,D,0
52.84335,29.99422,329.51,0.43,0.62,2019-02-19,1144,N20,VIIRS,n,2,274.83,2.28,D,2
52.84439,29.99206,338.99,0.43,0.62,2019-02-19,1144,N20,VIIRS,n,2,276.89,3.97,D,2
53.39453,32.01168,297.99,0.4,0.37,2019-02-19,2355,N20,VIIRS,n,2,271.99,0.86,N,2
52.84699,29.98896,342.45,0.43,0.38,2019-02-19,2355,N20,VIIRS,n,2,275.74,6.58,N,2
51.89536,29.34085,317.54,0.44,0.38,2019-02-19,2356,N20,VIIRS,n,2,273.53,1.59,N,2
51.89187,29.33973,312.4,0.44,0.38,2019-02-19,2356,N20,VIIRS,n,2,272.44,1.59,N,2
52.8491,29.99038,310.46,0.58,0.69,2019-02-20,0135,N20,VIIRS,n,2,272.03,1.93,N,2
52.8465,29.98774,308.91,0.58,0.69,2019-02-20,0135,N20,VIIRS,n,2,271.73,2.07,N,2
51.89565,29.34192,314.78,0.59,0.7,2019-02-20,0136,N20,VIIRS,n,2,272.37,1.99,N,2
51.89413,29.34063,316.94,0.6,0.7,2019-02-20,0136,N20,VIIRS,n,2,272.51,3.18,N,2
53.27377,24.44074,302.03,0.35,0.57,2019-02-20,2336,N20,VIIRS,n,2,271.69,0.79,N,2
52.41973,25.27873,310.99,0.63,0.54,2019-02-20,2337,N20,VIIRS,n,2,270.14,2.32,N,0
52.42057,25.28261,309.18,0.63,0.54,2019-02-20,2337,N20,VIIRS,n,2,270.04,1.72,N,0
52.41554,25.28197,314.66,0.63,0.54,2019-02-20,2337,N20,VIIRS,n,2,270.82,1.72,N,0
51.894,29.33751,297.6,0.42,0.45,2019-02-20,2337,N20,VIIRS,n,2,271.7,0.95,N,2
51.89352,29.34372,299.02,0.42,0.45,2019-02-20,2337,N20,VIIRS,n,2,272.94,0.95,N,2
51.59699,27.31789,299.37,0.51,0.49,2019-02-20,2337,N20,VIIRS,n,2,271.93,1.3,N,0
51.5968,27.31817,299.06,0.51,0.49,2019-02-20,2337,N20,VIIRS,n,2,271.68,0.83,N,0
51.88712,29.3388,296.98,0.4,0.6,2019-02-21,0117,N20,VIIRS,n,2,269.33,0.55,N,2
53.27098,24.44465,296.46,0.47,0.47,2019-02-21,0117,N20,VIIRS,n,2,270.96,0.8,N,2
52.41672,25.27525,307.61,0.53,0.5,2019-02-21,0117,N20,VIIRS,n,2,269.8,2.11,N,0
51.61709,27.90191,335.08,0.44,0.38,2019-02-21,1106,N20,VIIRS,n,2,275.46,6.53,D,0
52.12624,27.59567,341.78,0.44,0.38,2019-02-21,1106,N20,VIIRS,n,2,276.27,27.24,D,0
52.12897,27.58826,354.16,0.44,0.38,2019-02-21,1106,N20,VIIRS,n,2,280.02,27.24,D,0
52.13321,27.59352,339.5,0.44,0.38,2019-02-21,1106,N20,VIIRS,n,2,274.25,5.56,D,0
52.84514,29.98808,326.75,0.52,0.42,2019-02-21,1106,N20,VIIRS,n,2,278.7,7.1,D,2
52.84668,29.98754,327.86,0.52,0.42,2019-02-21,1106,N20,VIIRS,n,2,278.15,5.04,D,2
52.84658,29.991,334.16,0.32,0.55,2019-02-21,2318,N20,VIIRS,n,2,260.62,3.15,N,2
52.8448,29.98998,336.42,0.51,0.5,2019-02-22,0058,N20,VIIRS,n,2,265.61,5.87,N,2
52.13419,28.71949,327.38,0.79,0.78,2019-02-22,0907,N20,VIIRS,n,2,268.8,9.53,D,0
51.95584,25.35936,330.74,0.41,0.37,2019-02-22,1047,N20,VIIRS,n,2,274.75,2.89,D,0
51.51751,28.74888,333.26,0.38,0.36,2019-02-22,1047,N20,VIIRS,n,2,271.68,3.47,D,0
51.59869,27.32145,329.09,0.39,0.36,2019-02-22,1047,N20,VIIRS,n,2,274.66,2.48,D,0
51.71963,27.44897,333.78,0.39,0.36,2019-02-22,1047,N20,VIIRS,n,2,273.06,4.55,D,0
51.72287,27.4476,336.1,0.39,0.36,2019-02-22,1047,N20,VIIRS,n,2,272.96,4.86,D,0
52.10531,28.54734,331.94,0.38,0.36,2019-02-22,1047,N20,VIIRS,n,2,272.67,2.59,D,0
51.84173,26.78608,335.17,0.39,0.36,2019-02-22,1047,N20,VIIRS,n,2,273.92,3.58,D,0
52.01512,27.39989,326.73,0.39,0.36,2019-02-22,1047,N20,VIIRS,n,2,274.5,3.63,D,0
52.08913,27.73254,333.65,0.38,0.36,2019-02-22,1047,N20,VIIRS,n,2,280.61,22,D,0
52.09237,27.73118,340.85,0.38,0.36,2019-02-22,1047,N20,VIIRS,n,2,273.22,4.81,D,0
52.00881,26.1654,327.82,0.4,0.37,2019-02-22,1047,N20,VIIRS,n,2,274.78,2.45,D,0
52.01304,26.16953,336.45,0.4,0.37,2019-02-22,1047,N20,VIIRS,n,2,274.03,3.6,D,0
52.01631,26.16805,342.14,0.4,0.37,2019-02-22,1047,N20,VIIRS,n,2,275.03,3.6,D,0
52.01859,26.16094,331.45,0.4,0.37,2019-02-22,1047,N20,VIIRS,n,2,273.92,2.58,D,0
52.11528,24.93337,330.89,0.41,0.37,2019-02-22,1047,N20,VIIRS,n,2,274.25,2.2,D,0
52.1023,24.86317,327.4,0.41,0.37,2019-02-22,1047,N20,VIIRS,n,2,275.05,4.04,D,0
52.11966,24.9376,342.31,0.41,0.37,2019-02-22,1047,N20,VIIRS,n,2,275.35,3.84,D,0
52.11858,24.93176,337.04,0.41,0.37,2019-02-22,1047,N20,VIIRS,n,2,275.42,3.84,D,0
52.1219,24.93015,330.03,0.41,0.37,2019-02-22,1047,N20,VIIRS,n,2,274.2,3.84,D,0
52.63866,27.41659,326.37,0.38,0.36,2019-02-22,1047,N20,VIIRS,n,2,273.43,2.49,D,0
52.37945,25.32156,339.7,0.4,0.37,2019-02-22,1047,N20,VIIRS,n,2,275.54,6.53,D,0
52.40927,25.46957,328.56,0.4,0.37,2019-02-22,1047,N20,VIIRS,n,2,272.79,2.65,D,0
52.41002,25.46685,344.64,0.4,0.37,2019-02-22,1047,N20,VIIRS,n,2,276.01,16.82,D,0
52.41431,25.47103,326.89,0.4,0.37,2019-02-22,1047,N20,VIIRS,n,2,272.63,16.82,D,0
52.41022,25.44809,338.8,0.4,0.37,2019-02-22,1047,N20,VIIRS,n,2,274.53,8.28,D,0
52.41759,25.46947,327.72,0.4,0.37,2019-02-22,1047,N20,VIIRS,n,2,278.12,12.12,D,0
52.4135,25.44653,337.69,0.4,0.37,2019-02-22,1047,N20,VIIRS,n,2,273.24,3.79,D,0
52.42087,25.46791,339.67,0.4,0.37,2019-02-22,1047,N20,VIIRS,n,2,273.87,12.12,D,0
52.42108,25.44915,340.09,0.4,0.37,2019-02-22,1047,N20,VIIRS,n,2,273.21,3.7,D,0
52.42865,25.45177,343.16,0.4,0.37,2019-02-22,1047,N20,VIIRS,n,2,274,5.13,D,0
52.73927,26.71654,330.67,0.39,0.36,2019-02-22,1047,N20,VIIRS,n,2,270.85,3.13,D,0
52.64286,26.14323,333.91,0.39,0.36,2019-02-22,1047,N20,VIIRS,n,2,275.37,5.94,D,0
52.6419,26.13759,325.7,0.39,0.36,2019-02-22,1047,N20,VIIRS,n,2,274.29,5.94,D,0
52.64708,26.14738,327.49,0.39,0.36,2019-02-22,1047,N20,VIIRS,n,2,273.83,2.52,D,0
52.64611,26.14174,342.12,0.39,0.36,2019-02-22,1047,N20,VIIRS,n,2,275.83,5.2,D,0
52.65033,26.14589,333.59,0.39,0.36,2019-02-22,1047,N20,VIIRS,n,2,273.49,2.52,D,0
52.67667,26.11545,326.38,0.39,0.36,2019-02-22,1047,N20,VIIRS,n,2,273.17,2.76,D,0
52.54588,25.20612,328.93,0.4,0.37,2019-02-22,1047,N20,VIIRS,n,2,272.26,2.59,D,0
51.94618,26.00348,344.08,0.75,0.77,2019-02-22,2259,N20,VIIRS,n,2,264.78,15.24,N,0
51.95814,26.00972,325.48,0.75,0.77,2019-02-22,2259,N20,VIIRS,n,2,263.96,4.79,N,0
51.95101,26.01013,331.6,0.75,0.77,2019-02-22,2259,N20,VIIRS,n,2,264.57,9.75,N,0
51.95198,26.04357,323.99,0.74,0.76,2019-02-22,2259,N20,VIIRS,n,2,264.35,4.02,N,0
51.94355,25.99939,351.3,0.75,0.77,2019-02-22,2259,N20,VIIRS,n,2,264.37,9.75,N,0
51.93642,25.99985,326.61,0.75,0.77,2019-02-22,2259,N20,VIIRS,n,2,264.17,3.77,N,0
51.63535,27.50949,330.42,0.64,0.72,2019-02-22,2259,N20,VIIRS,n,2,263.12,5.61,N,0
52.84549,29.99103,341.35,0.52,0.42,2019-02-23,0039,N20,VIIRS,n,2,266.54,7.91,N,2
52.44915,27.23633,330.54,0.44,0.38,2019-02-23,0039,N20,VIIRS,n,2,263.67,3.8,N,0
52.44451,27.24076,325.62,0.44,0.38,2019-02-23,0039,N20,VIIRS,n,2,263.44,2.6,N,0
52.449,27.23718,332.39,0.44,0.38,2019-02-23,0039,N20,VIIRS,n,2,263.96,3.28,N,0
52.44438,27.24161,322.49,0.44,0.38,2019-02-23,0039,N20,VIIRS,n,2,263.03,3.28,N,0
52.1713,27.01368,312.64,0.44,0.38,2019-02-23,0040,N20,VIIRS,n,2,265.35,1.34,N,0
51.95588,26.04556,325.65,0.42,0.38,2019-02-23,0040,N20,VIIRS,n,2,264.66,2.49,N,0
51.95476,26.05146,323.98,0.42,0.38,2019-02-23,0040,N20,VIIRS,n,2,264.88,2.49,N,0
51.95143,26.0498,327.48,0.42,0.38,2019-02-23,0040,N20,VIIRS,n,2,266.83,2.49,N,0
51.95485,26.01273,341.04,0.42,0.38,2019-02-23,0040,N20,VIIRS,n,2,266.2,5.22,N,0
51.95152,26.01107,337.15,0.42,0.38,2019-02-23,0040,N20,VIIRS,n,2,265.59,5.22,N,0
51.94819,26.00942,328.05,0.42,0.38,2019-02-23,0040,N20,VIIRS,n,2,267.21,6.4,N,0
51.94486,26.00776,337.47,0.42,0.38,2019-02-23,0040,N20,VIIRS,n,2,267.14,6.4,N,0
51.94154,26.00611,328.52,0.42,0.38,2019-02-23,0040,N20,VIIRS,n,2,268.02,5.34,N,0
51.64249,27.51193,342.41,0.46,0.39,2019-02-23,0040,N20,VIIRS,n,2,265.42,7.35,N,0
51.93934,25.99856,325.02,0.42,0.38,2019-02-23,0040,N20,VIIRS,n,2,263.26,5.34,N,0
51.93821,26.00445,320.54,0.42,0.38,2019-02-23,0040,N20,VIIRS,n,2,266.63,5.34,N,0
51.63771,27.51649,325.16,0.46,0.39,2019-02-23,0040,N20,VIIRS,n,2,263.65,2.69,N,0
51.93488,26.00279,335.12,0.42,0.38,2019-02-23,0040,N20,VIIRS,n,2,266.68,4.01,N,0
51.63426,27.51465,322.67,0.46,0.39,2019-02-23,0040,N20,VIIRS,n,2,263.33,2.58,N,0
51.49768,27.66858,337.22,0.47,0.4,2019-02-23,1028,N20,VIIRS,n,2,274.97,13.25,D,0
51.89397,29.34281,329.05,0.42,0.38,2019-02-23,1028,N20,VIIRS,n,2,277.12,4.79,D,2
52.10342,29.15164,337.69,0.42,0.38,2019-02-23,1028,N20,VIIRS,n,2,276.59,4.9,D,0
52.10594,28.63792,328.56,0.44,0.38,2019-02-23,1028,N20,VIIRS,n,2,274.6,2.68,D,0
52.80913,25.79523,345.81,0.51,0.41,2019-02-25,0002,N20,VIIRS,n,2,272.86,6.09,N,0
52.80989,25.78764,299.87,0.51,0.41,2019-02-25,0002,N20,VIIRS,n,2,270.36,6.09,N,0
52.80386,25.77036,325.71,0.51,0.41,2019-02-25,0002,N20,VIIRS,n,2,271.27,4.65,N,0
52.80311,25.77796,344.73,0.51,0.41,2019-02-25,0002,N20,VIIRS,n,2,271.69,4.65,N,0
52.80235,25.78555,309.46,0.51,0.41,2019-02-25,0002,N20,VIIRS,n,2,270.34,2.21,N,0
52.48032,25.36548,312.71,0.52,0.42,2019-02-25,0002,N20,VIIRS,n,2,270.07,2.63,N,0
52.47955,25.37319,305.57,0.52,0.42,2019-02-25,0002,N20,VIIRS,n,2,269.8,1.87,N,0
52.41884,25.14977,321.74,0.53,0.42,2019-02-25,0002,N20,VIIRS,n,2,269.67,3.82,N,0
52.41809,25.15759,337.74,0.53,0.42,2019-02-25,0002,N20,VIIRS,n,2,271.76,3.82,N,3
52.41735,25.16543,348.04,0.53,0.42,2019-02-25,0002,N20,VIIRS,n,2,272.28,6.81,N,3
52.4166,25.17327,340.06,0.53,0.42,2019-02-25,0002,N20,VIIRS,n,2,271.18,6.81,N,3
52.41425,25.15658,326.89,0.53,0.42,2019-02-25,0002,N20,VIIRS,n,2,268.8,3.82,N,3
52.38203,25.37091,296.3,0.52,0.42,2019-02-25,0002,N20,VIIRS,n,2,268.99,1.75,N,0
52.38055,25.38627,298.78,0.52,0.42,2019-02-25,0002,N20,VIIRS,n,2,269.83,1.23,N,0
52.37822,25.36989,320.52,0.52,0.42,2019-02-25,0002,N20,VIIRS,n,2,269.74,1.75,N,0
52.37748,25.37758,295.65,0.52,0.42,2019-02-25,0002,N20,VIIRS,n,2,268.88,1.23,N,0
52.13005,24.79697,298.98,0.54,0.42,2019-02-25,0002,N20,VIIRS,n,2,267.72,1.08,N,0
51.91426,26.90394,306.81,0.46,0.39,2019-02-25,0002,N20,VIIRS,n,2,271.17,0.99,N,0
51.93296,26.15942,316.26,0.49,0.4,2019-02-25,0002,N20,VIIRS,n,2,269.9,1.73,N,0
51.9193,25.96533,310.38,0.49,0.4,2019-02-25,0002,N20,VIIRS,n,2,269.61,1.77,N,0
51.92379,25.88529,337.19,0.5,0.41,2019-02-25,0002,N20,VIIRS,n,2,271.15,3.95,N,0
51.9156,25.96431,296.88,0.49,0.4,2019-02-25,0002,N20,VIIRS,n,2,269.21,1.01,N,0
51.92082,25.87705,320.01,0.5,0.41,2019-02-25,0002,N20,VIIRS,n,2,270.18,4.19,N,0
52.38,25.37094,329.59,0.52,0.42,2019-02-25,0002,N20,VIIRS,n,2,270.28,2.57,N,0
52.37923,25.37861,306.09,0.52,0.42,2019-02-25,0002,N20,VIIRS,n,2,269.41,2.57,N,0
52.37311,25.40059,296.44,0.52,0.42,2019-02-25,0002,N20,VIIRS,n,2,269.96,0.89,N,0
52.12851,26.41598,308.44,0.48,0.4,2019-02-25,0002,N20,VIIRS,n,2,269.71,0.98,N,0
52.09557,26.61374,351.29,0.47,0.4,2019-02-25,0002,N20,VIIRS,n,2,276.08,12.92,N,0
52.0927,26.60581,351.96,0.47,0.4,2019-02-25,0002,N20,VIIRS,n,2,273.34,7.59,N,0
52.09195,26.61268,356.3,0.47,0.4,2019-02-25,0002,N20,VIIRS,n,2,277.15,16.54,N,0
52.09119,26.61955,338.26,0.47,0.4,2019-02-25,0002,N20,VIIRS,n,2,277.92,16.54,N,0
52.09346,26.59893,295.54,0.47,0.4,2019-02-25,0002,N20,VIIRS,n,2,270.14,7.59,N,0
52.09059,26.59098,332.07,0.47,0.4,2019-02-25,0002,N20,VIIRS,n,2,272.58,7.59,N,0
52.08983,26.59787,367,0.47,0.4,2019-02-25,0002,N20,VIIRS,h,2,274.98,7.59,N,0
52.08908,26.60475,337.99,0.47,0.4,2019-02-25,0002,N20,VIIRS,n,2,273.63,7.59,N,0
52.08832,26.61162,350.22,0.47,0.4,2019-02-25,0002,N20,VIIRS,n,2,274.92,16.54,N,0
52.08756,26.61849,326.46,0.47,0.4,2019-02-25,0002,N20,VIIRS,n,2,272.07,16.54,N,0
52.08696,26.58992,345.81,0.47,0.4,2019-02-25,0002,N20,VIIRS,n,2,272.36,7.59,N,0
52.08545,26.60369,330.59,0.47,0.4,2019-02-25,0002,N20,VIIRS,n,2,271.52,3.07,N,0
52.08621,26.59681,316.01,0.47,0.4,2019-02-25,0002,N20,VIIRS,n,2,270.43,3.07,N,0
52.0847,26.61056,317.33,0.47,0.4,2019-02-25,0002,N20,VIIRS,n,2,271.1,1.52,N,0
52.08032,26.61637,307.43,0.47,0.4,2019-02-25,0002,N20,VIIRS,n,2,270.85,1.52,N,0
52.08047,26.58091,346.51,0.47,0.4,2019-02-25,0002,N20,VIIRS,n,2,273.01,4.75,N,0
52.07972,26.5878,339.72,0.47,0.4,2019-02-25,0002,N20,VIIRS,n,2,272.82,4.75,N,0
52.07896,26.59468,310.91,0.47,0.4,2019-02-25,0002,N20,VIIRS,n,2,270.79,2.57,N,0
52.07745,26.60844,298.46,0.47,0.4,2019-02-25,0002,N20,VIIRS,n,2,270.07,1.67,N,0
52.07669,26.61531,318.21,0.47,0.4,2019-02-25,0002,N20,VIIRS,n,2,270.98,1.67,N,0
51.992,27.36313,303.07,0.45,0.39,2019-02-25,0002,N20,VIIRS,n,2,269.99,1.22,N,0
52.07759,26.57296,346.42,0.47,0.4,2019-02-25,0002,N20,VIIRS,n,2,272.32,8,N,0
52.07684,26.57985,326.62,0.47,0.4,2019-02-25,0002,N20,VIIRS,n,2,271.45,4.75,N,0
52.07609,26.58674,302.36,0.47,0.4,2019-02-25,0002,N20,VIIRS,n,2,269.98,4.75,N,0
52.07472,26.56501,337.5,0.47,0.4,2019-02-25,0002,N20,VIIRS,n,2,271.68,2.38,N,0
52.07396,26.5719,299.57,0.47,0.4,2019-02-25,0002,N20,VIIRS,n,2,270.37,2.38,N,0
52.07109,26.56395,316.14,0.47,0.4,2019-02-25,0002,N20,VIIRS,n,2,270.15,2.38,N,0
52.06746,26.56288,341.7,0.47,0.4,2019-02-25,0002,N20,VIIRS,n,2,271.54,3.15,N,0
52.06671,26.56978,302.31,0.47,0.4,2019-02-25,0002,N20,VIIRS,n,2,269.85,3.15,N,0
52.13689,24.76603,295.74,0.55,0.42,2019-02-25,0002,N20,VIIRS,n,2,267.7,0.8,N,0
52.13226,24.77304,296.04,0.55,0.42,2019-02-25,0002,N20,VIIRS,n,2,267.51,0.95,N,0
52.13152,24.78102,298.64,0.54,0.42,2019-02-25,0002,N20,VIIRS,n,2,267.72,1.1,N,0
52.83243,25.83284,321.64,0.51,0.41,2019-02-25,0002,N20,VIIRS,n,2,270.21,2.27,N,0
52.82944,25.82422,326.24,0.51,0.41,2019-02-25,0002,N20,VIIRS,n,2,270.26,4.08,N,0
52.82867,25.8318,335.65,0.51,0.41,2019-02-25,0002,N20,VIIRS,n,2,271.42,4.08,N,0
52.8159,25.80489,326.51,0.51,0.41,2019-02-25,0002,N20,VIIRS,n,2,271,4.47,N,0
52.81289,25.79627,345.18,0.51,0.41,2019-02-25,0002,N20,VIIRS,n,2,272.9,8.5,N,0
52.81214,25.80385,307.06,0.51,0.41,2019-02-25,0002,N20,VIIRS,n,2,270.24,4.47,N,0
51.92008,25.88426,327.09,0.5,0.41,2019-02-25,0002,N20,VIIRS,n,2,270.88,3.95,N,0
52.13078,24.789,297.65,0.54,0.42,2019-02-25,0002,N20,VIIRS,n,2,267.51,1.1,N,0
52.12768,27.61789,297.54,0.58,0.69,2019-02-25,0142,N20,VIIRS,n,2,269.95,0.66,N,0
52.12909,24.78368,306.9,0.45,0.63,2019-02-25,0142,N20,VIIRS,n,2,269.15,2.36,N,0
52.13106,24.7778,295.26,0.45,0.63,2019-02-25,0142,N20,VIIRS,n,2,269.59,1.34,N,0
52.1298,24.78398,306.52,0.45,0.63,2019-02-25,0142,N20,VIIRS,n,2,269.26,0.91,N,0
52.13178,24.77812,295.67,0.45,0.63,2019-02-25,0142,N20,VIIRS,n,2,269,0.91,N,0
51.91823,25.88445,304.57,0.51,0.66,2019-02-25,0142,N20,VIIRS,n,2,269.1,2.25,N,0
51.92051,25.87798,298.46,0.51,0.66,2019-02-25,0142,N20,VIIRS,n,2,268.34,1.66,N,0
52.41249,25.16212,303.91,0.46,0.63,2019-02-25,0142,N20,VIIRS,n,2,268,2.31,N,0
52.41655,25.15022,311.43,0.46,0.63,2019-02-25,0142,N20,VIIRS,n,2,269.18,2.87,N,0
52.41451,25.15619,332.23,0.46,0.63,2019-02-25,0142,N20,VIIRS,n,2,269.85,2.87,N,3
52.4156,25.17271,331.37,0.46,0.63,2019-02-25,0142,N20,VIIRS,n,2,270.24,3.47,N,3
52.41762,25.1668,332.78,0.46,0.63,2019-02-25,0142,N20,VIIRS,n,2,271.15,3.47,N,3
52.37779,25.38236,295.53,0.47,0.64,2019-02-25,0142,N20,VIIRS,n,2,268.92,1.74,N,0
52.37986,25.3763,318.31,0.47,0.64,2019-02-25,0142,N20,VIIRS,n,2,268.96,2.46,N,0
51.72723,27.4062,301.83,0.59,0.7,2019-02-25,0142,N20,VIIRS,n,2,267.11,1.78,N,0
52.47855,25.3637,312.28,0.46,0.64,2019-02-25,0142,N20,VIIRS,n,2,267.99,2.96,N,0
52.47648,25.36972,332.04,0.46,0.64,2019-02-25,0142,N20,VIIRS,n,2,268.42,3.99,N,0
52.06627,26.55967,307.14,0.53,0.67,2019-02-25,0142,N20,VIIRS,n,2,268.43,2,N,0
52.47957,25.38046,302.43,0.46,0.64,2019-02-25,0142,N20,VIIRS,n,2,268.97,1.03,N,0
52.48162,25.37447,298.36,0.46,0.64,2019-02-25,0142,N20,VIIRS,n,2,267.04,1.03,N,0
51.75499,27.43311,307.21,0.59,0.7,2019-02-25,0142,N20,VIIRS,n,2,268.7,2.46,N,0
51.75774,27.42571,318.4,0.59,0.7,2019-02-25,0142,N20,VIIRS,n,2,268.54,2.46,N,0
52.12443,26.4171,299.82,0.52,0.67,2019-02-25,0142,N20,VIIRS,n,2,270.42,0.81,N,0
51.75781,27.44588,297.84,0.59,0.7,2019-02-25,0142,N20,VIIRS,n,2,268.37,0.92,N,0
52.07998,26.58178,300.11,0.53,0.67,2019-02-25,0142,N20,VIIRS,n,2,268.48,1.78,N,0
52.07858,26.62599,311.44,0.53,0.67,2019-02-25,0142,N20,VIIRS,n,2,268.02,1.46,N,0
52.09419,26.62269,297.74,0.53,0.67,2019-02-25,0142,N20,VIIRS,n,2,268.39,2.24,N,0
52.09176,26.62949,327.63,0.53,0.67,2019-02-25,0142,N20,VIIRS,n,2,270.67,2.24,N,0
52.09713,26.63463,306.31,0.53,0.67,2019-02-25,0142,N20,VIIRS,n,2,268.55,1.79,N,0
52.09471,26.64143,326.64,0.53,0.67,2019-02-25,0142,N20,VIIRS,n,2,269.79,3.56,N,0
51.82378,27.40998,299.17,0.58,0.7,2019-02-25,0142,N20,VIIRS,n,2,267.68,3.22,N,0
51.82647,27.40266,303.16,0.58,0.7,2019-02-25,0142,N20,VIIRS,n,2,266.54,2.94,N,0
52.07846,26.62653,319.38,0.53,0.67,2019-02-25,0142,N20,VIIRS,n,2,268.02,3.21,N,0
52.09414,26.62324,303.3,0.53,0.67,2019-02-25,0142,N20,VIIRS,n,2,268.34,2.32,N,0
52.09169,26.63,323.87,0.53,0.67,2019-02-25,0142,N20,VIIRS,n,2,270.17,2.77,N,0
52.09708,26.63511,308.27,0.53,0.67,2019-02-25,0142,N20,VIIRS,n,2,269.42,2.77,N,0
52.09462,26.64188,331.35,0.53,0.67,2019-02-25,0142,N20,VIIRS,n,2,270.43,2.77,N,0
51.82606,27.41221,300.51,0.58,0.7,2019-02-25,0142,N20,VIIRS,n,2,268.07,2.24,N,0
51.82877,27.40493,304.31,0.58,0.7,2019-02-25,0142,N20,VIIRS,n,2,267.28,2.24,N,0
52.01147,27.42683,325.57,0.57,0.69,2019-02-25,0142,N20,VIIRS,n,2,267.52,3.47,N,0
52.10322,27.78448,302.2,0.59,0.7,2019-02-25,0142,N20,VIIRS,n,2,270.33,1.75,N,0
52.10322,27.80477,327.72,0.59,0.7,2019-02-25,0142,N20,VIIRS,n,2,271.15,5.19,N,0
52.00436,28.39566,299.23,0.62,0.71,2019-02-25,0142,N20,VIIRS,n,2,268.13,0.77,N,0
51.89006,29.33968,335.16,0.59,0.53,2019-02-25,0950,N20,VIIRS,n,2,282.44,3.88,D,2
51.4644,30.56227,337.51,0.55,0.51,2019-02-25,0950,N20,VIIRS,n,2,279.49,39.66,D,0
51.46006,30.56528,345.76,0.55,0.51,2019-02-25,0950,N20,VIIRS,n,2,295.84,39.66,D,0
51.4624,30.55495,327.37,0.55,0.51,2019-02-25,0950,N20,VIIRS,n,2,278.86,14.94,D,0
52.0008,28.41246,329.01,0.32,0.55,2019-02-25,0951,N20,VIIRS,n,2,279.9,14.87,D,0
52.00413,28.40473,349.97,0.32,0.55,2019-02-25,0951,N20,VIIRS,n,2,289.71,15.18,D,0
52.00288,28.40047,336.76,0.32,0.55,2019-02-25,0951,N20,VIIRS,n,2,281.13,15.18,D,0
52.00538,28.40898,356.11,0.32,0.55,2019-02-25,0951,N20,VIIRS,l,2,287.82,14.87,D,0
51.73273,27.42136,336.4,0.36,0.57,2019-02-25,0951,N20,VIIRS,n,2,272.57,4.01,D,0
51.7508,27.44199,337.03,0.36,0.57,2019-02-25,0951,N20,VIIRS,n,2,269.57,4.26,D,0
51.74796,27.43264,331.43,0.36,0.57,2019-02-25,0951,N20,VIIRS,n,2,269.35,4.55,D,0
52.76686,26.83641,337.72,0.35,0.56,2019-02-25,0951,N20,VIIRS,n,2,273.64,3.6,D,0
52.84674,29.99304,337.91,0.52,0.5,2019-02-25,0951,N20,VIIRS,n,2,284.16,10.25,D,2
51.815,28.62152,329.43,0.32,0.54,2019-02-25,0951,N20,VIIRS,n,2,278.76,2.46,D,0
51.61635,27.58601,326.85,0.36,0.57,2019-02-25,0951,N20,VIIRS,n,2,278.42,2.16,D,0
51.61355,27.5767,332.62,0.36,0.57,2019-02-25,0951,N20,VIIRS,n,2,279.07,4.57,D,0
52.84451,29.99155,330.62,0.62,0.54,2019-02-25,1131,N20,VIIRS,n,2,281.84,5.25,D,2
52.20265,28.89887,335.18,0.55,0.51,2019-02-25,1131,N20,VIIRS,n,2,278.84,7.18,D,0
53.54351,24.31598,340.68,0.56,0.43,2019-02-25,1131,N20,VIIRS,n,2,284.3,24.8,D,0
51.45616,30.57069,329.21,0.32,0.55,2019-02-25,1131,N20,VIIRS,n,2,283.32,2.44,D,0
51.46066,30.55604,326.28,0.32,0.55,2019-02-25,1131,N20,VIIRS,n,2,282.43,2.29,D,0
51.72015,30.51502,350.65,0.32,0.55,2019-02-25,1131,N20,VIIRS,n,2,281.61,3.75,D,0
51.71995,30.51031,334.97,0.32,0.55,2019-02-25,1131,N20,VIIRS,n,2,283.77,3.75,D,0
51.72363,27.40513,331.13,0.47,0.48,2019-02-25,1131,N20,VIIRS,n,2,274.1,4.8,D,0
51.73386,27.42448,332.28,0.48,0.48,2019-02-25,1131,N20,VIIRS,n,2,274.92,4.77,D,0
51.7334,27.41754,337.99,0.48,0.48,2019-02-25,1131,N20,VIIRS,n,2,276.37,7.27,D,0
51.7604,27.42,336.47,0.48,0.48,2019-02-25,1131,N20,VIIRS,n,2,277.03,11.65,D,0
51.8901,29.34114,341.78,0.58,0.52,2019-02-25,1131,N20,VIIRS,n,2,285.45,5.67,D,2
51.89351,29.3409,338.2,0.58,0.52,2019-02-25,1131,N20,VIIRS,n,2,283.32,6.64,D,2
51.99809,28.41343,345.69,0.53,0.5,2019-02-25,1131,N20,VIIRS,n,2,282.22,7.98,D,0
51.99764,28.40567,329.37,0.53,0.5,2019-02-25,1131,N20,VIIRS,n,2,278.77,7.98,D,0
51.99734,28.31997,340.73,0.52,0.5,2019-02-25,1131,N20,VIIRS,n,2,274.39,15.01,D,0
52.00862,27.37601,325.03,0.48,0.48,2019-02-25,1131,N20,VIIRS,n,2,273.94,4.08,D,0
51.89543,29.34073,313.78,0.55,0.43,2019-02-25,2343,N20,VIIRS,n,2,270.18,1.57,N,2
51.89153,29.33975,306.67,0.55,0.43,2019-02-25,2343,N20,VIIRS,n,2,270.44,2.08,N,2
52.19642,27.19148,327.49,0.39,0.36,2019-02-27,1053,N20,VIIRS,n,2,278.56,3.69,D,0
52.7665,26.08262,333.96,0.38,0.36,2019-02-27,1054,N20,VIIRS,n,2,276.91,2.45,D,0
52.77297,26.07987,328.52,0.38,0.36,2019-02-27,1054,N20,VIIRS,n,2,273.84,1.8,D,0
52.12928,26.33183,304.26,0.62,0.71,2019-02-27,2305,N20,VIIRS,n,2,270.25,2.57,N,0
52.12976,26.36898,305.85,0.62,0.71,2019-02-27,2305,N20,VIIRS,n,2,269.48,2.24,N,0
52.12916,26.32253,299.68,0.62,0.71,2019-02-27,2305,N20,VIIRS,n,2,269.32,1.77,N,0
52.1364,26.36882,308.99,0.62,0.71,2019-02-27,2305,N20,VIIRS,n,2,269.51,2.24,N,0
52.12605,26.32556,306.31,0.62,0.71,2019-02-27,2305,N20,VIIRS,n,2,269.91,2.39,N,0
52.13348,26.37189,315.34,0.62,0.71,2019-02-27,2305,N20,VIIRS,n,2,270.2,4.24,N,0
52.13333,26.36261,307.57,0.62,0.71,2019-02-27,2305,N20,VIIRS,n,2,269.97,4.2,N,0
52.13285,26.33473,297.35,0.62,0.71,2019-02-27,2305,N20,VIIRS,n,2,270.04,2.25,N,0
52.13205,26.37935,295.37,0.47,0.39,2019-02-28,0046,N20,VIIRS,n,2,265.47,0.54,N,0
53.27056,24.44377,301.36,0.41,0.37,2019-02-28,0046,N20,VIIRS,n,2,273.25,0.88,N,2
53.27097,24.44515,298.94,0.41,0.37,2019-02-28,0046,N20,VIIRS,n,2,272.97,0.93,N,2
51.93958,26.10848,308.55,0.46,0.39,2019-02-28,0046,N20,VIIRS,n,2,270.09,1.39,N,0
52.0593,26.55884,323.1,0.47,0.4,2019-02-28,0046,N20,VIIRS,n,2,264.56,2.41,N,0
52.1277,26.32626,304.42,0.46,0.39,2019-02-28,0046,N20,VIIRS,n,2,267.24,0.81,N,0
52.12029,26.38018,297.09,0.47,0.39,2019-02-28,0046,N20,VIIRS,n,2,266.35,1.4,N,0
52.11893,26.38669,321.26,0.47,0.39,2019-02-28,0046,N20,VIIRS,n,2,267.41,2.95,N,0
52.12239,26.38859,331.48,0.47,0.39,2019-02-28,0046,N20,VIIRS,n,2,266.45,3.24,N,0
52.12994,26.37094,320.32,0.47,0.39,2019-02-28,0046,N20,VIIRS,n,2,265.74,3.01,N,0
52.1313,26.36444,331.42,0.47,0.39,2019-02-28,0046,N20,VIIRS,n,2,266.61,3.01,N,0
51.87993,26.14724,325.7,0.46,0.39,2019-02-28,1034,N20,VIIRS,n,2,280.04,8.46,D,0
52.84592,29.98789,325.51,0.39,0.36,2019-03-02,0008,N20,VIIRS,n,2,269.11,3.28,N,2
52.42594,27.229,330.9,0.6,0.53,2019-03-02,0957,N20,VIIRS,n,2,271.81,6.61,D,0
52.10019,26.02902,346.78,0.34,0.56,2019-03-02,0957,N20,VIIRS,n,2,278.47,5.69,D,0
52.10155,26.03354,331.12,0.34,0.56,2019-03-02,0957,N20,VIIRS,n,2,274.6,4.39,D,0
52.42934,27.23491,327.51,0.6,0.53,2019-03-02,0957,N20,VIIRS,n,2,271.52,3.28,D,0
52.38633,30.7519,337.47,0.44,0.46,2019-03-02,0957,N20,VIIRS,n,2,271.66,6.66,D,0
52.84658,29.99283,337.17,0.46,0.47,2019-03-02,0957,N20,VIIRS,n,2,276.66,3.6,D,2
51.90559,26.90893,325.39,0.32,0.55,2019-03-02,0957,N20,VIIRS,n,2,275.48,1.79,D,0
51.80093,26.81904,351.73,0.33,0.55,2019-03-02,0957,N20,VIIRS,n,2,280.04,5.36,D,0
51.79631,26.82251,327.05,0.33,0.55,2019-03-02,0957,N20,VIIRS,n,2,276.53,1.81,D,0
51.80419,27.07929,329.62,0.64,0.54,2019-03-02,0957,N20,VIIRS,n,2,276.98,3.94,D,0
51.80332,27.07955,349.87,0.32,0.54,2019-03-02,0957,N20,VIIRS,n,2,278.64,8.93,D,0
52.4768,26.49778,353.02,0.32,0.54,2019-03-02,0957,N20,VIIRS,n,2,272.85,10.07,D,0
52.37587,26.81304,326.81,0.53,0.5,2019-03-02,1137,N20,VIIRS,n,2,276.13,2.65,D,0
52.27887,25.90389,351.7,0.48,0.48,2019-03-02,1137,N20,VIIRS,n,2,285.34,31.79,D,0
52.09255,25.01024,347.74,0.44,0.46,2019-03-02,1137,N20,VIIRS,n,2,279.84,12.37,D,0
52.08779,25.00451,351.4,0.44,0.46,2019-03-02,1137,N20,VIIRS,n,2,281.81,103.83,D,0
52.08351,25.00531,304.03,0.44,0.46,2019-03-02,1137,N20,VIIRS,l,2,318.22,60.8,D,0
52.08303,24.99879,327.58,0.44,0.46,2019-03-02,1137,N20,VIIRS,n,2,277.14,60.8,D,0
52.08399,25.01184,335.1,0.44,0.46,2019-03-02,1137,N20,VIIRS,n,2,274.28,31.48,D,0
52.00478,24.85701,354.42,0.44,0.46,2019-03-02,1137,N20,VIIRS,n,2,275.85,9.3,D,0
51.8773,26.93277,333.93,0.53,0.5,2019-03-02,1137,N20,VIIRS,n,2,277.43,5.92,D,0
51.87775,26.94057,336.95,0.53,0.5,2019-03-02,1137,N20,VIIRS,n,2,276.58,5.61,D,0
52.93851,25.32354,325.51,0.47,0.47,2019-03-02,1138,N20,VIIRS,n,2,271.69,2.07,D,0
52.34698,24.95713,337.44,0.44,0.46,2019-03-02,1138,N20,VIIRS,n,2,277.13,4.54,D,0
52.51627,25.10699,331.01,0.45,0.47,2019-03-02,1138,N20,VIIRS,n,2,275.65,3.56,D,0
53.27199,24.44307,299.26,0.51,0.5,2019-03-02,2349,N20,VIIRS,n,2,267.27,1.1,N,2
52.01784,24.9048,326.61,0.48,0.48,2019-03-02,2349,N20,VIIRS,n,2,266.44,3.86,N,0
52.179,27.21086,307.92,0.39,0.44,2019-03-02,2349,N20,VIIRS,n,2,263.12,1.94,N,0
52.1785,27.21655,330.53,0.39,0.44,2019-03-02,2349,N20,VIIRS,n,2,265.61,1.94,N,0
53.57573,24.03062,297.13,0.54,0.51,2019-03-02,2349,N20,VIIRS,n,2,268.3,0.76,N,0
52.8465,29.9919,333.28,0.47,0.4,2019-03-02,2349,N20,VIIRS,n,2,268.08,8.93,N,2
52.42623,25.40721,302.37,0.46,0.47,2019-03-02,2349,N20,VIIRS,n,2,262.9,2.53,N,0
52.4267,25.40038,335.51,0.46,0.47,2019-03-02,2349,N20,VIIRS,n,2,264.18,2.53,N,0
52.01905,24.90497,323.01,0.48,0.48,2019-03-02,2350,N20,VIIRS,n,2,266.16,4.67,N,0
52.84608,29.99009,329.17,0.51,0.66,2019-03-03,0129,N20,VIIRS,n,2,265.67,3.71,N,2
52.84799,29.991,330.29,0.51,0.66,2019-03-03,0129,N20,VIIRS,n,2,265.5,3.4,N,2
52.17657,27.2193,321.53,0.42,0.61,2019-03-03,0130,N20,VIIRS,n,2,263.91,2.26,N,0
52.42589,25.39966,326.41,0.35,0.57,2019-03-03,0130,N20,VIIRS,n,2,263.66,4.16,N,0
52.42421,25.40253,332.9,0.35,0.57,2019-03-03,0130,N20,VIIRS,n,2,263.27,3.07,N,0
52.30877,27.83709,342.51,0.43,0.62,2019-03-03,0938,N20,VIIRS,n,2,289.82,27.23,D,0
52.31064,27.84273,356.13,0.43,0.62,2019-03-03,0938,N20,VIIRS,l,2,275.77,27.23,D,0
52.11252,27.79588,342.09,0.44,0.63,2019-03-03,0938,N20,VIIRS,n,2,278.94,35.44,D,0
52.01907,26.18391,325.82,0.51,0.66,2019-03-03,0938,N20,VIIRS,n,2,275.6,6.16,D,0
52.02138,26.19046,354.86,0.51,0.66,2019-03-03,0938,N20,VIIRS,n,2,277.42,6.16,D,0
52.17554,27.22214,330.02,0.46,0.64,2019-03-03,0938,N20,VIIRS,n,2,271.34,4.7,D,0
52.11444,27.80165,356.19,0.44,0.63,2019-03-03,0938,N20,VIIRS,l,2,281.29,44.46,D,0
52.15335,27.55656,353.83,0.45,0.63,2019-03-03,0938,N20,VIIRS,n,2,280.86,19.53,D,0
52.15532,27.56243,356.17,0.45,0.63,2019-03-03,0938,N20,VIIRS,l,2,274.2,15.49,D,0
52.3061,27.83909,336.06,0.43,0.62,2019-03-03,0938,N20,VIIRS,n,2,275.43,5,D,0
52.30688,27.83145,332.4,0.43,0.62,2019-03-03,0938,N20,VIIRS,n,2,275.87,14.85,D,0
51.86876,29.20678,327.71,0.42,0.45,2019-03-03,1118,N20,VIIRS,n,2,276.03,2.14,D,0
51.86312,26.80318,335.62,0.51,0.41,2019-03-03,1118,N20,VIIRS,n,2,277.09,4.37,D,0
52.7422,30.12311,333.68,0.47,0.47,2019-03-03,1119,N20,VIIRS,n,2,268.89,3.58,D,0
52.7421,30.12297,333.59,0.47,0.47,2019-03-03,1119,N20,VIIRS,n,2,269.38,4.42,D,0
52.84385,29.99092,325.36,0.46,0.47,2019-03-03,1119,N20,VIIRS,n,2,273.68,2.88,D,2
53.75475,28.72836,315.94,0.54,0.51,2019-03-03,2330,N20,VIIRS,n,2,272.79,2.42,N,0
51.89113,29.33428,307.66,0.63,0.72,2019-03-05,2252,N20,VIIRS,n,2,268.56,1.66,N,2
51.89394,29.33246,307.4,0.63,0.72,2019-03-05,2252,N20,VIIRS,n,2,268.39,2.03,N,2
51.89116,29.33616,295.57,0.46,0.39,2019-03-06,0033,N20,VIIRS,n,2,264.76,0.87,N,2
51.88758,29.34026,310.29,0.46,0.39,2019-03-06,0033,N20,VIIRS,n,2,268.05,1.98,N,2
52.84813,29.9932,325.26,0.39,0.36,2019-03-07,0014,N20,VIIRS,n,2,270.02,2.26,N,2
51.88794,29.33737,297.04,0.38,0.36,2019-03-07,0015,N20,VIIRS,n,2,266.07,0.46,N,2
51.89117,29.33875,299.11,0.38,0.36,2019-03-07,0015,N20,VIIRS,n,2,267.53,0.46,N,2
51.89441,29.34013,302.57,0.38,0.36,2019-03-07,0015,N20,VIIRS,n,2,268.7,0.72,N,2
52.84808,29.98958,340.29,0.43,0.38,2019-03-07,2355,N20,VIIRS,n,2,273.8,9.59,N,2
52.61268,30.24715,299.54,0.42,0.38,2019-03-07,2356,N20,VIIRS,n,2,271.18,0.9,N,0
51.89628,29.34124,297.43,0.6,0.7,2019-03-08,0136,N20,VIIRS,n,2,273.98,1.26,N,2
51.89351,29.34871,301.33,0.6,0.7,2019-03-08,0136,N20,VIIRS,n,2,274.11,1.26,N,2
51.8879,29.34331,296.49,0.6,0.7,2019-03-08,0136,N20,VIIRS,n,2,274.83,1.26,N,2
51.89062,29.34071,332.53,0.6,0.7,2019-03-08,0136,N20,VIIRS,n,2,275.27,3.67,N,2
51.89296,29.34266,339.45,0.34,0.56,2019-03-08,0944,N20,VIIRS,n,2,282.82,3.8,D,2
52.84703,29.9883,331.5,0.6,0.53,2019-03-08,0945,N20,VIIRS,n,2,284.89,6.31,D,2
52.19349,27.02684,329.15,0.41,0.61,2019-03-08,0945,N20,VIIRS,n,2,283.93,3.97,D,0
52.49593,26.90054,327.18,0.4,0.44,2019-03-08,1125,N20,VIIRS,n,2,274.04,2.72,D,0
52.84379,29.99471,337.69,0.53,0.5,2019-03-08,1125,N20,VIIRS,n,2,284.43,8.3,D,2
52.84581,29.9872,325.04,0.53,0.5,2019-03-08,1125,N20,VIIRS,n,2,284.23,3.92,D,2
52.51795,24.25568,336.89,0.48,0.4,2019-03-08,1125,N20,VIIRS,n,2,286.9,3.98,D,0
51.9798,26.77603,333.85,0.39,0.44,2019-03-08,1125,N20,VIIRS,n,2,289.92,11.62,D,0
51.98029,26.7817,351.51,0.39,0.44,2019-03-08,1125,N20,VIIRS,n,2,290.01,11.62,D,0
52.03624,26.24889,332.75,0.56,0.43,2019-03-08,1125,N20,VIIRS,n,2,272,4.42,D,0
52.02372,26.24346,329.37,0.56,0.43,2019-03-08,1125,N20,VIIRS,n,2,276.21,3.63,D,0
52.03551,26.24076,351.79,0.56,0.43,2019-03-08,1125,N20,VIIRS,n,2,275.17,7.66,D,0
52.03943,26.23986,335.33,0.56,0.43,2019-03-08,1125,N20,VIIRS,n,2,272.24,7.66,D,0
51.66637,27.83934,303.58,0.48,0.48,2019-03-08,2337,N20,VIIRS,n,2,274.54,0.86,N,0
53.27112,24.44294,298.63,0.35,0.56,2019-03-08,2337,N20,VIIRS,n,2,275.13,0.7,N,2
53.27135,24.44258,306.2,0.35,0.56,2019-03-08,2337,N20,VIIRS,n,2,275.74,1.07,N,2
52.84855,29.98877,337.59,0.41,0.45,2019-03-08,2337,N20,VIIRS,n,2,279.17,9.06,N,2
52.62695,30.24014,306.06,0.4,0.44,2019-03-08,2337,N20,VIIRS,n,2,274.99,1.22,N,0
52.10138,27.74678,304.99,0.49,0.49,2019-03-08,2337,N20,VIIRS,n,2,274.26,1.68,N,0
52.09784,27.73149,301.94,0.49,0.49,2019-03-08,2337,N20,VIIRS,n,2,271.39,1.1,N,0
51.89242,29.34158,316.93,0.42,0.45,2019-03-08,2337,N20,VIIRS,n,2,277.68,1.88,N,2
51.88874,29.33449,301.56,0.42,0.45,2019-03-08,2337,N20,VIIRS,n,2,276.09,0.86,N,2
51.87273,26.91589,297.99,0.53,0.5,2019-03-08,2337,N20,VIIRS,n,2,274.21,1.26,N,0
51.58284,29.52016,300.33,0.41,0.45,2019-03-08,2337,N20,VIIRS,n,2,273.12,0.56,N,0
51.57921,29.51333,298.46,0.41,0.45,2019-03-08,2337,N20,VIIRS,n,2,272.74,0.56,N,0
51.57872,29.51927,297.88,0.41,0.45,2019-03-08,2337,N20,VIIRS,n,2,272.41,0.56,N,0
51.66192,27.83854,300.56,0.48,0.48,2019-03-08,2337,N20,VIIRS,n,2,273.51,0.86,N,0
51.89352,29.34134,300.91,0.4,0.6,2019-03-09,0117,N20,VIIRS,n,2,275.39,0.87,N,2
51.88857,29.33731,307.71,0.4,0.6,2019-03-09,0117,N20,VIIRS,n,2,274.86,1.03,N,2
53.27101,24.44502,300.55,0.47,0.48,2019-03-09,0117,N20,VIIRS,n,2,274.16,0.62,N,2
51.57809,29.51805,301.95,0.41,0.61,2019-03-09,0117,N20,VIIRS,n,2,274.53,0.74,N,0
52.43494,25.43753,336.26,0.54,0.51,2019-03-09,0117,N20,VIIRS,n,2,272.41,4.54,N,0
52.43696,25.43022,316.97,0.54,0.51,2019-03-09,0117,N20,VIIRS,n,2,265.67,4.54,N,0
52.10608,26.32243,324.48,0.6,0.53,2019-03-09,0117,N20,VIIRS,n,2,273.11,2.69,N,0
52.10379,26.33045,296.98,0.6,0.53,2019-03-09,0117,N20,VIIRS,n,2,272.23,2.69,N,0
52.10151,26.33843,298.31,0.6,0.53,2019-03-09,0117,N20,VIIRS,n,2,273.84,1.74,N,0
51.9767,26.06473,305.86,0.59,0.53,2019-03-09,0117,N20,VIIRS,n,2,273.77,2.33,N,0
51.42918,30.57664,327.42,0.49,0.65,2019-03-09,0925,N20,VIIRS,n,2,285.75,3.3,D,0
51.43208,30.57358,330.74,0.49,0.65,2019-03-09,0926,N20,VIIRS,n,2,285.69,3.2,D,0
53.43867,28.21349,350.28,0.5,0.66,2019-03-09,0926,N20,VIIRS,n,2,274.11,9.14,D,0
53.43633,28.20695,339.73,0.5,0.66,2019-03-09,0926,N20,VIIRS,n,2,274.58,8.85,D,0
53.53352,27.77497,339.03,0.45,0.39,2019-03-09,1106,N20,VIIRS,n,2,278.94,4.24,D,0
53.67124,28.21305,327.7,0.47,0.4,2019-03-09,1106,N20,VIIRS,n,2,275.08,2.9,D,0
52.12061,24.77888,342.65,0.39,0.36,2019-03-09,1106,N20,VIIRS,n,2,273.76,12.87,D,0
52.12468,24.78326,350.95,0.39,0.36,2019-03-09,1106,N20,VIIRS,n,2,289.84,12.87,D,0
52.12796,24.78203,351.38,0.39,0.36,2019-03-09,1106,N20,VIIRS,n,2,286.28,25.15,D,0
52.12637,24.77081,344.18,0.39,0.36,2019-03-09,1106,N20,VIIRS,n,2,290.53,19.7,D,0
52.12557,24.76521,342.2,0.39,0.36,2019-03-09,1106,N20,VIIRS,n,2,276.28,19.7,D,0
52.70697,29.04091,332.3,0.48,0.4,2019-03-09,1106,N20,VIIRS,n,2,283.19,2.98,D,0
52.84437,29.99161,325.55,0.52,0.42,2019-03-09,1106,N20,VIIRS,n,2,286.31,2.65,D,2
52.7748,26.15779,336.61,0.41,0.37,2019-03-09,1106,N20,VIIRS,n,2,270.92,7.39,D,0
53.23788,27.27665,325.25,0.44,0.38,2019-03-09,1106,N20,VIIRS,n,2,282.88,4.22,D,0
53.4395,28.2049,328.64,0.47,0.39,2019-03-09,1106,N20,VIIRS,n,2,282.28,4.02,D,0
53.44386,28.21082,355.77,0.47,0.39,2019-03-09,1106,N20,VIIRS,n,2,287.91,19.83,D,0
53.51435,28.51883,345.19,0.48,0.4,2019-03-09,1106,N20,VIIRS,n,2,284.63,12.48,D,0
53.51329,28.51788,348.51,0.48,0.4,2019-03-09,1106,N20,VIIRS,n,2,284.42,10.57,D,0
53.47089,28.07882,335.3,0.46,0.39,2019-03-09,1106,N20,VIIRS,n,2,284.55,4.96,D,0
52.12141,24.78448,347.15,0.39,0.36,2019-03-09,1106,N20,VIIRS,n,2,280.28,12.87,D,0
52.11237,24.79377,342.14,0.39,0.36,2019-03-09,1106,N20,VIIRS,n,2,276.36,5.97,D,0
52.66287,30.05337,333.09,0.52,0.42,2019-03-09,1106,N20,VIIRS,n,2,283.2,5.28,D,0
52.62061,30.27165,333.22,0.53,0.42,2019-03-09,1106,N20,VIIRS,n,2,284.52,3.38,D,0
52.61604,30.26477,335.31,0.53,0.42,2019-03-09,1106,N20,VIIRS,n,2,285.9,8.75,D,0
51.73207,30.63149,326.7,0.53,0.42,2019-03-09,1106,N20,VIIRS,n,2,278.91,2.93,D,0
54.40848,28.36305,334.21,0.48,0.4,2019-03-09,1107,N20,VIIRS,n,2,281.95,3.96,D,0
51.89175,29.33865,311.52,0.33,0.56,2019-03-09,2318,N20,VIIRS,n,2,272.64,1.38,N,2
51.89195,29.3337,299.16,0.33,0.56,2019-03-09,2318,N20,VIIRS,n,2,271.71,0.99,N,2
52.84556,29.99241,305.4,0.52,0.5,2019-03-10,0058,N20,VIIRS,n,2,274.81,1.66,N,2
52.84455,29.99284,301.62,0.52,0.5,2019-03-10,0058,N20,VIIRS,n,2,273.81,2.31,N,2
51.89018,29.33951,298.93,0.52,0.5,2019-03-10,0058,N20,VIIRS,n,2,272.88,1.61,N,2
52.84522,29.98953,303.74,0.52,0.42,2019-03-11,0039,N20,VIIRS,n,2,264.67,1.91,N,2
52.84692,29.99214,330.58,0.4,0.37,2019-03-12,0021,N20,VIIRS,n,2,271.29,4,N,2
51.89075,29.3386,323.94,0.4,0.37,2019-03-12,0021,N20,VIIRS,n,2,270.58,1.21,N,2
51.89402,29.34011,307.76,0.4,0.37,2019-03-12,0021,N20,VIIRS,n,2,271.34,1.21,N,2
51.8117,28.69993,329.18,0.42,0.45,2019-03-12,1009,N20,VIIRS,n,2,275.11,1.8,D,0
52.8435,29.99499,334.49,0.49,0.65,2019-03-12,1150,N20,VIIRS,n,2,272.6,6.7,D,2
52.84827,29.98866,325.59,0.4,0.37,2019-03-13,0002,N20,VIIRS,n,2,273.01,5.56,N,2
51.89075,29.34108,315.99,0.4,0.37,2019-03-13,0002,N20,VIIRS,n,2,269.41,1.29,N,2
51.89153,29.33528,296.81,0.4,0.37,2019-03-13,0002,N20,VIIRS,n,2,268.27,1.03,N,2
52.8541,29.99701,302.92,0.4,0.37,2019-03-13,0002,N20,VIIRS,n,2,274.48,1.02,N,2
51.88764,29.33671,309.28,0.68,0.74,2019-03-13,0142,N20,VIIRS,n,2,266.63,2.54,N,2
52.84657,29.99011,296.79,0.66,0.73,2019-03-13,0142,N20,VIIRS,n,2,266.79,0.85,N,2
52.84519,29.99237,342.6,0.53,0.5,2019-03-13,0951,N20,VIIRS,n,2,281.03,7.15,D,2
52.03234,27.05019,341.25,0.36,0.58,2019-03-13,0951,N20,VIIRS,n,2,282.14,5.52,D,0
52.03212,27.05065,346.64,0.36,0.58,2019-03-13,0951,N20,VIIRS,n,2,282.57,5.29,D,0
52.26286,27.04757,349.6,0.36,0.57,2019-03-13,0951,N20,VIIRS,n,2,280.34,7.04,D,0
52.26411,27.04983,353.42,0.36,0.57,2019-03-13,0951,N20,VIIRS,n,2,278.93,5.39,D,0
51.97681,26.11424,326,0.4,0.6,2019-03-13,0951,N20,VIIRS,n,2,268.16,2.68,D,0
51.92044,28.59357,330.94,0.32,0.54,2019-03-13,0951,N20,VIIRS,n,2,279.46,2.3,D,0
51.88277,26.87479,340.8,0.37,0.58,2019-03-13,0951,N20,VIIRS,n,2,281.48,3.44,D,0
52.17957,30.61358,342.56,0.33,0.55,2019-03-13,1131,N20,VIIRS,n,2,284.26,3.74,D,0
53.31543,28.80147,336.51,0.56,0.51,2019-03-13,1131,N20,VIIRS,n,2,278.25,3.67,D,0
53.31527,28.79993,332.31,0.56,0.51,2019-03-13,1131,N20,VIIRS,n,2,278.24,5.35,D,0
53.32235,29.13015,332.81,0.58,0.52,2019-03-13,1131,N20,VIIRS,n,2,277.11,4.66,D,0
53.348,31.38826,327.1,0.36,0.57,2019-03-13,1131,N20,VIIRS,n,2,276.52,1.75,D,0
52.11769,28.58347,332.31,0.53,0.5,2019-03-13,1131,N20,VIIRS,n,2,281.33,5.46,D,0
54.40118,28.45173,327.65,0.55,0.51,2019-03-13,1132,N20,VIIRS,n,2,278.39,4.12,D,0
52.00203,26.11458,314.84,0.39,0.6,2019-03-14,2324,N20,VIIRS,n,2,271.14,2,N,0
51.99758,26.12286,296.26,0.45,0.47,2019-03-15,0105,N20,VIIRS,n,2,270.66,0.78,N,0
51.9991,26.11675,295.95,0.45,0.47,2019-03-15,0105,N20,VIIRS,n,2,270.03,0.71,N,0
53.27054,24.4399,297.51,0.54,0.42,2019-03-15,0105,N20,VIIRS,n,2,268.41,1.12,N,2
52.29813,30.55596,354.76,0.59,0.7,2019-03-15,0913,N20,VIIRS,n,2,286.6,19.11,D,0
52.29255,30.56143,343.91,0.59,0.7,2019-03-15,0913,N20,VIIRS,n,2,277.74,19.11,D,0
52.84784,29.99259,331.62,0.42,0.38,2019-03-15,1053,N20,VIIRS,n,2,280.25,2.82,D,2
52.29393,30.5586,336.3,0.43,0.38,2019-03-15,1053,N20,VIIRS,n,2,285.45,2,D,0
51.84835,28.9338,329.17,0.4,0.37,2019-03-15,1053,N20,VIIRS,n,2,286.11,2.34,D,0
51.79586,30.20982,329.6,0.42,0.38,2019-03-15,1053,N20,VIIRS,n,2,285.36,3.51,D,0
51.89206,29.34003,326.85,0.52,0.41,2019-03-17,1016,N20,VIIRS,n,2,284.82,3.47,D,2
51.89437,29.33994,305.74,0.39,0.36,2019-03-18,0008,N20,VIIRS,n,2,269.18,1.03,N,2
53.27315,24.44296,296.33,0.51,0.41,2019-03-18,0008,N20,VIIRS,n,2,270.21,1.02,N,2
51.89111,29.33867,327.58,0.39,0.36,2019-03-18,0008,N20,VIIRS,n,2,269.09,2.5,N,2
51.3976,30.60414,345.12,0.48,0.48,2019-03-18,0957,N20,VIIRS,n,2,286.05,12.88,D,0
51.39347,30.60682,343.14,0.48,0.48,2019-03-18,0957,N20,VIIRS,n,2,293.26,22.25,D,0
51.38935,30.60951,351.73,0.48,0.48,2019-03-18,0957,N20,VIIRS,n,2,290.71,22.25,D,0
51.30104,30.54648,344.61,0.48,0.48,2019-03-18,0957,N20,VIIRS,n,2,282.69,5.75,D,0
51.2969,30.54917,341.65,0.48,0.48,2019-03-18,0957,N20,VIIRS,n,2,283.54,5.75,D,0
51.82515,30.20644,338.88,0.48,0.48,2019-03-18,0957,N20,VIIRS,n,2,289.13,9.91,D,0
51.89141,29.3418,340.94,0.52,0.5,2019-03-18,0957,N20,VIIRS,n,2,291.03,7.2,D,2
51.89197,29.34136,335.38,0.52,0.5,2019-03-18,0957,N20,VIIRS,n,2,289.84,4.41,D,2
52.12899,29.2264,337.86,0.51,0.5,2019-03-18,0957,N20,VIIRS,n,2,289.07,5.08,D,0
52.84426,29.99091,340.12,0.46,0.47,2019-03-18,0957,N20,VIIRS,n,2,287.98,6.5,D,2
53.34856,31.38622,339.1,0.4,0.44,2019-03-18,0957,N20,VIIRS,n,2,281.36,4.14,D,0
51.82103,30.20918,341.66,0.48,0.48,2019-03-18,0957,N20,VIIRS,n,2,290.45,8.74,D,0
51.39779,30.60422,341.21,0.48,0.48,2019-03-18,0957,N20,VIIRS,n,2,285.29,15.23,D,0
51.82609,30.20606,345.77,0.37,0.58,2019-03-18,1137,N20,VIIRS,n,2,269.94,6.67,D,0
51.29623,30.55002,328.24,0.38,0.58,2019-03-18,1137,N20,VIIRS,n,2,288.46,5.4,D,0
51.29608,30.54455,339.74,0.38,0.58,2019-03-18,1137,N20,VIIRS,n,2,290.35,5.4,D,0
51.30165,30.54968,328.22,0.38,0.58,2019-03-18,1137,N20,VIIRS,n,2,289.07,3.61,D,0
51.57253,30.51133,296.39,0.44,0.39,2019-03-18,2349,N20,VIIRS,n,2,262.42,0.41,N,0
53.2718,24.44636,295.75,0.62,0.54,2019-03-19,0130,N20,VIIRS,n,2,273.74,0.58,N,2
51.89425,26.93116,328.61,0.49,0.65,2019-03-19,0938,N20,VIIRS,n,2,280.31,5.06,D,0
52.0232,26.22792,340.7,0.49,0.4,2019-03-19,1118,N20,VIIRS,n,2,287.98,14.97,D,0
52.84431,29.99147,336.91,0.46,0.47,2019-03-19,1119,N20,VIIRS,n,2,279.44,4.77,D,2
52.12386,26.5344,337.45,0.5,0.41,2019-03-19,1119,N20,VIIRS,n,2,285.86,4.88,D,0
52.11928,26.56575,333.34,0.5,0.41,2019-03-19,1119,N20,VIIRS,n,2,280.88,4.19,D,0
51.91478,23.87694,303.83,0.43,0.46,2019-03-20,0111,N20,VIIRS,n,2,270.94,1.01,N,0
53.27099,24.44022,298.45,0.41,0.45,2019-03-20,0111,N20,VIIRS,n,2,271.12,0.49,N,2
52.30854,27.88598,333.01,0.65,0.73,2019-03-20,0920,N20,VIIRS,n,2,284.6,5.17,D,0
52.3054,27.87789,325.23,0.65,0.73,2019-03-20,0920,N20,VIIRS,n,2,281.83,5.17,D,0
53.17475,31.20767,338.95,0.46,0.63,2019-03-20,0920,N20,VIIRS,n,2,279.93,3.79,D,0
51.66517,27.49734,337.89,0.4,0.37,2019-03-20,1059,N20,VIIRS,n,2,284.03,4.31,D,0
51.96731,27.10446,347.99,0.4,0.37,2019-03-20,1100,N20,VIIRS,n,2,291.06,7.34,D,0
52.27311,26.57946,343.23,0.39,0.36,2019-03-20,1100,N20,VIIRS,n,2,288.55,9.57,D,0
52.26423,27.05882,336.49,0.4,0.37,2019-03-20,1100,N20,VIIRS,n,2,287.76,4.91,D,0
52.29147,27.41936,338.6,0.4,0.37,2019-03-20,1100,N20,VIIRS,n,2,286.99,4.42,D,0
51.85946,26.8992,330.04,0.39,0.36,2019-03-20,1100,N20,VIIRS,n,2,287.06,2.19,D,0
52.28966,27.64684,331.88,0.41,0.37,2019-03-20,1100,N20,VIIRS,n,2,285.89,2.88,D,0
52.2738,30.52251,325.28,0.48,0.4,2019-03-20,1100,N20,VIIRS,n,2,278.92,3.41,D,0
52.27016,30.52353,335.33,0.48,0.4,2019-03-20,1100,N20,VIIRS,n,2,282.06,3.41,D,0
52.27306,30.51555,325.73,0.48,0.4,2019-03-20,1100,N20,VIIRS,n,2,281.39,4.75,D,0
52.47435,26.4292,338.93,0.39,0.36,2019-03-20,1100,N20,VIIRS,n,2,287.45,3.43,D,0
52.84531,29.99032,336.17,0.47,0.39,2019-03-20,1100,N20,VIIRS,n,2,286.94,5.58,D,2
52.45787,27.16095,328.48,0.4,0.37,2019-03-20,1100,N20,VIIRS,n,2,285.86,2.43,D,0
52.37969,26.77369,327.49,0.39,0.37,2019-03-20,1100,N20,VIIRS,n,2,286.49,2.02,D,0
52.23747,26.01204,329.25,0.39,0.36,2019-03-20,1100,N20,VIIRS,n,2,285.9,2.15,D,0
52.76716,25.69473,326.31,0.39,0.36,2019-03-20,1100,N20,VIIRS,n,2,282.01,1.54,D,0
53.29696,24.41565,347.9,0.38,0.36,2019-03-20,1100,N20,VIIRS,n,2,293.68,23.16,D,0
52.66342,26.55474,326.84,0.39,0.36,2019-03-20,1100,N20,VIIRS,n,2,285.71,2.01,D,0
54.26016,30.65417,326.12,0.39,0.37,2019-03-21,1041,N20,VIIRS,n,2,277.54,2.35,D,0
53.16331,28.76435,334.02,0.38,0.36,2019-03-21,1041,N20,VIIRS,n,2,282.94,1.94,D,0
52.79645,28.67238,325.59,0.39,0.36,2019-03-21,1041,N20,VIIRS,n,2,284.03,1.91,D,0
52.84618,29.99394,333.37,0.39,0.36,2019-03-21,1041,N20,VIIRS,n,2,279.18,9.47,D,2
52.3471,27.91782,341.39,0.39,0.36,2019-03-21,1041,N20,VIIRS,n,2,286.1,4.84,D,0
51.83229,28.89973,328.77,0.39,0.36,2019-03-21,1041,N20,VIIRS,n,2,280.47,1.87,D,0
51.81058,30.04993,330.78,0.38,0.36,2019-03-21,1041,N20,VIIRS,n,2,287.93,3.45,D,0
51.99,30.13036,330.94,0.44,0.38,2019-03-22,1022,N20,VIIRS,n,2,279.16,5.34,D,0
52.10753,29.19297,340.99,0.46,0.39,2019-03-22,1022,N20,VIIRS,n,2,284.1,5.94,D,0
52.111,29.19111,339.87,0.46,0.39,2019-03-22,1022,N20,VIIRS,n,2,287.41,5.94,D,0
52.11576,28.53005,329.83,0.49,0.4,2019-03-22,1022,N20,VIIRS,n,2,287.14,4.22,D,0
52.84502,29.99232,338.32,0.43,0.38,2019-03-22,1022,N20,VIIRS,n,2,285.27,6.75,D,2
51.98293,26.10532,336.9,0.39,0.44,2019-03-22,1022,N20,VIIRS,n,2,286.02,2.24,D,0
52.48424,26.50246,336.65,0.55,0.43,2019-03-22,1022,N20,VIIRS,n,2,287.84,3.99,D,0
51.98418,26.11072,341.7,0.39,0.44,2019-03-22,1022,N20,VIIRS,n,2,290.76,11.96,D,0
52.18853,27.25868,325.06,0.53,0.42,2019-03-22,1022,N20,VIIRS,n,2,284.82,3.24,D,0
52.03391,27.12228,325.96,0.54,0.42,2019-03-22,1022,N20,VIIRS,n,2,288.62,2.97,D,0
52.13744,27.65795,346.62,0.52,0.41,2019-03-22,1022,N20,VIIRS,n,2,289.47,8.87,D,0
52.13383,27.66003,333.57,0.52,0.41,2019-03-22,1022,N20,VIIRS,n,2,292.09,8.87,D,0
52.13488,27.68366,348.19,0.52,0.41,2019-03-22,1022,N20,VIIRS,n,2,291.13,7.29,D,0
52.12815,27.67136,326.64,0.52,0.41,2019-03-22,1022,N20,VIIRS,n,2,290.91,4.7,D,0
52.1261,27.68062,330.25,0.52,0.41,2019-03-22,1022,N20,VIIRS,n,2,290.24,4.29,D,0
52.42363,29.55519,330.5,0.45,0.39,2019-03-22,1022,N20,VIIRS,n,2,282.33,2.31,D,0
52.1187,28.1754,328.95,0.5,0.41,2019-03-22,1022,N20,VIIRS,n,2,288.27,3.37,D,0
52.11453,28.53018,329.55,0.49,0.4,2019-03-22,1022,N20,VIIRS,n,2,286.93,2.44,D,0
54.26051,30.65835,330.29,0.4,0.37,2019-03-22,1022,N20,VIIRS,n,2,278.42,3.03,D,0
53.16164,24.73262,328.96,0.41,0.45,2019-03-22,1022,N20,VIIRS,n,2,284.37,2.85,D,0
54.13888,28.47512,328.71,0.45,0.39,2019-03-22,1022,N20,VIIRS,n,2,282.66,3.23,D,0
54.13787,28.47493,329.55,0.45,0.39,2019-03-22,1022,N20,VIIRS,n,2,282.99,2.41,D,0
53.84717,25.83247,327.54,0.54,0.42,2019-03-22,1022,N20,VIIRS,n,2,283.73,6.98,D,0
53.85083,25.83011,329.52,0.54,0.42,2019-03-22,1022,N20,VIIRS,n,2,286.81,22.98,D,0
53.85273,25.81993,328.18,0.54,0.42,2019-03-22,1022,N20,VIIRS,n,2,285.25,22.98,D,0
53.85815,25.82535,333.27,0.54,0.42,2019-03-22,1022,N20,VIIRS,n,2,284.99,6.28,D,0
53.85638,25.81755,328.29,0.54,0.42,2019-03-22,1022,N20,VIIRS,n,2,285.45,6.28,D,0
51.74082,29.38992,336.53,0.46,0.39,2019-03-22,1022,N20,VIIRS,n,2,301.16,51.62,D,0
52.51596,26.88894,339.25,0.54,0.42,2019-03-22,1022,N20,VIIRS,n,2,285.83,6.88,D,0
53.15091,30.54561,332.44,0.42,0.37,2019-03-22,1022,N20,VIIRS,n,2,281.8,2.41,D,0
52.40833,25.40698,328.8,0.41,0.45,2019-03-22,1022,N20,VIIRS,n,2,285.68,3.08,D,0
52.41617,25.42138,337.53,0.41,0.45,2019-03-22,1022,N20,VIIRS,n,2,286.65,3.5,D,0
52.41484,25.41576,330.88,0.41,0.45,2019-03-22,1022,N20,VIIRS,n,2,287.11,6.82,D,0
52.41218,25.40452,340.22,0.41,0.45,2019-03-22,1022,N20,VIIRS,n,2,288.35,6.19,D,0
52.62537,26.0857,345.15,0.57,0.43,2019-03-22,1022,N20,VIIRS,n,2,290.46,11.76,D,0
52.62912,26.08337,344.93,0.57,0.43,2019-03-22,1022,N20,VIIRS,n,2,289.98,11.76,D,0
52.63287,26.08105,341.01,0.57,0.43,2019-03-22,1022,N20,VIIRS,n,2,291.66,8.19,D,0
52.63103,26.07312,330.94,0.57,0.43,2019-03-22,1022,N20,VIIRS,n,2,283.98,8.19,D,0
52.48509,26.41358,339.72,0.56,0.43,2019-03-22,1022,N20,VIIRS,n,2,290.58,6.01,D,0
52.57569,26.14364,333.05,0.57,0.43,2019-03-22,1022,N20,VIIRS,n,2,289.46,6.29,D,0
51.98682,30.13328,339.81,0.44,0.38,2019-03-22,1022,N20,VIIRS,n,2,280.9,6.28,D,0
51.99022,30.13154,332.39,0.44,0.38,2019-03-22,1022,N20,VIIRS,n,2,280.1,6.28,D,0
51.98661,30.13209,344.97,0.44,0.38,2019-03-22,1022,N20,VIIRS,n,2,282.51,5.34,D,0
53.35407,29.1417,332.44,0.44,0.39,2019-03-22,1022,N20,VIIRS,n,2,282.74,2.38,D,0
53.60268,30.33698,328.7,0.41,0.37,2019-03-22,1022,N20,VIIRS,n,2,280.21,2.21,D,0
52.73095,26.04813,327.78,0.57,0.43,2019-03-22,1022,N20,VIIRS,n,2,290.14,9.41,D,0
52.84108,25.84359,328.34,0.57,0.43,2019-03-22,1022,N20,VIIRS,n,2,285.37,9.69,D,0
52.83922,25.83553,328.44,0.57,0.43,2019-03-22,1022,N20,VIIRS,n,2,287.96,9.69,D,0
53.31131,27.37278,325.93,0.5,0.41,2019-03-22,1022,N20,VIIRS,n,2,286.18,3.04,D,0
52.2935,26.53678,331.36,0.56,0.43,2019-03-22,1022,N20,VIIRS,n,2,286.74,4.97,D,0
52.44537,27.95807,329.49,0.5,0.41,2019-03-22,1022,N20,VIIRS,n,2,288.34,15.55,D,0
52.44801,27.95815,328.25,0.5,0.41,2019-03-22,1022,N20,VIIRS,n,2,285.42,7,D,0
55.48326,28.60191,331.27,0.43,0.38,2019-03-22,1023,N20,VIIRS,n,2,282.41,12.97,D,0
55.40882,26.595,327.17,0.48,0.4,2019-03-22,1023,N20,VIIRS,n,2,281.69,2.95,D,0
54.41441,25.69763,333.93,0.53,0.42,2019-03-22,1023,N20,VIIRS,n,2,283.74,4.66,D,0
52.306,27.40676,327.64,0.52,0.67,2019-03-22,1203,N20,VIIRS,n,2,287.12,3.03,D,0
52.29752,27.41358,328.25,0.52,0.67,2019-03-22,1203,N20,VIIRS,n,2,287.16,4.34,D,0
52.30377,27.40581,331.28,0.52,0.67,2019-03-22,1203,N20,VIIRS,n,2,287.95,4.34,D,0
52.37307,28.39751,349.14,0.58,0.69,2019-03-22,1203,N20,VIIRS,n,2,285.86,6.82,D,0
52.11667,29.18392,326.53,0.62,0.72,2019-03-22,1203,N20,VIIRS,n,2,284.51,5.58,D,0
52.11001,29.18355,343.08,0.62,0.72,2019-03-22,1203,N20,VIIRS,n,2,286.67,5.58,D,0
52.10985,29.19291,327.15,0.62,0.72,2019-03-22,1203,N20,VIIRS,n,2,285.08,8.1,D,0
52.12018,29.18401,329.73,0.62,0.71,2019-03-22,1203,N20,VIIRS,n,2,284.75,6.9,D,0
52.41016,25.41463,335.31,0.43,0.62,2019-03-22,1203,N20,VIIRS,n,2,286,3.03,D,0
52.41005,25.40819,328.68,0.43,0.62,2019-03-22,1203,N20,VIIRS,n,2,285.87,4.59,D,0
52.40993,25.40174,339.63,0.43,0.62,2019-03-22,1203,N20,VIIRS,n,2,287.33,4.59,D,0
52.10675,29.19258,341.89,0.62,0.72,2019-03-22,1203,N20,VIIRS,n,2,284.2,11.66,D,0
52.63166,26.08811,332.79,0.46,0.64,2019-03-22,1203,N20,VIIRS,n,2,278.26,6.14,D,0
52.80477,27.63778,338.42,0.54,0.68,2019-03-22,1203,N20,VIIRS,n,2,283.57,3.89,D,0
51.85278,26.84583,330.77,0.49,0.65,2019-03-22,1203,N20,VIIRS,n,2,281.19,6.39,D,0
51.88417,28.88766,333.07,0.6,0.71,2019-03-22,1203,N20,VIIRS,n,2,284.38,5.14,D,0
52.01335,27.31913,350.88,0.52,0.67,2019-03-22,1203,N20,VIIRS,n,2,288.41,8.54,D,0
52.01186,27.32434,345.43,0.52,0.67,2019-03-22,1203,N20,VIIRS,n,2,286.02,11.16,D,0
52.41668,25.40772,333.63,0.43,0.62,2019-03-22,1203,N20,VIIRS,n,2,285.81,3.46,D,0
52.41579,25.40804,337.58,0.43,0.62,2019-03-22,1203,N20,VIIRS,n,2,286.19,4.57,D,0
52.44007,27.94196,354.66,0.55,0.68,2019-03-22,1203,N20,VIIRS,n,2,286.67,9.72,D,0
52.41101,25.41435,338.28,0.43,0.62,2019-03-22,1203,N20,VIIRS,n,2,286.41,4.28,D,0
52.41093,25.40789,330.71,0.43,0.62,2019-03-22,1203,N20,VIIRS,n,2,286.25,4.28,D,0
52.41085,25.40143,334.41,0.43,0.62,2019-03-22,1203,N20,VIIRS,n,2,286.9,6.44,D,0
52.50843,29.55471,330.3,0.65,0.73,2019-03-22,1203,N20,VIIRS,n,2,282.43,6.85,D,0
52.56936,26.13704,335.91,0.46,0.64,2019-03-22,1203,N20,VIIRS,n,2,278.56,4.13,D,0
52.57528,26.13697,335.08,0.46,0.64,2019-03-22,1203,N20,VIIRS,n,2,278.27,3.42,D,0
52.61628,26.0947,325.24,0.46,0.64,2019-03-22,1203,N20,VIIRS,n,2,278.81,4.37,D,0
52.62204,26.0807,356.63,0.46,0.64,2019-03-22,1203,N20,VIIRS,l,2,284.51,11.4,D,0
52.6281,26.09457,327.2,0.46,0.64,2019-03-22,1203,N20,VIIRS,n,2,278.67,15.6,D,0
52.62794,26.08066,347.07,0.46,0.64,2019-03-22,1203,N20,VIIRS,n,2,280.51,11.4,D,0
52.61398,26.09536,330.22,0.46,0.64,2019-03-22,1203,N20,VIIRS,n,2,278.52,2.35,D,0
52.16419,27.72866,330.44,0.54,0.68,2019-03-22,1203,N20,VIIRS,n,2,286.06,4.25,D,0
52.62571,26.08125,356.2,0.46,0.64,2019-03-22,1203,N20,VIIRS,l,2,281.24,22.15,D,0
52.27092,28.27352,344.33,0.57,0.69,2019-03-22,1203,N20,VIIRS,n,2,283.74,7.71,D,0
52.29978,27.4145,325.76,0.52,0.67,2019-03-22,1203,N20,VIIRS,n,2,287,4.06,D,0
52.3019,27.92368,330.48,0.39,0.36,2019-03-23,0014,N20,VIIRS,n,2,270.91,2.42,N,0
52.47776,27.68605,313.21,0.39,0.36,2019-03-23,0014,N20,VIIRS,n,2,271.03,1.19,N,0
52.44218,27.95132,295.59,0.39,0.36,2019-03-23,0014,N20,VIIRS,n,2,269,0.63,N,0
52.48432,27.66479,310.92,0.39,0.36,2019-03-23,0014,N20,VIIRS,n,2,270.13,1.04,N,0
52.48596,27.65351,299.89,0.39,0.36,2019-03-23,0014,N20,VIIRS,n,2,270.59,1.4,N,0
52.48514,27.65915,324.93,0.39,0.36,2019-03-23,0014,N20,VIIRS,n,2,271.41,1.4,N,0
53.27011,24.43993,305.56,0.45,0.39,2019-03-23,0014,N20,VIIRS,n,2,270.75,0.8,N,2
52.6044,30.25548,337.55,0.39,0.36,2019-03-23,0014,N20,VIIRS,n,2,274.11,4.31,N,0
52.84576,29.99384,297.2,0.39,0.36,2019-03-23,0014,N20,VIIRS,n,2,271.54,4.73,N,2
52.84668,29.98825,327.24,0.39,0.36,2019-03-23,0014,N20,VIIRS,n,2,274.56,4.73,N,2
52.8551,29.99796,296.1,0.39,0.36,2019-03-23,0014,N20,VIIRS,n,2,273.36,0.75,N,2
53.0065,29.62173,325.48,0.38,0.36,2019-03-23,0014,N20,VIIRS,n,2,271.33,2.24,N,0
53.01062,29.61757,336.99,0.38,0.36,2019-03-23,0014,N20,VIIRS,n,2,272.42,3.87,N,0
55.48553,28.60258,332.36,0.39,0.36,2019-03-23,0014,N20,VIIRS,n,2,274.95,7.9,N,0
52.1039,29.18106,306.24,0.38,0.36,2019-03-23,0014,N20,VIIRS,n,2,270.61,1.24,N,0
52.29864,27.92238,310.26,0.39,0.36,2019-03-23,0014,N20,VIIRS,n,2,269.73,0.89,N,0
52.12769,29.22638,295.32,0.38,0.36,2019-03-23,0014,N20,VIIRS,n,2,270.9,0.7,N,0
52.16837,27.73891,321.07,0.39,0.36,2019-03-23,0015,N20,VIIRS,n,2,269.71,2.07,N,0
51.47107,30.59465,300.75,0.4,0.37,2019-03-23,0015,N20,VIIRS,n,2,271.76,0.83,N,0
51.88857,29.33867,328.06,0.39,0.36,2019-03-23,0015,N20,VIIRS,n,2,273.09,2.59,N,2
52.03219,27.43108,299.75,0.39,0.36,2019-03-23,0015,N20,VIIRS,n,2,269.94,0.72,N,0
51.64236,29.21979,295.74,0.39,0.36,2019-03-23,0015,N20,VIIRS,n,2,270.51,0.41,N,0
51.47205,30.5891,299.65,0.4,0.37,2019-03-23,0015,N20,VIIRS,n,2,271.23,0.65,N,0
51.64147,29.22523,308.03,0.39,0.36,2019-03-23,0015,N20,VIIRS,n,2,271.9,0.98,N,0
55.4818,28.60074,350.23,0.59,0.7,2019-03-23,0153,N20,VIIRS,n,2,270.55,5.62,N,0
55.48715,28.60719,330.48,0.59,0.7,2019-03-23,0153,N20,VIIRS,n,2,269.64,3.55,N,0
55.48489,28.59306,296.85,0.59,0.7,2019-03-23,0153,N20,VIIRS,n,2,269.39,5.62,N,0
52.30161,27.93008,307.97,0.76,0.77,2019-03-23,0154,N20,VIIRS,n,2,268.37,2.56,N,0
55.48645,28.60215,367,0.59,0.7,2019-03-23,0154,N20,VIIRS,h,2,270.84,13.67,N,0
55.48339,28.60986,295.54,0.59,0.7,2019-03-23,0154,N20,VIIRS,n,2,270.12,8.19,N,0
53.49875,29.15062,302.11,0.74,0.76,2019-03-23,0154,N20,VIIRS,n,2,269.03,1.22,N,0
53.4983,29.15351,295.67,0.74,0.76,2019-03-23,0154,N20,VIIRS,n,2,269.28,1.42,N,0
52.48746,27.66192,299.27,0.73,0.76,2019-03-23,0154,N20,VIIRS,n,2,266.79,1.91,N,0
52.38519,27.3117,303.94,0.72,0.75,2019-03-23,0154,N20,VIIRS,n,2,268.87,1.53,N,0
52.30182,27.92424,298,0.76,0.77,2019-03-23,0154,N20,VIIRS,n,2,267.97,1.44,N,0
52.29792,27.93355,296.31,0.76,0.77,2019-03-23,0154,N20,VIIRS,n,2,266.14,1.44,N,0
51.47079,30.5957,340.44,0.41,0.45,2019-03-23,1003,N20,VIIRS,n,2,286.35,7.23,D,0
52.39428,26.12652,337.83,0.58,0.52,2019-03-23,1003,N20,VIIRS,n,2,286.12,14.93,D,0
52.39212,26.11877,330.34,0.58,0.52,2019-03-23,1003,N20,VIIRS,n,2,287.04,14.07,D,0
52.83731,25.93838,330.76,0.57,0.52,2019-03-23,1003,N20,VIIRS,n,2,283.45,2.91,D,0
52.79802,25.987,334.34,0.57,0.52,2019-03-23,1003,N20,VIIRS,n,2,283.34,7.42,D,0
52.80017,25.99474,336.9,0.57,0.52,2019-03-23,1003,N20,VIIRS,n,2,283.52,8.47,D,0
52.5405,25.45099,341.71,0.61,0.53,2019-03-23,1003,N20,VIIRS,n,2,287.58,6.02,D,0
51.8883,23.80503,334.64,0.37,0.58,2019-03-23,1003,N20,VIIRS,n,2,283.9,2.36,D,0
52.92758,27.60882,331.28,0.49,0.48,2019-03-23,1003,N20,VIIRS,n,2,283.45,5.71,D,0
52.92865,27.60843,339.57,0.49,0.48,2019-03-23,1003,N20,VIIRS,n,2,283.81,4.77,D,0
51.94854,24.44898,353.25,0.35,0.56,2019-03-23,1003,N20,VIIRS,n,2,289.42,4.88,D,0
51.85221,24.25124,333.85,0.36,0.57,2019-03-23,1003,N20,VIIRS,n,2,290.29,2.17,D,0
51.59193,27.38397,335,0.55,0.51,2019-03-23,1003,N20,VIIRS,n,2,287.5,3.48,D,0
52.48444,27.66684,326.66,0.5,0.49,2019-03-23,1003,N20,VIIRS,n,2,287.29,2.97,D,0
52.3833,27.30036,337.48,0.52,0.5,2019-03-23,1003,N20,VIIRS,n,2,280.56,6.06,D,0
52.8468,29.99045,352.23,0.4,0.44,2019-03-23,1003,N20,VIIRS,n,2,287.01,7.54,D,2
52.03376,27.09296,325.14,0.54,0.51,2019-03-23,1003,N20,VIIRS,n,2,285.56,5.75,D,0
52.03738,27.12524,331.52,0.54,0.51,2019-03-23,1003,N20,VIIRS,n,2,287.98,2.67,D,0
52.16764,27.74159,338.8,0.51,0.49,2019-03-23,1003,N20,VIIRS,n,2,289.28,8.21,D,0
52.14215,27.70209,342.67,0.51,0.49,2019-03-23,1003,N20,VIIRS,n,2,286.08,7.45,D,0
52.14052,27.70224,346.17,0.51,0.49,2019-03-23,1003,N20,VIIRS,n,2,287.1,7.77,D,0
51.83785,26.80398,338.11,0.57,0.52,2019-03-23,1003,N20,VIIRS,n,2,288.55,8.5,D,0
52.41177,29.15517,328.09,0.44,0.46,2019-03-23,1003,N20,VIIRS,n,2,285.56,3.4,D,0
53.39794,30.57988,351.8,0.56,0.43,2019-03-23,1003,N20,VIIRS,n,2,293.5,82.31,D,0
53.22947,29.48286,332.68,0.41,0.45,2019-03-23,1003,N20,VIIRS,n,2,282.41,3.07,D,0
52.00523,28.69285,354.84,0.47,0.48,2019-03-23,1003,N20,VIIRS,n,2,287.09,11.13,D,0
52.09835,29.17392,331.39,0.45,0.47,2019-03-23,1003,N20,VIIRS,n,2,287.33,2.82,D,0
51.60789,27.59634,330.37,0.54,0.5,2019-03-23,1003,N20,VIIRS,n,2,286.6,7.57,D,0
51.64452,29.22208,330.6,0.46,0.47,2019-03-23,1003,N20,VIIRS,n,2,285.36,3.21,D,0
51.83377,30.25419,336.12,0.42,0.45,2019-03-23,1003,N20,VIIRS,n,2,284.79,3.76,D,0
51.46946,30.59007,338,0.41,0.45,2019-03-23,1003,N20,VIIRS,n,2,283.75,3.62,D,0
53.17249,29.68754,327.78,0.4,0.44,2019-03-23,1003,N20,VIIRS,n,2,284.85,3.56,D,0
52.38362,27.3001,332.34,0.52,0.5,2019-03-23,1003,N20,VIIRS,n,2,280.32,5.1,D,0
54.32466,26.68548,339.38,0.48,0.48,2019-03-23,1004,N20,VIIRS,n,2,284.21,6.19,D,0
54.24791,26.37262,335.39,0.49,0.49,2019-03-23,1004,N20,VIIRS,n,2,287.02,7.86,D,0
54.32486,26.68556,338.94,0.48,0.48,2019-03-23,1004,N20,VIIRS,n,2,284.55,4.58,D,0
54.20346,26.61478,339.81,0.49,0.48,2019-03-23,1004,N20,VIIRS,n,2,285.05,16.97,D,0
53.72971,25.05338,332.43,0.57,0.52,2019-03-23,1004,N20,VIIRS,n,2,286.98,4.56,D,0
53.87523,25.74462,337.21,0.53,0.5,2019-03-23,1004,N20,VIIRS,n,2,284.26,5.49,D,0
54.70081,29.10454,332.2,0.38,0.44,2019-03-23,1004,N20,VIIRS,n,2,283.48,1.48,D,0
55.56527,28.361,329.52,0.39,0.44,2019-03-23,1004,N20,VIIRS,n,2,282.81,2.5,D,0
53.42284,28.13391,336.87,0.45,0.47,2019-03-23,1004,N20,VIIRS,n,2,284.14,4.14,D,0
53.02307,26.1692,342.38,0.55,0.51,2019-03-23,1004,N20,VIIRS,n,2,288.16,9.11,D,0
54.69977,29.10861,331.89,0.39,0.44,2019-03-23,1004,N20,VIIRS,n,2,282.2,1.39,D,0
53.31444,24.36605,325.76,0.63,0.54,2019-03-23,1004,N20,VIIRS,n,2,285.82,3.09,D,0
54.62978,29.32772,331.16,0.57,0.43,2019-03-23,1004,N20,VIIRS,n,2,281.21,6.67,D,0
54.62606,29.33031,344.89,0.57,0.43,2019-03-23,1004,N20,VIIRS,n,2,281.88,6.67,D,0
54.62684,29.32754,327.65,0.57,0.43,2019-03-23,1004,N20,VIIRS,n,2,281.69,6.33,D,0
54.62877,29.33583,328.5,0.57,0.43,2019-03-23,1004,N20,VIIRS,n,2,280.21,5.5,D,0
53.31231,24.36442,329.45,0.63,0.54,2019-03-23,1004,N20,VIIRS,n,2,287.22,3.15,D,0
54.48532,28.93094,337.09,0.4,0.44,2019-03-23,1004,N20,VIIRS,n,2,284.07,7.97,D,0
54.52801,30.42443,327.02,0.53,0.42,2019-03-23,1004,N20,VIIRS,n,2,284.66,3.15,D,0
53.30978,25.65763,326.73,0.56,0.52,2019-03-23,1004,N20,VIIRS,n,2,285.2,3.67,D,0
53.60521,27.71564,326.99,0.46,0.47,2019-03-23,1004,N20,VIIRS,n,2,284.35,2.19,D,0
53.02568,26.14983,334.63,0.55,0.51,2019-03-23,1004,N20,VIIRS,n,2,286.7,7.47,D,0
53.02137,26.15306,340.97,0.55,0.51,2019-03-23,1004,N20,VIIRS,n,2,286.16,7.47,D,0
53.02126,26.1714,337.59,0.55,0.51,2019-03-23,1004,N20,VIIRS,n,2,286.73,11.7,D,0
53.02326,26.15083,344.07,0.55,0.51,2019-03-23,1004,N20,VIIRS,n,2,287.91,11.69,D,0
52.83893,25.93933,326.33,0.57,0.52,2019-03-23,1004,N20,VIIRS,n,2,283.23,3.67,D,0
55.56367,28.36288,329.35,0.39,0.44,2019-03-23,1004,N20,VIIRS,n,2,282.75,3,D,0
54.24636,26.37376,337.74,0.49,0.49,2019-03-23,1004,N20,VIIRS,n,2,287.61,4.57,D,0
52.18002,26.98629,340.3,0.63,0.54,2019-03-23,1144,N20,VIIRS,n,2,288.38,8.03,D,0
51.64177,29.22651,333.85,0.39,0.59,2019-03-23,1144,N20,VIIRS,n,2,285.48,3.89,D,0
51.6417,29.22261,329.25,0.39,0.59,2019-03-23,1144,N20,VIIRS,n,2,285.72,3.1,D,0
51.80138,26.69693,338.46,0.6,0.53,2019-03-23,1144,N20,VIIRS,n,2,288.9,8.32,D,0
51.83635,26.80995,338.92,0.61,0.53,2019-03-23,1144,N20,VIIRS,n,2,289,11.58,D,0
51.83594,26.80095,338.16,0.61,0.53,2019-03-23,1144,N20,VIIRS,n,2,290.77,10.36,D,0
52.00337,27.08065,338.29,0.63,0.54,2019-03-23,1144,N20,VIIRS,n,2,288.25,6.21,D,0
52.0339,27.08686,340.81,0.63,0.54,2019-03-23,1144,N20,VIIRS,n,2,289.65,14,D,0
52.00715,26.28001,339.01,0.58,0.52,2019-03-23,1144,N20,VIIRS,n,2,291.98,7.5,D,0
52.00673,26.27142,345.65,0.58,0.52,2019-03-23,1144,N20,VIIRS,n,2,295.27,20.53,D,0
51.94379,24.45211,342.51,0.49,0.48,2019-03-23,1144,N20,VIIRS,n,2,293.91,16.19,D,0
51.94331,24.44496,346.28,0.49,0.48,2019-03-23,1144,N20,VIIRS,n,2,293.86,16.19,D,0
51.94126,24.44955,351.91,0.49,0.48,2019-03-23,1144,N20,VIIRS,n,2,294.48,12.39,D,0
51.94573,24.44884,339.38,0.49,0.48,2019-03-23,1144,N20,VIIRS,n,2,292.58,12.39,D,0
52.13716,27.70768,340.94,0.34,0.56,2019-03-23,1144,N20,VIIRS,n,2,283.13,2.81,D,0
52.13699,27.70271,346.58,0.34,0.56,2019-03-23,1144,N20,VIIRS,n,2,285.75,2.81,D,0
52.14233,27.70723,334.2,0.34,0.56,2019-03-23,1144,N20,VIIRS,n,2,282.15,2.81,D,0
52.14215,27.70226,327.75,0.34,0.56,2019-03-23,1144,N20,VIIRS,n,2,283.72,2.81,D,0
52.11988,27.11439,348.33,0.63,0.54,2019-03-23,1144,N20,VIIRS,n,2,287.14,11.87,D,0
52.15444,27.75636,329.43,0.34,0.56,2019-03-23,1144,N20,VIIRS,n,2,281.51,2.02,D,0
52.15963,27.75592,336,0.34,0.56,2019-03-23,1144,N20,VIIRS,n,2,282.14,3.11,D,0
52.24318,28.68897,367,0.37,0.58,2019-03-23,1144,N20,VIIRS,h,2,291.29,10.89,D,0
52.17938,26.97933,338.35,0.63,0.54,2019-03-23,1144,N20,VIIRS,n,2,288.98,11.08,D,0
52.24522,28.68754,367,0.37,0.58,2019-03-23,1144,N20,VIIRS,h,2,292.93,10.04,D,0
52.33545,26.32821,338.41,0.59,0.53,2019-03-23,1144,N20,VIIRS,n,2,289.7,8.38,D,0
52.38351,27.30497,332.68,0.32,0.55,2019-03-23,1144,N20,VIIRS,n,2,287.69,2.7,D,0
52.38332,27.30013,342.96,0.32,0.55,2019-03-23,1144,N20,VIIRS,n,2,287.82,2.7,D,0
52.4819,27.67028,329.06,0.34,0.56,2019-03-23,1144,N20,VIIRS,n,2,287.17,2.59,D,0
52.48708,27.66984,327.73,0.34,0.56,2019-03-23,1144,N20,VIIRS,n,2,286.14,2.59,D,0
52.49213,26.4717,326.84,0.6,0.53,2019-03-23,1144,N20,VIIRS,n,2,287.79,3.25,D,0
52.53995,25.4642,326.13,0.54,0.51,2019-03-23,1144,N20,VIIRS,n,2,288.55,2.84,D,0
52.53677,25.46366,332.3,0.54,0.51,2019-03-23,1144,N20,VIIRS,n,2,289.82,2.94,D,0
52.87418,30.57048,331.98,0.45,0.63,2019-03-23,1144,N20,VIIRS,n,2,280.81,5.61,D,0
52.87411,30.56379,342.34,0.45,0.63,2019-03-23,1144,N20,VIIRS,n,2,286.75,8.74,D,0
52.83401,25.93862,332.28,0.57,0.52,2019-03-23,1144,N20,VIIRS,n,2,284,1.96,D,0
52.83882,25.93803,348.39,0.57,0.52,2019-03-23,1144,N20,VIIRS,n,2,286.17,9.24,D,0
52.92065,27.61903,338.8,0.34,0.56,2019-03-23,1144,N20,VIIRS,n,2,285.36,3.34,D,0
52.92582,27.61861,346.88,0.34,0.56,2019-03-23,1144,N20,VIIRS,n,2,284.96,3.34,D,0
53.07616,29.43028,330.21,0.4,0.6,2019-03-23,1144,N20,VIIRS,n,2,278.16,3,D,0
52.93783,24.94824,344.71,0.52,0.5,2019-03-23,1144,N20,VIIRS,n,2,290.61,12.51,D,0
52.93676,24.94914,353.75,0.52,0.5,2019-03-23,1144,N20,VIIRS,n,2,290.56,12.95,D,0
53.05343,25.72242,344.88,0.56,0.52,2019-03-23,1144,N20,VIIRS,n,2,296.96,18.47,D,0
53.05821,25.72179,342.89,0.56,0.52,2019-03-23,1144,N20,VIIRS,n,2,292.55,11.37,D,0
53.32431,27.92902,337.23,0.35,0.57,2019-03-23,1144,N20,VIIRS,n,2,284.01,2.05,D,0
53.39142,27.26546,333.19,0.33,0.55,2019-03-23,1144,N20,VIIRS,n,2,288.82,2.84,D,0
53.56326,29.36282,331.46,0.4,0.6,2019-03-23,1144,N20,VIIRS,n,2,278.48,2.96,D,0
53.51796,26.88655,338.66,0.63,0.54,2019-03-23,1144,N20,VIIRS,n,2,286.81,6.74,D,0
53.523,26.88604,325.36,0.63,0.54,2019-03-23,1144,N20,VIIRS,n,2,285.06,3.59,D,0
53.58639,26.14451,336.91,0.59,0.53,2019-03-23,1144,N20,VIIRS,n,2,285.36,3.73,D,0
53.80754,27.62926,338.05,0.34,0.56,2019-03-23,1144,N20,VIIRS,n,2,286.02,2.87,D,0
53.82866,25.98009,327.16,0.59,0.52,2019-03-23,1144,N20,VIIRS,n,2,289.73,4.43,D,0
53.82663,25.98232,338.15,0.59,0.53,2019-03-23,1144,N20,VIIRS,n,2,290.32,7.12,D,0
53.90317,25.0666,338.14,0.54,0.51,2019-03-23,1144,N20,VIIRS,n,2,289.35,7.61,D,0
54.00644,25.505,332.85,0.56,0.52,2019-03-23,1144,N20,VIIRS,n,2,289.14,4.06,D,0
54.0064,25.50671,330.51,0.56,0.52,2019-03-23,1144,N20,VIIRS,n,2,288.38,4.86,D,0
54.30485,29.75619,336.46,0.42,0.61,2019-03-23,1144,N20,VIIRS,n,2,283.31,2.99,D,0
54.41207,27.17643,338.07,0.33,0.55,2019-03-23,1144,N20,VIIRS,n,2,288.14,2.66,D,0
54.49349,26.49483,332.16,0.62,0.54,2019-03-23,1144,N20,VIIRS,n,2,287.57,6.6,D,0
54.49345,26.49749,335.22,0.62,0.54,2019-03-23,1144,N20,VIIRS,n,2,286.65,3.55,D,0
54.63409,29.33836,342.73,0.41,0.6,2019-03-23,1144,N20,VIIRS,n,2,283.68,5.68,D,0
55.08817,29.19923,333.61,0.4,0.6,2019-03-23,1145,N20,VIIRS,n,2,283.35,4.5,D,0
55.08595,29.19701,348.07,0.4,0.6,2019-03-23,1145,N20,VIIRS,n,2,285.52,5.39,D,0
55.0794,30.24207,328.18,0.44,0.63,2019-03-23,1145,N20,VIIRS,n,2,283.76,2.53,D,0
55.27396,28.87032,343.17,0.39,0.59,2019-03-23,1145,N20,VIIRS,n,2,282.79,4.38,D,0
55.2731,28.87122,343.42,0.39,0.59,2019-03-23,1145,N20,VIIRS,n,2,281.87,4.25,D,0
55.08805,29.19284,341.21,0.4,0.6,2019-03-23,1145,N20,VIIRS,n,2,286.22,5.19,D,0
55.07842,30.24059,325.74,0.44,0.63,2019-03-23,1145,N20,VIIRS,n,2,283.69,2.5,D,0
51.49195,30.56689,301.83,0.41,0.37,2019-03-23,2356,N20,VIIRS,n,2,265.98,0.86,N,0
52.53154,26.69589,300.46,0.53,0.42,2019-03-23,2356,N20,VIIRS,n,2,267.58,0.65,N,0
52.57956,26.13039,304.87,0.56,0.43,2019-03-23,2356,N20,VIIRS,n,2,267.05,1.42,N,0
52.37495,26.78524,295.56,0.53,0.42,2019-03-23,2356,N20,VIIRS,n,2,269.37,1.25,N,0
55.48525,28.59998,351.49,0.41,0.61,2019-03-24,0135,N20,VIIRS,n,2,275.89,4.59,N,0
52.10659,28.80577,355.92,0.35,0.57,2019-03-24,0944,N20,VIIRS,l,2,281.62,10.54,D,0
52.10518,28.8011,350.9,0.35,0.57,2019-03-24,0944,N20,VIIRS,n,2,289.69,10.54,D,0
52.08665,26.42801,356.32,0.44,0.62,2019-03-24,0945,N20,VIIRS,l,2,289.51,9.81,D,0
52.09171,26.42354,340.86,0.44,0.62,2019-03-24,0945,N20,VIIRS,n,2,287.96,6,D,0
52.09679,26.41912,355.33,0.44,0.62,2019-03-24,0945,N20,VIIRS,n,2,285.81,6,D,0
52.10001,26.409,329.98,0.44,0.62,2019-03-24,0945,N20,VIIRS,n,2,284.76,3.25,D,0
52.39067,27.29366,339.04,0.4,0.6,2019-03-24,0945,N20,VIIRS,n,2,278.99,4.24,D,0
52.39182,27.29214,328.79,0.4,0.6,2019-03-24,0945,N20,VIIRS,n,2,278.86,1.29,D,0
52.12975,26.39091,330.06,0.44,0.62,2019-03-24,0945,N20,VIIRS,n,2,273.94,1.84,D,0
52.13482,26.38648,329.99,0.44,0.62,2019-03-24,0945,N20,VIIRS,n,2,272.02,3.46,D,0
52.13295,26.38081,336.02,0.44,0.62,2019-03-24,0945,N20,VIIRS,n,2,273.53,5.31,D,0
52.76699,26.76778,340.27,0.4,0.6,2019-03-24,0945,N20,VIIRS,n,2,281.59,4.64,D,0
53.16404,29.24904,351.89,0.63,0.54,2019-03-24,0945,N20,VIIRS,n,2,289.55,14.35,D,0
52.6312,26.25067,328.21,0.42,0.61,2019-03-24,0945,N20,VIIRS,n,2,282.34,2.6,D,0
53.00664,26.82271,352.26,0.39,0.59,2019-03-24,0945,N20,VIIRS,n,2,285.11,5.5,D,0
53.04039,25.77536,353.13,0.43,0.62,2019-03-24,0945,N20,VIIRS,n,2,284.71,16.88,D,0
53.04224,25.78095,356.29,0.43,0.62,2019-03-24,0945,N20,VIIRS,l,2,287.19,20.78,D,0
53.55943,26.23117,326.38,0.39,0.6,2019-03-24,0945,N20,VIIRS,n,2,283.48,2.03,D,0
54.94015,29.53044,331.39,0.54,0.5,2019-03-24,0945,N20,VIIRS,n,2,283.44,5.4,D,0
54.94436,29.52691,345.98,0.54,0.5,2019-03-24,0945,N20,VIIRS,n,2,285.07,5.4,D,0
53.92595,24.62364,356.41,0.44,0.62,2019-03-24,0945,N20,VIIRS,l,2,286.51,9.98,D,0
53.93093,24.61876,343.14,0.44,0.62,2019-03-24,0945,N20,VIIRS,n,2,285.42,4.95,D,0
55.31725,28.54367,334.53,0.56,0.52,2019-03-24,0945,N20,VIIRS,n,2,283.53,5.43,D,0
55.48442,28.5985,340.89,0.55,0.51,2019-03-24,0945,N20,VIIRS,n,2,280.22,14.69,D,0
51.86335,26.17637,330.87,0.46,0.63,2019-03-24,0945,N20,VIIRS,n,2,284.08,2.14,D,0
52.19135,27.10169,347.62,0.41,0.61,2019-03-24,0945,N20,VIIRS,n,2,287.7,4.77,D,0
52.14113,26.79718,339.09,0.39,0.44,2019-03-24,1125,N20,VIIRS,n,2,289.6,18.81,D,0
52.14065,26.79145,336.12,0.39,0.44,2019-03-24,1125,N20,VIIRS,n,2,294.66,18.81,D,0
52.1305,26.39345,331.76,0.57,0.43,2019-03-24,1125,N20,VIIRS,n,2,292.42,7.06,D,0
52.13256,26.39412,341.37,0.57,0.43,2019-03-24,1125,N20,VIIRS,n,2,292.06,6.72,D,0
52.28968,27.62831,337.54,0.42,0.45,2019-03-24,1125,N20,VIIRS,n,2,285.73,9.08,D,0
52.28921,27.62214,330.97,0.42,0.45,2019-03-24,1125,N20,VIIRS,n,2,288.06,12.66,D,0
52.28826,27.6097,336.73,0.42,0.45,2019-03-24,1125,N20,VIIRS,n,2,286.27,3.89,D,0
52.18945,26.30513,337.75,0.56,0.43,2019-03-24,1125,N20,VIIRS,n,2,290.6,11.91,D,0
52.1934,26.30422,337.65,0.56,0.43,2019-03-24,1125,N20,VIIRS,n,2,293.55,11.91,D,0
52.38891,27.87689,341.26,0.43,0.46,2019-03-24,1125,N20,VIIRS,n,2,292.49,11.21,D,0
52.31462,26.90917,344.98,0.4,0.44,2019-03-24,1125,N20,VIIRS,n,2,292.84,4.64,D,0
52.4049,27.86079,332.27,0.43,0.46,2019-03-24,1125,N20,VIIRS,n,2,285.78,2.47,D,0
52.3871,27.29408,331.2,0.41,0.45,2019-03-24,1125,N20,VIIRS,n,2,289.48,4.44,D,0
52.38662,27.288,332.76,0.41,0.45,2019-03-24,1125,N20,VIIRS,n,2,291.1,4.44,D,0
52.39171,27.29931,335.43,0.41,0.45,2019-03-24,1125,N20,VIIRS,n,2,288.75,3.47,D,0
52.39122,27.29323,353,0.41,0.45,2019-03-24,1125,N20,VIIRS,n,2,293.36,4.44,D,0
52.39074,27.28715,325.06,0.41,0.45,2019-03-24,1125,N20,VIIRS,n,2,290.31,4.44,D,0
52.4824,26.89574,331.67,0.4,0.44,2019-03-24,1125,N20,VIIRS,n,2,288.41,2.3,D,0
52.53434,26.83294,338.57,0.4,0.44,2019-03-24,1125,N20,VIIRS,n,2,289.93,2.5,D,0
52.53839,26.83206,328.12,0.4,0.44,2019-03-24,1125,N20,VIIRS,n,2,290.01,2.05,D,0
52.54197,26.82531,326.15,0.4,0.44,2019-03-24,1125,N20,VIIRS,n,2,290.27,2.05,D,0
52.61878,26.51164,333.59,0.39,0.44,2019-03-24,1125,N20,VIIRS,n,2,289.18,3.28,D,0
52.63734,26.25475,329.83,0.57,0.43,2019-03-24,1125,N20,VIIRS,n,2,288.55,5.32,D,0
52.69781,25.30011,329.85,0.52,0.42,2019-03-24,1125,N20,VIIRS,n,2,287.26,3.78,D,0
53.05793,25.68279,338.81,0.55,0.42,2019-03-24,1125,N20,VIIRS,n,2,288.3,5.03,D,0
53.26535,25.77619,355.01,0.55,0.43,2019-03-24,1125,N20,VIIRS,n,2,285.54,13.22,D,0
53.2643,25.7767,349.4,0.55,0.43,2019-03-24,1125,N20,VIIRS,n,2,285.7,11.19,D,0
53.95067,31.4698,332.45,0.63,0.54,2019-03-24,1125,N20,VIIRS,n,2,284.15,5.11,D,0
51.86914,30.10827,325.34,0.53,0.5,2019-03-24,1125,N20,VIIRS,n,2,285.62,2.47,D,0
51.84135,26.75424,341.65,0.39,0.44,2019-03-24,1125,N20,VIIRS,n,2,288.97,3.75,D,0
51.85223,26.83251,327.46,0.39,0.44,2019-03-24,1125,N20,VIIRS,n,2,291.34,1.66,D,0
51.87123,26.86085,328.8,0.39,0.44,2019-03-24,1125,N20,VIIRS,n,2,289.64,2.86,D,0
51.87526,26.85998,347.03,0.39,0.44,2019-03-24,1125,N20,VIIRS,n,2,291.02,4.72,D,0
51.90759,26.25201,330.79,0.56,0.43,2019-03-24,1125,N20,VIIRS,n,2,290.61,3.14,D,0
51.91041,26.25099,329.89,0.56,0.43,2019-03-24,1125,N20,VIIRS,n,2,290.29,5.7,D,0
52.10743,28.80222,333.32,0.47,0.48,2019-03-24,1125,N20,VIIRS,n,2,281.56,4.92,D,0
52.02515,26.88307,349.34,0.39,0.44,2019-03-24,1125,N20,VIIRS,n,2,289.95,5.53,D,0
52.04845,27.11483,342.6,0.4,0.44,2019-03-24,1125,N20,VIIRS,n,2,293.63,4.84,D,0
52.10844,27.71145,338.83,0.42,0.45,2019-03-24,1125,N20,VIIRS,n,2,292.69,13.19,D,0
52.10796,27.70523,330.66,0.42,0.45,2019-03-24,1125,N20,VIIRS,n,2,291.74,13.19,D,0
52.11248,27.65389,338.64,0.42,0.45,2019-03-24,1125,N20,VIIRS,n,2,290.94,9.01,D,0
52.11199,27.6477,345.85,0.42,0.45,2019-03-24,1125,N20,VIIRS,n,2,290.12,13.86,D,0
52.13436,27.55552,328.12,0.42,0.45,2019-03-24,1125,N20,VIIRS,n,2,293.99,3.98,D,0
52.13503,27.5534,325.08,0.42,0.45,2019-03-24,1125,N20,VIIRS,n,2,294.69,4.03,D,0
52.13456,27.54725,325.98,0.42,0.45,2019-03-24,1125,N20,VIIRS,n,2,290.81,3.76,D,0
52.13872,27.54641,339.25,0.42,0.45,2019-03-24,1125,N20,VIIRS,n,2,295.68,3.76,D,0
52.14335,27.55171,325.92,0.42,0.45,2019-03-24,1125,N20,VIIRS,n,2,291.13,3,D,0
52.14288,27.54557,330.41,0.42,0.45,2019-03-24,1125,N20,VIIRS,n,2,293.06,2.96,D,0
52.12326,27.29041,338.7,0.41,0.45,2019-03-24,1125,N20,VIIRS,n,2,292.19,5.31,D,0
52.14751,27.55088,333.47,0.42,0.45,2019-03-24,1125,N20,VIIRS,n,2,289.82,3,D,0
52.14704,27.54473,330.55,0.42,0.45,2019-03-24,1125,N20,VIIRS,n,2,290.01,2.96,D,0
51.92036,24.72376,332.66,0.49,0.4,2019-03-24,1125,N20,VIIRS,n,2,290.48,2.99,D,0
52.09378,26.52926,333.34,0.57,0.43,2019-03-24,1125,N20,VIIRS,n,2,289.74,5.63,D,0
52.08512,26.42904,340.06,0.57,0.43,2019-03-24,1125,N20,VIIRS,n,2,295.9,26.81,D,0
52.0844,26.42077,294.18,0.57,0.43,2019-03-24,1125,N20,VIIRS,l,2,301.86,26.81,D,0
52.08981,26.43646,328.35,0.57,0.43,2019-03-24,1125,N20,VIIRS,n,2,286.43,6.56,D,0
52.08908,26.42816,326.32,0.57,0.43,2019-03-24,1125,N20,VIIRS,n,2,293.63,26.81,D,0
52.08836,26.41988,338.81,0.57,0.43,2019-03-24,1125,N20,VIIRS,n,2,290.38,26.81,D,0
52.09305,26.42728,345.88,0.57,0.43,2019-03-24,1125,N20,VIIRS,n,2,291.86,18.44,D,0
52.09557,26.40979,332.9,0.57,0.43,2019-03-24,1125,N20,VIIRS,n,2,289.62,12.34,D,0
52.13259,26.7932,326.45,0.39,0.44,2019-03-24,1125,N20,VIIRS,n,2,288.37,11.29,D,0
52.09953,26.4089,338.65,0.57,0.43,2019-03-24,1125,N20,VIIRS,n,2,289.09,7.6,D,0
52.1371,26.79805,339.16,0.39,0.44,2019-03-24,1125,N20,VIIRS,n,2,293.64,11.29,D,0
52.13662,26.79232,355.63,0.39,0.44,2019-03-24,1125,N20,VIIRS,n,2,295.63,11.29,D,0
52.10423,26.41631,327.78,0.57,0.43,2019-03-24,1125,N20,VIIRS,n,2,288.78,4,D,0
53.79688,27.62239,327.06,0.44,0.46,2019-03-24,1125,N20,VIIRS,n,2,272.03,2.85,D,0
54.02186,29.65676,337.69,0.53,0.5,2019-03-24,1125,N20,VIIRS,n,2,289.84,15.33,D,0
54.44209,29.35379,337.62,0.52,0.5,2019-03-24,1125,N20,VIIRS,n,2,286.06,4.52,D,0
54.7509,29.03776,327.19,0.51,0.49,2019-03-24,1125,N20,VIIRS,n,2,284.43,4.69,D,0
55.19252,27.56367,339.71,0.45,0.47,2019-03-24,1126,N20,VIIRS,n,2,286.06,4.51,D,0
55.48497,28.60677,327.57,0.5,0.49,2019-03-24,1126,N20,VIIRS,n,2,280.19,6.54,D,0
55.48449,28.59884,332.9,0.5,0.49,2019-03-24,1126,N20,VIIRS,n,2,285.23,8.82,D,0
55.48557,28.59946,338.09,0.5,0.49,2019-03-24,1126,N20,VIIRS,n,2,286.56,16.76,D,0
55.4429,26.60386,350.19,0.42,0.45,2019-03-24,1126,N20,VIIRS,n,2,285.89,7.44,D,0
54.87768,29.58995,331.66,0.54,0.51,2019-03-24,1126,N20,VIIRS,n,2,280.15,3.22,D,0
55.09553,26.63144,336.92,0.42,0.45,2019-03-24,1126,N20,VIIRS,n,2,280.48,2.43,D,0
55.48611,28.59739,301.08,0.49,0.49,2019-03-24,2336,N20,VIIRS,n,2,266.74,1.09,N,0
52.84788,29.99285,309.71,0.41,0.45,2019-03-24,2337,N20,VIIRS,n,2,273.84,1.35,N,2
52.85197,29.9938,296.35,0.41,0.45,2019-03-24,2337,N20,VIIRS,n,2,273.78,1.35,N,2
55.48575,28.60511,333.55,0.56,0.52,2019-03-25,0116,N20,VIIRS,n,2,270.11,8.57,N,0
55.48807,28.59712,299.85,0.56,0.52,2019-03-25,0116,N20,VIIRS,n,2,265.66,8.57,N,0
52.84719,29.98917,305.84,0.39,0.59,2019-03-25,0117,N20,VIIRS,n,2,269.85,1.12,N,2
51.38348,30.5624,327.34,0.49,0.65,2019-03-25,0925,N20,VIIRS,n,2,284.53,3.61,D,0
52.69502,26.81989,354.28,0.6,0.7,2019-03-25,0926,N20,VIIRS,n,2,289.8,20.45,D,0
54.61548,30.37224,332.55,0.38,0.59,2019-03-25,0926,N20,VIIRS,n,2,275.38,3.14,D,0
54.89427,29.64203,341.14,0.39,0.59,2019-03-25,0926,N20,VIIRS,n,2,277.28,9.16,D,0
54.8877,29.64138,337.44,0.39,0.59,2019-03-25,0926,N20,VIIRS,n,2,278.81,8.49,D,0
51.38622,30.55916,328.56,0.49,0.65,2019-03-25,0926,N20,VIIRS,n,2,284.2,4.84,D,0
51.47731,30.58467,333.54,0.48,0.65,2019-03-25,0926,N20,VIIRS,n,2,276.02,6.52,D,0
51.88867,29.33792,325.47,0.52,0.67,2019-03-25,0926,N20,VIIRS,n,2,282.95,3.89,D,2
51.87807,26.85817,333.12,0.64,0.72,2019-03-25,0926,N20,VIIRS,n,2,283.74,7.29,D,0
51.87505,26.85472,338.75,0.64,0.72,2019-03-25,0926,N20,VIIRS,n,2,284.24,6.83,D,0
51.8799,26.55865,337.33,0.66,0.73,2019-03-25,0926,N20,VIIRS,n,2,286.94,11.38,D,0
51.87807,26.56261,330.2,0.66,0.73,2019-03-25,0926,N20,VIIRS,n,2,286.42,4.87,D,0
51.88388,26.55699,336.05,0.66,0.73,2019-03-25,0926,N20,VIIRS,n,2,283.09,4.87,D,0
53.8348,31.63325,327.52,0.36,0.58,2019-03-25,0926,N20,VIIRS,n,2,271.82,3.51,D,0
52.10859,26.46478,341.31,0.65,0.73,2019-03-25,0926,N20,VIIRS,n,2,285.79,6.52,D,0
52.69239,26.83327,356.27,0.6,0.7,2019-03-25,0926,N20,VIIRS,l,2,281.75,13.4,D,0
52.6979,26.82752,350.25,0.6,0.7,2019-03-25,0926,N20,VIIRS,n,2,281.48,20.45,D,0
54.8925,29.63667,355.92,0.39,0.59,2019-03-25,0926,N20,VIIRS,l,2,281.59,8.49,D,0
52.0123,24.93858,337.26,0.39,0.36,2019-03-25,1106,N20,VIIRS,n,2,273.4,5.86,D,0
53.4969,26.12576,329.3,0.42,0.37,2019-03-25,1106,N20,VIIRS,n,2,283.34,4.16,D,0
53.49351,26.12696,328.49,0.42,0.37,2019-03-25,1106,N20,VIIRS,n,2,283.98,4.16,D,0
51.96246,23.75481,340.1,0.38,0.36,2019-03-25,1106,N20,VIIRS,n,2,280.05,7.85,D,0
51.95921,23.7561,326.09,0.38,0.36,2019-03-25,1106,N20,VIIRS,n,2,273.93,1.75,D,0
51.93641,23.74188,342.03,0.38,0.36,2019-03-25,1106,N20,VIIRS,n,2,273.52,5.84,D,0
51.88141,26.56101,336.43,0.41,0.37,2019-03-25,1106,N20,VIIRS,n,2,285.92,4.55,D,0
51.88335,26.8588,332.72,0.42,0.37,2019-03-25,1106,N20,VIIRS,n,2,281.44,3.79,D,0
51.85154,26.82097,333.08,0.42,0.37,2019-03-25,1106,N20,VIIRS,n,2,282.97,3.21,D,0
51.84211,26.7742,330.72,0.42,0.37,2019-03-25,1106,N20,VIIRS,n,2,284.45,4.35,D,0
55.48407,28.6026,341.06,0.51,0.41,2019-03-25,1107,N20,VIIRS,n,2,285.12,25.46,D,0
54.88406,29.63425,334.82,0.54,0.42,2019-03-25,1107,N20,VIIRS,n,2,281.63,7.41,D,0
54.88328,29.62588,326.78,0.54,0.42,2019-03-25,1107,N20,VIIRS,n,2,283.06,7.41,D,0
54.88464,29.63533,330.83,0.54,0.42,2019-03-25,1107,N20,VIIRS,n,2,277.81,7.3,D,0
54.8839,29.62694,327.5,0.54,0.42,2019-03-25,1107,N20,VIIRS,n,2,283.91,11.62,D,0
55.16982,29.28568,327.54,0.53,0.42,2019-03-25,1107,N20,VIIRS,n,2,281.74,3.72,D,0
55.43681,28.59201,340.43,0.5,0.41,2019-03-25,1107,N20,VIIRS,n,2,284.21,5.36,D,0
52.84866,29.9941,319.13,0.63,0.54,2019-03-25,2318,N20,VIIRS,n,2,266.54,3.27,N,2
51.889,29.33619,300.9,0.33,0.56,2019-03-25,2318,N20,VIIRS,n,2,265.72,0.52,N,2
52.84777,29.99143,330.85,0.64,0.54,2019-03-25,2318,N20,VIIRS,n,2,266.56,5,N,2
51.87956,26.84415,318.12,0.42,0.45,2019-03-26,0058,N20,VIIRS,n,2,270.39,1.63,N,0
52.35973,26.3678,305.5,0.39,0.44,2019-03-26,0058,N20,VIIRS,n,2,270.77,0.67,N,0
52.85977,26.22424,297.12,0.56,0.43,2019-03-26,0058,N20,VIIRS,n,2,270.15,0.84,N,0
52.1119,26.44706,301.34,0.4,0.44,2019-03-26,0058,N20,VIIRS,n,2,270.09,1.06,N,0
52.84763,29.9881,329.21,0.4,0.37,2019-03-26,1047,N20,VIIRS,n,2,280.59,5.47,D,2
53.53498,28.03655,328.04,0.38,0.36,2019-03-26,1047,N20,VIIRS,n,2,273.61,2.44,D,0
53.24208,25.13435,347.24,0.4,0.37,2019-03-26,1047,N20,VIIRS,n,2,272.01,5.99,D,0
53.76462,30.34568,331.79,0.41,0.37,2019-03-26,1047,N20,VIIRS,n,2,274.45,2.64,D,0
51.93387,26.99357,328.67,0.39,0.36,2019-03-26,1047,N20,VIIRS,n,2,273.53,2.84,D,0
52.49853,29.3737,343.66,0.39,0.36,2019-03-26,1047,N20,VIIRS,n,2,281.96,5.61,D,0
55.48673,28.598,337.28,0.58,0.7,2019-03-26,2258,N20,VIIRS,n,2,269.17,4.21,N,0
51.8438,30.43859,329.99,0.4,0.37,2019-03-27,1028,N20,VIIRS,n,2,278.66,2.32,D,0
52.79051,28.65622,333.79,0.43,0.38,2019-03-27,1028,N20,VIIRS,n,2,283.92,3.32,D,0
51.95375,30.41092,330.31,0.4,0.37,2019-03-27,1028,N20,VIIRS,n,2,283.81,3.97,D,0
51.88162,29.81361,340.55,0.41,0.37,2019-03-27,1028,N20,VIIRS,n,2,273.36,6.56,D,0
54.8219,30.11343,328.18,0.39,0.36,2019-03-27,1029,N20,VIIRS,n,2,277.21,2.25,D,0
55.48558,28.60224,328.18,0.4,0.37,2019-03-27,1029,N20,VIIRS,n,2,279.84,6.84,D,0
54.59071,29.10994,343.94,0.4,0.37,2019-03-27,1029,N20,VIIRS,n,2,284.5,13.1,D,0
54.25225,28.53172,328.57,0.41,0.37,2019-03-27,1029,N20,VIIRS,n,2,282.07,3.19,D,0
54.19769,28.39318,329.54,0.41,0.37,2019-03-27,1029,N20,VIIRS,n,2,283.84,5.58,D,0
54.55827,30.76693,329.68,0.39,0.36,2019-03-27,1029,N20,VIIRS,n,2,280.47,2.27,D,0
54.66894,29.30318,328.27,0.4,0.37,2019-03-27,1029,N20,VIIRS,n,2,283.91,3.11,D,0
54.854,29.6463,330.47,0.39,0.36,2019-03-27,1029,N20,VIIRS,n,2,279.92,2.87,D,0
55.48699,28.6006,299.42,0.38,0.36,2019-03-28,0020,N20,VIIRS,n,2,268.79,0.87,N,0
51.89041,29.33905,322.07,0.4,0.37,2019-03-28,0021,N20,VIIRS,n,2,270.63,1.73,N,2
52.84738,29.9892,319.85,0.4,0.37,2019-03-28,0021,N20,VIIRS,n,2,274,12.71,N,2
55.4879,28.59958,349.78,0.66,0.73,2019-03-28,0200,N20,VIIRS,n,2,264.38,14.36,N,0
55.48433,28.60805,351.71,0.66,0.73,2019-03-28,0200,N20,VIIRS,n,2,268.41,15.37,N,0
51.71462,30.62956,332.11,0.54,0.42,2019-03-28,1009,N20,VIIRS,n,2,282.62,3.01,D,0
52.4952,30.12468,326.13,0.53,0.42,2019-03-28,1009,N20,VIIRS,n,2,283.38,3.27,D,0
52.84458,29.99179,331.21,0.53,0.42,2019-03-28,1009,N20,VIIRS,n,2,289.03,10.29,D,2
53.33899,32.0633,331.18,0.45,0.39,2019-03-28,1009,N20,VIIRS,n,2,284.77,4.67,D,0
52.54808,28.73578,330.35,0.4,0.44,2019-03-28,1009,N20,VIIRS,n,2,276.88,2.94,D,0
52.83696,30.01324,343.32,0.53,0.42,2019-03-28,1009,N20,VIIRS,n,2,283.69,7.72,D,0
52.97371,30.88787,326.24,0.49,0.41,2019-03-28,1009,N20,VIIRS,n,2,284.62,2.71,D,0
53.72926,31.35144,330.67,0.46,0.39,2019-03-28,1010,N20,VIIRS,n,2,285.37,3.46,D,0
54.41628,30.36604,329.54,0.48,0.4,2019-03-28,1010,N20,VIIRS,n,2,279.77,3.2,D,0
53.70141,27.89735,340.23,0.4,0.44,2019-03-28,1010,N20,VIIRS,n,2,283.65,3.24,D,0
53.65813,28.07032,325.89,0.39,0.44,2019-03-28,1010,N20,VIIRS,n,2,280.66,2.84,D,0
53.4493,27.39949,337.43,0.42,0.45,2019-03-28,1010,N20,VIIRS,n,2,280.81,2.98,D,0
55.21541,29.02051,330.93,0.5,0.41,2019-03-28,1010,N20,VIIRS,n,2,280.08,6.78,D,0
55.02983,29.23623,333.74,0.5,0.41,2019-03-28,1010,N20,VIIRS,n,2,280.57,4.3,D,0
55.0263,29.23857,333.01,0.5,0.41,2019-03-28,1010,N20,VIIRS,n,2,279.34,4.3,D,0
55.02892,29.23661,347.14,0.5,0.41,2019-03-28,1010,N20,VIIRS,n,2,281.72,7.08,D,0
54.75973,29.23532,325.25,0.51,0.41,2019-03-28,1010,N20,VIIRS,n,2,282.99,2.14,D,0
54.94668,30.18451,326.22,0.47,0.4,2019-03-28,1010,N20,VIIRS,n,2,281.87,3.32,D,0
54.46302,28.30614,334.61,0.55,0.43,2019-03-28,1010,N20,VIIRS,n,2,287.17,6.35,D,0
54.46237,28.30482,334.96,0.55,0.43,2019-03-28,1010,N20,VIIRS,n,2,286.48,4.92,D,0
55.0238,30.96466,328.04,0.45,0.39,2019-03-28,1010,N20,VIIRS,n,2,282.5,3.29,D,0
54.60947,30.37186,335.37,0.47,0.4,2019-03-28,1010,N20,VIIRS,n,2,284.78,5.53,D,0
54.606,30.37401,329.18,0.47,0.4,2019-03-28,1010,N20,VIIRS,n,2,282.84,2.99,D,0
54.56842,30.32622,327.17,0.48,0.4,2019-03-28,1010,N20,VIIRS,n,2,280.22,2.81,D,0
54.5688,30.32627,327.49,0.48,0.4,2019-03-28,1010,N20,VIIRS,n,2,280.49,7.24,D,0
53.88778,30.36469,332.93,0.49,0.4,2019-03-28,1010,N20,VIIRS,n,2,285.44,2.7,D,0
53.83887,30.26592,327.74,0.5,0.41,2019-03-28,1010,N20,VIIRS,n,2,284.07,2.06,D,0
53.93715,31.43179,328.57,0.46,0.39,2019-03-28,1010,N20,VIIRS,n,2,284.26,2.98,D,0
53.67048,31.197,345.48,0.47,0.4,2019-03-28,1010,N20,VIIRS,n,2,288.5,6.35,D,0
53.67188,31.20375,327.91,0.47,0.4,2019-03-28,1010,N20,VIIRS,n,2,281.74,6.35,D,0
53.66841,31.20577,327.94,0.47,0.4,2019-03-28,1010,N20,VIIRS,n,2,282.17,7.75,D,0
53.5663,30.97618,329.94,0.48,0.4,2019-03-28,1010,N20,VIIRS,n,2,281.02,5.95,D,0
53.56772,30.98304,332.3,0.48,0.4,2019-03-28,1010,N20,VIIRS,n,2,282.36,5.95,D,0
53.71093,31.70541,331.21,0.45,0.39,2019-03-28,1010,N20,VIIRS,n,2,284.17,3.1,D,0
53.70751,31.70737,331.59,0.45,0.39,2019-03-28,1010,N20,VIIRS,n,2,283.77,3.1,D,0
53.04083,29.04858,333.58,0.56,0.43,2019-03-28,1010,N20,VIIRS,n,2,288.14,4.87,D,0
53.17307,29.69014,327.52,0.53,0.42,2019-03-28,1010,N20,VIIRS,n,2,287.96,7.1,D,0
53.32179,31.26521,327.49,0.47,0.4,2019-03-28,1010,N20,VIIRS,n,2,286.95,2.99,D,0
53.29356,31.58246,333.34,0.46,0.39,2019-03-28,1010,N20,VIIRS,n,2,285.08,3.86,D,0
53.2901,31.58444,338.41,0.46,0.39,2019-03-28,1010,N20,VIIRS,n,2,284.92,3.86,D,0
53.34112,32.06117,334.52,0.45,0.39,2019-03-28,1010,N20,VIIRS,n,2,284.45,4.53,D,0
53.52219,27.86694,340.19,0.41,0.6,2019-03-28,1150,N20,VIIRS,n,2,280.04,6.02,D,0
53.60079,26.54459,339.42,0.36,0.57,2019-03-28,1150,N20,VIIRS,n,2,287.3,4.85,D,0
52.86649,28.47775,353.79,0.43,0.62,2019-03-28,1150,N20,VIIRS,n,2,285.34,5.98,D,0
53.03529,29.05104,353.81,0.45,0.63,2019-03-28,1150,N20,VIIRS,n,2,286.22,9.3,D,0
53.16786,31.16014,342.6,0.56,0.68,2019-03-28,1150,N20,VIIRS,n,2,283.17,8.09,D,0
53.16921,31.15975,345.73,0.56,0.69,2019-03-28,1150,N20,VIIRS,n,2,283.79,6.44,D,0
51.3827,30.48635,330.07,0.51,0.66,2019-03-28,1150,N20,VIIRS,n,2,282.18,2.56,D,0
54.6228,31.11147,326.3,0.56,0.69,2019-03-28,1151,N20,VIIRS,n,2,277.87,3.15,D,0
54.59217,30.98667,333.22,0.55,0.68,2019-03-28,1151,N20,VIIRS,n,2,279.89,6.18,D,0
54.59226,30.9779,339.93,0.55,0.68,2019-03-28,1151,N20,VIIRS,n,2,281.23,6.65,D,0
54.27003,28.84548,338.31,0.45,0.63,2019-03-28,1151,N20,VIIRS,n,2,283.84,3.46,D,0
53.27153,24.44189,297.79,0.57,0.43,2019-03-29,0002,N20,VIIRS,n,2,268.1,1.32,N,2
53.27274,24.44134,305.13,0.38,0.43,2019-03-29,0002,N20,VIIRS,n,2,269.66,0.83,N,2
53.66207,29.25333,336.3,0.53,0.5,2019-03-29,0951,N20,VIIRS,n,2,284.35,4.23,D,0
52.98704,29.56614,325.94,0.54,0.51,2019-03-29,0951,N20,VIIRS,n,2,283.12,4.57,D,0
52.98501,29.55879,337.34,0.54,0.51,2019-03-29,0951,N20,VIIRS,n,2,285.9,4.57,D,0
53.33733,30.66739,326.51,0.48,0.48,2019-03-29,0951,N20,VIIRS,n,2,284.58,2.33,D,0
52.81578,28.02069,334.27,0.63,0.54,2019-03-29,0951,N20,VIIRS,n,2,283.75,7.39,D,0
52.8133,28.01224,336.62,0.63,0.54,2019-03-29,0951,N20,VIIRS,n,2,285.69,9.19,D,0
53.01039,27.57033,330.09,0.32,0.55,2019-03-29,0951,N20,VIIRS,n,2,283.65,5.24,D,0
52.98815,29.56483,335.84,0.54,0.51,2019-03-29,0951,N20,VIIRS,n,2,284.25,4.2,D,0
53.11884,30.83429,332.98,0.48,0.48,2019-03-29,0951,N20,VIIRS,n,2,284.3,4.24,D,0
53.26556,31.40361,326.93,0.45,0.47,2019-03-29,0951,N20,VIIRS,n,2,285.66,3.45,D,0
52.84499,29.99563,332.82,0.53,0.5,2019-03-29,0951,N20,VIIRS,n,2,285.94,5.31,D,2
51.89594,26.91533,327.37,0.37,0.58,2019-03-29,0951,N20,VIIRS,n,2,281.35,4.8,D,0
51.89745,26.92019,327.85,0.37,0.58,2019-03-29,0951,N20,VIIRS,n,2,280.1,3.73,D,0
53.01166,27.57468,356.5,0.32,0.55,2019-03-29,0951,N20,VIIRS,l,2,288.25,5.24,D,0
53.01302,27.57719,340.8,0.32,0.55,2019-03-29,0951,N20,VIIRS,n,2,282.88,5.13,D,0
53.01174,27.57287,356.08,0.32,0.55,2019-03-29,0951,N20,VIIRS,l,2,286.35,5.13,D,0
53.65412,29.69404,330.41,0.51,0.49,2019-03-29,0951,N20,VIIRS,n,2,283.33,4.64,D,0
53.65221,29.68692,325.75,0.51,0.49,2019-03-29,0951,N20,VIIRS,n,2,286.61,5.16,D,0
54.02665,31.06931,337.21,0.44,0.46,2019-03-29,0951,N20,VIIRS,n,2,283.37,8.23,D,0
54.46307,30.20829,331.12,0.46,0.47,2019-03-29,0951,N20,VIIRS,n,2,288.05,5.23,D,0
54.57315,30.61733,334.05,0.44,0.46,2019-03-29,0951,N20,VIIRS,n,2,284.67,3.25,D,0
54.23638,28.92319,325.88,0.52,0.5,2019-03-29,0951,N20,VIIRS,n,2,283.7,3.83,D,0
54.23684,28.92334,338.62,0.52,0.5,2019-03-29,0951,N20,VIIRS,n,2,284.87,5.61,D,0
52.71586,30.93109,338.98,0.34,0.56,2019-03-29,1131,N20,VIIRS,n,2,282.84,2.75,D,0
53.20023,31.66034,349.87,0.37,0.58,2019-03-29,1131,N20,VIIRS,n,2,277.55,5.95,D,0
53.50896,28.17839,352.68,0.53,0.5,2019-03-29,1131,N20,VIIRS,n,2,284.4,18.7,D,0
52.84573,29.99276,334.14,0.62,0.54,2019-03-29,1131,N20,VIIRS,n,2,288.26,4.64,D,2
52.78273,30.30307,341.79,0.32,0.55,2019-03-29,1131,N20,VIIRS,n,2,286.52,3.85,D,0
52.35213,27.18457,336.75,0.47,0.48,2019-03-29,1131,N20,VIIRS,n,2,287.99,4.54,D,0
52.06678,29.26197,338.34,0.57,0.52,2019-03-29,1131,N20,VIIRS,n,2,285.88,6.92,D,0
52.06196,29.26256,339.15,0.57,0.52,2019-03-29,1131,N20,VIIRS,n,2,286.85,8.5,D,0
52.0629,29.26317,338.89,0.57,0.52,2019-03-29,1131,N20,VIIRS,n,2,288.26,10.72,D,0
51.88886,29.34332,349.73,0.57,0.52,2019-03-29,1131,N20,VIIRS,n,2,287.45,26.47,D,2
51.81314,30.43757,344.26,0.32,0.55,2019-03-29,1131,N20,VIIRS,n,2,288.07,3.65,D,0
51.71367,30.48988,353.9,0.32,0.55,2019-03-29,1131,N20,VIIRS,n,2,291.03,6.83,D,0
51.7086,30.49039,346.4,0.32,0.55,2019-03-29,1131,N20,VIIRS,n,2,285.39,6.83,D,0
51.571,30.52638,337.13,0.32,0.55,2019-03-29,1131,N20,VIIRS,n,2,286.21,2.85,D,0
51.71023,30.49253,367,0.32,0.55,2019-03-29,1131,N20,VIIRS,h,2,291.55,9.75,D,0
51.70879,30.49515,329.99,0.32,0.55,2019-03-29,1131,N20,VIIRS,n,2,285.05,6.83,D,0
51.71002,30.48778,326.4,0.32,0.55,2019-03-29,1131,N20,VIIRS,n,2,283.21,9.75,D,0
53.06041,31.20107,337.5,0.35,0.57,2019-03-29,1131,N20,VIIRS,n,2,284.44,3.21,D,0
52.84537,29.9938,338.41,0.62,0.54,2019-03-29,1131,N20,VIIRS,n,2,287.63,7.89,D,2
55.4847,28.60157,326.32,0.43,0.46,2019-03-29,2342,N20,VIIRS,n,2,272.98,3.21,N,0
54.88651,29.58296,297.41,0.39,0.44,2019-03-29,2342,N20,VIIRS,n,2,275.42,1.14,N,0
54.34008,31.11964,299.31,0.51,0.41,2019-03-29,2342,N20,VIIRS,n,2,274.77,0.93,N,0
52.4531,28.54735,306.2,0.4,0.44,2019-03-29,2343,N20,VIIRS,n,2,275.21,0.89,N,0
51.88998,29.33872,306.1,0.55,0.42,2019-03-29,2343,N20,VIIRS,n,2,273.37,1.85,N,2
51.89387,29.33971,310.52,0.55,0.42,2019-03-29,2343,N20,VIIRS,n,2,274.67,1.94,N,2
52.84576,29.9915,326.45,0.53,0.42,2019-03-29,2343,N20,VIIRS,n,2,276.45,4.9,N,2
54.88611,29.58144,295.93,0.36,0.58,2019-03-30,0122,N20,VIIRS,n,2,273.81,0.83,N,0
55.48295,28.60306,339.09,0.32,0.55,2019-03-30,0122,N20,VIIRS,n,2,276.12,6.73,N,0
55.48432,28.59857,367,0.32,0.55,2019-03-30,0122,N20,VIIRS,h,2,275.94,7.49,N,0
54.8845,29.58643,307.62,0.36,0.58,2019-03-30,0122,N20,VIIRS,n,2,274.34,0.83,N,0
51.8935,29.34209,367,0.46,0.63,2019-03-30,0123,N20,VIIRS,h,2,266.56,3.82,N,2
52.44781,27.7536,304.56,0.38,0.59,2019-03-30,0123,N20,VIIRS,n,2,274.66,0.78,N,0
51.89121,29.34796,310.49,0.46,0.63,2019-03-30,0123,N20,VIIRS,n,2,269,7.16,N,2
51.89151,29.34794,298.45,0.46,0.63,2019-03-30,0123,N20,VIIRS,n,2,270.17,3.82,N,2
51.88799,29.33762,302.13,0.46,0.63,2019-03-30,0123,N20,VIIRS,n,2,267.51,5.02,N,2
51.88832,29.33764,315.62,0.46,0.63,2019-03-30,0123,N20,VIIRS,n,2,267.29,3.82,N,2
51.89317,29.34208,367,0.46,0.63,2019-03-30,0123,N20,VIIRS,h,2,267.65,5.02,N,2
52.846,29.99181,339.48,0.4,0.6,2019-03-30,0932,N20,VIIRS,n,2,293.15,4.77,D,2
53.27308,31.34844,355.42,0.34,0.56,2019-03-30,0932,N20,VIIRS,n,2,293.42,7.94,D,0
53.27169,31.34382,332.02,0.34,0.56,2019-03-30,0932,N20,VIIRS,n,2,291.24,3.75,D,0
53.62423,31.28853,345.62,0.33,0.56,2019-03-30,0932,N20,VIIRS,n,2,290.58,4.16,D,0
52.06722,26.55666,325.61,0.57,0.69,2019-03-30,0932,N20,VIIRS,n,2,288.42,2.94,D,0
53.77477,31.64089,328.23,0.32,0.55,2019-03-30,0932,N20,VIIRS,n,2,289.09,2.43,D,0
53.77348,31.63656,334.13,0.32,0.55,2019-03-30,0932,N20,VIIRS,n,2,288.96,2.43,D,0
53.79537,31.63411,328.37,0.32,0.55,2019-03-30,0932,N20,VIIRS,n,2,288.06,2.45,D,0
52.83624,28.58654,351.26,0.45,0.63,2019-03-30,0932,N20,VIIRS,n,2,290.09,7.73,D,0
53.60083,30.09694,344,0.37,0.58,2019-03-30,0932,N20,VIIRS,n,2,292.16,4.04,D,0
53.58504,29.8019,329.95,0.38,0.59,2019-03-30,0932,N20,VIIRS,n,2,286.37,2.39,D,0
54.3364,31.12034,333.49,0.32,0.55,2019-03-30,0932,N20,VIIRS,n,2,287.17,2.15,D,0
53.32043,27.93702,331.44,0.45,0.63,2019-03-30,0932,N20,VIIRS,n,2,286.71,4.69,D,0
54.42598,31.09776,367,0.32,0.54,2019-03-30,0932,N20,VIIRS,h,2,292.11,23.37,D,0
54.42471,31.09345,352.13,0.32,0.54,2019-03-30,0932,N20,VIIRS,n,2,294.87,23.37,D,0
54.42645,31.09715,346.38,0.64,0.54,2019-03-30,0932,N20,VIIRS,n,2,292.1,21.91,D,0
54.42451,31.09072,348.93,0.32,0.54,2019-03-30,0932,N20,VIIRS,n,2,290.36,14.18,D,0
54.42321,31.08639,328.35,0.32,0.54,2019-03-30,0932,N20,VIIRS,n,2,288.11,14.18,D,0
54.16388,30.18359,367,0.35,0.57,2019-03-30,0932,N20,VIIRS,h,2,290.41,10.52,D,0
53.85784,27.94147,332.68,0.43,0.62,2019-03-30,0932,N20,VIIRS,n,2,286.48,2.32,D,0
52.45014,27.75563,326.24,0.5,0.65,2019-03-30,0932,N20,VIIRS,n,2,291.48,2.95,D,0
52.27804,31.10244,325.41,0.38,0.59,2019-03-30,0932,N20,VIIRS,n,2,287.57,1.04,D,0
52.65853,31.05546,335.55,0.37,0.58,2019-03-30,0932,N20,VIIRS,n,2,288.76,2.93,D,0
53.15221,32.25641,331.53,0.32,0.54,2019-03-30,0932,N20,VIIRS,n,2,289.37,1.98,D,0
53.35588,32.35646,339.18,0.62,0.54,2019-03-30,0932,N20,VIIRS,n,2,288.89,5.62,D,0
53.35781,32.3569,339.6,0.62,0.54,2019-03-30,0932,N20,VIIRS,n,2,288.61,6.49,D,0
52.92695,30.44117,367,0.38,0.59,2019-03-30,0932,N20,VIIRS,h,2,292.21,8.75,D,0
52.92536,30.43616,349.16,0.38,0.59,2019-03-30,0932,N20,VIIRS,n,2,292,8.75,D,0
52.93018,30.43198,342.34,0.38,0.59,2019-03-30,0932,N20,VIIRS,n,2,288.83,8.75,D,0
53.2975,30.51205,367,0.37,0.58,2019-03-30,0932,N20,VIIRS,h,2,293.01,7.73,D,0
52.9334,30.42279,347.01,0.38,0.59,2019-03-30,0932,N20,VIIRS,n,2,290.73,4.69,D,0
53.29853,30.53219,356.6,0.37,0.58,2019-03-30,0932,N20,VIIRS,l,2,289.28,18.77,D,0
53.29739,30.53089,367,0.36,0.58,2019-03-30,0932,N20,VIIRS,h,2,292.61,22.82,D,0
53.29584,30.52596,345.67,0.37,0.58,2019-03-30,0932,N20,VIIRS,n,2,300.11,14.4,D,0
53.30389,30.4939,344.64,0.37,0.58,2019-03-30,0932,N20,VIIRS,n,2,290.81,4.07,D,0
53.46241,30.88932,334.92,0.35,0.57,2019-03-30,0932,N20,VIIRS,n,2,289.44,2.64,D,0
53.71972,31.70516,348.28,0.32,0.55,2019-03-30,0932,N20,VIIRS,n,2,290.61,3.43,D,0
53.3922,30.60356,367,0.36,0.57,2019-03-30,0932,N20,VIIRS,h,2,294.31,9.66,D,0
53.40015,30.59057,348.5,0.36,0.57,2019-03-30,0932,N20,VIIRS,n,2,290.28,8.4,D,0
53.39865,30.58572,346.71,0.36,0.57,2019-03-30,0932,N20,VIIRS,n,2,291.74,8.1,D,0
53.29429,30.52105,340.14,0.37,0.58,2019-03-30,0932,N20,VIIRS,n,2,292.43,14.4,D,0
53.29905,30.51695,332.22,0.37,0.58,2019-03-30,0932,N20,VIIRS,n,2,290.01,6.13,D,0
53.29596,30.50713,345.14,0.37,0.58,2019-03-30,0932,N20,VIIRS,n,2,293.09,7.73,D,0
53.30223,30.50787,367,0.37,0.58,2019-03-30,0932,N20,VIIRS,h,2,294.3,7.73,D,0
53.34499,30.64443,329.04,0.36,0.57,2019-03-30,0932,N20,VIIRS,n,2,289.63,2.95,D,0
53.30378,30.5128,352.4,0.37,0.58,2019-03-30,0932,N20,VIIRS,n,2,290.73,6.13,D,0
53.27448,31.35308,356.22,0.34,0.56,2019-03-30,0932,N20,VIIRS,l,2,289.44,7.94,D,0
53.27772,31.34452,339.63,0.34,0.56,2019-03-30,0932,N20,VIIRS,n,2,289.84,4.46,D,0
53.27633,31.3399,325.35,0.34,0.56,2019-03-30,0932,N20,VIIRS,n,2,292.13,5.31,D,0
51.80613,26.92142,328.79,0.56,0.69,2019-03-30,0932,N20,VIIRS,n,2,287.78,3.2,D,0
53.19752,30.57575,326.23,0.37,0.58,2019-03-30,0932,N20,VIIRS,n,2,288.58,2.61,D,0
52.97408,29.62094,329.74,0.41,0.6,2019-03-30,0932,N20,VIIRS,n,2,291.51,2.6,D,0
53.29701,30.52724,345.72,0.37,0.58,2019-03-30,0932,N20,VIIRS,n,2,303.66,18.77,D,0
53.29549,30.5223,343.63,0.37,0.58,2019-03-30,0932,N20,VIIRS,n,2,293.25,7.24,D,0
53.29396,30.51737,327.07,0.37,0.58,2019-03-30,0932,N20,VIIRS,n,2,291.13,7.24,D,0
54.2545,28.7344,348.25,0.39,0.59,2019-03-30,0933,N20,VIIRS,n,2,288.77,4.59,D,0
54.82533,30.12598,327.75,0.33,0.56,2019-03-30,0933,N20,VIIRS,n,2,287.01,1.86,D,0
54.78155,25.95314,340.48,0.47,0.64,2019-03-30,0933,N20,VIIRS,n,2,287.96,6.27,D,0
55.32372,28.38623,347.74,0.37,0.58,2019-03-30,0933,N20,VIIRS,n,2,285.89,4.58,D,0
54.75243,29.20857,335.48,0.36,0.57,2019-03-30,0933,N20,VIIRS,n,2,287.55,2.53,D,0
54.86929,29.58063,332.2,0.35,0.56,2019-03-30,0933,N20,VIIRS,n,2,286.38,2.66,D,0
55.48391,28.59888,352.4,0.36,0.57,2019-03-30,0933,N20,VIIRS,n,2,283.62,6.4,D,0
55.4873,28.84173,332.35,0.35,0.57,2019-03-30,0933,N20,VIIRS,n,2,286.69,3.16,D,0
55.50272,28.9097,338.32,0.35,0.57,2019-03-30,0933,N20,VIIRS,n,2,287.37,3.38,D,0
51.88811,30.01293,340.79,0.39,0.44,2019-03-30,1112,N20,VIIRS,n,2,288.88,3.73,D,0
52.17062,29.0983,325.44,0.54,0.42,2019-03-30,1112,N20,VIIRS,n,2,286.59,3.35,D,0
53.51936,30.48501,335.7,0.42,0.45,2019-03-30,1112,N20,VIIRS,n,2,293.63,5.11,D,0
53.03239,25.75604,327.88,0.44,0.38,2019-03-30,1112,N20,VIIRS,n,2,290.33,1.73,D,0
53.34826,30.64608,330.03,0.43,0.46,2019-03-30,1112,N20,VIIRS,n,2,289.13,2.98,D,0
53.34405,30.64693,341.04,0.43,0.46,2019-03-30,1112,N20,VIIRS,n,2,294.66,7.66,D,0
53.34452,30.65343,354.96,0.43,0.46,2019-03-30,1112,N20,VIIRS,n,2,296.12,13.23,D,0
53.34031,30.65426,335.3,0.43,0.46,2019-03-30,1112,N20,VIIRS,n,2,293.19,13.23,D,0
53.34078,30.66078,367,0.43,0.46,2019-03-30,1112,N20,VIIRS,h,2,297.38,13.23,D,0
53.20231,28.9708,344.49,0.55,0.43,2019-03-30,1112,N20,VIIRS,n,2,294.68,12.39,D,0
53.1992,28.97036,336.13,0.55,0.43,2019-03-30,1112,N20,VIIRS,n,2,295.77,10.01,D,0
52.81549,25.48171,331.93,0.43,0.38,2019-03-30,1112,N20,VIIRS,n,2,292,3.45,D,0
52.81625,25.48804,333.31,0.43,0.38,2019-03-30,1112,N20,VIIRS,n,2,291.06,6.64,D,0
52.81279,25.48914,326.21,0.43,0.38,2019-03-30,1112,N20,VIIRS,n,2,291.87,6.64,D,0
52.81356,25.49547,344.37,0.43,0.38,2019-03-30,1112,N20,VIIRS,n,2,293.88,6.64,D,0
53.30673,30.49207,336.97,0.42,0.45,2019-03-30,1112,N20,VIIRS,n,2,292.31,3.18,D,0
53.30354,30.50567,342.7,0.42,0.45,2019-03-30,1112,N20,VIIRS,n,2,294.21,3.72,D,0
53.29935,30.5065,332.45,0.42,0.45,2019-03-30,1112,N20,VIIRS,n,2,293.26,3.72,D,0
53.29984,30.51287,336.15,0.42,0.45,2019-03-30,1112,N20,VIIRS,n,2,292.46,5.9,D,0
52.77498,25.32458,329.92,0.43,0.38,2019-03-30,1112,N20,VIIRS,n,2,291.23,1.7,D,0
53.274,31.35864,333.59,0.46,0.47,2019-03-30,1112,N20,VIIRS,n,2,292.06,6.14,D,0
53.27765,31.35938,325.44,0.46,0.47,2019-03-30,1112,N20,VIIRS,n,2,291.76,3.01,D,0
52.74927,26.08493,332.57,0.44,0.39,2019-03-30,1112,N20,VIIRS,n,2,294.53,5.66,D,0
52.75002,26.09147,340.95,0.44,0.39,2019-03-30,1112,N20,VIIRS,n,2,294,4.71,D,0
52.74651,26.09256,337.48,0.44,0.39,2019-03-30,1112,N20,VIIRS,n,2,293.87,4.71,D,0
52.89895,27.53518,333.48,0.49,0.4,2019-03-30,1112,N20,VIIRS,n,2,288.62,4.99,D,0
53.0245,29.59946,328.04,0.39,0.44,2019-03-30,1112,N20,VIIRS,n,2,292.87,1.79,D,0
52.9733,29.62288,340.55,0.39,0.44,2019-03-30,1112,N20,VIIRS,n,2,293.8,4.98,D,0
53.14665,32.20185,347.78,0.49,0.49,2019-03-30,1112,N20,VIIRS,n,2,293.77,9.88,D,0
53.1471,32.20927,350.64,0.49,0.49,2019-03-30,1112,N20,VIIRS,n,2,295.52,9.88,D,0
52.83877,28.58697,337.64,0.53,0.42,2019-03-30,1112,N20,VIIRS,n,2,301.1,43.67,D,0
52.84167,28.58634,331.46,0.53,0.42,2019-03-30,1112,N20,VIIRS,n,2,290.06,16.01,D,0
52.83783,28.58727,338.04,0.53,0.42,2019-03-30,1112,N20,VIIRS,n,2,300.43,16.01,D,0
52.9127,29.73364,343.03,0.39,0.44,2019-03-30,1112,N20,VIIRS,n,2,294.98,16.35,D,0
52.93501,30.42147,339.54,0.42,0.45,2019-03-30,1112,N20,VIIRS,n,2,292.43,2.89,D,0
52.93134,30.42856,325.08,0.42,0.45,2019-03-30,1112,N20,VIIRS,n,2,290.62,2.89,D,0
52.92767,30.43563,337.02,0.42,0.45,2019-03-30,1112,N20,VIIRS,n,2,292.57,3.71,D,0
52.92399,30.44271,338.49,0.42,0.45,2019-03-30,1112,N20,VIIRS,n,2,291.73,3.71,D,0
52.20014,23.6996,327.1,0.39,0.37,2019-03-30,1112,N20,VIIRS,n,2,287.47,2.01,D,0
52.84691,29.98833,338.59,0.4,0.44,2019-03-30,1112,N20,VIIRS,n,2,298.48,10.31,D,2
52.84782,29.98935,326.51,0.4,0.44,2019-03-30,1112,N20,VIIRS,n,2,296.02,5.58,D,2
52.84375,29.99025,343.39,0.4,0.44,2019-03-30,1112,N20,VIIRS,n,2,295.54,6.87,D,2
52.32742,26.3405,329.89,0.45,0.39,2019-03-30,1112,N20,VIIRS,n,2,293.74,3.08,D,0
52.32817,26.34702,327.47,0.45,0.39,2019-03-30,1112,N20,VIIRS,n,2,292.47,2.67,D,0
52.45955,27.59844,332.79,0.49,0.4,2019-03-30,1112,N20,VIIRS,n,2,295.65,7.51,D,0
52.66439,29.91113,330.27,0.39,0.44,2019-03-30,1112,N20,VIIRS,n,2,297.01,1.96,D,0
52.44901,27.75701,331.06,0.49,0.41,2019-03-30,1112,N20,VIIRS,n,2,293.5,3.17,D,0
52.35276,27.90977,330.21,0.5,0.41,2019-03-30,1112,N20,VIIRS,n,2,294.22,3.7,D,0
52.11392,26.20763,326.61,0.44,0.38,2019-03-30,1112,N20,VIIRS,n,2,288.17,3.55,D,0
52.16568,27.20542,340.79,0.47,0.4,2019-03-30,1112,N20,VIIRS,n,2,288.5,4.59,D,0
52.07047,26.5493,328.31,0.45,0.39,2019-03-30,1112,N20,VIIRS,n,2,289.72,2.24,D,0
52.14399,27.52628,331.6,0.48,0.4,2019-03-30,1112,N20,VIIRS,n,2,295.67,18.44,D,0
52.14325,27.51926,367,0.48,0.4,2019-03-30,1112,N20,VIIRS,h,2,294.76,16.79,D,0
51.93517,26.13097,328.09,0.44,0.38,2019-03-30,1112,N20,VIIRS,n,2,287.16,2.49,D,0
52.30378,30.53052,342.45,0.41,0.45,2019-03-30,1112,N20,VIIRS,n,2,289.95,4.88,D,0
51.69771,30.53742,326.45,0.41,0.45,2019-03-30,1112,N20,VIIRS,n,2,295.22,5.54,D,0
51.61238,28.81807,333.71,0.52,0.42,2019-03-30,1112,N20,VIIRS,n,2,291.67,4.67,D,0
52.00761,29.96682,325.84,0.39,0.44,2019-03-30,1112,N20,VIIRS,n,2,285.62,2.24,D,0
51.80674,26.92116,337.61,0.46,0.39,2019-03-30,1112,N20,VIIRS,n,2,293.56,4.81,D,0
51.80405,26.92066,329.8,0.46,0.39,2019-03-30,1112,N20,VIIRS,n,2,292.71,4,D,0
51.86159,26.80872,336.63,0.45,0.39,2019-03-30,1112,N20,VIIRS,n,2,291.89,3.1,D,0
52.00262,27.67406,346.16,0.48,0.4,2019-03-30,1112,N20,VIIRS,n,2,295.67,7.64,D,0
54.02481,27.26087,329.82,0.5,0.41,2019-03-30,1113,N20,VIIRS,n,2,291.78,6.65,D,0
55.67098,27.24278,339.35,0.52,0.41,2019-03-30,1113,N20,VIIRS,n,2,289.23,8.96,D,0
55.67176,27.251,327.23,0.52,0.41,2019-03-30,1113,N20,VIIRS,n,2,286.49,2.75,D,0
55.58867,29.66356,327.88,0.42,0.45,2019-03-30,1113,N20,VIIRS,n,2,287.94,2.56,D,0
55.48244,28.60004,333.85,0.57,0.43,2019-03-30,1113,N20,VIIRS,n,2,286.63,9.71,D,0
55.35278,29.32305,335.28,0.4,0.44,2019-03-30,1113,N20,VIIRS,n,2,288.83,2.67,D,0
55.30106,29.6838,337.81,0.41,0.45,2019-03-30,1113,N20,VIIRS,n,2,288.84,2.9,D,0
55.20466,29.59435,343.15,0.41,0.45,2019-03-30,1113,N20,VIIRS,n,2,291.91,7.11,D,0
55.20515,29.60083,331.32,0.41,0.45,2019-03-30,1113,N20,VIIRS,n,2,285.45,7.11,D,0
55.02776,28.34132,326.88,0.55,0.43,2019-03-30,1113,N20,VIIRS,n,2,290.21,2.49,D,0
55.08722,29.04018,338.29,0.39,0.44,2019-03-30,1113,N20,VIIRS,n,2,288.35,4.92,D,0
55.12835,29.88715,341.4,0.42,0.45,2019-03-30,1113,N20,VIIRS,n,2,289.75,3.78,D,0
54.92383,29.35363,338.59,0.4,0.44,2019-03-30,1113,N20,VIIRS,n,2,291.21,2.9,D,0
54.8974,29.59772,344.17,0.41,0.45,2019-03-30,1113,N20,VIIRS,n,2,291.87,9.69,D,0
54.89789,29.60406,354.94,0.41,0.45,2019-03-30,1113,N20,VIIRS,n,2,292.54,9.69,D,0
54.89986,29.62963,328.09,0.41,0.45,2019-03-30,1113,N20,VIIRS,n,2,288.34,1.94,D,0
54.8754,29.58325,327.48,0.41,0.45,2019-03-30,1113,N20,VIIRS,n,2,290.06,2.85,D,0
54.87081,29.57781,333.61,0.41,0.45,2019-03-30,1113,N20,VIIRS,n,2,290.81,3.47,D,0
54.66053,29.40495,328.68,0.4,0.44,2019-03-30,1113,N20,VIIRS,n,2,290.22,4.26,D,0
54.4922,30.64373,334.54,0.44,0.46,2019-03-30,1113,N20,VIIRS,n,2,289.32,5.46,D,0
54.49414,30.64453,345.41,0.44,0.46,2019-03-30,1113,N20,VIIRS,n,2,290.18,4.68,D,0
54.03919,25.91148,328.75,0.45,0.39,2019-03-30,1113,N20,VIIRS,n,2,289.83,1.91,D,0
54.35053,29.53303,338.67,0.4,0.44,2019-03-30,1113,N20,VIIRS,n,2,291.32,3,D,0
54.25555,28.72687,329.12,0.56,0.43,2019-03-30,1113,N20,VIIRS,n,2,291.88,3.24,D,0
54.42435,31.08977,328.86,0.46,0.47,2019-03-30,1113,N20,VIIRS,n,2,289,5.01,D,0
54.42528,31.10427,354.39,0.46,0.47,2019-03-30,1113,N20,VIIRS,n,2,290.65,8.06,D,0
54.42892,31.10358,331.16,0.46,0.47,2019-03-30,1113,N20,VIIRS,n,2,289.19,4.93,D,0
54.42357,31.08986,328.58,0.46,0.47,2019-03-30,1113,N20,VIIRS,n,2,289.26,4.43,D,0
54.42457,31.10431,346.56,0.46,0.47,2019-03-30,1113,N20,VIIRS,n,2,290.08,4.93,D,0
54.148,28.49234,328.99,0.55,0.42,2019-03-30,1113,N20,VIIRS,n,2,289.67,5.26,D,0
55.72935,27.30287,332.84,0.52,0.42,2019-03-30,1113,N20,VIIRS,n,2,287.22,3.51,D,0
54.02556,27.26846,331.5,0.5,0.41,2019-03-30,1113,N20,VIIRS,n,2,291.82,6.65,D,0
54.33335,31.12166,351.71,0.46,0.47,2019-03-30,1113,N20,VIIRS,n,2,291.09,9.91,D,0
53.76447,25.13018,329.95,0.43,0.38,2019-03-30,1113,N20,VIIRS,n,2,291.07,2.97,D,0
54.19746,29.61493,354.69,0.4,0.44,2019-03-30,1113,N20,VIIRS,n,2,295.14,14.78,D,0
54.0369,27.97617,343.27,0.52,0.42,2019-03-30,1113,N20,VIIRS,n,2,293.29,7.95,D,0
54.26055,30.83918,328.32,0.45,0.47,2019-03-30,1113,N20,VIIRS,n,2,288.69,3.17,D,0
54.15196,30.62794,335.03,0.44,0.46,2019-03-30,1113,N20,VIIRS,n,2,288.3,3.27,D,0
53.81681,29.95762,335.49,0.41,0.45,2019-03-30,1113,N20,VIIRS,n,2,292.2,4.31,D,0
53.56199,27.47835,340.21,0.5,0.41,2019-03-30,1113,N20,VIIRS,n,2,295.22,5.77,D,0
53.43257,26.291,330.21,0.46,0.39,2019-03-30,1113,N20,VIIRS,n,2,292.25,2.54,D,0
53.23807,25.13871,330.4,0.43,0.38,2019-03-30,1113,N20,VIIRS,n,2,290.9,1.91,D,0
53.75425,30.55066,327.75,0.43,0.46,2019-03-30,1113,N20,VIIRS,n,2,287.63,2.38,D,0
53.11747,24.38622,330.91,0.41,0.37,2019-03-30,1113,N20,VIIRS,n,2,288.18,1.91,D,0
53.37677,26.84058,325.91,0.47,0.4,2019-03-30,1113,N20,VIIRS,n,2,291.52,3.06,D,0
53.77871,31.63549,326.71,0.47,0.48,2019-03-30,1113,N20,VIIRS,n,2,290.97,2.68,D,0
53.77288,31.61452,338.65,0.47,0.48,2019-03-30,1113,N20,VIIRS,n,2,290.81,5.33,D,0
53.72101,31.71194,338.53,0.48,0.48,2019-03-30,1113,N20,VIIRS,n,2,291.43,3.03,D,0
53.64233,30.59425,336.44,0.43,0.46,2019-03-30,1113,N20,VIIRS,n,2,293.42,44.48,D,0
53.63858,30.60168,351.86,0.43,0.46,2019-03-30,1113,N20,VIIRS,n,2,298.4,44.48,D,0
53.64311,30.59734,326.05,0.43,0.46,2019-03-30,1113,N20,VIIRS,n,2,293.42,4.01,D,0
53.63889,30.59817,349.95,0.43,0.46,2019-03-30,1113,N20,VIIRS,n,2,305.56,86.79,D,0
53.63939,30.60474,331.81,0.43,0.46,2019-03-30,1113,N20,VIIRS,n,2,291.78,121.65,D,0
53.71762,31.70787,341.58,0.48,0.48,2019-03-30,1113,N20,VIIRS,n,2,293.77,6.47,D,0
53.63468,30.59901,321,0.43,0.46,2019-03-30,1113,N20,VIIRS,l,2,321.28,86.79,D,0
53.63518,30.6056,367,0.43,0.46,2019-03-30,1113,N20,VIIRS,h,2,342.16,121.65,D,0
53.55816,30.26239,341.3,0.42,0.45,2019-03-30,1113,N20,VIIRS,n,2,291.21,4.59,D,0
51.94423,26.19176,308.69,0.39,0.59,2019-03-30,2324,N20,VIIRS,n,2,259.27,1.21,N,0
51.9397,26.15672,295.13,0.39,0.59,2019-03-30,2324,N20,VIIRS,n,2,263.19,0.77,N,0
53.27356,24.43846,295.58,0.47,0.64,2019-03-30,2324,N20,VIIRS,n,2,271.78,0.8,N,2
52.46572,30.36582,310.95,0.52,0.5,2019-03-30,2324,N20,VIIRS,n,2,266.97,1.16,N,0
52.39296,31.28703,302.17,0.48,0.48,2019-03-30,2324,N20,VIIRS,n,2,260,0.69,N,0
52.1239,26.45876,295.05,0.38,0.59,2019-03-30,2324,N20,VIIRS,n,2,269.17,0.96,N,0
51.94452,26.1758,329.99,0.39,0.59,2019-03-30,2324,N20,VIIRS,n,2,261.79,3.76,N,0
51.94438,26.18158,337.19,0.39,0.59,2019-03-30,2324,N20,VIIRS,n,2,262.99,3.76,N,0
51.94973,26.19217,303.1,0.39,0.59,2019-03-30,2324,N20,VIIRS,n,2,258.92,1.21,N,0
51.94472,26.17446,327.6,0.39,0.59,2019-03-30,2324,N20,VIIRS,n,2,261.44,3.09,N,0
51.94455,26.18023,333.5,0.39,0.59,2019-03-30,2324,N20,VIIRS,n,2,262.79,3.81,N,0
51.94439,26.186,329.63,0.39,0.59,2019-03-30,2324,N20,VIIRS,n,2,260.37,3.81,N,0
55.48623,28.59972,337.85,0.44,0.46,2019-03-31,0104,N20,VIIRS,n,2,271.76,5.26,N,0
55.48458,28.60609,296.57,0.44,0.46,2019-03-31,0104,N20,VIIRS,n,2,269.95,5.26,N,0
51.93762,26.16844,305.96,0.45,0.47,2019-03-31,0105,N20,VIIRS,n,2,273.22,1.2,N,0
51.93917,26.16228,298.56,0.45,0.47,2019-03-31,0105,N20,VIIRS,n,2,273.17,1.2,N,0
51.94254,26.18607,306.43,0.45,0.47,2019-03-31,0105,N20,VIIRS,n,2,271.76,4.34,N,0
51.9441,26.17991,318.96,0.45,0.47,2019-03-31,0105,N20,VIIRS,n,2,272.82,4.34,N,0
51.94501,26.19489,303.6,0.45,0.47,2019-03-31,0105,N20,VIIRS,n,2,272.09,2.78,N,0
51.94656,26.18873,367,0.45,0.47,2019-03-31,0105,N20,VIIRS,h,2,277.84,4.34,N,0
52.81459,25.47076,311.78,0.4,0.45,2019-03-31,0105,N20,VIIRS,n,2,274.5,1.31,N,0
51.94811,26.18257,321.35,0.45,0.47,2019-03-31,0105,N20,VIIRS,n,2,273.19,4.34,N,0
53.27173,24.4456,299.66,0.54,0.42,2019-03-31,0105,N20,VIIRS,n,2,275.98,0.96,N,2
52.80696,30.45246,328.01,0.57,0.69,2019-03-31,0913,N20,VIIRS,n,2,288.62,5.28,D,0
53.66437,31.7288,336.73,0.48,0.64,2019-03-31,0913,N20,VIIRS,n,2,288.43,3.47,D,0
53.5517,31.64524,327.49,0.48,0.65,2019-03-31,0913,N20,VIIRS,n,2,289.16,3.62,D,0
53.60608,31.83595,335.25,0.47,0.64,2019-03-31,0913,N20,VIIRS,n,2,290.22,3.97,D,0
53.51305,31.7078,356.29,0.48,0.65,2019-03-31,0913,N20,VIIRS,l,2,289.99,17.19,D,0
53.51083,31.70145,346.64,0.48,0.65,2019-03-31,0913,N20,VIIRS,n,2,291.72,14.64,D,0
52.84627,29.99354,351.44,0.59,0.7,2019-03-31,0913,N20,VIIRS,n,2,291.52,9.84,D,2
53.402,31.88036,339.17,0.48,0.65,2019-03-31,0913,N20,VIIRS,n,2,290.1,6.95,D,0
52.10464,28.47677,356.82,0.71,0.75,2019-03-31,0913,N20,VIIRS,l,2,287.33,14.06,D,0
52.10113,28.46792,338.64,0.71,0.75,2019-03-31,0913,N20,VIIRS,n,2,287.76,14.06,D,0
52.88993,30.61688,327.38,0.56,0.69,2019-03-31,0913,N20,VIIRS,n,2,289.23,3.29,D,0
52.80975,30.4397,333.69,0.57,0.69,2019-03-31,0913,N20,VIIRS,n,2,289.76,5.71,D,0
52.81244,30.44695,332.16,0.57,0.69,2019-03-31,0913,N20,VIIRS,n,2,288.58,6.6,D,0
51.82648,30.48035,345.68,0.62,0.71,2019-03-31,0913,N20,VIIRS,n,2,292.96,8.25,D,0
52.11002,29.22075,337.11,0.67,0.74,2019-03-31,0913,N20,VIIRS,n,2,288.62,4.05,D,0
52.10554,29.21984,331.23,0.67,0.74,2019-03-31,0913,N20,VIIRS,n,2,289.67,5.37,D,0
53.66302,31.72973,339.78,0.48,0.64,2019-03-31,0914,N20,VIIRS,n,2,288.15,4.51,D,0
53.85773,31.65657,346.34,0.47,0.64,2019-03-31,0914,N20,VIIRS,n,2,281.72,8.13,D,0
53.8534,31.64412,328.33,0.47,0.64,2019-03-31,0914,N20,VIIRS,n,2,283.34,4.12,D,0
54.09739,31.49856,338.4,0.47,0.64,2019-03-31,0914,N20,VIIRS,n,2,285.81,4.43,D,0
54.10469,31.49983,336.19,0.47,0.64,2019-03-31,0914,N20,VIIRS,n,2,286.27,7.18,D,0
54.10254,31.4936,338.17,0.47,0.64,2019-03-31,0914,N20,VIIRS,n,2,287.14,4.43,D,0
54.10419,31.50017,336.38,0.47,0.64,2019-03-31,0914,N20,VIIRS,n,2,286.21,5.75,D,0
54.10201,31.49397,349.02,0.47,0.64,2019-03-31,0914,N20,VIIRS,n,2,287.16,5.75,D,0
54.15786,31.04431,342.82,0.48,0.65,2019-03-31,0914,N20,VIIRS,n,2,287.27,4.41,D,0
54.15614,31.04593,344.02,0.48,0.65,2019-03-31,0914,N20,VIIRS,n,2,287.2,5.67,D,0
54.6111,31.13997,327.05,0.46,0.63,2019-03-31,0914,N20,VIIRS,n,2,285.93,1.78,D,0
54.63215,30.32152,339.35,0.49,0.65,2019-03-31,0914,N20,VIIRS,n,2,285.29,5.74,D,0
52.04191,29.29689,336.28,0.41,0.37,2019-03-31,1053,N20,VIIRS,n,2,297.79,103.91,D,0
52.88917,30.60816,343.68,0.44,0.38,2019-03-31,1053,N20,VIIRS,n,2,296.07,37.63,D,0
52.89067,30.62119,330.25,0.44,0.38,2019-03-31,1053,N20,VIIRS,n,2,293.27,11.66,D,0
52.89342,30.61359,334.48,0.44,0.38,2019-03-31,1053,N20,VIIRS,n,2,298.48,11.66,D,0
52.89692,30.61248,336.14,0.44,0.38,2019-03-31,1053,N20,VIIRS,n,2,293.51,11.24,D,0
52.84515,29.99371,330.99,0.42,0.38,2019-03-31,1053,N20,VIIRS,n,2,296.01,4.35,D,2
52.47712,27.01488,331.73,0.39,0.36,2019-03-31,1053,N20,VIIRS,n,2,295.01,3.43,D,0
53.04184,30.64608,325.63,0.44,0.38,2019-03-31,1053,N20,VIIRS,n,2,290.22,1.1,D,0
53.2145,31.94199,328.25,0.48,0.4,2019-03-31,1053,N20,VIIRS,n,2,292.26,4.02,D,0
53.2164,31.94077,338.62,0.48,0.4,2019-03-31,1053,N20,VIIRS,n,2,294.3,4.06,D,0
53.21933,31.93246,325.08,0.48,0.4,2019-03-31,1053,N20,VIIRS,n,2,292.54,2.22,D,0
53.21613,31.68297,347.92,0.47,0.4,2019-03-31,1053,N20,VIIRS,n,2,294.71,6.92,D,0
53.22917,31.66453,332.86,0.47,0.4,2019-03-31,1053,N20,VIIRS,n,2,293.09,3.87,D,0
53.23354,31.67054,344.26,0.47,0.4,2019-03-31,1053,N20,VIIRS,n,2,292.67,6.28,D,0
53.24957,31.68044,327.88,0.47,0.4,2019-03-31,1053,N20,VIIRS,n,2,291.1,2.57,D,0
52.52931,26.0738,330.02,0.38,0.36,2019-03-31,1053,N20,VIIRS,n,2,294.08,2.7,D,0
52.53317,26.05442,326.68,0.38,0.36,2019-03-31,1053,N20,VIIRS,n,2,295.17,24.99,D,0
52.53641,26.05305,354.26,0.38,0.36,2019-03-31,1053,N20,VIIRS,n,2,291.33,24.7,D,0
52.53554,26.0475,345.56,0.38,0.36,2019-03-31,1053,N20,VIIRS,n,2,291.42,12.17,D,0
52.10542,29.22009,353.98,0.4,0.37,2019-03-31,1053,N20,VIIRS,n,2,309.95,52.49,D,0
52.10389,29.2084,334.16,0.4,0.37,2019-03-31,1053,N20,VIIRS,n,2,297.62,73.48,D,0
52.10954,29.22477,338.79,0.4,0.37,2019-03-31,1053,N20,VIIRS,n,2,299.74,22.58,D,0
52.10877,29.21893,345.56,0.4,0.37,2019-03-31,1053,N20,VIIRS,n,2,304,22.58,D,0
52.10801,29.21309,356.02,0.4,0.37,2019-03-31,1053,N20,VIIRS,n,2,302.07,18.15,D,0
52.1103,29.23062,316.88,0.4,0.37,2019-03-31,1053,N20,VIIRS,l,2,323.64,100.59,D,0
52.31564,30.36767,328.81,0.43,0.38,2019-03-31,1053,N20,VIIRS,n,2,291.6,4.02,D,0
52.39732,30.94218,347.59,0.44,0.39,2019-03-31,1053,N20,VIIRS,n,2,296.8,10.58,D,0
52.4157,31.07136,348.23,0.45,0.39,2019-03-31,1053,N20,VIIRS,n,2,298.41,17.11,D,0
51.86142,26.82631,355.14,0.38,0.36,2019-03-31,1053,N20,VIIRS,n,2,296.72,7.65,D,0
52.10838,28.48099,346.94,0.39,0.37,2019-03-31,1053,N20,VIIRS,n,2,294.25,6.38,D,0
52.10759,28.4753,355.67,0.39,0.37,2019-03-31,1053,N20,VIIRS,n,2,297.85,6.38,D,0
52.10681,28.46961,354.23,0.39,0.37,2019-03-31,1053,N20,VIIRS,n,2,296.9,10.2,D,0
52.11871,28.53107,337.4,0.4,0.37,2019-03-31,1053,N20,VIIRS,n,2,293.01,19.13,D,0
52.11793,28.52537,337.13,0.4,0.37,2019-03-31,1053,N20,VIIRS,n,2,295.75,12.38,D,0
51.99987,27.68753,345.14,0.39,0.36,2019-03-31,1053,N20,VIIRS,n,2,296.74,5.55,D,0
52.12202,28.52988,353.18,0.4,0.37,2019-03-31,1053,N20,VIIRS,n,2,299.55,19.13,D,0
52.12124,28.52418,355.55,0.4,0.37,2019-03-31,1053,N20,VIIRS,n,2,295.43,12.38,D,0
52.12046,28.51848,355.22,0.4,0.37,2019-03-31,1053,N20,VIIRS,n,2,299.31,12.38,D,0
52.11967,28.51278,343.23,0.39,0.37,2019-03-31,1053,N20,VIIRS,n,2,298.08,6.73,D,0
52.12376,28.51728,332.63,0.4,0.37,2019-03-31,1053,N20,VIIRS,n,2,291.7,2.71,D,0
52.12298,28.51158,326.28,0.39,0.37,2019-03-31,1053,N20,VIIRS,n,2,292.68,2.53,D,0
52.01052,27.6659,331.26,0.39,0.36,2019-03-31,1053,N20,VIIRS,n,2,294.81,2.18,D,0
52.84723,30.34099,331.07,0.43,0.38,2019-03-31,1053,N20,VIIRS,n,2,292.78,3.01,D,0
52.69416,29.2912,329.12,0.41,0.37,2019-03-31,1053,N20,VIIRS,n,2,292.8,3.23,D,0
52.69472,29.29282,334.49,0.41,0.37,2019-03-31,1053,N20,VIIRS,n,2,292.27,1.86,D,0
52.05266,25.11217,335.53,0.39,0.36,2019-03-31,1053,N20,VIIRS,n,2,289.41,3.26,D,0
52.80838,30.44111,334.21,0.43,0.38,2019-03-31,1053,N20,VIIRS,n,2,293.02,3.18,D,0
52.80914,30.44752,338.77,0.43,0.38,2019-03-31,1053,N20,VIIRS,n,2,293.47,3.09,D,0
52.8099,30.45394,330.45,0.43,0.38,2019-03-31,1053,N20,VIIRS,n,2,291.89,3.09,D,0
52.31866,26.85086,332.81,0.38,0.36,2019-03-31,1053,N20,VIIRS,n,2,294.45,3.13,D,0
52.00708,25.00693,330.87,0.39,0.36,2019-03-31,1053,N20,VIIRS,n,2,296.07,2.86,D,0
52.00289,25.00281,325.56,0.39,0.36,2019-03-31,1053,N20,VIIRS,n,2,294.21,2.64,D,0
52.20086,26.32963,330.21,0.38,0.36,2019-03-31,1053,N20,VIIRS,n,2,296.82,7.79,D,0
52.22854,27.00586,337.82,0.38,0.36,2019-03-31,1053,N20,VIIRS,n,2,294.67,3.83,D,0
52.1198,26.31782,328.95,0.38,0.36,2019-03-31,1053,N20,VIIRS,n,2,294.23,3.06,D,0
51.96599,25.42476,330.46,0.39,0.36,2019-03-31,1053,N20,VIIRS,n,2,296.29,2.6,D,0
52.14379,26.74107,351.52,0.38,0.36,2019-03-31,1053,N20,VIIRS,n,2,295.74,8.19,D,0
52.14463,26.74658,346.51,0.38,0.36,2019-03-31,1053,N20,VIIRS,n,2,296.41,8.19,D,0
52.13971,26.73687,353.73,0.38,0.36,2019-03-31,1053,N20,VIIRS,n,2,300.62,16.82,D,0
52.14138,26.74789,344.5,0.38,0.36,2019-03-31,1053,N20,VIIRS,n,2,299.68,8.19,D,0
52.14222,26.7534,354.41,0.38,0.36,2019-03-31,1053,N20,VIIRS,n,2,301.2,15.54,D,0
52.13562,26.73266,326.15,0.38,0.36,2019-03-31,1053,N20,VIIRS,n,2,291.76,1.81,D,0
52.13646,26.73817,325.6,0.38,0.36,2019-03-31,1053,N20,VIIRS,n,2,291.01,1.81,D,0
52.13814,26.74919,349.71,0.38,0.36,2019-03-31,1053,N20,VIIRS,n,2,302.46,17.52,D,0
52.13898,26.75471,348.16,0.38,0.36,2019-03-31,1053,N20,VIIRS,n,2,305.36,47.42,D,0
52.13982,26.76022,339.09,0.38,0.36,2019-03-31,1053,N20,VIIRS,n,2,293.78,47.42,D,0
52.1349,26.7505,335.7,0.38,0.36,2019-03-31,1053,N20,VIIRS,n,2,296.23,17.52,D,0
52.12601,26.75992,340.14,0.38,0.36,2019-03-31,1053,N20,VIIRS,n,2,299.38,30.05,D,0
52.12276,26.76123,343.76,0.38,0.36,2019-03-31,1053,N20,VIIRS,n,2,294.15,30.05,D,0
52.1236,26.76674,342.59,0.38,0.36,2019-03-31,1053,N20,VIIRS,n,2,298.27,30.05,D,0
52.50893,29.54148,325.61,0.41,0.37,2019-03-31,1053,N20,VIIRS,n,2,294.37,1.49,D,0
52.06916,26.65658,325.76,0.38,0.36,2019-03-31,1053,N20,VIIRS,n,2,291.4,0.9,D,0
51.93359,26.16316,355.6,0.38,0.36,2019-03-31,1053,N20,VIIRS,n,2,296.83,11.28,D,0
51.93793,26.19057,333.41,0.38,0.36,2019-03-31,1053,N20,VIIRS,n,2,293.41,2.25,D,0
51.9388,26.19605,330.73,0.38,0.36,2019-03-31,1053,N20,VIIRS,n,2,291.7,2.25,D,0
51.93557,26.19739,351.09,0.38,0.36,2019-03-31,1053,N20,VIIRS,n,2,293.19,8.45,D,0
51.93644,26.20288,367,0.38,0.36,2019-03-31,1053,N20,VIIRS,h,2,294.33,13.35,D,0
52.19211,27.9343,344.71,0.39,0.36,2019-03-31,1053,N20,VIIRS,n,2,295.07,9.3,D,0
52.18256,27.93346,327.14,0.39,0.36,2019-03-31,1053,N20,VIIRS,n,2,293.17,1.7,D,0
52.15969,27.91836,345.69,0.39,0.36,2019-03-31,1053,N20,VIIRS,n,2,295.12,4.82,D,0
52.11306,27.61781,329.14,0.39,0.36,2019-03-31,1053,N20,VIIRS,n,2,295.19,10.36,D,0
52.11386,27.62338,346.45,0.39,0.36,2019-03-31,1053,N20,VIIRS,n,2,303.51,28.74,D,0
52.15642,27.91959,325.69,0.39,0.36,2019-03-31,1053,N20,VIIRS,n,2,293.52,4.82,D,0
52.09177,27.66117,333.05,0.39,0.36,2019-03-31,1053,N20,VIIRS,n,2,293.79,3.07,D,0
52.10619,29.22593,346.85,0.4,0.37,2019-03-31,1053,N20,VIIRS,n,2,305.39,52.49,D,0
52.10466,29.21424,367,0.4,0.37,2019-03-31,1053,N20,VIIRS,h,2,341.04,73.48,D,0
52.075,29.44506,331.92,0.41,0.37,2019-03-31,1053,N20,VIIRS,n,2,294.13,2.14,D,0
51.80207,29.3716,327.96,0.4,0.37,2019-03-31,1053,N20,VIIRS,l,2,298.59,3.36,D,0
51.8102,30.20482,331.83,0.42,0.38,2019-03-31,1053,N20,VIIRS,n,2,293.37,1.2,D,0
51.81395,30.23511,352.34,0.42,0.38,2019-03-31,1053,N20,VIIRS,n,2,297.68,9.12,D,0
51.80903,30.22408,328.89,0.42,0.38,2019-03-31,1053,N20,VIIRS,n,2,295.9,1.77,D,0
51.81128,30.24226,331.28,0.42,0.38,2019-03-31,1053,N20,VIIRS,n,2,294.89,2.68,D,0
51.80636,30.23123,336.93,0.42,0.38,2019-03-31,1053,N20,VIIRS,n,2,295.65,3.84,D,0
51.80711,30.23729,344.04,0.42,0.38,2019-03-31,1053,N20,VIIRS,n,2,297.72,3.84,D,0
51.83363,30.48245,343.81,0.43,0.38,2019-03-31,1053,N20,VIIRS,n,2,296.33,5.28,D,0
51.83018,30.48354,347.99,0.43,0.38,2019-03-31,1053,N20,VIIRS,n,2,297.37,7.07,D,0
51.826,30.47848,341.13,0.43,0.38,2019-03-31,1053,N20,VIIRS,n,2,298.76,7.07,D,0
51.82674,30.48463,341.25,0.43,0.38,2019-03-31,1053,N20,VIIRS,n,2,299.72,7.07,D,0
51.82255,30.47956,328.95,0.43,0.38,2019-03-31,1053,N20,VIIRS,n,2,295.63,2.37,D,0
51.8233,30.48571,335.62,0.43,0.38,2019-03-31,1053,N20,VIIRS,n,2,296.38,2.37,D,0
51.84266,30.64629,327.29,0.43,0.38,2019-03-31,1053,N20,VIIRS,n,2,294.96,3.13,D,0
51.8392,30.6474,334.74,0.43,0.38,2019-03-31,1053,N20,VIIRS,n,2,295.58,3.13,D,0
51.83995,30.65362,338.19,0.43,0.38,2019-03-31,1053,N20,VIIRS,n,2,296.27,3.76,D,0
51.83451,30.6682,337.45,0.43,0.38,2019-03-31,1053,N20,VIIRS,n,2,296.37,5.11,D,0
51.83525,30.67442,330.18,0.43,0.38,2019-03-31,1053,N20,VIIRS,n,2,294.21,5.11,D,0
51.79425,30.48205,330.93,0.43,0.38,2019-03-31,1053,N20,VIIRS,n,2,294.51,1.66,D,0
51.79081,30.48313,325.48,0.43,0.38,2019-03-31,1053,N20,VIIRS,n,2,293.73,1.66,D,0
51.78737,30.48422,332.23,0.43,0.38,2019-03-31,1053,N20,VIIRS,n,2,294.38,2.11,D,0
51.78392,30.4853,325.65,0.43,0.38,2019-03-31,1053,N20,VIIRS,n,2,294.94,2.11,D,0
51.77359,30.48854,325.38,0.43,0.38,2019-03-31,1053,N20,VIIRS,n,2,294.93,1.32,D,0
52.88992,30.61467,350.2,0.44,0.38,2019-03-31,1053,N20,VIIRS,n,2,297.91,11.66,D,0
53.56914,30.21166,338.11,0.44,0.38,2019-03-31,1054,N20,VIIRS,n,2,293.55,7.65,D,0
53.71281,31.52692,332.53,0.48,0.4,2019-03-31,1054,N20,VIIRS,n,2,292.95,5.33,D,0
53.08076,26.57243,334.85,0.38,0.36,2019-03-31,1054,N20,VIIRS,n,2,292.52,3.46,D,0
53.56918,30.2123,339.39,0.44,0.38,2019-03-31,1054,N20,VIIRS,n,2,294.82,17.01,D,0
53.56995,30.21884,335.98,0.44,0.38,2019-03-31,1054,N20,VIIRS,n,2,297.89,17.01,D,0
53.71353,31.5267,335.49,0.47,0.4,2019-03-31,1054,N20,VIIRS,n,2,293.16,3.88,D,0
53.69423,31.45134,329.28,0.47,0.4,2019-03-31,1054,N20,VIIRS,n,2,293.08,3.11,D,0
53.6121,30.97001,339.42,0.46,0.39,2019-03-31,1054,N20,VIIRS,n,2,292.96,5.58,D,0
53.61681,31.53332,327.48,0.47,0.4,2019-03-31,1054,N20,VIIRS,n,2,293.58,5.6,D,0
52.81226,25.46784,330.08,0.39,0.36,2019-03-31,1054,N20,VIIRS,n,2,291.21,6.3,D,0
53.07644,27.22212,330.42,0.39,0.36,2019-03-31,1054,N20,VIIRS,n,2,289.94,6.08,D,0
53.07155,27.23612,326.48,0.39,0.36,2019-03-31,1054,N20,VIIRS,n,2,286.5,1.53,D,0
53.06947,27.23998,328.37,0.39,0.36,2019-03-31,1054,N20,VIIRS,n,2,287.75,2.09,D,0
53.06703,27.24697,327.26,0.39,0.36,2019-03-31,1054,N20,VIIRS,n,2,288.27,2.09,D,0
53.54911,31.66589,334.64,0.48,0.4,2019-03-31,1054,N20,VIIRS,n,2,292.36,3.47,D,0
53.5156,31.70524,339.03,0.48,0.4,2019-03-31,1054,N20,VIIRS,n,2,291.53,5.13,D,0
53.51121,31.69912,330.54,0.48,0.4,2019-03-31,1054,N20,VIIRS,n,2,293.96,5.13,D,0
53.51195,31.70633,336.43,0.48,0.4,2019-03-31,1054,N20,VIIRS,n,2,294.55,5.13,D,0
53.51269,31.71354,332.57,0.48,0.4,2019-03-31,1054,N20,VIIRS,n,2,289.44,4.3,D,0
53.51306,31.706,344.29,0.48,0.4,2019-03-31,1054,N20,VIIRS,n,2,294.95,19.03,D,0
53.50941,31.70706,352.8,0.48,0.4,2019-03-31,1054,N20,VIIRS,n,2,301.6,19.03,D,0
53.51017,31.71426,346.21,0.48,0.4,2019-03-31,1054,N20,VIIRS,n,2,294.13,19.03,D,0
53.20125,29.41422,332.2,0.42,0.37,2019-03-31,1054,N20,VIIRS,n,2,291.93,4.57,D,0
53.40989,31.89292,331.53,0.48,0.4,2019-03-31,1054,N20,VIIRS,n,2,292.08,3.74,D,0
53.40547,31.88673,349.54,0.48,0.4,2019-03-31,1054,N20,VIIRS,n,2,295.85,10.65,D,0
53.37418,32.2126,331.64,0.49,0.41,2019-03-31,1054,N20,VIIRS,n,2,294.26,7.47,D,0
53.37491,32.22001,330.08,0.49,0.41,2019-03-31,1054,N20,VIIRS,n,2,293.07,6.4,D,0
53.16652,30.4149,326.67,0.44,0.38,2019-03-31,1054,N20,VIIRS,n,2,291.52,2.76,D,0
53.16303,30.41603,328.93,0.44,0.38,2019-03-31,1054,N20,VIIRS,n,2,291.39,2.76,D,0
53.16228,30.40953,335.58,0.44,0.38,2019-03-31,1054,N20,VIIRS,n,2,294.47,2.76,D,0
53.97305,31.34441,331.23,0.47,0.4,2019-03-31,1054,N20,VIIRS,n,2,290.71,2.18,D,0
53.80649,30.77287,328.09,0.45,0.39,2019-03-31,1054,N20,VIIRS,n,2,288.47,3.83,D,0
53.07457,26.1247,325.4,0.38,0.36,2019-03-31,1054,N20,VIIRS,n,2,291.29,1.93,D,0
53.56989,30.21822,339.36,0.44,0.38,2019-03-31,1054,N20,VIIRS,n,2,297.98,28.2,D,0
55.23849,30.32772,335.97,0.46,0.39,2019-03-31,1054,N20,VIIRS,n,2,286.59,6.27,D,0
54.88982,29.57214,341.32,0.43,0.38,2019-03-31,1054,N20,VIIRS,n,2,284.8,8.97,D,0
54.89062,29.57886,331.42,0.43,0.38,2019-03-31,1054,N20,VIIRS,n,2,285.36,4.07,D,0
54.88715,29.58008,329.65,0.43,0.38,2019-03-31,1054,N20,VIIRS,n,2,288.2,4.07,D,0
54.88953,29.60025,354.22,0.43,0.38,2019-03-31,1054,N20,VIIRS,n,2,291.32,9.51,D,0
54.89032,29.60697,328.35,0.43,0.38,2019-03-31,1054,N20,VIIRS,n,2,287.61,3.12,D,0
54.93236,30.16198,333.87,0.45,0.39,2019-03-31,1054,N20,VIIRS,n,2,289.41,5.77,D,0
54.30793,25.92751,332.35,0.38,0.36,2019-03-31,1054,N20,VIIRS,n,2,288.02,3.29,D,0
54.78543,30.2761,329.23,0.45,0.39,2019-03-31,1054,N20,VIIRS,n,2,288.21,2.62,D,0
53.69359,25.12563,329.87,0.39,0.36,2019-03-31,1054,N20,VIIRS,n,2,288.86,1.18,D,0
53.46361,23.86931,338.03,0.39,0.37,2019-03-31,1054,N20,VIIRS,n,2,291.77,4.43,D,0
54.44754,31.04729,327.09,0.47,0.4,2019-03-31,1054,N20,VIIRS,n,2,286.43,7.88,D,0
53.92958,27.3142,330.39,0.39,0.36,2019-03-31,1054,N20,VIIRS,n,2,287.12,2.59,D,0
54.1568,31.0433,348.19,0.47,0.39,2019-03-31,1054,N20,VIIRS,n,2,294.11,19.15,D,0
54.18753,31.36748,326.69,0.48,0.4,2019-03-31,1054,N20,VIIRS,n,2,290.11,1.82,D,0
54.61318,30.36045,295.73,0.42,0.61,2019-03-31,2304,N20,VIIRS,n,2,271.38,0.39,N,0
54.92695,29.43275,296.72,0.46,0.64,2019-03-31,2304,N20,VIIRS,n,2,271.22,0.52,N,0
55.26946,28.84192,298.43,0.49,0.65,2019-03-31,2304,N20,VIIRS,n,2,271.48,0.92,N,0
55.48865,28.59903,344.54,0.5,0.66,2019-03-31,2304,N20,VIIRS,n,2,271.62,4.63,N,0
52.17774,26.84492,311.26,0.59,0.7,2019-03-31,2305,N20,VIIRS,n,2,273.83,2.84,N,0
51.88288,30.73084,305.88,0.4,0.6,2019-03-31,2305,N20,VIIRS,n,2,277.12,1.09,N,0
52.07279,27.76546,297.77,0.53,0.67,2019-03-31,2305,N20,VIIRS,n,2,273.91,0.8,N,0
52.07624,27.78864,295.07,0.53,0.67,2019-03-31,2305,N20,VIIRS,n,2,273.98,0.62,N,0
52.12614,28.50488,296.53,0.5,0.66,2019-03-31,2305,N20,VIIRS,n,2,274.4,0.59,N,0
52.13448,29.10273,298.6,0.47,0.64,2019-03-31,2305,N20,VIIRS,n,2,275.79,1.91,N,0
52.13461,29.08874,313.81,0.47,0.64,2019-03-31,2305,N20,VIIRS,n,2,275.79,2.71,N,0
52.13229,26.77463,318.78,0.59,0.7,2019-03-31,2305,N20,VIIRS,n,2,274.65,2.83,N,0
52.13436,29.11672,330.97,0.47,0.64,2019-03-31,2305,N20,VIIRS,n,2,277.32,3.99,N,0
52.13442,29.10972,328.91,0.47,0.64,2019-03-31,2305,N20,VIIRS,n,2,276.62,3.99,N,0
52.14042,29.10294,295.9,0.47,0.64,2019-03-31,2305,N20,VIIRS,n,2,274.94,1.91,N,0
52.14651,29.0892,310.09,0.47,0.64,2019-03-31,2305,N20,VIIRS,n,2,274.71,1.44,N,0
52.17854,26.84441,316.24,0.59,0.7,2019-03-31,2305,N20,VIIRS,n,2,273.93,3.16,N,0
52.17847,26.83564,306.45,0.59,0.7,2019-03-31,2305,N20,VIIRS,n,2,273.73,2.72,N,0
52.17762,26.83616,310.75,0.59,0.7,2019-03-31,2305,N20,VIIRS,n,2,273.23,3.18,N,0
52.42809,25.24009,312.88,0.68,0.74,2019-03-31,2305,N20,VIIRS,n,2,271.89,2.31,N,0
52.84703,29.99147,306.26,0.43,0.62,2019-03-31,2305,N20,VIIRS,n,2,275.67,1.38,N,2
52.84712,29.98494,296.67,0.43,0.62,2019-03-31,2305,N20,VIIRS,n,2,274.39,1.27,N,2
52.92931,30.91322,303.12,0.4,0.6,2019-03-31,2305,N20,VIIRS,n,2,274.35,1.42,N,0
53.23575,31.44764,298.63,0.38,0.59,2019-03-31,2305,N20,VIIRS,n,2,275.2,0.51,N,0
53.27407,24.44092,295.7,0.74,0.76,2019-03-31,2305,N20,VIIRS,n,2,271.74,0.94,N,2
53.40284,31.90459,307.93,0.36,0.57,2019-03-31,2305,N20,VIIRS,n,2,273.15,1.56,N,0
53.40051,31.90426,295.42,0.36,0.57,2019-03-31,2305,N20,VIIRS,n,2,270.57,1.09,N,0
53.51391,31.69587,304.89,0.37,0.58,2019-03-31,2305,N20,VIIRS,n,2,272.76,0.8,N,0
53.51069,31.69718,298.58,0.37,0.58,2019-03-31,2305,N20,VIIRS,n,2,273.48,0.63,N,0
53.77839,31.72879,297.64,0.37,0.58,2019-03-31,2305,N20,VIIRS,n,2,273.09,0.63,N,0
53.85824,31.63789,299.37,0.37,0.58,2019-03-31,2305,N20,VIIRS,n,2,272.9,1.25,N,0
53.87249,31.714,295.22,0.37,0.58,2019-03-31,2305,N20,VIIRS,n,2,271.91,0.3,N,0
51.83593,30.64932,348.48,0.4,0.6,2019-03-31,2305,N20,VIIRS,n,2,278.66,7.21,N,0
51.83579,30.65522,330.52,0.4,0.6,2019-03-31,2305,N20,VIIRS,n,2,279.02,6.44,N,0
53.77461,31.73377,296.36,0.43,0.46,2019-04-01,0045,N20,VIIRS,n,2,272.37,0.77,N,0
54.80634,29.18195,307.17,0.5,0.41,2019-04-01,0045,N20,VIIRS,n,2,271.13,1.33,N,0
55.48698,28.59978,327.2,0.47,0.4,2019-04-01,0045,N20,VIIRS,n,2,271.89,6.84,N,0
53.94017,31.68725,305.87,0.42,0.46,2019-04-01,0045,N20,VIIRS,n,2,271.52,1.76,N,0
53.5109,31.6953,305.11,0.44,0.46,2019-04-01,0045,N20,VIIRS,n,2,272.09,0.86,N,0
52.93263,30.91119,295.05,0.42,0.46,2019-04-01,0045,N20,VIIRS,n,2,271.92,0.83,N,0
53.2339,31.45018,300.43,0.44,0.46,2019-04-01,0045,N20,VIIRS,n,2,272.6,0.92,N,0
53.51556,30.29366,305.6,0.39,0.44,2019-04-01,0045,N20,VIIRS,n,2,270.99,1.5,N,0
53.51687,30.28816,318.65,0.39,0.44,2019-04-01,0045,N20,VIIRS,n,2,269.64,1.5,N,0
53.22867,31.69135,309.43,0.44,0.46,2019-04-01,0045,N20,VIIRS,n,2,272.64,2.33,N,0
53.29667,31.51482,328.13,0.44,0.46,2019-04-01,0045,N20,VIIRS,n,2,273.73,3.03,N,0
53.40221,31.90301,297.05,0.45,0.47,2019-04-01,0045,N20,VIIRS,n,2,272.02,1.57,N,0
53.40062,31.90923,326.02,0.45,0.47,2019-04-01,0045,N20,VIIRS,n,2,274,1.57,N,0
53.77561,31.73284,301.45,0.43,0.46,2019-04-01,0045,N20,VIIRS,n,2,273.38,1.28,N,0
53.93866,31.69328,309.55,0.42,0.46,2019-04-01,0045,N20,VIIRS,n,2,272.64,1.64,N,0
52.12992,29.11977,336.45,0.38,0.43,2019-04-01,0046,N20,VIIRS,n,2,276.3,2.72,N,0
52.13241,29.10921,321.33,0.38,0.43,2019-04-01,0046,N20,VIIRS,n,2,274.76,2.75,N,0
52.14267,29.08384,307.75,0.57,0.43,2019-04-01,0046,N20,VIIRS,n,2,273.96,1.39,N,0
52.13369,29.1221,323.84,0.38,0.43,2019-04-01,0046,N20,VIIRS,n,2,276.08,2.72,N,0
52.13493,29.11681,331.36,0.38,0.43,2019-04-01,0046,N20,VIIRS,n,2,275.51,2.75,N,0
52.13741,29.10626,321.2,0.38,0.43,2019-04-01,0046,N20,VIIRS,n,2,274.95,1.62,N,0
52.14865,29.09504,317.52,0.38,0.43,2019-04-01,0046,N20,VIIRS,n,2,274.02,2.81,N,0
51.82979,30.48809,296.84,0.44,0.46,2019-04-01,0046,N20,VIIRS,n,2,275.67,1.3,N,0
51.88396,30.7329,296.55,0.45,0.47,2019-04-01,0046,N20,VIIRS,n,2,276.58,0.69,N,0
53.26001,24.45072,298.48,0.41,0.37,2019-04-01,0046,N20,VIIRS,n,2,274.77,0.83,N,2
53.27204,24.44396,310.03,0.41,0.37,2019-04-01,0046,N20,VIIRS,n,2,274.41,1.73,N,2
53.48223,24.28282,315.48,0.4,0.37,2019-04-01,0046,N20,VIIRS,n,2,272.26,2.36,N,0
52.84504,29.99127,336.19,0.4,0.44,2019-04-01,0046,N20,VIIRS,n,2,276.67,3.67,N,2
52.84884,29.99374,299.87,0.4,0.44,2019-04-01,0046,N20,VIIRS,n,2,273.8,0.95,N,2
51.83521,30.65222,322.2,0.44,0.46,2019-04-01,0046,N20,VIIRS,n,2,274.88,2.84,N,0
51.97771,27.22344,303.9,0.5,0.41,2019-04-01,0046,N20,VIIRS,n,2,270.06,0.95,N,0
52.42589,25.24295,298.55,0.43,0.38,2019-04-01,0046,N20,VIIRS,n,2,271.57,0.83,N,0
52.42926,25.24472,326.2,0.43,0.38,2019-04-01,0046,N20,VIIRS,n,2,272.51,2.82,N,0
52.12973,26.7734,301.21,0.48,0.4,2019-04-01,0046,N20,VIIRS,n,2,270.92,0.92,N,0
52.13324,26.77535,297.21,0.48,0.4,2019-04-01,0046,N20,VIIRS,n,2,270.86,0.89,N,0
52.15056,26.89826,297.72,0.49,0.4,2019-04-01,0046,N20,VIIRS,n,2,271.03,0.91,N,0
52.15335,26.89817,304,0.49,0.4,2019-04-01,0046,N20,VIIRS,n,2,269.63,0.82,N,0
52.15542,26.9069,335.96,0.49,0.4,2019-04-01,0046,N20,VIIRS,n,2,272.07,4.01,N,0
52.17194,26.84809,329.34,0.48,0.4,2019-04-01,0046,N20,VIIRS,n,2,272.33,3.73,N,0
52.17545,26.85006,319.18,0.48,0.4,2019-04-01,0046,N20,VIIRS,n,2,269.82,2.8,N,0
52.17832,26.83658,319.96,0.48,0.4,2019-04-01,0046,N20,VIIRS,n,2,270.92,2.29,N,0
52.17689,26.84332,326.4,0.48,0.4,2019-04-01,0046,N20,VIIRS,n,2,271.39,2.8,N,0
52.13116,29.11449,318.02,0.38,0.43,2019-04-01,0046,N20,VIIRS,n,2,274.76,2.75,N,0
52.13365,29.10394,317.54,0.38,0.43,2019-04-01,0046,N20,VIIRS,n,2,274.86,1.62,N,0
53.82079,31.57559,355.34,0.69,0.74,2019-04-01,0855,N20,VIIRS,n,2,280.26,25.06,D,0
53.82833,31.55998,352.25,0.69,0.74,2019-04-01,0855,N20,VIIRS,n,2,282.41,38.18,D,0
54.1335,31.52794,327.99,0.67,0.74,2019-04-01,0855,N20,VIIRS,n,2,281.28,4.03,D,0
53.52836,30.44861,338.5,0.77,0.78,2019-04-01,0855,N20,VIIRS,n,2,278.4,7.25,D,0
53.82855,31.55365,339.12,0.69,0.74,2019-04-01,0855,N20,VIIRS,n,2,283.03,6.36,D,0
53.82289,31.56031,354.13,0.69,0.74,2019-04-01,0855,N20,VIIRS,n,2,287.6,33.67,D,0
53.82654,31.56917,341.62,0.69,0.74,2019-04-01,0855,N20,VIIRS,n,2,280.22,25.06,D,0
53.81718,31.56686,346.35,0.69,0.74,2019-04-01,0855,N20,VIIRS,n,2,290.27,33.67,D,0
53.09725,32.10327,337.35,0.71,0.75,2019-04-01,0855,N20,VIIRS,n,2,283.07,5.9,D,0
53.20626,31.68427,341.58,0.73,0.76,2019-04-01,0855,N20,VIIRS,n,2,285.26,6.23,D,0
53.20251,31.67527,329.16,0.73,0.76,2019-04-01,0855,N20,VIIRS,n,2,283.54,6.23,D,0
53.3948,31.91589,345.28,0.7,0.75,2019-04-01,0855,N20,VIIRS,n,2,283.05,8.27,D,0
53.39824,31.91909,337.19,0.7,0.75,2019-04-01,0855,N20,VIIRS,n,2,281.08,4.95,D,0
53.05279,30.71321,327.48,0.79,0.78,2019-04-01,0855,N20,VIIRS,n,2,281.17,5.32,D,0
53.76831,31.74747,351.35,0.68,0.74,2019-04-01,0855,N20,VIIRS,n,2,281.13,14.24,D,0
53.76465,31.73841,356.85,0.69,0.74,2019-04-01,0855,N20,VIIRS,l,2,286.37,14.24,D,0
53.77383,31.74054,352.05,0.68,0.74,2019-04-01,0855,N20,VIIRS,n,2,285.05,14.24,D,0
53.76013,31.74119,331.09,0.68,0.74,2019-04-01,0855,N20,VIIRS,n,2,278.55,12.69,D,0
53.76937,31.74335,355.87,0.68,0.74,2019-04-01,0855,N20,VIIRS,l,2,284.39,23.93,D,0
53.76577,31.73456,355.99,0.68,0.74,2019-04-01,0855,N20,VIIRS,l,2,285.85,12.69,D,0
53.77499,31.73667,333.05,0.68,0.74,2019-04-01,0855,N20,VIIRS,n,2,282.53,8.86,D,0
53.81696,31.57316,341.84,0.69,0.74,2019-04-01,0855,N20,VIIRS,n,2,279.91,6.29,D,0
53.82264,31.56658,367,0.69,0.74,2019-04-01,0855,N20,VIIRS,h,2,295.07,38.18,D,0
52.15819,26.90739,326.15,0.44,0.38,2019-04-01,1034,N20,VIIRS,n,2,286.94,4.51,D,0
52.61506,29.80535,325.17,0.39,0.36,2019-04-01,1034,N20,VIIRS,n,2,291.52,1.4,D,0
51.93494,26.14575,326.39,0.46,0.39,2019-04-01,1034,N20,VIIRS,n,2,287.98,1.81,D,0
52.12981,27.1445,325.5,0.43,0.38,2019-04-01,1034,N20,VIIRS,n,2,289.36,3.69,D,0
52.12526,27.14011,339.07,0.43,0.38,2019-04-01,1034,N20,VIIRS,n,2,291.5,3.69,D,0
52.12644,27.14621,326.38,0.43,0.38,2019-04-01,1034,N20,VIIRS,n,2,291.86,3.69,D,0
52.12762,27.15231,351.47,0.43,0.38,2019-04-01,1034,N20,VIIRS,n,2,292.28,10.6,D,0
52.1288,27.15841,350.74,0.43,0.38,2019-04-01,1034,N20,VIIRS,n,2,292.49,10.6,D,0
52.12928,27.14622,338.64,0.43,0.38,2019-04-01,1034,N20,VIIRS,n,2,292.39,8.87,D,0
52.12475,27.14183,348.99,0.43,0.38,2019-04-01,1034,N20,VIIRS,n,2,292.4,5.94,D,0
52.12591,27.14794,344.25,0.43,0.38,2019-04-01,1034,N20,VIIRS,n,2,294.46,8.87,D,0
52.12708,27.15404,354.52,0.43,0.38,2019-04-01,1034,N20,VIIRS,n,2,293.34,8.87,D,0
52.12823,27.16015,345.34,0.43,0.38,2019-04-01,1034,N20,VIIRS,n,2,291.38,9.35,D,0
52.1237,27.15576,343.35,0.43,0.38,2019-04-01,1034,N20,VIIRS,n,2,290.32,5.42,D,0
52.118,27.14526,328.9,0.43,0.38,2019-04-01,1034,N20,VIIRS,n,2,288.64,12.02,D,0
52.06323,27.07232,328.3,0.44,0.38,2019-04-01,1034,N20,VIIRS,n,2,290.5,0.88,D,0
52.16451,27.60468,331.7,0.42,0.38,2019-04-01,1034,N20,VIIRS,n,2,290.04,2.32,D,0
52.20759,27.89454,345.93,0.42,0.37,2019-04-01,1034,N20,VIIRS,n,2,295.54,11.64,D,0
52.07469,27.24736,334.13,0.43,0.38,2019-04-01,1034,N20,VIIRS,n,2,288.92,2.09,D,0
52.62757,30.51898,342.79,0.38,0.36,2019-04-01,1034,N20,VIIRS,n,2,294.15,3.3,D,0
52.62846,30.52455,325.34,0.38,0.36,2019-04-01,1034,N20,VIIRS,n,2,288.06,3.3,D,0
52.62434,30.52037,330.41,0.38,0.36,2019-04-01,1034,N20,VIIRS,n,2,287.97,3.3,D,0
52.1045,27.80422,327.04,0.42,0.38,2019-04-01,1034,N20,VIIRS,n,2,288.63,1.61,D,0
52.56852,30.64676,328.88,0.38,0.36,2019-04-01,1034,N20,VIIRS,n,2,285.95,3.22,D,0
51.85592,26.85306,341.3,0.44,0.39,2019-04-01,1034,N20,VIIRS,n,2,292.19,4.54,D,0
51.86475,26.9168,341.42,0.44,0.39,2019-04-01,1034,N20,VIIRS,n,2,294.41,10.67,D,0
51.79962,26.67792,331.67,0.45,0.39,2019-04-01,1034,N20,VIIRS,n,2,291.48,4.26,D,0
52.46954,30.47882,329.61,0.39,0.36,2019-04-01,1034,N20,VIIRS,n,2,292.3,2.4,D,0
52.56997,31.14061,349.06,0.38,0.36,2019-04-01,1034,N20,VIIRS,n,2,290.47,15.77,D,0
52.56758,31.14751,332.39,0.38,0.36,2019-04-01,1034,N20,VIIRS,n,2,289.43,115.3,D,0
52.12518,28.50874,335.11,0.41,0.37,2019-04-01,1034,N20,VIIRS,n,2,289.53,2.42,D,0
52.18964,29.3717,337.2,0.39,0.37,2019-04-01,1034,N20,VIIRS,n,2,292.63,3.26,D,0
52.12904,29.10136,339.24,0.4,0.37,2019-04-01,1034,N20,VIIRS,n,2,290.95,3.64,D,0
52.13002,29.10702,333.5,0.4,0.37,2019-04-01,1034,N20,VIIRS,n,2,291.87,6.35,D,0
52.29747,27.46472,329.58,0.42,0.38,2019-04-01,1034,N20,VIIRS,n,2,286.77,3.42,D,0
52.13295,29.12397,330.56,0.4,0.37,2019-04-01,1034,N20,VIIRS,n,2,289.48,4.09,D,0
52.12577,29.10286,330.93,0.4,0.37,2019-04-01,1034,N20,VIIRS,n,2,290.87,3.64,D,0
52.12675,29.10851,342.55,0.4,0.37,2019-04-01,1034,N20,VIIRS,n,2,294.33,6.35,D,0
52.12348,29.11002,341.04,0.4,0.37,2019-04-01,1034,N20,VIIRS,n,2,291.77,6.26,D,0
52.17402,29.91559,332.95,0.39,0.36,2019-04-01,1034,N20,VIIRS,n,2,290.29,2.58,D,0
51.6086,27.42719,335.03,0.43,0.38,2019-04-01,1034,N20,VIIRS,n,2,289.81,3.3,D,0
51.84516,28.91096,335.77,0.4,0.37,2019-04-01,1034,N20,VIIRS,n,2,291,10.7,D,0
51.88757,29.77705,340.62,0.39,0.36,2019-04-01,1034,N20,VIIRS,n,2,293.53,7.79,D,0
51.83012,30.13726,331.98,0.39,0.36,2019-04-01,1034,N20,VIIRS,n,2,293.33,2.31,D,0
51.8863,30.73637,347.54,0.39,0.36,2019-04-01,1034,N20,VIIRS,n,2,292.19,4.48,D,0
51.79655,30.22846,344.37,0.39,0.36,2019-04-01,1034,N20,VIIRS,n,2,294.59,7.35,D,0
51.79746,30.23396,346,0.39,0.36,2019-04-01,1034,N20,VIIRS,n,2,293.08,7.69,D,0
52.17355,26.85185,342.58,0.44,0.38,2019-04-01,1034,N20,VIIRS,n,2,294.09,10.23,D,0
52.80018,30.45431,328.44,0.38,0.36,2019-04-01,1034,N20,VIIRS,n,2,287.44,1.92,D,0
52.79694,30.45571,344.07,0.38,0.36,2019-04-01,1034,N20,VIIRS,n,2,289.51,4,D,0
52.79371,30.45711,337.23,0.38,0.36,2019-04-01,1034,N20,VIIRS,n,2,288.55,4,D,0
52.7946,30.4627,335.47,0.38,0.36,2019-04-01,1034,N20,VIIRS,n,2,287.56,4.09,D,0
52.79047,30.45851,329.4,0.38,0.36,2019-04-01,1034,N20,VIIRS,n,2,293.26,9.5,D,0
52.79136,30.4641,328.39,0.38,0.36,2019-04-01,1034,N20,VIIRS,n,2,286.71,4.55,D,0
52.15699,26.90121,339.96,0.44,0.38,2019-04-01,1034,N20,VIIRS,n,2,289.03,5.5,D,0
51.83051,30.64497,328.87,0.39,0.36,2019-04-01,1034,N20,VIIRS,n,2,289.21,6.01,D,0
51.83463,30.64909,331.17,0.39,0.36,2019-04-01,1034,N20,VIIRS,n,2,294.79,6.59,D,0
51.83374,30.64361,343.58,0.39,0.36,2019-04-01,1034,N20,VIIRS,n,2,296.71,6.01,D,0
51.82923,30.48727,326.39,0.39,0.36,2019-04-01,1034,N20,VIIRS,n,2,295.22,2.58,D,0
51.79422,30.23536,331.48,0.39,0.36,2019-04-01,1034,N20,VIIRS,n,2,290.91,2.41,D,0
52.94264,27.60226,334.6,0.41,0.37,2019-04-01,1035,N20,VIIRS,n,2,290.02,12.85,D,0
53.20159,29.41408,341.64,0.39,0.36,2019-04-01,1035,N20,VIIRS,n,2,289.37,9.83,D,0
52.28247,24.61708,325.08,0.51,0.41,2019-04-01,1035,N20,VIIRS,n,2,286.44,2.33,D,0
53.0927,28.89306,329.59,0.39,0.37,2019-04-01,1035,N20,VIIRS,n,2,287.21,2.08,D,0
53.14281,29.31277,329.94,0.39,0.36,2019-04-01,1035,N20,VIIRS,n,2,290.82,4.37,D,0
53.51167,31.69462,330.84,0.39,0.36,2019-04-01,1035,N20,VIIRS,n,2,287.99,3.2,D,0
53.50758,31.69021,328.62,0.39,0.36,2019-04-01,1035,N20,VIIRS,n,2,287.85,2.42,D,0
53.10332,29.41056,327.7,0.39,0.36,2019-04-01,1035,N20,VIIRS,n,2,287.19,3.63,D,0
53.39624,31.91905,329.45,0.39,0.36,2019-04-01,1035,N20,VIIRS,n,2,286.5,4.14,D,0
53.3938,31.92611,330.54,0.39,0.36,2019-04-01,1035,N20,VIIRS,n,2,287.46,4.14,D,0
53.39054,31.92742,337.57,0.39,0.36,2019-04-01,1035,N20,VIIRS,n,2,287.33,6.06,D,0
53.01845,29.56674,340.14,0.39,0.36,2019-04-01,1035,N20,VIIRS,n,2,289.16,3.23,D,0
52.11398,24.84696,326.24,0.5,0.41,2019-04-01,1035,N20,VIIRS,n,2,285.79,1.76,D,0
52.1104,24.84897,338.05,0.5,0.41,2019-04-01,1035,N20,VIIRS,n,2,288.15,5.15,D,0
52.11191,24.85596,325.99,0.5,0.41,2019-04-01,1035,N20,VIIRS,n,2,285.7,5.15,D,0
52.10833,24.85798,331.08,0.5,0.41,2019-04-01,1035,N20,VIIRS,n,2,287.78,5.15,D,0
52.11324,24.84763,344.38,0.5,0.41,2019-04-01,1035,N20,VIIRS,n,2,288.35,9.34,D,0
52.11115,24.85666,333.09,0.5,0.41,2019-04-01,1035,N20,VIIRS,n,2,288.67,8.33,D,0
53.19875,30.88741,331.96,0.38,0.36,2019-04-01,1035,N20,VIIRS,n,2,289.7,5.84,D,0
53.19961,30.89304,351.4,0.38,0.36,2019-04-01,1035,N20,VIIRS,n,2,290.93,5.84,D,0
53.20048,30.89868,331.53,0.38,0.36,2019-04-01,1035,N20,VIIRS,n,2,286.91,2.91,D,0
53.19551,30.88879,328.3,0.38,0.36,2019-04-01,1035,N20,VIIRS,n,2,290.71,10.15,D,0
53.19638,30.89442,348.5,0.38,0.36,2019-04-01,1035,N20,VIIRS,n,2,293.86,10.15,D,0
53.24826,31.30498,328.61,0.38,0.36,2019-04-01,1035,N20,VIIRS,n,2,284.6,1.98,D,0
53.34444,32.08149,330.1,0.39,0.36,2019-04-01,1035,N20,VIIRS,n,2,284.51,2.57,D,0
53.34117,32.08279,331.15,0.39,0.36,2019-04-01,1035,N20,VIIRS,n,2,286.19,2.57,D,0
53.3379,32.08408,329.12,0.39,0.36,2019-04-01,1035,N20,VIIRS,n,2,286.62,2.1,D,0
53.36227,32.35493,329.48,0.39,0.36,2019-04-01,1035,N20,VIIRS,n,2,287.23,2.49,D,0
53.35899,32.35622,329.16,0.39,0.36,2019-04-01,1035,N20,VIIRS,n,2,286.67,2.49,D,0
53.1314,30.89804,326.25,0.38,0.36,2019-04-01,1035,N20,VIIRS,n,2,281.72,1.83,D,0
53.34505,32.35555,333.66,0.39,0.36,2019-04-01,1035,N20,VIIRS,n,2,287.51,3.1,D,0
52.9364,29.7394,338.59,0.39,0.36,2019-04-01,1035,N20,VIIRS,n,2,288.84,4.51,D,0
53.23695,31.6949,333.76,0.39,0.36,2019-04-01,1035,N20,VIIRS,n,2,284.92,2.14,D,0
53.23369,31.69623,327.78,0.39,0.36,2019-04-01,1035,N20,VIIRS,n,2,288.36,2.85,D,0
53.22628,31.68961,339.79,0.39,0.36,2019-04-01,1035,N20,VIIRS,n,2,287.87,5.72,D,0
53.21886,31.66252,328.93,0.39,0.36,2019-04-01,1035,N20,VIIRS,n,2,287.25,2.62,D,0
53.20751,31.67917,334.57,0.39,0.36,2019-04-01,1035,N20,VIIRS,n,2,290.59,4.19,D,0
53.19374,31.70282,332.77,0.39,0.36,2019-04-01,1035,N20,VIIRS,n,2,288.47,1.69,D,0
52.73223,28.85868,328.7,0.4,0.37,2019-04-01,1035,N20,VIIRS,n,2,283.35,1.23,D,0
53.01482,30.59102,348.81,0.38,0.36,2019-04-01,1035,N20,VIIRS,n,2,290.09,5.07,D,0
53.01569,30.59663,327.49,0.38,0.36,2019-04-01,1035,N20,VIIRS,n,2,286.65,5.07,D,0
53.01158,30.59242,346.64,0.38,0.36,2019-04-01,1035,N20,VIIRS,n,2,289.57,59.13,D,0
53.02824,30.69898,326.06,0.38,0.36,2019-04-01,1035,N20,VIIRS,n,2,288.67,3.35,D,0
52.28968,26.68023,337.26,0.44,0.39,2019-04-01,1035,N20,VIIRS,n,2,290.56,4.52,D,0
52.5251,28.01648,325.39,0.41,0.37,2019-04-01,1035,N20,VIIRS,n,2,285.78,2.17,D,0
52.84637,29.98934,332.66,0.39,0.36,2019-04-01,1035,N20,VIIRS,n,2,292.61,7.9,D,2
53.16122,32.16449,327.08,0.39,0.36,2019-04-01,1035,N20,VIIRS,n,2,290.7,5.27,D,0
53.16204,32.17021,338.53,0.39,0.36,2019-04-01,1035,N20,VIIRS,n,2,289.84,6.22,D,0
52.69598,29.3559,339.56,0.39,0.36,2019-04-01,1035,N20,VIIRS,n,2,291.46,4.19,D,0
53.09746,32.10501,326.85,0.39,0.36,2019-04-01,1035,N20,VIIRS,n,2,287.24,2.67,D,0
53.09419,32.1063,338.84,0.39,0.36,2019-04-01,1035,N20,VIIRS,n,2,287.63,3.66,D,0
53.68292,26.78829,331.59,0.42,0.38,2019-04-01,1035,N20,VIIRS,n,2,288.32,2.61,D,0
53.93784,25.66182,328.96,0.44,0.39,2019-04-01,1035,N20,VIIRS,n,2,282.67,2.72,D,0
54.22604,26.1975,343.01,0.43,0.38,2019-04-01,1035,N20,VIIRS,n,2,286.69,7.66,D,0
55.31876,28.61136,328.78,0.39,0.36,2019-04-01,1035,N20,VIIRS,n,2,286.26,2.75,D,0
55.14098,26.95134,339.89,0.4,0.37,2019-04-01,1035,N20,VIIRS,n,2,286.13,5.85,D,0
55.13988,26.94523,330.18,0.4,0.37,2019-04-01,1035,N20,VIIRS,n,2,282.83,4.71,D,0
55.10818,26.63213,336.23,0.41,0.37,2019-04-01,1035,N20,VIIRS,n,2,288.77,7.39,D,0
55.11145,26.63029,342,0.41,0.37,2019-04-01,1035,N20,VIIRS,n,2,287.43,7.39,D,0
55.27401,26.94945,337.64,0.4,0.37,2019-04-01,1035,N20,VIIRS,n,2,283.88,3.48,D,0
53.21382,25.15423,341.85,0.47,0.4,2019-04-01,1035,N20,VIIRS,n,2,286.37,6.73,D,0
54.13184,30.39115,342.15,0.38,0.36,2019-04-01,1035,N20,VIIRS,n,2,285.62,12.52,D,0
53.57088,27.78905,340.13,0.4,0.37,2019-04-01,1035,N20,VIIRS,n,2,286.14,5.41,D,0
53.96119,30.92313,337.92,0.38,0.36,2019-04-01,1035,N20,VIIRS,n,2,287.76,5.75,D,0
54.03873,31.64007,338.97,0.39,0.36,2019-04-01,1035,N20,VIIRS,n,2,280.32,3.72,D,0
54.03547,31.64142,326.29,0.39,0.36,2019-04-01,1035,N20,VIIRS,n,2,281.43,2.19,D,0
53.76855,31.68996,340.97,0.39,0.36,2019-04-01,1035,N20,VIIRS,n,2,283.76,3.99,D,0
53.75891,31.74296,336.01,0.39,0.36,2019-04-01,1035,N20,VIIRS,n,2,280.73,6.17,D,0
53.75482,31.73851,325.77,0.39,0.36,2019-04-01,1035,N20,VIIRS,n,2,279.97,5.04,D,0
53.75565,31.74428,338.79,0.39,0.36,2019-04-01,1035,N20,VIIRS,n,2,284.16,5.04,D,0
53.52616,30.4432,327.92,0.38,0.36,2019-04-01,1035,N20,VIIRS,n,2,285.81,2.38,D,0
52.43236,24.6901,336.22,0.5,0.41,2019-04-01,1035,N20,VIIRS,n,2,290.51,8.18,D,0
53.00289,27.53822,331.71,0.41,0.37,2019-04-01,1035,N20,VIIRS,n,2,286.61,14.23,D,0
53.00399,27.54418,352.38,0.41,0.37,2019-04-01,1035,N20,VIIRS,n,2,296.61,14.23,D,0
52.88562,26.93557,342.89,0.43,0.38,2019-04-01,1035,N20,VIIRS,n,2,287.84,4.34,D,0
53.65674,31.70043,338.46,0.39,0.36,2019-04-01,1035,N20,VIIRS,n,2,290.03,6.9,D,0
53.65348,31.70176,340.7,0.39,0.36,2019-04-01,1035,N20,VIIRS,n,2,288.41,16.12,D,0
52.94707,27.56744,348.98,0.41,0.37,2019-04-01,1035,N20,VIIRS,n,2,287.28,3.57,D,0
53.60819,31.58013,328.4,0.39,0.36,2019-04-01,1035,N20,VIIRS,n,2,281.66,2.99,D,0
52.94376,27.56912,328.5,0.41,0.37,2019-04-01,1035,N20,VIIRS,n,2,285.82,3.57,D,0
52.43172,25.20073,345.57,0.48,0.4,2019-04-01,1035,N20,VIIRS,n,2,293.55,9.6,D,0
52.17181,26.85486,330.43,0.68,0.74,2019-04-01,1215,N20,VIIRS,n,2,286.81,3.32,D,0
52.17144,26.85593,329.35,0.68,0.74,2019-04-01,1215,N20,VIIRS,n,2,286.1,3.54,D,0
52.0733,25.78117,325.6,0.61,0.71,2019-04-01,1215,N20,VIIRS,n,2,287.02,5.67,D,0
52.07341,25.77209,348.99,0.61,0.71,2019-04-01,1215,N20,VIIRS,n,2,288.23,5.67,D,0
52.071,25.77949,329.61,0.61,0.71,2019-04-01,1215,N20,VIIRS,n,2,284.95,4.28,D,0
53.39628,26.4859,335.36,0.65,0.73,2019-04-01,1216,N20,VIIRS,n,2,284.92,6.87,D,0
53.08247,25.97773,340.67,0.62,0.72,2019-04-01,1216,N20,VIIRS,n,2,285.52,6.09,D,0
55.48846,28.59351,353.64,0.77,0.78,2019-04-01,2245,N20,VIIRS,n,2,270.38,8.99,N,0
51.8485,30.66803,306.82,0.64,0.72,2019-04-01,2246,N20,VIIRS,n,2,267.98,0.93,N,0
52.8511,29.99111,306.08,0.69,0.74,2019-04-01,2246,N20,VIIRS,n,2,271.33,2.1,N,2
55.48635,28.60349,326.41,0.39,0.36,2019-04-02,0026,N20,VIIRS,n,2,274.32,5.83,N,0
51.84977,30.67029,315.47,0.46,0.39,2019-04-02,0027,N20,VIIRS,n,2,269.42,1.87,N,0
51.99909,27.45151,306,0.39,0.36,2019-04-02,0027,N20,VIIRS,n,2,265.93,0.8,N,0
52.84898,29.98821,320.85,0.43,0.38,2019-04-02,0027,N20,VIIRS,n,2,269.45,2.52,N,2
52.84779,29.99432,321.86,0.43,0.38,2019-04-02,0027,N20,VIIRS,n,2,272.22,2.52,N,2
53.27236,24.44031,305.93,0.39,0.36,2019-04-02,0027,N20,VIIRS,n,2,269.91,1.67,N,2
51.82755,30.48907,302.07,0.46,0.39,2019-04-02,0027,N20,VIIRS,n,2,269.7,2.01,N,0
55.48089,28.60355,326.72,0.74,0.76,2019-04-02,0206,N20,VIIRS,n,2,268.76,3.39,N,0
55.48239,28.59787,319.77,0.74,0.76,2019-04-02,0206,N20,VIIRS,n,2,268.17,4,N,0
55.48803,28.60537,338.3,0.74,0.76,2019-04-02,0206,N20,VIIRS,n,2,267.23,4,N,0
55.485,28.59419,301.03,0.74,0.76,2019-04-02,0206,N20,VIIRS,n,2,267.97,3.39,N,0
51.82818,29.94331,329.37,0.5,0.41,2019-04-02,1015,N20,VIIRS,n,2,287.07,2.88,D,0
51.8267,29.93642,330.44,0.5,0.41,2019-04-02,1015,N20,VIIRS,n,2,292.81,4.22,D,0
51.78164,29.57821,341.5,0.51,0.41,2019-04-02,1015,N20,VIIRS,n,2,305.82,58.74,D,0
51.71288,28.98254,345.19,0.54,0.42,2019-04-02,1015,N20,VIIRS,n,2,293.3,8.66,D,0
51.82695,29.94448,326.36,0.5,0.41,2019-04-02,1015,N20,VIIRS,n,2,287.42,3.85,D,0
51.82651,30.4879,329.81,0.48,0.4,2019-04-02,1015,N20,VIIRS,n,2,297.36,4,D,0
51.82699,30.48896,330.68,0.48,0.4,2019-04-02,1015,N20,VIIRS,n,2,297.18,3.28,D,0
51.84598,30.67699,335.74,0.47,0.4,2019-04-02,1015,N20,VIIRS,n,2,288.6,4.85,D,0
51.84814,30.66858,341.43,0.47,0.4,2019-04-02,1015,N20,VIIRS,n,2,287.36,4.66,D,0
52.09008,30.73275,329.16,0.47,0.39,2019-04-02,1015,N20,VIIRS,n,2,289.68,2.43,D,0
51.45897,29.37512,331.04,0.53,0.42,2019-04-02,1015,N20,VIIRS,n,2,290.57,4.28,D,0
51.8255,29.93756,331.77,0.5,0.41,2019-04-02,1015,N20,VIIRS,n,2,293.64,3.85,D,0
55.56961,28.92551,334.73,0.45,0.39,2019-04-02,1016,N20,VIIRS,n,2,288.11,3.79,D,0
51.9413,29.5686,340.97,0.51,0.41,2019-04-02,1016,N20,VIIRS,n,2,290.17,11.71,D,0
52.13034,30.43347,333.89,0.47,0.4,2019-04-02,1016,N20,VIIRS,n,2,291.52,4.66,D,0
51.93142,29.31824,336.2,0.52,0.41,2019-04-02,1016,N20,VIIRS,n,2,292.42,8.81,D,0
52.16483,30.01702,336.41,0.49,0.4,2019-04-02,1016,N20,VIIRS,n,2,287.28,9,D,0
51.87938,28.44503,333.49,0.56,0.43,2019-04-02,1016,N20,VIIRS,n,2,291.18,4.64,D,0
52.30458,30.24085,331.26,0.48,0.4,2019-04-02,1016,N20,VIIRS,n,2,290.76,4.16,D,0
52.10884,29.14402,338.16,0.52,0.42,2019-04-02,1016,N20,VIIRS,n,2,288.21,5.53,D,0
52.10774,29.14329,331.58,0.52,0.42,2019-04-02,1016,N20,VIIRS,n,2,289.18,4.85,D,0
52.53019,31.06352,328.82,0.45,0.39,2019-04-02,1016,N20,VIIRS,n,2,285.81,2.61,D,0
52.33065,29.69202,329.52,0.49,0.41,2019-04-02,1016,N20,VIIRS,n,2,292.82,4.42,D,0
52.33242,29.69124,329.72,0.49,0.41,2019-04-02,1016,N20,VIIRS,n,2,293.59,4.3,D,0
52.05182,28.03365,342.83,0.57,0.43,2019-04-02,1016,N20,VIIRS,n,2,286.94,6.09,D,0
52.65733,30.83231,332.17,0.45,0.39,2019-04-02,1016,N20,VIIRS,n,2,290.58,3.73,D,0
51.82708,26.89608,325.26,0.42,0.45,2019-04-02,1016,N20,VIIRS,n,2,290.35,1.6,D,0
51.83241,26.8994,347.76,0.42,0.45,2019-04-02,1016,N20,VIIRS,n,2,295.67,5.45,D,0
51.83774,26.90271,337.34,0.42,0.45,2019-04-02,1016,N20,VIIRS,n,2,290.9,5.45,D,0
52.0508,27.72194,330.28,0.39,0.44,2019-04-02,1016,N20,VIIRS,n,2,290.59,1.98,D,0
52.62859,30.13329,327.44,0.47,0.4,2019-04-02,1016,N20,VIIRS,n,2,288.96,2.61,D,0
52.00932,27.17415,326.67,0.41,0.45,2019-04-02,1016,N20,VIIRS,n,2,291.71,1.93,D,0
51.99968,27.11552,340.76,0.41,0.45,2019-04-02,1016,N20,VIIRS,n,2,293.74,5.74,D,0
52.00491,27.11872,339.62,0.41,0.45,2019-04-02,1016,N20,VIIRS,n,2,291.42,5.74,D,0
52.92739,30.9466,328.18,0.45,0.39,2019-04-02,1016,N20,VIIRS,n,2,284.79,2.05,D,0
52.92598,30.79089,334.59,0.45,0.39,2019-04-02,1016,N20,VIIRS,n,2,286.43,3.29,D,0
52.13473,27.14526,328.18,0.41,0.45,2019-04-02,1016,N20,VIIRS,n,2,289.65,4.48,D,0
52.84416,29.98919,333.27,0.47,0.4,2019-04-02,1016,N20,VIIRS,n,2,298.02,5.36,D,2
53.21623,31.7037,347.13,0.42,0.38,2019-04-02,1016,N20,VIIRS,n,2,290.21,5.06,D,0
53.21825,31.67571,341.97,0.42,0.38,2019-04-02,1016,N20,VIIRS,n,2,290.4,5.5,D,0
53.37275,32.33045,354.11,0.41,0.37,2019-04-02,1016,N20,VIIRS,n,2,291.01,7.87,D,0
53.03601,30.295,329.28,0.46,0.39,2019-04-02,1016,N20,VIIRS,n,2,289.36,4.28,D,0
52.10453,26.04419,329.94,0.45,0.47,2019-04-02,1016,N20,VIIRS,n,2,291.31,1.7,D,0
53.09545,30.34227,332.35,0.46,0.39,2019-04-02,1016,N20,VIIRS,n,2,286.68,3.63,D,0
53.1187,30.34377,330.64,0.46,0.39,2019-04-02,1016,N20,VIIRS,n,2,290.42,3,D,0
53.34589,31.3899,330.47,0.43,0.38,2019-04-02,1016,N20,VIIRS,n,2,288.35,2.98,D,0
53.01101,29.61132,335.79,0.48,0.4,2019-04-02,1016,N20,VIIRS,n,2,285.55,3.64,D,0
52.53103,27.40311,336.25,0.39,0.44,2019-04-02,1016,N20,VIIRS,n,2,288.24,4.8,D,0
53.25869,30.72658,330.26,0.45,0.39,2019-04-02,1016,N20,VIIRS,n,2,288.15,2.65,D,0
53.26081,30.71831,344.57,0.45,0.39,2019-04-02,1016,N20,VIIRS,n,2,292.33,10.41,D,0
53.55351,31.95876,332.36,0.41,0.37,2019-04-02,1016,N20,VIIRS,n,2,286.24,7.12,D,0
53.41746,30.75148,327.9,0.44,0.39,2019-04-02,1016,N20,VIIRS,n,2,287.06,2.48,D,0
53.00469,28.71659,332.95,0.51,0.41,2019-04-02,1016,N20,VIIRS,n,2,288.47,4.02,D,0
53.1348,29.30597,327.17,0.49,0.4,2019-04-02,1016,N20,VIIRS,n,2,290.73,2.68,D,0
52.74401,27.38959,326.45,0.38,0.44,2019-04-02,1016,N20,VIIRS,n,2,291.74,2.65,D,0
52.46781,26.16929,331.13,0.43,0.46,2019-04-02,1016,N20,VIIRS,n,2,289.55,2.87,D,0
53.7159,31.74426,334.64,0.42,0.37,2019-04-02,1016,N20,VIIRS,n,2,292.73,14.13,D,0
53.71647,31.63,327.26,0.42,0.38,2019-04-02,1016,N20,VIIRS,n,2,289.85,7.86,D,0
53.67342,31.36161,330.46,0.42,0.38,2019-04-02,1016,N20,VIIRS,n,2,287.35,2.35,D,0
53.30616,29.39953,330.43,0.48,0.4,2019-04-02,1016,N20,VIIRS,n,2,293.55,6.53,D,0
53.79728,31.65838,341.78,0.42,0.37,2019-04-02,1016,N20,VIIRS,n,2,292.41,8.32,D,0
53.83972,31.7498,328.54,0.42,0.37,2019-04-02,1016,N20,VIIRS,n,2,289.36,2.29,D,0
53.83009,31.58032,329.87,0.42,0.38,2019-04-02,1016,N20,VIIRS,n,2,291.7,4.92,D,0
53.81015,31.41492,344.65,0.42,0.38,2019-04-02,1016,N20,VIIRS,n,2,290.85,7.99,D,0
53.81219,31.41315,346.26,0.42,0.38,2019-04-02,1016,N20,VIIRS,n,2,298.66,29.29,D,0
53.81102,31.40699,329.78,0.42,0.38,2019-04-02,1016,N20,VIIRS,n,2,289.56,4.07,D,0
53.86563,31.56048,331.22,0.42,0.38,2019-04-02,1016,N20,VIIRS,n,2,286.67,2.1,D,0
52.5014,25.10278,342.5,0.47,0.48,2019-04-02,1016,N20,VIIRS,n,2,285.75,5.27,D,0
53.91903,31.41673,337.1,0.42,0.38,2019-04-02,1016,N20,VIIRS,n,2,288.34,6.75,D,0
54.0063,31.77259,334.06,0.41,0.37,2019-04-02,1016,N20,VIIRS,n,2,288.41,5.93,D,0
54.00518,31.76655,327.76,0.41,0.37,2019-04-02,1016,N20,VIIRS,n,2,284.97,4.35,D,0
54.00848,31.76476,333.03,0.41,0.37,2019-04-02,1016,N20,VIIRS,n,2,284.27,4.45,D,0
54.01177,31.76296,326.79,0.41,0.37,2019-04-02,1016,N20,VIIRS,n,2,284.47,4.45,D,0
53.98762,31.57471,331.82,0.42,0.37,2019-04-02,1016,N20,VIIRS,n,2,290.23,3.87,D,0
53.83448,30.73504,328.23,0.44,0.38,2019-04-02,1016,N20,VIIRS,n,2,285.29,2.34,D,0
54.0355,31.63656,333.17,0.42,0.37,2019-04-02,1016,N20,VIIRS,n,2,290.83,2.33,D,0
52.75003,25.65129,352.03,0.44,0.46,2019-04-02,1016,N20,VIIRS,n,2,290.46,7.02,D,0
52.7485,25.64515,338.83,0.44,0.46,2019-04-02,1016,N20,VIIRS,n,2,287.64,5.91,D,0
52.75401,25.64859,338.92,0.44,0.46,2019-04-02,1016,N20,VIIRS,n,2,291.81,7.02,D,0
52.75772,25.58844,326.67,0.45,0.47,2019-04-02,1016,N20,VIIRS,n,2,287.9,1.98,D,0
54.0185,31.38874,329.77,0.42,0.38,2019-04-02,1016,N20,VIIRS,n,2,289.16,4.24,D,0
54.01734,31.38256,348.56,0.42,0.38,2019-04-02,1016,N20,VIIRS,n,2,290.68,15.36,D,0
54.02297,31.39312,335.43,0.42,0.38,2019-04-02,1016,N20,VIIRS,n,2,290.24,4.24,D,0
54.02181,31.38693,350.27,0.42,0.38,2019-04-02,1016,N20,VIIRS,n,2,292.46,4.24,D,0
54.02066,31.38074,347,0.42,0.38,2019-04-02,1016,N20,VIIRS,n,2,289.19,15.36,D,0
52.75686,25.58887,326.92,0.45,0.47,2019-04-02,1016,N20,VIIRS,n,2,287.9,2.6,D,0
52.76724,25.57446,326.47,0.45,0.47,2019-04-02,1016,N20,VIIRS,n,2,293.67,2.89,D,0
52.73197,25.34244,343.74,0.46,0.47,2019-04-02,1016,N20,VIIRS,n,2,291.98,3.89,D,0
52.736,25.3397,331.43,0.46,0.47,2019-04-02,1016,N20,VIIRS,n,2,288.54,3.89,D,0
52.39685,23.75791,325.67,0.54,0.51,2019-04-02,1016,N20,VIIRS,n,2,286.23,4.08,D,0
52.39489,23.75062,333.29,0.54,0.51,2019-04-02,1016,N20,VIIRS,n,2,288.22,4.49,D,0
54.01102,30.6994,325.66,0.43,0.38,2019-04-02,1016,N20,VIIRS,n,2,288.93,1.55,D,0
52.39394,23.75158,337.78,0.54,0.51,2019-04-02,1016,N20,VIIRS,n,2,288.92,8.56,D,0
53.67323,28.84185,333.97,0.49,0.41,2019-04-02,1016,N20,VIIRS,n,2,290.32,5.5,D,0
53.67171,28.83478,328.97,0.49,0.41,2019-04-02,1016,N20,VIIRS,n,2,290.46,3.96,D,0
53.09492,25.98704,334.7,0.42,0.45,2019-04-02,1016,N20,VIIRS,n,2,288.89,4.65,D,0
53.09349,25.98113,348.76,0.42,0.45,2019-04-02,1016,N20,VIIRS,n,2,291.24,4.65,D,0
53.09219,25.98671,332.56,0.42,0.45,2019-04-02,1016,N20,VIIRS,n,2,289.79,1.7,D,0
53.09074,25.98082,334.28,0.42,0.45,2019-04-02,1016,N20,VIIRS,n,2,287.97,3.27,D,0
53.0961,25.98411,338.29,0.42,0.45,2019-04-02,1016,N20,VIIRS,n,2,289.61,3.76,D,0
53.65553,28.06795,329.34,0.52,0.42,2019-04-02,1016,N20,VIIRS,n,2,289.54,5.21,D,0
53.65388,28.06048,344.48,0.52,0.42,2019-04-02,1016,N20,VIIRS,n,2,293.57,16.74,D,0
54.12371,30.27591,329.8,0.44,0.39,2019-04-02,1016,N20,VIIRS,n,2,288.17,2.79,D,0
54.27874,30.74234,328.83,0.43,0.38,2019-04-02,1016,N20,VIIRS,n,2,288.07,4.42,D,0
53.40145,26.47454,339.89,0.4,0.44,2019-04-02,1016,N20,VIIRS,n,2,290.86,9.91,D,0
53.40526,26.47199,342.47,0.4,0.44,2019-04-02,1016,N20,VIIRS,n,2,293.33,9.91,D,0
54.41285,30.75767,330.17,0.43,0.38,2019-04-02,1016,N20,VIIRS,n,2,289.4,2.33,D,0
52.95517,24.29572,343.87,0.49,0.49,2019-04-02,1016,N20,VIIRS,n,2,285.01,6.08,D,0
53.03715,24.46066,334.24,0.48,0.48,2019-04-02,1016,N20,VIIRS,n,2,284.61,2.39,D,0
54.47026,30.31918,328.35,0.44,0.38,2019-04-02,1016,N20,VIIRS,n,2,287.34,2.34,D,0
54.61311,30.85934,335.41,0.42,0.38,2019-04-02,1016,N20,VIIRS,n,2,286.01,3.26,D,0
54.61642,30.85746,329.88,0.42,0.38,2019-04-02,1016,N20,VIIRS,n,2,288.24,2.44,D,0
53.62889,26.23926,338.39,0.4,0.44,2019-04-02,1016,N20,VIIRS,n,2,291.61,15.08,D,0
54.52626,30.31519,330.27,0.44,0.38,2019-04-02,1016,N20,VIIRS,n,2,289.46,3.14,D,0
54.62041,30.25871,325.81,0.44,0.38,2019-04-02,1016,N20,VIIRS,n,2,287.28,2.61,D,0
53.57465,25.17395,338.55,0.44,0.46,2019-04-02,1016,N20,VIIRS,n,2,290.25,6.89,D,0
53.57312,25.16776,331.96,0.44,0.46,2019-04-02,1016,N20,VIIRS,n,2,288.79,5.76,D,0
54.16035,27.34978,333.53,0.54,0.42,2019-04-02,1016,N20,VIIRS,n,2,289.96,5.14,D,0
54.61958,29.47902,331.87,0.45,0.39,2019-04-02,1016,N20,VIIRS,n,2,292.22,5.61,D,0
54.16399,27.3474,331.01,0.54,0.42,2019-04-02,1016,N20,VIIRS,n,2,288.11,5.14,D,0
54.63803,29.3619,331.83,0.46,0.39,2019-04-02,1016,N20,VIIRS,n,2,289.05,3.02,D,0
54.64144,29.3598,335.26,0.46,0.39,2019-04-02,1016,N20,VIIRS,n,2,288.69,3.02,D,0
54.64008,29.35307,328.85,0.46,0.39,2019-04-02,1016,N20,VIIRS,n,2,284.67,3.02,D,0
54.64757,29.37115,329.53,0.46,0.39,2019-04-02,1016,N20,VIIRS,n,2,287.73,7.11,D,0
54.64485,29.35768,339.98,0.46,0.39,2019-04-02,1016,N20,VIIRS,n,2,288.62,7.71,D,0
54.64569,29.37172,328.92,0.46,0.39,2019-04-02,1016,N20,VIIRS,n,2,287.98,4.45,D,0
54.64155,29.35156,328.79,0.46,0.39,2019-04-02,1016,N20,VIIRS,n,2,286.11,4.04,D,0
54.64634,29.35618,343.92,0.46,0.39,2019-04-02,1016,N20,VIIRS,n,2,287.57,10.68,D,0
54.68603,29.36239,328.97,0.46,0.39,2019-04-02,1016,N20,VIIRS,n,2,288.28,4.94,D,0
54.82788,29.06104,329.83,0.46,0.39,2019-04-02,1016,N20,VIIRS,n,2,289.81,5.56,D,0
54.86479,29.18404,340.19,0.46,0.39,2019-04-02,1016,N20,VIIRS,n,2,288.27,6.16,D,0
53.98675,25.02401,332.33,0.43,0.46,2019-04-02,1016,N20,VIIRS,n,2,287.75,3.8,D,0
53.98524,25.01791,327.41,0.43,0.46,2019-04-02,1016,N20,VIIRS,n,2,287.79,2.97,D,0
55.20688,30.5206,330.21,0.42,0.38,2019-04-02,1016,N20,VIIRS,n,2,286.61,7.08,D,0
55.21019,30.51867,343.38,0.42,0.38,2019-04-02,1016,N20,VIIRS,n,2,289.47,7.71,D,0
55.2123,30.51036,327.17,0.42,0.38,2019-04-02,1016,N20,VIIRS,n,2,288.15,7.71,D,0
55.21083,30.50967,327.28,0.42,0.38,2019-04-02,1016,N20,VIIRS,n,2,288.16,1.98,D,0
55.17378,30.03031,328.79,0.43,0.38,2019-04-02,1016,N20,VIIRS,n,2,287.54,3.36,D,0
55.38142,29.36409,329.54,0.44,0.39,2019-04-02,1016,N20,VIIRS,n,2,288.12,3.61,D,0
55.45842,28.88781,336.83,0.45,0.39,2019-04-02,1016,N20,VIIRS,n,2,289.21,3.41,D,0
55.48391,28.59896,330.53,0.46,0.39,2019-04-02,1016,N20,VIIRS,n,2,286.04,5.12,D,0
55.35596,27.86018,327.33,0.49,0.4,2019-04-02,1017,N20,VIIRS,n,2,288.37,2.13,D,0
51.65643,27.20553,333.95,0.44,0.62,2019-04-02,1156,N20,VIIRS,n,2,288.99,4.19,D,0
51.88847,29.34913,334.6,0.54,0.68,2019-04-02,1156,N20,VIIRS,n,2,282.33,6.35,D,0
51.88848,29.34123,346.28,0.54,0.68,2019-04-02,1156,N20,VIIRS,n,2,287.54,6.35,D,2
51.89109,29.34845,333.22,0.54,0.68,2019-04-02,1156,N20,VIIRS,n,2,284.25,7.22,D,2
51.89114,29.34052,352.29,0.54,0.68,2019-04-02,1156,N20,VIIRS,n,2,290.06,11.11,D,2
51.79368,23.70733,325.32,0.62,0.54,2019-04-02,1156,N20,VIIRS,n,2,286.61,3.5,D,0
51.96719,26.11468,325.64,0.39,0.6,2019-04-02,1156,N20,VIIRS,n,2,290.49,1.43,D,0
51.9912,27.13232,346.99,0.43,0.62,2019-04-02,1156,N20,VIIRS,n,2,295.93,3.8,D,0
51.60752,27.42333,330.52,0.45,0.63,2019-04-02,1156,N20,VIIRS,n,2,287.08,2.06,D,0
52.01564,27.72462,367,0.46,0.64,2019-04-02,1156,N20,VIIRS,h,2,290.86,6.54,D,0
52.01571,27.73147,329.59,0.46,0.64,2019-04-02,1156,N20,VIIRS,n,2,287.06,6.54,D,0
52.0481,28.03109,331.39,0.48,0.64,2019-04-02,1156,N20,VIIRS,n,2,287.33,3.25,D,0
52.13588,27.14568,333.34,0.44,0.62,2019-04-02,1156,N20,VIIRS,n,2,289.4,2.42,D,0
51.45779,29.3738,333.13,0.54,0.68,2019-04-02,1156,N20,VIIRS,n,2,289.08,4.32,D,0
51.45517,29.37448,326.58,0.54,0.68,2019-04-02,1156,N20,VIIRS,n,2,286.43,2.96,D,0
52.27794,28.86102,342.75,0.52,0.67,2019-04-02,1156,N20,VIIRS,n,2,285.57,2.99,D,0
52.30444,30.23925,326.78,0.59,0.7,2019-04-02,1156,N20,VIIRS,n,2,288.01,3.11,D,0
52.3243,26.34339,325.47,0.4,0.6,2019-04-02,1156,N20,VIIRS,n,2,289.84,1.45,D,0
52.35931,27.97257,367,0.47,0.64,2019-04-02,1156,N20,VIIRS,h,2,292,13.81,D,0
52.35926,27.96547,353.81,0.47,0.64,2019-04-02,1156,N20,VIIRS,n,2,295,14.05,D,0
52.50139,25.10456,335.97,0.36,0.57,2019-04-02,1156,N20,VIIRS,n,2,285.72,2.46,D,0
52.4486,24.31336,328.96,0.33,0.55,2019-04-02,1156,N20,VIIRS,n,2,286.64,1.77,D,0
53.40672,26.46349,367,0.41,0.61,2019-04-02,1157,N20,VIIRS,h,2,304.38,57.05,D,0
53.55118,24.82581,346.98,0.35,0.57,2019-04-02,1157,N20,VIIRS,n,2,291.05,3.23,D,0
53.51322,31.81819,336.35,0.69,0.74,2019-04-02,1157,N20,VIIRS,n,2,285.97,8.62,D,0
53.51421,31.82777,343.98,0.69,0.74,2019-04-02,1157,N20,VIIRS,n,2,285.47,11.02,D,0
53.40406,26.46359,367,0.41,0.61,2019-04-02,1157,N20,VIIRS,h,2,303.97,53.66,D,0
53.29625,28.48804,367,0.5,0.66,2019-04-02,1157,N20,VIIRS,h,2,291.03,7.42,D,0
53.19071,27.9826,341.2,0.48,0.64,2019-04-02,1157,N20,VIIRS,n,2,286.34,4.56,D,0
53.13482,25.9512,328.52,0.39,0.59,2019-04-02,1157,N20,VIIRS,n,2,287.98,4.38,D,0
53.03577,24.45848,325.36,0.34,0.56,2019-04-02,1157,N20,VIIRS,n,2,285.93,1.5,D,0
53.00089,26.46155,356.29,0.41,0.61,2019-04-02,1157,N20,VIIRS,l,2,289.63,7.83,D,0
53.00079,26.4552,328.44,0.41,0.61,2019-04-02,1157,N20,VIIRS,n,2,288.28,5.39,D,0
52.97945,25.62853,354.33,0.38,0.59,2019-04-02,1157,N20,VIIRS,n,2,292.73,10.18,D,0
52.97958,25.63424,346.02,0.38,0.59,2019-04-02,1157,N20,VIIRS,n,2,288.34,8.72,D,0
53.00366,26.462,345.21,0.41,0.61,2019-04-02,1157,N20,VIIRS,n,2,287.85,6.78,D,0
52.97844,25.62967,354.95,0.38,0.59,2019-04-02,1157,N20,VIIRS,n,2,293.31,6.68,D,0
52.9786,25.63536,329.63,0.38,0.59,2019-04-02,1157,N20,VIIRS,n,2,286.98,6.68,D,0
52.99802,26.46212,340.1,0.41,0.61,2019-04-02,1157,N20,VIIRS,n,2,287.52,2.73,D,0
53.00715,29.61288,356.4,0.56,0.69,2019-04-02,1157,N20,VIIRS,n,2,286.36,12.3,D,0
53.00077,29.6126,346.78,0.56,0.69,2019-04-02,1157,N20,VIIRS,n,2,284.63,12.3,D,0
52.76899,25.57042,330.32,0.38,0.58,2019-04-02,1157,N20,VIIRS,n,2,293.5,4.1,D,0
52.75969,25.63942,355.15,0.38,0.59,2019-04-02,1157,N20,VIIRS,n,2,296.04,10.66,D,0
52.75982,25.64512,367,0.38,0.59,2019-04-02,1157,N20,VIIRS,h,2,293.23,10.66,D,0
52.77309,25.57435,328.89,0.38,0.58,2019-04-02,1157,N20,VIIRS,n,2,293.7,3.75,D,0
52.75853,25.63788,350.34,0.38,0.59,2019-04-02,1157,N20,VIIRS,n,2,290.42,15.67,D,0
52.75868,25.64357,367,0.38,0.59,2019-04-02,1157,N20,VIIRS,h,2,298.93,15.67,D,0
52.7338,25.33525,349.95,0.37,0.58,2019-04-02,1157,N20,VIIRS,n,2,293.03,5.58,D,0
55.56823,28.92362,327.61,0.53,0.67,2019-04-02,1157,N20,VIIRS,n,2,285.89,3.72,D,0
55.52415,27.26898,367,0.45,0.63,2019-04-02,1157,N20,VIIRS,h,2,292.42,20.11,D,0
55.51827,27.26899,339,0.45,0.63,2019-04-02,1157,N20,VIIRS,n,2,285.37,5.68,D,0
55.48408,28.5992,340.74,0.51,0.66,2019-04-02,1157,N20,VIIRS,n,2,285.42,12.73,D,0
55.52005,27.26818,356.39,0.45,0.63,2019-04-02,1157,N20,VIIRS,n,2,292.34,23.13,D,0
55.32865,29.98103,367,0.58,0.7,2019-04-02,1157,N20,VIIRS,h,2,290.56,14.32,D,0
55.22599,30.61855,347.25,0.62,0.71,2019-04-02,1157,N20,VIIRS,n,2,285.27,6.35,D,0
55.11347,26.43492,336.19,0.42,0.61,2019-04-02,1157,N20,VIIRS,n,2,289.08,4.58,D,0
55.11355,26.44167,335.43,0.42,0.61,2019-04-02,1157,N20,VIIRS,n,2,288.98,4.58,D,0
54.82349,29.06345,329.48,0.53,0.67,2019-04-02,1157,N20,VIIRS,n,2,285.76,2.83,D,0
54.81617,29.17545,337.79,0.54,0.68,2019-04-02,1157,N20,VIIRS,n,2,287.49,3.98,D,0
54.67921,30.19348,351.92,0.59,0.7,2019-04-02,1157,N20,VIIRS,n,2,286.33,7.17,D,0
54.67269,30.19303,338.48,0.59,0.7,2019-04-02,1157,N20,VIIRS,n,2,284,7.17,D,0
54.64543,29.35485,329.16,0.55,0.68,2019-04-02,1157,N20,VIIRS,n,2,285.05,3.92,D,0
54.64526,29.37242,325.87,0.55,0.68,2019-04-02,1157,N20,VIIRS,n,2,287.12,3.07,D,0
54.30778,31.09187,338.38,0.64,0.72,2019-04-02,1157,N20,VIIRS,n,2,287.57,4.79,D,0
54.0198,31.38,356.26,0.66,0.73,2019-04-02,1157,N20,VIIRS,l,2,289.8,11.86,D,0
54.013,31.37922,341.7,0.66,0.73,2019-04-02,1157,N20,VIIRS,n,2,283.02,11.86,D,0
54.01917,31.37572,353.35,0.66,0.73,2019-04-02,1157,N20,VIIRS,n,2,289.43,10.44,D,0
54.01893,31.38603,337.4,0.66,0.73,2019-04-02,1157,N20,VIIRS,n,2,285.91,10.44,D,0
54.01236,31.37498,340.95,0.66,0.73,2019-04-02,1157,N20,VIIRS,n,2,283.68,4.87,D,0
53.97318,31.57132,341.06,0.67,0.74,2019-04-02,1157,N20,VIIRS,n,2,287.83,5.73,D,0
53.88321,23.90003,334.5,0.33,0.55,2019-04-02,1157,N20,VIIRS,n,2,287.13,2.12,D,0
53.86377,31.5599,336.98,0.67,0.74,2019-04-02,1157,N20,VIIRS,n,2,286.14,6.3,D,0
53.86349,31.57033,335.66,0.67,0.74,2019-04-02,1157,N20,VIIRS,n,2,284.05,6.3,D,0
53.85639,25.06785,336.83,0.36,0.58,2019-04-02,1157,N20,VIIRS,n,2,289.28,4.84,D,0
53.82894,31.57805,325.86,0.67,0.74,2019-04-02,1157,N20,VIIRS,n,2,285.87,3.18,D,0
53.71508,31.74762,325.4,0.68,0.74,2019-04-02,1157,N20,VIIRS,n,2,285.77,2.78,D,0
53.64153,23.81407,343.73,0.32,0.55,2019-04-02,1157,N20,VIIRS,n,2,291.16,2.51,D,0
53.63989,26.2321,337.92,0.41,0.6,2019-04-02,1157,N20,VIIRS,n,2,288.91,4.33,D,0
53.63408,26.21987,334.88,0.4,0.6,2019-04-02,1157,N20,VIIRS,n,2,290.45,4.04,D,0
53.63428,26.23235,330.94,0.41,0.6,2019-04-02,1157,N20,VIIRS,n,2,291.79,11.28,D,0
53.63439,26.23858,367,0.41,0.6,2019-04-02,1157,N20,VIIRS,h,2,292.5,8.78,D,0
53.62878,26.23884,332.71,0.41,0.6,2019-04-02,1157,N20,VIIRS,n,2,291.58,8.78,D,0
53.63091,26.23923,367,0.41,0.6,2019-04-02,1157,N20,VIIRS,h,2,294.06,11.02,D,0
53.57726,25.16814,326.74,0.37,0.58,2019-04-02,1157,N20,VIIRS,n,2,288.46,1.54,D,0
55.48613,28.60249,331.89,0.42,0.37,2019-04-03,0007,N20,VIIRS,n,2,274.53,10.42,N,0
52.84692,29.99014,328.29,0.39,0.36,2019-04-03,0008,N20,VIIRS,n,2,275.05,4.59,N,2
52.9608,30.25932,296.67,0.38,0.36,2019-04-03,0008,N20,VIIRS,n,2,265.25,1.09,N,0
53.67239,31.82508,296.2,0.39,0.36,2019-04-03,0008,N20,VIIRS,n,2,271.43,0.81,N,2
53.27225,24.4402,306.6,0.51,0.41,2019-04-03,0008,N20,VIIRS,n,2,275.79,1.64,N,2
52.30627,30.24092,308.57,0.38,0.36,2019-04-03,0008,N20,VIIRS,n,2,269.18,0.99,N,0
52.53062,27.41043,308.25,0.41,0.37,2019-04-03,0008,N20,VIIRS,n,2,264.18,1,N,0
52.76217,25.2075,301.46,0.47,0.4,2019-04-03,0008,N20,VIIRS,n,2,268.84,1.56,N,0
52.76171,25.21446,299.17,0.47,0.4,2019-04-03,0008,N20,VIIRS,n,2,270.14,1.18,N,0
52.729,25.34045,311.54,0.47,0.39,2019-04-03,0008,N20,VIIRS,n,2,268.49,1.14,N,0
51.82969,30.48894,306.86,0.38,0.36,2019-04-03,0008,N20,VIIRS,n,2,270.17,0.94,N,0
51.89092,29.33675,295.16,0.39,0.36,2019-04-03,0008,N20,VIIRS,n,2,269.51,0.66,N,2
52.2308,24.36276,295.88,0.49,0.41,2019-04-03,0008,N20,VIIRS,n,2,269.79,0.38,N,0
52.15613,24.69402,307.85,0.48,0.4,2019-04-03,0008,N20,VIIRS,n,2,269.81,1.3,N,0
53.27229,24.44074,304.3,0.5,0.41,2019-04-03,0008,N20,VIIRS,n,2,275.37,1.15,N,2
52.30713,30.2354,302.87,0.38,0.36,2019-04-03,0008,N20,VIIRS,n,2,266.27,0.99,N,0
55.48329,28.60125,341.22,0.52,0.67,2019-04-03,0147,N20,VIIRS,n,2,270.82,5.38,N,0
55.48416,28.6,338.44,0.52,0.67,2019-04-03,0147,N20,VIIRS,n,2,271.22,3.96,N,0
52.76437,25.21077,298.79,0.51,0.66,2019-04-03,0148,N20,VIIRS,n,2,268.79,0.86,N,0
52.53258,27.41129,300.64,0.63,0.72,2019-04-03,0148,N20,VIIRS,n,2,263.68,0.76,N,0
51.88859,29.34242,299.26,0.78,0.78,2019-04-03,0148,N20,VIIRS,n,2,268.71,2.36,N,2
52.5321,27.41056,301.73,0.63,0.72,2019-04-03,0148,N20,VIIRS,n,2,263.79,1.06,N,0
52.76275,25.21059,299.18,0.51,0.66,2019-04-03,0148,N20,VIIRS,n,2,268.17,0.59,N,0
51.88792,29.3354,300.15,0.78,0.78,2019-04-03,0148,N20,VIIRS,n,2,268.33,1.17,N,2
52.73175,25.34104,295.78,0.52,0.67,2019-04-03,0148,N20,VIIRS,n,2,266.31,0.95,N,0
53.10663,29.35561,329.37,0.47,0.48,2019-04-03,0957,N20,VIIRS,n,2,285.44,2.92,D,0
53.69385,31.72845,333.96,0.57,0.43,2019-04-03,0957,N20,VIIRS,n,2,290.1,10.65,D,0
53.70317,31.75017,333.8,0.56,0.43,2019-04-03,0957,N20,VIIRS,n,2,291.13,5.15,D,0
53.76051,31.86943,329.79,0.56,0.43,2019-04-03,0957,N20,VIIRS,n,2,290.17,4.28,D,0
54.68842,29.32062,347.69,0.43,0.46,2019-04-03,0957,N20,VIIRS,n,2,290.67,10.99,D,0
54.68454,29.32357,329.26,0.43,0.46,2019-04-03,0957,N20,VIIRS,n,2,289.84,3.48,D,0
54.65063,29.22409,326.09,0.43,0.46,2019-04-03,0957,N20,VIIRS,n,2,289.32,3.29,D,0
54.82128,30.30747,330.62,0.39,0.44,2019-04-03,0957,N20,VIIRS,n,2,287.57,2.35,D,0
54.71028,30.18011,339.49,0.4,0.44,2019-04-03,0957,N20,VIIRS,n,2,291.92,6.21,D,0
53.21566,25.15184,337.03,0.34,0.56,2019-04-03,0957,N20,VIIRS,n,2,285.64,3.02,D,0
54.59401,30.49381,326.43,0.39,0.44,2019-04-03,0957,N20,VIIRS,n,2,288.93,2.24,D,0
53.80245,27.9748,336.25,0.51,0.49,2019-04-03,0957,N20,VIIRS,n,2,288.84,4.06,D,0
53.79828,27.97798,336.46,0.51,0.49,2019-04-03,0957,N20,VIIRS,n,2,289.84,4.06,D,0
54.38378,30.39508,348.24,0.4,0.44,2019-04-03,0957,N20,VIIRS,n,2,291.76,6.75,D,0
53.67802,27.75997,338.23,0.52,0.5,2019-04-03,0957,N20,VIIRS,n,2,289.04,3.58,D,0
53.82549,28.31366,327.79,0.49,0.49,2019-04-03,0957,N20,VIIRS,n,2,285.06,4.72,D,0
54.41654,30.77421,337.78,0.39,0.44,2019-04-03,0957,N20,VIIRS,n,2,288.05,9.87,D,0
53.18766,27.94428,337.51,0.53,0.5,2019-04-03,0957,N20,VIIRS,n,2,285.8,5.29,D,0
53.37756,28.75994,355.03,0.49,0.49,2019-04-03,0957,N20,VIIRS,n,2,293.79,23.64,D,0
53.05857,27.60897,333.93,0.55,0.51,2019-04-03,0957,N20,VIIRS,n,2,286.7,3.54,D,0
53.37878,28.76027,342.75,0.49,0.49,2019-04-03,0957,N20,VIIRS,n,2,289.41,10.37,D,0
53.37467,28.76328,350.88,0.49,0.49,2019-04-03,0957,N20,VIIRS,n,2,292.56,10.37,D,0
52.15319,24.6871,367,0.38,0.59,2019-04-03,0957,N20,VIIRS,h,2,291.09,13.95,D,0
52.1499,24.69616,353.95,0.38,0.59,2019-04-03,0957,N20,VIIRS,n,2,289.24,4.31,D,0
52.14661,24.70522,328.94,0.38,0.59,2019-04-03,0957,N20,VIIRS,n,2,286.96,4.31,D,0
53.88972,31.50918,337.53,0.57,0.43,2019-04-03,0957,N20,VIIRS,n,2,288.04,3.89,D,0
53.65544,30.63545,329.69,0.41,0.45,2019-04-03,0957,N20,VIIRS,n,2,291.54,3.27,D,0
53.63877,30.58554,343.62,0.41,0.45,2019-04-03,0957,N20,VIIRS,n,2,289.71,4.09,D,0
53.63491,30.58819,339.82,0.41,0.45,2019-04-03,0957,N20,VIIRS,n,2,290.14,4.09,D,0
52.84324,27.64259,336.39,0.56,0.52,2019-04-03,0957,N20,VIIRS,n,2,289.81,9.29,D,0
52.84536,27.6502,337.94,0.56,0.52,2019-04-03,0957,N20,VIIRS,n,2,286.74,9.29,D,0
53.89009,31.78709,325.43,0.56,0.43,2019-04-03,0957,N20,VIIRS,n,2,291.03,4.78,D,0
53.81461,31.43912,330.49,0.38,0.43,2019-04-03,0957,N20,VIIRS,n,2,289.19,6.81,D,0
52.84324,27.64988,350,0.56,0.52,2019-04-03,0957,N20,VIIRS,n,2,289.6,13.54,D,0
53.36671,29.88215,334.49,0.45,0.47,2019-04-03,0957,N20,VIIRS,n,2,289.87,3.48,D,0
53.0927,28.89556,330.22,0.49,0.49,2019-04-03,0957,N20,VIIRS,n,2,287.24,2.72,D,0
53.19825,29.39087,338.85,0.47,0.48,2019-04-03,0957,N20,VIIRS,n,2,288.37,4.07,D,0
53.19774,29.39183,339.76,0.47,0.48,2019-04-03,0957,N20,VIIRS,n,2,290.03,3.62,D,0
53.42604,27.07074,336.55,0.56,0.52,2019-04-03,0957,N20,VIIRS,n,2,289.62,3.62,D,0
52.76814,25.21075,349.61,0.35,0.57,2019-04-03,0957,N20,VIIRS,n,2,303.66,40.67,D,0
52.76347,25.21469,353.23,0.35,0.57,2019-04-03,0957,N20,VIIRS,n,2,286.58,4.32,D,0
54.31792,31.103,327.65,0.57,0.43,2019-04-03,0957,N20,VIIRS,n,2,289.07,2.41,D,0
53.78398,28.996,325.43,0.47,0.48,2019-04-03,0957,N20,VIIRS,n,2,291.24,2.3,D,0
52.532,24.79164,367,0.37,0.58,2019-04-03,0957,N20,VIIRS,h,2,292.54,13.81,D,0
52.80503,25.89645,339.49,0.33,0.55,2019-04-03,0957,N20,VIIRS,n,2,287.64,2.77,D,0
52.80634,25.90092,340.48,0.33,0.55,2019-04-03,0957,N20,VIIRS,n,2,288.39,2.77,D,0
52.43301,24.6824,338.07,0.38,0.58,2019-04-03,0957,N20,VIIRS,n,2,303.37,19.38,D,0
52.43452,24.68732,340.46,0.37,0.58,2019-04-03,0957,N20,VIIRS,n,2,286.44,19.38,D,0
52.4282,24.68647,353.45,0.38,0.58,2019-04-03,0957,N20,VIIRS,n,2,295.33,19.38,D,0
52.42973,24.69138,332.54,0.37,0.58,2019-04-03,0957,N20,VIIRS,n,2,287.56,19.38,D,0
51.45948,29.37457,326.44,0.53,0.5,2019-04-03,0957,N20,VIIRS,n,2,289.87,3.63,D,0
51.45949,29.37577,328.98,0.53,0.5,2019-04-03,0957,N20,VIIRS,n,2,289.08,4.37,D,0
51.88874,29.33965,325.05,0.52,0.5,2019-04-03,0957,N20,VIIRS,n,2,292.45,3.98,D,2
52.20898,30.3754,344.29,0.46,0.47,2019-04-03,0957,N20,VIIRS,n,2,292.43,5.06,D,0
52.28445,30.54403,332.86,0.45,0.47,2019-04-03,0957,N20,VIIRS,n,2,288.86,7.7,D,0
52.2829,30.53782,338.96,0.45,0.47,2019-04-03,0957,N20,VIIRS,n,2,290.78,7.7,D,0
52.16899,30.01181,339.6,0.48,0.48,2019-04-03,0957,N20,VIIRS,n,2,289.71,6.84,D,0
51.6098,27.36915,325.73,0.63,0.54,2019-04-03,0957,N20,VIIRS,n,2,290.86,3.09,D,0
51.60667,27.33412,344.5,0.63,0.54,2019-04-03,0957,N20,VIIRS,n,2,292.16,21.63,D,0
52.43885,30.38896,328.65,0.45,0.47,2019-04-03,0957,N20,VIIRS,n,2,290.06,2.33,D,0
51.999,28.58002,367,0.55,0.51,2019-04-03,0957,N20,VIIRS,h,2,293.25,14.92,D,0
52.09774,28.90814,338.65,0.53,0.5,2019-04-03,0957,N20,VIIRS,n,2,292.51,8.74,D,0
52.64904,31.03253,328.6,0.42,0.46,2019-04-03,0957,N20,VIIRS,n,2,293.95,2.03,D,0
52.31176,29.57153,334.04,0.49,0.49,2019-04-03,0957,N20,VIIRS,n,2,292.81,7.82,D,0
52.31034,29.57215,332.83,0.49,0.49,2019-04-03,0957,N20,VIIRS,n,2,292.93,4.66,D,0
52.49073,29.74289,338.51,0.48,0.48,2019-04-03,0957,N20,VIIRS,n,2,292.27,8.5,D,0
52.48903,29.73633,335.8,0.48,0.48,2019-04-03,0957,N20,VIIRS,n,2,290.01,8.5,D,0
53.1072,32.18382,325.55,0.56,0.43,2019-04-03,0957,N20,VIIRS,n,2,289.78,4.27,D,0
53.10537,32.17587,336.17,0.56,0.43,2019-04-03,0957,N20,VIIRS,n,2,290.08,4.27,D,0
53.11458,32.19728,340.32,0.56,0.43,2019-04-03,0957,N20,VIIRS,n,2,291.25,8.91,D,0
53.10909,32.17349,353.24,0.56,0.43,2019-04-03,0957,N20,VIIRS,n,2,294.65,39.37,D,0
53.12014,32.20288,325.1,0.56,0.43,2019-04-03,0957,N20,VIIRS,n,2,290.54,3.34,D,0
53.11831,32.19493,353.9,0.56,0.43,2019-04-03,0957,N20,VIIRS,n,2,292.66,8.91,D,0
53.11648,32.18701,334.45,0.56,0.43,2019-04-03,0957,N20,VIIRS,n,2,290.9,8.91,D,0
53.11465,32.17907,353.17,0.56,0.43,2019-04-03,0957,N20,VIIRS,n,2,298.28,39.37,D,0
53.11282,32.17113,330.57,0.56,0.43,2019-04-03,0957,N20,VIIRS,n,2,304.62,39.37,D,0
53.12021,32.18465,367,0.56,0.43,2019-04-03,0957,N20,VIIRS,h,2,294.23,12.01,D,0
53.12203,32.19258,332.49,0.56,0.43,2019-04-03,0957,N20,VIIRS,n,2,288.93,12.01,D,0
53.11838,32.17671,351.02,0.56,0.43,2019-04-03,0957,N20,VIIRS,n,2,292.8,26.56,D,0
52.00568,27.54654,330.08,0.6,0.53,2019-04-03,0957,N20,VIIRS,n,2,289.29,4.6,D,0
52.00437,27.54881,331.82,0.6,0.53,2019-04-03,0957,N20,VIIRS,n,2,290.09,3.59,D,0
51.8482,26.97009,355.13,0.32,0.55,2019-04-03,0957,N20,VIIRS,n,2,311.92,44.88,D,0
51.84696,26.96584,349.62,0.32,0.55,2019-04-03,0957,N20,VIIRS,n,2,292.57,24.53,D,0
52.84763,29.98906,344.88,0.46,0.47,2019-04-03,0957,N20,VIIRS,n,2,295.38,22.47,D,2
53.26371,31.66648,339.07,0.39,0.44,2019-04-03,0957,N20,VIIRS,n,2,290.77,6.98,D,0
52.02827,26.7027,367,0.32,0.55,2019-04-03,0957,N20,VIIRS,h,2,292.53,8.46,D,0
53.40173,31.87915,326.83,0.57,0.43,2019-04-03,0957,N20,VIIRS,n,2,289.99,10.95,D,0
53.39988,31.87113,336.27,0.57,0.43,2019-04-03,0957,N20,VIIRS,n,2,292.42,10.95,D,0
53.40361,31.86871,329.97,0.57,0.43,2019-04-03,0957,N20,VIIRS,n,2,289.66,10.95,D,0
53.0357,30.29759,331.14,0.44,0.46,2019-04-03,0957,N20,VIIRS,n,2,287.38,3.53,D,0
52.97944,29.97864,339,0.45,0.47,2019-04-03,0957,N20,VIIRS,n,2,292.76,7.63,D,0
53.34837,31.38482,325.12,0.39,0.44,2019-04-03,0957,N20,VIIRS,n,2,289.78,1.4,D,0
51.96154,26.11701,345.27,0.34,0.56,2019-04-03,0957,N20,VIIRS,n,2,287.76,3.43,D,0
52.48677,27.8784,329.19,0.56,0.52,2019-04-03,0957,N20,VIIRS,n,2,289.64,4.11,D,0
52.09341,26.46431,351.61,0.33,0.55,2019-04-03,0957,N20,VIIRS,n,2,289.08,3.34,D,0
52.04063,26.22762,367,0.34,0.56,2019-04-03,0957,N20,VIIRS,h,2,292.37,5.18,D,0
53.05737,29.75261,345.62,0.46,0.47,2019-04-03,0957,N20,VIIRS,n,2,290.91,8.27,D,0
53.05836,29.74921,340.27,0.46,0.47,2019-04-03,0957,N20,VIIRS,n,2,291.35,7.75,D,0
52.52748,27.41387,349.07,0.59,0.53,2019-04-03,0957,N20,VIIRS,n,2,290.84,7.87,D,0
53.10832,29.47778,330.33,0.47,0.48,2019-04-03,0957,N20,VIIRS,n,2,291.34,5.51,D,0
53.10934,29.47748,336.86,0.47,0.48,2019-04-03,0957,N20,VIIRS,n,2,290.94,3.43,D,0
53.69013,31.7309,330.68,0.57,0.43,2019-04-03,0957,N20,VIIRS,n,2,290.1,3.48,D,0
53.32703,30.22248,326.05,0.43,0.46,2019-04-03,0957,N20,VIIRS,n,2,285.35,2.38,D,0
53.69572,31.7365,333.02,0.56,0.43,2019-04-03,0957,N20,VIIRS,n,2,295.24,10.65,D,0
54.72803,29.179,330.32,0.43,0.46,2019-04-03,0958,N20,VIIRS,n,2,288.63,6.33,D,0
54.80463,29.14994,326.2,0.43,0.46,2019-04-03,0958,N20,VIIRS,n,2,287.26,2.4,D,0
54.83343,29.17259,329.62,0.43,0.46,2019-04-03,0958,N20,VIIRS,n,2,288.87,3.1,D,0
54.72957,29.18518,338.37,0.43,0.46,2019-04-03,0958,N20,VIIRS,n,2,289.48,11.66,D,0
54.83467,29.62809,339.83,0.41,0.45,2019-04-03,0958,N20,VIIRS,n,2,290.01,5.01,D,0
54.84069,29.70799,336.71,0.41,0.45,2019-04-03,0958,N20,VIIRS,n,2,289.13,3.52,D,0
54.68902,29.31826,355.84,0.43,0.46,2019-04-03,0958,N20,VIIRS,l,2,289.61,6.25,D,0
54.68514,29.3212,332.77,0.43,0.46,2019-04-03,0958,N20,VIIRS,n,2,290.42,6.25,D,0
54.86817,29.25655,331.49,0.43,0.46,2019-04-03,0958,N20,VIIRS,n,2,287.54,4.2,D,0
55.21161,30.57446,336.38,0.56,0.43,2019-04-03,0958,N20,VIIRS,n,2,289.03,6.87,D,0
55.21532,30.5719,335.84,0.56,0.43,2019-04-03,0958,N20,VIIRS,n,2,291.41,6.87,D,0
54.01455,25.92534,348.25,0.6,0.53,2019-04-03,0958,N20,VIIRS,n,2,289.4,15.97,D,0
55.215,30.57427,335.64,0.56,0.43,2019-04-03,0958,N20,VIIRS,n,2,291.2,7.2,D,0
55.21306,30.56605,345.06,0.56,0.43,2019-04-03,0958,N20,VIIRS,n,2,290.43,7.07,D,0
54.01434,25.92843,339.26,0.59,0.53,2019-04-03,0958,N20,VIIRS,n,2,291.84,17.62,D,0
54.95952,29.37657,331.64,0.42,0.45,2019-04-03,0958,N20,VIIRS,n,2,289.02,2.65,D,0
55.1701,30.11092,328.1,0.39,0.44,2019-04-03,0958,N20,VIIRS,n,2,290.15,1.94,D,0
55.22695,30.27625,335.29,0.38,0.44,2019-04-03,0958,N20,VIIRS,n,2,289,2.7,D,0
55.22561,30.2706,326.24,0.38,0.44,2019-04-03,0958,N20,VIIRS,n,2,289.04,2.7,D,0
54.00158,25.06179,326.83,0.32,0.55,2019-04-03,0958,N20,VIIRS,n,2,286.77,1.69,D,0
54.73549,27.32616,337.4,0.5,0.49,2019-04-03,0958,N20,VIIRS,n,2,286.68,4.04,D,0
54.7396,27.32283,326.12,0.5,0.49,2019-04-03,0958,N20,VIIRS,n,2,284.26,2.35,D,0
55.48393,28.60331,338.33,0.43,0.46,2019-04-03,0958,N20,VIIRS,n,2,288.05,11.92,D,0
55.35395,26.63409,327.46,0.51,0.49,2019-04-03,0958,N20,VIIRS,n,2,288.88,2.84,D,0
55.87999,28.13442,326.31,0.43,0.46,2019-04-03,0958,N20,VIIRS,n,2,288.02,1.83,D,0
54.86429,29.25945,332.55,0.43,0.46,2019-04-03,0958,N20,VIIRS,n,2,287.06,6.22,D,0
54.86583,29.26563,338.37,0.43,0.46,2019-04-03,0958,N20,VIIRS,n,2,289.41,4.99,D,0
54.83578,29.1635,333.78,0.43,0.46,2019-04-03,0958,N20,VIIRS,n,2,290.13,5,D,0
54.83188,29.16641,331.26,0.43,0.46,2019-04-03,0958,N20,VIIRS,n,2,288.79,2.97,D,0
52.48983,27.08958,352.62,0.55,0.51,2019-04-03,1137,N20,VIIRS,n,2,291.09,11.46,D,0
52.5266,27.41784,325.14,0.56,0.52,2019-04-03,1137,N20,VIIRS,n,2,292.91,3.06,D,0
52.49132,27.88087,330.02,0.59,0.53,2019-04-03,1137,N20,VIIRS,n,2,287.52,4.79,D,0
52.48645,27.88154,326.87,0.59,0.53,2019-04-03,1137,N20,VIIRS,n,2,292.78,4.79,D,0
52.23318,24.37002,332.54,0.42,0.45,2019-04-03,1137,N20,VIIRS,n,2,290.51,3.7,D,0
52.23365,24.37621,335.4,0.42,0.45,2019-04-03,1137,N20,VIIRS,n,2,290.17,3.64,D,0
52.23694,24.37283,342.03,0.42,0.45,2019-04-03,1137,N20,VIIRS,n,2,290.93,6.12,D,0
52.20846,24.72239,354.81,0.43,0.46,2019-04-03,1137,N20,VIIRS,n,2,291.24,9.9,D,0
52.15026,24.68845,343.06,0.43,0.46,2019-04-03,1137,N20,VIIRS,n,2,290.6,4.71,D,0
52.1465,24.69561,327.3,0.43,0.46,2019-04-03,1137,N20,VIIRS,n,2,289.02,4.33,D,0
52.14696,24.70196,333.89,0.43,0.46,2019-04-03,1137,N20,VIIRS,n,2,291.93,4.33,D,0
52.15079,24.68924,344.42,0.43,0.46,2019-04-03,1137,N20,VIIRS,n,2,290.35,6.02,D,0
52.14706,24.69639,333.16,0.43,0.46,2019-04-03,1137,N20,VIIRS,n,2,289.55,2.71,D,0
52.14755,24.70272,332.73,0.43,0.46,2019-04-03,1137,N20,VIIRS,n,2,291.15,3.85,D,0
52.27496,27.66352,336.88,0.57,0.52,2019-04-03,1137,N20,VIIRS,n,2,289.45,7.83,D,0
52.27537,27.67201,329.64,0.57,0.52,2019-04-03,1137,N20,VIIRS,n,2,286.7,5.61,D,0
51.92213,25.36038,342.59,0.46,0.47,2019-04-03,1137,N20,VIIRS,n,2,289.5,6.46,D,0
51.92167,25.3537,348.36,0.46,0.47,2019-04-03,1137,N20,VIIRS,n,2,290.56,6.46,D,0
52.02611,26.7028,338.86,0.52,0.5,2019-04-03,1137,N20,VIIRS,n,2,293.06,10.13,D,0
52.01083,23.77654,330.08,0.4,0.44,2019-04-03,1137,N20,VIIRS,n,2,293.17,2.26,D,0
51.61066,27.33897,349.7,0.55,0.51,2019-04-03,1137,N20,VIIRS,n,2,291.55,11.4,D,0
51.60594,27.33961,337.41,0.55,0.51,2019-04-03,1137,N20,VIIRS,n,2,297.04,11.4,D,0
51.60637,27.34764,334.22,0.55,0.51,2019-04-03,1137,N20,VIIRS,n,2,293.61,11.4,D,0
51.58106,27.96727,327.42,0.58,0.52,2019-04-03,1137,N20,VIIRS,n,2,286.44,3.12,D,0
52.06731,24.71812,339.33,0.43,0.46,2019-04-03,1137,N20,VIIRS,n,2,291.88,8.79,D,0
52.30917,29.96945,325.98,0.36,0.57,2019-04-03,1137,N20,VIIRS,n,2,286.5,1.15,D,0
52.27477,29.57069,345.83,0.35,0.56,2019-04-03,1137,N20,VIIRS,n,2,291.84,3.68,D,0
52.09026,26.46412,352.65,0.51,0.49,2019-04-03,1137,N20,VIIRS,n,2,297.32,24.05,D,0
51.60937,27.31486,333.29,0.55,0.51,2019-04-03,1137,N20,VIIRS,n,2,287.72,4.84,D,0
51.81124,30.19467,334.03,0.37,0.58,2019-04-03,1137,N20,VIIRS,n,2,292.65,2.06,D,0
51.88941,29.3427,328.64,0.34,0.56,2019-04-03,1137,N20,VIIRS,n,2,291.88,1.5,D,2
51.84424,26.97276,339.21,0.53,0.5,2019-04-03,1137,N20,VIIRS,n,2,289.6,14.3,D,0
51.84378,26.96495,333.64,0.53,0.5,2019-04-03,1137,N20,VIIRS,n,2,291.03,7.2,D,0
51.84844,26.96431,337.95,0.53,0.5,2019-04-03,1137,N20,VIIRS,n,2,289.23,7.2,D,0
51.97202,27.19348,331.51,0.54,0.51,2019-04-03,1137,N20,VIIRS,n,2,294.22,4.27,D,0
52.03942,26.22495,329.64,0.5,0.49,2019-04-03,1137,N20,VIIRS,n,2,292.29,2.53,D,0
52.04825,27.63901,331.02,0.57,0.52,2019-04-03,1137,N20,VIIRS,n,2,293.52,3.64,D,0
53.01524,29.61062,327.3,0.35,0.57,2019-04-03,1138,N20,VIIRS,n,2,291.12,3.22,D,0
54.13279,27.1277,339.23,0.57,0.52,2019-04-03,1138,N20,VIIRS,n,2,285.72,6.87,D,0
52.86567,27.59977,338.55,0.58,0.52,2019-04-03,1138,N20,VIIRS,n,2,288.95,10.68,D,0
52.76147,25.68238,336.15,0.48,0.48,2019-04-03,1138,N20,VIIRS,n,2,288.4,5.92,D,0
53.30952,31.39412,354.8,0.42,0.61,2019-04-03,1138,N20,VIIRS,n,2,292.25,17.25,D,0
53.49463,31.876,367,0.44,0.62,2019-04-03,1138,N20,VIIRS,h,2,290.03,30.35,D,0
53.49455,31.86919,348.71,0.44,0.62,2019-04-03,1138,N20,VIIRS,n,2,285.75,23.73,D,0
53.42406,28.23391,339.49,0.62,0.54,2019-04-03,1138,N20,VIIRS,n,2,289.92,8.24,D,0
53.42905,28.23331,332.67,0.62,0.54,2019-04-03,1138,N20,VIIRS,n,2,291.23,8.24,D,0
53.42863,28.22388,338.44,0.62,0.54,2019-04-03,1138,N20,VIIRS,n,2,292.28,17.74,D,0
53.49441,31.87989,343.95,0.44,0.62,2019-04-03,1138,N20,VIIRS,n,2,288.2,18.08,D,0
53.49435,31.87315,352.17,0.44,0.62,2019-04-03,1138,N20,VIIRS,n,2,291.56,36.84,D,0
53.42414,28.23407,337.66,0.62,0.54,2019-04-03,1138,N20,VIIRS,n,2,290,11.83,D,0
53.42913,28.23346,330.03,0.62,0.54,2019-04-03,1138,N20,VIIRS,n,2,291.15,9.98,D,0
53.42876,28.22401,338.64,0.62,0.54,2019-04-03,1138,N20,VIIRS,n,2,291.83,9.98,D,0
53.59693,31.34708,339.07,0.42,0.61,2019-04-03,1138,N20,VIIRS,n,2,287.52,3.75,D,0
53.59682,31.34061,329.52,0.42,0.61,2019-04-03,1138,N20,VIIRS,n,2,287.51,3.06,D,0
53.59299,31.34517,336.89,0.42,0.61,2019-04-03,1138,N20,VIIRS,n,2,286.2,5.78,D,0
53.63888,30.4446,329.01,0.38,0.59,2019-04-03,1138,N20,VIIRS,n,2,287.22,1.89,D,0
53.26058,31.67587,325.84,0.43,0.62,2019-04-03,1138,N20,VIIRS,n,2,283.99,5.85,D,0
53.30768,31.40081,367,0.42,0.61,2019-04-03,1138,N20,VIIRS,h,2,291.87,11.88,D,0
53.30756,31.39439,353.54,0.42,0.61,2019-04-03,1138,N20,VIIRS,n,2,294.27,11.88,D,0
53.30392,31.40075,329.31,0.42,0.61,2019-04-03,1138,N20,VIIRS,n,2,285.35,10.22,D,0
53.3096,31.40055,367,0.42,0.61,2019-04-03,1138,N20,VIIRS,h,2,290.71,10.22,D,0
53.10992,32.1942,341.67,0.45,0.63,2019-04-03,1138,N20,VIIRS,n,2,287.1,5.63,D,0
54.48769,28.92037,344.48,0.34,0.56,2019-04-03,1138,N20,VIIRS,n,2,290.81,3.59,D,0
53.13043,29.28011,350.61,0.34,0.56,2019-04-03,1138,N20,VIIRS,n,2,290.55,17.85,D,0
53.76966,31.64932,367,0.43,0.62,2019-04-03,1138,N20,VIIRS,h,2,292.1,26.76,D,0
53.80591,31.37684,335.74,0.42,0.61,2019-04-03,1138,N20,VIIRS,n,2,285.03,3,D,0
53.83188,31.57426,329.62,0.43,0.62,2019-04-03,1138,N20,VIIRS,n,2,286.63,9.23,D,0
53.80175,31.37508,326.49,0.42,0.61,2019-04-03,1138,N20,VIIRS,n,2,283.16,2.22,D,0
53.8269,31.57934,342.09,0.43,0.62,2019-04-03,1138,N20,VIIRS,n,2,289.51,6.15,D,0
53.80848,27.96896,340.78,0.61,0.53,2019-04-03,1138,N20,VIIRS,n,2,291.18,7.69,D,0
53.64643,24.94627,328.01,0.46,0.47,2019-04-03,1138,N20,VIIRS,n,2,285.25,2.6,D,0
53.80946,27.9712,325.85,0.61,0.53,2019-04-03,1138,N20,VIIRS,n,2,289.41,5.88,D,0
53.94721,25.56343,336.61,0.49,0.48,2019-04-03,1138,N20,VIIRS,n,2,288.53,4.73,D,0
53.89813,24.60777,354.15,0.45,0.47,2019-04-03,1138,N20,VIIRS,n,2,299.42,34.98,D,0
54.12801,27.12836,333.04,0.57,0.52,2019-04-03,1138,N20,VIIRS,n,2,287.1,6.87,D,0
54.56253,30.75535,354.74,0.4,0.6,2019-04-03,1138,N20,VIIRS,n,2,288.81,8.54,D,0
54.56264,30.7616,356.04,0.4,0.6,2019-04-03,1138,N20,VIIRS,l,2,287.75,8.54,D,0
54.67923,30.83778,325.19,0.4,0.6,2019-04-03,1138,N20,VIIRS,n,2,288.12,2.27,D,0
54.66687,30.16815,343.47,0.38,0.59,2019-04-03,1138,N20,VIIRS,n,2,288.67,8.78,D,0
54.66699,30.17414,356.13,0.38,0.59,2019-04-03,1138,N20,VIIRS,l,2,287.44,10.48,D,0
54.65361,29.22206,329.66,0.35,0.57,2019-04-03,1138,N20,VIIRS,n,2,289.84,4.02,D,0
54.68267,29.314,336.32,0.35,0.57,2019-04-03,1138,N20,VIIRS,n,2,289.91,2.52,D,0
54.68795,29.31386,326.53,0.35,0.57,2019-04-03,1138,N20,VIIRS,n,2,288.73,2.52,D,0
54.69321,29.31344,330.12,0.35,0.57,2019-04-03,1138,N20,VIIRS,n,2,288.51,1.53,D,0
54.73756,29.85549,353.59,0.37,0.58,2019-04-03,1138,N20,VIIRS,n,2,290.02,5.34,D,0
54.73555,28.97934,367,0.34,0.56,2019-04-03,1138,N20,VIIRS,h,2,293.42,11.17,D,0
54.83541,29.17122,347.81,0.35,0.56,2019-04-03,1138,N20,VIIRS,n,2,289.61,3.95,D,0
54.83525,29.16569,327.68,0.35,0.56,2019-04-03,1138,N20,VIIRS,n,2,289.28,2.57,D,0
55.01112,29.63124,335.97,0.36,0.58,2019-04-03,1138,N20,VIIRS,n,2,289.27,3.84,D,0
55.14682,30.01332,331.75,0.38,0.58,2019-04-03,1138,N20,VIIRS,n,2,289.06,1.89,D,0
55.14806,30.01248,328.5,0.38,0.58,2019-04-03,1138,N20,VIIRS,n,2,288.81,2.26,D,0
55.21322,30.56577,335.54,0.4,0.6,2019-04-03,1138,N20,VIIRS,n,2,288.53,4.88,D,0
55.19487,28.92519,329.4,0.34,0.56,2019-04-03,1138,N20,VIIRS,n,2,289.7,1.72,D,0
55.19419,28.90349,327.91,0.34,0.56,2019-04-03,1138,N20,VIIRS,n,2,289,1.57,D,0
55.3121,30.57751,349.51,0.4,0.6,2019-04-03,1138,N20,VIIRS,n,2,289.84,5.72,D,0
55.24957,27.6802,329.16,0.61,0.53,2019-04-03,1138,N20,VIIRS,n,2,287.82,3.96,D,0
53.13059,29.2853,354.07,0.34,0.56,2019-04-03,1138,N20,VIIRS,n,2,297.45,17.85,D,0
53.13091,29.29571,340.55,0.34,0.56,2019-04-03,1138,N20,VIIRS,n,2,288.29,8.88,D,0
52.92791,25.24465,328.2,0.46,0.47,2019-04-03,1138,N20,VIIRS,n,2,287.17,1.81,D,0
55.58814,29.11544,367,0.35,0.57,2019-04-03,1138,N20,VIIRS,h,2,291.31,6.37,D,0
55.87698,28.12672,328.34,0.32,0.55,2019-04-03,1138,N20,VIIRS,n,2,289.72,2.96,D,0
52.84051,27.64884,343.29,0.58,0.52,2019-04-03,1138,N20,VIIRS,n,2,288.15,6.44,D,0
52.69072,25.46802,338.16,0.47,0.48,2019-04-03,1138,N20,VIIRS,n,2,292.73,6.16,D,0
52.84718,29.99262,338.67,0.36,0.58,2019-04-03,1138,N20,VIIRS,n,2,294.56,3.48,D,2
52.84434,29.99424,328.95,0.36,0.58,2019-04-03,1138,N20,VIIRS,n,2,291.69,3.47,D,2
52.5328,24.79204,353.04,0.44,0.46,2019-04-03,1138,N20,VIIRS,n,2,291.77,6.59,D,0
52.80806,30.93137,326.02,0.4,0.6,2019-04-03,1138,N20,VIIRS,n,2,289.1,1.72,D,0
52.43124,24.68176,344,0.43,0.46,2019-04-03,1138,N20,VIIRS,n,2,295.73,13.68,D,0
52.43171,24.68821,340.08,0.43,0.46,2019-04-03,1138,N20,VIIRS,n,2,295.82,12.27,D,0
52.67586,29.19104,349.27,0.34,0.56,2019-04-03,1138,N20,VIIRS,n,2,289.67,2.58,D,0
52.52605,27.41073,332.73,0.56,0.52,2019-04-03,1138,N20,VIIRS,n,2,291.25,5.35,D,0
52.7699,25.67369,326.02,0.48,0.48,2019-04-03,1138,N20,VIIRS,n,2,292.61,3.54,D,0
54.48646,28.91929,346.06,0.34,0.56,2019-04-03,1138,N20,VIIRS,n,2,290.51,3.76,D,0
52.80179,25.89571,327.05,0.49,0.49,2019-04-03,1138,N20,VIIRS,n,2,288.01,3.12,D,0
52.762,25.21358,336.27,0.46,0.47,2019-04-03,1138,N20,VIIRS,n,2,288.56,4.84,D,0
52.76635,25.2128,351.46,0.46,0.47,2019-04-03,1138,N20,VIIRS,n,2,292.23,7.28,D,0
52.77069,25.21202,335.03,0.46,0.47,2019-04-03,1138,N20,VIIRS,n,2,289.22,7.28,D,0
52.77023,25.20517,328.08,0.46,0.47,2019-04-03,1138,N20,VIIRS,n,2,291.09,7.28,D,0
52.76976,25.19828,340.47,0.46,0.47,2019-04-03,1138,N20,VIIRS,n,2,291.85,5.41,D,0
52.77411,25.19751,348.86,0.46,0.47,2019-04-03,1138,N20,VIIRS,n,2,290.79,18.07,D,0
52.77845,25.19675,355.9,0.46,0.47,2019-04-03,1138,N20,VIIRS,n,2,297.27,18.07,D,0
52.7828,25.19597,338.52,0.46,0.47,2019-04-03,1138,N20,VIIRS,n,2,288.89,10.25,D,0
52.78232,25.18909,353.55,0.46,0.47,2019-04-03,1138,N20,VIIRS,n,2,294.8,10.25,D,0
53.03524,30.29464,332.69,0.38,0.58,2019-04-03,1138,N20,VIIRS,n,2,291.46,2.53,D,0
53.01541,29.61598,336.7,0.35,0.57,2019-04-03,1138,N20,VIIRS,n,2,293.18,3.22,D,0
53.02051,29.61023,339.02,0.35,0.57,2019-04-03,1138,N20,VIIRS,n,2,290.31,3.22,D,0
53.05755,27.61352,334.03,0.58,0.52,2019-04-03,1138,N20,VIIRS,n,2,288.11,2.88,D,0
52.92787,25.24596,327.27,0.46,0.47,2019-04-03,1138,N20,VIIRS,n,2,286.74,1.98,D,0
53.05939,27.61286,338.98,0.58,0.52,2019-04-03,1138,N20,VIIRS,n,2,288.71,5.21,D,0
53.13075,29.29051,356.18,0.34,0.56,2019-04-03,1138,N20,VIIRS,l,2,288.4,8.88,D,0
53.19666,29.38914,340.52,0.35,0.56,2019-04-03,1138,N20,VIIRS,n,2,289.2,4.59,D,0
53.10535,32.18009,328.35,0.45,0.63,2019-04-03,1138,N20,VIIRS,n,2,281.28,6.2,D,0
53.11139,32.19397,332.27,0.45,0.63,2019-04-03,1138,N20,VIIRS,n,2,286.92,8.9,D,0
53.13017,29.28342,347.76,0.34,0.56,2019-04-03,1138,N20,VIIRS,n,2,298.81,25.66,D,0
53.13072,29.299,329.43,0.34,0.56,2019-04-03,1138,N20,VIIRS,n,2,287.8,4.64,D,0
53.13036,29.28862,367,0.34,0.56,2019-04-03,1138,N20,VIIRS,h,2,290.84,14.73,D,0
53.13054,29.29382,367,0.34,0.56,2019-04-03,1138,N20,VIIRS,h,2,290.16,14.73,D,0
53.11556,32.16645,349.75,0.45,0.63,2019-04-03,1138,N20,VIIRS,n,2,295.1,22.03,D,0
53.11583,32.20107,335.03,0.45,0.63,2019-04-03,1138,N20,VIIRS,n,2,289.48,6.49,D,0
53.11562,32.17332,367,0.45,0.63,2019-04-03,1138,N20,VIIRS,h,2,292.38,22.03,D,0
53.10964,32.15969,344.86,0.45,0.63,2019-04-03,1138,N20,VIIRS,n,2,289.33,7.52,D,0
53.1097,32.16656,350.92,0.45,0.63,2019-04-03,1138,N20,VIIRS,n,2,288.73,9.11,D,0
53.10986,32.18725,328.78,0.45,0.63,2019-04-03,1138,N20,VIIRS,n,2,283.83,3.59,D,0
53.11096,32.15942,337.74,0.45,0.63,2019-04-03,1138,N20,VIIRS,n,2,288.48,7.34,D,0
53.11105,32.1663,356.72,0.45,0.63,2019-04-03,1138,N20,VIIRS,l,2,289.52,7.34,D,0
53.10394,32.18037,330.18,0.45,0.63,2019-04-03,1138,N20,VIIRS,n,2,281.51,3.59,D,0
52.76546,25.67446,338.43,0.48,0.48,2019-04-03,1138,N20,VIIRS,n,2,291.25,5.92,D,0
54.51083,30.59839,337.26,0.39,0.6,2019-04-03,1138,N20,VIIRS,n,2,289.46,2.79,D,0
54.40493,28.36009,367,0.32,0.55,2019-04-03,1138,N20,VIIRS,h,2,290.96,10.14,D,0
54.39969,28.35559,343.66,0.32,0.54,2019-04-03,1138,N20,VIIRS,n,2,289.96,7.74,D,0
54.41553,30.77313,337.45,0.4,0.6,2019-04-03,1138,N20,VIIRS,n,2,286.76,2.47,D,0
54.37246,31.2447,356.17,0.42,0.61,2019-04-03,1138,N20,VIIRS,l,2,289.2,11.72,D,0
54.36678,31.24488,367,0.42,0.61,2019-04-03,1138,N20,VIIRS,h,2,292.59,11.72,D,0
54.23471,29.59714,336.59,0.36,0.57,2019-04-03,1138,N20,VIIRS,n,2,288.99,2.68,D,0
53.96394,28.48455,342.7,0.32,0.55,2019-04-03,1138,N20,VIIRS,n,2,289.15,2.87,D,0
54.10753,31.40651,336.59,0.42,0.61,2019-04-03,1138,N20,VIIRS,n,2,283.24,3.51,D,0
53.94772,26.27545,326.76,0.52,0.5,2019-04-03,1138,N20,VIIRS,n,2,285.86,2.31,D,0
52.8625,27.60207,340.17,0.58,0.52,2019-04-03,1138,N20,VIIRS,n,2,291.61,9.55,D,0
55.48494,28.59571,325.57,0.56,0.43,2019-04-03,2348,N20,VIIRS,n,2,271.35,8.5,N,0
55.48415,28.60462,304.42,0.56,0.43,2019-04-03,2348,N20,VIIRS,n,2,271.6,8.5,N,0
55.48655,28.60245,328.6,0.56,0.43,2019-04-03,2348,N20,VIIRS,n,2,274.51,10.77,N,0
53.27084,24.44307,308.06,0.51,0.49,2019-04-03,2349,N20,VIIRS,n,2,274.24,1.7,N,2
52.90443,27.60831,300.26,0.57,0.43,2019-04-03,2349,N20,VIIRS,n,2,269.56,0.79,N,0
52.75427,26.01417,347.36,0.43,0.46,2019-04-03,2349,N20,VIIRS,n,2,267.02,5.86,N,0
53.68916,31.73769,295.81,0.43,0.38,2019-04-03,2349,N20,VIIRS,n,2,264.78,0.44,N,0
52.84786,29.99058,326.34,0.47,0.4,2019-04-03,2349,N20,VIIRS,n,2,274.64,5.42,N,2
52.13411,26.7983,304.83,0.4,0.44,2019-04-03,2349,N20,VIIRS,n,2,268.26,1.58,N,0
51.89128,29.33539,311.92,0.48,0.4,2019-04-03,2349,N20,VIIRS,n,2,272.43,1.33,N,2
52.1518,24.7082,295.18,0.48,0.48,2019-04-03,2349,N20,VIIRS,n,2,271.97,0.85,N,0
51.53453,30.56015,310.11,0.44,0.38,2019-04-03,2349,N20,VIIRS,n,2,264.77,1.58,N,0
52.05654,24.71967,296.72,0.48,0.48,2019-04-03,2349,N20,VIIRS,n,2,269.33,1.2,N,0
52.05815,24.7218,298.39,0.48,0.48,2019-04-03,2349,N20,VIIRS,n,2,269.81,1.66,N,0
52.90712,27.60315,297.29,0.57,0.43,2019-04-03,2349,N20,VIIRS,n,2,269.02,0.99,N,0
52.89222,25.9976,310.05,0.44,0.46,2019-04-03,2349,N20,VIIRS,n,2,268.59,1.48,N,0
52.76653,25.6688,299.39,0.45,0.47,2019-04-03,2349,N20,VIIRS,n,2,269.25,0.63,N,0
51.82896,30.48632,306.94,0.45,0.39,2019-04-03,2349,N20,VIIRS,n,2,273.44,1.82,N,0
52.13459,26.79245,308.52,0.4,0.44,2019-04-03,2349,N20,VIIRS,n,2,270.82,1.84,N,0
51.61263,27.34693,311.58,0.56,0.43,2019-04-03,2350,N20,VIIRS,n,2,267.48,2.1,N,0
51.53415,30.56017,296.49,0.6,0.71,2019-04-04,0129,N20,VIIRS,n,2,264.46,1.01,N,0
51.53286,30.55932,295.96,0.6,0.71,2019-04-04,0129,N20,VIIRS,n,2,264.39,1.18,N,0
51.88957,29.33836,295.07,0.53,0.67,2019-04-04,0129,N20,VIIRS,n,2,268.28,0.54,N,2
52.84743,29.99179,315.9,0.51,0.66,2019-04-04,0129,N20,VIIRS,n,2,270.72,2.58,N,2
52.89116,25.99878,311.38,0.36,0.58,2019-04-04,0129,N20,VIIRS,n,2,268.89,0.8,N,0
52.75499,26.01454,328.16,0.37,0.58,2019-04-04,0130,N20,VIIRS,n,2,266.74,2.13,N,0
52.75391,26.01475,313.56,0.37,0.58,2019-04-04,0130,N20,VIIRS,n,2,265.52,2.5,N,0
52.75545,26.00987,334.71,0.37,0.58,2019-04-04,0130,N20,VIIRS,n,2,267.1,3.13,N,0
53.2722,24.44553,298.52,0.62,0.54,2019-04-04,0130,N20,VIIRS,n,2,271.69,1.08,N,2
51.6136,27.35141,299.47,0.45,0.63,2019-04-04,0130,N20,VIIRS,n,2,263.7,0.73,N,0
52.13574,26.79667,318.54,0.41,0.61,2019-04-04,0130,N20,VIIRS,n,2,269.37,1.85,N,0
52.13565,26.79522,318.59,0.41,0.61,2019-04-04,0130,N20,VIIRS,n,2,270.01,1.63,N,0
52.7565,26.00963,315.16,0.37,0.58,2019-04-04,0130,N20,VIIRS,n,2,265.74,2.13,N,0
51.67495,29.43847,337.08,0.4,0.6,2019-04-04,0938,N20,VIIRS,n,2,291.6,4.81,D,0
51.67332,29.43329,333.12,0.4,0.6,2019-04-04,0938,N20,VIIRS,n,2,291.01,4.58,D,0
51.96416,30.14182,341.92,0.37,0.58,2019-04-04,0938,N20,VIIRS,n,2,289.52,5.05,D,0
51.91454,29.88368,344.21,0.38,0.58,2019-04-04,0938,N20,VIIRS,n,2,286.4,2.98,D,0
51.92397,29.89463,329.4,0.38,0.58,2019-04-04,0938,N20,VIIRS,n,2,288.34,1.45,D,0
51.99716,29.90197,344.04,0.37,0.58,2019-04-04,0938,N20,VIIRS,n,2,289.28,3.45,D,0
51.62619,27.51161,338.54,0.47,0.64,2019-04-04,0938,N20,VIIRS,n,2,285.53,7.37,D,0
52.28059,29.4687,348.67,0.38,0.59,2019-04-04,0938,N20,VIIRS,n,2,290.78,3.6,D,0
51.6142,27.35556,367,0.48,0.65,2019-04-04,0938,N20,VIIRS,h,2,292.13,10.35,D,0
51.61212,27.34941,341.03,0.48,0.65,2019-04-04,0938,N20,VIIRS,n,2,288.94,13.44,D,0
51.61947,27.35097,356.38,0.48,0.65,2019-04-04,0938,N20,VIIRS,l,2,288.14,10.35,D,0
53.12476,32.19688,330.45,0.56,0.51,2019-04-04,0938,N20,VIIRS,n,2,290.22,4.36,D,0
53.12265,32.18921,333.52,0.56,0.51,2019-04-04,0938,N20,VIIRS,n,2,290.56,4.36,D,0
53.12275,32.1705,329.64,0.56,0.52,2019-04-04,0938,N20,VIIRS,n,2,289.2,2.37,D,0
51.61319,27.35762,367,0.48,0.65,2019-04-04,0938,N20,VIIRS,h,2,291.08,8.99,D,0
51.61108,27.35149,349.41,0.48,0.65,2019-04-04,0938,N20,VIIRS,n,2,291.95,8.99,D,0
53.12489,32.18964,340.17,0.56,0.51,2019-04-04,0938,N20,VIIRS,n,2,289.84,5.94,D,0
51.61846,27.35305,356.05,0.48,0.65,2019-04-04,0938,N20,VIIRS,l,2,287.95,8.99,D,0
52.76713,30.51283,329.92,0.33,0.55,2019-04-04,0938,N20,VIIRS,n,2,287.74,1.64,D,0
52.27162,28.87823,338.18,0.4,0.6,2019-04-04,0938,N20,VIIRS,n,2,287.3,3.03,D,0
52.06099,28.01271,337.05,0.44,0.62,2019-04-04,0938,N20,VIIRS,n,2,284.86,5.64,D,0
53.83082,31.57694,335.79,0.56,0.51,2019-04-04,0938,N20,VIIRS,n,2,285.2,4.96,D,0
53.32977,30.23305,328.62,0.33,0.55,2019-04-04,0938,N20,VIIRS,n,2,288.68,2.47,D,0
52.40578,27.43045,348.05,0.45,0.63,2019-04-04,0938,N20,VIIRS,n,2,288.03,5.75,D,0
52.40068,27.43499,341.88,0.45,0.63,2019-04-04,0938,N20,VIIRS,n,2,289.65,4.89,D,0
53.07008,29.54882,332.6,0.35,0.57,2019-04-04,0938,N20,VIIRS,n,2,288.9,1.58,D,0
53.69587,31.74146,333.51,0.56,0.51,2019-04-04,0938,N20,VIIRS,n,2,291.7,9.21,D,0
53.68939,31.73716,331.42,0.56,0.51,2019-04-04,0938,N20,VIIRS,n,2,291.17,5.45,D,0
53.69351,31.74129,340.69,0.56,0.51,2019-04-04,0938,N20,VIIRS,n,2,292.6,12.71,D,0
53.67848,31.72501,329.49,0.56,0.51,2019-04-04,0938,N20,VIIRS,n,2,284.91,3.88,D,0
53.68061,31.73267,336.27,0.56,0.51,2019-04-04,0938,N20,VIIRS,n,2,284.25,3.88,D,0
53.59658,31.96697,340.59,0.55,0.51,2019-04-04,0938,N20,VIIRS,n,2,292.03,7.14,D,0
52.24429,27.61174,339.96,0.45,0.63,2019-04-04,0938,N20,VIIRS,n,2,288.97,4.92,D,0
53.09585,30.34213,334.2,0.33,0.55,2019-04-04,0938,N20,VIIRS,n,2,282.72,1.19,D,0
51.84525,26.8556,331.47,0.49,0.65,2019-04-04,0938,N20,VIIRS,n,2,287.88,4.51,D,0
53.30182,31.5092,353.04,0.59,0.53,2019-04-04,0938,N20,VIIRS,n,2,298.43,32.51,D,0
53.3041,31.51717,337.35,0.59,0.52,2019-04-04,0938,N20,VIIRS,n,2,287.25,12.82,D,0
52.84763,29.99215,337.68,0.35,0.56,2019-04-04,0938,N20,VIIRS,n,2,294.71,4.79,D,2
51.84261,26.85828,326.13,0.49,0.65,2019-04-04,0938,N20,VIIRS,n,2,288.95,3,D,0
52.8452,29.99095,342.27,0.35,0.56,2019-04-04,0938,N20,VIIRS,n,2,293.71,3.83,D,2
53.01649,30.78054,335.29,0.32,0.54,2019-04-04,0938,N20,VIIRS,n,2,290.14,2.08,D,0
53.01775,30.78484,330.67,0.32,0.54,2019-04-04,0938,N20,VIIRS,n,2,285.83,2.08,D,0
53.26761,31.67138,339.33,0.58,0.52,2019-04-04,0938,N20,VIIRS,n,2,286.45,7.11,D,0
52.85196,30.32236,367,0.34,0.56,2019-04-04,0938,N20,VIIRS,h,2,293.41,8.02,D,0
52.84734,30.32614,367,0.34,0.56,2019-04-04,0938,N20,VIIRS,h,2,294.07,8.02,D,0
54.11264,31.51516,354.75,0.55,0.51,2019-04-04,0938,N20,VIIRS,n,2,295.46,19.43,D,0
52.94503,30.73026,330.98,0.32,0.55,2019-04-04,0938,N20,VIIRS,n,2,283.17,1.37,D,0
52.05911,28.00701,350.43,0.44,0.62,2019-04-04,0938,N20,VIIRS,n,2,289.44,5.64,D,0
53.97225,31.35253,328.98,0.56,0.52,2019-04-04,0938,N20,VIIRS,n,2,288.56,3.75,D,0
52.48322,27.14232,326.09,0.46,0.63,2019-04-04,0938,N20,VIIRS,n,2,288.98,2.62,D,0
53.20951,29.40207,334.63,0.35,0.57,2019-04-04,0938,N20,VIIRS,n,2,285.32,2,D,0
53.1957,29.39567,330.07,0.35,0.57,2019-04-04,0938,N20,VIIRS,n,2,286.64,5.51,D,0
51.53114,30.56813,367,0.36,0.58,2019-04-04,0938,N20,VIIRS,h,2,294.5,7.26,D,0
51.53259,30.5729,334.14,0.36,0.58,2019-04-04,0938,N20,VIIRS,n,2,289.55,7.26,D,0
51.52969,30.56335,355.05,0.36,0.58,2019-04-04,0938,N20,VIIRS,n,2,296.31,10.46,D,0
51.53884,30.57392,354.98,0.36,0.58,2019-04-04,0938,N20,VIIRS,n,2,294.31,7.94,D,0
51.62547,30.31286,344.81,0.37,0.58,2019-04-04,0938,N20,VIIRS,n,2,288.76,4.67,D,0
51.624,30.30802,344.01,0.37,0.58,2019-04-04,0938,N20,VIIRS,n,2,291.41,4.67,D,0
51.6236,30.31027,367,0.37,0.58,2019-04-04,0938,N20,VIIRS,h,2,292.08,8.74,D,0
51.71826,30.52098,337.2,0.36,0.57,2019-04-04,0938,N20,VIIRS,n,2,288.73,1.91,D,0
51.72883,30.53621,325,0.36,0.57,2019-04-04,0938,N20,VIIRS,n,2,289.89,1.17,D,0
51.68485,30.33397,367,0.37,0.58,2019-04-04,0938,N20,VIIRS,h,2,297.38,5.69,D,0
54.18966,28.33921,367,0.36,0.57,2019-04-04,0939,N20,VIIRS,h,2,294.96,6.82,D,0
54.19748,28.32584,344.51,0.36,0.57,2019-04-04,0939,N20,VIIRS,n,2,278.33,5.62,D,0
54.18679,28.29162,332.44,0.36,0.57,2019-04-04,0939,N20,VIIRS,n,2,292.49,3.49,D,0
54.19596,28.32098,356.14,0.36,0.57,2019-04-04,0939,N20,VIIRS,l,2,289.2,5.62,D,0
54.19146,28.28732,350.53,0.36,0.57,2019-04-04,0939,N20,VIIRS,n,2,288.58,3.49,D,0
54.69212,29.32626,332.19,0.63,0.54,2019-04-04,0939,N20,VIIRS,n,2,280.41,4.44,D,0
54.87294,29.34192,326.81,0.62,0.54,2019-04-04,0939,N20,VIIRS,n,2,277.92,3.43,D,0
55.00286,29.59505,339.11,0.6,0.53,2019-04-04,0939,N20,VIIRS,n,2,274.61,6.57,D,0
54.99975,29.59066,338.26,0.6,0.53,2019-04-04,0939,N20,VIIRS,n,2,273.95,8.58,D,0
55.22224,30.26154,338.42,0.56,0.52,2019-04-04,0939,N20,VIIRS,n,2,286.33,5.88,D,0
55.04705,28.96865,336.58,0.63,0.54,2019-04-04,0939,N20,VIIRS,n,2,287.38,5.8,D,0
55.04901,28.97088,332.42,0.63,0.54,2019-04-04,0939,N20,VIIRS,n,2,287.34,6.52,D,0
55.14172,29.11017,338.58,0.62,0.54,2019-04-04,0939,N20,VIIRS,n,2,286.68,10.16,D,0
54.07985,25.61486,355.57,0.45,0.63,2019-04-04,0939,N20,VIIRS,n,2,293.04,20.48,D,0
54.08057,25.61349,354.91,0.45,0.63,2019-04-04,0939,N20,VIIRS,n,2,293.23,17.34,D,0
53.95602,24.76994,329.65,0.49,0.65,2019-04-04,0939,N20,VIIRS,n,2,287.63,2.71,D,0
55.7865,27.08459,331.03,0.35,0.56,2019-04-04,0939,N20,VIIRS,n,2,286.67,2.91,D,0
55.78997,27.08342,331.71,0.35,0.56,2019-04-04,0939,N20,VIIRS,n,2,285.91,3.18,D,0
55.48322,28.60495,337.62,0.63,0.54,2019-04-04,0939,N20,VIIRS,n,2,277.88,9.8,D,0
55.59752,29.11921,353.47,0.6,0.53,2019-04-04,0939,N20,VIIRS,n,2,292.93,27.61,D,0
55.23606,28.64184,330.69,0.32,0.55,2019-04-04,0939,N20,VIIRS,n,2,284.53,2.43,D,0
54.11126,31.51843,343.59,0.55,0.51,2019-04-04,0939,N20,VIIRS,n,2,288.6,8.79,D,0
54.11554,31.51501,351.01,0.55,0.51,2019-04-04,0939,N20,VIIRS,n,2,292.14,8.79,D,0
54.1134,31.50739,328.07,0.55,0.51,2019-04-04,0939,N20,VIIRS,n,2,287.24,8.79,D,0
53.28819,28.45967,331.93,0.38,0.59,2019-04-04,0939,N20,VIIRS,n,2,292.88,3.4,D,0
54.32149,30.99251,331.01,0.57,0.52,2019-04-04,0939,N20,VIIRS,n,2,287.64,3.44,D,0
54.41019,31.07615,334.23,0.56,0.51,2019-04-04,0939,N20,VIIRS,n,2,288.75,3.54,D,0
52.76591,25.65499,338.91,0.5,0.66,2019-04-04,0939,N20,VIIRS,n,2,289,7.04,D,0
52.76574,25.66634,327.34,0.5,0.66,2019-04-04,0939,N20,VIIRS,n,2,289,3.29,D,0
52.76343,25.65984,344.73,0.5,0.66,2019-04-04,0939,N20,VIIRS,n,2,287.23,3.29,D,0
53.45347,27.33293,355.4,0.41,0.61,2019-04-04,0939,N20,VIIRS,n,2,286.48,16.47,D,0
53.45168,27.32741,347.64,0.41,0.61,2019-04-04,0939,N20,VIIRS,n,2,295.62,20.66,D,0
53.45058,27.32691,347.74,0.41,0.61,2019-04-04,0939,N20,VIIRS,n,2,293.5,13.92,D,0
53.4524,27.3324,356.24,0.41,0.61,2019-04-04,0939,N20,VIIRS,l,2,287.79,13.92,D,0
53.51007,27.42949,325.39,0.41,0.6,2019-04-04,0939,N20,VIIRS,n,2,287.62,1.8,D,0
53.08759,26.13647,330.88,0.47,0.64,2019-04-04,0939,N20,VIIRS,n,2,284.43,3.89,D,0
54.57068,30.71081,338.67,0.57,0.52,2019-04-04,0939,N20,VIIRS,n,2,287.38,8.18,D,0
53.64298,27.21023,332.33,0.41,0.61,2019-04-04,0939,N20,VIIRS,n,2,288.09,2.59,D,0
53.64218,27.20963,333.57,0.41,0.61,2019-04-04,0939,N20,VIIRS,n,2,288.25,2.53,D,0
54.19863,28.40626,354.91,0.35,0.57,2019-04-04,0939,N20,VIIRS,n,2,291.7,5.49,D,0
54.19432,28.33493,339.72,0.36,0.57,2019-04-04,0939,N20,VIIRS,n,2,288.18,6.82,D,0
51.95572,26.9023,330.42,0.52,0.41,2019-04-04,1118,N20,VIIRS,n,2,289.83,3.28,D,0
51.95192,26.90324,340.1,0.52,0.41,2019-04-04,1118,N20,VIIRS,n,2,294.19,5.47,D,0
51.84375,26.85427,331.15,0.51,0.41,2019-04-04,1118,N20,VIIRS,n,2,294.6,11.2,D,0
51.99688,29.90129,353.26,0.45,0.47,2019-04-04,1118,N20,VIIRS,n,2,297.74,12.96,D,0
51.89186,29.34155,330.28,0.42,0.45,2019-04-04,1118,N20,VIIRS,n,2,295.29,2.89,D,2
51.9247,29.89102,336.09,0.45,0.47,2019-04-04,1118,N20,VIIRS,n,2,291.69,2.16,D,0
51.91088,29.88033,338.16,0.45,0.47,2019-04-04,1118,N20,VIIRS,n,2,292.08,4.55,D,0
51.6232,27.34205,331.59,0.53,0.42,2019-04-04,1118,N20,VIIRS,n,2,291.82,9.31,D,0
51.62394,27.34973,338.11,0.53,0.42,2019-04-04,1118,N20,VIIRS,n,2,288.8,49.4,D,0
51.62467,27.3574,343.19,0.53,0.42,2019-04-04,1118,N20,VIIRS,n,2,309.38,49.4,D,0
51.6254,27.36508,332.71,0.53,0.42,2019-04-04,1118,N20,VIIRS,n,2,289.7,6.68,D,0
51.62009,27.35065,345.09,0.53,0.42,2019-04-04,1118,N20,VIIRS,n,2,290.72,250.52,D,0
51.61773,27.36692,349.18,0.53,0.42,2019-04-04,1118,N20,VIIRS,n,2,292.66,11.78,D,0
51.62157,27.366,346.1,0.53,0.42,2019-04-04,1118,N20,VIIRS,n,2,292.77,11.78,D,0
51.61242,27.3525,326.22,0.53,0.42,2019-04-04,1118,N20,VIIRS,l,2,296.41,24.63,D,0
51.61315,27.36016,347.46,0.53,0.42,2019-04-04,1118,N20,VIIRS,n,2,307.2,24.63,D,0
51.61388,27.36783,352.23,0.53,0.42,2019-04-04,1118,N20,VIIRS,n,2,302.13,11.81,D,0
51.61461,27.37552,330.34,0.53,0.42,2019-04-04,1118,N20,VIIRS,n,2,291.21,11.81,D,0
51.61003,27.36875,329.74,0.53,0.42,2019-04-04,1118,N20,VIIRS,n,2,296.43,11.81,D,0
51.61077,27.37645,330.22,0.53,0.42,2019-04-04,1118,N20,VIIRS,n,2,292.86,11.81,D,0
51.67342,29.43763,344.52,0.43,0.46,2019-04-04,1118,N20,VIIRS,n,2,295.44,11.04,D,0
51.7262,30.53324,334.88,0.47,0.48,2019-04-04,1118,N20,VIIRS,n,2,290.55,19.88,D,0
51.68614,30.33284,330.9,0.46,0.47,2019-04-04,1118,N20,VIIRS,n,2,295.56,3.01,D,0
51.53444,30.57404,350.58,0.47,0.48,2019-04-04,1118,N20,VIIRS,n,2,294.71,9.31,D,0
51.52911,30.56105,355.82,0.47,0.48,2019-04-04,1118,N20,VIIRS,n,2,299.28,14.38,D,0
51.52957,30.56791,352.54,0.47,0.48,2019-04-04,1118,N20,VIIRS,n,2,295.73,7.9,D,0
51.98912,24.8891,337.08,0.45,0.39,2019-04-04,1118,N20,VIIRS,n,2,288.94,7.13,D,0
52.22072,27.10198,336.15,0.53,0.42,2019-04-04,1118,N20,VIIRS,n,2,292.81,4.29,D,0
52.22146,27.10972,326.93,0.53,0.42,2019-04-04,1118,N20,VIIRS,n,2,291.83,1.89,D,0
52.12504,26.75197,351.74,0.51,0.41,2019-04-04,1118,N20,VIIRS,n,2,296.58,19.09,D,0
52.12127,26.75294,347.01,0.51,0.41,2019-04-04,1118,N20,VIIRS,n,2,293.14,11.13,D,0
52.12223,26.7531,346.98,0.51,0.41,2019-04-04,1118,N20,VIIRS,n,2,294.55,15.24,D,0
52.27798,28.88379,335.45,0.41,0.45,2019-04-04,1118,N20,VIIRS,n,2,290.77,36.3,D,0
52.06081,26.60138,331.6,0.5,0.41,2019-04-04,1118,N20,VIIRS,n,2,294.19,2.74,D,0
52.84837,30.32429,338.98,0.48,0.48,2019-04-04,1119,N20,VIIRS,n,2,294,5.36,D,0
52.40755,28.56571,341.96,0.4,0.44,2019-04-04,1119,N20,VIIRS,n,2,295.71,6.86,D,0
52.25809,25.74377,332,0.48,0.4,2019-04-04,1119,N20,VIIRS,n,2,290.81,4.12,D,0
52.18699,25.05078,349.49,0.45,0.39,2019-04-04,1119,N20,VIIRS,n,2,294.78,8.47,D,0
52.18626,25.04417,330.7,0.45,0.39,2019-04-04,1119,N20,VIIRS,n,2,294.62,17.09,D,0
52.19054,25.04974,345.53,0.45,0.39,2019-04-04,1119,N20,VIIRS,n,2,292.05,8.47,D,0
52.18981,25.04312,335.46,0.45,0.39,2019-04-04,1119,N20,VIIRS,n,2,301.51,17.09,D,0
52.15701,23.89107,353.37,0.42,0.38,2019-04-04,1119,N20,VIIRS,n,2,299.63,20.28,D,0
52.15627,23.88492,326.26,0.42,0.38,2019-04-04,1119,N20,VIIRS,n,2,291.14,4.76,D,0
52.16044,23.88997,338.84,0.42,0.38,2019-04-04,1119,N20,VIIRS,n,2,291.26,4.8,D,0
52.60606,28.03368,338.65,0.38,0.43,2019-04-04,1119,N20,VIIRS,n,2,294.42,2.69,D,0
52.8444,29.99138,331.25,0.46,0.47,2019-04-04,1119,N20,VIIRS,n,2,295.98,4.59,D,2
52.86224,28.49807,338.54,0.4,0.44,2019-04-04,1119,N20,VIIRS,n,2,287.2,4.49,D,0
52.86633,28.49721,340.85,0.4,0.44,2019-04-04,1119,N20,VIIRS,n,2,290.06,4.49,D,0
53.11103,32.19919,325.54,0.57,0.52,2019-04-04,1119,N20,VIIRS,n,2,291.2,4.16,D,0
53.11892,32.16337,343.18,0.57,0.52,2019-04-04,1119,N20,VIIRS,n,2,293.14,8.54,D,0
53.12546,32.19732,334.9,0.57,0.52,2019-04-04,1119,N20,VIIRS,n,2,291.99,7.51,D,0
53.12502,32.18866,352.82,0.57,0.52,2019-04-04,1119,N20,VIIRS,n,2,291.35,7.51,D,0
52.83108,26.78852,329.13,0.52,0.42,2019-04-04,1119,N20,VIIRS,n,2,291.28,20.24,D,0
55.60007,29.11354,331.55,0.45,0.47,2019-04-04,1119,N20,VIIRS,n,2,285.5,5.01,D,0
55.60056,29.12083,335.91,0.46,0.47,2019-04-04,1119,N20,VIIRS,n,2,284.27,5.76,D,0
55.60762,30.66043,331.59,0.52,0.5,2019-04-04,1119,N20,VIIRS,n,2,287.44,4.32,D,0
55.29925,26.85388,325.34,0.56,0.43,2019-04-04,1119,N20,VIIRS,n,2,290.16,2.85,D,0
53.99289,31.42262,339.55,0.54,0.51,2019-04-04,1119,N20,VIIRS,n,2,290.54,6.93,D,0
55.35384,28.22171,338.47,0.42,0.45,2019-04-04,1119,N20,VIIRS,n,2,285.59,2.67,D,0
55.27256,30.76147,342.1,0.52,0.5,2019-04-04,1119,N20,VIIRS,n,2,280.81,5.4,D,0
54.93006,26.953,345.72,0.56,0.43,2019-04-04,1119,N20,VIIRS,n,2,296.03,16.47,D,0
55.0869,29.10341,338.74,0.45,0.47,2019-04-04,1119,N20,VIIRS,n,2,280.14,16.24,D,0
55.0826,29.1043,353.17,0.45,0.47,2019-04-04,1119,N20,VIIRS,n,2,288.25,16.24,D,0
55.08307,29.11139,335,0.45,0.47,2019-04-04,1119,N20,VIIRS,n,2,281.48,6.71,D,0
54.93185,26.95335,346.9,0.56,0.43,2019-04-04,1119,N20,VIIRS,n,2,295.19,11.53,D,0
54.92791,26.95435,344.55,0.56,0.43,2019-04-04,1119,N20,VIIRS,n,2,292.06,11.53,D,0
55.08514,29.0995,337.27,0.45,0.47,2019-04-04,1119,N20,VIIRS,n,2,281.72,14.54,D,0
55.08563,29.10657,348.44,0.45,0.47,2019-04-04,1119,N20,VIIRS,n,2,284.49,13.35,D,0
55.08133,29.10746,355.1,0.45,0.47,2019-04-04,1119,N20,VIIRS,n,2,283.82,13.35,D,0
54.98592,29.52766,332.78,0.46,0.47,2019-04-04,1119,N20,VIIRS,n,2,282.68,2.88,D,0
54.78587,29.30364,337.85,0.45,0.47,2019-04-04,1119,N20,VIIRS,n,2,289.76,4.45,D,0
54.78154,29.30447,342.46,0.45,0.47,2019-04-04,1119,N20,VIIRS,n,2,291.62,7.95,D,0
54.78471,29.3038,345.25,0.45,0.47,2019-04-04,1119,N20,VIIRS,n,2,293.32,5.7,D,0
54.7852,29.31093,330.02,0.45,0.47,2019-04-04,1119,N20,VIIRS,n,2,291.89,5.7,D,0
54.79562,29.72749,330.9,0.47,0.48,2019-04-04,1119,N20,VIIRS,n,2,278.06,4.28,D,0
54.81827,30.22888,350.75,0.49,0.49,2019-04-04,1119,N20,VIIRS,n,2,285.97,8.39,D,0
54.73832,29.07722,355.03,0.44,0.46,2019-04-04,1119,N20,VIIRS,n,2,290.14,11.7,D,0
54.81928,30.63589,342.35,0.51,0.49,2019-04-04,1119,N20,VIIRS,n,2,281.39,5.71,D,0
54.57323,30.3582,327.88,0.5,0.49,2019-04-04,1119,N20,VIIRS,n,2,283.24,2.71,D,0
54.08358,25.61568,340.63,0.49,0.41,2019-04-04,1119,N20,VIIRS,n,2,292.02,9.74,D,0
54.29778,29.62428,339.89,0.46,0.47,2019-04-04,1119,N20,VIIRS,n,2,289.55,5.78,D,0
54.20321,28.39758,349.25,0.41,0.45,2019-04-04,1119,N20,VIIRS,n,2,289.4,7.02,D,0
54.1943,28.33506,336.35,0.41,0.45,2019-04-04,1119,N20,VIIRS,n,2,283.92,5.98,D,0
54.19478,28.34139,329.95,0.41,0.45,2019-04-04,1119,N20,VIIRS,n,2,283.66,5.17,D,0
54.19907,28.39847,330.55,0.41,0.45,2019-04-04,1119,N20,VIIRS,n,2,290.57,7.02,D,0
54.18652,28.34318,329.69,0.41,0.45,2019-04-04,1119,N20,VIIRS,n,2,282.64,2.18,D,0
53.90337,25.77604,330.36,0.5,0.41,2019-04-04,1119,N20,VIIRS,n,2,292.59,4.27,D,0
53.58234,24.73178,343.45,0.46,0.39,2019-04-04,1119,N20,VIIRS,n,2,292.62,5.02,D,0
54.12582,31.58385,354.48,0.55,0.51,2019-04-04,1119,N20,VIIRS,n,2,291.46,14.85,D,0
53.64681,27.89372,340.46,0.39,0.44,2019-04-04,1119,N20,VIIRS,n,2,291.73,28.36,D,0
53.64278,27.89463,345.8,0.39,0.44,2019-04-04,1119,N20,VIIRS,n,2,308.69,28.36,D,0
53.45008,26.16796,325.04,0.51,0.41,2019-04-04,1119,N20,VIIRS,n,2,288.91,4.17,D,0
53.45031,26.16738,330.15,0.51,0.41,2019-04-04,1119,N20,VIIRS,n,2,289.54,2.76,D,0
53.75283,30.50616,346.22,0.49,0.49,2019-04-04,1119,N20,VIIRS,n,2,297.47,21.56,D,0
53.75329,30.51373,338.62,0.49,0.49,2019-04-04,1119,N20,VIIRS,n,2,288.42,21.56,D,0
53.74833,30.50689,345.6,0.49,0.49,2019-04-04,1119,N20,VIIRS,n,2,294.49,21.56,D,0
53.79865,31.56766,333.98,0.55,0.51,2019-04-04,1119,N20,VIIRS,n,2,286.69,13.07,D,0
53.11154,24.2951,349.91,0.44,0.39,2019-04-04,1119,N20,VIIRS,n,2,294.31,11.86,D,0
53.1123,24.30168,330.18,0.44,0.39,2019-04-04,1119,N20,VIIRS,n,2,292.03,4.38,D,0
52.83034,26.78078,332.87,0.52,0.42,2019-04-04,1119,N20,VIIRS,n,2,295.22,20.24,D,0
52.8296,26.77302,332.3,0.52,0.42,2019-04-04,1119,N20,VIIRS,n,2,299.06,33.44,D,0
52.83415,26.7798,343.91,0.52,0.42,2019-04-04,1119,N20,VIIRS,n,2,291.18,9.06,D,0
53.07226,29.58057,342.46,0.45,0.47,2019-04-04,1119,N20,VIIRS,n,2,292.61,5.99,D,0
53.07412,29.54613,341.42,0.44,0.46,2019-04-04,1119,N20,VIIRS,n,2,294.42,4.33,D,0
52.76603,25.66358,338.84,0.48,0.4,2019-04-04,1119,N20,VIIRS,n,2,295.11,4.07,D,0
52.76895,25.65544,339.29,0.48,0.4,2019-04-04,1119,N20,VIIRS,n,2,294.48,5.39,D,0
53.37094,32.40563,325.32,0.59,0.53,2019-04-04,1119,N20,VIIRS,n,2,290.33,2.9,D,0
53.19975,29.39287,342.11,0.44,0.46,2019-04-04,1119,N20,VIIRS,n,2,293.68,21.71,D,0
53.19791,29.39179,351.74,0.44,0.46,2019-04-04,1119,N20,VIIRS,n,2,297.59,16.19,D,0
53.2069,29.39669,337.21,0.44,0.46,2019-04-04,1119,N20,VIIRS,n,2,287.58,2.71,D,0
53.19761,29.08652,339.49,0.43,0.46,2019-04-04,1119,N20,VIIRS,n,2,288.53,3.63,D,0
53.32927,30.23009,335.57,0.48,0.48,2019-04-04,1119,N20,VIIRS,n,2,292.58,3.73,D,0
53.20926,28.52179,325.26,0.41,0.45,2019-04-04,1119,N20,VIIRS,n,2,289.65,5.1,D,0
53.20876,28.51566,337.13,0.41,0.45,2019-04-04,1119,N20,VIIRS,n,2,292.74,8.61,D,0
53.09332,26.79387,345.84,0.53,0.42,2019-04-04,1119,N20,VIIRS,n,2,291.85,9.3,D,0
53.09114,26.79513,329.79,0.53,0.42,2019-04-04,1119,N20,VIIRS,n,2,288.89,4.42,D,0
53.09496,26.79415,340.85,0.53,0.42,2019-04-04,1119,N20,VIIRS,n,2,290.56,7.15,D,0
53.05919,25.83218,326.41,0.49,0.4,2019-04-04,1119,N20,VIIRS,n,2,288.22,2.57,D,0
53.06495,25.74097,332.52,0.49,0.4,2019-04-04,1119,N20,VIIRS,n,2,292.6,3.81,D,0
53.06195,25.71207,325.27,0.48,0.4,2019-04-04,1119,N20,VIIRS,l,2,295.93,4.12,D,0
53.06637,25.71825,348.31,0.49,0.4,2019-04-04,1119,N20,VIIRS,n,2,296.51,5.63,D,0
53.06562,25.71104,328.25,0.48,0.4,2019-04-04,1119,N20,VIIRS,n,2,294.79,5.63,D,0
53.06995,25.68011,326.15,0.48,0.4,2019-04-04,1119,N20,VIIRS,n,2,295.26,2.84,D,0
53.67757,31.72921,336.45,0.55,0.51,2019-04-04,1119,N20,VIIRS,n,2,290.76,6.54,D,0
53.4156,27.4488,329.46,0.56,0.43,2019-04-04,1119,N20,VIIRS,n,2,288.08,4.93,D,0
55.48812,28.60144,336.44,0.56,0.52,2019-04-04,2330,N20,VIIRS,n,2,270.95,7.56,N,0
54.03009,27.25775,300.41,0.62,0.54,2019-04-04,2330,N20,VIIRS,n,2,267.9,0.86,N,0
53.69034,31.74724,298.09,0.41,0.45,2019-04-04,2330,N20,VIIRS,n,2,263.73,0.83,N,0
53.68623,31.74629,308.53,0.41,0.45,2019-04-04,2330,N20,VIIRS,n,2,265.21,0.83,N,0
53.67492,31.73098,298.4,0.41,0.45,2019-04-04,2330,N20,VIIRS,n,2,267.04,1.45,N,0
53.27171,24.44011,307.58,0.4,0.6,2019-04-04,2330,N20,VIIRS,n,2,274.65,1.11,N,2
52.97114,29.36751,298.42,0.5,0.49,2019-04-04,2330,N20,VIIRS,n,2,266.93,1.15,N,0
52.84681,29.99069,331.45,0.47,0.48,2019-04-04,2330,N20,VIIRS,n,2,272.32,4.41,N,2
52.87499,25.98554,296.96,0.34,0.56,2019-04-04,2330,N20,VIIRS,n,2,271.01,0.48,N,0
52.7635,26.01878,296.97,0.34,0.56,2019-04-04,2330,N20,VIIRS,n,2,267.04,0.65,N,0
52.30672,30.23401,296.3,0.45,0.47,2019-04-04,2330,N20,VIIRS,n,2,267.31,1.54,N,0
52.15408,26.72258,354.06,0.63,0.54,2019-04-04,2330,N20,VIIRS,n,2,274.04,17.26,N,0
52.15368,26.73196,310.95,0.63,0.54,2019-04-04,2330,N20,VIIRS,n,2,269.87,4.45,N,0
52.14865,26.73134,325.79,0.63,0.54,2019-04-04,2330,N20,VIIRS,n,2,268.92,4.45,N,0
52.06612,26.42555,310.04,0.33,0.55,2019-04-04,2330,N20,VIIRS,n,2,271.12,0.77,N,0
52.00978,27.57089,319.31,0.58,0.52,2019-04-04,2330,N20,VIIRS,n,2,271.09,4.11,N,0
51.89449,29.34188,312.49,0.49,0.48,2019-04-04,2330,N20,VIIRS,n,2,272.31,2.15,N,2
51.8905,29.33387,328.72,0.49,0.48,2019-04-04,2330,N20,VIIRS,n,2,271.89,3.91,N,2
51.88301,26.26326,331.2,0.33,0.55,2019-04-04,2331,N20,VIIRS,n,2,274.45,1.37,N,0
51.53171,30.57095,295.63,0.43,0.46,2019-04-04,2331,N20,VIIRS,n,2,269.46,1.59,N,0
51.88321,26.25841,298.87,0.33,0.55,2019-04-04,2331,N20,VIIRS,n,2,273.42,1.37,N,0
53.68422,31.74549,295.77,0.37,0.58,2019-04-05,0110,N20,VIIRS,n,2,263.47,0.35,N,0
55.48505,28.60423,301.52,0.5,0.49,2019-04-05,0110,N20,VIIRS,n,2,271.76,1.72,N,0
52.84888,29.99426,303.27,0.34,0.56,2019-04-05,0110,N20,VIIRS,n,2,270.75,1.56,N,2
52.85027,29.98966,295.59,0.34,0.56,2019-04-05,0110,N20,VIIRS,n,2,270.29,1.5,N,2
53.27178,24.44038,306.37,0.41,0.45,2019-04-05,0111,N20,VIIRS,n,2,274.96,1.72,N,2
53.26125,24.44666,295.08,0.41,0.45,2019-04-05,0111,N20,VIIRS,n,2,274.65,0.84,N,2
51.52869,30.57105,296.43,0.4,0.6,2019-04-05,0111,N20,VIIRS,n,2,269.94,0.87,N,0
51.89516,29.34125,301.52,0.35,0.56,2019-04-05,0111,N20,VIIRS,n,2,271.24,1.52,N,2
51.89045,29.33759,327.36,0.35,0.56,2019-04-05,0111,N20,VIIRS,n,2,270.71,1.52,N,2
51.88906,29.34213,298.57,0.35,0.56,2019-04-05,0111,N20,VIIRS,n,2,270.9,2.19,N,2
51.89259,29.34325,308.73,0.35,0.57,2019-04-05,0111,N20,VIIRS,n,2,270.81,1.96,N,2
53.0043,24.94054,336.6,0.44,0.46,2019-04-05,0111,N20,VIIRS,n,2,272.92,5.83,N,0
53.00277,24.94658,318.46,0.44,0.46,2019-04-05,0111,N20,VIIRS,n,2,274.8,5.83,N,0
51.99945,28.58248,306.99,0.32,0.55,2019-04-05,0111,N20,VIIRS,n,2,267.4,0.62,N,0
51.88787,29.3396,333.1,0.35,0.57,2019-04-05,0111,N20,VIIRS,n,2,269.34,1.96,N,2
52.76472,26.0159,325.31,0.49,0.48,2019-04-05,0111,N20,VIIRS,n,2,270.99,3.32,N,0
51.99862,28.58373,300.71,0.32,0.55,2019-04-05,0111,N20,VIIRS,n,2,267.49,0.59,N,0
52.00995,27.57133,295.92,0.59,0.53,2019-04-05,0111,N20,VIIRS,n,2,269.95,1.12,N,0
52.15551,26.71853,325.84,0.54,0.51,2019-04-05,0111,N20,VIIRS,n,2,271.72,4.1,N,0
52.15353,26.72581,324.5,0.54,0.51,2019-04-05,0111,N20,VIIRS,n,2,271.5,3.18,N,0
52.14958,26.74036,324.36,0.54,0.51,2019-04-05,0111,N20,VIIRS,n,2,270.15,2.4,N,0
52.15155,26.73308,308.37,0.54,0.51,2019-04-05,0111,N20,VIIRS,n,2,270.04,3.18,N,0
52.14727,26.72998,326.52,0.54,0.51,2019-04-05,0111,N20,VIIRS,n,2,268.68,3.29,N,0
52.14925,26.72271,317.05,0.54,0.51,2019-04-05,0111,N20,VIIRS,n,2,271.21,3.29,N,0
52.06351,26.42068,302.43,0.53,0.5,2019-04-05,0111,N20,VIIRS,n,2,270.23,1.49,N,0
52.06158,26.42781,304.64,0.53,0.5,2019-04-05,0111,N20,VIIRS,n,2,270.66,1.48,N,0
51.62214,27.37933,298.16,0.59,0.53,2019-04-05,0111,N20,VIIRS,n,2,268.73,1.64,N,0
51.61769,27.37607,312.39,0.59,0.53,2019-04-05,0111,N20,VIIRS,n,2,269.84,2.22,N,0
51.88387,26.26057,311.29,0.53,0.5,2019-04-05,0111,N20,VIIRS,n,2,271.56,2.38,N,0
51.88196,26.26764,315.02,0.53,0.5,2019-04-05,0111,N20,VIIRS,n,2,272.22,2.47,N,0
54.68149,30.94538,325.79,0.41,0.6,2019-04-05,0920,N20,VIIRS,n,2,286.75,1.85,D,0
53.01852,25.66111,326.26,0.72,0.76,2019-04-05,0920,N20,VIIRS,n,2,282.67,7.07,D,0
53.01723,25.65631,337.09,0.72,0.76,2019-04-05,0920,N20,VIIRS,n,2,281.88,6.31,D,0
54.66841,29.23149,337.28,0.47,0.64,2019-04-05,0920,N20,VIIRS,n,2,289.43,4.02,D,0
54.91573,29.62453,334.77,0.44,0.63,2019-04-05,0920,N20,VIIRS,n,2,287.84,3.7,D,0
54.9207,29.61933,344.91,0.44,0.63,2019-04-05,0920,N20,VIIRS,n,2,286.68,3.7,D,0
54.91599,29.61963,351.84,0.44,0.63,2019-04-05,0920,N20,VIIRS,n,2,289.11,6.46,D,0
54.76785,29.12225,337.09,0.47,0.64,2019-04-05,0920,N20,VIIRS,n,2,287.68,6.59,D,0
54.76571,29.11623,356.02,0.47,0.64,2019-04-05,0920,N20,VIIRS,n,2,291.29,6.59,D,0
54.87166,29.31808,332.22,0.46,0.63,2019-04-05,0920,N20,VIIRS,n,2,287.99,3.59,D,0
54.91092,29.41058,332.89,0.45,0.63,2019-04-05,0920,N20,VIIRS,n,2,286.6,3.67,D,0
55.02505,29.16546,367,0.46,0.63,2019-04-05,0920,N20,VIIRS,h,2,291.48,17.44,D,0
55.02544,29.16483,367,0.46,0.63,2019-04-05,0920,N20,VIIRS,h,2,292.2,16.84,D,0
55.07822,29.09995,328.24,0.46,0.63,2019-04-05,0920,N20,VIIRS,n,2,288.97,3.69,D,0
55.07607,29.09379,341.72,0.46,0.63,2019-04-05,0920,N20,VIIRS,n,2,290.2,3.69,D,0
54.27785,26.91784,348.13,0.58,0.7,2019-04-05,0920,N20,VIIRS,n,2,288.21,8.12,D,0
55.08107,29.08846,333.72,0.46,0.63,2019-04-05,0920,N20,VIIRS,n,2,288.72,3.69,D,0
54.27838,26.91069,346.87,0.58,0.7,2019-04-05,0920,N20,VIIRS,n,2,288,9.35,D,0
55.68516,30.55789,325.63,0.39,0.59,2019-04-05,0920,N20,VIIRS,n,2,285.3,2.27,D,0
55.68339,30.55253,328.14,0.39,0.59,2019-04-05,0920,N20,VIIRS,n,2,285.78,2.27,D,0
54.43073,26.83698,327.79,0.58,0.69,2019-04-05,0920,N20,VIIRS,n,2,286.76,3.27,D,0
53.8622,25.32551,339.79,0.68,0.74,2019-04-05,0920,N20,VIIRS,n,2,287.19,5.47,D,0
55.59943,29.12811,330.36,0.43,0.62,2019-04-05,0920,N20,VIIRS,n,2,288.81,3.26,D,0
55.60232,29.12627,329.6,0.43,0.62,2019-04-05,0920,N20,VIIRS,n,2,287.93,3.31,D,0
52.59055,30.5907,325.8,0.5,0.66,2019-04-05,0920,N20,VIIRS,n,2,288.63,3.23,D,0
51.61689,27.38259,327.13,0.72,0.75,2019-04-05,0920,N20,VIIRS,n,2,287.39,4.32,D,0
51.6231,27.52115,331.27,0.71,0.75,2019-04-05,0920,N20,VIIRS,n,2,288.76,9.75,D,0
51.61645,27.38021,325.71,0.72,0.75,2019-04-05,0920,N20,VIIRS,n,2,287.16,4.89,D,0
53.36311,32.04263,340.36,0.42,0.61,2019-04-05,0920,N20,VIIRS,n,2,289.21,4.64,D,0
53.36807,32.0381,355.63,0.42,0.61,2019-04-05,0920,N20,VIIRS,n,2,288.79,4.64,D,0
52.99728,30.79635,325.46,0.48,0.65,2019-04-05,0920,N20,VIIRS,n,2,289.62,2.67,D,0
52.84645,29.99154,328.18,0.52,0.67,2019-04-05,0920,N20,VIIRS,n,2,293.36,3.84,D,2
53.16299,30.88567,347.26,0.47,0.64,2019-04-05,0920,N20,VIIRS,n,2,290.24,6.61,D,0
52.84735,29.99097,328.23,0.52,0.67,2019-04-05,0920,N20,VIIRS,n,2,294.59,4.14,D,2
52.01101,27.57875,336.21,0.68,0.74,2019-04-05,0920,N20,VIIRS,n,2,291.25,7.47,D,0
53.01729,30.12885,325.8,0.5,0.66,2019-04-05,0920,N20,VIIRS,n,2,287.36,2.82,D,0
52.01508,27.58006,337.92,0.68,0.74,2019-04-05,0920,N20,VIIRS,n,2,290.88,7.84,D,0
53.29993,28.39774,342.66,0.57,0.69,2019-04-05,0920,N20,VIIRS,n,2,290.3,10.82,D,0
54.43845,31.20253,326.6,0.41,0.6,2019-04-05,0920,N20,VIIRS,n,2,288.51,4.26,D,0
53.19735,27.69259,337.05,0.6,0.71,2019-04-05,0920,N20,VIIRS,n,2,287.26,3.39,D,0
53.19852,27.69333,330.73,0.6,0.71,2019-04-05,0920,N20,VIIRS,n,2,286.81,5.32,D,0
52.75817,26.01977,328.38,0.72,0.75,2019-04-05,0920,N20,VIIRS,n,2,284.44,4.81,D,0
53.55923,27.8376,356.37,0.58,0.7,2019-04-05,0920,N20,VIIRS,l,2,287.32,47.22,D,0
53.55637,27.83008,207.93,0.58,0.7,2019-04-05,0920,N20,VIIRS,l,2,304.17,66.54,D,0
53.5618,27.82424,337.29,0.58,0.7,2019-04-05,0920,N20,VIIRS,n,2,286.08,66.54,D,0
53.56466,27.83176,356.05,0.58,0.7,2019-04-05,0920,N20,VIIRS,l,2,288.14,47.22,D,0
54.58801,30.47213,332.29,0.43,0.62,2019-04-05,0920,N20,VIIRS,n,2,287.14,2.84,D,0
53.67276,31.73885,338.7,0.42,0.61,2019-04-05,0920,N20,VIIRS,n,2,288.85,3,D,0
53.67092,31.73327,327.61,0.42,0.61,2019-04-05,0920,N20,VIIRS,n,2,288.72,3,D,0
53.68323,31.75108,348.29,0.42,0.61,2019-04-05,0920,N20,VIIRS,n,2,290.7,7.07,D,0
53.68139,31.74545,337.78,0.42,0.61,2019-04-05,0920,N20,VIIRS,n,2,290.26,6.41,D,0
53.68998,31.75198,338.41,0.42,0.61,2019-04-05,0920,N20,VIIRS,n,2,291.46,7.07,D,0
53.67131,31.73888,335.11,0.42,0.61,2019-04-05,0920,N20,VIIRS,n,2,288.51,6.28,D,0
53.68187,31.75106,342.11,0.42,0.61,2019-04-05,0920,N20,VIIRS,n,2,288.89,3.34,D,0
53.68,31.74545,337.63,0.42,0.61,2019-04-05,0920,N20,VIIRS,n,2,289.59,3.34,D,0
53.68864,31.75196,348.34,0.42,0.61,2019-04-05,0920,N20,VIIRS,n,2,291.59,7.48,D,0
53.07556,29.45597,326.83,0.53,0.67,2019-04-05,0920,N20,VIIRS,n,2,289.3,3.55,D,0
53.13779,29.5885,338.51,0.52,0.67,2019-04-05,0920,N20,VIIRS,n,2,287.72,3.79,D,0
53.73625,31.23544,337.78,0.43,0.62,2019-04-05,0920,N20,VIIRS,n,2,291.46,5.62,D,0
53.73841,31.2322,334.51,0.43,0.62,2019-04-05,0920,N20,VIIRS,n,2,289.67,4.83,D,0
51.8929,26.26282,326.63,0.76,0.77,2019-04-05,0920,N20,VIIRS,n,2,287.21,8.26,D,0
53.10048,29.22471,326.74,0.54,0.68,2019-04-05,0920,N20,VIIRS,n,2,287.99,4.05,D,0
52.14287,26.72958,337.17,0.72,0.76,2019-04-05,0920,N20,VIIRS,n,2,286.95,5.01,D,0
53.33427,29.77376,331.87,0.5,0.66,2019-04-05,0920,N20,VIIRS,n,2,286.26,3.19,D,0
52.21924,26.71184,337.37,0.72,0.75,2019-04-05,0920,N20,VIIRS,n,2,288.39,5.99,D,0
53.20896,29.40126,326.31,0.53,0.67,2019-04-05,0920,N20,VIIRS,n,2,285.24,0.96,D,0
52.21833,26.70687,338.83,0.72,0.75,2019-04-05,0920,N20,VIIRS,n,2,288.67,6.59,D,0
53.92768,31.19565,328.15,0.43,0.62,2019-04-05,0920,N20,VIIRS,n,2,287.5,5.29,D,0
53.73433,30.44796,337.64,0.46,0.64,2019-04-05,0920,N20,VIIRS,n,2,289.09,4.2,D,0
53.73419,30.44761,338.63,0.46,0.64,2019-04-05,0920,N20,VIIRS,n,2,289.03,3.99,D,0
53.56422,29.35897,340.49,0.51,0.66,2019-04-05,0920,N20,VIIRS,n,2,284.61,9.16,D,0
53.5666,29.36562,356.32,0.51,0.66,2019-04-05,0920,N20,VIIRS,l,2,286.23,9.16,D,0
54.16022,31.02283,327.97,0.42,0.61,2019-04-05,0920,N20,VIIRS,n,2,287.86,1.81,D,0
53.94404,30.30335,339.94,0.46,0.63,2019-04-05,0920,N20,VIIRS,n,2,288.2,4.82,D,0
53.29725,28.41069,326.12,0.56,0.69,2019-04-05,0920,N20,VIIRS,n,2,292.41,5.79,D,0
51.87791,29.16601,332.33,0.43,0.38,2019-04-05,1059,N20,VIIRS,n,2,293.07,4.88,D,0
51.89155,29.34447,327.91,0.44,0.38,2019-04-05,1059,N20,VIIRS,n,2,295.54,3.56,D,2
51.9989,30.55434,339.81,0.48,0.4,2019-04-05,1059,N20,VIIRS,n,2,294.92,6.65,D,0
51.61718,27.38389,331.51,0.4,0.37,2019-04-05,1059,N20,VIIRS,l,2,305.21,35.9,D,0
51.9996,30.55445,339.32,0.47,0.4,2019-04-05,1059,N20,VIIRS,n,2,294.31,6.6,D,0
51.62748,27.51159,328.16,0.4,0.37,2019-04-05,1059,N20,VIIRS,n,2,293.15,4.62,D,0
51.62825,27.51729,330.98,0.4,0.37,2019-04-05,1059,N20,VIIRS,n,2,296.12,4.62,D,0
51.62415,27.51272,345.69,0.4,0.37,2019-04-05,1059,N20,VIIRS,n,2,297.16,5.75,D,0
51.62492,27.51844,332.51,0.4,0.37,2019-04-05,1059,N20,VIIRS,n,2,299.75,5.75,D,0
51.83059,30.26627,335.04,0.46,0.39,2019-04-05,1059,N20,VIIRS,n,2,298.05,8.89,D,0
52.00337,27.37312,330.8,0.4,0.37,2019-04-05,1100,N20,VIIRS,n,2,297.38,3.35,D,0
52.19448,30.53491,340.6,0.48,0.4,2019-04-05,1100,N20,VIIRS,n,2,298.09,4.87,D,0
51.89519,26.93273,326.81,0.39,0.36,2019-04-05,1100,N20,VIIRS,n,2,295.92,1.44,D,0
51.89441,26.92707,328.56,0.39,0.36,2019-04-05,1100,N20,VIIRS,n,2,296.94,2.93,D,0
52.00942,27.57692,330.63,0.4,0.37,2019-04-05,1100,N20,VIIRS,n,2,295.64,11.93,D,0
52.00865,27.57111,338.89,0.4,0.37,2019-04-05,1100,N20,VIIRS,n,2,312.25,35.89,D,0
52.01352,27.58158,354,0.4,0.37,2019-04-05,1100,N20,VIIRS,n,2,301.41,11.93,D,0
52.38932,30.69615,342.52,0.48,0.4,2019-04-05,1100,N20,VIIRS,n,2,290.5,6.2,D,0
52.00414,27.37888,333.15,0.4,0.37,2019-04-05,1100,N20,VIIRS,n,2,297.19,3.35,D,0
52.00824,27.38349,343.42,0.4,0.37,2019-04-05,1100,N20,VIIRS,n,2,298.37,8.62,D,0
52.05518,27.57939,335.22,0.4,0.37,2019-04-05,1100,N20,VIIRS,n,2,294.99,3.49,D,0
51.88916,26.25143,328.5,0.39,0.36,2019-04-05,1100,N20,VIIRS,n,2,292.78,3,D,0
52.48408,30.98899,325.75,0.5,0.41,2019-04-05,1100,N20,VIIRS,n,2,291.39,2.32,D,0
52.04557,27.05624,330.61,0.4,0.37,2019-04-05,1100,N20,VIIRS,n,2,295.29,1.79,D,0
52.33847,29.30867,330.05,0.44,0.38,2019-04-05,1100,N20,VIIRS,n,2,291.17,3.15,D,0
51.91349,25.97176,348.18,0.39,0.36,2019-04-05,1100,N20,VIIRS,n,2,292.59,7.06,D,0
52.13696,27.53147,337.41,0.4,0.37,2019-04-05,1100,N20,VIIRS,n,2,297.01,3.39,D,0
52.14441,27.53498,340.16,0.4,0.37,2019-04-05,1100,N20,VIIRS,n,2,295.86,4.81,D,0
52.5202,30.44892,328.14,0.48,0.4,2019-04-05,1100,N20,VIIRS,n,2,290.13,2.16,D,0
52.22955,27.67511,330.36,0.41,0.37,2019-04-05,1100,N20,VIIRS,n,2,293.39,2.27,D,0
52.22879,27.66923,332.33,0.41,0.37,2019-04-05,1100,N20,VIIRS,n,2,293.4,2.27,D,0
52.02229,26.13301,329.61,0.39,0.36,2019-04-05,1100,N20,VIIRS,n,2,296.95,2.62,D,0
52.02149,26.12744,331.47,0.39,0.36,2019-04-05,1100,N20,VIIRS,n,2,299.19,2.62,D,0
52.58768,30.60413,330.04,0.48,0.4,2019-04-05,1100,N20,VIIRS,n,2,291.95,2.32,D,0
52.04503,26.17137,332.06,0.39,0.36,2019-04-05,1100,N20,VIIRS,n,2,293.14,2.67,D,0
52.29672,27.92443,328.9,0.41,0.37,2019-04-05,1100,N20,VIIRS,n,2,298.04,2.47,D,0
52.14564,26.73725,342.16,0.39,0.36,2019-04-05,1100,N20,VIIRS,n,2,296.2,2.37,D,0
52.14485,26.73158,329,0.39,0.36,2019-04-05,1100,N20,VIIRS,n,2,291.61,2.37,D,0
52.14908,26.71217,328.35,0.39,0.36,2019-04-05,1100,N20,VIIRS,n,2,291.92,1.71,D,0
52.15238,26.71096,338.72,0.39,0.36,2019-04-05,1100,N20,VIIRS,n,2,295.73,11.71,D,0
52.15159,26.7053,343.11,0.39,0.36,2019-04-05,1100,N20,VIIRS,n,2,297.68,11.71,D,0
52.15567,26.70976,325.3,0.39,0.36,2019-04-05,1100,N20,VIIRS,n,2,294.6,11.71,D,0
52.15488,26.70409,342.88,0.39,0.36,2019-04-05,1100,N20,VIIRS,n,2,302.85,11.71,D,0
52.15409,26.69842,334.54,0.39,0.36,2019-04-05,1100,N20,VIIRS,n,2,293.61,3.27,D,0
52.62942,30.53392,342.79,0.48,0.4,2019-04-05,1100,N20,VIIRS,n,2,292.99,10.24,D,0
52.63308,30.53291,333.33,0.48,0.4,2019-04-05,1100,N20,VIIRS,n,2,290.51,6.63,D,0
51.99434,25.09114,325.73,0.38,0.36,2019-04-05,1100,N20,VIIRS,n,2,294.67,1.39,D,0
51.9911,24.84752,343.69,0.38,0.36,2019-04-05,1100,N20,VIIRS,n,2,288.75,5.98,D,0
51.99024,24.84203,336.85,0.38,0.36,2019-04-05,1100,N20,VIIRS,n,2,292.45,8.13,D,0
52.05295,25.11419,330.94,0.38,0.36,2019-04-05,1100,N20,VIIRS,n,2,290.59,2.58,D,0
52.0562,25.11288,332.93,0.38,0.36,2019-04-05,1100,N20,VIIRS,n,2,293.63,3.33,D,0
52.3877,27.29803,325.34,0.4,0.37,2019-04-05,1100,N20,VIIRS,n,2,294.13,2.67,D,0
52.85817,30.16896,326.67,0.47,0.4,2019-04-05,1100,N20,VIIRS,n,2,294.27,2.24,D,0
52.84689,29.99299,331.28,0.47,0.39,2019-04-05,1100,N20,VIIRS,n,2,296.98,4.04,D,2
52.50439,27.04053,336.31,0.4,0.37,2019-04-05,1100,N20,VIIRS,n,2,294.42,3.61,D,0
52.96904,30.72756,328.57,0.49,0.4,2019-04-05,1100,N20,VIIRS,n,2,293.04,2.59,D,0
53.22428,32.09771,325.81,0.55,0.43,2019-04-05,1100,N20,VIIRS,n,2,287.96,2.34,D,0
53.22241,31.94668,326.69,0.55,0.42,2019-04-05,1100,N20,VIIRS,n,2,290.03,3.52,D,0
53.22356,32.09901,327.63,0.55,0.43,2019-04-05,1100,N20,VIIRS,n,2,289.55,4.86,D,0
52.86805,28.61662,328.87,0.43,0.38,2019-04-05,1100,N20,VIIRS,n,2,289.41,2.44,D,0
53.22232,31.94767,326.28,0.55,0.42,2019-04-05,1100,N20,VIIRS,n,2,290.21,2.04,D,0
53.16222,30.88807,328.11,0.5,0.41,2019-04-05,1100,N20,VIIRS,n,2,291.1,26.36,D,0
53.16596,30.88705,340.2,0.5,0.41,2019-04-05,1100,N20,VIIRS,n,2,302.29,26.36,D,0
53.24091,31.62839,339.34,0.53,0.42,2019-04-05,1100,N20,VIIRS,n,2,296.27,14.39,D,0
53.24476,31.62741,336.67,0.53,0.42,2019-04-05,1100,N20,VIIRS,n,2,291.64,14.39,D,0
53.26237,31.64746,328.33,0.53,0.42,2019-04-05,1100,N20,VIIRS,n,2,289.8,2.99,D,0
53.26163,31.63947,329.01,0.53,0.42,2019-04-05,1100,N20,VIIRS,n,2,291.35,2.99,D,0
53.26921,31.67856,333.69,0.53,0.42,2019-04-05,1100,N20,VIIRS,n,2,292.85,2.94,D,0
53.27307,31.67757,325.74,0.53,0.42,2019-04-05,1100,N20,VIIRS,n,2,289.58,2.94,D,0
52.66712,26.28216,332.97,0.39,0.36,2019-04-05,1100,N20,VIIRS,n,2,290.68,3.16,D,0
53.07426,29.45872,336.9,0.45,0.39,2019-04-05,1100,N20,VIIRS,n,2,292.26,4.15,D,0
52.6712,26.28662,327.97,0.39,0.36,2019-04-05,1100,N20,VIIRS,n,2,287.05,3.16,D,0
53.07561,29.45716,334.89,0.45,0.39,2019-04-05,1100,N20,VIIRS,n,2,293.91,2.48,D,0
52.67995,26.16124,329.81,0.39,0.36,2019-04-05,1100,N20,VIIRS,n,2,291.23,2.65,D,0
53.3614,32.04022,335.43,0.55,0.43,2019-04-05,1100,N20,VIIRS,n,2,291.54,4.88,D,0
53.44298,32.56453,325.71,0.39,0.44,2019-04-05,1100,N20,VIIRS,n,2,290.01,2.34,D,0
52.75613,26.02263,335.53,0.39,0.36,2019-04-05,1100,N20,VIIRS,n,2,294.81,3.28,D,0
52.75941,26.02137,327.89,0.39,0.36,2019-04-05,1100,N20,VIIRS,n,2,293.83,2.14,D,0
52.76268,26.0201,325.84,0.39,0.36,2019-04-05,1100,N20,VIIRS,n,2,291.83,2.14,D,0
52.68634,25.30531,330.27,0.39,0.36,2019-04-05,1100,N20,VIIRS,n,2,287.44,2.24,D,0
52.98911,26.89783,334.79,0.4,0.37,2019-04-05,1100,N20,VIIRS,n,2,289.54,3.76,D,0
52.99086,26.88484,328.67,0.4,0.37,2019-04-05,1100,N20,VIIRS,n,2,289.61,4.97,D,0
52.99008,26.87895,355.08,0.4,0.37,2019-04-05,1100,N20,VIIRS,n,2,293.62,4.97,D,0
52.9934,26.87774,347.14,0.4,0.37,2019-04-05,1100,N20,VIIRS,n,2,290.93,6.68,D,0
53.0372,26.6094,328.24,0.4,0.37,2019-04-05,1100,N20,VIIRS,n,2,288.48,1.68,D,0
53.19674,27.68885,335.96,0.41,0.37,2019-04-05,1100,N20,VIIRS,n,2,293.85,7.11,D,0
53.09108,26.79103,330.96,0.4,0.37,2019-04-05,1100,N20,VIIRS,n,2,289.96,2.04,D,0
53.29815,28.4037,329.82,0.43,0.38,2019-04-05,1100,N20,VIIRS,n,2,299.26,5.94,D,0
53.29739,28.3973,347.14,0.43,0.38,2019-04-05,1100,N20,VIIRS,n,2,301.9,5.94,D,0
53.3016,28.40255,334.05,0.43,0.38,2019-04-05,1100,N20,VIIRS,n,2,300.69,4.31,D,0
53.30083,28.39615,339.6,0.43,0.38,2019-04-05,1100,N20,VIIRS,n,2,299.43,4.31,D,0
53.30008,28.38976,333,0.43,0.38,2019-04-05,1100,N20,VIIRS,n,2,297.52,7.23,D,0
53.30429,28.39501,335.76,0.43,0.38,2019-04-05,1100,N20,VIIRS,n,2,289.88,4.31,D,0
53.30967,28.37994,329.16,0.43,0.38,2019-04-05,1100,N20,VIIRS,n,2,289.18,4.41,D,0
53.67181,31.73633,335.89,0.54,0.42,2019-04-05,1100,N20,VIIRS,n,2,291.54,5.49,D,0
53.68494,31.74984,332.47,0.54,0.42,2019-04-05,1100,N20,VIIRS,n,2,290.47,6.7,D,0
53.68884,31.74889,331.5,0.54,0.42,2019-04-05,1100,N20,VIIRS,n,2,290.48,4.97,D,0
53.69272,31.74792,325.88,0.54,0.42,2019-04-05,1100,N20,VIIRS,n,2,292.17,4.97,D,0
53.7215,31.71507,342.81,0.54,0.42,2019-04-05,1100,N20,VIIRS,n,2,289.45,6.29,D,0
53.08736,26.13158,332.21,0.39,0.36,2019-04-05,1100,N20,VIIRS,n,2,295.19,1.76,D,0
53.72141,31.71522,333.91,0.54,0.42,2019-04-05,1100,N20,VIIRS,n,2,290.56,7.1,D,0
53.76847,31.57721,337.34,0.54,0.42,2019-04-05,1100,N20,VIIRS,n,2,294.86,17.82,D,0
53.3107,27.34111,337.81,0.41,0.37,2019-04-05,1100,N20,VIIRS,n,2,294.25,2.92,D,0
53.31484,27.34597,337.24,0.41,0.37,2019-04-05,1100,N20,VIIRS,n,2,297.77,4.03,D,0
53.31898,27.35083,343.42,0.41,0.37,2019-04-05,1100,N20,VIIRS,n,2,293.95,4.03,D,0
53.3182,27.34477,338.95,0.41,0.37,2019-04-05,1100,N20,VIIRS,n,2,294.34,4.03,D,0
53.31664,27.33265,337.92,0.41,0.37,2019-04-05,1100,N20,VIIRS,n,2,294.91,9.57,D,0
53.32235,27.34963,339.07,0.41,0.37,2019-04-05,1100,N20,VIIRS,n,2,295.26,3.38,D,0
53.5697,29.35023,339.48,0.46,0.39,2019-04-05,1100,N20,VIIRS,n,2,291.41,18.48,D,0
53.57327,29.34915,340.94,0.46,0.39,2019-04-05,1100,N20,VIIRS,n,2,289.51,18.48,D,0
53.57683,29.34805,327.95,0.46,0.39,2019-04-05,1100,N20,VIIRS,n,2,288.22,2.34,D,0
53.73381,30.45081,330.68,0.49,0.4,2019-04-05,1100,N20,VIIRS,n,2,292.67,7.61,D,0
53.35786,27.0262,352.28,0.4,0.37,2019-04-05,1100,N20,VIIRS,n,2,303.72,19.85,D,0
53.63846,29.29312,342.92,0.45,0.39,2019-04-05,1100,N20,VIIRS,n,2,286.61,4.74,D,0
53.49095,27.43334,333.48,0.41,0.37,2019-04-05,1100,N20,VIIRS,n,2,292.68,3.71,D,0
53.92461,31.19843,337.21,0.52,0.42,2019-04-05,1100,N20,VIIRS,n,2,292.64,5.21,D,0
53.92842,31.19736,334.35,0.52,0.42,2019-04-05,1100,N20,VIIRS,n,2,291.78,8.23,D,0
53.99861,31.66312,338.96,0.54,0.42,2019-04-05,1100,N20,VIIRS,n,2,293.52,21.53,D,0
53.9971,31.64648,326.68,0.54,0.42,2019-04-05,1100,N20,VIIRS,n,2,290.12,2.09,D,0
54.0025,31.66214,337.31,0.54,0.42,2019-04-05,1100,N20,VIIRS,n,2,292.59,6.35,D,0
53.97395,31.34981,332.89,0.53,0.42,2019-04-05,1100,N20,VIIRS,n,2,291.56,4.43,D,0
53.96901,28.23835,329.05,0.43,0.38,2019-04-05,1100,N20,VIIRS,n,2,291.7,2.48,D,0
54.31589,30.55006,333.34,0.5,0.41,2019-04-05,1100,N20,VIIRS,n,2,290.8,5.62,D,0
54.31964,30.54902,344.61,0.5,0.41,2019-04-05,1100,N20,VIIRS,n,2,289.39,9.33,D,0
54.3772,30.86353,330.66,0.52,0.41,2019-04-05,1100,N20,VIIRS,n,2,291.02,1.88,D,0
54.38099,30.86248,345.63,0.52,0.41,2019-04-05,1100,N20,VIIRS,n,2,291.51,11.42,D,0
53.74313,25.49287,344.04,0.39,0.36,2019-04-05,1100,N20,VIIRS,n,2,293.93,5.74,D,0
54.43227,31.19608,326.48,0.53,0.42,2019-04-05,1100,N20,VIIRS,n,2,289.41,3.17,D,0
54.44072,31.20223,331.27,0.53,0.42,2019-04-05,1100,N20,VIIRS,n,2,290.66,5.47,D,0
54.43352,31.19686,325.99,0.53,0.42,2019-04-05,1100,N20,VIIRS,n,2,288.72,1.92,D,0
53.86678,25.76213,327.29,0.39,0.36,2019-04-05,1100,N20,VIIRS,n,2,299.13,28.24,D,0
54.5026,30.88715,337.79,0.52,0.41,2019-04-05,1100,N20,VIIRS,n,2,293.1,4.51,D,0
54.50183,30.87911,350.07,0.52,0.41,2019-04-05,1100,N20,VIIRS,n,2,292.14,8.61,D,0
53.62142,23.88124,327.85,0.38,0.36,2019-04-05,1100,N20,VIIRS,n,2,288.27,16.95,D,0
54.46351,30.13635,338.56,0.49,0.4,2019-04-05,1100,N20,VIIRS,n,2,290.79,7.69,D,0
54.37103,29.04012,329.77,0.46,0.39,2019-04-05,1100,N20,VIIRS,n,2,291.06,2.69,D,0
54.00302,25.49236,327.42,0.39,0.36,2019-04-05,1100,N20,VIIRS,n,2,291.62,3.33,D,0
54.62452,30.36605,325.96,0.5,0.41,2019-04-05,1100,N20,VIIRS,n,2,291.56,3.42,D,0
54.68313,30.93702,326.11,0.52,0.42,2019-04-05,1100,N20,VIIRS,n,2,288.43,5.89,D,0
54.62826,30.36497,333.92,0.5,0.41,2019-04-05,1100,N20,VIIRS,n,2,292.62,3.42,D,0
54.68822,30.6631,329.87,0.51,0.41,2019-04-05,1100,N20,VIIRS,n,2,290.08,4.02,D,0
54.68746,30.65517,330.39,0.51,0.41,2019-04-05,1100,N20,VIIRS,n,2,291.32,4.02,D,0
54.50845,28.9377,344.33,0.45,0.39,2019-04-05,1100,N20,VIIRS,n,2,290.48,11.23,D,0
54.692,30.66207,331.28,0.51,0.41,2019-04-05,1100,N20,VIIRS,n,2,290.79,22.7,D,0
54.512,28.93654,336.92,0.45,0.39,2019-04-05,1100,N20,VIIRS,n,2,291.56,5.68,D,0
54.70996,29.95419,328.64,0.49,0.4,2019-04-05,1100,N20,VIIRS,n,2,290.36,2.78,D,0
54.67092,29.22921,327.81,0.46,0.39,2019-04-05,1100,N20,VIIRS,n,2,291.91,2.78,D,0
54.67128,29.22913,326.42,0.46,0.39,2019-04-05,1100,N20,VIIRS,n,2,292.16,2.05,D,0
54.8703,29.31531,346.17,0.47,0.4,2019-04-05,1100,N20,VIIRS,n,2,293.52,4.8,D,0
54.86952,29.30801,325.11,0.47,0.4,2019-04-05,1100,N20,VIIRS,n,2,290.99,4.8,D,0
54.92128,29.61934,332.2,0.48,0.4,2019-04-05,1100,N20,VIIRS,n,2,291.85,5.84,D,0
54.9205,29.61189,327.26,0.48,0.4,2019-04-05,1100,N20,VIIRS,n,2,291.49,5.84,D,0
54.91992,29.61879,336.62,0.48,0.4,2019-04-05,1100,N20,VIIRS,n,2,293.69,7.38,D,0
54.90958,29.40783,331.26,0.47,0.4,2019-04-05,1100,N20,VIIRS,n,2,290.26,2.32,D,0
54.9132,29.40669,332.69,0.47,0.4,2019-04-05,1100,N20,VIIRS,n,2,291.04,5.56,D,0
54.91682,29.40555,346.67,0.47,0.4,2019-04-05,1100,N20,VIIRS,n,2,292.45,5.56,D,0
54.91606,29.39819,327.33,0.47,0.4,2019-04-05,1100,N20,VIIRS,n,2,290.5,2.87,D,0
54.92045,29.40442,332.22,0.47,0.4,2019-04-05,1100,N20,VIIRS,n,2,289.74,3.84,D,0
54.96531,29.80662,328.03,0.49,0.4,2019-04-05,1100,N20,VIIRS,n,2,291.05,3.37,D,0
55.02569,29.16624,326.86,0.47,0.39,2019-04-05,1100,N20,VIIRS,n,2,292.43,2.75,D,0
55.02492,29.159,345.35,0.47,0.39,2019-04-05,1100,N20,VIIRS,n,2,293.32,5.11,D,0
55.02852,29.15785,332.35,0.47,0.39,2019-04-05,1100,N20,VIIRS,n,2,291.83,5.11,D,0
54.98712,28.67473,330.07,0.45,0.39,2019-04-05,1100,N20,VIIRS,n,2,292.24,2.79,D,0
55.07422,29.09809,331.32,0.47,0.39,2019-04-05,1100,N20,VIIRS,n,2,292.77,5.61,D,0
55.07343,29.09083,342.77,0.47,0.39,2019-04-05,1100,N20,VIIRS,n,2,294.51,5.61,D,0
55.17831,30.05937,342.02,0.5,0.41,2019-04-05,1100,N20,VIIRS,n,2,293.55,9.79,D,0
55.07782,29.09693,337.53,0.47,0.39,2019-04-05,1100,N20,VIIRS,n,2,293.47,7.71,D,0
55.07623,29.08241,331.16,0.46,0.39,2019-04-05,1100,N20,VIIRS,n,2,292.45,3.58,D,0
55.17891,30.05982,334.59,0.5,0.41,2019-04-05,1100,N20,VIIRS,n,2,293.04,8.45,D,0
55.15676,29.42162,331.31,0.48,0.4,2019-04-05,1100,N20,VIIRS,n,2,293.54,3.27,D,0
55.2893,29.58955,331.54,0.48,0.4,2019-04-05,1100,N20,VIIRS,n,2,292.19,6.38,D,0
55.29297,29.58842,330.92,0.48,0.4,2019-04-05,1100,N20,VIIRS,n,2,289.56,3.69,D,0
55.50245,29.83219,345.44,0.49,0.41,2019-04-05,1100,N20,VIIRS,n,2,294.38,6.68,D,0
55.48333,28.60162,329.37,0.46,0.39,2019-04-05,1100,N20,VIIRS,n,2,288.17,4.08,D,0
55.71752,27.26585,342.9,0.43,0.38,2019-04-05,1101,N20,VIIRS,n,2,294.98,11.2,D,0
55.83366,30.03528,328.59,0.51,0.41,2019-04-05,1101,N20,VIIRS,n,2,290.55,3.6,D,0
55.83349,30.03629,327.73,0.51,0.41,2019-04-05,1101,N20,VIIRS,n,2,290.07,3.77,D,0
55.77826,28.85014,330,0.47,0.39,2019-04-05,1101,N20,VIIRS,n,2,292.49,4.71,D,0
53.27335,24.43992,302.13,0.63,0.72,2019-04-05,2311,N20,VIIRS,n,2,274.06,1.25,N,2
53.16253,30.88991,296.65,0.34,0.56,2019-04-05,2311,N20,VIIRS,n,2,267.66,0.57,N,0
53.15249,30.87845,313.12,0.34,0.56,2019-04-05,2311,N20,VIIRS,n,2,270.38,1.22,N,0
52.84952,29.9924,320.21,0.37,0.58,2019-04-05,2311,N20,VIIRS,n,2,274.59,2.81,N,2
52.84967,29.98681,317.45,0.37,0.58,2019-04-05,2311,N20,VIIRS,n,2,272.99,3.02,N,2
52.76941,25.44201,300.64,0.58,0.69,2019-04-05,2311,N20,VIIRS,n,2,270.67,1.22,N,0
52.76932,25.4433,303.58,0.58,0.69,2019-04-05,2311,N20,VIIRS,n,2,270.16,1.06,N,0
52.74044,26.94485,317.88,0.5,0.66,2019-04-05,2311,N20,VIIRS,n,2,269.29,2.18,N,0
52.73435,26.94471,299.24,0.5,0.66,2019-04-05,2311,N20,VIIRS,n,2,269.87,1,N,0
52.11127,27.6549,299.68,0.46,0.64,2019-04-05,2311,N20,VIIRS,n,2,273.8,1.33,N,0
52.04143,30.54659,306.26,0.35,0.56,2019-04-05,2311,N20,VIIRS,n,2,269.79,1.11,N,0
52.04579,27.70042,306.99,0.46,0.64,2019-04-05,2311,N20,VIIRS,n,2,269.9,0.87,N,0
52.07808,27.40979,295.83,0.47,0.64,2019-04-05,2311,N20,VIIRS,n,2,271.16,0.7,N,0
53.51019,28.11467,296.04,0.45,0.63,2019-04-05,2311,N20,VIIRS,n,2,269.49,1.21,N,0
53.31979,31.6142,298.82,0.32,0.54,2019-04-05,2311,N20,VIIRS,n,2,268.21,0.72,N,0
53.23942,31.62603,311.18,0.64,0.54,2019-04-05,2311,N20,VIIRS,n,2,269.22,2.07,N,0
51.89207,29.33959,302.96,0.39,0.59,2019-04-05,2312,N20,VIIRS,n,2,273.79,1.04,N,2
52.04807,27.70213,306.3,0.46,0.63,2019-04-05,2312,N20,VIIRS,n,2,269.71,1.02,N,0
51.8922,29.33377,303.55,0.39,0.59,2019-04-05,2312,N20,VIIRS,n,2,274.41,0.92,N,2
51.89226,29.33827,308.59,0.39,0.59,2019-04-05,2312,N20,VIIRS,n,2,274.44,1.72,N,2
52.84925,29.98868,336.06,0.45,0.47,2019-04-06,0052,N20,VIIRS,n,2,273.35,4.12,N,2
53.21882,31.85017,303.58,0.52,0.5,2019-04-06,0052,N20,VIIRS,n,2,266.08,1.71,N,0
53.59218,29.3523,302.29,0.41,0.45,2019-04-06,0052,N20,VIIRS,n,2,267.85,0.58,N,0
53.15142,30.87781,306.04,0.48,0.48,2019-04-06,0052,N20,VIIRS,n,2,269.92,0.7,N,0
53.50676,28.12295,298.85,0.56,0.43,2019-04-06,0052,N20,VIIRS,n,2,267.81,0.75,N,0
53.50671,28.12401,297.92,0.56,0.43,2019-04-06,0052,N20,VIIRS,n,2,268.45,1.16,N,0
52.84765,29.99494,308.16,0.45,0.47,2019-04-06,0052,N20,VIIRS,n,2,271.6,4.12,N,2
52.73907,26.94751,303.04,0.53,0.42,2019-04-06,0052,N20,VIIRS,n,2,267.14,0.81,N,0
53.27145,24.4454,312.94,0.44,0.38,2019-04-06,0052,N20,VIIRS,n,2,275.6,1.66,N,2
52.73861,26.94007,316.91,0.53,0.42,2019-04-06,0052,N20,VIIRS,n,2,270.29,2.55,N,0
52.73694,26.94755,319.35,0.53,0.42,2019-04-06,0052,N20,VIIRS,n,2,269.77,3.11,N,0
52.86792,25.52779,323.01,0.48,0.4,2019-04-06,0052,N20,VIIRS,n,2,273.32,2.76,N,0
52.86935,25.52103,303.66,0.48,0.4,2019-04-06,0052,N20,VIIRS,n,2,273.45,1.37,N,0
52.78986,25.45425,326.1,0.48,0.4,2019-04-06,0052,N20,VIIRS,n,2,274.47,2.55,N,0
51.89051,29.338,306.51,0.45,0.47,2019-04-06,0052,N20,VIIRS,n,2,273,1.73,N,2
52.76402,25.447,316.38,0.48,0.4,2019-04-06,0052,N20,VIIRS,n,2,270.99,1.66,N,0
52.11413,27.65723,296.63,0.39,0.44,2019-04-06,0052,N20,VIIRS,n,2,271.85,0.76,N,0
52.11288,27.66258,315.44,0.39,0.44,2019-04-06,0052,N20,VIIRS,n,2,271.85,1.44,N,0
52.11036,27.65488,298.98,0.39,0.44,2019-04-06,0052,N20,VIIRS,n,2,274.73,0.68,N,0
52.20537,27.22553,295.6,0.56,0.43,2019-04-06,0052,N20,VIIRS,n,2,271.51,0.91,N,0
51.98875,26.08874,306.71,0.52,0.41,2019-04-06,0052,N20,VIIRS,n,2,273.69,1.35,N,0
54.1707,29.68556,326.16,0.68,0.74,2019-04-06,0901,N20,VIIRS,n,2,280.92,2.75,D,0
53.58885,29.34468,325.63,0.74,0.76,2019-04-06,0901,N20,VIIRS,n,2,284.67,4.49,D,0
53.59467,29.33793,332.48,0.74,0.76,2019-04-06,0901,N20,VIIRS,n,2,284.21,4.49,D,0
53.20834,31.85205,342.38,0.63,0.72,2019-04-06,0901,N20,VIIRS,n,2,286.28,8.59,D,0
53.2052,31.84394,332.69,0.63,0.72,2019-04-06,0901,N20,VIIRS,n,2,286.82,8.59,D,0
53.21704,31.85399,341.1,0.63,0.72,2019-04-06,0901,N20,VIIRS,n,2,285.86,8.65,D,0
53.20586,31.84832,345.15,0.63,0.72,2019-04-06,0901,N20,VIIRS,n,2,287.42,13.43,D,0
53.21461,31.85029,339.9,0.63,0.72,2019-04-06,0901,N20,VIIRS,n,2,286.09,12.7,D,0
53.2681,31.56426,329.99,0.64,0.72,2019-04-06,0901,N20,VIIRS,n,2,283.93,4.94,D,0
52.9962,30.803,326.31,0.7,0.75,2019-04-06,0901,N20,VIIRS,n,2,286.68,3.56,D,0
52.66461,29.87288,367,0.78,0.78,2019-04-06,0901,N20,VIIRS,h,2,300.34,42.86,D,0
52.66048,29.86301,336.12,0.78,0.78,2019-04-06,0901,N20,VIIRS,n,2,288.28,42.86,D,0
52.665,29.8811,327.04,0.78,0.78,2019-04-06,0901,N20,VIIRS,n,2,285.15,33.49,D,0
52.6609,29.87142,346.11,0.78,0.78,2019-04-06,0901,N20,VIIRS,n,2,301.94,66.26,D,0
52.6668,29.86461,356.21,0.78,0.78,2019-04-06,0901,N20,VIIRS,l,2,287.9,14.87,D,0
53.29403,31.33005,333.8,0.65,0.73,2019-04-06,0901,N20,VIIRS,n,2,284.39,4.03,D,0
53.11121,30.66945,353.88,0.7,0.75,2019-04-06,0901,N20,VIIRS,n,2,289.31,22.38,D,0
53.11477,30.67826,356.38,0.7,0.75,2019-04-06,0901,N20,VIIRS,l,2,286.47,22.38,D,0
53.12407,30.68061,330.87,0.7,0.75,2019-04-06,0901,N20,VIIRS,n,2,284.57,6.66,D,0
52.04096,30.55718,325.99,0.78,0.78,2019-04-06,0901,N20,VIIRS,n,2,288.06,4.89,D,0
53.10928,30.68119,344.5,0.7,0.75,2019-04-06,0901,N20,VIIRS,n,2,285.31,7.5,D,0
53.11863,30.68355,328.42,0.7,0.75,2019-04-06,0901,N20,VIIRS,n,2,285.18,15.11,D,0
53.11145,30.66603,348.35,0.7,0.75,2019-04-06,0901,N20,VIIRS,n,2,286.52,19.71,D,0
53.11505,30.67481,356.29,0.7,0.75,2019-04-06,0901,N20,VIIRS,l,2,287.15,15.11,D,0
53.79568,31.67858,325.76,0.61,0.71,2019-04-06,0901,N20,VIIRS,n,2,285.2,3.26,D,0
53.59227,29.35019,337.93,0.74,0.76,2019-04-06,0901,N20,VIIRS,n,2,283.79,7.32,D,0
53.5928,29.35399,334.69,0.74,0.76,2019-04-06,0901,N20,VIIRS,n,2,282.89,4.49,D,0
55.28348,30.00077,338.64,0.6,0.7,2019-04-06,0902,N20,VIIRS,n,2,285.42,5.63,D,0
55.2867,30.00877,330.82,0.6,0.7,2019-04-06,0902,N20,VIIRS,n,2,283.74,5.63,D,0
51.78214,30.21129,330.18,0.38,0.36,2019-04-06,1040,N20,VIIRS,n,2,297.2,1.92,D,0
51.87242,30.23967,326.94,0.38,0.36,2019-04-06,1040,N20,VIIRS,n,2,296.44,1.75,D,0
51.43605,30.53358,334.61,0.38,0.36,2019-04-06,1040,N20,VIIRS,n,2,299.55,2.97,D,0
51.82772,30.2398,331.19,0.38,0.36,2019-04-06,1040,N20,VIIRS,n,2,297.41,2.31,D,0
51.99395,26.0882,329.18,0.42,0.38,2019-04-06,1041,N20,VIIRS,n,2,293.54,2.21,D,0
52.20184,31.45482,331.99,0.39,0.36,2019-04-06,1041,N20,VIIRS,n,2,291.81,2.03,D,0
51.89185,29.34255,335.25,0.38,0.36,2019-04-06,1041,N20,VIIRS,n,2,297.68,2.75,D,2
51.62513,27.51801,336.06,0.4,0.37,2019-04-06,1041,N20,VIIRS,n,2,302.35,7.52,D,0
51.62841,27.51651,345.51,0.4,0.37,2019-04-06,1041,N20,VIIRS,n,2,298.57,7.52,D,0
51.93308,29.31961,342.15,0.38,0.36,2019-04-06,1041,N20,VIIRS,n,2,297.43,7.14,D,0
51.63268,27.52066,329.64,0.4,0.37,2019-04-06,1041,N20,VIIRS,n,2,292.62,2.84,D,0
51.59871,27.32825,330.74,0.4,0.37,2019-04-06,1041,N20,VIIRS,n,2,294.3,4.27,D,0
51.59771,27.32258,344.86,0.4,0.37,2019-04-06,1041,N20,VIIRS,n,2,302.52,17.77,D,0
51.60529,27.32523,343.69,0.4,0.37,2019-04-06,1041,N20,VIIRS,n,2,294.73,6.45,D,0
52.26338,31.35908,331.24,0.39,0.36,2019-04-06,1041,N20,VIIRS,n,2,293.95,2.13,D,0
52.17852,30.4988,329.27,0.39,0.36,2019-04-06,1041,N20,VIIRS,n,2,297.12,2.23,D,0
52.41975,30.43608,327.36,0.39,0.36,2019-04-06,1041,N20,VIIRS,n,2,293.08,2.36,D,0
52.42086,30.12103,334.81,0.38,0.36,2019-04-06,1041,N20,VIIRS,n,2,294.68,2.75,D,0
52.05554,27.6009,326.3,0.4,0.37,2019-04-06,1041,N20,VIIRS,n,2,284.67,2.5,D,0
52.10835,27.6619,352.66,0.4,0.37,2019-04-06,1041,N20,VIIRS,n,2,292.59,9.31,D,0
52.11258,27.66605,344.48,0.4,0.37,2019-04-06,1041,N20,VIIRS,n,2,295.53,9.31,D,0
52.11584,27.66456,342.68,0.4,0.37,2019-04-06,1041,N20,VIIRS,n,2,294.2,10.45,D,0
51.99515,26.97636,332.99,0.41,0.37,2019-04-06,1041,N20,VIIRS,n,2,294.44,4.44,D,0
52.02954,26.8264,338.87,0.41,0.37,2019-04-06,1041,N20,VIIRS,n,2,297.9,5.21,D,0
52.71285,30.92483,337.22,0.39,0.36,2019-04-06,1041,N20,VIIRS,n,2,291.7,4.17,D,0
52.23082,27.53436,327.48,0.4,0.37,2019-04-06,1041,N20,VIIRS,n,2,288.07,2.24,D,0
51.99284,26.08224,326.12,0.42,0.38,2019-04-06,1041,N20,VIIRS,n,2,295.35,2.21,D,0
52.62966,29.79564,333.19,0.38,0.36,2019-04-06,1041,N20,VIIRS,n,2,291.33,4.67,D,0
52.62882,29.79007,345.93,0.38,0.36,2019-04-06,1041,N20,VIIRS,n,2,296.45,4.67,D,0
52.66176,29.87136,339.33,0.38,0.36,2019-04-06,1041,N20,VIIRS,n,2,299.69,3.47,D,0
52.66092,29.86577,338.45,0.38,0.36,2019-04-06,1041,N20,VIIRS,n,2,299.3,3.19,D,0
52.21909,27.16487,328.31,0.4,0.37,2019-04-06,1041,N20,VIIRS,n,2,277.59,1.93,D,0
52.66501,29.87003,336.84,0.38,0.36,2019-04-06,1041,N20,VIIRS,n,2,300.54,3.75,D,0
52.66416,29.86445,336.02,0.38,0.36,2019-04-06,1041,N20,VIIRS,n,2,299.88,3.34,D,0
52.08809,26.3201,331.95,0.42,0.37,2019-04-06,1041,N20,VIIRS,n,2,294.58,4.97,D,0
52.11742,26.4404,344.4,0.41,0.37,2019-04-06,1041,N20,VIIRS,n,2,293.75,4.83,D,0
52.82723,30.43372,341.89,0.39,0.36,2019-04-06,1041,N20,VIIRS,n,2,291.63,2.97,D,0
52.09612,26.01714,331.84,0.42,0.38,2019-04-06,1041,N20,VIIRS,n,2,295.17,3.43,D,0
52.09387,26.0052,342.43,0.42,0.38,2019-04-06,1041,N20,VIIRS,n,2,297.36,8.79,D,0
52.84416,29.98942,333.25,0.39,0.36,2019-04-06,1041,N20,VIIRS,n,2,298.03,5.45,D,2
52.84649,29.95883,333.98,0.38,0.36,2019-04-06,1041,N20,VIIRS,n,2,295.52,8.32,D,0
52.9932,30.85375,331.09,0.39,0.36,2019-04-06,1041,N20,VIIRS,n,2,291.78,2.13,D,0
52.99239,30.84801,330.62,0.39,0.36,2019-04-06,1041,N20,VIIRS,n,2,291.65,2.13,D,0
53.00233,30.79578,327.42,0.39,0.36,2019-04-06,1041,N20,VIIRS,n,2,291.91,1.73,D,0
52.95021,30.4309,329.24,0.39,0.36,2019-04-06,1041,N20,VIIRS,n,2,290.39,2.48,D,0
52.48655,27.50467,325.04,0.4,0.37,2019-04-06,1041,N20,VIIRS,n,2,290.71,1.66,D,0
52.98778,30.64452,345.96,0.39,0.36,2019-04-06,1041,N20,VIIRS,n,2,294.53,5.27,D,0
52.99679,30.53865,338.81,0.39,0.36,2019-04-06,1041,N20,VIIRS,n,2,293.3,3.1,D,0
52.99598,30.53296,335.84,0.39,0.36,2019-04-06,1041,N20,VIIRS,n,2,292.93,3.1,D,0
52.99924,30.53167,327.07,0.39,0.36,2019-04-06,1041,N20,VIIRS,n,2,293.12,3.1,D,0
53.20652,31.85325,346.22,0.4,0.37,2019-04-06,1041,N20,VIIRS,n,2,294.08,5.28,D,0
53.20574,31.84727,333.51,0.4,0.37,2019-04-06,1041,N20,VIIRS,n,2,293.09,3.66,D,0
53.20987,31.85204,343.45,0.4,0.37,2019-04-06,1041,N20,VIIRS,n,2,294.99,3.67,D,0
53.21655,31.84962,331.88,0.4,0.37,2019-04-06,1041,N20,VIIRS,n,2,294.05,3.15,D,0
53.21577,31.84363,351.33,0.4,0.37,2019-04-06,1041,N20,VIIRS,n,2,294.91,12.69,D,0
53.24038,31.97916,326.68,0.41,0.37,2019-04-06,1041,N20,VIIRS,n,2,293.85,1.87,D,0
53.2348,31.64311,330.66,0.4,0.37,2019-04-06,1041,N20,VIIRS,n,2,292.3,3.72,D,0
53.10928,30.67914,326.38,0.39,0.36,2019-04-06,1041,N20,VIIRS,n,2,290.61,1.32,D,0
53.10847,30.67341,330.98,0.39,0.36,2019-04-06,1041,N20,VIIRS,n,2,294.02,1.32,D,0
53.25065,31.63103,325.7,0.4,0.37,2019-04-06,1041,N20,VIIRS,n,2,290.79,2.59,D,0
53.14833,30.8825,336.96,0.39,0.36,2019-04-06,1041,N20,VIIRS,n,2,291.08,2.9,D,0
53.14026,30.80046,325.61,0.39,0.36,2019-04-06,1041,N20,VIIRS,n,2,292.62,1.7,D,0
53.12401,30.68549,334.39,0.39,0.36,2019-04-06,1041,N20,VIIRS,n,2,289.99,3.18,D,0
53.15651,30.8915,338.14,0.39,0.36,2019-04-06,1041,N20,VIIRS,n,2,293.88,4.43,D,0
53.12647,30.67847,331.21,0.39,0.36,2019-04-06,1041,N20,VIIRS,n,2,290.23,2.08,D,0
53.16061,30.89601,346.08,0.39,0.36,2019-04-06,1041,N20,VIIRS,n,2,291.41,4.74,D,0
53.35756,32.34412,329.83,0.41,0.37,2019-04-06,1041,N20,VIIRS,n,2,290.26,3.28,D,0
53.25153,31.4816,329.3,0.4,0.37,2019-04-06,1041,N20,VIIRS,n,2,289.62,3.37,D,0
53.24129,31.38023,325.98,0.4,0.37,2019-04-06,1041,N20,VIIRS,n,2,291.88,1.37,D,0
53.26933,31.56192,346.97,0.4,0.37,2019-04-06,1041,N20,VIIRS,n,2,294.14,16.92,D,0
53.26853,31.556,353.19,0.4,0.37,2019-04-06,1041,N20,VIIRS,n,2,301.43,16.92,D,0
53.34071,32.07584,338.78,0.41,0.37,2019-04-06,1041,N20,VIIRS,n,2,294.99,9.46,D,0
53.34037,32.07427,343.72,0.41,0.37,2019-04-06,1041,N20,VIIRS,n,2,293.92,8.94,D,0
53.27253,31.55267,343.43,0.4,0.37,2019-04-06,1041,N20,VIIRS,n,2,291.72,4.7,D,0
53.27585,31.55144,343.02,0.4,0.37,2019-04-06,1041,N20,VIIRS,n,2,292.12,4.7,D,0
53.27839,31.54427,340.97,0.4,0.37,2019-04-06,1041,N20,VIIRS,n,2,293.17,4.26,D,0
53.2776,31.53834,345.99,0.4,0.37,2019-04-06,1041,N20,VIIRS,n,2,293.38,9.78,D,0
53.28346,31.52996,333.84,0.4,0.37,2019-04-06,1041,N20,VIIRS,n,2,291.29,4.04,D,0
53.31111,31.60687,336.31,0.4,0.37,2019-04-06,1041,N20,VIIRS,n,2,293.56,6.65,D,0
53.31444,31.60564,350.35,0.4,0.37,2019-04-06,1041,N20,VIIRS,n,2,293.62,10.06,D,0
53.31365,31.59969,334.91,0.4,0.37,2019-04-06,1041,N20,VIIRS,n,2,294.7,7.21,D,0
53.35163,31.49212,333.65,0.4,0.37,2019-04-06,1041,N20,VIIRS,n,2,291.43,2.35,D,0
53.35495,31.49089,326.03,0.4,0.37,2019-04-06,1041,N20,VIIRS,n,2,292.64,2.55,D,0
53.35749,31.48374,328.53,0.4,0.37,2019-04-06,1041,N20,VIIRS,n,2,291.96,4.21,D,0
53.35669,31.47782,346.57,0.4,0.37,2019-04-06,1041,N20,VIIRS,n,2,294.02,4.21,D,0
53.27284,30.75152,344.27,0.39,0.36,2019-04-06,1041,N20,VIIRS,n,2,292.07,3.79,D,0
53.07017,29.16708,331.32,0.38,0.36,2019-04-06,1041,N20,VIIRS,n,2,293.85,3.66,D,0
53.10978,28.91415,330.06,0.38,0.36,2019-04-06,1041,N20,VIIRS,n,2,289.07,2.22,D,0
53.22685,29.38018,330.19,0.38,0.36,2019-04-06,1041,N20,VIIRS,n,2,290.38,1.97,D,0
53.39367,30.48875,332.39,0.39,0.36,2019-04-06,1041,N20,VIIRS,n,2,291.77,2.06,D,0
53.42541,30.34828,343.01,0.39,0.36,2019-04-06,1041,N20,VIIRS,n,2,291.71,14.06,D,0
53.42459,30.34254,341.92,0.39,0.36,2019-04-06,1041,N20,VIIRS,n,2,295.95,14.06,D,0
53.24145,29.00573,334.84,0.38,0.36,2019-04-06,1041,N20,VIIRS,n,2,292.56,3.13,D,0
52.75498,25.93362,338.21,0.42,0.37,2019-04-06,1041,N20,VIIRS,n,2,287.27,4.7,D,0
52.75387,25.92765,345.13,0.42,0.37,2019-04-06,1041,N20,VIIRS,n,2,288.98,5.81,D,0
52.7583,25.93195,345.32,0.42,0.37,2019-04-06,1041,N20,VIIRS,n,2,289.02,7.5,D,0
52.76162,25.93028,339.31,0.42,0.37,2019-04-06,1041,N20,VIIRS,n,2,287.28,7.5,D,0
53.6854,31.5641,330.23,0.4,0.37,2019-04-06,1041,N20,VIIRS,n,2,288.56,2.39,D,0
53.25499,28.56591,339.46,0.38,0.36,2019-04-06,1041,N20,VIIRS,n,2,295.22,4.16,D,0
53.72631,31.68833,330.73,0.4,0.37,2019-04-06,1041,N20,VIIRS,n,2,286.73,1.73,D,0
53.72077,31.64319,342.25,0.4,0.37,2019-04-06,1041,N20,VIIRS,n,2,293.45,4.83,D,0
53.53498,30.23275,346.08,0.39,0.36,2019-04-06,1041,N20,VIIRS,n,2,296.91,5.97,D,0
53.53824,30.23143,341.29,0.39,0.36,2019-04-06,1041,N20,VIIRS,n,2,292.66,5.97,D,0
53.09772,27.22431,329.5,0.4,0.37,2019-04-06,1041,N20,VIIRS,n,2,290.17,2.46,D,0
53.09157,26.79481,325.98,0.4,0.37,2019-04-06,1041,N20,VIIRS,n,2,288.94,1.77,D,0
53.06288,26.43483,328.16,0.41,0.37,2019-04-06,1041,N20,VIIRS,n,2,287.88,1.14,D,0
53.58923,29.34059,331.93,0.38,0.36,2019-04-06,1041,N20,VIIRS,n,2,292.32,6.14,D,0
53.59744,29.3492,345.08,0.38,0.36,2019-04-06,1041,N20,VIIRS,n,2,288.14,6.37,D,0
53.59982,29.34212,354.77,0.38,0.36,2019-04-06,1041,N20,VIIRS,n,2,290.74,11.15,D,0
53.49042,28.48469,331.99,0.38,0.36,2019-04-06,1041,N20,VIIRS,n,2,290.35,5.73,D,0
53.49365,28.48324,337.73,0.38,0.36,2019-04-06,1041,N20,VIIRS,n,2,291.8,5.73,D,0
53.49274,28.47757,346.36,0.38,0.36,2019-04-06,1041,N20,VIIRS,n,2,296.99,5.73,D,0
53.49598,28.47613,343.5,0.38,0.36,2019-04-06,1041,N20,VIIRS,n,2,291.91,7.79,D,0
53.50525,28.12484,335.85,0.39,0.36,2019-04-06,1041,N20,VIIRS,n,2,292.58,2.03,D,0
53.50849,28.12336,332.76,0.39,0.36,2019-04-06,1041,N20,VIIRS,n,2,294.37,6.4,D,0
53.51078,28.07342,329.01,0.39,0.36,2019-04-06,1041,N20,VIIRS,n,2,288.74,3.25,D,0
53.57621,28.28631,325.64,0.39,0.36,2019-04-06,1041,N20,VIIRS,n,2,291.42,2.43,D,0
53.57852,28.27915,338.75,0.39,0.36,2019-04-06,1041,N20,VIIRS,n,2,293.25,3.85,D,0
54.02807,31.06701,328.62,0.4,0.37,2019-04-06,1041,N20,VIIRS,n,2,288.41,1.72,D,0
53.31052,26.17316,329.44,0.41,0.37,2019-04-06,1041,N20,VIIRS,n,2,287.29,2.9,D,0
53.99236,30.218,340.59,0.39,0.36,2019-04-06,1041,N20,VIIRS,n,2,288.28,3.01,D,0
53.74406,28.53779,325.72,0.38,0.36,2019-04-06,1041,N20,VIIRS,n,2,290.1,2.27,D,0
53.23889,25.2376,342.6,0.43,0.38,2019-04-06,1041,N20,VIIRS,n,2,293.72,9.85,D,0
53.5972,27.1005,338.42,0.39,0.36,2019-04-06,1041,N20,VIIRS,n,2,294.48,7.1,D,0
54.11999,30.05181,350.27,0.39,0.36,2019-04-06,1041,N20,VIIRS,n,2,293.53,6.79,D,0
53.81614,27.9081,341.84,0.39,0.36,2019-04-06,1041,N20,VIIRS,n,2,291.94,7.22,D,0
53.76419,26.87273,338.6,0.39,0.37,2019-04-06,1041,N20,VIIRS,n,2,293.14,5.89,D,0
53.71787,26.585,331.27,0.4,0.37,2019-04-06,1041,N20,VIIRS,n,2,293.31,2.74,D,0
54.40781,30.92437,342.12,0.4,0.37,2019-04-06,1041,N20,VIIRS,n,2,291.2,5.69,D,0
53.61354,25.21586,329.6,0.42,0.38,2019-04-06,1041,N20,VIIRS,n,2,291.82,2.78,D,0
54.4602,30.13019,328.48,0.39,0.36,2019-04-06,1041,N20,VIIRS,n,2,287.86,1.81,D,0
54.28383,28.85904,345.97,0.38,0.36,2019-04-06,1041,N20,VIIRS,n,2,292.62,4.86,D,0
54.28706,28.85759,355.07,0.38,0.36,2019-04-06,1041,N20,VIIRS,n,2,293.87,12.16,D,0
53.61253,24.7581,334.37,0.43,0.38,2019-04-06,1041,N20,VIIRS,n,2,290.96,2.6,D,0
54.00714,26.85597,338.23,0.39,0.36,2019-04-06,1041,N20,VIIRS,n,2,293.4,8.42,D,0
53.53381,24.11003,328.14,0.45,0.39,2019-04-06,1041,N20,VIIRS,n,2,287.24,2.82,D,0
53.73037,24.76741,327.61,0.43,0.38,2019-04-06,1041,N20,VIIRS,n,2,290.13,2.17,D,0
54.40503,28.45999,330.39,0.38,0.36,2019-04-06,1041,N20,VIIRS,n,2,292,2.61,D,0
54.40412,28.45421,335.37,0.38,0.36,2019-04-06,1041,N20,VIIRS,n,2,291.95,2.61,D,0
54.67466,30.16951,326.34,0.39,0.36,2019-04-06,1041,N20,VIIRS,n,2,288.15,1.63,D,0
54.67794,30.16814,334.73,0.39,0.36,2019-04-06,1041,N20,VIIRS,n,2,289.55,2.69,D,0
53.935,25.4844,335.86,0.41,0.37,2019-04-06,1041,N20,VIIRS,n,2,292.36,5.11,D,0
53.9383,25.48265,344.28,0.41,0.37,2019-04-06,1041,N20,VIIRS,n,2,292.25,5.11,D,0
54.5997,29.29042,330.41,0.39,0.36,2019-04-06,1041,N20,VIIRS,n,2,288.99,2.57,D,0
54.59884,29.28456,329.49,0.39,0.36,2019-04-06,1041,N20,VIIRS,n,2,289.69,2.11,D,0
54.14153,26.40848,344.17,0.4,0.37,2019-04-06,1041,N20,VIIRS,n,2,299.09,14.7,D,0
54.74944,29.87165,327.12,0.39,0.36,2019-04-06,1041,N20,VIIRS,n,2,288.48,1.88,D,0
54.35505,26.21295,329.33,0.4,0.37,2019-04-06,1041,N20,VIIRS,n,2,291.2,4.62,D,0
54.91753,29.60744,353.24,0.39,0.36,2019-04-06,1041,N20,VIIRS,n,2,293.95,7.59,D,0
54.94762,29.72107,332.58,0.39,0.36,2019-04-06,1041,N20,VIIRS,n,2,290.02,2.29,D,0
54.99533,29.76406,328.62,0.39,0.36,2019-04-06,1041,N20,VIIRS,n,2,285.81,3.98,D,0
54.99363,29.75208,346.43,0.39,0.36,2019-04-06,1041,N20,VIIRS,n,2,293.37,6.35,D,0
54.99555,29.74951,333.71,0.39,0.36,2019-04-06,1041,N20,VIIRS,n,2,291.24,8.05,D,0
54.99881,29.74811,355.86,0.39,0.36,2019-04-06,1041,N20,VIIRS,n,2,294.29,8.05,D,0
55.00208,29.74671,345.44,0.39,0.36,2019-04-06,1041,N20,VIIRS,n,2,289.46,5.56,D,0
55.00124,29.74072,328.08,0.39,0.36,2019-04-06,1041,N20,VIIRS,n,2,287.94,3.22,D,0
55.106,29.89343,325.9,0.39,0.36,2019-04-06,1041,N20,VIIRS,n,2,289.64,2.55,D,0
55.0902,29.0916,332.64,0.39,0.36,2019-04-06,1041,N20,VIIRS,n,2,290.71,1.92,D,0
55.21627,29.92122,337.77,0.39,0.36,2019-04-06,1041,N20,VIIRS,n,2,291.76,5.04,D,0
55.21542,29.91518,326.84,0.39,0.36,2019-04-06,1041,N20,VIIRS,n,2,290.95,5.04,D,0
55.32348,30.60236,336.03,0.4,0.37,2019-04-06,1041,N20,VIIRS,n,2,291.15,2.93,D,0
55.833,27.84463,329.84,0.38,0.36,2019-04-06,1042,N20,VIIRS,n,2,291.83,3.5,D,0
55.29085,29.89409,347.33,0.39,0.36,2019-04-06,1042,N20,VIIRS,n,2,292,5.88,D,0
55.22573,28.93908,332.41,0.39,0.36,2019-04-06,1042,N20,VIIRS,n,2,289.22,2.48,D,0
55.24434,28.78485,333,0.39,0.36,2019-04-06,1042,N20,VIIRS,n,2,290.07,3.01,D,0
55.35778,29.27427,329.36,0.39,0.36,2019-04-06,1042,N20,VIIRS,n,2,290.71,3.33,D,0
55.35691,29.26827,330.94,0.39,0.36,2019-04-06,1042,N20,VIIRS,n,2,290.43,4.65,D,0
55.36017,29.26682,328.81,0.39,0.36,2019-04-06,1042,N20,VIIRS,n,2,288.05,2.33,D,0
54.9804,26.77292,340.6,0.39,0.36,2019-04-06,1042,N20,VIIRS,n,2,290.64,6.52,D,0
55.33888,28.18015,337.44,0.38,0.36,2019-04-06,1042,N20,VIIRS,n,2,291.95,4.96,D,0
55.2246,27.45402,342.01,0.39,0.36,2019-04-06,1042,N20,VIIRS,n,2,293.88,7.62,D,0
55.05592,26.31364,331.45,0.39,0.36,2019-04-06,1042,N20,VIIRS,n,2,293.56,1.74,D,0
55.48581,28.60094,334.64,0.38,0.36,2019-04-06,1042,N20,VIIRS,n,2,289.42,5.62,D,0
55.70018,28.14916,329.79,0.38,0.36,2019-04-06,1042,N20,VIIRS,n,2,289.68,2.62,D,0
55.83163,27.85817,334.02,0.38,0.36,2019-04-06,1042,N20,VIIRS,n,2,291.1,3.27,D,0
55.83485,27.8566,334.76,0.38,0.36,2019-04-06,1042,N20,VIIRS,n,2,292.38,3.27,D,0
55.83392,27.85061,338.76,0.38,0.36,2019-04-06,1042,N20,VIIRS,n,2,292.27,3.5,D,0
54.35001,26.21589,344.75,0.74,0.76,2019-04-06,1222,N20,VIIRS,n,2,286.46,6.52,D,0
52.09353,26.00644,327,0.73,0.76,2019-04-06,1222,N20,VIIRS,n,2,287.95,4.62,D,0
54.35404,26.22023,353.81,0.74,0.76,2019-04-06,1222,N20,VIIRS,n,2,286.63,8.81,D,0
54.35709,26.21682,330.4,0.74,0.76,2019-04-06,1222,N20,VIIRS,n,2,284.97,4.24,D,0
55.48766,28.60288,301.73,0.67,0.74,2019-04-06,2251,N20,VIIRS,n,2,271.45,3.23,N,0
55.48734,28.59188,329.7,0.67,0.74,2019-04-06,2251,N20,VIIRS,n,2,271.8,3.23,N,0
53.15277,30.88895,299.92,0.54,0.68,2019-04-06,2252,N20,VIIRS,n,2,271.3,0.93,N,0
55.5302,28.51367,299.41,0.4,0.37,2019-04-07,0032,N20,VIIRS,n,2,273.23,1.27,N,0
55.48524,28.60303,327.73,0.4,0.37,2019-04-07,0032,N20,VIIRS,n,2,277.21,11.3,N,0
52.84438,26.15134,316.43,0.39,0.36,2019-04-07,0033,N20,VIIRS,n,2,272.86,1.7,N,0
54.91171,29.59675,303.36,0.43,0.38,2019-04-07,0033,N20,VIIRS,n,2,269.47,1.08,N,0
53.97199,31.50453,301.65,0.49,0.4,2019-04-07,0033,N20,VIIRS,n,2,268.94,1.15,N,0
53.84856,25.75042,316.39,0.39,0.36,2019-04-07,0033,N20,VIIRS,n,2,277.19,1.35,N,0
53.84533,25.74889,305.03,0.39,0.36,2019-04-07,0033,N20,VIIRS,n,2,275.58,0.94,N,0
52.46321,30.34625,295.15,0.49,0.4,2019-04-07,0033,N20,VIIRS,n,2,265.97,0.77,N,0
52.16003,31.55847,315.44,0.54,0.42,2019-04-07,0033,N20,VIIRS,n,2,271.26,1.86,N,0
52.73999,25.4395,304.81,0.39,0.36,2019-04-07,0033,N20,VIIRS,n,2,270,0.95,N,0
52.36008,29.7148,329.76,0.44,0.39,2019-04-07,1022,N20,VIIRS,n,2,291.08,5.24,D,0
52.46025,30.349,342.36,0.43,0.38,2019-04-07,1022,N20,VIIRS,n,2,295.8,5.73,D,0
52.30854,29.56793,326.44,0.45,0.39,2019-04-07,1022,N20,VIIRS,n,2,294.81,1.61,D,0
52.34986,29.72014,343.79,0.44,0.39,2019-04-07,1022,N20,VIIRS,n,2,293.34,4.6,D,0
52.34863,29.71387,342.96,0.44,0.39,2019-04-07,1022,N20,VIIRS,n,2,294.06,4.46,D,0
52.35327,29.71836,334.85,0.44,0.39,2019-04-07,1022,N20,VIIRS,n,2,297.64,13.79,D,0
52.35667,29.71658,344.11,0.44,0.39,2019-04-07,1022,N20,VIIRS,n,2,296.99,13.79,D,0
54.41444,30.87375,329.6,0.4,0.37,2019-04-07,1022,N20,VIIRS,n,2,277.56,5.31,D,0
54.49442,30.21784,334.62,0.41,0.37,2019-04-07,1022,N20,VIIRS,n,2,281.51,3.49,D,0
53.51527,24.59019,339.27,0.41,0.45,2019-04-07,1022,N20,VIIRS,n,2,291.82,12.55,D,0
54.69663,29.24229,328.42,0.42,0.38,2019-04-07,1022,N20,VIIRS,n,2,287.75,4.36,D,0
54.6798,29.15408,343.06,0.42,0.38,2019-04-07,1022,N20,VIIRS,n,2,286.19,20.41,D,0
54.68312,29.15219,351.57,0.42,0.38,2019-04-07,1022,N20,VIIRS,n,2,294.36,20.41,D,0
54.83239,29.24839,343.67,0.42,0.38,2019-04-07,1023,N20,VIIRS,n,2,289.18,18.36,D,0
55.01331,30.17077,338.17,0.4,0.37,2019-04-07,1023,N20,VIIRS,n,2,292.25,18.87,D,0
54.90781,29.59276,328.37,0.41,0.37,2019-04-07,1023,N20,VIIRS,n,2,288.13,2.63,D,0
55.01657,30.16899,336.24,0.4,0.37,2019-04-07,1023,N20,VIIRS,n,2,286.32,7.41,D,0
55.01873,30.16112,336.14,0.4,0.37,2019-04-07,1023,N20,VIIRS,n,2,284.79,3.71,D,0
55.10176,30.06065,329.82,0.4,0.37,2019-04-07,1023,N20,VIIRS,n,2,281.32,2.44,D,0
55.06879,29.60223,329.37,0.41,0.37,2019-04-07,1023,N20,VIIRS,n,2,283.6,3.72,D,0
54.6895,26.93689,329.46,0.48,0.4,2019-04-07,1023,N20,VIIRS,n,2,290.98,3.42,D,0
55.44295,30.60431,333.61,0.4,0.37,2019-04-07,1023,N20,VIIRS,n,2,277.26,3.4,D,0
55.1446,27.25897,325.36,0.46,0.39,2019-04-07,1023,N20,VIIRS,n,2,289.65,3.71,D,0
55.48343,28.52846,336.29,0.43,0.38,2019-04-07,1023,N20,VIIRS,n,2,268.03,4.81,D,0
54.93579,30.09917,328.2,0.41,0.37,2019-04-07,1023,N20,VIIRS,n,2,283.31,3.02,D,0
55.54505,26.75485,335.41,0.5,0.66,2019-04-07,1204,N20,VIIRS,n,2,289.55,7.58,D,0
55.55062,26.7624,356.16,0.5,0.66,2019-04-07,1204,N20,VIIRS,l,2,288.89,40.16,D,0
55.54449,26.76221,341.89,0.5,0.66,2019-04-07,1204,N20,VIIRS,n,2,288.31,40.16,D,0
55.55114,26.76316,356.41,0.5,0.66,2019-04-07,1204,N20,VIIRS,l,2,289.22,48.12,D,0
55.55067,26.75429,305.1,0.5,0.66,2019-04-07,1204,N20,VIIRS,l,2,305.18,40.16,D,0
54.99213,29.72079,349.31,0.66,0.73,2019-04-07,1204,N20,VIIRS,n,2,280.87,13.51,D,0
55.00597,29.71164,334.17,0.66,0.73,2019-04-07,1204,N20,VIIRS,n,2,280.96,9.58,D,0
55.00571,29.72219,356.62,0.66,0.73,2019-04-07,1204,N20,VIIRS,l,2,282.34,9.58,D,0
54.99298,29.72565,329.45,0.66,0.73,2019-04-07,1204,N20,VIIRS,n,2,281.71,9.37,D,0
54.99329,29.71513,347.93,0.66,0.73,2019-04-07,1204,N20,VIIRS,n,2,282.13,10.31,D,0
55.00656,29.72691,349.22,0.66,0.73,2019-04-07,1204,N20,VIIRS,n,2,280.75,17.3,D,0
55.00687,29.7164,347.75,0.66,0.73,2019-04-07,1204,N20,VIIRS,n,2,282.04,16.02,D,0
55.37095,30.52573,325.03,0.71,0.75,2019-04-07,1204,N20,VIIRS,n,2,274.6,4.85,D,0
55.46255,29.09372,339.06,0.62,0.71,2019-04-07,1204,N20,VIIRS,n,2,286.46,5.56,D,0
55.54502,26.76294,348.28,0.5,0.66,2019-04-07,1204,N20,VIIRS,n,2,288.81,8.74,D,0
52.95611,26.98431,305.98,0.4,0.37,2019-04-08,0014,N20,VIIRS,n,2,271.39,0.51,N,0
52.84883,29.98898,326.17,0.39,0.36,2019-04-08,0014,N20,VIIRS,n,2,278.6,4.33,N,2
52.8479,29.99457,307.67,0.39,0.36,2019-04-08,0014,N20,VIIRS,n,2,277.16,4.33,N,2
53.2711,24.44383,308.11,0.45,0.39,2019-04-08,0014,N20,VIIRS,n,2,274.74,1.77,N,2
55.53123,28.51407,298.28,0.39,0.37,2019-04-08,0014,N20,VIIRS,n,2,276.09,0.64,N,0
55.48458,28.59784,298.88,0.39,0.36,2019-04-08,0014,N20,VIIRS,n,2,274.63,0.42,N,0
52.08077,27.30173,297.61,0.39,0.36,2019-04-08,0015,N20,VIIRS,n,2,275.89,0.89,N,0
51.89431,29.34044,321.65,0.39,0.36,2019-04-08,0015,N20,VIIRS,n,2,280.44,1.65,N,2
52.08158,27.29612,297.21,0.39,0.36,2019-04-08,0015,N20,VIIRS,n,2,276.2,0.89,N,0
52.13281,29.1945,340.65,0.45,0.47,2019-04-08,1003,N20,VIIRS,n,2,290.23,4.25,D,0
52.1341,30.19139,339.93,0.41,0.45,2019-04-08,1003,N20,VIIRS,n,2,289.51,3.11,D,0
52.04675,28.74169,325.18,0.47,0.48,2019-04-08,1003,N20,VIIRS,n,2,287.5,2.42,D,0
52.94054,31.19016,329.88,0.54,0.42,2019-04-08,1003,N20,VIIRS,n,2,290.06,2.52,D,0
52.68548,30.05889,330.99,0.4,0.44,2019-04-08,1003,N20,VIIRS,n,2,295.58,4.13,D,0
52.17621,27.65141,342.59,0.51,0.49,2019-04-08,1003,N20,VIIRS,n,2,291.62,5.87,D,0
52.17439,27.64445,342.28,0.51,0.49,2019-04-08,1003,N20,VIIRS,n,2,293.6,7.57,D,0
52.17266,27.65169,345.88,0.51,0.49,2019-04-08,1003,N20,VIIRS,n,2,292.58,7.05,D,0
52.17503,27.64183,329.08,0.51,0.49,2019-04-08,1003,N20,VIIRS,n,2,292.2,4.88,D,0
52.84576,29.99083,350.6,0.4,0.44,2019-04-08,1003,N20,VIIRS,n,2,296.97,6.94,D,2
53.15736,30.2685,332.4,0.38,0.44,2019-04-08,1003,N20,VIIRS,n,2,289.25,2.89,D,0
53.19846,29.39218,339.38,0.41,0.45,2019-04-08,1003,N20,VIIRS,n,2,294.82,3.58,D,0
53.19833,29.39666,334.7,0.41,0.45,2019-04-08,1003,N20,VIIRS,n,2,289.86,5.73,D,0
52.60638,25.92361,325.99,0.58,0.52,2019-04-08,1003,N20,VIIRS,n,2,291.82,3.54,D,0
53.93424,30.79661,330.9,0.53,0.42,2019-04-08,1003,N20,VIIRS,n,2,285.76,4.72,D,0
54.09903,29.859,327.18,0.56,0.43,2019-04-08,1004,N20,VIIRS,n,2,289.75,6.41,D,0
54.10209,29.85806,334.21,0.56,0.43,2019-04-08,1004,N20,VIIRS,n,2,291.05,6.05,D,0
54.19866,28.88814,340.71,0.4,0.44,2019-04-08,1004,N20,VIIRS,n,2,298.65,4.73,D,0
54.1785,28.29063,329.29,0.42,0.45,2019-04-08,1004,N20,VIIRS,n,2,294.22,4.22,D,0
54.71117,30.38012,343.9,0.52,0.42,2019-04-08,1004,N20,VIIRS,n,2,292.45,6.91,D,0
54.70898,29.26002,330.85,0.57,0.43,2019-04-08,1004,N20,VIIRS,n,2,290.41,7.05,D,0
54.93631,29.48405,345.28,0.55,0.43,2019-04-08,1004,N20,VIIRS,n,2,291.47,9.1,D,0
55.06076,29.95986,328.73,0.53,0.42,2019-04-08,1004,N20,VIIRS,n,2,283.25,3.45,D,0
54.93623,29.4837,343.77,0.55,0.43,2019-04-08,1004,N20,VIIRS,n,2,291.27,6.29,D,0
53.99798,25.10085,329.39,0.56,0.51,2019-04-08,1004,N20,VIIRS,n,2,292.01,3.78,D,0
55.14062,29.09569,325.84,0.56,0.43,2019-04-08,1004,N20,VIIRS,n,2,289.64,2.3,D,0
54.97265,26.77967,327.78,0.45,0.47,2019-04-08,1004,N20,VIIRS,n,2,291.79,3.51,D,0
55.50631,28.86757,334.11,0.56,0.43,2019-04-08,1004,N20,VIIRS,n,2,290.98,4.39,D,0
53.69972,28.75361,325.91,0.42,0.45,2019-04-08,1004,N20,VIIRS,n,2,289.32,2.37,D,0
54.10091,29.86714,331.27,0.56,0.43,2019-04-08,1004,N20,VIIRS,n,2,290.43,6.41,D,0
53.65227,28.48066,349.54,0.37,0.58,2019-04-08,1144,N20,VIIRS,n,2,293.56,10.55,D,0
53.65213,28.47493,329.01,0.37,0.58,2019-04-08,1144,N20,VIIRS,n,2,290.5,10.55,D,0
53.85637,31.6754,331.42,0.5,0.66,2019-04-08,1144,N20,VIIRS,n,2,283.92,2.72,D,0
53.99875,25.10202,342.01,0.54,0.51,2019-04-08,1144,N20,VIIRS,n,2,294.69,10.03,D,0
53.99919,25.11041,335.23,0.54,0.51,2019-04-08,1144,N20,VIIRS,n,2,290.7,10.03,D,0
54.00344,25.10135,329.87,0.54,0.51,2019-04-08,1144,N20,VIIRS,n,2,294.05,6.86,D,0
52.0444,28.73608,345.93,0.37,0.58,2019-04-08,1144,N20,VIIRS,n,2,288.54,4.26,D,0
52.07594,27.77085,335.25,0.34,0.56,2019-04-08,1144,N20,VIIRS,n,2,290.96,3.57,D,0
52.11756,26.54851,329.15,0.6,0.53,2019-04-08,1144,N20,VIIRS,n,2,290.47,6.8,D,0
52.36798,25.59147,339.43,0.55,0.51,2019-04-08,1144,N20,VIIRS,n,2,294.08,7.44,D,0
52.36752,25.58331,341.45,0.55,0.51,2019-04-08,1144,N20,VIIRS,n,2,293.81,8.21,D,0
52.36889,25.59135,338.93,0.55,0.51,2019-04-08,1144,N20,VIIRS,n,2,294.48,8.17,D,0
52.36847,25.58318,343.14,0.55,0.51,2019-04-08,1144,N20,VIIRS,n,2,294.96,8.17,D,0
52.94563,27.05474,338.09,0.32,0.55,2019-04-08,1144,N20,VIIRS,n,2,290.66,2.82,D,0
53.00853,27.5758,337.92,0.34,0.56,2019-04-08,1144,N20,VIIRS,n,2,292.29,4.19,D,0
53.00835,27.57071,336.74,0.34,0.56,2019-04-08,1144,N20,VIIRS,n,2,292.24,3.65,D,0
53.19897,29.39415,367,0.4,0.6,2019-04-08,1144,N20,VIIRS,h,2,296.08,16.67,D,0
53.60499,29.09207,343.9,0.39,0.6,2019-04-08,1144,N20,VIIRS,n,2,287.17,5.41,D,0
53.6524,28.48639,353.81,0.37,0.58,2019-04-08,1144,N20,VIIRS,n,2,302.95,38.38,D,0
55.33799,29.98015,333.77,0.44,0.62,2019-04-08,1145,N20,VIIRS,n,2,285.04,3.16,D,0
55.3382,29.98074,331.89,0.44,0.62,2019-04-08,1145,N20,VIIRS,n,2,284.87,3.29,D,0
55.31429,27.20755,344.98,0.34,0.56,2019-04-08,1145,N20,VIIRS,n,2,290.73,3.81,D,0
55.32265,26.68254,341.28,0.32,0.55,2019-04-08,1145,N20,VIIRS,n,2,290.47,4.15,D,0
55.32791,26.68725,338.67,0.32,0.55,2019-04-08,1145,N20,VIIRS,n,2,280.12,6.15,D,0
55.32772,26.68208,356.34,0.32,0.55,2019-04-08,1145,N20,VIIRS,l,2,282.55,10.34,D,0
55.54568,28.5527,332.51,0.38,0.59,2019-04-08,1145,N20,VIIRS,n,2,283.97,2.32,D,0
55.5124,26.83863,333.41,0.33,0.55,2019-04-08,1145,N20,VIIRS,n,2,287.49,2.42,D,0
55.74571,28.10569,336.51,0.37,0.58,2019-04-08,1145,N20,VIIRS,n,2,285.46,5.37,D,0
53.27055,24.44114,306.69,0.44,0.46,2019-04-08,2355,N20,VIIRS,n,2,276.6,1.95,N,2
53.99116,25.10428,299.2,0.42,0.45,2019-04-08,2355,N20,VIIRS,n,2,272.53,0.75,N,0
53.27026,24.38722,349.9,0.44,0.46,2019-04-08,2355,N20,VIIRS,n,2,274.64,7.81,N,0
51.89267,29.34169,295.68,0.43,0.38,2019-04-08,2356,N20,VIIRS,n,2,277.03,0.55,N,2
52.13473,27.93971,303.38,0.48,0.4,2019-04-08,2356,N20,VIIRS,n,2,275.28,0.8,N,0
53.27198,24.44377,309.28,0.35,0.57,2019-04-09,0136,N20,VIIRS,n,2,274.31,1.33,N,2
53.27077,24.44427,303.66,0.35,0.57,2019-04-09,0136,N20,VIIRS,n,2,274.13,1.1,N,2
54.59462,30.89962,339.8,0.49,0.49,2019-04-09,0945,N20,VIIRS,n,2,291.33,5.35,D,0
55.35051,30.66413,332.42,0.47,0.48,2019-04-09,0945,N20,VIIRS,n,2,285.27,4.01,D,0
52.02868,25.81298,329.64,0.46,0.64,2019-04-09,0945,N20,VIIRS,n,2,288.04,1.59,D,0
52.76774,26.1395,325.07,0.42,0.61,2019-04-09,0945,N20,VIIRS,n,2,285.89,2.19,D,0
54.34467,29.52517,338.45,0.56,0.51,2019-04-09,0945,N20,VIIRS,n,2,289.55,6.08,D,0
53.65848,28.47861,347.19,0.47,0.48,2019-04-09,1125,N20,VIIRS,n,2,293.8,5.99,D,0
51.7043,23.85471,328.07,0.46,0.39,2019-04-09,1125,N20,VIIRS,n,2,295.71,1.53,D,0
52.26913,27.14141,330.97,0.4,0.45,2019-04-09,1125,N20,VIIRS,n,2,291.23,1.77,D,0
52.76516,26.14063,333.72,0.56,0.43,2019-04-09,1125,N20,VIIRS,n,2,290.17,6.32,D,0
52.76912,26.13971,327.3,0.56,0.43,2019-04-09,1125,N20,VIIRS,n,2,289.4,5.13,D,0
51.8582,26.83434,325.64,0.39,0.44,2019-04-09,1125,N20,VIIRS,n,2,294.65,1.33,D,0
55.22897,30.61985,325.56,0.6,0.53,2019-04-09,1126,N20,VIIRS,n,2,287.09,3.34,D,0
55.23074,30.62066,326.41,0.6,0.53,2019-04-09,1126,N20,VIIRS,n,2,286.4,2.8,D,0
55.38148,30.75542,296.84,0.4,0.45,2019-04-09,2336,N20,VIIRS,n,2,270.38,0.51,N,0
53.27283,24.44053,295.26,0.34,0.56,2019-04-09,2336,N20,VIIRS,n,2,269.82,0.61,N,2
52.09894,26.57419,301.51,0.55,0.51,2019-04-09,2337,N20,VIIRS,n,2,271.35,1.04,N,0
52.09802,26.56893,297.49,0.55,0.51,2019-04-09,2337,N20,VIIRS,n,2,271.45,0.75,N,0
51.99639,26.85852,307.22,0.53,0.5,2019-04-09,2337,N20,VIIRS,n,2,273.24,1.01,N,0
52.15426,27.45885,296.3,0.5,0.49,2019-04-09,2337,N20,VIIRS,n,2,273.23,0.75,N,0
52.10273,26.56963,296.68,0.55,0.51,2019-04-09,2337,N20,VIIRS,n,2,271.74,1.34,N,0
51.99178,26.85549,314.32,0.32,0.54,2019-04-10,0117,N20,VIIRS,n,2,271.46,2.44,N,0
52.84653,29.98623,303.17,0.39,0.59,2019-04-10,0117,N20,VIIRS,n,2,274.78,1.19,N,2
52.84485,29.99145,309.21,0.39,0.59,2019-04-10,0117,N20,VIIRS,n,2,275.75,1.19,N,2
54.66822,31.10481,337.09,0.35,0.57,2019-04-10,0926,N20,VIIRS,n,2,289.75,4.1,D,0
52.19205,30.54155,352.63,0.46,0.63,2019-04-10,0926,N20,VIIRS,n,2,284.74,6.01,D,0
52.19291,30.54169,350.26,0.46,0.63,2019-04-10,0926,N20,VIIRS,n,2,284.37,6.68,D,0
51.8914,29.34378,327.38,0.52,0.67,2019-04-10,0926,N20,VIIRS,n,2,287.11,2.96,D,2
51.996,26.84897,341.92,0.63,0.72,2019-04-10,0926,N20,VIIRS,n,2,283.63,5.97,D,0
53.28051,28.48133,355.68,0.49,0.65,2019-04-10,0926,N20,VIIRS,n,2,287.21,12.72,D,0
53.28578,28.47633,354.39,0.49,0.65,2019-04-10,0926,N20,VIIRS,n,2,291.61,12.72,D,0
53.28347,28.46976,355.87,0.5,0.65,2019-04-10,0926,N20,VIIRS,n,2,292.42,20.15,D,0
53.2887,28.46465,328.67,0.5,0.65,2019-04-10,0926,N20,VIIRS,n,2,292.54,6.52,D,0
53.283,28.47888,367,0.49,0.65,2019-04-10,0926,N20,VIIRS,h,2,292.74,12.6,D,0
53.28825,28.47381,332.59,0.49,0.65,2019-04-10,0926,N20,VIIRS,n,2,291.31,12.55,D,0
53.28593,28.46731,355.56,0.49,0.65,2019-04-10,0926,N20,VIIRS,n,2,297.92,12.55,D,0
53.05073,27.59627,329.27,0.54,0.68,2019-04-10,0926,N20,VIIRS,n,2,286.4,3.74,D,0
54.66832,31.10254,333.65,0.35,0.57,2019-04-10,0926,N20,VIIRS,n,2,289.81,2.96,D,0
54.4769,30.46682,325.3,0.38,0.59,2019-04-10,0926,N20,VIIRS,n,2,287.41,1.5,D,0
54.74623,30.07333,339.43,0.38,0.59,2019-04-10,0926,N20,VIIRS,n,2,285.43,4.69,D,0
54.74455,30.06817,332.2,0.38,0.59,2019-04-10,0926,N20,VIIRS,n,2,285.72,5.09,D,0
52.33172,27.29364,334.5,0.43,0.38,2019-04-10,1106,N20,VIIRS,n,2,294.69,24.11,D,0
51.66765,30.30708,325.15,0.52,0.42,2019-04-10,1106,N20,VIIRS,n,2,286.85,3.66,D,0
51.66979,30.30697,329.94,0.52,0.42,2019-04-10,1106,N20,VIIRS,n,2,288.52,4.89,D,0
51.72646,29.11453,346.76,0.48,0.4,2019-04-10,1106,N20,VIIRS,n,2,290.48,7.55,D,0
51.89233,29.34204,334.4,0.49,0.4,2019-04-10,1106,N20,VIIRS,n,2,296.58,4.4,D,2
51.89016,29.34178,329.33,0.49,0.4,2019-04-10,1106,N20,VIIRS,n,2,295.06,2.09,D,2
51.99779,26.8419,334.62,0.42,0.38,2019-04-10,1106,N20,VIIRS,n,2,292.78,6.51,D,0
52.31725,29.58214,342.72,0.5,0.41,2019-04-10,1106,N20,VIIRS,n,2,288.34,7.1,D,0
52.1173,27.71201,332.34,0.44,0.38,2019-04-10,1106,N20,VIIRS,n,2,291.04,6.02,D,0
52.12004,27.70456,330.01,0.44,0.38,2019-04-10,1106,N20,VIIRS,n,2,293.58,3.5,D,0
52.12354,27.70349,339.52,0.44,0.38,2019-04-10,1106,N20,VIIRS,n,2,289.63,3.5,D,0
52.12279,27.69712,330.12,0.44,0.38,2019-04-10,1106,N20,VIIRS,n,2,291.39,4.55,D,0
52.13992,27.59815,328.02,0.44,0.38,2019-04-10,1106,N20,VIIRS,n,2,294.27,2.12,D,0
52.14267,27.59072,325.66,0.44,0.38,2019-04-10,1106,N20,VIIRS,n,2,294.22,1.63,D,0
54.03059,31.63189,348.39,0.41,0.45,2019-04-10,1106,N20,VIIRS,n,2,293.29,8.11,D,0
54.06834,31.52068,344.62,0.41,0.45,2019-04-10,1106,N20,VIIRS,n,2,290.93,5.33,D,0
54.06786,31.51438,333.52,0.41,0.45,2019-04-10,1106,N20,VIIRS,n,2,290.76,4.43,D,0
54.07296,31.52611,343.28,0.41,0.45,2019-04-10,1106,N20,VIIRS,n,2,290.76,5.26,D,0
54.12816,28.78105,326.32,0.5,0.41,2019-04-10,1106,N20,VIIRS,n,2,288.44,3.24,D,0
54.0103,27.28728,331.26,0.45,0.39,2019-04-10,1106,N20,VIIRS,n,2,288.97,4.35,D,0
54.4558,30.24918,346.4,0.56,0.43,2019-04-10,1106,N20,VIIRS,n,2,295.64,17.84,D,0
54.4544,30.24956,345.7,0.56,0.43,2019-04-10,1106,N20,VIIRS,n,2,294.94,10.55,D,0
54.45834,30.24858,350.52,0.56,0.43,2019-04-10,1106,N20,VIIRS,n,2,292.59,10.55,D,0
54.58226,30.46806,347.8,0.57,0.43,2019-04-10,1106,N20,VIIRS,n,2,290.19,10.45,D,0
54.58364,30.46851,336.59,0.57,0.43,2019-04-10,1106,N20,VIIRS,n,2,289.35,11.24,D,0
54.59484,30.45684,367,0.57,0.43,2019-04-10,1106,N20,VIIRS,h,2,292.8,20.39,D,0
54.6675,31.10182,338.83,0.4,0.44,2019-04-10,1106,N20,VIIRS,n,2,291.12,2.82,D,0
54.74553,30.07169,338.42,0.56,0.43,2019-04-10,1106,N20,VIIRS,n,2,290.4,6.35,D,0
52.33864,27.29145,339.52,0.43,0.38,2019-04-10,1106,N20,VIIRS,n,2,291.55,4.24,D,0
52.14339,24.76416,325.27,0.39,0.36,2019-04-10,1106,N20,VIIRS,n,2,290.96,2.24,D,0
52.84801,29.99459,326.27,0.52,0.42,2019-04-10,1106,N20,VIIRS,n,2,293.95,3.8,D,2
52.84728,29.98678,330.25,0.52,0.42,2019-04-10,1106,N20,VIIRS,n,2,293.67,3.8,D,2
52.45406,26.26146,333.8,0.41,0.37,2019-04-10,1106,N20,VIIRS,n,2,293.69,2.67,D,0
52.321,24.44983,326.71,0.39,0.36,2019-04-10,1106,N20,VIIRS,n,2,288.93,1.41,D,0
52.20674,23.60712,340.73,0.38,0.36,2019-04-10,1106,N20,VIIRS,n,2,292.25,6.54,D,0
53.15559,30.67201,367,0.56,0.43,2019-04-10,1106,N20,VIIRS,h,2,297.18,14.98,D,0
53.15953,30.67109,325.33,0.56,0.43,2019-04-10,1106,N20,VIIRS,n,2,290.84,14.98,D,0
53.22313,30.91791,326.95,0.57,0.43,2019-04-10,1106,N20,VIIRS,n,2,287.9,2.23,D,0
52.76173,25.65089,345.11,0.4,0.37,2019-04-10,1106,N20,VIIRS,n,2,294.02,9.15,D,0
53.19695,29.39155,325.31,0.51,0.41,2019-04-10,1106,N20,VIIRS,n,2,295.2,1.94,D,0
52.65855,24.36761,328.64,0.39,0.36,2019-04-10,1106,N20,VIIRS,n,2,288.79,2.21,D,0
53.52674,31.41656,326.61,0.4,0.44,2019-04-10,1106,N20,VIIRS,n,2,288.77,2.47,D,0
53.28322,28.47036,339.26,0.47,0.4,2019-04-10,1106,N20,VIIRS,n,2,297.78,7.57,D,0
53.2876,28.47635,332.17,0.47,0.4,2019-04-10,1106,N20,VIIRS,n,2,297.25,5.03,D,0
53.28685,28.46929,341.41,0.47,0.4,2019-04-10,1106,N20,VIIRS,n,2,300.91,5.03,D,0
53.42125,29.36893,330.55,0.51,0.41,2019-04-10,1106,N20,VIIRS,n,2,287.37,4.35,D,0
53.67887,31.31247,334.79,0.4,0.44,2019-04-10,1106,N20,VIIRS,n,2,287.2,5,D,0
53.7929,30.34059,325.51,0.55,0.43,2019-04-10,1106,N20,VIIRS,n,2,291.29,2.65,D,0
54.80042,29.18466,329.97,0.52,0.41,2019-04-10,1107,N20,VIIRS,n,2,288.91,4.24,D,0
54.74432,30.07268,334.47,0.56,0.43,2019-04-10,1107,N20,VIIRS,n,2,289.83,8.58,D,0
55.24591,30.73288,335.06,0.4,0.44,2019-04-10,1107,N20,VIIRS,n,2,287.96,2.91,D,0
55.48565,28.60288,347.49,0.39,0.44,2019-04-11,0057,N20,VIIRS,n,2,274.04,15.19,N,0
55.48327,28.60158,338.82,0.39,0.44,2019-04-11,0057,N20,VIIRS,n,2,273.77,8.24,N,0
55.487,28.60434,328.72,0.39,0.44,2019-04-11,0057,N20,VIIRS,n,2,270.22,8.24,N,0
52.00809,26.93381,295.36,0.42,0.45,2019-04-11,0058,N20,VIIRS,n,2,274.64,0.58,N,0
53.20186,31.36924,342.19,0.58,0.7,2019-04-11,0907,N20,VIIRS,n,2,285.78,7.37,D,0
53.16125,31.81625,338.1,0.56,0.69,2019-04-11,0907,N20,VIIRS,n,2,286.98,5.23,D,0
53.15858,31.80899,327.8,0.56,0.69,2019-04-11,0907,N20,VIIRS,n,2,287.87,5.23,D,0
53.15668,31.81215,338.98,0.56,0.69,2019-04-11,0907,N20,VIIRS,n,2,287.8,12.42,D,0
53.16484,31.81391,330.79,0.56,0.69,2019-04-11,0907,N20,VIIRS,n,2,286.97,7.98,D,0
53.72029,30.82052,326.25,0.58,0.7,2019-04-11,0907,N20,VIIRS,n,2,282.29,5.13,D,0
53.72317,30.82813,339.38,0.58,0.69,2019-04-11,0907,N20,VIIRS,n,2,279.69,5.13,D,0
53.26176,31.75351,330.79,0.43,0.38,2019-04-11,1047,N20,VIIRS,n,2,288.6,4.14,D,0
51.51392,27.7858,341.06,0.39,0.36,2019-04-11,1047,N20,VIIRS,n,2,286.21,4.26,D,0
52.36825,30.51951,329.09,0.4,0.37,2019-04-11,1047,N20,VIIRS,n,2,289.21,2.31,D,0
52.00486,27.64354,332.42,0.38,0.36,2019-04-11,1047,N20,VIIRS,n,2,293.52,3.41,D,0
51.97433,27.21996,338.05,0.39,0.36,2019-04-11,1047,N20,VIIRS,n,2,295.38,6.23,D,0
51.97757,27.21858,346.83,0.39,0.36,2019-04-11,1047,N20,VIIRS,n,2,295.79,6.23,D,0
52.12851,27.59871,336.35,0.38,0.36,2019-04-11,1047,N20,VIIRS,n,2,289.5,4.18,D,0
52.13263,27.60285,330.38,0.38,0.36,2019-04-11,1047,N20,VIIRS,n,2,289.08,13.3,D,0
52.13175,27.59735,354.36,0.38,0.36,2019-04-11,1047,N20,VIIRS,n,2,297.05,13.3,D,0
53.37344,32.02811,332.68,0.44,0.38,2019-04-11,1047,N20,VIIRS,n,2,292.57,3.27,D,0
53.48014,31.92352,330.14,0.44,0.38,2019-04-11,1047,N20,VIIRS,n,2,290.16,3.26,D,0
53.47938,31.91695,344.15,0.44,0.38,2019-04-11,1047,N20,VIIRS,n,2,290.9,6.1,D,0
53.48363,31.92238,335.93,0.44,0.38,2019-04-11,1047,N20,VIIRS,n,2,291.74,3.26,D,0
53.48561,31.9081,328.99,0.44,0.38,2019-04-11,1047,N20,VIIRS,n,2,292.44,3.73,D,0
53.19834,29.39075,325.4,0.39,0.36,2019-04-11,1047,N20,VIIRS,n,2,279.49,2.18,D,0
53.59867,32.29313,336.96,0.45,0.39,2019-04-11,1047,N20,VIIRS,n,2,294.51,2.71,D,0
53.5979,32.28637,325.54,0.45,0.39,2019-04-11,1047,N20,VIIRS,n,2,292.32,2.71,D,0
53.51216,31.40133,326.81,0.43,0.38,2019-04-11,1047,N20,VIIRS,n,2,280.09,2.57,D,0
53.62419,32.29211,331.36,0.45,0.39,2019-04-11,1047,N20,VIIRS,n,2,291.96,3.11,D,0
53.62261,32.29214,325.65,0.45,0.39,2019-04-11,1047,N20,VIIRS,n,2,290.84,2.83,D,0
53.46406,30.32175,332.92,0.41,0.37,2019-04-11,1047,N20,VIIRS,n,2,290.18,4.34,D,0
53.4682,30.32659,332.2,0.41,0.37,2019-04-11,1047,N20,VIIRS,n,2,287.02,4.34,D,0
53.46584,30.30843,338.37,0.41,0.37,2019-04-11,1047,N20,VIIRS,n,2,290.35,4.2,D,0
53.46918,30.30722,338.32,0.41,0.37,2019-04-11,1047,N20,VIIRS,n,2,287.43,3.15,D,0
53.68235,31.85713,342.43,0.44,0.38,2019-04-11,1047,N20,VIIRS,n,2,291.23,5.32,D,0
53.68251,31.86274,326.93,0.44,0.38,2019-04-11,1047,N20,VIIRS,n,2,291.63,3.66,D,0
53.68176,31.85613,337.06,0.44,0.38,2019-04-11,1047,N20,VIIRS,n,2,289.93,3.66,D,0
53.42191,29.37495,325.42,0.39,0.36,2019-04-11,1047,N20,VIIRS,n,2,285.19,1.65,D,0
53.55893,30.13341,340.24,0.4,0.37,2019-04-11,1047,N20,VIIRS,n,2,294.09,4.11,D,0
53.6613,30.48916,331.67,0.41,0.37,2019-04-11,1047,N20,VIIRS,n,2,291.55,2.49,D,0
53.72108,30.82423,342.66,0.42,0.37,2019-04-11,1047,N20,VIIRS,n,2,288.61,6.27,D,0
53.68826,30.15329,335.05,0.41,0.37,2019-04-11,1047,N20,VIIRS,n,2,288.4,3.27,D,0
54.89432,29.76465,340.71,0.41,0.37,2019-04-11,1048,N20,VIIRS,n,2,289.02,5.18,D,0
53.38825,30.60853,327.68,0.53,0.42,2019-04-12,0039,N20,VIIRS,n,2,256,5.13,N,0
53.33793,26.26341,295.08,0.41,0.37,2019-04-12,0039,N20,VIIRS,n,2,269.85,0.64,N,0
53.1432,29.99817,332.32,0.4,0.37,2019-04-12,1028,N20,VIIRS,n,2,273.99,2.33,D,0
53.38511,30.60211,331,0.39,0.36,2019-04-12,1028,N20,VIIRS,n,2,280.45,2.93,D,0
53.38413,30.59639,347.76,0.39,0.36,2019-04-12,1028,N20,VIIRS,n,2,281.66,9.49,D,0
53.38932,30.6063,337.68,0.39,0.36,2019-04-12,1028,N20,VIIRS,n,2,282.47,2.93,D,0
53.67254,31.85343,327.29,0.38,0.36,2019-04-12,1028,N20,VIIRS,n,2,278.29,2.54,D,0
52.84458,29.98998,336.45,0.4,0.37,2019-04-12,1028,N20,VIIRS,n,2,286.73,3.47,D,2
53.01643,30.65397,326.56,0.39,0.36,2019-04-12,1028,N20,VIIRS,n,2,280.86,2.27,D,0
53.62048,31.1185,328.11,0.39,0.36,2019-04-12,1028,N20,VIIRS,n,2,280.83,6.38,D,0
53.24154,28.94246,342.65,0.42,0.37,2019-04-12,1028,N20,VIIRS,n,2,278.5,5.06,D,0
53.62464,31.12271,348.02,0.39,0.36,2019-04-12,1028,N20,VIIRS,n,2,283.51,10.72,D,0
53.62371,31.11701,344.61,0.39,0.36,2019-04-12,1028,N20,VIIRS,n,2,283.39,10.03,D,0
53.41729,29.37234,332.25,0.41,0.37,2019-04-12,1028,N20,VIIRS,n,2,277.06,3.75,D,0
53.56758,30.14364,329.66,0.39,0.37,2019-04-12,1028,N20,VIIRS,n,2,291.08,3.11,D,0
53.28947,28.46341,331.07,0.42,0.38,2019-04-12,1028,N20,VIIRS,n,2,290.5,2.38,D,0
54.02937,31.6426,330.53,0.38,0.36,2019-04-12,1028,N20,VIIRS,n,2,288.89,1.98,D,0
54.01854,31.5738,332.19,0.38,0.36,2019-04-12,1028,N20,VIIRS,n,2,291.29,8.48,D,0
54.02177,31.57232,343.64,0.38,0.36,2019-04-12,1028,N20,VIIRS,n,2,291.6,5.88,D,0
54.02499,31.57086,337.39,0.38,0.36,2019-04-12,1028,N20,VIIRS,n,2,290.56,5.88,D,0
54.07622,31.67668,330.36,0.38,0.36,2019-04-12,1028,N20,VIIRS,n,2,289.51,3.33,D,0
54.12276,30.82402,326.66,0.39,0.36,2019-04-12,1029,N20,VIIRS,n,2,280.77,1.44,D,0
55.21531,28.90492,331.73,0.4,0.37,2019-04-12,1029,N20,VIIRS,n,2,286.7,3.56,D,0
54.09089,30.42117,330.23,0.39,0.36,2019-04-12,1029,N20,VIIRS,n,2,284.35,1.93,D,0
54.32872,30.83391,330.66,0.39,0.36,2019-04-12,1029,N20,VIIRS,n,2,275.04,4.41,D,0
54.24812,29.65389,331.81,0.4,0.37,2019-04-12,1029,N20,VIIRS,n,2,286.3,3.77,D,0
53.61974,26.35704,330.16,0.47,0.4,2019-04-12,1029,N20,VIIRS,n,2,287.21,5.4,D,0
54.05715,28.52987,339.96,0.41,0.37,2019-04-12,1029,N20,VIIRS,n,2,287.41,5.01,D,0
54.18022,28.35467,345.67,0.42,0.37,2019-04-12,1029,N20,VIIRS,n,2,288.96,7.32,D,0
54.18352,28.35288,343.67,0.42,0.37,2019-04-12,1029,N20,VIIRS,n,2,293.17,7.32,D,0
54.21981,28.41343,342.8,0.41,0.37,2019-04-12,1029,N20,VIIRS,n,2,293.72,5.7,D,0
54.2197,28.39329,330.97,0.41,0.37,2019-04-12,1029,N20,VIIRS,n,2,291.67,3.31,D,0
54.92931,28.75707,367,0.7,0.75,2019-04-12,1210,N20,VIIRS,h,2,290.49,47.68,D,0
55.02035,26.4256,348.65,0.56,0.69,2019-04-12,1210,N20,VIIRS,n,2,284.54,6.54,D,0
54.21399,28.40077,328.38,0.67,0.74,2019-04-12,1210,N20,VIIRS,n,2,285.54,9.52,D,0
54.21395,28.39201,327.98,0.67,0.74,2019-04-12,1210,N20,VIIRS,n,2,285.57,8.04,D,0
54.22017,28.41377,331.2,0.68,0.74,2019-04-12,1210,N20,VIIRS,n,2,285.77,5.52,D,0
54.91677,27.18546,339.25,0.6,0.71,2019-04-12,1210,N20,VIIRS,n,2,282.98,7.73,D,0
54.93071,28.75722,367,0.7,0.75,2019-04-12,1210,N20,VIIRS,h,2,290.85,52.32,D,0
55.01925,26.4273,352.38,0.56,0.69,2019-04-12,1210,N20,VIIRS,n,2,284.68,7.66,D,0
53.93596,31.58565,301.94,0.68,0.74,2019-04-12,2239,N20,VIIRS,n,2,269.42,1.23,N,0
52.28544,30.53302,300.32,0.76,0.77,2019-04-12,2240,N20,VIIRS,n,2,269.96,1.21,N,0
52.28328,30.52859,297.53,0.76,0.77,2019-04-12,2240,N20,VIIRS,n,2,269.65,1.56,N,0
52.27827,30.53352,295.96,0.76,0.77,2019-04-12,2240,N20,VIIRS,n,2,270.75,1.21,N,0
54.38129,31.03246,295.53,0.4,0.37,2019-04-13,0020,N20,VIIRS,n,2,268.79,0.64,N,0
54.38781,31.03593,299.93,0.4,0.37,2019-04-13,0020,N20,VIIRS,n,2,268.97,0.47,N,0
54.61843,29.15047,304.39,0.39,0.36,2019-04-13,0020,N20,VIIRS,n,2,266.88,0.6,N,0
53.93903,31.58881,306.14,0.41,0.37,2019-04-13,0020,N20,VIIRS,n,2,269.17,0.67,N,0
53.93574,31.58703,305.22,0.41,0.37,2019-04-13,0020,N20,VIIRS,n,2,269.55,0.67,N,0
54.06228,30.52708,302.08,0.4,0.37,2019-04-13,0020,N20,VIIRS,n,2,274.63,1.1,N,0
53.79102,31.66214,297.07,0.42,0.37,2019-04-13,0020,N20,VIIRS,n,2,270.52,0.58,N,0
53.39332,32.01623,302.31,0.43,0.38,2019-04-13,0020,N20,VIIRS,n,2,274.72,0.88,N,2
53.38247,30.57851,299.98,0.4,0.37,2019-04-13,0020,N20,VIIRS,n,2,269.15,0.89,N,0
53.48804,26.28273,319.51,0.39,0.36,2019-04-13,0020,N20,VIIRS,n,2,267.78,1.24,N,0
52.84773,29.99006,319.73,0.4,0.37,2019-04-13,0020,N20,VIIRS,n,2,270.9,2.29,N,2
52.27851,30.54118,305,0.41,0.37,2019-04-13,0021,N20,VIIRS,n,2,275.91,0.74,N,3
51.89259,29.34073,310.22,0.4,0.37,2019-04-13,0021,N20,VIIRS,n,2,273.64,0.93,N,2
51.88933,29.33922,304.53,0.4,0.37,2019-04-13,0021,N20,VIIRS,n,2,272.43,0.93,N,2
52.12106,29.02484,315.26,0.39,0.36,2019-04-13,0021,N20,VIIRS,n,2,274.55,1.19,N,0
52.87541,27.62764,307.56,0.38,0.36,2019-04-13,0021,N20,VIIRS,n,2,267.89,0.82,N,0
52.28402,30.53112,302.44,0.41,0.37,2019-04-13,0021,N20,VIIRS,n,2,269.71,1.16,N,0
52.87401,27.6297,299.34,0.8,0.78,2019-04-13,0200,N20,VIIRS,n,2,262.12,0.76,N,0
52.34056,30.39651,329.03,0.53,0.42,2019-04-13,1009,N20,VIIRS,n,2,290.48,2.52,D,0
52.58222,31.25015,350.36,0.49,0.4,2019-04-13,1009,N20,VIIRS,n,2,293.9,12.29,D,0
53.34789,31.4032,329.33,0.47,0.4,2019-04-13,1009,N20,VIIRS,n,2,290.33,2.74,D,0
51.86456,27.40449,338.37,0.46,0.47,2019-04-13,1009,N20,VIIRS,n,2,286.67,4.75,D,0
52.62241,30.14635,326.26,0.53,0.42,2019-04-13,1009,N20,VIIRS,n,2,290.04,4.16,D,0
51.84433,26.81382,325.11,0.49,0.49,2019-04-13,1009,N20,VIIRS,n,2,291.27,3.08,D,0
52.74586,30.48735,328.25,0.51,0.41,2019-04-13,1009,N20,VIIRS,n,2,289.82,2.76,D,0
52.74571,30.48749,326.8,0.51,0.41,2019-04-13,1009,N20,VIIRS,n,2,289.74,3.15,D,0
53.14151,31.82703,340.74,0.46,0.39,2019-04-13,1009,N20,VIIRS,n,2,290.96,5.98,D,0
53.14304,31.82601,347.68,0.46,0.39,2019-04-13,1009,N20,VIIRS,n,2,292.86,5.99,D,0
53.14649,31.82409,340.05,0.46,0.39,2019-04-13,1009,N20,VIIRS,n,2,293.33,5.99,D,0
53.14993,31.82215,347.47,0.46,0.39,2019-04-13,1009,N20,VIIRS,n,2,291.65,5.78,D,0
53.23872,32.24289,343.61,0.45,0.39,2019-04-13,1009,N20,VIIRS,n,2,290.79,5.28,D,0
51.97338,26.7189,328,0.49,0.49,2019-04-13,1009,N20,VIIRS,n,2,291.29,2.31,D,0
53.15219,31.77687,328.13,0.46,0.39,2019-04-13,1009,N20,VIIRS,n,2,290.33,2.38,D,0
53.22122,31.9284,349.4,0.46,0.39,2019-04-13,1009,N20,VIIRS,n,2,291.09,7.93,D,0
52.27927,26.93103,330.24,0.47,0.48,2019-04-13,1009,N20,VIIRS,n,2,290.83,2.1,D,0
52.12723,27.11077,349.77,0.47,0.48,2019-04-13,1009,N20,VIIRS,n,2,294.65,30.57,D,0
52.84407,29.98903,331.23,0.53,0.42,2019-04-13,1009,N20,VIIRS,n,2,294.27,4.75,D,2
52.13403,26.77966,344.49,0.48,0.48,2019-04-13,1009,N20,VIIRS,n,2,288.79,5.82,D,0
52.01027,26.11644,340.46,0.51,0.5,2019-04-13,1009,N20,VIIRS,n,2,290.21,4.7,D,0
53.26013,31.39452,348.32,0.47,0.4,2019-04-13,1009,N20,VIIRS,n,2,291.48,5.56,D,0
53.25875,31.38778,346.32,0.47,0.4,2019-04-13,1009,N20,VIIRS,n,2,294.97,13.67,D,0
53.2636,31.39252,330.5,0.47,0.4,2019-04-13,1009,N20,VIIRS,n,2,290.7,5.56,D,0
52.33321,27.27258,349.93,0.45,0.47,2019-04-13,1009,N20,VIIRS,n,2,291.69,7.77,D,0
52.33523,27.27301,348.54,0.46,0.47,2019-04-13,1009,N20,VIIRS,n,2,291.34,6.34,D,0
51.4267,29.32405,340.73,0.4,0.44,2019-04-13,1009,N20,VIIRS,n,2,291.74,5.54,D,0
51.74141,30.53563,326.72,0.54,0.42,2019-04-13,1009,N20,VIIRS,n,2,289.44,4.78,D,0
52.05175,30.10077,336.4,0.55,0.43,2019-04-13,1009,N20,VIIRS,n,2,292.6,5.91,D,0
51.8923,29.34432,335.64,0.39,0.44,2019-04-13,1009,N20,VIIRS,n,2,293.1,4.3,D,2
52.13539,30.18937,331.79,0.54,0.42,2019-04-13,1009,N20,VIIRS,n,2,290.87,5.48,D,0
52.28105,30.53034,329.28,0.52,0.42,2019-04-13,1009,N20,VIIRS,n,2,292.05,2.66,D,0
54.08397,31.3392,326.6,0.46,0.39,2019-04-13,1010,N20,VIIRS,n,2,289.03,5.51,D,0
52.69743,28.03605,331.34,0.42,0.45,2019-04-13,1010,N20,VIIRS,n,2,292.54,3.76,D,0
53.35098,30.66723,337.35,0.49,0.4,2019-04-13,1010,N20,VIIRS,n,2,290.14,3.58,D,0
53.38184,30.57776,335.85,0.49,0.41,2019-04-13,1010,N20,VIIRS,n,2,290.96,9.7,D,0
53.38032,30.57068,335.09,0.49,0.41,2019-04-13,1010,N20,VIIRS,n,2,289.46,9.7,D,0
53.38689,30.58275,333.46,0.49,0.41,2019-04-13,1010,N20,VIIRS,n,2,296.27,18.1,D,0
53.76573,32.23083,328.93,0.44,0.38,2019-04-13,1010,N20,VIIRS,n,2,288.56,5.01,D,0
53.69616,31.7506,327.28,0.45,0.39,2019-04-13,1010,N20,VIIRS,n,2,289.52,2.17,D,0
53.34839,29.91886,345.84,0.52,0.41,2019-04-13,1010,N20,VIIRS,n,2,288.52,7.5,D,0
53.35199,29.91664,333.71,0.52,0.41,2019-04-13,1010,N20,VIIRS,n,2,288.12,4.66,D,0
53.76314,31.70508,331,0.45,0.39,2019-04-13,1010,N20,VIIRS,n,2,290.56,2.86,D,0
53.69567,31.27604,328.85,0.47,0.39,2019-04-13,1010,N20,VIIRS,n,2,288.31,3.33,D,0
53.56602,30.4515,326.39,0.49,0.41,2019-04-13,1010,N20,VIIRS,n,2,290,2.97,D,0
53.5645,30.4444,329.18,0.49,0.41,2019-04-13,1010,N20,VIIRS,n,2,289.09,2.97,D,0
52.94739,27.5682,335.14,0.43,0.46,2019-04-13,1010,N20,VIIRS,n,2,287.58,4.29,D,0
53.86257,31.61847,344.47,0.45,0.39,2019-04-13,1010,N20,VIIRS,n,2,298.42,25.61,D,0
53.61917,28.64323,338.05,0.56,0.43,2019-04-13,1010,N20,VIIRS,n,2,288.8,7.46,D,0
53.68505,29.98748,329.13,0.51,0.41,2019-04-13,1010,N20,VIIRS,n,2,287.12,4.57,D,0
52.8716,25.98842,352.57,0.49,0.49,2019-04-13,1010,N20,VIIRS,n,2,298.2,27.13,D,0
53.26891,26.90512,335.93,0.44,0.46,2019-04-13,1010,N20,VIIRS,n,2,290.11,4.22,D,0
54.37645,31.05131,326.77,0.46,0.39,2019-04-13,1010,N20,VIIRS,n,2,286.17,2.5,D,0
54.37711,31.03577,327.12,0.46,0.39,2019-04-13,1010,N20,VIIRS,n,2,286.16,3.08,D,0
54.4134,31.15739,339.61,0.46,0.39,2019-04-13,1010,N20,VIIRS,n,2,287.65,9.3,D,0
54.41818,31.16205,329.29,0.46,0.39,2019-04-13,1010,N20,VIIRS,n,2,287.5,5.36,D,0
54.41682,31.15536,335.68,0.46,0.39,2019-04-13,1010,N20,VIIRS,n,2,290.89,5.36,D,0
54.4216,31.16003,328.88,0.46,0.39,2019-04-13,1010,N20,VIIRS,n,2,287.36,5.36,D,0
54.42024,31.15333,340.49,0.46,0.39,2019-04-13,1010,N20,VIIRS,n,2,289.15,5.36,D,0
53.05095,25.13632,326.49,0.52,0.5,2019-04-13,1010,N20,VIIRS,n,2,286.54,2.61,D,0
53.05127,25.13612,325.01,0.52,0.5,2019-04-13,1010,N20,VIIRS,n,2,286.32,3.75,D,0
54.55297,31.08034,330.13,0.46,0.39,2019-04-13,1010,N20,VIIRS,n,2,292.96,2.99,D,0
54.55639,31.07831,325.06,0.46,0.39,2019-04-13,1010,N20,VIIRS,n,2,290.4,2.99,D,0
54.55503,31.07157,332.95,0.46,0.39,2019-04-13,1010,N20,VIIRS,n,2,292.1,3.62,D,0
54.58824,30.88496,334.85,0.46,0.39,2019-04-13,1010,N20,VIIRS,n,2,287.71,6.35,D,0
54.67204,30.98526,328.4,0.46,0.39,2019-04-13,1010,N20,VIIRS,n,2,285.88,3.47,D,0
54.67066,30.97853,326.88,0.46,0.39,2019-04-13,1010,N20,VIIRS,n,2,285.66,3.47,D,0
54.67545,30.98322,343.8,0.46,0.39,2019-04-13,1010,N20,VIIRS,n,2,288.77,6.28,D,0
54.67407,30.97649,329.04,0.46,0.39,2019-04-13,1010,N20,VIIRS,n,2,287.45,6.28,D,0
54.56746,30.42492,328.76,0.47,0.4,2019-04-13,1010,N20,VIIRS,n,2,287.87,4.13,D,0
54.56601,30.41803,328.83,0.47,0.4,2019-04-13,1010,N20,VIIRS,n,2,287.92,4.68,D,0
54.4662,29.91179,325.59,0.49,0.4,2019-04-13,1010,N20,VIIRS,n,2,287.26,2.78,D,0
54.6171,30.36288,337.96,0.47,0.4,2019-04-13,1010,N20,VIIRS,n,2,288.68,4.35,D,0
54.50998,27.48072,331.68,0.39,0.44,2019-04-13,1010,N20,VIIRS,n,2,288.19,3.35,D,0
55.22242,30.20069,336.85,0.47,0.39,2019-04-13,1010,N20,VIIRS,n,2,301.88,36.02,D,0
55.38309,30.77987,337.64,0.45,0.39,2019-04-13,1010,N20,VIIRS,n,2,287.69,4.57,D,0
54.08342,24.81002,326,0.5,0.49,2019-04-13,1010,N20,VIIRS,n,2,284.65,2.13,D,0
55.13282,28.89021,327.17,0.51,0.41,2019-04-13,1010,N20,VIIRS,n,2,288.06,3.42,D,0
55.34744,29.3753,338.61,0.49,0.4,2019-04-13,1010,N20,VIIRS,n,2,288.69,9.07,D,0
55.34639,29.3769,330.18,0.49,0.4,2019-04-13,1010,N20,VIIRS,n,2,286.29,4.96,D,0
55.34988,29.37459,341.75,0.49,0.4,2019-04-13,1010,N20,VIIRS,n,2,287.25,4.96,D,0
55.37172,28.39595,347.15,0.52,0.42,2019-04-13,1010,N20,VIIRS,n,2,286.68,9.41,D,0
55.37106,28.39653,339.93,0.52,0.42,2019-04-13,1010,N20,VIIRS,n,2,286.39,7.52,D,0
55.50416,28.36743,328.64,0.52,0.41,2019-04-13,1010,N20,VIIRS,n,2,287.61,11.03,D,0
55.47472,27.65776,341.19,0.55,0.42,2019-04-13,1010,N20,VIIRS,n,2,288.86,21.92,D,0
55.47836,27.65515,337.19,0.55,0.42,2019-04-13,1010,N20,VIIRS,n,2,287.25,6.51,D,0
55.48378,27.64186,331.95,0.55,0.42,2019-04-13,1010,N20,VIIRS,n,2,287.56,6.71,D,0
52.3318,27.26705,353.2,0.38,0.59,2019-04-13,1150,N20,VIIRS,n,2,293.31,4.9,D,0
51.60419,27.43802,329.26,0.38,0.59,2019-04-13,1150,N20,VIIRS,n,2,293.59,5.48,D,0
51.88892,29.34583,333.52,0.46,0.64,2019-04-13,1150,N20,VIIRS,n,2,285.27,2.75,D,2
51.86235,27.40199,330.91,0.38,0.59,2019-04-13,1150,N20,VIIRS,n,2,286.08,3.64,D,0
52.01104,26.11243,367,0.34,0.56,2019-04-13,1150,N20,VIIRS,h,2,292.45,5.15,D,0
52.01124,26.1174,353.47,0.34,0.56,2019-04-13,1150,N20,VIIRS,n,2,293.47,7.19,D,0
52.01085,26.10748,340.64,0.34,0.56,2019-04-13,1150,N20,VIIRS,n,2,289.06,5.15,D,0
52.00702,26.10931,367,0.34,0.56,2019-04-13,1150,N20,VIIRS,h,2,293.08,5.6,D,0
52.01253,26.11879,343.24,0.34,0.56,2019-04-13,1150,N20,VIIRS,n,2,293,4.53,D,0
52.01236,26.11381,351.09,0.34,0.56,2019-04-13,1150,N20,VIIRS,n,2,290.54,6.68,D,0
52.07627,27.86249,337.29,0.4,0.6,2019-04-13,1150,N20,VIIRS,n,2,288.4,3.22,D,0
52.12901,27.11337,334.52,0.37,0.58,2019-04-13,1150,N20,VIIRS,n,2,288.81,3.65,D,0
52.13472,26.78095,327.96,0.36,0.57,2019-04-13,1150,N20,VIIRS,n,2,289.3,1.89,D,0
52.13295,26.7821,331.14,0.36,0.57,2019-04-13,1150,N20,VIIRS,n,2,287.52,1.99,D,0
52.19298,27.2053,344.73,0.38,0.58,2019-04-13,1150,N20,VIIRS,n,2,290.58,5.61,D,0
52.27402,26.93689,367,0.37,0.58,2019-04-13,1150,N20,VIIRS,h,2,292.69,7.55,D,0
52.27922,26.93106,339.71,0.37,0.58,2019-04-13,1150,N20,VIIRS,n,2,291.38,3.26,D,0
52.33195,27.2727,341.54,0.38,0.59,2019-04-13,1150,N20,VIIRS,n,2,292.89,4.9,D,0
52.33724,27.26673,328.67,0.38,0.59,2019-04-13,1150,N20,VIIRS,n,2,289.3,4.9,D,0
52.25092,24.94436,326.02,0.6,0.53,2019-04-13,1150,N20,VIIRS,n,2,285.11,4.03,D,0
52.33739,27.27238,356.34,0.38,0.59,2019-04-13,1150,N20,VIIRS,l,2,289.19,4.9,D,0
52.44691,28.55485,329.12,0.43,0.62,2019-04-13,1150,N20,VIIRS,n,2,287.85,2.27,D,0
52.45265,28.5547,342.51,0.43,0.62,2019-04-13,1150,N20,VIIRS,n,2,288.82,3.69,D,0
52.53283,29.73821,343.59,0.48,0.65,2019-04-13,1150,N20,VIIRS,n,2,286.82,4.95,D,0
52.86824,25.98727,367,0.34,0.56,2019-04-13,1150,N20,VIIRS,h,2,294.59,21.68,D,0
52.86807,25.98219,338.14,0.34,0.56,2019-04-13,1150,N20,VIIRS,n,2,290.72,28.03,D,0
52.87358,25.99188,367,0.34,0.56,2019-04-13,1150,N20,VIIRS,h,2,290.62,21.68,D,0
52.94463,27.57389,333.21,0.39,0.6,2019-04-13,1150,N20,VIIRS,n,2,287.54,2.2,D,0
52.9445,27.56791,336.19,0.39,0.6,2019-04-13,1150,N20,VIIRS,n,2,288.72,2.2,D,0
53.13113,31.80047,329.25,0.59,0.7,2019-04-13,1150,N20,VIIRS,n,2,288.18,5.04,D,0
53.13735,31.82827,331.57,0.59,0.7,2019-04-13,1150,N20,VIIRS,n,2,286.4,6.46,D,0
53.12974,31.80039,333.57,0.59,0.7,2019-04-13,1150,N20,VIIRS,n,2,287.71,3.6,D,0
53.14238,31.82832,328.38,0.59,0.7,2019-04-13,1150,N20,VIIRS,n,2,287.54,3.11,D,0
53.14892,31.82859,326.98,0.59,0.7,2019-04-13,1150,N20,VIIRS,n,2,287.02,3.11,D,0
53.1716,29.25472,367,0.46,0.64,2019-04-13,1150,N20,VIIRS,h,2,290.32,8.34,D,0
53.21801,31.49931,326.48,0.58,0.69,2019-04-13,1150,N20,VIIRS,n,2,284.59,3.14,D,0
53.28948,30.65111,340.56,0.53,0.67,2019-04-13,1150,N20,VIIRS,n,2,286.24,6.08,D,0
53.35202,30.66935,338.17,0.53,0.67,2019-04-13,1150,N20,VIIRS,n,2,286.74,3.74,D,0
53.34904,30.66856,337.96,0.53,0.67,2019-04-13,1150,N20,VIIRS,n,2,287.12,5.01,D,0
53.38084,30.57167,329.11,0.53,0.67,2019-04-13,1150,N20,VIIRS,n,2,287.99,2.51,D,0
53.55108,32.42126,351.76,0.63,0.72,2019-04-13,1150,N20,VIIRS,n,2,288.17,14.04,D,0
53.55128,32.41141,342.27,0.63,0.72,2019-04-13,1150,N20,VIIRS,n,2,286.69,11.74,D,0
53.68727,29.9961,327.16,0.5,0.66,2019-04-13,1150,N20,VIIRS,n,2,284.56,3.91,D,0
53.68728,29.98848,343.36,0.5,0.66,2019-04-13,1150,N20,VIIRS,n,2,287.04,3.91,D,0
53.72425,27.76602,337.4,0.4,0.6,2019-04-13,1150,N20,VIIRS,n,2,286.83,2.24,D,0
53.72206,27.76364,334.72,0.4,0.6,2019-04-13,1150,N20,VIIRS,n,2,286.32,2.47,D,0
55.59854,29.55713,337.43,0.49,0.65,2019-04-13,1151,N20,VIIRS,n,2,283.78,12.54,D,0
55.5985,29.56509,356.28,0.49,0.65,2019-04-13,1151,N20,VIIRS,l,2,288.3,21.46,D,0
53.87488,30.41247,342.8,0.52,0.67,2019-04-13,1151,N20,VIIRS,n,2,284.8,9.8,D,0
53.86867,30.41218,356.2,0.52,0.67,2019-04-13,1151,N20,VIIRS,l,2,284.55,9.8,D,0
54.20373,28.35018,337.26,0.43,0.62,2019-04-13,1151,N20,VIIRS,n,2,286.25,2.93,D,0
54.61271,30.35763,353.33,0.52,0.67,2019-04-13,1151,N20,VIIRS,n,2,288.17,6.25,D,0
54.6707,30.98105,335.74,0.55,0.68,2019-04-13,1151,N20,VIIRS,n,2,285.4,6.7,D,0
54.67705,30.98118,327.38,0.55,0.68,2019-04-13,1151,N20,VIIRS,n,2,287.03,5.93,D,0
54.68391,30.9203,332.67,0.55,0.68,2019-04-13,1151,N20,VIIRS,n,2,285.37,3.81,D,0
54.67252,30.98816,338.44,0.55,0.68,2019-04-13,1151,N20,VIIRS,n,2,284.28,5.98,D,0
54.67263,30.97936,329.85,0.55,0.68,2019-04-13,1151,N20,VIIRS,n,2,286.61,6.34,D,0
54.68609,30.91862,327.14,0.55,0.68,2019-04-13,1151,N20,VIIRS,n,2,284.18,4.16,D,0
54.73063,29.29066,340.82,0.47,0.64,2019-04-13,1151,N20,VIIRS,n,2,287.58,4.85,D,0
54.77882,30.2705,335.6,0.52,0.67,2019-04-13,1151,N20,VIIRS,n,2,283.42,3.96,D,0
55.06018,29.8492,329.99,0.5,0.66,2019-04-13,1151,N20,VIIRS,n,2,284.79,3.19,D,0
55.13534,26.66949,338.4,0.37,0.58,2019-04-13,1151,N20,VIIRS,n,2,286.73,1.73,D,0
55.21234,28.55232,337.58,0.44,0.62,2019-04-13,1151,N20,VIIRS,n,2,285.69,4.42,D,0
55.47894,27.6579,339.16,0.41,0.6,2019-04-13,1151,N20,VIIRS,n,2,286.6,5.3,D,0
55.48436,27.6446,332.64,0.41,0.6,2019-04-13,1151,N20,VIIRS,n,2,286.75,3.35,D,0
55.59753,29.56575,367,0.49,0.65,2019-04-13,1151,N20,VIIRS,h,2,291.65,15.13,D,0
55.59753,29.55781,334.35,0.49,0.65,2019-04-13,1151,N20,VIIRS,n,2,284.05,15.13,D,0
54.09767,27.31093,299.24,0.47,0.4,2019-04-14,0001,N20,VIIRS,n,2,267.87,0.59,N,0
53.394,32.01151,302.7,0.39,0.36,2019-04-14,0001,N20,VIIRS,n,2,276.12,1.46,N,2
55.59221,29.56843,298.46,0.43,0.38,2019-04-14,0001,N20,VIIRS,n,2,265.46,0.66,N,0
54.6621,30.93513,326.4,0.4,0.37,2019-04-14,0001,N20,VIIRS,n,2,270.69,1.38,N,0
54.65879,30.93377,299.64,0.4,0.37,2019-04-14,0001,N20,VIIRS,n,2,271.84,1.38,N,0
54.50204,28.90283,295.44,0.43,0.38,2019-04-14,0001,N20,VIIRS,n,2,268.86,0.62,N,0
54.49858,28.90159,297.02,0.43,0.38,2019-04-14,0001,N20,VIIRS,n,2,269.59,0.62,N,0
54.49512,28.90035,297.54,0.43,0.38,2019-04-14,0001,N20,VIIRS,n,2,268.74,0.82,N,0
53.58281,31.94751,309.89,0.39,0.36,2019-04-14,0001,N20,VIIRS,n,2,268.74,0.87,N,0
54.09798,27.31192,298.31,0.47,0.4,2019-04-14,0001,N20,VIIRS,n,2,267.44,0.77,N,0
51.96452,26.2459,331.14,0.48,0.4,2019-04-14,0002,N20,VIIRS,n,2,271.76,3.76,N,0
53.14944,31.83286,311.49,0.39,0.36,2019-04-14,0002,N20,VIIRS,n,2,268.49,1.09,N,0
53.52801,24.35234,310.25,0.39,0.44,2019-04-14,0002,N20,VIIRS,n,2,268.32,1,N,0
53.52302,24.36308,308.44,0.39,0.44,2019-04-14,0002,N20,VIIRS,n,2,268.86,1.89,N,0
53.52756,24.35187,303.68,0.39,0.44,2019-04-14,0002,N20,VIIRS,n,2,267.96,1.74,N,0
53.52253,24.3626,322.17,0.39,0.44,2019-04-14,0002,N20,VIIRS,n,2,270.14,1.83,N,0
53.51801,24.36748,351.3,0.39,0.44,2019-04-14,0002,N20,VIIRS,n,2,273.51,6.61,N,0
53.51349,24.37235,313.34,0.39,0.44,2019-04-14,0002,N20,VIIRS,n,2,268.97,2.66,N,0
52.85637,29.99689,295.59,0.4,0.37,2019-04-14,0002,N20,VIIRS,n,2,273.01,1.2,N,0
52.84642,29.99315,325.82,0.4,0.37,2019-04-14,0002,N20,VIIRS,n,2,276.34,4.62,N,2
53.27302,24.44026,313.04,0.57,0.43,2019-04-14,0002,N20,VIIRS,n,2,273.85,1.53,N,2
52.95285,27.57377,295.51,0.45,0.39,2019-04-14,0002,N20,VIIRS,n,2,271.85,1.68,N,0
52.95208,27.58043,317.99,0.45,0.39,2019-04-14,0002,N20,VIIRS,n,2,269.25,1.68,N,0
52.94777,27.58595,329.07,0.45,0.39,2019-04-14,0002,N20,VIIRS,n,2,270.22,3.09,N,0
52.87905,25.99474,324.32,0.5,0.41,2019-04-14,0002,N20,VIIRS,n,2,269.02,3.13,N,0
52.31233,30.02713,325.34,0.4,0.37,2019-04-14,0002,N20,VIIRS,n,2,272.1,2.03,N,0
52.20273,28.8272,296.91,0.41,0.37,2019-04-14,0002,N20,VIIRS,n,2,272.98,0.41,N,0
52.16494,27.32722,304.47,0.45,0.39,2019-04-14,0002,N20,VIIRS,n,2,271.79,1.45,N,0
51.89244,29.33895,310.48,0.4,0.37,2019-04-14,0002,N20,VIIRS,n,2,272.56,1.54,N,2
51.8891,29.33777,303.83,0.4,0.37,2019-04-14,0002,N20,VIIRS,n,2,272.63,0.7,N,2
52.05914,26.15528,335.86,0.48,0.4,2019-04-14,0002,N20,VIIRS,n,2,269.15,4.82,N,0
52.06076,26.15763,319.51,0.48,0.4,2019-04-14,0002,N20,VIIRS,n,2,267.92,2.71,N,0
52.05709,26.1566,330.74,0.48,0.4,2019-04-14,0002,N20,VIIRS,n,2,269.87,2.71,N,0
52.05786,26.14955,319.21,0.48,0.4,2019-04-14,0002,N20,VIIRS,n,2,267.65,2.71,N,0
52.03875,26.15141,322.11,0.48,0.4,2019-04-14,0002,N20,VIIRS,n,2,271.78,1.95,N,0
52.03951,26.14437,297.78,0.48,0.4,2019-04-14,0002,N20,VIIRS,n,2,269.42,1.95,N,0
51.9696,26.26888,305.64,0.48,0.4,2019-04-14,0002,N20,VIIRS,n,2,270.46,1.14,N,0
51.9652,26.2748,343.75,0.48,0.4,2019-04-14,0002,N20,VIIRS,n,2,272.6,2.64,N,0
51.96595,26.26784,296.44,0.48,0.4,2019-04-14,0002,N20,VIIRS,n,2,270.34,2.64,N,0
51.96156,26.27375,319.2,0.48,0.4,2019-04-14,0002,N20,VIIRS,n,2,271.41,2.64,N,0
51.95791,26.27271,297.63,0.48,0.4,2019-04-14,0002,N20,VIIRS,n,2,271.32,0.71,N,0
51.87384,26.83053,296.66,0.46,0.39,2019-04-14,0002,N20,VIIRS,n,2,271.34,0.69,N,0
51.50127,29.31907,295.01,0.4,0.37,2019-04-14,0002,N20,VIIRS,n,2,269.13,0.65,N,0
55.59019,29.5646,299.98,0.49,0.65,2019-04-14,0141,N20,VIIRS,n,2,267.77,1.13,N,0
55.59262,29.56715,296.59,0.49,0.65,2019-04-14,0141,N20,VIIRS,n,2,266.15,0.66,N,0
51.9665,26.27542,323.32,0.53,0.67,2019-04-14,0142,N20,VIIRS,n,2,268.85,3.42,N,0
51.96409,26.28213,300.25,0.53,0.67,2019-04-14,0142,N20,VIIRS,n,2,268.16,2.32,N,0
51.95872,26.27708,298.46,0.53,0.67,2019-04-14,0142,N20,VIIRS,n,2,268.61,0.97,N,0
52.85024,29.98969,301.64,0.66,0.73,2019-04-14,0142,N20,VIIRS,n,2,269.46,2.57,N,2
52.94979,27.58224,307.76,0.54,0.68,2019-04-14,0142,N20,VIIRS,n,2,268.23,2.18,N,0
52.9499,27.58443,309.56,0.54,0.68,2019-04-14,0142,N20,VIIRS,n,2,268.41,2.2,N,0
53.52812,24.35283,295.42,0.39,0.6,2019-04-14,0142,N20,VIIRS,n,2,265.49,0.44,N,0
52.88274,25.99421,315.68,0.48,0.64,2019-04-14,0142,N20,VIIRS,n,2,265.22,1.63,N,0
53.26902,24.44422,295.14,0.4,0.6,2019-04-14,0142,N20,VIIRS,n,2,270.07,1.2,N,2
52.88388,25.99427,303.05,0.48,0.64,2019-04-14,0142,N20,VIIRS,n,2,264.48,1.33,N,0
52.05857,26.15735,318.88,0.52,0.67,2019-04-14,0142,N20,VIIRS,n,2,267.98,2.64,N,0
51.97653,27.01907,330.93,0.36,0.58,2019-04-14,0951,N20,VIIRS,n,2,286.25,2.44,D,0
52.84488,29.99366,329.69,0.52,0.5,2019-04-14,0951,N20,VIIRS,n,2,290.61,4.11,D,2
53.18223,31.1042,329.49,0.47,0.47,2019-04-14,0951,N20,VIIRS,n,2,281.88,2.42,D,0
52.16424,27.32555,345.21,0.35,0.57,2019-04-14,0951,N20,VIIRS,n,2,290.48,8.52,D,0
52.17034,27.32644,344.76,0.35,0.57,2019-04-14,0951,N20,VIIRS,n,2,284.57,5.64,D,0
52.16895,27.32181,356.43,0.35,0.57,2019-04-14,0951,N20,VIIRS,l,2,284.92,5.64,D,0
51.95133,26.28273,336.28,0.39,0.59,2019-04-14,0951,N20,VIIRS,n,2,285.11,3.56,D,0
51.94973,26.27764,348.07,0.39,0.59,2019-04-14,0951,N20,VIIRS,n,2,285.58,3.56,D,0
51.95462,26.2736,355.36,0.39,0.59,2019-04-14,0951,N20,VIIRS,n,2,285.83,9.68,D,0
51.95781,26.28378,356.28,0.39,0.59,2019-04-14,0951,N20,VIIRS,l,2,287.78,10.02,D,0
51.9676,26.27573,342.23,0.39,0.59,2019-04-14,0951,N20,VIIRS,n,2,286.44,4.25,D,0
52.1133,26.61421,348.64,0.37,0.58,2019-04-14,0951,N20,VIIRS,n,2,287.53,4.43,D,0
52.11177,26.473,344.96,0.38,0.59,2019-04-14,0951,N20,VIIRS,n,2,289.37,4.12,D,0
52.05128,26.14176,367,0.39,0.59,2019-04-14,0951,N20,VIIRS,h,2,293.59,5.49,D,0
52.05288,26.14689,336.49,0.39,0.59,2019-04-14,0951,N20,VIIRS,n,2,292.22,5.33,D,0
52.04967,26.13662,335.08,0.39,0.59,2019-04-14,0951,N20,VIIRS,n,2,290.68,5.49,D,0
52.05778,26.14283,344.49,0.39,0.59,2019-04-14,0951,N20,VIIRS,n,2,290.15,4,D,0
52.05468,26.14634,345.61,0.39,0.59,2019-04-14,0951,N20,VIIRS,n,2,292.41,5.48,D,0
52.05305,26.14123,333.57,0.39,0.59,2019-04-14,0951,N20,VIIRS,n,2,291.99,4.35,D,0
52.05142,26.13612,343.06,0.39,0.59,2019-04-14,0951,N20,VIIRS,n,2,292.08,4.35,D,0
52.1072,25.90074,342.11,0.4,0.6,2019-04-14,0951,N20,VIIRS,n,2,288.9,3.71,D,0
52.10821,25.89942,340.94,0.4,0.6,2019-04-14,0951,N20,VIIRS,n,2,287.72,2.87,D,0
52.95135,27.58351,329.5,0.32,0.55,2019-04-14,0951,N20,VIIRS,n,2,289.09,2.07,D,0
52.95081,27.56245,343.71,0.32,0.55,2019-04-14,0951,N20,VIIRS,n,2,287.2,3.18,D,0
52.94954,27.5581,343.5,0.32,0.55,2019-04-14,0951,N20,VIIRS,n,2,288.6,3.18,D,0
53.01107,27.57531,348.43,0.32,0.55,2019-04-14,0951,N20,VIIRS,n,2,288.91,28.24,D,0
53.00852,27.56667,342.7,0.32,0.55,2019-04-14,0951,N20,VIIRS,n,2,288.51,84.89,D,0
52.67542,26.44494,325.75,0.36,0.58,2019-04-14,0951,N20,VIIRS,n,2,292.43,2.39,D,0
52.15907,24.77059,352.99,0.44,0.62,2019-04-14,0951,N20,VIIRS,n,2,291.3,14.67,D,0
52.16094,24.77626,356.23,0.44,0.62,2019-04-14,0951,N20,VIIRS,l,2,288.12,11.64,D,0
53.30116,27.10197,334.36,0.33,0.55,2019-04-14,0951,N20,VIIRS,n,2,287.6,2.28,D,0
53.95097,24.91536,356.49,0.37,0.58,2019-04-14,0951,N20,VIIRS,l,2,289.62,8.07,D,0
53.3572,26.29124,329.33,0.35,0.57,2019-04-14,0951,N20,VIIRS,n,2,286.75,2.22,D,0
53.94983,24.91584,356.18,0.37,0.58,2019-04-14,0951,N20,VIIRS,l,2,289.52,10.59,D,0
53.94937,24.91027,353.68,0.37,0.58,2019-04-14,0951,N20,VIIRS,n,2,291.8,8.07,D,0
54.01617,27.28046,332,0.61,0.53,2019-04-14,0951,N20,VIIRS,n,2,286.96,4.58,D,0
51.89216,29.34303,325.55,0.6,0.53,2019-04-14,0951,N20,VIIRS,n,2,291.04,2.41,D,2
52.10448,28.63816,326.55,0.62,0.54,2019-04-14,0951,N20,VIIRS,n,2,286.02,6.23,D,0
52.10211,28.62982,338.9,0.63,0.54,2019-04-14,0951,N20,VIIRS,n,2,287.87,6.23,D,0
52.10384,28.63021,343.69,0.62,0.54,2019-04-14,0951,N20,VIIRS,n,2,289.04,9.71,D,0
52.1203,27.67223,328.8,0.34,0.56,2019-04-14,0951,N20,VIIRS,n,2,294.86,5.16,D,0
52.11896,27.66772,338.14,0.34,0.56,2019-04-14,0951,N20,VIIRS,n,2,293.7,4.63,D,0
51.96914,27.15057,329.64,0.36,0.57,2019-04-14,0951,N20,VIIRS,n,2,290.26,2.29,D,0
51.99862,27.09156,333.01,0.36,0.57,2019-04-14,0951,N20,VIIRS,n,2,292.3,1.9,D,0
51.97689,27.01978,327.9,0.36,0.58,2019-04-14,0951,N20,VIIRS,n,2,286.55,2.76,D,0
52.84426,29.99261,327.3,0.52,0.5,2019-04-14,0951,N20,VIIRS,n,2,290.11,3.84,D,2
53.94821,24.91078,352.47,0.37,0.58,2019-04-14,0951,N20,VIIRS,n,2,291.55,11.36,D,0
51.99858,27.09055,333.01,0.36,0.57,2019-04-14,0951,N20,VIIRS,n,2,292.6,2.1,D,0
52.08472,24.97195,326.73,0.38,0.43,2019-04-14,1131,N20,VIIRS,n,2,290.4,2.28,D,0
51.59604,27.31579,325.21,0.47,0.48,2019-04-14,1131,N20,VIIRS,l,2,297.74,3.21,D,0
51.59652,27.31778,337.73,0.47,0.48,2019-04-14,1131,N20,VIIRS,n,2,298.68,3.65,D,0
53.527,27.86617,325.74,0.52,0.5,2019-04-14,1131,N20,VIIRS,n,2,287.35,1.91,D,0
53.09062,25.93125,352.54,0.43,0.46,2019-04-14,1131,N20,VIIRS,n,2,293.21,23.04,D,0
53.0907,25.92813,335.11,0.43,0.46,2019-04-14,1131,N20,VIIRS,n,2,287.38,11.8,D,0
53.09119,25.93458,341.39,0.43,0.46,2019-04-14,1131,N20,VIIRS,n,2,291.93,11.8,D,0
53.01245,27.56977,326.64,0.5,0.49,2019-04-14,1131,N20,VIIRS,n,2,291.12,1.85,D,0
52.95774,27.58671,340.79,0.5,0.49,2019-04-14,1131,N20,VIIRS,n,2,291.82,18.39,D,0
52.95138,27.55763,345.31,0.5,0.49,2019-04-14,1131,N20,VIIRS,n,2,292.04,6.03,D,0
52.95277,27.58001,336.27,0.5,0.49,2019-04-14,1131,N20,VIIRS,n,2,289.09,18.39,D,0
52.95322,27.58745,338.68,0.5,0.49,2019-04-14,1131,N20,VIIRS,n,2,290.33,18.39,D,0
52.74394,25.24383,332.56,0.4,0.44,2019-04-14,1131,N20,VIIRS,n,2,293.07,1.8,D,0
52.74442,25.24981,335.65,0.4,0.44,2019-04-14,1131,N20,VIIRS,n,2,293.03,3.42,D,0
52.77874,25.97374,339.51,0.43,0.46,2019-04-14,1131,N20,VIIRS,n,2,294.67,26.06,D,0
52.77873,25.97456,350.77,0.43,0.46,2019-04-14,1131,N20,VIIRS,n,2,292.95,43.03,D,0
52.67739,26.4431,327.62,0.44,0.46,2019-04-14,1131,N20,VIIRS,n,2,297.46,3.77,D,0
52.72079,28.53327,329.13,0.54,0.51,2019-04-14,1131,N20,VIIRS,n,2,287.88,3.05,D,0
52.72376,28.53384,327.09,0.54,0.51,2019-04-14,1131,N20,VIIRS,n,2,289.8,3.35,D,0
52.45198,25.18792,330.97,0.39,0.44,2019-04-14,1131,N20,VIIRS,n,2,290.45,3.1,D,0
52.1484,24.16714,326.11,0.54,0.42,2019-04-14,1131,N20,VIIRS,n,2,296.24,1.42,D,0
52.08425,24.96634,327.39,0.38,0.43,2019-04-14,1131,N20,VIIRS,n,2,289.94,2.47,D,0
52.00018,24.90279,341.01,0.57,0.43,2019-04-14,1131,N20,VIIRS,n,2,291.37,5.5,D,0
52.00091,24.91113,335.95,0.57,0.43,2019-04-14,1131,N20,VIIRS,n,2,291.25,5.5,D,0
52.10842,26.47097,341.81,0.44,0.46,2019-04-14,1131,N20,VIIRS,n,2,295.95,8.21,D,0
52.16728,27.32609,350.52,0.48,0.48,2019-04-14,1131,N20,VIIRS,n,2,295.39,9.22,D,0
52.11442,26.61478,331.81,0.44,0.46,2019-04-14,1131,N20,VIIRS,n,2,290.29,15.65,D,0
52.11488,26.62133,345.01,0.44,0.46,2019-04-14,1131,N20,VIIRS,n,2,291.24,13.13,D,0
52.11581,26.63444,329.59,0.45,0.47,2019-04-14,1131,N20,VIIRS,n,2,292,3.16,D,0
52.11013,26.61558,327.99,0.44,0.46,2019-04-14,1131,N20,VIIRS,n,2,297.93,15.65,D,0
52.1106,26.62212,340.06,0.44,0.46,2019-04-14,1131,N20,VIIRS,n,2,295.62,13.13,D,0
52.11153,26.63523,331.34,0.45,0.47,2019-04-14,1131,N20,VIIRS,n,2,291.87,3.16,D,0
52.10968,26.60904,367,0.44,0.46,2019-04-14,1131,N20,VIIRS,h,2,295.05,15.65,D,0
52.10539,26.60983,338.64,0.44,0.46,2019-04-14,1131,N20,VIIRS,n,2,290.91,3.18,D,0
52.04229,26.15241,326.15,0.42,0.46,2019-04-14,1131,N20,VIIRS,l,2,296.43,2.89,D,0
52.03809,26.15322,334,0.42,0.46,2019-04-14,1131,N20,VIIRS,n,2,294.98,2.89,D,0
52.01263,26.04483,330.33,0.42,0.45,2019-04-14,1131,N20,VIIRS,n,2,294.65,2.69,D,0
52.00154,26.0658,329.84,0.42,0.45,2019-04-14,1131,N20,VIIRS,n,2,290.82,5.42,D,0
52.00202,26.07198,353.77,0.42,0.45,2019-04-14,1131,N20,VIIRS,n,2,298.16,16.12,D,0
51.96584,26.26888,330.83,0.43,0.46,2019-04-14,1131,N20,VIIRS,n,2,289.78,3.16,D,0
52.14847,29.27854,339.43,0.58,0.52,2019-04-14,1131,N20,VIIRS,n,2,291.41,4.92,D,0
51.96255,26.28228,336.43,0.43,0.46,2019-04-14,1131,N20,VIIRS,n,2,289.85,4.61,D,0
51.96301,26.28857,327.86,0.43,0.46,2019-04-14,1131,N20,VIIRS,n,2,287.17,4.61,D,0
52.02391,27.16371,334.74,0.47,0.48,2019-04-14,1131,N20,VIIRS,n,2,293.33,3.31,D,0
52.11134,28.63611,325.31,0.54,0.51,2019-04-14,1131,N20,VIIRS,n,2,291.45,4.89,D,0
51.95834,26.28309,336.39,0.43,0.46,2019-04-14,1131,N20,VIIRS,n,2,288.53,5.49,D,0
51.9588,26.28939,334.97,0.43,0.46,2019-04-14,1131,N20,VIIRS,n,2,288.48,5.49,D,0
51.95412,26.2839,352.02,0.43,0.46,2019-04-14,1131,N20,VIIRS,n,2,289.67,5.49,D,0
51.94944,26.2784,333.78,0.43,0.46,2019-04-14,1131,N20,VIIRS,n,2,288.53,10.53,D,0
51.94991,26.2847,337.9,0.43,0.46,2019-04-14,1131,N20,VIIRS,n,2,287.55,6.79,D,0
51.95447,26.28474,353.73,0.43,0.46,2019-04-14,1131,N20,VIIRS,n,2,289.63,10.92,D,0
52.11403,28.63486,332.35,0.54,0.51,2019-04-14,1131,N20,VIIRS,n,2,291.61,4.98,D,0
52.14952,29.27693,332.25,0.57,0.52,2019-04-14,1131,N20,VIIRS,n,2,290.88,7.96,D,0
51.94976,26.27925,337.27,0.43,0.46,2019-04-14,1131,N20,VIIRS,n,2,289.18,10.92,D,0
51.94555,26.28004,329.72,0.43,0.46,2019-04-14,1131,N20,VIIRS,n,2,286.2,1.25,D,0
51.96954,26.77152,330.32,0.45,0.47,2019-04-14,1131,N20,VIIRS,n,2,290.1,3.69,D,0
51.96523,26.77227,336.21,0.45,0.47,2019-04-14,1131,N20,VIIRS,n,2,290.35,6.95,D,0
51.96571,26.77888,367,0.45,0.47,2019-04-14,1131,N20,VIIRS,h,2,294.05,6.95,D,0
52.03361,27.8441,331.43,0.5,0.49,2019-04-14,1131,N20,VIIRS,n,2,291.33,4.24,D,0
52.06539,28.36451,334.51,0.52,0.5,2019-04-14,1131,N20,VIIRS,n,2,294.82,22.62,D,0
52.06585,28.37226,350.37,0.53,0.5,2019-04-14,1131,N20,VIIRS,n,2,307.31,58.17,D,0
52.06122,28.37292,348.8,0.53,0.5,2019-04-14,1131,N20,VIIRS,n,2,295.11,21.73,D,0
52.13392,30.71359,337.63,0.33,0.55,2019-04-14,1131,N20,VIIRS,n,2,288.91,3.08,D,0
52.07546,30.46434,356.2,0.32,0.55,2019-04-14,1131,N20,VIIRS,n,2,289.27,3.84,D,0
55.65132,27.46156,334.81,0.52,0.5,2019-04-14,1132,N20,VIIRS,n,2,284.75,5.36,D,0
54.01656,27.27719,338.42,0.49,0.49,2019-04-14,1132,N20,VIIRS,n,2,290.96,5.32,D,0
54.01702,27.28483,325.71,0.49,0.49,2019-04-14,1132,N20,VIIRS,n,2,291.26,5.32,D,0
53.54174,24.74789,339.57,0.39,0.44,2019-04-14,1132,N20,VIIRS,n,2,293.55,4.31,D,0
55.3309,29.48236,299.07,0.39,0.44,2019-04-14,2342,N20,VIIRS,n,2,266.94,0.62,N,0
55.48388,28.5995,342.13,0.43,0.46,2019-04-14,2342,N20,VIIRS,n,2,271.01,10.2,N,0
55.33241,29.46363,317.33,0.39,0.44,2019-04-14,2342,N20,VIIRS,n,2,268.49,1.77,N,0
55.48807,28.60052,348.8,0.43,0.46,2019-04-14,2342,N20,VIIRS,n,2,272.58,10.2,N,0
55.31809,29.49206,299.98,0.39,0.44,2019-04-14,2342,N20,VIIRS,n,2,266.02,1.14,N,0
55.32382,29.46778,295.6,0.39,0.44,2019-04-14,2342,N20,VIIRS,n,2,265.67,0.55,N,0
53.62124,30.29264,324.06,0.53,0.42,2019-04-14,2343,N20,VIIRS,n,2,270.86,3.44,N,0
53.62507,30.29369,317.33,0.53,0.42,2019-04-14,2343,N20,VIIRS,n,2,268.76,2.03,N,0
52.74124,26.06439,298.61,0.5,0.49,2019-04-14,2343,N20,VIIRS,n,2,265.53,0.7,N,0
52.73579,26.07856,300.83,0.5,0.49,2019-04-14,2343,N20,VIIRS,n,2,264.44,1.62,N,0
52.13747,28.63371,329.6,0.39,0.44,2019-04-14,2343,N20,VIIRS,n,2,271.54,3.06,N,0
52.13395,28.62706,339.45,0.39,0.44,2019-04-14,2343,N20,VIIRS,n,2,272.67,2.65,N,0
52.13345,28.63277,343.48,0.39,0.44,2019-04-14,2343,N20,VIIRS,n,2,273.82,5.3,N,0
52.7648,26.05337,300.48,0.5,0.49,2019-04-14,2343,N20,VIIRS,n,2,265.9,1.13,N,0
52.82565,26.11577,298.12,0.5,0.49,2019-04-14,2343,N20,VIIRS,n,2,267.76,0.42,N,0
52.82906,28.43247,314,0.4,0.44,2019-04-14,2343,N20,VIIRS,n,2,268.5,1.28,N,0
52.84737,29.99072,327.77,0.53,0.42,2019-04-14,2343,N20,VIIRS,n,2,274.89,9.1,N,2
53.27148,24.44633,299.34,0.59,0.53,2019-04-14,2343,N20,VIIRS,n,2,271.25,1.29,N,2
53.59106,26.39742,295.81,0.49,0.49,2019-04-14,2343,N20,VIIRS,n,2,266.7,0.71,N,0
53.26233,31.78499,311.91,0.47,0.4,2019-04-14,2343,N20,VIIRS,n,2,269.23,2.58,N,0
53.72016,27.25238,308.21,0.46,0.47,2019-04-14,2343,N20,VIIRS,n,2,269.68,1.02,N,0
53.62201,30.28468,304.17,0.53,0.42,2019-04-14,2343,N20,VIIRS,n,2,268.93,1.89,N,0
52.13197,28.64989,297.04,0.39,0.44,2019-04-14,2343,N20,VIIRS,n,2,270.33,1.14,N,0
52.12992,28.62613,324.52,0.39,0.44,2019-04-14,2343,N20,VIIRS,n,2,271.89,2.65,N,0
52.13042,28.62041,301.07,0.39,0.44,2019-04-14,2343,N20,VIIRS,n,2,270.92,2.65,N,0
52.12795,28.64895,318.51,0.39,0.44,2019-04-14,2343,N20,VIIRS,n,2,270.51,1.14,N,0
52.1264,28.61948,336.04,0.39,0.44,2019-04-14,2343,N20,VIIRS,n,2,273.12,3.11,N,0
52.12591,28.62519,297.73,0.39,0.44,2019-04-14,2343,N20,VIIRS,n,2,271.09,3.11,N,0
52.12394,28.64802,318.15,0.39,0.44,2019-04-14,2343,N20,VIIRS,n,2,272.33,2.45,N,0
52.12238,28.61854,330.18,0.39,0.44,2019-04-14,2343,N20,VIIRS,n,2,273.38,3.11,N,0
51.84051,30.68576,298.99,0.49,0.4,2019-04-14,2343,N20,VIIRS,n,2,270.45,0.86,N,0
52.13971,27.28541,315.67,0.44,0.46,2019-04-14,2343,N20,VIIRS,n,2,271.41,1.89,N,0
52.12351,26.5294,306.65,0.47,0.48,2019-04-14,2343,N20,VIIRS,n,2,269.11,1.5,N,0
52.10688,26.51218,325.55,0.47,0.48,2019-04-14,2343,N20,VIIRS,n,2,269.73,2.62,N,0
52.10247,26.51137,303.87,0.47,0.48,2019-04-14,2343,N20,VIIRS,n,2,269.08,0.99,N,0
52.00445,27.55079,300.22,0.43,0.46,2019-04-14,2343,N20,VIIRS,n,2,269.5,0.97,N,0
52.07276,26.14734,321.82,0.49,0.49,2019-04-14,2343,N20,VIIRS,n,2,268.2,4.88,N,0
52.0723,26.15455,305.03,0.49,0.49,2019-04-14,2343,N20,VIIRS,n,2,267.47,3.56,N,0
52.06828,26.14654,337.95,0.49,0.49,2019-04-14,2343,N20,VIIRS,n,2,269.92,4.88,N,0
52.06782,26.15375,317.23,0.49,0.49,2019-04-14,2343,N20,VIIRS,n,2,269.15,3.56,N,0
51.95277,26.29196,307.25,0.48,0.48,2019-04-14,2343,N20,VIIRS,n,2,269.46,2.08,N,0
51.95231,26.29904,317.09,0.48,0.48,2019-04-14,2343,N20,VIIRS,n,2,271.06,2.45,N,0
51.94833,26.29117,331.48,0.48,0.48,2019-04-14,2343,N20,VIIRS,n,2,271.35,2.87,N,0
51.95338,26.21304,311.6,0.49,0.48,2019-04-14,2343,N20,VIIRS,n,2,267.04,1.61,N,0
51.95893,26.05422,347.09,0.49,0.49,2019-04-14,2343,N20,VIIRS,n,2,270.64,7.67,N,0
51.94892,26.21224,323.5,0.49,0.48,2019-04-14,2343,N20,VIIRS,n,2,268.71,1.61,N,0
51.95075,26.18369,314.44,0.49,0.48,2019-04-14,2343,N20,VIIRS,n,2,269.34,1.83,N,0
51.94447,26.21144,337.03,0.49,0.48,2019-04-14,2343,N20,VIIRS,n,2,270.33,5.28,N,0
51.95005,26.29241,336.18,0.48,0.48,2019-04-14,2343,N20,VIIRS,n,2,271.64,6.45,N,0
51.9618,26.05585,330.09,0.49,0.49,2019-04-14,2343,N20,VIIRS,n,2,268.38,2.81,N,0
51.95102,26.21364,320.47,0.48,0.48,2019-04-14,2343,N20,VIIRS,n,2,268.43,3.65,N,0
51.96229,26.04863,306.49,0.49,0.49,2019-04-14,2343,N20,VIIRS,n,2,268.2,2.81,N,0
51.95298,26.18513,313.55,0.49,0.48,2019-04-14,2343,N20,VIIRS,n,2,268.14,1.72,N,0
51.95731,26.05507,323.22,0.49,0.49,2019-04-14,2343,N20,VIIRS,n,2,269.05,3.15,N,0
51.94656,26.21285,335.98,0.48,0.48,2019-04-14,2343,N20,VIIRS,n,2,268.8,4.45,N,0
51.94211,26.21205,334.03,0.48,0.48,2019-04-14,2343,N20,VIIRS,n,2,270.28,4.45,N,0
55.48433,28.59723,316.43,0.32,0.55,2019-04-15,0122,N20,VIIRS,n,2,267.64,2.58,N,0
55.48295,28.60172,330.72,0.32,0.55,2019-04-15,0122,N20,VIIRS,n,2,268.5,3.02,N,0
53.62573,30.29109,308.86,0.43,0.62,2019-04-15,0123,N20,VIIRS,n,2,268.4,1.33,N,0
53.62078,30.28626,314.85,0.43,0.62,2019-04-15,0123,N20,VIIRS,n,2,269.23,1.99,N,0
53.61883,30.29204,299.01,0.43,0.62,2019-04-15,0123,N20,VIIRS,n,2,268.86,1.61,N,0
52.84779,29.98878,302.78,0.45,0.63,2019-04-15,0123,N20,VIIRS,n,2,269.54,1.51,N,2
53.71609,27.25179,301.73,0.33,0.55,2019-04-15,0123,N20,VIIRS,n,2,268.58,0.64,N,0
52.30424,30.23265,310.78,0.48,0.65,2019-04-15,0123,N20,VIIRS,n,2,269.47,1.48,N,0
52.13436,30.72067,310.96,0.51,0.66,2019-04-15,0123,N20,VIIRS,n,2,271.58,1.61,N,0
54.3909,28.51516,297.97,0.35,0.57,2019-04-15,0123,N20,VIIRS,n,2,268.7,0.55,N,0
52.76555,26.05108,298.82,0.32,0.55,2019-04-15,0123,N20,VIIRS,n,2,266.86,0.98,N,0
52.10531,26.50877,301.17,0.35,0.57,2019-04-15,0123,N20,VIIRS,n,2,266.72,1.3,N,0
52.10387,26.51341,319.58,0.35,0.57,2019-04-15,0123,N20,VIIRS,n,2,269.09,1.68,N,0
52.10801,26.51514,297.36,0.35,0.57,2019-04-15,0123,N20,VIIRS,n,2,267.86,1.29,N,0
52.10329,26.51133,333.01,0.35,0.57,2019-04-15,0123,N20,VIIRS,n,2,269.28,1.29,N,0
52.06992,26.15062,355.25,0.34,0.56,2019-04-15,0123,N20,VIIRS,n,2,269.93,5.93,N,0
51.95055,26.21217,313.04,0.35,0.57,2019-04-15,0123,N20,VIIRS,n,2,267.73,3.53,N,0
51.94447,26.21302,348.03,0.35,0.57,2019-04-15,0123,N20,VIIRS,n,2,270.01,4.46,N,0
51.96348,26.05331,316.13,0.34,0.56,2019-04-15,0123,N20,VIIRS,n,2,265.12,1.26,N,0
51.96212,26.05784,316.26,0.34,0.56,2019-04-15,0123,N20,VIIRS,n,2,266.28,2.54,N,0
51.95745,26.05414,331.98,0.34,0.56,2019-04-15,0123,N20,VIIRS,n,2,267.81,2.54,N,0
51.95881,26.04961,297.06,0.34,0.56,2019-04-15,0123,N20,VIIRS,n,2,266.85,1.26,N,0
52.83344,28.43498,298.81,0.39,0.6,2019-04-15,0123,N20,VIIRS,n,2,265.98,0.59,N,0
52.8286,28.43062,296.35,0.39,0.6,2019-04-15,0123,N20,VIIRS,n,2,268.17,0.59,N,0
52.83076,28.43691,313.16,0.39,0.6,2019-04-15,0123,N20,VIIRS,n,2,267.03,1.66,N,0
52.4471,27.75479,296.1,0.38,0.59,2019-04-15,0123,N20,VIIRS,n,2,266.48,0.84,N,0
52.14025,28.63581,297.42,0.42,0.61,2019-04-15,0123,N20,VIIRS,n,2,270.66,0.87,N,0
52.13523,28.63149,329.26,0.42,0.61,2019-04-15,0123,N20,VIIRS,n,2,270.15,4.49,N,0
52.13343,28.637,307.87,0.42,0.61,2019-04-15,0123,N20,VIIRS,n,2,270.81,2.75,N,0
52.12982,28.64807,308.55,0.42,0.61,2019-04-15,0123,N20,VIIRS,n,2,268.57,1.58,N,0
52.12299,28.64924,306.34,0.42,0.61,2019-04-15,0123,N20,VIIRS,n,2,270.35,1.58,N,0
52.12522,28.62276,313.49,0.42,0.61,2019-04-15,0123,N20,VIIRS,n,2,270.57,1.78,N,0
52.1202,28.6184,314.04,0.42,0.61,2019-04-15,0123,N20,VIIRS,n,2,271.16,1.78,N,0
53.26834,24.4443,304.21,0.54,0.51,2019-04-15,0123,N20,VIIRS,n,2,270.32,1.05,N,2
52.1896,26.35603,356.32,0.57,0.69,2019-04-15,0932,N20,VIIRS,l,2,286.62,26.45,D,0
51.92943,26.20834,367,0.59,0.7,2019-04-15,0932,N20,VIIRS,h,2,290.37,26.94,D,0
52.67693,26.44213,325.89,0.54,0.68,2019-04-15,0932,N20,VIIRS,n,2,287.89,3.94,D,0
51.94885,26.21985,335.93,0.59,0.7,2019-04-15,0932,N20,VIIRS,n,2,277.05,5.38,D,0
53.18702,29.34867,328.63,0.41,0.6,2019-04-15,0932,N20,VIIRS,n,2,283.44,2.44,D,0
52.18696,26.3488,348.2,0.57,0.69,2019-04-15,0932,N20,VIIRS,n,2,289.57,29.31,D,0
52.13525,28.63227,329.64,0.47,0.64,2019-04-15,0932,N20,VIIRS,n,2,278.56,3.56,D,0
52.13319,28.62615,345.5,0.47,0.64,2019-04-15,0932,N20,VIIRS,n,2,279.06,3.56,D,0
52.30987,24.73412,325.9,0.64,0.72,2019-04-15,0932,N20,VIIRS,n,2,283.43,3.65,D,0
52.13298,28.62912,334.99,0.47,0.64,2019-04-15,0932,N20,VIIRS,n,2,279.78,7.23,D,0
52.13089,28.62304,342.57,0.47,0.64,2019-04-15,0932,N20,VIIRS,n,2,279.28,5.78,D,0
52.09024,27.60777,352.43,0.52,0.67,2019-04-15,0932,N20,VIIRS,n,2,282.95,5.29,D,0
52.12776,24.87725,346.44,0.41,0.37,2019-04-15,1112,N20,VIIRS,n,2,295.08,12,D,0
51.8224,26.76432,335.16,0.45,0.39,2019-04-15,1112,N20,VIIRS,n,2,289.94,3.41,D,0
52.12646,28.65166,331.49,0.53,0.42,2019-04-15,1112,N20,VIIRS,n,2,284,6.1,D,0
51.93158,26.20807,334.7,0.44,0.38,2019-04-15,1112,N20,VIIRS,n,2,290.21,6.75,D,0
51.93085,26.20171,350.14,0.44,0.38,2019-04-15,1112,N20,VIIRS,n,2,289.42,17.75,D,0
51.93508,26.20701,347.49,0.44,0.38,2019-04-15,1112,N20,VIIRS,n,2,290.63,6.75,D,0
51.94429,26.224,330.76,0.44,0.38,2019-04-15,1112,N20,VIIRS,n,2,293.69,19.42,D,0
51.94355,26.21763,331.24,0.44,0.38,2019-04-15,1112,N20,VIIRS,n,2,292.5,19.42,D,0
51.94779,26.22294,331.85,0.44,0.38,2019-04-15,1112,N20,VIIRS,n,2,290.54,10.28,D,0
51.95129,26.22189,339.28,0.44,0.38,2019-04-15,1112,N20,VIIRS,n,2,290.5,10.28,D,0
51.95479,26.22083,343.73,0.44,0.38,2019-04-15,1112,N20,VIIRS,n,2,290.63,6.98,D,0
51.95372,26.05703,331.16,0.44,0.38,2019-04-15,1112,N20,VIIRS,n,2,292.7,1.98,D,0
51.96068,26.0549,344.68,0.44,0.38,2019-04-15,1112,N20,VIIRS,n,2,296.94,12.35,D,0
52.26812,28.8072,329.06,0.53,0.42,2019-04-15,1112,N20,VIIRS,n,2,288.09,9,D,0
52.01114,26.0844,331.76,0.44,0.38,2019-04-15,1112,N20,VIIRS,n,2,299.36,11.41,D,0
52.01462,26.08333,344.53,0.44,0.38,2019-04-15,1112,N20,VIIRS,n,2,291.04,11.41,D,0
52.1205,26.53123,343.59,0.45,0.39,2019-04-15,1112,N20,VIIRS,n,2,291.3,3.86,D,0
52.12405,26.53018,334.22,0.45,0.39,2019-04-15,1112,N20,VIIRS,n,2,293.39,3.86,D,0
52.12107,26.50401,328.1,0.45,0.39,2019-04-15,1112,N20,VIIRS,n,2,291.24,2.08,D,0
52.12461,26.50297,340.48,0.45,0.39,2019-04-15,1112,N20,VIIRS,n,2,296.31,12.8,D,0
52.12312,26.4899,326.85,0.45,0.39,2019-04-15,1112,N20,VIIRS,n,2,291.81,2.59,D,0
52.12666,26.48885,333.44,0.45,0.39,2019-04-15,1112,N20,VIIRS,n,2,292.65,2.59,D,0
52.18589,26.34861,348.36,0.45,0.39,2019-04-15,1112,N20,VIIRS,n,2,296.35,6.54,D,0
52.18515,26.34212,331.05,0.45,0.39,2019-04-15,1112,N20,VIIRS,n,2,292.42,6.54,D,0
52.19016,26.35404,348.64,0.45,0.39,2019-04-15,1112,N20,VIIRS,n,2,299.88,15.97,D,0
52.18942,26.34755,348.26,0.45,0.39,2019-04-15,1112,N20,VIIRS,n,2,295.07,6.54,D,0
52.0998,25.12504,330.74,0.42,0.37,2019-04-15,1112,N20,VIIRS,n,2,293.1,3.98,D,0
52.1021,25.12309,343.29,0.42,0.37,2019-04-15,1112,N20,VIIRS,n,2,292.76,4.56,D,0
52.80071,25.79659,347.25,0.44,0.38,2019-04-15,1112,N20,VIIRS,n,2,288.95,7.21,D,0
52.67664,26.44138,325.63,0.45,0.39,2019-04-15,1112,N20,VIIRS,n,2,291.85,2.31,D,0
52.16167,24.92198,328.36,0.41,0.37,2019-04-15,1112,N20,VIIRS,n,2,293.43,6.24,D,0
52.15828,24.92311,338.73,0.41,0.37,2019-04-15,1112,N20,VIIRS,n,2,292.8,6.24,D,0
52.12438,24.87838,340.89,0.41,0.37,2019-04-15,1112,N20,VIIRS,n,2,294.76,12,D,0
53.90047,23.96253,345.52,0.41,0.37,2019-04-15,1113,N20,VIIRS,n,2,281.41,9.16,D,0
53.26932,24.44197,326.61,0.41,0.37,2019-04-15,1113,N20,VIIRS,n,2,292.82,2.17,D,2
53.52126,23.72505,328.9,0.4,0.37,2019-04-15,1113,N20,VIIRS,n,2,288.2,2.59,D,0
53.94477,25.63603,328.15,0.45,0.39,2019-04-15,1113,N20,VIIRS,n,2,287.43,2.31,D,0
52.38924,25.28715,315.35,0.43,0.62,2019-04-15,2324,N20,VIIRS,n,2,267.33,1.44,N,0
52.39042,25.28825,307.14,0.43,0.62,2019-04-15,2324,N20,VIIRS,n,2,267.53,1.74,N,0
53.27229,24.44127,317.93,0.47,0.64,2019-04-15,2324,N20,VIIRS,n,2,272.62,2.81,N,2
53.71428,24.18418,312.97,0.52,0.42,2019-04-16,0104,N20,VIIRS,n,2,267.8,2.48,N,0
53.27055,24.44425,308.69,0.54,0.42,2019-04-16,0104,N20,VIIRS,n,2,271.31,2.07,N,2
52.39128,25.28686,297.51,0.41,0.45,2019-04-16,0105,N20,VIIRS,n,2,262.86,0.46,N,0
52.88867,29.83502,334.05,0.59,0.7,2019-04-16,0913,N20,VIIRS,n,2,285.26,3.77,D,0
52.89009,29.53126,325.42,0.61,0.71,2019-04-16,0913,N20,VIIRS,n,2,285.81,2.82,D,0
52.52266,30.47697,329.95,0.58,0.7,2019-04-16,0913,N20,VIIRS,n,2,282.7,3.41,D,0
54.49323,28.90126,356.43,0.55,0.68,2019-04-16,0914,N20,VIIRS,l,2,289.88,8.49,D,0
53.28508,28.48442,329.44,0.64,0.72,2019-04-16,0914,N20,VIIRS,n,2,288.84,4.83,D,0
53.57185,29.10387,367,0.59,0.7,2019-04-16,0914,N20,VIIRS,h,2,291.42,10.63,D,0
53.43673,29.32113,355.66,0.59,0.7,2019-04-16,0914,N20,VIIRS,n,2,287.33,11.2,D,0
53.43514,30.21712,325.54,0.55,0.68,2019-04-16,0914,N20,VIIRS,n,2,286.59,3.6,D,0
53.26875,30.0313,327.2,0.56,0.69,2019-04-16,0914,N20,VIIRS,n,2,286.5,3.56,D,0
53.27082,30.02785,326.06,0.56,0.69,2019-04-16,0914,N20,VIIRS,n,2,285.36,3.32,D,0
53.57191,29.09791,351.05,0.59,0.7,2019-04-16,0914,N20,VIIRS,n,2,291.21,12.7,D,0
53.67317,31.31707,327.06,0.49,0.65,2019-04-16,0914,N20,VIIRS,n,2,284.32,1.89,D,0
54.49169,28.90177,367,0.55,0.68,2019-04-16,0914,N20,VIIRS,h,2,290.31,14.06,D,0
54.48896,28.8946,340.91,0.55,0.68,2019-04-16,0914,N20,VIIRS,n,2,289.28,10.63,D,0
54.68069,29.14557,338.44,0.53,0.67,2019-04-16,0914,N20,VIIRS,n,2,285.54,5.14,D,0
54.93647,29.74435,348.47,0.5,0.65,2019-04-16,0914,N20,VIIRS,n,2,281.13,5.37,D,0
54.68079,29.1465,340.85,0.53,0.67,2019-04-16,0914,N20,VIIRS,n,2,285.11,6.69,D,0
54.93384,29.74784,341.28,0.5,0.65,2019-04-16,0914,N20,VIIRS,n,2,280.95,5.15,D,0
55.3472,30.66861,334.83,0.44,0.63,2019-04-16,0914,N20,VIIRS,n,2,288.6,2.8,D,0
55.36509,30.0699,328.78,0.47,0.64,2019-04-16,0914,N20,VIIRS,n,2,286.5,3.04,D,0
55.02748,28.42625,340.68,0.54,0.68,2019-04-16,0914,N20,VIIRS,n,2,282.77,5.03,D,0
55.59623,28.83276,326.65,0.5,0.66,2019-04-16,0914,N20,VIIRS,n,2,286.84,3.22,D,0
54.58092,30.0572,367,0.5,0.66,2019-04-16,0914,N20,VIIRS,h,2,292.84,13.73,D,0
54.49054,28.89409,342.95,0.55,0.68,2019-04-16,0914,N20,VIIRS,n,2,289.24,8.49,D,0
53.1524,29.31272,325.38,0.41,0.37,2019-04-16,1053,N20,VIIRS,n,2,293.42,1.64,D,0
52.805,26.66954,330.12,0.38,0.36,2019-04-16,1053,N20,VIIRS,n,2,287.62,2.56,D,0
53.26891,30.02925,340.22,0.43,0.38,2019-04-16,1053,N20,VIIRS,n,2,294.91,3.23,D,0
53.31887,31.51963,325.82,0.47,0.4,2019-04-16,1053,N20,VIIRS,n,2,294.2,2.32,D,0
52.73347,28.05368,331.35,0.39,0.36,2019-04-16,1053,N20,VIIRS,n,2,294.48,2.59,D,0
53.33072,31.42198,328.91,0.47,0.4,2019-04-16,1053,N20,VIIRS,n,2,293.17,3.62,D,0
53.02989,30.4847,328.88,0.44,0.38,2019-04-16,1053,N20,VIIRS,n,2,291.41,1.59,D,0
53.03034,30.48584,326.44,0.44,0.38,2019-04-16,1053,N20,VIIRS,n,2,289.59,2.51,D,0
52.92956,30.09293,335.35,0.43,0.38,2019-04-16,1053,N20,VIIRS,n,2,295.98,5.51,D,0
52.88734,29.83293,327.62,0.42,0.38,2019-04-16,1053,N20,VIIRS,n,2,293.06,1.91,D,0
52.84435,29.99103,332.05,0.42,0.38,2019-04-16,1053,N20,VIIRS,n,2,294.9,3.53,D,2
54.8812,29.62195,335.66,0.44,0.38,2019-04-16,1054,N20,VIIRS,n,2,291.62,6.21,D,0
54.87831,29.62888,340,0.44,0.38,2019-04-16,1054,N20,VIIRS,n,2,295.3,8.89,D,0
54.87753,29.62214,333.01,0.44,0.38,2019-04-16,1054,N20,VIIRS,n,2,293.37,5.13,D,0
54.88101,29.62093,330.79,0.44,0.38,2019-04-16,1054,N20,VIIRS,n,2,291.26,5.13,D,0
54.93839,29.74196,326.69,0.44,0.38,2019-04-16,1054,N20,VIIRS,n,2,294.37,3.21,D,0
54.48095,25.89611,330.6,0.38,0.36,2019-04-16,1054,N20,VIIRS,n,2,292.77,3.79,D,0
52.94843,26.07632,325.95,0.38,0.36,2019-04-16,1054,N20,VIIRS,n,2,287.84,1.54,D,0
55.0378,29.0758,331.75,0.43,0.38,2019-04-16,1054,N20,VIIRS,n,2,293.08,3.36,D,0
54.71574,26.27526,340.74,0.39,0.36,2019-04-16,1054,N20,VIIRS,n,2,299.7,8.32,D,0
55.22097,29.87082,330.78,0.45,0.39,2019-04-16,1054,N20,VIIRS,n,2,293.97,7.61,D,0
55.23197,29.01128,330.04,0.43,0.38,2019-04-16,1054,N20,VIIRS,n,2,296.57,2.65,D,0
55.34255,28.48764,341.27,0.42,0.37,2019-04-16,1054,N20,VIIRS,n,2,288.89,3.27,D,0
55.39218,28.15595,343.77,0.41,0.37,2019-04-16,1054,N20,VIIRS,n,2,293.65,3.39,D,0
55.39555,28.15464,342.41,0.41,0.37,2019-04-16,1054,N20,VIIRS,n,2,295.95,4.59,D,0
55.58622,29.65463,338.71,0.44,0.39,2019-04-16,1054,N20,VIIRS,n,2,292.67,2.97,D,0
55.48356,28.60397,330.32,0.42,0.38,2019-04-16,1054,N20,VIIRS,n,2,292.93,14.74,D,0
55.5908,28.82529,335.74,0.43,0.38,2019-04-16,1054,N20,VIIRS,n,2,293.12,5.68,D,0
54.48007,25.8903,328.71,0.38,0.36,2019-04-16,1054,N20,VIIRS,n,2,293.84,3.79,D,0
53.71234,31.82589,330.01,0.49,0.4,2019-04-16,1054,N20,VIIRS,n,2,295.45,2.1,D,0
53.71601,31.82482,346.88,0.49,0.4,2019-04-16,1054,N20,VIIRS,n,2,300.12,8.83,D,0
53.41475,29.21844,331.43,0.41,0.37,2019-04-16,1054,N20,VIIRS,n,2,295.62,2.68,D,0
53.71968,31.82375,333.86,0.49,0.4,2019-04-16,1054,N20,VIIRS,n,2,296.08,8.83,D,0
53.43144,29.32247,346.17,0.42,0.37,2019-04-16,1054,N20,VIIRS,n,2,292.52,6.73,D,0
53.43036,29.32188,326.01,0.42,0.37,2019-04-16,1054,N20,VIIRS,n,2,291.75,13.95,D,0
53.71421,31.82549,347.69,0.49,0.4,2019-04-16,1054,N20,VIIRS,n,2,298.47,8.33,D,0
53.43376,29.32069,352.01,0.42,0.37,2019-04-16,1054,N20,VIIRS,n,2,298.76,13.95,D,0
53.71788,31.82441,346.52,0.49,0.4,2019-04-16,1054,N20,VIIRS,n,2,298.92,9.14,D,0
53.72839,31.38146,332.96,0.47,0.4,2019-04-16,1054,N20,VIIRS,n,2,292.89,3.46,D,0
53.48863,28.9985,334.07,0.41,0.37,2019-04-16,1054,N20,VIIRS,n,2,293.91,3.98,D,0
53.5709,29.09508,330.95,0.41,0.37,2019-04-16,1054,N20,VIIRS,n,2,298.04,6.28,D,0
53.93103,31.36276,331.18,0.47,0.4,2019-04-16,1054,N20,VIIRS,n,2,293.07,5.74,D,0
54.31217,31.27497,334.08,0.47,0.4,2019-04-16,1054,N20,VIIRS,n,2,290.07,3.51,D,0
54.08326,28.45647,327.46,0.41,0.37,2019-04-16,1054,N20,VIIRS,n,2,293.25,3.02,D,0
54.08245,28.45033,327.58,0.41,0.37,2019-04-16,1054,N20,VIIRS,n,2,294.11,3.3,D,0
54.08315,28.45484,330.57,0.41,0.37,2019-04-16,1054,N20,VIIRS,n,2,295.83,6.12,D,0
54.12588,28.29743,352.97,0.4,0.37,2019-04-16,1054,N20,VIIRS,n,2,303.74,10.49,D,0
54.12922,28.29618,327.15,0.4,0.37,2019-04-16,1054,N20,VIIRS,n,2,295.16,10.49,D,0
54.17883,28.38028,346.21,0.41,0.37,2019-04-16,1054,N20,VIIRS,n,2,298.15,4,D,0
54.17802,28.37414,331.11,0.41,0.37,2019-04-16,1054,N20,VIIRS,n,2,298.27,4,D,0
54.2088,28.41961,331.5,0.41,0.37,2019-04-16,1054,N20,VIIRS,n,2,297.72,2.75,D,0
54.21727,28.40352,354.99,0.41,0.37,2019-04-16,1054,N20,VIIRS,n,2,307.87,15.47,D,0
54.2238,28.42694,333.92,0.41,0.37,2019-04-16,1054,N20,VIIRS,n,2,294.78,2.18,D,0
53.92277,25.98429,326.98,0.38,0.36,2019-04-16,1054,N20,VIIRS,n,2,295.94,1.97,D,0
54.63206,30.88339,331.74,0.47,0.39,2019-04-16,1054,N20,VIIRS,n,2,292.6,12.05,D,0
54.63566,30.88226,338.7,0.47,0.39,2019-04-16,1054,N20,VIIRS,n,2,294.68,7.29,D,0
54.6349,30.87506,346.06,0.47,0.39,2019-04-16,1054,N20,VIIRS,n,2,292.45,11.05,D,0
54.33938,28.20718,339.73,0.4,0.37,2019-04-16,1054,N20,VIIRS,n,2,300.14,13.58,D,0
54.58113,30.05849,334.68,0.44,0.39,2019-04-16,1054,N20,VIIRS,n,2,293.93,3.18,D,0
54.6762,30.80981,334.91,0.46,0.39,2019-04-16,1054,N20,VIIRS,n,2,294.02,3,D,0
54.48682,28.89695,341.6,0.42,0.37,2019-04-16,1054,N20,VIIRS,n,2,292.35,9.08,D,0
54.52518,28.86289,344.19,0.42,0.37,2019-04-16,1054,N20,VIIRS,n,2,291.1,3.47,D,0
54.65837,29.23777,343.89,0.43,0.38,2019-04-16,1054,N20,VIIRS,n,2,293.99,12.25,D,0
54.65522,29.21165,348.33,0.42,0.38,2019-04-16,1054,N20,VIIRS,n,2,296.17,9.22,D,0
54.65262,29.13109,326.1,0.42,0.38,2019-04-16,1054,N20,VIIRS,n,2,293.01,1.94,D,0
54.65604,29.12988,325.83,0.42,0.38,2019-04-16,1054,N20,VIIRS,n,2,290.4,1.94,D,0
54.78336,30.05913,333.96,0.45,0.39,2019-04-16,1054,N20,VIIRS,n,2,292.73,3.08,D,0
54.67895,29.14198,332.42,0.42,0.38,2019-04-16,1054,N20,VIIRS,n,2,294.79,3.84,D,0
54.68317,29.14727,343.39,0.42,0.38,2019-04-16,1054,N20,VIIRS,n,2,293.78,6.16,D,0
54.82569,30.30435,349.34,0.45,0.39,2019-04-16,1054,N20,VIIRS,n,2,293.98,6.22,D,0
54.87069,30.29665,329.78,0.45,0.39,2019-04-16,1054,N20,VIIRS,n,2,292.22,2.76,D,0
54.87852,29.62989,334.77,0.44,0.38,2019-04-16,1054,N20,VIIRS,n,2,294.35,6.21,D,0
54.87772,29.62316,339.69,0.44,0.38,2019-04-16,1054,N20,VIIRS,n,2,293.01,6.21,D,0
53.56816,31.65856,326.04,0.48,0.4,2019-04-16,1054,N20,VIIRS,n,2,296.78,2.91,D,0
53.64563,32.02722,329.57,0.49,0.4,2019-04-16,1054,N20,VIIRS,n,2,292.04,1.95,D,0
54.56699,31.02245,297.67,0.4,0.6,2019-04-16,2304,N20,VIIRS,n,2,273.1,0.84,N,0
54.65131,29.40903,303.47,0.46,0.64,2019-04-16,2304,N20,VIIRS,n,2,273.86,0.89,N,0
54.93182,29.15809,301.16,0.48,0.64,2019-04-16,2304,N20,VIIRS,n,2,273.11,0.99,N,0
55.04012,27.70037,302.07,0.54,0.68,2019-04-16,2304,N20,VIIRS,n,2,273.66,1.21,N,0
55.0426,27.70326,307.27,0.54,0.68,2019-04-16,2304,N20,VIIRS,n,2,274.08,1.48,N,0
55.18943,28.65225,303.69,0.5,0.66,2019-04-16,2304,N20,VIIRS,n,2,273.98,1.05,N,0
55.48819,28.59198,303.88,0.5,0.66,2019-04-16,2304,N20,VIIRS,n,2,275.09,4.97,N,0
55.48822,28.60018,354.02,0.5,0.66,2019-04-16,2304,N20,VIIRS,n,2,277.39,4.97,N,0
54.30401,30.60043,301.23,0.41,0.61,2019-04-16,2304,N20,VIIRS,n,2,274.37,0.74,N,0
54.56142,31.0221,305.42,0.4,0.6,2019-04-16,2304,N20,VIIRS,n,2,273.81,0.84,N,0
53.43401,29.32754,323.78,0.46,0.64,2019-04-16,2305,N20,VIIRS,n,2,274.76,1.72,N,0
51.891,29.33557,307.17,0.46,0.63,2019-04-16,2305,N20,VIIRS,n,2,275.47,0.85,N,2
51.89678,29.34266,299.59,0.46,0.63,2019-04-16,2305,N20,VIIRS,n,2,275.48,0.85,N,2
51.89688,29.33583,296.37,0.46,0.63,2019-04-16,2305,N20,VIIRS,n,2,275.6,0.85,N,0
51.88923,29.33601,297.55,0.46,0.63,2019-04-16,2305,N20,VIIRS,n,2,275.11,0.97,N,2
51.89511,29.33633,304.34,0.46,0.63,2019-04-16,2305,N20,VIIRS,n,2,276.02,0.97,N,2
52.76668,26.13049,301.26,0.63,0.72,2019-04-16,2305,N20,VIIRS,n,2,273.86,1.06,N,0
52.84726,29.99105,325.93,0.43,0.62,2019-04-16,2305,N20,VIIRS,n,2,277.85,2.28,N,2
52.84778,29.99006,326.81,0.43,0.62,2019-04-16,2305,N20,VIIRS,n,2,278.71,2.57,N,2
52.95633,30.09797,303.64,0.43,0.62,2019-04-16,2305,N20,VIIRS,n,2,275.7,0.87,N,0
53.18791,31.21987,298.97,0.38,0.59,2019-04-16,2305,N20,VIIRS,n,2,272.86,0.62,N,0
53.19407,32.40691,307.65,0.34,0.56,2019-04-16,2305,N20,VIIRS,n,2,272.06,0.95,N,0
53.19426,32.40756,302.76,0.34,0.56,2019-04-16,2305,N20,VIIRS,n,2,272.22,0.72,N,0
53.27323,24.43641,301.81,0.74,0.76,2019-04-16,2305,N20,VIIRS,n,2,272.29,1.9,N,2
53.34559,30.5925,301.1,0.41,0.61,2019-04-16,2305,N20,VIIRS,n,2,275.08,0.82,N,0
53.34866,30.59382,297.71,0.41,0.61,2019-04-16,2305,N20,VIIRS,n,2,274.69,0.83,N,0
53.42809,29.32733,312.16,0.46,0.64,2019-04-16,2305,N20,VIIRS,n,2,274.23,1.72,N,0
53.39627,32.01178,302.05,0.36,0.57,2019-04-16,2305,N20,VIIRS,n,2,278.55,0.91,N,2
53.86036,26.4524,306.51,0.44,0.38,2019-04-17,0045,N20,VIIRS,n,2,274.04,0.75,N,0
52.84653,29.98832,321.77,0.4,0.44,2019-04-17,0045,N20,VIIRS,n,2,277.31,1.44,N,2
55.48547,28.60494,325.59,0.47,0.4,2019-04-17,0045,N20,VIIRS,n,2,276.2,2.75,N,0
55.48696,28.59793,317.12,0.47,0.4,2019-04-17,0045,N20,VIIRS,n,2,272.55,2.3,N,0
55.3391,28.49559,301.26,0.47,0.4,2019-04-17,0045,N20,VIIRS,n,2,272.14,0.68,N,0
54.56379,31.02211,319.86,0.39,0.44,2019-04-17,0045,N20,VIIRS,n,2,271.83,1.75,N,0
55.03986,27.70827,302.64,0.45,0.39,2019-04-17,0045,N20,VIIRS,n,2,270.87,1.34,N,0
54.64794,29.40967,298.68,0.51,0.41,2019-04-17,0045,N20,VIIRS,n,2,272.57,0.97,N,0
53.43127,29.33006,317.19,0.55,0.42,2019-04-17,0045,N20,VIIRS,n,2,274.17,2.69,N,0
53.42759,29.32772,317.22,0.55,0.42,2019-04-17,0045,N20,VIIRS,n,2,273.88,2.69,N,0
51.89284,29.34153,324.83,0.4,0.44,2019-04-17,0046,N20,VIIRS,n,2,277.12,2.59,N,2
53.26149,24.44934,309.72,0.41,0.37,2019-04-17,0046,N20,VIIRS,n,2,277.31,1.5,N,2
53.27024,24.44091,318.54,0.41,0.37,2019-04-17,0046,N20,VIIRS,n,2,275.73,2.56,N,2
55.50772,29.83638,332.2,0.66,0.73,2019-04-17,0855,N20,VIIRS,n,2,287.08,4.35,D,0
54.56172,31.03034,330.15,0.67,0.73,2019-04-17,0855,N20,VIIRS,n,2,289.69,4.47,D,0
55.28677,29.97624,325.53,0.67,0.74,2019-04-17,0855,N20,VIIRS,n,2,286.83,3.42,D,0
55.50945,29.83072,329.21,0.66,0.73,2019-04-17,0855,N20,VIIRS,n,2,287.59,4.33,D,0
54.07389,31.68738,326.82,0.67,0.73,2019-04-17,0855,N20,VIIRS,n,2,287.86,4.27,D,0
54.36187,30.99119,327.81,0.68,0.74,2019-04-17,0855,N20,VIIRS,n,2,286.77,3,D,0
55.48688,28.59965,346.11,0.73,0.76,2019-04-17,0856,N20,VIIRS,n,2,288.07,9.18,D,0
55.48563,28.59648,344.39,0.73,0.76,2019-04-17,0856,N20,VIIRS,n,2,287.9,8.2,D,0
52.80034,29.75252,341.16,0.39,0.36,2019-04-17,1034,N20,VIIRS,n,2,292.45,3.1,D,0
52.84644,29.99078,334.4,0.39,0.36,2019-04-17,1034,N20,VIIRS,n,2,300.27,7.61,D,2
53.19327,32.20134,328.94,0.39,0.36,2019-04-17,1034,N20,VIIRS,n,2,293.77,1.83,D,0
52.7983,29.61447,328.64,0.39,0.36,2019-04-17,1034,N20,VIIRS,n,2,291.64,1.29,D,0
52.39204,27.29534,326.37,0.43,0.38,2019-04-17,1034,N20,VIIRS,n,2,301.37,1.39,D,0
53.21995,31.83394,346.3,0.39,0.36,2019-04-17,1034,N20,VIIRS,n,2,297.13,9.2,D,0
53.22321,31.83263,346.17,0.39,0.36,2019-04-17,1034,N20,VIIRS,n,2,295.19,9.2,D,0
53.21912,31.82824,341.74,0.39,0.36,2019-04-17,1034,N20,VIIRS,n,2,299.65,17.25,D,0
51.66947,30.29431,329.21,0.39,0.36,2019-04-17,1034,N20,VIIRS,n,2,293.38,5.54,D,0
51.94687,30.61861,334.95,0.39,0.36,2019-04-17,1034,N20,VIIRS,n,2,291.16,2.28,D,0
51.70511,28.82297,333.95,0.4,0.37,2019-04-17,1034,N20,VIIRS,n,2,291.53,2.91,D,0
51.89251,29.33931,331.59,0.4,0.37,2019-04-17,1034,N20,VIIRS,n,2,294.8,3.14,D,2
52.45056,31.14734,327.61,0.38,0.36,2019-04-17,1034,N20,VIIRS,n,2,291.36,1.92,D,0
52.32035,30.1549,327.84,0.39,0.36,2019-04-17,1034,N20,VIIRS,n,2,293.48,1.06,D,0
52.28694,29.93134,328.16,0.39,0.36,2019-04-17,1034,N20,VIIRS,n,2,293.3,2.01,D,0
52.27346,29.21869,329.73,0.4,0.37,2019-04-17,1034,N20,VIIRS,n,2,295.38,4.78,D,0
52.00475,27.63296,331.04,0.42,0.38,2019-04-17,1034,N20,VIIRS,n,2,295.12,2.8,D,0
52.5249,30.47986,337.9,0.39,0.36,2019-04-17,1034,N20,VIIRS,n,2,290.99,3.3,D,0
52.09261,27.77145,350.43,0.42,0.38,2019-04-17,1034,N20,VIIRS,n,2,296.62,5.55,D,0
52.09151,27.76552,352.79,0.42,0.38,2019-04-17,1034,N20,VIIRS,n,2,296.47,5.55,D,0
52.09704,27.77574,345.1,0.42,0.38,2019-04-17,1034,N20,VIIRS,n,2,298.86,12.51,D,0
52.09594,27.76981,350.59,0.42,0.38,2019-04-17,1034,N20,VIIRS,n,2,298.34,5.55,D,0
52.09484,27.76388,331.63,0.42,0.38,2019-04-17,1034,N20,VIIRS,n,2,296.19,5.55,D,0
52.16714,27.64932,351.24,0.42,0.38,2019-04-17,1034,N20,VIIRS,n,2,300.98,7.24,D,0
52.82042,30.36366,340.7,0.38,0.36,2019-04-17,1034,N20,VIIRS,n,2,296.38,3.36,D,0
52.82454,30.36785,335.89,0.38,0.36,2019-04-17,1034,N20,VIIRS,n,2,295.81,3.3,D,0
52.82365,30.36226,350.88,0.38,0.36,2019-04-17,1034,N20,VIIRS,n,2,302.02,24.3,D,0
52.33691,27.26509,347.42,0.43,0.38,2019-04-17,1034,N20,VIIRS,n,2,299.27,10.36,D,0
53.91315,31.40929,329.57,0.39,0.36,2019-04-17,1035,N20,VIIRS,n,2,294.28,2.85,D,0
53.56477,30.00862,330.77,0.38,0.36,2019-04-17,1035,N20,VIIRS,n,2,295.76,2.68,D,0
53.56567,30.0143,338.59,0.38,0.36,2019-04-17,1035,N20,VIIRS,n,2,296.49,2.68,D,0
52.88903,26.28794,328.55,0.44,0.39,2019-04-17,1035,N20,VIIRS,n,2,291.51,3.07,D,0
53.77467,31.68869,326.1,0.39,0.36,2019-04-17,1035,N20,VIIRS,n,2,296.14,1.71,D,0
53.35886,29.09377,331.75,0.39,0.36,2019-04-17,1035,N20,VIIRS,n,2,294.55,7.21,D,0
52.95414,27.07408,330.79,0.42,0.38,2019-04-17,1035,N20,VIIRS,n,2,295.04,2.6,D,0
52.73304,26.10562,343.77,0.45,0.39,2019-04-17,1035,N20,VIIRS,n,2,295.14,4.22,D,0
52.73431,26.11201,332.69,0.45,0.39,2019-04-17,1035,N20,VIIRS,n,2,294.01,4.22,D,0
52.7309,26.11385,330.25,0.45,0.39,2019-04-17,1035,N20,VIIRS,n,2,292.92,4.22,D,0
53.21477,29.07862,340.38,0.39,0.36,2019-04-17,1035,N20,VIIRS,n,2,298.23,2.98,D,0
53.27244,32.10803,331.53,0.39,0.36,2019-04-17,1035,N20,VIIRS,n,2,292.71,5.46,D,0
52.88809,29.52974,343.86,0.39,0.36,2019-04-17,1035,N20,VIIRS,n,2,302.05,5.35,D,0
52.89133,29.52826,340.09,0.39,0.36,2019-04-17,1035,N20,VIIRS,n,2,297.1,5.35,D,0
52.61554,27.87366,329.83,0.41,0.37,2019-04-17,1035,N20,VIIRS,n,2,293.19,2.46,D,0
53.17691,31.2188,339.56,0.38,0.36,2019-04-17,1035,N20,VIIRS,n,2,296.18,7.7,D,0
53.17607,31.21315,346.34,0.38,0.36,2019-04-17,1035,N20,VIIRS,n,2,297.62,9.39,D,0
53.17522,31.20751,328.64,0.38,0.36,2019-04-17,1035,N20,VIIRS,n,2,297.39,9.39,D,0
52.99807,30.07227,330.05,0.39,0.36,2019-04-17,1035,N20,VIIRS,n,2,293.28,11.06,D,0
53.18255,31.21045,343.78,0.38,0.36,2019-04-17,1035,N20,VIIRS,n,2,295.54,5.28,D,0
53.18664,31.21474,334.28,0.38,0.36,2019-04-17,1035,N20,VIIRS,n,2,295.87,4.42,D,0
52.33613,26.31509,340.35,0.45,0.39,2019-04-17,1035,N20,VIIRS,n,2,296.72,6.38,D,0
52.07845,25.00378,345.58,0.5,0.41,2019-04-17,1035,N20,VIIRS,n,2,297.08,8.14,D,0
53.36557,31.33054,330.77,0.39,0.36,2019-04-17,1035,N20,VIIRS,n,2,293.15,2.88,D,0
53.36797,31.32351,325.25,0.39,0.36,2019-04-17,1035,N20,VIIRS,n,2,294.04,2.88,D,0
53.06304,29.12705,331.37,0.39,0.36,2019-04-17,1035,N20,VIIRS,n,2,296.47,2.9,D,0
53.06629,29.12553,341.24,0.39,0.36,2019-04-17,1035,N20,VIIRS,n,2,299.19,2.9,D,0
53.5579,32.06335,328.55,0.39,0.36,2019-04-17,1035,N20,VIIRS,n,2,297.75,2.23,D,0
53.56117,32.06204,326.15,0.39,0.36,2019-04-17,1035,N20,VIIRS,n,2,295.45,1.97,D,0
53.55522,31.64157,328.72,0.39,0.36,2019-04-17,1035,N20,VIIRS,n,2,294.32,2.4,D,0
55.35988,26.61775,335.14,0.41,0.37,2019-04-17,1035,N20,VIIRS,n,2,295.63,2.36,D,0
55.48461,28.60151,330.8,0.39,0.36,2019-04-17,1035,N20,VIIRS,n,2,291.7,1.34,D,0
55.52939,29.27144,342.83,0.38,0.36,2019-04-17,1035,N20,VIIRS,n,2,295.99,7.14,D,0
55.53032,29.27737,331.44,0.38,0.36,2019-04-17,1035,N20,VIIRS,n,2,296.17,7.14,D,0
55.68019,30.30617,330.89,0.39,0.36,2019-04-17,1035,N20,VIIRS,n,2,296.92,8.69,D,0
55.46087,28.92778,328.73,0.38,0.36,2019-04-17,1035,N20,VIIRS,n,2,295.31,1.72,D,0
55.19781,27.70144,331.41,0.39,0.36,2019-04-17,1035,N20,VIIRS,n,2,295.34,1.98,D,0
55.08989,27.20584,343.5,0.4,0.37,2019-04-17,1035,N20,VIIRS,n,2,295.71,4.33,D,0
55.50888,29.83127,346.51,0.38,0.36,2019-04-17,1035,N20,VIIRS,n,2,295.87,5.23,D,0
55.50565,29.8328,349.25,0.38,0.36,2019-04-17,1035,N20,VIIRS,n,2,297.52,9.16,D,0
55.2443,29.30703,332.53,0.38,0.36,2019-04-17,1035,N20,VIIRS,n,2,296.36,3.42,D,0
55.23277,29.29993,352.56,0.38,0.36,2019-04-17,1035,N20,VIIRS,n,2,297.72,5.53,D,0
55.2337,29.30582,337.18,0.38,0.36,2019-04-17,1035,N20,VIIRS,n,2,295.77,5.53,D,0
55.22955,29.30149,349.67,0.38,0.36,2019-04-17,1035,N20,VIIRS,n,2,296.66,5.28,D,0
55.08139,28.64312,332.18,0.39,0.36,2019-04-17,1035,N20,VIIRS,n,2,294.9,2.17,D,0
55.15686,29.17184,331.26,0.38,0.36,2019-04-17,1035,N20,VIIRS,n,2,294.49,2.25,D,0
54.89935,28.90804,328.86,0.39,0.36,2019-04-17,1035,N20,VIIRS,n,2,292.66,4.01,D,0
54.90031,28.91391,338,0.39,0.36,2019-04-17,1035,N20,VIIRS,n,2,300.9,4.01,D,0
54.91691,29.3371,334.18,0.38,0.36,2019-04-17,1035,N20,VIIRS,n,2,297.32,2.85,D,0
53.90041,23.95675,328.76,0.49,0.4,2019-04-17,1035,N20,VIIRS,l,2,301.64,4,D,0
53.8959,23.99163,329.89,0.49,0.4,2019-04-17,1035,N20,VIIRS,n,2,299.89,2.57,D,0
53.89741,23.99872,331.19,0.49,0.4,2019-04-17,1035,N20,VIIRS,n,2,298.75,4.86,D,0
53.89389,24.00087,344.87,0.49,0.4,2019-04-17,1035,N20,VIIRS,n,2,299.35,4.86,D,0
54.94328,29.7461,326.89,0.38,0.36,2019-04-17,1035,N20,VIIRS,n,2,294.62,3.08,D,0
53.88182,24.00023,347.13,0.49,0.4,2019-04-17,1035,N20,VIIRS,n,2,297.69,11.04,D,0
53.88485,24.01441,336.79,0.49,0.4,2019-04-17,1035,N20,VIIRS,n,2,299.16,22.68,D,0
53.88636,24.02149,332.65,0.49,0.4,2019-04-17,1035,N20,VIIRS,n,2,298.36,14.37,D,0
53.88787,24.02858,331.74,0.49,0.4,2019-04-17,1035,N20,VIIRS,n,2,298.62,14.37,D,0
53.87981,24.00946,354.02,0.49,0.4,2019-04-17,1035,N20,VIIRS,n,2,300.35,22.68,D,0
53.88133,24.01655,355.51,0.49,0.4,2019-04-17,1035,N20,VIIRS,n,2,304.21,22.68,D,0
53.88284,24.02364,353.69,0.49,0.4,2019-04-17,1035,N20,VIIRS,n,2,307.6,14.37,D,0
53.88436,24.03074,367,0.49,0.4,2019-04-17,1035,N20,VIIRS,h,2,302.3,14.37,D,0
55.05687,30.56182,330.44,0.39,0.36,2019-04-17,1035,N20,VIIRS,n,2,292.7,2.46,D,0
53.84897,23.93993,330.14,0.49,0.41,2019-04-17,1035,N20,VIIRS,n,2,302.82,4.27,D,0
55.02222,30.79302,334.57,0.39,0.36,2019-04-17,1035,N20,VIIRS,n,2,295.38,2.53,D,0
54.85649,29.78808,340.68,0.38,0.36,2019-04-17,1035,N20,VIIRS,n,2,297.33,3.12,D,0
54.79702,29.82841,327.21,0.38,0.36,2019-04-17,1035,N20,VIIRS,n,2,293.75,2.54,D,0
54.65367,29.42321,330.61,0.38,0.36,2019-04-17,1035,N20,VIIRS,n,2,292.87,2.13,D,0
54.64858,29.41311,334.12,0.38,0.36,2019-04-17,1035,N20,VIIRS,n,2,295.06,2.22,D,0
54.63443,30.47665,334.26,0.38,0.36,2019-04-17,1035,N20,VIIRS,n,2,294.26,2.95,D,0
54.54129,29.95917,328.41,0.38,0.36,2019-04-17,1035,N20,VIIRS,n,2,295.49,1.84,D,0
54.21453,28.40198,327.84,0.39,0.36,2019-04-17,1035,N20,VIIRS,n,2,299.87,8.01,D,0
54.21553,28.40783,352.64,0.39,0.36,2019-04-17,1035,N20,VIIRS,n,2,308.08,18.45,D,0
54.17961,28.36224,351.14,0.39,0.36,2019-04-17,1035,N20,VIIRS,n,2,301.07,7.8,D,0
54.18061,28.3681,345.58,0.39,0.36,2019-04-17,1035,N20,VIIRS,n,2,299.09,7.8,D,0
54.18161,28.37395,349.32,0.39,0.36,2019-04-17,1035,N20,VIIRS,n,2,300.83,4.69,D,0
54.17838,28.37557,342.68,0.39,0.36,2019-04-17,1035,N20,VIIRS,n,2,299.77,4.69,D,0
54.17937,28.38141,334.71,0.39,0.36,2019-04-17,1035,N20,VIIRS,n,2,297.84,4.69,D,0
54.22739,28.76814,331.47,0.39,0.36,2019-04-17,1035,N20,VIIRS,n,2,294.11,2.1,D,0
54.56437,31.02583,347.89,0.39,0.36,2019-04-17,1035,N20,VIIRS,n,2,298.31,6.2,D,0
54.56112,31.02724,334.94,0.39,0.36,2019-04-17,1035,N20,VIIRS,n,2,295.72,4.16,D,0
54.50699,30.77702,332.65,0.39,0.36,2019-04-17,1035,N20,VIIRS,n,2,295.1,3.01,D,0
54.39201,30.97406,348.5,0.39,0.36,2019-04-17,1035,N20,VIIRS,n,2,295.96,8.06,D,0
54.41432,31.12579,325.46,0.39,0.36,2019-04-17,1035,N20,VIIRS,n,2,293.64,1.52,D,0
54.40354,31.09933,333.9,0.39,0.36,2019-04-17,1035,N20,VIIRS,n,2,293.74,2.69,D,0
54.30064,30.59362,341.08,0.38,0.36,2019-04-17,1035,N20,VIIRS,n,2,294.04,2.64,D,0
54.30786,30.66441,330.21,0.38,0.36,2019-04-17,1035,N20,VIIRS,n,2,293.84,2.72,D,0
54.16199,30.07211,330.24,0.38,0.36,2019-04-17,1035,N20,VIIRS,n,2,292.62,2.04,D,0
54.16289,30.07787,341.87,0.38,0.36,2019-04-17,1035,N20,VIIRS,n,2,296.16,4.79,D,0
54.31846,31.29276,327.3,0.39,0.36,2019-04-17,1035,N20,VIIRS,n,2,294.09,3.72,D,0
54.14742,31.34784,331.78,0.39,0.36,2019-04-17,1035,N20,VIIRS,n,2,294.77,4.78,D,0
54.07144,31.46185,344.56,0.39,0.36,2019-04-17,1035,N20,VIIRS,n,2,294.35,2.55,D,0
54.07228,31.46767,326.33,0.39,0.36,2019-04-17,1035,N20,VIIRS,n,2,294.46,2.55,D,0
54.06818,31.46321,336.61,0.39,0.36,2019-04-17,1035,N20,VIIRS,n,2,294.08,3.9,D,0
54.06073,31.43548,332.16,0.39,0.36,2019-04-17,1035,N20,VIIRS,n,2,293.85,1.67,D,0
54.07639,31.68361,344.66,0.39,0.36,2019-04-17,1035,N20,VIIRS,n,2,298.95,8.53,D,0
54.07723,31.68946,326.21,0.39,0.36,2019-04-17,1035,N20,VIIRS,n,2,293.87,2.69,D,0
54.07396,31.69081,328.1,0.39,0.36,2019-04-17,1035,N20,VIIRS,n,2,292.88,3.43,D,0
53.04868,26.22239,328.72,0.44,0.39,2019-04-17,1035,N20,VIIRS,n,2,294.54,1.46,D,0
53.9164,31.40792,334.87,0.39,0.36,2019-04-17,1035,N20,VIIRS,n,2,295.13,2.85,D,0
52.33506,27.25788,338.95,0.71,0.75,2019-04-17,1215,N20,VIIRS,n,2,297.05,8.46,D,0
52.33474,27.26852,325.65,0.71,0.75,2019-04-17,1215,N20,VIIRS,n,2,292.54,6.81,D,0
52.3369,27.26732,340.88,0.71,0.75,2019-04-17,1215,N20,VIIRS,n,2,293.62,9.73,D,0
52.09911,27.76944,344.22,0.74,0.76,2019-04-17,1215,N20,VIIRS,n,2,291.88,16.37,D,0
52.09201,27.76877,353.07,0.74,0.76,2019-04-17,1215,N20,VIIRS,n,2,292.7,16.37,D,0
52.09239,27.75766,367,0.74,0.76,2019-04-17,1215,N20,VIIRS,h,2,293.74,33.12,D,0
52.09625,27.76694,352.67,0.74,0.76,2019-04-17,1215,N20,VIIRS,n,2,293.18,14.08,D,0
52.09591,27.77807,326.2,0.74,0.76,2019-04-17,1215,N20,VIIRS,n,2,291.59,14.81,D,0
52.08949,27.75513,367,0.74,0.76,2019-04-17,1215,N20,VIIRS,h,2,291.66,14.08,D,0
52.08915,27.76623,367,0.74,0.76,2019-04-17,1215,N20,VIIRS,h,2,292.05,14.08,D,0
52.04637,26.16925,355.07,0.63,0.72,2019-04-17,1215,N20,VIIRS,n,2,292.98,8.32,D,0
52.04377,26.16563,352.19,0.63,0.72,2019-04-17,1215,N20,VIIRS,n,2,292.04,7.22,D,0
51.8568,26.21673,329.41,0.64,0.72,2019-04-17,1215,N20,VIIRS,n,2,290.05,4.31,D,0
51.85925,26.22045,329.78,0.64,0.72,2019-04-17,1215,N20,VIIRS,n,2,290.15,4.43,D,0
54.21443,28.40947,331.04,0.78,0.78,2019-04-17,1216,N20,VIIRS,n,2,293.49,7.18,D,0
54.17982,28.36782,348.63,0.78,0.78,2019-04-17,1216,N20,VIIRS,n,2,291.51,14.54,D,0
54.17931,28.3801,345.24,0.78,0.78,2019-04-17,1216,N20,VIIRS,n,2,292.43,16.46,D,0
54.17911,28.36492,332.76,0.78,0.78,2019-04-17,1216,N20,VIIRS,n,2,288.23,10.4,D,0
54.17865,28.37713,345.26,0.78,0.78,2019-04-17,1216,N20,VIIRS,n,2,291.88,10.4,D,0
54.17818,28.38934,333.34,0.78,0.78,2019-04-17,1216,N20,VIIRS,n,2,289.47,8.57,D,0
53.89376,23.99685,343.66,0.52,0.67,2019-04-17,1216,N20,VIIRS,n,2,297.87,8.1,D,0
53.89374,24.00492,342.52,0.52,0.67,2019-04-17,1216,N20,VIIRS,n,2,296.26,8.17,D,0
53.89011,24.59383,348.91,0.55,0.68,2019-04-17,1216,N20,VIIRS,n,2,295.48,10.67,D,0
53.88128,24.02077,342.18,0.52,0.67,2019-04-17,1216,N20,VIIRS,n,2,297.84,10.02,D,0
53.88135,24.00462,367,0.52,0.67,2019-04-17,1216,N20,VIIRS,h,2,300.36,20.29,D,0
53.88124,24.0288,367,0.52,0.67,2019-04-17,1216,N20,VIIRS,h,2,299.37,10.02,D,0
53.87511,24.01252,333.5,0.52,0.67,2019-04-17,1216,N20,VIIRS,n,2,292.65,2.66,D,0
53.6166,28.13839,338.94,0.76,0.77,2019-04-17,1216,N20,VIIRS,n,2,292.42,5.4,D,0
55.00852,28.39053,303.45,0.79,0.78,2019-04-17,2245,N20,VIIRS,n,2,264.72,2.4,N,0
52.84965,29.98819,320.22,0.68,0.74,2019-04-17,2246,N20,VIIRS,n,2,275.57,3.34,N,2
52.85028,29.99064,315.03,0.68,0.74,2019-04-17,2246,N20,VIIRS,n,2,275.46,3.12,N,2
51.89145,29.33343,298.68,0.73,0.76,2019-04-17,2246,N20,VIIRS,n,2,275.81,2.07,N,2
51.89513,29.33972,295.74,0.73,0.76,2019-04-17,2246,N20,VIIRS,n,2,276.3,1.21,N,2
55.48399,28.60081,296.97,0.39,0.36,2019-04-18,0026,N20,VIIRS,n,2,269.41,1.04,N,0
55.00818,28.38972,301.69,0.39,0.36,2019-04-18,0026,N20,VIIRS,n,2,264.53,0.8,N,0
54.19136,28.50367,299.01,0.39,0.36,2019-04-18,0026,N20,VIIRS,n,2,269.26,0.55,N,0
54.18433,28.34189,295.31,0.39,0.36,2019-04-18,0026,N20,VIIRS,n,2,264.17,0.55,N,0
52.1981,28.48487,310.79,0.41,0.37,2019-04-18,0027,N20,VIIRS,n,2,269.04,0.84,N,0
52.06301,27.36916,295.35,0.39,0.36,2019-04-18,0027,N20,VIIRS,n,2,276.61,0.89,N,0
51.8923,29.34284,320.43,0.43,0.38,2019-04-18,0027,N20,VIIRS,n,2,275.56,2.08,N,2
52.72412,26.09943,301.5,0.38,0.36,2019-04-18,0027,N20,VIIRS,n,2,269.99,1.2,N,0
53.2726,24.44452,313.93,0.39,0.36,2019-04-18,0027,N20,VIIRS,n,2,275.73,1.28,N,2
52.8462,29.9917,335.37,0.43,0.38,2019-04-18,0027,N20,VIIRS,n,2,276.18,5.93,N,2
53.60822,25.82358,299.75,0.38,0.36,2019-04-18,0027,N20,VIIRS,n,2,273.98,1.02,N,0
52.93172,30.09138,310.48,0.43,0.38,2019-04-18,0027,N20,VIIRS,n,2,270.69,1.19,N,0
53.94512,26.71467,299.32,0.38,0.36,2019-04-18,0027,N20,VIIRS,n,2,271.86,0.61,N,0
53.27091,24.44221,302.07,0.68,0.74,2019-04-18,0207,N20,VIIRS,n,2,273.88,1.09,N,2
51.97136,29.45869,328.9,0.51,0.41,2019-04-18,1015,N20,VIIRS,n,2,287.44,4.76,D,0
51.9729,29.46577,331.57,0.51,0.41,2019-04-18,1015,N20,VIIRS,n,2,287.77,4.76,D,0
52.19157,30.54036,345.64,0.47,0.4,2019-04-18,1015,N20,VIIRS,n,2,297.2,6.28,D,0
51.92359,29.46215,331.87,0.51,0.41,2019-04-18,1015,N20,VIIRS,n,2,289.87,3.64,D,0
51.92368,29.46231,331.92,0.51,0.41,2019-04-18,1015,N20,VIIRS,n,2,290.03,4.28,D,0
55.46371,30.60036,327.61,0.42,0.37,2019-04-18,1016,N20,VIIRS,n,2,293.51,4.28,D,0
55.33828,30.68308,327.3,0.42,0.37,2019-04-18,1016,N20,VIIRS,n,2,290.37,2.61,D,0
55.33168,30.68692,332.74,0.42,0.37,2019-04-18,1016,N20,VIIRS,n,2,292.66,2.54,D,0
54.99883,29.05732,335.2,0.46,0.39,2019-04-18,1016,N20,VIIRS,n,2,296.89,8.66,D,0
55.32203,30.71342,331.71,0.42,0.37,2019-04-18,1016,N20,VIIRS,n,2,291.27,2.93,D,0
54.99403,29.05261,331.8,0.46,0.39,2019-04-18,1016,N20,VIIRS,n,2,297.59,5.85,D,0
54.5505,27.42649,334.21,0.52,0.42,2019-04-18,1016,N20,VIIRS,n,2,280.18,7.13,D,0
54.5509,27.42502,331.25,0.52,0.42,2019-04-18,1016,N20,VIIRS,n,2,279.7,6.68,D,0
54.09191,25.8821,339.15,0.4,0.44,2019-04-18,1016,N20,VIIRS,n,2,285.5,5.64,D,0
54.93862,29.79311,325.16,0.44,0.38,2019-04-18,1016,N20,VIIRS,n,2,291.26,1.97,D,0
54.93884,29.79379,330.36,0.44,0.38,2019-04-18,1016,N20,VIIRS,n,2,291.37,2.88,D,0
53.81596,25.496,344.5,0.42,0.45,2019-04-18,1016,N20,VIIRS,n,2,288.44,7.48,D,0
54.8301,30.17876,339.45,0.43,0.38,2019-04-18,1016,N20,VIIRS,n,2,280.62,4.53,D,0
54.82549,30.17425,330.22,0.43,0.38,2019-04-18,1016,N20,VIIRS,n,2,279.24,3.91,D,0
54.82676,30.18073,338.59,0.43,0.38,2019-04-18,1016,N20,VIIRS,n,2,281.14,4.53,D,0
54.01332,28.06002,331.2,0.51,0.41,2019-04-18,1016,N20,VIIRS,n,2,289.93,3.47,D,0
53.91146,28.02317,352.18,0.52,0.41,2019-04-18,1016,N20,VIIRS,n,2,300.61,22.19,D,0
53.9131,28.03059,329.98,0.52,0.41,2019-04-18,1016,N20,VIIRS,n,2,291.86,22.19,D,0
53.90951,28.03285,345.34,0.52,0.41,2019-04-18,1016,N20,VIIRS,n,2,296.82,22.19,D,0
53.90429,28.02774,341.23,0.52,0.41,2019-04-18,1016,N20,VIIRS,n,2,296.34,11.73,D,0
53.90041,28.04713,337.91,0.52,0.41,2019-04-18,1016,N20,VIIRS,n,2,295.68,5.82,D,0
53.9007,28.04666,334.25,0.52,0.41,2019-04-18,1016,N20,VIIRS,n,2,296.31,7.4,D,0
53.87885,28.07743,339.86,0.51,0.41,2019-04-18,1016,N20,VIIRS,n,2,297.19,6.62,D,0
53.87526,28.07969,351.07,0.51,0.41,2019-04-18,1016,N20,VIIRS,n,2,298.16,12.03,D,0
53.40772,26.33853,326.3,0.4,0.44,2019-04-18,1016,N20,VIIRS,n,2,287.82,4.09,D,0
53.40908,26.34419,338.98,0.4,0.44,2019-04-18,1016,N20,VIIRS,n,2,287.49,4.09,D,0
53.4039,26.34108,328.4,0.4,0.44,2019-04-18,1016,N20,VIIRS,n,2,289.46,4.09,D,0
53.40527,26.34677,338.78,0.4,0.44,2019-04-18,1016,N20,VIIRS,n,2,287.56,4.09,D,0
54.09143,29.87213,327.87,0.45,0.39,2019-04-18,1016,N20,VIIRS,n,2,293.27,2.39,D,0
53.06976,25.76915,327.71,0.43,0.46,2019-04-18,1016,N20,VIIRS,n,2,277.07,3.3,D,0
53.06584,25.77183,356.11,0.43,0.46,2019-04-18,1016,N20,VIIRS,l,2,284.16,15.45,D,0
53.06435,25.76581,338.44,0.43,0.46,2019-04-18,1016,N20,VIIRS,n,2,279.87,22.34,D,0
53.06732,25.77784,331.8,0.43,0.46,2019-04-18,1016,N20,VIIRS,n,2,278.29,15.45,D,0
54.09255,31.44263,328.31,0.42,0.38,2019-04-18,1016,N20,VIIRS,n,2,280.29,2.14,D,0
53.94644,31.70624,328.1,0.41,0.37,2019-04-18,1016,N20,VIIRS,n,2,272.3,2.48,D,0
52.84798,26.67977,338.36,0.4,0.45,2019-04-18,1016,N20,VIIRS,n,2,291.95,3.25,D,0
53.05945,29.74614,329.89,0.48,0.4,2019-04-18,1016,N20,VIIRS,n,2,287,2.78,D,0
53.05596,29.74814,335.39,0.48,0.4,2019-04-18,1016,N20,VIIRS,n,2,286.42,5.51,D,0
53.05247,29.75014,330.58,0.48,0.4,2019-04-18,1016,N20,VIIRS,n,2,285.9,5.51,D,0
52.84515,29.99051,338.93,0.47,0.4,2019-04-18,1016,N20,VIIRS,n,2,299.21,9.92,D,2
52.16063,27.11024,338.35,0.41,0.45,2019-04-18,1016,N20,VIIRS,n,2,276.4,2.58,D,0
52.09436,27.78662,335.63,0.39,0.44,2019-04-18,1016,N20,VIIRS,n,2,281.91,2.59,D,0
52.12529,28.89963,326.49,0.53,0.42,2019-04-18,1016,N20,VIIRS,n,2,295.59,3.94,D,0
52.12691,28.90699,341.05,0.53,0.42,2019-04-18,1016,N20,VIIRS,n,2,294.89,3.94,D,0
52.12165,28.90176,345.75,0.53,0.42,2019-04-18,1016,N20,VIIRS,n,2,298.83,14.84,D,0
52.12326,28.90911,346.11,0.53,0.42,2019-04-18,1016,N20,VIIRS,n,2,293.85,14.84,D,0
52.118,28.90388,342.96,0.53,0.42,2019-04-18,1016,N20,VIIRS,n,2,295.08,14.84,D,0
52.11435,28.90602,326.31,0.53,0.42,2019-04-18,1016,N20,VIIRS,n,2,298.01,19.55,D,0
52.11597,28.91337,332.12,0.53,0.42,2019-04-18,1016,N20,VIIRS,n,2,288.67,19.55,D,0
51.93551,23.75966,348.89,0.55,0.51,2019-04-18,1016,N20,VIIRS,n,2,297.88,29.96,D,0
53.18975,28.87062,330.58,0.5,0.41,2019-04-18,1016,N20,VIIRS,n,2,293.38,4.22,D,0
53.68052,31.31552,329.79,0.43,0.38,2019-04-18,1016,N20,VIIRS,n,2,274.36,2.41,D,0
53.19936,29.0896,326.88,0.5,0.41,2019-04-18,1016,N20,VIIRS,n,2,294.37,1.62,D,0
55.77815,29.21409,326.24,0.44,0.38,2019-04-18,1016,N20,VIIRS,n,2,284.17,1.99,D,0
55.467,30.59844,346.26,0.42,0.37,2019-04-18,1016,N20,VIIRS,n,2,295.13,4.28,D,0
52.00635,23.75333,330,0.55,0.51,2019-04-18,1016,N20,VIIRS,n,2,283.69,4.66,D,0
51.99538,23.77007,338.65,0.55,0.51,2019-04-18,1016,N20,VIIRS,n,2,282.76,3.12,D,0
51.93985,23.75655,337.32,0.55,0.51,2019-04-18,1016,N20,VIIRS,n,2,290.86,29.96,D,0
51.94188,23.76396,340.59,0.55,0.51,2019-04-18,1016,N20,VIIRS,n,2,287.67,9.08,D,0
51.93755,23.76707,326.53,0.55,0.51,2019-04-18,1016,N20,VIIRS,n,2,285.05,9.08,D,0
52.00729,23.7607,343.65,0.62,0.54,2019-04-18,1156,N20,VIIRS,n,2,277.19,14.46,D,0
52.00689,23.7515,334.57,0.62,0.54,2019-04-18,1156,N20,VIIRS,n,2,275.15,14.46,D,0
52.12381,28.90582,329.51,0.52,0.67,2019-04-18,1156,N20,VIIRS,n,2,292.67,6.67,D,0
52.14058,27.63131,330.25,0.46,0.63,2019-04-18,1156,N20,VIIRS,n,2,291.7,3.26,D,0
51.99691,23.75253,349.16,0.62,0.54,2019-04-18,1156,N20,VIIRS,n,2,280.71,54.63,D,0
52.10049,27.7557,327.42,0.46,0.64,2019-04-18,1156,N20,VIIRS,n,2,292.66,3.55,D,0
51.85152,26.91127,328.8,0.42,0.61,2019-04-18,1156,N20,VIIRS,n,2,290.93,2.87,D,0
51.67046,27.55825,325.67,0.45,0.63,2019-04-18,1156,N20,VIIRS,n,2,295.06,3.95,D,0
52.00269,23.77042,326.45,0.62,0.54,2019-04-18,1156,N20,VIIRS,n,2,276.07,4.39,D,0
52.0023,23.76121,346.88,0.62,0.54,2019-04-18,1156,N20,VIIRS,n,2,274.87,54.63,D,0
51.99769,23.77093,333.65,0.62,0.54,2019-04-18,1156,N20,VIIRS,n,2,277.31,4.39,D,0
52.0019,23.75201,340.2,0.62,0.54,2019-04-18,1156,N20,VIIRS,n,2,293.17,54.63,D,0
52.00151,23.74281,340.65,0.62,0.54,2019-04-18,1156,N20,VIIRS,n,2,277.15,32.68,D,0
53.06196,25.76562,334.81,0.39,0.59,2019-04-18,1157,N20,VIIRS,n,2,299.62,5.85,D,0
55.46364,30.59431,327.88,0.62,0.71,2019-04-18,1157,N20,VIIRS,n,2,289.9,4.05,D,0
55.48334,28.60555,336.95,0.51,0.66,2019-04-18,1157,N20,VIIRS,n,2,287.98,4.84,D,0
55.46647,30.6004,332.32,0.62,0.71,2019-04-18,1157,N20,VIIRS,n,2,289.45,5.28,D,0
55.48469,28.60349,341.59,0.51,0.66,2019-04-18,1157,N20,VIIRS,n,2,289.37,3.85,D,0
55.33142,30.68859,335.19,0.62,0.72,2019-04-18,1157,N20,VIIRS,n,2,291.82,3.96,D,0
54.82748,30.17619,339.63,0.59,0.7,2019-04-18,1157,N20,VIIRS,n,2,291.94,4.26,D,0
54.8288,30.1726,330.75,0.59,0.7,2019-04-18,1157,N20,VIIRS,n,2,290.58,2.94,D,0
54.66329,30.96318,344.85,0.64,0.72,2019-04-18,1157,N20,VIIRS,n,2,291.2,6.77,D,0
54.50957,30.7088,332.67,0.62,0.72,2019-04-18,1157,N20,VIIRS,n,2,289.88,3.38,D,0
54.25675,29.99258,353.02,0.58,0.7,2019-04-18,1157,N20,VIIRS,n,2,292.16,7.78,D,0
54.09475,31.67236,326.62,0.68,0.74,2019-04-18,1157,N20,VIIRS,n,2,286.88,23.94,D,0
54.09441,31.68361,344.52,0.68,0.74,2019-04-18,1157,N20,VIIRS,n,2,286.34,24.98,D,0
54.08752,31.68287,367,0.68,0.74,2019-04-18,1157,N20,VIIRS,h,2,297.12,24.98,D,0
54.09516,31.68221,339.98,0.68,0.74,2019-04-18,1157,N20,VIIRS,n,2,286.84,10.15,D,0
54.08828,31.68138,351.34,0.68,0.74,2019-04-18,1157,N20,VIIRS,n,2,296.77,34.33,D,0
53.40824,26.34543,351.21,0.41,0.61,2019-04-18,1157,N20,VIIRS,n,2,291.2,3.72,D,0
53.40262,26.34565,325.18,0.41,0.61,2019-04-18,1157,N20,VIIRS,n,2,292.07,3.72,D,0
53.40515,26.34602,355.49,0.41,0.61,2019-04-18,1157,N20,VIIRS,n,2,292.67,5.84,D,0
53.26824,24.4431,325.73,0.34,0.56,2019-04-18,1157,N20,VIIRS,n,2,284.3,1.7,D,2
53.29613,30.64651,343.87,0.62,0.71,2019-04-18,1157,N20,VIIRS,n,2,291.18,6.2,D,0
53.13631,28.55572,331.83,0.51,0.66,2019-04-18,1157,N20,VIIRS,n,2,291.38,3.96,D,0
53.06177,25.75147,347.77,0.39,0.59,2019-04-18,1157,N20,VIIRS,n,2,300.18,7.45,D,0
53.06202,25.76308,335.15,0.39,0.59,2019-04-18,1157,N20,VIIRS,n,2,299.3,5.41,D,0
53.06152,25.74821,326.02,0.38,0.59,2019-04-18,1157,N20,VIIRS,l,2,299.3,2.83,D,0
53.06167,25.75403,335.96,0.38,0.59,2019-04-18,1157,N20,VIIRS,n,2,299.49,2.83,D,0
54.68373,30.08738,296.46,0.39,0.36,2019-04-19,0007,N20,VIIRS,n,2,268.75,0.58,N,0
55.48572,28.60184,338.11,0.42,0.37,2019-04-19,0007,N20,VIIRS,n,2,279.52,10.28,N,0
54.57482,30.36704,342.21,0.39,0.36,2019-04-19,0007,N20,VIIRS,n,2,272.9,6.53,N,0
53.87297,31.71682,304.39,0.38,0.36,2019-04-19,0008,N20,VIIRS,n,2,271.59,1.19,N,0
53.87067,31.70962,338.05,0.38,0.36,2019-04-19,0008,N20,VIIRS,n,2,274.78,2.9,N,0
53.86974,31.71532,323.81,0.38,0.36,2019-04-19,0008,N20,VIIRS,n,2,272.28,1.19,N,0
53.87159,31.70391,304.72,0.38,0.36,2019-04-19,0008,N20,VIIRS,n,2,272.03,2.9,N,0
53.8718,31.53112,296.46,0.38,0.36,2019-04-19,0008,N20,VIIRS,n,2,271.75,0.44,N,0
53.80365,31.52435,303.29,0.38,0.36,2019-04-19,0008,N20,VIIRS,n,2,272.23,0.68,N,0
53.71696,31.52664,317.64,0.38,0.36,2019-04-19,0008,N20,VIIRS,n,2,273.27,0.94,N,0
53.39443,32.01569,308.23,0.39,0.36,2019-04-19,0008,N20,VIIRS,n,2,279.72,1.12,N,2
53.33445,31.28329,296.3,0.38,0.36,2019-04-19,0008,N20,VIIRS,n,2,272.38,0.6,N,0
53.32942,31.29312,295.24,0.38,0.36,2019-04-19,0008,N20,VIIRS,n,2,272.54,0.51,N,0
52.99441,30.81725,299,0.38,0.36,2019-04-19,0008,N20,VIIRS,n,2,272.49,0.83,N,0
52.84686,29.98838,326.57,0.39,0.36,2019-04-19,0008,N20,VIIRS,n,2,280.63,2.96,N,2
53.27071,24.44058,315.07,0.5,0.41,2019-04-19,0008,N20,VIIRS,n,2,277.87,2.65,N,2
53.26246,24.44602,296.68,0.5,0.41,2019-04-19,0008,N20,VIIRS,n,2,276.54,0.86,N,2
52.54084,26.45028,315.51,0.43,0.38,2019-04-19,0008,N20,VIIRS,n,2,275.44,2.14,N,0
52.12358,28.89157,326.92,0.39,0.36,2019-04-19,0008,N20,VIIRS,n,2,275.84,2.14,N,0
52.11626,28.91841,323.06,0.39,0.36,2019-04-19,0008,N20,VIIRS,n,2,276.96,1.96,N,0
52.23419,27.92268,303.19,0.4,0.37,2019-04-19,0008,N20,VIIRS,n,2,276.42,0.99,N,0
52.08784,28.34615,307.45,0.4,0.37,2019-04-19,0008,N20,VIIRS,n,2,273.04,0.83,N,0
52.08123,28.34371,331.62,0.4,0.37,2019-04-19,0008,N20,VIIRS,n,2,275.71,3.01,N,0
51.89334,29.34163,302.79,0.39,0.36,2019-04-19,0008,N20,VIIRS,n,2,278.25,1.04,N,2
52.1038,27.76404,322.79,0.4,0.37,2019-04-19,0008,N20,VIIRS,n,2,277.53,1.39,N,0
52.10458,27.75821,297.68,0.4,0.37,2019-04-19,0008,N20,VIIRS,n,2,275.67,1.39,N,0
52.04201,27.59408,326.23,0.41,0.37,2019-04-19,0008,N20,VIIRS,n,2,275.66,2.45,N,0
52.03922,26.14267,310.48,0.44,0.38,2019-04-19,0008,N20,VIIRS,n,2,273.96,1.42,N,0
51.59929,28.77608,304.2,0.39,0.36,2019-04-19,0008,N20,VIIRS,n,2,275.3,0.76,N,0
55.48857,28.60297,316.18,0.52,0.67,2019-04-19,0147,N20,VIIRS,n,2,269.65,0.79,N,0
55.48746,28.6044,367,0.52,0.67,2019-04-19,0147,N20,VIIRS,h,2,274.03,12.48,N,0
53.86984,31.7175,295.55,0.77,0.78,2019-04-19,0147,N20,VIIRS,n,2,270.46,1.01,N,0
53.27384,24.44332,306.08,0.46,0.64,2019-04-19,0148,N20,VIIRS,n,2,272.73,1.12,N,2
53.273,24.44583,304.15,0.46,0.64,2019-04-19,0148,N20,VIIRS,n,2,273.78,1.71,N,2
52.08125,28.34164,297.68,0.71,0.75,2019-04-19,0148,N20,VIIRS,n,2,274,1.41,N,0
51.89276,29.34087,304.39,0.78,0.78,2019-04-19,0148,N20,VIIRS,n,2,275.65,1.96,N,2
51.88816,29.34349,299.86,0.78,0.78,2019-04-19,0148,N20,VIIRS,n,2,275.94,2.33,N,2
52.84568,29.98789,306.08,0.75,0.77,2019-04-19,0148,N20,VIIRS,n,2,274.47,1.84,N,2
54.22142,28.40974,328.81,0.48,0.48,2019-04-19,0957,N20,VIIRS,n,2,296.69,4.43,D,0
52.11296,28.88583,340.02,0.53,0.5,2019-04-19,0957,N20,VIIRS,n,2,294.02,8.37,D,0
52.11102,28.87867,347.97,0.53,0.5,2019-04-19,0957,N20,VIIRS,n,2,293.84,8.37,D,0
52.10907,28.87153,333.81,0.53,0.5,2019-04-19,0957,N20,VIIRS,n,2,288.28,3.8,D,0
52.84436,29.99397,341.39,0.46,0.47,2019-04-19,0957,N20,VIIRS,n,2,296.99,6.45,D,2
52.84838,29.99122,343.96,0.46,0.47,2019-04-19,0957,N20,VIIRS,n,2,299.59,6.45,D,2
52.86665,30.04521,350.53,0.45,0.47,2019-04-19,0957,N20,VIIRS,n,2,299.91,21.8,D,0
53.41399,32.19622,331.56,0.55,0.43,2019-04-19,0957,N20,VIIRS,n,2,295.04,5.06,D,0
53.42172,31.4394,337.6,0.39,0.44,2019-04-19,0957,N20,VIIRS,n,2,288.32,3.99,D,0
53.24429,30.62146,329.51,0.42,0.45,2019-04-19,0957,N20,VIIRS,n,2,289.53,2.61,D,0
53.49383,31.20237,345.1,0.4,0.44,2019-04-19,0957,N20,VIIRS,n,2,297.74,9.77,D,0
53.51301,31.20916,349.79,0.4,0.44,2019-04-19,0957,N20,VIIRS,n,2,289.18,5.3,D,0
53.47818,30.96918,343.79,0.4,0.45,2019-04-19,0957,N20,VIIRS,n,2,291.35,6.81,D,0
53.86966,31.7214,327.33,0.56,0.43,2019-04-19,0957,N20,VIIRS,l,2,297.78,5.35,D,0
53.86971,31.7029,325.54,0.56,0.43,2019-04-19,0957,N20,VIIRS,n,2,296.07,3.98,D,0
53.86975,31.7232,325.52,0.56,0.43,2019-04-19,0957,N20,VIIRS,l,2,296.97,3.23,D,0
54.09526,31.46531,331.33,0.56,0.43,2019-04-19,0957,N20,VIIRS,n,2,292.93,3.41,D,0
54.09897,31.46281,329.73,0.56,0.43,2019-04-19,0957,N20,VIIRS,n,2,290.65,3.41,D,0
53.73242,29.91678,346.45,0.43,0.46,2019-04-19,0957,N20,VIIRS,n,2,301.57,26.27,D,0
52.52944,25.19677,367,0.36,0.57,2019-04-19,0957,N20,VIIRS,h,2,297.86,5.09,D,0
52.20993,23.69965,332.95,0.42,0.61,2019-04-19,0957,N20,VIIRS,n,2,294.4,2.46,D,0
53.36464,27.53989,327.56,0.54,0.51,2019-04-19,0957,N20,VIIRS,n,2,289.98,3.57,D,0
53.36892,27.5366,331.42,0.54,0.51,2019-04-19,0957,N20,VIIRS,n,2,290.64,3.57,D,0
54.3633,31.11663,334.66,0.57,0.43,2019-04-19,0957,N20,VIIRS,n,2,294.09,4.16,D,0
54.36703,31.1141,336.27,0.57,0.43,2019-04-19,0957,N20,VIIRS,n,2,293.9,6.21,D,0
54.4187,30.80573,326.84,0.39,0.44,2019-04-19,0957,N20,VIIRS,n,2,292.39,1.27,D,0
53.90438,28.02493,331.51,0.5,0.49,2019-04-19,0957,N20,VIIRS,n,2,291.95,2.25,D,0
53.90851,28.02172,332.36,0.5,0.49,2019-04-19,0957,N20,VIIRS,n,2,296.44,2.25,D,0
54.18071,28.36699,340.95,0.48,0.48,2019-04-19,0957,N20,VIIRS,n,2,308.15,29.11,D,0
52.11134,28.87819,346.36,0.53,0.5,2019-04-19,0957,N20,VIIRS,n,2,292.95,11.97,D,0
52.11325,28.88537,341.3,0.53,0.5,2019-04-19,0957,N20,VIIRS,n,2,294.99,8.9,D,0
52.4009,30.06949,333.35,0.47,0.48,2019-04-19,0957,N20,VIIRS,n,2,288.23,2.41,D,0
52.68412,30.06146,343.71,0.46,0.47,2019-04-19,0957,N20,VIIRS,n,2,291.41,6.01,D,0
54.18475,28.36385,343.31,0.48,0.48,2019-04-19,0957,N20,VIIRS,n,2,296.12,29.11,D,0
55.12909,28.88362,333.18,0.43,0.46,2019-04-19,0958,N20,VIIRS,n,2,290.42,3.39,D,0
55.50389,26.53406,331.55,0.5,0.49,2019-04-19,0958,N20,VIIRS,n,2,291.03,3.65,D,0
55.49979,26.53752,334.62,0.5,0.49,2019-04-19,0958,N20,VIIRS,n,2,290.18,4.26,D,0
55.48283,28.59928,325.51,0.43,0.46,2019-04-19,0958,N20,VIIRS,n,2,290.47,1.62,D,0
53.91418,23.55673,349.26,0.37,0.58,2019-04-19,0958,N20,VIIRS,n,2,291.55,4.32,D,0
55.21192,29.67687,339.47,0.4,0.44,2019-04-19,0958,N20,VIIRS,n,2,298.41,4.04,D,0
55.08032,29.15644,338.63,0.42,0.45,2019-04-19,0958,N20,VIIRS,n,2,292.98,4.38,D,0
55.07647,29.15941,352.49,0.42,0.45,2019-04-19,0958,N20,VIIRS,n,2,298.73,21.19,D,0
55.35931,30.79351,333.96,0.55,0.43,2019-04-19,0958,N20,VIIRS,n,2,293.58,4.23,D,0
55.35564,30.7961,332.14,0.55,0.43,2019-04-19,0958,N20,VIIRS,n,2,292.67,4.23,D,0
55.32586,30.72235,337.78,0.55,0.43,2019-04-19,0958,N20,VIIRS,n,2,298.57,24.92,D,0
52.68433,30.06301,341.67,0.37,0.58,2019-04-19,1137,N20,VIIRS,n,2,293.86,5.06,D,0
52.02657,27.21867,337.46,0.55,0.51,2019-04-19,1137,N20,VIIRS,n,2,300.77,4.6,D,0
52.10844,28.8683,335.06,0.32,0.55,2019-04-19,1137,N20,VIIRS,n,2,282.41,1.76,D,0
52.11391,28.87742,367,0.32,0.55,2019-04-19,1137,N20,VIIRS,h,2,293.67,4.48,D,0
52.11409,28.8822,329.09,0.32,0.55,2019-04-19,1137,N20,VIIRS,n,2,292.55,4.48,D,0
52.11372,28.87264,354.36,0.32,0.55,2019-04-19,1137,N20,VIIRS,n,2,286.92,7.17,D,0
52.10563,26.73641,340.38,0.52,0.5,2019-04-19,1137,N20,VIIRS,n,2,297.65,4.16,D,0
52.30424,29.93467,330.43,0.36,0.57,2019-04-19,1137,N20,VIIRS,n,2,290.57,1.88,D,0
52.19151,27.34384,325.79,0.56,0.51,2019-04-19,1137,N20,VIIRS,n,2,293.73,2.85,D,0
52.19179,27.34381,326.66,0.56,0.51,2019-04-19,1137,N20,VIIRS,n,2,293.73,2.55,D,0
51.97878,23.76082,339.77,0.39,0.44,2019-04-19,1137,N20,VIIRS,n,2,297.51,63.5,D,0
51.9833,23.76572,341.01,0.4,0.44,2019-04-19,1137,N20,VIIRS,n,2,299.67,63.5,D,0
51.98283,23.75995,367,0.39,0.44,2019-04-19,1137,N20,VIIRS,l,2,345.13,63.5,D,0
51.98735,23.76485,341.22,0.4,0.44,2019-04-19,1137,N20,VIIRS,n,2,304.78,15.84,D,0
51.99998,23.76806,344.79,0.4,0.44,2019-04-19,1137,N20,VIIRS,n,2,304.61,5.45,D,0
52.32544,27.14544,332.8,0.55,0.51,2019-04-19,1137,N20,VIIRS,n,2,295.26,6.91,D,0
52.32501,27.13734,337.57,0.55,0.51,2019-04-19,1137,N20,VIIRS,n,2,299.47,6.91,D,0
52.40987,27.56987,335.39,0.57,0.52,2019-04-19,1137,N20,VIIRS,n,2,291.5,6.6,D,0
52.19264,24.10475,342.89,0.41,0.45,2019-04-19,1137,N20,VIIRS,n,2,294.82,2.6,D,0
52.19215,24.09875,331.97,0.41,0.45,2019-04-19,1137,N20,VIIRS,n,2,295.28,2.13,D,0
52.83411,29.84747,329.07,0.36,0.57,2019-04-19,1138,N20,VIIRS,n,2,288.11,1.94,D,0
52.51169,24.93862,335.89,0.45,0.47,2019-04-19,1138,N20,VIIRS,n,2,297.45,8.02,D,0
52.51598,24.93781,327.61,0.45,0.47,2019-04-19,1138,N20,VIIRS,n,2,296.85,8.02,D,0
52.83598,29.84872,341.04,0.36,0.57,2019-04-19,1138,N20,VIIRS,n,2,289.9,2.97,D,0
52.84331,29.98984,347.79,0.36,0.58,2019-04-19,1138,N20,VIIRS,n,2,297.4,4.99,D,2
52.83943,29.84709,336.65,0.36,0.57,2019-04-19,1138,N20,VIIRS,n,2,289.3,2.85,D,0
53.32191,31.29659,346.35,0.42,0.61,2019-04-19,1138,N20,VIIRS,n,2,294.4,4.21,D,0
53.40919,32.20311,336.26,0.46,0.63,2019-04-19,1138,N20,VIIRS,n,2,292.13,3.9,D,0
53.41312,32.20119,338.74,0.46,0.63,2019-04-19,1138,N20,VIIRS,n,2,289.37,2.08,D,0
53.47651,30.96699,350.72,0.4,0.6,2019-04-19,1138,N20,VIIRS,n,2,292.32,5.12,D,0
53.36217,27.53275,339.04,0.58,0.52,2019-04-19,1138,N20,VIIRS,n,2,291.52,3.72,D,0
53.49235,31.19971,344.73,0.41,0.61,2019-04-19,1138,N20,VIIRS,n,2,292.09,5.59,D,0
53.36551,27.53427,346.9,0.58,0.52,2019-04-19,1138,N20,VIIRS,n,2,293.05,8.54,D,0
53.48017,30.9664,349.42,0.4,0.6,2019-04-19,1138,N20,VIIRS,n,2,292.67,5.25,D,0
53.49501,31.19933,344.81,0.41,0.61,2019-04-19,1138,N20,VIIRS,n,2,294.04,3.95,D,0
53.51215,31.21132,367,0.41,0.61,2019-04-19,1138,N20,VIIRS,h,2,290.34,8.12,D,0
53.51205,31.20474,337.24,0.41,0.61,2019-04-19,1138,N20,VIIRS,n,2,288.35,8.12,D,0
53.51121,29.03959,346.95,0.34,0.56,2019-04-19,1138,N20,VIIRS,n,2,291.68,3.45,D,0
53.26831,24.44461,328.43,0.43,0.46,2019-04-19,1138,N20,VIIRS,n,2,299.29,2.63,D,2
53.96835,31.58198,329.45,0.43,0.62,2019-04-19,1138,N20,VIIRS,n,2,295.12,3.16,D,0
53.90694,28.0265,339.66,0.61,0.54,2019-04-19,1138,N20,VIIRS,n,2,297.12,8.43,D,0
54.01548,31.64606,340.41,0.43,0.62,2019-04-19,1138,N20,VIIRS,n,2,293.2,3.7,D,0
54.03387,30.07134,337.6,0.37,0.58,2019-04-19,1138,N20,VIIRS,n,2,289.9,4.02,D,0
54.09381,31.46285,329.5,0.43,0.62,2019-04-19,1138,N20,VIIRS,n,2,290.75,3.29,D,0
54.18,28.34884,367,0.32,0.54,2019-04-19,1138,N20,VIIRS,h,2,297.18,4.62,D,0
54.18111,28.37856,335.41,0.32,0.55,2019-04-19,1138,N20,VIIRS,n,2,298.99,4.16,D,0
54.18579,28.36813,327.34,0.32,0.54,2019-04-19,1138,N20,VIIRS,n,2,295.71,2.39,D,0
54.20712,28.3958,355.03,0.32,0.55,2019-04-19,1138,N20,VIIRS,n,2,297.97,9,D,0
54.20694,28.39085,355.1,0.32,0.55,2019-04-19,1138,N20,VIIRS,n,2,298.81,9.03,D,0
54.218,28.41473,351.11,0.32,0.55,2019-04-19,1138,N20,VIIRS,n,2,300.06,3.71,D,0
54.31866,31.29203,343.78,0.42,0.61,2019-04-19,1138,N20,VIIRS,n,2,291.53,3.72,D,0
54.57418,30.37072,325.55,0.39,0.59,2019-04-19,1138,N20,VIIRS,n,2,291.78,3.29,D,0
54.58671,30.44448,346.6,0.39,0.59,2019-04-19,1138,N20,VIIRS,n,2,294.56,4.49,D,0
55.07722,29.15044,332.66,0.35,0.57,2019-04-19,1138,N20,VIIRS,n,2,294.51,5.69,D,0
55.18929,29.0403,337.65,0.34,0.56,2019-04-19,1138,N20,VIIRS,n,2,294.12,2.08,D,0
55.26768,28.86355,337.12,0.34,0.56,2019-04-19,1138,N20,VIIRS,n,2,296.05,2.98,D,0
55.32798,30.72556,326.08,0.4,0.6,2019-04-19,1138,N20,VIIRS,n,2,291.66,2.01,D,0
55.4846,28.60193,367,0.33,0.55,2019-04-19,1138,N20,VIIRS,h,2,294.86,11.62,D,0
55.49961,26.53478,348.72,0.55,0.51,2019-04-19,1138,N20,VIIRS,n,2,294.15,18.53,D,0
52.8459,29.9896,329.59,0.47,0.4,2019-04-19,2349,N20,VIIRS,n,2,275.32,4.82,N,2
51.94364,26.24782,331.27,0.42,0.45,2019-04-19,2349,N20,VIIRS,n,2,269.24,2.63,N,0
53.26165,24.44966,298.07,0.51,0.49,2019-04-19,2349,N20,VIIRS,n,2,277.21,0.98,N,2
53.27121,24.44355,316.16,0.51,0.49,2019-04-19,2349,N20,VIIRS,n,2,276.85,1.88,N,2
53.87576,31.70575,317.03,0.43,0.38,2019-04-19,2349,N20,VIIRS,n,2,265.76,1.89,N,0
53.26912,24.44404,309.27,0.62,0.54,2019-04-20,0129,N20,VIIRS,n,2,275.48,2.42,N,2
53.26218,24.44877,297.22,0.62,0.54,2019-04-20,0129,N20,VIIRS,n,2,275.23,1.17,N,2
52.84787,29.99067,312.84,0.51,0.66,2019-04-20,0129,N20,VIIRS,n,2,269.86,1.77,N,2
51.9456,26.25223,303.79,0.4,0.6,2019-04-20,0130,N20,VIIRS,n,2,269.13,1.06,N,0
52.10035,26.17281,343.33,0.49,0.4,2019-04-20,1118,N20,VIIRS,n,2,290.76,5.83,D,0
52.58922,27.18779,341.4,0.54,0.42,2019-04-20,1119,N20,VIIRS,n,2,281.76,7.82,D,0
53.84743,24.71826,331.63,0.46,0.39,2019-04-20,1119,N20,VIIRS,n,2,295.28,3.81,D,0
54.59931,29.33664,343.09,0.47,0.64,2019-04-21,0920,N20,VIIRS,n,2,283.21,5.78,D,0
54.82451,28.74297,332.9,0.48,0.65,2019-04-21,0920,N20,VIIRS,n,2,286.69,7.22,D,0
55.25208,30.08815,329.73,0.41,0.61,2019-04-21,0920,N20,VIIRS,n,2,286.48,2.43,D,0
55.24151,30.73372,334.55,0.39,0.6,2019-04-21,0920,N20,VIIRS,n,2,287.73,2.64,D,0
54.59999,29.31899,332.65,0.47,0.64,2019-04-21,0920,N20,VIIRS,n,2,287.81,4.33,D,0
54.60218,29.32519,337.04,0.47,0.64,2019-04-21,0920,N20,VIIRS,n,2,286.37,4.33,D,0
53.72399,31.59355,325.97,0.42,0.61,2019-04-21,0920,N20,VIIRS,n,2,288.6,4.59,D,0
54.70398,30.78817,330.34,0.41,0.61,2019-04-21,0920,N20,VIIRS,n,2,289.38,2.56,D,0
54.70304,30.78768,328.53,0.41,0.61,2019-04-21,0920,N20,VIIRS,n,2,289.27,1.84,D,0
54.52264,29.96075,338.3,0.45,0.63,2019-04-21,0920,N20,VIIRS,n,2,290.82,3.65,D,0
52.32085,30.93741,329.32,0.49,0.4,2019-04-21,1059,N20,VIIRS,n,2,294.64,1.94,D,0
54.16441,31.01364,344.74,0.52,0.42,2019-04-21,1100,N20,VIIRS,n,2,293.48,8.79,D,0
55.26202,30.78886,340.82,0.53,0.42,2019-04-21,1100,N20,VIIRS,n,2,293.89,5.57,D,0
54.88013,29.34275,328.03,0.47,0.4,2019-04-21,1100,N20,VIIRS,n,2,288.36,2.2,D,0
54.60411,29.33971,343.37,0.47,0.4,2019-04-21,1100,N20,VIIRS,n,2,279.77,5.73,D,0
54.82631,28.73688,346.48,0.45,0.39,2019-04-21,1100,N20,VIIRS,n,2,297.72,6.06,D,0
54.14613,28.52063,329.28,0.44,0.38,2019-04-21,1100,N20,VIIRS,n,2,292.87,3.18,D,0
55.04251,29.75329,334.58,0.49,0.4,2019-04-21,1100,N20,VIIRS,n,2,287.94,6.18,D,0
54.59974,29.33364,333.91,0.47,0.4,2019-04-21,1100,N20,VIIRS,n,2,277.37,5.73,D,0
52.34443,29.52846,336.51,0.45,0.39,2019-04-21,1100,N20,VIIRS,n,2,302.6,50.18,D,0
52.41978,30.77747,336.46,0.49,0.4,2019-04-21,1100,N20,VIIRS,n,2,291.19,6.78,D,0
52.34164,29.53606,337.22,0.45,0.39,2019-04-21,1100,N20,VIIRS,n,2,289.19,4.72,D,0
52.3409,29.52952,339.58,0.45,0.39,2019-04-21,1100,N20,VIIRS,n,2,294.05,4.72,D,0
54.82489,28.73816,339.81,0.45,0.39,2019-04-21,1100,N20,VIIRS,n,2,297.67,7.32,D,0
55.40978,28.48708,329.93,0.45,0.39,2019-04-21,1100,N20,VIIRS,n,2,293.49,2.8,D,0
55.45418,28.99697,329.67,0.47,0.4,2019-04-21,1100,N20,VIIRS,n,2,294.55,1.88,D,0
55.45537,29.14962,334.64,0.47,0.4,2019-04-21,1100,N20,VIIRS,n,2,292.67,2.76,D,0
53.86648,30.29057,333.17,0.49,0.4,2019-04-21,1100,N20,VIIRS,n,2,286.69,5.36,D,0
55.45175,29.15077,325.06,0.47,0.4,2019-04-21,1100,N20,VIIRS,n,2,291.65,2.76,D,0
54.59819,29.33516,308.09,0.4,0.6,2019-04-21,2311,N20,VIIRS,n,2,269.23,1.58,N,0
53.61706,30.30289,322.97,0.36,0.58,2019-04-21,2311,N20,VIIRS,n,2,270.21,1.25,N,0
53.61723,30.29727,296.71,0.36,0.58,2019-04-21,2311,N20,VIIRS,n,2,269.85,1.25,N,0
52.85021,29.99145,335.63,0.37,0.58,2019-04-21,2311,N20,VIIRS,n,2,278.95,3.91,N,2
51.89264,29.33679,309.6,0.39,0.59,2019-04-21,2311,N20,VIIRS,n,2,276.62,1.38,N,2
51.89251,29.34261,298.99,0.39,0.59,2019-04-21,2311,N20,VIIRS,n,2,277,1.15,N,2
51.8928,29.34296,306.21,0.39,0.59,2019-04-21,2312,N20,VIIRS,n,2,276.89,0.91,N,2
51.89296,29.33715,305.24,0.39,0.59,2019-04-21,2312,N20,VIIRS,n,2,276.36,0.91,N,2
54.65933,26.54524,302.79,0.47,0.4,2019-04-22,0051,N20,VIIRS,n,2,273.35,1.16,N,0
55.73185,28.11063,300.79,0.5,0.41,2019-04-22,0051,N20,VIIRS,n,2,271.3,0.98,N,0
54.59901,29.33915,300.48,0.38,0.43,2019-04-22,0051,N20,VIIRS,n,2,267.22,0.66,N,0
54.59689,29.33863,317.12,0.38,0.43,2019-04-22,0051,N20,VIIRS,n,2,268.12,1.52,N,0
54.59317,29.33598,306.96,0.38,0.43,2019-04-22,0051,N20,VIIRS,n,2,266.04,0.94,N,0
54.65854,26.55117,325.95,0.47,0.4,2019-04-22,0051,N20,VIIRS,n,2,273.53,2.77,N,0
54.65786,26.55222,298.23,0.47,0.4,2019-04-22,0051,N20,VIIRS,n,2,272.81,1,N,0
51.89135,29.34356,310.08,0.45,0.47,2019-04-22,0052,N20,VIIRS,n,2,276.97,0.99,N,2
53.26199,24.44634,296.01,0.44,0.38,2019-04-22,0052,N20,VIIRS,n,2,278.73,0.74,N,2
53.61688,30.30281,320.27,0.44,0.46,2019-04-22,0052,N20,VIIRS,n,2,270.1,2.71,N,0
53.26999,24.44376,314.99,0.44,0.38,2019-04-22,0052,N20,VIIRS,n,2,279.42,2.14,N,2
52.84598,29.99187,336.55,0.45,0.47,2019-04-22,0052,N20,VIIRS,n,2,276.69,4.75,N,2
53.60933,30.31149,335.94,0.69,0.74,2019-04-22,0901,N20,VIIRS,n,2,290.79,8.99,D,0
53.61207,30.30429,367,0.69,0.74,2019-04-22,0901,N20,VIIRS,h,2,297.23,25.94,D,0
53.6142,30.28901,332.89,0.69,0.74,2019-04-22,0901,N20,VIIRS,n,2,288.51,15.01,D,0
53.21452,31.59847,326.99,0.64,0.72,2019-04-22,0901,N20,VIIRS,n,2,286.03,3.78,D,0
54.24611,30.79479,329.63,0.62,0.72,2019-04-22,0901,N20,VIIRS,n,2,286.67,7.85,D,0
53.61489,30.3047,355.85,0.69,0.74,2019-04-22,0901,N20,VIIRS,n,2,295.53,8.99,D,0
53.61131,30.29597,348.16,0.69,0.74,2019-04-22,0901,N20,VIIRS,n,2,295.64,8.99,D,0
54.24294,30.7868,353.44,0.62,0.72,2019-04-22,0901,N20,VIIRS,n,2,290.27,7.85,D,0
54.81857,29.18395,334.32,0.66,0.73,2019-04-22,0902,N20,VIIRS,n,2,287.62,4.57,D,0
54.81454,29.18285,329.91,0.66,0.73,2019-04-22,0902,N20,VIIRS,n,2,289.19,4.86,D,0
54.88352,29.64501,331.06,0.64,0.72,2019-04-22,0902,N20,VIIRS,n,2,289.96,6.72,D,0
54.88559,29.64534,339.21,0.64,0.72,2019-04-22,0902,N20,VIIRS,n,2,290.82,5.27,D,0
51.8865,29.83003,329.21,0.38,0.36,2019-04-22,1040,N20,VIIRS,n,2,298.08,1.27,D,0
51.88974,29.82873,333.6,0.38,0.36,2019-04-22,1040,N20,VIIRS,n,2,299.23,8.24,D,0
51.6722,30.33937,339.47,0.38,0.36,2019-04-22,1040,N20,VIIRS,n,2,292.8,7.76,D,0
53.60884,30.30702,335.49,0.39,0.36,2019-04-22,1041,N20,VIIRS,n,2,294.84,15.25,D,0
53.61211,30.30571,338.17,0.39,0.36,2019-04-22,1041,N20,VIIRS,n,2,290.68,15.25,D,0
53.61128,30.29993,352.95,0.39,0.36,2019-04-22,1041,N20,VIIRS,n,2,298.35,15.25,D,0
53.61045,30.29416,346.83,0.39,0.36,2019-04-22,1041,N20,VIIRS,n,2,298.21,17.91,D,0
53.61372,30.29284,332.51,0.39,0.36,2019-04-22,1041,N20,VIIRS,n,2,291.38,5.14,D,0
53.27742,27.8288,339.31,0.39,0.36,2019-04-22,1041,N20,VIIRS,n,2,301.33,3.88,D,0
53.28066,27.8273,335.38,0.39,0.36,2019-04-22,1041,N20,VIIRS,n,2,299.59,3.52,D,0
53.86079,31.55168,339.57,0.4,0.37,2019-04-22,1041,N20,VIIRS,n,2,296.19,5.31,D,0
53.93687,31.78572,333.5,0.41,0.37,2019-04-22,1041,N20,VIIRS,n,2,295.04,2.33,D,0
53.77907,30.42439,349.87,0.39,0.36,2019-04-22,1041,N20,VIIRS,n,2,300.43,6.05,D,0
53.78317,30.42891,329.47,0.39,0.36,2019-04-22,1041,N20,VIIRS,n,2,298.68,7.64,D,0
53.78235,30.42307,350.27,0.39,0.36,2019-04-22,1041,N20,VIIRS,n,2,303.76,7.64,D,0
53.85199,30.59915,334.95,0.39,0.36,2019-04-22,1041,N20,VIIRS,n,2,299.91,4.82,D,0
53.80769,30.01951,328.31,0.39,0.36,2019-04-22,1041,N20,VIIRS,n,2,297.88,1.55,D,0
54.1884,31.36543,327.16,0.4,0.37,2019-04-22,1041,N20,VIIRS,n,2,295.19,1.95,D,0
54.35492,31.15773,334.64,0.4,0.37,2019-04-22,1041,N20,VIIRS,n,2,297.13,3.39,D,0
54.35824,31.15644,346.76,0.4,0.37,2019-04-22,1041,N20,VIIRS,n,2,299.44,3.39,D,0
53.97646,27.90962,328,0.39,0.36,2019-04-22,1041,N20,VIIRS,n,2,294.58,2.43,D,0
53.93341,27.41557,326.75,0.39,0.36,2019-04-22,1041,N20,VIIRS,n,2,297.25,1.44,D,0
54.03676,27.26455,333.33,0.39,0.36,2019-04-22,1041,N20,VIIRS,n,2,295.08,2.99,D,0
54.59861,29.34273,332.43,0.39,0.36,2019-04-22,1041,N20,VIIRS,l,2,306.04,8.83,D,0
51.60565,27.40014,352.26,0.4,0.37,2019-04-22,1041,N20,VIIRS,n,2,302.82,24.55,D,0
51.60465,27.39448,344.72,0.4,0.37,2019-04-22,1041,N20,VIIRS,n,2,301.93,26.37,D,0
51.60894,27.39864,347.99,0.4,0.37,2019-04-22,1041,N20,VIIRS,n,2,307.54,24.55,D,0
51.60793,27.39298,307.33,0.4,0.37,2019-04-22,1041,N20,VIIRS,l,2,316.63,26.37,D,0
52.35457,31.00068,332.13,0.39,0.36,2019-04-22,1041,N20,VIIRS,n,2,300.24,2.94,D,0
52.35784,30.99944,330.93,0.39,0.36,2019-04-22,1041,N20,VIIRS,n,2,299.93,2.51,D,0
51.82037,27.438,355.98,0.4,0.37,2019-04-22,1041,N20,VIIRS,n,2,300.97,9.46,D,0
52.07755,27.96606,327.64,0.39,0.36,2019-04-22,1041,N20,VIIRS,n,2,294.42,2.22,D,0
52.21239,27.59435,332.69,0.4,0.37,2019-04-22,1041,N20,VIIRS,n,2,300.22,4.28,D,0
52.21468,27.58721,343.77,0.4,0.37,2019-04-22,1041,N20,VIIRS,n,2,297.67,6.93,D,0
52.21891,27.59136,338.47,0.4,0.37,2019-04-22,1041,N20,VIIRS,n,2,298.32,7.16,D,0
52.21794,27.58571,355.06,0.4,0.37,2019-04-22,1041,N20,VIIRS,n,2,297.42,6.93,D,0
52.62012,30.06765,332.71,0.39,0.36,2019-04-22,1041,N20,VIIRS,n,2,298.61,2.81,D,0
53.10571,31.9676,346.62,0.4,0.37,2019-04-22,1041,N20,VIIRS,n,2,293.8,3.48,D,0
52.39636,27.28296,325.32,0.4,0.37,2019-04-22,1041,N20,VIIRS,n,2,297.06,2.43,D,0
53.12125,32.02979,344.81,0.41,0.37,2019-04-22,1041,N20,VIIRS,n,2,298.52,4.23,D,0
52.84593,29.99398,332.25,0.39,0.36,2019-04-22,1041,N20,VIIRS,n,2,300.18,2.96,D,2
52.8451,29.98836,330.89,0.39,0.36,2019-04-22,1041,N20,VIIRS,l,2,303.96,5.25,D,2
53.12946,31.95785,332.66,0.4,0.37,2019-04-22,1041,N20,VIIRS,n,2,299.22,3.34,D,0
53.12868,31.95187,328.46,0.4,0.37,2019-04-22,1041,N20,VIIRS,n,2,297.7,3.34,D,0
51.98587,24.71131,337.29,0.46,0.39,2019-04-22,1041,N20,VIIRS,n,2,296.51,6.53,D,0
53.08293,30.75572,336.58,0.39,0.36,2019-04-22,1041,N20,VIIRS,n,2,299.21,5.72,D,0
53.11729,30.77873,338.96,0.39,0.36,2019-04-22,1041,N20,VIIRS,n,2,296.51,3.15,D,0
53.41441,32.70629,336.77,0.42,0.38,2019-04-22,1041,N20,VIIRS,n,2,297.85,3.27,D,0
53.49687,32.36209,336.35,0.41,0.37,2019-04-22,1041,N20,VIIRS,n,2,295.7,3.31,D,0
53.50025,32.36088,332.67,0.41,0.37,2019-04-22,1041,N20,VIIRS,n,2,299.07,4.21,D,0
53.49948,32.35469,329.7,0.41,0.37,2019-04-22,1041,N20,VIIRS,n,2,296.73,4.21,D,0
53.11382,29.51271,331.12,0.38,0.36,2019-04-22,1041,N20,VIIRS,n,2,296.73,1.18,D,0
54.7659,29.4786,348.99,0.39,0.36,2019-04-22,1041,N20,VIIRS,n,2,301.97,11.27,D,0
54.7529,29.48425,336.12,0.39,0.36,2019-04-22,1041,N20,VIIRS,n,2,299.09,3.05,D,0
54.45121,27.97824,330.89,0.38,0.36,2019-04-22,1041,N20,VIIRS,n,2,296.58,1.55,D,0
54.6051,29.3399,334.87,0.39,0.36,2019-04-22,1041,N20,VIIRS,n,2,299.42,10.47,D,0
54.60185,29.34132,335.45,0.39,0.36,2019-04-22,1041,N20,VIIRS,l,2,309.92,10.47,D,0
55.0904,29.18019,330.57,0.39,0.36,2019-04-22,1041,N20,VIIRS,n,2,297.37,3.6,D,0
55.09127,29.18613,339.76,0.39,0.36,2019-04-22,1041,N20,VIIRS,n,2,297.74,3.6,D,0
55.01076,29.29301,343.79,0.39,0.36,2019-04-22,1041,N20,VIIRS,n,2,299.54,10.94,D,0
55.02141,30.11543,329.3,0.39,0.36,2019-04-22,1041,N20,VIIRS,n,2,298.52,2.46,D,0
54.88502,29.63943,339.84,0.39,0.36,2019-04-22,1041,N20,VIIRS,n,2,297.91,3.36,D,0
54.81483,29.17937,352.9,0.39,0.36,2019-04-22,1041,N20,VIIRS,n,2,300.67,5.96,D,0
55.78217,27.16116,343.22,0.38,0.36,2019-04-22,1042,N20,VIIRS,n,2,295.23,7.33,D,0
55.73416,28.11369,331.45,0.38,0.36,2019-04-22,1042,N20,VIIRS,n,2,298.66,2.21,D,0
55.18935,27.74553,335.74,0.38,0.36,2019-04-22,1042,N20,VIIRS,n,2,299.85,2.47,D,0
52.6564,26.74583,367,0.78,0.78,2019-04-22,1222,N20,VIIRS,h,2,295.45,75.12,D,0
52.65685,26.73386,341.37,0.78,0.78,2019-04-22,1222,N20,VIIRS,n,2,293.64,60.24,D,0
52.84989,29.98524,331.11,0.59,0.7,2019-04-22,2252,N20,VIIRS,n,2,275,4.57,N,2
53.60363,30.29713,300.98,0.57,0.69,2019-04-22,2252,N20,VIIRS,n,2,270.01,1.41,N,0
53.60327,30.29834,297.87,0.57,0.69,2019-04-22,2252,N20,VIIRS,n,2,269.96,0.84,N,0
52.85093,29.98503,321.05,0.59,0.7,2019-04-22,2252,N20,VIIRS,n,2,274.62,4.09,N,2
52.85103,29.99398,308.39,0.59,0.7,2019-04-22,2252,N20,VIIRS,n,2,276.37,3.84,N,2
52.33255,31.44379,297.03,0.51,0.66,2019-04-22,2252,N20,VIIRS,n,2,273.58,1.07,N,0
51.89359,29.33732,304.56,0.62,0.72,2019-04-22,2252,N20,VIIRS,n,2,275.4,1.63,N,2
55.14178,29.16358,297.69,0.41,0.37,2019-04-23,0032,N20,VIIRS,n,2,271.12,0.66,N,0
55.08683,29.18718,306.59,0.42,0.37,2019-04-23,0032,N20,VIIRS,n,2,272.74,1.22,N,0
51.82277,27.43089,306.03,0.42,0.38,2019-04-23,0033,N20,VIIRS,n,2,273.75,1.82,N,0
51.61952,27.39389,313.23,0.42,0.38,2019-04-23,0033,N20,VIIRS,n,2,271.49,1.77,N,0
51.62076,27.3939,306,0.42,0.38,2019-04-23,0033,N20,VIIRS,n,2,270.55,2.08,N,0
51.61632,27.39814,326.18,0.42,0.38,2019-04-23,0033,N20,VIIRS,n,2,276.04,2.08,N,0
51.61299,27.3965,304.54,0.42,0.38,2019-04-23,0033,N20,VIIRS,n,2,276.28,1.65,N,0
52.39262,27.29367,299.61,0.41,0.37,2019-04-23,0033,N20,VIIRS,n,2,272.84,1.12,N,0
53.27181,24.44038,316.37,0.38,0.36,2019-04-23,0033,N20,VIIRS,n,2,276.04,1.09,N,2
52.97366,26.60697,310.78,0.4,0.37,2019-04-23,0033,N20,VIIRS,n,2,272.94,1.46,N,0
53.11633,26.08434,319.67,0.39,0.36,2019-04-23,0033,N20,VIIRS,n,2,274.66,1.56,N,0
52.84756,29.98941,332.13,0.47,0.4,2019-04-23,0033,N20,VIIRS,n,2,279.47,9.44,N,2
53.39521,32.01151,300.97,0.53,0.42,2019-04-23,0033,N20,VIIRS,n,2,278.42,1.13,N,2
51.89455,29.34452,296.83,0.47,0.4,2019-04-23,0033,N20,VIIRS,n,2,273.24,0.94,N,2
51.61515,27.40755,341.79,0.54,0.42,2019-04-23,1022,N20,VIIRS,n,2,295.45,8.36,D,0
54.92933,29.43792,330.91,0.42,0.37,2019-04-23,1022,N20,VIIRS,n,2,297.98,17.03,D,0
54.93048,29.44416,326.62,0.42,0.37,2019-04-23,1022,N20,VIIRS,l,2,298.83,5.86,D,0
54.92719,29.44602,332.64,0.42,0.37,2019-04-23,1022,N20,VIIRS,n,2,298.39,5.86,D,0
54.87772,29.2593,333.99,0.42,0.38,2019-04-23,1022,N20,VIIRS,n,2,298.63,4.39,D,0
54.8789,29.26558,331.6,0.42,0.38,2019-04-23,1022,N20,VIIRS,l,2,302.88,46.08,D,0
54.87441,29.26117,335.45,0.42,0.38,2019-04-23,1022,N20,VIIRS,n,2,295.04,2.67,D,0
54.87559,29.26746,354.38,0.42,0.38,2019-04-23,1022,N20,VIIRS,n,2,303.68,12.3,D,0
54.87677,29.27373,336.08,0.42,0.38,2019-04-23,1022,N20,VIIRS,n,2,298.09,12.3,D,0
54.84465,29.37518,325.91,0.42,0.38,2019-04-23,1022,N20,VIIRS,n,2,298.53,1.63,D,0
54.76746,29.16163,341.41,0.42,0.38,2019-04-23,1022,N20,VIIRS,n,2,298.91,2.63,D,0
54.76414,29.16353,326.92,0.42,0.38,2019-04-23,1022,N20,VIIRS,n,2,295.82,2.63,D,0
54.76596,29.16485,342.27,0.42,0.38,2019-04-23,1022,N20,VIIRS,n,2,296.71,3.27,D,0
52.89919,30.0722,334.29,0.43,0.38,2019-04-23,1022,N20,VIIRS,n,2,295.64,6.38,D,0
52.90036,30.07834,344.54,0.43,0.38,2019-04-23,1022,N20,VIIRS,n,2,302.49,6.38,D,0
52.90152,30.08447,347.53,0.43,0.38,2019-04-23,1022,N20,VIIRS,n,2,302.6,11.96,D,0
52.00181,26.87924,325.75,0.55,0.43,2019-04-23,1022,N20,VIIRS,l,2,295.79,2.56,D,0
52.08152,27.25675,330.95,0.53,0.42,2019-04-23,1022,N20,VIIRS,n,2,298.45,2.59,D,0
52.19558,28.48407,334.66,0.48,0.4,2019-04-23,1022,N20,VIIRS,n,2,299.42,3.9,D,0
52.49999,30.54312,331.86,0.42,0.38,2019-04-23,1022,N20,VIIRS,n,2,299.25,6.2,D,0
52.40155,30.06581,329.54,0.44,0.38,2019-04-23,1022,N20,VIIRS,n,2,291.2,3.6,D,0
51.82433,27.43809,334.27,0.53,0.42,2019-04-23,1022,N20,VIIRS,n,2,295.04,4.11,D,0
51.82596,27.44543,327.92,0.53,0.42,2019-04-23,1022,N20,VIIRS,n,2,293.56,4.11,D,0
51.81904,27.43286,329.91,0.53,0.42,2019-04-23,1022,N20,VIIRS,n,2,296.22,4.6,D,0
51.81686,27.43321,329.97,0.53,0.42,2019-04-23,1022,N20,VIIRS,n,2,295.17,2.71,D,0
51.62086,27.39593,351.65,0.54,0.42,2019-04-23,1022,N20,VIIRS,n,2,294.97,11.03,D,0
51.61222,27.3758,328.63,0.54,0.42,2019-04-23,1022,N20,VIIRS,n,2,297.64,3.4,D,0
51.61719,27.39805,343.33,0.54,0.42,2019-04-23,1022,N20,VIIRS,n,2,303.1,11.03,D,0
51.61884,27.40545,345.07,0.54,0.42,2019-04-23,1022,N20,VIIRS,n,2,296.75,13.36,D,0
51.60982,27.40226,347.71,0.54,0.42,2019-04-23,1022,N20,VIIRS,n,2,303.97,35.66,D,0
51.61147,27.40966,330.95,0.54,0.42,2019-04-23,1022,N20,VIIRS,n,2,296.34,8.36,D,0
51.60779,27.41176,339.02,0.54,0.42,2019-04-23,1022,N20,VIIRS,n,2,299.74,7.84,D,0
51.60411,27.41387,334.06,0.54,0.42,2019-04-23,1022,N20,VIIRS,n,2,297.68,7.84,D,0
51.59675,27.4181,352.94,0.54,0.42,2019-04-23,1022,N20,VIIRS,n,2,309.11,26.37,D,0
52.28292,30.92385,331.53,0.42,0.38,2019-04-23,1022,N20,VIIRS,n,2,298.28,5.75,D,0
51.60744,27.8875,336.6,0.52,0.42,2019-04-23,1022,N20,VIIRS,n,2,294.82,3.58,D,0
51.609,27.89465,340.66,0.52,0.41,2019-04-23,1022,N20,VIIRS,n,2,302.23,18.83,D,0
51.68193,30.30559,334.12,0.44,0.38,2019-04-23,1022,N20,VIIRS,n,2,293.18,4.95,D,0
51.68312,30.31171,341.63,0.44,0.38,2019-04-23,1022,N20,VIIRS,n,2,294.54,6.24,D,0
52.84692,29.99148,338.41,0.43,0.38,2019-04-23,1022,N20,VIIRS,n,2,302.84,6.05,D,2
53.219,32.10426,335.83,0.39,0.36,2019-04-23,1022,N20,VIIRS,n,2,300.85,2.82,D,0
51.97568,26.26314,353.64,0.39,0.44,2019-04-23,1022,N20,VIIRS,n,2,301.69,14.63,D,0
53.11517,31.96282,348.6,0.4,0.37,2019-04-23,1022,N20,VIIRS,n,2,297.68,5.54,D,0
53.11093,31.95864,346.31,0.4,0.37,2019-04-23,1022,N20,VIIRS,n,2,298.63,10.17,D,0
53.11291,31.97012,330.91,0.39,0.37,2019-04-23,1022,N20,VIIRS,n,2,297.44,1.7,D,0
54.597,29.35158,334.64,0.42,0.38,2019-04-23,1022,N20,VIIRS,n,2,299.93,4.21,D,0
54.59369,29.35345,354.43,0.42,0.38,2019-04-23,1022,N20,VIIRS,n,2,306.62,14.68,D,0
54.59488,29.35971,326.77,0.42,0.38,2019-04-23,1022,N20,VIIRS,l,2,296.91,3.55,D,0
54.59037,29.35532,337.72,0.42,0.38,2019-04-23,1022,N20,VIIRS,n,2,296.58,14.68,D,0
54.59157,29.36159,335.64,0.42,0.38,2019-04-23,1022,N20,VIIRS,n,2,298.85,3.55,D,0
53.27089,24.44483,330.16,0.42,0.45,2019-04-23,1022,N20,VIIRS,n,2,296.22,2.82,D,2
54.48445,30.54291,343.22,0.4,0.37,2019-04-23,1022,N20,VIIRS,n,2,302.79,13.86,D,0
54.41753,30.47482,337.85,0.4,0.37,2019-04-23,1022,N20,VIIRS,n,2,302.02,2.71,D,0
53.65295,27.89709,326.6,0.47,0.4,2019-04-23,1022,N20,VIIRS,n,2,294.6,1.02,D,0
52.83439,24.48269,336.86,0.43,0.46,2019-04-23,1022,N20,VIIRS,n,2,294.51,10.26,D,0
52.83359,24.4846,339.46,0.43,0.46,2019-04-23,1022,N20,VIIRS,n,2,295.03,7.12,D,0
52.76361,24.877,326.42,0.41,0.45,2019-04-23,1022,N20,VIIRS,n,2,296.66,2.36,D,0
52.765,24.88275,335.45,0.41,0.45,2019-04-23,1022,N20,VIIRS,n,2,299.34,4.46,D,0
54.07624,31.43242,331.99,0.39,0.37,2019-04-23,1022,N20,VIIRS,n,2,298.24,3.31,D,0
52.97392,26.60804,328.15,0.53,0.42,2019-04-23,1022,N20,VIIRS,n,2,299.35,4.04,D,0
53.60142,30.29247,345.94,0.42,0.37,2019-04-23,1022,N20,VIIRS,n,2,296.86,5.58,D,0
52.29662,24.30514,325.29,0.45,0.47,2019-04-23,1022,N20,VIIRS,n,2,292.09,1.46,D,0
53.5915,30.29767,328.43,0.42,0.37,2019-04-23,1022,N20,VIIRS,n,2,297.07,1.98,D,0
53.78141,31.59713,338.84,0.39,0.37,2019-04-23,1022,N20,VIIRS,n,2,300.48,7.19,D,0
53.67234,31.36732,328.64,0.4,0.37,2019-04-23,1022,N20,VIIRS,n,2,297.8,3.69,D,0
53.67336,31.37317,341.37,0.4,0.37,2019-04-23,1022,N20,VIIRS,n,2,297.24,5.72,D,0
53.66908,31.36894,341.58,0.4,0.37,2019-04-23,1022,N20,VIIRS,n,2,306.03,8.42,D,0
53.6701,31.37479,341.69,0.4,0.37,2019-04-23,1022,N20,VIIRS,n,2,303.54,4.4,D,0
53.65387,31.48428,346.07,0.4,0.37,2019-04-23,1022,N20,VIIRS,n,2,296.35,6.42,D,0
53.63862,31.49814,346.73,0.4,0.37,2019-04-23,1022,N20,VIIRS,n,2,297.6,5.5,D,0
53.63964,31.50397,336.7,0.4,0.37,2019-04-23,1022,N20,VIIRS,n,2,296.68,1.53,D,0
53.47271,30.95063,333.79,0.41,0.37,2019-04-23,1022,N20,VIIRS,n,2,298.05,13.53,D,0
52.26789,25.27802,342.45,0.41,0.45,2019-04-23,1022,N20,VIIRS,n,2,291.59,5.63,D,0
52.26266,25.27485,334.18,0.41,0.45,2019-04-23,1022,N20,VIIRS,n,2,299.63,39.69,D,0
52.26538,25.28617,338.5,0.41,0.45,2019-04-23,1022,N20,VIIRS,n,2,292.79,20.05,D,0
51.91721,23.90447,343.96,0.48,0.48,2019-04-23,1022,N20,VIIRS,n,2,293.51,8.43,D,0
52.26015,25.283,331.34,0.41,0.45,2019-04-23,1022,N20,VIIRS,n,2,296.05,39.69,D,0
51.91311,23.9072,341.41,0.48,0.48,2019-04-23,1022,N20,VIIRS,n,2,298.17,13.14,D,0
53.58064,32.336,330.84,0.39,0.36,2019-04-23,1022,N20,VIIRS,n,2,296.43,2.79,D,0
52.39471,26.7506,340.29,0.55,0.42,2019-04-23,1022,N20,VIIRS,n,2,304.67,24.83,D,0
53.33008,31.42187,329.98,0.4,0.37,2019-04-23,1022,N20,VIIRS,n,2,298.13,2.04,D,0
53.27834,31.39038,343.34,0.4,0.37,2019-04-23,1022,N20,VIIRS,n,2,297.76,4.52,D,0
53.27938,31.39622,336.43,0.4,0.37,2019-04-23,1022,N20,VIIRS,n,2,301,4.52,D,0
53.27507,31.39199,338,0.4,0.37,2019-04-23,1022,N20,VIIRS,n,2,300.64,4.57,D,0
53.27611,31.39782,336.77,0.4,0.37,2019-04-23,1022,N20,VIIRS,n,2,300.37,4.57,D,0
51.60361,23.94042,330.64,0.48,0.48,2019-04-23,1022,N20,VIIRS,n,2,293.84,2.64,D,0
52.38895,27.2925,334.06,0.52,0.42,2019-04-23,1022,N20,VIIRS,l,2,307.03,5.64,D,0
53.31361,32.25527,336.58,0.39,0.36,2019-04-23,1022,N20,VIIRS,n,2,299.28,3.92,D,0
52.90254,30.07045,343.75,0.43,0.38,2019-04-23,1022,N20,VIIRS,n,2,296.29,6.38,D,0
52.90371,30.07659,336.81,0.43,0.38,2019-04-23,1022,N20,VIIRS,n,2,297.54,6.38,D,0
56.019,28.66658,329.39,0.42,0.37,2019-04-23,1023,N20,VIIRS,n,2,295.71,1.55,D,0
55.92953,28.48418,338.7,0.42,0.38,2019-04-23,1023,N20,VIIRS,n,2,297.96,5.23,D,0
55.48703,29.53635,337.36,0.41,0.37,2019-04-23,1023,N20,VIIRS,n,2,296.46,5.23,D,0
54.96539,27.28233,338.3,0.46,0.39,2019-04-23,1023,N20,VIIRS,n,2,301.57,17.59,D,0
55.31437,29.62109,329.53,0.41,0.37,2019-04-23,1023,N20,VIIRS,n,2,297.12,2.29,D,0
55.16491,29.05071,326.12,0.42,0.38,2019-04-23,1023,N20,VIIRS,n,2,297.2,4.21,D,0
54.77633,27.16689,331.41,0.47,0.4,2019-04-23,1023,N20,VIIRS,n,2,302.32,9.36,D,0
54.77778,27.17388,346.56,0.47,0.4,2019-04-23,1023,N20,VIIRS,n,2,305.61,9.36,D,0
55.24886,29.95972,327.55,0.4,0.37,2019-04-23,1023,N20,VIIRS,n,2,296.66,2.43,D,0
55.28911,30.69026,339.63,0.4,0.37,2019-04-23,1023,N20,VIIRS,n,2,298.07,4.08,D,0
55.24202,30.55233,325.29,0.4,0.37,2019-04-23,1023,N20,VIIRS,l,2,298.05,1.35,D,0
55.19338,30.5784,326.71,0.4,0.37,2019-04-23,1023,N20,VIIRS,n,2,295.88,1.53,D,0
54.92995,29.44389,332.97,0.42,0.37,2019-04-23,1023,N20,VIIRS,n,2,299.56,22.09,D,0
51.59674,27.41492,367,0.52,0.67,2019-04-23,1202,N20,VIIRS,h,2,300.7,9.68,D,0
51.59675,27.42261,347,0.52,0.67,2019-04-23,1202,N20,VIIRS,n,2,295.87,9.68,D,0
51.59673,27.39948,335.51,0.52,0.67,2019-04-23,1202,N20,VIIRS,n,2,292.48,45.17,D,0
51.59658,27.31494,326.38,0.52,0.67,2019-04-23,1202,N20,VIIRS,l,2,297.88,3.73,D,0
51.60296,27.41505,367,0.52,0.67,2019-04-23,1202,N20,VIIRS,h,2,295.51,7.75,D,0
51.60897,27.89783,329.93,0.55,0.68,2019-04-23,1202,N20,VIIRS,n,2,291.78,6.5,D,0
51.62159,27.40757,328.89,0.52,0.67,2019-04-23,1202,N20,VIIRS,n,2,290.04,10.97,D,0
51.62154,27.38438,355.85,0.52,0.67,2019-04-23,1202,N20,VIIRS,n,2,294.07,11.92,D,0
51.60916,27.4074,336.32,0.52,0.67,2019-04-23,1202,N20,VIIRS,n,2,292.19,12.08,D,0
51.61538,27.40747,367,0.52,0.67,2019-04-23,1202,N20,VIIRS,h,2,295.39,10.97,D,0
51.60918,27.41513,325.53,0.52,0.67,2019-04-23,1202,N20,VIIRS,n,2,290.46,7.75,D,0
51.62157,27.39983,367,0.52,0.67,2019-04-23,1202,N20,VIIRS,h,2,293.14,10.97,D,0
51.62156,27.3921,367,0.52,0.67,2019-04-23,1202,N20,VIIRS,h,2,295.05,11.92,D,0
51.82697,27.4395,326.17,0.53,0.67,2019-04-23,1203,N20,VIIRS,n,2,291.52,5.29,D,0
54.88433,29.27336,345.22,0.63,0.72,2019-04-23,1203,N20,VIIRS,n,2,304.03,20.43,D,0
54.8841,29.28338,334.8,0.63,0.72,2019-04-23,1203,N20,VIIRS,n,2,291.21,20.43,D,0
54.87741,29.28276,330.08,0.63,0.72,2019-04-23,1203,N20,VIIRS,n,2,292.41,20.43,D,0
54.87764,29.27274,367,0.63,0.72,2019-04-23,1203,N20,VIIRS,h,2,297.76,20.43,D,0
54.84844,29.37167,337.1,0.64,0.72,2019-04-23,1203,N20,VIIRS,n,2,290.21,8.77,D,0
54.59345,29.35687,325.4,0.64,0.72,2019-04-23,1203,N20,VIIRS,n,2,295.31,4.53,D,0
54.33,26.68948,325.06,0.5,0.66,2019-04-23,1203,N20,VIIRS,n,2,292.01,1.45,D,0
53.26716,24.44553,325.06,0.4,0.6,2019-04-23,1203,N20,VIIRS,n,2,294.32,2.32,D,2
53.21213,24.7618,334.41,0.41,0.61,2019-04-23,1203,N20,VIIRS,n,2,295.45,2.81,D,0
53.15331,30.68934,336.74,0.72,0.76,2019-04-23,1203,N20,VIIRS,n,2,294.46,9.06,D,0
52.84832,29.99041,330.98,0.68,0.74,2019-04-23,1203,N20,VIIRS,n,2,298.2,4.52,D,2
52.83263,24.48868,326.39,0.4,0.6,2019-04-23,1203,N20,VIIRS,n,2,289.99,5.4,D,0
52.83252,24.48266,367,0.4,0.6,2019-04-23,1203,N20,VIIRS,h,2,294.11,8.59,D,0
52.84835,29.99102,331.83,0.68,0.74,2019-04-23,1203,N20,VIIRS,n,2,298.47,7.57,D,2
52.83339,24.48029,328.07,0.4,0.6,2019-04-23,1203,N20,VIIRS,n,2,291.12,5.68,D,0
52.83353,24.48629,367,0.4,0.6,2019-04-23,1203,N20,VIIRS,h,2,292.94,8.07,D,0
52.76305,24.88077,326.32,0.41,0.61,2019-04-23,1203,N20,VIIRS,n,2,299.5,3.46,D,0
52.73824,26.0841,367,0.46,0.64,2019-04-23,1203,N20,VIIRS,h,2,303.82,33.06,D,0
52.73232,26.08416,345.81,0.46,0.64,2019-04-23,1203,N20,VIIRS,n,2,296.58,6.83,D,0
52.73239,26.09115,333.59,0.46,0.64,2019-04-23,1203,N20,VIIRS,n,2,294.59,6.15,D,0
52.38647,24.95129,339.94,0.41,0.61,2019-04-23,1203,N20,VIIRS,n,2,293.99,4.09,D,0
52.27073,25.26793,330.25,0.42,0.61,2019-04-23,1203,N20,VIIRS,n,2,290.23,24.78,D,0
52.26502,25.26805,345.54,0.42,0.61,2019-04-23,1203,N20,VIIRS,n,2,306.73,24.78,D,0
52.26512,25.27441,367,0.43,0.62,2019-04-23,1203,N20,VIIRS,h,2,294.79,24.78,D,0
52.26522,25.2808,367,0.43,0.62,2019-04-23,1203,N20,VIIRS,h,2,301.88,18.36,D,0
52.24194,28.87712,326.08,0.61,0.71,2019-04-23,1203,N20,VIIRS,n,2,293.37,3.37,D,0
52.13862,27.11109,355.09,0.51,0.66,2019-04-23,1203,N20,VIIRS,n,2,292.67,8.55,D,0
52.1386,27.12635,328.83,0.51,0.66,2019-04-23,1203,N20,VIIRS,n,2,290.82,2.12,D,0
52.13957,27.11226,354.21,0.51,0.66,2019-04-23,1203,N20,VIIRS,n,2,292.25,6.62,D,0
52.13962,27.1275,326.95,0.51,0.66,2019-04-23,1203,N20,VIIRS,n,2,289.94,6.71,D,0
52.05998,24.13339,352.12,0.38,0.59,2019-04-23,1203,N20,VIIRS,n,2,293.57,6.12,D,0
51.92675,23.88758,346.33,0.37,0.58,2019-04-23,1203,N20,VIIRS,n,2,296.96,42.21,D,0
51.92706,23.89855,344.92,0.37,0.58,2019-04-23,1203,N20,VIIRS,n,2,292.66,22.69,D,0
51.92691,23.89307,367,0.37,0.58,2019-04-23,1203,N20,VIIRS,h,2,301.08,22.69,D,0
51.92153,23.89342,355.11,0.37,0.58,2019-04-23,1203,N20,VIIRS,n,2,305.75,22.69,D,0
51.92168,23.89889,367,0.37,0.58,2019-04-23,1203,N20,VIIRS,h,2,296.21,22.69,D,0
51.91645,23.90473,337.29,0.37,0.58,2019-04-23,1203,N20,VIIRS,n,2,295.08,5.43,D,0
51.9166,23.9102,342.4,0.37,0.58,2019-04-23,1203,N20,VIIRS,n,2,294.28,5.43,D,0
51.91615,23.8938,367,0.37,0.58,2019-04-23,1203,N20,VIIRS,h,2,300.65,12.59,D,0
51.9163,23.89926,367,0.37,0.58,2019-04-23,1203,N20,VIIRS,h,2,298.17,12.59,D,0
51.91107,23.90509,349.58,0.37,0.58,2019-04-23,1203,N20,VIIRS,n,2,293.59,5.43,D,0
51.9206,29.69434,329.04,0.66,0.73,2019-04-23,1203,N20,VIIRS,n,2,293.02,5.93,D,0
51.60495,27.89132,333,0.55,0.68,2019-04-23,1203,N20,VIIRS,n,2,291.01,4.72,D,0
51.60728,27.41645,326.87,0.52,0.67,2019-04-23,1203,N20,VIIRS,n,2,290.61,4.74,D,0
51.6073,27.40871,344.22,0.52,0.67,2019-04-23,1203,N20,VIIRS,n,2,293.04,4.74,D,0
51.61352,27.40876,339.04,0.52,0.67,2019-04-23,1203,N20,VIIRS,n,2,291.83,4.74,D,0
51.61973,27.40881,367,0.52,0.67,2019-04-23,1203,N20,VIIRS,h,2,292.7,14.16,D,0
51.61975,27.40107,367,0.52,0.67,2019-04-23,1203,N20,VIIRS,h,2,294.97,17.98,D,0
51.61978,27.38561,345.92,0.52,0.67,2019-04-23,1203,N20,VIIRS,n,2,293.57,7.59,D,0
51.62598,27.39333,367,0.52,0.67,2019-04-23,1203,N20,VIIRS,h,2,293.22,17.98,D,0
51.626,27.3856,326.98,0.52,0.67,2019-04-23,1203,N20,VIIRS,n,2,290.25,7.59,D,0
51.82279,27.44156,345.53,0.52,0.67,2019-04-23,1203,N20,VIIRS,n,2,294.58,5.89,D,0
55.20018,30.52214,325.12,0.71,0.75,2019-04-23,1204,N20,VIIRS,n,2,291.31,8.81,D,0
55.19819,30.51261,343.19,0.71,0.75,2019-04-23,1204,N20,VIIRS,n,2,292.44,6.37,D,0
55.31504,29.62483,367,0.65,0.73,2019-04-23,1204,N20,VIIRS,h,2,296.46,16.99,D,0
55.92588,28.48131,328.68,0.59,0.7,2019-04-23,1204,N20,VIIRS,n,2,292.27,6.72,D,0
55.31643,29.62413,367,0.65,0.73,2019-04-23,1204,N20,VIIRS,h,2,297.76,21.62,D,0
55.3218,29.62564,327.66,0.65,0.73,2019-04-23,1204,N20,VIIRS,n,2,291.41,4.28,D,0
52.45481,27.83383,300.06,0.39,0.36,2019-04-24,0014,N20,VIIRS,n,2,281.81,1.07,N,0
53.26389,24.44618,296.87,0.45,0.39,2019-04-24,0014,N20,VIIRS,n,2,280,0.61,N,2
53.27175,24.44171,309.19,0.45,0.39,2019-04-24,0014,N20,VIIRS,n,2,281.04,1.62,N,2
52.84726,29.99167,337.9,0.39,0.36,2019-04-24,0014,N20,VIIRS,n,2,281.11,6.02,N,2
53.14097,32.29165,296.63,0.41,0.37,2019-04-24,0014,N20,VIIRS,n,2,272.69,0.93,N,0
53.39432,32.01083,297.22,0.4,0.37,2019-04-24,0014,N20,VIIRS,n,2,278.77,1.38,N,2
52.14348,27.11625,320.89,0.39,0.36,2019-04-24,0014,N20,VIIRS,n,2,273.36,1.18,N,0
51.89281,29.34289,299.42,0.39,0.36,2019-04-24,0014,N20,VIIRS,n,2,276.44,1.32,N,2
52.39232,27.29569,299.67,0.39,0.36,2019-04-24,0014,N20,VIIRS,n,2,276.2,1.48,N,0
54.2597,31.28762,301.92,0.39,0.36,2019-04-24,0014,N20,VIIRS,n,2,270.16,0.7,N,0
55.50572,28.59099,295.24,0.39,0.36,2019-04-24,0014,N20,VIIRS,n,2,275.21,0.29,N,2
51.64208,27.39279,295.76,0.39,0.36,2019-04-24,0015,N20,VIIRS,n,2,278.49,1.54,N,0
51.65021,27.33756,319.55,0.39,0.36,2019-04-24,0015,N20,VIIRS,n,2,279.27,3.5,N,0
51.6494,27.34309,321.04,0.39,0.36,2019-04-24,0015,N20,VIIRS,n,2,276.64,2.13,N,0
51.64698,27.383,295.91,0.39,0.36,2019-04-24,0015,N20,VIIRS,n,2,278.86,1.21,N,0
51.64616,27.38852,321.41,0.39,0.36,2019-04-24,0015,N20,VIIRS,n,2,282.25,1.54,N,0
51.65348,27.3388,342.24,0.39,0.36,2019-04-24,0015,N20,VIIRS,n,2,282.52,3.5,N,0
51.6543,27.33327,326.58,0.39,0.36,2019-04-24,0015,N20,VIIRS,n,2,280.52,3.5,N,0
51.65838,27.32898,314.37,0.39,0.36,2019-04-24,0015,N20,VIIRS,n,2,280.36,3.6,N,0
51.64943,27.38976,326.37,0.39,0.36,2019-04-24,0015,N20,VIIRS,n,2,279.09,2.45,N,0
51.65757,27.33451,351.2,0.39,0.36,2019-04-24,0015,N20,VIIRS,n,2,283.42,8.4,N,0
51.65351,27.38548,317.26,0.39,0.36,2019-04-24,0015,N20,VIIRS,n,2,273.24,2.03,N,0
51.65921,27.3468,295.82,0.39,0.36,2019-04-24,0015,N20,VIIRS,n,2,278.32,1.43,N,0
51.66002,27.34128,367,0.39,0.36,2019-04-24,0015,N20,VIIRS,h,2,288.17,8.4,N,0
51.66084,27.33575,349.03,0.39,0.36,2019-04-24,0015,N20,VIIRS,n,2,284.26,8.4,N,0
51.66164,27.33022,339.02,0.39,0.36,2019-04-24,0015,N20,VIIRS,n,2,284.75,3.6,N,0
51.65841,27.37568,295.7,0.39,0.36,2019-04-24,0015,N20,VIIRS,n,2,274.77,0.87,N,0
51.66491,27.33146,307.54,0.39,0.36,2019-04-24,0015,N20,VIIRS,n,2,280.71,5.34,N,0
51.6641,27.33699,345.75,0.39,0.36,2019-04-24,0015,N20,VIIRS,n,2,284.66,10.08,N,0
51.66167,27.37692,306.85,0.39,0.36,2019-04-24,0015,N20,VIIRS,n,2,273.33,0.87,N,0
51.669,27.32717,298.86,0.39,0.36,2019-04-24,0015,N20,VIIRS,n,2,282.32,5.34,N,0
51.66737,27.33823,341.99,0.39,0.36,2019-04-24,0015,N20,VIIRS,n,2,290.17,10.08,N,0
51.66819,27.3327,355.5,0.39,0.36,2019-04-24,0015,N20,VIIRS,n,2,291.93,5.34,N,0
51.66966,27.34008,302.39,0.39,0.36,2019-04-24,0015,N20,VIIRS,n,2,279.01,3.43,N,0
51.66482,27.37326,324.77,0.39,0.36,2019-04-24,0015,N20,VIIRS,n,2,272.51,2.2,N,0
51.67047,27.33455,336.04,0.39,0.36,2019-04-24,0015,N20,VIIRS,n,2,288.16,3.43,N,0
51.67128,27.32902,339.3,0.39,0.36,2019-04-24,0015,N20,VIIRS,n,2,288.33,13.24,N,0
51.67213,27.34686,312,0.39,0.36,2019-04-24,0015,N20,VIIRS,n,2,281.27,2.19,N,0
51.66889,27.36897,327.24,0.39,0.36,2019-04-24,0015,N20,VIIRS,n,2,273.65,2.2,N,0
51.6697,27.36345,325.45,0.39,0.36,2019-04-24,0015,N20,VIIRS,n,2,274.17,4.03,N,0
51.67294,27.34133,334.97,0.39,0.36,2019-04-24,0015,N20,VIIRS,n,2,290.73,3.43,N,0
51.67374,27.33579,338.99,0.39,0.36,2019-04-24,0015,N20,VIIRS,n,2,291.71,3.43,N,0
51.67455,27.33026,340.75,0.39,0.36,2019-04-24,0015,N20,VIIRS,n,2,291.96,13.24,N,0
51.67536,27.32472,347.05,0.39,0.36,2019-04-24,0015,N20,VIIRS,n,2,303.36,13.24,N,0
51.67616,27.31918,328.01,0.39,0.36,2019-04-24,0015,N20,VIIRS,n,2,279.66,9.07,N,0
51.67378,27.35916,302.1,0.39,0.36,2019-04-24,0015,N20,VIIRS,n,2,272.61,2.35,N,0
51.67459,27.35363,311,0.39,0.36,2019-04-24,0015,N20,VIIRS,n,2,279.01,3.13,N,0
51.67297,27.36469,339.59,0.39,0.36,2019-04-24,0015,N20,VIIRS,n,2,272.52,2.35,N,0
51.6754,27.3481,335.59,0.39,0.36,2019-04-24,0015,N20,VIIRS,n,2,288.14,3.13,N,0
51.6762,27.34257,330.22,0.39,0.36,2019-04-24,0015,N20,VIIRS,n,2,289.01,3.86,N,0
51.67701,27.33703,340.31,0.39,0.36,2019-04-24,0015,N20,VIIRS,n,2,292.22,3.86,N,0
51.67781,27.3315,343.24,0.39,0.36,2019-04-24,0015,N20,VIIRS,n,2,292.72,18.01,N,0
51.67863,27.32596,350.36,0.39,0.36,2019-04-24,0015,N20,VIIRS,n,2,300.47,18.01,N,0
51.67943,27.32042,329.06,0.39,0.36,2019-04-24,0015,N20,VIIRS,n,2,282.07,5.77,N,0
51.6827,27.32166,297.08,0.39,0.36,2019-04-24,0015,N20,VIIRS,n,2,280.58,5.77,N,0
51.67866,27.34934,336.23,0.39,0.36,2019-04-24,0015,N20,VIIRS,n,2,283.28,3.13,N,0
51.67947,27.34381,333.53,0.39,0.36,2019-04-24,0015,N20,VIIRS,n,2,288.24,3.86,N,0
51.68028,27.33827,330.44,0.39,0.36,2019-04-24,0015,N20,VIIRS,n,2,288.88,3.86,N,0
51.68109,27.33274,331.15,0.39,0.36,2019-04-24,0015,N20,VIIRS,n,2,288.79,18.01,N,0
51.6819,27.3272,341.17,0.39,0.36,2019-04-24,0015,N20,VIIRS,n,2,307.82,18.01,N,0
51.68355,27.33951,343.33,0.39,0.36,2019-04-24,0015,N20,VIIRS,n,2,287.19,5.49,N,0
51.68436,27.33397,333.25,0.39,0.36,2019-04-24,0015,N20,VIIRS,n,2,287.84,4.9,N,0
51.68517,27.32844,346.87,0.39,0.36,2019-04-24,0015,N20,VIIRS,n,2,293.28,4.9,N,0
51.68597,27.3229,327.8,0.39,0.36,2019-04-24,0015,N20,VIIRS,n,2,282.35,5.23,N,0
51.68763,27.33521,304.17,0.39,0.36,2019-04-24,0015,N20,VIIRS,n,2,279.04,4.9,N,0
51.56353,28.92685,303.23,0.38,0.36,2019-04-24,0015,N20,VIIRS,n,2,272.41,0.68,N,0
51.57236,28.9363,296.79,0.38,0.36,2019-04-24,0015,N20,VIIRS,n,2,270.04,0.49,N,0
51.5756,28.93764,324.24,0.38,0.36,2019-04-24,0015,N20,VIIRS,n,2,270.72,1.96,N,0
51.57883,28.93899,319.63,0.38,0.36,2019-04-24,0015,N20,VIIRS,n,2,273.03,1.96,N,0
52.26745,25.27256,299.67,0.42,0.38,2019-04-24,0015,N20,VIIRS,n,2,281.92,1.53,N,0
52.269,25.26029,295.57,0.42,0.38,2019-04-24,0015,N20,VIIRS,n,2,282.44,0.94,N,0
51.62329,27.37982,331.88,0.39,0.36,2019-04-24,0015,N20,VIIRS,n,2,280.55,1.97,N,0
51.62819,27.37003,312.1,0.39,0.36,2019-04-24,0015,N20,VIIRS,n,2,277.99,1.11,N,0
51.62903,27.41112,300.69,0.39,0.36,2019-04-24,0015,N20,VIIRS,n,2,271.48,0.87,N,0
51.62984,27.40561,295.45,0.39,0.36,2019-04-24,0015,N20,VIIRS,n,2,274.85,0.87,N,0
51.63147,27.39458,295.23,0.39,0.36,2019-04-24,0015,N20,VIIRS,n,2,278.88,1.1,N,0
51.63309,27.38355,298.77,0.39,0.36,2019-04-24,0015,N20,VIIRS,n,2,278.13,1.79,N,0
51.63553,27.36699,335.66,0.39,0.36,2019-04-24,0015,N20,VIIRS,n,2,281.72,3.69,N,0
51.63634,27.36147,333.43,0.39,0.36,2019-04-24,0015,N20,VIIRS,n,2,283.22,3.69,N,0
51.63961,27.36271,307.82,0.39,0.36,2019-04-24,0015,N20,VIIRS,n,2,279.1,1.1,N,0
51.63311,27.40685,326.83,0.39,0.36,2019-04-24,0015,N20,VIIRS,n,2,274.41,2.8,N,0
51.64043,27.35719,341.65,0.39,0.36,2019-04-24,0015,N20,VIIRS,n,2,279.75,6.07,N,0
51.64124,27.35166,347.58,0.39,0.36,2019-04-24,0015,N20,VIIRS,n,2,283.64,6.07,N,0
51.63882,27.39155,314.51,0.39,0.36,2019-04-24,0015,N20,VIIRS,n,2,283.87,2.2,N,0
51.63719,27.40258,348.93,0.39,0.36,2019-04-24,0015,N20,VIIRS,n,2,279.49,5.22,N,0
51.638,27.39706,326.35,0.39,0.36,2019-04-24,0015,N20,VIIRS,n,2,281.35,5.22,N,0
51.64451,27.3529,345.13,0.39,0.36,2019-04-24,0015,N20,VIIRS,n,2,283.68,6.07,N,0
51.64532,27.34738,321.54,0.39,0.36,2019-04-24,0015,N20,VIIRS,n,2,278.59,2.72,N,0
51.91124,23.90941,312.55,0.45,0.39,2019-04-24,0015,N20,VIIRS,n,2,281.33,0.91,N,0
51.91198,23.90285,305.63,0.45,0.39,2019-04-24,0015,N20,VIIRS,n,2,280.79,0.91,N,0
51.91273,23.89629,313.34,0.45,0.39,2019-04-24,0015,N20,VIIRS,n,2,281.01,2.25,N,0
51.91348,23.88973,326.65,0.45,0.39,2019-04-24,0015,N20,VIIRS,n,2,281.07,2.25,N,0
51.91479,23.91048,303.84,0.45,0.39,2019-04-24,0015,N20,VIIRS,n,2,278.8,0.91,N,0
51.61499,27.27172,304.25,0.39,0.36,2019-04-24,0015,N20,VIIRS,n,2,273.36,1.77,N,0
51.61419,27.27725,333.17,0.39,0.36,2019-04-24,0015,N20,VIIRS,n,2,274.86,1.77,N,0
51.61189,27.41042,316.41,0.39,0.36,2019-04-24,0015,N20,VIIRS,n,2,276.65,3.45,N,0
51.61353,27.42269,305,0.39,0.36,2019-04-24,0015,N20,VIIRS,n,2,273.98,0.83,N,0
51.61434,27.41718,341.21,0.39,0.36,2019-04-24,0015,N20,VIIRS,n,2,281.45,3.45,N,0
51.61515,27.41167,332.37,0.39,0.36,2019-04-24,0015,N20,VIIRS,n,2,281.18,3.45,N,0
51.62411,27.37431,296.54,0.39,0.36,2019-04-24,0015,N20,VIIRS,n,2,274.33,1.11,N,0
51.62656,27.38107,298.01,0.39,0.36,2019-04-24,0015,N20,VIIRS,n,2,276.67,1.97,N,0
51.6813,27.34066,297.61,0.77,0.77,2019-04-24,0154,N20,VIIRS,n,2,280.34,7.13,N,0
51.68514,27.33133,345.11,0.77,0.77,2019-04-24,0154,N20,VIIRS,n,2,282.47,7.13,N,0
53.27302,24.44609,298.71,0.53,0.67,2019-04-24,0154,N20,VIIRS,n,2,278.13,0.62,N,2
51.64183,27.35292,303.83,0.77,0.77,2019-04-24,0154,N20,VIIRS,n,2,277.43,2.08,N,0
51.67348,27.35967,306.31,0.77,0.77,2019-04-24,0154,N20,VIIRS,n,2,271.89,4.31,N,0
51.68895,27.32203,315.15,0.77,0.77,2019-04-24,0154,N20,VIIRS,n,2,278.31,8.54,N,0
51.64572,27.34349,295.63,0.77,0.77,2019-04-24,0154,N20,VIIRS,n,2,276.87,2.08,N,0
51.65557,27.34048,298.79,0.77,0.77,2019-04-24,0154,N20,VIIRS,n,2,275.07,2.22,N,0
51.65949,27.331,303.19,0.77,0.77,2019-04-24,0154,N20,VIIRS,n,2,278.03,2.22,N,0
51.66547,27.33735,314.81,0.77,0.77,2019-04-24,0154,N20,VIIRS,n,2,279.62,6.42,N,0
51.66935,27.32792,303.78,0.77,0.77,2019-04-24,0154,N20,VIIRS,n,2,279.97,5.63,N,0
51.67533,27.33427,305.25,0.77,0.77,2019-04-24,0154,N20,VIIRS,n,2,281.57,5.63,N,0
51.67918,27.32491,343.14,0.77,0.77,2019-04-24,0154,N20,VIIRS,n,2,282.56,5.63,N,0
51.66957,27.36917,312.62,0.77,0.77,2019-04-24,0154,N20,VIIRS,n,2,271.99,3.41,N,0
51.91166,23.9081,295.33,0.57,0.69,2019-04-24,0155,N20,VIIRS,n,2,278.98,1.29,N,0
51.91368,23.89043,295.64,0.57,0.69,2019-04-24,0155,N20,VIIRS,n,2,278.48,1.19,N,0
51.66278,27.32638,367,0.55,0.51,2019-04-24,1003,N20,VIIRS,l,2,351.02,153.28,D,0
51.67068,27.35545,335.36,0.54,0.51,2019-04-24,1003,N20,VIIRS,n,2,298.61,11.67,D,0
51.67266,27.3627,349.04,0.54,0.51,2019-04-24,1003,N20,VIIRS,n,2,306.49,35,D,0
51.67659,27.37718,345.22,0.54,0.51,2019-04-24,1003,N20,VIIRS,n,2,293.3,31.89,D,0
51.65646,27.32208,335.73,0.55,0.51,2019-04-24,1003,N20,VIIRS,n,2,297.16,153.28,D,0
51.66044,27.33667,347.88,0.54,0.51,2019-04-24,1003,N20,VIIRS,n,2,299.75,49.17,D,0
51.67424,27.38743,338.52,0.54,0.51,2019-04-24,1003,N20,VIIRS,n,2,289.14,31.89,D,0
51.65846,27.32939,367,0.55,0.51,2019-04-24,1003,N20,VIIRS,h,2,303.41,153.28,D,0
51.65215,27.3251,326.56,0.55,0.51,2019-04-24,1003,N20,VIIRS,n,2,293.76,16.17,D,0
51.65414,27.33239,341.91,0.55,0.51,2019-04-24,1003,N20,VIIRS,n,2,295.51,16.17,D,0
51.66796,27.38318,337.79,0.54,0.51,2019-04-24,1003,N20,VIIRS,n,2,291.3,21.06,D,0
51.66993,27.39044,338.28,0.54,0.51,2019-04-24,1003,N20,VIIRS,n,2,288.65,21.06,D,0
51.64981,27.33539,348.3,0.55,0.51,2019-04-24,1003,N20,VIIRS,n,2,305.58,16.17,D,0
51.66167,27.37894,330.68,0.54,0.51,2019-04-24,1003,N20,VIIRS,n,2,295.47,5.36,D,0
51.66366,27.38621,352.62,0.54,0.51,2019-04-24,1003,N20,VIIRS,n,2,304.69,21.06,D,0
51.64548,27.3384,346.04,0.55,0.51,2019-04-24,1003,N20,VIIRS,n,2,295.36,15.3,D,0
51.65736,27.38194,337.89,0.54,0.51,2019-04-24,1003,N20,VIIRS,n,2,296.1,7.6,D,0
51.66133,27.3965,340.53,0.54,0.51,2019-04-24,1003,N20,VIIRS,n,2,293.36,155.89,D,0
51.64117,27.34143,340.04,0.55,0.51,2019-04-24,1003,N20,VIIRS,n,2,301.14,15.3,D,0
51.65701,27.39945,341.31,0.54,0.51,2019-04-24,1003,N20,VIIRS,n,2,296.05,155.89,D,0
51.61484,27.26414,326.85,0.55,0.51,2019-04-24,1003,N20,VIIRS,n,2,293.59,4.22,D,0
51.63684,27.34443,338.67,0.55,0.51,2019-04-24,1003,N20,VIIRS,n,2,296.01,8.66,D,0
51.63882,27.35169,329.74,0.54,0.51,2019-04-24,1003,N20,VIIRS,n,2,294.38,4.3,D,0
51.65269,27.40243,340.07,0.54,0.51,2019-04-24,1003,N20,VIIRS,n,2,297.67,91.73,D,0
51.61251,27.27448,333.89,0.55,0.51,2019-04-24,1003,N20,VIIRS,n,2,292.59,4.22,D,0
51.6345,27.35469,341.39,0.54,0.51,2019-04-24,1003,N20,VIIRS,n,2,294.45,4.3,D,0
51.63649,27.36196,335.96,0.54,0.51,2019-04-24,1003,N20,VIIRS,n,2,295.54,4.3,D,0
51.64838,27.40544,340.82,0.54,0.51,2019-04-24,1003,N20,VIIRS,n,2,304.48,91.73,D,0
51.65086,27.33327,352.69,0.55,0.51,2019-04-24,1003,N20,VIIRS,n,2,302.04,29.23,D,0
51.66446,27.3842,340.67,0.54,0.51,2019-04-24,1003,N20,VIIRS,n,2,300.85,23.51,D,0
51.6664,27.3915,339.42,0.54,0.51,2019-04-24,1003,N20,VIIRS,n,2,293.26,30.44,D,0
51.64655,27.33629,342.8,0.55,0.51,2019-04-24,1003,N20,VIIRS,n,2,298.01,29.23,D,0
51.6582,27.37993,340.26,0.54,0.51,2019-04-24,1003,N20,VIIRS,n,2,296.46,23.51,D,0
51.66015,27.38723,338.76,0.54,0.51,2019-04-24,1003,N20,VIIRS,n,2,306.54,23.51,D,0
51.6621,27.39456,341.02,0.54,0.51,2019-04-24,1003,N20,VIIRS,n,2,295.14,30.44,D,0
51.86414,28.16495,325.48,0.5,0.49,2019-04-24,1003,N20,VIIRS,l,2,296.63,1.33,D,0
51.64223,27.33933,332.81,0.55,0.51,2019-04-24,1003,N20,VIIRS,n,2,296.24,9.94,D,0
51.64417,27.34658,340.51,0.55,0.51,2019-04-24,1003,N20,VIIRS,n,2,294.3,9.94,D,0
51.65584,27.39024,327.21,0.54,0.51,2019-04-24,1003,N20,VIIRS,l,2,301.63,54.74,D,0
51.63791,27.34235,337.72,0.55,0.51,2019-04-24,1003,N20,VIIRS,n,2,295.03,9.94,D,0
51.63985,27.34962,340.36,0.55,0.51,2019-04-24,1003,N20,VIIRS,n,2,295.53,9.94,D,0
51.65153,27.39326,341.56,0.54,0.51,2019-04-24,1003,N20,VIIRS,n,2,298.35,54.74,D,0
51.65347,27.40052,342.3,0.54,0.51,2019-04-24,1003,N20,VIIRS,n,2,303.82,184.13,D,0
51.61192,27.26471,329.54,0.55,0.51,2019-04-24,1003,N20,VIIRS,n,2,294.34,2.82,D,0
51.6139,27.27206,332.69,0.55,0.51,2019-04-24,1003,N20,VIIRS,n,2,293.04,9.68,D,0
51.63553,27.35264,349.97,0.55,0.51,2019-04-24,1003,N20,VIIRS,n,2,296.41,8.5,D,0
51.63748,27.35992,331.49,0.54,0.51,2019-04-24,1003,N20,VIIRS,n,2,294.7,4.7,D,0
51.64722,27.39628,344.37,0.54,0.51,2019-04-24,1003,N20,VIIRS,n,2,302.66,33.69,D,0
51.60958,27.27512,336.75,0.55,0.51,2019-04-24,1003,N20,VIIRS,n,2,296.64,9.68,D,0
51.61156,27.28249,345.16,0.55,0.51,2019-04-24,1003,N20,VIIRS,n,2,297.9,9.68,D,0
51.61354,27.28987,342.3,0.55,0.51,2019-04-24,1003,N20,VIIRS,n,2,295.71,7.72,D,0
51.63316,27.36292,344,0.54,0.51,2019-04-24,1003,N20,VIIRS,n,2,296.05,4.7,D,0
51.6429,27.39928,343.37,0.54,0.51,2019-04-24,1003,N20,VIIRS,n,2,303.37,33.69,D,0
52.37824,30.32844,340.73,0.4,0.44,2019-04-24,1003,N20,VIIRS,n,2,301.29,3.57,D,0
52.40659,30.44958,332.73,0.4,0.44,2019-04-24,1003,N20,VIIRS,n,2,298.2,2.83,D,0
51.60723,27.28553,344.32,0.55,0.51,2019-04-24,1003,N20,VIIRS,n,2,299.47,9.2,D,0
51.6092,27.29288,351.31,0.55,0.51,2019-04-24,1003,N20,VIIRS,n,2,304.17,31.86,D,0
51.62884,27.36592,332.79,0.54,0.51,2019-04-24,1003,N20,VIIRS,n,2,296.66,3.95,D,0
51.63859,27.40228,342.04,0.54,0.51,2019-04-24,1003,N20,VIIRS,n,2,302.61,62.18,D,0
51.64054,27.40957,341.45,0.54,0.51,2019-04-24,1003,N20,VIIRS,n,2,305.68,34.07,D,0
51.63623,27.41257,339.82,0.54,0.51,2019-04-24,1003,N20,VIIRS,n,2,297.85,34.07,D,0
51.61783,27.38222,339.69,0.54,0.51,2019-04-24,1003,N20,VIIRS,n,2,299.35,6.05,D,0
51.60332,27.36642,367,0.55,0.51,2019-04-24,1003,N20,VIIRS,h,2,304.46,11.83,D,0
51.61075,27.41302,344.36,0.54,0.51,2019-04-24,1003,N20,VIIRS,n,2,296.84,5.7,D,0
51.60643,27.41601,333.72,0.54,0.51,2019-04-24,1003,N20,VIIRS,n,2,297.97,5.7,D,0
51.89202,29.33925,341.02,0.45,0.47,2019-04-24,1003,N20,VIIRS,n,2,300.65,4.28,D,2
52.13905,30.69414,337.63,0.39,0.44,2019-04-24,1003,N20,VIIRS,n,2,298.87,3.47,D,0
52.13865,30.69642,340.95,0.39,0.44,2019-04-24,1003,N20,VIIRS,n,2,299.21,5.43,D,0
52.03782,30.54597,335.84,0.4,0.44,2019-04-24,1003,N20,VIIRS,n,2,300.6,3.01,D,0
51.58015,28.91879,354.09,0.48,0.48,2019-04-24,1003,N20,VIIRS,n,2,299.22,23.75,D,0
51.58177,28.9252,342.67,0.48,0.48,2019-04-24,1003,N20,VIIRS,n,2,296.28,12.94,D,0
51.57443,28.91508,342.85,0.48,0.48,2019-04-24,1003,N20,VIIRS,n,2,302.28,23.75,D,0
51.57605,28.9215,356.24,0.48,0.48,2019-04-24,1003,N20,VIIRS,n,2,301.8,23.75,D,0
51.57767,28.9279,348.32,0.48,0.48,2019-04-24,1003,N20,VIIRS,n,2,303.13,12.94,D,0
51.5687,28.91135,338.87,0.48,0.48,2019-04-24,1003,N20,VIIRS,n,2,298.96,22.67,D,0
51.57195,28.92418,339.1,0.48,0.48,2019-04-24,1003,N20,VIIRS,l,2,312.73,46.3,D,0
51.57357,28.93058,348.41,0.48,0.48,2019-04-24,1003,N20,VIIRS,n,2,304.43,11.25,D,0
51.57518,28.93699,336.46,0.47,0.48,2019-04-24,1003,N20,VIIRS,n,2,298.68,11.25,D,0
51.5646,28.91407,336.25,0.48,0.48,2019-04-24,1003,N20,VIIRS,n,2,303.25,22.67,D,0
51.56622,28.92048,347.48,0.48,0.48,2019-04-24,1003,N20,VIIRS,n,2,302.44,46.3,D,0
51.56784,28.92688,336.69,0.48,0.48,2019-04-24,1003,N20,VIIRS,n,2,296.64,46.3,D,0
51.57108,28.93967,347.87,0.47,0.48,2019-04-24,1003,N20,VIIRS,n,2,300.75,11.25,D,0
51.4652,29.3327,352.32,0.46,0.47,2019-04-24,1003,N20,VIIRS,n,2,297.07,12.64,D,0
51.46676,29.33884,347.92,0.46,0.47,2019-04-24,1003,N20,VIIRS,n,2,303.56,12.64,D,0
51.46832,29.345,337.48,0.46,0.47,2019-04-24,1003,N20,VIIRS,n,2,300.42,6.74,D,0
51.46114,29.33528,356.23,0.46,0.47,2019-04-24,1003,N20,VIIRS,n,2,302.49,12.64,D,0
51.46901,29.33751,338.79,0.46,0.47,2019-04-24,1003,N20,VIIRS,n,2,298.84,9.67,D,0
51.47054,29.34367,345.97,0.46,0.47,2019-04-24,1003,N20,VIIRS,n,2,298.84,9.67,D,0
51.46341,29.33393,354.57,0.46,0.47,2019-04-24,1003,N20,VIIRS,n,2,300.74,11.38,D,0
51.46495,29.3401,330.73,0.46,0.47,2019-04-24,1003,N20,VIIRS,n,2,300.89,5.6,D,0
51.45935,29.33652,338.38,0.46,0.47,2019-04-24,1003,N20,VIIRS,n,2,299.67,11.38,D,0
51.46088,29.34271,335.21,0.46,0.47,2019-04-24,1003,N20,VIIRS,n,2,300.03,5.6,D,0
51.68893,30.31756,343.95,0.42,0.45,2019-04-24,1003,N20,VIIRS,n,2,298.57,5.21,D,0
51.68232,30.30862,335.19,0.42,0.45,2019-04-24,1003,N20,VIIRS,n,2,302.61,2.56,D,0
52.67102,26.10856,340.07,0.57,0.52,2019-04-24,1003,N20,VIIRS,n,2,295.05,12,D,0
52.67538,26.1053,342.18,0.57,0.52,2019-04-24,1003,N20,VIIRS,n,2,297.75,12,D,0
53.49189,28.53125,328.99,0.43,0.46,2019-04-24,1003,N20,VIIRS,n,2,293.84,1.29,D,0
52.6777,25.2381,348.42,0.61,0.53,2019-04-24,1003,N20,VIIRS,n,2,298.59,57.93,D,0
52.7331,25.41424,340.23,0.6,0.53,2019-04-24,1003,N20,VIIRS,n,2,294.2,8.18,D,0
52.73269,25.41716,351.33,0.6,0.53,2019-04-24,1003,N20,VIIRS,n,2,293.27,11.41,D,0
54.25565,31.29022,335.13,0.5,0.41,2019-04-24,1003,N20,VIIRS,n,2,303.02,5.03,D,0
54.2592,31.28796,336.59,0.5,0.41,2019-04-24,1003,N20,VIIRS,n,2,304.55,21.31,D,0
53.32519,27.34935,331.42,0.48,0.48,2019-04-24,1003,N20,VIIRS,n,2,299.24,3.14,D,0
53.71072,28.74501,330.98,0.42,0.45,2019-04-24,1003,N20,VIIRS,n,2,297.53,4.02,D,0
52.73701,25.03288,330.36,0.62,0.54,2019-04-24,1003,N20,VIIRS,n,2,291.88,3.57,D,0
52.73918,25.03275,332.13,0.62,0.54,2019-04-24,1003,N20,VIIRS,n,2,292.7,4.89,D,0
52.92906,25.56001,339.3,0.58,0.52,2019-04-24,1003,N20,VIIRS,n,2,295.52,13.58,D,0
53.00839,25.78486,330.05,0.57,0.52,2019-04-24,1003,N20,VIIRS,n,2,292.99,4.58,D,0
54.34521,31.14128,327.31,0.51,0.41,2019-04-24,1003,N20,VIIRS,l,2,302,1.8,D,0
54.03875,31.72,343.87,0.49,0.41,2019-04-24,1003,N20,VIIRS,n,2,301.68,10.9,D,0
54.0403,31.72724,343.63,0.49,0.41,2019-04-24,1003,N20,VIIRS,n,2,300.51,8.05,D,0
52.35477,25.93023,344.67,0.59,0.53,2019-04-24,1003,N20,VIIRS,n,2,293.68,12.49,D,0
53.01291,28.506,338.38,0.45,0.47,2019-04-24,1003,N20,VIIRS,n,2,300.89,5.98,D,0
53.72084,31.69696,332.92,0.5,0.41,2019-04-24,1003,N20,VIIRS,n,2,298.64,2.28,D,0
52.77987,27.80478,327.85,0.48,0.48,2019-04-24,1003,N20,VIIRS,n,2,297.72,2.52,D,0
53.61903,31.4702,330.9,0.51,0.41,2019-04-24,1003,N20,VIIRS,n,2,297.13,3.27,D,0
51.98497,25.11022,348.88,0.32,0.55,2019-04-24,1003,N20,VIIRS,n,2,290.86,3.21,D,0
53.10022,29.41432,346.95,0.41,0.45,2019-04-24,1003,N20,VIIRS,n,2,298.62,4.14,D,0
53.10156,29.41416,349.97,0.41,0.45,2019-04-24,1003,N20,VIIRS,n,2,298.86,6.01,D,0
53.17436,30.00035,333.21,0.39,0.44,2019-04-24,1003,N20,VIIRS,n,2,298.28,2.26,D,0
53.25762,30.78057,333.22,0.55,0.43,2019-04-24,1003,N20,VIIRS,n,2,299.52,4.61,D,0
52.08043,26.14837,339.23,0.59,0.53,2019-04-24,1003,N20,VIIRS,n,2,295.77,23.04,D,0
52.54292,27.95508,340.22,0.49,0.48,2019-04-24,1003,N20,VIIRS,n,2,299.17,6.87,D,0
53.44975,31.88625,330.74,0.5,0.41,2019-04-24,1003,N20,VIIRS,n,2,296.41,7.1,D,0
52.16377,27.17254,334.95,0.53,0.5,2019-04-24,1003,N20,VIIRS,n,2,297.41,9.62,D,0
52.1657,27.17975,329.85,0.53,0.5,2019-04-24,1003,N20,VIIRS,n,2,292.7,9.62,D,0
51.87053,26.15854,330.08,0.6,0.53,2019-04-24,1003,N20,VIIRS,n,2,295.53,6.68,D,0
51.86384,26.15386,337.15,0.6,0.53,2019-04-24,1003,N20,VIIRS,n,2,294.71,6.68,D,0
51.86607,26.16182,338.95,0.6,0.53,2019-04-24,1003,N20,VIIRS,n,2,296.18,6.68,D,0
52.84518,29.98975,341.58,0.4,0.44,2019-04-24,1003,N20,VIIRS,n,2,306,6.08,D,2
53.20613,31.66462,336.31,0.52,0.41,2019-04-24,1003,N20,VIIRS,n,2,296.6,5.13,D,0
53.31091,32.25926,332.08,0.49,0.4,2019-04-24,1003,N20,VIIRS,n,2,300.79,6.54,D,0
52.64687,29.84538,339.23,0.41,0.45,2019-04-24,1003,N20,VIIRS,n,2,298.25,4.21,D,0
53.12084,31.96221,336.06,0.51,0.41,2019-04-24,1003,N20,VIIRS,n,2,298.2,4.18,D,0
53.12242,31.96943,338.39,0.51,0.41,2019-04-24,1003,N20,VIIRS,n,2,297.9,4.18,D,0
53.11885,31.97158,338.9,0.51,0.41,2019-04-24,1003,N20,VIIRS,n,2,299.87,6.55,D,0
53.11054,31.95209,332.71,0.51,0.41,2019-04-24,1003,N20,VIIRS,n,2,300.79,4.34,D,0
53.10538,31.94703,331.51,0.51,0.41,2019-04-24,1003,N20,VIIRS,n,2,296.83,2.12,D,0
53.11847,31.97185,338.28,0.51,0.41,2019-04-24,1003,N20,VIIRS,n,2,300.44,4.95,D,0
53.11024,31.9523,333.23,0.51,0.41,2019-04-24,1003,N20,VIIRS,n,2,300.62,5.56,D,0
53.10511,31.94723,330.81,0.51,0.41,2019-04-24,1003,N20,VIIRS,n,2,296.43,3.26,D,0
53.15246,32.28159,330.5,0.5,0.41,2019-04-24,1003,N20,VIIRS,n,2,298.36,3.75,D,0
53.14742,32.27664,338.09,0.5,0.41,2019-04-24,1003,N20,VIIRS,n,2,297.06,3.75,D,0
53.14538,32.28579,340.3,0.5,0.41,2019-04-24,1003,N20,VIIRS,n,2,300.5,5.26,D,0
51.69067,27.31552,343.65,0.54,0.51,2019-04-24,1003,N20,VIIRS,n,2,294.49,99.95,D,0
51.68439,27.31129,328.72,0.55,0.51,2019-04-24,1003,N20,VIIRS,n,2,296.77,72.36,D,0
51.68834,27.32588,340.57,0.54,0.51,2019-04-24,1003,N20,VIIRS,n,2,294.78,99.95,D,0
51.68636,27.3186,367,0.54,0.51,2019-04-24,1003,N20,VIIRS,h,2,342.58,99.95,D,0
51.68007,27.31433,336.96,0.55,0.51,2019-04-24,1003,N20,VIIRS,n,2,291.24,36.44,D,0
51.68402,27.32892,354.36,0.54,0.51,2019-04-24,1003,N20,VIIRS,n,2,303.66,55.05,D,0
51.67575,27.31737,349.2,0.55,0.51,2019-04-24,1003,N20,VIIRS,n,2,303.25,36.44,D,0
51.67774,27.32467,348.52,0.54,0.51,2019-04-24,1003,N20,VIIRS,n,2,300.82,55.05,D,0
51.67971,27.33196,333.01,0.54,0.51,2019-04-24,1003,N20,VIIRS,n,2,297.68,55.05,D,0
51.67341,27.32769,346.2,0.54,0.51,2019-04-24,1003,N20,VIIRS,n,2,299.48,20.36,D,0
51.6813,27.35675,328.92,0.54,0.51,2019-04-24,1003,N20,VIIRS,n,2,292.16,102.55,D,0
51.66711,27.32339,353.86,0.55,0.51,2019-04-24,1003,N20,VIIRS,n,2,306.55,166.74,D,0
51.66909,27.33068,340.96,0.54,0.51,2019-04-24,1003,N20,VIIRS,n,2,297.29,20.36,D,0
51.67107,27.33797,325.86,0.54,0.51,2019-04-24,1003,N20,VIIRS,l,2,298.11,20.36,D,0
51.67501,27.35249,343.91,0.54,0.51,2019-04-24,1003,N20,VIIRS,n,2,301.09,50.82,D,0
51.68091,27.37419,338.13,0.54,0.51,2019-04-24,1003,N20,VIIRS,n,2,292.13,2.77,D,0
51.66477,27.33368,347.69,0.54,0.51,2019-04-24,1003,N20,VIIRS,n,2,299.83,49.17,D,0
54.76715,29.61827,332.07,0.55,0.43,2019-04-24,1004,N20,VIIRS,n,2,298.86,6.41,D,0
55.3042,30.71145,332.41,0.5,0.41,2019-04-24,1004,N20,VIIRS,n,2,298.6,4.92,D,0
55.35318,30.67051,325.41,0.5,0.41,2019-04-24,1004,N20,VIIRS,l,2,300.36,2.56,D,0
55.1864,29.49771,335.77,0.54,0.42,2019-04-24,1004,N20,VIIRS,n,2,297.39,4.96,D,0
55.2594,28.67374,338.8,0.38,0.43,2019-04-24,1004,N20,VIIRS,n,2,297.62,5.73,D,0
55.16127,27.21433,336.17,0.43,0.46,2019-04-24,1004,N20,VIIRS,n,2,297,2.73,D,0
55.34157,26.83708,335.74,0.44,0.46,2019-04-24,1004,N20,VIIRS,n,2,296.5,5.7,D,0
55.33994,26.83062,343.19,0.44,0.46,2019-04-24,1004,N20,VIIRS,n,2,298.06,8.7,D,0
55.34385,26.82755,355.75,0.44,0.46,2019-04-24,1004,N20,VIIRS,n,2,298.49,8.7,D,0
55.34776,26.82449,352.09,0.44,0.46,2019-04-24,1004,N20,VIIRS,n,2,304.33,28.97,D,0
55.69097,28.20876,340.77,0.39,0.44,2019-04-24,1004,N20,VIIRS,n,2,299.68,3.6,D,0
55.53935,27.1424,326.64,0.42,0.45,2019-04-24,1004,N20,VIIRS,n,2,294.97,2.45,D,0
55.5378,27.13615,335.94,0.42,0.45,2019-04-24,1004,N20,VIIRS,n,2,296.57,3.43,D,0
55.63181,27.24732,341.81,0.42,0.45,2019-04-24,1004,N20,VIIRS,n,2,297.83,3.59,D,0
53.08178,25.26795,340.58,0.59,0.53,2019-04-24,1004,N20,VIIRS,n,2,291.91,9.27,D,0
55.18743,29.49734,327.47,0.54,0.42,2019-04-24,1004,N20,VIIRS,n,2,296.84,3.94,D,0
53.88104,23.96185,335.65,0.62,0.54,2019-04-24,1004,N20,VIIRS,n,2,290.4,13.8,D,0
53.87856,23.95327,353.46,0.62,0.54,2019-04-24,1004,N20,VIIRS,n,2,297.18,22.69,D,0
53.87608,23.9447,331.89,0.62,0.54,2019-04-24,1004,N20,VIIRS,n,2,291.31,22.69,D,0
53.31908,24.41391,339.86,0.62,0.54,2019-04-24,1004,N20,VIIRS,n,2,292,8.26,D,0
53.87618,23.95751,351.81,0.62,0.54,2019-04-24,1004,N20,VIIRS,n,2,291.79,12.34,D,0
53.87365,23.94898,325.32,0.62,0.54,2019-04-24,1004,N20,VIIRS,n,2,290.64,7.23,D,0
53.88065,23.95376,350.88,0.62,0.54,2019-04-24,1004,N20,VIIRS,n,2,301.21,40.68,D,0
53.87812,23.94523,347.39,0.62,0.54,2019-04-24,1004,N20,VIIRS,n,2,292.39,18.14,D,0
53.88511,23.95001,356,0.62,0.54,2019-04-24,1004,N20,VIIRS,n,2,294.78,40.68,D,0
53.88259,23.94147,340.59,0.62,0.54,2019-04-24,1004,N20,VIIRS,n,2,290.39,18.14,D,0
53.88594,23.89611,341.41,0.62,0.54,2019-04-24,1004,N20,VIIRS,n,2,285.4,8.87,D,0
55.25702,28.68205,325.57,0.38,0.43,2019-04-24,1004,N20,VIIRS,l,2,296.62,4.92,D,0
54.40255,30.35128,330.06,0.53,0.42,2019-04-24,1004,N20,VIIRS,n,2,297.57,3.7,D,0
53.32601,24.41859,329.31,0.62,0.54,2019-04-24,1004,N20,VIIRS,n,2,290.94,4.72,D,0
54.70594,29.68636,335.94,0.55,0.43,2019-04-24,1004,N20,VIIRS,n,2,299.87,4.13,D,0
53.32153,24.42225,325.25,0.62,0.54,2019-04-24,1004,N20,VIIRS,n,2,291.87,3.98,D,0
53.33051,24.41495,329.52,0.62,0.54,2019-04-24,1004,N20,VIIRS,n,2,290.78,4.72,D,0
54.7683,29.6248,331.97,0.55,0.43,2019-04-24,1004,N20,VIIRS,n,2,298.48,4.79,D,0
53.98643,26.51908,330.67,0.5,0.49,2019-04-24,1004,N20,VIIRS,n,2,293.48,3.91,D,0
54.48631,30.44689,328.18,0.53,0.42,2019-04-24,1004,N20,VIIRS,n,2,297.31,2.04,D,0
54.4889,30.44642,328.79,0.53,0.42,2019-04-24,1004,N20,VIIRS,n,2,296.87,2.73,D,0
54.46413,29.98694,337.34,0.55,0.42,2019-04-24,1004,N20,VIIRS,n,2,298.98,7.92,D,0
54.29279,28.91168,327.76,0.4,0.44,2019-04-24,1004,N20,VIIRS,n,2,295.56,2.77,D,0
54.20121,28.442,340.94,0.42,0.45,2019-04-24,1004,N20,VIIRS,n,2,304.26,8.14,D,0
54.19975,28.43604,351.12,0.42,0.45,2019-04-24,1004,N20,VIIRS,n,2,312.25,30.36,D,0
54.22145,28.41353,343.07,0.42,0.45,2019-04-24,1004,N20,VIIRS,n,2,302.13,7.04,D,0
54.22037,28.37187,335.53,0.42,0.45,2019-04-24,1004,N20,VIIRS,n,2,299.16,3.57,D,0
54.18937,28.07273,332.89,0.43,0.46,2019-04-24,1004,N20,VIIRS,n,2,295.9,3,D,0
53.31704,24.42592,332.2,0.62,0.54,2019-04-24,1004,N20,VIIRS,n,2,292.04,3.98,D,0
51.4704,29.34201,343.3,0.39,0.6,2019-04-24,1143,N20,VIIRS,n,2,298.13,5.6,D,0
51.46461,29.33057,356.24,0.39,0.6,2019-04-24,1143,N20,VIIRS,n,2,296.92,4.27,D,0
51.4762,29.33373,336.82,0.39,0.6,2019-04-24,1143,N20,VIIRS,n,2,308.89,38.53,D,0
51.61415,27.2916,367,0.32,0.55,2019-04-24,1143,N20,VIIRS,h,2,307.79,26.52,D,0
51.47636,29.33957,355.7,0.39,0.6,2019-04-24,1143,N20,VIIRS,n,2,301.7,16.7,D,0
51.47652,29.34544,367,0.39,0.6,2019-04-24,1143,N20,VIIRS,h,2,295.89,16.7,D,0
51.47083,29.33986,343.98,0.39,0.6,2019-04-24,1143,N20,VIIRS,n,2,296.28,16.7,D,0
51.49645,30.52788,329.56,0.44,0.63,2019-04-24,1143,N20,VIIRS,n,2,297.56,3.91,D,0
51.45963,29.33455,338.33,0.39,0.6,2019-04-24,1143,N20,VIIRS,n,2,297.11,4.87,D,0
51.46499,29.32841,343.48,0.39,0.59,2019-04-24,1143,N20,VIIRS,n,2,296.26,4.87,D,0
51.61292,27.26353,341.71,0.32,0.55,2019-04-24,1143,N20,VIIRS,n,2,298.42,3.88,D,0
51.61313,27.26822,348.21,0.32,0.55,2019-04-24,1143,N20,VIIRS,n,2,296.42,3.88,D,0
51.61333,27.2729,337.72,0.32,0.55,2019-04-24,1143,N20,VIIRS,n,2,294.51,6.2,D,0
51.61374,27.28224,325.18,0.32,0.55,2019-04-24,1143,N20,VIIRS,n,2,295.09,21.72,D,0
51.61802,27.38146,332.18,0.32,0.55,2019-04-24,1143,N20,VIIRS,n,2,299.95,2.5,D,0
51.47099,29.34572,367,0.39,0.6,2019-04-24,1143,N20,VIIRS,h,2,296.8,16.7,D,0
51.58137,28.92527,349.17,0.38,0.59,2019-04-24,1143,N20,VIIRS,n,2,296.45,6.93,D,0
51.57579,28.92003,326.55,0.38,0.59,2019-04-24,1143,N20,VIIRS,l,2,297.83,29.65,D,0
51.61822,27.38618,326.96,0.32,0.55,2019-04-24,1143,N20,VIIRS,l,2,297.7,1.92,D,0
51.49657,30.53442,344.85,0.44,0.63,2019-04-24,1143,N20,VIIRS,n,2,296.83,3.91,D,0
51.62756,27.36626,352.6,0.32,0.55,2019-04-24,1143,N20,VIIRS,n,2,298.33,2.72,D,0
51.62777,27.37102,325.73,0.32,0.55,2019-04-24,1143,N20,VIIRS,n,2,295.55,2.72,D,0
51.62941,27.409,352.7,0.32,0.55,2019-04-24,1143,N20,VIIRS,n,2,298.77,16.89,D,0
51.62961,27.41376,367,0.32,0.55,2019-04-24,1143,N20,VIIRS,h,2,296.78,11.16,D,0
51.6188,27.28177,350.71,0.32,0.55,2019-04-24,1143,N20,VIIRS,n,2,302.47,11.33,D,0
51.6233,27.38569,329.18,0.32,0.55,2019-04-24,1143,N20,VIIRS,l,2,299.55,2.12,D,0
51.62816,27.50029,328.2,0.33,0.55,2019-04-24,1143,N20,VIIRS,n,2,297.84,1.36,D,0
51.619,27.28644,367,0.32,0.55,2019-04-24,1143,N20,VIIRS,h,2,295.33,11.33,D,0
51.62452,27.41423,367,0.32,0.55,2019-04-24,1143,N20,VIIRS,h,2,297.79,11.16,D,0
51.57594,28.92559,351.95,0.38,0.59,2019-04-24,1143,N20,VIIRS,n,2,306.76,29.65,D,0
51.57608,28.93115,338.92,0.38,0.59,2019-04-24,1143,N20,VIIRS,n,2,295.06,17.22,D,0
51.57036,28.92037,350.12,0.38,0.59,2019-04-24,1143,N20,VIIRS,n,2,300.88,29.65,D,0
51.60198,27.36392,367,0.32,0.55,2019-04-24,1143,N20,VIIRS,h,2,302.84,8.56,D,0
51.60218,27.36869,342.39,0.32,0.55,2019-04-24,1143,N20,VIIRS,n,2,302.15,9.87,D,0
51.59998,27.31673,325.38,0.32,0.55,2019-04-24,1143,N20,VIIRS,n,2,297.02,1.29,D,0
51.60706,27.36344,367,0.32,0.55,2019-04-24,1143,N20,VIIRS,h,2,304.95,8.56,D,0
51.60926,27.41567,326.11,0.32,0.55,2019-04-24,1143,N20,VIIRS,l,2,296.84,2.14,D,0
51.60929,27.29681,367,0.32,0.55,2019-04-24,1143,N20,VIIRS,h,2,300.08,26.52,D,0
51.60868,27.28272,367,0.32,0.55,2019-04-24,1143,N20,VIIRS,h,2,307.36,21.72,D,0
51.60848,27.27804,367,0.32,0.55,2019-04-24,1143,N20,VIIRS,h,2,302.58,6.2,D,0
51.6095,27.30153,328.15,0.32,0.55,2019-04-24,1143,N20,VIIRS,n,2,292.04,5.63,D,0
51.60909,27.2921,355.2,0.32,0.55,2019-04-24,1143,N20,VIIRS,n,2,301.6,26.52,D,0
51.60889,27.2874,336.97,0.32,0.55,2019-04-24,1143,N20,VIIRS,n,2,300.29,21.72,D,0
51.60827,27.27336,338.83,0.32,0.55,2019-04-24,1143,N20,VIIRS,n,2,296.01,6.2,D,0
51.5705,28.92594,351.92,0.38,0.59,2019-04-24,1143,N20,VIIRS,n,2,319.78,29.65,D,0
51.57079,28.93707,325.62,0.38,0.59,2019-04-24,1143,N20,VIIRS,n,2,299.25,17.22,D,0
51.57064,28.93149,367,0.38,0.59,2019-04-24,1143,N20,VIIRS,h,2,303.03,17.22,D,0
51.56507,28.92624,327.81,0.38,0.59,2019-04-24,1143,N20,VIIRS,n,2,295.99,3.94,D,0
51.58015,28.92297,352.44,0.38,0.59,2019-04-24,1143,N20,VIIRS,n,2,299.35,15.97,D,0
51.58033,28.92851,327.85,0.38,0.59,2019-04-24,1143,N20,VIIRS,n,2,295.11,15.22,D,0
51.57472,28.92327,349.51,0.38,0.59,2019-04-24,1143,N20,VIIRS,n,2,302.33,15.97,D,0
51.57506,28.93438,346.07,0.38,0.59,2019-04-24,1143,N20,VIIRS,n,2,297.65,15.22,D,0
51.57489,28.92882,367,0.38,0.59,2019-04-24,1143,N20,VIIRS,h,2,306.59,15.22,D,0
51.56929,28.92359,310.15,0.38,0.59,2019-04-24,1143,N20,VIIRS,l,2,311.7,46.94,D,0
51.56946,28.92914,367,0.38,0.59,2019-04-24,1143,N20,VIIRS,h,2,301.08,24.45,D,0
51.56963,28.9347,367,0.38,0.59,2019-04-24,1143,N20,VIIRS,h,2,299.49,24.45,D,0
51.48145,29.34139,326.09,0.39,0.6,2019-04-24,1143,N20,VIIRS,n,2,294.01,15.31,D,0
51.47567,29.33002,328.06,0.39,0.6,2019-04-24,1143,N20,VIIRS,n,2,294.32,26.58,D,0
51.4758,29.33584,351.92,0.39,0.6,2019-04-24,1143,N20,VIIRS,n,2,313.11,26.58,D,0
51.47593,29.3417,350,0.39,0.6,2019-04-24,1143,N20,VIIRS,n,2,304.32,15.31,D,0
51.47605,29.34756,337.54,0.39,0.6,2019-04-24,1143,N20,VIIRS,n,2,295.97,15.31,D,0
51.49615,30.53131,367,0.44,0.63,2019-04-24,1143,N20,VIIRS,h,2,298.21,6.86,D,0
51.47027,29.33614,325.53,0.39,0.6,2019-04-24,1143,N20,VIIRS,n,2,294.25,4.27,D,0
52.67862,26.10678,341.75,0.58,0.52,2019-04-24,1144,N20,VIIRS,n,2,294.23,15.2,D,0
55.18676,29.49464,343.45,0.42,0.61,2019-04-24,1144,N20,VIIRS,n,2,296.18,4.03,D,0
55.19581,30.52336,346.74,0.46,0.63,2019-04-24,1144,N20,VIIRS,n,2,294.32,6.85,D,0
54.91113,27.2303,342.52,0.34,0.56,2019-04-24,1144,N20,VIIRS,n,2,296.44,4.18,D,0
54.22166,28.41028,330.69,0.37,0.58,2019-04-24,1144,N20,VIIRS,n,2,298.65,3.26,D,0
54.2218,28.41612,326.12,0.37,0.58,2019-04-24,1144,N20,VIIRS,n,2,296.64,3.41,D,0
54.20408,28.35361,367,0.37,0.58,2019-04-24,1144,N20,VIIRS,h,2,298.87,4.73,D,0
54.19869,28.35384,326.42,0.37,0.58,2019-04-24,1144,N20,VIIRS,n,2,300.75,2.22,D,0
54.20046,28.42904,329.53,0.37,0.58,2019-04-24,1144,N20,VIIRS,n,2,298.41,3.98,D,0
54.20059,28.43491,354.22,0.37,0.58,2019-04-24,1144,N20,VIIRS,n,2,300.59,3.98,D,0
54.20073,28.44075,328.78,0.37,0.58,2019-04-24,1144,N20,VIIRS,n,2,299.26,3.72,D,0
54.09506,27.98178,354.27,0.36,0.57,2019-04-24,1144,N20,VIIRS,n,2,293.32,5.42,D,0
54.08975,27.98214,344.7,0.36,0.57,2019-04-24,1144,N20,VIIRS,n,2,295.37,5.42,D,0
54.0899,27.98767,331.57,0.36,0.57,2019-04-24,1144,N20,VIIRS,n,2,294.07,6.23,D,0
53.90008,23.91439,329.74,0.49,0.48,2019-04-24,1144,N20,VIIRS,n,2,287.52,7.14,D,0
53.90054,23.92189,344.27,0.49,0.48,2019-04-24,1144,N20,VIIRS,n,2,288.08,8.24,D,0
53.901,23.92939,348.76,0.49,0.48,2019-04-24,1144,N20,VIIRS,n,2,288.94,8.24,D,0
53.90146,23.93686,340.4,0.49,0.48,2019-04-24,1144,N20,VIIRS,n,2,290.14,10.99,D,0
53.89608,23.92271,207.93,0.49,0.48,2019-04-24,1144,N20,VIIRS,l,2,324.86,159.99,D,0
53.8938,23.88531,353.67,0.48,0.48,2019-04-24,1144,N20,VIIRS,n,2,293.14,28.35,D,0
53.89426,23.89271,340.7,0.48,0.48,2019-04-24,1144,N20,VIIRS,n,2,287.22,8.36,D,0
53.89471,23.90017,326.86,0.48,0.48,2019-04-24,1144,N20,VIIRS,n,2,287.36,8.36,D,0
53.89517,23.90767,329.28,0.48,0.48,2019-04-24,1144,N20,VIIRS,n,2,288.35,8.16,D,0
53.89563,23.91518,349.65,0.49,0.48,2019-04-24,1144,N20,VIIRS,n,2,290.49,8.16,D,0
53.89654,23.93016,353.58,0.49,0.48,2019-04-24,1144,N20,VIIRS,n,2,298.4,159.99,D,0
53.89745,23.94508,344.22,0.49,0.48,2019-04-24,1144,N20,VIIRS,n,2,290.59,16.8,D,0
53.8979,23.95255,330.67,0.49,0.48,2019-04-24,1144,N20,VIIRS,n,2,289.66,5.18,D,0
53.89699,23.93762,367,0.49,0.48,2019-04-24,1144,N20,VIIRS,h,2,291.69,16.8,D,0
53.89162,23.92346,312.17,0.49,0.48,2019-04-24,1144,N20,VIIRS,l,2,317.85,159.99,D,0
53.88889,23.87867,325.38,0.48,0.48,2019-04-24,1144,N20,VIIRS,n,2,287.12,28.35,D,0
53.88935,23.88603,353.02,0.48,0.48,2019-04-24,1144,N20,VIIRS,n,2,298.72,28.35,D,0
53.8898,23.8935,356.18,0.48,0.48,2019-04-24,1144,N20,VIIRS,n,2,292.14,8.36,D,0
53.89025,23.90098,333.95,0.48,0.48,2019-04-24,1144,N20,VIIRS,n,2,288.22,8.36,D,0
53.89071,23.90845,331.89,0.48,0.48,2019-04-24,1144,N20,VIIRS,n,2,287.87,8.16,D,0
53.89117,23.91596,350.47,0.49,0.48,2019-04-24,1144,N20,VIIRS,n,2,290.93,8.16,D,0
53.89298,23.94585,350.5,0.49,0.48,2019-04-24,1144,N20,VIIRS,n,2,291.42,16.8,D,0
53.89343,23.95332,334.47,0.49,0.48,2019-04-24,1144,N20,VIIRS,n,2,291.08,5.18,D,0
53.89207,23.93092,367,0.49,0.48,2019-04-24,1144,N20,VIIRS,h,2,328.34,159.99,D,0
53.89252,23.93838,367,0.49,0.48,2019-04-24,1144,N20,VIIRS,h,2,292.82,16.8,D,0
53.88489,23.88683,343.22,0.48,0.48,2019-04-24,1144,N20,VIIRS,n,2,287.72,7.57,D,0
53.88534,23.8943,352.21,0.48,0.48,2019-04-24,1144,N20,VIIRS,n,2,291.25,7.09,D,0
53.8858,23.90177,333.43,0.48,0.48,2019-04-24,1144,N20,VIIRS,n,2,288.16,7.09,D,0
53.88671,23.91672,336.83,0.49,0.48,2019-04-24,1144,N20,VIIRS,n,2,288.35,10.76,D,0
53.88716,23.92421,353.05,0.49,0.48,2019-04-24,1144,N20,VIIRS,n,2,290.97,16.06,D,0
53.88761,23.93167,350.65,0.49,0.48,2019-04-24,1144,N20,VIIRS,n,2,299.31,16.06,D,0
53.88851,23.94662,351.44,0.49,0.48,2019-04-24,1144,N20,VIIRS,n,2,291.3,16.34,D,0
53.88896,23.95409,334.62,0.49,0.48,2019-04-24,1144,N20,VIIRS,n,2,289.84,6.81,D,0
53.88806,23.93914,367,0.49,0.48,2019-04-24,1144,N20,VIIRS,h,2,294.96,16.34,D,0
53.88089,23.89511,340.98,0.48,0.48,2019-04-24,1144,N20,VIIRS,n,2,288.75,7.09,D,0
53.8827,23.92498,336.14,0.49,0.48,2019-04-24,1144,N20,VIIRS,n,2,288.5,16.06,D,0
53.88315,23.93245,340.54,0.49,0.48,2019-04-24,1144,N20,VIIRS,n,2,290.76,16.06,D,0
53.88404,23.94738,353.63,0.49,0.48,2019-04-24,1144,N20,VIIRS,n,2,292.75,16.34,D,0
53.88449,23.95485,350.69,0.49,0.48,2019-04-24,1144,N20,VIIRS,n,2,291.06,6.81,D,0
53.88359,23.93991,367,0.49,0.48,2019-04-24,1144,N20,VIIRS,h,2,294.56,16.34,D,0
53.87914,23.94068,331.81,0.49,0.48,2019-04-24,1144,N20,VIIRS,n,2,291.12,5.08,D,0
53.87958,23.94814,343.51,0.49,0.48,2019-04-24,1144,N20,VIIRS,n,2,291.73,5.08,D,0
53.88002,23.95562,340.8,0.49,0.48,2019-04-24,1144,N20,VIIRS,n,2,290.56,9.81,D,0
53.88068,23.92806,331.29,0.49,0.48,2019-04-24,1144,N20,VIIRS,n,2,288.7,5.21,D,0
53.88116,23.93552,331.59,0.49,0.48,2019-04-24,1144,N20,VIIRS,n,2,290.4,7.29,D,0
53.88164,23.94297,351.41,0.49,0.48,2019-04-24,1144,N20,VIIRS,n,2,293.95,7.29,D,0
53.88213,23.95043,340.74,0.49,0.48,2019-04-24,1144,N20,VIIRS,n,2,291.6,4.86,D,0
53.8826,23.95789,349.3,0.49,0.48,2019-04-24,1144,N20,VIIRS,n,2,291.11,4.86,D,0
53.87766,23.95118,337.54,0.49,0.48,2019-04-24,1144,N20,VIIRS,n,2,291.01,4.86,D,0
53.87814,23.95865,331.34,0.49,0.48,2019-04-24,1144,N20,VIIRS,n,2,290.05,4.86,D,0
54.0557,31.41086,338.01,0.49,0.65,2019-04-24,1144,N20,VIIRS,n,2,295.78,3.03,D,0
54.04308,31.71725,329.53,0.51,0.66,2019-04-24,1144,N20,VIIRS,n,2,294.91,2.2,D,0
53.9584,28.66096,326.52,0.38,0.59,2019-04-24,1144,N20,VIIRS,n,2,296.51,2.1,D,0
53.98298,31.32591,327.02,0.49,0.65,2019-04-24,1144,N20,VIIRS,n,2,293.66,1.88,D,0
53.95745,28.6619,327.33,0.38,0.59,2019-04-24,1144,N20,VIIRS,n,2,295.97,1.7,D,0
53.98201,31.32458,330.87,0.49,0.65,2019-04-24,1144,N20,VIIRS,n,2,293.86,2.54,D,0
53.64064,31.46089,326.23,0.49,0.65,2019-04-24,1144,N20,VIIRS,n,2,293.1,3.08,D,0
53.32604,27.34968,345.55,0.33,0.55,2019-04-24,1144,N20,VIIRS,n,2,303.19,2.84,D,0
53.36459,29.22101,367,0.4,0.6,2019-04-24,1144,N20,VIIRS,h,2,294.11,6.64,D,0
53.35904,29.2213,351.25,0.4,0.6,2019-04-24,1144,N20,VIIRS,n,2,303.83,15.14,D,0
53.35915,29.22739,367,0.4,0.6,2019-04-24,1144,N20,VIIRS,h,2,294.69,15.14,D,0
53.36019,29.22209,353.52,0.4,0.6,2019-04-24,1144,N20,VIIRS,n,2,305.84,31.51,D,0
53.36033,29.22818,346.62,0.4,0.6,2019-04-24,1144,N20,VIIRS,n,2,293.75,14.87,D,0
53.35477,29.22838,337.36,0.4,0.6,2019-04-24,1144,N20,VIIRS,n,2,296.35,2.11,D,0
53.05411,25.65334,337.27,0.56,0.52,2019-04-24,1144,N20,VIIRS,n,2,293.25,9.8,D,0
53.05454,25.6619,339.59,0.56,0.52,2019-04-24,1144,N20,VIIRS,n,2,294.42,10.49,D,0
53.04977,25.66252,336.6,0.56,0.52,2019-04-24,1144,N20,VIIRS,n,2,293.22,4.04,D,0
53.04089,26.09104,346.74,0.59,0.52,2019-04-24,1144,N20,VIIRS,n,2,296.21,11.02,D,0
53.04279,26.0891,342.51,0.58,0.52,2019-04-24,1144,N20,VIIRS,n,2,295.1,10.11,D,0
53.09956,29.4137,339.66,0.4,0.6,2019-04-24,1144,N20,VIIRS,n,2,296.41,3.53,D,0
53.11541,31.97633,327.03,0.52,0.67,2019-04-24,1144,N20,VIIRS,n,2,293.37,2.29,D,0
52.929,25.55062,335.9,0.55,0.51,2019-04-24,1144,N20,VIIRS,n,2,297.69,13.54,D,0
52.92942,25.55888,340.13,0.55,0.51,2019-04-24,1144,N20,VIIRS,n,2,295.44,13.54,D,0
52.79054,24.61204,342.17,0.5,0.49,2019-04-24,1144,N20,VIIRS,n,2,295.29,12.44,D,0
52.73651,24.94499,328.94,0.52,0.5,2019-04-24,1144,N20,VIIRS,n,2,289.69,4.14,D,0
52.84362,29.99048,367,0.43,0.62,2019-04-24,1144,N20,VIIRS,h,2,302.23,9.22,D,2
52.67772,25.23263,334.57,0.53,0.5,2019-04-24,1144,N20,VIIRS,n,2,293.86,9.28,D,0
52.67815,25.24061,342.36,0.54,0.5,2019-04-24,1144,N20,VIIRS,n,2,293.67,13.79,D,0
52.67348,25.24123,340.69,0.54,0.5,2019-04-24,1144,N20,VIIRS,n,2,294.93,7.71,D,0
52.67554,25.23322,336.13,0.53,0.5,2019-04-24,1144,N20,VIIRS,n,2,293.46,19.9,D,0
52.676,25.24121,347.25,0.53,0.5,2019-04-24,1144,N20,VIIRS,n,2,300.61,19.9,D,0
52.84827,29.9925,353.28,0.43,0.62,2019-04-24,1144,N20,VIIRS,n,2,302.71,4.49,D,2
52.84255,29.99269,342.99,0.43,0.62,2019-04-24,1144,N20,VIIRS,n,2,300.81,4.49,D,2
52.67378,26.1074,354.13,0.58,0.52,2019-04-24,1144,N20,VIIRS,n,2,297.66,15.2,D,0
52.54346,27.94913,329.37,0.35,0.57,2019-04-24,1144,N20,VIIRS,n,2,295.19,3.57,D,0
52.54364,27.95432,343.33,0.35,0.57,2019-04-24,1144,N20,VIIRS,n,2,296.82,3.57,D,0
52.35816,25.92959,348.05,0.57,0.52,2019-04-24,1144,N20,VIIRS,n,2,299.74,11.52,D,0
52.38903,27.29202,336.65,0.32,0.55,2019-04-24,1144,N20,VIIRS,l,2,308.74,3.4,D,0
52.27413,27.04086,344.25,0.63,0.54,2019-04-24,1144,N20,VIIRS,n,2,298.82,20.2,D,0
52.17196,27.11746,330.13,0.32,0.54,2019-04-24,1144,N20,VIIRS,n,2,293.68,5.89,D,0
52.17178,27.11275,367,0.32,0.54,2019-04-24,1144,N20,VIIRS,h,2,301.05,5.89,D,0
52.16412,27.17532,330.52,0.32,0.55,2019-04-24,1144,N20,VIIRS,n,2,297.27,2.35,D,0
52.11615,26.50542,339.54,0.6,0.53,2019-04-24,1144,N20,VIIRS,n,2,296.35,8.62,D,0
52.11937,26.50454,340.02,0.6,0.53,2019-04-24,1144,N20,VIIRS,n,2,297.22,5.81,D,0
51.92701,23.89292,333.04,0.46,0.47,2019-04-24,1144,N20,VIIRS,n,2,284.96,8.91,D,0
51.92748,23.89972,341.79,0.46,0.47,2019-04-24,1144,N20,VIIRS,n,2,289.85,8.27,D,0
51.92795,23.90651,335.27,0.46,0.47,2019-04-24,1144,N20,VIIRS,n,2,287.21,8.27,D,0
52.14004,30.69371,328.76,0.45,0.63,2019-04-24,1144,N20,VIIRS,n,2,295.64,3.63,D,0
52.05202,27.6771,355.81,0.34,0.56,2019-04-24,1144,N20,VIIRS,n,2,300.14,4.27,D,0
52.05556,27.67369,335.29,0.34,0.56,2019-04-24,1144,N20,VIIRS,n,2,300.77,1.77,D,0
52.13562,30.69372,329.57,0.45,0.63,2019-04-24,1144,N20,VIIRS,n,2,295.83,3.75,D,0
52.05059,27.6791,347.28,0.34,0.56,2019-04-24,1144,N20,VIIRS,n,2,299.5,3.67,D,0
52.04483,27.94221,326.86,0.34,0.56,2019-04-24,1144,N20,VIIRS,n,2,296.21,1.27,D,0
52.06256,29.24645,340.01,0.39,0.59,2019-04-24,1144,N20,VIIRS,n,2,300.74,4.71,D,0
51.87484,26.15727,334.72,0.58,0.52,2019-04-24,1144,N20,VIIRS,n,2,289.92,4.85,D,0
51.86662,26.16022,341.69,0.58,0.52,2019-04-24,1144,N20,VIIRS,n,2,294.98,5.9,D,0
51.8618,26.16081,328.8,0.58,0.52,2019-04-24,1144,N20,VIIRS,n,2,289.53,5.9,D,0
51.88913,29.34285,341.57,0.4,0.6,2019-04-24,1144,N20,VIIRS,n,2,299.77,4.17,D,2
51.76738,27.02086,339.32,0.63,0.54,2019-04-24,1144,N20,VIIRS,n,2,306.91,73.36,D,0
51.69949,27.30031,344.82,0.32,0.55,2019-04-24,1144,N20,VIIRS,n,2,288.76,3.33,D,0
51.69501,27.31491,356.37,0.32,0.55,2019-04-24,1144,N20,VIIRS,l,2,289.86,15.99,D,0
51.69561,27.32901,356.35,0.32,0.55,2019-04-24,1144,N20,VIIRS,l,2,289.68,15.51,D,0
51.69442,27.30077,327.41,0.32,0.55,2019-04-24,1144,N20,VIIRS,n,2,289.54,3.33,D,0
51.69462,27.30549,356.03,0.32,0.55,2019-04-24,1144,N20,VIIRS,n,2,289.34,7.08,D,0
51.69482,27.31021,343.29,0.32,0.55,2019-04-24,1144,N20,VIIRS,n,2,287.94,7.08,D,0
51.69521,27.31963,350.12,0.32,0.55,2019-04-24,1144,N20,VIIRS,n,2,296.63,15.99,D,0
51.69541,27.32433,367,0.32,0.55,2019-04-24,1144,N20,VIIRS,h,2,296.29,15.51,D,0
51.69053,27.32945,367,0.32,0.55,2019-04-24,1144,N20,VIIRS,l,2,331.94,47.43,D,0
51.68955,27.30588,340.77,0.32,0.55,2019-04-24,1144,N20,VIIRS,n,2,291.07,11.29,D,0
51.68974,27.31059,340.99,0.32,0.55,2019-04-24,1144,N20,VIIRS,n,2,290.89,11.29,D,0
51.69014,27.32002,341.65,0.32,0.55,2019-04-24,1144,N20,VIIRS,n,2,308.25,27.89,D,0
51.68994,27.3153,367,0.32,0.55,2019-04-24,1144,N20,VIIRS,h,2,294.22,27.89,D,0
51.69033,27.32474,367,0.32,0.55,2019-04-24,1144,N20,VIIRS,h,2,308.7,47.43,D,0
51.69072,27.33414,367,0.32,0.55,2019-04-24,1144,N20,VIIRS,h,2,291.84,37.95,D,0
51.68663,27.35833,207.93,0.32,0.55,2019-04-24,1144,N20,VIIRS,l,2,308.22,46.09,D,0
51.68448,27.30631,329.73,0.32,0.55,2019-04-24,1144,N20,VIIRS,n,2,291.2,11.29,D,0
51.68467,27.31102,350.46,0.32,0.55,2019-04-24,1144,N20,VIIRS,n,2,307.63,11.29,D,0
51.68507,27.32044,348.68,0.32,0.55,2019-04-24,1144,N20,VIIRS,n,2,300.92,27.89,D,0
51.68526,27.32517,350.57,0.32,0.55,2019-04-24,1144,N20,VIIRS,n,2,312.26,47.43,D,0
51.68546,27.32989,355.74,0.32,0.55,2019-04-24,1144,N20,VIIRS,n,2,303.85,47.43,D,0
51.68565,27.33461,353.06,0.32,0.55,2019-04-24,1144,N20,VIIRS,n,2,293.56,37.95,D,0
51.68604,27.34407,333.2,0.32,0.55,2019-04-24,1144,N20,VIIRS,n,2,299.16,59.55,D,0
51.68624,27.34882,349.64,0.32,0.55,2019-04-24,1144,N20,VIIRS,n,2,319.74,59.55,D,0
51.68487,27.31573,367,0.32,0.55,2019-04-24,1144,N20,VIIRS,h,2,296.55,27.89,D,0
51.68643,27.35356,367,0.32,0.55,2019-04-24,1144,N20,VIIRS,h,2,293.65,46.09,D,0
51.68682,27.3631,367,0.32,0.55,2019-04-24,1144,N20,VIIRS,h,2,297.18,44.7,D,0
51.68116,27.34929,309.18,0.32,0.55,2019-04-24,1144,N20,VIIRS,l,2,324.11,35.68,D,0
51.67922,27.3021,330.05,0.32,0.55,2019-04-24,1144,N20,VIIRS,n,2,292.71,58.84,D,0
51.67942,27.30679,339.99,0.32,0.55,2019-04-24,1144,N20,VIIRS,n,2,290.53,62.43,D,0
51.67961,27.3115,336.23,0.32,0.55,2019-04-24,1144,N20,VIIRS,n,2,289.95,62.43,D,0
51.6798,27.3162,341.94,0.32,0.55,2019-04-24,1144,N20,VIIRS,n,2,301.15,19.88,D,0
51.68019,27.32563,332.16,0.32,0.55,2019-04-24,1144,N20,VIIRS,n,2,293.37,4.72,D,0
51.68039,27.33035,331.73,0.32,0.55,2019-04-24,1144,N20,VIIRS,n,2,294.02,4.72,D,0
51.68097,27.34454,335.22,0.32,0.55,2019-04-24,1144,N20,VIIRS,n,2,294.88,35.68,D,0
51.68155,27.35884,353.07,0.32,0.55,2019-04-24,1144,N20,VIIRS,n,2,302.49,30.42,D,0
51.68233,27.37791,336.65,0.32,0.55,2019-04-24,1144,N20,VIIRS,n,2,290.08,7.78,D,0
51.67999,27.32091,367,0.32,0.55,2019-04-24,1144,N20,VIIRS,h,2,293.85,19.88,D,0
51.68136,27.35406,367,0.32,0.55,2019-04-24,1144,N20,VIIRS,h,2,305.2,30.42,D,0
51.68175,27.36363,367,0.32,0.55,2019-04-24,1144,N20,VIIRS,h,2,297.42,21.1,D,0
51.67416,27.30256,367,0.32,0.55,2019-04-24,1144,N20,VIIRS,l,2,345.8,58.84,D,0
51.67396,27.29787,328.51,0.32,0.55,2019-04-24,1144,N20,VIIRS,n,2,294.74,58.84,D,0
51.67455,27.31195,352.17,0.32,0.55,2019-04-24,1144,N20,VIIRS,n,2,308.86,62.43,D,0
51.67512,27.32611,344.71,0.32,0.55,2019-04-24,1144,N20,VIIRS,n,2,293.55,4.72,D,0
51.67609,27.34981,345.43,0.32,0.55,2019-04-24,1144,N20,VIIRS,n,2,297.28,35.68,D,0
51.67628,27.35457,354.2,0.32,0.55,2019-04-24,1144,N20,VIIRS,n,2,315.74,30.42,D,0
51.67706,27.37368,337.71,0.32,0.55,2019-04-24,1144,N20,VIIRS,n,2,295.56,7.78,D,0
51.67744,27.38317,330.48,0.32,0.55,2019-04-24,1144,N20,VIIRS,n,2,304.87,31.8,D,0
51.67435,27.30726,367,0.32,0.55,2019-04-24,1144,N20,VIIRS,h,2,336.43,62.43,D,0
51.67473,27.31666,367,0.32,0.55,2019-04-24,1144,N20,VIIRS,h,2,301.45,19.88,D,0
51.67493,27.32137,367,0.32,0.55,2019-04-24,1144,N20,VIIRS,h,2,296.33,19.88,D,0
51.67648,27.35936,367,0.32,0.55,2019-04-24,1144,N20,VIIRS,h,2,303.54,30.42,D,0
51.67725,27.37842,367,0.32,0.55,2019-04-24,1144,N20,VIIRS,h,2,296.92,7.78,D,0
51.67764,27.38792,367,0.32,0.55,2019-04-24,1144,N20,VIIRS,h,2,294.47,31.8,D,0
51.66928,27.30774,367,0.32,0.55,2019-04-24,1144,N20,VIIRS,l,2,338.2,39.33,D,0
51.66909,27.30304,352.43,0.32,0.55,2019-04-24,1144,N20,VIIRS,n,2,300.56,40.34,D,0
51.66948,27.31244,353.8,0.32,0.55,2019-04-24,1144,N20,VIIRS,n,2,310.77,39.33,D,0
51.66967,27.31715,349.69,0.32,0.55,2019-04-24,1144,N20,VIIRS,n,2,311.41,23.86,D,0
51.66986,27.32187,347.21,0.32,0.55,2019-04-24,1144,N20,VIIRS,n,2,314.81,23.86,D,0
51.67025,27.33134,334.89,0.32,0.55,2019-04-24,1144,N20,VIIRS,n,2,293.29,7.9,D,0
51.6714,27.35987,347.76,0.32,0.55,2019-04-24,1144,N20,VIIRS,n,2,302.98,4.68,D,0
51.67255,27.38843,355.53,0.32,0.55,2019-04-24,1144,N20,VIIRS,n,2,289.77,17.75,D,0
51.67274,27.39316,347.84,0.32,0.55,2019-04-24,1144,N20,VIIRS,n,2,291.9,25.89,D,0
51.67005,27.32661,367,0.32,0.55,2019-04-24,1144,N20,VIIRS,h,2,295.6,7.9,D,0
51.66422,27.30827,356.24,0.32,0.55,2019-04-24,1144,N20,VIIRS,n,2,297.6,39.33,D,0
51.6646,27.31769,356.28,0.32,0.55,2019-04-24,1144,N20,VIIRS,n,2,303.43,23.86,D,0
51.66479,27.32241,349.19,0.32,0.55,2019-04-24,1144,N20,VIIRS,n,2,295.47,23.86,D,0
51.66499,27.32714,332.68,0.32,0.55,2019-04-24,1144,N20,VIIRS,n,2,294.17,7.9,D,0
51.66747,27.38889,353.44,0.32,0.55,2019-04-24,1144,N20,VIIRS,n,2,297.09,17.75,D,0
51.66766,27.39362,345.74,0.32,0.55,2019-04-24,1144,N20,VIIRS,n,2,314.71,25.89,D,0
51.66784,27.39836,340.35,0.32,0.55,2019-04-24,1144,N20,VIIRS,n,2,295.19,25.89,D,0
51.66441,27.31298,367,0.32,0.55,2019-04-24,1144,N20,VIIRS,h,2,302.75,39.33,D,0
51.65934,27.31349,342.44,0.32,0.55,2019-04-24,1144,N20,VIIRS,n,2,294.62,5,D,0
51.65953,27.31822,354.7,0.32,0.55,2019-04-24,1144,N20,VIIRS,n,2,297.12,5.26,D,0
51.65973,27.32293,332.28,0.32,0.55,2019-04-24,1144,N20,VIIRS,n,2,294.97,5.26,D,0
51.65991,27.32764,341.41,0.32,0.55,2019-04-24,1144,N20,VIIRS,n,2,295.18,4.41,D,0
51.66238,27.38934,355.78,0.32,0.55,2019-04-24,1144,N20,VIIRS,n,2,301.5,30.25,D,0
51.66257,27.39406,367,0.32,0.55,2019-04-24,1144,N20,VIIRS,h,2,329.96,49.57,D,0
51.66276,27.39882,367,0.32,0.55,2019-04-24,1144,N20,VIIRS,h,2,299.33,49.57,D,0
51.65466,27.32343,355.19,0.32,0.55,2019-04-24,1144,N20,VIIRS,n,2,296.39,5.26,D,0
51.65485,27.32815,335.9,0.32,0.55,2019-04-24,1144,N20,VIIRS,n,2,292.62,4.41,D,0
51.65749,27.39459,352.42,0.32,0.55,2019-04-24,1144,N20,VIIRS,n,2,302.73,49.57,D,0
51.65786,27.40413,352.07,0.32,0.55,2019-04-24,1144,N20,VIIRS,n,2,293.57,41.79,D,0
51.65767,27.39935,367,0.32,0.55,2019-04-24,1144,N20,VIIRS,h,2,338.68,49.57,D,0
51.65259,27.39986,353.21,0.32,0.55,2019-04-24,1144,N20,VIIRS,n,2,300.96,10.5,D,0
51.64978,27.32864,367,0.32,0.55,2019-04-24,1144,N20,VIIRS,h,2,297.81,6.3,D,0
51.64997,27.33338,367,0.32,0.55,2019-04-24,1144,N20,VIIRS,h,2,294.97,6.3,D,0
51.65278,27.40462,367,0.32,0.55,2019-04-24,1144,N20,VIIRS,h,2,295.78,6.51,D,0
51.64489,27.33386,345.53,0.32,0.55,2019-04-24,1144,N20,VIIRS,n,2,294.31,6.3,D,0
51.64508,27.3386,367,0.32,0.55,2019-04-24,1144,N20,VIIRS,h,2,294.5,9.24,D,0
51.64769,27.4051,367,0.32,0.55,2019-04-24,1144,N20,VIIRS,h,2,301.86,6.51,D,0
51.64001,27.33905,354.33,0.32,0.55,2019-04-24,1144,N20,VIIRS,n,2,294.95,6.1,D,0
51.6402,27.34382,353.2,0.32,0.55,2019-04-24,1144,N20,VIIRS,n,2,294.47,6.1,D,0
51.6426,27.40558,350.6,0.32,0.55,2019-04-24,1144,N20,VIIRS,n,2,306.49,16.09,D,0
51.64279,27.41031,367,0.32,0.55,2019-04-24,1144,N20,VIIRS,h,2,298.32,16.09,D,0
51.63549,27.3538,339.9,0.32,0.55,2019-04-24,1144,N20,VIIRS,n,2,295.19,6.71,D,0
51.63752,27.40608,351.49,0.32,0.55,2019-04-24,1144,N20,VIIRS,n,2,306.54,16.09,D,0
51.6377,27.41082,367,0.32,0.55,2019-04-24,1144,N20,VIIRS,h,2,307.44,16.09,D,0
51.63261,27.41135,340.82,0.32,0.55,2019-04-24,1144,N20,VIIRS,n,2,294.95,13.37,D,0
51.6259,27.36906,343.29,0.32,0.55,2019-04-24,1144,N20,VIIRS,n,2,297.24,5.31,D,0
51.62644,27.38325,331.76,0.32,0.55,2019-04-24,1144,N20,VIIRS,n,2,300.79,2.15,D,0
51.62753,27.41186,350.43,0.32,0.55,2019-04-24,1144,N20,VIIRS,n,2,308.3,13.37,D,0
51.61736,27.27975,330.17,0.32,0.55,2019-04-24,1144,N20,VIIRS,n,2,295.8,14.65,D,0
51.61754,27.28443,355.03,0.32,0.55,2019-04-24,1144,N20,VIIRS,n,2,306.59,32.46,D,0
51.62567,27.4985,330.68,0.33,0.55,2019-04-24,1144,N20,VIIRS,n,2,299.77,2.12,D,0
51.61773,27.28913,367,0.32,0.55,2019-04-24,1144,N20,VIIRS,h,2,293.28,32.46,D,0
51.61176,27.26619,342.55,0.32,0.55,2019-04-24,1144,N20,VIIRS,n,2,296.96,4.62,D,0
51.61248,27.28491,336.66,0.32,0.55,2019-04-24,1144,N20,VIIRS,n,2,298.28,32.46,D,0
51.61628,27.3843,340.03,0.32,0.55,2019-04-24,1144,N20,VIIRS,n,2,300.12,2.87,D,0
51.61194,27.27089,367,0.32,0.55,2019-04-24,1144,N20,VIIRS,h,2,296.12,4.62,D,0
51.61284,27.29431,367,0.32,0.55,2019-04-24,1144,N20,VIIRS,h,2,298.88,38.61,D,0
55.35374,30.6659,327.63,0.46,0.64,2019-04-24,1145,N20,VIIRS,n,2,294.81,2.31,D,0
55.33821,26.83019,330.89,0.33,0.55,2019-04-24,1145,N20,VIIRS,n,2,296.56,2.94,D,0
55.34331,26.82967,328.44,0.33,0.55,2019-04-24,1145,N20,VIIRS,n,2,298.3,3.04,D,0
55.34313,26.82448,344.78,0.33,0.55,2019-04-24,1145,N20,VIIRS,n,2,298.25,3.04,D,0
55.34824,26.82396,328.29,0.33,0.55,2019-04-24,1145,N20,VIIRS,n,2,296.84,3.04,D,0
55.34806,26.81876,346.34,0.33,0.55,2019-04-24,1145,N20,VIIRS,n,2,298.36,3.8,D,0
55.34787,26.81347,332.69,0.33,0.55,2019-04-24,1145,N20,VIIRS,n,2,296.02,3.8,D,0
55.35315,26.81821,367,0.33,0.55,2019-04-24,1145,N20,VIIRS,h,2,302.3,14.59,D,0
55.35334,26.82344,339.08,0.33,0.55,2019-04-24,1145,N20,VIIRS,n,2,296.71,8.1,D,0
55.35297,26.81294,351.01,0.33,0.55,2019-04-24,1145,N20,VIIRS,n,2,302.8,14.59,D,0
55.5372,27.13275,325.93,0.34,0.56,2019-04-24,1145,N20,VIIRS,n,2,294.54,2.51,D,0
55.69155,28.20696,325.89,0.37,0.58,2019-04-24,1145,N20,VIIRS,l,2,296.52,1.45,D,0
55.26503,29.23456,328.58,0.41,0.6,2019-04-24,1145,N20,VIIRS,n,2,296.86,3.39,D,0
55.26141,28.67404,341.54,0.39,0.59,2019-04-24,1145,N20,VIIRS,n,2,296.36,5.83,D,0
55.27143,28.62409,338.15,0.38,0.59,2019-04-24,1145,N20,VIIRS,n,2,295.55,3.37,D,0
55.30648,30.71839,348.28,0.47,0.64,2019-04-24,1145,N20,VIIRS,n,2,294.95,5.44,D,0
53.19817,32.39274,334.28,0.39,0.36,2019-04-24,2355,N20,VIIRS,n,2,274.68,3.4,N,0
53.92205,23.86037,326.77,0.47,0.48,2019-04-24,2355,N20,VIIRS,n,2,284.18,3.08,N,0
53.91862,23.91086,301.09,0.47,0.48,2019-04-24,2355,N20,VIIRS,n,2,281.71,0.43,N,0
53.91619,23.88115,306.01,0.47,0.48,2019-04-24,2355,N20,VIIRS,n,2,282.78,1.39,N,0
53.9118,23.88039,308.26,0.47,0.48,2019-04-24,2355,N20,VIIRS,n,2,282.44,1.39,N,0
53.91131,23.88764,312.38,0.47,0.48,2019-04-24,2355,N20,VIIRS,n,2,282.53,1.37,N,0
53.90692,23.88685,318.07,0.47,0.48,2019-04-24,2355,N20,VIIRS,n,2,283.19,2.36,N,0
53.90399,23.86432,301.59,0.47,0.48,2019-04-24,2355,N20,VIIRS,n,2,284.04,1.56,N,0
53.90253,23.88602,316.23,0.47,0.48,2019-04-24,2355,N20,VIIRS,n,2,282.4,2.36,N,0
53.89865,23.9434,304.37,0.47,0.47,2019-04-24,2355,N20,VIIRS,n,2,278.33,0.4,N,0
53.89959,23.86348,320.11,0.47,0.48,2019-04-24,2355,N20,VIIRS,n,2,282.46,2.43,N,0
53.89911,23.87075,307.95,0.47,0.48,2019-04-24,2355,N20,VIIRS,n,2,283.91,1.44,N,0
53.89428,23.94252,299.85,0.47,0.47,2019-04-24,2355,N20,VIIRS,n,2,278.4,0.53,N,0
53.89135,23.92013,323.8,0.47,0.48,2019-04-24,2355,N20,VIIRS,n,2,279.43,2.48,N,0
53.89472,23.86987,309.92,0.47,0.48,2019-04-24,2355,N20,VIIRS,n,2,282.39,1.44,N,0
53.89424,23.87711,299.79,0.47,0.48,2019-04-24,2355,N20,VIIRS,n,2,282.71,1.44,N,0
53.88408,23.96226,314.43,0.47,0.47,2019-04-24,2355,N20,VIIRS,n,2,278.4,1.61,N,0
53.88985,23.87622,296.21,0.47,0.48,2019-04-24,2355,N20,VIIRS,n,2,281.28,0.45,N,0
53.88498,23.8826,295.61,0.47,0.48,2019-04-24,2355,N20,VIIRS,n,2,281.67,1.61,N,0
53.8845,23.88981,314.02,0.47,0.48,2019-04-24,2355,N20,VIIRS,n,2,282.97,1.61,N,0
53.36654,29.23035,325.26,0.45,0.39,2019-04-24,2355,N20,VIIRS,n,2,273.37,2.4,N,0
53.36481,29.22954,304.3,0.45,0.39,2019-04-24,2355,N20,VIIRS,n,2,272.1,1.05,N,0
53.36403,29.23629,306.92,0.45,0.39,2019-04-24,2355,N20,VIIRS,n,2,270.71,1.05,N,0
53.36165,29.19347,297.03,0.45,0.39,2019-04-24,2355,N20,VIIRS,n,2,274.24,0.65,N,0
52.85019,29.99597,297.01,0.43,0.38,2019-04-24,2355,N20,VIIRS,n,2,279.21,1.64,N,2
52.84752,29.9885,325.98,0.43,0.38,2019-04-24,2355,N20,VIIRS,n,2,282.92,8.48,N,2
53.27129,24.43929,309.56,0.44,0.46,2019-04-24,2355,N20,VIIRS,n,2,280.93,2.36,N,2
53.27286,24.44013,308.59,0.44,0.46,2019-04-24,2355,N20,VIIRS,n,2,280.46,1.23,N,2
52.85267,25.95022,325.42,0.57,0.43,2019-04-24,2355,N20,VIIRS,n,2,276.7,3.23,N,0
52.8487,25.94924,320.58,0.57,0.43,2019-04-24,2355,N20,VIIRS,n,2,275.87,3.23,N,0
54.87934,29.57828,303.64,0.46,0.39,2019-04-24,2355,N20,VIIRS,n,2,272.48,1.17,N,0
53.3954,32.0155,305.6,0.4,0.37,2019-04-24,2355,N20,VIIRS,n,2,281.26,1.69,N,2
53.31242,32.26088,295.49,0.39,0.36,2019-04-24,2355,N20,VIIRS,n,2,274.48,0.53,N,0
51.69395,27.36633,309.72,0.49,0.41,2019-04-24,2356,N20,VIIRS,n,2,282.53,1.78,N,0
51.62098,27.28901,295.84,0.5,0.41,2019-04-24,2356,N20,VIIRS,n,2,280.43,1.88,N,0
51.62325,27.26757,316.74,0.5,0.41,2019-04-24,2356,N20,VIIRS,n,2,279.48,1.96,N,0
51.62469,27.29001,317.03,0.5,0.41,2019-04-24,2356,N20,VIIRS,n,2,281.23,2,N,0
51.6284,27.291,303.32,0.5,0.41,2019-04-24,2356,N20,VIIRS,n,2,275.89,2,N,0
51.63658,27.2859,300.81,0.5,0.41,2019-04-24,2356,N20,VIIRS,n,2,274.75,1.81,N,0
51.62502,27.29612,305.91,0.5,0.41,2019-04-24,2356,N20,VIIRS,n,2,275.96,1.22,N,0
51.62574,27.28899,312.44,0.5,0.41,2019-04-24,2356,N20,VIIRS,n,2,280.84,2.78,N,0
51.63092,27.27571,295.7,0.5,0.41,2019-04-24,2356,N20,VIIRS,n,2,279.1,1.48,N,0
51.63761,27.28488,303.36,0.5,0.41,2019-04-24,2356,N20,VIIRS,n,2,275.23,1.97,N,0
51.62737,27.42107,304.45,0.49,0.4,2019-04-24,2356,N20,VIIRS,n,2,275.75,0.96,N,0
51.63398,27.35723,300.18,0.49,0.41,2019-04-24,2356,N20,VIIRS,n,2,281.06,1.62,N,0
51.63107,27.42209,296.62,0.49,0.4,2019-04-24,2356,N20,VIIRS,n,2,272.36,0.96,N,0
51.61212,27.26454,326.89,0.5,0.41,2019-04-24,2356,N20,VIIRS,n,2,275.64,3.76,N,0
51.63768,27.35824,305.99,0.49,0.41,2019-04-24,2356,N20,VIIRS,n,2,282.58,1.62,N,0
51.64062,27.32976,303.57,0.49,0.41,2019-04-24,2356,N20,VIIRS,n,2,278.56,3.57,N,0
51.64577,27.27972,300.06,0.5,0.41,2019-04-24,2356,N20,VIIRS,n,2,279.83,1.72,N,0
51.63989,27.3369,340.08,0.49,0.41,2019-04-24,2356,N20,VIIRS,n,2,281.04,3.57,N,0
51.64503,27.28691,326.68,0.5,0.41,2019-04-24,2356,N20,VIIRS,n,2,278.71,3.18,N,0
51.64359,27.33789,305.87,0.49,0.41,2019-04-24,2356,N20,VIIRS,n,2,280.1,2.71,N,0
51.64507,27.32362,299.94,0.49,0.41,2019-04-24,2356,N20,VIIRS,n,2,275.85,4.65,N,0
51.64433,27.33077,336.15,0.49,0.41,2019-04-24,2356,N20,VIIRS,n,2,283.79,2.71,N,0
51.64948,27.28073,336.86,0.5,0.41,2019-04-24,2356,N20,VIIRS,n,2,283.83,7.02,N,0
51.63919,27.41706,309.71,0.49,0.4,2019-04-24,2356,N20,VIIRS,n,2,277.96,1.26,N,0
51.64804,27.33178,308.16,0.49,0.41,2019-04-24,2356,N20,VIIRS,n,2,283.41,2.71,N,0
51.64877,27.32463,346.91,0.49,0.41,2019-04-24,2356,N20,VIIRS,n,2,282.16,4.65,N,0
51.64288,27.41808,298.17,0.49,0.4,2019-04-24,2356,N20,VIIRS,n,2,277.98,2.13,N,0
51.64362,27.41101,303.17,0.49,0.4,2019-04-24,2356,N20,VIIRS,n,2,279.35,1.9,N,0
51.65248,27.32565,317.41,0.49,0.41,2019-04-24,2356,N20,VIIRS,n,2,284.6,3.15,N,0
51.65322,27.3185,329.44,0.49,0.41,2019-04-24,2356,N20,VIIRS,n,2,282.74,3.15,N,0
51.65693,27.31952,318.06,0.49,0.41,2019-04-24,2356,N20,VIIRS,n,2,286,3.15,N,0
51.64731,27.41202,325.78,0.49,0.4,2019-04-24,2356,N20,VIIRS,n,2,281.56,1.9,N,0
51.65766,27.31237,330.11,0.5,0.41,2019-04-24,2356,N20,VIIRS,n,2,282.49,4.36,N,0
51.65175,27.40592,298.17,0.49,0.4,2019-04-24,2356,N20,VIIRS,n,2,281.1,2.85,N,0
51.66138,27.31338,309.11,0.5,0.41,2019-04-24,2356,N20,VIIRS,n,2,283.34,3.15,N,0
51.65101,27.41302,329.54,0.49,0.4,2019-04-24,2356,N20,VIIRS,n,2,282.66,2.85,N,0
51.66211,27.30623,338.99,0.5,0.41,2019-04-24,2356,N20,VIIRS,n,2,281.56,3.15,N,0
51.6547,27.41402,314.67,0.49,0.4,2019-04-24,2356,N20,VIIRS,n,2,278.84,2.85,N,0
51.66508,27.31441,307.88,0.5,0.41,2019-04-24,2356,N20,VIIRS,n,2,283.81,3.15,N,0
51.66656,27.30009,312.1,0.5,0.41,2019-04-24,2356,N20,VIIRS,n,2,277.92,2.7,N,0
51.66582,27.30725,334.49,0.5,0.41,2019-04-24,2356,N20,VIIRS,n,2,287.81,3.15,N,0
51.6673,27.32971,302.41,0.49,0.41,2019-04-24,2356,N20,VIIRS,n,2,283.14,1.75,N,0
51.66805,27.32258,319.17,0.49,0.41,2019-04-24,2356,N20,VIIRS,n,2,287.4,1.75,N,0
51.66879,27.31543,303.51,0.5,0.41,2019-04-24,2356,N20,VIIRS,n,2,280.34,1.22,N,0
51.67028,27.3011,329.77,0.5,0.41,2019-04-24,2356,N20,VIIRS,n,2,281.49,3.84,N,0
51.67101,27.33074,301.16,0.49,0.41,2019-04-24,2356,N20,VIIRS,n,2,283.19,1.75,N,0
51.67175,27.3236,307.68,0.49,0.41,2019-04-24,2356,N20,VIIRS,n,2,283.26,1.75,N,0
51.6725,27.31645,298.37,0.5,0.41,2019-04-24,2356,N20,VIIRS,n,2,278.58,1.22,N,0
51.67399,27.30211,308.77,0.5,0.41,2019-04-24,2356,N20,VIIRS,n,2,279.88,3.84,N,0
51.67846,27.25902,296.58,0.5,0.41,2019-04-24,2356,N20,VIIRS,n,2,275.18,0.83,N,0
51.67473,27.29494,322.74,0.5,0.41,2019-04-24,2356,N20,VIIRS,n,2,279.38,3.84,N,0
51.67397,27.33889,304.94,0.49,0.41,2019-04-24,2356,N20,VIIRS,n,2,283.94,1.55,N,0
51.67471,27.33175,301.79,0.49,0.41,2019-04-24,2356,N20,VIIRS,n,2,283.76,1.74,N,0
51.6777,27.30312,311.26,0.5,0.41,2019-04-24,2356,N20,VIIRS,n,2,278.78,1.54,N,0
51.67844,27.29594,322.81,0.5,0.41,2019-04-24,2356,N20,VIIRS,n,2,280.91,1.54,N,0
51.67097,27.40392,299.46,0.49,0.4,2019-04-24,2356,N20,VIIRS,n,2,275.58,1.63,N,0
51.67619,27.35415,298.59,0.49,0.41,2019-04-24,2356,N20,VIIRS,n,2,276.92,0.86,N,0
51.67693,27.34703,296.3,0.49,0.41,2019-04-24,2356,N20,VIIRS,n,2,281.3,1.55,N,0
51.67768,27.33991,305.9,0.49,0.41,2019-04-24,2356,N20,VIIRS,n,2,284.12,1.55,N,0
51.67842,27.33277,307.96,0.49,0.41,2019-04-24,2356,N20,VIIRS,n,2,284.59,1.74,N,0
51.68216,27.29694,297.91,0.5,0.41,2019-04-24,2356,N20,VIIRS,n,2,280.04,1.54,N,0
51.67466,27.40494,304.76,0.49,0.4,2019-04-24,2356,N20,VIIRS,n,2,273.76,1.2,N,0
51.67989,27.35517,295.21,0.49,0.41,2019-04-24,2356,N20,VIIRS,n,2,279.02,1.68,N,0
51.68064,27.34805,315.86,0.49,0.41,2019-04-24,2356,N20,VIIRS,n,2,285.47,3.23,N,0
51.68138,27.34092,316.74,0.49,0.41,2019-04-24,2356,N20,VIIRS,n,2,283.08,3.23,N,0
51.68213,27.33377,295.57,0.49,0.41,2019-04-24,2356,N20,VIIRS,n,2,282.18,1.33,N,0
51.68362,27.31947,299.36,0.5,0.41,2019-04-24,2356,N20,VIIRS,n,2,277.37,1.16,N,0
51.68512,27.30514,333.15,0.5,0.41,2019-04-24,2356,N20,VIIRS,n,2,278.68,15.02,N,0
51.68434,27.34906,315.74,0.49,0.41,2019-04-24,2356,N20,VIIRS,n,2,285.62,3.23,N,0
51.68583,27.33478,299.22,0.49,0.41,2019-04-24,2356,N20,VIIRS,n,2,282.22,1.33,N,0
51.68733,27.32047,295.84,0.5,0.41,2019-04-24,2356,N20,VIIRS,n,2,277.76,1.16,N,0
51.68958,27.29894,314.99,0.5,0.41,2019-04-24,2356,N20,VIIRS,n,2,280.98,15.02,N,0
51.69033,27.29177,297.28,0.5,0.41,2019-04-24,2356,N20,VIIRS,n,2,279.42,1.14,N,0
51.68509,27.34192,333.59,0.49,0.41,2019-04-24,2356,N20,VIIRS,n,2,287.11,3.23,N,0
51.68883,27.30613,341.17,0.5,0.41,2019-04-24,2356,N20,VIIRS,n,2,292.39,15.02,N,0
51.68655,27.3643,297.79,0.49,0.41,2019-04-24,2356,N20,VIIRS,n,2,279.07,1.85,N,0
51.6873,27.35719,317.91,0.49,0.41,2019-04-24,2356,N20,VIIRS,n,2,285.55,1.85,N,0
51.68805,27.35007,316.02,0.49,0.41,2019-04-24,2356,N20,VIIRS,n,2,286.19,3.17,N,0
51.6903,27.32862,315.01,0.49,0.41,2019-04-24,2356,N20,VIIRS,n,2,279.35,1.93,N,0
51.68879,27.34294,324.55,0.49,0.41,2019-04-24,2356,N20,VIIRS,n,2,288.91,3.17,N,0
51.68954,27.33579,325,0.49,0.41,2019-04-24,2356,N20,VIIRS,n,2,283.46,1.93,N,0
51.69405,27.29277,339.43,0.5,0.41,2019-04-24,2356,N20,VIIRS,n,2,281.31,3.58,N,0
51.46658,29.32519,302.34,0.43,0.38,2019-04-24,2356,N20,VIIRS,n,2,276.26,1.26,N,0
51.68726,27.39378,319.65,0.49,0.4,2019-04-24,2356,N20,VIIRS,n,2,276.06,2.76,N,0
51.6895,27.37242,303.13,0.49,0.41,2019-04-24,2356,N20,VIIRS,n,2,279.43,1.55,N,0
51.69025,27.36532,309.83,0.49,0.41,2019-04-24,2356,N20,VIIRS,n,2,283.57,1.85,N,0
51.691,27.35821,305.56,0.49,0.41,2019-04-24,2356,N20,VIIRS,n,2,282.95,1.85,N,0
51.69175,27.35108,319.18,0.49,0.41,2019-04-24,2356,N20,VIIRS,n,2,286.9,3.17,N,0
51.6925,27.34395,317.05,0.49,0.41,2019-04-24,2356,N20,VIIRS,n,2,286.39,3.17,N,0
51.69325,27.3368,306.64,0.49,0.41,2019-04-24,2356,N20,VIIRS,n,2,284.43,1.93,N,0
51.694,27.32962,297.64,0.49,0.41,2019-04-24,2356,N20,VIIRS,n,2,281,1.93,N,0
51.69851,27.2866,306.56,0.5,0.41,2019-04-24,2356,N20,VIIRS,n,2,278.86,3.58,N,0
51.47004,29.32627,305.49,0.43,0.38,2019-04-24,2356,N20,VIIRS,n,2,278.16,2.43,N,0
51.47079,29.32012,307.13,0.43,0.38,2019-04-24,2356,N20,VIIRS,n,2,278.33,1.48,N,0
51.47155,29.31396,303.54,0.43,0.38,2019-04-24,2356,N20,VIIRS,n,2,276.15,1.48,N,0
51.6932,27.37345,313.17,0.49,0.41,2019-04-24,2356,N20,VIIRS,n,2,283.13,2.27,N,0
51.6947,27.35921,305.98,0.49,0.41,2019-04-24,2356,N20,VIIRS,n,2,283.74,1.78,N,0
51.69545,27.35209,315.78,0.49,0.41,2019-04-24,2356,N20,VIIRS,n,2,286.31,2.69,N,0
51.69621,27.34495,315.61,0.49,0.41,2019-04-24,2356,N20,VIIRS,n,2,286.32,2.69,N,0
51.69696,27.3378,311.77,0.49,0.41,2019-04-24,2356,N20,VIIRS,n,2,286.03,1.28,N,0
51.69771,27.33062,295.73,0.49,0.41,2019-04-24,2356,N20,VIIRS,n,2,280.81,1.28,N,0
51.47425,29.32121,313.81,0.43,0.38,2019-04-24,2356,N20,VIIRS,n,2,280.53,1.48,N,0
51.6954,27.38868,307.07,0.49,0.4,2019-04-24,2356,N20,VIIRS,n,2,276.02,2.17,N,0
51.69691,27.37446,307.21,0.49,0.41,2019-04-24,2356,N20,VIIRS,n,2,283.45,2.27,N,0
51.69766,27.36733,297.93,0.49,0.41,2019-04-24,2356,N20,VIIRS,n,2,282.5,1.78,N,0
51.69841,27.3602,310.57,0.49,0.41,2019-04-24,2356,N20,VIIRS,n,2,285.01,1.78,N,0
51.69916,27.35307,319.16,0.49,0.41,2019-04-24,2356,N20,VIIRS,n,2,287.26,2.69,N,0
51.69991,27.34594,316.78,0.49,0.41,2019-04-24,2356,N20,VIIRS,n,2,286.66,2.69,N,0
51.70067,27.33878,302.85,0.49,0.41,2019-04-24,2356,N20,VIIRS,n,2,283.29,1.28,N,0
51.70142,27.33161,296.99,0.49,0.41,2019-04-24,2356,N20,VIIRS,n,2,282.5,1.28,N,0
51.4735,29.32735,324.61,0.43,0.38,2019-04-24,2356,N20,VIIRS,n,2,282.03,2.43,N,0
51.70061,27.37545,299.48,0.49,0.41,2019-04-24,2356,N20,VIIRS,n,2,280.28,1.04,N,0
51.70362,27.34691,295.83,0.49,0.41,2019-04-24,2356,N20,VIIRS,n,2,279.83,1.53,N,0
51.47771,29.32229,338.06,0.43,0.38,2019-04-24,2356,N20,VIIRS,n,2,284.48,2.78,N,0
51.48194,29.3172,299.79,0.43,0.38,2019-04-24,2356,N20,VIIRS,n,2,279.23,2.78,N,0
51.48117,29.32336,327.26,0.43,0.38,2019-04-24,2356,N20,VIIRS,n,2,283.15,2.78,N,0
51.48388,29.3306,297.14,0.43,0.38,2019-04-24,2356,N20,VIIRS,n,2,281.14,2.74,N,0
51.48581,29.34399,297.13,0.43,0.38,2019-04-24,2356,N20,VIIRS,n,2,275.25,0.64,N,0
51.71172,27.37844,299.96,0.49,0.41,2019-04-24,2356,N20,VIIRS,n,2,273.82,1.28,N,0
51.71694,27.36519,301.29,0.49,0.41,2019-04-24,2356,N20,VIIRS,n,2,273.03,1.56,N,0
51.72291,27.34479,306.17,0.49,0.41,2019-04-24,2356,N20,VIIRS,n,2,276.44,1.28,N,0
51.56437,28.90142,303.16,0.44,0.39,2019-04-24,2356,N20,VIIRS,n,2,279.48,2.35,N,0
51.57667,28.95122,296.23,0.44,0.38,2019-04-24,2356,N20,VIIRS,n,2,272.57,1.63,N,0
51.57742,28.94489,332.99,0.44,0.38,2019-04-24,2356,N20,VIIRS,n,2,275.87,4.5,N,0
51.58092,28.94597,316.34,0.44,0.38,2019-04-24,2356,N20,VIIRS,n,2,275.79,1.68,N,0
51.58167,28.93962,312.65,0.44,0.38,2019-04-24,2356,N20,VIIRS,n,2,276.55,1.68,N,0
51.58442,28.94704,315.16,0.44,0.38,2019-04-24,2356,N20,VIIRS,n,2,273.86,1.68,N,0
51.58793,28.94813,302.73,0.44,0.38,2019-04-24,2356,N20,VIIRS,n,2,274.82,0.9,N,0
51.50053,30.5375,295.56,0.41,0.37,2019-04-24,2356,N20,VIIRS,n,2,274.42,0.37,N,0
51.50389,30.53865,300.44,0.41,0.37,2019-04-24,2356,N20,VIIRS,n,2,274.68,0.64,N,0
51.50724,30.5398,309.27,0.41,0.37,2019-04-24,2356,N20,VIIRS,n,2,275.99,0.64,N,0
51.89163,29.33945,299.16,0.43,0.38,2019-04-24,2356,N20,VIIRS,n,2,277.4,0.83,N,2
52.14474,27.09678,314.32,0.51,0.41,2019-04-24,2356,N20,VIIRS,n,2,277.86,1.75,N,0
51.8951,29.34056,320.33,0.43,0.38,2019-04-24,2356,N20,VIIRS,n,2,280.57,1.71,N,2
52.16575,27.15586,309.3,0.51,0.41,2019-04-24,2356,N20,VIIRS,n,2,275.35,1.2,N,0
52.16722,27.1791,309.7,0.51,0.41,2019-04-24,2356,N20,VIIRS,n,2,276.28,1.39,N,0
52.4355,27.89931,312.52,0.48,0.4,2019-04-24,2356,N20,VIIRS,n,2,275.04,1.45,N,0
52.43916,27.90037,310.68,0.48,0.4,2019-04-24,2356,N20,VIIRS,n,2,272.76,1.15,N,0
53.36533,29.2299,306.31,0.52,0.67,2019-04-25,0135,N20,VIIRS,n,2,271.5,1.41,N,0
52.8487,29.98759,310.5,0.58,0.7,2019-04-25,0135,N20,VIIRS,n,2,276.98,2.03,N,2
52.84614,29.9859,308.93,0.58,0.7,2019-04-25,0135,N20,VIIRS,n,2,276.37,2.91,N,2
53.27057,24.44274,316.41,0.35,0.57,2019-04-25,0136,N20,VIIRS,n,2,281.94,1.84,N,2
52.84856,25.95273,323.42,0.42,0.61,2019-04-25,0136,N20,VIIRS,n,2,275.63,3.91,N,0
52.85036,25.94726,332.71,0.42,0.61,2019-04-25,0136,N20,VIIRS,n,2,275.76,4.43,N,0
51.88662,29.34399,299,0.6,0.71,2019-04-25,0136,N20,VIIRS,n,2,277.01,2.99,N,2
51.57466,28.94248,301.65,0.6,0.7,2019-04-25,0136,N20,VIIRS,n,2,270.34,1.54,N,0
51.57848,28.94875,320.99,0.6,0.7,2019-04-25,0136,N20,VIIRS,n,2,272.15,2.53,N,0
52.14484,27.0947,308.4,0.49,0.65,2019-04-25,0136,N20,VIIRS,n,2,275.95,1.41,N,0
52.14584,27.09848,314.63,0.49,0.65,2019-04-25,0136,N20,VIIRS,n,2,275.66,1.68,N,0
51.59859,27.68087,299.87,0.54,0.68,2019-04-25,0136,N20,VIIRS,n,2,271.65,0.77,N,0
51.69492,27.37098,295.66,0.52,0.67,2019-04-25,0136,N20,VIIRS,n,2,279.45,2.98,N,0
51.68788,27.39078,308.26,0.52,0.67,2019-04-25,0136,N20,VIIRS,n,2,273.35,1.17,N,0
51.69122,27.34143,299.07,0.52,0.67,2019-04-25,0136,N20,VIIRS,n,2,280.96,1.42,N,0
51.68888,27.348,295.78,0.52,0.67,2019-04-25,0136,N20,VIIRS,n,2,280.99,1.42,N,0
51.68353,27.34309,301.05,0.52,0.67,2019-04-25,0136,N20,VIIRS,n,2,280.6,1.42,N,0
51.68975,27.30566,343.56,0.51,0.66,2019-04-25,0136,N20,VIIRS,n,2,280,3.5,N,0
51.69435,27.29273,317.22,0.51,0.66,2019-04-25,0136,N20,VIIRS,n,2,277.52,5.3,N,0
51.64992,27.41734,316.11,0.52,0.67,2019-04-25,0136,N20,VIIRS,n,2,275.68,2.29,N,0
51.68439,27.30078,312.4,0.51,0.66,2019-04-25,0136,N20,VIIRS,n,2,276.19,3.5,N,0
51.64456,27.41237,297.11,0.52,0.67,2019-04-25,0136,N20,VIIRS,n,2,277.93,2.29,N,0
51.69373,27.3711,296.92,0.52,0.67,2019-04-25,0136,N20,VIIRS,n,2,279.03,2.01,N,0
51.68678,27.39098,309.5,0.52,0.67,2019-04-25,0136,N20,VIIRS,n,2,272.99,1.71,N,0
51.6976,27.33979,296.23,0.52,0.67,2019-04-25,0136,N20,VIIRS,n,2,280.98,1.87,N,0
51.69301,27.35291,295.12,0.52,0.67,2019-04-25,0136,N20,VIIRS,n,2,280.2,1.75,N,0
51.68997,27.34139,299.79,0.52,0.67,2019-04-25,0136,N20,VIIRS,n,2,280.81,1.87,N,0
51.68766,27.348,295.27,0.52,0.67,2019-04-25,0136,N20,VIIRS,n,2,280.55,1.75,N,0
51.68231,27.34304,299.39,0.52,0.67,2019-04-25,0136,N20,VIIRS,n,2,280.37,2.41,N,0
51.68842,27.30541,350.97,0.52,0.66,2019-04-25,0136,N20,VIIRS,n,2,280.17,8.51,N,0
51.69296,27.29244,317.43,0.51,0.66,2019-04-25,0136,N20,VIIRS,n,2,277.77,3.35,N,0
51.64905,27.41763,315.38,0.52,0.67,2019-04-25,0136,N20,VIIRS,n,2,276.33,2.61,N,0
51.67772,27.29561,301.64,0.52,0.66,2019-04-25,0136,N20,VIIRS,n,2,277.94,2.3,N,0
51.67545,27.30211,307.3,0.52,0.66,2019-04-25,0136,N20,VIIRS,n,2,277.5,1.94,N,0
51.66012,27.30544,310.75,0.52,0.67,2019-04-25,0136,N20,VIIRS,n,2,278.77,3.79,N,0
51.65782,27.312,307.7,0.52,0.67,2019-04-25,0136,N20,VIIRS,n,2,279.85,3.79,N,0
51.66242,27.2989,312.7,0.52,0.67,2019-04-25,0136,N20,VIIRS,n,2,277.32,4.23,N,0
51.62823,27.41616,295.52,0.52,0.67,2019-04-25,0136,N20,VIIRS,n,2,274.23,1.1,N,0
53.89348,23.93987,303.12,0.32,0.55,2019-04-25,0136,N20,VIIRS,n,2,277.55,0.59,N,0
53.26111,24.44984,300.55,0.35,0.57,2019-04-25,0136,N20,VIIRS,n,2,280.96,2.11,N,2
53.26292,24.44819,298.59,0.35,0.57,2019-04-25,0136,N20,VIIRS,n,2,280.69,1.65,N,2
53.89624,23.87239,310.46,0.32,0.55,2019-04-25,0136,N20,VIIRS,n,2,282.04,1.86,N,0
53.89754,23.86801,312.26,0.32,0.55,2019-04-25,0136,N20,VIIRS,n,2,282.02,2.1,N,0
53.90014,23.85932,300.5,0.32,0.55,2019-04-25,0136,N20,VIIRS,n,2,279.85,0.97,N,0
53.89884,23.86367,328.64,0.32,0.55,2019-04-25,0136,N20,VIIRS,n,2,283.43,2.1,N,0
53.8852,23.89043,312.6,0.32,0.55,2019-04-25,0136,N20,VIIRS,n,2,281.46,1.25,N,0
51.89506,29.34188,295.84,0.6,0.71,2019-04-25,0136,N20,VIIRS,n,2,277.16,1.85,N,2
51.88944,29.33649,309.14,0.6,0.71,2019-04-25,0136,N20,VIIRS,n,2,275.37,1.85,N,2
53.898,23.94376,299.47,0.32,0.55,2019-04-25,0136,N20,VIIRS,n,2,278.02,0.59,N,0
53.91895,23.91213,300.55,0.32,0.55,2019-04-25,0136,N20,VIIRS,n,2,280.89,0.91,N,0
51.58027,28.94782,309.18,0.6,0.7,2019-04-25,0136,N20,VIIRS,n,2,271.17,1.54,N,0
51.67009,27.29722,312.88,0.52,0.66,2019-04-25,0136,N20,VIIRS,n,2,278.28,4.23,N,0
51.6678,27.30374,345.76,0.52,0.67,2019-04-25,0136,N20,VIIRS,n,2,282.4,4.23,N,0
51.66855,27.32174,295.34,0.52,0.67,2019-04-25,0136,N20,VIIRS,n,2,279.76,1.88,N,0
53.8876,23.92044,296.2,0.32,0.55,2019-04-25,0136,N20,VIIRS,n,2,277.42,0.56,N,0
53.90393,23.88461,304.86,0.32,0.55,2019-04-25,0136,N20,VIIRS,n,2,280.97,1.32,N,0
53.90264,23.88895,305.19,0.32,0.55,2019-04-25,0136,N20,VIIRS,n,2,281.08,0.79,N,0
53.89342,23.91994,299.59,0.32,0.55,2019-04-25,0136,N20,VIIRS,n,2,277.15,0.21,N,0
53.90463,23.86322,295.49,0.32,0.55,2019-04-25,0136,N20,VIIRS,n,2,282.17,0.97,N,0
51.61192,27.26138,295.91,0.52,0.67,2019-04-25,0136,N20,VIIRS,n,2,273.93,1.04,N,0
51.6464,27.28411,295.49,0.52,0.67,2019-04-25,0136,N20,VIIRS,n,2,277.88,1.12,N,0
51.6487,27.2776,306.96,0.52,0.66,2019-04-25,0136,N20,VIIRS,n,2,278.63,1.12,N,0
51.65403,27.28254,320.13,0.52,0.66,2019-04-25,0136,N20,VIIRS,n,2,276.5,1.97,N,0
51.64087,27.33999,296.89,0.52,0.67,2019-04-25,0136,N20,VIIRS,n,2,278.37,1.94,N,0
51.6432,27.3334,303.11,0.52,0.67,2019-04-25,0136,N20,VIIRS,n,2,279.39,2.77,N,0
51.64551,27.32683,318.27,0.52,0.67,2019-04-25,0136,N20,VIIRS,n,2,279.04,2.77,N,0
51.64782,27.32029,327.05,0.52,0.67,2019-04-25,0136,N20,VIIRS,n,2,277.14,4.57,N,0
51.65319,27.32516,296.18,0.52,0.67,2019-04-25,0136,N20,VIIRS,n,2,279.56,1.61,N,0
51.6555,27.31859,302.25,0.52,0.67,2019-04-25,0136,N20,VIIRS,n,2,280.1,1.61,N,0
53.91206,23.87854,298.21,0.32,0.55,2019-04-25,0136,N20,VIIRS,n,2,280.63,1.01,N,0
53.91075,23.88287,307.48,0.32,0.55,2019-04-25,0136,N20,VIIRS,n,2,281.16,0.92,N,0
53.90944,23.88719,301.38,0.32,0.55,2019-04-25,0136,N20,VIIRS,n,2,281,0.92,N,0
53.88892,23.91599,303.35,0.32,0.55,2019-04-25,0136,N20,VIIRS,n,2,277.98,0.74,N,0
53.88912,23.87729,307.13,0.32,0.55,2019-04-25,0136,N20,VIIRS,n,2,281.45,1.25,N,0
53.88652,23.88601,313.41,0.32,0.55,2019-04-25,0136,N20,VIIRS,n,2,281.56,1.25,N,0
53.89267,23.94151,300.14,0.32,0.55,2019-04-25,0136,N20,VIIRS,n,2,277.29,0.45,N,0
53.88609,23.96361,299.79,0.32,0.55,2019-04-25,0136,N20,VIIRS,n,2,277.72,0.49,N,0
53.90971,23.8842,315.73,0.32,0.55,2019-04-25,0136,N20,VIIRS,n,2,281.77,1.32,N,0
53.911,23.87986,303.19,0.32,0.55,2019-04-25,0136,N20,VIIRS,n,2,281.08,0.84,N,0
53.88846,23.9189,312.04,0.32,0.55,2019-04-25,0136,N20,VIIRS,n,2,277.85,1.02,N,0
53.90364,23.88759,306.23,0.32,0.55,2019-04-25,0136,N20,VIIRS,n,2,281.55,1.32,N,0
53.90495,23.88326,302.93,0.32,0.55,2019-04-25,0136,N20,VIIRS,n,2,280.91,1.13,N,0
53.88681,23.96187,303.13,0.32,0.55,2019-04-25,0136,N20,VIIRS,n,2,277.36,0.66,N,0
51.66781,27.27218,325.03,0.42,0.61,2019-04-25,0944,N20,VIIRS,n,2,290.77,2.46,D,0
51.67482,27.2939,338.59,0.42,0.61,2019-04-25,0944,N20,VIIRS,n,2,290.64,4.34,D,0
51.67657,27.29933,337.23,0.42,0.61,2019-04-25,0944,N20,VIIRS,n,2,289.17,4.34,D,0
51.66805,27.29266,367,0.42,0.61,2019-04-25,0944,N20,VIIRS,h,2,294.3,14.17,D,0
51.66981,27.29811,367,0.42,0.61,2019-04-25,0944,N20,VIIRS,h,2,291.43,20.18,D,0
51.65602,27.2752,355.13,0.42,0.61,2019-04-25,0944,N20,VIIRS,n,2,299.44,26.3,D,0
51.65776,27.28059,342.32,0.42,0.61,2019-04-25,0944,N20,VIIRS,n,2,291.53,9.03,D,0
51.65952,27.28601,338.88,0.42,0.61,2019-04-25,0944,N20,VIIRS,n,2,292.24,9.03,D,0
51.66302,27.29685,367,0.42,0.61,2019-04-25,0944,N20,VIIRS,h,2,294.57,14.17,D,0
51.65473,27.31063,335.71,0.42,0.61,2019-04-25,0944,N20,VIIRS,n,2,290.04,3.58,D,0
51.64795,27.3094,333.42,0.42,0.61,2019-04-25,0944,N20,VIIRS,n,2,289.49,6.65,D,0
51.6497,27.3148,336.55,0.42,0.61,2019-04-25,0944,N20,VIIRS,n,2,290.17,4.81,D,0
51.67758,27.40097,367,0.41,0.61,2019-04-25,0944,N20,VIIRS,h,2,292.9,22.22,D,0
51.64466,27.31894,339.17,0.42,0.61,2019-04-25,0944,N20,VIIRS,n,2,290.14,4.81,D,0
51.67257,27.40511,341.71,0.41,0.61,2019-04-25,0944,N20,VIIRS,n,2,306.95,22.22,D,0
51.6743,27.41046,327.82,0.41,0.61,2019-04-25,0944,N20,VIIRS,n,2,288.83,22.22,D,0
52.28089,29.36411,334.6,0.33,0.55,2019-04-25,0944,N20,VIIRS,n,2,295.35,2.19,D,0
51.6291,27.29069,331.85,0.42,0.61,2019-04-25,0944,N20,VIIRS,n,2,290.91,2.57,D,0
51.6414,27.32854,339.16,0.42,0.61,2019-04-25,0944,N20,VIIRS,n,2,289.5,3.04,D,0
51.63638,27.33271,329.11,0.42,0.61,2019-04-25,0944,N20,VIIRS,n,2,290.11,3.04,D,0
51.61346,27.26228,367,0.42,0.61,2019-04-25,0944,N20,VIIRS,h,2,294.24,10.49,D,0
51.60843,27.26649,336.5,0.42,0.61,2019-04-25,0944,N20,VIIRS,n,2,292.05,4.58,D,0
51.60665,27.26105,367,0.42,0.61,2019-04-25,0944,N20,VIIRS,h,2,292.35,8.06,D,0
51.60339,27.2707,329.42,0.42,0.61,2019-04-25,0944,N20,VIIRS,n,2,294.33,4.58,D,0
51.60516,27.27612,343.18,0.42,0.61,2019-04-25,0944,N20,VIIRS,n,2,295.43,4.58,D,0
51.64458,27.31393,340.15,0.42,0.61,2019-04-25,0944,N20,VIIRS,n,2,290.79,4.7,D,0
51.6463,27.31932,329.64,0.42,0.61,2019-04-25,0944,N20,VIIRS,n,2,289.52,4.7,D,0
51.67212,27.40051,331.39,0.41,0.61,2019-04-25,0944,N20,VIIRS,n,2,291.87,18.86,D,0
51.67383,27.40591,351.82,0.41,0.61,2019-04-25,0944,N20,VIIRS,n,2,306.36,18.86,D,0
51.63088,27.29093,335.79,0.42,0.61,2019-04-25,0944,N20,VIIRS,n,2,290.82,3.85,D,0
51.64302,27.32899,336.27,0.42,0.61,2019-04-25,0944,N20,VIIRS,n,2,289.96,4.18,D,0
51.66882,27.41004,333.98,0.41,0.61,2019-04-25,0944,N20,VIIRS,n,2,288.26,18.86,D,0
51.58326,28.93843,331.49,0.36,0.58,2019-04-25,0944,N20,VIIRS,n,2,294.46,4.5,D,0
51.6303,27.42828,327.89,0.42,0.61,2019-04-25,0944,N20,VIIRS,n,2,290.13,2.74,D,0
51.58617,28.94796,333.55,0.36,0.58,2019-04-25,0944,N20,VIIRS,n,2,294.23,2.62,D,0
51.68217,30.31102,367,0.32,0.55,2019-04-25,0944,N20,VIIRS,h,2,302.12,10.17,D,0
51.50254,30.54151,332.85,0.63,0.54,2019-04-25,0944,N20,VIIRS,n,2,296.47,4.48,D,0
51.62185,27.42168,326.71,0.42,0.61,2019-04-25,0944,N20,VIIRS,n,2,291.03,2.62,D,0
51.64537,27.41594,339.02,0.42,0.61,2019-04-25,0944,N20,VIIRS,n,2,291.96,11.05,D,0
51.61538,27.26237,345.17,0.42,0.61,2019-04-25,0944,N20,VIIRS,n,2,293.15,13.27,D,0
51.61713,27.26784,325.27,0.42,0.61,2019-04-25,0944,N20,VIIRS,n,2,290.71,3.48,D,0
51.638,27.33318,335.19,0.42,0.61,2019-04-25,0944,N20,VIIRS,n,2,290.12,3.98,D,0
51.61035,27.26658,328.92,0.42,0.61,2019-04-25,0944,N20,VIIRS,n,2,292.52,13.27,D,0
51.6086,27.26113,367,0.42,0.61,2019-04-25,0944,N20,VIIRS,h,2,296.52,13.27,D,0
51.60532,27.27083,342.61,0.42,0.61,2019-04-25,0944,N20,VIIRS,n,2,294.7,6.33,D,0
51.63532,27.42416,330.79,0.42,0.61,2019-04-25,0944,N20,VIIRS,n,2,290.59,6.38,D,0
51.87159,28.89308,352.87,0.36,0.57,2019-04-25,0944,N20,VIIRS,n,2,295.45,9.22,D,0
51.873,28.8978,367,0.36,0.57,2019-04-25,0944,N20,VIIRS,h,2,291.07,9.22,D,0
51.89262,29.34056,330.78,0.34,0.56,2019-04-25,0944,N20,VIIRS,n,2,297.07,2.58,D,2
51.60707,27.27627,334.56,0.42,0.61,2019-04-25,0944,N20,VIIRS,n,2,294.39,5.99,D,0
51.65207,27.4171,325,0.41,0.61,2019-04-25,0944,N20,VIIRS,n,2,288.96,7.96,D,0
51.58137,28.95171,337.09,0.36,0.58,2019-04-25,0944,N20,VIIRS,n,2,296.72,6.3,D,0
51.58282,28.95645,334.97,0.36,0.58,2019-04-25,0944,N20,VIIRS,n,2,292.55,6.3,D,0
51.57366,28.94594,330.33,0.36,0.58,2019-04-25,0944,N20,VIIRS,n,2,295.49,8.63,D,0
51.57512,28.9507,367,0.36,0.58,2019-04-25,0944,N20,VIIRS,h,2,303.38,8.63,D,0
51.64708,27.42129,367,0.41,0.61,2019-04-25,0944,N20,VIIRS,h,2,292.48,7.96,D,0
51.64206,27.42542,342.95,0.41,0.61,2019-04-25,0944,N20,VIIRS,n,2,290.2,9.98,D,0
51.47161,29.33148,332.49,0.35,0.57,2019-04-25,0944,N20,VIIRS,n,2,292.91,1.56,D,0
51.64035,27.42005,367,0.42,0.61,2019-04-25,0944,N20,VIIRS,h,2,295.32,6.38,D,0
51.59293,27.39098,341.42,0.42,0.61,2019-04-25,0944,N20,VIIRS,n,2,295.65,3.03,D,0
51.62356,27.42703,331.15,0.42,0.61,2019-04-25,0944,N20,VIIRS,n,2,290.82,2.74,D,0
51.68338,30.31523,355.92,0.32,0.55,2019-04-25,0944,N20,VIIRS,n,2,300.2,6.95,D,0
51.865,29.30588,344.79,0.34,0.56,2019-04-25,0944,N20,VIIRS,n,2,295.47,5.07,D,0
51.85608,26.27986,342.59,0.45,0.63,2019-04-25,0944,N20,VIIRS,n,2,288.58,3.82,D,0
53.60856,32.2875,331.49,0.47,0.48,2019-04-25,0944,N20,VIIRS,n,2,298.94,2.53,D,0
52.84623,29.98896,338.1,0.6,0.53,2019-04-25,0944,N20,VIIRS,n,2,301.41,6.27,D,2
52.18255,27.7799,367,0.38,0.59,2019-04-25,0944,N20,VIIRS,h,2,296.57,8.34,D,0
52.99472,30.71976,338.29,0.56,0.51,2019-04-25,0944,N20,VIIRS,n,2,298.47,5.86,D,0
52.99242,30.71961,344.03,0.56,0.51,2019-04-25,0944,N20,VIIRS,n,2,301.46,8.29,D,0
52.98809,30.72289,327.24,0.56,0.51,2019-04-25,0944,N20,VIIRS,l,2,302.15,3.49,D,0
53.12426,31.97721,346.33,0.5,0.49,2019-04-25,0944,N20,VIIRS,n,2,297.73,5.67,D,0
53.12196,31.98712,330.07,0.5,0.49,2019-04-25,0944,N20,VIIRS,n,2,297.7,3.33,D,0
53.11417,31.97643,327.77,0.5,0.49,2019-04-25,0944,N20,VIIRS,l,2,299.24,3.7,D,0
53.116,31.98329,330.68,0.5,0.49,2019-04-25,0944,N20,VIIRS,n,2,298.24,3.7,D,0
53.12188,31.98019,350.87,0.5,0.49,2019-04-25,0944,N20,VIIRS,n,2,301.41,10.49,D,0
53.11182,31.97942,327.96,0.5,0.49,2019-04-25,0944,N20,VIIRS,l,2,298.24,2.05,D,0
51.68091,27.23364,331.46,0.42,0.61,2019-04-25,0944,N20,VIIRS,n,2,286.68,3.17,D,0
51.72433,27.36881,344,0.41,0.61,2019-04-25,0944,N20,VIIRS,n,2,289.55,4.87,D,0
51.67412,27.23238,336.85,0.42,0.61,2019-04-25,0944,N20,VIIRS,n,2,305.98,31.26,D,0
51.67588,27.23783,367,0.42,0.61,2019-04-25,0944,N20,VIIRS,h,2,294.82,27.89,D,0
51.66908,27.23655,338.01,0.42,0.61,2019-04-25,0944,N20,VIIRS,n,2,290.53,31.26,D,0
51.67083,27.24199,355.98,0.42,0.61,2019-04-25,0944,N20,VIIRS,n,2,292.45,27.89,D,0
51.67784,27.26372,329.44,0.42,0.61,2019-04-25,0944,N20,VIIRS,n,2,288.74,4.2,D,0
51.69008,27.30172,329.9,0.42,0.61,2019-04-25,0944,N20,VIIRS,n,2,286.84,4.71,D,0
51.66404,27.24073,330.69,0.42,0.61,2019-04-25,0944,N20,VIIRS,n,2,289.27,1.57,D,0
51.67984,27.28969,344.01,0.42,0.61,2019-04-25,0944,N20,VIIRS,n,2,290.02,4.34,D,0
51.68509,27.30599,356.22,0.42,0.61,2019-04-25,0944,N20,VIIRS,n,2,294.91,6.87,D,0
52.84041,28.5845,334.27,0.34,0.56,2019-04-25,0945,N20,VIIRS,n,2,297.15,2.25,D,0
55.38248,27.14582,329.26,0.63,0.54,2019-04-25,0945,N20,VIIRS,n,2,294.26,3.32,D,0
54.8971,27.37873,344.19,0.32,0.55,2019-04-25,0945,N20,VIIRS,n,2,295.45,4.31,D,0
54.89845,27.38316,329.18,0.32,0.55,2019-04-25,0945,N20,VIIRS,n,2,293.47,3.49,D,0
54.89687,27.38044,351.39,0.32,0.55,2019-04-25,0945,N20,VIIRS,n,2,296.18,5.56,D,0
54.62774,27.11525,341.63,0.33,0.56,2019-04-25,0945,N20,VIIRS,n,2,295.15,4.01,D,0
55.35693,29.85106,354.93,0.5,0.49,2019-04-25,0945,N20,VIIRS,n,2,297.14,10.16,D,0
55.35878,29.8479,339.36,0.5,0.49,2019-04-25,0945,N20,VIIRS,n,2,298.12,5.48,D,0
55.35466,29.85133,325.03,0.5,0.49,2019-04-25,0945,N20,VIIRS,n,2,295.96,5.48,D,0
54.64216,27.88444,331.11,0.63,0.54,2019-04-25,0945,N20,VIIRS,n,2,293.76,4.88,D,0
55.233,30.0053,328.77,0.5,0.49,2019-04-25,0945,N20,VIIRS,n,2,296,1.85,D,0
54.91529,28.91816,346.44,0.56,0.52,2019-04-25,0945,N20,VIIRS,n,2,300,13.64,D,0
55.26552,30.78838,330.18,0.47,0.48,2019-04-25,0945,N20,VIIRS,n,2,297.57,3.21,D,0
55.26498,30.78901,331.6,0.47,0.48,2019-04-25,0945,N20,VIIRS,n,2,299.22,2.87,D,0
54.17566,28.38498,367,0.62,0.54,2019-04-25,0945,N20,VIIRS,h,2,298.3,17.63,D,0
54.11609,28.31642,327.69,0.63,0.54,2019-04-25,0945,N20,VIIRS,n,2,295.19,5.1,D,0
53.96164,28.65719,337.26,0.62,0.54,2019-04-25,0945,N20,VIIRS,n,2,295.8,5.57,D,0
53.96416,28.66572,330.89,0.62,0.54,2019-04-25,0945,N20,VIIRS,n,2,292.23,5.57,D,0
53.96011,28.6589,335.03,0.62,0.54,2019-04-25,0945,N20,VIIRS,n,2,296.01,5.54,D,0
53.9626,28.66749,332.99,0.62,0.54,2019-04-25,0945,N20,VIIRS,n,2,294.51,4.56,D,0
53.47758,27.41984,328.55,0.36,0.57,2019-04-25,0945,N20,VIIRS,n,2,297.21,18.27,D,0
53.47907,27.42463,367,0.36,0.57,2019-04-25,0945,N20,VIIRS,h,2,309.24,37.04,D,0
52.84321,25.93943,329.93,0.43,0.62,2019-04-25,0945,N20,VIIRS,n,2,287.13,5.03,D,0
52.84507,25.94507,348.46,0.43,0.62,2019-04-25,0945,N20,VIIRS,n,2,290.02,6.94,D,0
53.5488,28.20564,367,0.33,0.55,2019-04-25,0945,N20,VIIRS,h,2,298.45,6.99,D,0
54.34864,31.13349,331.97,0.49,0.49,2019-04-25,0945,N20,VIIRS,n,2,292.41,3.56,D,0
54.11947,31.11623,328.52,0.5,0.49,2019-04-25,0945,N20,VIIRS,n,2,299.81,2.01,D,0
51.80983,24.11414,340.56,0.54,0.68,2019-04-25,0945,N20,VIIRS,n,2,289.7,2.97,D,0
52.31767,27.27355,326.06,0.4,0.6,2019-04-25,0945,N20,VIIRS,n,2,293.2,3.09,D,0
51.50023,30.54214,354.78,0.55,0.51,2019-04-25,1124,N20,VIIRS,n,2,299.53,19.75,D,0
51.58332,28.95543,341.33,0.47,0.48,2019-04-25,1125,N20,VIIRS,n,2,296.42,6.9,D,0
51.58773,28.95469,331.65,0.47,0.48,2019-04-25,1125,N20,VIIRS,n,2,294.14,6.9,D,0
51.58681,28.94096,345.83,0.47,0.48,2019-04-25,1125,N20,VIIRS,n,2,293.61,8.73,D,0
51.68013,30.31586,339.59,0.54,0.51,2019-04-25,1125,N20,VIIRS,n,2,301.47,8.81,D,0
51.6797,30.30793,339.43,0.54,0.51,2019-04-25,1125,N20,VIIRS,n,2,301.3,7.05,D,0
51.59169,27.39019,337.68,0.41,0.45,2019-04-25,1125,N20,VIIRS,n,2,300.61,4.81,D,0
51.61973,27.42673,334.18,0.41,0.45,2019-04-25,1125,N20,VIIRS,n,2,295.32,4.34,D,0
51.61925,27.42078,327.21,0.41,0.45,2019-04-25,1125,N20,VIIRS,n,2,295.19,4.34,D,0
51.60715,27.27325,335.07,0.4,0.44,2019-04-25,1125,N20,VIIRS,n,2,299.25,6.46,D,0
51.60667,27.26739,349.1,0.4,0.44,2019-04-25,1125,N20,VIIRS,n,2,299.16,6.46,D,0
51.60619,27.26154,351.61,0.4,0.44,2019-04-25,1125,N20,VIIRS,n,2,296.36,6.58,D,0
51.62386,27.42591,367,0.41,0.45,2019-04-25,1125,N20,VIIRS,h,2,296.13,4.34,D,0
51.61367,27.30175,342.84,0.4,0.45,2019-04-25,1125,N20,VIIRS,n,2,298.6,8.11,D,0
51.61028,27.26072,340.65,0.4,0.44,2019-04-25,1125,N20,VIIRS,n,2,298.04,6.58,D,0
51.62797,27.42507,345.18,0.41,0.45,2019-04-25,1125,N20,VIIRS,n,2,294.59,10.12,D,0
51.6428,27.4269,339.77,0.41,0.45,2019-04-25,1125,N20,VIIRS,n,2,297.96,13.08,D,0
51.65171,27.27477,334.44,0.4,0.45,2019-04-25,1125,N20,VIIRS,n,2,297.3,5.31,D,0
51.65405,27.30418,335.66,0.4,0.45,2019-04-25,1125,N20,VIIRS,n,2,293.2,2.43,D,0
51.65452,27.3101,327.63,0.41,0.45,2019-04-25,1125,N20,VIIRS,n,2,294.03,3.27,D,0
51.77473,28.97767,344.66,0.48,0.48,2019-04-25,1125,N20,VIIRS,n,2,295.76,7.42,D,0
51.64855,27.28735,338.23,0.4,0.45,2019-04-25,1125,N20,VIIRS,n,2,293.98,1.89,D,0
51.65042,27.31094,341.64,0.41,0.45,2019-04-25,1125,N20,VIIRS,n,2,296.29,3.27,D,0
51.77032,28.97841,346.69,0.48,0.48,2019-04-25,1125,N20,VIIRS,n,2,299.33,7.42,D,0
51.64632,27.31178,350.07,0.41,0.45,2019-04-25,1125,N20,VIIRS,n,2,296.09,7.82,D,0
51.64268,27.31853,354.43,0.41,0.45,2019-04-25,1125,N20,VIIRS,n,2,295.18,7.82,D,0
51.64315,27.32442,349.25,0.41,0.45,2019-04-25,1125,N20,VIIRS,n,2,295.23,6.46,D,0
51.65059,27.41928,340.1,0.41,0.45,2019-04-25,1125,N20,VIIRS,n,2,294.76,5.79,D,0
51.63951,27.33114,332.3,0.41,0.45,2019-04-25,1125,N20,VIIRS,n,2,293.86,2.74,D,0
51.64646,27.4201,340.07,0.41,0.45,2019-04-25,1125,N20,VIIRS,n,2,301.11,13.08,D,0
51.63217,27.29071,336.78,0.4,0.45,2019-04-25,1125,N20,VIIRS,n,2,294.03,2.3,D,0
51.63541,27.33198,329.46,0.41,0.45,2019-04-25,1125,N20,VIIRS,n,2,295.44,2.74,D,0
51.63587,27.33787,334.34,0.41,0.45,2019-04-25,1125,N20,VIIRS,n,2,294.66,2.51,D,0
51.64234,27.42094,336.44,0.41,0.45,2019-04-25,1125,N20,VIIRS,n,2,300.43,13.08,D,0
51.64021,27.3203,330.65,0.41,0.45,2019-04-25,1125,N20,VIIRS,n,2,293.43,3.25,D,0
51.63257,27.43019,339.24,0.41,0.45,2019-04-25,1125,N20,VIIRS,n,2,294.36,5.52,D,0
51.61894,27.2649,345.1,0.4,0.44,2019-04-25,1125,N20,VIIRS,n,2,295.38,7.25,D,0
54.90626,27.37644,336.06,0.44,0.46,2019-04-25,1125,N20,VIIRS,n,2,298.67,14.83,D,0
54.90674,27.38341,341.04,0.44,0.46,2019-04-25,1125,N20,VIIRS,n,2,303.88,14.83,D,0
54.90247,27.38428,326.71,0.44,0.46,2019-04-25,1125,N20,VIIRS,l,2,296.91,14.83,D,0
54.8982,27.38515,346.6,0.44,0.46,2019-04-25,1125,N20,VIIRS,n,2,297.24,6.8,D,0
54.92168,28.91919,349.63,0.51,0.49,2019-04-25,1125,N20,VIIRS,n,2,310.13,51.06,D,0
54.91666,28.91198,336.47,0.51,0.49,2019-04-25,1125,N20,VIIRS,n,2,300.27,17.49,D,0
54.91759,28.92791,340.45,0.51,0.49,2019-04-25,1125,N20,VIIRS,n,2,296.85,34.72,D,0
54.91257,28.9207,329.47,0.51,0.49,2019-04-25,1125,N20,VIIRS,n,2,298.2,34.72,D,0
54.79841,29.52649,328.04,0.54,0.5,2019-04-25,1125,N20,VIIRS,n,2,298.94,3.41,D,0
54.64818,27.87941,340.86,0.46,0.47,2019-04-25,1125,N20,VIIRS,n,2,297.46,6.56,D,0
54.64384,27.88025,336.19,0.46,0.47,2019-04-25,1125,N20,VIIRS,n,2,297.54,6.56,D,0
54.7061,29.09119,334.06,0.51,0.5,2019-04-25,1125,N20,VIIRS,n,2,290.49,3.51,D,0
54.72215,29.37708,338.72,0.53,0.5,2019-04-25,1125,N20,VIIRS,n,2,295.47,4.1,D,0
54.43864,30.10314,328.57,0.56,0.51,2019-04-25,1125,N20,VIIRS,n,2,298.35,3.82,D,0
53.90854,23.90358,332.22,0.49,0.4,2019-04-25,1125,N20,VIIRS,n,2,292.32,2.67,D,0
53.89746,23.86861,330.61,0.49,0.4,2019-04-25,1125,N20,VIIRS,n,2,295.11,4.78,D,0
53.89676,23.93761,332.74,0.49,0.4,2019-04-25,1125,N20,VIIRS,n,2,305.76,18.09,D,0
53.8975,23.94505,337.24,0.49,0.4,2019-04-25,1125,N20,VIIRS,n,2,304.45,18.09,D,0
53.89575,23.86887,331.18,0.49,0.4,2019-04-25,1125,N20,VIIRS,n,2,295.44,3.29,D,0
53.89898,23.93671,334.05,0.49,0.4,2019-04-25,1125,N20,VIIRS,n,2,301.58,5.8,D,0
53.89975,23.94414,338.14,0.49,0.4,2019-04-25,1125,N20,VIIRS,n,2,300.33,12.36,D,0
53.89529,23.93777,334.94,0.49,0.4,2019-04-25,1125,N20,VIIRS,n,2,302.91,5.8,D,0
53.89606,23.94519,342.32,0.49,0.4,2019-04-25,1125,N20,VIIRS,n,2,302.62,12.36,D,0
53.88562,23.91759,335.92,0.49,0.4,2019-04-25,1125,N20,VIIRS,n,2,300.81,14.38,D,0
53.88639,23.92502,346.22,0.49,0.4,2019-04-25,1125,N20,VIIRS,n,2,302.37,14.38,D,0
53.8827,23.92608,347.27,0.49,0.4,2019-04-25,1125,N20,VIIRS,n,2,302.5,21.14,D,0
54.23188,28.40984,353.69,0.48,0.48,2019-04-25,1125,N20,VIIRS,n,2,304.28,14.21,D,0
54.22604,28.38848,338.74,0.48,0.48,2019-04-25,1125,N20,VIIRS,n,2,295.16,2.87,D,0
54.22745,28.41064,338.8,0.48,0.48,2019-04-25,1125,N20,VIIRS,n,2,298.63,14.21,D,0
54.22161,28.38921,339.62,0.48,0.48,2019-04-25,1125,N20,VIIRS,n,2,297.75,5.45,D,0
54.00323,27.25446,350.9,0.43,0.46,2019-04-25,1125,N20,VIIRS,n,2,296.19,17.62,D,0
53.96819,27.71246,346.62,0.45,0.47,2019-04-25,1125,N20,VIIRS,n,2,314.07,42.19,D,0
53.96867,27.71936,333.76,0.45,0.47,2019-04-25,1125,N20,VIIRS,n,2,293.51,14.81,D,0
54.10403,31.23792,339.11,0.62,0.54,2019-04-25,1125,N20,VIIRS,n,2,300.69,7.45,D,0
54.10441,31.2462,339.61,0.62,0.54,2019-04-25,1125,N20,VIIRS,n,2,297.31,7.07,D,0
53.83163,27.65154,326.55,0.44,0.46,2019-04-25,1125,N20,VIIRS,l,2,296.77,2.04,D,0
53.86473,31.38497,331.22,0.63,0.54,2019-04-25,1125,N20,VIIRS,n,2,295.41,3.44,D,0
53.63137,27.89231,338.54,0.45,0.47,2019-04-25,1125,N20,VIIRS,n,2,294.57,2.98,D,0
53.62707,27.89313,339.5,0.45,0.47,2019-04-25,1125,N20,VIIRS,n,2,297.64,2.98,D,0
53.69964,29.70418,335.19,0.53,0.5,2019-04-25,1125,N20,VIIRS,n,2,301.08,34.11,D,0
53.70162,29.70277,329.23,0.53,0.5,2019-04-25,1125,N20,VIIRS,n,2,297.37,17.73,D,0
53.70208,29.71094,339.4,0.53,0.5,2019-04-25,1125,N20,VIIRS,n,2,294.03,18.04,D,0
53.27015,24.4448,327.16,0.5,0.41,2019-04-25,1125,N20,VIIRS,n,2,298.88,2.76,D,2
53.48298,27.42127,341.67,0.43,0.46,2019-04-25,1125,N20,VIIRS,n,2,296.85,12.19,D,0
53.47877,27.42215,337.84,0.43,0.46,2019-04-25,1125,N20,VIIRS,n,2,308.68,12.19,D,0
53.46221,27.77059,332.11,0.44,0.46,2019-04-25,1125,N20,VIIRS,n,2,294.46,4.47,D,0
53.39342,27.7771,352.2,0.44,0.46,2019-04-25,1125,N20,VIIRS,n,2,298.8,9.4,D,0
53.61057,32.28999,349.63,0.34,0.56,2019-04-25,1125,N20,VIIRS,n,2,297.93,5.56,D,0
53.60969,32.29184,350.29,0.34,0.56,2019-04-25,1125,N20,VIIRS,n,2,297.71,5.51,D,0
53.38407,30.91947,340.04,0.59,0.53,2019-04-25,1125,N20,VIIRS,n,2,299,9.53,D,0
53.18379,28.00985,353.91,0.45,0.47,2019-04-25,1125,N20,VIIRS,n,2,314.15,29.87,D,0
53.1863,28.00966,356.47,0.45,0.47,2019-04-25,1125,N20,VIIRS,n,2,300.08,14.15,D,0
53.182,28.01043,356.39,0.45,0.47,2019-04-25,1125,N20,VIIRS,n,2,307.63,14.15,D,0
52.84269,25.9391,347.16,0.56,0.43,2019-04-25,1125,N20,VIIRS,n,2,302.34,49.21,D,0
52.8504,28.58576,337.45,0.47,0.48,2019-04-25,1125,N20,VIIRS,n,2,300.55,5.89,D,0
52.846,28.58651,339.35,0.47,0.48,2019-04-25,1125,N20,VIIRS,n,2,299.46,5.61,D,0
52.84114,28.58028,326.99,0.47,0.48,2019-04-25,1125,N20,VIIRS,l,2,301.17,5.61,D,0
52.8437,29.99145,351.38,0.54,0.51,2019-04-25,1125,N20,VIIRS,n,2,301.66,8.74,D,2
52.6786,28.99909,340.95,0.49,0.48,2019-04-25,1125,N20,VIIRS,n,2,301.5,12.09,D,0
52.67413,28.99978,328.35,0.49,0.48,2019-04-25,1125,N20,VIIRS,l,2,303.33,12.09,D,0
52.67459,29.00699,339.01,0.49,0.48,2019-04-25,1125,N20,VIIRS,n,2,296.03,12.09,D,0
52.6659,29.87255,339.74,0.53,0.5,2019-04-25,1125,N20,VIIRS,n,2,301.79,5.38,D,0
52.66755,29.8716,340.34,0.53,0.5,2019-04-25,1125,N20,VIIRS,n,2,301.09,6.61,D,0
52.58481,29.051,338.88,0.49,0.48,2019-04-25,1125,N20,VIIRS,n,2,296.75,6.31,D,0
52.4432,27.87844,333.31,0.44,0.46,2019-04-25,1125,N20,VIIRS,n,2,294.63,14.51,D,0
52.44366,27.88489,341.22,0.44,0.46,2019-04-25,1125,N20,VIIRS,n,2,300.93,20.02,D,0
52.39513,27.28968,336.63,0.41,0.45,2019-04-25,1125,N20,VIIRS,n,2,297.53,7.47,D,0
52.3956,27.29578,330.6,0.41,0.45,2019-04-25,1125,N20,VIIRS,n,2,295.16,3.85,D,0
52.43942,27.8857,367,0.44,0.46,2019-04-25,1125,N20,VIIRS,h,2,302.3,20.02,D,0
52.391,27.29053,338.8,0.41,0.45,2019-04-25,1125,N20,VIIRS,n,2,304.28,5.26,D,0
52.39147,27.29663,328.67,0.41,0.45,2019-04-25,1125,N20,VIIRS,l,2,299.79,4.69,D,0
52.43518,27.88652,355.93,0.44,0.46,2019-04-25,1125,N20,VIIRS,n,2,299.82,8.76,D,0
52.43285,27.8969,327.42,0.44,0.46,2019-04-25,1125,N20,VIIRS,n,2,298.24,4.32,D,0
52.32075,27.27155,339.34,0.41,0.45,2019-04-25,1125,N20,VIIRS,n,2,298.95,4.53,D,0
52.36495,27.96884,332.59,0.44,0.46,2019-04-25,1125,N20,VIIRS,n,2,300.45,2.73,D,0
52.32147,28.4882,331.37,0.46,0.47,2019-04-25,1125,N20,VIIRS,n,2,298.52,48.64,D,0
52.32194,28.49497,343.91,0.46,0.47,2019-04-25,1125,N20,VIIRS,n,2,310.94,48.64,D,0
51.64081,27.42852,339.59,0.41,0.45,2019-04-25,1125,N20,VIIRS,n,2,294.01,6.76,D,0
52.31712,28.48896,330.56,0.46,0.47,2019-04-25,1125,N20,VIIRS,n,2,296.84,25.35,D,0
52.31759,28.49575,350.37,0.46,0.47,2019-04-25,1125,N20,VIIRS,n,2,314.35,25.35,D,0
52.10803,26.4797,331.7,0.57,0.43,2019-04-25,1125,N20,VIIRS,n,2,296.46,4.55,D,0
52.10873,26.48809,334.78,0.57,0.43,2019-04-25,1125,N20,VIIRS,n,2,294.52,4.55,D,0
52.18502,27.77857,353.65,0.43,0.46,2019-04-25,1125,N20,VIIRS,n,2,307.07,28.26,D,0
52.18082,27.77941,352.84,0.43,0.46,2019-04-25,1125,N20,VIIRS,n,2,316.93,28.26,D,0
52.03172,27.45188,333.17,0.41,0.45,2019-04-25,1125,N20,VIIRS,n,2,300.98,5.15,D,0
52.02758,27.45272,336.92,0.41,0.45,2019-04-25,1125,N20,VIIRS,n,2,302.58,6.37,D,0
52.02806,27.4588,333.21,0.41,0.45,2019-04-25,1125,N20,VIIRS,n,2,298.56,6.37,D,0
51.64032,27.42256,340.55,0.41,0.45,2019-04-25,1125,N20,VIIRS,n,2,297.27,8.18,D,0
51.62956,27.29256,341.04,0.4,0.45,2019-04-25,1125,N20,VIIRS,n,2,295.87,6.66,D,0
51.64444,27.42171,338.98,0.41,0.45,2019-04-25,1125,N20,VIIRS,n,2,308.84,14.06,D,0
51.63709,27.3329,346.88,0.41,0.45,2019-04-25,1125,N20,VIIRS,n,2,295.91,8.57,D,0
52.14311,29.49606,349.69,0.5,0.49,2019-04-25,1125,N20,VIIRS,n,2,300.83,12.59,D,0
52.13857,29.49679,340.22,0.5,0.49,2019-04-25,1125,N20,VIIRS,n,2,300.29,12.59,D,0
51.96862,30.14066,335.8,0.53,0.5,2019-04-25,1125,N20,VIIRS,n,2,291.54,6.25,D,0
51.9091,29.28354,344.27,0.49,0.49,2019-04-25,1125,N20,VIIRS,n,2,301.14,12.76,D,0
51.87105,28.89705,352.52,0.47,0.48,2019-04-25,1125,N20,VIIRS,n,2,298.77,8.14,D,0
51.89019,29.34487,338.38,0.49,0.49,2019-04-25,1125,N20,VIIRS,n,2,298.37,3.61,D,2
51.8933,29.34535,335.63,0.49,0.49,2019-04-25,1125,N20,VIIRS,n,2,300.46,5.22,D,2
51.73054,27.37291,346.52,0.41,0.45,2019-04-25,1125,N20,VIIRS,n,2,292.93,5.1,D,0
51.72642,27.37374,343.61,0.41,0.45,2019-04-25,1125,N20,VIIRS,n,2,296.81,7.19,D,0
51.86802,29.3058,337.83,0.49,0.49,2019-04-25,1125,N20,VIIRS,n,2,295.29,4.96,D,0
51.72231,27.37458,339.49,0.41,0.45,2019-04-25,1125,N20,VIIRS,n,2,295.92,7.19,D,0
51.86353,29.3064,346.96,0.49,0.49,2019-04-25,1125,N20,VIIRS,n,2,297.75,4.96,D,0
51.6893,27.22544,353.33,0.4,0.44,2019-04-25,1125,N20,VIIRS,n,2,294.28,28.43,D,0
51.68977,27.23128,367,0.4,0.44,2019-04-25,1125,N20,VIIRS,h,2,294.98,13.57,D,0
51.68473,27.22042,339.3,0.4,0.44,2019-04-25,1125,N20,VIIRS,n,2,296.41,28.43,D,0
51.68521,27.22626,352.78,0.4,0.44,2019-04-25,1125,N20,VIIRS,n,2,296.68,28.43,D,0
51.68999,27.28495,330.69,0.4,0.45,2019-04-25,1125,N20,VIIRS,n,2,290.47,3.6,D,0
51.68569,27.2321,367,0.4,0.44,2019-04-25,1125,N20,VIIRS,h,2,291.63,13.57,D,0
51.68159,27.23292,353.17,0.4,0.44,2019-04-25,1125,N20,VIIRS,n,2,297.99,51.97,D,0
51.68207,27.23877,347.05,0.4,0.44,2019-04-25,1125,N20,VIIRS,n,2,300.36,51.97,D,0
51.68732,27.30342,347.91,0.41,0.45,2019-04-25,1125,N20,VIIRS,n,2,296.4,6.98,D,0
51.67656,27.22206,302.64,0.4,0.44,2019-04-25,1125,N20,VIIRS,l,2,307.6,411.17,D,0
51.67751,27.23376,354.21,0.4,0.44,2019-04-25,1125,N20,VIIRS,n,2,298.63,51.97,D,0
51.67846,27.24549,344.25,0.4,0.44,2019-04-25,1125,N20,VIIRS,n,2,295.65,35.07,D,0
51.68179,27.28659,343.58,0.4,0.45,2019-04-25,1125,N20,VIIRS,n,2,296.55,11.21,D,0
51.68227,27.29248,342.16,0.4,0.45,2019-04-25,1125,N20,VIIRS,n,2,292.74,11.44,D,0
51.67342,27.23461,329.2,0.4,0.44,2019-04-25,1125,N20,VIIRS,n,2,297.57,8.02,D,0
51.6739,27.24047,351.37,0.4,0.44,2019-04-25,1125,N20,VIIRS,n,2,300.72,8.02,D,0
51.67437,27.24633,348.8,0.4,0.44,2019-04-25,1125,N20,VIIRS,n,2,299.54,12.82,D,0
51.67817,27.2933,345.26,0.4,0.45,2019-04-25,1125,N20,VIIRS,n,2,301.81,20.95,D,0
51.67295,27.22876,367,0.4,0.44,2019-04-25,1125,N20,VIIRS,h,2,299.07,18.53,D,0
51.66934,27.23547,335,0.4,0.44,2019-04-25,1125,N20,VIIRS,n,2,293.42,8.02,D,0
51.67028,27.24718,338.74,0.4,0.44,2019-04-25,1125,N20,VIIRS,n,2,291.82,12.82,D,0
51.67407,27.29413,353.21,0.4,0.45,2019-04-25,1125,N20,VIIRS,n,2,303.55,20.95,D,0
51.67454,27.30001,338.97,0.4,0.45,2019-04-25,1125,N20,VIIRS,n,2,298.4,20.95,D,0
51.68258,27.40066,338.66,0.41,0.45,2019-04-25,1125,N20,VIIRS,n,2,299.48,14.34,D,0
51.68306,27.40661,349.96,0.41,0.45,2019-04-25,1125,N20,VIIRS,n,2,296.92,14.34,D,0
51.66525,27.23632,331.9,0.4,0.44,2019-04-25,1125,N20,VIIRS,n,2,294.49,1.43,D,0
51.66761,27.26559,338.61,0.4,0.44,2019-04-25,1125,N20,VIIRS,n,2,295.05,10.81,D,0
51.66808,27.27145,342.21,0.4,0.45,2019-04-25,1125,N20,VIIRS,n,2,299.17,57.88,D,0
51.66997,27.29496,347.49,0.4,0.45,2019-04-25,1125,N20,VIIRS,n,2,298.45,14.42,D,0
51.67044,27.30084,343.36,0.4,0.45,2019-04-25,1125,N20,VIIRS,n,2,302.37,14.42,D,0
51.67941,27.41342,331.58,0.41,0.45,2019-04-25,1125,N20,VIIRS,n,2,293.97,19.27,D,0
51.67894,27.40746,367,0.41,0.45,2019-04-25,1125,N20,VIIRS,h,2,344.43,138.55,D,0
51.67482,27.4083,367,0.41,0.45,2019-04-25,1125,N20,VIIRS,l,2,325.03,138.55,D,0
51.66446,27.27817,354.87,0.4,0.45,2019-04-25,1125,N20,VIIRS,n,2,311.33,57.88,D,0
51.6654,27.28992,341.14,0.4,0.45,2019-04-25,1125,N20,VIIRS,n,2,300.52,8.29,D,0
51.66587,27.29581,345.93,0.4,0.45,2019-04-25,1125,N20,VIIRS,n,2,303.64,14.42,D,0
51.66634,27.30168,343.76,0.4,0.45,2019-04-25,1125,N20,VIIRS,n,2,302.61,14.42,D,0
51.67435,27.40234,341.94,0.41,0.45,2019-04-25,1125,N20,VIIRS,n,2,303.16,138.55,D,0
51.64856,27.42089,343.5,0.41,0.45,2019-04-25,1125,N20,VIIRS,n,2,296.17,14.06,D,0
51.64071,27.32619,339.49,0.41,0.45,2019-04-25,1125,N20,VIIRS,n,2,293.91,3.25,D,0
51.65989,27.27312,343.88,0.4,0.45,2019-04-25,1125,N20,VIIRS,n,2,296.24,30.08,D,0
51.66037,27.279,343.02,0.4,0.45,2019-04-25,1125,N20,VIIRS,n,2,309.34,30.08,D,0
51.66084,27.28487,328.17,0.4,0.45,2019-04-25,1125,N20,VIIRS,n,2,294.87,6.41,D,0
51.66177,27.29664,341.76,0.4,0.45,2019-04-25,1125,N20,VIIRS,n,2,296.59,3.09,D,0
51.66225,27.30253,328.44,0.4,0.45,2019-04-25,1125,N20,VIIRS,n,2,294.46,3.09,D,0
51.6707,27.40914,333.58,0.41,0.45,2019-04-25,1125,N20,VIIRS,n,2,293.62,3.89,D,0
51.6558,27.27393,348.42,0.4,0.45,2019-04-25,1125,N20,VIIRS,n,2,303.56,30.08,D,0
51.65815,27.30336,338.22,0.4,0.45,2019-04-25,1125,N20,VIIRS,n,2,293.53,3.09,D,0
55.23429,30.00047,326.85,0.56,0.52,2019-04-25,1126,N20,VIIRS,l,2,297.52,1.74,D,0
55.26839,30.79359,335.55,0.61,0.53,2019-04-25,1126,N20,VIIRS,n,2,297.04,4.29,D,0
55.65481,30.67848,340.34,0.6,0.53,2019-04-25,1126,N20,VIIRS,n,2,298.17,6.99,D,0
55.65344,30.67581,340.6,0.6,0.53,2019-04-25,1126,N20,VIIRS,n,2,297.85,5.19,D,0
55.39163,30.75161,332.92,0.61,0.53,2019-04-25,1126,N20,VIIRS,n,2,298.15,2.49,D,0
55.19026,27.70486,337.42,0.46,0.47,2019-04-25,1126,N20,VIIRS,n,2,296.42,4.46,D,0
55.18591,27.70569,347.56,0.46,0.47,2019-04-25,1126,N20,VIIRS,n,2,299.09,8.3,D,0
55.18546,27.70668,348.72,0.46,0.47,2019-04-25,1126,N20,VIIRS,n,2,298.65,8.02,D,0
54.85889,29.28045,310.53,0.45,0.47,2019-04-25,2336,N20,VIIRS,n,2,273.75,1.28,N,0
52.84778,29.99176,329.86,0.4,0.45,2019-04-25,2336,N20,VIIRS,n,2,281.24,2.58,N,2
54.93889,29.52598,298.72,0.44,0.46,2019-04-25,2336,N20,VIIRS,n,2,273.68,0.7,N,0
52.85596,29.99365,298.37,0.4,0.45,2019-04-25,2336,N20,VIIRS,n,2,282.48,1.5,N,2
53.36346,29.23621,311.65,0.44,0.46,2019-04-25,2336,N20,VIIRS,n,2,273.44,2.03,N,0
53.36396,29.22958,322.82,0.44,0.46,2019-04-25,2336,N20,VIIRS,n,2,274.03,2.03,N,0
53.39265,32.01487,296.84,0.52,0.42,2019-04-25,2336,N20,VIIRS,n,2,280.1,0.73,N,2
53.39645,32.01591,300.58,0.52,0.42,2019-04-25,2336,N20,VIIRS,n,2,278.63,0.92,N,2
53.67258,31.82696,295.82,0.53,0.42,2019-04-25,2336,N20,VIIRS,n,2,281.06,0.92,N,2
54.70178,29.56173,295.22,0.44,0.46,2019-04-25,2336,N20,VIIRS,n,2,276.78,0.79,N,0
51.7114,27.29078,299.06,0.51,0.49,2019-04-25,2337,N20,VIIRS,n,2,277.9,0.72,N,0
52.81454,26.08858,299.11,0.58,0.52,2019-04-25,2337,N20,VIIRS,n,2,279.56,1.21,N,0
52.81409,26.09734,315.4,0.58,0.52,2019-04-25,2337,N20,VIIRS,n,2,279.39,2.61,N,0
52.80969,26.08791,305.53,0.58,0.52,2019-04-25,2337,N20,VIIRS,n,2,279.37,1.21,N,0
52.80925,26.09667,308.66,0.58,0.52,2019-04-25,2337,N20,VIIRS,n,2,280.12,2.61,N,0
52.47024,27.75514,295.73,0.49,0.49,2019-04-25,2337,N20,VIIRS,n,2,279.16,0.75,N,0
51.89349,29.33925,309.33,0.42,0.45,2019-04-25,2337,N20,VIIRS,n,2,280.4,1.19,N,2
51.88933,29.33833,312.1,0.42,0.45,2019-04-25,2337,N20,VIIRS,n,2,278.52,0.84,N,2
51.89271,29.33899,307.36,0.42,0.45,2019-04-25,2337,N20,VIIRS,n,2,279.82,0.97,N,2
51.88855,29.33807,304.75,0.42,0.45,2019-04-25,2337,N20,VIIRS,n,2,277.89,0.97,N,2
51.88928,28.90011,295.8,0.44,0.46,2019-04-25,2337,N20,VIIRS,n,2,279.13,0.81,N,0
51.85692,27.94641,317.72,0.48,0.48,2019-04-25,2337,N20,VIIRS,n,2,281.05,1.65,N,0
51.50367,30.55074,299.39,0.56,0.43,2019-04-25,2337,N20,VIIRS,n,2,271.69,0.92,N,0
51.71181,27.29053,298,0.51,0.49,2019-04-25,2337,N20,VIIRS,n,2,277.7,1.13,N,0
51.70727,27.28975,298.54,0.51,0.49,2019-04-25,2337,N20,VIIRS,n,2,278.72,1.13,N,0
51.71417,27.38808,296.14,0.5,0.49,2019-04-25,2337,N20,VIIRS,n,2,277.9,0.7,N,0
51.70686,27.29002,297.01,0.51,0.49,2019-04-25,2337,N20,VIIRS,n,2,278.74,0.99,N,0
51.56834,29.18254,308.93,0.42,0.45,2019-04-25,2337,N20,VIIRS,n,2,280.33,2.16,N,0
51.68429,27.21123,298.61,0.51,0.49,2019-04-25,2337,N20,VIIRS,n,2,280.56,2.39,N,0
51.67973,27.2105,326.11,0.51,0.49,2019-04-25,2337,N20,VIIRS,n,2,282.46,2.39,N,0
51.67926,27.21796,316.86,0.51,0.49,2019-04-25,2337,N20,VIIRS,n,2,282.75,2.39,N,0
51.67456,27.29219,305.31,0.51,0.49,2019-04-25,2337,N20,VIIRS,n,2,282.01,2.21,N,0
51.6747,27.21721,304.04,0.51,0.49,2019-04-25,2337,N20,VIIRS,n,2,279.45,1.48,N,0
51.67423,27.22464,299.18,0.51,0.49,2019-04-25,2337,N20,VIIRS,n,2,278.98,1.41,N,0
51.67002,27.29143,315.28,0.51,0.49,2019-04-25,2337,N20,VIIRS,n,2,282.22,2.74,N,0
51.66547,27.29066,321.29,0.51,0.49,2019-04-25,2337,N20,VIIRS,n,2,282.19,2.74,N,0
51.66093,27.28991,308.25,0.51,0.49,2019-04-25,2337,N20,VIIRS,n,2,281.23,2.41,N,0
51.66047,27.29729,319.87,0.51,0.49,2019-04-25,2337,N20,VIIRS,n,2,284.95,2.73,N,0
51.65592,27.29655,317.74,0.51,0.49,2019-04-25,2337,N20,VIIRS,n,2,282.83,2.73,N,0
51.65546,27.30394,306.77,0.51,0.49,2019-04-25,2337,N20,VIIRS,n,2,284.4,2.73,N,0
51.64756,27.42846,308.63,0.5,0.49,2019-04-25,2337,N20,VIIRS,n,2,278.97,1.69,N,0
51.65091,27.30317,314.78,0.51,0.49,2019-04-25,2337,N20,VIIRS,n,2,285.04,2.16,N,0
51.64258,27.43494,313.49,0.5,0.49,2019-04-25,2337,N20,VIIRS,n,2,277.59,2.47,N,0
51.6473,27.28767,324.16,0.51,0.49,2019-04-25,2337,N20,VIIRS,n,2,283.79,3.95,N,0
51.64638,27.30241,297.12,0.51,0.49,2019-04-25,2337,N20,VIIRS,n,2,281.35,2.16,N,0
51.64592,27.30976,307.06,0.5,0.49,2019-04-25,2337,N20,VIIRS,n,2,283.38,3.11,N,0
51.64499,27.32448,296.72,0.5,0.49,2019-04-25,2337,N20,VIIRS,n,2,281.35,1.66,N,0
51.64046,27.32371,322.71,0.5,0.49,2019-04-25,2337,N20,VIIRS,n,2,279.99,2.34,N,0
51.64229,27.29431,315.19,0.51,0.49,2019-04-25,2337,N20,VIIRS,n,2,282.04,1.87,N,0
51.64091,27.31636,299.04,0.5,0.49,2019-04-25,2337,N20,VIIRS,n,2,280.54,1.78,N,0
51.64,27.33108,300.15,0.5,0.49,2019-04-25,2337,N20,VIIRS,n,2,281.29,2.34,N,0
51.63775,27.29354,303.64,0.51,0.49,2019-04-25,2337,N20,VIIRS,n,2,281.15,1.87,N,0
51.60775,27.25857,296.45,0.51,0.49,2019-04-25,2337,N20,VIIRS,n,2,281.19,0.93,N,0
51.6073,27.26597,297.28,0.51,0.49,2019-04-25,2337,N20,VIIRS,n,2,280.1,0.93,N,0
51.6075,27.2599,300.37,0.51,0.49,2019-04-25,2337,N20,VIIRS,n,2,281.43,1.45,N,0
53.38544,30.91094,297.39,0.4,0.6,2019-04-26,0116,N20,VIIRS,n,2,273.51,0.48,N,0
51.64335,27.32276,304.57,0.34,0.56,2019-04-26,0117,N20,VIIRS,n,2,277.68,1.61,N,0
51.64201,27.32723,318.01,0.34,0.56,2019-04-26,0117,N20,VIIRS,n,2,280.4,1.61,N,0
51.64805,27.28775,303.24,0.34,0.56,2019-04-26,0117,N20,VIIRS,n,2,277.54,1.22,N,0
51.64672,27.29219,300.92,0.34,0.56,2019-04-26,0117,N20,VIIRS,n,2,277.01,0.92,N,0
51.64137,27.31012,296.08,0.34,0.56,2019-04-26,0117,N20,VIIRS,n,2,277.16,1.5,N,0
51.64072,27.29303,302.89,0.34,0.56,2019-04-26,0117,N20,VIIRS,n,2,276.57,1.38,N,0
51.60469,27.25971,295.67,0.34,0.56,2019-04-26,0117,N20,VIIRS,n,2,273.27,0.62,N,0
51.65005,27.30032,297.3,0.34,0.56,2019-04-26,0117,N20,VIIRS,n,2,277.5,0.92,N,0
51.6739,27.22028,296.17,0.34,0.56,2019-04-26,0117,N20,VIIRS,n,2,276.25,0.94,N,0
51.67258,27.22473,295.31,0.34,0.56,2019-04-26,0117,N20,VIIRS,n,2,275.65,0.83,N,0
51.67125,27.22919,300.83,0.34,0.56,2019-04-26,0117,N20,VIIRS,n,2,274.31,0.83,N,0
51.64871,27.30481,305.34,0.34,0.56,2019-04-26,0117,N20,VIIRS,n,2,279.93,2.18,N,0
52.84424,29.9906,305.2,0.39,0.59,2019-04-26,0117,N20,VIIRS,n,2,277.46,0.96,N,2
51.50263,30.5515,302.15,0.46,0.63,2019-04-26,0117,N20,VIIRS,n,2,273.47,0.75,N,0
51.50253,30.54981,295.37,0.46,0.63,2019-04-26,0117,N20,VIIRS,n,2,273.67,0.7,N,0
51.88919,29.34144,295.05,0.4,0.6,2019-04-26,0117,N20,VIIRS,n,2,277.47,0.5,N,2
53.272,24.447,298.52,0.47,0.48,2019-04-26,0117,N20,VIIRS,n,2,278.1,1.32,N,2
53.2622,24.44769,297.2,0.47,0.48,2019-04-26,0117,N20,VIIRS,n,2,281.64,1.42,N,2
52.8114,26.09876,346.51,0.56,0.51,2019-04-26,0117,N20,VIIRS,n,2,279.78,4.43,N,0
52.80709,26.09543,325.9,0.56,0.51,2019-04-26,0117,N20,VIIRS,n,2,279.05,4.43,N,0
52.80921,26.08784,303.66,0.56,0.51,2019-04-26,0117,N20,VIIRS,n,2,277.54,4.43,N,0
51.56935,29.18112,335.14,0.4,0.6,2019-04-26,0117,N20,VIIRS,n,2,281.35,4.94,N,0
51.85827,27.94754,300.03,0.35,0.57,2019-04-26,0117,N20,VIIRS,n,2,279.98,0.66,N,0
51.85657,27.94903,303.11,0.35,0.57,2019-04-26,0117,N20,VIIRS,n,2,280.27,0.74,N,0
51.70878,27.28757,301.91,0.34,0.56,2019-04-26,0117,N20,VIIRS,n,2,276.81,0.99,N,0
51.70278,27.28841,308.54,0.34,0.56,2019-04-26,0117,N20,VIIRS,n,2,277.95,1.03,N,0
51.70988,27.29209,297.31,0.34,0.56,2019-04-26,0117,N20,VIIRS,n,2,276.69,0.8,N,0
51.70522,27.28847,307.04,0.34,0.56,2019-04-26,0117,N20,VIIRS,n,2,277.92,0.8,N,0
51.67535,27.29253,296.28,0.34,0.56,2019-04-26,0117,N20,VIIRS,n,2,278.22,0.6,N,0
51.67068,27.28891,296.2,0.34,0.56,2019-04-26,0117,N20,VIIRS,n,2,277.69,0.6,N,0
51.66601,27.2853,296.6,0.34,0.56,2019-04-26,0117,N20,VIIRS,n,2,276.07,0.71,N,0
51.66469,27.28975,297.02,0.34,0.56,2019-04-26,0117,N20,VIIRS,n,2,277.45,0.71,N,0
51.66336,27.29421,298.68,0.34,0.56,2019-04-26,0117,N20,VIIRS,n,2,279.69,1.81,N,0
51.65737,27.29504,320.66,0.34,0.56,2019-04-26,0117,N20,VIIRS,n,2,278.42,1.81,N,0
51.65604,27.29949,320.21,0.34,0.56,2019-04-26,0117,N20,VIIRS,n,2,280.36,1.84,N,0
51.6825,27.21062,309.66,0.34,0.56,2019-04-26,0117,N20,VIIRS,n,2,276.38,1.58,N,0
51.65472,27.30395,300.08,0.34,0.56,2019-04-26,0117,N20,VIIRS,n,2,280.1,1.84,N,0
51.67653,27.21143,296.64,0.34,0.56,2019-04-26,0117,N20,VIIRS,n,2,275.15,1.35,N,0
51.67522,27.21586,308.72,0.34,0.56,2019-04-26,0117,N20,VIIRS,n,2,276.7,0.94,N,0
51.49625,30.55429,332.38,0.48,0.65,2019-04-26,0925,N20,VIIRS,n,2,295.33,5.17,D,0
51.49836,30.56046,337.4,0.48,0.65,2019-04-26,0925,N20,VIIRS,n,2,296.64,6.11,D,0
51.49822,30.55297,338.65,0.48,0.65,2019-04-26,0925,N20,VIIRS,n,2,297.07,4.82,D,0
51.50031,30.55917,340.35,0.48,0.65,2019-04-26,0925,N20,VIIRS,n,2,296.76,4.82,D,0
51.65602,27.29008,367,0.63,0.72,2019-04-26,0926,N20,VIIRS,h,2,292.6,15.11,D,0
51.65691,27.29041,356.06,0.63,0.72,2019-04-26,0926,N20,VIIRS,n,2,292.54,16.83,D,0
51.65125,27.29608,325.17,0.63,0.72,2019-04-26,0926,N20,VIIRS,n,2,287.79,4.18,D,0
54.94576,29.52061,355.98,0.39,0.6,2019-04-26,0926,N20,VIIRS,n,2,294.51,15.13,D,0
54.94398,29.51524,367,0.39,0.6,2019-04-26,0926,N20,VIIRS,h,2,303.01,31.94,D,0
54.82242,29.16986,340.82,0.41,0.61,2019-04-26,0926,N20,VIIRS,n,2,294.29,6.66,D,0
54.82427,29.17537,342.66,0.41,0.6,2019-04-26,0926,N20,VIIRS,n,2,292.5,4.99,D,0
54.93919,29.51997,331.03,0.39,0.6,2019-04-26,0926,N20,VIIRS,n,2,292.52,8.07,D,0
54.8213,29.18583,329.66,0.41,0.6,2019-04-26,0926,N20,VIIRS,n,2,292.61,4.99,D,0
54.9326,29.51929,349.31,0.39,0.6,2019-04-26,0926,N20,VIIRS,n,2,295.25,8.07,D,0
54.93618,29.53007,327.26,0.39,0.6,2019-04-26,0926,N20,VIIRS,n,2,294.08,7.06,D,0
54.93439,29.52468,367,0.39,0.6,2019-04-26,0926,N20,VIIRS,h,2,295.13,8.07,D,0
54.93795,29.53543,367,0.39,0.6,2019-04-26,0926,N20,VIIRS,h,2,294.52,7.06,D,0
54.93139,29.53481,326.91,0.39,0.6,2019-04-26,0926,N20,VIIRS,n,2,292.52,2.45,D,0
51.7261,27.39265,329.16,0.62,0.71,2019-04-26,0926,N20,VIIRS,n,2,288.69,6.37,D,0
51.63623,27.32004,327.23,0.63,0.72,2019-04-26,0926,N20,VIIRS,n,2,288.74,5.46,D,0
51.88946,29.34461,339.54,0.52,0.67,2019-04-26,0926,N20,VIIRS,n,2,293.48,4.11,D,2
51.89107,29.34524,341.87,0.52,0.67,2019-04-26,0926,N20,VIIRS,n,2,293.6,4.84,D,2
52.16582,29.31713,367,0.51,0.66,2019-04-26,0926,N20,VIIRS,h,2,298.21,9.86,D,0
52.16806,29.32359,335.02,0.51,0.66,2019-04-26,0926,N20,VIIRS,n,2,294.79,7.76,D,0
52.16817,29.31691,367,0.51,0.66,2019-04-26,0926,N20,VIIRS,h,2,296.5,12.21,D,0
53.14548,32.21887,343,0.37,0.58,2019-04-26,0926,N20,VIIRS,n,2,294.85,5.12,D,0
52.15401,28.93371,367,0.53,0.67,2019-04-26,0926,N20,VIIRS,h,2,294.39,23.37,D,0
52.15164,28.92697,367,0.53,0.67,2019-04-26,0926,N20,VIIRS,h,2,300.81,23.37,D,0
52.14656,28.93197,367,0.53,0.67,2019-04-26,0926,N20,VIIRS,h,2,292.13,10.45,D,0
52.15434,28.93366,367,0.53,0.67,2019-04-26,0926,N20,VIIRS,h,2,294.89,28.11,D,0
52.15194,28.92695,367,0.53,0.67,2019-04-26,0926,N20,VIIRS,h,2,299.52,28.05,D,0
52.15733,28.92194,367,0.53,0.67,2019-04-26,0926,N20,VIIRS,h,2,294.04,28.05,D,0
51.66399,27.4332,327.48,0.62,0.72,2019-04-26,0926,N20,VIIRS,n,2,289,6.23,D,0
51.66106,27.42542,338.34,0.62,0.72,2019-04-26,0926,N20,VIIRS,n,2,289.86,13.08,D,0
51.66966,27.42769,337.45,0.62,0.72,2019-04-26,0926,N20,VIIRS,n,2,288.47,6.23,D,0
51.63712,27.32057,329.36,0.63,0.72,2019-04-26,0926,N20,VIIRS,n,2,288.64,4.33,D,0
55.29972,30.7101,339.99,0.35,0.56,2019-04-26,0926,N20,VIIRS,n,2,295.13,5.54,D,0
55.30125,30.71494,351.29,0.35,0.56,2019-04-26,0926,N20,VIIRS,n,2,294.71,5.5,D,0
55.29815,30.71247,340.52,0.35,0.56,2019-04-26,0926,N20,VIIRS,n,2,295.75,4.09,D,0
55.29967,30.71734,350,0.35,0.56,2019-04-26,0926,N20,VIIRS,n,2,295.16,4.09,D,0
54.83971,29.41684,341.95,0.4,0.6,2019-04-26,0926,N20,VIIRS,n,2,291.98,7.9,D,0
54.83791,29.41138,367,0.4,0.6,2019-04-26,0926,N20,VIIRS,h,2,295.25,9.59,D,0
54.31669,28.25579,326.95,0.46,0.64,2019-04-26,0926,N20,VIIRS,n,2,292.22,5.34,D,0
54.08851,27.74669,334.22,0.49,0.65,2019-04-26,0926,N20,VIIRS,n,2,289.38,2.45,D,0
53.30847,30.16854,330.3,0.43,0.62,2019-04-26,0926,N20,VIIRS,n,2,293.75,4.35,D,0
53.69083,31.59989,345.97,0.37,0.58,2019-04-26,0926,N20,VIIRS,n,2,296.66,3.41,D,0
53.2029,30.67863,326.25,0.41,0.61,2019-04-26,0926,N20,VIIRS,n,2,295.83,3.04,D,0
52.11546,27.71068,327.15,0.58,0.7,2019-04-26,0926,N20,VIIRS,n,2,285.6,9.56,D,0
52.10991,27.71606,356.31,0.58,0.7,2019-04-26,0926,N20,VIIRS,l,2,283.39,9.56,D,0
53.32758,31.27491,336.33,0.39,0.59,2019-04-26,0926,N20,VIIRS,n,2,295.38,3.73,D,0
51.69523,27.20833,338.96,0.63,0.72,2019-04-26,0926,N20,VIIRS,n,2,289.34,11.13,D,0
51.69821,27.2162,333.29,0.63,0.72,2019-04-26,0926,N20,VIIRS,n,2,287.31,8.77,D,0
51.72497,27.28695,344.64,0.63,0.72,2019-04-26,0926,N20,VIIRS,n,2,288.61,28.65,D,0
51.72794,27.29481,367,0.63,0.72,2019-04-26,0926,N20,VIIRS,h,2,293.12,39.8,D,0
51.72226,27.30036,356.45,0.63,0.72,2019-04-26,0926,N20,VIIRS,l,2,289.78,39.8,D,0
51.7193,27.29251,354.58,0.63,0.72,2019-04-26,0926,N20,VIIRS,n,2,289.11,28.65,D,0
51.74603,27.38386,337.46,0.62,0.71,2019-04-26,0926,N20,VIIRS,n,2,288.46,7.37,D,0
51.71362,27.29807,367,0.63,0.72,2019-04-26,0926,N20,VIIRS,h,2,292.21,14.16,D,0
51.67519,27.21729,338.89,0.63,0.72,2019-04-26,0926,N20,VIIRS,n,2,288.61,8.68,D,0
51.70497,27.29577,333.07,0.63,0.72,2019-04-26,0926,N20,VIIRS,n,2,289.58,14.16,D,0
51.74036,27.38937,339.14,0.62,0.71,2019-04-26,0926,N20,VIIRS,n,2,289.68,7.37,D,0
51.74329,27.39715,329.92,0.62,0.71,2019-04-26,0926,N20,VIIRS,n,2,286.9,7.37,D,0
51.66949,27.22285,338.86,0.63,0.72,2019-04-26,0926,N20,VIIRS,n,2,289.57,6.48,D,0
51.7347,27.3949,326.82,0.62,0.71,2019-04-26,0926,N20,VIIRS,n,2,287.29,5.09,D,0
51.66376,27.22834,333.92,0.63,0.72,2019-04-26,0926,N20,VIIRS,n,2,290.62,6.48,D,0
55.5153,28.08513,343.16,0.42,0.61,2019-04-26,0927,N20,VIIRS,n,2,295.17,4.01,D,0
55.83381,28.33344,330.15,0.4,0.6,2019-04-26,0927,N20,VIIRS,n,2,292.8,2.38,D,0
51.67641,27.40699,332.15,0.43,0.38,2019-04-26,1106,N20,VIIRS,n,2,305.49,155.36,D,0
51.67865,27.42546,336.71,0.43,0.38,2019-04-26,1106,N20,VIIRS,l,2,309.93,179.67,D,0
51.67715,27.41315,367,0.43,0.38,2019-04-26,1106,N20,VIIRS,h,2,331.64,155.36,D,0
54.8531,30.01352,338.75,0.55,0.43,2019-04-26,1106,N20,VIIRS,n,2,296.72,9.93,D,0
54.84917,30.01451,340.11,0.55,0.43,2019-04-26,1106,N20,VIIRS,n,2,296.64,9.93,D,0
54.65787,29.22631,334.22,0.52,0.41,2019-04-26,1106,N20,VIIRS,n,2,299.25,3.59,D,0
54.62164,30.61869,346.79,0.39,0.44,2019-04-26,1106,N20,VIIRS,n,2,297.17,4.09,D,0
54.62213,30.6247,333.94,0.39,0.44,2019-04-26,1106,N20,VIIRS,n,2,294.22,4.09,D,0
54.31263,28.25929,336.15,0.48,0.4,2019-04-26,1106,N20,VIIRS,n,2,301.57,6.54,D,0
53.97873,31.68336,344.88,0.42,0.45,2019-04-26,1106,N20,VIIRS,n,2,300.81,5.93,D,0
53.7701,30.66355,335.4,0.57,0.43,2019-04-26,1106,N20,VIIRS,n,2,304.28,11.79,D,0
53.32337,29.12756,334.03,0.5,0.41,2019-04-26,1106,N20,VIIRS,n,2,301.81,12.37,D,0
53.46106,32.41211,340.07,0.44,0.46,2019-04-26,1106,N20,VIIRS,n,2,296.85,4.55,D,0
53.45808,32.41314,329.35,0.44,0.46,2019-04-26,1106,N20,VIIRS,n,2,294.6,2.6,D,0
53.15488,29.28907,333.67,0.5,0.41,2019-04-26,1106,N20,VIIRS,n,2,298.03,6.57,D,0
53.33109,31.27256,336.76,0.39,0.44,2019-04-26,1106,N20,VIIRS,n,2,300.77,4.59,D,0
51.49856,30.55391,352.07,0.53,0.42,2019-04-26,1106,N20,VIIRS,n,2,304.17,9.08,D,0
51.49782,30.54627,340.61,0.53,0.42,2019-04-26,1106,N20,VIIRS,n,2,300.02,9.08,D,0
51.50027,30.55975,333.6,0.53,0.42,2019-04-26,1106,N20,VIIRS,n,2,301.61,8.4,D,0
53.33158,31.27852,334.89,0.39,0.44,2019-04-26,1106,N20,VIIRS,n,2,297.02,3.7,D,0
53.33061,31.41901,338.01,0.4,0.44,2019-04-26,1106,N20,VIIRS,n,2,300.81,2.39,D,0
53.23316,31.74639,333.05,0.41,0.45,2019-04-26,1106,N20,VIIRS,n,2,296.1,3.08,D,0
53.21519,31.56962,329.32,0.4,0.44,2019-04-26,1106,N20,VIIRS,n,2,296.68,3.73,D,0
53.21111,31.57054,343.2,0.4,0.44,2019-04-26,1106,N20,VIIRS,n,2,299.64,3.73,D,0
53.14901,32.21394,329.38,0.43,0.46,2019-04-26,1106,N20,VIIRS,l,2,299.8,3.69,D,0
52.26097,24.16673,346.11,0.39,0.36,2019-04-26,1106,N20,VIIRS,n,2,305.84,8.16,D,0
52.84588,29.99105,331.53,0.53,0.42,2019-04-26,1106,N20,VIIRS,n,2,303.46,3.85,D,2
51.94724,23.74061,335.36,0.38,0.36,2019-04-26,1106,N20,VIIRS,l,2,305.8,66.68,D,0
52.47261,27.75386,333.46,0.44,0.39,2019-04-26,1106,N20,VIIRS,l,2,304.42,9.49,D,0
52.47336,27.76036,332.43,0.44,0.39,2019-04-26,1106,N20,VIIRS,n,2,298.88,6.25,D,0
52.46909,27.75493,350.13,0.44,0.39,2019-04-26,1106,N20,VIIRS,n,2,302.81,6.35,D,0
52.46984,27.76144,334.47,0.44,0.39,2019-04-26,1106,N20,VIIRS,n,2,303.97,9.78,D,0
52.46558,27.75601,330.8,0.44,0.39,2019-04-26,1106,N20,VIIRS,n,2,299.38,6.35,D,0
52.1092,26.49188,315.52,0.41,0.37,2019-04-26,1106,N20,VIIRS,l,2,323.94,67.62,D,0
52.10997,26.49785,334.25,0.41,0.37,2019-04-26,1106,N20,VIIRS,n,2,299.69,13.84,D,0
52.10506,26.48704,333.2,0.41,0.37,2019-04-26,1106,N20,VIIRS,n,2,300.16,4.64,D,0
52.10583,26.49301,342.88,0.41,0.37,2019-04-26,1106,N20,VIIRS,n,2,302.9,4.64,D,0
52.11405,27.71401,348.11,0.44,0.38,2019-04-26,1106,N20,VIIRS,n,2,315.31,116.08,D,0
52.11055,27.71508,348.69,0.44,0.38,2019-04-26,1106,N20,VIIRS,n,2,306.2,10.76,D,0
51.88301,26.12693,348.31,0.4,0.37,2019-04-26,1106,N20,VIIRS,n,2,300.4,6.85,D,0
51.90914,26.46694,347.97,0.41,0.37,2019-04-26,1106,N20,VIIRS,n,2,301.45,6.5,D,0
51.90576,26.46806,343.39,0.41,0.37,2019-04-26,1106,N20,VIIRS,n,2,300.34,6.5,D,0
51.49956,30.55208,347.18,0.53,0.42,2019-04-26,1106,N20,VIIRS,n,2,305.5,8.4,D,0
51.49886,30.54443,336.61,0.53,0.42,2019-04-26,1106,N20,VIIRS,n,2,301.31,5.12,D,0
51.61703,27.41905,349.41,0.43,0.38,2019-04-26,1106,N20,VIIRS,n,2,301.48,7.43,D,0
51.60204,27.2652,334.15,0.42,0.38,2019-04-26,1106,N20,VIIRS,n,2,303.56,6.34,D,0
51.6013,27.25912,333.67,0.42,0.38,2019-04-26,1106,N20,VIIRS,n,2,304.64,6.29,D,0
51.61408,27.30569,341.4,0.42,0.38,2019-04-26,1106,N20,VIIRS,n,2,300.03,4.46,D,0
51.63305,27.43321,340.92,0.43,0.38,2019-04-26,1106,N20,VIIRS,n,2,298.74,7.93,D,0
51.62783,27.3014,333.24,0.42,0.38,2019-04-26,1106,N20,VIIRS,n,2,297.75,1.76,D,0
51.64833,27.44124,333.93,0.43,0.38,2019-04-26,1106,N20,VIIRS,n,2,296.49,3.17,D,0
51.63768,27.32366,353.27,0.43,0.38,2019-04-26,1106,N20,VIIRS,n,2,300.89,8.27,D,0
51.63396,27.29314,333.22,0.42,0.38,2019-04-26,1106,N20,VIIRS,n,2,299.8,2.93,D,0
51.65524,27.43911,333.8,0.43,0.38,2019-04-26,1106,N20,VIIRS,n,2,296.23,2.12,D,0
51.65869,27.43804,331.94,0.43,0.38,2019-04-26,1106,N20,VIIRS,n,2,297.93,2.12,D,0
51.64307,27.3093,330.76,0.43,0.38,2019-04-26,1106,N20,VIIRS,n,2,297.99,3.45,D,0
51.64233,27.30319,343.94,0.43,0.38,2019-04-26,1106,N20,VIIRS,n,2,298.92,3.45,D,0
51.66214,27.43697,330.97,0.43,0.38,2019-04-26,1106,N20,VIIRS,n,2,296.96,3.61,D,0
51.66139,27.43081,332.82,0.43,0.38,2019-04-26,1106,N20,VIIRS,n,2,297.54,2.59,D,0
51.64576,27.30211,348.3,0.43,0.38,2019-04-26,1106,N20,VIIRS,n,2,300.92,11.19,D,0
51.66484,27.42975,333.83,0.43,0.38,2019-04-26,1106,N20,VIIRS,n,2,296.71,2.59,D,0
51.6641,27.42359,333.53,0.43,0.38,2019-04-26,1106,N20,VIIRS,n,2,297.15,2.59,D,0
51.6492,27.30104,352.75,0.43,0.38,2019-04-26,1106,N20,VIIRS,n,2,303.77,11.19,D,0
51.6683,27.42868,336.37,0.43,0.38,2019-04-26,1106,N20,VIIRS,n,2,294.72,2.99,D,0
51.66755,27.42252,337.76,0.43,0.38,2019-04-26,1106,N20,VIIRS,n,2,296.21,2.99,D,0
51.66681,27.41637,340.88,0.43,0.38,2019-04-26,1106,N20,VIIRS,n,2,298.46,58.44,D,0
51.65264,27.29997,343.17,0.43,0.38,2019-04-26,1106,N20,VIIRS,n,2,307.24,22.42,D,0
51.6519,27.29387,350.81,0.42,0.38,2019-04-26,1106,N20,VIIRS,n,2,303.98,12.63,D,0
51.9056,26.46392,332.74,0.41,0.37,2019-04-26,1106,N20,VIIRS,n,2,298.98,2.42,D,0
51.90636,26.46983,332.76,0.41,0.37,2019-04-26,1106,N20,VIIRS,n,2,299.96,3.3,D,0
52.15852,28.91658,338.62,0.48,0.4,2019-04-26,1106,N20,VIIRS,n,2,298.74,4.46,D,0
52.15488,28.91759,339.46,0.48,0.4,2019-04-26,1106,N20,VIIRS,n,2,299.75,4.46,D,0
52.15635,28.93147,346.72,0.48,0.4,2019-04-26,1106,N20,VIIRS,n,2,305.78,15.65,D,0
52.15197,28.92553,337.57,0.48,0.4,2019-04-26,1106,N20,VIIRS,n,2,306.26,7.47,D,0
52.15271,28.93248,341.7,0.48,0.4,2019-04-26,1106,N20,VIIRS,n,2,304.04,7.47,D,0
52.16961,29.31184,328.95,0.49,0.4,2019-04-26,1106,N20,VIIRS,l,2,303.12,4.74,D,0
52.17035,29.31899,342.02,0.49,0.4,2019-04-26,1106,N20,VIIRS,n,2,301.98,4.74,D,0
52.17107,29.32615,333.07,0.49,0.4,2019-04-26,1106,N20,VIIRS,n,2,299.45,3.97,D,0
52.16592,29.31278,329.2,0.49,0.4,2019-04-26,1106,N20,VIIRS,l,2,303.41,4.74,D,0
52.16738,29.32713,344.23,0.49,0.4,2019-04-26,1106,N20,VIIRS,n,2,301.29,3.97,D,0
52.14254,29.49643,337.77,0.5,0.41,2019-04-26,1106,N20,VIIRS,n,2,297.48,10.05,D,0
52.13882,29.49742,338.8,0.5,0.41,2019-04-26,1106,N20,VIIRS,n,2,298.51,10.05,D,0
52.14169,29.49666,340.44,0.5,0.41,2019-04-26,1106,N20,VIIRS,n,2,301.17,19.59,D,0
52.26969,30.98936,333.59,0.56,0.43,2019-04-26,1106,N20,VIIRS,n,2,300.32,5.49,D,0
52.2422,31.5218,340.34,0.39,0.44,2019-04-26,1106,N20,VIIRS,n,2,300.65,3.73,D,0
52.24267,31.52757,342.42,0.39,0.44,2019-04-26,1106,N20,VIIRS,n,2,299.47,4.95,D,0
51.75935,27.37276,333.6,0.43,0.38,2019-04-26,1106,N20,VIIRS,n,2,296.94,6.69,D,0
51.76009,27.37892,333.77,0.43,0.38,2019-04-26,1106,N20,VIIRS,n,2,299.43,6.69,D,0
51.75589,27.37383,344.55,0.43,0.38,2019-04-26,1106,N20,VIIRS,n,2,298.72,6.69,D,0
51.75664,27.37999,330.38,0.43,0.38,2019-04-26,1106,N20,VIIRS,n,2,295.8,6.69,D,0
51.7517,27.36875,333.4,0.43,0.38,2019-04-26,1106,N20,VIIRS,n,2,297.38,2.89,D,0
51.75245,27.37491,338.04,0.43,0.38,2019-04-26,1106,N20,VIIRS,n,2,298.41,5.44,D,0
51.74826,27.36983,334.62,0.43,0.38,2019-04-26,1106,N20,VIIRS,n,2,298.75,2.89,D,0
51.73516,27.29113,351,0.43,0.38,2019-04-26,1106,N20,VIIRS,n,2,295.09,6.21,D,0
51.7448,27.3709,332.1,0.43,0.38,2019-04-26,1106,N20,VIIRS,n,2,298.14,2.41,D,0
51.74703,27.38937,342.84,0.43,0.38,2019-04-26,1106,N20,VIIRS,n,2,296.52,64.15,D,0
51.65115,27.28778,340.74,0.42,0.38,2019-04-26,1106,N20,VIIRS,n,2,302.64,12.63,D,0
51.67175,27.42761,342.5,0.43,0.38,2019-04-26,1106,N20,VIIRS,n,2,295.08,2.99,D,0
51.671,27.42145,331.61,0.43,0.38,2019-04-26,1106,N20,VIIRS,n,2,293.44,2.99,D,0
51.73172,27.2922,333.8,0.43,0.38,2019-04-26,1106,N20,VIIRS,n,2,293.99,6.21,D,0
52.09538,30.73119,336.61,0.55,0.42,2019-04-26,1106,N20,VIIRS,n,2,296.37,5.87,D,0
52.09149,30.73211,347.76,0.55,0.42,2019-04-26,1106,N20,VIIRS,n,2,305.64,15.95,D,0
51.73668,27.39259,338.04,0.43,0.38,2019-04-26,1106,N20,VIIRS,n,2,302.22,129.02,D,0
51.73323,27.39366,341.55,0.43,0.38,2019-04-26,1106,N20,VIIRS,n,2,303.47,20.14,D,0
51.72978,27.39473,341.53,0.43,0.38,2019-04-26,1106,N20,VIIRS,n,2,299.33,20.14,D,0
51.72559,27.38964,353.42,0.43,0.38,2019-04-26,1106,N20,VIIRS,n,2,298.87,21.85,D,0
51.71107,27.29866,332.93,0.43,0.38,2019-04-26,1106,N20,VIIRS,n,2,293.46,7.58,D,0
51.72214,27.39072,333.06,0.43,0.38,2019-04-26,1106,N20,VIIRS,n,2,300.43,21.85,D,0
51.70764,27.29974,334.96,0.43,0.38,2019-04-26,1106,N20,VIIRS,n,2,295.12,5.46,D,0
51.71869,27.39179,345.49,0.43,0.38,2019-04-26,1106,N20,VIIRS,n,2,298.13,8.47,D,0
51.71524,27.39285,336.48,0.43,0.38,2019-04-26,1106,N20,VIIRS,n,2,295.3,8.47,D,0
51.71106,27.38777,344.37,0.43,0.38,2019-04-26,1106,N20,VIIRS,n,2,300.34,5.65,D,0
51.70687,27.38269,330.49,0.43,0.38,2019-04-26,1106,N20,VIIRS,n,2,298.22,3.01,D,0
51.70761,27.38883,345.1,0.43,0.38,2019-04-26,1106,N20,VIIRS,n,2,299.5,5.65,D,0
51.6794,27.21357,343.55,0.42,0.38,2019-04-26,1106,N20,VIIRS,n,2,300.62,9.02,D,0
51.67524,27.20857,345.55,0.42,0.38,2019-04-26,1106,N20,VIIRS,n,2,308.18,17.83,D,0
51.67597,27.21465,334.28,0.42,0.38,2019-04-26,1106,N20,VIIRS,n,2,297.93,17.83,D,0
51.67253,27.21572,355.17,0.42,0.38,2019-04-26,1106,N20,VIIRS,n,2,305.87,17.83,D,0
51.67327,27.22181,345.77,0.42,0.38,2019-04-26,1106,N20,VIIRS,n,2,301.53,6.38,D,0
51.67768,27.2584,330.38,0.42,0.38,2019-04-26,1106,N20,VIIRS,n,2,296.31,2.65,D,0
51.67842,27.26449,332.8,0.42,0.38,2019-04-26,1106,N20,VIIRS,n,2,298.7,2.65,D,0
51.67458,27.21724,338.81,0.42,0.38,2019-04-26,1106,N20,VIIRS,n,2,299.98,11.88,D,0
51.67382,27.21117,367,0.42,0.38,2019-04-26,1106,N20,VIIRS,h,2,304.45,18.15,D,0
51.67114,27.21832,353.52,0.42,0.38,2019-04-26,1106,N20,VIIRS,n,2,306.15,11.88,D,0
51.6719,27.2244,335.49,0.42,0.38,2019-04-26,1106,N20,VIIRS,n,2,301.11,11.88,D,0
51.6764,27.26093,345.53,0.42,0.38,2019-04-26,1106,N20,VIIRS,n,2,299.88,4.59,D,0
51.65534,27.29281,341.09,0.42,0.38,2019-04-26,1106,N20,VIIRS,n,2,300.38,12.63,D,0
51.6737,27.41422,367,0.43,0.38,2019-04-26,1106,N20,VIIRS,h,2,350.11,155.36,D,0
51.67445,27.42038,353.55,0.43,0.38,2019-04-26,1106,N20,VIIRS,n,2,310.88,179.67,D,0
51.66771,27.2194,336.64,0.42,0.38,2019-04-26,1106,N20,VIIRS,n,2,301.51,8.8,D,0
51.66846,27.22548,341.23,0.42,0.38,2019-04-26,1106,N20,VIIRS,n,2,303.66,8.8,D,0
51.66503,27.22657,349.9,0.42,0.38,2019-04-26,1106,N20,VIIRS,n,2,303.77,8.8,D,0
51.6806,27.41208,341.65,0.43,0.38,2019-04-26,1106,N20,VIIRS,n,2,296.85,17.16,D,0
51.68135,27.41824,349.8,0.43,0.38,2019-04-26,1106,N20,VIIRS,n,2,302.59,44.85,D,0
51.6779,27.41931,367,0.43,0.38,2019-04-26,1106,N20,VIIRS,l,2,352.66,179.67,D,0
51.66221,27.29066,350.9,0.42,0.38,2019-04-26,1106,N20,VIIRS,n,2,302.13,11.89,D,0
54.93585,29.51472,345.19,0.53,0.42,2019-04-26,1107,N20,VIIRS,n,2,300.21,12.71,D,0
54.932,29.51578,339.8,0.53,0.42,2019-04-26,1107,N20,VIIRS,n,2,300.16,12.71,D,0
54.93274,29.52415,347.46,0.54,0.42,2019-04-26,1107,N20,VIIRS,n,2,301.79,12.71,D,0
54.93348,29.53251,345.14,0.54,0.42,2019-04-26,1107,N20,VIIRS,n,2,300.49,9.57,D,0
54.94262,29.51167,334.52,0.53,0.42,2019-04-26,1107,N20,VIIRS,n,2,297.28,4.5,D,0
54.94339,29.52003,329.79,0.53,0.42,2019-04-26,1107,N20,VIIRS,n,2,297.7,2.38,D,0
54.93877,29.51272,341.43,0.53,0.42,2019-04-26,1107,N20,VIIRS,n,2,297.65,8.89,D,0
54.94032,29.52944,339.03,0.54,0.42,2019-04-26,1107,N20,VIIRS,n,2,298.15,13.14,D,0
54.93491,29.51376,337.75,0.53,0.42,2019-04-26,1107,N20,VIIRS,n,2,302.98,8.89,D,0
54.93724,29.53886,332.52,0.54,0.42,2019-04-26,1107,N20,VIIRS,n,2,299.34,4.7,D,0
54.83898,29.4122,340.09,0.53,0.42,2019-04-26,1107,N20,VIIRS,n,2,300.53,12.69,D,0
54.82105,29.17423,347.06,0.52,0.41,2019-04-26,1107,N20,VIIRS,n,2,301.61,8.39,D,0
54.8256,29.18128,337.32,0.52,0.42,2019-04-26,1107,N20,VIIRS,n,2,297.81,4.43,D,0
54.82485,29.17317,330.54,0.52,0.41,2019-04-26,1107,N20,VIIRS,n,2,298.78,3.62,D,0
54.93261,29.53152,338.78,0.54,0.42,2019-04-26,1107,N20,VIIRS,n,2,300.34,9.62,D,0
54.93184,29.52317,350.16,0.53,0.42,2019-04-26,1107,N20,VIIRS,n,2,303.42,9.62,D,0
55.07522,29.34751,340.74,0.53,0.42,2019-04-26,1107,N20,VIIRS,n,2,299.47,4.29,D,0
54.94355,29.51262,330.69,0.53,0.42,2019-04-26,1107,N20,VIIRS,n,2,295.95,4.48,D,0
54.9397,29.51367,337.4,0.53,0.42,2019-04-26,1107,N20,VIIRS,n,2,298.38,4.48,D,0
54.94044,29.52204,328.45,0.54,0.42,2019-04-26,1107,N20,VIIRS,n,2,298.13,4.48,D,0
54.94118,29.53043,332.28,0.54,0.42,2019-04-26,1107,N20,VIIRS,n,2,297.91,4.36,D,0
53.97788,31.67841,299.1,0.55,0.51,2019-04-26,2317,N20,VIIRS,n,2,274.8,1.04,N,0
53.97886,31.67719,295.1,0.55,0.51,2019-04-26,2317,N20,VIIRS,n,2,274.62,0.96,N,0
53.2619,24.44958,297.01,0.54,0.68,2019-04-26,2317,N20,VIIRS,n,2,284.18,1.11,N,2
53.27449,24.44115,303.57,0.55,0.68,2019-04-26,2317,N20,VIIRS,n,2,283.53,1,N,2
53.39731,32.01191,304.13,0.53,0.5,2019-04-26,2317,N20,VIIRS,n,2,280.9,1.6,N,2
53.7135,31.51201,300.72,0.56,0.51,2019-04-26,2317,N20,VIIRS,n,2,274.89,0.88,N,0
52.25253,29.07949,312.74,0.34,0.56,2019-04-26,2318,N20,VIIRS,n,2,277.1,0.9,N,0
52.84676,29.99392,308.97,0.63,0.54,2019-04-26,2318,N20,VIIRS,n,2,279.84,2.03,N,2
51.87609,28.89997,299,0.35,0.56,2019-04-26,2318,N20,VIIRS,n,2,282.08,0.41,N,0
51.87577,28.90067,297.56,0.35,0.56,2019-04-26,2318,N20,VIIRS,n,2,281.92,0.59,N,0
51.89135,29.34027,295.79,0.33,0.55,2019-04-26,2318,N20,VIIRS,n,2,281.25,0.76,N,2
51.89154,29.33533,311.93,0.33,0.55,2019-04-26,2318,N20,VIIRS,n,2,281.73,0.88,N,2
51.89648,29.34086,323.69,0.33,0.55,2019-04-26,2318,N20,VIIRS,n,2,282.82,1.32,N,2
52.11956,27.72236,303.75,0.45,0.47,2019-04-27,0058,N20,VIIRS,n,2,277.29,1.79,N,0
52.12109,27.71628,317.35,0.45,0.47,2019-04-27,0058,N20,VIIRS,n,2,274.1,0.92,N,0
52.39227,27.29303,305.78,0.42,0.45,2019-04-27,0058,N20,VIIRS,n,2,286.98,1.41,N,0
52.84845,29.99304,338.22,0.52,0.5,2019-04-27,0058,N20,VIIRS,n,2,280.78,6.08,N,2
51.94363,23.73022,306.81,0.49,0.4,2019-04-27,0059,N20,VIIRS,n,2,280.18,1.39,N,0
54.24675,31.169,335.63,0.43,0.38,2019-04-27,1047,N20,VIIRS,n,2,300.81,2.44,D,0
53.86576,31.61698,330.74,0.44,0.38,2019-04-27,1047,N20,VIIRS,n,2,289.45,4.06,D,0
52.84634,29.98923,337.26,0.4,0.37,2019-04-27,1047,N20,VIIRS,n,2,301.78,5.89,D,2
52.12192,27.72726,344.62,0.38,0.36,2019-04-27,1047,N20,VIIRS,n,2,300.41,2.72,D,0
52.12429,27.72041,335.63,0.38,0.36,2019-04-27,1047,N20,VIIRS,n,2,296.64,2.28,D,0
52.12105,27.72176,340.21,0.38,0.36,2019-04-27,1047,N20,VIIRS,n,2,301.36,5.73,D,0
52.39271,29.74067,331.88,0.39,0.36,2019-04-27,1047,N20,VIIRS,n,2,298.43,6.4,D,0
52.11868,27.72861,330.57,0.38,0.36,2019-04-27,1047,N20,VIIRS,l,2,302.62,2.72,D,0
53.97955,30.50729,329.34,0.41,0.37,2019-04-27,1047,N20,VIIRS,n,2,298.11,1.4,D,0
55.13967,29.73354,337.54,0.41,0.37,2019-04-27,1048,N20,VIIRS,n,2,297.64,3.44,D,0
55.17329,28.96934,331.23,0.4,0.37,2019-04-27,1048,N20,VIIRS,l,2,301.53,30.99,D,0
55.17245,28.96317,367,0.4,0.37,2019-04-27,1048,N20,VIIRS,l,2,326.83,30.99,D,0
52.8513,29.99012,310.92,0.5,0.66,2019-04-27,2258,N20,VIIRS,n,2,268.65,1.12,N,2
53.30863,28.95656,316.65,0.56,0.69,2019-04-27,2258,N20,VIIRS,n,2,275.93,2.56,N,0
53.30738,28.95155,306.63,0.56,0.69,2019-04-27,2258,N20,VIIRS,n,2,274.94,1.7,N,0
53.30743,28.96014,299.86,0.56,0.69,2019-04-27,2258,N20,VIIRS,n,2,274.85,1.79,N,0
52.84517,29.98998,297.4,0.5,0.66,2019-04-27,2258,N20,VIIRS,n,2,269.65,1.12,N,2
55.1826,28.94766,295.25,0.56,0.69,2019-04-27,2258,N20,VIIRS,n,2,279.4,0.71,N,0
55.18176,28.94728,297.76,0.56,0.69,2019-04-27,2258,N20,VIIRS,n,2,279.58,0.65,N,0
53.67299,31.8265,296.05,0.42,0.61,2019-04-27,2258,N20,VIIRS,n,2,281.86,0.72,N,2
53.39664,32.01444,296.06,0.42,0.61,2019-04-27,2258,N20,VIIRS,n,2,282.74,1.17,N,2
52.84634,29.98927,330.09,0.52,0.42,2019-04-28,0039,N20,VIIRS,n,2,283.21,4.39,N,2
53.30622,28.95935,300.71,0.48,0.4,2019-04-28,0039,N20,VIIRS,n,2,278.28,0.88,N,0
53.39431,32.01405,297.47,0.4,0.44,2019-04-28,0039,N20,VIIRS,n,2,282.84,0.94,N,2
55.18358,28.94802,295.92,0.44,0.38,2019-04-28,0039,N20,VIIRS,n,2,279.72,0.39,N,0
53.64177,30.48336,329.29,0.39,0.36,2019-04-28,1028,N20,VIIRS,l,2,302.66,3.89,D,0
52.06683,28.114,331.3,0.45,0.39,2019-04-28,1028,N20,VIIRS,n,2,296.11,2.5,D,0
53.28582,31.40743,338.74,0.39,0.36,2019-04-28,1028,N20,VIIRS,n,2,302.01,4.52,D,0
53.5405,31.87806,345.04,0.38,0.36,2019-04-28,1028,N20,VIIRS,n,2,300.44,5.66,D,0
53.54462,31.8823,338.54,0.38,0.36,2019-04-28,1028,N20,VIIRS,n,2,299.47,4.52,D,0
53.54374,31.87663,344.4,0.38,0.36,2019-04-28,1028,N20,VIIRS,n,2,300.66,6.39,D,0
53.56751,30.30851,332,0.39,0.36,2019-04-28,1028,N20,VIIRS,n,2,298.83,3.18,D,0
53.56949,30.30623,330.65,0.39,0.36,2019-04-28,1028,N20,VIIRS,n,2,296.49,2.02,D,0
53.84295,29.32547,330.18,0.4,0.37,2019-04-28,1028,N20,VIIRS,n,2,296.46,8.39,D,0
53.74089,27.97886,333.98,0.43,0.38,2019-04-28,1028,N20,VIIRS,n,2,297.9,3.66,D,0
55.35152,29.22897,337.16,0.39,0.36,2019-04-28,1029,N20,VIIRS,n,2,296.55,3.64,D,0
54.59959,29.33457,330,0.4,0.37,2019-04-28,1029,N20,VIIRS,l,2,304.41,2.89,D,0
54.60062,29.34052,331.58,0.4,0.37,2019-04-28,1029,N20,VIIRS,l,2,306.45,2.89,D,0
54.39946,31.23752,343.42,0.38,0.36,2019-04-28,1029,N20,VIIRS,n,2,297.98,3.96,D,0
54.39301,31.24053,339.45,0.38,0.36,2019-04-28,1029,N20,VIIRS,n,2,298.22,3.79,D,0
54.60387,29.33884,334.7,0.4,0.37,2019-04-28,1029,N20,VIIRS,l,2,306.71,2.89,D,0
53.98271,25.83451,327.31,0.48,0.4,2019-04-28,1029,N20,VIIRS,n,2,297.66,2.2,D,0
54.69498,29.44553,330.65,0.4,0.37,2019-04-28,1029,N20,VIIRS,n,2,296.3,2.42,D,0
54.65123,29.19534,332.89,0.4,0.37,2019-04-28,1029,N20,VIIRS,n,2,296.51,2.37,D,0
54.65448,29.19364,333.14,0.4,0.37,2019-04-28,1029,N20,VIIRS,n,2,296.75,2.37,D,0
55.06696,29.82979,326.5,0.39,0.36,2019-04-28,1029,N20,VIIRS,n,2,295.07,1.69,D,0
55.07764,29.83075,327.62,0.39,0.36,2019-04-28,1029,N20,VIIRS,n,2,296.65,3.46,D,0
55.34726,29.22469,328.89,0.39,0.36,2019-04-28,1029,N20,VIIRS,n,2,296.68,3.64,D,0
53.98153,25.83635,344.58,0.53,0.67,2019-04-28,1209,N20,VIIRS,n,2,294.24,6.17,D,0
53.97863,25.83583,333.3,0.53,0.67,2019-04-28,1210,N20,VIIRS,n,2,293.88,5.67,D,0
54.58311,26.58339,341.91,0.57,0.69,2019-04-28,1210,N20,VIIRS,n,2,295.85,5.84,D,0
52.30898,30.23355,301.11,0.78,0.78,2019-04-28,2240,N20,VIIRS,n,2,277.03,0.89,N,0
52.30817,30.2354,306.8,0.78,0.78,2019-04-28,2240,N20,VIIRS,n,2,276.9,1.85,N,0
54.60276,29.33728,296.42,0.39,0.36,2019-04-29,0020,N20,VIIRS,n,2,278.45,1.1,N,0
55.10942,29.96271,310.41,0.39,0.36,2019-04-29,0020,N20,VIIRS,n,2,273.56,1.05,N,0
54.56971,30.4309,302.79,0.39,0.36,2019-04-29,0020,N20,VIIRS,n,2,274.61,1.11,N,0
54.6502,29.19727,299.4,0.39,0.36,2019-04-29,0020,N20,VIIRS,n,2,274.64,0.84,N,0
54.64925,29.20308,309.9,0.39,0.36,2019-04-29,0020,N20,VIIRS,n,2,277.85,0.84,N,0
53.39387,32.01641,303.12,0.43,0.38,2019-04-29,0020,N20,VIIRS,n,2,280.88,0.75,N,2
53.26136,24.4511,311.14,0.41,0.37,2019-04-29,0021,N20,VIIRS,n,2,284.47,1.27,N,2
53.27312,24.44243,298.74,0.42,0.37,2019-04-29,0021,N20,VIIRS,n,2,282.48,0.73,N,2
53.26973,24.4412,297.23,0.42,0.37,2019-04-29,0021,N20,VIIRS,n,2,281.91,0.73,N,2
55.26802,28.78242,295.96,0.68,0.74,2019-04-29,0200,N20,VIIRS,n,2,273.9,1.38,N,0
53.40982,32.15004,330.59,0.45,0.39,2019-04-29,1009,N20,VIIRS,n,2,294.72,5.29,D,0
53.19759,31.4868,338.68,0.47,0.4,2019-04-29,1009,N20,VIIRS,n,2,295.6,5.78,D,0
53.40853,32.14356,327.65,0.45,0.39,2019-04-29,1009,N20,VIIRS,n,2,293.77,4.59,D,0
53.24517,30.34297,326.94,0.51,0.41,2019-04-29,1009,N20,VIIRS,n,2,293.91,2.23,D,0
54.60188,29.34014,332.24,0.51,0.41,2019-04-29,1010,N20,VIIRS,l,2,305.93,5.85,D,0
55.02575,30.83926,329.86,0.45,0.39,2019-04-29,1010,N20,VIIRS,n,2,292.81,0.97,D,0
55.24189,27.2543,349.62,0.57,0.43,2019-04-29,1010,N20,VIIRS,n,2,294.66,12.97,D,0
54.40167,31.16156,329.73,0.46,0.39,2019-04-29,1010,N20,VIIRS,n,2,298.14,3.63,D,0
54.40136,31.16857,351.46,0.46,0.39,2019-04-29,1010,N20,VIIRS,n,2,298.65,10.02,D,0
54.39999,31.16188,327.28,0.46,0.39,2019-04-29,1010,N20,VIIRS,l,2,298.01,2.16,D,0
54.41363,30.75835,325.38,0.47,0.39,2019-04-29,1010,N20,VIIRS,n,2,294.42,2.49,D,0
54.45542,30.2453,338.04,0.48,0.4,2019-04-29,1010,N20,VIIRS,n,2,297.88,3.39,D,0
55.25403,26.85205,333.27,0.39,0.44,2019-04-29,1010,N20,VIIRS,n,2,295.69,3.06,D,0
55.24559,27.25162,347.59,0.57,0.43,2019-04-29,1010,N20,VIIRS,n,2,300.74,46.77,D,0
54.91099,29.59933,337.15,0.49,0.4,2019-04-29,1010,N20,VIIRS,n,2,297.87,5.47,D,0
53.61798,24.99393,334.74,0.51,0.49,2019-04-29,1010,N20,VIIRS,n,2,294.95,4.11,D,0
55.27018,29.23957,325.25,0.49,0.41,2019-04-29,1010,N20,VIIRS,n,2,292.65,2.92,D,0
53.89812,31.60068,335.39,0.45,0.39,2019-04-29,1010,N20,VIIRS,n,2,295.89,5.99,D,0
53.90286,31.60532,332.28,0.45,0.39,2019-04-29,1010,N20,VIIRS,n,2,294.46,5.99,D,0
53.90154,31.59872,344.4,0.45,0.39,2019-04-29,1010,N20,VIIRS,n,2,294.8,5.99,D,0
54.06622,31.63482,334.64,0.45,0.39,2019-04-29,1010,N20,VIIRS,n,2,294.87,2.3,D,0
53.56992,29.29152,337.9,0.54,0.42,2019-04-29,1010,N20,VIIRS,n,2,295.03,3.71,D,0
54.3996,31.1703,333.48,0.46,0.39,2019-04-29,1010,N20,VIIRS,n,2,294.18,3.63,D,0
54.40302,31.16825,344.78,0.46,0.39,2019-04-29,1010,N20,VIIRS,n,2,299.31,3.63,D,0
53.95553,31.62565,367,0.58,0.7,2019-04-29,1150,N20,VIIRS,h,2,296.89,8.06,D,0
53.64494,31.08991,325.22,0.56,0.68,2019-04-29,1150,N20,VIIRS,n,2,288.18,1.44,D,0
53.22896,31.78762,348.9,0.59,0.7,2019-04-29,1150,N20,VIIRS,n,2,291.44,7.59,D,0
53.23036,31.78772,353.42,0.59,0.7,2019-04-29,1150,N20,VIIRS,n,2,292.06,9.54,D,0
53.95488,31.6291,342.45,0.59,0.7,2019-04-29,1150,N20,VIIRS,n,2,295.15,10.43,D,0
54.90736,29.60095,343.82,0.49,0.65,2019-04-29,1151,N20,VIIRS,n,2,297.78,7.22,D,0
54.90635,29.59787,327.71,0.49,0.65,2019-04-29,1151,N20,VIIRS,n,2,296.47,4.04,D,0
54.40009,31.16841,334.68,0.56,0.69,2019-04-29,1151,N20,VIIRS,n,2,294.47,4.83,D,0
55.08339,29.82522,334.3,0.5,0.66,2019-04-29,1151,N20,VIIRS,n,2,291.21,7.11,D,0
52.84755,29.99294,326.63,0.4,0.37,2019-04-30,0002,N20,VIIRS,n,2,279.63,2.45,N,2
53.27,24.44096,296.95,0.57,0.43,2019-04-30,0002,N20,VIIRS,n,2,278.57,1.39,N,2
53.26281,24.44645,295.31,0.57,0.43,2019-04-30,0002,N20,VIIRS,n,2,279.58,1.09,N,2
53.2715,24.43979,303.44,0.57,0.43,2019-04-30,0002,N20,VIIRS,n,2,279,0.69,N,2
54.24405,30.32841,297.07,0.6,0.7,2019-04-30,0141,N20,VIIRS,n,2,268.67,1.36,N,0
53.27353,24.44335,298.46,0.4,0.6,2019-04-30,0142,N20,VIIRS,n,2,276.52,1.13,N,2
53.25843,24.45056,295.44,0.4,0.6,2019-04-30,0142,N20,VIIRS,n,2,278.63,0.5,N,2
53.98467,31.83202,343.2,0.42,0.45,2019-04-30,0951,N20,VIIRS,n,2,299.72,4.8,D,0
54.98996,28.97919,341.54,0.49,0.49,2019-04-30,0951,N20,VIIRS,n,2,302.44,8.22,D,0
54.97948,29.68245,339.07,0.46,0.47,2019-04-30,0951,N20,VIIRS,n,2,294.18,8.2,D,0
54.90983,29.60035,345.49,0.47,0.48,2019-04-30,0951,N20,VIIRS,n,2,302.8,8.19,D,0
52.90538,25.93716,367,0.37,0.58,2019-04-30,0951,N20,VIIRS,h,2,294.05,8.81,D,0
53.98852,31.8293,345.54,0.42,0.45,2019-04-30,0951,N20,VIIRS,n,2,298.29,4.8,D,0
53.98709,31.82341,336.07,0.42,0.45,2019-04-30,0951,N20,VIIRS,n,2,294.01,4.8,D,0
53.96048,31.39578,330.91,0.43,0.46,2019-04-30,0951,N20,VIIRS,n,2,294.77,1.23,D,0
53.93305,31.56647,332.18,0.43,0.46,2019-04-30,0951,N20,VIIRS,n,2,297.45,2.95,D,0
53.92915,31.56922,338.93,0.43,0.46,2019-04-30,0951,N20,VIIRS,n,2,295.89,2.95,D,0
54.0243,31.39321,325.42,0.43,0.46,2019-04-30,0951,N20,VIIRS,l,2,297.28,2.16,D,0
52.53563,25.54872,367,0.4,0.6,2019-04-30,0951,N20,VIIRS,h,2,296.31,10.54,D,3
52.53508,25.5512,354.19,0.4,0.6,2019-04-30,0951,N20,VIIRS,n,2,294.72,11,D,0
52.84454,29.99295,332.09,0.52,0.5,2019-04-30,0951,N20,VIIRS,n,2,298.76,6.93,D,2
54.42993,26.49939,327.38,0.63,0.54,2019-04-30,0951,N20,VIIRS,n,2,295.38,4.36,D,0
53.85918,31.66279,332.28,0.42,0.46,2019-04-30,0951,N20,VIIRS,n,2,301.85,4.29,D,0
53.88593,31.54283,333.63,0.43,0.46,2019-04-30,0951,N20,VIIRS,n,2,294.97,2.21,D,0
53.73537,26.15344,325.95,0.44,0.46,2019-04-30,1131,N20,VIIRS,n,2,296.1,2.14,D,0
53.86351,31.65772,332.03,0.37,0.58,2019-04-30,1131,N20,VIIRS,n,2,295.29,1.96,D,0
52.90665,25.93973,334.54,0.43,0.46,2019-04-30,1131,N20,VIIRS,n,2,294.46,1.71,D,0
52.72713,24.89121,340.37,0.39,0.44,2019-04-30,1131,N20,VIIRS,n,2,298.2,2.19,D,0
52.84647,29.98933,341.83,0.63,0.54,2019-04-30,1131,N20,VIIRS,n,2,301.96,11.16,D,2
52.84689,29.98827,341.18,0.63,0.54,2019-04-30,1131,N20,VIIRS,n,2,302.09,7.9,D,2
52.5392,25.54801,347.15,0.41,0.45,2019-04-30,1131,N20,VIIRS,n,2,293.66,19.21,D,0
52.05784,27.94542,325.72,0.5,0.49,2019-04-30,1131,N20,VIIRS,n,2,292.13,4.29,D,0
53.98833,31.83385,325.59,0.38,0.59,2019-04-30,1131,N20,VIIRS,l,2,295.63,3.32,D,0
54.97217,29.68046,339.51,0.63,0.54,2019-04-30,1132,N20,VIIRS,n,2,294.61,6.86,D,0
54.78231,29.55643,325.3,0.62,0.54,2019-04-30,1132,N20,VIIRS,n,2,296.38,5.57,D,0
54.43168,26.49747,331.31,0.47,0.47,2019-04-30,1132,N20,VIIRS,n,2,296.53,2.62,D,0
54.42387,30.5366,333.03,0.34,0.56,2019-04-30,1132,N20,VIIRS,n,2,294.38,0.89,D,0
54.07147,25.61944,335.63,0.43,0.46,2019-04-30,1132,N20,VIIRS,n,2,297.14,2.56,D,0
54.0718,25.62096,330.75,0.43,0.46,2019-04-30,1132,N20,VIIRS,n,2,297.12,5.04,D,0
54.97254,29.69045,328.23,0.63,0.54,2019-04-30,1132,N20,VIIRS,n,2,294.03,6.86,D,0
54.90921,29.59574,337.45,0.62,0.54,2019-04-30,1132,N20,VIIRS,n,2,302.18,10.39,D,0
54.98222,29.67941,325.94,0.63,0.54,2019-04-30,1132,N20,VIIRS,n,2,292.61,5.11,D,0
55.28111,26.8634,340.46,0.49,0.49,2019-04-30,1132,N20,VIIRS,n,2,296.59,3.87,D,0
54.78549,30.16491,305.88,0.55,0.43,2019-04-30,2342,N20,VIIRS,n,2,272.01,1.15,N,0
54.78592,30.168,314.09,0.55,0.43,2019-04-30,2342,N20,VIIRS,n,2,273.26,2.18,N,0
54.91142,29.59804,314.02,0.39,0.44,2019-04-30,2342,N20,VIIRS,n,2,276.9,1.86,N,0
53.27282,24.44578,300.85,0.59,0.53,2019-04-30,2343,N20,VIIRS,n,2,277.43,1.39,N,2
52.84666,29.99034,330.09,0.53,0.42,2019-04-30,2343,N20,VIIRS,n,2,278.98,13.99,N,2
51.89516,29.33943,297.13,0.55,0.42,2019-04-30,2343,N20,VIIRS,n,2,273.78,1.23,N,2
53.39392,32.01319,298.76,0.46,0.39,2019-04-30,2343,N20,VIIRS,n,2,278.88,1.71,N,2
53.27039,24.44358,301.94,0.59,0.53,2019-04-30,2343,N20,VIIRS,n,2,277.49,1.04,N,2
52.84948,29.99295,310.07,0.45,0.63,2019-05-01,0123,N20,VIIRS,n,2,274.56,1.3,N,2
53.27038,24.43925,301.39,0.54,0.51,2019-05-01,0123,N20,VIIRS,n,2,277.04,0.94,N,2
51.89479,29.34429,314.9,0.46,0.63,2019-05-01,0123,N20,VIIRS,n,2,274,1.3,N,2
51.88955,29.33808,297.12,0.46,0.63,2019-05-01,0123,N20,VIIRS,n,2,273.28,0.75,N,2
51.88961,29.33981,305.85,0.46,0.63,2019-05-01,0123,N20,VIIRS,n,2,273.96,0.83,N,2
53.25798,24.45159,295.91,0.54,0.51,2019-05-01,0123,N20,VIIRS,n,2,276.79,1.03,N,2
53.26202,24.45071,302.68,0.54,0.51,2019-05-01,0123,N20,VIIRS,n,2,278.86,1.99,N,2
52.84841,29.99045,306.71,0.45,0.63,2019-05-01,0123,N20,VIIRS,n,2,273.94,1.57,N,2
54.63797,29.15727,330.93,0.37,0.58,2019-05-01,0932,N20,VIIRS,n,2,288.57,1.33,D,0
55.15659,28.98985,345.63,0.39,0.44,2019-05-01,1113,N20,VIIRS,n,2,291.55,10.31,D,0
54.90911,29.59727,352.45,0.41,0.45,2019-05-01,1113,N20,VIIRS,n,2,308.88,10.71,D,0
55.48953,28.59732,339.44,0.32,0.55,2019-05-01,2323,N20,VIIRS,n,2,273.86,2.97,N,0
55.48444,28.59667,352.56,0.32,0.55,2019-05-01,2323,N20,VIIRS,n,2,274.79,2.97,N,0
53.26174,24.44745,298.86,0.47,0.64,2019-05-01,2324,N20,VIIRS,n,2,279.25,0.72,N,2
54.9101,29.59998,295.77,0.49,0.49,2019-05-02,0104,N20,VIIRS,n,2,271.29,0.59,N,0
53.978,31.31352,327.25,0.48,0.65,2019-05-02,0914,N20,VIIRS,n,2,289.16,2.99,D,0
54.31778,30.30684,326.63,0.5,0.66,2019-05-02,0914,N20,VIIRS,n,2,290.59,3.33,D,0
53.97578,31.30723,326.38,0.48,0.65,2019-05-02,0914,N20,VIIRS,n,2,290.87,2.99,D,0
52.45326,31.14629,330.01,0.45,0.39,2019-05-02,1053,N20,VIIRS,n,2,288.7,2.51,D,0
52.43601,31.48879,333.83,0.46,0.39,2019-05-02,1053,N20,VIIRS,n,2,288.4,2.99,D,0
52.44973,31.14737,327.54,0.45,0.39,2019-05-02,1053,N20,VIIRS,n,2,289,1.79,D,0
53.20494,32.00522,329.3,0.49,0.4,2019-05-02,1053,N20,VIIRS,n,2,285.49,3.12,D,0
52.01009,23.73819,325.94,0.41,0.37,2019-05-02,1053,N20,VIIRS,n,2,285.32,1.76,D,0
53.15275,32.01244,330.37,0.49,0.4,2019-05-02,1053,N20,VIIRS,n,2,285.35,2.96,D,0
52.67515,30.69029,335.4,0.44,0.38,2019-05-02,1053,N20,VIIRS,n,2,290.51,2.75,D,0
52.50143,31.2483,337.5,0.45,0.39,2019-05-02,1053,N20,VIIRS,n,2,292.64,2.93,D,0
53.91611,31.16483,325.03,0.47,0.39,2019-05-02,1054,N20,VIIRS,n,2,292.42,1.99,D,0
54.88783,29.65029,304.26,0.45,0.63,2019-05-02,2304,N20,VIIRS,n,2,275.94,1.89,N,0
54.91169,29.59285,298.83,0.46,0.63,2019-05-02,2304,N20,VIIRS,n,2,277.03,1.4,N,0
54.88786,29.64301,304.53,0.45,0.63,2019-05-02,2304,N20,VIIRS,n,2,272.43,1.66,N,0
51.89166,29.33845,316.21,0.46,0.63,2019-05-02,2305,N20,VIIRS,n,2,277.71,1.75,N,2
52.84916,29.99441,301.73,0.43,0.62,2019-05-02,2305,N20,VIIRS,n,2,277.1,3.12,N,2
52.84927,29.98788,336.04,0.43,0.62,2019-05-02,2305,N20,VIIRS,n,2,277.52,3.12,N,2
54.88883,29.64979,324.15,0.52,0.41,2019-05-03,0045,N20,VIIRS,n,2,277.2,2.36,N,0
52.84551,29.99075,344.76,0.4,0.44,2019-05-03,0045,N20,VIIRS,n,2,279.12,14.64,N,2
52.84931,29.99323,295.89,0.4,0.44,2019-05-03,0045,N20,VIIRS,n,2,276.6,1.17,N,2
54.59851,29.33763,295.5,0.51,0.41,2019-05-03,0045,N20,VIIRS,n,2,278.71,1.44,N,0
54.88526,29.64738,305.94,0.52,0.41,2019-05-03,0045,N20,VIIRS,n,2,277.19,1.98,N,0
54.88696,29.63981,314.22,0.52,0.41,2019-05-03,0045,N20,VIIRS,n,2,276.16,1.75,N,0
54.90949,29.59415,299.91,0.51,0.41,2019-05-03,0045,N20,VIIRS,n,2,277.71,2,N,0
51.8884,29.34023,300,0.4,0.44,2019-05-03,0046,N20,VIIRS,n,2,276.68,0.65,N,2
51.89222,29.34258,309.99,0.4,0.44,2019-05-03,0046,N20,VIIRS,n,2,277.43,1.56,N,2
52.66764,25.44502,302.72,0.43,0.38,2019-05-03,0046,N20,VIIRS,n,2,274.76,0.54,N,0
51.79696,30.4291,344.28,0.39,0.36,2019-05-03,1034,N20,VIIRS,n,2,298.01,5.56,D,0
52.22321,30.95886,351.79,0.38,0.36,2019-05-03,1034,N20,VIIRS,n,2,303.29,12.47,D,0
51.89357,29.34014,329.04,0.4,0.37,2019-05-03,1034,N20,VIIRS,n,2,293.97,3.5,D,2
51.89193,29.34236,331.99,0.4,0.37,2019-05-03,1034,N20,VIIRS,n,2,293.59,3.07,D,2
52.85094,29.99023,302.53,0.68,0.74,2019-05-03,2246,N20,VIIRS,n,2,275.88,1.62,N,2
52.85022,29.98737,306.9,0.68,0.74,2019-05-03,2246,N20,VIIRS,n,2,275.65,2.1,N,2
53.39458,32.01143,296.03,0.47,0.4,2019-05-04,0026,N20,VIIRS,n,2,278.77,0.6,N,2
52.84604,29.99348,325.06,0.43,0.38,2019-05-04,0027,N20,VIIRS,n,2,278.17,2.53,N,2
52.84939,29.99525,296.63,0.43,0.38,2019-05-04,0027,N20,VIIRS,n,2,275.85,1.28,N,2
53.2695,24.44276,304.42,0.39,0.36,2019-05-04,0027,N20,VIIRS,n,2,272.18,1.64,N,2
52.84724,29.98737,304.04,0.43,0.38,2019-05-04,0027,N20,VIIRS,n,2,274.87,2.53,N,2
53.2703,24.43991,315.61,0.5,0.41,2019-05-05,0008,N20,VIIRS,n,2,277.29,2.4,N,2
53.26031,24.45105,297.74,0.46,0.64,2019-05-05,0148,N20,VIIRS,n,2,276.45,1.43,N,2
53.26958,24.44387,305.81,0.46,0.64,2019-05-05,0148,N20,VIIRS,n,2,276.01,1.54,N,2
53.27025,24.4395,295.79,0.44,0.38,2019-05-08,0052,N20,VIIRS,n,2,270,0.84,N,2
53.91568,23.88482,329.91,0.45,0.39,2019-05-08,1041,N20,VIIRS,n,2,292.21,7.25,D,0
53.2715,24.4445,328.26,0.44,0.39,2019-05-08,1041,N20,VIIRS,n,2,295.99,2.61,D,2
53.25976,24.45328,297.52,0.38,0.36,2019-05-09,0033,N20,VIIRS,n,2,275.48,0.69,N,0
53.27181,24.44182,322.24,0.38,0.36,2019-05-09,0033,N20,VIIRS,n,2,279.02,1.74,N,2
53.27052,24.44366,327.06,0.42,0.45,2019-05-09,1022,N20,VIIRS,n,2,295.57,3.03,D,2
53.27077,24.44256,317.23,0.45,0.39,2019-05-10,0014,N20,VIIRS,n,2,281.75,2.05,N,2
53.27241,24.44264,316.98,0.45,0.39,2019-05-10,0014,N20,VIIRS,n,2,280.53,2.1,N,2
53.27023,24.44104,305.61,0.53,0.67,2019-05-10,0154,N20,VIIRS,n,2,277.8,2.1,N,2
53.27103,24.43995,301.28,0.52,0.67,2019-05-10,0154,N20,VIIRS,n,2,276.84,0.93,N,2
53.26002,24.44926,300.05,0.53,0.67,2019-05-10,0154,N20,VIIRS,n,2,277.71,1.3,N,2
53.26075,24.44813,298.88,0.53,0.67,2019-05-10,0154,N20,VIIRS,n,2,278.38,0.91,N,2
52.89309,25.94308,339.08,0.56,0.52,2019-05-10,1003,N20,VIIRS,n,2,291.89,6.5,D,0
52.94453,28.30548,331.9,0.36,0.58,2019-05-10,1144,N20,VIIRS,n,2,285.73,1.94,D,0
52.84636,29.98874,330.57,0.6,0.53,2019-05-11,0944,N20,VIIRS,n,2,295.23,7.82,D,2
52.29428,29.74978,325.63,0.32,0.55,2019-05-11,0944,N20,VIIRS,n,2,287.45,2.69,D,0
52.84893,29.99195,339.76,0.4,0.45,2019-05-11,2336,N20,VIIRS,n,2,281.48,7.19,N,2
53.39474,32.01545,307.75,0.52,0.42,2019-05-11,2336,N20,VIIRS,n,2,282.71,1.53,N,2
53.27221,24.43912,295.94,0.34,0.56,2019-05-11,2336,N20,VIIRS,n,2,278.24,0.89,N,2
53.27203,24.44443,307.49,0.34,0.56,2019-05-11,2336,N20,VIIRS,n,2,280.85,0.89,N,2
53.26141,24.44857,304.26,0.34,0.56,2019-05-11,2336,N20,VIIRS,n,2,280.38,1.12,N,2
51.88958,29.33811,300.8,0.42,0.45,2019-05-11,2337,N20,VIIRS,n,2,268.83,0.42,N,2
51.89374,29.33902,315.69,0.42,0.45,2019-05-11,2337,N20,VIIRS,n,2,271.45,1.42,N,2
52.84617,29.99201,367,0.39,0.59,2019-05-12,0117,N20,VIIRS,h,2,278.53,4.44,N,2
53.26124,24.45135,301.4,0.47,0.48,2019-05-12,0117,N20,VIIRS,n,2,281.13,1.2,N,2
53.27274,24.44415,307.4,0.47,0.48,2019-05-12,0117,N20,VIIRS,n,2,278.98,1.97,N,2
51.8912,29.34238,344.17,0.4,0.6,2019-05-12,0117,N20,VIIRS,n,2,280.24,3.33,N,2
52.84785,29.9868,301.79,0.39,0.59,2019-05-12,0117,N20,VIIRS,n,2,276.81,4.44,N,2
52.83829,28.37283,335.59,0.52,0.67,2019-05-12,0926,N20,VIIRS,n,2,283.47,4.48,D,0
52.89948,25.9124,335.14,0.41,0.37,2019-05-12,1106,N20,VIIRS,n,2,302.3,3.4,D,0
52.90596,25.93523,330.47,0.41,0.37,2019-05-12,1106,N20,VIIRS,l,2,302.27,2.3,D,0
52.28847,25.5466,332.02,0.4,0.37,2019-05-12,1106,N20,VIIRS,n,2,295.04,3.92,D,0
52.55057,28.6727,328.4,0.47,0.4,2019-05-12,1106,N20,VIIRS,n,2,288.76,3.9,D,0
53.27005,24.44245,330.67,0.39,0.36,2019-05-12,1106,N20,VIIRS,n,2,296.55,2.93,D,2
52.84562,29.99287,336.64,0.63,0.54,2019-05-12,2317,N20,VIIRS,n,2,281.41,5.5,N,2
53.27087,24.44574,297.4,0.54,0.68,2019-05-12,2317,N20,VIIRS,n,2,277.92,2.02,N,2
53.6727,31.82832,296.26,0.54,0.51,2019-05-12,2317,N20,VIIRS,n,2,282.36,0.83,N,0
51.89524,29.34352,300.15,0.33,0.55,2019-05-12,2318,N20,VIIRS,n,2,281.25,0.75,N,2
51.89543,29.33858,305.56,0.33,0.55,2019-05-12,2318,N20,VIIRS,n,2,281.6,0.75,N,2
51.89029,29.33797,305.6,0.33,0.55,2019-05-12,2318,N20,VIIRS,n,2,280.4,0.64,N,2
51.89196,29.34254,308.75,0.52,0.5,2019-05-13,0058,N20,VIIRS,n,2,280.54,1.54,N,2
52.84882,29.98883,315.36,0.52,0.5,2019-05-13,0058,N20,VIIRS,n,2,280.57,2.21,N,2
53.27073,24.43983,315.99,0.49,0.4,2019-05-13,0058,N20,VIIRS,n,2,281.58,1.62,N,2
53.26076,24.44949,302.03,0.49,0.4,2019-05-13,0058,N20,VIIRS,n,2,282.82,1.09,N,2
51.8924,29.34291,306.99,0.52,0.5,2019-05-13,0058,N20,VIIRS,n,2,280.47,1.5,N,2
52.44629,30.26629,328.24,0.68,0.74,2019-05-13,0907,N20,VIIRS,n,2,286.98,2.86,D,0
52.08892,29.15303,327.9,0.39,0.36,2019-05-13,1047,N20,VIIRS,n,2,296.97,1.55,D,0
51.77191,28.97763,336.04,0.39,0.36,2019-05-13,1047,N20,VIIRS,n,2,296.94,3.89,D,0
52.19551,30.53312,327.85,0.4,0.37,2019-05-13,1047,N20,VIIRS,n,2,300.67,3.28,D,0
52.27547,29.21332,336.65,0.39,0.36,2019-05-13,1047,N20,VIIRS,l,2,308.62,4.27,D,0
52.44511,30.26351,337.71,0.4,0.37,2019-05-13,1047,N20,VIIRS,n,2,289.46,3.7,D,0
52.02713,27.16726,333.99,0.39,0.36,2019-05-13,1047,N20,VIIRS,n,2,299.57,1.69,D,0
52.84488,29.98882,334.96,0.4,0.37,2019-05-13,1047,N20,VIIRS,n,2,300.55,5.59,D,2
52.82185,29.22161,327.96,0.39,0.36,2019-05-13,1047,N20,VIIRS,n,2,295.76,1.67,D,0
53.25952,32.00505,329.04,0.44,0.38,2019-05-13,1047,N20,VIIRS,n,2,295.24,1.82,D,0
53.40862,29.49006,325.76,0.39,0.37,2019-05-13,1047,N20,VIIRS,n,2,295.89,2.11,D,0
52.84967,29.99319,300.05,0.5,0.66,2019-05-13,2258,N20,VIIRS,n,2,280.35,2.05,N,2
53.39553,32.0113,299.96,0.42,0.61,2019-05-13,2258,N20,VIIRS,n,2,283.53,0.78,N,2
53.39786,32.01242,300.18,0.42,0.61,2019-05-13,2258,N20,VIIRS,n,2,283.19,0.81,N,2
53.67179,31.82641,297.37,0.42,0.61,2019-05-13,2258,N20,VIIRS,n,2,283.5,0.6,N,2
51.89151,29.33902,311.94,0.53,0.67,2019-05-13,2259,N20,VIIRS,n,2,280.13,2.59,N,2
52.84558,29.99398,318.71,0.52,0.42,2019-05-14,0039,N20,VIIRS,n,2,280.66,2.08,N,2
52.84724,29.98659,301.16,0.52,0.42,2019-05-14,0039,N20,VIIRS,n,2,279.44,2.08,N,2
52.17452,27.36241,336.64,0.47,0.4,2019-05-14,1028,N20,VIIRS,n,2,293.11,3.25,D,0
52.53556,31.36906,333.77,0.39,0.36,2019-05-14,1028,N20,VIIRS,n,2,299.82,6.21,D,0
51.89243,29.33892,325.65,0.42,0.38,2019-05-14,1028,N20,VIIRS,n,2,294.94,2.99,D,2
52.15804,31.23979,329.77,0.39,0.36,2019-05-14,1028,N20,VIIRS,n,2,294.74,3.63,D,0
51.88865,29.34334,336.46,0.74,0.76,2019-05-14,1209,N20,VIIRS,n,2,290.07,6.88,D,2
52.84849,29.99307,309.83,0.4,0.37,2019-05-15,0020,N20,VIIRS,n,2,281.22,1.78,N,2
53.58808,31.95515,297.93,0.43,0.38,2019-05-15,0020,N20,VIIRS,n,2,282.55,0.43,N,2
52.84523,29.99148,325.97,0.4,0.37,2019-05-15,0020,N20,VIIRS,n,2,281.24,3.04,N,2
53.39409,32.01332,306.56,0.43,0.38,2019-05-15,0020,N20,VIIRS,n,2,285.97,1.32,N,2
53.09009,30.48937,305.53,0.4,0.37,2019-05-15,0020,N20,VIIRS,n,2,282.53,0.98,N,0
55.50501,28.58856,297.84,0.38,0.36,2019-05-15,0020,N20,VIIRS,n,2,280.24,0.41,N,2
53.20056,29.36182,330.21,0.55,0.42,2019-05-15,1009,N20,VIIRS,n,2,281.31,4.06,D,0
53.19689,29.36412,338.8,0.55,0.42,2019-05-15,1009,N20,VIIRS,n,2,282.83,6.72,D,0
52.84889,29.99402,307.64,0.53,0.42,2019-05-16,2343,N20,VIIRS,n,2,275.45,1.39,N,2
52.84505,29.99299,309.02,0.53,0.42,2019-05-16,2343,N20,VIIRS,n,2,276.67,1.65,N,2
52.84693,29.98801,298.5,0.45,0.63,2019-05-17,0123,N20,VIIRS,n,2,265.96,1.07,N,2
51.89358,29.34493,332.32,0.55,0.43,2019-05-17,1112,N20,VIIRS,n,2,295.1,5.51,D,2
51.79612,29.84114,331.2,0.38,0.43,2019-05-17,1112,N20,VIIRS,n,2,295.16,2.32,D,0
51.79677,29.83711,337.21,0.38,0.43,2019-05-17,1112,N20,VIIRS,n,2,295.59,3.93,D,0
52.85013,29.98817,315.38,0.54,0.51,2019-05-17,2324,N20,VIIRS,n,2,276.69,1.41,N,2
51.89594,29.33959,302.51,0.57,0.52,2019-05-17,2324,N20,VIIRS,n,2,278.13,1.18,N,2
51.8964,29.34083,295.66,0.57,0.52,2019-05-17,2324,N20,VIIRS,n,2,277.53,0.69,N,2
51.89161,29.34013,295.67,0.57,0.52,2019-05-17,2324,N20,VIIRS,n,2,276.78,0.96,N,2
53.58849,31.95386,298.28,0.33,0.55,2019-05-18,0104,N20,VIIRS,n,2,279.24,0.59,N,2
52.69546,29.25149,325.87,0.41,0.37,2019-05-18,1053,N20,VIIRS,n,2,300.1,1.29,D,0
52.12064,28.39484,331.02,0.39,0.36,2019-05-18,1053,N20,VIIRS,n,2,281.71,3.54,D,0
52.61902,29.93257,341.56,0.42,0.38,2019-05-18,1053,N20,VIIRS,n,2,296.11,10.7,D,0
52.84674,29.99088,333.02,0.43,0.38,2019-05-18,1053,N20,VIIRS,n,2,289.36,2.28,D,2
53.62953,29.76587,329.25,0.43,0.38,2019-05-18,1053,N20,VIIRS,n,2,293.4,1.57,D,0
54.00214,30.68048,325.52,0.45,0.39,2019-05-18,1054,N20,VIIRS,l,2,296.13,2.65,D,0
53.64579,28.18267,348.33,0.4,0.37,2019-05-18,1054,N20,VIIRS,n,2,296.3,8.58,D,0
54.08313,30.46871,336.93,0.45,0.39,2019-05-18,1054,N20,VIIRS,n,2,296.44,3.96,D,0
52.8491,29.98953,329.44,0.43,0.62,2019-05-18,2305,N20,VIIRS,n,2,283.31,2.75,N,2
51.89202,29.33672,309.23,0.46,0.63,2019-05-18,2305,N20,VIIRS,n,2,278.82,1.58,N,2
52.84793,29.99261,338.01,0.4,0.44,2019-05-19,0045,N20,VIIRS,n,2,283.45,5,N,2
52.85553,29.99755,298.36,0.4,0.44,2019-05-19,0045,N20,VIIRS,n,2,284.31,0.7,N,2
53.27143,24.44259,297.48,0.41,0.37,2019-05-19,0046,N20,VIIRS,n,2,284.09,0.51,N,2
51.89117,29.34323,316.17,0.4,0.44,2019-05-19,0046,N20,VIIRS,n,2,284.14,1.53,N,2
53.24528,31.11823,339.46,0.38,0.36,2019-05-19,1034,N20,VIIRS,n,2,307.86,17.42,D,0
52.88448,28.17531,331.3,0.4,0.37,2019-05-19,1034,N20,VIIRS,n,2,302.47,2.05,D,0
52.94828,28.33384,332.76,0.4,0.37,2019-05-19,1034,N20,VIIRS,n,2,299.21,2.11,D,0
51.8911,29.34261,336.36,0.4,0.37,2019-05-19,1034,N20,VIIRS,n,2,305.66,5.68,D,2
52.0462,29.32223,334.54,0.4,0.37,2019-05-19,1034,N20,VIIRS,n,2,301.73,1.56,D,0
52.05113,29.28971,346.41,0.4,0.37,2019-05-19,1034,N20,VIIRS,n,2,301.99,4.91,D,0
52.13758,28.32058,331.78,0.41,0.37,2019-05-19,1034,N20,VIIRS,n,2,296.14,3.46,D,0
52.26789,28.89359,335.07,0.4,0.37,2019-05-19,1034,N20,VIIRS,n,2,303.62,6.76,D,0
52.50533,30.13831,329.93,0.39,0.36,2019-05-19,1034,N20,VIIRS,n,2,299.37,2.42,D,0
52.82153,31.13626,328.22,0.38,0.36,2019-05-19,1034,N20,VIIRS,l,2,298.64,2.85,D,0
52.82067,31.13067,340.47,0.38,0.36,2019-05-19,1034,N20,VIIRS,n,2,305.29,7,D,0
52.54393,28.48469,345.19,0.4,0.37,2019-05-19,1034,N20,VIIRS,n,2,303.72,6.7,D,0
52.50764,28.19852,331.18,0.41,0.37,2019-05-19,1034,N20,VIIRS,n,2,301.53,2.18,D,0
52.51093,28.19692,330.75,0.41,0.37,2019-05-19,1034,N20,VIIRS,n,2,302.39,2.18,D,0
52.8479,29.99252,335.71,0.39,0.36,2019-05-19,1034,N20,VIIRS,l,2,308.35,8.44,D,2
52.94029,30.13626,334.38,0.39,0.36,2019-05-19,1034,N20,VIIRS,n,2,301.92,4.22,D,0
52.87496,29.42282,342.59,0.39,0.36,2019-05-19,1034,N20,VIIRS,n,2,307.72,3.95,D,0
52.90792,29.43204,339.03,0.39,0.36,2019-05-19,1034,N20,VIIRS,n,2,298.57,1.79,D,0
53.24698,31.12953,337.86,0.38,0.36,2019-05-19,1034,N20,VIIRS,n,2,297,3.45,D,0
53.55531,27.5637,332.13,0.41,0.37,2019-05-19,1035,N20,VIIRS,n,2,299.72,8.27,D,0
54.0549,30.73774,328.52,0.38,0.36,2019-05-19,1035,N20,VIIRS,n,2,295.92,2.83,D,0
54.05254,30.74491,331.85,0.38,0.36,2019-05-19,1035,N20,VIIRS,n,2,299.81,4.28,D,0
53.91939,27.70466,328.92,0.4,0.37,2019-05-19,1035,N20,VIIRS,n,2,302.01,1.35,D,0
53.75992,28.60405,337.27,0.39,0.36,2019-05-19,1035,N20,VIIRS,n,2,300.03,4.68,D,0
52.5093,28.20074,326.67,0.77,0.77,2019-05-19,1215,N20,VIIRS,n,2,292.02,4.51,D,0
52.51046,28.20333,327.12,0.77,0.78,2019-05-19,1215,N20,VIIRS,n,2,291.31,4.35,D,0
53.39791,32.01205,296.9,0.56,0.69,2019-05-19,2245,N20,VIIRS,n,2,284.68,0.91,N,2
52.85007,29.98608,307.65,0.68,0.74,2019-05-19,2246,N20,VIIRS,n,2,284.02,1.95,N,2
51.89058,29.32793,300.89,0.73,0.76,2019-05-19,2246,N20,VIIRS,n,2,283.19,2.82,N,0
52.84933,29.98351,299.93,0.68,0.74,2019-05-19,2246,N20,VIIRS,n,2,283.67,1.49,N,2
51.89436,29.33427,317.08,0.73,0.76,2019-05-19,2246,N20,VIIRS,n,2,284.38,3.2,N,2
51.89092,29.33894,302.77,0.73,0.76,2019-05-19,2246,N20,VIIRS,n,2,283.58,2.12,N,2
53.3939,32.01615,301.94,0.47,0.4,2019-05-20,0026,N20,VIIRS,n,2,286.33,0.65,N,2
51.89327,29.344,321.54,0.43,0.38,2019-05-20,0027,N20,VIIRS,n,2,285.39,1.75,N,2
52.84525,29.9924,326.68,0.43,0.38,2019-05-20,0027,N20,VIIRS,n,2,286.34,3.19,N,2
52.84643,29.98628,298.95,0.43,0.38,2019-05-20,0027,N20,VIIRS,n,2,284.51,2.39,N,2
52.85528,29.99769,311.91,0.43,0.38,2019-05-20,0027,N20,VIIRS,n,2,288.89,1.33,N,2
52.84859,29.99416,298.51,0.43,0.38,2019-05-20,0027,N20,VIIRS,n,2,285.27,0.75,N,2
51.8915,29.3436,324.9,0.43,0.38,2019-05-20,0027,N20,VIIRS,n,2,285.62,1.31,N,2
51.88992,29.34233,311.62,0.43,0.38,2019-05-20,0027,N20,VIIRS,n,2,284.81,1.75,N,2
51.89189,29.34165,335.13,0.52,0.41,2019-05-20,1015,N20,VIIRS,n,2,295.99,4.98,D,2
52.15593,30.39581,338.56,0.47,0.4,2019-05-20,1015,N20,VIIRS,n,2,301.96,6.32,D,0
52.19487,30.52881,336.51,0.47,0.4,2019-05-20,1015,N20,VIIRS,n,2,305.15,5.19,D,0
52.18113,28.48626,326.16,0.55,0.42,2019-05-20,1015,N20,VIIRS,n,2,285.41,4.34,D,0
55.83787,27.87058,325.67,0.47,0.4,2019-05-20,1016,N20,VIIRS,n,2,296.69,1.59,D,0
55.44843,30.51561,330.52,0.42,0.38,2019-05-20,1016,N20,VIIRS,n,2,297.67,2.57,D,0
55.32121,29.96869,331.43,0.43,0.38,2019-05-20,1016,N20,VIIRS,n,2,298.47,2.68,D,0
52.95243,26.67257,338.94,0.4,0.44,2019-05-20,1016,N20,VIIRS,n,2,291.81,3.72,D,0
52.57519,25.57664,329.22,0.45,0.47,2019-05-20,1016,N20,VIIRS,n,2,290.93,3.09,D,0
53.65881,31.06289,329.93,0.43,0.38,2019-05-20,1016,N20,VIIRS,n,2,296.88,1.43,D,0
53.15001,30.55035,326.91,0.45,0.39,2019-05-20,1016,N20,VIIRS,n,2,295.09,3.68,D,0
52.77457,29.22557,330.36,0.5,0.41,2019-05-20,1016,N20,VIIRS,n,2,297.27,2.64,D,0
52.84632,29.98711,335.47,0.47,0.4,2019-05-20,1016,N20,VIIRS,n,2,303.59,7.97,D,2
53.21601,32.10796,336.74,0.42,0.37,2019-05-20,1016,N20,VIIRS,n,2,305.02,27.34,D,0
52.90531,30.58582,331.16,0.45,0.39,2019-05-20,1016,N20,VIIRS,n,2,301.18,2.45,D,0
51.99359,29.57493,332.63,0.55,0.68,2019-05-20,1156,N20,VIIRS,n,2,293.3,3.18,D,0
52.15504,30.39717,344.14,0.6,0.71,2019-05-20,1156,N20,VIIRS,n,2,295.01,6.11,D,0
52.15323,30.39994,327.45,0.6,0.71,2019-05-20,1156,N20,VIIRS,n,2,293.71,4.38,D,0
52.15337,30.39092,326.45,0.6,0.71,2019-05-20,1156,N20,VIIRS,n,2,292.84,4.8,D,0
52.19092,30.52937,329.03,0.61,0.71,2019-05-20,1156,N20,VIIRS,n,2,294.15,4.07,D,0
52.68922,29.10553,328.14,0.53,0.67,2019-05-20,1156,N20,VIIRS,n,2,285.71,3.09,D,0
53.19759,29.09133,333.86,0.53,0.67,2019-05-20,1156,N20,VIIRS,n,2,290.49,6.68,D,0
53.20105,29.09345,339.59,0.53,0.67,2019-05-20,1156,N20,VIIRS,n,2,291.02,4.6,D,0
53.65405,31.06071,327.09,0.64,0.72,2019-05-20,1157,N20,VIIRS,n,2,293.04,3.08,D,0
55.50671,28.58638,297.41,0.42,0.37,2019-05-21,0007,N20,VIIRS,n,2,282.8,0.56,N,2
53.66994,31.82876,299.62,0.39,0.36,2019-05-21,0007,N20,VIIRS,n,2,285.91,0.73,N,2
53.58704,31.95397,297.58,0.39,0.36,2019-05-21,0008,N20,VIIRS,n,2,283.45,0.6,N,2
53.39627,32.01691,304.33,0.39,0.36,2019-05-21,0008,N20,VIIRS,n,2,285,0.86,N,2
52.85464,29.99705,296.7,0.39,0.36,2019-05-21,0008,N20,VIIRS,n,2,280.1,0.5,N,2
52.849,29.98874,328.97,0.39,0.36,2019-05-21,0008,N20,VIIRS,n,2,275.99,3.84,N,2
52.84815,29.99436,301.25,0.39,0.36,2019-05-21,0008,N20,VIIRS,n,2,275.86,2.04,N,2
52.84575,29.9874,308.79,0.39,0.36,2019-05-21,0008,N20,VIIRS,n,2,274.68,1.13,N,2
51.89233,29.34053,302.59,0.39,0.36,2019-05-21,0008,N20,VIIRS,n,2,274.33,0.96,N,2
51.89383,29.33813,298.92,0.78,0.78,2019-05-21,0148,N20,VIIRS,n,2,282.5,1.66,N,2
51.89455,29.34474,303,0.78,0.78,2019-05-21,0148,N20,VIIRS,n,2,281.77,1.89,N,2
52.84573,29.99278,330,0.46,0.47,2019-05-21,0957,N20,VIIRS,n,2,281,3.44,D,2
54.05462,30.45237,342.96,0.39,0.59,2019-05-21,1138,N20,VIIRS,n,2,285.36,3.42,D,0
55.50731,28.58514,296.47,0.56,0.43,2019-05-21,2348,N20,VIIRS,n,2,282.55,0.28,N,0
55.50503,28.58732,296.16,0.56,0.43,2019-05-21,2348,N20,VIIRS,n,2,284.22,0.91,N,2
51.89553,29.30149,311.74,0.48,0.4,2019-05-21,2349,N20,VIIRS,n,2,283.73,0.54,N,0
53.67232,31.82836,297.28,0.43,0.38,2019-05-21,2349,N20,VIIRS,n,2,285.02,0.84,N,2
53.3955,32.01201,302.82,0.42,0.38,2019-05-21,2349,N20,VIIRS,n,2,285.47,1.16,N,2
52.66703,29.88205,328.95,0.47,0.4,2019-05-21,2349,N20,VIIRS,n,2,284.21,4.76,N,0
52.66341,29.88097,327.38,0.47,0.4,2019-05-21,2349,N20,VIIRS,n,2,283.94,4.76,N,0
51.89477,29.34462,306.23,0.48,0.4,2019-05-21,2349,N20,VIIRS,n,2,283.57,0.86,N,2
51.89185,29.33656,304.43,0.48,0.4,2019-05-21,2349,N20,VIIRS,n,2,284.16,1.55,N,2
51.89318,29.33807,297.87,0.48,0.4,2019-05-21,2349,N20,VIIRS,n,2,284.07,0.54,N,2
51.89242,29.34507,295.84,0.48,0.4,2019-05-21,2349,N20,VIIRS,n,2,283.68,0.54,N,2
51.89333,29.30201,300.62,0.48,0.4,2019-05-21,2349,N20,VIIRS,n,2,282.99,0.86,N,0
51.88952,29.33702,298.75,0.48,0.4,2019-05-21,2349,N20,VIIRS,n,2,283.06,0.54,N,2
55.50634,28.59145,298.33,0.36,0.57,2019-05-22,0128,N20,VIIRS,n,2,282.92,0.44,N,2
52.85022,29.99338,323.76,0.51,0.66,2019-05-22,0129,N20,VIIRS,n,2,282.14,3.25,N,2
51.89307,29.33883,302.16,0.52,0.67,2019-05-22,0129,N20,VIIRS,n,2,282.14,1.86,N,2
51.89069,29.34545,300.42,0.53,0.67,2019-05-22,0129,N20,VIIRS,n,2,281.51,1.32,N,2
51.89251,29.33973,307.74,0.53,0.67,2019-05-22,0129,N20,VIIRS,n,2,281.97,1.2,N,2
51.89015,29.34638,300.09,0.53,0.67,2019-05-22,0129,N20,VIIRS,n,2,281.21,1.2,N,2
51.89121,29.3454,331.67,0.39,0.6,2019-05-22,0938,N20,VIIRS,n,2,291.63,4.63,D,2
51.81792,27.10155,334.08,0.48,0.65,2019-05-22,0938,N20,VIIRS,n,2,288.02,4.74,D,0
52.94026,30.12471,339.07,0.34,0.56,2019-05-22,0938,N20,VIIRS,n,2,294.15,3.39,D,0
53.00194,30.1065,329.25,0.34,0.56,2019-05-22,0938,N20,VIIRS,n,2,291.19,41.7,D,0
52.99918,30.09735,344.1,0.34,0.56,2019-05-22,0938,N20,VIIRS,n,2,296.61,119.05,D,0
54.14242,27.70815,349.29,0.38,0.59,2019-05-22,0939,N20,VIIRS,n,2,291.59,4.25,D,0
55.0912,30.36006,334.37,0.56,0.52,2019-05-22,0939,N20,VIIRS,n,2,280.18,5.47,D,0
55.08856,30.3637,330.08,0.56,0.52,2019-05-22,0939,N20,VIIRS,n,2,279.88,4.82,D,0
51.79051,27.00445,332.82,0.52,0.41,2019-05-22,1118,N20,VIIRS,n,2,296.44,9.07,D,0
52.84698,29.99314,342.29,0.46,0.47,2019-05-22,1118,N20,VIIRS,n,2,304.14,9.63,D,2
55.50457,28.58461,295.83,0.56,0.52,2019-05-22,2329,N20,VIIRS,n,2,283.88,0.94,N,2
53.39481,32.01097,306.11,0.4,0.44,2019-05-22,2330,N20,VIIRS,n,2,285.37,1.22,N,2
53.39433,32.0169,296.03,0.4,0.44,2019-05-22,2330,N20,VIIRS,n,2,284.71,0.87,N,2
53.25185,24.90686,334.25,0.38,0.59,2019-05-22,2330,N20,VIIRS,n,2,280.62,2.7,N,0
53.25168,24.90424,316.65,0.38,0.59,2019-05-22,2330,N20,VIIRS,n,2,280.13,2.25,N,0
53.25153,24.91004,311.48,0.38,0.59,2019-05-22,2330,N20,VIIRS,n,2,280.3,2.11,N,0
52.84855,29.99053,328.73,0.47,0.48,2019-05-22,2330,N20,VIIRS,n,2,283.99,4.7,N,2
52.67052,29.87901,320.76,0.47,0.48,2019-05-22,2330,N20,VIIRS,n,2,279.29,1.84,N,0
52.66612,29.87818,322.63,0.47,0.48,2019-05-22,2330,N20,VIIRS,n,2,279.76,2.1,N,0
51.89237,29.33442,295.51,0.49,0.48,2019-05-22,2330,N20,VIIRS,n,2,279.35,1.64,N,2
51.89191,29.3416,305.51,0.49,0.48,2019-05-22,2330,N20,VIIRS,n,2,279.16,1.29,N,2
53.58909,31.9528,296.99,0.38,0.59,2019-05-23,0110,N20,VIIRS,n,2,281.19,0.53,N,2
52.84684,29.99058,347.02,0.34,0.56,2019-05-23,0110,N20,VIIRS,n,2,284.15,3.82,N,2
52.66576,29.87907,312.98,0.34,0.56,2019-05-23,0110,N20,VIIRS,n,2,281.17,1.54,N,0
51.89167,29.34359,300.57,0.35,0.56,2019-05-23,0111,N20,VIIRS,n,2,261.68,0.66,N,2
52.84437,29.99353,351.02,0.52,0.67,2019-05-23,0919,N20,VIIRS,n,2,292.23,12.05,D,2
52.84619,29.99417,345.3,0.52,0.67,2019-05-23,0919,N20,VIIRS,n,2,287.29,4.88,D,2
52.85684,29.98392,327.16,0.52,0.67,2019-05-23,0919,N20,VIIRS,n,2,288.05,11.41,D,0
52.85444,29.97725,356.01,0.52,0.67,2019-05-23,0919,N20,VIIRS,l,2,286.9,14.74,D,0
52.85565,24.89716,325.74,0.38,0.36,2019-05-23,1100,N20,VIIRS,n,2,291.29,2.05,D,0
53.75265,24.73325,330.79,0.38,0.36,2019-05-23,1100,N20,VIIRS,n,2,296.92,2.27,D,0
53.2692,24.43926,297.82,0.63,0.72,2019-05-23,2311,N20,VIIRS,n,2,282.52,0.88,N,2
53.27345,24.44127,298.83,0.63,0.72,2019-05-23,2311,N20,VIIRS,n,2,282.63,0.6,N,2
52.8481,29.98909,334.35,0.37,0.58,2019-05-23,2311,N20,VIIRS,n,2,285.75,2.82,N,2
52.669,29.8765,367,0.37,0.58,2019-05-23,2311,N20,VIIRS,h,2,287.06,6.26,N,0
52.66885,29.88215,310.14,0.37,0.58,2019-05-23,2311,N20,VIIRS,n,2,284.28,6.26,N,0
51.8961,29.3405,319.51,0.39,0.59,2019-05-23,2311,N20,VIIRS,n,2,285.09,2,N,2
51.89073,29.33423,298.94,0.39,0.59,2019-05-23,2311,N20,VIIRS,n,2,284.21,2.02,N,2
51.89646,29.34069,315.66,0.39,0.59,2019-05-23,2311,N20,VIIRS,n,2,284.94,1.33,N,2
51.89112,29.33444,300.76,0.39,0.59,2019-05-23,2311,N20,VIIRS,n,2,284.38,1.01,N,2
53.58837,31.9514,296.67,0.51,0.49,2019-05-24,0051,N20,VIIRS,n,2,283.38,0.81,N,2
53.58664,31.95009,296.25,0.51,0.49,2019-05-24,0051,N20,VIIRS,n,2,282.95,0.55,N,2
52.66707,29.87792,341.81,0.45,0.47,2019-05-24,0052,N20,VIIRS,n,2,285.31,6.03,N,0
51.89256,29.34046,327.87,0.45,0.47,2019-05-24,0052,N20,VIIRS,n,2,286.55,1.77,N,2
51.88853,29.33784,297.58,0.45,0.47,2019-05-24,0052,N20,VIIRS,n,2,284.2,1.77,N,2
52.90552,25.94143,330.04,0.42,0.37,2019-05-24,1041,N20,VIIRS,n,2,296.39,1.65,D,0
53.75648,27.62097,346.66,0.39,0.36,2019-05-24,1041,N20,VIIRS,n,2,301.41,4.74,D,0
53.75971,27.61945,336.56,0.39,0.36,2019-05-24,1041,N20,VIIRS,n,2,303.77,4.74,D,0
53.3933,32.01092,296.62,0.53,0.42,2019-05-25,0033,N20,VIIRS,n,2,281.89,1.2,N,2
54.82656,26.34874,331.84,0.5,0.41,2019-05-25,1022,N20,VIIRS,n,2,281.95,3.14,D,0
55.09988,30.53302,300.37,0.38,0.36,2019-05-26,0013,N20,VIIRS,n,2,280.47,0.51,N,0
53.67241,31.82934,301.78,0.4,0.37,2019-05-26,0014,N20,VIIRS,n,2,285.38,0.86,N,2
53.58678,31.95133,296.63,0.4,0.37,2019-05-26,0014,N20,VIIRS,n,2,284.34,0.65,N,2
53.8321,27.26104,326.36,0.4,0.37,2019-05-26,0014,N20,VIIRS,n,2,282.04,2.78,N,0
52.90031,30.52945,327.57,0.39,0.36,2019-05-26,0014,N20,VIIRS,n,2,285.43,2.24,N,0
52.84798,29.99186,326.37,0.39,0.36,2019-05-26,0014,N20,VIIRS,n,2,288.47,8.53,N,2
53.27059,24.44449,306.86,0.45,0.39,2019-05-26,0014,N20,VIIRS,n,2,282.46,1.31,N,2
51.8934,29.34362,307.01,0.39,0.36,2019-05-26,0014,N20,VIIRS,n,2,285.69,1.55,N,2
52.03193,28.5686,329.81,0.37,0.58,2019-05-26,1143,N20,VIIRS,n,2,290.49,2.92,D,0
53.67164,31.82879,295.94,0.4,0.37,2019-05-26,2355,N20,VIIRS,n,2,275.73,0.76,N,2
53.39485,32.01414,303.15,0.4,0.37,2019-05-26,2355,N20,VIIRS,n,2,283.84,1.12,N,2
52.8477,29.99155,328.04,0.43,0.38,2019-05-26,2355,N20,VIIRS,n,2,285.68,6.33,N,2
53.27094,24.44067,313.69,0.44,0.46,2019-05-26,2355,N20,VIIRS,n,2,281.26,1.91,N,2
51.89219,29.34238,311.44,0.43,0.38,2019-05-26,2355,N20,VIIRS,n,2,282.42,1.35,N,2
52.84513,29.98942,316.24,0.58,0.7,2019-05-27,0135,N20,VIIRS,n,2,278.98,2.21,N,2
51.89351,29.34317,310.48,0.6,0.71,2019-05-27,0135,N20,VIIRS,n,2,280.54,2,N,2
51.89194,29.34427,310.92,0.6,0.71,2019-05-27,0135,N20,VIIRS,n,2,280.53,2.17,N,2
51.88897,29.3431,341.37,0.34,0.56,2019-05-27,0944,N20,VIIRS,n,2,295.27,2.22,D,2
52.84741,29.99221,330.45,0.6,0.53,2019-05-27,0944,N20,VIIRS,n,2,296.82,6.71,D,2
51.89293,29.34564,337.04,0.49,0.49,2019-05-27,1124,N20,VIIRS,n,2,298.58,7.67,D,2
52.50702,26.92594,346.12,0.4,0.44,2019-05-27,1125,N20,VIIRS,n,2,295.14,6.65,D,0
52.50604,26.92492,344.74,0.4,0.44,2019-05-27,1125,N20,VIIRS,n,2,294.5,5.69,D,0
52.84627,29.99144,352.85,0.54,0.51,2019-05-27,1125,N20,VIIRS,n,2,297.16,21.98,D,2
52.85517,29.98204,325.08,0.54,0.51,2019-05-27,1125,N20,VIIRS,n,2,294.58,3.12,D,0
53.34679,28.32248,340.56,0.46,0.47,2019-05-27,1125,N20,VIIRS,n,2,295.26,13.67,D,0
53.34673,28.32135,342.09,0.46,0.47,2019-05-27,1125,N20,VIIRS,n,2,297.57,9.73,D,0
52.85004,29.99491,298.88,0.4,0.45,2019-05-27,2336,N20,VIIRS,n,2,285.8,1.63,N,2
53.67313,31.82953,296.97,0.53,0.42,2019-05-27,2336,N20,VIIRS,n,2,285.54,0.57,N,0
53.48528,30.69345,329.33,0.39,0.44,2019-05-27,2336,N20,VIIRS,n,2,285.87,2.82,N,0
53.33352,31.42089,296.78,0.54,0.42,2019-05-27,2336,N20,VIIRS,n,2,283.3,0.9,N,0
53.27325,24.44158,318.46,0.34,0.56,2019-05-27,2336,N20,VIIRS,n,2,282.35,1.98,N,2
52.84645,29.98794,337.18,0.4,0.45,2019-05-27,2336,N20,VIIRS,n,2,286.19,9.41,N,2
52.84595,29.99396,325.03,0.4,0.45,2019-05-27,2336,N20,VIIRS,n,2,286.34,9.82,N,2
52.67669,29.18112,304.01,0.43,0.46,2019-05-27,2336,N20,VIIRS,n,2,285.07,1.05,N,0
51.89243,29.3415,322.47,0.42,0.45,2019-05-27,2337,N20,VIIRS,n,2,284.34,2.36,N,2
52.8457,29.98898,321.04,0.39,0.59,2019-05-28,0116,N20,VIIRS,n,2,281.8,1.59,N,2
52.84768,29.98984,320.38,0.39,0.59,2019-05-28,0116,N20,VIIRS,n,2,282.35,2.4,N,2
53.48393,30.69463,348.22,0.4,0.6,2019-05-28,0926,N20,VIIRS,n,2,275.19,5.07,D,0
53.48381,30.69474,344.43,0.57,0.43,2019-05-28,1106,N20,VIIRS,n,2,285.35,17.64,D,0
53.48568,30.69483,334.01,0.57,0.43,2019-05-28,1106,N20,VIIRS,n,2,283.51,12.23,D,0
53.55502,24.45261,332.02,0.39,0.36,2019-05-28,1106,N20,VIIRS,n,2,290.84,6.88,D,0
52.84639,29.98547,297.66,0.63,0.54,2019-05-28,2317,N20,VIIRS,n,2,284.99,2.64,N,2
52.84998,29.99177,318.43,0.63,0.54,2019-05-28,2317,N20,VIIRS,n,2,285.94,3.84,N,2
52.84597,29.99497,313.03,0.63,0.54,2019-05-28,2317,N20,VIIRS,n,2,284.89,2.92,N,2
51.89687,29.34182,300.45,0.33,0.55,2019-05-28,2318,N20,VIIRS,n,2,285.76,0.44,N,0
51.89173,29.34125,323.43,0.33,0.55,2019-05-28,2318,N20,VIIRS,n,2,286.01,1.38,N,2
51.89193,29.3363,301.99,0.33,0.55,2019-05-28,2318,N20,VIIRS,n,2,285.44,0.89,N,2
52.84753,29.99472,326.92,0.52,0.5,2019-05-29,0058,N20,VIIRS,n,2,285.44,3.69,N,2
52.84946,29.98762,310.48,0.52,0.5,2019-05-29,0058,N20,VIIRS,n,2,284.29,3.05,N,2
52.72968,30.09137,338.85,0.4,0.37,2019-05-29,1047,N20,VIIRS,n,2,301.36,11.71,D,0
52.84623,29.99166,338.27,0.4,0.37,2019-05-29,1047,N20,VIIRS,n,2,302.82,6.15,D,2
53.26979,24.4443,312.8,0.39,0.36,2019-05-30,0039,N20,VIIRS,n,2,280.4,1.62,N,2
54.50526,28.29835,325.03,0.41,0.37,2019-05-30,1028,N20,VIIRS,n,2,292.57,2.69,D,0
55.50634,28.58928,301.21,0.38,0.36,2019-05-31,0020,N20,VIIRS,n,2,278.9,0.48,N,2
53.3959,32.01497,301.51,0.43,0.38,2019-05-31,0020,N20,VIIRS,n,2,285.65,0.86,N,2
53.39255,32.01314,298.86,0.43,0.38,2019-05-31,0020,N20,VIIRS,n,2,285.65,0.86,N,2
53.2727,24.44324,318.21,0.42,0.37,2019-05-31,0020,N20,VIIRS,n,2,280.11,2.07,N,2
52.45275,29.64979,333.1,0.56,0.43,2019-05-31,1009,N20,VIIRS,n,2,297.93,4.6,D,0
52.45307,29.65096,335.1,0.56,0.43,2019-05-31,1009,N20,VIIRS,n,2,298.53,5.52,D,0
52.62009,29.31002,326.47,0.57,0.43,2019-05-31,1009,N20,VIIRS,n,2,292.09,3.91,D,0
52.84569,29.99256,336.31,0.53,0.42,2019-05-31,1009,N20,VIIRS,n,2,293.5,8.14,D,2
52.6122,25.07913,339.57,0.54,0.51,2019-05-31,1009,N20,VIIRS,n,2,296.88,6.3,D,0
52.91576,25.92112,328.09,0.49,0.49,2019-05-31,1009,N20,VIIRS,n,2,297.06,4.36,D,0
53.52333,26.53458,333.99,0.45,0.47,2019-05-31,1010,N20,VIIRS,n,2,295.54,2.46,D,0
54.35875,28.80968,333.28,0.53,0.42,2019-05-31,1010,N20,VIIRS,n,2,291.81,3.47,D,0
53.26954,24.44665,326.14,0.54,0.51,2019-05-31,1010,N20,VIIRS,n,2,296.32,4.46,D,0
51.89027,29.34414,345.84,0.46,0.64,2019-05-31,1150,N20,VIIRS,n,2,288.91,6.16,D,2
52.84311,29.99111,325.66,0.5,0.66,2019-05-31,1150,N20,VIIRS,n,2,290.69,4.54,D,2
52.84344,29.99213,326.95,0.5,0.66,2019-05-31,1150,N20,VIIRS,n,2,290.43,5.83,D,2
53.3965,32.01704,296.68,0.39,0.36,2019-06-01,0001,N20,VIIRS,n,2,272.01,0.79,N,2
53.98651,31.30702,296.71,0.39,0.36,2019-06-01,0001,N20,VIIRS,n,2,277.97,0.45,N,0
53.58875,31.95338,299.19,0.39,0.36,2019-06-01,0001,N20,VIIRS,n,2,282.79,0.41,N,2
53.39326,32.01566,297.17,0.39,0.36,2019-06-01,0001,N20,VIIRS,n,2,273.06,0.79,N,2
52.85302,29.99763,298.35,0.4,0.37,2019-06-01,0001,N20,VIIRS,n,2,288.2,0.98,N,2
52.85051,29.99052,298.27,0.4,0.37,2019-06-01,0001,N20,VIIRS,n,2,282.9,0.43,N,2
52.84718,29.98927,330.24,0.4,0.37,2019-06-01,0001,N20,VIIRS,n,2,288.14,5.54,N,2
51.88969,29.34038,297.27,0.4,0.37,2019-06-01,0002,N20,VIIRS,n,2,281.63,0.62,N,2
53.27063,24.44581,316.31,0.57,0.43,2019-06-01,0002,N20,VIIRS,n,2,284.81,2.87,N,2
52.84862,29.99253,312.53,0.66,0.73,2019-06-01,0141,N20,VIIRS,n,2,281.97,2.54,N,2
52.84645,29.98541,299.42,0.66,0.73,2019-06-01,0141,N20,VIIRS,n,2,280.65,1.69,N,2
52.27925,31.56391,332.13,0.48,0.48,2019-06-01,0950,N20,VIIRS,n,2,300.15,4,D,0
51.70079,28.86634,334.73,0.63,0.54,2019-06-01,0950,N20,VIIRS,n,2,296.18,5.98,D,0
52.84727,29.99443,332.44,0.52,0.5,2019-06-01,0950,N20,VIIRS,n,2,301.75,4.84,D,2
52.84536,29.98726,334.79,0.52,0.5,2019-06-01,0950,N20,VIIRS,n,2,301.63,4.84,D,2
52.79398,29.71968,338.8,0.54,0.51,2019-06-01,0950,N20,VIIRS,n,2,294.08,10.18,D,0
52.84591,29.98811,342.11,0.52,0.5,2019-06-01,0950,N20,VIIRS,n,2,301.92,11.92,D,2
52.79567,29.71115,338.53,0.54,0.51,2019-06-01,0950,N20,VIIRS,n,2,297.5,6.88,D,0
52.84476,29.99124,328.31,0.63,0.54,2019-06-01,1131,N20,VIIRS,l,2,299.72,8.21,D,2
51.69915,28.86424,335.05,0.55,0.51,2019-06-01,1131,N20,VIIRS,n,2,299.53,3.45,D,0
52.79254,29.71479,333.99,0.61,0.53,2019-06-01,1131,N20,VIIRS,n,2,295.74,6.55,D,0
53.39689,32.01324,302.85,0.46,0.39,2019-06-01,2342,N20,VIIRS,n,2,285.61,1.27,N,2
53.67082,31.82805,299.63,0.47,0.4,2019-06-01,2342,N20,VIIRS,n,2,286.58,1.13,N,2
53.3933,32.01212,302.75,0.46,0.39,2019-06-01,2342,N20,VIIRS,n,2,287.13,1.27,N,2
51.89214,29.34405,307.63,0.55,0.42,2019-06-01,2343,N20,VIIRS,n,2,285.51,1.12,N,2
51.89316,29.33788,304.09,0.55,0.42,2019-06-01,2343,N20,VIIRS,n,2,286.06,2,N,2
51.89288,29.33606,304,0.55,0.42,2019-06-01,2343,N20,VIIRS,n,2,286.21,1.12,N,2
53.27413,24.43985,307.97,0.59,0.53,2019-06-01,2343,N20,VIIRS,n,2,282.33,0.86,N,2
52.84859,29.98911,339.63,0.53,0.42,2019-06-01,2343,N20,VIIRS,n,2,287.45,8.33,N,2
51.88927,29.33691,295.52,0.55,0.42,2019-06-01,2343,N20,VIIRS,n,2,284.73,0.81,N,2
54.38686,29.26268,307.61,0.37,0.58,2019-06-02,0122,N20,VIIRS,n,2,281.39,3.28,N,0
54.38848,29.25764,343.87,0.37,0.58,2019-06-02,0122,N20,VIIRS,n,2,281.3,4.26,N,0
51.89357,29.34197,303.33,0.46,0.63,2019-06-02,0123,N20,VIIRS,n,2,282.78,0.91,N,2
51.89383,29.34207,306.72,0.46,0.63,2019-06-02,0123,N20,VIIRS,n,2,282.19,1.18,N,2
52.87239,29.73963,299.99,0.44,0.62,2019-06-02,0123,N20,VIIRS,n,2,272.57,0.16,N,0
53.27351,24.44074,303.17,0.54,0.51,2019-06-02,0123,N20,VIIRS,n,2,281.82,2.64,N,2
53.26994,24.43849,300.53,0.54,0.51,2019-06-02,0123,N20,VIIRS,n,2,282.05,0.96,N,2
51.88864,29.33762,296.47,0.46,0.63,2019-06-02,0123,N20,VIIRS,n,2,281.98,0.69,N,2
52.84661,29.98846,325.81,0.4,0.6,2019-06-02,0932,N20,VIIRS,n,2,294.9,7.81,D,2
53.39361,25.3063,330.26,0.43,0.38,2019-06-02,1112,N20,VIIRS,n,2,295.8,2.19,D,0
53.39429,32.01613,308.79,0.46,0.47,2019-06-02,2323,N20,VIIRS,n,2,288.37,2.25,N,2
53.58913,31.95422,296.34,0.46,0.47,2019-06-02,2323,N20,VIIRS,n,2,284.85,1.22,N,2
51.89358,29.34271,300.49,0.57,0.52,2019-06-02,2324,N20,VIIRS,n,2,286.25,1.5,N,2
52.84781,29.98998,343.45,0.54,0.51,2019-06-02,2324,N20,VIIRS,n,2,288.1,10.87,N,2
53.27388,24.44404,312.42,0.47,0.64,2019-06-02,2324,N20,VIIRS,n,2,282.98,1.63,N,2
51.89432,29.34182,305.78,0.6,0.53,2019-06-03,0104,N20,VIIRS,n,2,286.31,1.03,N,2
53.27055,24.44348,313.45,0.54,0.42,2019-06-03,0104,N20,VIIRS,n,2,283.96,2.18,N,2
52.84826,29.98983,337.5,0.59,0.53,2019-06-03,0104,N20,VIIRS,n,2,286.02,7.11,N,2
51.88984,29.33853,296.81,0.6,0.53,2019-06-03,0104,N20,VIIRS,n,2,285.13,1.03,N,2
52.84521,29.99399,337.57,0.59,0.7,2019-06-03,0913,N20,VIIRS,n,2,300.11,6.12,D,2
51.89182,29.33968,327.17,0.68,0.74,2019-06-03,0913,N20,VIIRS,n,2,292.69,5.22,D,2
52.84323,29.9944,333.75,0.59,0.7,2019-06-03,0913,N20,VIIRS,n,2,297.8,6.28,D,2
52.84655,29.9888,342.41,0.42,0.38,2019-06-03,1053,N20,VIIRS,n,2,308.97,11.41,D,2
51.89167,29.34049,338.77,0.41,0.37,2019-06-03,1053,N20,VIIRS,n,2,307.94,5.31,D,2
52.10045,28.65863,336.62,0.4,0.37,2019-06-03,1053,N20,VIIRS,n,2,303.97,4.79,D,0
52.60236,31.36693,332.23,0.46,0.39,2019-06-03,1053,N20,VIIRS,n,2,300.49,4.44,D,0
53.26935,24.4414,333.96,0.39,0.36,2019-06-03,1053,N20,VIIRS,n,2,305.48,1.59,D,2
52.91492,25.92163,338.48,0.38,0.36,2019-06-03,1053,N20,VIIRS,n,2,306.73,3.94,D,0
54.05027,28.15344,325.46,0.4,0.37,2019-06-03,1054,N20,VIIRS,n,2,290.09,1.66,D,0
53.39611,32.01391,309.44,0.36,0.57,2019-06-03,2304,N20,VIIRS,n,2,287.13,1.22,N,2
53.27049,24.44255,308.42,0.74,0.76,2019-06-03,2304,N20,VIIRS,n,2,284.53,2.58,N,2
53.27359,24.43886,308.19,0.74,0.76,2019-06-03,2304,N20,VIIRS,n,2,283.62,2.2,N,2
51.89629,29.34322,297.23,0.46,0.63,2019-06-03,2305,N20,VIIRS,n,2,284.6,0.83,N,0
52.84785,29.99021,328.94,0.43,0.62,2019-06-03,2305,N20,VIIRS,n,2,287.08,2.49,N,2
52.84675,29.99493,295.98,0.4,0.44,2019-06-04,0045,N20,VIIRS,n,2,285.28,1.6,N,2
53.27069,24.44197,319.28,0.41,0.37,2019-06-04,0045,N20,VIIRS,n,2,287.32,2.47,N,2
52.85055,29.99739,298.05,0.4,0.44,2019-06-04,0045,N20,VIIRS,n,2,285.66,1.6,N,2
52.84807,29.98939,332.91,0.39,0.44,2019-06-04,0045,N20,VIIRS,n,2,286.8,1.6,N,2
53.26196,24.45041,302.93,0.41,0.37,2019-06-04,0045,N20,VIIRS,n,2,287.09,0.71,N,2
51.8948,29.34149,304.89,0.4,0.44,2019-06-04,0046,N20,VIIRS,n,2,286.08,1.09,N,2
52.84667,29.99165,346.35,0.39,0.36,2019-06-04,1034,N20,VIIRS,n,2,310.91,9.56,D,2
51.54872,30.54758,339.66,0.39,0.36,2019-06-04,1034,N20,VIIRS,n,2,304.46,5.41,D,0
52.21521,25.69633,335.01,0.47,0.4,2019-06-04,1034,N20,VIIRS,n,2,296.37,4.87,D,0
52.21567,25.69598,331.63,0.47,0.4,2019-06-04,1034,N20,VIIRS,n,2,295.45,3.98,D,0
54.97862,27.77179,329.77,0.39,0.37,2019-06-04,1035,N20,VIIRS,n,2,302.2,2.06,D,0
53.72838,27.46918,327.21,0.41,0.37,2019-06-04,1035,N20,VIIRS,l,2,300.76,2.48,D,0
53.91865,27.70708,333.61,0.4,0.37,2019-06-04,1035,N20,VIIRS,l,2,307.41,4.29,D,0
54.26887,28.8531,330.9,0.39,0.36,2019-06-04,1035,N20,VIIRS,n,2,302.17,1.21,D,0
54.63846,31.08618,328.17,0.39,0.36,2019-06-04,1035,N20,VIIRS,n,2,296.63,1.49,D,0
53.27181,24.44435,327.1,0.54,0.68,2019-06-04,1215,N20,VIIRS,n,2,298.76,3.91,D,2
53.39592,32.01365,299.23,0.56,0.69,2019-06-04,2245,N20,VIIRS,n,2,286.18,0.89,N,2
53.39676,32.01249,298.95,0.56,0.69,2019-06-04,2245,N20,VIIRS,n,2,286.18,0.88,N,2
52.84723,29.98447,316.64,0.68,0.74,2019-06-04,2246,N20,VIIRS,n,2,285.1,6.17,N,2
51.89447,29.3363,304.5,0.73,0.76,2019-06-04,2246,N20,VIIRS,n,2,285.15,2.17,N,2
52.84637,29.98885,346.65,0.68,0.74,2019-06-04,2246,N20,VIIRS,n,2,286.16,7.67,N,2
52.84748,29.99486,326.85,0.68,0.74,2019-06-04,2246,N20,VIIRS,n,2,284.99,6.77,N,2
51.89793,29.33934,300.62,0.73,0.76,2019-06-04,2246,N20,VIIRS,n,2,284.86,1.7,N,2
53.58817,31.95555,297.98,0.47,0.39,2019-06-05,0026,N20,VIIRS,n,2,286.56,0.14,N,2
54.1869,28.49554,299.7,0.39,0.36,2019-06-05,0026,N20,VIIRS,n,2,286.61,0.54,N,0
52.84774,29.99367,331.14,0.43,0.38,2019-06-05,0026,N20,VIIRS,n,2,291.99,12.39,N,2
53.39559,32.01622,300.77,0.47,0.4,2019-06-05,0026,N20,VIIRS,n,2,287.97,0.88,N,2
54.24865,28.5783,301.37,0.39,0.36,2019-06-05,0026,N20,VIIRS,n,2,284.01,0.43,N,0
53.40482,25.46693,323.2,0.39,0.36,2019-06-05,0027,N20,VIIRS,n,2,285.67,1.56,N,0
53.25923,24.44998,299.78,0.39,0.36,2019-06-05,0027,N20,VIIRS,n,2,288.1,0.75,N,2
53.27074,24.44229,320.91,0.39,0.36,2019-06-05,0027,N20,VIIRS,n,2,289.31,2.71,N,2
53.40567,25.46124,301.92,0.39,0.36,2019-06-05,0027,N20,VIIRS,n,2,284.87,1.23,N,0
51.89241,29.3438,305.33,0.43,0.38,2019-06-05,0027,N20,VIIRS,n,2,287.2,1.07,N,2
52.84645,29.9887,333.59,0.47,0.4,2019-06-05,1015,N20,VIIRS,n,2,295.4,6.14,D,2
52.20998,24.20788,329.12,0.33,0.55,2019-06-05,1156,N20,VIIRS,n,2,294.26,2.31,D,0
53.26853,24.44358,334.48,0.34,0.56,2019-06-05,1156,N20,VIIRS,n,2,296.38,2.58,D,2
53.39621,32.0175,302.78,0.39,0.36,2019-06-06,0007,N20,VIIRS,n,2,287.18,0.59,N,2
53.39298,32.01599,302.18,0.39,0.36,2019-06-06,0007,N20,VIIRS,n,2,288.28,0.59,N,2
52.84833,29.98882,321.21,0.39,0.36,2019-06-06,0008,N20,VIIRS,n,2,281.99,1.45,N,2
52.13078,30.9916,342.66,0.44,0.46,2019-06-06,0956,N20,VIIRS,n,2,301.76,23.97,D,0
52.84483,29.99195,329.64,0.46,0.47,2019-06-06,0957,N20,VIIRS,l,2,300,4.02,D,2
52.8471,29.99218,334.49,0.46,0.47,2019-06-06,0957,N20,VIIRS,n,2,301.71,7.91,D,2
52.82397,29.88117,334.66,0.46,0.47,2019-06-06,0957,N20,VIIRS,n,2,295.29,5.21,D,0
53.19465,30.9957,328.51,0.41,0.45,2019-06-06,0957,N20,VIIRS,n,2,296.57,2.05,D,0
52.12771,30.98956,326.82,0.4,0.6,2019-06-06,1137,N20,VIIRS,n,2,295.95,3.57,D,0
52.84623,29.98952,332.4,0.36,0.58,2019-06-06,1137,N20,VIIRS,n,2,300.03,5.25,D,2
53.26507,24.44675,297.82,0.51,0.49,2019-06-06,2349,N20,VIIRS,n,2,286.7,1.03,N,2
53.58626,31.95192,300.1,0.43,0.38,2019-06-06,2349,N20,VIIRS,n,2,286.49,0.74,N,0
53.39655,32.01735,304.96,0.42,0.38,2019-06-06,2349,N20,VIIRS,n,2,287.22,1.21,N,2
53.39313,32.01615,301.41,0.42,0.38,2019-06-06,2349,N20,VIIRS,n,2,289.05,1.21,N,2
52.84611,29.99022,329.58,0.47,0.4,2019-06-06,2349,N20,VIIRS,n,2,288.96,6.48,N,2
53.27016,24.43908,301.11,0.51,0.49,2019-06-06,2349,N20,VIIRS,n,2,286.25,1.68,N,2
53.27011,24.4398,304.87,0.51,0.49,2019-06-06,2349,N20,VIIRS,n,2,286.49,0.81,N,2
51.89376,29.34303,333.87,0.48,0.4,2019-06-06,2349,N20,VIIRS,n,2,288.55,5.23,N,2
55.52844,28.53315,297.73,0.36,0.57,2019-06-07,0128,N20,VIIRS,n,2,286.99,0.77,N,0
52.36795,24.53925,295.91,0.33,0.55,2019-06-07,0129,N20,VIIRS,n,2,283.87,0.56,N,0
51.89401,29.3394,300.57,0.52,0.67,2019-06-07,0129,N20,VIIRS,n,2,282.39,1.35,N,2
51.89441,29.34069,305.18,0.52,0.67,2019-06-07,0129,N20,VIIRS,n,2,282.07,1.96,N,2
53.09854,26.016,300.58,0.36,0.57,2019-06-07,0129,N20,VIIRS,n,2,285.56,0.62,N,0
52.30731,30.23868,302.67,0.55,0.68,2019-06-07,0129,N20,VIIRS,n,2,283.03,1.09,N,0
52.30635,30.23814,304.57,0.55,0.68,2019-06-07,0129,N20,VIIRS,n,2,283.43,0.95,N,0
52.84662,29.98831,302.9,0.51,0.66,2019-06-07,0129,N20,VIIRS,n,2,284.62,1,N,2
51.89165,29.34604,300.95,0.52,0.67,2019-06-07,0129,N20,VIIRS,n,2,282.51,1.35,N,2
53.262,24.45166,301.61,0.62,0.54,2019-06-07,0129,N20,VIIRS,n,2,286.01,1.23,N,2
53.27205,24.44512,301.82,0.62,0.54,2019-06-07,0129,N20,VIIRS,n,2,285.49,1.44,N,2
51.83126,30.47441,333.23,0.36,0.57,2019-06-07,0938,N20,VIIRS,n,2,296.44,1.45,D,0
53.13232,30.34428,336.07,0.33,0.55,2019-06-07,0938,N20,VIIRS,n,2,294.11,2.68,D,0
52.84433,29.99249,335.38,0.35,0.56,2019-06-07,0938,N20,VIIRS,n,2,296.74,5.36,D,2
51.89275,29.34154,344.46,0.42,0.46,2019-06-07,1118,N20,VIIRS,n,2,303.24,7.64,D,2
51.83003,30.4753,338.09,0.47,0.48,2019-06-07,1118,N20,VIIRS,n,2,303.48,2.45,D,0
51.89249,29.34251,350.01,0.42,0.45,2019-06-07,1118,N20,VIIRS,n,2,302.87,6.37,D,2
54.16601,31.26822,338.95,0.54,0.5,2019-06-07,1119,N20,VIIRS,n,2,296.51,5.45,D,0
55.48735,28.60117,340.92,0.56,0.52,2019-06-07,2329,N20,VIIRS,n,2,288.1,15.06,N,0
53.27061,24.44595,297.23,0.4,0.6,2019-06-07,2330,N20,VIIRS,n,2,284.99,0.8,N,2
52.8479,29.987,304.57,0.47,0.48,2019-06-07,2330,N20,VIIRS,n,2,283.52,1.54,N,2
53.263,24.4509,297.68,0.4,0.6,2019-06-07,2330,N20,VIIRS,n,2,285.98,0.92,N,2
53.2744,24.43933,298.93,0.4,0.6,2019-06-07,2330,N20,VIIRS,n,2,284.82,0.77,N,2
53.39468,32.01638,305.74,0.4,0.44,2019-06-07,2330,N20,VIIRS,n,2,289.16,1.91,N,2
53.39466,32.01135,304.36,0.4,0.44,2019-06-07,2330,N20,VIIRS,n,2,285.89,1.36,N,2
53.58913,31.95193,298.51,0.4,0.44,2019-06-07,2330,N20,VIIRS,n,2,286.94,0.78,N,2
52.84742,29.994,306.1,0.47,0.48,2019-06-07,2330,N20,VIIRS,n,2,277.33,1.54,N,2
51.83424,30.47594,297.26,0.44,0.46,2019-06-07,2330,N20,VIIRS,n,2,284.45,0.85,N,0
51.82999,30.47505,308.02,0.44,0.46,2019-06-07,2330,N20,VIIRS,n,2,284.75,0.85,N,0
54.03609,28.08785,330.74,0.57,0.52,2019-06-07,2330,N20,VIIRS,n,2,285.31,4.55,N,0
53.27076,24.43974,298.72,0.4,0.6,2019-06-07,2330,N20,VIIRS,n,2,285.09,0.8,N,2
51.89394,29.34623,315.79,0.35,0.56,2019-06-08,0110,N20,VIIRS,n,2,285.49,2.08,N,2
52.84684,29.98905,307.6,0.34,0.56,2019-06-08,0110,N20,VIIRS,n,2,285.33,1.9,N,2
51.8321,30.4722,299.77,0.38,0.59,2019-06-08,0110,N20,VIIRS,n,2,283.32,1.47,N,0
53.2715,24.44284,308.08,0.41,0.45,2019-06-08,0110,N20,VIIRS,n,2,287.18,1.21,N,2
53.26096,24.44913,304.71,0.41,0.45,2019-06-08,0110,N20,VIIRS,n,2,287.04,1.25,N,2
51.89531,29.34168,308.51,0.35,0.56,2019-06-08,0110,N20,VIIRS,n,2,285.73,2.14,N,2
51.89025,29.34267,346.8,0.59,0.7,2019-06-08,0919,N20,VIIRS,n,2,290.03,6.39,D,2
51.83186,30.47276,331.41,0.47,0.4,2019-06-08,1059,N20,VIIRS,l,2,304.6,3.99,D,0
52.84777,29.99069,338.84,0.47,0.39,2019-06-08,1059,N20,VIIRS,n,2,306.6,14.42,D,2
52.84416,29.99175,329.88,0.47,0.39,2019-06-08,1059,N20,VIIRS,l,2,302.74,5.39,D,2
51.89222,29.34112,345.58,0.44,0.38,2019-06-08,1059,N20,VIIRS,n,2,304.27,6.28,D,2
51.62198,29.59155,339.24,0.44,0.38,2019-06-08,1059,N20,VIIRS,n,2,303.39,12.92,D,0
51.62271,29.59791,332.1,0.44,0.39,2019-06-08,1059,N20,VIIRS,n,2,298.47,7.17,D,0
51.61847,29.59259,330.3,0.44,0.38,2019-06-08,1059,N20,VIIRS,n,2,298.55,2.52,D,0
53.33507,28.13814,345.87,0.42,0.38,2019-06-08,1100,N20,VIIRS,n,2,301.92,9.65,D,0
53.33927,28.14329,367,0.42,0.38,2019-06-08,1100,N20,VIIRS,h,2,305.05,15.2,D,0
53.33849,28.13697,346.8,0.42,0.38,2019-06-08,1100,N20,VIIRS,n,2,303.17,9.65,D,0
53.3427,28.14212,339.03,0.42,0.38,2019-06-08,1100,N20,VIIRS,n,2,293.92,4.46,D,0
53.33585,28.14445,367,0.42,0.38,2019-06-08,1100,N20,VIIRS,h,2,304.71,15.2,D,0
51.89418,29.33869,350.35,0.39,0.59,2019-06-08,2311,N20,VIIRS,n,2,287.39,3.02,N,2
52.84618,29.9931,314.03,0.37,0.58,2019-06-08,2311,N20,VIIRS,n,2,286.61,2,N,2
51.89461,29.33898,336.99,0.39,0.59,2019-06-08,2311,N20,VIIRS,n,2,287.01,4.06,N,2
52.85157,29.99362,297.21,0.37,0.58,2019-06-08,2311,N20,VIIRS,n,2,286.59,1.28,N,2
52.84633,29.98754,316.01,0.37,0.58,2019-06-08,2311,N20,VIIRS,n,2,286.75,2.5,N,2
51.89405,29.34451,301.66,0.39,0.59,2019-06-08,2311,N20,VIIRS,n,2,286.63,3.02,N,2
51.89445,29.3448,306.22,0.39,0.59,2019-06-08,2311,N20,VIIRS,n,2,286.85,2.87,N,2
53.33993,28.14254,301.1,0.56,0.43,2019-06-09,0051,N20,VIIRS,n,2,286.34,0.9,N,0
53.34365,28.14495,296.71,0.56,0.43,2019-06-09,0051,N20,VIIRS,n,2,285.68,0.88,N,0
52.84855,29.98918,337.38,0.45,0.47,2019-06-09,0051,N20,VIIRS,n,2,287.52,3.28,N,2
52.84695,29.99544,296.87,0.45,0.47,2019-06-09,0051,N20,VIIRS,n,2,286.61,3.28,N,2
51.88998,29.33849,306.41,0.45,0.47,2019-06-09,0052,N20,VIIRS,n,2,286.97,1.03,N,2
51.89401,29.34111,336.35,0.45,0.47,2019-06-09,0052,N20,VIIRS,n,2,289.28,4.6,N,2
52.84674,29.98836,342.91,0.39,0.36,2019-06-09,1040,N20,VIIRS,l,2,313.9,18.01,D,2
53.01243,24.07055,340.95,0.46,0.39,2019-06-09,1041,N20,VIIRS,n,2,300.4,3.84,D,0
55.48658,28.59913,351.87,0.67,0.74,2019-06-09,2251,N20,VIIRS,n,2,285.37,5.92,N,0
55.48622,28.58816,300.03,0.67,0.74,2019-06-09,2251,N20,VIIRS,n,2,284.23,5.92,N,0
55.48664,28.59485,367,0.67,0.74,2019-06-09,2251,N20,VIIRS,h,2,284.51,10.96,N,0
55.48696,28.60585,302.9,0.67,0.74,2019-06-09,2251,N20,VIIRS,n,2,284.43,7.45,N,0
51.89303,29.34391,298.03,0.62,0.72,2019-06-09,2252,N20,VIIRS,n,2,275.74,0.76,N,2
51.89641,29.33622,311.39,0.62,0.72,2019-06-09,2252,N20,VIIRS,n,2,275.8,1.28,N,0
51.89286,29.33447,306.32,0.63,0.72,2019-06-09,2252,N20,VIIRS,n,2,276.63,0.76,N,2
52.84668,29.98909,311.93,0.59,0.7,2019-06-09,2252,N20,VIIRS,n,2,270.9,2.27,N,2
52.84557,29.98938,310.86,0.59,0.7,2019-06-09,2252,N20,VIIRS,n,2,271.11,2.55,N,2
53.02221,27.51108,301.82,0.75,0.77,2019-06-09,2252,N20,VIIRS,n,2,284.92,2.44,N,0
53.02186,27.49966,306.65,0.75,0.77,2019-06-09,2252,N20,VIIRS,n,2,284.78,2.27,N,0
53.02451,27.50395,321.26,0.75,0.77,2019-06-09,2252,N20,VIIRS,n,2,284.95,3.39,N,0
54.18748,28.50076,299.99,0.41,0.37,2019-06-10,0032,N20,VIIRS,n,2,286.02,0.33,N,0
55.48663,28.60085,319.32,0.4,0.37,2019-06-10,0032,N20,VIIRS,n,2,284.02,1.45,N,0
53.26378,24.44867,300.96,0.38,0.36,2019-06-10,0033,N20,VIIRS,n,2,287.14,0.85,N,2
51.89355,29.34346,328.99,0.47,0.39,2019-06-10,0033,N20,VIIRS,n,2,289.75,3.38,N,2
51.89082,29.34197,299.44,0.47,0.39,2019-06-10,0033,N20,VIIRS,n,2,287.52,0.61,N,2
51.89429,29.34383,327.6,0.47,0.39,2019-06-10,0033,N20,VIIRS,n,2,288.96,2.62,N,2
53.25966,24.4529,302.19,0.38,0.36,2019-06-10,0033,N20,VIIRS,n,2,286.17,0.85,N,2
53.27113,24.44584,295.39,0.38,0.36,2019-06-10,0033,N20,VIIRS,n,2,285.22,0.97,N,2
53.02053,27.51027,317.64,0.41,0.37,2019-06-10,0033,N20,VIIRS,n,2,287.32,5.31,N,0
53.02162,27.50438,327.69,0.41,0.37,2019-06-10,0033,N20,VIIRS,n,2,288.31,7.49,N,0
53.01329,29.15064,298.6,0.44,0.39,2019-06-10,0033,N20,VIIRS,n,2,286.58,0.4,N,0
52.84649,29.98794,327.78,0.47,0.4,2019-06-10,0033,N20,VIIRS,n,2,288.24,3.26,N,2
53.93403,24.66032,340.72,0.39,0.44,2019-06-10,1022,N20,VIIRS,n,2,300.36,8.87,D,0
53.93158,24.66852,343.79,0.39,0.44,2019-06-10,1022,N20,VIIRS,n,2,299.49,8.87,D,0
52.84512,29.98865,338.76,0.43,0.38,2019-06-10,1022,N20,VIIRS,l,2,309.56,7.5,D,2
51.89354,29.34238,338.8,0.63,0.72,2019-06-10,1202,N20,VIIRS,n,2,293.5,7.89,D,2
53.73465,27.49026,329.99,0.53,0.67,2019-06-10,1203,N20,VIIRS,n,2,295.65,2.69,D,0
55.48594,28.59835,327.11,0.59,0.7,2019-06-10,1203,N20,VIIRS,n,2,296.23,4.1,D,0
53.73179,27.4922,338.55,0.53,0.67,2019-06-10,1203,N20,VIIRS,n,2,296.31,2.83,D,0
55.48079,28.60708,346.74,0.59,0.7,2019-06-10,1203,N20,VIIRS,n,2,292.33,6.47,D,0
55.48574,28.60792,335.13,0.59,0.7,2019-06-10,1203,N20,VIIRS,n,2,292.91,4.1,D,0
53.39727,32.01058,299.55,0.76,0.77,2019-06-10,2233,N20,VIIRS,n,2,287.26,1.32,N,2
52.85443,29.9958,308.49,0.39,0.36,2019-06-11,0014,N20,VIIRS,n,2,292.69,1.31,N,2
51.89087,29.33884,308.73,0.39,0.36,2019-06-11,0014,N20,VIIRS,n,2,290.08,0.88,N,2
51.89322,29.34569,301.43,0.39,0.36,2019-06-11,0014,N20,VIIRS,n,2,289.88,2.6,N,2
51.89411,29.34022,329.52,0.39,0.36,2019-06-11,0014,N20,VIIRS,n,2,292.66,2.6,N,2
51.90002,29.32518,303.38,0.39,0.36,2019-06-11,0014,N20,VIIRS,n,2,292.46,0.98,N,0
53.27061,24.44282,300.99,0.45,0.39,2019-06-11,0014,N20,VIIRS,n,2,283.25,0.47,N,2
52.84797,29.99289,329.11,0.39,0.36,2019-06-11,0014,N20,VIIRS,n,2,291.99,4.82,N,2
53.39563,32.01232,313.57,0.4,0.37,2019-06-11,0014,N20,VIIRS,n,2,290.87,1.53,N,2
53.58705,31.95188,301.49,0.4,0.37,2019-06-11,0014,N20,VIIRS,n,2,289.08,0.72,N,2
53.26036,24.45051,300.09,0.52,0.67,2019-06-11,0154,N20,VIIRS,n,2,287.16,0.58,N,2
53.27059,24.44233,298.17,0.52,0.67,2019-06-11,0154,N20,VIIRS,n,2,286.67,0.45,N,2
51.89107,29.3399,346.06,0.45,0.47,2019-06-11,1003,N20,VIIRS,n,2,305.07,15.86,D,2
53.41916,32.61068,326.85,0.48,0.4,2019-06-11,1003,N20,VIIRS,l,2,300.56,2.31,D,0
52.84658,29.98978,337.13,0.4,0.44,2019-06-11,1003,N20,VIIRS,n,2,302.19,7.26,D,2
55.59359,29.66356,329.31,0.53,0.42,2019-06-11,1004,N20,VIIRS,n,2,295.68,2.18,D,0
55.41608,30.49087,333.66,0.5,0.41,2019-06-11,1004,N20,VIIRS,n,2,298.34,4.13,D,0
53.26194,24.45109,305.57,0.44,0.46,2019-06-11,2355,N20,VIIRS,n,2,292.29,0.66,N,2
51.89517,29.34334,332.36,0.44,0.38,2019-06-11,2355,N20,VIIRS,n,2,291.1,2.02,N,2
51.89155,29.34314,305.86,0.43,0.38,2019-06-11,2355,N20,VIIRS,n,2,290.6,1.03,N,2
51.89503,29.34426,336.22,0.43,0.38,2019-06-11,2355,N20,VIIRS,n,2,292.14,7.96,N,2
51.89232,29.33685,309.56,0.44,0.38,2019-06-11,2355,N20,VIIRS,n,2,291.2,1.03,N,2
52.27236,25.68424,303.37,0.38,0.43,2019-06-11,2355,N20,VIIRS,n,2,288.33,0.95,N,0
54.18882,28.49685,302.17,0.49,0.4,2019-06-11,2355,N20,VIIRS,n,2,289.49,0.58,N,0
53.58649,31.95344,300.71,0.4,0.37,2019-06-11,2355,N20,VIIRS,n,2,289.69,0.79,N,2
53.39415,32.01437,319.7,0.4,0.37,2019-06-11,2355,N20,VIIRS,n,2,294.21,2.37,N,2
53.1095,28.705,303.36,0.47,0.39,2019-06-11,2355,N20,VIIRS,n,2,289.72,0.51,N,0
52.84702,29.99224,329.76,0.43,0.38,2019-06-11,2355,N20,VIIRS,n,2,291.56,3.01,N,2
52.42668,30.99615,303.29,0.41,0.37,2019-06-11,2355,N20,VIIRS,n,2,290.76,0.49,N,0
53.26375,24.44986,304.17,0.35,0.57,2019-06-12,0135,N20,VIIRS,n,2,290.41,0.84,N,2
51.89273,29.346,341.88,0.6,0.71,2019-06-12,0135,N20,VIIRS,n,2,288.14,3.59,N,2
51.8871,29.34063,298.19,0.6,0.71,2019-06-12,0135,N20,VIIRS,n,2,286.83,3.59,N,2
53.27137,24.44441,303.15,0.35,0.57,2019-06-12,0135,N20,VIIRS,n,2,290,0.48,N,2
52.84701,29.98811,300.63,0.58,0.7,2019-06-12,0135,N20,VIIRS,n,2,287.13,1.1,N,2
51.89568,29.3414,316.35,0.6,0.7,2019-06-12,0135,N20,VIIRS,n,2,288.03,5.15,N,2
51.89287,29.34884,312.95,0.6,0.71,2019-06-12,0135,N20,VIIRS,n,2,287.77,2.13,N,2
51.88724,29.34349,299.69,0.6,0.71,2019-06-12,0135,N20,VIIRS,n,2,286.91,2.13,N,2
52.84689,29.993,344.17,0.6,0.53,2019-06-12,0944,N20,VIIRS,n,2,307.55,20.97,D,2
51.88949,29.34405,367,0.34,0.56,2019-06-12,0944,N20,VIIRS,h,2,295.62,4.87,D,2
52.8432,29.99315,340.18,0.6,0.53,2019-06-12,0944,N20,VIIRS,n,2,303.36,7.69,D,2
53.8501,23.94588,367,0.46,0.64,2019-06-12,0945,N20,VIIRS,h,2,303.42,19.89,D,0
53.85062,23.94678,367,0.46,0.64,2019-06-12,0945,N20,VIIRS,h,2,302.34,15.89,D,0
53.84848,23.94066,338.12,0.46,0.64,2019-06-12,0945,N20,VIIRS,n,2,303.52,12.99,D,0
53.84551,23.95177,350.25,0.46,0.64,2019-06-12,0945,N20,VIIRS,n,2,298.17,5.02,D,0
53.84501,23.95091,367,0.46,0.64,2019-06-12,0945,N20,VIIRS,h,2,299.02,8.84,D,0
51.8934,29.3455,341.92,0.49,0.49,2019-06-12,1124,N20,VIIRS,n,2,306.47,15.16,D,2
53.84712,23.94244,347.3,0.49,0.4,2019-06-12,1125,N20,VIIRS,n,2,310.86,14.72,D,0
52.84415,29.99061,330.47,0.54,0.5,2019-06-12,1125,N20,VIIRS,l,2,304.03,6.35,D,2
52.84622,29.99011,330.95,0.54,0.5,2019-06-12,1125,N20,VIIRS,l,2,305.6,11.27,D,2
53.84789,23.94986,346.38,0.49,0.4,2019-06-12,1125,N20,VIIRS,n,2,309.2,21.5,D,0
53.85158,23.9488,354.08,0.49,0.4,2019-06-12,1125,N20,VIIRS,n,2,314.99,21.5,D,0
53.85526,23.94774,349.29,0.49,0.4,2019-06-12,1125,N20,VIIRS,n,2,308.98,17.07,D,0
53.84915,23.94901,347.28,0.49,0.4,2019-06-12,1125,N20,VIIRS,n,2,317.53,23.56,D,0
53.84841,23.94158,347.78,0.49,0.4,2019-06-12,1125,N20,VIIRS,n,2,311.65,23.56,D,0
53.85284,23.94795,350.85,0.49,0.4,2019-06-12,1125,N20,VIIRS,n,2,312.36,23.56,D,0
54.59539,26.37611,341.69,0.4,0.44,2019-06-12,1125,N20,VIIRS,n,2,299.91,4.07,D,0
51.88942,29.33504,307.86,0.42,0.45,2019-06-12,2336,N20,VIIRS,n,2,290.1,2.13,N,2
51.89309,29.34211,340.64,0.42,0.45,2019-06-12,2336,N20,VIIRS,n,2,291.56,4.97,N,2
53.26587,24.44773,306.99,0.34,0.56,2019-06-12,2336,N20,VIIRS,n,2,290.1,0.6,N,2
53.27128,24.44298,304.64,0.34,0.56,2019-06-12,2336,N20,VIIRS,n,2,290.52,0.6,N,2
53.2659,24.44967,306.41,0.34,0.56,2019-06-12,2336,N20,VIIRS,n,2,290.23,0.52,N,2
52.84615,29.99223,367,0.39,0.59,2019-06-13,0116,N20,VIIRS,h,2,288.26,9.83,N,2
53.58682,31.95162,297.71,0.43,0.62,2019-06-13,0116,N20,VIIRS,n,2,284.93,0.43,N,2
52.84737,29.99559,322.32,0.39,0.59,2019-06-13,0116,N20,VIIRS,n,2,287.01,5.88,N,2
52.84905,29.99038,351.5,0.39,0.59,2019-06-13,0116,N20,VIIRS,n,2,287.14,7.4,N,2
53.26037,24.451,307.8,0.47,0.48,2019-06-13,0117,N20,VIIRS,n,2,292.26,1.72,N,2
53.26121,24.4521,304.23,0.47,0.48,2019-06-13,0117,N20,VIIRS,n,2,291.83,0.91,N,2
51.89208,29.34577,317.85,0.4,0.6,2019-06-13,0117,N20,VIIRS,n,2,288.51,1.79,N,2
51.89373,29.34061,314.65,0.4,0.6,2019-06-13,0117,N20,VIIRS,n,2,288.58,1.79,N,2
51.89153,29.34226,367,0.52,0.67,2019-06-13,0925,N20,VIIRS,h,2,296.13,7.37,D,2
51.89122,29.34349,345.74,0.49,0.4,2019-06-13,1105,N20,VIIRS,n,2,308.74,14.44,D,2
53.29737,31.4429,339.54,0.4,0.44,2019-06-13,1106,N20,VIIRS,n,2,295.39,7.14,D,0
54.4262,30.62997,326.63,0.38,0.43,2019-06-13,1106,N20,VIIRS,n,2,293.79,2.35,D,0
51.87553,26.38202,342.55,0.41,0.37,2019-06-13,1106,N20,VIIRS,n,2,306.18,10.42,D,0
51.87889,26.38088,336.73,0.41,0.37,2019-06-13,1106,N20,VIIRS,n,2,303.31,3.12,D,0
52.84507,29.98858,338.68,0.52,0.42,2019-06-13,1106,N20,VIIRS,n,2,307.52,10.57,D,2
53.29689,31.43685,334.35,0.4,0.44,2019-06-13,1106,N20,VIIRS,n,2,296.42,6.82,D,0
54.03108,30.82356,331.99,0.39,0.44,2019-06-13,1106,N20,VIIRS,n,2,297.88,2.63,D,0
51.89324,29.33667,315.24,0.33,0.56,2019-06-13,2317,N20,VIIRS,n,2,288.83,3.12,N,2
52.84905,29.99501,308.93,0.63,0.54,2019-06-13,2317,N20,VIIRS,n,2,289.87,1.63,N,2
53.67356,31.82485,298.96,0.54,0.51,2019-06-13,2317,N20,VIIRS,n,2,288.51,0.66,N,2
53.39779,32.01679,298.27,0.53,0.5,2019-06-13,2317,N20,VIIRS,n,2,288.02,0.47,N,2
52.84943,29.98546,300,0.64,0.54,2019-06-13,2317,N20,VIIRS,n,2,289.45,2.05,N,2
52.35853,26.2461,299.5,0.46,0.63,2019-06-13,2317,N20,VIIRS,n,2,288,0.48,N,0
51.89306,29.34163,345.87,0.33,0.55,2019-06-13,2317,N20,VIIRS,n,2,290.09,3.8,N,2
51.89629,29.34462,302.62,0.33,0.55,2019-06-13,2318,N20,VIIRS,n,2,288.82,2.33,N,0
51.89156,29.33414,299.91,0.33,0.55,2019-06-13,2318,N20,VIIRS,n,2,288.77,1.29,N,2
51.89135,29.33909,307.09,0.33,0.55,2019-06-13,2318,N20,VIIRS,n,2,288.71,1.29,N,2
51.8965,29.33967,335.87,0.33,0.55,2019-06-13,2318,N20,VIIRS,n,2,289.5,1.29,N,2
53.26307,24.44838,303.89,0.48,0.4,2019-06-14,0058,N20,VIIRS,n,2,291.05,1.47,N,2
52.84748,29.99537,300.58,0.52,0.5,2019-06-14,0058,N20,VIIRS,n,2,289.73,0.73,N,2
53.61081,24.36095,310.64,0.47,0.4,2019-06-14,0058,N20,VIIRS,n,2,288.96,1.31,N,0
53.27157,24.44563,303.02,0.48,0.4,2019-06-14,0058,N20,VIIRS,n,2,289.74,0.64,N,2
51.89241,29.34196,324.94,0.52,0.5,2019-06-14,0058,N20,VIIRS,n,2,289.6,3.64,N,2
52.36026,26.24517,308.41,0.39,0.44,2019-06-14,0058,N20,VIIRS,n,2,288.67,1.06,N,0
51.89363,29.34007,331.18,0.39,0.36,2019-06-14,1046,N20,VIIRS,n,2,275.69,4.48,D,2
53.61,28.31801,334.55,0.39,0.36,2019-06-14,1047,N20,VIIRS,n,2,298.45,3.81,D,0
53.83308,31.48557,333.2,0.43,0.38,2019-06-14,1047,N20,VIIRS,n,2,297.74,2.87,D,0
53.23524,29.00723,307.21,0.56,0.68,2019-06-14,2258,N20,VIIRS,n,2,287.12,1.22,N,0
53.67517,31.82609,299.81,0.43,0.62,2019-06-14,2258,N20,VIIRS,n,2,286.64,0.61,N,2
53.2366,29.01218,315.93,0.56,0.68,2019-06-14,2258,N20,VIIRS,n,2,288.3,1.78,N,0
53.23529,29.01576,302.61,0.56,0.68,2019-06-14,2258,N20,VIIRS,n,2,288.2,1.22,N,0
51.89321,29.34019,321.59,0.53,0.67,2019-06-14,2258,N20,VIIRS,n,2,288.75,2.53,N,2
52.85156,29.99291,302.15,0.5,0.66,2019-06-14,2258,N20,VIIRS,n,2,286.95,1.31,N,2
51.89619,29.34031,326.08,0.53,0.67,2019-06-14,2258,N20,VIIRS,n,2,288.57,3.35,N,2
55.31705,26.68848,296.83,0.4,0.37,2019-06-15,0038,N20,VIIRS,n,2,285.16,0.6,N,0
53.39355,32.01632,302.45,0.4,0.44,2019-06-15,0039,N20,VIIRS,n,2,288.28,0.94,N,2
52.84784,29.99202,329.68,0.52,0.42,2019-06-15,0039,N20,VIIRS,n,2,291.83,8.3,N,2
51.8952,29.34451,311.15,0.52,0.42,2019-06-15,0039,N20,VIIRS,n,2,290.33,0.79,N,2
53.26048,24.44878,301,0.39,0.36,2019-06-15,0039,N20,VIIRS,n,2,290.6,0.75,N,2
53.26372,24.45031,304.1,0.39,0.36,2019-06-15,0039,N20,VIIRS,n,2,290.5,0.75,N,2
53.58609,31.95329,299.84,0.39,0.44,2019-06-15,0039,N20,VIIRS,n,2,287.83,0.41,N,0
54.18814,28.52963,297.38,0.45,0.39,2019-06-15,0039,N20,VIIRS,n,2,283.14,0.36,N,0
53.27213,24.44202,304.3,0.39,0.36,2019-06-15,0039,N20,VIIRS,n,2,289.59,1.08,N,2
53.39423,32.01589,302.72,0.4,0.44,2019-06-15,0039,N20,VIIRS,n,2,288.54,0.89,N,2
51.89157,29.34242,330.15,0.52,0.42,2019-06-15,0039,N20,VIIRS,n,2,290.98,4.32,N,2
53.83097,27.86283,328.03,0.43,0.38,2019-06-15,1028,N20,VIIRS,l,2,298.15,1.57,D,0
52.84628,29.99004,345.21,0.4,0.37,2019-06-15,1028,N20,VIIRS,n,2,311.84,7.8,D,2
52.99767,30.3485,338,0.4,0.37,2019-06-15,1028,N20,VIIRS,n,2,302.03,6.67,D,0
53.24841,29.20844,333.4,0.41,0.37,2019-06-15,1028,N20,VIIRS,n,2,301.6,2.36,D,0
53.2493,29.21247,330.43,0.41,0.37,2019-06-15,1028,N20,VIIRS,n,2,299.68,2.98,D,0
53.66269,28.17653,336.52,0.43,0.38,2019-06-15,1028,N20,VIIRS,n,2,300.92,2.04,D,0
53.96657,28.11863,329.13,0.42,0.38,2019-06-15,1028,N20,VIIRS,n,2,297.26,1.6,D,0
51.89188,29.3428,337.92,0.74,0.76,2019-06-15,1209,N20,VIIRS,n,2,298.91,9.5,D,2
51.88842,29.34819,349.06,0.74,0.76,2019-06-15,1209,N20,VIIRS,n,2,295.18,15.76,D,2
52.99908,30.34644,300.58,0.77,0.77,2019-06-15,2239,N20,VIIRS,n,2,283.48,1.05,N,0
53.39739,32.01152,298.17,0.66,0.73,2019-06-15,2239,N20,VIIRS,n,2,285.94,0.95,N,2
53.3983,32.00907,295.85,0.66,0.73,2019-06-15,2239,N20,VIIRS,n,2,285.3,1.22,N,2
53.5885,31.95071,298.83,0.43,0.38,2019-06-16,0020,N20,VIIRS,n,2,287.19,0.54,N,2
53.26349,24.44839,298.12,0.42,0.37,2019-06-16,0020,N20,VIIRS,n,2,286.4,0.3,N,2
53.39528,32.01632,307.5,0.43,0.38,2019-06-16,0020,N20,VIIRS,n,2,288.82,1.74,N,2
54.19039,28.5259,320.11,0.38,0.36,2019-06-16,0020,N20,VIIRS,n,2,284.46,1.4,N,0
55.50417,28.59078,299,0.38,0.36,2019-06-16,0020,N20,VIIRS,n,2,285.21,0.28,N,2
53.27107,24.44465,298.01,0.42,0.37,2019-06-16,0020,N20,VIIRS,n,2,283.61,0.2,N,2
52.84865,29.9917,331.43,0.4,0.37,2019-06-16,0020,N20,VIIRS,n,2,288.43,8.44,N,2
52.99761,30.3434,300.6,0.4,0.37,2019-06-16,0020,N20,VIIRS,n,2,283.67,3.13,N,0
52.99655,30.34921,336.15,0.4,0.37,2019-06-16,0020,N20,VIIRS,n,2,294.97,3.13,N,0
51.88838,29.34022,343.09,0.39,0.44,2019-06-16,1009,N20,VIIRS,n,2,296.2,8.45,D,2
51.89345,29.34333,341.58,0.39,0.44,2019-06-16,1009,N20,VIIRS,n,2,295,4.41,D,2
52.99441,30.34484,335.83,0.51,0.41,2019-06-16,1009,N20,VIIRS,n,2,304.88,4.9,D,0
52.84731,29.9934,326.67,0.5,0.65,2019-06-16,1150,N20,VIIRS,l,2,299.99,4.21,D,2
52.99379,30.34889,326.2,0.51,0.66,2019-06-16,1150,N20,VIIRS,n,2,291.96,2.62,D,0
52.04073,27.21581,301.51,0.45,0.39,2019-06-17,0002,N20,VIIRS,n,2,286.49,0.67,N,0
52.04148,27.20925,297.97,0.45,0.39,2019-06-17,0002,N20,VIIRS,n,2,286.45,0.57,N,0
52.3382,28.21208,325.96,0.32,0.54,2019-06-17,0950,N20,VIIRS,n,2,291.98,1.93,D,0
51.89136,29.34457,344.17,0.57,0.52,2019-06-17,1131,N20,VIIRS,n,2,300.73,10.23,D,2
51.89005,29.34497,340.13,0.58,0.52,2019-06-17,1131,N20,VIIRS,n,2,298.85,13.81,D,2
52.9991,30.34693,301.13,0.52,0.41,2019-06-17,2342,N20,VIIRS,n,2,287,1.03,N,0
53.39326,32.01358,304.89,0.46,0.39,2019-06-17,2342,N20,VIIRS,n,2,289.56,1.32,N,2
53.27084,24.44181,298.41,0.59,0.53,2019-06-17,2342,N20,VIIRS,n,2,284.95,0.81,N,2
53.2736,24.44539,300.91,0.59,0.53,2019-06-17,2342,N20,VIIRS,n,2,284.68,0.44,N,2
52.84672,29.98726,314,0.53,0.42,2019-06-17,2342,N20,VIIRS,n,2,286.67,2.03,N,2
52.03882,27.21376,300.58,0.44,0.46,2019-06-17,2343,N20,VIIRS,n,2,284.88,0.7,N,0
52.38782,30.88022,327.3,0.49,0.4,2019-06-17,2343,N20,VIIRS,n,2,288.31,8.81,N,0
52.04104,27.21393,300.12,0.44,0.46,2019-06-17,2343,N20,VIIRS,n,2,285.15,0.37,N,0
52.61861,29.92155,305.58,0.53,0.42,2019-06-17,2343,N20,VIIRS,n,2,286.32,1.57,N,0
51.89448,29.34314,313.13,0.55,0.42,2019-06-17,2343,N20,VIIRS,n,2,266.31,3.02,N,2
52.84565,29.98893,313.82,0.45,0.63,2019-06-18,0122,N20,VIIRS,n,2,284,1.58,N,2
55.50478,28.58745,295.8,0.32,0.54,2019-06-18,0122,N20,VIIRS,n,2,284.69,0.88,N,2
53.27271,24.44673,300.69,0.54,0.51,2019-06-18,0123,N20,VIIRS,n,2,284.34,1.02,N,2
51.89115,29.34011,310.49,0.46,0.63,2019-06-18,0123,N20,VIIRS,n,2,275.6,0.94,N,2
51.89632,29.3446,295.3,0.46,0.63,2019-06-18,0123,N20,VIIRS,n,2,273.99,0.94,N,0
52.61757,29.92006,296.89,0.45,0.63,2019-06-18,0123,N20,VIIRS,n,2,283.74,0.26,N,0
52.84943,29.99259,312.58,0.45,0.63,2019-06-18,0123,N20,VIIRS,n,2,284.07,1.48,N,2
53.23951,26.30884,329.83,0.52,0.67,2019-06-18,0932,N20,VIIRS,n,2,290.25,3.09,D,0
53.58678,31.95392,297.92,0.46,0.47,2019-06-18,2323,N20,VIIRS,n,2,286.68,0.91,N,2
53.67065,31.82618,298.26,0.47,0.48,2019-06-18,2323,N20,VIIRS,n,2,286.84,0.98,N,2
53.27277,24.44197,305.86,0.47,0.64,2019-06-18,2323,N20,VIIRS,n,2,280.2,1.38,N,2
53.27021,24.4438,302.97,0.47,0.64,2019-06-18,2323,N20,VIIRS,n,2,280.37,0.91,N,2
51.88951,29.33963,298.38,0.57,0.52,2019-06-18,2324,N20,VIIRS,n,2,286.85,1.58,N,2
52.84787,29.98806,327.23,0.54,0.51,2019-06-18,2324,N20,VIIRS,n,2,288.04,4.61,N,2
51.89355,29.33778,319.61,0.57,0.52,2019-06-18,2324,N20,VIIRS,n,2,287.99,3.83,N,2
51.89431,29.34035,318.79,0.57,0.52,2019-06-18,2324,N20,VIIRS,n,2,288.81,1.58,N,2
53.2711,24.44101,303.21,0.54,0.42,2019-06-19,0104,N20,VIIRS,n,2,278.93,1.32,N,2
51.89213,29.34538,317.09,0.6,0.53,2019-06-19,0104,N20,VIIRS,n,2,287.35,1.07,N,2
51.88765,29.34209,298.12,0.6,0.53,2019-06-19,0104,N20,VIIRS,n,2,286.3,1.07,N,2
52.84596,29.99323,317.8,0.59,0.53,2019-06-19,0104,N20,VIIRS,n,2,286.67,2.33,N,2
53.58616,31.95295,301.12,0.33,0.55,2019-06-19,0104,N20,VIIRS,n,2,285.74,0.76,N,0
51.89198,29.34438,336.7,0.68,0.74,2019-06-19,0913,N20,VIIRS,n,2,299.1,7.64,D,2
51.8888,29.34435,339.77,0.68,0.74,2019-06-19,0913,N20,VIIRS,n,2,298.03,7.13,D,2
53.44483,26.71355,337.56,0.39,0.36,2019-06-19,1053,N20,VIIRS,n,2,282.44,4.21,D,0
51.89123,29.34181,342.15,0.4,0.37,2019-06-19,1053,N20,VIIRS,l,2,316.08,5.96,D,2
51.93303,26.91616,334.97,0.38,0.36,2019-06-19,1053,N20,VIIRS,n,2,302.27,5.78,D,0
51.92979,26.91745,352.5,0.38,0.36,2019-06-19,1053,N20,VIIRS,n,2,306.22,5.78,D,0
55.11666,26.6666,329.32,0.39,0.36,2019-06-19,1054,N20,VIIRS,n,2,304.03,2.08,D,0
52.84585,29.9923,313.83,0.43,0.62,2019-06-19,2304,N20,VIIRS,n,2,285.29,1.36,N,2
52.85162,29.99265,304.22,0.43,0.62,2019-06-19,2304,N20,VIIRS,n,2,287.18,1.39,N,2
52.84593,29.98577,299.42,0.43,0.62,2019-06-19,2304,N20,VIIRS,n,2,286.26,1.73,N,2
52.85107,29.99184,326.7,0.43,0.62,2019-06-19,2304,N20,VIIRS,n,2,288,3.27,N,2
51.89457,29.33726,297.45,0.46,0.63,2019-06-19,2305,N20,VIIRS,n,2,271.56,1.41,N,2
53.5887,31.95119,295.48,0.44,0.46,2019-06-20,0045,N20,VIIRS,n,2,282.64,0.74,N,2
51.8889,29.34128,298.85,0.4,0.44,2019-06-20,0045,N20,VIIRS,n,2,287.23,0.93,N,2
51.89272,29.34362,320.53,0.4,0.44,2019-06-20,0045,N20,VIIRS,n,2,289.06,0.93,N,2
52.84561,29.98923,305.49,0.39,0.44,2019-06-20,0045,N20,VIIRS,n,2,285.04,1.32,N,2
52.84941,29.99171,318.03,0.39,0.44,2019-06-20,0045,N20,VIIRS,n,2,285.78,1.32,N,2
54.42824,30.63068,329.54,0.7,0.75,2019-06-20,0855,N20,VIIRS,n,2,294.68,4.64,D,0
54.42583,30.62921,326.79,0.7,0.75,2019-06-20,0855,N20,VIIRS,n,2,295.72,5.39,D,0
52.42598,30.92189,336.89,0.38,0.36,2019-06-20,1034,N20,VIIRS,l,2,308.56,3.74,D,0
52.84669,29.99211,338.87,0.39,0.36,2019-06-20,1034,N20,VIIRS,n,2,287.78,8.92,D,2
51.90065,27.52089,334.7,0.43,0.38,2019-06-20,1034,N20,VIIRS,n,2,294.47,2.87,D,0
52.66193,26.7397,336.48,0.44,0.38,2019-06-20,1034,N20,VIIRS,n,2,293.81,5.38,D,0
54.50099,30.27809,333.32,0.38,0.36,2019-06-20,1035,N20,VIIRS,n,2,302.41,2.7,D,0
51.89225,29.33284,309.84,0.73,0.76,2019-06-20,2246,N20,VIIRS,n,2,284.82,1.97,N,2
51.89612,29.3405,309.96,0.73,0.76,2019-06-20,2246,N20,VIIRS,n,2,284.88,2.58,N,2
51.89255,29.34392,303.15,0.73,0.76,2019-06-20,2246,N20,VIIRS,n,2,284.64,1.97,N,2
51.89313,29.34592,299.64,0.42,0.38,2019-06-21,0027,N20,VIIRS,n,2,287.17,1.47,N,2
51.89428,29.33998,311.11,0.42,0.38,2019-06-21,0027,N20,VIIRS,n,2,288.91,1.61,N,2
52.26708,26.45166,330.21,0.43,0.46,2019-06-21,1015,N20,VIIRS,n,2,297.15,2.77,D,0
52.84627,29.99337,338.05,0.47,0.4,2019-06-21,1015,N20,VIIRS,n,2,306.29,11.24,D,2
52.84614,29.99272,339.15,0.47,0.4,2019-06-21,1015,N20,VIIRS,n,2,307.28,10.32,D,2
54.46751,30.70261,339.54,0.43,0.38,2019-06-21,1016,N20,VIIRS,n,2,300.12,3.73,D,0
51.89364,29.34121,331.79,0.54,0.68,2019-06-21,1156,N20,VIIRS,n,2,295.68,6.32,D,2
51.89075,29.34358,343.93,0.54,0.68,2019-06-21,1156,N20,VIIRS,n,2,295.79,7.28,D,2
53.39292,32.0121,308.78,0.39,0.36,2019-06-22,0007,N20,VIIRS,n,2,290.2,1.53,N,2
53.27175,24.44611,307.25,0.51,0.41,2019-06-22,0008,N20,VIIRS,n,2,285.72,1.16,N,2
51.89429,29.34394,302.42,0.39,0.36,2019-06-22,0008,N20,VIIRS,n,2,267.62,0.65,N,2
53.27147,24.44473,305.53,0.51,0.41,2019-06-22,0008,N20,VIIRS,n,2,285.24,0.99,N,2
51.89358,29.3371,298.65,0.77,0.78,2019-06-22,0148,N20,VIIRS,n,2,283.81,1.39,N,2
51.88965,29.34647,301.06,0.78,0.78,2019-06-22,0148,N20,VIIRS,n,2,283.22,1.39,N,2
51.89472,29.34134,304.86,0.78,0.78,2019-06-22,0148,N20,VIIRS,n,2,284.14,2.86,N,2
51.89059,29.34359,335.14,0.52,0.5,2019-06-22,0956,N20,VIIRS,n,2,295.73,7.34,D,2
52.61911,28.5836,329.06,0.53,0.5,2019-06-22,0957,N20,VIIRS,n,2,290.58,4.24,D,0
53.67898,23.90141,332.15,0.36,0.58,2019-06-22,0957,N20,VIIRS,n,2,296.22,1.77,D,0
52.84451,29.99323,327.14,0.36,0.58,2019-06-22,1137,N20,VIIRS,n,2,290.01,4.92,D,2
52.68785,29.37247,327.59,0.34,0.56,2019-06-22,1137,N20,VIIRS,n,2,285.91,1.36,D,0
52.58239,30.02415,350.78,0.36,0.58,2019-06-22,1137,N20,VIIRS,n,2,290.75,5.14,D,0
53.6718,31.82852,301.92,0.43,0.38,2019-06-22,2348,N20,VIIRS,n,2,288.57,1.05,N,2
53.39616,32.01208,305.55,0.42,0.38,2019-06-22,2348,N20,VIIRS,n,2,286.19,0.49,N,2
53.58733,31.95285,299.47,0.43,0.38,2019-06-22,2348,N20,VIIRS,n,2,288.19,0.79,N,2
53.27163,24.44597,300.58,0.51,0.49,2019-06-22,2349,N20,VIIRS,n,2,284.73,1.68,N,2
55.50636,28.59064,295.24,0.36,0.57,2019-06-23,0128,N20,VIIRS,n,2,283.01,0.4,N,2
53.31348,26.75691,329.19,0.53,0.42,2019-06-23,1118,N20,VIIRS,n,2,291.76,7.22,D,0
54.62014,28.14961,343.38,0.41,0.45,2019-06-23,1119,N20,VIIRS,n,2,297.33,5.47,D,0
52.8486,29.98745,331.02,0.47,0.48,2019-06-23,2330,N20,VIIRS,n,2,286.2,4.86,N,2
52.84811,29.99446,328.46,0.47,0.48,2019-06-23,2330,N20,VIIRS,n,2,286.84,4.86,N,2
52.69833,28.91236,297.93,0.52,0.5,2019-06-23,2330,N20,VIIRS,n,2,285.69,0.55,N,0
53.67294,31.82463,301.21,0.41,0.45,2019-06-23,2330,N20,VIIRS,n,2,286.44,0.65,N,2
53.67072,31.82422,297.38,0.41,0.45,2019-06-23,2330,N20,VIIRS,n,2,286.19,0.94,N,2
53.58916,31.95485,295.84,0.4,0.44,2019-06-23,2330,N20,VIIRS,n,2,285.54,0.32,N,2
53.27215,24.44159,313.62,0.4,0.6,2019-06-23,2330,N20,VIIRS,n,2,286.57,1.02,N,2
52.84818,29.98734,337.89,0.47,0.48,2019-06-23,2330,N20,VIIRS,n,2,286.45,6.4,N,2
52.84771,29.99435,325.29,0.47,0.48,2019-06-23,2330,N20,VIIRS,n,2,286.63,5.59,N,2
52.84939,29.9899,315.46,0.34,0.56,2019-06-24,0110,N20,VIIRS,n,2,285.39,3.09,N,2
52.84588,29.99303,324.28,0.34,0.56,2019-06-24,0110,N20,VIIRS,n,2,286.29,2.4,N,2
53.58751,31.95413,297.92,0.38,0.59,2019-06-24,0110,N20,VIIRS,n,2,285.35,0.69,N,2
52.84728,29.98844,330.25,0.34,0.56,2019-06-24,0110,N20,VIIRS,n,2,285.82,2.4,N,2
51.88923,29.34162,299.9,0.35,0.56,2019-06-24,0110,N20,VIIRS,n,2,284.86,0.62,N,2
53.27101,24.44248,310.23,0.41,0.45,2019-06-24,0110,N20,VIIRS,n,2,286.43,1.46,N,2
52.848,29.9945,335.4,0.34,0.56,2019-06-24,0110,N20,VIIRS,n,2,286.58,3.96,N,2
51.89449,29.34259,334.61,0.59,0.7,2019-06-24,0919,N20,VIIRS,n,2,291.57,4.89,D,2
51.88998,29.34538,335.12,0.59,0.7,2019-06-24,0919,N20,VIIRS,n,2,290.52,5.63,D,2
52.84634,29.9908,336.54,0.52,0.67,2019-06-24,0919,N20,VIIRS,n,2,297.1,5.24,D,2
52.34599,24.94614,333.02,0.38,0.36,2019-06-24,1059,N20,VIIRS,n,2,304.94,5.41,D,0
52.82343,26.68005,330.8,0.4,0.37,2019-06-24,1059,N20,VIIRS,n,2,298.77,1.48,D,0
52.43418,30.50071,333.72,0.48,0.4,2019-06-24,1059,N20,VIIRS,n,2,294.84,5.79,D,0
52.11771,30.46155,330.96,0.47,0.4,2019-06-24,1059,N20,VIIRS,l,2,301.92,2.02,D,0
52.43344,30.49369,330.31,0.48,0.4,2019-06-24,1059,N20,VIIRS,n,2,300.18,6.61,D,0
52.33478,28.23768,335.51,0.42,0.37,2019-06-24,1059,N20,VIIRS,n,2,299.13,3.48,D,0
52.33777,28.24189,332.43,0.42,0.37,2019-06-24,1059,N20,VIIRS,n,2,300.57,6.96,D,0
52.33702,28.23582,333.19,0.42,0.37,2019-06-24,1059,N20,VIIRS,n,2,303.19,7.65,D,0
54.15823,27.11573,332.45,0.41,0.37,2019-06-24,1100,N20,VIIRS,n,2,301.45,2.75,D,0
51.8933,29.34267,303.14,0.39,0.59,2019-06-24,2311,N20,VIIRS,n,2,281.55,0.74,N,2
51.89345,29.33684,309.73,0.39,0.59,2019-06-24,2311,N20,VIIRS,n,2,281.73,1.52,N,2
52.84966,29.99223,312.14,0.37,0.58,2019-06-24,2311,N20,VIIRS,n,2,285.31,2.19,N,2
53.27003,24.44398,305.26,0.64,0.72,2019-06-24,2311,N20,VIIRS,n,2,285.44,1.26,N,2
55.50493,28.59212,295.41,0.52,0.41,2019-06-25,0051,N20,VIIRS,n,2,283.23,0.41,N,2
52.84728,29.98686,295.79,0.45,0.47,2019-06-25,0051,N20,VIIRS,n,2,279.54,1.54,N,2
52.85368,29.99865,298.08,0.45,0.47,2019-06-25,0051,N20,VIIRS,n,2,282.93,1.02,N,2
52.84569,29.99313,311.96,0.45,0.47,2019-06-25,0051,N20,VIIRS,n,2,280.83,1.54,N,2
53.27293,24.44539,298.56,0.44,0.38,2019-06-25,0052,N20,VIIRS,n,2,281.02,0.45,N,2
53.26955,24.44354,306.06,0.44,0.38,2019-06-25,0052,N20,VIIRS,n,2,280.99,1.57,N,2
51.89511,29.34172,311.8,0.45,0.47,2019-06-25,0052,N20,VIIRS,n,2,287.79,1.31,N,2
51.89109,29.3391,307.17,0.45,0.47,2019-06-25,0052,N20,VIIRS,n,2,286.82,0.89,N,2
51.88871,29.33658,299.28,0.45,0.47,2019-06-25,0052,N20,VIIRS,n,2,286.44,0.7,N,2
52.15684,30.39257,342.75,0.39,0.36,2019-06-25,1040,N20,VIIRS,n,2,307.34,6.05,D,0
52.33717,28.23734,341.29,0.39,0.36,2019-06-25,1040,N20,VIIRS,n,2,311.34,5.61,D,0
52.84508,29.99031,333.77,0.39,0.36,2019-06-25,1040,N20,VIIRS,n,2,301.25,4.67,D,2
52.01502,23.73403,330.75,0.49,0.4,2019-06-25,1040,N20,VIIRS,l,2,305.21,3.2,D,0
52.9305,27.91467,336.89,0.39,0.36,2019-06-25,1040,N20,VIIRS,n,2,301.55,4.52,D,0
51.88861,29.34041,336.02,0.38,0.36,2019-06-25,1040,N20,VIIRS,l,2,307.8,2.44,D,2
54.38177,30.51754,327.37,0.39,0.36,2019-06-25,1041,N20,VIIRS,l,2,298.36,2.14,D,0
53.91767,27.70369,334.24,0.39,0.36,2019-06-25,1041,N20,VIIRS,l,2,307.28,2.03,D,0
52.01552,23.7388,339.24,0.58,0.7,2019-06-25,1221,N20,VIIRS,n,2,301.6,5.37,D,0
51.89381,29.33258,298.88,0.63,0.72,2019-06-25,2252,N20,VIIRS,n,2,281.99,1.15,N,2
51.89396,29.342,307.59,0.63,0.72,2019-06-25,2252,N20,VIIRS,n,2,280.62,1.15,N,2
53.58704,31.95504,295.04,0.52,0.41,2019-06-26,0032,N20,VIIRS,n,2,282.81,0.6,N,2
52.85032,29.9965,296.37,0.47,0.4,2019-06-26,0033,N20,VIIRS,n,2,286.24,1.87,N,2
52.84825,29.9879,307.13,0.47,0.4,2019-06-26,0033,N20,VIIRS,n,2,286.39,1.91,N,2
52.84686,29.99454,317.89,0.47,0.4,2019-06-26,0033,N20,VIIRS,n,2,286.98,1.91,N,2
53.27022,24.44187,312.5,0.38,0.36,2019-06-26,0033,N20,VIIRS,n,2,280.28,2.31,N,2
51.8992,29.32444,299.19,0.47,0.39,2019-06-26,0033,N20,VIIRS,n,2,287.09,0.93,N,0
51.8952,29.34388,304.7,0.47,0.39,2019-06-26,0033,N20,VIIRS,n,2,284.7,0.72,N,2
51.89172,29.34202,322.43,0.47,0.39,2019-06-26,0033,N20,VIIRS,n,2,285.23,2.41,N,2
51.89299,29.3423,333.06,0.46,0.39,2019-06-26,1021,N20,VIIRS,n,2,294.94,3.31,D,2
52.84565,29.99436,329.86,0.43,0.38,2019-06-26,1022,N20,VIIRS,n,2,299.66,4.52,D,2
54.47036,30.70078,326.7,0.4,0.37,2019-06-26,1022,N20,VIIRS,l,2,300.55,3.45,D,0
51.88913,29.34221,338.38,0.63,0.72,2019-06-26,1202,N20,VIIRS,n,2,284.24,6.1,D,2
55.50388,28.59088,295.04,0.39,0.36,2019-06-27,0013,N20,VIIRS,n,2,281.89,0.53,N,2
51.89245,29.34224,329.2,0.39,0.36,2019-06-27,0014,N20,VIIRS,n,2,290.83,2.37,N,2
52.30479,30.2326,307.3,0.39,0.36,2019-06-27,0014,N20,VIIRS,n,2,283.12,1.1,N,0
51.78324,26.81203,329.99,0.57,0.52,2019-06-27,1003,N20,VIIRS,n,2,296.12,3.17,D,0
51.89122,29.34439,340.85,0.45,0.47,2019-06-27,1003,N20,VIIRS,n,2,298.46,5.56,D,2
53.32171,30.2196,336.53,0.38,0.43,2019-06-27,1003,N20,VIIRS,n,2,294.05,4.38,D,0
53.32546,30.21717,340.61,0.38,0.43,2019-06-27,1003,N20,VIIRS,n,2,293.51,4.38,D,0
52.69019,29.37194,343.51,0.43,0.46,2019-06-27,1003,N20,VIIRS,n,2,296.02,6.21,D,0
51.89064,29.34186,346.29,0.39,0.6,2019-06-27,1143,N20,VIIRS,n,2,293.35,6,D,2
51.89134,29.34265,353.42,0.39,0.6,2019-06-27,1143,N20,VIIRS,n,2,292.87,5.36,D,2
53.27022,24.4424,313.23,0.44,0.46,2019-06-27,2355,N20,VIIRS,n,2,284.58,1.27,N,2
53.26546,24.44817,295.9,0.44,0.46,2019-06-27,2355,N20,VIIRS,n,2,284.89,1.27,N,2
51.89428,29.34043,313.23,0.44,0.38,2019-06-27,2355,N20,VIIRS,n,2,286.58,1.37,N,2
51.8908,29.33932,299.01,0.44,0.38,2019-06-27,2355,N20,VIIRS,n,2,285.02,0.44,N,2
53.27269,24.44238,315.23,0.44,0.46,2019-06-27,2355,N20,VIIRS,n,2,285.47,2.17,N,2
53.26418,24.45079,297.54,0.35,0.57,2019-06-28,0135,N20,VIIRS,n,2,283.2,0.64,N,2
53.27374,24.44382,314.65,0.35,0.57,2019-06-28,0135,N20,VIIRS,n,2,282.56,0.9,N,2
51.8875,24.37748,335.56,0.48,0.4,2019-06-28,1124,N20,VIIRS,n,2,301.24,4.8,D,0
53.04771,25.73377,331.44,0.55,0.43,2019-06-28,1125,N20,VIIRS,n,2,288.75,3.62,D,0
53.39451,32.0148,303.83,0.52,0.42,2019-06-28,2336,N20,VIIRS,n,2,283.55,1.6,N,2
51.89236,29.34016,304.53,0.42,0.45,2019-06-28,2336,N20,VIIRS,n,2,284.16,0.9,N,2
52.84692,29.98715,311.44,0.41,0.45,2019-06-28,2336,N20,VIIRS,n,2,281.39,2.26,N,2
52.24891,30.00685,302.41,0.4,0.44,2019-06-28,2336,N20,VIIRS,n,2,280,0.81,N,0
53.23602,32.1403,298.59,0.51,0.41,2019-06-28,2336,N20,VIIRS,n,2,280.86,1.06,N,0
53.67089,31.82468,295.78,0.53,0.42,2019-06-28,2336,N20,VIIRS,n,2,281.88,0.57,N,2
52.84642,29.9932,325.5,0.41,0.45,2019-06-28,2336,N20,VIIRS,n,2,283.78,2.7,N,2
51.89545,29.34305,302,0.4,0.6,2019-06-29,0116,N20,VIIRS,n,2,282,1.44,N,2
52.84818,29.99464,318.48,0.39,0.59,2019-06-29,0116,N20,VIIRS,n,2,281.35,2.42,N,2
53.36105,29.30156,336.76,0.35,0.57,2019-06-29,0116,N20,VIIRS,n,2,281.18,2.36,N,0
53.2359,32.14346,298.82,0.45,0.63,2019-06-29,0116,N20,VIIRS,n,2,279.47,0.95,N,0
52.84984,29.98944,301.74,0.39,0.59,2019-06-29,0116,N20,VIIRS,n,2,279.3,1.95,N,2
53.27272,24.44273,318.33,0.47,0.48,2019-06-29,0117,N20,VIIRS,n,2,283.16,2.58,N,2
51.88837,29.34154,297.05,0.4,0.6,2019-06-29,0117,N20,VIIRS,n,2,282.07,0.73,N,2
53.26126,24.44989,304.44,0.47,0.48,2019-06-29,0117,N20,VIIRS,n,2,284.16,1.33,N,2
51.89331,29.3456,304.38,0.4,0.6,2019-06-29,0117,N20,VIIRS,n,2,282.42,1.05,N,2
52.84568,29.99485,330.9,0.52,0.42,2019-06-29,1106,N20,VIIRS,n,2,295.82,5.21,D,2
52.84493,29.98705,333.01,0.52,0.42,2019-06-29,1106,N20,VIIRS,n,2,302.9,5.21,D,2
53.27253,24.4375,300.77,0.55,0.68,2019-06-29,2317,N20,VIIRS,n,2,282.46,1.66,N,2
53.67197,31.82451,296.05,0.54,0.51,2019-06-29,2317,N20,VIIRS,n,2,280,0.75,N,2
53.2726,24.44604,296.72,0.55,0.68,2019-06-29,2317,N20,VIIRS,n,2,283.34,1.88,N,2
53.2703,24.44238,312.62,0.55,0.68,2019-06-29,2317,N20,VIIRS,n,2,284.15,2.73,N,2
53.27095,24.44379,315.25,0.48,0.4,2019-06-30,0058,N20,VIIRS,n,2,287.02,2.49,N,2
53.27181,24.4449,314.25,0.48,0.4,2019-06-30,0058,N20,VIIRS,n,2,286.47,2.06,N,2
53.26334,24.44765,298.36,0.48,0.4,2019-06-30,0058,N20,VIIRS,n,2,286.19,0.69,N,2
54.51641,28.34511,331.65,0.39,0.36,2019-06-30,1047,N20,VIIRS,n,2,296.65,3.06,D,0
53.2706,24.44435,331.9,0.41,0.37,2019-06-30,1047,N20,VIIRS,n,2,303.44,3.13,D,2
51.89305,29.3334,300.62,0.54,0.68,2019-06-30,2258,N20,VIIRS,n,2,287.45,1.24,N,2
51.89305,29.34144,310.32,0.54,0.68,2019-06-30,2258,N20,VIIRS,n,2,287.71,1.57,N,2
51.88994,29.33307,298.81,0.54,0.68,2019-06-30,2258,N20,VIIRS,n,2,286.73,1.14,N,2
51.89626,29.34124,309.38,0.54,0.68,2019-06-30,2258,N20,VIIRS,n,2,287.94,1.14,N,2
52.84993,29.98953,317.12,0.51,0.66,2019-06-30,2258,N20,VIIRS,n,2,286.98,1.83,N,2
52.84917,29.98714,310.83,0.51,0.66,2019-06-30,2258,N20,VIIRS,n,2,286.6,2.57,N,2
53.67432,31.8258,299.43,0.43,0.62,2019-06-30,2258,N20,VIIRS,n,2,285.39,0.67,N,2
53.67529,31.82457,296.35,0.43,0.62,2019-06-30,2258,N20,VIIRS,n,2,284.73,0.7,N,2
54.24793,28.57379,299.49,0.58,0.7,2019-06-30,2258,N20,VIIRS,n,2,287.56,1.49,N,0
55.50428,28.59023,300.47,0.43,0.38,2019-07-01,0038,N20,VIIRS,n,2,287.3,0.55,N,2
51.89431,29.34132,313.7,0.52,0.42,2019-07-01,0039,N20,VIIRS,n,2,288.96,1.21,N,2
53.26344,24.44764,305.89,0.39,0.36,2019-07-01,0039,N20,VIIRS,n,2,291.34,0.7,N,2
52.87548,25.88929,296.82,0.41,0.37,2019-07-01,0039,N20,VIIRS,n,2,286.13,0.28,N,0
51.89068,29.33924,298.2,0.52,0.42,2019-07-01,0039,N20,VIIRS,n,2,287.15,1.21,N,2
54.25043,28.58102,299.81,0.45,0.39,2019-07-01,0039,N20,VIIRS,n,2,285.4,1.03,N,0
54.24704,28.57905,315.31,0.45,0.39,2019-07-01,0039,N20,VIIRS,n,2,285.62,1.03,N,0
53.39517,32.01285,298.43,0.4,0.44,2019-07-01,0039,N20,VIIRS,n,2,286.9,0.56,N,2
52.84783,29.98909,327.8,0.52,0.42,2019-07-01,0039,N20,VIIRS,n,2,290.58,2.65,N,2
53.27087,24.44503,326.03,0.39,0.36,2019-07-01,0039,N20,VIIRS,n,2,292.8,1.81,N,2
51.89924,30.27707,346.47,0.41,0.37,2019-07-01,1027,N20,VIIRS,n,2,310.7,2.77,D,0
52.98641,29.37055,334.26,0.41,0.37,2019-07-01,1028,N20,VIIRS,n,2,303.06,41.62,D,0
53.0943,29.23084,337.15,0.41,0.37,2019-07-01,1028,N20,VIIRS,n,2,308.14,15.36,D,0
52.13252,30.70861,350.65,0.4,0.37,2019-07-01,1028,N20,VIIRS,l,2,323.2,25.58,D,0
52.13351,30.71428,343.93,0.4,0.37,2019-07-01,1028,N20,VIIRS,n,2,313.07,25.58,D,0
54.15892,27.11468,333.69,0.44,0.39,2019-07-01,1028,N20,VIIRS,n,2,296.74,6.73,D,0
54.01773,28.19308,334.04,0.42,0.38,2019-07-01,1028,N20,VIIRS,n,2,302.96,2.11,D,0
53.39046,27.05479,367,0.46,0.39,2019-07-01,1028,N20,VIIRS,h,2,327.92,93.91,D,0
51.89317,29.33934,336.98,0.42,0.38,2019-07-01,1028,N20,VIIRS,l,2,311.04,10.55,D,2
52.84658,29.99171,344.75,0.4,0.37,2019-07-01,1028,N20,VIIRS,n,2,308.97,7.44,D,2
52.98203,29.36628,367,0.41,0.37,2019-07-01,1028,N20,VIIRS,h,2,326.97,41.62,D,0
52.98311,29.3722,334.87,0.41,0.37,2019-07-01,1028,N20,VIIRS,n,2,305.55,41.62,D,0
52.98532,29.36462,307.05,0.41,0.37,2019-07-01,1028,N20,VIIRS,l,2,320.32,41.62,D,0
53.83825,29.60706,338.92,0.4,0.37,2019-07-01,1028,N20,VIIRS,n,2,304.47,4.91,D,0
53.82623,29.61953,337.79,0.4,0.37,2019-07-01,1028,N20,VIIRS,n,2,305.08,3.91,D,0
53.75794,30.45276,343.89,0.39,0.36,2019-07-01,1028,N20,VIIRS,n,2,305.1,4.51,D,0
53.70181,31.80672,346.59,0.38,0.36,2019-07-01,1028,N20,VIIRS,n,2,308.89,15.66,D,0
51.88782,29.347,350.92,0.74,0.76,2019-07-01,1208,N20,VIIRS,n,2,298.02,10.55,D,0
51.78092,24.22871,330.97,0.44,0.63,2019-07-01,1208,N20,VIIRS,n,2,298.52,2.75,D,0
51.7817,24.22739,337.41,0.44,0.63,2019-07-01,1208,N20,VIIRS,n,2,299.11,3.52,D,0
53.38769,27.05434,331.47,0.59,0.7,2019-07-01,1209,N20,VIIRS,n,2,269.9,5.24,D,0
55.57225,27.5309,326.86,0.62,0.71,2019-07-01,1210,N20,VIIRS,n,2,294.31,2.57,D,0
55.46617,29.98448,306.78,0.39,0.36,2019-07-02,0019,N20,VIIRS,n,2,284.33,0.74,N,0
55.5066,28.58915,301.47,0.38,0.36,2019-07-02,0019,N20,VIIRS,n,2,285.45,0.58,N,2
53.39304,32.01658,297.42,0.43,0.38,2019-07-02,0020,N20,VIIRS,n,2,282.48,1.18,N,2
53.27194,24.44219,313.05,0.42,0.37,2019-07-02,0020,N20,VIIRS,n,2,280.99,1.93,N,2
53.67253,31.82819,300.85,0.42,0.38,2019-07-02,0020,N20,VIIRS,n,2,283.92,0.73,N,2
53.26127,24.45345,295.95,0.59,0.7,2019-07-02,0200,N20,VIIRS,n,2,284.11,1.55,N,0
53.27257,24.44415,306.5,0.59,0.7,2019-07-02,0200,N20,VIIRS,n,2,283.88,1.15,N,2
52.4926,31.20199,326.61,0.49,0.41,2019-07-02,1009,N20,VIIRS,n,2,290.39,3.76,D,0
52.84706,29.99465,328.03,0.53,0.42,2019-07-02,1009,N20,VIIRS,l,2,301.28,6.77,D,2
51.89225,29.33919,332.97,0.39,0.44,2019-07-02,1009,N20,VIIRS,n,2,294.26,4.69,D,2
51.89283,29.34308,353.07,0.46,0.64,2019-07-02,1149,N20,VIIRS,n,2,297.43,6.32,D,2
51.88943,29.34496,367,0.46,0.64,2019-07-02,1149,N20,VIIRS,h,2,295.69,9.52,D,2
53.27283,24.44528,310.95,0.38,0.43,2019-07-03,0001,N20,VIIRS,n,2,285.07,1.37,N,2
53.39407,32.01147,301.69,0.39,0.36,2019-07-03,0001,N20,VIIRS,n,2,284.73,1.48,N,2
54.7678,30.38221,298.22,0.41,0.37,2019-07-03,0001,N20,VIIRS,n,2,283.1,0.37,N,0
53.26926,24.44126,304.55,0.4,0.6,2019-07-03,0141,N20,VIIRS,n,2,281.97,0.86,N,2
53.2739,24.44479,303.19,0.4,0.6,2019-07-03,0141,N20,VIIRS,n,2,281.72,0.73,N,2
51.88832,29.33959,330.97,0.6,0.53,2019-07-03,0950,N20,VIIRS,n,2,295.92,7.89,D,2
51.8906,29.34764,329.24,0.6,0.53,2019-07-03,0950,N20,VIIRS,n,2,292.1,4.99,D,2
51.89475,30.27822,344.2,0.63,0.54,2019-07-03,1130,N20,VIIRS,n,2,309.66,16.74,D,0
51.89595,30.28643,339.93,0.63,0.54,2019-07-03,1130,N20,VIIRS,n,2,300.37,16.98,D,0
51.89977,30.2777,350.84,0.63,0.54,2019-07-03,1130,N20,VIIRS,n,2,306.71,16.74,D,0
51.90057,30.27662,339.21,0.63,0.54,2019-07-03,1130,N20,VIIRS,n,2,301.33,13.11,D,0
51.89554,30.27714,338.63,0.63,0.54,2019-07-03,1130,N20,VIIRS,n,2,312.37,16.98,D,0
52.84486,29.99309,331.61,0.62,0.54,2019-07-03,1131,N20,VIIRS,n,2,296.06,6.8,D,2
52.84489,29.99068,329.65,0.62,0.54,2019-07-03,1131,N20,VIIRS,n,2,298.15,8.19,D,2
55.50422,28.5861,295.29,0.43,0.46,2019-07-03,2342,N20,VIIRS,n,2,280.1,0.41,N,0
55.53081,28.51551,300.78,0.43,0.46,2019-07-03,2342,N20,VIIRS,n,2,279.48,0.82,N,0
55.04237,29.90516,298.85,0.57,0.43,2019-07-03,2342,N20,VIIRS,n,2,280.45,1.16,N,0
55.04068,29.90758,296.49,0.57,0.43,2019-07-03,2342,N20,VIIRS,n,2,279.66,1.08,N,0
53.67036,31.82915,297.18,0.47,0.4,2019-07-03,2342,N20,VIIRS,n,2,282.12,0.52,N,2
53.39618,32.01635,295.74,0.47,0.39,2019-07-03,2342,N20,VIIRS,n,2,282.62,0.98,N,2
53.39259,32.01523,300.32,0.47,0.39,2019-07-03,2342,N20,VIIRS,n,2,283.59,0.98,N,2
53.0011,30.01645,323.82,0.53,0.42,2019-07-03,2342,N20,VIIRS,n,2,279.12,4.45,N,0
52.84764,29.99498,311.28,0.53,0.42,2019-07-03,2342,N20,VIIRS,n,2,282.91,2.89,N,2
52.84839,29.98707,322.89,0.53,0.42,2019-07-03,2342,N20,VIIRS,n,2,282.55,2.89,N,2
53.27408,24.44306,298.58,0.59,0.53,2019-07-03,2342,N20,VIIRS,n,2,280.27,0.68,N,2
53.27122,24.43928,304.52,0.59,0.53,2019-07-03,2342,N20,VIIRS,n,2,281.79,1.5,N,2
52.99935,30.02506,297.92,0.53,0.42,2019-07-03,2342,N20,VIIRS,n,2,280,4.33,N,0
53.00012,30.01714,326.22,0.53,0.42,2019-07-03,2342,N20,VIIRS,n,2,280.4,4.33,N,0
53.00037,30.02438,324.57,0.53,0.42,2019-07-03,2342,N20,VIIRS,n,2,281.01,4.6,N,0
51.89741,30.28608,300.82,0.51,0.41,2019-07-03,2343,N20,VIIRS,n,2,282.74,2.47,N,0
51.89814,30.2787,323.37,0.51,0.41,2019-07-03,2343,N20,VIIRS,n,2,288.18,2.47,N,0
51.9019,30.27971,309.98,0.51,0.41,2019-07-03,2343,N20,VIIRS,n,2,281.26,2.47,N,0
51.89775,30.2865,300.12,0.51,0.41,2019-07-03,2343,N20,VIIRS,n,2,282.2,1.43,N,0
51.89851,30.27912,330.05,0.51,0.41,2019-07-03,2343,N20,VIIRS,n,2,290.66,3.13,N,0
51.90227,30.28013,296.63,0.51,0.41,2019-07-03,2343,N20,VIIRS,n,2,279.06,3.13,N,0
55.53075,28.52037,303.07,0.63,0.54,2019-07-04,0122,N20,VIIRS,n,2,279.3,1.61,N,0
51.90119,30.28114,302.94,0.49,0.65,2019-07-04,0123,N20,VIIRS,n,2,280.63,2.48,N,0
53.26244,24.45029,300.09,0.54,0.51,2019-07-04,0123,N20,VIIRS,n,2,282.15,1.15,N,2
51.77809,29.59595,340.4,0.45,0.63,2019-07-04,0931,N20,VIIRS,n,2,295.27,6.09,D,0
51.77423,29.60832,355.14,0.45,0.63,2019-07-04,0931,N20,VIIRS,n,2,295.46,7.46,D,0
51.77746,29.59809,343.77,0.45,0.63,2019-07-04,0931,N20,VIIRS,n,2,297.79,7.64,D,0
51.77615,29.61411,345.5,0.45,0.63,2019-07-04,0931,N20,VIIRS,n,2,290.56,7.46,D,0
51.89315,29.34056,337.71,0.45,0.63,2019-07-04,0931,N20,VIIRS,n,2,295.64,5.46,D,2
51.77338,29.60264,326.82,0.56,0.43,2019-07-04,1111,N20,VIIRS,n,2,291.69,4.6,D,0
52.84581,29.98737,297.86,0.55,0.51,2019-07-04,2323,N20,VIIRS,n,2,280.97,1.1,N,2
52.85052,29.98811,310.94,0.55,0.51,2019-07-04,2323,N20,VIIRS,n,2,281.18,1.24,N,2
53.39622,32.01305,306.16,0.46,0.47,2019-07-04,2323,N20,VIIRS,n,2,283.81,1.44,N,2
54.40709,29.7673,318.37,0.58,0.52,2019-07-04,2323,N20,VIIRS,n,2,276.7,2.92,N,0
54.40578,29.76374,323.05,0.58,0.52,2019-07-04,2323,N20,VIIRS,n,2,276.79,2.51,N,0
51.90107,30.27542,300.95,0.52,0.5,2019-07-04,2324,N20,VIIRS,n,2,279.56,1.19,N,0
51.8919,29.33941,305.76,0.57,0.52,2019-07-04,2324,N20,VIIRS,n,2,280.95,1.16,N,2
51.89669,29.3401,305.19,0.57,0.52,2019-07-04,2324,N20,VIIRS,n,2,282.27,1.51,N,2
51.89106,29.33666,299.64,0.57,0.52,2019-07-04,2324,N20,VIIRS,n,2,280.85,1,N,2
51.89585,29.33738,307.04,0.57,0.52,2019-07-04,2324,N20,VIIRS,n,2,282.42,2.3,N,0
51.90061,30.28306,304.15,0.52,0.5,2019-07-04,2324,N20,VIIRS,n,2,284.13,1.84,N,0
54.40568,29.76413,313.82,0.52,0.5,2019-07-05,0103,N20,VIIRS,n,2,275.89,1.51,N,0
54.40517,29.76979,314.48,0.52,0.5,2019-07-05,0103,N20,VIIRS,n,2,276.53,2.47,N,0
52.84741,29.99452,312.8,0.59,0.53,2019-07-05,0104,N20,VIIRS,n,2,274.19,1.94,N,2
51.89861,30.27788,304.81,0.33,0.55,2019-07-05,0104,N20,VIIRS,n,2,281.85,1.37,N,0
51.89732,30.2822,308.92,0.33,0.55,2019-07-05,0104,N20,VIIRS,n,2,284.01,1.64,N,0
51.899,30.27746,301.65,0.33,0.55,2019-07-05,0104,N20,VIIRS,n,2,279.9,1.1,N,0
51.89341,29.34649,299.87,0.6,0.53,2019-07-05,0104,N20,VIIRS,n,2,278.91,0.61,N,2
51.89773,30.2818,309.63,0.33,0.55,2019-07-05,0104,N20,VIIRS,n,2,284.28,1.1,N,0
51.88894,29.34321,297.61,0.6,0.53,2019-07-05,0104,N20,VIIRS,n,2,279.1,0.61,N,2
52.84637,29.99072,317.56,0.43,0.62,2019-07-05,2304,N20,VIIRS,n,2,282.51,1.9,N,2
53.26207,24.44678,295.55,0.74,0.76,2019-07-05,2304,N20,VIIRS,n,2,281.33,0.85,N,2
51.89519,29.3426,306.52,0.46,0.63,2019-07-05,2305,N20,VIIRS,n,2,283.38,1.26,N,2
51.89527,29.33572,297.5,0.46,0.63,2019-07-05,2305,N20,VIIRS,n,2,282.84,1.7,N,2
51.89434,29.34026,304.09,0.39,0.44,2019-07-06,0045,N20,VIIRS,n,2,284.34,0.97,N,2
51.88871,29.3412,312.14,0.39,0.44,2019-07-06,0045,N20,VIIRS,n,2,283.17,0.96,N,2
51.89053,29.33793,318.98,0.39,0.44,2019-07-06,0045,N20,VIIRS,n,2,283.49,0.97,N,2
53.09274,27.23855,301.1,0.48,0.4,2019-07-06,0045,N20,VIIRS,n,2,278.72,0.72,N,0
52.84603,29.99088,337.55,0.39,0.44,2019-07-06,0045,N20,VIIRS,n,2,283.79,4.56,N,2
53.2724,24.44034,295.47,0.41,0.37,2019-07-06,0045,N20,VIIRS,n,2,280.39,0.65,N,2
51.89795,30.28014,309.18,0.43,0.46,2019-07-06,0045,N20,VIIRS,n,2,286.18,1.22,N,0
53.26365,24.44877,298.03,0.41,0.37,2019-07-06,0045,N20,VIIRS,n,2,282.93,0.91,N,2
52.85361,29.9958,300.09,0.39,0.44,2019-07-06,0045,N20,VIIRS,n,2,284.5,0.7,N,2
53.27131,24.44623,298.27,0.41,0.37,2019-07-06,0045,N20,VIIRS,n,2,282.09,0.71,N,2
51.89305,29.34564,298.02,0.39,0.44,2019-07-06,0045,N20,VIIRS,n,2,283.73,0.97,N,2
51.89253,29.34354,316.49,0.39,0.44,2019-07-06,0045,N20,VIIRS,n,2,284.61,0.96,N,2
51.89885,30.28205,313.03,0.43,0.46,2019-07-06,0045,N20,VIIRS,n,2,289.71,2.43,N,0
51.89653,30.28599,297.51,0.43,0.46,2019-07-06,0045,N20,VIIRS,n,2,284.64,1.22,N,0
51.83112,30.65816,336.76,0.39,0.36,2019-07-06,1034,N20,VIIRS,n,2,302.31,2.96,D,0
51.89724,30.28102,334.43,0.39,0.36,2019-07-06,1034,N20,VIIRS,l,2,304.61,3.18,D,0
51.89167,29.34348,344.66,0.4,0.37,2019-07-06,1034,N20,VIIRS,n,2,306.26,5.37,D,2
51.82286,30.64993,329.69,0.39,0.36,2019-07-06,1034,N20,VIIRS,n,2,294.19,1.3,D,0
51.82788,30.65953,327.72,0.39,0.36,2019-07-06,1034,N20,VIIRS,n,2,294.41,2.96,D,0
51.82699,30.65405,341.59,0.39,0.36,2019-07-06,1034,N20,VIIRS,n,2,294.54,5.28,D,0
51.83201,30.66364,331.25,0.39,0.36,2019-07-06,1034,N20,VIIRS,n,2,298.87,2.96,D,0
51.80717,30.65816,344.11,0.39,0.36,2019-07-06,1034,N20,VIIRS,n,2,296.98,6.99,D,0
51.81129,30.66228,327.85,0.39,0.36,2019-07-06,1034,N20,VIIRS,n,2,293.77,1.61,D,0
51.81041,30.65679,331.85,0.39,0.36,2019-07-06,1034,N20,VIIRS,n,2,296.44,6.99,D,0
51.81403,30.6595,327.38,0.39,0.36,2019-07-06,1034,N20,VIIRS,n,2,294.02,2.93,D,0
53.39631,32.00927,296.39,0.57,0.69,2019-07-06,2245,N20,VIIRS,n,2,281.87,1.11,N,0
52.84904,29.98873,303.61,0.69,0.74,2019-07-06,2245,N20,VIIRS,n,2,278.35,1.31,N,2
52.84793,29.98799,297.06,0.69,0.74,2019-07-06,2245,N20,VIIRS,n,2,277.66,1.24,N,2
55.50607,28.59036,295.83,0.39,0.36,2019-07-07,0026,N20,VIIRS,n,2,280.33,0.37,N,2
53.39631,32.01343,300.12,0.47,0.4,2019-07-07,0026,N20,VIIRS,n,2,282.2,0.81,N,2
52.84878,29.99477,297.7,0.39,0.36,2019-07-08,0007,N20,VIIRS,n,2,283.05,0.58,N,2
52.84553,29.99343,316.51,0.39,0.36,2019-07-08,0007,N20,VIIRS,n,2,283.29,2.66,N,2
52.84638,29.98781,326.98,0.39,0.36,2019-07-08,0007,N20,VIIRS,n,2,283.45,3.23,N,2
52.84963,29.98914,304.15,0.39,0.36,2019-07-08,0007,N20,VIIRS,n,2,282.9,0.58,N,2
52.85204,29.99611,302.25,0.39,0.36,2019-07-08,0007,N20,VIIRS,n,2,284.13,0.58,N,2
53.46527,29.58644,297.93,0.39,0.36,2019-07-08,0007,N20,VIIRS,n,2,276.39,0.58,N,0
53.39455,32.01506,300.96,0.39,0.36,2019-07-08,0007,N20,VIIRS,n,2,284.41,0.95,N,2
51.89277,29.34192,321.18,0.39,0.36,2019-07-08,0008,N20,VIIRS,n,2,281.35,1.53,N,2
52.01634,26.2277,305.03,0.44,0.38,2019-07-08,0008,N20,VIIRS,n,2,278.98,0.88,N,0
51.89283,29.34009,301.82,0.77,0.78,2019-07-08,0147,N20,VIIRS,n,2,282.38,2.05,N,2
52.84541,29.98802,311.48,0.74,0.76,2019-07-08,0147,N20,VIIRS,n,2,280.18,2.67,N,2
53.89983,31.38204,338.82,0.38,0.43,2019-07-08,0957,N20,VIIRS,n,2,291.56,6.42,D,0
51.79033,30.66919,367,0.38,0.59,2019-07-08,1137,N20,VIIRS,h,2,293.94,22.52,D,3
53.24823,24.20873,334.92,0.42,0.45,2019-07-08,1137,N20,VIIRS,n,2,290.35,3.96,D,0
53.39514,32.01379,306.34,0.42,0.38,2019-07-08,2348,N20,VIIRS,n,2,285.02,1.37,N,2
53.39302,32.01383,304.82,0.42,0.38,2019-07-08,2348,N20,VIIRS,n,2,284.45,1.24,N,2
53.67286,31.82464,299.84,0.43,0.38,2019-07-08,2348,N20,VIIRS,n,2,280.6,0.49,N,2
52.84605,29.99008,307.08,0.51,0.66,2019-07-09,0129,N20,VIIRS,n,2,279.59,1.52,N,2
52.84764,29.9924,303.54,0.51,0.66,2019-07-09,0129,N20,VIIRS,n,2,279.6,1.41,N,2
54.17065,28.82826,332.59,0.43,0.46,2019-07-09,1118,N20,VIIRS,n,2,286.74,3.18,D,0
54.08559,26.98716,301.96,0.32,0.55,2019-07-09,2329,N20,VIIRS,n,2,278.07,0.54,N,0
53.3951,32.01315,306.62,0.4,0.44,2019-07-09,2329,N20,VIIRS,n,2,283.54,1.27,N,2
52.84712,29.99023,302.36,0.47,0.48,2019-07-09,2330,N20,VIIRS,n,2,280.18,1.64,N,2
52.84764,29.99032,303.52,0.47,0.48,2019-07-09,2330,N20,VIIRS,n,2,280.39,1.49,N,2
52.34869,30.79879,325.84,0.51,0.66,2019-07-10,0919,N20,VIIRS,n,2,279.78,3.19,D,0
52.22255,30.96734,327.89,0.5,0.66,2019-07-10,0919,N20,VIIRS,n,2,282.06,2.48,D,0
52.50551,31.36697,328.71,0.48,0.64,2019-07-10,0919,N20,VIIRS,n,2,286.94,2.69,D,0
53.97719,27.08632,327.37,0.59,0.7,2019-07-10,0920,N20,VIIRS,n,2,282.71,3.64,D,0
52.41529,31.29283,327.51,0.51,0.41,2019-07-10,1059,N20,VIIRS,n,2,289.76,4.1,D,0
53.83007,31.57135,330.65,0.54,0.42,2019-07-10,1059,N20,VIIRS,n,2,287.72,6.57,D,0
53.39384,32.01618,297.7,0.62,0.54,2019-07-10,2310,N20,VIIRS,n,2,282.43,1.61,N,2
52.84977,29.99022,341.67,0.37,0.58,2019-07-10,2311,N20,VIIRS,n,2,282.19,3.86,N,2
51.89341,29.34014,332.44,0.39,0.59,2019-07-10,2311,N20,VIIRS,n,2,281.48,2.5,N,2
51.97077,30.71501,320.08,0.34,0.56,2019-07-10,2311,N20,VIIRS,n,2,279.65,1.95,N,0
51.89299,29.34595,304.3,0.45,0.47,2019-07-11,0051,N20,VIIRS,n,2,280.9,1.21,N,2
51.89454,29.33984,302.85,0.45,0.47,2019-07-11,0051,N20,VIIRS,n,2,281.04,1.21,N,2
52.5933,28.2008,341.51,0.39,0.36,2019-07-11,1040,N20,VIIRS,n,2,293.56,6.2,D,0
53.41138,27.35921,332.78,0.39,0.36,2019-07-11,1040,N20,VIIRS,n,2,288.21,4.87,D,0
52.48897,31.27781,325.08,0.39,0.36,2019-07-11,1040,N20,VIIRS,n,2,292.63,2.02,D,0
53.36555,29.29869,327.31,0.38,0.36,2019-07-11,1040,N20,VIIRS,n,2,289.63,2.41,D,0
52.84839,29.98555,303.29,0.59,0.7,2019-07-11,2252,N20,VIIRS,n,2,279.92,1.28,N,2
51.89337,29.34288,312.34,0.47,0.39,2019-07-12,0033,N20,VIIRS,n,2,277.41,1.58,N,2
52.72615,29.86901,326.66,0.44,0.38,2019-07-12,1021,N20,VIIRS,n,2,286.18,3.25,D,0
51.74623,28.99937,334,0.48,0.4,2019-07-12,1021,N20,VIIRS,n,2,292.33,8.5,D,0
53.00422,25.57544,326.18,0.39,0.44,2019-07-12,1022,N20,VIIRS,n,2,292.73,2.16,D,0
53.39449,32.01225,313.96,0.4,0.37,2019-07-13,0013,N20,VIIRS,n,2,284.13,2.15,N,2
55.53186,28.51645,295.13,0.4,0.37,2019-07-13,0013,N20,VIIRS,n,2,280.56,0.84,N,0
53.67155,31.83006,296.78,0.4,0.37,2019-07-13,0013,N20,VIIRS,n,2,282.44,0.92,N,2
52.85051,29.99156,299.22,0.39,0.36,2019-07-13,0014,N20,VIIRS,n,2,281.99,1.25,N,2
53.27181,24.44081,310.79,0.45,0.39,2019-07-13,0014,N20,VIIRS,n,2,284.79,1.22,N,2
51.89766,29.3329,296.12,0.38,0.36,2019-07-13,0014,N20,VIIRS,n,2,283.96,0.63,N,0
52.87859,29.49977,324.66,0.38,0.36,2019-07-13,0014,N20,VIIRS,n,2,280.91,2.4,N,0
52.84729,29.99011,322.51,0.39,0.36,2019-07-13,0014,N20,VIIRS,n,2,283.87,1.25,N,2
52.85151,29.51778,296.23,0.38,0.36,2019-07-13,0014,N20,VIIRS,n,2,278.15,0.45,N,0
51.89264,29.34246,328.27,0.38,0.36,2019-07-13,0014,N20,VIIRS,n,2,284.87,2.5,N,2
53.39534,32.01228,315.87,0.4,0.37,2019-07-13,2355,N20,VIIRS,n,2,285.2,1.47,N,2
53.67118,31.82572,300.63,0.4,0.37,2019-07-13,2355,N20,VIIRS,n,2,281.72,1.26,N,2
52.84595,29.99277,327.47,0.43,0.38,2019-07-13,2355,N20,VIIRS,n,2,269.7,5.8,N,2
53.27063,24.44179,297.41,0.44,0.46,2019-07-13,2355,N20,VIIRS,n,2,273.96,0.75,N,2
51.89092,29.33777,301.85,0.44,0.38,2019-07-13,2355,N20,VIIRS,n,2,282.91,0.78,N,2
51.8915,29.33556,296.68,0.42,0.45,2019-07-14,2336,N20,VIIRS,n,2,282.09,2.05,N,2
51.89518,29.34265,338.54,0.42,0.45,2019-07-14,2336,N20,VIIRS,n,2,283.52,3.67,N,2
53.68215,23.90204,309.55,0.37,0.58,2019-07-14,2336,N20,VIIRS,n,2,283.92,1.45,N,0
53.6779,23.9027,310.46,0.43,0.46,2019-07-15,0116,N20,VIIRS,n,2,284.42,2.02,N,0
53.27183,24.44049,301.65,0.47,0.48,2019-07-15,0116,N20,VIIRS,n,2,281.58,0.48,N,2
52.40849,26.78427,335.64,0.42,0.38,2019-07-15,1105,N20,VIIRS,n,2,294.68,4.38,D,0
53.67689,23.90389,328.9,0.39,0.36,2019-07-15,1106,N20,VIIRS,n,2,301.59,2.45,D,0
53.35049,26.75663,325.49,0.43,0.38,2019-07-15,1106,N20,VIIRS,n,2,291.16,0.96,D,0
53.2751,24.44128,295.81,0.55,0.68,2019-07-15,2317,N20,VIIRS,n,2,274.43,1.09,N,2
53.26249,24.44974,295.67,0.55,0.68,2019-07-15,2317,N20,VIIRS,n,2,280.71,1.8,N,2
51.89704,29.33826,315.77,0.33,0.56,2019-07-15,2317,N20,VIIRS,n,2,282.01,1.58,N,2
51.89188,29.33769,320.85,0.33,0.56,2019-07-15,2317,N20,VIIRS,n,2,282.28,1.58,N,2
51.89169,29.34267,314.08,0.33,0.56,2019-07-15,2317,N20,VIIRS,n,2,281.85,1.58,N,2
51.89684,29.34323,325.04,0.33,0.56,2019-07-15,2317,N20,VIIRS,n,2,282.33,1.58,N,2
52.84636,29.98632,307.22,0.51,0.5,2019-07-16,0057,N20,VIIRS,n,2,281.94,2.42,N,2
52.85056,29.98941,302.95,0.51,0.5,2019-07-16,0057,N20,VIIRS,n,2,281.67,2.42,N,2
54.33832,28.55005,295.88,0.41,0.45,2019-07-16,0057,N20,VIIRS,n,2,279.4,0.64,N,0
53.26264,24.44608,297.43,0.48,0.4,2019-07-16,0058,N20,VIIRS,n,2,281.76,0.77,N,2
53.67797,23.90105,315.25,0.46,0.39,2019-07-16,0058,N20,VIIRS,n,2,286.08,2.06,N,0
53.26116,24.45296,295.99,0.48,0.4,2019-07-16,0058,N20,VIIRS,n,2,282.01,0.74,N,2
53.27112,24.44334,306.95,0.48,0.4,2019-07-16,0058,N20,VIIRS,n,2,282.33,1.27,N,2
52.47977,29.88975,331.69,0.39,0.36,2019-07-16,1046,N20,VIIRS,n,2,294.71,3.33,D,0
52.84584,29.99157,335.69,0.4,0.37,2019-07-16,1046,N20,VIIRS,n,2,296.76,3.22,D,2
52.87164,30.20923,328.95,0.4,0.37,2019-07-16,1046,N20,VIIRS,n,2,290.06,3.2,D,0
52.4065,27.56353,337.35,0.38,0.36,2019-07-16,1046,N20,VIIRS,n,2,297.74,5.07,D,0
51.88223,29.05528,332.83,0.39,0.36,2019-07-16,1046,N20,VIIRS,n,2,299.22,3.59,D,0
51.7927,29.03156,334.39,0.39,0.36,2019-07-16,1046,N20,VIIRS,n,2,295.31,3.24,D,0
51.75579,29.05906,329.01,0.39,0.36,2019-07-16,1046,N20,VIIRS,n,2,295.71,1.91,D,0
52.86445,29.48413,329.92,0.39,0.36,2019-07-16,1046,N20,VIIRS,n,2,298.25,2.39,D,0
51.86507,26.77792,296.56,0.44,0.38,2019-07-17,0039,N20,VIIRS,n,2,281.43,0.72,N,0
53.23928,28.92047,330.57,0.42,0.37,2019-07-17,1028,N20,VIIRS,n,2,293.98,3.42,D,0
53.45654,29.06146,328.73,0.41,0.37,2019-07-17,1028,N20,VIIRS,n,2,288.02,1.71,D,0
52.5891,29.79468,328.56,0.41,0.37,2019-07-17,1028,N20,VIIRS,n,2,288.58,1.52,D,0
53.22379,28.91529,331.19,0.42,0.37,2019-07-17,1028,N20,VIIRS,n,2,292.51,4.64,D,0
52.84845,29.9916,317.45,0.4,0.37,2019-07-18,0020,N20,VIIRS,n,2,265.03,1.29,N,2
52.40386,27.56138,327.27,0.44,0.46,2019-07-18,1009,N20,VIIRS,n,2,286.66,2.45,D,0
52.45747,30.04611,326.09,0.54,0.42,2019-07-18,1009,N20,VIIRS,n,2,281.68,3.61,D,0
51.89775,29.33236,296.65,0.4,0.37,2019-07-19,0001,N20,VIIRS,n,2,285.58,0.55,N,0
51.89285,29.3428,314.32,0.4,0.37,2019-07-19,0001,N20,VIIRS,n,2,285.82,1.66,N,2
53.26113,24.44963,296.11,0.38,0.43,2019-07-19,0001,N20,VIIRS,n,2,285.75,0.48,N,2
53.2621,24.4512,295.25,0.38,0.43,2019-07-19,0001,N20,VIIRS,n,2,284.74,1.25,N,2
53.67785,23.89833,306.6,0.41,0.45,2019-07-19,0001,N20,VIIRS,n,2,285.15,1.02,N,0
52.84713,29.98903,296.89,0.4,0.37,2019-07-19,0001,N20,VIIRS,n,2,275.08,1.02,N,2
51.86371,26.77909,297.47,0.46,0.39,2019-07-19,0001,N20,VIIRS,n,2,283.59,0.66,N,0
53.27106,24.44157,310.03,0.38,0.44,2019-07-19,0001,N20,VIIRS,n,2,285.31,1.18,N,2
51.89029,29.33581,313.24,0.4,0.37,2019-07-19,0001,N20,VIIRS,n,2,284.02,1.09,N,2
51.88937,29.34434,313.69,0.68,0.74,2019-07-19,0141,N20,VIIRS,n,2,281.63,3.43,N,2
52.84663,29.99023,320.87,0.66,0.73,2019-07-19,0141,N20,VIIRS,n,2,281.88,3.17,N,2
52.85107,29.99107,310.58,0.66,0.73,2019-07-19,0141,N20,VIIRS,n,2,281.45,3.16,N,2
53.27112,24.44076,299.88,0.4,0.6,2019-07-19,0141,N20,VIIRS,n,2,282.28,1.08,N,2
53.26099,24.45227,299.61,0.4,0.6,2019-07-19,0141,N20,VIIRS,n,2,283.99,0.99,N,2
53.26086,24.45009,301.17,0.4,0.6,2019-07-19,0141,N20,VIIRS,n,2,283.94,0.9,N,2
51.89268,29.33598,296.04,0.68,0.74,2019-07-19,0141,N20,VIIRS,n,2,281.46,3.46,N,2
51.88918,29.33715,300.09,0.68,0.74,2019-07-19,0141,N20,VIIRS,n,2,280.85,1.81,N,2
53.67743,23.90102,318.47,0.37,0.58,2019-07-19,0141,N20,VIIRS,n,2,284.79,1.83,N,0
53.68063,23.90643,317.41,0.37,0.58,2019-07-19,0141,N20,VIIRS,n,2,286.6,1.48,N,0
53.21851,30.53333,338.48,0.49,0.49,2019-07-19,0950,N20,VIIRS,n,2,291.93,5.34,D,0
53.67628,23.90355,327.32,0.41,0.61,2019-07-19,0951,N20,VIIRS,n,2,297.8,3.91,D,0
53.67758,23.90376,330.76,0.42,0.61,2019-07-19,0951,N20,VIIRS,n,2,297.97,2.92,D,0
52.40339,26.74427,333.59,0.45,0.47,2019-07-19,1131,N20,VIIRS,n,2,290.72,2.62,D,0
51.9537,29.36421,298.97,0.55,0.43,2019-07-19,2342,N20,VIIRS,n,2,284.12,0.68,N,0
51.89251,29.34258,313.69,0.55,0.43,2019-07-19,2342,N20,VIIRS,n,2,285.77,2.98,N,2
51.95417,29.36609,302.57,0.55,0.43,2019-07-19,2342,N20,VIIRS,n,2,284.39,0.62,N,0
52.84784,29.99494,316.72,0.53,0.42,2019-07-19,2342,N20,VIIRS,n,2,285.61,3.85,N,2
52.84861,29.98702,327.42,0.53,0.42,2019-07-19,2342,N20,VIIRS,n,2,285.65,5.07,N,2
52.84958,29.98633,311.23,0.53,0.42,2019-07-19,2342,N20,VIIRS,n,2,284.86,3.42,N,2
52.84884,29.99427,326.17,0.53,0.42,2019-07-19,2342,N20,VIIRS,n,2,286.75,3.42,N,2
53.27003,24.43906,295.1,0.6,0.53,2019-07-19,2342,N20,VIIRS,n,2,282.22,0.89,N,2
53.39525,32.01178,313.17,0.47,0.39,2019-07-19,2342,N20,VIIRS,n,2,287.2,1.46,N,2
51.86636,26.77915,301.73,0.46,0.47,2019-07-19,2343,N20,VIIRS,n,2,284.17,1.02,N,0
52.8474,29.9887,312.24,0.44,0.63,2019-07-20,0122,N20,VIIRS,n,2,283.43,1.46,N,2
52.84613,29.98584,297.83,0.44,0.63,2019-07-20,0122,N20,VIIRS,n,2,282.85,0.83,N,2
52.84415,29.99172,301.48,0.44,0.63,2019-07-20,0122,N20,VIIRS,n,2,282.92,0.83,N,2
51.89086,29.34573,300.89,0.46,0.63,2019-07-20,0123,N20,VIIRS,n,2,284,2.27,N,2
51.89283,29.3399,322.66,0.46,0.63,2019-07-20,0123,N20,VIIRS,n,2,284.73,3.34,N,2
51.95736,29.36616,315.04,0.45,0.63,2019-07-20,0123,N20,VIIRS,n,2,283.26,1.15,N,0
53.26373,24.45165,295.44,0.54,0.5,2019-07-20,0123,N20,VIIRS,n,2,282.74,1.21,N,2
53.27204,24.44026,301.25,0.53,0.5,2019-07-20,0123,N20,VIIRS,n,2,283.03,2.51,N,2
52.67208,30.13126,342.75,0.4,0.6,2019-07-20,0931,N20,VIIRS,n,2,295.64,3.75,D,0
52.84344,29.99372,326.93,0.4,0.6,2019-07-20,0931,N20,VIIRS,n,2,296.8,2.64,D,2
52.67551,30.14195,342.3,0.4,0.6,2019-07-20,0931,N20,VIIRS,n,2,295.07,5.03,D,0
54.03316,25.22815,327.2,0.53,0.67,2019-07-20,0932,N20,VIIRS,n,2,292.3,3.07,D,0
52.38646,30.50998,328.5,0.41,0.45,2019-07-20,1111,N20,VIIRS,n,2,299.03,1.54,D,0
52.67293,30.14523,339.49,0.4,0.44,2019-07-20,1112,N20,VIIRS,n,2,296.35,4.02,D,0
52.84464,29.98813,339.25,0.4,0.44,2019-07-20,1112,N20,VIIRS,n,2,306.6,7.73,D,2
52.84512,29.99409,339.71,0.4,0.44,2019-07-20,1112,N20,VIIRS,n,2,299.66,3.87,D,2
52.67147,30.1275,331.9,0.4,0.44,2019-07-20,1112,N20,VIIRS,n,2,299.51,3.38,D,0
52.67196,30.13337,334.43,0.4,0.44,2019-07-20,1112,N20,VIIRS,n,2,294.86,5.18,D,0
55.53281,28.51746,296.49,0.33,0.55,2019-07-20,2322,N20,VIIRS,n,2,283.84,0.64,N,0
53.39677,32.0101,296.86,0.46,0.47,2019-07-20,2323,N20,VIIRS,n,2,285.75,1.06,N,0
53.26985,24.4392,303.09,0.47,0.64,2019-07-20,2323,N20,VIIRS,n,2,284.79,1.36,N,2
53.26382,24.44631,300.49,0.47,0.64,2019-07-20,2323,N20,VIIRS,n,2,286.01,0.7,N,2
52.84903,29.98857,337.18,0.55,0.51,2019-07-20,2323,N20,VIIRS,n,2,286.78,6.67,N,2
51.99597,30.11276,301.47,0.53,0.5,2019-07-20,2323,N20,VIIRS,n,2,283.05,1.35,N,0
53.39315,32.00952,298.03,0.46,0.47,2019-07-20,2323,N20,VIIRS,n,2,285.92,1.94,N,2
53.58699,31.95334,295.77,0.46,0.47,2019-07-20,2323,N20,VIIRS,n,2,284.81,0.29,N,2
53.27244,24.44337,303.1,0.47,0.64,2019-07-20,2323,N20,VIIRS,n,2,285.23,1.66,N,2
51.89034,29.33801,311.14,0.57,0.52,2019-07-20,2324,N20,VIIRS,n,2,284.74,1.99,N,2
51.89514,29.33873,319.59,0.57,0.52,2019-07-20,2324,N20,VIIRS,n,2,284.88,3.14,N,2
55.50349,28.58674,296.39,0.43,0.46,2019-07-21,0103,N20,VIIRS,n,2,284.23,0.64,N,0
52.84733,29.9938,329.99,0.59,0.53,2019-07-21,0104,N20,VIIRS,n,2,285.19,2.95,N,2
51.99234,30.11562,312.86,0.32,0.54,2019-07-21,0104,N20,VIIRS,n,2,282.51,0.78,N,0
53.26984,24.4459,307.39,0.54,0.42,2019-07-21,0104,N20,VIIRS,n,2,286.55,0.88,N,2
51.89256,29.34325,326.78,0.6,0.53,2019-07-21,0104,N20,VIIRS,n,2,284.51,5.98,N,2
53.27126,24.44592,308.44,0.54,0.42,2019-07-21,0104,N20,VIIRS,n,2,286.3,1.67,N,2
53.26217,24.44893,299.84,0.54,0.42,2019-07-21,0104,N20,VIIRS,n,2,287.48,0.92,N,2
51.89336,29.34616,319.12,0.6,0.53,2019-07-21,0104,N20,VIIRS,n,2,283.78,4.45,N,2
52.84484,29.98919,329.3,0.59,0.7,2019-07-21,0913,N20,VIIRS,n,2,293.13,9.8,D,2
52.84763,29.99044,338.08,0.59,0.7,2019-07-21,0913,N20,VIIRS,n,2,288.6,8.64,D,2
52.51741,29.74088,327.08,0.62,0.72,2019-07-21,0913,N20,VIIRS,n,2,291.9,3.24,D,0
51.89205,29.33917,335.76,0.4,0.37,2019-07-21,1052,N20,VIIRS,l,2,307.85,4.35,D,2
51.89281,29.34497,335.22,0.4,0.37,2019-07-21,1052,N20,VIIRS,n,2,305.32,4.43,D,2
51.8887,29.34031,337.55,0.4,0.37,2019-07-21,1052,N20,VIIRS,n,2,307.8,4.35,D,2
53.22091,30.52734,331.15,0.44,0.38,2019-07-21,1053,N20,VIIRS,n,2,297.08,2.76,D,0
53.2689,24.4414,327.5,0.39,0.36,2019-07-21,1053,N20,VIIRS,l,2,301.54,1.51,D,2
52.63109,29.82495,329.13,0.42,0.38,2019-07-21,1053,N20,VIIRS,n,2,303.33,1.55,D,0
52.51511,29.73768,341.02,0.42,0.37,2019-07-21,1053,N20,VIIRS,n,2,301.87,4.74,D,0
52.84538,29.99023,336.63,0.42,0.38,2019-07-21,1053,N20,VIIRS,n,2,296.33,4.83,D,2
55.84669,28.34488,298.64,0.52,0.67,2019-07-21,2303,N20,VIIRS,n,2,281.28,0.83,N,0
51.89682,29.33583,323.85,0.46,0.64,2019-07-21,2304,N20,VIIRS,n,2,287.54,2.36,N,0
51.89294,29.34207,333.29,0.46,0.63,2019-07-21,2304,N20,VIIRS,n,2,287.47,5.12,N,2
53.39822,32.01551,297.53,0.36,0.57,2019-07-21,2304,N20,VIIRS,n,2,286.21,0.46,N,2
52.84955,29.98562,299.11,0.44,0.62,2019-07-21,2304,N20,VIIRS,n,2,284.03,1.13,N,2
52.84947,29.9922,297.71,0.44,0.62,2019-07-21,2304,N20,VIIRS,n,2,284.66,0.79,N,2
51.89676,29.34271,322.04,0.46,0.64,2019-07-21,2304,N20,VIIRS,n,2,287.34,2.36,N,2
51.89304,29.33519,324.62,0.46,0.64,2019-07-21,2304,N20,VIIRS,n,2,286.87,5.59,N,2
51.89091,29.33555,310.77,0.46,0.64,2019-07-21,2304,N20,VIIRS,n,2,286.19,2.36,N,2
53.39626,32.00984,302.87,0.36,0.57,2019-07-21,2304,N20,VIIRS,n,2,287.09,1.57,N,0
53.39546,32.01428,298.72,0.45,0.47,2019-07-22,0045,N20,VIIRS,n,2,285.96,0.92,N,2
51.8915,29.33967,325.01,0.39,0.44,2019-07-22,0045,N20,VIIRS,n,2,287.28,2.72,N,2
52.84914,29.9889,298.92,0.39,0.44,2019-07-22,0045,N20,VIIRS,n,2,284.94,1,N,2
51.89531,29.342,337.9,0.39,0.44,2019-07-22,0045,N20,VIIRS,n,2,288.92,2.72,N,2
54.24355,25.3511,336.98,0.45,0.39,2019-07-22,1034,N20,VIIRS,n,2,291.4,6.71,D,0
54.24434,25.35147,343.55,0.45,0.39,2019-07-22,1034,N20,VIIRS,n,2,290.87,5.34,D,0
52.84928,29.98869,309.86,0.69,0.74,2019-07-22,2245,N20,VIIRS,n,2,282.23,1.59,N,2
53.66913,28.98112,304.19,0.76,0.77,2019-07-22,2245,N20,VIIRS,n,2,280.53,1.26,N,0
53.67123,28.98525,307.12,0.76,0.77,2019-07-22,2245,N20,VIIRS,n,2,280.5,2.2,N,0
51.89205,29.34208,303.37,0.73,0.76,2019-07-22,2245,N20,VIIRS,n,2,282.5,2.29,N,2
51.89172,29.33095,314.95,0.74,0.76,2019-07-22,2245,N20,VIIRS,n,2,279.88,2.29,N,2
53.2705,24.44125,309.74,0.39,0.36,2019-07-23,0026,N20,VIIRS,n,2,285.62,1.07,N,2
53.26228,24.45028,304.08,0.39,0.36,2019-07-23,0026,N20,VIIRS,n,2,286.84,0.74,N,2
51.86478,26.77856,299.51,0.39,0.36,2019-07-23,0026,N20,VIIRS,n,2,284.79,0.51,N,0
51.89051,29.34153,312.05,0.42,0.38,2019-07-23,0026,N20,VIIRS,n,2,286.35,1.73,N,2
51.89385,29.34319,325.52,0.42,0.38,2019-07-23,0026,N20,VIIRS,n,2,288.06,1.73,N,2
53.25899,24.44898,296.23,0.39,0.36,2019-07-23,0026,N20,VIIRS,n,2,285.02,0.74,N,0
52.84634,29.98965,331.71,0.43,0.38,2019-07-23,0026,N20,VIIRS,n,2,286.59,3.91,N,2
52.82873,29.89972,301.89,0.42,0.38,2019-07-23,0026,N20,VIIRS,n,2,285.1,0.73,N,0
53.27126,24.44195,295.95,0.67,0.74,2019-07-23,0206,N20,VIIRS,n,2,281.12,0.49,N,2
51.88133,26.48204,344.49,0.44,0.46,2019-07-23,1015,N20,VIIRS,n,2,290.73,5.92,D,0
51.8838,26.47341,334.61,0.44,0.46,2019-07-23,1015,N20,VIIRS,n,2,289.94,5.92,D,0
51.88529,26.47943,336.86,0.44,0.46,2019-07-23,1015,N20,VIIRS,n,2,288.46,5.92,D,0
51.87499,26.83117,329.97,0.42,0.61,2019-07-23,1156,N20,VIIRS,n,2,285.63,3.97,D,0
51.8787,26.82724,329.65,0.42,0.61,2019-07-23,1156,N20,VIIRS,n,2,288.03,2.83,D,0
55.50568,28.5898,297.79,0.42,0.37,2019-07-24,0007,N20,VIIRS,n,2,285.44,0.53,N,2
52.84851,29.98838,310.63,0.39,0.36,2019-07-24,0007,N20,VIIRS,n,2,284.64,1.99,N,2
53.27141,24.44634,297.93,0.51,0.41,2019-07-24,0007,N20,VIIRS,n,2,284.48,0.57,N,2
53.26315,24.45183,297.08,0.51,0.41,2019-07-24,0007,N20,VIIRS,n,2,285.68,1.35,N,2
52.84766,29.994,322.52,0.39,0.36,2019-07-24,0007,N20,VIIRS,n,2,283.44,2.17,N,2
51.90054,29.32277,297.22,0.39,0.36,2019-07-24,0008,N20,VIIRS,n,2,286.14,0.51,N,0
51.89155,29.33684,308.37,0.39,0.36,2019-07-24,0008,N20,VIIRS,n,2,285.26,0.91,N,2
51.8651,26.78163,304.32,0.42,0.38,2019-07-24,0008,N20,VIIRS,n,2,284.21,0.66,N,0
51.89399,29.34365,321.45,0.39,0.36,2019-07-24,0008,N20,VIIRS,n,2,286.3,1.87,N,2
53.26979,24.44363,299.97,0.46,0.63,2019-07-24,0147,N20,VIIRS,n,2,282.88,1,N,2
53.50518,26.92878,312.95,0.55,0.68,2019-07-24,0147,N20,VIIRS,n,2,280.4,2.14,N,0
53.26054,24.45075,301.01,0.46,0.63,2019-07-24,0147,N20,VIIRS,n,2,283.6,1.38,N,2
53.23232,28.38562,325.64,0.51,0.5,2019-07-24,0956,N20,VIIRS,n,2,294.46,3.17,D,0
52.04778,30.89463,335.75,0.39,0.59,2019-07-24,1137,N20,VIIRS,n,2,288.62,3.22,D,0
51.89021,29.3456,334.16,0.33,0.56,2019-07-24,1137,N20,VIIRS,n,2,288.18,2.97,D,2
52.57802,29.34475,351.35,0.34,0.56,2019-07-24,1137,N20,VIIRS,n,2,291.43,6.08,D,0
52.84459,29.9934,342.45,0.36,0.58,2019-07-24,1137,N20,VIIRS,n,2,289.73,7.4,D,2
52.98613,29.33135,327.83,0.34,0.56,2019-07-24,1137,N20,VIIRS,n,2,293.98,2.11,D,0
52.60994,29.86025,333.19,0.36,0.57,2019-07-24,1137,N20,VIIRS,n,2,290.75,2.5,D,0
52.57714,29.3431,349.22,0.34,0.56,2019-07-24,1137,N20,VIIRS,n,2,292.33,4.39,D,0
52.0533,30.89429,342.66,0.39,0.59,2019-07-24,1137,N20,VIIRS,n,2,288.97,4.3,D,0
53.27195,24.44159,304.11,0.51,0.5,2019-07-24,2348,N20,VIIRS,n,2,285.09,1.23,N,2
53.3972,32.01297,295.34,0.43,0.38,2019-07-24,2348,N20,VIIRS,n,2,280.51,0.54,N,2
53.22252,31.60715,302.88,0.43,0.38,2019-07-24,2348,N20,VIIRS,n,2,282.23,0.65,N,0
52.8486,29.98748,328.58,0.47,0.4,2019-07-24,2348,N20,VIIRS,n,2,285.14,5.41,N,2
52.84784,29.99449,308.06,0.47,0.4,2019-07-24,2348,N20,VIIRS,n,2,285.56,3.81,N,2
51.896,29.34034,299.62,0.48,0.4,2019-07-24,2349,N20,VIIRS,n,2,285.7,0.99,N,2
51.89233,29.33931,330.24,0.48,0.4,2019-07-24,2349,N20,VIIRS,n,2,286.53,2.63,N,2
51.88866,29.33825,322.13,0.48,0.4,2019-07-24,2349,N20,VIIRS,n,2,285.56,2.63,N,2
51.86294,26.78016,296.92,0.4,0.44,2019-07-24,2349,N20,VIIRS,n,2,284.76,0.4,N,0
52.85007,29.99218,325.46,0.51,0.66,2019-07-25,0128,N20,VIIRS,n,2,282.78,2.9,N,2
52.8448,29.98704,304.89,0.51,0.66,2019-07-25,0128,N20,VIIRS,n,2,282.72,1.4,N,2
51.88947,29.34448,309.71,0.52,0.67,2019-07-25,0129,N20,VIIRS,n,2,283.09,1.71,N,2
51.89181,29.33788,311.49,0.52,0.67,2019-07-25,0129,N20,VIIRS,n,2,283.13,1.71,N,2
53.26937,24.4432,300.69,0.61,0.54,2019-07-25,0129,N20,VIIRS,n,2,284.31,0.99,N,2
53.27275,24.44181,302.1,0.61,0.54,2019-07-25,0129,N20,VIIRS,n,2,284.18,1.42,N,2
52.82677,29.85021,326.21,0.45,0.47,2019-07-25,1118,N20,VIIRS,n,2,284.88,2.63,D,0
53.39569,32.01553,304.28,0.4,0.44,2019-07-25,2329,N20,VIIRS,n,2,285.4,0.73,N,2
53.67046,31.82447,300.73,0.41,0.45,2019-07-25,2329,N20,VIIRS,n,2,283.16,0.56,N,2
52.10515,24.00556,298.46,0.42,0.61,2019-07-25,2330,N20,VIIRS,n,2,285.18,0.32,N,0
52.10851,24.00482,300.48,0.42,0.61,2019-07-25,2330,N20,VIIRS,n,2,284.88,0.51,N,0
51.89407,29.33822,295.23,0.49,0.49,2019-07-25,2330,N20,VIIRS,n,2,265.5,1.02,N,2
51.89602,29.33838,301.06,0.49,0.49,2019-07-25,2330,N20,VIIRS,n,2,272.94,0.93,N,2
53.25907,24.44907,301.19,0.41,0.45,2019-07-26,0110,N20,VIIRS,n,2,286.36,1.33,N,2
53.26957,24.44281,308.19,0.41,0.45,2019-07-26,0110,N20,VIIRS,n,2,285.24,1.42,N,2
51.80026,28.58865,338.97,0.64,0.72,2019-07-26,0919,N20,VIIRS,n,2,284.65,6.65,D,0
51.79723,28.58502,327.74,0.64,0.72,2019-07-26,0919,N20,VIIRS,n,2,284.4,4.9,D,0
52.847,29.9936,328.01,0.52,0.67,2019-07-26,0919,N20,VIIRS,n,2,289.54,5.29,D,2
51.93221,28.60406,332.12,0.42,0.38,2019-07-26,1059,N20,VIIRS,n,2,290.77,3.16,D,0
51.97891,28.95814,330,0.43,0.38,2019-07-26,1059,N20,VIIRS,n,2,292.51,3.11,D,0
52.84692,29.99346,333.07,0.46,0.39,2019-07-26,1059,N20,VIIRS,n,2,300.01,4.33,D,2
51.8938,29.33997,327.47,0.39,0.6,2019-07-26,2311,N20,VIIRS,n,2,284.74,1.05,N,2
51.89394,29.33412,296.04,0.39,0.6,2019-07-26,2311,N20,VIIRS,n,2,284.09,1.05,N,2
51.88913,29.33389,309.19,0.39,0.6,2019-07-26,2311,N20,VIIRS,n,2,283.5,0.91,N,2
51.86496,26.77738,302.88,0.51,0.66,2019-07-26,2311,N20,VIIRS,n,2,282.57,0.61,N,0
51.88841,29.33363,312.43,0.39,0.6,2019-07-26,2311,N20,VIIRS,n,2,283.18,1.05,N,0
55.48577,28.60194,309.15,0.52,0.41,2019-07-27,0050,N20,VIIRS,n,2,277.88,1.42,N,0
51.86256,26.7798,296.28,0.55,0.42,2019-07-27,0051,N20,VIIRS,n,2,284.86,0.76,N,0
51.89388,29.34514,335.62,0.45,0.47,2019-07-27,0051,N20,VIIRS,n,2,285.8,1.76,N,2
51.88986,29.34252,306.81,0.45,0.47,2019-07-27,0051,N20,VIIRS,n,2,284.75,1.76,N,2
51.86526,26.78205,296.93,0.55,0.42,2019-07-27,0052,N20,VIIRS,n,2,284.65,0.44,N,0
51.80594,28.59319,336.49,0.39,0.36,2019-07-27,1040,N20,VIIRS,n,2,293.79,3.95,D,0
53.81141,31.72572,328.34,0.4,0.37,2019-07-27,1040,N20,VIIRS,n,2,294.09,1.33,D,0
52.11469,28.47551,327.93,0.39,0.36,2019-07-27,1040,N20,VIIRS,n,2,297.23,2.96,D,0
51.80502,28.58767,327.53,0.39,0.36,2019-07-27,1040,N20,VIIRS,n,2,292.98,3.95,D,0
55.48414,28.60075,334.18,0.38,0.36,2019-07-27,1041,N20,VIIRS,n,2,293.36,4.11,D,0
52.84924,29.99054,318.75,0.59,0.7,2019-07-27,2251,N20,VIIRS,n,2,286.42,3.34,N,2
52.85061,29.99014,325.83,0.59,0.7,2019-07-27,2251,N20,VIIRS,n,2,286.57,3.98,N,2
52.84911,29.98152,299.38,0.59,0.7,2019-07-27,2251,N20,VIIRS,n,2,285.57,2.86,N,0
53.397,32.01176,306.46,0.49,0.65,2019-07-27,2251,N20,VIIRS,n,2,289.21,1.36,N,2
51.89403,29.33469,316,0.63,0.72,2019-07-27,2252,N20,VIIRS,n,2,286.4,3.06,N,2
51.89021,29.33276,305.27,0.63,0.72,2019-07-27,2252,N20,VIIRS,n,2,285.97,1.68,N,2
51.89706,29.34213,301.73,0.63,0.72,2019-07-27,2252,N20,VIIRS,n,2,285.84,2.28,N,2
51.89689,29.33267,303.36,0.63,0.72,2019-07-27,2252,N20,VIIRS,n,2,285.85,1.68,N,0
52.39141,31.16745,303.55,0.53,0.67,2019-07-27,2252,N20,VIIRS,n,2,284.22,1.32,N,0
53.27251,24.44273,313.01,0.38,0.36,2019-07-28,0032,N20,VIIRS,n,2,288.76,1.4,N,2
53.26428,24.4512,301.33,0.38,0.36,2019-07-28,0032,N20,VIIRS,n,2,288.49,0.7,N,2
52.84881,29.98791,314.64,0.47,0.39,2019-07-28,0032,N20,VIIRS,n,2,287.66,3.78,N,2
52.84744,29.99454,325.69,0.47,0.39,2019-07-28,0032,N20,VIIRS,n,2,289.48,3.78,N,2
52.8509,29.99649,301.35,0.47,0.39,2019-07-28,0032,N20,VIIRS,n,2,287.72,1.96,N,2
53.39487,32.01318,304.44,0.52,0.42,2019-07-28,0032,N20,VIIRS,n,2,290.09,1.43,N,2
55.50594,28.59111,301.64,0.4,0.37,2019-07-28,0032,N20,VIIRS,n,2,287.81,0.44,N,2
53.26105,24.4498,304.2,0.38,0.36,2019-07-28,0032,N20,VIIRS,n,2,289.15,0.7,N,2
53.52551,24.74341,310.96,0.38,0.36,2019-07-28,0032,N20,VIIRS,n,2,287.37,1,N,0
51.88951,29.34052,315.63,0.46,0.39,2019-07-28,0033,N20,VIIRS,n,2,287.83,1.61,N,2
51.86559,26.77905,297.7,0.41,0.37,2019-07-28,0033,N20,VIIRS,n,2,285.93,0.66,N,0
51.89297,29.34238,321.37,0.46,0.39,2019-07-28,0033,N20,VIIRS,n,2,289.51,2.41,N,2
52.84494,29.99257,335.53,0.43,0.38,2019-07-28,1021,N20,VIIRS,n,2,300.56,11.07,D,2
51.89301,29.34521,331.67,0.47,0.39,2019-07-28,1021,N20,VIIRS,n,2,300.27,3,D,2
51.89169,29.3387,327.51,0.47,0.39,2019-07-28,1021,N20,VIIRS,l,2,299.22,3,D,2
53.58698,31.94995,301.98,0.4,0.37,2019-07-29,0013,N20,VIIRS,n,2,289.39,0.46,N,2
53.74708,24.23049,301.75,0.47,0.39,2019-07-29,0013,N20,VIIRS,n,2,287.51,0.8,N,0
53.74731,24.22857,305.05,0.47,0.39,2019-07-29,0013,N20,VIIRS,n,2,287.35,0.71,N,0
53.39352,32.01054,304.89,0.4,0.37,2019-07-29,0013,N20,VIIRS,n,2,290.74,0.7,N,2
53.67066,31.82861,305.95,0.4,0.37,2019-07-29,0013,N20,VIIRS,n,2,290.3,0.67,N,2
53.26341,24.44968,295.65,0.45,0.39,2019-07-29,0014,N20,VIIRS,n,2,277.22,1.24,N,2
51.88914,29.3368,306.95,0.38,0.36,2019-07-29,0014,N20,VIIRS,n,2,288.77,0.88,N,2
51.89149,29.34364,303.94,0.38,0.36,2019-07-29,0014,N20,VIIRS,n,2,288.9,1.55,N,2
52.8467,29.98925,331.78,0.39,0.36,2019-07-29,0014,N20,VIIRS,n,2,292.34,4.28,N,2
51.89472,29.34501,325.05,0.38,0.36,2019-07-29,0014,N20,VIIRS,n,2,289.2,1.55,N,2
52.62336,30.18741,296.59,0.39,0.36,2019-07-29,0014,N20,VIIRS,n,2,285.56,0.47,N,0
53.27129,24.44517,302.2,0.45,0.39,2019-07-29,0014,N20,VIIRS,n,2,275.72,0.82,N,2
52.19461,30.55694,344.87,0.4,0.44,2019-07-29,1002,N20,VIIRS,n,2,304.53,8.2,D,0
51.89207,29.33978,340.41,0.45,0.47,2019-07-29,1002,N20,VIIRS,n,2,300.16,7.77,D,2
51.89025,29.34397,347.38,0.45,0.47,2019-07-29,1002,N20,VIIRS,n,2,298.76,6.53,D,2
52.85482,30.23612,349.04,0.39,0.44,2019-07-29,1002,N20,VIIRS,n,2,291.18,5.74,D,0
53.39137,27.05429,328.66,0.5,0.49,2019-07-29,1003,N20,VIIRS,n,2,298.62,2.16,D,0
53.19351,24.25395,367,0.32,0.55,2019-07-29,1003,N20,VIIRS,h,2,300.52,8.63,D,0
53.19357,24.25562,367,0.32,0.55,2019-07-29,1003,N20,VIIRS,h,2,298.84,8.41,D,0
53.38947,27.05557,328.84,0.5,0.49,2019-07-29,1003,N20,VIIRS,n,2,298.33,3.2,D,0
53.08229,24.43154,351.01,0.5,0.49,2019-07-29,1143,N20,VIIRS,n,2,301.98,9.32,D,0
51.89013,29.3446,367,0.39,0.59,2019-07-29,1143,N20,VIIRS,h,2,295.86,5.34,D,2
54.1541,28.38326,312.93,0.49,0.4,2019-07-29,2354,N20,VIIRS,n,2,283.52,1.91,N,0
53.39316,32.01217,305.23,0.4,0.37,2019-07-29,2354,N20,VIIRS,n,2,287.8,1.29,N,2
51.89285,29.3433,323.93,0.44,0.38,2019-07-29,2355,N20,VIIRS,n,2,289.09,1.58,N,2
51.89012,29.33586,307.69,0.44,0.38,2019-07-29,2355,N20,VIIRS,n,2,288.52,1.58,N,2
52.84824,29.9926,328.87,0.43,0.38,2019-07-29,2355,N20,VIIRS,n,2,284.65,6.22,N,2
52.79629,30.09339,329.53,0.43,0.38,2019-07-29,2355,N20,VIIRS,n,2,283.75,7.17,N,0
53.27243,24.44499,304.03,0.35,0.57,2019-07-30,0135,N20,VIIRS,n,2,284.3,0.84,N,2
53.26485,24.45041,299.22,0.35,0.57,2019-07-30,0135,N20,VIIRS,n,2,283.12,1.05,N,2
53.25872,24.45113,299.97,0.35,0.57,2019-07-30,0135,N20,VIIRS,n,2,283.56,1.15,N,2
52.79799,30.09501,305.74,0.58,0.7,2019-07-30,0135,N20,VIIRS,n,2,277.34,1.01,N,0
51.89457,29.34237,297.55,0.6,0.7,2019-07-30,0135,N20,VIIRS,n,2,271.12,1.45,N,2
51.89264,29.34335,297.24,0.6,0.7,2019-07-30,0135,N20,VIIRS,n,2,267.31,1.4,N,2
52.84532,29.98907,299.31,0.58,0.7,2019-07-30,0135,N20,VIIRS,n,2,279.16,0.97,N,2
52.84835,29.9894,300.31,0.58,0.69,2019-07-30,0135,N20,VIIRS,n,2,279.6,1.07,N,2
52.84192,30.22916,329.43,0.59,0.53,2019-07-30,0944,N20,VIIRS,n,2,273.56,5.21,D,0
52.84557,30.228,338.82,0.54,0.51,2019-07-30,1124,N20,VIIRS,n,2,282.57,9.32,D,0
53.67152,31.82619,297.87,0.54,0.42,2019-07-30,2335,N20,VIIRS,n,2,283.7,1.02,N,2
53.26237,24.44536,300.21,0.35,0.57,2019-07-30,2336,N20,VIIRS,n,2,283.84,0.64,N,2
53.27303,24.44111,313.33,0.35,0.57,2019-07-30,2336,N20,VIIRS,n,2,284.83,0.88,N,2
53.2622,24.45068,296.17,0.35,0.57,2019-07-30,2336,N20,VIIRS,n,2,284.68,0.64,N,2
53.2578,24.4514,298.18,0.47,0.47,2019-07-31,0116,N20,VIIRS,n,2,284.93,0.52,N,2
53.26923,24.44427,304,0.47,0.47,2019-07-31,0116,N20,VIIRS,n,2,284.79,0.87,N,2
52.84846,29.9891,330.25,0.39,0.59,2019-07-31,0116,N20,VIIRS,n,2,283.49,2.17,N,2
53.26352,24.44783,300.92,0.47,0.47,2019-07-31,0116,N20,VIIRS,n,2,285.43,0.87,N,2
52.8468,29.99429,307.45,0.39,0.59,2019-07-31,0116,N20,VIIRS,n,2,283.88,2.17,N,2
52.49287,29.50754,325.29,0.49,0.65,2019-07-31,0925,N20,VIIRS,n,2,290.5,2.49,D,0
52.92775,25.55408,334.65,0.65,0.73,2019-07-31,0925,N20,VIIRS,n,2,288.91,6.09,D,0
51.88841,29.34044,326.35,0.52,0.67,2019-07-31,0925,N20,VIIRS,n,2,289.7,3.84,D,2
51.88916,29.3442,330.46,0.52,0.67,2019-07-31,0925,N20,VIIRS,n,2,290.85,4.44,D,2
52.47726,26.16554,329.74,0.41,0.37,2019-07-31,1105,N20,VIIRS,n,2,294.34,1.92,D,0
52.93129,25.54998,340.47,0.4,0.37,2019-07-31,1105,N20,VIIRS,n,2,296.47,4.7,D,0
52.92796,25.5512,340.81,0.4,0.37,2019-07-31,1105,N20,VIIRS,n,2,298.63,5.92,D,0
52.84652,29.99001,334.9,0.52,0.42,2019-07-31,1105,N20,VIIRS,n,2,301.2,8.88,D,2
52.49327,29.50443,333.13,0.5,0.41,2019-07-31,1105,N20,VIIRS,n,2,293.38,3.47,D,0
52.84464,29.99076,335.38,0.52,0.42,2019-07-31,1105,N20,VIIRS,n,2,300.02,5.42,D,2
53.27507,24.43933,301.68,0.55,0.68,2019-07-31,2317,N20,VIIRS,n,2,280.37,1.18,N,2
53.26421,24.4441,296.63,0.55,0.68,2019-07-31,2317,N20,VIIRS,n,2,281.97,1.17,N,0
53.26242,24.4479,300.44,0.55,0.68,2019-07-31,2317,N20,VIIRS,n,2,283.31,1.15,N,2
53.25905,24.45074,297.83,0.48,0.4,2019-08-01,0057,N20,VIIRS,n,2,283.37,0.73,N,2
53.27246,24.4432,306.73,0.48,0.4,2019-08-01,0057,N20,VIIRS,n,2,282.84,1.05,N,2
52.09531,30.93838,308.63,0.74,0.76,2019-08-02,2239,N20,VIIRS,n,2,279.09,1.52,N,0
55.04833,26.31719,302.03,0.4,0.37,2019-08-03,0019,N20,VIIRS,n,2,278.47,1.11,N,0
51.86418,26.77667,298.95,0.38,0.36,2019-08-03,0020,N20,VIIRS,n,2,280.94,0.3,N,0
53.26215,24.44956,301.25,0.42,0.37,2019-08-03,0020,N20,VIIRS,n,2,284.36,1.13,N,2
53.27052,24.43959,305.52,0.42,0.37,2019-08-03,0020,N20,VIIRS,n,2,282.53,0.71,N,2
52.84819,29.9911,315.02,0.4,0.37,2019-08-03,0020,N20,VIIRS,n,2,278.39,1.36,N,2
51.89256,29.34394,298.1,0.4,0.37,2019-08-03,0020,N20,VIIRS,n,2,279.59,0.17,N,2
52.5533,28.56532,327.4,0.42,0.38,2019-08-04,0001,N20,VIIRS,n,2,282.46,2.76,N,0
53.67264,31.82654,299.02,0.39,0.36,2019-08-04,0001,N20,VIIRS,n,2,283.26,0.8,N,2
53.39694,32.01247,298.54,0.39,0.36,2019-08-04,0001,N20,VIIRS,n,2,281.56,0.54,N,2
53.3937,32.01109,300.57,0.39,0.36,2019-08-04,0001,N20,VIIRS,n,2,282.97,0.54,N,2
52.849,29.99045,325.87,0.4,0.37,2019-08-04,0001,N20,VIIRS,n,2,282.5,3.12,N,2
52.84568,29.98921,300.15,0.4,0.37,2019-08-04,0001,N20,VIIRS,n,2,281.61,0.86,N,2
51.87444,30.02333,295.76,0.4,0.37,2019-08-04,0001,N20,VIIRS,n,2,281.87,0.45,N,0
51.90096,29.32244,295.22,0.4,0.37,2019-08-04,0001,N20,VIIRS,n,2,284.5,0.54,N,0
53.26855,24.44216,299.56,0.4,0.6,2019-08-04,0141,N20,VIIRS,n,2,281.64,1.22,N,2
52.84725,29.99163,301.39,0.66,0.73,2019-08-04,0141,N20,VIIRS,n,2,278.81,1.78,N,2
53.27059,24.43921,300.77,0.4,0.6,2019-08-04,0141,N20,VIIRS,n,2,281.19,0.92,N,2
53.26021,24.44837,300.3,0.4,0.6,2019-08-04,0141,N20,VIIRS,n,2,281.3,1.12,N,2
52.84646,29.99423,331.47,0.53,0.5,2019-08-04,0950,N20,VIIRS,n,2,292.28,3.71,D,2
52.84623,29.99463,336.24,0.53,0.5,2019-08-04,0950,N20,VIIRS,n,2,292.78,5.32,D,2
52.41207,24.83774,330.39,0.57,0.43,2019-08-04,1130,N20,VIIRS,n,2,292.98,3.53,D,0
52.41031,24.83831,329.15,0.57,0.43,2019-08-04,1130,N20,VIIRS,n,2,294.53,3.89,D,0
52.8796,26.17512,326.28,0.43,0.46,2019-08-04,1130,N20,VIIRS,n,2,288.8,1.53,D,0
53.39513,32.01361,297.34,0.47,0.4,2019-08-04,2342,N20,VIIRS,n,2,270.04,1.03,N,2
53.6721,31.82621,295.77,0.48,0.4,2019-08-04,2342,N20,VIIRS,n,2,276.45,0.93,N,2
52.84705,29.98634,307.92,0.54,0.42,2019-08-04,2342,N20,VIIRS,n,2,277,1.5,N,2
51.73811,28.60093,295.28,0.39,0.44,2019-08-04,2342,N20,VIIRS,n,2,279.05,1,N,0
51.73763,28.60661,311.14,0.39,0.44,2019-08-04,2342,N20,VIIRS,n,2,280.93,1,N,0
51.73409,28.59999,309.31,0.39,0.44,2019-08-04,2342,N20,VIIRS,n,2,277.77,1.22,N,0
51.7336,28.60566,300.43,0.39,0.44,2019-08-04,2342,N20,VIIRS,n,2,277.97,1.22,N,0
51.89216,29.34305,304.23,0.45,0.63,2019-08-05,0122,N20,VIIRS,n,2,278.27,1.32,N,2
53.2712,24.44281,301.5,0.53,0.5,2019-08-05,0122,N20,VIIRS,n,2,282.55,1.02,N,2
53.25871,24.45099,298.17,0.53,0.5,2019-08-05,0122,N20,VIIRS,n,2,283.33,1.37,N,2
53.27095,24.44091,302.85,0.53,0.5,2019-08-05,0122,N20,VIIRS,n,2,283.06,1.07,N,2
53.25839,24.44906,295.43,0.53,0.5,2019-08-05,0122,N20,VIIRS,n,2,283.03,0.9,N,0
51.89173,29.34097,309.53,0.46,0.63,2019-08-05,0122,N20,VIIRS,n,2,278.81,1.43,N,2
51.73553,28.60262,311.81,0.43,0.62,2019-08-05,0122,N20,VIIRS,n,2,278.82,1.63,N,0
52.84542,29.99399,328.4,0.4,0.6,2019-08-05,0931,N20,VIIRS,n,2,281.47,4.04,D,2
52.84541,29.99314,335.39,0.4,0.44,2019-08-05,1111,N20,VIIRS,n,2,280.17,6.13,D,2
51.73237,28.6044,334.57,0.51,0.41,2019-08-05,1111,N20,VIIRS,n,2,290.43,5.38,D,0
53.32034,26.43194,329.52,0.46,0.39,2019-08-05,1112,N20,VIIRS,n,2,285.57,2.97,D,0
52.74781,26.11528,325.37,0.44,0.39,2019-08-05,1112,N20,VIIRS,n,2,281.31,1.94,D,0
55.50714,28.58615,295.1,0.33,0.55,2019-08-05,2322,N20,VIIRS,n,2,281.08,0.39,N,0
53.2695,24.4413,301.37,0.47,0.64,2019-08-05,2323,N20,VIIRS,n,2,281.54,0.87,N,2
51.73799,28.59922,308.06,0.62,0.54,2019-08-05,2323,N20,VIIRS,n,2,278.13,3.7,N,0
51.89368,29.33758,305.2,0.57,0.52,2019-08-05,2323,N20,VIIRS,n,2,280.5,1.47,N,2
52.84799,29.98826,338.45,0.55,0.51,2019-08-05,2323,N20,VIIRS,n,2,282.96,7.66,N,2
53.272,24.44173,304.45,0.47,0.64,2019-08-05,2323,N20,VIIRS,n,2,282.92,1.4,N,2
53.3927,32.01385,296.27,0.46,0.47,2019-08-05,2323,N20,VIIRS,n,2,281.57,1.1,N,2
53.39705,32.01472,298.51,0.46,0.47,2019-08-05,2323,N20,VIIRS,n,2,281.18,1.04,N,2
53.39779,32.01334,295.33,0.46,0.47,2019-08-05,2323,N20,VIIRS,n,2,279.98,0.92,N,2
52.8476,29.99236,315.92,0.59,0.53,2019-08-06,0103,N20,VIIRS,n,2,280.4,3.21,N,2
51.73362,28.60465,316.65,0.57,0.52,2019-08-06,0104,N20,VIIRS,n,2,278.77,3.37,N,0
53.27314,24.44213,299.54,0.54,0.42,2019-08-06,0104,N20,VIIRS,n,2,282.14,1.02,N,2
53.2587,24.45046,296.63,0.54,0.42,2019-08-06,0104,N20,VIIRS,n,2,283.93,0.7,N,2
51.89329,29.34502,306.7,0.6,0.53,2019-08-06,0104,N20,VIIRS,n,2,279.55,2.08,N,2
51.88883,29.34175,298.6,0.6,0.53,2019-08-06,0104,N20,VIIRS,n,2,278.32,1.22,N,2
52.7655,29.47184,329.22,0.41,0.37,2019-08-06,1052,N20,VIIRS,n,2,290.76,2.14,D,0
52.81082,29.4993,329.5,0.41,0.37,2019-08-06,1053,N20,VIIRS,n,2,296.09,7.53,D,0
53.13211,25.84165,338.68,0.38,0.36,2019-08-06,1053,N20,VIIRS,n,2,299.33,5.47,D,0
53.13916,25.84305,346.62,0.38,0.36,2019-08-06,1053,N20,VIIRS,n,2,298.04,4.27,D,0
53.13828,25.83742,347.32,0.38,0.36,2019-08-06,1053,N20,VIIRS,n,2,299.37,3.17,D,0
53.09179,25.24386,328.79,0.39,0.36,2019-08-06,1053,N20,VIIRS,n,2,300.1,2.23,D,0
53.13975,25.82477,328.74,0.38,0.36,2019-08-06,1053,N20,VIIRS,n,2,298.18,2.52,D,0
52.84697,29.99334,333.65,0.42,0.38,2019-08-06,1053,N20,VIIRS,n,2,302.85,5.17,D,2
52.84622,29.98709,332.83,0.42,0.38,2019-08-06,1053,N20,VIIRS,l,2,305.33,5.17,D,2
52.80744,29.50048,331.75,0.41,0.37,2019-08-06,1053,N20,VIIRS,n,2,295.75,7.53,D,0
53.39671,32.01058,303.15,0.36,0.57,2019-08-06,2304,N20,VIIRS,n,2,284.04,1.13,N,0
51.89537,29.34233,296.72,0.46,0.64,2019-08-06,2304,N20,VIIRS,n,2,283.49,1.02,N,2
51.89546,29.33543,304.08,0.46,0.64,2019-08-06,2304,N20,VIIRS,n,2,283.96,1.02,N,2
51.89319,29.33941,310.96,0.46,0.64,2019-08-06,2304,N20,VIIRS,n,2,283.53,1.33,N,2
52.84636,29.98808,304,0.44,0.62,2019-08-06,2304,N20,VIIRS,n,2,273.26,1.63,N,2
52.84639,29.98692,304.81,0.44,0.62,2019-08-06,2304,N20,VIIRS,n,2,274.29,1.16,N,2
51.5723,27.95218,295.43,0.54,0.42,2019-08-07,0045,N20,VIIRS,n,2,282.53,0.37,N,0
51.57597,27.95431,309.19,0.54,0.42,2019-08-07,0045,N20,VIIRS,n,2,284.09,1.34,N,0
51.73606,28.60608,299.14,0.56,0.43,2019-08-07,0045,N20,VIIRS,n,2,282.89,1.08,N,0
51.88943,29.34139,295.62,0.39,0.44,2019-08-07,0045,N20,VIIRS,n,2,282.78,1.21,N,2
51.89323,29.3437,324.01,0.39,0.44,2019-08-07,0045,N20,VIIRS,n,2,284.82,1.21,N,2
52.76046,25.91893,333.06,0.44,0.39,2019-08-07,0045,N20,VIIRS,n,2,278.33,7.94,N,0
51.57528,27.95311,328,0.42,0.38,2019-08-07,1033,N20,VIIRS,n,2,287.82,3.8,D,0
51.89092,29.34503,326.7,0.4,0.37,2019-08-07,1033,N20,VIIRS,n,2,283.38,2.28,D,2
55.50492,28.59056,302.11,0.39,0.36,2019-08-08,0025,N20,VIIRS,n,2,285.17,0.3,N,2
51.57611,27.95274,308.86,0.4,0.37,2019-08-08,0026,N20,VIIRS,n,2,273.55,1.65,N,0
52.13331,25.52246,305.25,0.38,0.36,2019-08-08,0026,N20,VIIRS,n,2,277.9,0.86,N,0
51.96285,24.74644,332.5,0.34,0.56,2019-08-08,1155,N20,VIIRS,n,2,290.66,4.06,D,0
52.84697,29.98942,331.27,0.39,0.36,2019-08-09,0007,N20,VIIRS,n,2,287.56,3.33,N,2
51.89311,29.33975,311.79,0.39,0.36,2019-08-09,0007,N20,VIIRS,n,2,286.98,1.02,N,2
51.89801,29.32994,297.24,0.39,0.36,2019-08-09,0007,N20,VIIRS,n,2,286.69,0.52,N,0
51.89883,29.32441,297.72,0.39,0.36,2019-08-09,0007,N20,VIIRS,n,2,287.34,0.52,N,0
52.85263,29.99771,303.51,0.39,0.36,2019-08-09,0007,N20,VIIRS,n,2,287.7,0.91,N,2
51.88985,29.33848,300.75,0.39,0.36,2019-08-09,0007,N20,VIIRS,n,2,285.95,0.44,N,2
51.86276,26.78118,296.48,0.42,0.38,2019-08-09,0008,N20,VIIRS,n,2,284.75,0.42,N,0
52.84949,29.99224,300.34,0.74,0.76,2019-08-09,0147,N20,VIIRS,n,2,282.88,1.13,N,2
52.8484,29.99217,297.83,0.74,0.76,2019-08-09,0147,N20,VIIRS,n,2,282.75,1.23,N,2
51.89507,29.3427,300.01,0.77,0.77,2019-08-09,0147,N20,VIIRS,n,2,283.76,1.52,N,2
51.89144,29.33799,299.16,0.77,0.77,2019-08-09,0147,N20,VIIRS,n,2,283.02,1.85,N,2
52.37597,25.82838,339.69,0.34,0.56,2019-08-09,0956,N20,VIIRS,n,2,291.51,3.68,D,0
53.45399,27.10437,326.63,0.57,0.52,2019-08-09,0956,N20,VIIRS,n,2,287.52,2.67,D,0
51.87798,26.53884,334.25,0.34,0.56,2019-08-09,0956,N20,VIIRS,n,2,292.56,2.42,D,0
53.29717,24.64542,341.51,0.44,0.46,2019-08-09,1137,N20,VIIRS,n,2,298.63,6.78,D,0
53.29764,24.65207,341.04,0.44,0.46,2019-08-09,1137,N20,VIIRS,n,2,297.01,6.78,D,0
52.43318,25.80447,333.67,0.48,0.48,2019-08-09,1137,N20,VIIRS,n,2,292.45,3.8,D,0
52.42875,25.80523,327.05,0.48,0.48,2019-08-09,1137,N20,VIIRS,n,2,292.29,2.41,D,0
53.30142,24.64461,341.94,0.44,0.46,2019-08-09,1137,N20,VIIRS,n,2,299.69,37.98,D,0
52.37362,25.83013,339.59,0.48,0.48,2019-08-09,1137,N20,VIIRS,n,2,292.3,5.28,D,0
53.3019,24.65124,345.43,0.44,0.46,2019-08-09,1137,N20,VIIRS,n,2,307.59,37.98,D,0
53.30237,24.65791,339.47,0.44,0.46,2019-08-09,1137,N20,VIIRS,n,2,294.79,7.92,D,0
53.27107,24.44382,305.3,0.51,0.5,2019-08-09,2348,N20,VIIRS,n,2,284.44,0.67,N,2
53.39501,32.01159,310.25,0.43,0.38,2019-08-09,2348,N20,VIIRS,n,2,286.05,1.23,N,2
52.84901,29.99008,315.25,0.48,0.4,2019-08-09,2348,N20,VIIRS,n,2,284.8,2.07,N,2
51.8927,29.34192,296.35,0.49,0.4,2019-08-09,2349,N20,VIIRS,n,2,283.04,0.93,N,2
52.84511,29.98883,309.45,0.51,0.66,2019-08-10,0128,N20,VIIRS,n,2,281.32,1.81,N,2
53.27066,24.44031,301.2,0.61,0.53,2019-08-10,0129,N20,VIIRS,n,2,283.63,2.19,N,2
51.89197,29.3396,305.73,0.52,0.67,2019-08-10,0129,N20,VIIRS,n,2,281.85,1.3,N,2
53.27356,24.44111,301.6,0.61,0.53,2019-08-10,0129,N20,VIIRS,n,2,282.98,0.48,N,2
52.55296,29.27241,343.74,0.38,0.59,2019-08-10,0937,N20,VIIRS,n,2,289.88,5.08,D,0
52.55505,29.27145,342.4,0.38,0.59,2019-08-10,0937,N20,VIIRS,n,2,290.31,5.7,D,0
52.84773,29.98968,367,0.35,0.57,2019-08-10,0937,N20,VIIRS,h,2,293.96,9.34,D,2
54.67564,30.14445,339.58,0.48,0.48,2019-08-10,1118,N20,VIIRS,n,2,291.79,5.12,D,0
52.8466,29.49138,342.74,0.44,0.46,2019-08-10,1118,N20,VIIRS,n,2,291.37,6.29,D,0
52.84784,29.99239,341.16,0.46,0.47,2019-08-10,1118,N20,VIIRS,n,2,297.9,5.97,D,2
52.23275,31.23672,295.54,0.42,0.45,2019-08-10,2329,N20,VIIRS,n,2,282.28,0.4,N,0
53.67092,31.82666,301.18,0.41,0.45,2019-08-10,2329,N20,VIIRS,n,2,282.12,0.97,N,2
53.39664,32.01108,296.34,0.4,0.44,2019-08-10,2329,N20,VIIRS,n,2,280.14,1.22,N,2
53.13932,25.17528,325.48,0.75,0.77,2019-08-11,0919,N20,VIIRS,n,2,291.57,5.38,D,0
53.26323,24.44786,295.53,0.64,0.72,2019-08-11,2310,N20,VIIRS,n,2,285.31,0.49,N,2
52.84829,29.99226,296.5,0.37,0.58,2019-08-11,2310,N20,VIIRS,n,2,284.55,1.18,N,2
53.67041,31.82275,295.27,0.64,0.54,2019-08-11,2310,N20,VIIRS,n,2,284.66,0.43,N,0
52.84844,29.98662,302.16,0.37,0.58,2019-08-11,2310,N20,VIIRS,n,2,284.42,1.13,N,2
53.36731,32.34069,335.32,0.6,0.53,2019-08-11,2310,N20,VIIRS,n,2,284.1,4.24,N,0
53.26976,24.4376,299.77,0.64,0.72,2019-08-11,2310,N20,VIIRS,n,2,284.51,0.79,N,0
51.89634,29.3402,303.52,0.39,0.6,2019-08-11,2311,N20,VIIRS,n,2,286.68,1.18,N,2
53.26358,24.44586,298.92,0.44,0.38,2019-08-12,0051,N20,VIIRS,n,2,286.75,0.72,N,0
51.89267,29.34021,306.49,0.45,0.47,2019-08-12,0051,N20,VIIRS,n,2,287.43,1.09,N,2
53.26189,24.4511,302.75,0.44,0.38,2019-08-12,0051,N20,VIIRS,n,2,287.85,1.25,N,2
52.84793,29.98697,310.65,0.45,0.47,2019-08-12,0051,N20,VIIRS,n,2,284.84,1.69,N,2
52.84636,29.99317,300.37,0.45,0.47,2019-08-12,0051,N20,VIIRS,n,2,284.98,1.25,N,2
53.27157,24.44329,310.82,0.44,0.38,2019-08-12,0051,N20,VIIRS,n,2,287.68,1.47,N,2
53.14117,25.16206,345.22,0.43,0.38,2019-08-12,1040,N20,VIIRS,n,2,296.91,7.57,D,0
53.43627,30.22072,330.38,0.39,0.36,2019-08-12,1040,N20,VIIRS,n,2,296.03,1.93,D,0
52.6682,27.73984,329.45,0.39,0.36,2019-08-12,1040,N20,VIIRS,n,2,298.52,7.28,D,0
53.07957,30.48409,346.9,0.39,0.36,2019-08-12,1040,N20,VIIRS,n,2,293.13,10.67,D,0
51.96084,24.23102,332.1,0.48,0.4,2019-08-12,1040,N20,VIIRS,n,2,297.74,12.22,D,0
52.84591,29.99074,336.75,0.38,0.36,2019-08-12,1040,N20,VIIRS,n,2,300.94,6.61,D,2
51.84459,28.19513,330.2,0.39,0.36,2019-08-12,1040,N20,VIIRS,n,2,302.79,3.14,D,0
52.55876,24.66677,348.91,0.63,0.72,2019-08-12,1221,N20,VIIRS,n,2,286.93,12.59,D,0
52.55859,24.67637,356.03,0.63,0.72,2019-08-12,1221,N20,VIIRS,l,2,284.8,12.59,D,0
51.89421,29.33975,309.08,0.46,0.39,2019-08-13,0032,N20,VIIRS,n,2,286.62,1,N,2
51.8927,29.34129,338.35,0.47,0.39,2019-08-13,1021,N20,VIIRS,n,2,293.21,6.76,D,2
51.88809,29.34574,334.41,0.63,0.72,2019-08-13,1202,N20,VIIRS,n,2,286.57,5.97,D,0
55.50426,28.58921,299.31,0.39,0.37,2019-08-14,0013,N20,VIIRS,n,2,283.43,0.42,N,2
53.67031,31.82877,301.7,0.4,0.37,2019-08-14,0013,N20,VIIRS,n,2,288.51,0.86,N,2
52.41816,31.07957,329.98,0.4,0.37,2019-08-14,0013,N20,VIIRS,n,2,278.43,3.25,N,0
53.27005,24.44336,304.7,0.46,0.39,2019-08-14,0013,N20,VIIRS,n,2,285.32,1.53,N,2
53.26215,24.44789,308.52,0.46,0.39,2019-08-14,0013,N20,VIIRS,n,2,286.56,1.66,N,2
53.27077,24.44413,297.37,0.52,0.67,2019-08-14,0153,N20,VIIRS,n,2,282.44,0.89,N,2
53.26293,24.44834,300.32,0.52,0.67,2019-08-14,0153,N20,VIIRS,n,2,283.08,1.12,N,2
53.27314,24.44026,297.3,0.52,0.67,2019-08-14,0153,N20,VIIRS,n,2,282.11,1.27,N,2
53.26445,24.45162,296.31,0.35,0.57,2019-08-15,0135,N20,VIIRS,n,2,283.38,0.61,N,2
53.25977,24.44764,295.52,0.35,0.57,2019-08-15,0135,N20,VIIRS,n,2,282.18,0.61,N,2
53.27344,24.44152,298.63,0.35,0.57,2019-08-15,0135,N20,VIIRS,n,2,282.1,0.61,N,2
52.86814,25.12955,332.87,0.46,0.64,2019-08-15,0944,N20,VIIRS,n,2,288.75,2.41,D,0
52.89861,25.65795,328.2,0.44,0.62,2019-08-15,0944,N20,VIIRS,n,2,287.44,3.55,D,0
52.94927,25.87134,330.6,0.55,0.43,2019-08-15,1124,N20,VIIRS,n,2,288.35,3.24,D,0
51.95998,25.90367,328.42,0.54,0.42,2019-08-15,1124,N20,VIIRS,n,2,292.1,3.38,D,0
53.38801,27.03804,335.67,0.41,0.45,2019-08-15,1124,N20,VIIRS,n,2,291.89,3.72,D,0
51.95944,25.90399,328.63,0.54,0.42,2019-08-15,1124,N20,VIIRS,n,2,291.91,2.59,D,0
53.78601,27.67689,326.62,0.44,0.46,2019-08-15,1124,N20,VIIRS,n,2,290.69,1.16,D,0
53.69922,25.71209,303.19,0.62,0.54,2019-08-15,2335,N20,VIIRS,n,2,279.77,1.93,N,0
53.26238,24.45026,295.21,0.35,0.57,2019-08-15,2336,N20,VIIRS,n,2,283.06,0.56,N,2
53.26256,24.44492,295.47,0.35,0.57,2019-08-15,2336,N20,VIIRS,n,2,281.14,0.56,N,0
53.27324,24.44065,313.27,0.35,0.57,2019-08-15,2336,N20,VIIRS,n,2,282.81,0.92,N,2
53.2606,24.45243,298.27,0.47,0.47,2019-08-16,0116,N20,VIIRS,n,2,282.6,0.82,N,2
53.26226,24.44599,297.43,0.47,0.47,2019-08-16,0116,N20,VIIRS,n,2,282.2,0.77,N,0
53.272,24.44532,306.98,0.46,0.47,2019-08-16,0116,N20,VIIRS,n,2,282.37,1.01,N,2
52.56687,27.09099,326.42,0.43,0.38,2019-08-16,1105,N20,VIIRS,n,2,292.96,1.99,D,0
53.68112,23.90542,328.13,0.39,0.36,2019-08-16,1105,N20,VIIRS,l,2,299.27,3.06,D,0
52.03987,25.29531,344.36,0.39,0.36,2019-08-16,1105,N20,VIIRS,n,2,292.45,10.03,D,0
53.26446,24.44497,297.45,0.55,0.68,2019-08-16,2316,N20,VIIRS,n,2,282.02,1.16,N,0
53.27075,24.43638,296.95,0.55,0.68,2019-08-16,2316,N20,VIIRS,n,2,280.55,0.58,N,2
53.26276,24.44866,299.61,0.55,0.68,2019-08-16,2316,N20,VIIRS,n,2,283.25,1.11,N,2
52.84994,29.98805,323.17,0.32,0.55,2019-08-16,2317,N20,VIIRS,n,2,280.64,2.01,N,2
52.84806,29.99515,310.19,0.51,0.49,2019-08-17,0057,N20,VIIRS,n,2,280.9,4.87,N,2
52.84853,29.98726,335.88,0.51,0.49,2019-08-17,0057,N20,VIIRS,n,2,280.38,5.46,N,2
52.84665,29.99431,325.2,0.51,0.5,2019-08-17,0057,N20,VIIRS,n,2,281.43,5.46,N,2
53.27087,24.44346,304.95,0.48,0.4,2019-08-17,0057,N20,VIIRS,n,2,283.31,1.11,N,2
52.84997,29.98813,336.92,0.51,0.49,2019-08-17,0057,N20,VIIRS,n,2,280.07,3.13,N,2
55.57359,27.36241,327.42,0.52,0.42,2019-08-17,0057,N20,VIIRS,n,2,279.79,3.13,N,0
53.26289,24.44636,298.05,0.48,0.4,2019-08-17,0057,N20,VIIRS,n,2,283.83,0.89,N,2
53.25794,24.45116,295.18,0.48,0.4,2019-08-17,0057,N20,VIIRS,n,2,282.65,0.89,N,2
52.84578,29.98506,299.8,0.51,0.49,2019-08-17,0057,N20,VIIRS,n,2,280.17,3.13,N,2
53.26241,24.44619,297.41,0.48,0.4,2019-08-17,0057,N20,VIIRS,n,2,283.77,0.91,N,2
53.26094,24.45303,298.9,0.48,0.4,2019-08-17,0057,N20,VIIRS,n,2,282.88,0.67,N,2
53.27133,24.44363,306.24,0.48,0.4,2019-08-17,0057,N20,VIIRS,n,2,283.48,1.62,N,2
53.28139,25.16145,328.57,0.4,0.37,2019-08-17,1046,N20,VIIRS,n,2,292.32,2.52,D,0
52.85035,29.99123,299.82,0.51,0.66,2019-08-17,2258,N20,VIIRS,n,2,280.46,1.03,N,2
51.89486,29.34275,296.39,0.54,0.68,2019-08-17,2258,N20,VIIRS,n,2,282.53,1.04,N,2
51.89486,29.33462,301.66,0.54,0.68,2019-08-17,2258,N20,VIIRS,n,2,282.67,2.13,N,2
51.8975,29.33965,300.02,0.54,0.68,2019-08-17,2258,N20,VIIRS,n,2,282.27,1.18,N,2
52.84933,29.98967,307.76,0.52,0.41,2019-08-18,0038,N20,VIIRS,n,2,279.61,2.09,N,2
52.84572,29.98748,314.73,0.52,0.41,2019-08-18,0038,N20,VIIRS,n,2,281.59,2.09,N,2
55.50363,28.58801,297.54,0.43,0.38,2019-08-18,0038,N20,VIIRS,n,2,282.26,0.46,N,2
53.26227,24.44839,304.35,0.39,0.36,2019-08-18,0038,N20,VIIRS,n,2,286.42,1.17,N,2
53.27066,24.4401,311.97,0.39,0.36,2019-08-18,0038,N20,VIIRS,n,2,284.61,1.65,N,2
52.84612,29.98881,324.92,0.52,0.41,2019-08-18,0038,N20,VIIRS,n,2,281.72,3.69,N,2
51.89208,29.34246,303.36,0.52,0.41,2019-08-18,0039,N20,VIIRS,n,2,284.79,1.42,N,2
53.25885,24.45207,301.46,0.39,0.36,2019-08-18,0039,N20,VIIRS,n,2,285.65,0.94,N,2
52.89197,29.76151,338.39,0.41,0.37,2019-08-18,1027,N20,VIIRS,n,2,293.14,2.96,D,0
51.65948,28.93654,330.42,0.44,0.38,2019-08-18,1027,N20,VIIRS,n,2,296.48,2.35,D,0
51.89287,29.34155,335.84,0.43,0.38,2019-08-18,1027,N20,VIIRS,n,2,302.83,5.23,D,2
52.84641,29.9886,334.64,0.4,0.37,2019-08-18,1027,N20,VIIRS,n,2,300.06,6.85,D,2
53.41856,24.56628,330.17,0.55,0.42,2019-08-18,1028,N20,VIIRS,n,2,298.08,3.97,D,0
51.89079,29.34181,328.86,0.73,0.76,2019-08-18,1208,N20,VIIRS,n,2,294.05,8.57,D,2
51.88203,27.90615,367,0.64,0.72,2019-08-18,1208,N20,VIIRS,h,2,294.17,22.25,D,0
51.88643,27.90591,367,0.63,0.72,2019-08-18,1208,N20,VIIRS,h,2,294.26,21.73,D,0
53.39452,32.00862,295.68,0.67,0.73,2019-08-18,2238,N20,VIIRS,n,2,283.79,0.77,N,2
53.39648,32.01287,300.61,0.43,0.38,2019-08-19,0019,N20,VIIRS,n,2,284.89,0.78,N,2
53.76373,27.25593,297.12,0.39,0.36,2019-08-19,0019,N20,VIIRS,n,2,284.51,0.56,N,0
53.67081,31.82504,298.28,0.42,0.38,2019-08-19,0019,N20,VIIRS,n,2,285.16,0.58,N,2
55.50538,28.58636,303.29,0.38,0.36,2019-08-19,0019,N20,VIIRS,n,2,284.16,0.57,N,2
51.88956,29.33837,299.07,0.4,0.37,2019-08-19,0020,N20,VIIRS,n,2,285.15,0.46,N,2
51.89444,29.34216,309.03,0.4,0.37,2019-08-19,0020,N20,VIIRS,n,2,287.55,0.73,N,2
52.416,29.85477,327.92,0.4,0.37,2019-08-19,0020,N20,VIIRS,n,2,285.77,2.83,N,0
51.89117,29.34067,296.66,0.4,0.37,2019-08-19,0020,N20,VIIRS,n,2,285.38,0.73,N,2
52.84776,29.99189,338.12,0.4,0.37,2019-08-19,0020,N20,VIIRS,n,2,286.77,4.89,N,2
52.85325,30.00079,298.87,0.4,0.37,2019-08-19,0020,N20,VIIRS,n,2,285.52,0.47,N,0
51.86555,26.78043,303.43,0.38,0.36,2019-08-19,0020,N20,VIIRS,n,2,285.27,0.69,N,0
53.26189,24.45217,299.95,0.59,0.7,2019-08-19,0200,N20,VIIRS,n,2,284.57,1.43,N,2
52.41637,29.85147,328.48,0.55,0.43,2019-08-19,1008,N20,VIIRS,n,2,296.02,2.88,D,0
51.89308,29.34089,343.69,0.4,0.44,2019-08-19,1008,N20,VIIRS,n,2,301.51,6.67,D,2
51.99193,28.8652,329.42,0.41,0.45,2019-08-19,1008,N20,VIIRS,n,2,295.93,3.52,D,0
52.7587,29.38618,326.9,0.56,0.43,2019-08-19,1008,N20,VIIRS,n,2,295.63,4.54,D,0
53.62094,30.45894,340.75,0.5,0.41,2019-08-19,1009,N20,VIIRS,n,2,294.04,6.85,D,0
54.38208,30.51896,338.77,0.48,0.4,2019-08-19,1009,N20,VIIRS,n,2,292.85,2.9,D,0
52.75844,29.38786,330.74,0.56,0.43,2019-08-19,1009,N20,VIIRS,n,2,295.73,3.93,D,0
51.89398,29.3426,339.67,0.46,0.63,2019-08-19,1149,N20,VIIRS,n,2,294.69,5.85,D,2
52.25906,26.74037,325.86,0.35,0.57,2019-08-19,1149,N20,VIIRS,n,2,293.1,1.78,D,0
53.3951,32.01287,310.05,0.39,0.36,2019-08-20,0000,N20,VIIRS,n,2,289.37,1.49,N,2
53.67066,31.82766,303.59,0.39,0.36,2019-08-20,0000,N20,VIIRS,n,2,288.1,0.86,N,2
53.26151,24.45005,298.83,0.39,0.44,2019-08-20,0001,N20,VIIRS,n,2,286.06,1.18,N,2
51.86322,26.77995,306.84,0.47,0.39,2019-08-20,0001,N20,VIIRS,n,2,288.37,0.76,N,0
51.8935,29.34013,306.93,0.41,0.37,2019-08-20,0001,N20,VIIRS,n,2,289.7,1.32,N,2
52.84725,29.99146,342.86,0.4,0.37,2019-08-20,0001,N20,VIIRS,n,2,288.87,6.25,N,2
52.84879,29.98703,300.04,0.4,0.37,2019-08-20,0001,N20,VIIRS,n,2,287.51,2.36,N,2
52.848,29.99291,327.38,0.4,0.37,2019-08-20,0001,N20,VIIRS,n,2,289.81,3.62,N,2
51.89919,29.32382,301.82,0.41,0.37,2019-08-20,0001,N20,VIIRS,n,2,291.32,1.57,N,0
52.84703,29.98949,303.27,0.65,0.73,2019-08-20,0140,N20,VIIRS,n,2,281.34,1.45,N,2
52.56952,28.70875,306.05,0.6,0.71,2019-08-20,0141,N20,VIIRS,n,2,282.3,1.46,N,0
52.8479,29.99498,297.14,0.65,0.73,2019-08-20,0141,N20,VIIRS,n,2,281.45,1.97,N,2
51.89417,29.34039,301.08,0.68,0.74,2019-08-20,0141,N20,VIIRS,n,2,286.12,1.55,N,2
51.89066,29.34095,299.47,0.68,0.74,2019-08-20,0141,N20,VIIRS,n,2,285.52,1.3,N,2
51.89025,29.34424,326.94,0.6,0.53,2019-08-20,0950,N20,VIIRS,n,2,296.03,4.21,D,2
52.84568,29.9943,326.5,0.53,0.5,2019-08-20,0950,N20,VIIRS,n,2,294.44,4.6,D,2
51.89344,29.34199,326.31,0.6,0.53,2019-08-20,0950,N20,VIIRS,l,2,296.34,3.93,D,2
51.89168,29.34517,340.61,0.57,0.52,2019-08-20,1130,N20,VIIRS,n,2,296.86,5.94,D,2
52.68386,28.41934,338.66,0.53,0.5,2019-08-20,1130,N20,VIIRS,n,2,291.45,8.07,D,0
52.68556,28.41814,331.29,0.53,0.5,2019-08-20,1130,N20,VIIRS,n,2,291.73,2.74,D,0
51.89104,29.34454,340.94,0.57,0.52,2019-08-20,1130,N20,VIIRS,n,2,296.86,8.79,D,2
52.68092,28.41885,332.82,0.53,0.5,2019-08-20,1130,N20,VIIRS,n,2,291.97,2.74,D,0
52.85306,29.99405,304.08,0.54,0.42,2019-08-20,2342,N20,VIIRS,n,2,289.47,1.39,N,2
51.89313,29.34078,306.99,0.55,0.43,2019-08-20,2342,N20,VIIRS,n,2,289.55,2.08,N,2
52.76378,27.06873,308.72,0.46,0.47,2019-08-20,2342,N20,VIIRS,n,2,279.81,2.03,N,0
52.76405,27.06799,306.94,0.46,0.47,2019-08-20,2342,N20,VIIRS,n,2,279.97,1.3,N,0
52.84534,29.99201,308.17,0.54,0.42,2019-08-20,2342,N20,VIIRS,n,2,287.26,4.05,N,2
52.84921,29.99303,328.65,0.54,0.42,2019-08-20,2342,N20,VIIRS,n,2,288.54,4.05,N,2
52.84898,29.99374,316.47,0.44,0.63,2019-08-21,0122,N20,VIIRS,n,2,281.76,2.17,N,2
52.84643,29.98918,322.39,0.44,0.63,2019-08-21,0122,N20,VIIRS,n,2,281.84,2.01,N,2
51.89172,29.34048,310.14,0.45,0.63,2019-08-21,0122,N20,VIIRS,n,2,286.63,1.32,N,2
53.69456,31.27737,342.05,0.34,0.56,2019-08-21,0931,N20,VIIRS,n,2,292.65,3.08,D,0
52.84745,29.99411,336.79,0.4,0.6,2019-08-21,0931,N20,VIIRS,n,2,298.31,3.19,D,2
53.23173,31.51059,326.27,0.34,0.56,2019-08-21,0931,N20,VIIRS,n,2,288.79,1.88,D,0
53.2271,31.5145,355.9,0.34,0.56,2019-08-21,0931,N20,VIIRS,l,2,288.88,12.93,D,0
53.2257,31.50988,341.22,0.34,0.56,2019-08-21,0931,N20,VIIRS,n,2,288.19,8.94,D,0
51.88942,29.34513,343.33,0.46,0.63,2019-08-21,0931,N20,VIIRS,n,2,297.72,5.72,D,2
52.93732,29.83993,334.79,0.4,0.6,2019-08-21,0931,N20,VIIRS,n,2,295.25,3.53,D,0
52.84574,29.98884,325.57,0.4,0.6,2019-08-21,0931,N20,VIIRS,l,2,297.19,3.19,D,2
52.04599,26.22363,332.01,0.44,0.38,2019-08-21,1111,N20,VIIRS,n,2,299.67,6.23,D,0
52.84501,29.99304,340.01,0.4,0.44,2019-08-21,1111,N20,VIIRS,n,2,301.9,2.85,D,2
51.8938,29.34335,341.52,0.55,0.42,2019-08-21,1111,N20,VIIRS,n,2,303.81,5.39,D,2
51.89395,29.34243,335.86,0.55,0.42,2019-08-21,1111,N20,VIIRS,n,2,304.16,6.65,D,2
51.49031,29.26914,337.72,0.54,0.42,2019-08-21,1111,N20,VIIRS,n,2,299.39,5.41,D,0
52.0425,26.2247,330.45,0.44,0.38,2019-08-21,1111,N20,VIIRS,n,2,300.91,2.59,D,0
53.015,26.81957,332.12,0.46,0.39,2019-08-21,1111,N20,VIIRS,n,2,298.65,4.5,D,0
52.84524,29.99278,298.17,0.55,0.51,2019-08-21,2323,N20,VIIRS,n,2,285.43,1.81,N,2
52.38663,30.86016,325.43,0.5,0.49,2019-08-21,2323,N20,VIIRS,n,2,287.97,1.75,N,0
52.38747,30.86009,325.3,0.5,0.49,2019-08-21,2323,N20,VIIRS,n,2,288.31,3.58,N,0
52.84931,29.98829,332.48,0.55,0.51,2019-08-21,2323,N20,VIIRS,n,2,286.74,6.41,N,2
52.84566,29.98452,313.18,0.55,0.51,2019-08-21,2323,N20,VIIRS,n,2,285.77,3.19,N,2
52.84996,29.99354,300.2,0.55,0.51,2019-08-21,2323,N20,VIIRS,n,2,285.77,1.79,N,2
52.85039,29.98526,308.7,0.55,0.51,2019-08-21,2323,N20,VIIRS,n,2,285.37,1.66,N,2
53.39626,32.01069,306.19,0.46,0.47,2019-08-21,2323,N20,VIIRS,n,2,289.73,1.2,N,0
53.26285,24.44872,295.37,0.54,0.42,2019-08-22,0103,N20,VIIRS,n,2,282.68,0.73,N,2
51.8882,30.50527,306.61,0.33,0.55,2019-08-22,0103,N20,VIIRS,n,2,286.42,0.48,N,0
53.58897,31.95306,298.28,0.33,0.55,2019-08-22,0103,N20,VIIRS,n,2,280.15,0.35,N,2
51.88841,30.50758,302.47,0.33,0.55,2019-08-22,0103,N20,VIIRS,n,2,286.75,0.47,N,0
53.2719,24.44572,305.69,0.54,0.42,2019-08-22,0103,N20,VIIRS,n,2,282.41,0.62,N,2
52.26463,28.86341,331.86,0.4,0.37,2019-08-22,1052,N20,VIIRS,n,2,294.49,3.01,D,0
52.6719,30.07081,325.66,0.42,0.38,2019-08-22,1052,N20,VIIRS,n,2,292.19,1.35,D,0
52.67305,30.066,326.97,0.42,0.38,2019-08-22,1052,N20,VIIRS,n,2,293.61,1.03,D,0
51.91969,26.53904,346.81,0.38,0.36,2019-08-22,1052,N20,VIIRS,n,2,300.67,7.29,D,0
52.84695,29.98363,310.44,0.44,0.62,2019-08-22,2304,N20,VIIRS,n,2,284.09,3.34,N,2
52.84686,29.99026,330.4,0.44,0.62,2019-08-22,2304,N20,VIIRS,n,2,286.1,3.88,N,2
53.27077,24.4412,295.99,0.75,0.77,2019-08-22,2304,N20,VIIRS,n,2,282.08,0.94,N,2
53.39698,32.01316,301.52,0.36,0.58,2019-08-22,2304,N20,VIIRS,n,2,285.41,1.18,N,2
51.89469,29.33837,302.94,0.46,0.64,2019-08-22,2304,N20,VIIRS,n,2,284.37,1.14,N,2
51.89082,29.33851,303.02,0.39,0.44,2019-08-23,0045,N20,VIIRS,n,2,283.09,0.58,N,2
53.27207,24.44197,308.27,0.41,0.37,2019-08-23,0045,N20,VIIRS,n,2,284.84,1.48,N,2
51.89462,29.34083,296.19,0.39,0.44,2019-08-23,0045,N20,VIIRS,n,2,283.63,0.58,N,2
53.26337,24.45038,297.02,0.41,0.37,2019-08-23,0045,N20,VIIRS,n,2,284.56,0.75,N,2
52.84759,29.99183,338.21,0.39,0.44,2019-08-23,0045,N20,VIIRS,n,2,283.13,8.33,N,2
53.65012,31.51272,329.56,0.71,0.75,2019-08-23,0854,N20,VIIRS,n,2,288.68,3.61,D,0
52.91687,30.38243,340.42,0.39,0.36,2019-08-23,1033,N20,VIIRS,n,2,296.9,6.5,D,0
52.9201,30.38101,339.65,0.39,0.36,2019-08-23,1033,N20,VIIRS,n,2,299.12,5.02,D,0
53.01498,30.4572,332.03,0.38,0.36,2019-08-23,1033,N20,VIIRS,n,2,304.01,30.48,D,0
52.84683,29.99298,335.53,0.39,0.36,2019-08-23,1033,N20,VIIRS,n,2,302.06,3.4,D,2
53.09741,30.9609,328.76,0.38,0.36,2019-08-23,1033,N20,VIIRS,n,2,296.51,2.41,D,0
53.21354,31.47553,333.32,0.38,0.36,2019-08-23,1033,N20,VIIRS,n,2,296.26,4.2,D,0
53.21029,31.47688,326.86,0.38,0.36,2019-08-23,1033,N20,VIIRS,l,2,296.91,2.22,D,0
54.027,30.64314,327.07,0.38,0.36,2019-08-23,1034,N20,VIIRS,n,2,297.3,1.28,D,0
53.91993,31.70475,335.28,0.39,0.36,2019-08-23,1034,N20,VIIRS,n,2,297.47,3.91,D,0
53.6482,31.51047,327.03,0.39,0.36,2019-08-23,1034,N20,VIIRS,n,2,295.28,1.2,D,0
53.17513,30.40135,342.26,0.38,0.36,2019-08-23,1034,N20,VIIRS,n,2,298.35,8.38,D,0
53.39399,32.00938,299.69,0.57,0.69,2019-08-23,2245,N20,VIIRS,n,2,285.03,1.01,N,2
53.39429,32.00795,299.39,0.57,0.69,2019-08-23,2245,N20,VIIRS,n,2,284.96,1.2,N,2
51.89128,29.3304,299.22,0.74,0.76,2019-08-23,2245,N20,VIIRS,n,2,284.47,1.48,N,0
51.89529,29.33352,298.81,0.74,0.76,2019-08-23,2245,N20,VIIRS,n,2,284.59,1.63,N,2
51.89733,29.29679,302.03,0.74,0.76,2019-08-23,2245,N20,VIIRS,n,2,284.05,2.24,N,0
52.85173,29.98393,315.32,0.69,0.75,2019-08-23,2245,N20,VIIRS,n,2,283.12,2.75,N,2
51.89404,29.28904,305.18,0.74,0.76,2019-08-23,2245,N20,VIIRS,n,2,283.5,2.53,N,0
52.85038,29.98837,317.96,0.69,0.75,2019-08-23,2245,N20,VIIRS,n,2,283.85,3.88,N,2
55.53247,28.51609,301.8,0.39,0.36,2019-08-24,0025,N20,VIIRS,n,2,284.54,1.01,N,0
52.84622,29.99314,325.74,0.42,0.38,2019-08-24,0026,N20,VIIRS,n,2,285.27,2.76,N,2
52.84739,29.98706,317.77,0.42,0.38,2019-08-24,0026,N20,VIIRS,n,2,284.52,2.76,N,2
53.39587,32.01465,299.55,0.47,0.39,2019-08-24,0026,N20,VIIRS,n,2,284.59,1.57,N,2
51.89101,29.34055,296.82,0.42,0.38,2019-08-24,0026,N20,VIIRS,n,2,283.61,1.04,N,2
51.89434,29.3422,315.25,0.42,0.38,2019-08-24,0026,N20,VIIRS,n,2,285.33,1.04,N,2
53.26242,24.44748,298.39,0.39,0.36,2019-08-24,0026,N20,VIIRS,n,2,284.76,1.08,N,2
53.26983,24.44425,310.95,0.39,0.36,2019-08-24,0026,N20,VIIRS,n,2,284.69,1.58,N,2
52.85289,29.99663,303.89,0.42,0.38,2019-08-24,0026,N20,VIIRS,n,2,287.88,1.3,N,2
53.27459,24.4426,295.67,0.67,0.73,2019-08-24,0206,N20,VIIRS,n,2,281.95,0.62,N,2
53.27118,24.44062,298.55,0.67,0.73,2019-08-24,0206,N20,VIIRS,n,2,282.35,0.57,N,2
52.84596,29.99015,339.23,0.48,0.4,2019-08-24,1015,N20,VIIRS,n,2,303.36,4.88,D,2
54.23267,30.10194,325.77,0.45,0.39,2019-08-24,1015,N20,VIIRS,n,2,293.4,1.58,D,0
53.93528,27.57484,326.89,0.54,0.42,2019-08-24,1015,N20,VIIRS,n,2,295.89,1.38,D,0
51.90873,26.97577,339.19,0.42,0.45,2019-08-24,1015,N20,VIIRS,n,2,296.15,6.97,D,0
54.08755,30.18703,328.13,0.45,0.39,2019-08-24,1015,N20,VIIRS,n,2,296.09,1.86,D,0
53.22068,31.60818,331.21,0.43,0.38,2019-08-24,1015,N20,VIIRS,n,2,297.81,2.97,D,0
52.11412,28.47817,326.26,0.49,0.65,2019-08-24,1155,N20,VIIRS,n,2,296.91,1.82,D,0
53.60602,24.76304,347.54,0.35,0.57,2019-08-24,1156,N20,VIIRS,n,2,292.44,5.29,D,0
53.27053,24.44367,327.69,0.34,0.56,2019-08-24,1156,N20,VIIRS,n,2,297.8,1.22,D,2
53.60619,24.76836,336.55,0.35,0.57,2019-08-24,1156,N20,VIIRS,n,2,291.74,4.58,D,0
54.95736,30.65379,328.23,0.61,0.71,2019-08-24,1156,N20,VIIRS,n,2,288.15,3.59,D,0
54.1811,31.1392,367,0.64,0.72,2019-08-24,1156,N20,VIIRS,h,2,292.2,14.78,D,0
54.17912,31.14301,367,0.64,0.72,2019-08-24,1156,N20,VIIRS,h,2,292.28,15.23,D,0
55.53317,28.51484,306.11,0.42,0.38,2019-08-25,0006,N20,VIIRS,n,2,285.97,0.58,N,0
55.50618,28.58695,295.29,0.42,0.38,2019-08-25,0006,N20,VIIRS,n,2,283.91,0.56,N,2
52.84703,29.9929,306.76,0.39,0.36,2019-08-25,0007,N20,VIIRS,n,2,286.27,1.38,N,2
53.39441,32.01244,314.54,0.39,0.36,2019-08-25,0007,N20,VIIRS,n,2,288.25,1.64,N,2
53.26287,24.44579,299.58,0.51,0.41,2019-08-25,0007,N20,VIIRS,n,2,285.76,1.23,N,0
53.58828,31.95122,295.01,0.39,0.36,2019-08-25,0007,N20,VIIRS,n,2,284.53,0.65,N,2
51.86422,26.77673,299.79,0.42,0.38,2019-08-25,0007,N20,VIIRS,n,2,283.83,0.54,N,0
51.89378,29.34323,304.37,0.39,0.36,2019-08-25,0007,N20,VIIRS,n,2,285.54,0.94,N,2
51.90032,29.32231,297.52,0.39,0.36,2019-08-25,0007,N20,VIIRS,n,2,287.18,0.88,N,0
51.95583,29.36296,297.55,0.39,0.36,2019-08-25,0007,N20,VIIRS,n,2,283.1,0.19,N,0
52.84787,29.98726,321.46,0.39,0.36,2019-08-25,0007,N20,VIIRS,n,2,285.83,2.22,N,2
53.67109,31.82458,305.44,0.38,0.36,2019-08-25,0007,N20,VIIRS,n,2,285.77,0.65,N,2
53.27117,24.44024,307.39,0.51,0.41,2019-08-25,0007,N20,VIIRS,n,2,286.02,1.27,N,2
55.5325,28.51982,301.53,0.51,0.66,2019-08-25,0146,N20,VIIRS,n,2,282.64,1.3,N,0
55.52744,28.53328,296.58,0.51,0.66,2019-08-25,0146,N20,VIIRS,n,2,284.3,1.62,N,0
52.84954,29.99407,307.44,0.74,0.76,2019-08-25,0147,N20,VIIRS,n,2,283.15,2.57,N,2
53.26244,24.45057,297.36,0.46,0.63,2019-08-25,0147,N20,VIIRS,n,2,284.64,1.12,N,2
53.27163,24.44347,303.64,0.46,0.63,2019-08-25,0147,N20,VIIRS,n,2,284.6,1.07,N,2
52.8507,29.98894,309.23,0.74,0.76,2019-08-25,0147,N20,VIIRS,n,2,282.83,3.08,N,2
54.07945,31.58434,333.88,0.56,0.43,2019-08-25,0956,N20,VIIRS,n,2,296.18,8.28,D,0
51.89239,29.33906,330.13,0.52,0.5,2019-08-25,0956,N20,VIIRS,n,2,298.52,3.84,D,2
52.38666,25.27386,338.03,0.36,0.57,2019-08-25,0956,N20,VIIRS,n,2,294,1.87,D,0
52.39006,25.26335,353.17,0.45,0.47,2019-08-25,1136,N20,VIIRS,n,2,300.64,12.57,D,0
52.38623,25.27082,327.67,0.45,0.47,2019-08-25,1136,N20,VIIRS,n,2,296.29,12.57,D,0
52.39054,25.27004,345.25,0.45,0.47,2019-08-25,1136,N20,VIIRS,n,2,299.1,12.57,D,0
55.53125,28.51752,298.41,0.57,0.43,2019-08-25,2347,N20,VIIRS,n,2,285.18,1.39,N,0
53.67125,31.82586,304.88,0.43,0.38,2019-08-25,2348,N20,VIIRS,n,2,284.61,1.28,N,2
53.26142,24.44929,299.41,0.52,0.5,2019-08-25,2348,N20,VIIRS,n,2,287.67,0.66,N,2
53.27104,24.44304,308.61,0.52,0.5,2019-08-25,2348,N20,VIIRS,n,2,286.94,1.49,N,2
52.84735,29.98671,320.16,0.48,0.4,2019-08-25,2348,N20,VIIRS,n,2,286.63,3,N,2
53.39431,32.01174,306.2,0.43,0.38,2019-08-25,2348,N20,VIIRS,n,2,287.42,1.54,N,2
53.39544,32.0128,306.38,0.43,0.38,2019-08-25,2348,N20,VIIRS,n,2,286.86,1.17,N,2
53.58691,31.95133,296.11,0.43,0.38,2019-08-25,2348,N20,VIIRS,n,2,283.36,0.61,N,2
51.51405,30.57549,295.77,0.44,0.39,2019-08-25,2348,N20,VIIRS,n,2,285.54,0.54,N,0
51.89324,29.33846,301.18,0.49,0.4,2019-08-25,2348,N20,VIIRS,n,2,287.71,1.11,N,2
52.84709,29.99033,316.72,0.5,0.66,2019-08-26,0128,N20,VIIRS,n,2,284.51,2.73,N,2
53.26221,24.4458,296.52,0.61,0.53,2019-08-26,0128,N20,VIIRS,n,2,286.12,1.7,N,0
51.89448,29.34147,295.99,0.52,0.67,2019-08-26,0128,N20,VIIRS,n,2,285.23,0.63,N,2
51.88994,29.33826,296.64,0.52,0.67,2019-08-26,0128,N20,VIIRS,n,2,284.79,1.33,N,2
53.01371,30.45851,367,0.33,0.55,2019-08-26,0937,N20,VIIRS,h,2,300.64,25.17,D,0
52.84325,29.99256,367,0.35,0.57,2019-08-26,0937,N20,VIIRS,h,2,299.78,10.28,D,2
53.14638,31.85472,337.98,0.58,0.52,2019-08-26,0937,N20,VIIRS,n,2,292.36,3.6,D,0
51.51567,30.57383,367,0.37,0.58,2019-08-26,0937,N20,VIIRS,h,2,295.63,15.58,D,0
51.88919,29.3428,325.4,0.4,0.6,2019-08-26,0937,N20,VIIRS,l,2,297.02,4.03,D,2
54.19575,31.27157,331.44,0.56,0.52,2019-08-26,0937,N20,VIIRS,n,2,296.72,6.01,D,0
53.01831,30.45473,329.09,0.33,0.55,2019-08-26,0937,N20,VIIRS,n,2,295.23,1.32,D,0
53.01238,30.45408,346.22,0.33,0.55,2019-08-26,0937,N20,VIIRS,n,2,297.85,19.7,D,0
51.51084,30.5776,355.37,0.37,0.58,2019-08-26,0937,N20,VIIRS,n,2,292.67,15.58,D,0
52.84674,29.99085,367,0.35,0.57,2019-08-26,0937,N20,VIIRS,h,2,303.76,9.03,D,2
53.14654,31.85469,333.91,0.58,0.52,2019-08-26,0937,N20,VIIRS,n,2,292.22,6.54,D,0
51.50882,30.57566,328.39,0.47,0.47,2019-08-26,1117,N20,VIIRS,n,2,299.11,1.68,D,0
51.5132,30.57489,347.45,0.47,0.47,2019-08-26,1117,N20,VIIRS,n,2,304.29,13.58,D,0
51.89309,29.34413,329.6,0.42,0.45,2019-08-26,1117,N20,VIIRS,n,2,297.83,2.79,D,2
52.84575,29.98829,333.76,0.46,0.47,2019-08-26,1118,N20,VIIRS,n,2,305.06,5.87,D,2
55.48544,28.60165,340.49,0.43,0.46,2019-08-26,1118,N20,VIIRS,n,2,294.37,4.32,D,0
53.01306,30.45096,333.26,0.48,0.48,2019-08-26,1118,N20,VIIRS,n,2,302.3,10.12,D,0
53.01352,30.45815,334.83,0.48,0.48,2019-08-26,1118,N20,VIIRS,n,2,297.13,10.12,D,0
52.84468,29.9887,334.08,0.46,0.47,2019-08-26,1118,N20,VIIRS,n,2,305.97,7.43,D,2
51.89254,29.33755,302.08,0.49,0.49,2019-08-26,2329,N20,VIIRS,n,2,286.63,1.24,N,2
53.39621,32.01357,298.99,0.4,0.44,2019-08-26,2329,N20,VIIRS,n,2,284.12,1.19,N,2
53.27044,24.43757,301.62,0.41,0.6,2019-08-26,2329,N20,VIIRS,n,2,285.99,1.87,N,2
52.84768,29.98885,326.7,0.47,0.48,2019-08-26,2329,N20,VIIRS,n,2,287.07,3.57,N,2
52.84848,29.99073,326.96,0.47,0.48,2019-08-26,2329,N20,VIIRS,n,2,286.33,4.26,N,2
51.51496,30.57404,308.73,0.43,0.46,2019-08-26,2330,N20,VIIRS,n,2,286.05,1.5,N,0
51.51023,30.57948,307.03,0.43,0.46,2019-08-26,2330,N20,VIIRS,n,2,285.8,1.89,N,0
52.84873,29.9884,313.69,0.34,0.56,2019-08-27,0109,N20,VIIRS,n,2,284.02,1.39,N,2
54.5274,30.00019,318.61,0.59,0.53,2019-08-27,0109,N20,VIIRS,n,2,278.72,2.82,N,0
54.52317,29.99825,314.34,0.59,0.53,2019-08-27,0109,N20,VIIRS,n,2,278.07,2.23,N,0
52.85199,29.99674,300.54,0.34,0.56,2019-08-27,0109,N20,VIIRS,n,2,287.21,1.39,N,2
52.38848,30.8656,297.2,0.38,0.58,2019-08-27,0109,N20,VIIRS,n,2,283.71,0.46,N,0
52.84736,29.99294,325,0.34,0.56,2019-08-27,0109,N20,VIIRS,n,2,285.29,1.39,N,2
51.89389,29.34242,303.42,0.34,0.56,2019-08-27,0110,N20,VIIRS,n,2,285.86,0.77,N,2
53.26431,24.45133,300.36,0.41,0.45,2019-08-27,0110,N20,VIIRS,n,2,286.56,0.67,N,2
53.2709,24.44253,309.41,0.41,0.45,2019-08-27,0110,N20,VIIRS,n,2,287.17,1.49,N,2
51.88919,29.3388,310.05,0.34,0.56,2019-08-27,0110,N20,VIIRS,n,2,285.14,0.81,N,2
53.15409,25.17011,333.81,0.75,0.77,2019-08-27,0919,N20,VIIRS,n,2,291.7,6.98,D,0
53.15248,25.16984,337.07,0.75,0.77,2019-08-27,0919,N20,VIIRS,n,2,292,5.51,D,0
51.9194,26.94559,336.81,0.39,0.36,2019-08-27,1058,N20,VIIRS,n,2,298.82,3.56,D,0
51.51025,30.58125,340.24,0.47,0.39,2019-08-27,1058,N20,VIIRS,n,2,314.09,17.64,D,0
51.50665,30.58226,327.55,0.47,0.39,2019-08-27,1058,N20,VIIRS,n,2,302.29,17.64,D,0
54.21464,30.05811,336.98,0.48,0.4,2019-08-27,1059,N20,VIIRS,n,2,295.83,18.64,D,0
54.21387,30.05071,336.12,0.48,0.4,2019-08-27,1059,N20,VIIRS,n,2,295.34,18.64,D,0
54.21022,30.05181,336.96,0.48,0.4,2019-08-27,1059,N20,VIIRS,n,2,298.09,18.64,D,0
55.52978,28.51101,295.05,0.44,0.63,2019-08-27,2309,N20,VIIRS,n,2,284.21,1.09,N,0
51.88952,29.33471,295.76,0.4,0.6,2019-08-27,2310,N20,VIIRS,n,2,285.45,0.64,N,2
53.67268,31.82528,305.01,0.32,0.54,2019-08-27,2310,N20,VIIRS,n,2,286.3,0.77,N,2
53.27412,24.44054,301.51,0.64,0.72,2019-08-27,2310,N20,VIIRS,n,2,285.84,0.67,N,2
52.84709,29.98825,330.69,0.38,0.58,2019-08-27,2310,N20,VIIRS,n,2,285.71,2.86,N,2
52.84579,29.98841,331.17,0.38,0.58,2019-08-27,2310,N20,VIIRS,n,2,285.24,2.43,N,2
51.89506,29.33516,296.57,0.4,0.6,2019-08-27,2310,N20,VIIRS,n,2,286.34,1.35,N,2
55.50558,28.59145,295.32,0.51,0.41,2019-08-28,0050,N20,VIIRS,n,2,284.72,0.3,N,2
55.53156,28.51304,297.04,0.51,0.41,2019-08-28,0050,N20,VIIRS,n,2,286.08,0.66,N,0
55.53072,28.51477,297.96,0.51,0.41,2019-08-28,0050,N20,VIIRS,n,2,285.18,0.88,N,0
51.89178,29.33821,295.78,0.45,0.47,2019-08-28,0051,N20,VIIRS,n,2,283.68,0.69,N,2
52.85009,29.99434,298.25,0.45,0.47,2019-08-28,0051,N20,VIIRS,n,2,286.09,4.45,N,2
52.84611,29.99161,335.03,0.45,0.47,2019-08-28,0051,N20,VIIRS,n,2,287.49,4.45,N,2
52.84767,29.98542,299.49,0.45,0.47,2019-08-28,0051,N20,VIIRS,n,2,285.04,4.45,N,2
53.27018,24.44214,313.04,0.44,0.38,2019-08-28,0051,N20,VIIRS,n,2,288.16,1.54,N,2
53.26097,24.45097,302.85,0.44,0.38,2019-08-28,0051,N20,VIIRS,n,2,289.13,0.97,N,2
51.89579,29.34081,295.79,0.45,0.47,2019-08-28,0051,N20,VIIRS,n,2,283.44,0.57,N,2
52.84441,29.99444,327.82,0.77,0.77,2019-08-28,0900,N20,VIIRS,n,2,291.87,7.91,D,2
53.31165,30.17057,331.33,0.39,0.36,2019-08-28,1040,N20,VIIRS,n,2,298.26,2.25,D,0
52.84563,29.99198,337.02,0.38,0.36,2019-08-28,1040,N20,VIIRS,n,2,304.29,5.07,D,2
53.19832,30.88515,333.12,0.39,0.36,2019-08-28,1040,N20,VIIRS,n,2,297.51,2.06,D,0
53.19986,30.87531,302.92,0.55,0.68,2019-08-28,2251,N20,VIIRS,n,2,280.32,1.29,N,0
53.19993,30.8837,307.56,0.55,0.68,2019-08-28,2251,N20,VIIRS,n,2,281.18,1.29,N,0
53.20426,30.87871,316.8,0.55,0.68,2019-08-28,2251,N20,VIIRS,n,2,281.15,2.01,N,0
52.84677,29.98374,314.85,0.6,0.7,2019-08-28,2251,N20,VIIRS,n,2,282.55,2.31,N,2
51.77464,30.61892,296.78,0.56,0.69,2019-08-28,2251,N20,VIIRS,n,2,285.05,1.59,N,3
52.84826,29.98525,319.95,0.6,0.7,2019-08-28,2251,N20,VIIRS,n,2,282.77,2.92,N,2
51.77468,30.62716,307.81,0.56,0.69,2019-08-28,2251,N20,VIIRS,n,2,285.49,1.59,N,3
51.76825,30.61887,301.94,0.56,0.69,2019-08-28,2251,N20,VIIRS,n,2,283.29,1.59,N,3
51.7683,30.62712,318.9,0.56,0.69,2019-08-28,2251,N20,VIIRS,n,2,284.61,1.59,N,0
53.26126,24.45028,304.47,0.38,0.36,2019-08-29,0032,N20,VIIRS,n,2,290.15,0.72,N,2
53.1995,30.88504,317.62,0.48,0.4,2019-08-29,0032,N20,VIIRS,n,2,282.23,2.34,N,0
53.20035,30.88548,317.1,0.48,0.4,2019-08-29,0032,N20,VIIRS,n,2,282.42,2.14,N,0
52.85689,29.99242,300.22,0.46,0.39,2019-08-29,0032,N20,VIIRS,n,2,284.47,0.8,N,0
52.84653,29.98658,328.22,0.46,0.39,2019-08-29,0032,N20,VIIRS,n,2,285.81,5.27,N,2
52.84516,29.99317,296.33,0.46,0.39,2019-08-29,0032,N20,VIIRS,n,2,282.75,5.27,N,2
53.2724,24.44444,306.84,0.38,0.36,2019-08-29,0032,N20,VIIRS,n,2,288.47,0.92,N,2
51.77165,30.62183,334.57,0.51,0.41,2019-08-29,0032,N20,VIIRS,n,2,289.26,5.39,N,3
51.77013,30.62887,339.16,0.51,0.41,2019-08-29,0032,N20,VIIRS,n,2,285.75,5.39,N,0
52.46669,25.66325,299.92,0.39,0.36,2019-08-29,0032,N20,VIIRS,n,2,285.09,0.2,N,0
51.86524,26.77833,299.71,0.4,0.37,2019-08-29,0032,N20,VIIRS,n,2,286.44,0.59,N,0
51.89179,29.34439,334.06,0.47,0.4,2019-08-29,1021,N20,VIIRS,n,2,303.36,17.93,D,2
52.84685,29.98814,334.65,0.43,0.38,2019-08-29,1021,N20,VIIRS,n,2,303.4,4.2,D,2
51.6995,30.43031,345.88,0.44,0.38,2019-08-29,1021,N20,VIIRS,n,2,296.21,5.82,D,0
51.69831,30.42417,339.17,0.44,0.38,2019-08-29,1021,N20,VIIRS,n,2,299.21,5.82,D,0
53.87556,23.95112,340.71,0.42,0.45,2019-08-29,1021,N20,VIIRS,n,2,285.86,3.4,D,0
53.83119,27.86767,334.78,0.47,0.4,2019-08-29,1021,N20,VIIRS,n,2,296.68,5.56,D,0
53.40417,26.23568,334.18,0.54,0.42,2019-08-29,1021,N20,VIIRS,n,2,296.47,5.43,D,0
53.1759,28.02351,330.57,0.48,0.4,2019-08-29,1021,N20,VIIRS,n,2,294.48,2.68,D,0
52.99198,27.58052,330.31,0.5,0.41,2019-08-29,1021,N20,VIIRS,n,2,288.36,3.77,D,0
53.65525,31.48452,339.27,0.4,0.37,2019-08-29,1021,N20,VIIRS,n,2,298.86,3.51,D,0
53.35271,31.39603,328.58,0.4,0.37,2019-08-29,1021,N20,VIIRS,n,2,297.78,2.91,D,0
53.59032,32.0782,328.16,0.39,0.36,2019-08-29,1021,N20,VIIRS,n,2,295.65,10.09,D,0
51.76683,30.62275,354.1,0.43,0.38,2019-08-29,1021,N20,VIIRS,n,2,312.95,19.31,D,0
51.88698,29.33969,338.04,0.47,0.4,2019-08-29,1021,N20,VIIRS,n,2,301.47,3.62,D,2
51.88989,29.34374,353.59,0.62,0.72,2019-08-29,1202,N20,VIIRS,n,2,297.57,39.02,D,2
51.89308,29.34728,356.12,0.63,0.72,2019-08-29,1202,N20,VIIRS,n,2,293.28,6.04,D,2
53.63356,24.14359,325.05,0.38,0.59,2019-08-29,1202,N20,VIIRS,n,2,288.14,1.83,D,0
51.89325,29.33807,325.16,0.62,0.72,2019-08-29,1202,N20,VIIRS,n,2,293.6,6.04,D,2
51.88641,29.34698,367,0.63,0.72,2019-08-29,1202,N20,VIIRS,h,2,292.58,23.94,D,0
52.8461,29.98955,328.6,0.39,0.36,2019-08-30,0013,N20,VIIRS,n,2,286.24,3.28,N,2
53.39493,32.01423,299.97,0.4,0.37,2019-08-30,0013,N20,VIIRS,n,2,281.6,0.84,N,2
51.89148,29.3401,309.92,0.38,0.36,2019-08-30,0013,N20,VIIRS,n,2,285.63,1.19,N,2
51.89649,29.33053,297.02,0.38,0.36,2019-08-30,0013,N20,VIIRS,n,2,286.43,1.12,N,0
51.89471,29.34147,334.47,0.38,0.36,2019-08-30,0013,N20,VIIRS,n,2,286.47,2.98,N,2
53.27055,24.44157,310.21,0.46,0.39,2019-08-30,0013,N20,VIIRS,n,2,287.2,1.52,N,2
52.84933,29.991,296.84,0.39,0.36,2019-08-30,0013,N20,VIIRS,n,2,283.92,3.28,N,2
51.86583,26.77721,298.53,0.4,0.37,2019-08-30,0014,N20,VIIRS,n,2,281.59,0.64,N,0
53.26033,24.4498,298.2,0.52,0.67,2019-08-30,0153,N20,VIIRS,n,2,283.28,0.83,N,2
53.27048,24.44172,301.38,0.52,0.67,2019-08-30,0153,N20,VIIRS,n,2,282.66,0.52,N,2
51.77306,30.63749,338.93,0.41,0.45,2019-08-30,1002,N20,VIIRS,n,2,293.95,3.14,D,0
51.89323,29.34267,367,0.39,0.59,2019-08-30,1143,N20,VIIRS,h,2,294.64,9.11,D,2
52.84656,29.99149,329.67,0.43,0.38,2019-08-30,2354,N20,VIIRS,n,2,290.12,9.89,N,2
52.85002,29.99265,298.86,0.43,0.38,2019-08-30,2354,N20,VIIRS,n,2,287.63,1.26,N,2
53.2626,24.44965,300.64,0.44,0.46,2019-08-30,2354,N20,VIIRS,n,2,289.41,0.73,N,2
51.89136,29.33689,299.94,0.44,0.38,2019-08-30,2355,N20,VIIRS,n,2,289.13,0.68,N,2
51.89409,29.34433,301.11,0.44,0.38,2019-08-30,2355,N20,VIIRS,n,2,289.09,0.46,N,2
51.86284,26.77789,302.74,0.53,0.42,2019-08-30,2355,N20,VIIRS,n,2,287,0.84,N,0
52.84677,29.98938,318.2,0.57,0.69,2019-08-31,0134,N20,VIIRS,n,2,285.67,2.58,N,2
52.84932,29.99254,318.69,0.57,0.69,2019-08-31,0134,N20,VIIRS,n,2,285.97,2.51,N,2
53.26305,24.44977,300.75,0.35,0.57,2019-08-31,0135,N20,VIIRS,n,2,288.04,0.8,N,2
53.27058,24.44438,301.27,0.35,0.57,2019-08-31,0135,N20,VIIRS,n,2,286.95,1.1,N,2
53.27223,24.4457,296.36,0.35,0.57,2019-08-31,0135,N20,VIIRS,n,2,286.02,0.84,N,2
53.27367,24.44104,298.95,0.35,0.57,2019-08-31,0135,N20,VIIRS,n,2,285.56,0.59,N,2
51.89305,29.34255,302.11,0.59,0.7,2019-08-31,0135,N20,VIIRS,n,2,286.66,1.22,N,2
51.89033,29.34049,325.04,0.49,0.48,2019-08-31,1124,N20,VIIRS,n,2,293.21,4.53,D,2
53.2729,24.44102,309.31,0.35,0.57,2019-08-31,2335,N20,VIIRS,n,2,287.24,1.16,N,2
53.26222,24.4453,302.82,0.35,0.57,2019-08-31,2335,N20,VIIRS,n,2,287.33,0.79,N,0
53.39478,32.00937,295.05,0.53,0.42,2019-08-31,2335,N20,VIIRS,n,2,284.43,0.84,N,2
51.86548,26.77712,302.04,0.54,0.51,2019-08-31,2336,N20,VIIRS,n,2,285.59,1.02,N,0
51.89422,29.33878,301.32,0.42,0.46,2019-08-31,2336,N20,VIIRS,n,2,286.26,0.45,N,2
51.86388,26.77896,305.11,0.54,0.51,2019-08-31,2336,N20,VIIRS,n,2,285.59,1.17,N,0
51.89004,29.33788,295.36,0.42,0.46,2019-08-31,2336,N20,VIIRS,n,2,285.16,0.45,N,2
53.27229,24.44351,301.74,0.46,0.47,2019-09-01,0116,N20,VIIRS,n,2,285.34,0.62,N,2
53.25912,24.45159,298.01,0.46,0.47,2019-09-01,0116,N20,VIIRS,n,2,286.79,1.24,N,2
53.26087,24.45057,298.79,0.46,0.47,2019-09-01,0116,N20,VIIRS,n,2,287.73,0.65,N,2
53.82055,31.75203,346.15,0.41,0.45,2019-09-01,1105,N20,VIIRS,n,2,298.46,10.63,D,0
53.67283,31.8269,298.88,0.55,0.51,2019-09-01,2316,N20,VIIRS,n,2,285.84,0.88,N,2
53.39461,32.01309,300.19,0.54,0.5,2019-09-01,2316,N20,VIIRS,n,2,287.04,1.3,N,2
53.26244,24.44429,299.8,0.55,0.68,2019-09-01,2316,N20,VIIRS,n,2,288.23,0.78,N,0
55.53426,28.51229,305.89,0.38,0.59,2019-09-01,2316,N20,VIIRS,n,2,285.08,1.37,N,0
52.84814,29.99092,337.42,0.32,0.55,2019-09-01,2316,N20,VIIRS,n,2,288,3.52,N,2
52.84835,29.98609,333,0.32,0.55,2019-09-01,2316,N20,VIIRS,n,2,285.71,3.52,N,2
52.84661,29.98825,367,0.32,0.55,2019-09-01,2316,N20,VIIRS,h,2,288.32,6.32,N,2
51.89332,29.33672,303.46,0.34,0.56,2019-09-01,2317,N20,VIIRS,n,2,285.14,1.35,N,2
51.88815,29.33611,296.07,0.34,0.56,2019-09-01,2317,N20,VIIRS,n,2,284.13,0.59,N,2
55.52961,28.51954,303.5,0.57,0.43,2019-09-02,0056,N20,VIIRS,n,2,284.95,1.38,N,0
52.84819,29.99341,313.13,0.51,0.49,2019-09-02,0057,N20,VIIRS,n,2,286.09,1.33,N,2
51.86291,26.77568,296.59,0.41,0.45,2019-09-02,0057,N20,VIIRS,n,2,284.1,0.38,N,0
53.27133,24.44062,301.95,0.48,0.4,2019-09-02,0057,N20,VIIRS,n,2,289.29,1.01,N,2
53.26145,24.45019,304.91,0.48,0.4,2019-09-02,0057,N20,VIIRS,n,2,290.15,1.13,N,2
51.88981,29.33789,303.56,0.52,0.5,2019-09-02,0057,N20,VIIRS,n,2,283.7,1.8,N,2
51.88834,29.33874,304.56,0.52,0.5,2019-09-02,0057,N20,VIIRS,n,2,283.31,1.45,N,2
54.61261,28.13338,341.52,0.66,0.73,2019-09-02,0907,N20,VIIRS,n,2,289.81,7.29,D,0
52.58279,27.371,331.8,0.39,0.36,2019-09-02,1046,N20,VIIRS,l,2,303.84,3.18,D,0
52.58513,27.36404,330.83,0.39,0.36,2019-09-02,1046,N20,VIIRS,l,2,304.43,3.18,D,0
53.07012,30.50938,331.26,0.4,0.37,2019-09-02,1046,N20,VIIRS,n,2,295.88,5.42,D,0
52.39252,26.10364,335.34,0.4,0.37,2019-09-02,1046,N20,VIIRS,n,2,302.12,3.63,D,0
51.8899,29.3382,332.04,0.39,0.36,2019-09-02,1046,N20,VIIRS,l,2,302.19,2.92,D,2
53.28567,26.65448,334.09,0.39,0.36,2019-09-02,1046,N20,VIIRS,n,2,301.18,1.38,D,0
52.26163,28.85785,329.59,0.39,0.36,2019-09-02,1046,N20,VIIRS,n,2,297.78,2.22,D,0
52.84624,29.98846,335.43,0.4,0.37,2019-09-02,1046,N20,VIIRS,n,2,306.57,6.08,D,2
52.58368,27.37655,334.28,0.39,0.36,2019-09-02,1046,N20,VIIRS,l,2,305.55,6.26,D,0
52.3139,30.56412,344.99,0.4,0.37,2019-09-02,1046,N20,VIIRS,n,2,304.44,7.81,D,0
53.67041,31.82296,299.35,0.43,0.62,2019-09-02,2257,N20,VIIRS,n,2,285.35,0.88,N,0
53.39628,32.01297,297.41,0.42,0.61,2019-09-02,2257,N20,VIIRS,n,2,286.29,1.26,N,2
53.39484,32.01094,305.73,0.42,0.61,2019-09-02,2257,N20,VIIRS,n,2,287.13,1.32,N,2
52.84731,29.98418,297.65,0.51,0.66,2019-09-02,2257,N20,VIIRS,n,2,286.06,1.62,N,2
55.53124,28.51065,302.33,0.59,0.7,2019-09-02,2257,N20,VIIRS,n,2,284.4,1.89,N,0
52.31992,30.55969,302.91,0.48,0.65,2019-09-02,2258,N20,VIIRS,n,2,283.4,1.02,N,0
51.89539,29.33415,302.98,0.54,0.68,2019-09-02,2258,N20,VIIRS,n,2,287.05,1.9,N,2
52.31654,30.56279,301.01,0.56,0.43,2019-09-03,0038,N20,VIIRS,n,2,283.23,1.22,N,0
53.5887,31.95117,301.18,0.39,0.44,2019-09-03,0038,N20,VIIRS,n,2,285.14,0.82,N,2
52.84781,29.99333,321.12,0.52,0.41,2019-09-03,0038,N20,VIIRS,n,2,287.42,3.17,N,2
51.89214,29.33918,299.12,0.52,0.41,2019-09-03,0039,N20,VIIRS,n,2,287.67,1.17,N,2
51.8896,29.34621,330.88,0.73,0.76,2019-09-03,1208,N20,VIIRS,n,2,290.03,7.46,D,2
53.27065,24.44362,301.56,0.42,0.38,2019-09-04,0020,N20,VIIRS,n,2,282.75,0.75,N,2
53.67959,23.90312,335.48,0.54,0.68,2019-09-04,0159,N20,VIIRS,n,2,281.04,4.45,N,0
53.67999,23.90575,331.65,0.54,0.68,2019-09-04,0159,N20,VIIRS,n,2,281.37,5.11,N,0
52.75531,29.33613,334.02,0.57,0.43,2019-09-04,1008,N20,VIIRS,n,2,291.27,6.8,D,0
52.58899,29.79421,335.66,0.55,0.43,2019-09-04,1008,N20,VIIRS,n,2,292.06,5.64,D,0
52.60329,29.35753,327.91,0.57,0.43,2019-09-04,1008,N20,VIIRS,n,2,289.22,2.57,D,0
52.92885,25.03848,329.69,0.54,0.51,2019-09-04,1009,N20,VIIRS,n,2,287.96,2.73,D,0
52.84906,25.91954,325.87,0.5,0.49,2019-09-04,1009,N20,VIIRS,n,2,289.38,5.59,D,0
52.85325,27.84478,329.01,0.42,0.45,2019-09-04,1009,N20,VIIRS,n,2,289.73,1.55,D,0
53.67792,23.90254,326.39,0.56,0.51,2019-09-04,1009,N20,VIIRS,n,2,292.66,2.16,D,0
53.41638,27.05436,338.95,0.44,0.46,2019-09-04,1009,N20,VIIRS,n,2,292.09,6.52,D,0
54.27594,31.16277,297.34,0.4,0.37,2019-09-05,0000,N20,VIIRS,n,2,278.55,0.78,N,0
55.5303,28.51883,300.22,0.46,0.39,2019-09-05,0000,N20,VIIRS,n,2,283.06,0.81,N,0
55.53149,28.51833,307.24,0.46,0.39,2019-09-05,0000,N20,VIIRS,n,2,283.12,0.92,N,0
53.3967,32.01191,297.49,0.39,0.36,2019-09-05,0000,N20,VIIRS,n,2,281,0.38,N,2
53.58823,31.94957,296.93,0.39,0.36,2019-09-05,0000,N20,VIIRS,n,2,281.34,0.54,N,0
53.6723,31.82651,303.77,0.39,0.36,2019-09-05,0000,N20,VIIRS,n,2,283.34,1.06,N,2
52.84662,29.98901,341.74,0.4,0.37,2019-09-05,0001,N20,VIIRS,n,2,285.13,7.78,N,2
51.89213,29.33639,296.39,0.41,0.37,2019-09-05,0001,N20,VIIRS,n,2,282.73,0.76,N,2
51.89469,29.3434,298.62,0.41,0.37,2019-09-05,0001,N20,VIIRS,n,2,281.98,0.79,N,2
53.27293,24.44366,302.45,0.39,0.44,2019-09-05,0001,N20,VIIRS,n,2,282.7,0.51,N,2
51.86559,26.77698,301.77,0.47,0.39,2019-09-05,0001,N20,VIIRS,n,2,281.03,0.8,N,0
55.52992,28.51546,303.73,0.45,0.63,2019-09-05,0140,N20,VIIRS,n,2,281.13,1.08,N,0
52.84679,29.98944,303.38,0.65,0.73,2019-09-05,0140,N20,VIIRS,n,2,280.97,2.13,N,2
51.89042,29.34121,302.1,0.68,0.74,2019-09-05,0141,N20,VIIRS,n,2,280.13,2.16,N,2
53.27009,24.44213,296.95,0.4,0.6,2019-09-05,0141,N20,VIIRS,n,2,281.62,0.6,N,2
52.82256,25.27207,311.53,0.44,0.63,2019-09-05,0141,N20,VIIRS,n,2,278.93,1.4,N,0
52.82061,25.27785,300.16,0.44,0.63,2019-09-05,0141,N20,VIIRS,n,2,279.09,1.4,N,0
52.84679,29.9895,340.22,0.53,0.5,2019-09-05,0950,N20,VIIRS,n,2,298.68,9.77,D,2
54.36769,31.18647,367,0.35,0.57,2019-09-05,1131,N20,VIIRS,h,2,296.23,8.39,D,0
54.36633,31.18922,333.87,0.36,0.57,2019-09-05,1131,N20,VIIRS,n,2,293.36,5.64,D,0
54.37148,31.18328,329.78,0.35,0.57,2019-09-05,1131,N20,VIIRS,n,2,294.62,6.36,D,0
55.52995,28.51551,303.69,0.43,0.46,2019-09-05,2341,N20,VIIRS,n,2,279.74,1.31,N,0
51.8927,29.34302,298.13,0.55,0.43,2019-09-05,2342,N20,VIIRS,n,2,284.11,1.63,N,2
52.84563,29.98737,302.69,0.54,0.42,2019-09-05,2342,N20,VIIRS,n,2,282.18,1.76,N,2
52.85258,29.99738,300.5,0.54,0.42,2019-09-05,2342,N20,VIIRS,n,2,284.5,1.49,N,2
52.84949,29.98838,312.62,0.54,0.42,2019-09-05,2342,N20,VIIRS,n,2,283.48,1.76,N,2
51.88951,29.33394,300.15,0.55,0.43,2019-09-05,2342,N20,VIIRS,n,2,283.77,1.02,N,2
51.89021,29.33517,300.66,0.55,0.43,2019-09-05,2342,N20,VIIRS,n,2,283.66,1.81,N,2
53.67371,31.82492,298.16,0.48,0.4,2019-09-05,2342,N20,VIIRS,n,2,283.79,0.68,N,2
53.27025,24.4426,297.65,0.6,0.53,2019-09-05,2342,N20,VIIRS,n,2,283.55,1.21,N,2
55.52991,28.51783,298.32,0.63,0.54,2019-09-06,0121,N20,VIIRS,n,2,282.61,1.88,N,0
52.84901,29.99295,330.07,0.44,0.63,2019-09-06,0122,N20,VIIRS,n,2,282.26,4.02,N,2
53.26976,24.44409,295.91,0.53,0.5,2019-09-06,0122,N20,VIIRS,n,2,282.69,0.94,N,2
51.88972,29.33998,308.11,0.45,0.63,2019-09-06,0122,N20,VIIRS,n,2,281.62,0.89,N,2
52.85097,29.98714,299.76,0.44,0.62,2019-09-06,0122,N20,VIIRS,n,2,280.76,3.11,N,2
55.53128,28.5159,296.06,0.33,0.55,2019-09-06,2322,N20,VIIRS,n,2,281.4,0.84,N,0
52.96651,30.17958,296.54,0.54,0.51,2019-09-06,2323,N20,VIIRS,n,2,281.15,0.81,N,0
53.39606,32.012,301.69,0.46,0.47,2019-09-06,2323,N20,VIIRS,n,2,284.86,1.46,N,2
53.26266,24.44618,296.67,0.47,0.64,2019-09-06,2323,N20,VIIRS,n,2,277.46,1.01,N,2
52.96823,30.17877,295.75,0.54,0.51,2019-09-06,2323,N20,VIIRS,n,2,280.78,0.87,N,0
51.88913,29.33558,298.15,0.58,0.52,2019-09-06,2323,N20,VIIRS,n,2,282.57,1.17,N,2
51.89395,29.33631,304.3,0.58,0.52,2019-09-06,2323,N20,VIIRS,n,2,284.42,2.45,N,2
52.84794,29.98921,320.84,0.55,0.51,2019-09-06,2323,N20,VIIRS,n,2,280.79,4.2,N,2
51.88824,29.34232,296.4,0.6,0.53,2019-09-07,0103,N20,VIIRS,n,2,282.72,1.18,N,2
51.89271,29.34557,296.7,0.6,0.53,2019-09-07,0103,N20,VIIRS,n,2,283.31,1.18,N,2
53.26135,24.44677,297.27,0.54,0.42,2019-09-07,0103,N20,VIIRS,n,2,281.44,1.15,N,2
53.27041,24.44378,297.27,0.54,0.42,2019-09-07,0103,N20,VIIRS,n,2,279.4,0.48,N,2
52.8498,29.98586,307.25,0.59,0.53,2019-09-07,0103,N20,VIIRS,n,2,280.67,4.24,N,2
52.84753,29.99385,329.61,0.59,0.53,2019-09-07,0103,N20,VIIRS,n,2,282.41,5.49,N,2
51.89051,29.33444,295.71,0.59,0.53,2019-09-07,0103,N20,VIIRS,n,2,283.05,1.18,N,2
51.89109,29.33581,300.11,0.6,0.53,2019-09-07,0104,N20,VIIRS,n,2,282.99,1.23,N,2
51.89555,29.33909,295.69,0.6,0.53,2019-09-07,0104,N20,VIIRS,n,2,282.94,1.23,N,2
52.90702,28.05746,343.19,0.39,0.36,2019-09-07,1052,N20,VIIRS,n,2,292.74,4.72,D,0
52.8451,29.99343,331.48,0.42,0.38,2019-09-07,1052,N20,VIIRS,n,2,298.88,7.37,D,2
53.96928,30.33115,325.42,0.44,0.38,2019-09-07,1053,N20,VIIRS,n,2,294.42,2.47,D,0
54.34513,31.24372,327.3,0.47,0.4,2019-09-07,1053,N20,VIIRS,n,2,295.7,3.14,D,0
54.30783,30.59833,295.68,0.42,0.61,2019-09-07,2303,N20,VIIRS,n,2,276.82,0.39,N,0
53.39532,32.0106,298.88,0.36,0.58,2019-09-07,2304,N20,VIIRS,n,2,280.04,0.77,N,2
52.84717,29.98916,332.17,0.44,0.62,2019-09-07,2304,N20,VIIRS,n,2,283.91,2.68,N,2
52.84731,29.99042,298.3,0.39,0.44,2019-09-08,0045,N20,VIIRS,n,2,270.99,1.11,N,2
52.58576,30.197,299.98,0.4,0.45,2019-09-08,0045,N20,VIIRS,n,2,277.99,1.04,N,0
52.5874,30.19691,352.19,0.39,0.36,2019-09-08,1033,N20,VIIRS,n,2,306.28,17.38,D,0
52.59063,30.19549,346.38,0.39,0.36,2019-09-08,1033,N20,VIIRS,n,2,294.38,17.38,D,0
52.8481,29.99259,332.21,0.39,0.36,2019-09-08,1033,N20,VIIRS,n,2,299.6,3.78,D,2
52.84718,29.98698,329.64,0.39,0.36,2019-09-08,1033,N20,VIIRS,n,2,298.53,5.65,D,2
52.59371,30.70756,326.86,0.38,0.36,2019-09-08,1033,N20,VIIRS,n,2,287.97,1.61,D,0
52.59694,30.70618,327.4,0.38,0.36,2019-09-08,1033,N20,VIIRS,n,2,283.8,1.61,D,0
54.04764,31.82308,350.27,0.39,0.36,2019-09-08,1034,N20,VIIRS,n,2,295.19,8.52,D,0
52.85097,29.9874,318.81,0.69,0.74,2019-09-08,2245,N20,VIIRS,n,2,281.85,4.13,N,2
55.5298,28.51815,304.23,0.39,0.36,2019-09-09,0025,N20,VIIRS,n,2,275.03,1.07,N,0
53.27092,24.44098,301.82,0.39,0.36,2019-09-09,0026,N20,VIIRS,n,2,284.95,0.99,N,2
52.84672,29.99136,333.1,0.42,0.38,2019-09-09,0026,N20,VIIRS,n,2,279.51,4.45,N,2
52.84504,29.99091,320.61,0.42,0.38,2019-09-09,0026,N20,VIIRS,n,2,277.61,1.42,N,2
52.84838,29.99266,326.06,0.42,0.38,2019-09-09,0026,N20,VIIRS,n,2,279.07,1.42,N,2
52.85172,29.99441,300.66,0.42,0.38,2019-09-09,0026,N20,VIIRS,n,2,280.44,1.09,N,2
51.89343,29.33979,299.69,0.42,0.38,2019-09-09,0026,N20,VIIRS,n,2,280.58,0.83,N,2
53.25941,24.44873,299.39,0.39,0.36,2019-09-09,0026,N20,VIIRS,n,2,285.61,0.66,N,2
53.2627,24.45003,300.98,0.39,0.36,2019-09-09,0026,N20,VIIRS,n,2,286.12,0.66,N,0
51.89053,29.34157,326.82,0.52,0.42,2019-09-09,1014,N20,VIIRS,n,2,297.64,2.45,D,2
51.74594,29.29254,331.36,0.53,0.42,2019-09-09,1014,N20,VIIRS,n,2,290.98,3.11,D,0
53.11442,26.67175,328.3,0.4,0.44,2019-09-09,1015,N20,VIIRS,l,2,299.12,2.32,D,0
52.98892,26.4635,325.19,0.41,0.45,2019-09-09,1015,N20,VIIRS,n,2,297.07,1.51,D,0
53.39716,32.56425,328.47,0.41,0.37,2019-09-09,1015,N20,VIIRS,n,2,295.23,2.54,D,0
52.84726,29.99264,334.24,0.48,0.4,2019-09-09,1015,N20,VIIRS,n,2,299.23,7.44,D,2
51.8932,29.34,327.14,0.52,0.42,2019-09-09,1015,N20,VIIRS,n,2,296.13,3.64,D,2
53.91393,25.92337,335.8,0.41,0.45,2019-09-09,1015,N20,VIIRS,n,2,297.33,2.37,D,0
53.91776,25.92072,325.7,0.41,0.45,2019-09-09,1015,N20,VIIRS,n,2,294.84,5.49,D,0
53.91636,25.91495,343.98,0.41,0.45,2019-09-09,1015,N20,VIIRS,n,2,304.84,12.65,D,0
55.24027,30.33874,331.18,0.43,0.38,2019-09-09,1015,N20,VIIRS,n,2,270.93,3.86,D,0
52.06033,26.1705,343.04,0.39,0.59,2019-09-09,1155,N20,VIIRS,n,2,297.72,5.96,D,0
52.06046,26.1763,367,0.39,0.59,2019-09-09,1155,N20,VIIRS,h,2,299.23,5.96,D,0
52.05494,26.17661,331.99,0.39,0.59,2019-09-09,1155,N20,VIIRS,n,2,299.38,3.2,D,0
52.06095,26.17334,355.35,0.39,0.59,2019-09-09,1155,N20,VIIRS,n,2,299.16,10.64,D,0
51.6377,23.66095,336.84,0.61,0.53,2019-09-09,1155,N20,VIIRS,n,2,292.26,3.67,D,0
52.05558,26.17942,329.71,0.39,0.59,2019-09-09,1155,N20,VIIRS,n,2,299.37,5.18,D,0
52.0611,26.17914,349.66,0.39,0.59,2019-09-09,1155,N20,VIIRS,n,2,297.74,5.18,D,0
52.50647,30.86724,355.34,0.62,0.72,2019-09-09,1155,N20,VIIRS,n,2,287.77,19.16,D,0
52.50634,30.87668,335.35,0.62,0.72,2019-09-09,1155,N20,VIIRS,n,2,285.32,16.2,D,0
52.50293,30.86736,354.97,0.62,0.72,2019-09-09,1155,N20,VIIRS,n,2,290.88,31.43,D,0
53.91339,25.9206,332.89,0.39,0.59,2019-09-09,1156,N20,VIIRS,n,2,295.16,4.12,D,0
53.91389,25.91684,367,0.39,0.59,2019-09-09,1156,N20,VIIRS,h,2,298.08,6.94,D,0
53.91941,25.9166,326.62,0.39,0.59,2019-09-09,1156,N20,VIIRS,n,2,293.64,2.87,D,0
53.91328,25.91445,333.55,0.39,0.59,2019-09-09,1156,N20,VIIRS,n,2,296.26,4.12,D,0
53.06915,25.79003,326.22,0.38,0.59,2019-09-09,1156,N20,VIIRS,n,2,299.44,1.9,D,0
55.92195,29.27672,338.07,0.54,0.68,2019-09-09,1156,N20,VIIRS,n,2,279.24,4.87,D,0
53.9188,25.91421,342.17,0.39,0.59,2019-09-09,1156,N20,VIIRS,n,2,295.1,4.12,D,0
53.49874,27.41968,342.14,0.45,0.63,2019-09-09,1156,N20,VIIRS,n,2,296.63,3.54,D,0
53.91402,25.92296,332.24,0.39,0.59,2019-09-09,1156,N20,VIIRS,n,2,294.41,4.16,D,0
53.28961,24.43279,341.01,0.34,0.56,2019-09-09,1156,N20,VIIRS,n,2,295.49,2.72,D,0
55.53208,28.51832,305.86,0.42,0.38,2019-09-10,0006,N20,VIIRS,n,2,286.67,1.07,N,0
55.5051,28.59036,296.22,0.42,0.38,2019-09-10,0006,N20,VIIRS,n,2,282.43,0.27,N,2
53.67277,31.82876,303.1,0.38,0.36,2019-09-10,0007,N20,VIIRS,n,2,287.14,0.64,N,0
52.06758,26.17067,321.85,0.44,0.38,2019-09-10,0007,N20,VIIRS,n,2,284.37,2.46,N,0
52.07183,26.1654,310.57,0.44,0.38,2019-09-10,0007,N20,VIIRS,n,2,284.36,1.29,N,0
52.591,30.20326,297.44,0.38,0.36,2019-09-10,0007,N20,VIIRS,n,2,280.01,0.47,N,0
52.84678,29.9894,329.56,0.39,0.36,2019-09-10,0007,N20,VIIRS,n,2,287.23,3.83,N,2
52.85328,29.99207,298.6,0.39,0.36,2019-09-10,0007,N20,VIIRS,n,2,287.17,1.11,N,0
53.91808,25.91271,311.2,0.47,0.39,2019-09-10,0007,N20,VIIRS,n,2,272.68,1.73,N,0
53.39299,32.01415,296.51,0.39,0.36,2019-09-10,0007,N20,VIIRS,n,2,284.99,0.42,N,2
53.39621,32.01564,296.55,0.39,0.36,2019-09-10,0007,N20,VIIRS,n,2,283.35,0.25,N,2
51.86348,26.77778,297.85,0.42,0.38,2019-09-10,0007,N20,VIIRS,n,2,282.07,0.41,N,0
51.95658,27.04351,299.02,0.42,0.38,2019-09-10,0007,N20,VIIRS,n,2,279.73,0.52,N,0
51.95735,27.03747,303.45,0.42,0.38,2019-09-10,0007,N20,VIIRS,n,2,280.16,0.77,N,0
51.95532,27.04092,296.32,0.63,0.72,2019-09-10,0147,N20,VIIRS,n,2,282.03,0.78,N,0
52.51819,30.75278,325.49,0.44,0.46,2019-09-10,0956,N20,VIIRS,n,2,295.07,1.69,D,0
52.05669,29.26393,327.64,0.52,0.5,2019-09-10,0956,N20,VIIRS,n,2,299.05,2.97,D,0
51.89112,29.34572,326.34,0.52,0.5,2019-09-10,0956,N20,VIIRS,l,2,298.18,1.93,D,2
52.59555,30.19557,331.61,0.46,0.47,2019-09-10,0956,N20,VIIRS,n,2,295.92,2.32,D,0
51.86813,26.91093,326.95,0.32,0.55,2019-09-10,0956,N20,VIIRS,n,2,289.84,2.39,D,0
52.59151,30.19832,325.04,0.46,0.47,2019-09-10,0956,N20,VIIRS,l,2,299.76,2.32,D,0
52.84398,29.99336,339.9,0.46,0.47,2019-09-10,0956,N20,VIIRS,n,2,298.04,3.92,D,2
52.59848,30.19276,339.15,0.37,0.58,2019-09-10,1136,N20,VIIRS,n,2,297.55,4.91,D,0
52.24726,31.68222,367,0.42,0.61,2019-09-10,1136,N20,VIIRS,h,2,299.13,10.15,D,0
52.23835,26.60915,339.43,0.51,0.5,2019-09-10,1136,N20,VIIRS,n,2,287.66,6.49,D,0
52.23813,26.60966,339.93,0.51,0.5,2019-09-10,1136,N20,VIIRS,n,2,287.77,5,D,0
52.59831,30.18727,336.5,0.37,0.58,2019-09-10,1136,N20,VIIRS,n,2,296.84,4.91,D,0
52.13995,31.50553,327.98,0.42,0.61,2019-09-10,1136,N20,VIIRS,n,2,296.58,3.43,D,0
51.89308,29.34129,338.49,0.33,0.56,2019-09-10,1136,N20,VIIRS,n,2,302.76,4.26,D,2
51.73794,28.59964,344.83,0.62,0.54,2019-09-10,1136,N20,VIIRS,n,2,298.91,7.01,D,0
51.73297,28.60022,330.61,0.62,0.54,2019-09-10,1136,N20,VIIRS,n,2,301.76,5.31,D,0
52.21667,27.47412,339.41,0.56,0.51,2019-09-10,1136,N20,VIIRS,n,2,290.68,4.91,D,0
52.59295,30.18764,327.23,0.37,0.58,2019-09-10,1136,N20,VIIRS,n,2,296.76,4.91,D,0
52.59328,30.19863,329.95,0.37,0.58,2019-09-10,1136,N20,VIIRS,n,2,297.45,6.78,D,0
52.59312,30.19314,367,0.37,0.58,2019-09-10,1136,N20,VIIRS,h,2,302.79,4.91,D,0
52.8479,29.99109,339.07,0.36,0.57,2019-09-10,1137,N20,VIIRS,n,2,301.33,4.63,D,2
52.13302,27.38087,296.29,0.57,0.43,2019-09-10,2348,N20,VIIRS,n,2,281.67,1.78,N,0
51.89197,29.34206,296.08,0.49,0.4,2019-09-10,2348,N20,VIIRS,n,2,284.49,1.1,N,2
51.73871,28.59562,320.29,0.51,0.41,2019-09-10,2348,N20,VIIRS,n,2,287.72,2.43,N,0
51.73796,28.60306,316.26,0.51,0.41,2019-09-10,2348,N20,VIIRS,n,2,286.3,2.43,N,0
52.09993,28.82564,301.65,0.51,0.41,2019-09-10,2348,N20,VIIRS,n,2,284.73,2.5,N,0
52.1007,28.81821,327.27,0.51,0.41,2019-09-10,2348,N20,VIIRS,n,2,284.95,2.5,N,0
52.10014,28.81687,312.61,0.51,0.41,2019-09-10,2348,N20,VIIRS,n,2,284.31,2.46,N,0
52.1343,27.38118,297.12,0.38,0.43,2019-09-10,2348,N20,VIIRS,n,2,281,1.07,N,0
51.73419,28.60205,299.8,0.51,0.41,2019-09-10,2348,N20,VIIRS,n,2,278.93,2.43,N,0
52.25181,31.67974,299.91,0.42,0.38,2019-09-10,2348,N20,VIIRS,n,2,282.76,1.05,N,0
53.27109,24.44147,296.48,0.51,0.5,2019-09-10,2348,N20,VIIRS,n,2,281.49,1.17,N,2
52.84829,29.9902,333.09,0.48,0.4,2019-09-10,2348,N20,VIIRS,n,2,284.85,5.23,N,2
53.91684,25.91426,300.34,0.46,0.47,2019-09-10,2348,N20,VIIRS,n,2,281.4,1.07,N,0
53.395,32.01456,305.29,0.43,0.38,2019-09-10,2348,N20,VIIRS,n,2,287.62,1.63,N,2
52.09941,28.82431,326.94,0.51,0.41,2019-09-10,2348,N20,VIIRS,n,2,285.56,3.14,N,0
51.74072,28.59783,296.1,0.49,0.65,2019-09-11,0128,N20,VIIRS,n,2,282.95,1.37,N,0
51.89369,29.34104,295.01,0.52,0.67,2019-09-11,0128,N20,VIIRS,n,2,282.59,1.23,N,2
53.91788,25.91164,295.85,0.33,0.55,2019-09-11,0128,N20,VIIRS,n,2,279.87,0.47,N,0
52.84575,29.98759,324.77,0.51,0.66,2019-09-11,0128,N20,VIIRS,n,2,282.3,2.78,N,2
52.84732,29.99021,318.84,0.5,0.66,2019-09-11,0128,N20,VIIRS,n,2,282.73,1.85,N,2
51.73747,28.59651,300.05,0.49,0.65,2019-09-11,0128,N20,VIIRS,n,2,281.83,1.19,N,0
51.8895,29.34109,335.99,0.4,0.6,2019-09-11,0937,N20,VIIRS,n,2,299.07,4.84,D,2
51.89117,29.34637,337.77,0.4,0.6,2019-09-11,0937,N20,VIIRS,n,2,297.2,3.71,D,2
52.84371,29.99512,327.68,0.35,0.57,2019-09-11,0937,N20,VIIRS,n,2,296.83,1.3,D,2
51.89244,29.34125,339.69,0.42,0.45,2019-09-11,1117,N20,VIIRS,n,2,304.43,3.76,D,2
51.86626,27.19105,330.66,0.52,0.42,2019-09-11,1117,N20,VIIRS,n,2,297.14,5.67,D,0
51.86599,27.16817,339.54,0.52,0.42,2019-09-11,1117,N20,VIIRS,n,2,299.24,6.01,D,0
51.86673,27.17575,330.91,0.52,0.42,2019-09-11,1117,N20,VIIRS,n,2,296.06,6.01,D,0
51.86748,27.18334,343.38,0.52,0.42,2019-09-11,1117,N20,VIIRS,n,2,298.35,6.67,D,0
51.86822,27.19093,331.05,0.52,0.42,2019-09-11,1117,N20,VIIRS,n,2,297.1,6.67,D,0
51.85838,27.17004,329.4,0.52,0.42,2019-09-11,1117,N20,VIIRS,n,2,298.38,8.4,D,0
51.73433,28.60108,338.15,0.39,0.44,2019-09-11,1117,N20,VIIRS,n,2,307.36,5.69,D,0
51.86794,27.16731,332.73,0.52,0.42,2019-09-11,1117,N20,VIIRS,n,2,297.39,4.58,D,0
51.86865,27.17491,330.26,0.52,0.42,2019-09-11,1117,N20,VIIRS,n,2,295.92,6.94,D,0
51.86413,27.16825,330.3,0.52,0.42,2019-09-11,1117,N20,VIIRS,n,2,298.78,4.58,D,0
51.86555,27.18344,344.79,0.52,0.42,2019-09-11,1117,N20,VIIRS,n,2,299.24,6.94,D,0
53.72651,24.06414,330.98,0.44,0.38,2019-09-11,1118,N20,VIIRS,n,2,280.32,4.09,D,0
55.53242,28.5171,296.59,0.57,0.52,2019-09-11,2328,N20,VIIRS,n,2,280.87,1.33,N,0
52.85347,29.99323,302.03,0.47,0.48,2019-09-11,2329,N20,VIIRS,n,2,286.59,1.46,N,2
52.84906,29.99238,316.79,0.47,0.48,2019-09-11,2329,N20,VIIRS,n,2,284.49,2.09,N,2
53.67323,31.82773,303.31,0.41,0.45,2019-09-11,2329,N20,VIIRS,n,2,285.81,1.05,N,0
53.39439,32.01277,306.5,0.4,0.44,2019-09-11,2329,N20,VIIRS,n,2,285.92,1.56,N,2
52.84955,29.9853,299.61,0.47,0.48,2019-09-11,2329,N20,VIIRS,n,2,283.09,2.09,N,2
51.87704,27.16116,298.47,0.61,0.53,2019-09-11,2330,N20,VIIRS,n,2,281.57,1.09,N,0
51.5756,27.95403,303.27,0.56,0.51,2019-09-11,2330,N20,VIIRS,n,2,282.62,1.19,N,0
51.58036,27.95469,295.37,0.56,0.51,2019-09-11,2330,N20,VIIRS,n,2,282.92,1.19,N,0
51.73602,28.5994,309.92,0.53,0.5,2019-09-11,2330,N20,VIIRS,n,2,283.21,1.79,N,0
51.82551,29.5668,300.49,0.48,0.48,2019-09-11,2330,N20,VIIRS,n,2,282.18,1.25,N,0
51.826,29.55975,297.13,0.48,0.48,2019-09-11,2330,N20,VIIRS,n,2,283.18,1.25,N,0
51.82648,29.5527,309.68,0.48,0.48,2019-09-11,2330,N20,VIIRS,n,2,282.71,1.97,N,0
51.83093,29.55351,301.36,0.48,0.48,2019-09-11,2330,N20,VIIRS,n,2,284.14,2.02,N,0
51.83142,29.54645,309.77,0.48,0.48,2019-09-11,2330,N20,VIIRS,n,2,281.98,2.02,N,0
51.89266,29.34159,303.16,0.49,0.49,2019-09-11,2330,N20,VIIRS,n,2,280.36,1.21,N,2
51.83417,29.5472,300.21,0.48,0.48,2019-09-11,2330,N20,VIIRS,n,2,282.45,1.18,N,0
51.82973,29.54638,304.89,0.48,0.48,2019-09-11,2330,N20,VIIRS,n,2,281.11,1.18,N,0
51.82927,29.55344,311.29,0.48,0.48,2019-09-11,2330,N20,VIIRS,n,2,285.46,3.44,N,0
52.84829,29.99079,329.56,0.34,0.56,2019-09-12,0109,N20,VIIRS,n,2,284.14,1.84,N,2
51.89461,29.34009,296.25,0.34,0.56,2019-09-12,0110,N20,VIIRS,n,2,284.4,0.8,N,2
51.82877,29.5556,296.27,0.35,0.57,2019-09-12,0110,N20,VIIRS,n,2,282.47,1.58,N,0
51.57822,27.95636,298.72,0.62,0.54,2019-09-12,0110,N20,VIIRS,n,2,284.25,1.13,N,0
51.83018,29.55098,298.82,0.35,0.57,2019-09-12,0110,N20,VIIRS,n,2,283.02,1.14,N,0
53.26985,24.44059,298.16,0.41,0.45,2019-09-12,0110,N20,VIIRS,n,2,282.09,0.71,N,2
51.89174,29.34026,308.96,0.34,0.56,2019-09-12,0110,N20,VIIRS,n,2,284.43,0.74,N,2
51.5737,27.95298,299.09,0.62,0.54,2019-09-12,0110,N20,VIIRS,n,2,281.43,1.13,N,0
51.82963,29.54743,295.06,0.35,0.57,2019-09-12,0110,N20,VIIRS,n,2,279.92,1.09,N,0
51.82594,29.56482,298.84,0.35,0.57,2019-09-12,0110,N20,VIIRS,n,2,281.86,0.9,N,0
51.73952,28.59944,298.72,0.32,0.55,2019-09-12,0110,N20,VIIRS,n,2,285.12,0.9,N,0
51.73826,28.60373,303.36,0.33,0.55,2019-09-12,0110,N20,VIIRS,n,2,285.53,0.9,N,0
51.8261,29.56996,328.51,0.59,0.7,2019-09-12,0918,N20,VIIRS,n,2,295.17,5.27,D,0
53.29952,29.99242,367,0.5,0.66,2019-09-12,0919,N20,VIIRS,h,2,293.02,11.88,D,0
53.30001,29.985,367,0.5,0.66,2019-09-12,0919,N20,VIIRS,h,2,295.9,15.61,D,0
53.2972,29.98584,334.53,0.5,0.66,2019-09-12,0919,N20,VIIRS,n,2,293.72,10,D,0
51.33672,30.43316,340.97,0.46,0.39,2019-09-12,1058,N20,VIIRS,n,2,306.49,12.98,D,0
51.33314,30.43416,336.57,0.46,0.39,2019-09-12,1058,N20,VIIRS,n,2,301.37,12.98,D,0
51.57676,27.95339,345.95,0.4,0.37,2019-09-12,1058,N20,VIIRS,n,2,285.4,7.42,D,0
51.83055,29.55441,344.38,0.44,0.38,2019-09-12,1058,N20,VIIRS,n,2,305.9,11.75,D,0
51.82502,29.56923,367,0.44,0.38,2019-09-12,1058,N20,VIIRS,h,2,338.75,94.12,D,0
51.82852,29.56817,347.3,0.44,0.38,2019-09-12,1058,N20,VIIRS,n,2,317.19,94.12,D,0
51.83276,29.57347,351.84,0.44,0.38,2019-09-12,1058,N20,VIIRS,n,2,305.8,32.42,D,0
51.82926,29.57454,367,0.44,0.38,2019-09-12,1058,N20,VIIRS,l,2,330.28,94.12,D,0
51.82631,29.54911,344.08,0.44,0.38,2019-09-12,1058,N20,VIIRS,n,2,310.1,15.57,D,0
52.50289,31.53207,341.07,0.51,0.41,2019-09-12,1058,N20,VIIRS,n,2,299.31,4.63,D,0
51.83405,29.55335,342.69,0.44,0.38,2019-09-12,1058,N20,VIIRS,n,2,305.17,11.75,D,0
51.82981,29.54805,340.58,0.44,0.38,2019-09-12,1058,N20,VIIRS,n,2,304.32,6.11,D,0
52.21721,25.97651,336,0.39,0.36,2019-09-12,1059,N20,VIIRS,n,2,300.06,3.67,D,0
52.50759,30.62951,337.62,0.48,0.4,2019-09-12,1059,N20,VIIRS,n,2,306.04,4.14,D,0
52.71975,24.85985,333.55,0.38,0.36,2019-09-12,1059,N20,VIIRS,n,2,302.58,4.46,D,0
54.2459,30.66652,329.1,0.5,0.41,2019-09-12,1059,N20,VIIRS,n,2,294.96,2.47,D,0
52.845,29.99135,344.44,0.46,0.39,2019-09-12,1059,N20,VIIRS,n,2,303.69,11.64,D,2
55.52955,28.51084,302.74,0.44,0.63,2019-09-12,2309,N20,VIIRS,n,2,280.63,1.02,N,0
52.84244,31.37747,300.58,0.33,0.55,2019-09-12,2310,N20,VIIRS,n,2,279.21,0.46,N,0
52.3255,29.67055,319.13,0.38,0.59,2019-09-12,2310,N20,VIIRS,n,2,281.88,1.49,N,0
52.33097,29.671,297.77,0.38,0.59,2019-09-12,2310,N20,VIIRS,n,2,281.1,0.34,N,0
52.84615,29.98417,313.66,0.37,0.58,2019-09-12,2310,N20,VIIRS,n,2,283.84,2.27,N,2
52.846,29.98983,340.35,0.37,0.58,2019-09-12,2310,N20,VIIRS,n,2,283.29,2.27,N,2
51.82774,29.54423,310.28,0.39,0.59,2019-09-12,2310,N20,VIIRS,n,2,280.7,1.64,N,0
52.85141,29.99031,296.4,0.37,0.58,2019-09-12,2310,N20,VIIRS,n,2,284.04,2.27,N,2
51.89396,29.33647,297.48,0.39,0.6,2019-09-12,2310,N20,VIIRS,n,2,283.83,1.18,N,2
51.89305,29.33596,301.56,0.39,0.6,2019-09-12,2310,N20,VIIRS,n,2,283.82,0.95,N,2
53.39658,32.01357,302.43,0.62,0.54,2019-09-12,2310,N20,VIIRS,n,2,285.95,1.96,N,2
51.83841,29.55655,299.14,0.39,0.59,2019-09-12,2310,N20,VIIRS,n,2,285.63,2.48,N,0
51.83856,29.55082,297.11,0.39,0.59,2019-09-12,2310,N20,VIIRS,n,2,283.03,1.97,N,0
51.57532,27.94725,308.62,0.45,0.63,2019-09-12,2311,N20,VIIRS,n,2,281.94,3,N,0
51.73843,28.59785,298.82,0.42,0.61,2019-09-12,2311,N20,VIIRS,n,2,284,1.1,N,0
55.53079,28.51947,304.77,0.51,0.41,2019-09-13,0050,N20,VIIRS,n,2,278.31,1.2,N,0
53.58619,31.95238,295.31,0.5,0.49,2019-09-13,0050,N20,VIIRS,n,2,282.26,0.59,N,0
51.91384,23.8756,307.84,0.44,0.39,2019-09-13,0051,N20,VIIRS,n,2,276.45,1.5,N,0
51.57815,27.9472,302.17,0.41,0.45,2019-09-13,0051,N20,VIIRS,n,2,280.18,3.01,N,0
51.57682,27.95272,331.75,0.41,0.45,2019-09-13,0051,N20,VIIRS,n,2,288.76,3.01,N,0
52.24206,26.61049,295.69,0.53,0.42,2019-09-13,0051,N20,VIIRS,n,2,281.15,1.22,N,0
52.20555,26.95914,299.02,0.54,0.42,2019-09-13,0051,N20,VIIRS,n,2,280.8,1.23,N,0
51.82233,29.54567,300.7,0.46,0.47,2019-09-13,0051,N20,VIIRS,n,2,275.9,0.44,N,0
51.82478,29.55457,341.35,0.46,0.47,2019-09-13,0051,N20,VIIRS,n,2,285.96,8.27,N,0
51.82637,29.54834,338.59,0.46,0.47,2019-09-13,0051,N20,VIIRS,n,2,285.08,8.27,N,0
52.85216,29.99644,296.82,0.45,0.47,2019-09-13,0051,N20,VIIRS,n,2,286.07,1.98,N,2
51.83445,29.55368,300.9,0.46,0.47,2019-09-13,0051,N20,VIIRS,n,2,283.13,1.86,N,0
51.88942,29.33754,297.82,0.45,0.47,2019-09-13,0051,N20,VIIRS,n,2,282.5,1.04,N,2
51.8385,29.55634,305.56,0.46,0.47,2019-09-13,0051,N20,VIIRS,n,2,286.19,1.86,N,0
51.89344,29.34014,307.01,0.45,0.47,2019-09-13,0051,N20,VIIRS,n,2,285.86,1.04,N,2
52.32738,29.67317,330.89,0.45,0.47,2019-09-13,0051,N20,VIIRS,n,2,286.22,3.97,N,0
52.84818,29.9937,318.48,0.45,0.47,2019-09-13,0051,N20,VIIRS,n,2,284.29,1.98,N,2
52.84717,29.99288,311.58,0.45,0.47,2019-09-13,0051,N20,VIIRS,n,2,283.74,1.43,N,2
51.91724,23.87737,312.35,0.44,0.39,2019-09-13,0051,N20,VIIRS,n,2,277.33,1.73,N,0
52.84166,31.37967,297.65,0.5,0.49,2019-09-13,0051,N20,VIIRS,n,2,278.78,0.76,N,0
52.83916,31.37978,300.39,0.5,0.49,2019-09-13,0051,N20,VIIRS,n,2,278.64,0.72,N,0
52.85115,29.99561,295.8,0.45,0.47,2019-09-13,0051,N20,VIIRS,n,2,284.55,0.94,N,2
52.84875,29.98669,302.64,0.45,0.47,2019-09-13,0051,N20,VIIRS,n,2,283.46,1.84,N,2
52.27926,30.58444,330.09,0.77,0.77,2019-09-13,0900,N20,VIIRS,n,2,288.79,9.32,D,0
52.27864,30.57697,329.62,0.77,0.77,2019-09-13,0900,N20,VIIRS,n,2,288.96,8.67,D,0
52.07158,29.23427,352.85,0.39,0.36,2019-09-13,1040,N20,VIIRS,n,2,307.09,9.88,D,0
51.57491,27.95171,367,0.4,0.37,2019-09-13,1040,N20,VIIRS,h,2,311.79,10.25,D,0
51.57588,27.9573,326.22,0.4,0.37,2019-09-13,1040,N20,VIIRS,n,2,295.77,2.07,D,0
52.12726,31.14932,346.06,0.39,0.36,2019-09-13,1040,N20,VIIRS,n,2,300.91,9.99,D,0
52.12646,31.14372,331.47,0.39,0.36,2019-09-13,1040,N20,VIIRS,n,2,298.52,5.77,D,0
52.30356,31.50311,342.09,0.39,0.36,2019-09-13,1040,N20,VIIRS,n,2,303.37,7.85,D,0
52.27553,30.58713,333.61,0.39,0.36,2019-09-13,1040,N20,VIIRS,n,2,284.71,10.4,D,0
52.07246,29.23977,367,0.39,0.36,2019-09-13,1040,N20,VIIRS,h,2,310.48,9.88,D,0
52.0707,29.22877,329.34,0.39,0.36,2019-09-13,1040,N20,VIIRS,n,2,295.65,1.71,D,0
52.07569,29.23841,331.37,0.39,0.36,2019-09-13,1040,N20,VIIRS,n,2,296,8.68,D,0
52.07481,29.23291,355.84,0.39,0.36,2019-09-13,1040,N20,VIIRS,n,2,306.68,8.68,D,0
52.07805,29.23155,344.23,0.39,0.36,2019-09-13,1040,N20,VIIRS,n,2,301.26,8.68,D,0
52.327,29.67583,330.77,0.38,0.36,2019-09-13,1040,N20,VIIRS,n,2,304.49,4.09,D,0
52.84005,31.37851,344.92,0.39,0.36,2019-09-13,1040,N20,VIIRS,n,2,301.51,7.98,D,0
52.84627,29.99226,333.45,0.38,0.36,2019-09-13,1040,N20,VIIRS,n,2,295.53,7.5,D,2
55.53031,28.50935,303.12,0.68,0.74,2019-09-13,2250,N20,VIIRS,n,2,279.31,1.15,N,0
55.50356,28.58695,296.85,0.4,0.37,2019-09-14,0031,N20,VIIRS,n,2,281.83,0.43,N,0
55.53097,28.51495,306.32,0.4,0.37,2019-09-14,0031,N20,VIIRS,n,2,282.61,1.53,N,0
52.84735,29.98758,316.29,0.46,0.39,2019-09-14,0032,N20,VIIRS,n,2,271.86,1.83,N,2
52.70014,27.33072,302,0.41,0.37,2019-09-14,0032,N20,VIIRS,n,2,280.93,0.97,N,0
52.45229,27.74983,317.87,0.42,0.37,2019-09-14,0032,N20,VIIRS,n,2,271.03,1.72,N,0
52.44785,27.75407,309.79,0.42,0.37,2019-09-14,0032,N20,VIIRS,n,2,272.01,1.36,N,0
53.25945,24.44922,298.56,0.38,0.36,2019-09-14,0032,N20,VIIRS,n,2,281.29,0.55,N,2
53.27091,24.44213,308.18,0.38,0.36,2019-09-14,0032,N20,VIIRS,n,2,280.89,0.94,N,2
52.84632,29.98652,305.02,0.46,0.39,2019-09-14,0032,N20,VIIRS,n,2,270.85,0.63,N,2
51.57419,27.95376,337.92,0.52,0.42,2019-09-14,1021,N20,VIIRS,n,2,302.83,5.5,D,0
51.57782,27.9517,325.94,0.52,0.42,2019-09-14,1021,N20,VIIRS,n,2,296.49,5.5,D,0
51.88723,29.34419,329.32,0.63,0.72,2019-09-14,1202,N20,VIIRS,n,2,289.24,3.19,D,2
51.89013,29.34495,329.14,0.63,0.72,2019-09-14,1202,N20,VIIRS,n,2,289.25,4.84,D,2
55.53005,28.51699,304.96,0.4,0.37,2019-09-15,0013,N20,VIIRS,n,2,278.67,0.95,N,0
53.67206,31.827,297.78,0.4,0.37,2019-09-15,0013,N20,VIIRS,n,2,275.75,0.51,N,2
53.39429,32.01478,304.68,0.4,0.37,2019-09-15,0013,N20,VIIRS,n,2,275.65,1.36,N,2
52.8465,29.98947,330.59,0.39,0.36,2019-09-15,0013,N20,VIIRS,n,2,281.68,5.36,N,2
53.27002,24.44469,299.56,0.46,0.39,2019-09-15,0013,N20,VIIRS,n,2,279.76,1.27,N,2
53.26214,24.44922,298.37,0.46,0.39,2019-09-15,0013,N20,VIIRS,n,2,280.69,0.66,N,2
51.89197,29.33888,326.21,0.38,0.36,2019-09-15,0014,N20,VIIRS,n,2,281.03,1.83,N,2
51.88918,29.33656,310.24,0.38,0.36,2019-09-15,0014,N20,VIIRS,n,2,280.25,0.89,N,2
51.57642,27.95031,330.01,0.39,0.36,2019-09-15,0014,N20,VIIRS,n,2,281.72,3.18,N,0
55.52967,28.5143,298.92,0.58,0.69,2019-09-15,0152,N20,VIIRS,n,2,273.87,1.23,N,0
52.00931,30.75252,326.3,0.4,0.44,2019-09-15,1002,N20,VIIRS,n,2,289.43,1.66,D,0
52.35364,31.51566,330.3,0.55,0.43,2019-09-15,1002,N20,VIIRS,n,2,291.63,3.88,D,0
51.57905,27.95331,303.09,0.48,0.4,2019-09-15,2355,N20,VIIRS,n,2,278.7,1.3,N,0
51.57615,27.94544,297.47,0.48,0.4,2019-09-15,2355,N20,VIIRS,n,2,275.97,1.09,N,0
51.57541,27.95229,304.44,0.48,0.4,2019-09-15,2355,N20,VIIRS,n,2,278.33,1.3,N,0
51.57702,27.94612,298.43,0.48,0.4,2019-09-15,2355,N20,VIIRS,n,2,276.03,1.36,N,0
51.57626,27.95296,308.44,0.48,0.4,2019-09-15,2355,N20,VIIRS,n,2,279.01,1.36,N,0
51.90558,26.56574,296.84,0.53,0.42,2019-09-15,2355,N20,VIIRS,n,2,281.01,1.95,N,0
51.90173,26.56479,325.68,0.53,0.42,2019-09-15,2355,N20,VIIRS,n,2,282.99,1.95,N,0
53.27104,24.4402,303.86,0.35,0.57,2019-09-16,0135,N20,VIIRS,n,2,283.31,0.6,N,2
53.26205,24.45029,303.27,0.35,0.57,2019-09-16,0135,N20,VIIRS,n,2,285.08,0.81,N,2
52.00418,30.77929,338.58,0.6,0.53,2019-09-16,0943,N20,VIIRS,n,2,292.2,27.48,D,0
52.0019,30.77122,340.57,0.6,0.53,2019-09-16,0943,N20,VIIRS,n,2,298.7,33.53,D,0
51.81936,27.19682,344,0.42,0.61,2019-09-16,0944,N20,VIIRS,n,2,289.96,6.01,D,0
51.82044,27.20169,352.44,0.4,0.44,2019-09-16,1124,N20,VIIRS,n,2,287.78,7.89,D,0
51.82093,27.20751,354.52,0.4,0.44,2019-09-16,1124,N20,VIIRS,n,2,288.95,9.81,D,0
51.82281,27.19154,329.5,0.4,0.44,2019-09-16,1124,N20,VIIRS,n,2,285.74,2.69,D,0
52.19705,23.6558,333.38,0.46,0.39,2019-09-16,1124,N20,VIIRS,n,2,277.75,3.97,D,0
52.84725,29.99275,326.62,0.53,0.5,2019-09-16,1124,N20,VIIRS,n,2,287.8,3.61,D,2
52.76188,27.87992,328.84,0.43,0.46,2019-09-16,1124,N20,VIIRS,n,2,288.36,2.77,D,0
51.82143,27.21333,340.69,0.4,0.44,2019-09-16,1124,N20,VIIRS,n,2,286.64,9.81,D,0
51.81686,27.20835,346.6,0.4,0.44,2019-09-16,1124,N20,VIIRS,n,2,288.04,9.81,D,0
51.81736,27.21418,340.83,0.4,0.44,2019-09-16,1124,N20,VIIRS,n,2,287.06,9.81,D,0
51.82381,30.48312,353.84,0.55,0.51,2019-09-16,1124,N20,VIIRS,n,2,307.04,36.53,D,0
51.82726,30.48293,326.71,0.54,0.51,2019-09-16,1124,N20,VIIRS,n,2,288.27,6.18,D,0
51.82256,30.48356,354.13,0.54,0.51,2019-09-16,1124,N20,VIIRS,n,2,301.59,29.27,D,0
51.57499,27.95428,325.95,0.42,0.46,2019-09-16,1124,N20,VIIRS,l,2,299.62,2.7,D,0
51.8192,27.19822,342.41,0.4,0.44,2019-09-16,1124,N20,VIIRS,n,2,286.75,10.28,D,0
51.81967,27.20405,347.25,0.4,0.44,2019-09-16,1124,N20,VIIRS,n,2,289.56,10.28,D,0
51.82014,27.20988,354.75,0.4,0.44,2019-09-16,1124,N20,VIIRS,n,2,290.63,29.12,D,0
51.81945,27.19005,340.37,0.4,0.44,2019-09-16,1124,N20,VIIRS,n,2,287.32,3.45,D,0
51.81995,27.19587,346.45,0.4,0.44,2019-09-16,1124,N20,VIIRS,n,2,287.73,7.89,D,0
51.82328,27.19737,330.39,0.4,0.44,2019-09-16,1124,N20,VIIRS,n,2,286.15,3.42,D,0
51.81874,27.1924,339.5,0.4,0.44,2019-09-16,1124,N20,VIIRS,n,2,288.34,4.81,D,0
53.83939,30.32098,336.53,0.41,0.45,2019-09-16,2335,N20,VIIRS,n,2,280.02,3.72,N,0
55.50494,28.47075,296.26,0.5,0.49,2019-09-16,2335,N20,VIIRS,n,2,278.19,0.84,N,0
55.5297,28.51604,301.63,0.5,0.49,2019-09-16,2335,N20,VIIRS,n,2,278.23,0.9,N,0
53.3949,32.01095,306.72,0.53,0.42,2019-09-16,2335,N20,VIIRS,n,2,282.31,1.57,N,2
53.67186,31.82608,295.69,0.54,0.42,2019-09-16,2335,N20,VIIRS,n,2,280.24,0.81,N,2
51.57717,27.94825,301.15,0.48,0.48,2019-09-16,2336,N20,VIIRS,n,2,274.62,1.98,N,0
53.27117,24.43907,308.03,0.35,0.57,2019-09-16,2336,N20,VIIRS,n,2,280.41,1.03,N,2
53.27142,24.4425,297.02,0.35,0.57,2019-09-16,2336,N20,VIIRS,n,2,280.3,1.41,N,2
52.62432,28.74009,304.42,0.46,0.47,2019-09-16,2336,N20,VIIRS,n,2,274.07,0.99,N,0
52.62333,28.73955,319.9,0.46,0.47,2019-09-16,2336,N20,VIIRS,n,2,274.08,2.63,N,0
52.41618,29.85451,298.51,0.41,0.45,2019-09-16,2336,N20,VIIRS,n,2,278.42,0.55,N,0
52.40623,25.30089,296.95,0.63,0.54,2019-09-16,2336,N20,VIIRS,n,2,276.13,0.6,N,0
51.82643,30.48511,322.25,0.57,0.43,2019-09-16,2336,N20,VIIRS,n,2,256.65,4.45,N,0
51.90432,26.56391,295.45,0.55,0.51,2019-09-16,2336,N20,VIIRS,n,2,279.65,1.04,N,0
53.27213,24.43915,295.9,0.46,0.47,2019-09-17,0116,N20,VIIRS,n,2,279.11,0.89,N,2
51.82378,30.48582,333.85,0.44,0.62,2019-09-17,0116,N20,VIIRS,n,2,294.68,11.15,N,0
51.82566,30.48013,367,0.44,0.62,2019-09-17,0116,N20,VIIRS,h,2,303.61,15.56,N,0
51.57602,27.9504,303.63,0.36,0.57,2019-09-17,0116,N20,VIIRS,n,2,283.09,0.72,N,0
53.79119,27.6674,306.9,0.59,0.53,2019-09-17,0116,N20,VIIRS,n,2,279.02,1.58,N,0
52.84827,29.98897,305.22,0.39,0.59,2019-09-17,0116,N20,VIIRS,n,2,278.83,0.6,N,2
53.79111,27.66595,310.54,0.59,0.53,2019-09-17,0116,N20,VIIRS,n,2,278.65,2.29,N,0
51.57726,27.9485,300.31,0.36,0.57,2019-09-17,0116,N20,VIIRS,n,2,280.35,0.62,N,0
52.84505,29.99038,297.81,0.39,0.59,2019-09-17,0116,N20,VIIRS,n,2,278.93,1.19,N,2
53.2692,24.444,297.6,0.47,0.47,2019-09-17,0116,N20,VIIRS,n,2,280.58,1.21,N,2
52.30019,30.54054,338.81,0.46,0.63,2019-09-17,0925,N20,VIIRS,n,2,290.05,8.32,D,0
51.82513,30.48769,367,0.48,0.65,2019-09-17,0925,N20,VIIRS,h,2,309.86,44.41,D,0
51.82304,30.48154,348.32,0.48,0.65,2019-09-17,0925,N20,VIIRS,n,2,301.26,44.41,D,0
54.06257,30.78931,327.84,0.38,0.43,2019-09-17,1105,N20,VIIRS,n,2,283.87,1.98,D,0
51.82917,30.48574,328.69,0.53,0.42,2019-09-17,1105,N20,VIIRS,n,2,289.84,8.42,D,0
51.8246,30.47902,367,0.53,0.42,2019-09-17,1105,N20,VIIRS,h,2,333.71,252.77,D,0
52.68806,28.37978,334.52,0.38,0.36,2019-09-18,1046,N20,VIIRS,n,2,282.96,5.77,D,0
51.82424,30.48182,367,0.4,0.37,2019-09-18,1046,N20,VIIRS,h,2,313.94,16.81,D,0
51.825,30.48752,327.31,0.4,0.37,2019-09-18,1046,N20,VIIRS,n,2,280.62,4.67,D,0
51.8302,30.47776,304.03,0.48,0.65,2019-09-18,2258,N20,VIIRS,n,2,278.5,1.47,N,0
51.82419,30.47754,312.94,0.48,0.65,2019-09-18,2258,N20,VIIRS,n,2,282.91,2.96,N,0
53.27159,24.44086,307.65,0.39,0.36,2019-09-19,0039,N20,VIIRS,n,2,279.49,0.94,N,2
51.86386,26.77538,302.34,0.44,0.38,2019-09-19,0039,N20,VIIRS,n,2,276.61,1.03,N,0
51.82713,30.4808,298.05,0.57,0.43,2019-09-19,0039,N20,VIIRS,n,2,280.02,1.35,N,0
53.25996,24.44761,297.73,0.39,0.36,2019-09-19,0039,N20,VIIRS,n,2,278.76,1.01,N,2
52.66364,26.73391,327.09,0.48,0.4,2019-09-19,1027,N20,VIIRS,n,2,278.11,2.99,D,0
52.6622,26.72709,329.8,0.48,0.4,2019-09-19,1027,N20,VIIRS,n,2,280.06,2.99,D,0
53.38593,27.67503,327.66,0.44,0.39,2019-09-19,1028,N20,VIIRS,n,2,285.25,6.67,D,0
53.10479,25.82498,328.03,0.5,0.41,2019-09-19,1028,N20,VIIRS,n,2,283.9,2.1,D,0
54.53231,28.19768,325.69,0.42,0.37,2019-09-19,1028,N20,VIIRS,n,2,283.66,2.46,D,0
53.38627,27.67588,330.82,0.44,0.39,2019-09-19,1028,N20,VIIRS,n,2,284.51,4.96,D,0
52.98891,25.459,328.41,0.52,0.42,2019-09-19,1028,N20,VIIRS,n,2,285.12,4.5,D,0
54.23103,28.40701,325.44,0.42,0.37,2019-09-19,1028,N20,VIIRS,n,2,282.2,2.75,D,0
53.20452,25.40445,329.14,0.52,0.41,2019-09-19,1028,N20,VIIRS,n,2,285.49,3.43,D,0
51.82642,30.48106,311.32,0.41,0.37,2019-09-20,0020,N20,VIIRS,n,2,285.14,1.98,N,0
52.85464,29.99586,295.99,0.4,0.37,2019-09-20,0020,N20,VIIRS,n,2,280.49,0.86,N,2
52.84812,29.99269,325.61,0.4,0.37,2019-09-20,0020,N20,VIIRS,n,2,280.89,6.94,N,2
51.86432,26.77788,296.39,0.38,0.36,2019-09-20,0020,N20,VIIRS,n,2,275.36,0.52,N,0
52.36322,31.47983,335.4,0.49,0.4,2019-09-20,1008,N20,VIIRS,n,2,279.62,7,D,0
52.52113,31.42921,345.21,0.49,0.4,2019-09-20,1008,N20,VIIRS,n,2,279.38,8.89,D,0
55.48539,28.60217,325.73,0.51,0.41,2019-09-20,1009,N20,VIIRS,n,2,277.26,1.89,D,0
55.48541,28.60227,325.44,0.51,0.41,2019-09-20,1009,N20,VIIRS,n,2,277.87,3.27,D,0
51.86401,26.78053,297.37,0.46,0.39,2019-09-21,0001,N20,VIIRS,n,2,268.78,0.53,N,0
53.39413,32.01129,306.65,0.39,0.36,2019-09-21,0001,N20,VIIRS,n,2,277.73,1.44,N,2
52.84778,29.9896,329.57,0.4,0.37,2019-09-21,0001,N20,VIIRS,n,2,278.13,8.24,N,2
51.82621,30.47937,297.57,0.39,0.36,2019-09-21,0001,N20,VIIRS,n,2,282.24,0.88,N,0
55.53434,28.51108,300.26,0.33,0.55,2019-09-22,2322,N20,VIIRS,n,2,274.81,0.86,N,0
52.8493,29.98975,295.35,0.55,0.51,2019-09-22,2323,N20,VIIRS,n,2,275.48,1.21,N,2
55.52975,28.51307,307.28,0.43,0.46,2019-09-23,0103,N20,VIIRS,n,2,271.97,1.52,N,0
52.84808,29.98956,306.73,0.59,0.53,2019-09-23,0103,N20,VIIRS,n,2,274.07,1.91,N,2
53.44209,32.69449,339.79,0.45,0.63,2019-09-23,0912,N20,VIIRS,n,2,280.51,4.07,D,0
53.44143,32.69596,342.23,0.45,0.63,2019-09-23,0912,N20,VIIRS,n,2,280.19,6.28,D,0
52.57729,29.34689,326.19,0.64,0.72,2019-09-23,0913,N20,VIIRS,n,2,281.56,3.26,D,0
52.85096,29.26419,327.21,0.63,0.72,2019-09-23,0913,N20,VIIRS,n,2,279.52,2.98,D,0
51.95307,30.12652,327.52,0.42,0.38,2019-09-23,1052,N20,VIIRS,n,2,282.22,2.25,D,0
52.8476,29.2648,347.02,0.41,0.37,2019-09-23,1052,N20,VIIRS,n,2,286.54,10,D,0
52.84652,29.99259,328.79,0.42,0.38,2019-09-23,1052,N20,VIIRS,n,2,288.82,6.93,D,2
52.84499,29.99408,328.84,0.42,0.38,2019-09-23,1052,N20,VIIRS,n,2,285.08,9.55,D,2
52.57661,29.34326,330.34,0.41,0.37,2019-09-23,1052,N20,VIIRS,n,2,283.42,2.92,D,0
52.5981,30.33749,339.25,0.43,0.38,2019-09-23,1052,N20,VIIRS,n,2,283.88,4.74,D,0
52.52271,31.40354,326.63,0.46,0.39,2019-09-23,1052,N20,VIIRS,n,2,288.31,2.03,D,0
53.35299,26.83999,345.38,0.39,0.36,2019-09-23,1053,N20,VIIRS,n,2,284.32,9.87,D,0
53.38972,27.09116,327.33,0.39,0.36,2019-09-23,1053,N20,VIIRS,n,2,284.66,3.56,D,0
53.27043,24.4357,296.76,0.74,0.76,2019-09-23,2304,N20,VIIRS,n,2,273.23,0.6,N,2
53.39452,32.01178,298.88,0.36,0.57,2019-09-23,2304,N20,VIIRS,n,2,275.07,1.01,N,2
52.84782,29.98991,309.47,0.44,0.62,2019-09-23,2304,N20,VIIRS,n,2,268.91,2.31,N,2
52.84781,29.98866,313.06,0.44,0.62,2019-09-23,2304,N20,VIIRS,n,2,269.38,1.54,N,2
53.26079,24.45022,302.49,0.41,0.37,2019-09-24,0045,N20,VIIRS,n,2,277.27,1.14,N,2
52.84559,29.9882,313.04,0.39,0.44,2019-09-24,0045,N20,VIIRS,n,2,265.6,1.73,N,2
53.26036,24.44892,298.39,0.41,0.37,2019-09-24,0045,N20,VIIRS,n,2,277.09,0.91,N,2
53.26952,24.44181,298.06,0.41,0.37,2019-09-24,0045,N20,VIIRS,n,2,274.66,1.46,N,2
51.78107,28.97429,337.25,0.4,0.37,2019-09-24,1033,N20,VIIRS,n,2,290.06,4.91,D,0
51.78435,28.97277,329.53,0.4,0.37,2019-09-24,1033,N20,VIIRS,n,2,284.97,1.91,D,0
53.28467,27.97901,336.5,0.41,0.37,2019-09-24,1034,N20,VIIRS,n,2,283.91,4.31,D,0
52.97983,28.3643,329.23,0.4,0.37,2019-09-24,1034,N20,VIIRS,n,2,284.07,3.47,D,0
52.63372,29.90215,335.72,0.39,0.36,2019-09-24,1034,N20,VIIRS,n,2,273.7,3.32,D,0
52.55677,25.53469,329.51,0.59,0.7,2019-09-24,1215,N20,VIIRS,n,2,285.92,5.68,D,0
52.55552,25.5346,336.02,0.59,0.7,2019-09-24,1215,N20,VIIRS,n,2,286.41,4.38,D,0
51.89417,29.33238,298.84,0.74,0.76,2019-09-24,2245,N20,VIIRS,n,2,273.71,1.65,N,2
52.85069,29.98272,326.86,0.69,0.74,2019-09-24,2245,N20,VIIRS,n,2,272.98,4.35,N,2
52.84965,29.98502,329.27,0.69,0.74,2019-09-24,2245,N20,VIIRS,n,2,273.12,3.74,N,2
52.84814,29.991,326.53,0.43,0.38,2019-09-25,0026,N20,VIIRS,n,2,275.11,3.03,N,2
51.89231,29.34315,316.63,0.42,0.38,2019-09-25,0026,N20,VIIRS,n,2,275.12,1.72,N,2
53.27103,24.4414,307.47,0.39,0.36,2019-09-25,0026,N20,VIIRS,n,2,277.38,1.26,N,2
53.25951,24.44913,295.03,0.39,0.36,2019-09-25,0026,N20,VIIRS,n,2,277.41,0.78,N,2
53.83271,31.50696,344.19,0.42,0.38,2019-09-25,1015,N20,VIIRS,n,2,285.63,4.78,D,0
52.52185,31.39721,325.75,0.44,0.38,2019-09-25,1015,N20,VIIRS,n,2,282.61,1.4,D,0
52.70498,30.50795,334,0.46,0.39,2019-09-25,1015,N20,VIIRS,n,2,276.15,5.37,D,0
52.70577,30.49294,332.76,0.46,0.39,2019-09-25,1015,N20,VIIRS,n,2,276.75,5.11,D,0
52.68264,29.8703,335.62,0.48,0.4,2019-09-25,1015,N20,VIIRS,n,2,280.26,4.3,D,0
53.07582,30.32042,327.4,0.46,0.39,2019-09-25,1015,N20,VIIRS,n,2,280.34,2.27,D,0
53.48978,31.86105,325.75,0.42,0.38,2019-09-25,1015,N20,VIIRS,n,2,287.45,3.68,D,0
53.48865,31.85498,337.89,0.42,0.38,2019-09-25,1015,N20,VIIRS,n,2,284.78,4.9,D,0
53.4931,31.85931,339.01,0.42,0.38,2019-09-25,1015,N20,VIIRS,n,2,285.52,3.68,D,0
53.49196,31.85324,335.22,0.42,0.38,2019-09-25,1015,N20,VIIRS,n,2,285.59,4.9,D,0
52.20836,23.67392,326.01,0.55,0.51,2019-09-25,1015,N20,VIIRS,n,2,274.53,3.97,D,0
55.53016,28.51802,310.15,0.51,0.66,2019-09-26,0146,N20,VIIRS,n,2,274.08,2.14,N,0
55.53183,28.51759,301.87,0.51,0.66,2019-09-26,0146,N20,VIIRS,n,2,274.16,1.49,N,0
53.52502,30.44532,325.63,0.42,0.46,2019-09-26,0956,N20,VIIRS,n,2,287.22,2.37,D,0
54.33072,31.04772,337.91,0.38,0.44,2019-09-26,0956,N20,VIIRS,n,2,289.02,2.42,D,0
53.27243,24.44075,300.62,0.51,0.5,2019-09-26,2348,N20,VIIRS,n,2,278.28,1.41,N,2
55.53185,28.51482,301.15,0.57,0.43,2019-09-26,2348,N20,VIIRS,n,2,275.63,1.42,N,0
55.53025,28.51741,302.04,0.57,0.43,2019-09-26,2348,N20,VIIRS,n,2,274.72,1.31,N,0
53.27195,24.43893,304.3,0.51,0.5,2019-09-26,2348,N20,VIIRS,n,2,278.85,0.86,N,2
55.53134,28.51522,297.32,0.36,0.57,2019-09-27,0128,N20,VIIRS,n,2,273.82,0.94,N,0
53.27226,24.44143,297.07,0.61,0.53,2019-09-27,0129,N20,VIIRS,n,2,277.97,1.12,N,2
53.27061,24.43745,296.63,0.61,0.53,2019-09-27,0129,N20,VIIRS,n,2,278.05,0.65,N,2
52.35724,26.28424,340.03,0.49,0.41,2019-09-27,1118,N20,VIIRS,n,2,285.3,7.29,D,0
54.09664,26.85619,351.71,0.54,0.42,2019-09-27,1118,N20,VIIRS,n,2,292.08,9.91,D,0
54.09277,26.85722,340.1,0.54,0.42,2019-09-27,1118,N20,VIIRS,n,2,285.84,9.91,D,0
52.35621,26.28442,344.71,0.49,0.41,2019-09-27,1118,N20,VIIRS,n,2,286.22,9.05,D,0
53.39565,32.01306,301.38,0.4,0.44,2019-09-27,2329,N20,VIIRS,n,2,279.03,0.89,N,2
55.53121,28.51247,303.59,0.57,0.52,2019-09-27,2329,N20,VIIRS,n,2,275.9,1.5,N,0
52.84845,29.98942,324.24,0.47,0.48,2019-09-27,2329,N20,VIIRS,n,2,277.03,3.16,N,2
51.89347,29.33892,296.66,0.49,0.49,2019-09-27,2330,N20,VIIRS,n,2,277.05,1.05,N,2
55.53174,28.51604,301.58,0.49,0.48,2019-09-28,0109,N20,VIIRS,n,2,276.72,1.28,N,0
55.53236,28.51793,297.24,0.49,0.48,2019-09-28,0109,N20,VIIRS,n,2,276.51,1.05,N,0
52.84575,29.98586,312.59,0.34,0.56,2019-09-28,0110,N20,VIIRS,n,2,276.19,1.54,N,2
52.84691,29.98932,326.99,0.34,0.56,2019-09-28,0110,N20,VIIRS,n,2,277.32,2.04,N,2
54.12814,28.76126,329.91,0.51,0.66,2019-09-28,0919,N20,VIIRS,n,2,276.46,3.28,D,0
53.10349,30.37339,330.66,0.48,0.4,2019-09-28,1059,N20,VIIRS,n,2,286.32,4.18,D,0
53.34113,31.31901,338.38,0.52,0.41,2019-09-28,1059,N20,VIIRS,n,2,288.21,19.87,D,0
53.10203,30.37308,329.77,0.48,0.4,2019-09-28,1059,N20,VIIRS,n,2,285.82,4.44,D,0
52.84658,29.99056,335.01,0.38,0.36,2019-09-29,1040,N20,VIIRS,n,2,291.3,4.7,D,2
52.55429,25.53349,330.05,0.43,0.38,2019-09-29,1040,N20,VIIRS,n,2,282.63,1.71,D,0
52.84892,31.00459,328.6,0.56,0.43,2019-10-01,1002,N20,VIIRS,n,2,284.74,4.03,D,0
52.84916,31.00593,328.36,0.56,0.43,2019-10-01,1002,N20,VIIRS,n,2,284.91,4.28,D,0
52.84475,29.9938,325.8,0.4,0.44,2019-10-01,1002,N20,VIIRS,n,2,281.06,2.66,D,2
52.69184,26.71001,332.75,0.61,0.54,2019-10-01,1143,N20,VIIRS,n,2,280.83,3.92,D,0
52.37741,26.32883,327.01,0.59,0.53,2019-10-01,1143,N20,VIIRS,n,2,284.96,5.48,D,0
52.37786,26.33759,325.68,0.59,0.53,2019-10-01,1143,N20,VIIRS,n,2,284.15,5.09,D,0
52.5816,29.257,327.02,0.39,0.59,2019-10-01,1143,N20,VIIRS,n,2,284.55,2.89,D,0
52.37515,26.32964,331.86,0.59,0.53,2019-10-01,1143,N20,VIIRS,n,2,285.24,11.28,D,0
52.64804,26.09712,326.15,0.58,0.52,2019-10-01,1143,N20,VIIRS,n,2,284.61,3.43,D,0
53.26143,24.44765,296.28,0.35,0.57,2019-10-02,0135,N20,VIIRS,n,2,276.04,0.79,N,2
51.48824,29.24856,367,0.36,0.57,2019-10-02,0943,N20,VIIRS,h,2,291.95,12.68,D,0
51.81462,30.37297,332.6,0.63,0.54,2019-10-02,0943,N20,VIIRS,n,2,287.75,8.21,D,0
52.14953,30.01869,346.63,0.32,0.54,2019-10-02,0943,N20,VIIRS,n,2,290.07,3.05,D,0
51.77168,29.50151,330.19,0.34,0.56,2019-10-02,0943,N20,VIIRS,n,2,289.64,2.08,D,0
51.83141,30.2963,340.14,0.32,0.54,2019-10-02,0943,N20,VIIRS,n,2,287.62,3.91,D,0
53.55467,30.0365,334.29,0.57,0.52,2019-10-02,0944,N20,VIIRS,n,2,283.81,5.8,D,0
53.55607,30.03781,337.52,0.57,0.52,2019-10-02,0944,N20,VIIRS,n,2,283.1,7.29,D,0
52.55764,28.22483,332.06,0.45,0.47,2019-10-02,1124,N20,VIIRS,n,2,290.3,3.6,D,0
51.48687,29.24526,339.86,0.48,0.48,2019-10-02,1124,N20,VIIRS,n,2,291.28,7.06,D,0
51.48507,29.24444,338.48,0.48,0.48,2019-10-02,1124,N20,VIIRS,n,2,291.61,10.12,D,0
52.84552,29.99305,334.49,0.53,0.5,2019-10-02,1124,N20,VIIRS,n,2,281.78,4.67,D,2
51.63233,27.86725,327.17,0.42,0.45,2019-10-02,1124,N20,VIIRS,n,2,289.69,2.4,D,0
51.82327,30.28339,332.61,0.54,0.51,2019-10-02,1124,N20,VIIRS,n,2,289.54,8.93,D,0
51.90387,27.96352,330.06,0.43,0.46,2019-10-02,1124,N20,VIIRS,n,2,283.66,2.4,D,0
53.31061,27.1849,327.9,0.42,0.45,2019-10-02,1124,N20,VIIRS,n,2,281.38,2.21,D,0
53.39632,32.0128,300.75,0.52,0.42,2019-10-02,2335,N20,VIIRS,n,2,283.91,0.95,N,2
53.39251,32.01175,295.27,0.52,0.42,2019-10-02,2335,N20,VIIRS,n,2,282.72,0.71,N,2
52.30524,30.22931,295.73,0.39,0.44,2019-10-02,2336,N20,VIIRS,n,2,282.72,0.58,N,0
52.84742,29.98651,336.86,0.41,0.45,2019-10-02,2336,N20,VIIRS,n,2,283.09,6.02,N,2
52.85103,29.99354,303.57,0.41,0.45,2019-10-02,2336,N20,VIIRS,n,2,282.13,1.44,N,2
52.84929,29.98663,295.32,0.39,0.59,2019-10-03,0116,N20,VIIRS,n,2,281.23,1.13,N,2
52.84764,29.99179,306.27,0.39,0.59,2019-10-03,0116,N20,VIIRS,n,2,281.48,1.13,N,2
53.06393,30.8723,340.76,0.42,0.61,2019-10-03,0925,N20,VIIRS,n,2,280.22,3.53,D,0
51.4627,29.3301,325.74,0.54,0.68,2019-10-03,0925,N20,VIIRS,n,2,287.55,3.19,D,0
53.05894,30.87669,326.37,0.42,0.61,2019-10-03,0925,N20,VIIRS,n,2,280.34,3.53,D,0
52.84463,29.99434,329.7,0.52,0.42,2019-10-03,1105,N20,VIIRS,n,2,290.56,2.33,D,2
52.84673,29.99437,328.25,0.52,0.42,2019-10-03,1105,N20,VIIRS,n,2,291.24,6.14,D,2
53.74095,31.77559,330.76,0.41,0.45,2019-10-03,1105,N20,VIIRS,n,2,285.73,3.81,D,0
53.26984,24.43904,295.85,0.55,0.68,2019-10-03,2317,N20,VIIRS,n,2,275.36,1.71,N,2
53.27307,24.44041,298.85,0.48,0.4,2019-10-04,0057,N20,VIIRS,n,2,276.55,0.93,N,2
52.84524,29.99287,333.3,0.67,0.74,2019-10-04,0906,N20,VIIRS,n,2,280.44,4.71,D,2
52.84675,29.99217,334.35,0.4,0.37,2019-10-04,1046,N20,VIIRS,n,2,286.46,3.37,D,2
52.81322,30.37432,331.02,0.4,0.37,2019-10-04,1046,N20,VIIRS,n,2,282.77,3.83,D,0
52.20779,28.7045,325.72,0.38,0.36,2019-10-04,1046,N20,VIIRS,n,2,282.3,1.82,D,0
52.19294,28.62835,336.63,0.38,0.36,2019-10-04,1046,N20,VIIRS,n,2,285.58,3.99,D,0
51.74442,27.99401,331.21,0.38,0.36,2019-10-04,1046,N20,VIIRS,n,2,284.83,3.19,D,0
51.6481,28.84139,346.02,0.38,0.36,2019-10-04,1046,N20,VIIRS,n,2,277.38,5.48,D,0
52.84809,29.98531,314.01,0.51,0.66,2019-10-04,2258,N20,VIIRS,n,2,276.03,2.34,N,2
52.84733,29.98509,314.63,0.51,0.66,2019-10-04,2258,N20,VIIRS,n,2,275.97,1.96,N,2
53.39374,32.01435,301.48,0.39,0.44,2019-10-05,0038,N20,VIIRS,n,2,279.48,0.85,N,2
52.84689,29.98811,315.61,0.52,0.42,2019-10-05,0038,N20,VIIRS,n,2,276.85,2.29,N,2
54.07428,26.52075,325.94,0.39,0.36,2019-10-06,0019,N20,VIIRS,n,2,272.18,2.34,N,0
52.3771,24.53024,345.14,0.44,0.62,2019-10-07,0950,N20,VIIRS,n,2,279.37,4.08,D,0
53.27053,24.44311,297.32,0.6,0.53,2019-10-07,2342,N20,VIIRS,n,2,273.07,1.29,N,2
53.26098,24.45083,295.78,0.53,0.5,2019-10-08,0122,N20,VIIRS,n,2,274.33,1.22,N,2
51.79585,30.4857,339.07,0.42,0.61,2019-10-08,0931,N20,VIIRS,n,2,280.88,3.2,D,0
51.79949,30.48112,343.6,0.42,0.61,2019-10-08,0931,N20,VIIRS,n,2,283.03,7.11,D,0
51.32573,30.5586,328.26,0.43,0.62,2019-10-08,0931,N20,VIIRS,n,2,278.56,2.46,D,0
51.7972,30.48313,353.43,0.4,0.45,2019-10-08,1111,N20,VIIRS,n,2,284.01,8.26,D,0
52.84555,29.98025,305.48,0.69,0.74,2019-10-10,2245,N20,VIIRS,n,2,275.5,2.11,N,0
51.89324,29.34111,302.6,0.42,0.38,2019-10-11,0026,N20,VIIRS,n,2,276.57,0.53,N,2
51.88964,28.00952,345.76,0.39,0.44,2019-10-11,1015,N20,VIIRS,n,2,283.69,4.22,D,0
52.84566,29.99073,318.59,0.39,0.36,2019-10-12,0007,N20,VIIRS,n,2,272.37,1.13,N,2
52.21055,25.72144,327.78,0.47,0.48,2019-10-12,1137,N20,VIIRS,n,2,287.34,4.89,D,0
52.57708,25.32587,336.3,0.46,0.47,2019-10-12,1137,N20,VIIRS,n,2,288.08,4.46,D,0
53.27245,24.43854,301.98,0.51,0.5,2019-10-12,2348,N20,VIIRS,n,2,280.03,1.06,N,2
52.84654,29.98643,328.34,0.47,0.4,2019-10-12,2348,N20,VIIRS,n,2,279.99,4.61,N,2
51.89429,29.33891,297.76,0.48,0.4,2019-10-12,2349,N20,VIIRS,n,2,281.32,0.41,N,2
51.95344,29.3606,331.1,0.52,0.67,2019-10-13,0129,N20,VIIRS,n,2,279.94,3.25,N,0
53.26902,24.44221,296.65,0.61,0.54,2019-10-13,0129,N20,VIIRS,n,2,278.95,1,N,2
52.07225,27.91846,340.94,0.56,0.43,2019-10-13,1118,N20,VIIRS,n,2,287.78,14.33,D,0
51.76037,27.13158,329.14,0.52,0.42,2019-10-13,1118,N20,VIIRS,n,2,290.47,3.66,D,0
53.26449,24.4462,301.35,0.4,0.6,2019-10-13,2329,N20,VIIRS,n,2,283.74,0.89,N,2
53.27022,24.44034,305.22,0.4,0.6,2019-10-13,2329,N20,VIIRS,n,2,283.42,1.47,N,2
51.89805,29.91008,347.17,0.46,0.47,2019-10-13,2330,N20,VIIRS,n,2,287.39,63.76,N,0
53.26368,24.44932,299.88,0.41,0.45,2019-10-14,0110,N20,VIIRS,n,2,283.64,1.39,N,2
51.89761,29.90788,367,0.36,0.58,2019-10-14,0110,N20,VIIRS,h,2,283.41,31.29,N,0
53.27029,24.44047,306.12,0.41,0.45,2019-10-14,0110,N20,VIIRS,n,2,283.86,1.3,N,2
51.89616,29.91263,308.97,0.36,0.58,2019-10-14,0110,N20,VIIRS,n,2,284.37,31.29,N,0
52.55769,30.77753,339.65,0.5,0.66,2019-10-14,0919,N20,VIIRS,n,2,289.91,3.98,D,0
51.8926,29.91288,330.9,0.57,0.69,2019-10-14,0919,N20,VIIRS,n,2,290.34,5.27,D,0
51.46893,29.33448,326.03,0.43,0.38,2019-10-14,1058,N20,VIIRS,n,2,294.75,4.26,D,0
51.46968,29.3407,327.46,0.43,0.38,2019-10-14,1058,N20,VIIRS,n,2,292.97,3.23,D,0
52.18298,25.78221,338.87,0.39,0.36,2019-10-14,1059,N20,VIIRS,n,2,294.42,4.6,D,0
51.89621,29.91279,339.61,0.45,0.39,2019-10-14,1059,N20,VIIRS,n,2,297.8,11.78,D,0
52.21145,25.7219,328.54,0.39,0.36,2019-10-14,1059,N20,VIIRS,n,2,292.38,1.97,D,0
52.59904,26.33939,327.17,0.39,0.36,2019-10-14,1059,N20,VIIRS,n,2,292.35,2,D,0
52.41363,27.42991,337.27,0.4,0.37,2019-10-14,1059,N20,VIIRS,n,2,293,2.88,D,0
52.31047,30.40098,325.64,0.47,0.4,2019-10-14,1059,N20,VIIRS,n,2,292.74,2.76,D,0
52.57812,25.32335,341.76,0.38,0.36,2019-10-14,1059,N20,VIIRS,n,2,295.93,15.92,D,0
52.99999,28.2333,327.15,0.42,0.38,2019-10-14,1059,N20,VIIRS,n,2,290.84,1.88,D,0
52.91409,27.11842,332.51,0.4,0.37,2019-10-14,1059,N20,VIIRS,n,2,292.92,6.19,D,0
51.69238,29.11401,326.16,0.43,0.38,2019-10-14,1059,N20,VIIRS,n,2,295.02,1.72,D,0
52.85793,26.85581,340.89,0.4,0.37,2019-10-14,1059,N20,VIIRS,n,2,292.51,4.63,D,0
54.01946,25.70779,329.58,0.39,0.36,2019-10-14,1059,N20,VIIRS,n,2,290.54,2.72,D,0
52.29538,25.9423,327.42,0.39,0.36,2019-10-14,1059,N20,VIIRS,n,2,293.12,2.35,D,0
52.84546,29.98833,325.47,0.37,0.58,2019-10-14,2310,N20,VIIRS,n,2,283.45,1.75,N,2
52.85086,29.98881,304.91,0.37,0.58,2019-10-14,2310,N20,VIIRS,n,2,283.71,1.14,N,2
53.27054,24.43888,298.69,0.64,0.72,2019-10-14,2310,N20,VIIRS,n,2,282.46,1.56,N,2
53.39737,32.01085,295.26,0.62,0.54,2019-10-14,2310,N20,VIIRS,n,2,283.58,0.93,N,2
52.84895,29.99162,341.22,0.45,0.47,2019-10-15,0051,N20,VIIRS,n,2,284.18,5.2,N,2
53.26964,24.43968,297.19,0.44,0.38,2019-10-15,0051,N20,VIIRS,n,2,282.51,0.72,N,2
53.26039,24.44854,298.19,0.44,0.38,2019-10-15,0051,N20,VIIRS,n,2,284.45,0.83,N,2
53.27302,24.44153,296.59,0.44,0.38,2019-10-15,0051,N20,VIIRS,n,2,282.31,0.72,N,2
52.84497,29.98886,303.65,0.45,0.47,2019-10-15,0051,N20,VIIRS,n,2,282.73,5.2,N,2
52.70029,25.09146,325.2,0.44,0.38,2019-10-15,1040,N20,VIIRS,n,2,290.96,2.7,D,0
53.55554,27.56373,332.75,0.39,0.36,2019-10-15,1040,N20,VIIRS,n,2,290.72,2.46,D,0
52.67978,25.1993,332.7,0.44,0.38,2019-10-15,1040,N20,VIIRS,n,2,285.62,5.58,D,0
52.67641,25.20108,331.93,0.44,0.38,2019-10-15,1040,N20,VIIRS,n,2,288.47,5.58,D,0
53.13324,28.23399,336.65,0.39,0.36,2019-10-15,1040,N20,VIIRS,n,2,291.69,4.45,D,0
52.56704,25.293,327.24,0.43,0.38,2019-10-15,1040,N20,VIIRS,n,2,282.55,4.69,D,0
53.11947,28.77126,331.19,0.38,0.36,2019-10-15,1040,N20,VIIRS,n,2,291.84,4.57,D,0
53.29016,31.96652,327.87,0.41,0.37,2019-10-15,1040,N20,VIIRS,n,2,288.1,1.53,D,0
52.84661,29.99107,344.46,0.38,0.36,2019-10-15,1040,N20,VIIRS,n,2,294.56,6.85,D,2
52.40839,30.04675,330.69,0.38,0.36,2019-10-15,1040,N20,VIIRS,n,2,289.92,1.97,D,0
53.39753,32.00764,298.86,0.49,0.65,2019-10-15,2251,N20,VIIRS,n,2,279.81,1.14,N,0
53.39825,32.00921,295.27,0.49,0.65,2019-10-15,2251,N20,VIIRS,n,2,279.39,0.93,N,0
52.84848,29.98147,306.9,0.59,0.7,2019-10-15,2251,N20,VIIRS,n,2,280.27,2.27,N,0
52.84973,29.98733,314.29,0.59,0.7,2019-10-15,2251,N20,VIIRS,n,2,281.27,2.65,N,2
53.26385,24.45081,297.25,0.38,0.36,2019-10-16,0032,N20,VIIRS,n,2,283.85,0.7,N,2
54.44918,30.13871,296.92,0.44,0.39,2019-10-16,0032,N20,VIIRS,n,2,277.39,0.61,N,0
52.23012,31.23816,295.84,0.52,0.42,2019-10-16,0032,N20,VIIRS,n,2,280.58,0.71,N,0
53.26062,24.4494,302.58,0.38,0.36,2019-10-16,0032,N20,VIIRS,n,2,285.55,0.7,N,2
53.27208,24.44233,312.95,0.38,0.36,2019-10-16,0032,N20,VIIRS,n,2,285.35,1.32,N,2
53.87126,23.78323,311.37,0.39,0.36,2019-10-16,0032,N20,VIIRS,n,2,284.25,0.78,N,0
52.84727,29.99004,319.13,0.47,0.39,2019-10-16,0032,N20,VIIRS,n,2,279.94,2.14,N,2
51.86374,26.77894,295.04,0.41,0.37,2019-10-16,0033,N20,VIIRS,n,2,281.28,0.39,N,0
53.26273,24.44923,296.56,0.76,0.77,2019-10-16,0212,N20,VIIRS,n,2,284.39,1.02,N,2
53.32391,29.34946,336.26,0.44,0.38,2019-10-16,1021,N20,VIIRS,n,2,292.96,4.48,D,0
51.3538,30.60138,333.85,0.44,0.38,2019-10-16,1021,N20,VIIRS,n,2,296.45,6.67,D,0
51.97597,29.16201,327.91,0.47,0.4,2019-10-16,1021,N20,VIIRS,n,2,293.23,2.74,D,0
52.56981,30.94066,338.3,0.42,0.37,2019-10-16,1021,N20,VIIRS,n,2,295.37,5.44,D,0
52.62341,30.11727,345.93,0.43,0.38,2019-10-16,1021,N20,VIIRS,n,2,295.62,7.67,D,0
52.84567,29.99117,333.84,0.43,0.38,2019-10-16,1021,N20,VIIRS,n,2,293.95,5.62,D,2
53.29514,32.23991,325.86,0.39,0.36,2019-10-16,1021,N20,VIIRS,n,2,291.27,1.87,D,0
52.1818,25.78729,340.25,0.4,0.44,2019-10-16,1021,N20,VIIRS,n,2,292.17,3.69,D,0
52.39315,23.32129,327.35,0.49,0.48,2019-10-16,1021,N20,VIIRS,n,2,291.4,2.79,D,0
53.80405,29.72064,328.92,0.42,0.38,2019-10-16,1021,N20,VIIRS,n,2,291.71,3.92,D,0
53.78278,28.19963,326.4,0.46,0.39,2019-10-16,1021,N20,VIIRS,n,2,293.43,2.11,D,0
52.79106,24.82359,327.85,0.42,0.45,2019-10-16,1021,N20,VIIRS,n,2,291.09,1.85,D,0
54.43901,30.23547,341.69,0.41,0.37,2019-10-16,1022,N20,VIIRS,n,2,294.19,9.2,D,0
54.7041,30.74775,341.39,0.72,0.75,2019-10-16,1203,N20,VIIRS,n,2,288.82,7.54,D,0
53.73254,31.7248,318.68,0.79,0.78,2019-10-16,2232,N20,VIIRS,n,2,271.03,4.94,N,0
53.73218,31.72896,297.4,0.79,0.78,2019-10-16,2232,N20,VIIRS,n,2,267.21,2.61,N,0
53.73172,31.71701,312.25,0.79,0.78,2019-10-16,2232,N20,VIIRS,n,2,268.77,2.89,N,0
53.72904,31.72577,326.2,0.39,0.37,2019-10-17,0013,N20,VIIRS,n,2,280.49,1.73,N,0
53.73228,31.7274,310.53,0.39,0.37,2019-10-17,0013,N20,VIIRS,n,2,280.63,1.73,N,0
52.84775,29.99008,328.02,0.39,0.36,2019-10-17,0013,N20,VIIRS,n,2,283.14,5.03,N,2
52.85329,29.99857,299.87,0.39,0.36,2019-10-17,0013,N20,VIIRS,n,2,284.65,0.58,N,2
53.39469,32.01181,311.44,0.4,0.37,2019-10-17,0013,N20,VIIRS,n,2,282.85,1.67,N,2
53.72801,31.73159,300.49,0.39,0.37,2019-10-17,0013,N20,VIIRS,n,2,280.85,1.73,N,0
53.26483,24.44731,295.36,0.45,0.39,2019-10-17,0014,N20,VIIRS,n,2,282.86,0.66,N,2
51.89996,29.32219,295.24,0.38,0.36,2019-10-17,0014,N20,VIIRS,n,2,283.4,0.66,N,0
53.26274,24.445,300.64,0.45,0.39,2019-10-17,0014,N20,VIIRS,n,2,283.24,0.66,N,0
53.27061,24.44048,306.36,0.45,0.39,2019-10-17,0014,N20,VIIRS,n,2,283.37,1.38,N,2
53.27174,24.43924,298.9,0.52,0.67,2019-10-17,0154,N20,VIIRS,n,2,279.91,0.74,N,2
53.26054,24.44823,300.37,0.52,0.67,2019-10-17,0154,N20,VIIRS,n,2,281.1,1.51,N,2
53.27069,24.44009,300.25,0.52,0.67,2019-10-17,0154,N20,VIIRS,n,2,280.86,0.84,N,2
53.26152,24.44734,300.29,0.52,0.67,2019-10-17,0154,N20,VIIRS,n,2,281.49,1.01,N,2
51.83103,29.1512,325.65,0.46,0.47,2019-10-17,1002,N20,VIIRS,n,2,290.36,2.33,D,0
52.12838,31.39878,325.07,0.56,0.43,2019-10-17,1002,N20,VIIRS,n,2,289.56,2.06,D,0
52.53366,31.28723,333.42,0.55,0.43,2019-10-17,1002,N20,VIIRS,n,2,288.76,4.12,D,0
52.62238,30.11673,338.48,0.4,0.44,2019-10-17,1002,N20,VIIRS,n,2,292.23,4.42,D,0
52.62622,30.11427,329.48,0.4,0.44,2019-10-17,1002,N20,VIIRS,n,2,289.54,4.42,D,0
52.49975,29.04163,346.16,0.44,0.46,2019-10-17,1002,N20,VIIRS,n,2,290.89,7.62,D,0
54.13258,30.65009,338.31,0.53,0.42,2019-10-17,1003,N20,VIIRS,n,2,288.55,3.97,D,0
54.19506,30.56648,346.87,0.53,0.42,2019-10-17,1003,N20,VIIRS,n,2,292.43,24.9,D,0
54.19545,30.57769,339.91,0.45,0.63,2019-10-17,1143,N20,VIIRS,n,2,284.92,5.47,D,0
52.49902,29.04017,326.64,0.38,0.59,2019-10-17,1143,N20,VIIRS,n,2,289.65,2.26,D,0
52.49887,29.04299,331.47,0.38,0.59,2019-10-17,1143,N20,VIIRS,n,2,289.91,2.69,D,0
52.13755,26.18178,346.81,0.58,0.52,2019-10-17,1143,N20,VIIRS,n,2,292.23,7.6,D,0
54.19357,30.57608,340.05,0.45,0.63,2019-10-17,1143,N20,VIIRS,n,2,284.98,5.23,D,0
53.51152,27.12555,325.89,0.32,0.55,2019-10-17,1143,N20,VIIRS,n,2,287.14,1.26,D,0
54.19538,30.5706,337.63,0.45,0.63,2019-10-17,1143,N20,VIIRS,n,2,285.08,5.47,D,0
52.62252,30.11758,329.69,0.43,0.62,2019-10-17,1143,N20,VIIRS,n,2,290.14,2.25,D,0
53.39562,32.01625,295.54,0.4,0.37,2019-10-17,2354,N20,VIIRS,n,2,280.16,1.12,N,2
53.39312,32.00907,297.23,0.4,0.37,2019-10-17,2354,N20,VIIRS,n,2,279.04,1.21,N,2
53.67203,31.82331,296.61,0.4,0.37,2019-10-17,2354,N20,VIIRS,n,2,278.96,0.97,N,0
52.84791,29.98842,324.94,0.43,0.38,2019-10-17,2355,N20,VIIRS,n,2,280.54,3.39,N,2
52.3967,25.41061,298.93,0.4,0.44,2019-10-17,2355,N20,VIIRS,n,2,264.15,0.87,N,0
52.84883,29.98578,301.01,0.58,0.69,2019-10-18,0134,N20,VIIRS,n,2,277.1,1.67,N,2
52.40009,25.42586,349.23,0.47,0.64,2019-10-18,0944,N20,VIIRS,n,2,287.27,5.89,D,0
52.62891,30.18567,337.97,0.6,0.53,2019-10-18,0944,N20,VIIRS,n,2,287,7.28,D,0
52.39935,25.42384,347.5,0.46,0.64,2019-10-18,0944,N20,VIIRS,n,2,287.47,5.89,D,0
52.62937,30.18316,346.13,0.54,0.51,2019-10-18,1124,N20,VIIRS,n,2,288.88,7.55,D,0
52.40029,25.43028,329.36,0.52,0.42,2019-10-18,1124,N20,VIIRS,n,2,288.77,9.22,D,0
52.39957,25.42255,327.53,0.52,0.42,2019-10-18,1124,N20,VIIRS,n,2,289.59,9.22,D,0
52.0712,27.94208,327.9,0.43,0.46,2019-10-18,1124,N20,VIIRS,n,2,289.66,5.03,D,0
52.07071,27.93574,336.3,0.43,0.46,2019-10-18,1124,N20,VIIRS,n,2,290.24,5.03,D,0
52.07033,27.94053,337.77,0.43,0.46,2019-10-18,1124,N20,VIIRS,n,2,291.05,3.32,D,0
52.07456,27.93972,328.28,0.43,0.46,2019-10-18,1124,N20,VIIRS,n,2,289.02,3.32,D,0
52.62791,30.18555,338.22,0.54,0.51,2019-10-18,1124,N20,VIIRS,n,2,289.05,10.27,D,0
52.84572,29.98753,321.16,0.41,0.45,2019-10-18,2336,N20,VIIRS,n,2,278.87,1.94,N,2
53.12062,26.77565,300.01,0.55,0.51,2019-10-18,2336,N20,VIIRS,n,2,277.54,1.12,N,0
53.39263,32.01259,298.75,0.52,0.42,2019-10-18,2336,N20,VIIRS,n,2,279.94,1.05,N,2
53.39644,32.01364,296.54,0.52,0.42,2019-10-18,2336,N20,VIIRS,n,2,279.81,1.05,N,2
52.84983,29.98846,337.01,0.41,0.45,2019-10-18,2336,N20,VIIRS,n,2,280.52,5.58,N,2
53.11589,26.77478,332.31,0.55,0.51,2019-10-18,2336,N20,VIIRS,n,2,277.77,5.71,N,0
53.2636,24.44775,295.9,0.47,0.47,2019-10-19,0116,N20,VIIRS,n,2,280.84,0.77,N,2
52.40147,25.44207,332.11,0.69,0.74,2019-10-19,0925,N20,VIIRS,n,2,286.33,9.08,D,0
52.40488,25.45064,340.02,0.69,0.74,2019-10-19,0925,N20,VIIRS,n,2,285.48,9.42,D,0
53.3129,26.04913,325.09,0.41,0.37,2019-10-19,1105,N20,VIIRS,n,2,288.23,2.42,D,0
52.15773,26.96244,344.55,0.42,0.38,2019-10-19,1105,N20,VIIRS,n,2,298.14,20.36,D,0
52.16116,26.96133,334.47,0.42,0.38,2019-10-19,1105,N20,VIIRS,n,2,291.9,20.36,D,0
52.53411,27.63358,335.22,0.44,0.38,2019-10-19,1105,N20,VIIRS,n,2,290.91,3.37,D,0
52.8465,29.98998,332.51,0.52,0.42,2019-10-19,1105,N20,VIIRS,n,2,277.68,4.98,D,2
52.3996,25.43808,331.42,0.4,0.37,2019-10-19,1105,N20,VIIRS,n,2,289.42,3.73,D,0
52.40448,25.44842,355.52,0.4,0.37,2019-10-19,1105,N20,VIIRS,n,2,291.43,9.56,D,0
52.40213,25.43111,337.7,0.4,0.37,2019-10-19,1105,N20,VIIRS,n,2,290.72,5.16,D,0
52.40779,25.44722,346.46,0.4,0.37,2019-10-19,1105,N20,VIIRS,n,2,289.91,9.56,D,0
53.19188,27.02181,331.04,0.43,0.38,2019-10-19,1105,N20,VIIRS,n,2,288.82,3.12,D,0
53.53107,28.79511,328.98,0.49,0.4,2019-10-19,1105,N20,VIIRS,n,2,287.33,4.85,D,0
54.00776,28.2632,341.87,0.47,0.4,2019-10-19,1106,N20,VIIRS,n,2,283.02,22.53,D,0
53.27172,24.4416,302.26,0.48,0.4,2019-10-20,0057,N20,VIIRS,n,2,279.42,1.15,N,2
52.84563,29.99462,335.1,0.67,0.74,2019-10-20,0906,N20,VIIRS,n,2,284.28,6.56,D,2
52.84956,29.99337,329.81,0.67,0.74,2019-10-20,0906,N20,VIIRS,n,2,285.27,5.7,D,2
52.30637,30.23939,325.92,0.4,0.37,2019-10-20,1046,N20,VIIRS,n,2,289.71,1.08,D,0
52.09336,27.65792,328.69,0.38,0.36,2019-10-20,1046,N20,VIIRS,n,2,289.6,1.44,D,0
52.05379,28.85301,329.79,0.39,0.36,2019-10-20,1046,N20,VIIRS,n,2,291.55,2.97,D,0
52.17627,27.2083,329.48,0.39,0.36,2019-10-20,1046,N20,VIIRS,n,2,291.98,3.53,D,0
53.39729,32.0097,298.4,0.42,0.61,2019-10-20,2258,N20,VIIRS,n,2,282.12,0.94,N,0
53.39353,32.01035,295.09,0.42,0.61,2019-10-20,2258,N20,VIIRS,n,2,281.63,0.69,N,2
52.8482,29.99116,331.13,0.52,0.42,2019-10-21,0038,N20,VIIRS,n,2,273.61,4.57,N,2
53.26237,24.44516,298.94,0.39,0.36,2019-10-21,0039,N20,VIIRS,n,2,281.06,0.65,N,2
53.26141,24.45083,296.57,0.39,0.36,2019-10-21,0039,N20,VIIRS,n,2,282.24,0.65,N,2
53.26981,24.44255,307.63,0.39,0.36,2019-10-21,0039,N20,VIIRS,n,2,281.31,1.29,N,2
52.06284,30.49278,346.06,0.4,0.37,2019-10-21,1027,N20,VIIRS,n,2,291.53,13.09,D,0
52.84575,29.9877,329.69,0.4,0.37,2019-10-21,1027,N20,VIIRS,n,2,287.26,3.72,D,2
51.79939,29.49904,330.27,0.42,0.38,2019-10-21,1027,N20,VIIRS,n,2,290.31,2.5,D,0
53.25859,24.4513,295.44,0.42,0.37,2019-10-22,0020,N20,VIIRS,n,2,278.01,0.78,N,2
53.26278,24.44632,297.29,0.42,0.37,2019-10-22,0020,N20,VIIRS,n,2,278.68,0.78,N,2
53.27037,24.44256,302.71,0.42,0.37,2019-10-22,0020,N20,VIIRS,n,2,278.24,1.25,N,2
53.04731,29.19942,335.07,0.56,0.43,2019-10-22,1009,N20,VIIRS,n,2,290.61,14.47,D,0
52.8462,29.9876,329.78,0.53,0.42,2019-10-22,1009,N20,VIIRS,n,2,290.17,5.42,D,2
52.74609,30.08973,325.09,0.5,0.66,2019-10-22,1149,N20,VIIRS,n,2,283.86,2.4,D,0
52.44184,31.53397,343.5,0.57,0.69,2019-10-22,1149,N20,VIIRS,n,2,285.65,7.09,D,0
52.84851,29.98756,325.85,0.4,0.37,2019-10-23,0001,N20,VIIRS,n,2,269.25,2.29,N,2
52.84771,29.99344,296.17,0.4,0.37,2019-10-23,0001,N20,VIIRS,n,2,267.93,1.32,N,2
52.7331,30.21013,338.81,0.52,0.5,2019-10-23,0950,N20,VIIRS,n,2,289.16,13.51,D,0
52.93335,29.83987,341.08,0.53,0.5,2019-10-23,0950,N20,VIIRS,n,2,287.82,7.99,D,0
52.49303,27.50293,326.79,0.34,0.56,2019-10-23,0950,N20,VIIRS,n,2,286.62,1.68,D,0
52.84654,29.98933,339.55,0.53,0.5,2019-10-23,0950,N20,VIIRS,n,2,289.99,8.71,D,2
52.7377,30.20589,333.66,0.52,0.5,2019-10-23,0950,N20,VIIRS,n,2,286.07,17.81,D,0
52.73347,30.20898,339.43,0.52,0.5,2019-10-23,0950,N20,VIIRS,n,2,291.27,17.81,D,0
52.73732,30.20703,338.5,0.52,0.5,2019-10-23,0950,N20,VIIRS,n,2,286.77,7.31,D,0
52.75636,30.21877,339.16,0.63,0.54,2019-10-23,1130,N20,VIIRS,n,2,287.74,23.82,D,0
51.71083,29.18218,337.79,0.56,0.52,2019-10-23,1130,N20,VIIRS,n,2,289.51,5.66,D,0
52.49274,27.50182,330.48,0.49,0.48,2019-10-23,1130,N20,VIIRS,n,2,288.83,3.55,D,0
53.27354,24.43985,297.49,0.6,0.53,2019-10-23,2342,N20,VIIRS,n,2,277.78,1.26,N,2
53.26331,24.44759,295.14,0.59,0.53,2019-10-23,2342,N20,VIIRS,n,2,278.73,1.33,N,2
52.84678,29.98846,329.26,0.53,0.42,2019-10-23,2342,N20,VIIRS,n,2,279.74,4.27,N,2
53.27024,24.44301,296.66,0.6,0.53,2019-10-23,2342,N20,VIIRS,n,2,277.49,1.88,N,2
53.26189,24.4464,297.83,0.53,0.5,2019-10-24,0122,N20,VIIRS,n,2,278.27,1.73,N,2
52.84931,29.99191,318.96,0.44,0.63,2019-10-24,0122,N20,VIIRS,n,2,268.35,2.34,N,2
53.26237,24.44726,297.79,0.53,0.5,2019-10-24,0122,N20,VIIRS,n,2,278.53,1.11,N,2
51.9045,27.9269,339.54,0.49,0.4,2019-10-24,1111,N20,VIIRS,n,2,291.06,4.29,D,0
52.44204,31.53191,326.25,0.45,0.47,2019-10-24,1111,N20,VIIRS,n,2,286.42,3.55,D,0
52.84692,29.98829,334.54,0.4,0.44,2019-10-24,1111,N20,VIIRS,n,2,290.39,3.25,D,2
53.08142,29.44932,337.35,0.57,0.43,2019-10-24,1112,N20,VIIRS,n,2,288.16,12.71,D,0
52.89318,26.3968,340.49,0.45,0.39,2019-10-24,1112,N20,VIIRS,n,2,287.66,6.13,D,0
53.26949,24.43851,298.72,0.47,0.64,2019-10-24,2323,N20,VIIRS,n,2,278.37,1.05,N,0
54.19024,28.52395,297.23,0.32,0.55,2019-10-24,2323,N20,VIIRS,n,2,275.19,0.38,N,0
53.26347,24.44562,300.67,0.47,0.64,2019-10-24,2323,N20,VIIRS,n,2,279.98,1.06,N,0
53.27111,24.4403,297.99,0.54,0.42,2019-10-25,0104,N20,VIIRS,n,2,277.88,1.05,N,2
53.26029,24.45094,296.26,0.54,0.42,2019-10-25,0104,N20,VIIRS,n,2,278.57,0.98,N,2
52.84821,29.9899,327.5,0.43,0.38,2019-10-27,0026,N20,VIIRS,n,2,275.24,2.81,N,2
51.98746,28.98083,327.94,0.53,0.42,2019-10-27,1015,N20,VIIRS,n,2,289.68,6.13,D,0
51.70006,28.5799,329.56,0.56,0.43,2019-10-27,1015,N20,VIIRS,n,2,289.32,3.1,D,0
52.84474,29.9936,330.85,0.58,0.69,2019-10-27,1156,N20,VIIRS,n,2,287.91,3.67,D,2
54.43755,28.37173,348.67,0.5,0.66,2019-10-27,1156,N20,VIIRS,n,2,280.93,9.34,D,0
54.43748,28.37024,354.18,0.5,0.66,2019-10-27,1156,N20,VIIRS,n,2,282.19,6.86,D,0
52.92132,26.40382,344.02,0.41,0.6,2019-10-27,1156,N20,VIIRS,n,2,289.41,4.63,D,0
53.39633,32.01356,299.51,0.39,0.36,2019-10-28,0007,N20,VIIRS,n,2,280.8,0.68,N,2
53.27212,24.44201,298.77,0.46,0.63,2019-10-28,0147,N20,VIIRS,n,2,277.85,0.69,N,2
52.80874,25.73343,326.34,0.33,0.56,2019-10-28,0956,N20,VIIRS,n,2,283.8,4.55,D,0
52.81007,25.73792,356.26,0.33,0.55,2019-10-28,0956,N20,VIIRS,n,2,284.3,5.53,D,0
52.10387,26.70695,325.86,0.32,0.55,2019-10-28,0956,N20,VIIRS,n,2,281.03,3.39,D,0
52.16129,27.09168,337.58,0.54,0.51,2019-10-28,1137,N20,VIIRS,n,2,286.43,10.28,D,0
52.15966,27.09211,338.68,0.54,0.51,2019-10-28,1137,N20,VIIRS,n,2,287.16,15.54,D,0
52.90603,30.51225,337.31,0.48,0.48,2019-10-29,1118,N20,VIIRS,n,2,281.94,8.06,D,0
52.84523,30.61803,349.41,0.49,0.48,2019-10-29,1118,N20,VIIRS,n,2,281.4,8.17,D,0
52.46225,28.81054,331.71,0.41,0.45,2019-10-29,1118,N20,VIIRS,n,2,283.29,2.88,D,0
52.52325,30.69746,329.79,0.49,0.48,2019-10-29,1118,N20,VIIRS,n,2,276.56,4.31,D,0
52.06752,28.84388,347.03,0.41,0.45,2019-10-29,1118,N20,VIIRS,n,2,282.06,5.63,D,0
52.90416,30.51262,336.95,0.48,0.48,2019-10-29,1118,N20,VIIRS,n,2,281.94,5.11,D,0
53.26987,24.44086,295.57,0.4,0.6,2019-10-29,2329,N20,VIIRS,n,2,272.84,1,N,2
52.84854,29.98881,304.66,0.47,0.48,2019-10-29,2329,N20,VIIRS,n,2,265.25,1.29,N,2
52.52721,30.70237,306.74,0.44,0.46,2019-10-29,2330,N20,VIIRS,n,2,269.51,0.95,N,0
53.26886,24.44213,296.07,0.41,0.45,2019-10-30,0110,N20,VIIRS,n,2,271.5,0.88,N,2
51.82776,28.9125,327.05,0.43,0.38,2019-10-30,1059,N20,VIIRS,n,2,279.98,2.46,D,0
51.63792,29.43747,325.15,0.44,0.38,2019-10-30,1059,N20,VIIRS,n,2,287.03,31.98,D,0
51.63866,29.44375,327.24,0.44,0.38,2019-10-30,1059,N20,VIIRS,n,2,280.42,7.53,D,0
51.48093,29.33062,338.39,0.43,0.38,2019-10-30,1059,N20,VIIRS,n,2,282.04,4.15,D,0
52.84469,29.99068,329.82,0.47,0.39,2019-10-30,1059,N20,VIIRS,n,2,281.35,3.44,D,2
52.09926,28.44583,329.96,0.42,0.38,2019-10-30,1059,N20,VIIRS,n,2,282.11,4.83,D,0
52.49154,31.27753,331.34,0.51,0.41,2019-10-30,1059,N20,VIIRS,n,2,276.86,4.82,D,0
52.24589,28.87072,326.68,0.43,0.38,2019-10-30,1059,N20,VIIRS,n,2,280.71,4.29,D,0
52.29916,28.65189,335.2,0.42,0.38,2019-10-30,1059,N20,VIIRS,n,2,278.69,4.1,D,0
52.75886,30.69066,326.28,0.49,0.4,2019-10-30,1059,N20,VIIRS,n,2,275.43,2.06,D,0
52.96109,29.52564,326.9,0.45,0.39,2019-10-30,1059,N20,VIIRS,n,2,276.36,5.72,D,0
51.65262,29.43955,326.43,0.44,0.38,2019-10-30,1059,N20,VIIRS,n,2,279.42,4.38,D,0
52.10003,28.45189,328.54,0.42,0.38,2019-10-30,1059,N20,VIIRS,n,2,283.97,8.23,D,0
52.0263,30.43834,332.17,0.47,0.4,2019-10-30,1059,N20,VIIRS,n,2,279.87,3.45,D,0
52.8447,29.98966,328.61,0.47,0.39,2019-10-30,1059,N20,VIIRS,n,2,282.11,3.75,D,2
53.72826,30.39621,325.93,0.36,0.58,2019-10-30,2310,N20,VIIRS,n,2,266.52,1.46,N,0
53.72547,30.39602,327.34,0.36,0.58,2019-10-30,2310,N20,VIIRS,n,2,266.05,1.85,N,0
53.26958,24.44371,303.08,0.44,0.38,2019-10-31,0051,N20,VIIRS,n,2,270.64,1.19,N,2
52.90769,30.81551,338.19,0.71,0.75,2019-10-31,0900,N20,VIIRS,n,2,274.81,7.15,D,0
52.90831,30.82102,336.76,0.71,0.75,2019-10-31,0900,N20,VIIRS,n,2,274.9,5.49,D,0
51.86507,28.9178,329.29,0.39,0.36,2019-10-31,1040,N20,VIIRS,n,2,273.09,3.47,D,0
53.58049,27.4331,326.3,0.39,0.36,2019-10-31,1040,N20,VIIRS,n,2,276.5,1.96,D,0
53.63562,27.74104,325.19,0.39,0.36,2019-10-31,1040,N20,VIIRS,n,2,276.47,1.97,D,0
52.09314,28.41608,345.57,0.39,0.36,2019-10-31,1040,N20,VIIRS,n,2,286.65,14.49,D,0
52.19778,28.64967,327.61,0.39,0.36,2019-10-31,1040,N20,VIIRS,n,2,276.74,4.94,D,0
52.73059,29.80104,326.22,0.38,0.36,2019-10-31,1040,N20,VIIRS,n,2,278.32,4.9,D,0
52.75118,29.84602,327.54,0.38,0.36,2019-10-31,1040,N20,VIIRS,n,2,276.47,3.69,D,0
52.90726,30.60059,328.8,0.39,0.36,2019-10-31,1040,N20,VIIRS,n,2,275.96,2.45,D,0
52.92844,30.1116,325.8,0.39,0.36,2019-10-31,1040,N20,VIIRS,n,2,274.99,1.53,D,0
53.02833,25.42,341.41,0.43,0.38,2019-10-31,1040,N20,VIIRS,n,2,275.22,6.15,D,0
53.55494,27.48383,327.99,0.39,0.36,2019-10-31,1040,N20,VIIRS,n,2,274.91,2.47,D,0
52.32092,28.49714,329.5,0.39,0.36,2019-10-31,1040,N20,VIIRS,n,2,277.25,4.54,D,0
51.86183,28.91917,328.68,0.39,0.36,2019-10-31,1040,N20,VIIRS,n,2,271.51,2.29,D,0
55.48555,28.59738,326.31,0.38,0.36,2019-10-31,1041,N20,VIIRS,n,2,267.57,1.35,D,0
52.27287,24.51551,326.43,0.44,0.46,2019-11-01,1021,N20,VIIRS,n,2,280.79,2.59,D,0
52.91164,26.33521,335.74,0.47,0.64,2019-11-01,1202,N20,VIIRS,n,2,275.66,3.89,D,0
51.91947,23.87933,340.86,0.37,0.58,2019-11-01,1202,N20,VIIRS,n,2,280.12,5.4,D,0
51.91963,23.88482,332.31,0.37,0.58,2019-11-01,1202,N20,VIIRS,n,2,278.26,4.93,D,0
53.6799,27.80221,319.76,0.39,0.36,2019-11-02,0013,N20,VIIRS,n,2,263.72,1.86,N,0
51.8881,29.33607,306.79,0.38,0.36,2019-11-02,0014,N20,VIIRS,n,2,266.58,0.59,N,2
52.11814,30.72318,347.64,0.39,0.44,2019-11-02,1002,N20,VIIRS,n,2,283.05,11.1,D,0
52.11304,30.72008,352.32,0.39,0.44,2019-11-02,1002,N20,VIIRS,n,2,282.43,11.1,D,0
52.11433,30.72553,340.1,0.39,0.44,2019-11-02,1002,N20,VIIRS,n,2,278.58,11.1,D,0
52.11662,30.71983,356.58,0.39,0.44,2019-11-02,1002,N20,VIIRS,n,2,284.4,15.77,D,0
52.1179,30.72532,340.22,0.39,0.44,2019-11-02,1002,N20,VIIRS,n,2,285.22,21.69,D,0
52.11281,30.72219,348.29,0.39,0.44,2019-11-02,1002,N20,VIIRS,n,2,279.78,15.77,D,0
52.11685,30.71773,353.95,0.39,0.44,2019-11-02,1002,N20,VIIRS,n,2,282.03,11.1,D,0
53.08453,30.86601,328.47,0.55,0.43,2019-11-02,1002,N20,VIIRS,n,2,270.6,4.23,D,0
52.1137,30.71512,337.36,0.45,0.63,2019-11-02,1143,N20,VIIRS,n,2,268.52,6.09,D,0
52.11525,30.72814,356.56,0.45,0.63,2019-11-02,1143,N20,VIIRS,l,2,270.67,8.96,D,0
52.11506,30.71475,335.34,0.45,0.63,2019-11-02,1143,N20,VIIRS,n,2,268.06,5.23,D,0
52.10939,30.72835,328.9,0.45,0.63,2019-11-02,1143,N20,VIIRS,n,2,269.09,8.96,D,0
52.10948,30.73499,328.35,0.45,0.63,2019-11-02,1143,N20,VIIRS,n,2,267.73,7.52,D,0
52.11376,30.72185,328.74,0.45,0.63,2019-11-02,1143,N20,VIIRS,n,2,269.03,6.09,D,0
52.11382,30.72854,356.21,0.45,0.63,2019-11-02,1143,N20,VIIRS,l,2,271.14,13.57,D,0
52.77732,30.54418,339.87,0.45,0.63,2019-11-02,1143,N20,VIIRS,n,2,272.17,5.59,D,0
51.94827,26.12531,321.95,0.45,0.63,2019-11-03,0135,N20,VIIRS,n,2,269.19,2.73,N,0
51.95142,26.13567,305.43,0.45,0.63,2019-11-03,0135,N20,VIIRS,n,2,267.54,1.69,N,0
51.95339,26.12984,300.87,0.45,0.63,2019-11-03,0135,N20,VIIRS,n,2,270.39,2.35,N,0
51.96518,26.09496,295.74,0.45,0.63,2019-11-03,0135,N20,VIIRS,n,2,275,1.13,N,0
51.93485,26.10596,338.16,0.45,0.63,2019-11-03,0135,N20,VIIRS,n,2,270.67,4.5,N,0
51.92035,26.06672,301.38,0.45,0.63,2019-11-03,0135,N20,VIIRS,n,2,272.13,1.85,N,0
51.92229,26.06091,316.48,0.45,0.63,2019-11-03,0135,N20,VIIRS,n,2,272.07,1.85,N,0
51.92279,26.09911,314.1,0.45,0.63,2019-11-03,0135,N20,VIIRS,n,2,269.41,2.8,N,0
51.92474,26.09328,297.15,0.45,0.63,2019-11-03,0135,N20,VIIRS,n,2,268.96,2.8,N,0
51.93182,26.09196,311.62,0.45,0.63,2019-11-03,0135,N20,VIIRS,n,2,270.63,2.32,N,0
51.93376,26.08614,304.92,0.45,0.63,2019-11-03,0135,N20,VIIRS,n,2,272.46,2.32,N,0
51.9357,26.08032,298.96,0.45,0.63,2019-11-03,0135,N20,VIIRS,n,2,272.73,2.34,N,0
51.92792,26.10364,331.55,0.45,0.63,2019-11-03,0135,N20,VIIRS,n,2,271.26,2.8,N,0
51.92987,26.09778,327.31,0.45,0.63,2019-11-03,0135,N20,VIIRS,n,2,270.34,2.8,N,0
51.93109,26.11401,298.18,0.45,0.63,2019-11-03,0135,N20,VIIRS,n,2,267.62,2.66,N,0
51.93499,26.10233,318.38,0.45,0.63,2019-11-03,0135,N20,VIIRS,n,2,272.31,3.92,N,0
51.93694,26.09649,301.19,0.45,0.63,2019-11-03,0135,N20,VIIRS,n,2,271.29,1.69,N,0
51.93888,26.09066,306.28,0.45,0.63,2019-11-03,0135,N20,VIIRS,n,2,272.53,1.69,N,0
51.94083,26.08484,303.55,0.45,0.63,2019-11-03,0135,N20,VIIRS,n,2,273.49,1.75,N,0
51.93304,26.10817,334.26,0.45,0.63,2019-11-03,0135,N20,VIIRS,n,2,269.11,3.92,N,0
51.93427,26.1244,296.72,0.45,0.63,2019-11-03,0135,N20,VIIRS,n,2,266.99,2.66,N,0
51.94206,26.10102,299.4,0.45,0.63,2019-11-03,0135,N20,VIIRS,n,2,271.82,1.69,N,0
51.94595,26.08936,299.3,0.45,0.63,2019-11-03,0135,N20,VIIRS,n,2,273.79,1.75,N,0
51.93621,26.11856,323.95,0.45,0.63,2019-11-03,0135,N20,VIIRS,n,2,266.58,2.66,N,0
51.93817,26.11271,341.27,0.45,0.63,2019-11-03,0135,N20,VIIRS,n,2,267.47,3.92,N,0
51.94012,26.10686,325.91,0.45,0.63,2019-11-03,0135,N20,VIIRS,n,2,271.96,3.92,N,0
51.93744,26.13481,304.88,0.45,0.63,2019-11-03,0135,N20,VIIRS,n,2,265.85,1.36,N,0
51.9394,26.12894,315.47,0.45,0.63,2019-11-03,0135,N20,VIIRS,n,2,265.11,3.12,N,0
51.94718,26.10555,315.07,0.45,0.63,2019-11-03,0135,N20,VIIRS,n,2,272.5,1.8,N,0
51.94912,26.09972,306.11,0.45,0.63,2019-11-03,0135,N20,VIIRS,n,2,273.37,1.8,N,0
51.94134,26.1231,330.26,0.45,0.63,2019-11-03,0135,N20,VIIRS,n,2,266.43,3.12,N,0
51.94329,26.11724,324.61,0.45,0.63,2019-11-03,0135,N20,VIIRS,n,2,268.74,2.77,N,0
51.94524,26.11139,320.85,0.45,0.63,2019-11-03,0135,N20,VIIRS,n,2,272.67,2.77,N,0
51.94062,26.1452,298.88,0.45,0.63,2019-11-03,0135,N20,VIIRS,n,2,265.54,1.36,N,0
51.94257,26.13936,309.84,0.45,0.63,2019-11-03,0135,N20,VIIRS,n,2,264.57,1.36,N,0
51.94841,26.12177,317.73,0.45,0.63,2019-11-03,0135,N20,VIIRS,n,2,270.93,2.77,N,0
51.95036,26.11593,309.9,0.45,0.63,2019-11-03,0135,N20,VIIRS,n,2,272.06,2.77,N,0
51.9523,26.11009,318.71,0.45,0.63,2019-11-03,0135,N20,VIIRS,n,2,275.66,1.8,N,0
51.95424,26.10425,306.76,0.45,0.63,2019-11-03,0135,N20,VIIRS,n,2,273.14,1.8,N,0
51.95618,26.09842,305.09,0.45,0.63,2019-11-03,0135,N20,VIIRS,n,2,274,2.51,N,0
51.95812,26.09259,305.93,0.45,0.63,2019-11-03,0135,N20,VIIRS,n,2,275.27,2.51,N,0
51.94452,26.1335,320.24,0.45,0.63,2019-11-03,0135,N20,VIIRS,n,2,264.56,3.12,N,0
51.94646,26.12764,325.93,0.45,0.63,2019-11-03,0135,N20,VIIRS,n,2,267.61,3.12,N,0
51.92656,26.09114,302.41,0.45,0.63,2019-11-03,0135,N20,VIIRS,n,2,269.66,2.87,N,0
51.92458,26.09695,338.02,0.45,0.63,2019-11-03,0135,N20,VIIRS,n,2,269.98,3.73,N,0
51.92774,26.10726,300.32,0.45,0.63,2019-11-03,0135,N20,VIIRS,n,2,267.68,3.73,N,0
51.93169,26.09562,313.05,0.45,0.63,2019-11-03,0135,N20,VIIRS,n,2,269.56,2.87,N,0
51.93367,26.08983,311.15,0.45,0.63,2019-11-03,0135,N20,VIIRS,n,2,271.82,2.87,N,0
51.93563,26.08404,303.68,0.45,0.63,2019-11-03,0135,N20,VIIRS,n,2,272.79,3.79,N,0
51.92972,26.10145,341.45,0.45,0.63,2019-11-03,0135,N20,VIIRS,n,2,273.52,3.73,N,0
51.9309,26.11759,298.49,0.45,0.63,2019-11-03,0135,N20,VIIRS,n,2,267.31,1.57,N,0
51.93682,26.10014,306.74,0.45,0.63,2019-11-03,0135,N20,VIIRS,n,2,270.37,2.63,N,0
51.94076,26.08853,305.56,0.45,0.63,2019-11-03,0135,N20,VIIRS,n,2,273.1,2.09,N,0
51.94273,26.08273,299.01,0.45,0.63,2019-11-03,0135,N20,VIIRS,n,2,274.2,2.09,N,0
51.93288,26.11177,320.8,0.45,0.63,2019-11-03,0135,N20,VIIRS,n,2,267.05,4.5,N,0
51.93406,26.12792,300.52,0.45,0.63,2019-11-03,0135,N20,VIIRS,n,2,266.68,1.57,N,0
51.93603,26.12211,306.07,0.45,0.63,2019-11-03,0135,N20,VIIRS,n,2,266.07,1.57,N,0
51.94195,26.10465,316.27,0.45,0.63,2019-11-03,0135,N20,VIIRS,n,2,272.81,2.63,N,0
51.94392,26.09884,301.75,0.45,0.63,2019-11-03,0135,N20,VIIRS,n,2,272.53,2.63,N,0
51.94981,26.08144,297.42,0.45,0.63,2019-11-03,0135,N20,VIIRS,n,2,275.19,2.69,N,0
51.938,26.11629,336.22,0.45,0.63,2019-11-03,0135,N20,VIIRS,n,2,266.79,4.5,N,0
51.93998,26.11046,335.37,0.45,0.63,2019-11-03,0135,N20,VIIRS,n,2,269.28,4.5,N,0
51.93721,26.13829,299.26,0.45,0.63,2019-11-03,0135,N20,VIIRS,n,2,266.56,1.63,N,0
51.93919,26.13246,313.71,0.45,0.63,2019-11-03,0135,N20,VIIRS,n,2,264.83,2.45,N,0
51.94511,26.11497,318.34,0.45,0.63,2019-11-03,0135,N20,VIIRS,n,2,270.7,2.73,N,0
51.94905,26.10335,312.8,0.45,0.63,2019-11-03,0135,N20,VIIRS,n,2,273.2,1.87,N,0
51.95101,26.09754,302.4,0.45,0.63,2019-11-03,0135,N20,VIIRS,n,2,273.81,1.32,N,0
51.95298,26.09173,303.81,0.45,0.63,2019-11-03,0135,N20,VIIRS,n,2,274.38,1.32,N,0
51.95494,26.08594,300.85,0.45,0.63,2019-11-03,0135,N20,VIIRS,n,2,275.67,1.95,N,0
51.94116,26.12662,324.29,0.45,0.63,2019-11-03,0135,N20,VIIRS,n,2,264.96,2.45,N,0
51.94314,26.1208,327.77,0.45,0.63,2019-11-03,0135,N20,VIIRS,n,2,268.13,2.73,N,0
51.94708,26.10916,320.09,0.45,0.63,2019-11-03,0135,N20,VIIRS,n,2,274.89,1.87,N,0
51.94234,26.1428,299.25,0.45,0.63,2019-11-03,0135,N20,VIIRS,n,2,264,1.63,N,0
51.94432,26.13698,310.86,0.45,0.63,2019-11-03,0135,N20,VIIRS,n,2,263.57,2.45,N,0
51.94629,26.13115,319.35,0.45,0.63,2019-11-03,0135,N20,VIIRS,n,2,265.73,2.45,N,0
51.95024,26.11948,310.57,0.45,0.63,2019-11-03,0135,N20,VIIRS,n,2,271.3,2.73,N,0
51.95221,26.11367,307.59,0.45,0.63,2019-11-03,0135,N20,VIIRS,n,2,273,1.87,N,0
51.95417,26.10785,311.68,0.45,0.63,2019-11-03,0135,N20,VIIRS,n,2,273.69,1.87,N,0
51.95614,26.10205,298.79,0.45,0.63,2019-11-03,0135,N20,VIIRS,n,2,273.16,1.32,N,0
51.9581,26.09624,303.61,0.45,0.63,2019-11-03,0135,N20,VIIRS,n,2,274.68,1.32,N,0
51.96006,26.09044,304.38,0.45,0.63,2019-11-03,0135,N20,VIIRS,n,2,275.19,1.95,N,0
51.91971,23.88565,328.4,0.46,0.39,2019-11-03,1124,N20,VIIRS,n,2,288.74,9.61,D,0
52.41409,25.45574,296.52,0.54,0.51,2019-11-04,0116,N20,VIIRS,n,2,278.73,0.93,N,0
52.47404,27.67165,336.45,0.44,0.38,2019-11-04,1105,N20,VIIRS,n,2,283.1,9.82,D,0
52.78622,29.5756,328.05,0.51,0.41,2019-11-04,1105,N20,VIIRS,n,2,279.23,2.83,D,0
52.76459,29.5123,339.23,0.5,0.41,2019-11-04,1105,N20,VIIRS,n,2,280.97,8.57,D,0
52.11417,28.75,329,0.47,0.4,2019-11-04,1105,N20,VIIRS,n,2,283.99,2.89,D,0
52.46979,27.66628,325.69,0.44,0.38,2019-11-04,1105,N20,VIIRS,n,2,281.9,5.72,D,0
52.47054,27.67274,349.28,0.44,0.38,2019-11-04,1105,N20,VIIRS,n,2,284.76,9.82,D,0
52.49657,28.70817,341.6,0.47,0.4,2019-11-04,1105,N20,VIIRS,n,2,286.06,11.86,D,0
52.13303,28.54789,330.33,0.46,0.39,2019-11-04,1105,N20,VIIRS,n,2,288.02,2.98,D,0
52.11391,28.749,330.62,0.47,0.4,2019-11-04,1105,N20,VIIRS,n,2,283.93,3.79,D,0
52.84608,29.98722,307.68,0.51,0.5,2019-11-05,0057,N20,VIIRS,n,2,272.7,1.49,N,2
53.03089,29.94683,329.46,0.4,0.37,2019-11-05,1046,N20,VIIRS,n,2,284.7,2.32,D,0
51.68254,28.73425,340.09,0.38,0.36,2019-11-05,1046,N20,VIIRS,n,2,284.41,6.46,D,0
52.79212,29.38729,325.61,0.39,0.36,2019-11-05,1046,N20,VIIRS,n,2,284.42,2.04,D,0
52.64688,30.15686,331.92,0.4,0.37,2019-11-05,1046,N20,VIIRS,n,2,284.91,3.71,D,0
52.64993,30.30863,335.28,0.4,0.37,2019-11-05,1046,N20,VIIRS,n,2,285.7,3.84,D,0
52.46296,29.91641,328.17,0.39,0.37,2019-11-05,1046,N20,VIIRS,n,2,284.49,2.77,D,0
51.9176,27.33734,328.24,0.39,0.36,2019-11-05,1046,N20,VIIRS,n,2,284.38,2.24,D,0
51.83266,27.99049,335.19,0.38,0.36,2019-11-05,1046,N20,VIIRS,n,2,285.49,3.07,D,0
52.11852,24.42497,329.29,0.42,0.38,2019-11-05,1046,N20,VIIRS,n,2,280.91,3.5,D,0
51.32715,30.49441,328.21,0.4,0.37,2019-11-05,1046,N20,VIIRS,n,2,287.19,3,D,0
52.84608,29.98835,311.33,0.4,0.37,2019-11-07,0020,N20,VIIRS,n,2,277.02,1.64,N,2
51.88748,29.33881,307.41,0.4,0.37,2019-11-07,0020,N20,VIIRS,n,2,270.9,1.15,N,2
51.89173,29.33471,301.54,0.4,0.37,2019-11-07,0020,N20,VIIRS,n,2,270.51,7.06,N,2
51.89074,29.34031,335.71,0.4,0.37,2019-11-07,0020,N20,VIIRS,n,2,275.26,7.06,N,2
51.894,29.34182,298.25,0.4,0.37,2019-11-07,0020,N20,VIIRS,n,2,270.57,7.06,N,2
53.27028,24.44134,308.64,0.42,0.37,2019-11-07,0020,N20,VIIRS,n,2,277.98,1.24,N,2
51.67829,28.61322,336.28,0.42,0.45,2019-11-07,1008,N20,VIIRS,n,2,275.66,2.63,D,0
51.99178,28.85205,327.8,0.41,0.45,2019-11-07,1009,N20,VIIRS,n,2,270.46,2.23,D,0
53.26087,24.45065,305.19,0.54,0.42,2019-11-10,0104,N20,VIIRS,n,2,282.49,1.7,N,2
53.27166,24.44,303.77,0.54,0.42,2019-11-10,0104,N20,VIIRS,n,2,281.56,1.67,N,2
52.84617,29.98835,318.59,0.43,0.38,2019-11-12,0026,N20,VIIRS,n,2,275.7,2.02,N,2
53.2631,24.44661,295.8,0.67,0.74,2019-11-12,0206,N20,VIIRS,n,2,275.46,1.9,N,2
52.84729,29.9925,327.55,0.46,0.47,2019-11-13,0956,N20,VIIRS,n,2,274.61,2.33,D,2
51.46409,28.65391,338.92,0.57,0.52,2019-11-13,0956,N20,VIIRS,n,2,283.52,5.93,D,0
54.23,29.87601,318.45,0.5,0.41,2019-11-13,2348,N20,VIIRS,n,2,278,1.43,N,0
52.84595,29.99082,327.06,0.47,0.4,2019-11-13,2348,N20,VIIRS,n,2,278.93,2.77,N,2
51.81903,30.38751,328.47,0.36,0.58,2019-11-14,0937,N20,VIIRS,n,2,280.35,1.87,D,0
52.88652,31.29921,338.29,0.62,0.54,2019-11-14,0937,N20,VIIRS,n,2,281.56,5.52,D,0
51.43472,29.28396,332.04,0.42,0.45,2019-11-14,1117,N20,VIIRS,n,2,282.54,2.02,D,0
51.33316,30.55325,342.73,0.47,0.48,2019-11-14,1117,N20,VIIRS,n,2,282.61,5.03,D,0
52.60154,30.33735,328.22,0.47,0.48,2019-11-14,1118,N20,VIIRS,n,2,282.15,2.37,D,0
51.73397,30.08555,326.24,0.45,0.47,2019-11-14,1118,N20,VIIRS,n,2,282.01,2.72,D,0
52.36025,28.6941,330.42,0.4,0.44,2019-11-14,1118,N20,VIIRS,n,2,284,3.4,D,0
52.88796,31.29954,326.38,0.52,0.5,2019-11-14,1118,N20,VIIRS,n,2,280.38,3.03,D,0
52.84534,29.9897,297.21,0.47,0.48,2019-11-14,2329,N20,VIIRS,n,2,272.6,1.21,N,2
52.84974,29.99055,310.28,0.47,0.48,2019-11-14,2329,N20,VIIRS,n,2,274,1.21,N,2
52.15862,27.08285,325.44,0.54,0.51,2019-11-18,1002,N20,VIIRS,n,2,281.73,3.38,D,0
52.06744,28.08751,327.12,0.5,0.49,2019-11-18,1002,N20,VIIRS,n,2,281.06,3.62,D,0
51.76737,27.65941,327.22,0.53,0.5,2019-11-18,1002,N20,VIIRS,n,2,281.27,2.7,D,0
52.16056,27.0815,338.97,0.63,0.54,2019-11-18,1143,N20,VIIRS,n,2,283.1,7.39,D,0
51.88956,29.33842,298.7,0.52,0.42,2019-11-22,0039,N20,VIIRS,n,2,264.92,0.66,N,2
53.25566,26.72443,300.33,0.42,0.38,2019-11-22,0039,N20,VIIRS,n,2,268.19,1.26,N,0
52.84629,29.98704,314.46,0.52,0.42,2019-11-22,0039,N20,VIIRS,n,2,265.93,2.23,N,2
51.72711,30.55331,327.16,0.4,0.37,2019-11-22,1027,N20,VIIRS,n,2,268.98,4.92,D,0
51.7261,30.54765,327.37,0.4,0.37,2019-11-22,1027,N20,VIIRS,n,2,269.01,4.92,D,0
51.76864,27.04306,328.63,0.49,0.4,2019-11-22,1027,N20,VIIRS,n,2,271.87,2.85,D,0
52.34993,29.37447,331.3,0.42,0.37,2019-11-22,1027,N20,VIIRS,n,2,265.99,3.4,D,0
52.09212,27.92075,342.17,0.46,0.39,2019-11-22,1027,N20,VIIRS,n,2,273.41,8.5,D,0
52.84597,29.98741,325.89,0.4,0.37,2019-11-22,1027,N20,VIIRS,n,2,271.49,4.87,D,2
52.84758,29.99114,329.49,0.4,0.37,2019-11-22,1027,N20,VIIRS,n,2,271.05,3.91,D,2
53.28972,29.11496,329.74,0.41,0.37,2019-11-22,1028,N20,VIIRS,n,2,269.17,3.27,D,0
53.2576,30.30139,326.82,0.4,0.37,2019-11-22,1028,N20,VIIRS,n,2,270.12,2.7,D,0
53.97189,28.33369,328.93,0.42,0.38,2019-11-22,1028,N20,VIIRS,n,2,268.74,3.15,D,0
52.84639,29.99483,327.04,0.53,0.42,2019-11-23,1009,N20,VIIRS,n,2,266.75,7.35,D,2
52.84805,29.99157,330.95,0.4,0.37,2019-11-24,0001,N20,VIIRS,n,2,252.29,3.06,N,2
52.84882,29.9891,320.29,0.66,0.73,2019-11-24,0141,N20,VIIRS,n,2,254.53,2.75,N,2
52.11428,28.63021,325.63,0.63,0.54,2019-11-24,0950,N20,VIIRS,n,2,267.33,4.93,D,0
52.1074,27.89124,342.89,0.33,0.56,2019-11-24,0950,N20,VIIRS,n,2,270.51,3.65,D,0
52.12073,28.64738,329.36,0.62,0.54,2019-11-24,0950,N20,VIIRS,n,2,267.73,4.63,D,0
52.11905,28.64694,340.89,0.63,0.54,2019-11-24,0950,N20,VIIRS,n,2,268.31,8.43,D,0
52.15405,27.48195,327.35,0.48,0.48,2019-11-24,1130,N20,VIIRS,n,2,269.25,7,D,0
52.13924,27.50155,336.27,0.48,0.48,2019-11-24,1130,N20,VIIRS,n,2,268.43,7.45,D,0
52.14322,27.49373,356.36,0.48,0.48,2019-11-24,1130,N20,VIIRS,l,2,275.28,25.72,D,0
52.15163,27.48514,341.02,0.48,0.48,2019-11-24,1130,N20,VIIRS,n,2,269.6,6.99,D,0
52.8467,29.99191,325.46,0.53,0.42,2019-11-24,2342,N20,VIIRS,n,2,266.45,6.93,N,2
52.84934,29.98762,341.4,0.44,0.63,2019-11-25,0122,N20,VIIRS,n,2,262.28,6.25,N,2
53.42737,30.91029,330.75,0.35,0.57,2019-11-25,0931,N20,VIIRS,n,2,270.97,2.15,D,0
52.73149,30.26025,325.63,0.39,0.59,2019-11-25,0931,N20,VIIRS,n,2,269.22,1.76,D,0
53.1784,30.905,331.4,0.44,0.46,2019-11-25,1112,N20,VIIRS,n,2,271.67,3.46,D,0
52.11148,28.1715,326.46,0.41,0.37,2019-11-27,1034,N20,VIIRS,n,2,275.5,3.03,D,0
54.08939,28.89874,340.31,0.39,0.36,2019-11-27,1034,N20,VIIRS,n,2,272.84,3.98,D,0
52.61021,29.01555,325.29,0.4,0.37,2019-11-27,1034,N20,VIIRS,n,2,274.82,2.62,D,0
51.79789,28.54063,327.97,0.41,0.37,2019-11-27,1034,N20,VIIRS,n,2,277.32,3.17,D,0
52.84867,29.98908,307.85,0.51,0.66,2019-11-30,0128,N20,VIIRS,n,2,273.83,1.47,N,2
52.84521,29.98631,299.34,0.51,0.66,2019-11-30,0128,N20,VIIRS,n,2,273.26,0.88,N,2
52.85048,29.99144,297.12,0.51,0.66,2019-11-30,0128,N20,VIIRS,n,2,273.62,0.89,N,2
53.27081,24.43733,299.1,0.41,0.6,2019-11-30,2329,N20,VIIRS,n,2,266.76,0.83,N,2
51.89463,29.3409,299.14,0.49,0.49,2019-11-30,2330,N20,VIIRS,n,2,270.01,1.33,N,2
51.45233,29.23628,335.31,0.36,0.57,2019-12-05,0943,N20,VIIRS,n,2,277.01,2.63,D,0
51.86067,26.50691,344.61,0.44,0.63,2019-12-05,0944,N20,VIIRS,n,2,276.05,6.41,D,0
51.85867,26.50793,333.97,0.44,0.63,2019-12-05,0944,N20,VIIRS,n,2,275.03,4.34,D,0
51.85994,26.50984,330.19,0.57,0.43,2019-12-05,1124,N20,VIIRS,n,2,276.4,4.69,D,0
51.93688,30.35308,330.76,0.54,0.51,2019-12-05,1124,N20,VIIRS,n,2,275.57,5.65,D,0
52.65916,24.36725,328.9,0.49,0.4,2019-12-05,1124,N20,VIIRS,n,2,274.68,4.76,D,0
51.89239,29.3397,322.5,0.42,0.45,2019-12-05,2336,N20,VIIRS,n,2,271.02,2.63,N,2
52.84708,29.98735,334.39,0.41,0.45,2019-12-05,2336,N20,VIIRS,n,2,275.81,15,N,2
52.85479,29.99533,302.4,0.41,0.45,2019-12-05,2336,N20,VIIRS,n,2,275.55,1.1,N,2
51.89017,29.33818,299.42,0.4,0.6,2019-12-06,0116,N20,VIIRS,n,2,268.07,0.85,N,2
51.8951,29.34223,314.8,0.4,0.6,2019-12-06,0116,N20,VIIRS,n,2,269.92,0.85,N,2
52.84522,29.98816,330.96,0.39,0.59,2019-12-06,0116,N20,VIIRS,n,2,270.87,2.66,N,2
53.27049,24.4441,295.37,0.47,0.47,2019-12-06,0116,N20,VIIRS,n,2,271.38,0.67,N,2
53.07246,30.31662,335.24,0.43,0.62,2019-12-06,0925,N20,VIIRS,n,2,274.18,3.17,D,0
52.0946,30.18613,325.63,0.48,0.64,2019-12-06,0925,N20,VIIRS,n,2,273.48,2.78,D,0
53.07476,30.31393,338.53,0.43,0.62,2019-12-06,0925,N20,VIIRS,n,2,274.13,3.24,D,0
53.34397,26.9827,329.67,0.56,0.69,2019-12-06,0925,N20,VIIRS,n,2,271.99,4.85,D,0
52.09642,28.4561,330.55,0.46,0.39,2019-12-06,1105,N20,VIIRS,n,2,276.41,3.83,D,0
51.43961,30.51299,331.22,0.53,0.42,2019-12-06,1105,N20,VIIRS,n,2,278.18,13.62,D,0
51.89071,29.34092,327.39,0.48,0.4,2019-12-06,1105,N20,VIIRS,n,2,276.39,2.47,D,2
52.49548,26.34583,326.5,0.41,0.37,2019-12-06,1105,N20,VIIRS,n,2,274.55,2.21,D,0
52.01434,28.82804,330.81,0.47,0.4,2019-12-06,1105,N20,VIIRS,n,2,276.02,5.48,D,0
52.84557,29.98929,332.96,0.52,0.42,2019-12-06,1105,N20,VIIRS,n,2,276.36,5.17,D,2
52.84762,29.989,330.92,0.52,0.42,2019-12-06,1105,N20,VIIRS,n,2,275.64,4.45,D,2
51.86497,26.24997,327.59,0.41,0.37,2019-12-06,1105,N20,VIIRS,n,2,275.09,2.58,D,0
53.34431,26.97516,336.89,0.43,0.38,2019-12-06,1105,N20,VIIRS,n,2,275.63,6.57,D,0
53.2053,24.5419,325.79,0.39,0.36,2019-12-06,1106,N20,VIIRS,n,2,274.87,2.42,D,0
52.8489,29.98889,330.51,0.32,0.55,2019-12-06,2317,N20,VIIRS,n,2,272.13,2.57,N,2
51.90572,30.23833,295.58,0.61,0.54,2019-12-06,2317,N20,VIIRS,n,2,269.03,0.96,N,0
51.89328,29.34012,330.09,0.34,0.56,2019-12-06,2317,N20,VIIRS,n,2,270.64,2.11,N,2
51.89347,29.33512,301.48,0.34,0.56,2019-12-06,2317,N20,VIIRS,n,2,269.28,1.98,N,2
52.58807,30.3057,314.99,0.54,0.51,2019-12-07,0057,N20,VIIRS,n,2,266.83,2.22,N,0
52.84745,29.98877,313.69,0.51,0.5,2019-12-07,0057,N20,VIIRS,n,2,270.07,2.48,N,2
52.58868,30.30663,314.44,0.54,0.51,2019-12-07,0057,N20,VIIRS,n,2,267.34,1.32,N,0
51.90777,30.24203,295.41,0.56,0.52,2019-12-07,0057,N20,VIIRS,n,2,268.06,1.07,N,0
52.49533,26.34546,337.27,0.39,0.36,2019-12-07,1046,N20,VIIRS,n,2,271.32,6.58,D,0
51.67432,28.41185,325.7,0.38,0.36,2019-12-07,1046,N20,VIIRS,n,2,273.42,2.2,D,0
51.43964,30.51578,334.7,0.4,0.37,2019-12-07,1046,N20,VIIRS,n,2,272.7,8.88,D,0
53.27279,24.44228,297.02,0.39,0.36,2019-12-08,0039,N20,VIIRS,n,2,275.36,0.78,N,2
53.26956,24.44076,295.11,0.39,0.36,2019-12-08,0039,N20,VIIRS,n,2,273.65,0.78,N,2
52.58367,28.52968,327.62,0.43,0.38,2019-12-08,1027,N20,VIIRS,n,2,276.03,2.46,D,0
52.84534,29.99349,326.82,0.4,0.37,2019-12-08,1027,N20,VIIRS,n,2,279.12,5.43,D,2
51.894,29.34275,308.23,0.4,0.37,2019-12-10,0001,N20,VIIRS,n,2,265.22,1.09,N,2
51.96925,28.58013,330.76,0.32,0.54,2019-12-10,0950,N20,VIIRS,n,2,276.61,3.76,D,0
51.89316,29.33768,306.31,0.55,0.43,2019-12-10,2342,N20,VIIRS,n,2,272.71,1.3,N,2
51.89528,29.34245,310.06,0.45,0.63,2019-12-11,0122,N20,VIIRS,n,2,271.38,1.64,N,2
52.84537,29.98934,337.21,0.4,0.44,2019-12-11,1112,N20,VIIRS,n,2,279.98,6.88,D,2
53.1335,31.22291,332.94,0.61,0.53,2019-12-16,0937,N20,VIIRS,n,2,276.89,4.53,D,0
51.94118,30.54794,335.1,0.36,0.57,2019-12-16,0937,N20,VIIRS,n,2,278.04,2.51,D,0
52.92692,29.27671,329.42,0.37,0.58,2019-12-16,0938,N20,VIIRS,n,2,277.52,2.09,D,0
53.13186,31.22437,336.67,0.52,0.5,2019-12-16,1118,N20,VIIRS,n,2,277.75,5.28,D,0
52.4033,26.19213,327.11,0.49,0.4,2019-12-16,1118,N20,VIIRS,n,2,278.65,3.09,D,0
52.10467,29.69049,328.65,0.45,0.39,2019-12-17,1059,N20,VIIRS,n,2,276.16,2.36,D,0
52.40373,26.18946,328.89,0.39,0.36,2019-12-17,1059,N20,VIIRS,n,2,270.37,3.45,D,0
52.39906,26.91034,334.3,0.4,0.37,2019-12-17,1059,N20,VIIRS,n,2,275.13,6.68,D,0
52.8466,29.98737,329.36,0.45,0.47,2019-12-18,0051,N20,VIIRS,n,2,265.57,3.91,N,2
52.60837,25.02321,325.62,0.44,0.38,2019-12-18,1040,N20,VIIRS,n,2,280.73,2.85,D,0
52.87403,26.39941,329.84,0.41,0.37,2019-12-18,1040,N20,VIIRS,n,2,279.74,2.8,D,0
52.87414,26.40102,327.76,0.41,0.37,2019-12-18,1040,N20,VIIRS,n,2,279.49,2.35,D,0
52.17328,28.74334,328.3,0.39,0.36,2019-12-18,1040,N20,VIIRS,n,2,271.64,2.29,D,0
52.84448,29.99157,325.65,0.38,0.36,2019-12-18,1040,N20,VIIRS,n,2,275.52,1.88,D,2
53.27249,24.44111,296.65,0.38,0.36,2019-12-19,0032,N20,VIIRS,n,2,273.87,0.59,N,2
52.84583,29.99098,328.94,0.43,0.38,2019-12-19,1021,N20,VIIRS,n,2,279.28,10.59,D,2
52.62488,28.75138,331.22,0.47,0.4,2019-12-19,1021,N20,VIIRS,n,2,276.03,4.79,D,0
51.6995,30.49876,328.08,0.44,0.38,2019-12-19,1021,N20,VIIRS,n,2,278.03,3.39,D,0
52.32613,28.71865,326.55,0.48,0.4,2019-12-19,1021,N20,VIIRS,n,2,277.14,2.57,D,0
52.8489,29.98945,317.31,0.39,0.36,2019-12-20,0013,N20,VIIRS,n,2,271.48,1.68,N,2
52.84567,29.988,300.62,0.39,0.36,2019-12-20,0013,N20,VIIRS,n,2,270.31,0.97,N,2
51.81826,30.38707,331.92,0.41,0.45,2019-12-20,1002,N20,VIIRS,n,2,270.64,2.32,D,0
51.82215,30.38464,326.69,0.41,0.45,2019-12-20,1002,N20,VIIRS,n,2,271.24,2.54,D,0
51.62519,28.05019,340.94,0.34,0.56,2019-12-20,1143,N20,VIIRS,n,2,270.49,4.73,D,0
51.62555,28.04828,343.45,0.34,0.56,2019-12-20,1143,N20,VIIRS,n,2,270.76,4.48,D,0
53.27275,24.44081,295.17,0.35,0.57,2019-12-21,0135,N20,VIIRS,n,2,275.13,0.55,N,2
52.84766,29.98765,325.54,0.39,0.36,2019-12-31,0007,N20,VIIRS,n,2,267.8,3.32,N,2
52.85331,29.99595,304.46,0.39,0.36,2019-12-31,0007,N20,VIIRS,n,2,269.75,0.98,N,2
51.89407,29.33764,310.36,0.39,0.36,2019-12-31,0008,N20,VIIRS,n,2,270.41,1.22,N,2
51.89325,29.34318,326.26,0.39,0.36,2019-12-31,0008,N20,VIIRS,n,2,271.9,1.42,N,2
51.8907,29.34058,339.08,0.39,0.36,2019-12-31,0008,N20,VIIRS,n,2,273.13,11.02,N,2
