latitude,longitude,bright_ti4,scan,track,acq_date,acq_time,satellite,instrument,confidence,version,bright_ti5,frp,daynight,type
53.26984,24.44352,301.04,0.44,0.38,2018-04-03,0051,N20,VIIRS,n,2,271.09,1.2,N,2
51.89024,29.34205,307.44,0.45,0.47,2018-04-03,0051,N20,VIIRS,n,2,272.26,0.99,N,2
51.88775,29.33616,329.46,0.38,0.36,2018-04-03,1040,N20,VIIRS,n,2,286.96,3.09,D,2
52.84507,29.99125,331.03,0.39,0.36,2018-04-03,1040,N20,VIIRS,n,2,288.84,3.5,D,2
53.22694,28.391,329.34,0.39,0.36,2018-04-03,1040,N20,VIIRS,n,2,284.73,3.32,D,0
52.30458,30.23596,338.37,0.39,0.36,2018-04-03,1040,N20,VIIRS,n,2,286.77,3.11,D,0
53.26995,24.44391,305.91,0.38,0.36,2018-04-04,0033,N20,VIIRS,n,2,277.32,1.33,N,2
52.61227,28.3438,338.85,0.48,0.4,2018-04-04,1021,N20,VIIRS,n,2,291.81,3.62,D,0
52.61086,28.33701,330.09,0.48,0.4,2018-04-04,1021,N20,VIIRS,n,2,291.21,3.62,D,0
52.41075,26.67104,327.08,0.55,0.43,2018-04-04,1021,N20,VIIRS,n,2,292.43,3.19,D,0
52.61417,27.08681,331.65,0.53,0.42,2018-04-04,1021,N20,VIIRS,n,2,291.66,2.95,D,0
52.59502,26.16214,344.87,0.57,0.43,2018-04-04,1021,N20,VIIRS,n,2,295.78,12.08,D,0
52.82292,26.76005,333.88,0.53,0.42,2018-04-04,1021,N20,VIIRS,n,2,288.15,3.59,D,0
52.84702,29.99095,328.25,0.43,0.38,2018-04-04,1021,N20,VIIRS,n,2,292.58,3.17,D,2
52.57706,29.98445,332.63,0.44,0.38,2018-04-04,1021,N20,VIIRS,n,2,286.79,2.69,D,0
51.89124,29.33898,333.73,0.46,0.39,2018-04-04,1021,N20,VIIRS,n,2,293.79,4.33,D,2
52.38903,25.30165,336.35,0.43,0.62,2018-04-04,1202,N20,VIIRS,n,2,285.64,3.27,D,0
51.88871,29.34649,338.56,0.63,0.72,2018-04-04,1202,N20,VIIRS,n,2,284.64,6.38,D,2
52.59734,26.19211,340.41,0.47,0.64,2018-04-04,1202,N20,VIIRS,n,2,287.09,4.3,D,0
53.64452,25.69034,350.93,0.45,0.63,2018-04-04,1202,N20,VIIRS,n,2,290.08,7.04,D,0
52.60328,26.19204,329.31,0.47,0.64,2018-04-04,1202,N20,VIIRS,n,2,286.23,2.35,D,0
53.9096,25.63564,332.12,0.45,0.63,2018-04-04,1203,N20,VIIRS,n,2,290.22,4.11,D,0
52.25447,29.61518,296.02,0.39,0.36,2018-04-05,0014,N20,VIIRS,n,2,272.53,1.41,N,0
52.25537,29.60967,326.59,0.39,0.36,2018-04-05,0014,N20,VIIRS,n,2,273.21,2.15,N,0
52.07327,25.7166,334.27,0.61,0.54,2018-04-05,1003,N20,VIIRS,n,2,289.6,10.47,D,0
52.07705,25.72087,339.15,0.61,0.54,2018-04-05,1003,N20,VIIRS,n,2,290.43,6.52,D,0
52.01468,24.82575,344.17,0.33,0.56,2018-04-05,1003,N20,VIIRS,n,2,285.97,4.65,D,0
53.30614,24.38743,340.34,0.63,0.54,2018-04-05,1003,N20,VIIRS,n,2,278.65,8.19,D,0
52.18068,24.80715,330.48,0.51,0.49,2018-04-05,1143,N20,VIIRS,n,2,281.26,3.7,D,0
52.01797,26.18754,342.31,0.58,0.52,2018-04-05,1143,N20,VIIRS,n,2,289.9,14.32,D,0
52.75979,26.06511,340.27,0.58,0.52,2018-04-05,1143,N20,VIIRS,n,2,293.49,30.64,D,0
52.75937,26.05643,325.43,0.58,0.52,2018-04-05,1143,N20,VIIRS,n,2,292.15,26.99,D,0
53.39679,32.01476,297.89,0.4,0.37,2018-04-05,2354,N20,VIIRS,n,2,277.66,1.27,N,2
54.97483,30.16446,303.85,0.45,0.39,2018-04-05,2354,N20,VIIRS,n,2,275.48,0.79,N,0
52.84613,29.99016,323.27,0.43,0.38,2018-04-05,2355,N20,VIIRS,n,2,278.23,2.39,N,2
52.30526,30.23883,304.12,0.42,0.38,2018-04-05,2355,N20,VIIRS,n,2,276.61,0.77,N,0
52.38379,26.27016,295.85,0.55,0.43,2018-04-05,2355,N20,VIIRS,n,2,278.04,0.87,N,0
51.89166,29.33588,307.27,0.44,0.38,2018-04-05,2355,N20,VIIRS,n,2,279.18,0.73,N,2
52.85224,29.99879,295.49,0.43,0.38,2018-04-05,2355,N20,VIIRS,n,2,279.38,0.93,N,2
53.82946,25.19823,339.28,0.54,0.42,2018-04-06,1125,N20,VIIRS,n,2,289.01,16.63,D,0
53.27239,24.44001,303.83,0.35,0.56,2018-04-06,2336,N20,VIIRS,n,2,271.43,0.99,N,2
52.84787,29.99062,326.94,0.41,0.45,2018-04-06,2336,N20,VIIRS,n,2,275.4,3.16,N,2
52.30562,30.23644,304.73,0.39,0.44,2018-04-06,2336,N20,VIIRS,n,2,273.41,0.88,N,0
52.40774,27.30632,298.54,0.52,0.5,2018-04-06,2336,N20,VIIRS,n,2,272.98,0.66,N,0
51.89254,29.33728,303.44,0.42,0.45,2018-04-06,2336,N20,VIIRS,n,2,275.42,1.51,N,2
51.88837,29.33637,295.22,0.42,0.45,2018-04-06,2336,N20,VIIRS,n,2,274.41,0.63,N,2
53.39484,32.01126,297.4,0.52,0.42,2018-04-06,2336,N20,VIIRS,n,2,275.31,0.79,N,2
52.30599,30.23713,297.46,0.42,0.61,2018-04-07,0116,N20,VIIRS,n,2,271.99,0.53,N,0
51.88839,29.33845,318.24,0.4,0.6,2018-04-07,0116,N20,VIIRS,n,2,274.04,1.98,N,2
53.27098,24.4447,307.14,0.47,0.48,2018-04-07,0116,N20,VIIRS,n,2,273.41,1.07,N,2
52.40821,27.30785,299.68,0.32,0.55,2018-04-07,0116,N20,VIIRS,n,2,271.88,0.64,N,0
52.84852,29.99216,329.37,0.39,0.59,2018-04-07,0116,N20,VIIRS,n,2,275.08,2.03,N,2
52.11293,27.40873,346.8,0.6,0.71,2018-04-07,0925,N20,VIIRS,n,2,285.52,7.87,D,0
53.25148,27.30946,331.35,0.55,0.68,2018-04-07,0925,N20,VIIRS,n,2,284.31,5.47,D,0
53.25183,27.31484,326.48,0.55,0.68,2018-04-07,0925,N20,VIIRS,n,2,284.52,3.57,D,0
52.84813,29.99193,325.2,0.45,0.63,2018-04-07,0925,N20,VIIRS,n,2,289.77,4.23,D,2
53.64452,23.79875,333.14,0.69,0.75,2018-04-07,0926,N20,VIIRS,n,2,285.31,4.82,D,0
53.91691,25.65466,329.93,0.59,0.7,2018-04-07,0926,N20,VIIRS,n,2,285.1,5.24,D,0
53.70028,24.29454,349.55,0.66,0.73,2018-04-07,0926,N20,VIIRS,n,2,284.59,8.79,D,0
51.96407,28.48295,340.22,0.46,0.39,2018-04-07,1105,N20,VIIRS,n,2,290.91,4.61,D,0
51.93718,27.05022,328.92,0.42,0.38,2018-04-07,1105,N20,VIIRS,n,2,292.21,2.69,D,0
52.06385,26.17097,328.44,0.41,0.37,2018-04-07,1105,N20,VIIRS,n,2,291.87,1.25,D,0
51.77137,28.56034,326.12,0.46,0.39,2018-04-07,1105,N20,VIIRS,n,2,290.98,2.41,D,0
52.11835,26.57088,339.91,0.41,0.37,2018-04-07,1105,N20,VIIRS,n,2,292.33,4.75,D,0
52.12024,26.55777,344.95,0.41,0.37,2018-04-07,1105,N20,VIIRS,n,2,290.59,3.63,D,0
52.20127,27.04256,338.53,0.42,0.38,2018-04-07,1105,N20,VIIRS,n,2,291.88,6.6,D,0
52.42015,28.02213,326.63,0.45,0.39,2018-04-07,1105,N20,VIIRS,n,2,287.84,3.86,D,0
52.40604,27.30598,327.38,0.43,0.38,2018-04-07,1105,N20,VIIRS,n,2,293.04,2.04,D,0
52.40453,27.29338,339.47,0.43,0.38,2018-04-07,1105,N20,VIIRS,n,2,294.39,4.22,D,0
52.4095,27.30488,332.53,0.43,0.38,2018-04-07,1105,N20,VIIRS,n,2,294.43,3.08,D,0
52.41373,27.31008,332,0.43,0.38,2018-04-07,1105,N20,VIIRS,n,2,292.73,3.08,D,0
52.39216,27.10232,328.13,0.43,0.38,2018-04-07,1105,N20,VIIRS,n,2,293.08,1.71,D,0
52.84481,29.98868,333.09,0.52,0.42,2018-04-07,1105,N20,VIIRS,n,2,292.82,6.06,D,2
53.07677,29.13344,327.19,0.49,0.41,2018-04-07,1105,N20,VIIRS,n,2,290.19,3.94,D,0
53.08047,29.13241,329.44,0.49,0.41,2018-04-07,1105,N20,VIIRS,n,2,289.93,3.94,D,0
53.07974,29.12503,328.53,0.49,0.41,2018-04-07,1105,N20,VIIRS,n,2,288.59,3.94,D,0
53.29886,24.41309,333.66,0.39,0.36,2018-04-07,1106,N20,VIIRS,n,2,290.03,2.59,D,0
53.53867,24.91979,330.02,0.4,0.37,2018-04-07,1106,N20,VIIRS,n,2,288.99,2.01,D,0
53.58681,25.04521,334.62,0.4,0.37,2018-04-07,1106,N20,VIIRS,n,2,294.42,10.78,D,0
53.91477,25.75606,342.03,0.41,0.37,2018-04-07,1106,N20,VIIRS,n,2,288.52,4.76,D,0
53.91814,25.75483,331.16,0.41,0.37,2018-04-07,1106,N20,VIIRS,n,2,287.28,4.76,D,0
53.95653,25.89101,325.91,0.42,0.37,2018-04-07,1106,N20,VIIRS,n,2,286.3,2.14,D,0
54.1167,27.13359,329.6,0.44,0.39,2018-04-07,1106,N20,VIIRS,n,2,287.01,2.09,D,0
54.06521,24.96366,341.83,0.4,0.37,2018-04-07,1106,N20,VIIRS,n,2,292.37,15.31,D,0
54.83871,26.56635,325.61,0.44,0.38,2018-04-07,1106,N20,VIIRS,n,2,281.15,2.34,D,0
54.83794,26.55959,329.03,0.44,0.38,2018-04-07,1106,N20,VIIRS,n,2,283.52,3.13,D,0
53.27352,24.44292,305.14,0.55,0.68,2018-04-07,2317,N20,VIIRS,n,2,274.43,1.14,N,2
52.85,29.99225,304.73,0.64,0.54,2018-04-07,2317,N20,VIIRS,n,2,271.83,1.67,N,2
51.89429,29.33682,295.05,0.33,0.56,2018-04-07,2317,N20,VIIRS,n,2,274.86,1.2,N,2
51.88914,29.3362,336.38,0.33,0.56,2018-04-07,2317,N20,VIIRS,n,2,274.84,1.2,N,2
53.70659,29.7728,297.95,0.48,0.48,2018-04-08,0057,N20,VIIRS,n,2,264.78,0.69,N,0
52.84604,29.98645,296.88,0.52,0.5,2018-04-08,0057,N20,VIIRS,n,2,270.13,0.81,N,2
53.27169,24.44393,308.78,0.48,0.4,2018-04-08,0058,N20,VIIRS,n,2,275.57,1.59,N,2
51.88888,29.34051,306.1,0.52,0.5,2018-04-08,0058,N20,VIIRS,n,2,273.94,2.06,N,2
51.98407,26.24553,296.6,0.4,0.44,2018-04-08,0058,N20,VIIRS,n,2,272.08,0.62,N,0
51.98153,26.23772,302.45,0.4,0.44,2018-04-08,0058,N20,VIIRS,n,2,272.05,0.48,N,0
51.97772,26.23534,303.91,0.4,0.44,2018-04-08,0058,N20,VIIRS,n,2,271.94,0.48,N,0
55.15973,29.0496,348.03,0.58,0.7,2018-04-08,0907,N20,VIIRS,n,2,283.04,5.19,D,0
51.46044,29.35759,333.98,0.39,0.36,2018-04-08,1046,N20,VIIRS,n,2,293.45,3.33,D,0
51.45964,29.35212,328.07,0.39,0.36,2018-04-08,1046,N20,VIIRS,n,2,292.79,2.98,D,0
52.008,29.73591,330.24,0.39,0.36,2018-04-08,1046,N20,VIIRS,n,2,292.92,2.73,D,0
52.28481,29.20998,328.61,0.39,0.36,2018-04-08,1046,N20,VIIRS,n,2,294.87,2.9,D,0
52.1949,27.94619,333.47,0.38,0.36,2018-04-08,1046,N20,VIIRS,n,2,294.04,2.58,D,0
52.19814,27.94485,335.92,0.38,0.36,2018-04-08,1046,N20,VIIRS,n,2,294.18,2.58,D,0
51.97847,26.24446,341.27,0.4,0.37,2018-04-08,1046,N20,VIIRS,n,2,297.01,3.53,D,0
51.97751,26.23885,345.13,0.4,0.37,2018-04-08,1046,N20,VIIRS,n,2,299.01,8.01,D,0
51.98173,26.24299,329.07,0.4,0.37,2018-04-08,1046,N20,VIIRS,n,2,296.27,3.53,D,0
52.70416,30.02473,344.14,0.4,0.37,2018-04-08,1046,N20,VIIRS,n,2,295.01,5.24,D,0
52.70747,30.02352,337.66,0.4,0.37,2018-04-08,1046,N20,VIIRS,n,2,293.24,5.24,D,0
52.70853,30.02122,339.81,0.4,0.37,2018-04-08,1046,N20,VIIRS,n,2,290.9,5.01,D,0
52.18372,26.35252,327.25,0.39,0.36,2018-04-08,1046,N20,VIIRS,n,2,293.44,1.79,D,0
52.48765,27.74747,328.04,0.38,0.36,2018-04-08,1046,N20,VIIRS,n,2,292.82,2.12,D,0
51.97323,24.71146,337.99,0.42,0.38,2018-04-08,1046,N20,VIIRS,n,2,289.2,3.6,D,0
52.84542,29.99398,330.34,0.4,0.37,2018-04-08,1046,N20,VIIRS,n,2,291.62,2.7,D,2
52.84464,29.98815,331.34,0.4,0.37,2018-04-08,1046,N20,VIIRS,n,2,296.88,4.92,D,2
55.26123,30.38399,336.08,0.42,0.38,2018-04-08,1047,N20,VIIRS,n,2,284.45,3.85,D,0
52.93501,25.97703,344.34,0.39,0.36,2018-04-08,1047,N20,VIIRS,n,2,292.29,7.25,D,0
52.93404,25.97134,345.35,0.39,0.36,2018-04-08,1047,N20,VIIRS,n,2,293.03,7.61,D,0
52.93825,25.97551,353.72,0.39,0.36,2018-04-08,1047,N20,VIIRS,n,2,293.3,10.07,D,0
52.93729,25.96982,326.18,0.39,0.36,2018-04-08,1047,N20,VIIRS,n,2,295.37,6.6,D,0
52.94247,25.97968,332.31,0.39,0.36,2018-04-08,1047,N20,VIIRS,n,2,291.25,10.07,D,0
52.9415,25.97399,344.53,0.39,0.36,2018-04-08,1047,N20,VIIRS,n,2,300.01,10.07,D,0
53.07762,25.94285,329.54,0.39,0.36,2018-04-08,1047,N20,VIIRS,n,2,292.65,4.21,D,0
53.09967,25.96942,336.37,0.39,0.36,2018-04-08,1047,N20,VIIRS,n,2,294.16,4.04,D,0
53.51412,28.51342,326.48,0.39,0.36,2018-04-08,1047,N20,VIIRS,n,2,291.24,1.77,D,0
53.64888,27.91337,329.19,0.38,0.36,2018-04-08,1047,N20,VIIRS,n,2,290.57,2.21,D,0
53.64054,25.74084,335.57,0.39,0.36,2018-04-08,1047,N20,VIIRS,n,2,294.48,4.18,D,0
53.64378,25.73928,334.98,0.39,0.36,2018-04-08,1047,N20,VIIRS,n,2,294.69,4.18,D,0
53.54521,24.73798,330.37,0.4,0.37,2018-04-08,1047,N20,VIIRS,n,2,292.58,3.47,D,0
54.02426,27.27909,330.53,0.38,0.36,2018-04-08,1047,N20,VIIRS,n,2,289.54,3.81,D,0
54.27336,28.83453,326.36,0.39,0.36,2018-04-08,1047,N20,VIIRS,n,2,287.48,2.03,D,0
55.25951,30.38523,334.21,0.42,0.38,2018-04-08,1047,N20,VIIRS,n,2,283.34,4.48,D,0
55.11175,28.9906,328.69,0.4,0.37,2018-04-08,1047,N20,VIIRS,n,2,291.18,3.7,D,0
55.11506,28.98925,331.14,0.4,0.37,2018-04-08,1047,N20,VIIRS,n,2,290.76,3.7,D,0
54.75093,26.36141,329.84,0.38,0.36,2018-04-08,1047,N20,VIIRS,n,2,291.9,2.6,D,0
55.19814,28.61561,340.41,0.39,0.37,2018-04-08,1047,N20,VIIRS,n,2,291.23,3.67,D,0
55.06482,26.31277,326.45,0.38,0.36,2018-04-08,1047,N20,VIIRS,n,2,288.88,2,D,0
55.0639,26.30689,328.29,0.38,0.36,2018-04-08,1047,N20,VIIRS,n,2,288.55,2,D,0
53.39736,32.01263,295.62,0.42,0.61,2018-04-08,2258,N20,VIIRS,n,2,278.57,0.73,N,2
52.85097,29.98751,323.04,0.51,0.66,2018-04-08,2258,N20,VIIRS,n,2,276.95,2.27,N,2
53.3947,32.01339,295.77,0.4,0.44,2018-04-09,0038,N20,VIIRS,n,2,278.12,0.7,N,2
52.85269,29.99907,295.62,0.52,0.42,2018-04-09,0039,N20,VIIRS,n,2,280.1,1.11,N,2
52.84711,29.98732,325.73,0.52,0.42,2018-04-09,0039,N20,VIIRS,n,2,276.81,4.27,N,2
53.27126,24.44276,313.73,0.39,0.36,2018-04-09,0039,N20,VIIRS,n,2,282.54,1.37,N,2
53.25963,24.44951,296.31,0.39,0.36,2018-04-09,0039,N20,VIIRS,n,2,282.13,0.51,N,2
52.44527,27.02962,301.32,0.44,0.38,2018-04-09,0039,N20,VIIRS,n,2,274.52,0.65,N,0
51.89065,29.33793,296.88,0.52,0.42,2018-04-09,0039,N20,VIIRS,n,2,276.24,0.61,N,2
52.18078,27.09579,302.76,0.44,0.39,2018-04-09,0039,N20,VIIRS,n,2,276.53,0.93,N,0
52.18098,27.09496,301.98,0.44,0.39,2018-04-09,0039,N20,VIIRS,n,2,276.78,0.63,N,0
51.5382,30.50958,332.43,0.41,0.37,2018-04-09,1027,N20,VIIRS,n,2,296.27,3.36,D,0
51.95092,30.65718,328.51,0.4,0.37,2018-04-09,1027,N20,VIIRS,n,2,293.63,3.29,D,0
51.82697,29.94013,341.68,0.41,0.37,2018-04-09,1027,N20,VIIRS,n,2,297.55,3.95,D,0
51.82655,29.93858,342.56,0.41,0.37,2018-04-09,1027,N20,VIIRS,n,2,297.58,3.73,D,0
51.82475,29.87006,335.79,0.41,0.37,2018-04-09,1027,N20,VIIRS,n,2,298.37,3.92,D,0
51.82262,29.8585,334.48,0.41,0.37,2018-04-09,1027,N20,VIIRS,n,2,295.42,7.07,D,0
51.69228,28.83761,332.19,0.44,0.38,2018-04-09,1027,N20,VIIRS,n,2,295.95,3.39,D,0
51.88615,29.73287,330.74,0.42,0.37,2018-04-09,1027,N20,VIIRS,n,2,295.13,2.02,D,0
51.89298,29.3432,332.08,0.42,0.38,2018-04-09,1027,N20,VIIRS,n,2,297.86,2.18,D,2
51.99009,29.53813,335.65,0.42,0.38,2018-04-09,1027,N20,VIIRS,n,2,295.41,3.97,D,0
52.16419,30.03767,349.64,0.41,0.37,2018-04-09,1027,N20,VIIRS,n,2,302.17,5.1,D,0
52.16316,30.0319,330.44,0.41,0.37,2018-04-09,1027,N20,VIIRS,n,2,297.87,5.1,D,0
52.24636,29.9343,333.46,0.41,0.37,2018-04-09,1027,N20,VIIRS,n,2,295.53,3.45,D,0
51.84185,27.75414,335.95,0.46,0.39,2018-04-09,1027,N20,VIIRS,n,2,297.39,5.06,D,0
52.27095,29.32007,327.85,0.42,0.38,2018-04-09,1027,N20,VIIRS,n,2,293.81,3.05,D,0
52.27004,29.31961,332.53,0.42,0.38,2018-04-09,1027,N20,VIIRS,n,2,295.12,3.59,D,0
51.8167,26.99332,345.07,0.49,0.4,2018-04-09,1027,N20,VIIRS,n,2,300.51,7.59,D,0
52.66965,30.98617,329.43,0.39,0.36,2018-04-09,1027,N20,VIIRS,n,2,293.84,2.28,D,0
52.49916,29.82028,332.17,0.41,0.37,2018-04-09,1027,N20,VIIRS,n,2,299.49,2.95,D,0
52.47753,29.56353,330.43,0.41,0.37,2018-04-09,1027,N20,VIIRS,n,2,298.27,4.63,D,0
52.44168,29.36886,332.24,0.42,0.37,2018-04-09,1027,N20,VIIRS,n,2,292.89,2.39,D,0
52.26399,27.59701,326.53,0.46,0.39,2018-04-09,1027,N20,VIIRS,n,2,295.79,3.6,D,0
52.17686,27.09408,332.13,0.48,0.4,2018-04-09,1027,N20,VIIRS,n,2,295.18,4.12,D,0
52.1979,27.08257,331.42,0.48,0.4,2018-04-09,1027,N20,VIIRS,n,2,295.07,3.25,D,0
52.98033,30.89762,325.18,0.39,0.36,2018-04-09,1027,N20,VIIRS,n,2,291.96,1.74,D,0
52.36918,27.56103,336.48,0.46,0.39,2018-04-09,1027,N20,VIIRS,n,2,294.6,3.58,D,0
52.14593,26.24854,326.55,0.51,0.41,2018-04-09,1028,N20,VIIRS,n,2,288.09,2.83,D,0
52.42042,27.16009,332.49,0.47,0.4,2018-04-09,1028,N20,VIIRS,n,2,293.98,5.94,D,0
52.42253,27.15154,337.57,0.47,0.4,2018-04-09,1028,N20,VIIRS,n,2,293.67,6.25,D,0
52.42601,27.14963,329.61,0.47,0.4,2018-04-09,1028,N20,VIIRS,n,2,293.28,4.74,D,0
53.27982,31.51785,336.92,0.39,0.36,2018-04-09,1028,N20,VIIRS,n,2,294.4,5.6,D,0
52.69738,27.5898,328.91,0.45,0.39,2018-04-09,1028,N20,VIIRS,n,2,293.89,1.79,D,0
52.90022,28.35694,345.34,0.43,0.38,2018-04-09,1028,N20,VIIRS,n,2,299.56,4.8,D,0
53.05098,28.8618,331.01,0.42,0.38,2018-04-09,1028,N20,VIIRS,n,2,297.44,1.83,D,0
53.39084,30.35561,331.27,0.39,0.36,2018-04-09,1028,N20,VIIRS,n,2,288.04,5.32,D,0
52.43768,25.32098,331.96,0.54,0.42,2018-04-09,1028,N20,VIIRS,n,2,294.93,2.39,D,0
52.77301,26.7748,328.4,0.48,0.4,2018-04-09,1028,N20,VIIRS,n,2,289.77,3.67,D,0
52.42772,25.08649,328.3,0.55,0.43,2018-04-09,1028,N20,VIIRS,n,2,292.48,3.66,D,0
53.78122,30.28458,330.86,0.39,0.36,2018-04-09,1028,N20,VIIRS,n,2,292.35,2.7,D,0
53.29803,27.40402,337,0.45,0.39,2018-04-09,1028,N20,VIIRS,n,2,290.58,6.22,D,0
53.91059,30.28873,328.66,0.39,0.36,2018-04-09,1028,N20,VIIRS,n,2,291.45,1.14,D,0
53.075,25.67349,336.58,0.51,0.41,2018-04-09,1028,N20,VIIRS,n,2,305.87,40.52,D,0
53.3037,24.41822,345.52,0.55,0.43,2018-04-09,1028,N20,VIIRS,n,2,295.25,7.96,D,0
53.30739,24.4159,328.49,0.55,0.43,2018-04-09,1028,N20,VIIRS,n,2,295.41,6.8,D,0
53.31656,24.41903,331.62,0.55,0.43,2018-04-09,1028,N20,VIIRS,n,2,297.49,11.15,D,0
54.67873,30.84053,327.16,0.39,0.36,2018-04-09,1028,N20,VIIRS,n,2,290.49,2.23,D,0
54.68521,29.16671,328.27,0.4,0.37,2018-04-09,1028,N20,VIIRS,n,2,288.53,2.29,D,0
54.78249,29.68722,344.81,0.39,0.36,2018-04-09,1028,N20,VIIRS,n,2,293.45,10.44,D,0
54.79489,29.70453,344.27,0.39,0.36,2018-04-09,1028,N20,VIIRS,n,2,292.08,6.3,D,0
54.85356,29.92503,336.58,0.39,0.36,2018-04-09,1028,N20,VIIRS,n,2,290.7,4.04,D,0
54.85579,29.91748,344.04,0.39,0.36,2018-04-09,1028,N20,VIIRS,n,2,292.43,4.82,D,0
54.57199,28.17951,329.53,0.41,0.37,2018-04-09,1028,N20,VIIRS,n,2,290.82,3.26,D,0
54.18104,26.13057,332.01,0.47,0.4,2018-04-09,1028,N20,VIIRS,n,2,292.11,2.63,D,0
55.17319,28.88656,329.78,0.4,0.37,2018-04-09,1028,N20,VIIRS,n,2,288.96,3.62,D,0
55.17212,28.88051,334.28,0.4,0.37,2018-04-09,1028,N20,VIIRS,n,2,289.92,3.62,D,0
55.32484,28.74101,330.48,0.4,0.37,2018-04-09,1028,N20,VIIRS,n,2,294.21,4.27,D,0
55.1381,26.87974,335.28,0.43,0.38,2018-04-09,1028,N20,VIIRS,n,2,292.81,3.81,D,0
55.5392,28.52718,331.14,0.4,0.37,2018-04-09,1028,N20,VIIRS,n,2,290.15,3.4,D,0
55.60904,27.21325,327.86,0.42,0.38,2018-04-09,1028,N20,VIIRS,n,2,291.1,2.03,D,0
55.59772,27.13452,329.81,0.42,0.38,2018-04-09,1028,N20,VIIRS,n,2,292.65,6.5,D,0
55.60103,27.13255,331.63,0.42,0.38,2018-04-09,1028,N20,VIIRS,n,2,294.46,6.5,D,0
51.81382,26.9948,326.53,0.59,0.7,2018-04-09,1208,N20,VIIRS,n,2,293.96,2.66,D,0
51.84173,27.74995,345.43,0.63,0.72,2018-04-09,1208,N20,VIIRS,n,2,290.13,11.95,D,0
51.8889,29.34359,338.06,0.74,0.76,2018-04-09,1208,N20,VIIRS,n,2,287.26,4.07,D,2
52.15012,24.93974,333.26,0.48,0.65,2018-04-09,1208,N20,VIIRS,n,2,293.07,2.25,D,0
52.16128,30.03824,326.54,0.79,0.78,2018-04-09,1208,N20,VIIRS,n,2,292.71,4.25,D,0
52.27188,26.2924,327.97,0.55,0.68,2018-04-09,1208,N20,VIIRS,n,2,290.64,3.79,D,0
52.24492,29.94108,325.6,0.78,0.78,2018-04-09,1208,N20,VIIRS,n,2,292.05,4,D,0
52.44679,27.01582,330.73,0.59,0.7,2018-04-09,1208,N20,VIIRS,n,2,289.96,5.27,D,0
52.44121,26.88574,335.05,0.58,0.7,2018-04-09,1208,N20,VIIRS,n,2,291.11,4.37,D,0
52.44596,27.01847,327.24,0.59,0.7,2018-04-09,1208,N20,VIIRS,n,2,290.38,4.14,D,0
52.44609,27.00963,325.81,0.59,0.7,2018-04-09,1208,N20,VIIRS,n,2,289.43,3,D,0
52.52855,27.21088,331.65,0.6,0.71,2018-04-09,1208,N20,VIIRS,n,2,292.45,3.26,D,0
53.06771,25.6696,348.26,0.52,0.67,2018-04-09,1209,N20,VIIRS,n,2,295.5,10.16,D,0
53.06771,25.66158,354.17,0.52,0.67,2018-04-09,1209,N20,VIIRS,n,2,296.62,15.71,D,0
53.0739,25.66984,345.53,0.52,0.67,2018-04-09,1209,N20,VIIRS,n,2,295.31,10.16,D,0
53.0801,25.67003,327.9,0.52,0.67,2018-04-09,1209,N20,VIIRS,n,2,292.13,2.08,D,0
53.07236,25.66717,356.58,0.52,0.67,2018-04-09,1209,N20,VIIRS,l,2,296.2,13.08,D,0
53.07856,25.66738,351.79,0.52,0.67,2018-04-09,1209,N20,VIIRS,n,2,293.75,13.08,D,0
53.21964,25.23506,340.65,0.5,0.66,2018-04-09,1209,N20,VIIRS,n,2,294.77,4.78,D,0
53.87093,23.94744,329.43,0.44,0.62,2018-04-09,1209,N20,VIIRS,n,2,297.94,3.21,D,0
53.87665,23.94052,351.05,0.44,0.62,2018-04-09,1209,N20,VIIRS,n,2,301.09,14.78,D,0
53.87673,23.94737,356.68,0.44,0.62,2018-04-09,1209,N20,VIIRS,l,2,299,14.78,D,0
53.87629,23.94083,349.13,0.44,0.62,2018-04-09,1209,N20,VIIRS,n,2,302.87,23.08,D,0
53.87634,23.9477,356.46,0.44,0.63,2018-04-09,1209,N20,VIIRS,l,2,298.47,20.23,D,0
54.1921,28.31371,326.37,0.67,0.73,2018-04-09,1209,N20,VIIRS,n,2,279.98,7.04,D,0
55.50539,28.5912,299.28,0.38,0.36,2018-04-10,0019,N20,VIIRS,n,2,278.41,0.81,N,2
55.17974,28.52998,308.05,0.38,0.36,2018-04-10,0019,N20,VIIRS,n,2,277,0.92,N,0
55.15996,28.63443,302.36,0.38,0.36,2018-04-10,0019,N20,VIIRS,n,2,274.21,0.5,N,0
54.75945,29.71361,298.51,0.39,0.36,2018-04-10,0019,N20,VIIRS,n,2,278.99,1.36,N,0
54.74313,27.70762,330.77,0.39,0.36,2018-04-10,0019,N20,VIIRS,n,2,276.99,1.84,N,0
54.73988,27.70616,307.09,0.39,0.36,2018-04-10,0019,N20,VIIRS,n,2,274.05,1.84,N,0
54.739,27.71204,316.1,0.39,0.36,2018-04-10,0019,N20,VIIRS,n,2,278.63,1.84,N,0
53.67223,31.82535,295.66,0.42,0.38,2018-04-10,0019,N20,VIIRS,n,2,279.86,0.69,N,2
53.90324,25.81635,326.62,0.4,0.37,2018-04-10,0020,N20,VIIRS,n,2,281.27,2.54,N,0
52.84694,29.98945,328.89,0.4,0.37,2018-04-10,0020,N20,VIIRS,n,2,280.98,2.69,N,2
53.27273,24.44135,315.53,0.42,0.37,2018-04-10,0020,N20,VIIRS,n,2,282.92,1.77,N,2
53.02825,26.17476,296.17,0.39,0.36,2018-04-10,0020,N20,VIIRS,n,2,281.69,0.54,N,0
53.02498,26.17346,301.17,0.39,0.36,2018-04-10,0020,N20,VIIRS,n,2,281.45,0.83,N,0
52.75803,26.07169,300.02,0.39,0.36,2018-04-10,0020,N20,VIIRS,n,2,279.46,2.05,N,0
52.75476,26.0704,327.54,0.39,0.36,2018-04-10,0020,N20,VIIRS,n,2,280.81,2.05,N,0
52.75394,26.07609,324.12,0.39,0.36,2018-04-10,0020,N20,VIIRS,n,2,280.61,2.05,N,0
52.75067,26.0748,307.09,0.39,0.36,2018-04-10,0020,N20,VIIRS,n,2,279.84,1.11,N,0
52.74984,26.0805,299.15,0.39,0.36,2018-04-10,0020,N20,VIIRS,n,2,280.01,0.61,N,0
52.445,26.88501,297.96,0.38,0.36,2018-04-10,0020,N20,VIIRS,n,2,279.84,0.32,N,0
51.90032,29.32192,295.62,0.4,0.37,2018-04-10,0020,N20,VIIRS,n,2,282.22,0.89,N,0
51.89307,29.34284,306.26,0.4,0.37,2018-04-10,0020,N20,VIIRS,n,2,279.42,0.56,N,2
51.8898,29.34134,298.55,0.4,0.37,2018-04-10,0020,N20,VIIRS,n,2,279.1,0.56,N,2
52.14212,26.61746,297.97,0.39,0.36,2018-04-10,0020,N20,VIIRS,n,2,279.43,0.49,N,0
52.13007,26.2647,320.92,0.39,0.36,2018-04-10,0020,N20,VIIRS,n,2,280.4,1.05,N,0
52.15716,24.9465,297.12,0.4,0.37,2018-04-10,0020,N20,VIIRS,n,2,280.75,0.41,N,0
52.75837,26.06973,299.14,0.71,0.75,2018-04-10,0200,N20,VIIRS,n,2,278.48,0.64,N,0
52.75682,26.06982,302.61,0.71,0.75,2018-04-10,0200,N20,VIIRS,n,2,278.8,1.59,N,0
51.54182,28.66986,328.09,0.42,0.46,2018-04-10,1008,N20,VIIRS,n,2,296.97,2.02,D,0
51.85931,30.45127,326.88,0.54,0.42,2018-04-10,1008,N20,VIIRS,n,2,294.08,2.73,D,0
51.863,30.44916,330.57,0.54,0.42,2018-04-10,1008,N20,VIIRS,n,2,295.29,2.73,D,0
51.86095,30.4513,328.98,0.54,0.42,2018-04-10,1008,N20,VIIRS,n,2,294.57,3.64,D,0
51.85927,30.44385,325.25,0.54,0.42,2018-04-10,1008,N20,VIIRS,n,2,295.94,3.64,D,0
52.13677,31.6044,328.52,0.49,0.4,2018-04-10,1008,N20,VIIRS,n,2,293.08,3.76,D,0
51.85708,30.2674,326.11,0.55,0.42,2018-04-10,1008,N20,VIIRS,n,2,294.4,2.47,D,0
51.50623,28.67223,336.73,0.43,0.46,2018-04-10,1008,N20,VIIRS,n,2,295.69,3.58,D,0
52.24059,31.66811,325.73,0.48,0.4,2018-04-10,1008,N20,VIIRS,n,2,292.9,2.02,D,0
52.23957,31.66815,326.22,0.48,0.4,2018-04-10,1009,N20,VIIRS,n,2,292.69,2.04,D,0
51.88929,29.33948,330.43,0.39,0.44,2018-04-10,1009,N20,VIIRS,l,2,301.69,2.66,D,2
52.06862,30.06576,328.27,0.55,0.43,2018-04-10,1009,N20,VIIRS,n,2,296.74,2.85,D,0
52.12396,30.23845,328.46,0.54,0.42,2018-04-10,1009,N20,VIIRS,n,2,295.04,3.64,D,0
52.13534,30.2147,332.8,0.54,0.42,2018-04-10,1009,N20,VIIRS,n,2,294.62,4.85,D,0
51.79561,28.69857,325.06,0.42,0.45,2018-04-10,1009,N20,VIIRS,l,2,297.51,1.53,D,0
51.79734,28.69579,335.88,0.42,0.45,2018-04-10,1009,N20,VIIRS,n,2,298.36,3.06,D,0
52.16305,30.03599,332.77,0.55,0.43,2018-04-10,1009,N20,VIIRS,n,2,300.72,4.16,D,0
51.85724,28.66521,351.4,0.42,0.45,2018-04-10,1009,N20,VIIRS,n,2,298.66,8.3,D,0
51.83424,28.49463,328.85,0.42,0.45,2018-04-10,1009,N20,VIIRS,n,2,296.24,2.74,D,0
52.52317,31.25467,329.42,0.49,0.4,2018-04-10,1009,N20,VIIRS,n,2,295.98,3.46,D,0
52.24231,29.93785,331.39,0.55,0.43,2018-04-10,1009,N20,VIIRS,n,2,297.79,3.19,D,0
52.29984,29.57844,331.47,0.56,0.43,2018-04-10,1009,N20,VIIRS,n,2,300.34,7.05,D,0
52.31916,29.22228,328.87,0.39,0.44,2018-04-10,1009,N20,VIIRS,n,2,298.26,3.25,D,0
52.78754,30.77051,330.67,0.5,0.41,2018-04-10,1009,N20,VIIRS,n,2,297.95,7,D,0
52.78603,30.76345,343.02,0.5,0.41,2018-04-10,1009,N20,VIIRS,n,2,299.14,7,D,0
52.79263,30.77551,341.79,0.5,0.41,2018-04-10,1009,N20,VIIRS,n,2,301.22,13.63,D,0
52.79111,30.76844,336.75,0.5,0.41,2018-04-10,1009,N20,VIIRS,n,2,300.12,7,D,0
52.58008,29.60296,344.33,0.56,0.43,2018-04-10,1009,N20,VIIRS,n,2,298.48,7.5,D,0
52.44621,28.99747,327.51,0.39,0.44,2018-04-10,1009,N20,VIIRS,n,2,296.01,2.19,D,0
52.58047,29.6041,334.73,0.55,0.43,2018-04-10,1009,N20,VIIRS,n,2,297.83,11.03,D,0
52.44727,28.99566,329.14,0.39,0.44,2018-04-10,1009,N20,VIIRS,n,2,296.41,2.05,D,0
53.22307,31.92225,332.15,0.46,0.39,2018-04-10,1009,N20,VIIRS,n,2,295.26,4.11,D,0
52.84409,29.98891,328.71,0.53,0.42,2018-04-10,1009,N20,VIIRS,n,2,301.32,4.9,D,2
52.04156,26.59558,328.18,0.49,0.49,2018-04-10,1009,N20,VIIRS,n,2,297.78,3.23,D,0
52.32867,27.67535,325.74,0.44,0.46,2018-04-10,1009,N20,VIIRS,n,2,295.35,5.63,D,0
53.30523,31.88328,327.52,0.46,0.39,2018-04-10,1009,N20,VIIRS,n,2,296.58,2.6,D,0
52.14023,26.62282,335.75,0.49,0.48,2018-04-10,1009,N20,VIIRS,n,2,298.97,4.28,D,0
52.51053,27.85436,331.64,0.43,0.46,2018-04-10,1009,N20,VIIRS,n,2,295.82,2.86,D,0
52.51105,27.85256,328.41,0.43,0.46,2018-04-10,1009,N20,VIIRS,n,2,295.8,1.38,D,0
53.42826,31.40495,330.38,0.47,0.4,2018-04-10,1009,N20,VIIRS,n,2,292.65,3.26,D,0
53.58439,31.88369,334.15,0.45,0.39,2018-04-10,1009,N20,VIIRS,n,2,294.26,3.08,D,0
52.07035,25.13445,331.08,0.56,0.52,2018-04-10,1009,N20,VIIRS,n,2,290.65,3.36,D,0
53.05347,28.86123,333.2,0.57,0.43,2018-04-10,1009,N20,VIIRS,n,2,297.84,4.34,D,0
52.66968,27.26521,338.98,0.45,0.47,2018-04-10,1009,N20,VIIRS,n,2,296.27,4.39,D,0
52.49174,26.48783,327.54,0.48,0.48,2018-04-10,1009,N20,VIIRS,n,2,294.9,2.24,D,0
52.49585,26.48494,328.11,0.48,0.48,2018-04-10,1009,N20,VIIRS,n,2,295.11,2.24,D,0
53.72218,31.72401,332.44,0.45,0.39,2018-04-10,1009,N20,VIIRS,n,2,296.49,2.7,D,0
53.721,31.72453,327.32,0.45,0.39,2018-04-10,1009,N20,VIIRS,n,2,296.18,2.86,D,0
53.72043,31.70289,329.58,0.45,0.39,2018-04-10,1009,N20,VIIRS,n,2,295.14,7,D,0
53.72384,31.70093,351.18,0.45,0.39,2018-04-10,1009,N20,VIIRS,n,2,291.51,7,D,0
53.72251,31.69436,344.17,0.45,0.39,2018-04-10,1009,N20,VIIRS,n,2,295.01,7,D,0
53.72726,31.69897,330.78,0.45,0.39,2018-04-10,1009,N20,VIIRS,n,2,295.59,20.54,D,0
53.28841,28.46752,325.79,0.39,0.44,2018-04-10,1009,N20,VIIRS,l,2,296.6,2.83,D,0
52.74604,26.08693,326.52,0.49,0.49,2018-04-10,1009,N20,VIIRS,n,2,294.42,5.66,D,0
52.75431,26.08105,337.53,0.49,0.49,2018-04-10,1009,N20,VIIRS,n,2,296.25,11.77,D,0
52.75844,26.07812,350.41,0.49,0.49,2018-04-10,1009,N20,VIIRS,n,2,297.34,11.77,D,0
52.76019,26.08488,356.66,0.49,0.49,2018-04-10,1009,N20,VIIRS,l,2,303.72,31.46,D,0
52.753,26.08167,335.9,0.49,0.49,2018-04-10,1009,N20,VIIRS,n,2,294.68,7.22,D,0
52.75891,26.08548,349.63,0.49,0.49,2018-04-10,1009,N20,VIIRS,n,2,299.57,7.22,D,0
52.75713,26.07874,352.36,0.49,0.49,2018-04-10,1009,N20,VIIRS,n,2,298.38,7.22,D,0
52.76127,26.07583,327.87,0.49,0.49,2018-04-10,1009,N20,VIIRS,n,2,293.21,11.81,D,0
52.76305,26.08257,355.97,0.49,0.49,2018-04-10,1009,N20,VIIRS,l,2,296.93,11.81,D,0
53.83564,30.3999,334.11,0.49,0.4,2018-04-10,1009,N20,VIIRS,n,2,293.74,5.08,D,0
53.30077,27.39048,340.2,0.42,0.46,2018-04-10,1009,N20,VIIRS,n,2,295.3,4.64,D,0
53.07538,26.37199,331.9,0.47,0.48,2018-04-10,1009,N20,VIIRS,n,2,292.19,6.5,D,0
53.07201,26.37365,325.93,0.47,0.48,2018-04-10,1009,N20,VIIRS,n,2,291.63,3.86,D,0
54.18859,31.15079,332.2,0.46,0.39,2018-04-10,1009,N20,VIIRS,n,2,295.39,7.8,D,0
53.45342,27.60074,340.89,0.41,0.45,2018-04-10,1009,N20,VIIRS,n,2,293.77,5.89,D,0
53.53119,27.77618,346.44,0.41,0.45,2018-04-10,1009,N20,VIIRS,n,2,294.62,6.39,D,0
53.53077,27.77578,349.94,0.4,0.45,2018-04-10,1009,N20,VIIRS,n,2,294.42,5.51,D,0
53.05829,25.72719,337.8,0.5,0.49,2018-04-10,1009,N20,VIIRS,n,2,298.64,4.44,D,0
53.46301,26.35215,341.49,0.46,0.47,2018-04-10,1009,N20,VIIRS,n,2,295.78,5.62,D,0
54.20396,28.39898,337.59,0.56,0.43,2018-04-10,1009,N20,VIIRS,n,2,297.04,6.47,D,0
54.20212,28.39096,340.89,0.56,0.43,2018-04-10,1009,N20,VIIRS,n,2,297.03,6.84,D,0
54.20395,28.38042,345,0.56,0.43,2018-04-10,1009,N20,VIIRS,n,2,297.58,7.04,D,0
53.60569,25.83374,328.55,0.47,0.48,2018-04-10,1009,N20,VIIRS,n,2,295.15,1.76,D,0
53.87759,26.76269,356.01,0.43,0.46,2018-04-10,1009,N20,VIIRS,n,2,297.29,7.2,D,0
54.62155,29.32889,330.77,0.51,0.41,2018-04-10,1009,N20,VIIRS,n,2,293.11,4.71,D,0
54.6303,29.33169,331.66,0.51,0.41,2018-04-10,1009,N20,VIIRS,n,2,292.62,9.98,D,0
54.09422,26.94756,343.21,0.42,0.45,2018-04-10,1009,N20,VIIRS,n,2,293.23,5.21,D,0
54.84919,29.6669,330.08,0.49,0.4,2018-04-10,1009,N20,VIIRS,n,2,290.97,2.51,D,0
55.07863,29.12402,332.66,0.5,0.41,2018-04-10,1009,N20,VIIRS,n,2,290.05,5.89,D,0
54.85127,26.38232,338.41,0.42,0.45,2018-04-10,1009,N20,VIIRS,n,2,289.84,6.37,D,0
55.42642,28.42035,325.2,0.52,0.41,2018-04-10,1010,N20,VIIRS,n,2,287.25,1.63,D,0
51.6003,27.41364,332.31,0.38,0.59,2018-04-10,1149,N20,VIIRS,n,2,297.37,2.55,D,0
51.86107,30.44912,337.22,0.52,0.66,2018-04-10,1149,N20,VIIRS,n,2,295.43,3.32,D,0
51.77521,24.2218,331.89,0.55,0.51,2018-04-10,1149,N20,VIIRS,n,2,297.7,3.49,D,0
51.92246,26.93476,327.68,0.36,0.58,2018-04-10,1149,N20,VIIRS,n,2,297.94,1.95,D,0
51.95345,26.58325,327.1,0.35,0.57,2018-04-10,1149,N20,VIIRS,n,2,297.63,1.14,D,0
52.05598,27.37577,335.34,0.38,0.59,2018-04-10,1149,N20,VIIRS,n,2,298.81,1.42,D,0
52.08098,26.7812,330.26,0.36,0.57,2018-04-10,1149,N20,VIIRS,n,2,297.86,2.72,D,0
52.00097,24.87227,339.24,0.59,0.53,2018-04-10,1149,N20,VIIRS,n,2,294.65,2.81,D,0
52.00337,24.87373,343.44,0.59,0.53,2018-04-10,1149,N20,VIIRS,n,2,295.19,7.15,D,0
52.07948,26.78511,332.65,0.36,0.57,2018-04-10,1149,N20,VIIRS,n,2,296.41,3.59,D,0
52.15958,30.03759,336.42,0.5,0.65,2018-04-10,1149,N20,VIIRS,n,2,296.68,4.25,D,0
52.18985,30.00049,333.68,0.49,0.65,2018-04-10,1149,N20,VIIRS,n,2,295.84,3.36,D,0
52.17972,28.87104,330.73,0.44,0.62,2018-04-10,1149,N20,VIIRS,n,2,297.1,3.35,D,0
52.22004,29.96399,335.86,0.49,0.65,2018-04-10,1149,N20,VIIRS,n,2,295.84,6.33,D,0
52.24416,29.94208,327.48,0.49,0.65,2018-04-10,1149,N20,VIIRS,n,2,296.74,1.93,D,0
52.22059,29.96263,342.06,0.49,0.65,2018-04-10,1149,N20,VIIRS,n,2,296.83,4.59,D,0
52.26535,29.32646,350.89,0.46,0.64,2018-04-10,1149,N20,VIIRS,n,2,296.55,4.72,D,0
52.29721,29.58564,352.75,0.47,0.64,2018-04-10,1149,N20,VIIRS,n,2,297.93,4.59,D,0
52.30318,29.58554,327.41,0.47,0.64,2018-04-10,1149,N20,VIIRS,n,2,294.09,4.59,D,0
52.32464,27.10396,329.31,0.37,0.58,2018-04-10,1149,N20,VIIRS,n,2,294.94,2.07,D,0
52.259,23.86379,336.18,0.54,0.51,2018-04-10,1149,N20,VIIRS,n,2,295.58,3.57,D,0
52.26075,23.86333,335.75,0.54,0.51,2018-04-10,1149,N20,VIIRS,n,2,294.49,4.49,D,0
52.43953,26.89489,340.5,0.36,0.58,2018-04-10,1149,N20,VIIRS,n,2,296.35,3.55,D,0
52.44472,26.88909,328.52,0.36,0.58,2018-04-10,1149,N20,VIIRS,n,2,296.1,2.47,D,0
52.57932,29.6093,329.53,0.48,0.64,2018-04-10,1149,N20,VIIRS,n,2,294.2,3.22,D,0
52.57928,29.60215,325.97,0.48,0.64,2018-04-10,1149,N20,VIIRS,n,2,293.13,3.22,D,0
52.5838,29.38142,327.01,0.47,0.64,2018-04-10,1149,N20,VIIRS,n,2,296,2.03,D,0
52.78704,30.78014,325.32,0.54,0.67,2018-04-10,1149,N20,VIIRS,n,2,294.61,2.21,D,0
52.75907,26.0765,326.02,0.34,0.56,2018-04-10,1149,N20,VIIRS,n,2,295.01,3.3,D,0
52.76443,26.08113,337.1,0.34,0.56,2018-04-10,1149,N20,VIIRS,n,2,293.39,3.59,D,0
53.013,30.78303,342.83,0.54,0.68,2018-04-10,1150,N20,VIIRS,n,2,294.88,5.89,D,0
53.00749,27.57447,335.68,0.39,0.6,2018-04-10,1150,N20,VIIRS,n,2,291.63,3.41,D,0
53.11347,31.80286,335.61,0.59,0.7,2018-04-10,1150,N20,VIIRS,n,2,291.22,6.28,D,0
53.05895,25.67513,350.41,0.33,0.55,2018-04-10,1150,N20,VIIRS,n,2,304.66,18.3,D,0
53.05915,25.68016,356.34,0.33,0.55,2018-04-10,1150,N20,VIIRS,l,2,297.48,18.3,D,0
53.1225,25.94942,325.43,0.34,0.56,2018-04-10,1150,N20,VIIRS,n,2,296.32,1.37,D,0
53.22178,31.921,337.4,0.6,0.7,2018-04-10,1150,N20,VIIRS,n,2,293.62,5.86,D,0
53.31964,27.28836,328.82,0.38,0.59,2018-04-10,1150,N20,VIIRS,n,2,292.73,2.62,D,0
54.20859,28.30924,335.47,0.43,0.62,2018-04-10,1150,N20,VIIRS,n,2,289.6,3.39,D,0
54.20975,28.30903,326.85,0.43,0.62,2018-04-10,1150,N20,VIIRS,n,2,288.96,6.29,D,0
54.64394,29.28524,343.91,0.47,0.64,2018-04-10,1150,N20,VIIRS,n,2,289.46,6.7,D,0
54.86914,29.14174,336.02,0.46,0.64,2018-04-10,1150,N20,VIIRS,n,2,289.19,5.06,D,0
52.85485,29.99686,296.5,0.4,0.37,2018-04-11,0001,N20,VIIRS,n,2,285.02,0.75,N,2
52.84901,29.98851,308.01,0.4,0.37,2018-04-11,0001,N20,VIIRS,n,2,281.88,0.93,N,2
53.27099,24.44374,318.18,0.38,0.43,2018-04-11,0001,N20,VIIRS,n,2,281.98,1.43,N,2
52.52494,28.74273,306.84,0.42,0.38,2018-04-11,0001,N20,VIIRS,n,2,281.76,0.99,N,0
52.82153,26.13078,304.75,0.5,0.41,2018-04-11,0001,N20,VIIRS,n,2,280.67,0.88,N,0
52.30252,29.58159,296.03,0.4,0.37,2018-04-11,0001,N20,VIIRS,n,2,280.26,0.42,N,0
51.89154,29.34057,305.41,0.4,0.37,2018-04-11,0001,N20,VIIRS,n,2,281.84,0.48,N,2
51.88821,29.33938,299.92,0.4,0.37,2018-04-11,0001,N20,VIIRS,n,2,280.84,0.48,N,2
51.89174,29.33562,298.88,0.68,0.74,2018-04-11,0141,N20,VIIRS,n,2,281.04,2.41,N,2
51.88842,29.34401,304.44,0.68,0.74,2018-04-11,0141,N20,VIIRS,n,2,281.29,2.2,N,2
52.16422,29.32549,329.37,0.59,0.53,2018-04-11,0950,N20,VIIRS,n,2,284.92,6.05,D,0
52.16203,29.3177,338.87,0.59,0.53,2018-04-11,0950,N20,VIIRS,n,2,285.3,6.05,D,0
54.54998,30.84362,334.31,0.43,0.46,2018-04-11,0950,N20,VIIRS,n,2,283.92,3.27,D,0
54.42995,30.27947,346.78,0.46,0.47,2018-04-11,0950,N20,VIIRS,n,2,286.96,5.8,D,0
55.1694,30.0097,329.47,0.45,0.47,2018-04-11,0951,N20,VIIRS,n,2,286.69,2.38,D,0
55.33126,29.98328,340.07,0.44,0.46,2018-04-11,0951,N20,VIIRS,n,2,286.04,4.13,D,0
55.33102,29.98393,337.61,0.44,0.46,2018-04-11,0951,N20,VIIRS,n,2,286.23,5.81,D,0
55.13701,28.83798,331.61,0.49,0.49,2018-04-11,0951,N20,VIIRS,n,2,286.75,3.09,D,0
55.40493,28.44324,333.77,0.5,0.49,2018-04-11,0951,N20,VIIRS,n,2,286.38,3.75,D,0
52.16344,29.31781,329.64,0.58,0.52,2018-04-11,1130,N20,VIIRS,n,2,285.42,2.74,D,0
52.40006,29.64222,327.52,0.6,0.53,2018-04-11,1130,N20,VIIRS,n,2,287.15,4.88,D,0
52.40168,29.64037,333.04,0.6,0.53,2018-04-11,1130,N20,VIIRS,n,2,288.2,3.61,D,0
53.25364,31.94249,346.64,0.38,0.59,2018-04-11,1131,N20,VIIRS,n,2,286.48,6.18,D,0
53.25351,31.93673,337.76,0.38,0.59,2018-04-11,1131,N20,VIIRS,n,2,285.91,6.18,D,0
53.25338,31.93101,352.58,0.38,0.59,2018-04-11,1131,N20,VIIRS,n,2,286.12,6.36,D,0
53.90263,23.95978,340.7,0.55,0.43,2018-04-11,1131,N20,VIIRS,n,2,288.38,7.07,D,0
54.07135,24.93889,337.99,0.4,0.44,2018-04-11,1131,N20,VIIRS,n,2,285.24,6.41,D,0
54.51921,30.40025,325.06,0.33,0.56,2018-04-11,1131,N20,VIIRS,n,2,288.48,1.37,D,0
54.55279,30.32881,338.65,0.33,0.55,2018-04-11,1131,N20,VIIRS,n,2,287.54,3.2,D,0
54.54939,30.32826,338.6,0.33,0.55,2018-04-11,1131,N20,VIIRS,n,2,287.05,3.06,D,0
54.64116,29.2732,334.55,0.6,0.53,2018-04-11,1131,N20,VIIRS,n,2,287.4,4.84,D,0
54.83535,29.62134,333.22,0.62,0.54,2018-04-11,1131,N20,VIIRS,n,2,287.17,4.87,D,0
54.83525,29.62428,331.39,0.62,0.54,2018-04-11,1131,N20,VIIRS,n,2,286.54,6.29,D,0
54.85826,29.19503,342.22,0.6,0.53,2018-04-11,1131,N20,VIIRS,n,2,288.18,5.7,D,0
54.86949,29.34717,328.65,0.61,0.53,2018-04-11,1131,N20,VIIRS,n,2,285.55,4.68,D,0
54.86318,29.19445,330.25,0.6,0.53,2018-04-11,1131,N20,VIIRS,n,2,287.79,3.09,D,0
55.01387,30.44194,325.3,0.34,0.56,2018-04-11,1131,N20,VIIRS,n,2,287.16,2.33,D,0
55.16859,30.00887,325.67,0.32,0.55,2018-04-11,1131,N20,VIIRS,n,2,287.66,1.7,D,0
55.32908,29.98565,325.8,0.32,0.55,2018-04-11,1131,N20,VIIRS,n,2,285.82,3.31,D,0
55.3289,29.98051,337.88,0.32,0.55,2018-04-11,1131,N20,VIIRS,n,2,289.76,4.42,D,0
54.91288,29.60135,297.65,0.39,0.44,2018-04-11,2342,N20,VIIRS,n,2,269.69,0.83,N,0
54.91236,29.6074,301.52,0.39,0.44,2018-04-11,2342,N20,VIIRS,n,2,269.19,0.53,N,0
54.9094,29.59425,315.2,0.39,0.44,2018-04-11,2342,N20,VIIRS,n,2,270.39,1.49,N,0
54.7621,29.91557,325.36,0.56,0.43,2018-04-11,2342,N20,VIIRS,n,2,270.92,5.36,N,0
53.60332,31.53437,295.79,0.48,0.4,2018-04-11,2342,N20,VIIRS,n,2,271.59,0.61,N,0
53.395,32.01609,300.21,0.47,0.39,2018-04-11,2342,N20,VIIRS,n,2,275.36,1.19,N,2
52.84846,29.98866,326.15,0.53,0.42,2018-04-11,2342,N20,VIIRS,n,2,276.17,3.55,N,2
54.90818,29.59356,300.65,0.36,0.58,2018-04-12,0122,N20,VIIRS,n,2,269.15,1.22,N,0
52.84618,29.99078,312.69,0.45,0.63,2018-04-12,0122,N20,VIIRS,n,2,274.21,1.71,N,2
52.84404,29.99092,302.63,0.45,0.63,2018-04-12,0122,N20,VIIRS,n,2,273.69,1.18,N,2
53.26872,24.4432,298.09,0.54,0.51,2018-04-12,0122,N20,VIIRS,n,2,274.07,1.44,N,2
53.29629,30.46759,326.93,0.37,0.58,2018-04-12,0931,N20,VIIRS,n,2,279.65,3.59,D,0
53.66026,31.26806,329.12,0.33,0.56,2018-04-12,0931,N20,VIIRS,n,2,285.46,3.48,D,0
53.7775,31.6444,342.36,0.32,0.55,2018-04-12,0931,N20,VIIRS,n,2,284.65,2.9,D,0
53.65952,31.27163,339.43,0.33,0.56,2018-04-12,0931,N20,VIIRS,n,2,284.19,2.74,D,0
53.78157,31.63798,328.41,0.32,0.55,2018-04-12,0931,N20,VIIRS,n,2,283.21,5.04,D,0
54.3679,31.24038,338.59,0.63,0.54,2018-04-12,0932,N20,VIIRS,n,2,286.88,7.42,D,0
54.36863,31.23929,337.59,0.63,0.54,2018-04-12,0932,N20,VIIRS,n,2,286.13,13.38,D,0
54.36563,30.86902,341,0.33,0.55,2018-04-12,0932,N20,VIIRS,n,2,285.12,6.03,D,0
53.0682,25.65505,329.26,0.56,0.69,2018-04-12,0932,N20,VIIRS,n,2,280.54,7.6,D,0
54.8588,30.55169,342.53,0.32,0.55,2018-04-12,0932,N20,VIIRS,n,2,288.71,3.25,D,0
55.04018,29.86295,344.56,0.33,0.56,2018-04-12,0932,N20,VIIRS,n,2,286.44,3.65,D,0
55.03854,29.86332,343.32,0.33,0.56,2018-04-12,0932,N20,VIIRS,n,2,286.23,2.8,D,0
55.09136,29.08702,367,0.35,0.57,2018-04-12,0932,N20,VIIRS,h,2,291.77,16.73,D,0
55.096,29.08262,326.13,0.35,0.57,2018-04-12,0932,N20,VIIRS,n,2,285.56,3.29,D,0
55.09445,29.07769,349.25,0.35,0.57,2018-04-12,0932,N20,VIIRS,n,2,286.01,3.29,D,0
55.25573,28.68478,327.89,0.36,0.57,2018-04-12,0932,N20,VIIRS,n,2,285.62,2.08,D,0
51.85086,30.23375,325.16,0.4,0.44,2018-04-12,1111,N20,VIIRS,n,2,279.91,3,D,0
52.16227,25.28048,330.52,0.42,0.38,2018-04-12,1111,N20,VIIRS,n,2,288.47,2.75,D,0
52.5254,25.49717,333.12,0.43,0.38,2018-04-12,1112,N20,VIIRS,n,2,291.29,3.06,D,0
52.57015,24.98055,330.65,0.42,0.37,2018-04-12,1112,N20,VIIRS,n,2,290.02,3.35,D,0
52.75861,25.06155,342.29,0.42,0.38,2018-04-12,1112,N20,VIIRS,n,2,289.2,6.69,D,0
53.6049,31.53796,329.82,0.47,0.48,2018-04-12,1112,N20,VIIRS,n,2,285.21,4.35,D,0
53.26205,27.48001,325.77,0.49,0.41,2018-04-12,1112,N20,VIIRS,n,2,283.59,2.63,D,0
53.61704,31.58632,350.61,0.47,0.48,2018-04-12,1112,N20,VIIRS,n,2,289.02,16.26,D,0
53.66199,31.2693,351.4,0.46,0.47,2018-04-12,1112,N20,VIIRS,n,2,289.56,7.14,D,0
53.65267,30.48181,341.73,0.42,0.46,2018-04-12,1112,N20,VIIRS,n,2,287.04,4.78,D,0
53.68159,30.80937,330.97,0.44,0.46,2018-04-12,1112,N20,VIIRS,n,2,285.32,1.59,D,0
53.68449,30.80828,338.32,0.44,0.46,2018-04-12,1112,N20,VIIRS,n,2,286.54,5.02,D,0
53.76705,31.72708,338.05,0.48,0.48,2018-04-12,1112,N20,VIIRS,n,2,287.64,5.94,D,0
53.4989,26.27245,345.2,0.46,0.39,2018-04-12,1112,N20,VIIRS,n,2,288.54,5.14,D,0
53.91665,30.96693,331.06,0.45,0.47,2018-04-12,1112,N20,VIIRS,n,2,288.49,2.44,D,0
53.89073,30.35713,331.68,0.42,0.45,2018-04-12,1112,N20,VIIRS,n,2,289.2,3.85,D,0
53.94062,30.39899,338.24,0.42,0.46,2018-04-12,1112,N20,VIIRS,n,2,285.58,4.23,D,0
53.99673,30.18026,328.19,0.42,0.45,2018-04-12,1112,N20,VIIRS,n,2,288.18,2.07,D,0
54.14266,31.50814,355.32,0.47,0.48,2018-04-12,1112,N20,VIIRS,n,2,290.38,6.47,D,0
54.28659,31.21067,339.57,0.46,0.47,2018-04-12,1112,N20,VIIRS,n,2,287.38,5.13,D,0
53.95579,25.63796,327.29,0.44,0.39,2018-04-12,1112,N20,VIIRS,n,2,288.33,3.76,D,0
53.95809,25.63604,327.34,0.44,0.39,2018-04-12,1112,N20,VIIRS,n,2,289.43,2.45,D,0
54.48721,30.35794,342.79,0.43,0.46,2018-04-12,1112,N20,VIIRS,n,2,287.88,4.84,D,0
54.69691,30.79757,352.87,0.45,0.47,2018-04-12,1112,N20,VIIRS,n,2,289.46,13.88,D,0
54.65136,29.36419,334.1,0.4,0.44,2018-04-12,1112,N20,VIIRS,n,2,286,3.82,D,0
54.66937,29.22844,336.69,0.39,0.44,2018-04-12,1112,N20,VIIRS,n,2,288.97,2.12,D,0
54.67143,29.20326,326.11,0.39,0.44,2018-04-12,1112,N20,VIIRS,n,2,289.14,3.44,D,0
54.70969,29.57892,326.83,0.4,0.45,2018-04-12,1112,N20,VIIRS,n,2,286.45,2.1,D,0
54.75175,29.37879,343.23,0.4,0.44,2018-04-12,1112,N20,VIIRS,n,2,290.77,7.04,D,0
54.75076,29.37718,351.58,0.4,0.44,2018-04-12,1112,N20,VIIRS,n,2,289.91,6.24,D,0
54.98613,30.5537,335.13,0.44,0.46,2018-04-12,1112,N20,VIIRS,n,2,286.77,3.43,D,0
55.21375,30.33465,338.43,0.44,0.46,2018-04-12,1112,N20,VIIRS,n,2,290.69,8.12,D,0
55.18187,29.78725,337.82,0.42,0.45,2018-04-12,1112,N20,VIIRS,n,2,288.02,2.98,D,0
55.27411,30.35558,325.16,0.44,0.46,2018-04-12,1112,N20,VIIRS,n,2,285.51,2.11,D,0
55.18558,28.66236,325.39,0.57,0.43,2018-04-12,1112,N20,VIIRS,n,2,286.99,1.47,D,0
55.05632,26.31838,325.21,0.48,0.4,2018-04-12,1112,N20,VIIRS,n,2,287.8,1.82,D,0
55.45281,28.90766,342.27,0.39,0.44,2018-04-12,1112,N20,VIIRS,n,2,291.08,7.58,D,0
55.7664,27.19991,325.65,0.52,0.41,2018-04-12,1112,N20,VIIRS,n,2,284.75,1.56,D,0
55.88495,27.71924,325.13,0.54,0.42,2018-04-12,1112,N20,VIIRS,n,2,288.23,1.98,D,0
55.88512,27.71844,332.26,0.54,0.42,2018-04-12,1112,N20,VIIRS,n,2,288.46,4.46,D,0
53.39482,32.0138,297.35,0.46,0.47,2018-04-12,2323,N20,VIIRS,n,2,276.36,1.16,N,2
53.27504,24.4422,303.87,0.47,0.64,2018-04-12,2323,N20,VIIRS,n,2,277.77,1.69,N,2
53.27246,24.44427,302.91,0.47,0.64,2018-04-12,2323,N20,VIIRS,n,2,278.58,1.27,N,2
52.85018,29.99412,303.94,0.55,0.51,2018-04-12,2323,N20,VIIRS,n,2,275.24,2.62,N,2
52.84548,29.99335,322.92,0.55,0.51,2018-04-12,2323,N20,VIIRS,n,2,274.8,2.62,N,2
52.84592,29.98519,301.14,0.55,0.51,2018-04-12,2323,N20,VIIRS,n,2,274.31,2.62,N,2
51.89153,29.33254,302.52,0.57,0.52,2018-04-12,2323,N20,VIIRS,n,2,276.25,1.56,N,2
51.89111,29.34098,298.8,0.57,0.52,2018-04-12,2323,N20,VIIRS,n,2,276.2,1.56,N,2
51.89219,29.33721,313.21,0.57,0.52,2018-04-12,2323,N20,VIIRS,n,2,276.97,2.86,N,2
52.84608,29.99381,309.4,0.59,0.53,2018-04-13,0103,N20,VIIRS,n,2,275.13,1.34,N,2
53.92316,25.69486,296.1,0.38,0.43,2018-04-13,0103,N20,VIIRS,n,2,274.95,0.62,N,0
53.27136,24.44331,309.57,0.54,0.42,2018-04-13,0104,N20,VIIRS,n,2,279.54,2.03,N,2
51.88752,29.34257,302.18,0.6,0.53,2018-04-13,0104,N20,VIIRS,n,2,275.18,0.95,N,2
52.14492,30.20672,339.07,0.62,0.71,2018-04-13,0913,N20,VIIRS,n,2,285.61,10.34,D,0
52.14222,30.2002,333.2,0.62,0.71,2018-04-13,0913,N20,VIIRS,n,2,286.7,7.59,D,0
53.39456,32.44341,326.15,0.46,0.64,2018-04-13,0913,N20,VIIRS,n,2,288.75,5.32,D,0
52.85481,30.21397,340.6,0.58,0.7,2018-04-13,0913,N20,VIIRS,n,2,284.76,7.35,D,0
53.08315,30.49414,338.79,0.55,0.68,2018-04-13,0913,N20,VIIRS,n,2,286.52,3.67,D,0
54.04276,31.61364,328.66,0.47,0.64,2018-04-13,0913,N20,VIIRS,n,2,288.69,3.11,D,0
54.04312,31.61476,333.98,0.46,0.64,2018-04-13,0913,N20,VIIRS,n,2,288.69,2.71,D,0
53.58268,30.24099,325.86,0.54,0.68,2018-04-13,0913,N20,VIIRS,n,2,288.64,3.81,D,0
53.08446,27.95351,334.38,0.68,0.74,2018-04-13,0913,N20,VIIRS,n,2,284.23,4.77,D,0
54.60711,31.14491,327.6,0.46,0.63,2018-04-13,0913,N20,VIIRS,n,2,289.58,1.8,D,0
54.30588,29.45139,334.97,0.54,0.68,2018-04-13,0913,N20,VIIRS,n,2,287.77,4.75,D,0
55.00425,29.72759,334.76,0.49,0.65,2018-04-13,0913,N20,VIIRS,n,2,288.66,3.91,D,0
55.00697,29.7153,336.12,0.49,0.65,2018-04-13,0913,N20,VIIRS,n,2,288.07,3.91,D,0
55.00051,29.72762,327.77,0.49,0.65,2018-04-13,0913,N20,VIIRS,n,2,288.1,7.14,D,0
54.95089,29.43536,325.43,0.51,0.66,2018-04-13,0913,N20,VIIRS,n,2,286.43,2.97,D,0
54.02842,26.06986,327.1,0.72,0.75,2018-04-13,0913,N20,VIIRS,n,2,285.55,7.44,D,0
54.24921,26.52247,327.92,0.68,0.74,2018-04-13,0913,N20,VIIRS,n,2,284.15,6.07,D,0
54.24312,26.51994,332.41,0.68,0.74,2018-04-13,0913,N20,VIIRS,n,2,286.19,5.38,D,0
55.10611,27.85143,328.7,0.56,0.69,2018-04-13,0913,N20,VIIRS,n,2,287.39,2.62,D,0
51.5402,30.51309,332.24,0.42,0.38,2018-04-13,1052,N20,VIIRS,n,2,295.14,2.83,D,0
51.67094,30.37572,330.51,0.42,0.38,2018-04-13,1052,N20,VIIRS,n,2,294.14,1.98,D,0
51.67019,30.36966,327.86,0.42,0.38,2018-04-13,1052,N20,VIIRS,n,2,293.58,1.98,D,0
51.88949,29.33812,333.06,0.4,0.37,2018-04-13,1052,N20,VIIRS,n,2,295.98,2.61,D,2
52.0319,30.4201,349.03,0.43,0.38,2018-04-13,1052,N20,VIIRS,n,2,299.62,11.73,D,0
52.00328,29.59363,331.14,0.41,0.37,2018-04-13,1052,N20,VIIRS,n,2,294.44,4.22,D,0
52.10257,30.02109,329.88,0.42,0.38,2018-04-13,1052,N20,VIIRS,n,2,293.24,3.06,D,0
52.14634,30.20346,341.41,0.42,0.38,2018-04-13,1052,N20,VIIRS,n,2,295.24,4.94,D,0
51.98264,28.87528,327.25,0.4,0.37,2018-04-13,1052,N20,VIIRS,n,2,293.87,1.47,D,0
52.17885,30.01866,342.72,0.42,0.38,2018-04-13,1052,N20,VIIRS,n,2,292.27,3.83,D,0
52.19483,29.97549,330.22,0.42,0.38,2018-04-13,1052,N20,VIIRS,n,2,291.74,3,D,0
52.03754,27.39604,328.7,0.39,0.36,2018-04-13,1052,N20,VIIRS,n,2,291.2,1.66,D,0
54.78501,29.30644,330.15,0.43,0.38,2018-04-13,1053,N20,VIIRS,n,2,291.62,2.94,D,0
52.08722,26.43216,338.35,0.38,0.36,2018-04-13,1053,N20,VIIRS,n,2,293.48,4.46,D,0
52.584,29.38624,325.54,0.41,0.37,2018-04-13,1053,N20,VIIRS,n,2,293.15,1.23,D,0
52.55553,28.62852,325.14,0.4,0.37,2018-04-13,1053,N20,VIIRS,n,2,292.9,2.05,D,0
52.72834,29.81047,330.54,0.42,0.38,2018-04-13,1053,N20,VIIRS,n,2,294.91,2.99,D,0
52.78589,30.22621,329.93,0.43,0.38,2018-04-13,1053,N20,VIIRS,n,2,296.4,2.01,D,0
52.93887,31.17143,325.36,0.45,0.39,2018-04-13,1053,N20,VIIRS,n,2,296.09,1.18,D,0
52.84448,29.98995,335,0.42,0.38,2018-04-13,1053,N20,VIIRS,n,2,299.97,5.93,D,2
52.99755,30.80028,336.84,0.45,0.39,2018-04-13,1053,N20,VIIRS,n,2,297.09,7.83,D,0
52.99679,30.79367,334.54,0.45,0.39,2018-04-13,1053,N20,VIIRS,n,2,295.84,8.84,D,0
53.08488,30.49358,329.66,0.44,0.38,2018-04-13,1053,N20,VIIRS,n,2,291.18,0.81,D,0
53.18998,31.17694,348.14,0.46,0.39,2018-04-13,1053,N20,VIIRS,n,2,296.32,13.29,D,0
53.22771,31.49363,332.44,0.47,0.4,2018-04-13,1053,N20,VIIRS,n,2,292.16,3.55,D,0
53.20932,31.18516,330.17,0.46,0.39,2018-04-13,1053,N20,VIIRS,n,2,294.05,5.08,D,0
53.20857,31.17832,339.02,0.46,0.39,2018-04-13,1053,N20,VIIRS,n,2,295.15,5.08,D,0
52.75468,27.57114,335.35,0.39,0.36,2018-04-13,1053,N20,VIIRS,n,2,295.52,3.35,D,0
53.39244,32.43306,343.78,0.5,0.41,2018-04-13,1053,N20,VIIRS,n,2,294.67,6.23,D,0
53.39693,32.43959,343.36,0.5,0.41,2018-04-13,1053,N20,VIIRS,n,2,293.2,6.75,D,0
53.39617,32.43203,333.55,0.5,0.41,2018-04-13,1053,N20,VIIRS,n,2,292.89,5.57,D,0
53.51765,32.53209,327.68,0.51,0.41,2018-04-13,1053,N20,VIIRS,n,2,292.2,2.48,D,0
52.86141,27.12115,329.49,0.39,0.36,2018-04-13,1053,N20,VIIRS,n,2,292.56,2.89,D,0
53.5599,32.37788,337.98,0.5,0.41,2018-04-13,1053,N20,VIIRS,n,2,294.74,4.01,D,0
53.53801,30.19861,332.25,0.44,0.38,2018-04-13,1053,N20,VIIRS,n,2,293.59,1.48,D,0
53.5859,30.23721,327.81,0.44,0.38,2018-04-13,1053,N20,VIIRS,n,2,293.66,3.64,D,0
53.08327,26.1736,325.04,0.38,0.36,2018-04-13,1053,N20,VIIRS,n,2,288.48,2.54,D,0
53.79445,31.7223,344.23,0.48,0.4,2018-04-13,1053,N20,VIIRS,n,2,298.75,14.07,D,0
53.08651,26.17223,328.69,0.38,0.36,2018-04-13,1053,N20,VIIRS,n,2,289.14,2.65,D,0
53.08565,26.16661,338.6,0.38,0.36,2018-04-13,1053,N20,VIIRS,n,2,289.41,2.65,D,0
53.79212,31.6628,329.49,0.48,0.4,2018-04-13,1053,N20,VIIRS,n,2,292.75,3.03,D,0
53.38545,28.14824,325.62,0.4,0.37,2018-04-13,1053,N20,VIIRS,n,2,292.45,2.25,D,0
53.08286,25.97023,342.61,0.38,0.36,2018-04-13,1053,N20,VIIRS,n,2,294.45,11.01,D,0
53.85668,31.70391,326.69,0.48,0.4,2018-04-13,1053,N20,VIIRS,n,2,292.68,2.37,D,0
53.85592,31.6966,335.39,0.48,0.4,2018-04-13,1053,N20,VIIRS,n,2,293.95,3.73,D,0
53.14712,25.63327,327.57,0.38,0.36,2018-04-13,1053,N20,VIIRS,n,2,291.96,3.23,D,0
53.56861,28.2319,343.68,0.4,0.37,2018-04-13,1053,N20,VIIRS,n,2,297.67,15.41,D,0
53.52961,27.77966,338.99,0.39,0.36,2018-04-13,1053,N20,VIIRS,n,2,294.68,6.05,D,0
53.64324,27.63463,334.34,0.39,0.36,2018-04-13,1053,N20,VIIRS,n,2,290.26,2.03,D,0
53.45467,26.17127,337.49,0.38,0.36,2018-04-13,1053,N20,VIIRS,n,2,291.05,5.62,D,0
54.12009,31.1014,329.94,0.47,0.39,2018-04-13,1053,N20,VIIRS,n,2,294.52,2.91,D,0
54.29175,31.21053,331.85,0.47,0.4,2018-04-13,1053,N20,VIIRS,n,2,292.72,3.95,D,0
54.29823,31.2011,327.99,0.47,0.4,2018-04-13,1053,N20,VIIRS,n,2,291.81,4.43,D,0
54.30564,30.88867,339.64,0.46,0.39,2018-04-13,1053,N20,VIIRS,n,2,291.78,3.55,D,0
54.14866,28.48897,327.39,0.41,0.37,2018-04-13,1053,N20,VIIRS,n,2,293.76,1.7,D,0
54.48276,30.4025,332.14,0.45,0.39,2018-04-13,1053,N20,VIIRS,n,2,289.69,5.47,D,0
54.48198,30.39561,327.43,0.45,0.39,2018-04-13,1053,N20,VIIRS,n,2,297.28,5.47,D,0
53.89258,25.81422,333.29,0.38,0.36,2018-04-13,1053,N20,VIIRS,n,2,291.05,2.62,D,0
54.21328,28.03815,330.85,0.4,0.37,2018-04-13,1053,N20,VIIRS,n,2,294.43,3.49,D,0
54.60546,31.14993,329.99,0.47,0.4,2018-04-13,1053,N20,VIIRS,n,2,290.8,2.98,D,0
54.51059,30.20741,338.13,0.45,0.39,2018-04-13,1053,N20,VIIRS,n,2,292.88,3,D,0
54.59235,30.78098,330.96,0.46,0.39,2018-04-13,1053,N20,VIIRS,n,2,292.8,3.15,D,0
53.9637,25.78288,328.01,0.38,0.36,2018-04-13,1053,N20,VIIRS,n,2,290.92,2.55,D,0
54.27114,27.32424,325.61,0.39,0.36,2018-04-13,1053,N20,VIIRS,n,2,291.34,1.21,D,0
54.74457,30.07075,335.38,0.44,0.39,2018-04-13,1053,N20,VIIRS,n,2,293.91,3.48,D,0
54.74808,30.06956,326.08,0.44,0.39,2018-04-13,1053,N20,VIIRS,n,2,291.34,2.21,D,0
54.69263,29.56182,341.73,0.43,0.38,2018-04-13,1053,N20,VIIRS,n,2,295.67,3.93,D,0
54.634,28.98955,325.94,0.42,0.38,2018-04-13,1053,N20,VIIRS,n,2,294.02,5.69,D,0
54.76757,30.04872,330.89,0.44,0.39,2018-04-13,1053,N20,VIIRS,n,2,293.1,3.52,D,0
54.6726,29.15802,348.02,0.42,0.38,2018-04-13,1053,N20,VIIRS,n,2,292.89,4.93,D,0
54.71505,29.47812,346.83,0.43,0.38,2018-04-13,1053,N20,VIIRS,n,2,296.22,7.1,D,0
54.71537,29.47565,338.63,0.43,0.38,2018-04-13,1053,N20,VIIRS,n,2,294.53,4.92,D,0
54.71611,29.09228,334.81,0.42,0.38,2018-04-13,1053,N20,VIIRS,n,2,293.38,5.39,D,0
54.7332,29.08603,335.1,0.42,0.38,2018-04-13,1053,N20,VIIRS,n,2,292.29,5.68,D,0
54.78236,29.31425,331.01,0.43,0.38,2018-04-13,1053,N20,VIIRS,n,2,294.96,2.94,D,0
54.91916,29.54942,328.66,0.43,0.38,2018-04-13,1053,N20,VIIRS,n,2,294.06,3.66,D,0
55.0522,30.5559,331.79,0.46,0.39,2018-04-13,1053,N20,VIIRS,n,2,297.64,18.69,D,0
55.05274,30.55509,331.57,0.46,0.39,2018-04-13,1053,N20,VIIRS,n,2,298.41,12.94,D,0
54.87605,28.8829,345.4,0.42,0.38,2018-04-13,1053,N20,VIIRS,n,2,296.03,7.68,D,0
55.00787,29.72147,338.36,0.44,0.38,2018-04-13,1053,N20,VIIRS,n,2,291.87,3.88,D,0
55.00708,29.71467,326.58,0.44,0.38,2018-04-13,1053,N20,VIIRS,n,2,290.95,3.88,D,0
54.9894,28.94928,326.82,0.42,0.38,2018-04-13,1053,N20,VIIRS,n,2,291.5,2.16,D,0
54.98269,27.27661,336.43,0.4,0.37,2018-04-13,1053,N20,VIIRS,n,2,293.92,4.16,D,0
54.98186,27.2705,344.14,0.4,0.37,2018-04-13,1053,N20,VIIRS,n,2,294.14,4.16,D,0
54.98599,27.27525,334.58,0.4,0.37,2018-04-13,1053,N20,VIIRS,n,2,293.32,4.16,D,0
54.98433,27.26304,342.02,0.4,0.37,2018-04-13,1053,N20,VIIRS,n,2,291.53,5.62,D,0
55.10459,27.85148,329.49,0.4,0.37,2018-04-13,1053,N20,VIIRS,n,2,292.28,7.04,D,0
55.10793,27.85015,345.63,0.4,0.37,2018-04-13,1053,N20,VIIRS,n,2,294.41,7.66,D,0
55.15623,27.87056,330.39,0.4,0.37,2018-04-13,1053,N20,VIIRS,n,2,290.16,2.19,D,0
55.06493,26.5305,333.03,0.39,0.36,2018-04-13,1053,N20,VIIRS,n,2,292.84,2.6,D,0
55.53736,28.09608,326.17,0.41,0.37,2018-04-13,1053,N20,VIIRS,n,2,291.19,1.76,D,0
55.58947,27.25226,341.81,0.4,0.37,2018-04-13,1053,N20,VIIRS,n,2,287.63,4.39,D,0
55.60761,27.20519,337.82,0.4,0.37,2018-04-13,1053,N20,VIIRS,n,2,292.61,3.2,D,0
55.60677,27.19896,347.24,0.4,0.37,2018-04-13,1053,N20,VIIRS,n,2,293.58,5.21,D,0
55.61092,27.20382,333.46,0.4,0.37,2018-04-13,1053,N20,VIIRS,n,2,292.81,2.28,D,0
52.85032,26.14814,303.33,0.63,0.72,2018-04-13,2304,N20,VIIRS,n,2,278.7,1.2,N,0
52.84732,29.9867,312.86,0.43,0.62,2018-04-13,2304,N20,VIIRS,n,2,274.61,1.75,N,2
52.84677,29.98932,322.03,0.43,0.62,2018-04-13,2304,N20,VIIRS,n,2,275.48,2.29,N,2
52.84651,29.99231,336.26,0.39,0.44,2018-04-14,0045,N20,VIIRS,n,2,276.24,2.68,N,2
52.40844,29.4011,299.85,0.39,0.44,2018-04-14,0045,N20,VIIRS,n,2,275.41,0.67,N,0
53.27164,24.44457,308.39,0.41,0.37,2018-04-14,0045,N20,VIIRS,n,2,281.16,1.82,N,2
52.85102,26.14832,304.52,0.45,0.39,2018-04-14,0045,N20,VIIRS,n,2,278.77,1.48,N,0
52.84891,26.14008,316.42,0.45,0.39,2018-04-14,0045,N20,VIIRS,n,2,278.68,1.48,N,0
52.84761,26.14645,313.97,0.45,0.39,2018-04-14,0045,N20,VIIRS,n,2,278.51,1.48,N,0
51.891,29.33899,306.5,0.4,0.44,2018-04-14,0045,N20,VIIRS,n,2,277.52,1.11,N,2
53.33238,32.32117,341.75,0.68,0.74,2018-04-14,0854,N20,VIIRS,n,2,287.62,6.75,D,0
53.39655,32.33681,327.78,0.68,0.74,2018-04-14,0854,N20,VIIRS,n,2,287.82,8.23,D,0
53.40218,32.33027,353.47,0.68,0.74,2018-04-14,0854,N20,VIIRS,n,2,288.86,8.23,D,0
53.40087,32.33835,355.74,0.68,0.74,2018-04-14,0854,N20,VIIRS,n,2,287.99,8.61,D,0
53.39737,32.32973,334.58,0.68,0.74,2018-04-14,0854,N20,VIIRS,n,2,287.49,8.61,D,0
53.55024,31.52028,327.57,0.71,0.75,2018-04-14,0854,N20,VIIRS,n,2,289.44,5.31,D,0
53.55305,31.52365,341.52,0.71,0.75,2018-04-14,0854,N20,VIIRS,n,2,291.01,9.86,D,0
54.71656,30.03515,329.9,0.71,0.75,2018-04-14,0855,N20,VIIRS,n,2,288.8,3.85,D,0
54.65229,29.8226,325.21,0.73,0.76,2018-04-14,0855,N20,VIIRS,n,2,285.68,2.72,D,0
54.65287,29.82287,325.38,0.72,0.76,2018-04-14,0855,N20,VIIRS,n,2,286.4,3.37,D,0
55.26036,29.60927,339.06,0.69,0.74,2018-04-14,0855,N20,VIIRS,n,2,288.97,5.61,D,0
55.2555,29.61283,329.56,0.69,0.74,2018-04-14,0855,N20,VIIRS,n,2,288.6,9.36,D,0
51.40999,30.58455,331.33,0.39,0.36,2018-04-14,1033,N20,VIIRS,n,2,293.47,1.76,D,0
51.5394,30.51038,332.18,0.39,0.36,2018-04-14,1033,N20,VIIRS,n,2,297.35,3.54,D,0
51.68803,29.31767,333.42,0.4,0.37,2018-04-14,1033,N20,VIIRS,n,2,294.87,3.77,D,0
51.67545,29.09665,346.62,0.4,0.37,2018-04-14,1033,N20,VIIRS,n,2,299.32,6.82,D,0
51.82178,29.86165,328.77,0.39,0.36,2018-04-14,1033,N20,VIIRS,n,2,294.66,3.88,D,0
51.90345,30.24669,327.89,0.39,0.36,2018-04-14,1033,N20,VIIRS,n,2,294.37,2.64,D,0
51.89252,30.18056,329.88,0.39,0.36,2018-04-14,1033,N20,VIIRS,n,2,295.86,2.14,D,0
51.90383,30.08099,334.29,0.39,0.36,2018-04-14,1033,N20,VIIRS,n,2,294.47,4.71,D,0
51.902,30.06996,333.31,0.39,0.36,2018-04-14,1033,N20,VIIRS,n,2,292.99,3.56,D,0
51.86768,29.7818,330,0.39,0.36,2018-04-14,1033,N20,VIIRS,n,2,292.86,3.3,D,0
51.85421,29.40239,328.93,0.4,0.37,2018-04-14,1034,N20,VIIRS,n,2,294.46,1.72,D,0
52.03203,30.41981,344.65,0.39,0.36,2018-04-14,1034,N20,VIIRS,n,2,306.28,11.19,D,0
51.88888,29.33839,325.36,0.4,0.37,2018-04-14,1034,N20,VIIRS,l,2,297.01,1.39,D,2
51.89063,29.24671,343.95,0.4,0.37,2018-04-14,1034,N20,VIIRS,n,2,297.56,9.09,D,0
51.6455,27.7184,328.56,0.43,0.38,2018-04-14,1034,N20,VIIRS,n,2,293.95,4.09,D,0
52.0591,29.95606,328,0.39,0.36,2018-04-14,1034,N20,VIIRS,n,2,294.23,1.91,D,0
51.90394,29.03148,335.88,0.4,0.37,2018-04-14,1034,N20,VIIRS,n,2,291.5,4.9,D,0
52.14525,30.20344,342.73,0.39,0.36,2018-04-14,1034,N20,VIIRS,n,2,303.57,16.19,D,0
52.35207,31.4003,331.14,0.38,0.36,2018-04-14,1034,N20,VIIRS,n,2,295.15,2.06,D,0
52.14953,30.02186,337.62,0.39,0.36,2018-04-14,1034,N20,VIIRS,n,2,300.02,10.56,D,0
52.14027,29.88294,345.21,0.39,0.36,2018-04-14,1034,N20,VIIRS,n,2,296.14,4.5,D,0
52.17963,30.01461,337.95,0.39,0.36,2018-04-14,1034,N20,VIIRS,n,2,295.99,2.77,D,0
52.0188,28.89108,330.71,0.4,0.37,2018-04-14,1034,N20,VIIRS,n,2,295.28,2.93,D,0
52.31686,30.02863,333.56,0.39,0.36,2018-04-14,1034,N20,VIIRS,n,2,292.65,3.46,D,0
52.43454,30.64813,327.05,0.38,0.36,2018-04-14,1034,N20,VIIRS,n,2,294.53,2.03,D,0
52.30019,29.57922,333.44,0.39,0.36,2018-04-14,1034,N20,VIIRS,n,2,298.1,2.94,D,0
52.27728,29.22018,326.24,0.4,0.37,2018-04-14,1034,N20,VIIRS,n,2,296.97,1.45,D,0
52.47275,30.26257,336.82,0.39,0.36,2018-04-14,1034,N20,VIIRS,n,2,295.22,4.47,D,0
52.33542,29.43649,338.75,0.39,0.36,2018-04-14,1034,N20,VIIRS,n,2,297.17,6.53,D,0
52.40447,29.39693,330.77,0.39,0.36,2018-04-14,1034,N20,VIIRS,n,2,295.52,2.3,D,0
52.51299,29.21805,333,0.39,0.37,2018-04-14,1034,N20,VIIRS,n,2,294.49,2.76,D,0
52.78473,30.22779,341.65,0.39,0.36,2018-04-14,1034,N20,VIIRS,n,2,297.36,4.47,D,0
52.93609,31.1711,328.99,0.38,0.36,2018-04-14,1034,N20,VIIRS,n,2,293.27,1.64,D,0
52.56005,28.86896,330.11,0.4,0.37,2018-04-14,1034,N20,VIIRS,n,2,294.89,3.64,D,0
52.56332,28.86742,332.95,0.4,0.37,2018-04-14,1034,N20,VIIRS,n,2,292.79,3.64,D,0
52.73005,29.80791,338.06,0.39,0.36,2018-04-14,1034,N20,VIIRS,n,2,298.18,5.28,D,0
52.84702,29.99381,326.61,0.39,0.36,2018-04-14,1034,N20,VIIRS,n,2,297.91,5.18,D,2
52.8461,29.98821,328.37,0.39,0.36,2018-04-14,1034,N20,VIIRS,n,2,300.26,6.38,D,2
52.80083,29.71324,340.51,0.39,0.36,2018-04-14,1034,N20,VIIRS,n,2,302.96,6.29,D,0
52.51527,27.79727,343.38,0.42,0.37,2018-04-14,1034,N20,VIIRS,n,2,293.39,4.4,D,0
53.02832,30.80725,327.82,0.38,0.36,2018-04-14,1034,N20,VIIRS,n,2,291.61,1.14,D,0
52.51749,27.7897,337.85,0.42,0.37,2018-04-14,1034,N20,VIIRS,n,2,292.48,7.27,D,0
52.39165,27.1167,336.58,0.43,0.38,2018-04-14,1034,N20,VIIRS,n,2,293.62,3.71,D,0
53.21935,31.57022,332.25,0.39,0.36,2018-04-14,1034,N20,VIIRS,n,2,295.26,2.84,D,0
53.33398,32.31733,326.61,0.39,0.36,2018-04-14,1034,N20,VIIRS,n,2,293.86,1.34,D,0
53.32666,32.24096,339.17,0.39,0.36,2018-04-14,1034,N20,VIIRS,n,2,295.7,3.74,D,0
53.32584,32.23519,333.22,0.39,0.36,2018-04-14,1034,N20,VIIRS,n,2,294.35,3.74,D,0
53.33973,32.30898,336.92,0.39,0.36,2018-04-14,1034,N20,VIIRS,n,2,294.09,3.51,D,0
53.08268,30.49424,332.04,0.38,0.36,2018-04-14,1034,N20,VIIRS,n,2,292.08,3.65,D,0
53.18927,31.0483,325.9,0.38,0.36,2018-04-14,1034,N20,VIIRS,n,2,291.51,1.64,D,0
53.40156,32.33833,326.76,0.39,0.36,2018-04-14,1034,N20,VIIRS,n,2,292.25,1.89,D,0
53.40403,32.33126,325.38,0.39,0.36,2018-04-14,1034,N20,VIIRS,n,2,291.84,1.89,D,0
53.40568,31.97694,332.41,0.39,0.36,2018-04-14,1034,N20,VIIRS,n,2,294.83,3.89,D,0
52.70948,26.98301,334.78,0.43,0.38,2018-04-14,1034,N20,VIIRS,n,2,293.66,3.81,D,0
53.2295,28.38567,337.28,0.4,0.37,2018-04-14,1034,N20,VIIRS,n,2,306.84,31.92,D,0
53.64815,30.5153,325.77,0.38,0.36,2018-04-14,1034,N20,VIIRS,n,2,292.98,1.36,D,0
53.65138,30.51388,329.22,0.38,0.36,2018-04-14,1034,N20,VIIRS,n,2,291.53,1.36,D,0
53.81761,31.55531,334.06,0.39,0.36,2018-04-14,1034,N20,VIIRS,n,2,294.46,2.11,D,0
53.31655,28.06822,333.75,0.4,0.37,2018-04-14,1034,N20,VIIRS,n,2,292.15,2.61,D,0
53.6506,29.94018,334.49,0.39,0.36,2018-04-14,1034,N20,VIIRS,n,2,293.06,2.75,D,0
53.64969,29.93449,347.13,0.39,0.36,2018-04-14,1034,N20,VIIRS,n,2,295.5,4.19,D,0
53.65383,29.93872,346.25,0.39,0.36,2018-04-14,1034,N20,VIIRS,n,2,293.9,9.33,D,0
53.65292,29.93303,341.75,0.39,0.36,2018-04-14,1034,N20,VIIRS,n,2,296.05,7.82,D,0
53.65201,29.92733,326.97,0.39,0.36,2018-04-14,1034,N20,VIIRS,n,2,294.72,7.82,D,0
53.92752,31.71876,326.36,0.39,0.36,2018-04-14,1034,N20,VIIRS,n,2,292.18,2.15,D,0
53.92995,31.7116,332.62,0.39,0.36,2018-04-14,1034,N20,VIIRS,n,2,292.59,3.07,D,0
53.55171,28.98306,333.59,0.39,0.36,2018-04-14,1034,N20,VIIRS,n,2,296.78,5.85,D,0
53.61246,29.11531,341.02,0.39,0.36,2018-04-14,1034,N20,VIIRS,n,2,296.65,4.9,D,0
53.84937,30.28061,327.63,0.38,0.36,2018-04-14,1034,N20,VIIRS,n,2,293.1,0.97,D,0
53.85349,30.28489,335.85,0.38,0.36,2018-04-14,1034,N20,VIIRS,n,2,293.81,3.29,D,0
53.86734,30.17475,347.86,0.38,0.36,2018-04-14,1034,N20,VIIRS,n,2,296.69,9.35,D,0
54.10678,31.4869,344.39,0.39,0.36,2018-04-14,1034,N20,VIIRS,n,2,296.86,12.55,D,0
53.53107,27.75624,331.02,0.41,0.37,2018-04-14,1034,N20,VIIRS,n,2,290.45,3.52,D,0
53.53436,27.75458,334.69,0.41,0.37,2018-04-14,1034,N20,VIIRS,n,2,291.54,3.52,D,0
54.14087,31.46414,337.17,0.39,0.36,2018-04-14,1034,N20,VIIRS,n,2,292.46,2.28,D,0
53.9462,30.14908,339.17,0.38,0.36,2018-04-14,1034,N20,VIIRS,n,2,292.63,3.05,D,0
53.59642,27.78123,336.11,0.4,0.37,2018-04-14,1034,N20,VIIRS,n,2,292.86,6.97,D,0
54.05154,30.35932,330.59,0.38,0.36,2018-04-14,1034,N20,VIIRS,n,2,293.75,2.07,D,0
53.79878,28.7165,345.86,0.39,0.36,2018-04-14,1034,N20,VIIRS,n,2,295.98,6.71,D,0
54.302,31.27044,330.1,0.39,0.36,2018-04-14,1034,N20,VIIRS,n,2,294.14,2.74,D,0
54.30525,31.26906,333.6,0.39,0.36,2018-04-14,1034,N20,VIIRS,n,2,292.41,4.39,D,0
54.30935,31.27351,328.91,0.39,0.36,2018-04-14,1034,N20,VIIRS,n,2,289.57,1.96,D,0
54.35035,30.94478,340.95,0.39,0.36,2018-04-14,1034,N20,VIIRS,n,2,290.97,3.9,D,0
54.27418,30.23747,331.74,0.38,0.36,2018-04-14,1034,N20,VIIRS,n,2,296.06,4.81,D,0
54.44403,31.163,331.72,0.39,0.36,2018-04-14,1034,N20,VIIRS,n,2,292.32,3.81,D,0
53.79654,27.23622,326.19,0.41,0.37,2018-04-14,1034,N20,VIIRS,n,2,289.91,1.66,D,0
54.44729,31.1616,330.28,0.39,0.36,2018-04-14,1034,N20,VIIRS,n,2,288.76,3.17,D,0
54.42574,30.8977,331.03,0.39,0.36,2018-04-14,1034,N20,VIIRS,n,2,290.86,1.71,D,0
54.36438,30.39882,331.13,0.38,0.36,2018-04-14,1034,N20,VIIRS,n,2,291.61,2.99,D,0
54.00772,27.99294,329.74,0.4,0.37,2018-04-14,1034,N20,VIIRS,n,2,291.51,2.16,D,0
53.63742,25.99079,329.33,0.44,0.38,2018-04-14,1034,N20,VIIRS,n,2,289.25,1.83,D,0
54.32484,29.53012,345.36,0.39,0.36,2018-04-14,1034,N20,VIIRS,n,2,296.22,6.28,D,0
54.18849,28.62004,335.42,0.39,0.36,2018-04-14,1034,N20,VIIRS,n,2,296.32,3.83,D,0
54.10524,27.99359,330.77,0.4,0.37,2018-04-14,1034,N20,VIIRS,n,2,288.25,3.45,D,0
54.4621,30.13653,330.52,0.38,0.36,2018-04-14,1034,N20,VIIRS,n,2,292.49,2.77,D,0
54.4612,30.13074,327.04,0.38,0.36,2018-04-14,1034,N20,VIIRS,n,2,290.56,2.77,D,0
54.56073,30.76267,331.96,0.39,0.36,2018-04-14,1034,N20,VIIRS,n,2,293.42,3.72,D,0
54.47157,29.99901,330.83,0.38,0.36,2018-04-14,1034,N20,VIIRS,n,2,293.25,1.83,D,0
54.0102,27.25905,329.43,0.41,0.37,2018-04-14,1034,N20,VIIRS,n,2,291.85,9.17,D,0
54.00909,27.25304,353.21,0.41,0.37,2018-04-14,1034,N20,VIIRS,n,2,295.01,9.17,D,0
54.54972,30.41674,333.14,0.38,0.36,2018-04-14,1034,N20,VIIRS,n,2,293.13,2.13,D,0
54.22909,28.43269,330.61,0.39,0.36,2018-04-14,1034,N20,VIIRS,n,2,297.09,4.89,D,0
54.22809,28.42685,328.35,0.39,0.36,2018-04-14,1034,N20,VIIRS,l,2,298.92,9.57,D,0
54.55295,30.41529,329.58,0.38,0.36,2018-04-14,1034,N20,VIIRS,n,2,293.38,2.13,D,0
54.23133,28.42523,352.67,0.39,0.36,2018-04-14,1034,N20,VIIRS,n,2,302.86,9.57,D,0
54.2662,28.54725,333.39,0.39,0.36,2018-04-14,1034,N20,VIIRS,n,2,292.31,4.28,D,0
54.66911,30.96172,331.57,0.39,0.36,2018-04-14,1034,N20,VIIRS,n,2,292.49,2.57,D,0
54.67666,30.98968,340.54,0.39,0.36,2018-04-14,1034,N20,VIIRS,n,2,294.16,3.51,D,0
54.67235,30.96029,345.8,0.39,0.36,2018-04-14,1034,N20,VIIRS,n,2,296.18,11.75,D,0
54.67149,30.95442,333.08,0.39,0.36,2018-04-14,1034,N20,VIIRS,n,2,291.87,24.73,D,0
54.67559,30.95887,329.78,0.39,0.36,2018-04-14,1034,N20,VIIRS,n,2,290.06,11.75,D,0
54.65081,30.40105,331.9,0.38,0.36,2018-04-14,1034,N20,VIIRS,n,2,293.07,3.19,D,0
54.37833,28.57273,330.39,0.39,0.36,2018-04-14,1034,N20,VIIRS,n,2,293.92,4.27,D,0
54.14491,27.1074,346.49,0.41,0.37,2018-04-14,1034,N20,VIIRS,n,2,292.98,7.17,D,0
54.71601,30.03888,331.06,0.38,0.36,2018-04-14,1034,N20,VIIRS,n,2,293.71,1.98,D,0
54.73835,29.95983,329.52,0.38,0.36,2018-04-14,1034,N20,VIIRS,n,2,292.61,2.94,D,0
54.4967,28.34654,333.27,0.39,0.36,2018-04-14,1034,N20,VIIRS,n,2,296.32,7.97,D,0
54.72037,29.12749,336.79,0.39,0.36,2018-04-14,1034,N20,VIIRS,n,2,294.46,3.24,D,0
54.48006,27.42129,339.36,0.4,0.37,2018-04-14,1034,N20,VIIRS,n,2,292.67,5.55,D,0
54.8264,29.16237,329.12,0.39,0.36,2018-04-14,1034,N20,VIIRS,n,2,291,2,D,0
54.86726,29.24341,330.53,0.39,0.36,2018-04-14,1034,N20,VIIRS,n,2,291.13,1.98,D,0
54.54552,27.1883,327.21,0.41,0.37,2018-04-14,1034,N20,VIIRS,n,2,291.25,4.82,D,0
54.54597,27.18612,340.73,0.41,0.37,2018-04-14,1034,N20,VIIRS,n,2,291.93,3.29,D,0
55.04124,30.02098,333.12,0.38,0.36,2018-04-14,1034,N20,VIIRS,n,2,293.67,2.68,D,0
55.04447,30.01948,331.48,0.38,0.36,2018-04-14,1034,N20,VIIRS,n,2,290.48,2.68,D,0
54.90348,28.99622,328.87,0.39,0.36,2018-04-14,1034,N20,VIIRS,n,2,293.84,1.67,D,0
54.91088,28.99892,329.57,0.39,0.36,2018-04-14,1034,N20,VIIRS,n,2,292.24,2.05,D,0
54.47134,26.29361,346.1,0.42,0.38,2018-04-14,1034,N20,VIIRS,n,2,293.41,6.86,D,0
55.05207,29.64417,345.3,0.38,0.36,2018-04-14,1034,N20,VIIRS,n,2,295.34,6.88,D,0
55.06722,29.71897,344.16,0.38,0.36,2018-04-14,1034,N20,VIIRS,n,2,292.32,5.46,D,0
55.14583,30.09665,335.25,0.38,0.36,2018-04-14,1034,N20,VIIRS,n,2,292.87,3.25,D,0
55.36958,30.7671,331.44,0.39,0.36,2018-04-14,1034,N20,VIIRS,n,2,293.47,2.4,D,0
55.3737,30.77163,330.75,0.39,0.36,2018-04-14,1034,N20,VIIRS,n,2,294.99,5.97,D,0
55.29422,29.98207,328.94,0.38,0.36,2018-04-14,1034,N20,VIIRS,n,2,291.24,2.06,D,0
55.29242,29.97024,334.32,0.38,0.36,2018-04-14,1034,N20,VIIRS,n,2,294.16,5.16,D,0
55.29152,29.96433,326.93,0.38,0.36,2018-04-14,1034,N20,VIIRS,n,2,293.56,2.74,D,0
55.26215,29.61695,336.75,0.38,0.36,2018-04-14,1034,N20,VIIRS,n,2,293.74,6.83,D,0
55.26446,29.60952,339.49,0.38,0.36,2018-04-14,1034,N20,VIIRS,n,2,293.74,5.36,D,0
55.19933,29.00456,343.17,0.39,0.36,2018-04-14,1034,N20,VIIRS,n,2,294.72,6.07,D,0
55.19336,28.92475,331.45,0.39,0.36,2018-04-14,1034,N20,VIIRS,n,2,292.77,5.14,D,0
55.25875,29.22335,341.65,0.38,0.36,2018-04-14,1034,N20,VIIRS,n,2,293,6,D,0
55.23042,28.87447,327.34,0.39,0.36,2018-04-14,1034,N20,VIIRS,n,2,291.42,2.56,D,0
55.26825,28.95773,347.39,0.39,0.36,2018-04-14,1034,N20,VIIRS,n,2,294.59,5.79,D,0
55.2159,28.59406,329.55,0.39,0.36,2018-04-14,1034,N20,VIIRS,n,2,289.74,15.39,D,0
55.35795,29.28084,329.36,0.38,0.36,2018-04-14,1034,N20,VIIRS,n,2,291.95,2.36,D,0
54.84571,25.97302,342.32,0.42,0.38,2018-04-14,1034,N20,VIIRS,n,2,291.78,8.63,D,0
55.53965,29.62463,327.91,0.38,0.36,2018-04-14,1034,N20,VIIRS,n,2,292.16,2.59,D,0
55.42062,28.61497,327.65,0.39,0.36,2018-04-14,1034,N20,VIIRS,n,2,290.3,2.1,D,0
55.78133,28.00056,342.37,0.39,0.36,2018-04-14,1035,N20,VIIRS,n,2,291,4.34,D,0
52.96541,27.19417,331.83,0.7,0.75,2018-04-14,1215,N20,VIIRS,n,2,284.37,4.8,D,0
52.96399,27.1935,330.88,0.7,0.75,2018-04-14,1215,N20,VIIRS,n,2,284.42,6.24,D,0
55.62918,28.17037,349.07,0.76,0.77,2018-04-14,1216,N20,VIIRS,n,2,291.1,15.42,D,0
52.94403,29.53683,297.51,0.72,0.75,2018-04-14,2245,N20,VIIRS,n,2,275.3,0.66,N,0
52.84574,29.98942,305.88,0.69,0.74,2018-04-14,2245,N20,VIIRS,n,2,275.33,1.83,N,2
52.96825,27.19506,295.13,0.39,0.36,2018-04-15,0026,N20,VIIRS,n,2,278.92,0.56,N,0
53.27345,24.4423,300.58,0.39,0.36,2018-04-15,0026,N20,VIIRS,n,2,279.92,0.24,N,2
53.27016,24.441,313.35,0.39,0.36,2018-04-15,0026,N20,VIIRS,n,2,281.61,1.3,N,2
52.17256,27.78989,297.17,0.4,0.37,2018-04-15,0026,N20,VIIRS,n,2,278.09,0.68,N,0
53.26963,24.44137,301.46,0.67,0.74,2018-04-15,0206,N20,VIIRS,n,2,278.36,1.09,N,2
53.2715,24.44838,297.34,0.67,0.74,2018-04-15,0206,N20,VIIRS,n,2,277.86,0.93,N,2
51.55233,30.50574,331.02,0.48,0.4,2018-04-15,1015,N20,VIIRS,n,2,294.83,2.67,D,0
52.17219,26.94759,334.02,0.41,0.45,2018-04-15,1015,N20,VIIRS,n,2,289.46,4.23,D,0
53.22316,28.38394,330.68,0.52,0.42,2018-04-15,1015,N20,VIIRS,n,2,289.76,3.52,D,0
54.0712,31.59721,327.8,0.42,0.37,2018-04-15,1015,N20,VIIRS,n,2,286,3.68,D,0
54.63688,30.88696,345.71,0.42,0.38,2018-04-15,1015,N20,VIIRS,n,2,293.11,4.61,D,0
54.6911,30.17401,330.55,0.44,0.38,2018-04-15,1015,N20,VIIRS,n,2,282.67,2.56,D,0
54.63599,29.1483,326.42,0.46,0.39,2018-04-15,1015,N20,VIIRS,n,2,290.75,1.61,D,0
54.72685,29.07665,329.58,0.46,0.39,2018-04-15,1015,N20,VIIRS,n,2,289.42,4.91,D,0
55.21605,30.343,339.49,0.43,0.38,2018-04-15,1016,N20,VIIRS,n,2,291.14,3.91,D,0
55.20971,29.10619,343.6,0.45,0.39,2018-04-15,1016,N20,VIIRS,n,2,294.84,10.38,D,0
55.34266,29.18385,342.37,0.45,0.39,2018-04-15,1016,N20,VIIRS,n,2,292.7,7.99,D,0
55.25228,28.15557,336.69,0.48,0.4,2018-04-15,1016,N20,VIIRS,n,2,296.54,17.73,D,0
55.53852,28.68048,332.1,0.46,0.39,2018-04-15,1016,N20,VIIRS,n,2,293.62,4.59,D,0
55.66088,27.30083,333.16,0.5,0.41,2018-04-15,1016,N20,VIIRS,n,2,294.09,3.33,D,0
52.41903,29.34423,336.36,0.54,0.68,2018-04-15,1156,N20,VIIRS,n,2,290.33,5.41,D,0
54.412,29.25616,345.25,0.54,0.68,2018-04-15,1156,N20,VIIRS,n,2,290.26,6.12,D,0
54.64458,29.20801,325.86,0.54,0.68,2018-04-15,1156,N20,VIIRS,n,2,287.68,4.7,D,0
54.64464,29.19945,325.3,0.54,0.68,2018-04-15,1156,N20,VIIRS,n,2,287.92,4.8,D,0
54.64723,29.19923,327.31,0.54,0.68,2018-04-15,1156,N20,VIIRS,n,2,288.73,6.69,D,0
54.69142,30.18029,339.37,0.59,0.7,2018-04-15,1156,N20,VIIRS,n,2,287.13,5.76,D,0
55.3544,30.663,343.2,0.62,0.71,2018-04-15,1157,N20,VIIRS,n,2,287.53,6.47,D,0
55.35784,30.66732,336.37,0.62,0.71,2018-04-15,1157,N20,VIIRS,n,2,285.61,4.61,D,0
55.41847,29.9432,341.33,0.58,0.7,2018-04-15,1157,N20,VIIRS,n,2,288.74,6.4,D,0
55.57211,29.56538,346.48,0.56,0.69,2018-04-15,1157,N20,VIIRS,n,2,286.32,8.64,D,0
55.57222,29.55627,330.32,0.56,0.69,2018-04-15,1157,N20,VIIRS,n,2,287.1,6.18,D,0
55.56705,29.55906,350.79,0.56,0.69,2018-04-15,1157,N20,VIIRS,n,2,287.4,6.92,D,0
55.65918,27.29727,328.97,0.46,0.63,2018-04-15,1157,N20,VIIRS,n,2,286.43,4.28,D,0
52.847,29.98871,323.87,0.39,0.36,2018-04-16,0007,N20,VIIRS,n,2,266.56,1.88,N,2
51.89012,29.34113,301.67,0.39,0.36,2018-04-16,0007,N20,VIIRS,n,2,269.33,0.51,N,2
51.89198,29.33976,295.81,0.78,0.78,2018-04-16,0147,N20,VIIRS,n,2,265.79,1.56,N,2
53.92501,25.08917,340.03,0.47,0.47,2018-04-16,1137,N20,VIIRS,n,2,282.14,8.88,D,0
53.27252,24.43949,303.07,0.4,0.6,2018-04-17,2329,N20,VIIRS,n,2,277.59,1.8,N,2
52.84856,29.99215,318.11,0.34,0.56,2018-04-18,0110,N20,VIIRS,n,2,279.11,1.33,N,2
51.88759,29.33769,295.74,0.35,0.56,2018-04-18,0110,N20,VIIRS,n,2,279.7,0.39,N,2
51.52292,28.74531,331.38,0.65,0.73,2018-04-18,0919,N20,VIIRS,n,2,285.86,4.09,D,0
52.13027,31.39379,325.38,0.51,0.41,2018-04-18,1059,N20,VIIRS,n,2,285.17,2.68,D,0
51.97255,26.6557,332.77,0.39,0.36,2018-04-18,1059,N20,VIIRS,n,2,297.22,2.58,D,0
52.28543,27.04965,328.95,0.4,0.37,2018-04-18,1059,N20,VIIRS,n,2,291.16,2.36,D,0
52.80083,30.76844,345.66,0.49,0.4,2018-04-18,1059,N20,VIIRS,n,2,288.43,5.06,D,0
52.80273,30.7743,329.62,0.49,0.4,2018-04-18,1059,N20,VIIRS,n,2,289.82,4.7,D,0
52.80201,30.76699,339.36,0.49,0.4,2018-04-18,1059,N20,VIIRS,n,2,288.8,4.7,D,0
52.21237,25.27309,338.52,0.38,0.36,2018-04-18,1059,N20,VIIRS,n,2,308.68,24.29,D,0
52.79948,29.71253,337.19,0.46,0.39,2018-04-18,1059,N20,VIIRS,n,2,290.64,4.04,D,0
52.84408,29.98825,331.79,0.47,0.39,2018-04-18,1059,N20,VIIRS,n,2,293.99,3,D,2
52.79077,28.65284,325.15,0.43,0.38,2018-04-18,1059,N20,VIIRS,n,2,281.81,2.56,D,0
53.22343,27.52338,325.16,0.41,0.37,2018-04-18,1059,N20,VIIRS,n,2,280.68,2.14,D,0
52.85093,29.98853,302.45,0.37,0.58,2018-04-18,2310,N20,VIIRS,n,2,265.56,0.65,N,2
52.8483,29.98886,310.41,0.45,0.47,2018-04-19,0051,N20,VIIRS,n,2,279.21,1.27,N,2
53.27053,24.43973,306.77,0.44,0.38,2018-04-19,0051,N20,VIIRS,n,2,281,1.98,N,2
52.14094,24.7288,296.44,0.47,0.39,2018-04-19,0051,N20,VIIRS,n,2,281.05,0.9,N,0
51.9445,25.79815,330.48,0.43,0.38,2018-04-19,1040,N20,VIIRS,n,2,291.63,6.55,D,0
53.54712,24.90396,329.71,0.43,0.38,2018-04-19,1040,N20,VIIRS,n,2,291.17,1.75,D,0
55.53134,28.51467,296.42,0.68,0.74,2018-04-19,2251,N20,VIIRS,n,2,274.11,1.32,N,0
54.03872,31.46537,296.54,0.52,0.66,2018-04-19,2251,N20,VIIRS,n,2,275.41,0.92,N,0
52.85044,29.9911,301.56,0.59,0.7,2018-04-19,2251,N20,VIIRS,n,2,275.81,1.53,N,2
51.89152,29.33512,299.34,0.63,0.72,2018-04-19,2252,N20,VIIRS,n,2,276.24,0.82,N,2
55.53156,28.51819,300.46,0.4,0.37,2018-04-20,0032,N20,VIIRS,n,2,275.41,0.65,N,0
52.84765,29.98975,323.95,0.47,0.4,2018-04-20,0032,N20,VIIRS,n,2,279.23,14.41,N,2
53.27056,24.44147,315.25,0.38,0.36,2018-04-20,0032,N20,VIIRS,n,2,278.84,2.04,N,2
51.88965,29.33591,296.91,0.47,0.39,2018-04-20,0033,N20,VIIRS,n,2,277.21,0.76,N,2
53.27025,24.44623,296.26,0.76,0.77,2018-04-20,0212,N20,VIIRS,n,2,275.65,0.82,N,2
51.78053,30.21292,330.81,0.44,0.38,2018-04-20,1021,N20,VIIRS,n,2,291.48,1.59,D,0
51.8531,30.3179,339.37,0.44,0.38,2018-04-20,1021,N20,VIIRS,n,2,293.33,5.46,D,0
51.89384,30.31489,334.33,0.44,0.38,2018-04-20,1021,N20,VIIRS,n,2,289.84,2.75,D,0
51.83416,28.25797,338.37,0.5,0.41,2018-04-20,1021,N20,VIIRS,n,2,290.43,7.35,D,0
52.2425,29.93681,335.57,0.44,0.38,2018-04-20,1021,N20,VIIRS,n,2,296.21,4.11,D,0
52.24589,29.93505,325.97,0.44,0.38,2018-04-20,1021,N20,VIIRS,n,2,296.01,4.11,D,0
52.29985,29.57995,341.37,0.45,0.39,2018-04-20,1021,N20,VIIRS,n,2,301.21,15.71,D,0
52.30326,29.57815,340.89,0.45,0.39,2018-04-20,1021,N20,VIIRS,n,2,300.35,15.71,D,0
52.3022,29.57705,343.25,0.45,0.39,2018-04-20,1021,N20,VIIRS,n,2,299.46,28.89,D,0
52.27638,29.22213,333.95,0.46,0.39,2018-04-20,1021,N20,VIIRS,n,2,297.76,3.06,D,0
52.4948,30.08227,327.01,0.43,0.38,2018-04-20,1021,N20,VIIRS,n,2,294.53,1.97,D,0
52.50136,30.05848,345.57,0.43,0.38,2018-04-20,1021,N20,VIIRS,n,2,298.72,9.52,D,0
52.44854,29.78489,328.06,0.44,0.39,2018-04-20,1021,N20,VIIRS,n,2,296.13,2.71,D,0
52.56893,29.88553,335.22,0.44,0.38,2018-04-20,1021,N20,VIIRS,n,2,295.01,4.26,D,0
52.59951,29.84835,327.19,0.44,0.38,2018-04-20,1021,N20,VIIRS,n,2,295.26,2.7,D,0
52.72956,29.8061,339.45,0.44,0.38,2018-04-20,1021,N20,VIIRS,n,2,295.49,3.92,D,0
52.84435,29.9908,329.69,0.43,0.38,2018-04-20,1021,N20,VIIRS,n,2,296.69,4.62,D,2
52.5275,28.38235,328.83,0.48,0.4,2018-04-20,1021,N20,VIIRS,n,2,295.37,8.03,D,0
53.21046,31.74803,329.9,0.4,0.37,2018-04-20,1021,N20,VIIRS,n,2,290.91,2.67,D,0
53.20946,31.74226,335.38,0.4,0.37,2018-04-20,1021,N20,VIIRS,n,2,292.17,6.99,D,0
53.21171,31.73491,341.75,0.4,0.37,2018-04-20,1021,N20,VIIRS,n,2,294.28,6.99,D,0
52.74116,29.04695,325.78,0.46,0.39,2018-04-20,1021,N20,VIIRS,n,2,297.63,3.03,D,0
53.22533,30.90429,331.36,0.41,0.37,2018-04-20,1021,N20,VIIRS,n,2,292.8,3.34,D,0
53.22551,30.9032,330.92,0.41,0.37,2018-04-20,1021,N20,VIIRS,n,2,292.92,3.11,D,0
52.91689,29.08471,337.01,0.45,0.39,2018-04-20,1021,N20,VIIRS,n,2,294.76,7.54,D,0
52.49066,26.47066,328.28,0.56,0.43,2018-04-20,1021,N20,VIIRS,n,2,297.8,4.33,D,0
52.92314,28.14847,327.76,0.48,0.4,2018-04-20,1021,N20,VIIRS,n,2,294.26,2.18,D,0
52.91878,27.99724,325.98,0.49,0.4,2018-04-20,1021,N20,VIIRS,n,2,291.29,3.05,D,0
53.4497,30.22485,326.14,0.42,0.38,2018-04-20,1021,N20,VIIRS,n,2,290.3,1.76,D,0
53.45302,30.22311,327.37,0.42,0.38,2018-04-20,1021,N20,VIIRS,n,2,291.15,1.76,D,0
53.45634,30.22137,326.38,0.42,0.38,2018-04-20,1021,N20,VIIRS,n,2,290.59,1.07,D,0
53.06091,28.02276,340.67,0.48,0.4,2018-04-20,1021,N20,VIIRS,n,2,292.94,7.13,D,0
53.64435,30.57156,331.77,0.41,0.37,2018-04-20,1021,N20,VIIRS,n,2,290.03,4.71,D,0
53.58843,30.25001,336.9,0.42,0.37,2018-04-20,1021,N20,VIIRS,n,2,291.95,3.72,D,0
53.71534,30.76385,333.09,0.41,0.37,2018-04-20,1021,N20,VIIRS,n,2,290.24,2.52,D,0
53.71426,30.75789,331.21,0.41,0.37,2018-04-20,1021,N20,VIIRS,n,2,292.94,2.52,D,0
53.71318,30.75192,345.74,0.41,0.37,2018-04-20,1021,N20,VIIRS,n,2,295.63,10.95,D,0
53.71862,30.76217,332.26,0.41,0.37,2018-04-20,1021,N20,VIIRS,n,2,291.21,2.7,D,0
53.72974,30.56521,327.22,0.41,0.37,2018-04-20,1021,N20,VIIRS,n,2,294.75,2.65,D,0
53.31985,27.16433,331.52,0.51,0.41,2018-04-20,1021,N20,VIIRS,n,2,292.35,4.44,D,0
53.05316,25.78373,347.04,0.57,0.43,2018-04-20,1021,N20,VIIRS,n,2,298.28,7.07,D,0
53.05133,25.77573,330.8,0.57,0.43,2018-04-20,1021,N20,VIIRS,n,2,297.68,4.27,D,0
53.05691,25.78137,335.87,0.57,0.43,2018-04-20,1021,N20,VIIRS,n,2,296.93,7.07,D,0
53.05508,25.77337,327.1,0.57,0.43,2018-04-20,1021,N20,VIIRS,l,2,298.79,4.27,D,0
53.05323,25.76535,335.04,0.57,0.43,2018-04-20,1021,N20,VIIRS,n,2,298.64,4.27,D,0
53.05138,25.75729,327.75,0.57,0.43,2018-04-20,1021,N20,VIIRS,l,2,298.21,6.28,D,0
53.06065,25.77901,328.45,0.57,0.43,2018-04-20,1021,N20,VIIRS,n,2,297.19,24.45,D,0
53.05512,25.75489,332.62,0.57,0.43,2018-04-20,1021,N20,VIIRS,n,2,300.26,5.52,D,0
53.05326,25.74681,330.91,0.57,0.43,2018-04-20,1021,N20,VIIRS,n,2,300.21,5.52,D,0
53.0589,25.73397,342.76,0.57,0.43,2018-04-20,1021,N20,VIIRS,n,2,302.23,7.49,D,0
53.0552,25.71784,334.09,0.57,0.43,2018-04-20,1021,N20,VIIRS,n,2,299.79,13.3,D,0
53.06079,25.72352,331.64,0.57,0.43,2018-04-20,1021,N20,VIIRS,n,2,300.05,7.49,D,0
53.06184,25.77077,326.82,0.57,0.43,2018-04-20,1021,N20,VIIRS,n,2,297.61,5.2,D,0
53.05806,25.73626,338.51,0.57,0.43,2018-04-20,1021,N20,VIIRS,n,2,302.42,14.12,D,0
53.05429,25.72017,337.72,0.57,0.43,2018-04-20,1021,N20,VIIRS,n,2,299.48,9.81,D,0
53.06144,25.65874,343.79,0.38,0.43,2018-04-20,1021,N20,VIIRS,n,2,298.66,4.35,D,0
53.06018,25.65338,325.54,0.38,0.43,2018-04-20,1021,N20,VIIRS,n,2,295.17,4.35,D,0
53.06926,25.67371,333.43,0.57,0.43,2018-04-20,1021,N20,VIIRS,n,2,300.02,6.69,D,0
53.06645,25.66171,329.98,0.38,0.43,2018-04-20,1021,N20,VIIRS,n,2,299.81,11.13,D,0
53.07488,25.67933,330.79,0.57,0.43,2018-04-20,1021,N20,VIIRS,n,2,291.76,6.65,D,0
53.07301,25.67132,339.01,0.57,0.43,2018-04-20,1021,N20,VIIRS,n,2,299.21,6.65,D,0
54.51627,30.44504,331.38,0.4,0.37,2018-04-20,1022,N20,VIIRS,n,2,291.11,2.01,D,0
54.22321,28.43661,335.07,0.45,0.39,2018-04-20,1022,N20,VIIRS,n,2,294.34,3.11,D,0
54.67256,30.75422,331.06,0.4,0.37,2018-04-20,1022,N20,VIIRS,n,2,295.36,5.7,D,0
54.6715,30.74824,337.12,0.4,0.37,2018-04-20,1022,N20,VIIRS,n,2,296.05,5.7,D,0
54.61454,30.37016,334.79,0.4,0.37,2018-04-20,1022,N20,VIIRS,n,2,293.4,3.25,D,0
54.61781,30.36842,326.33,0.4,0.37,2018-04-20,1022,N20,VIIRS,n,2,292.71,1.93,D,0
54.67475,30.16376,343.22,0.41,0.37,2018-04-20,1022,N20,VIIRS,n,2,293.88,4.41,D,0
54.67802,30.16199,328.16,0.41,0.37,2018-04-20,1022,N20,VIIRS,n,2,290.82,2.11,D,0
54.73256,30.12564,331.37,0.41,0.37,2018-04-20,1022,N20,VIIRS,n,2,293.71,2.03,D,0
54.38456,27.11693,330.96,0.48,0.4,2018-04-20,1022,N20,VIIRS,n,2,291.62,3.64,D,0
54.87985,29.58777,330.35,0.41,0.37,2018-04-20,1022,N20,VIIRS,n,2,290.04,3.33,D,0
54.82467,29.20232,328.22,0.42,0.38,2018-04-20,1022,N20,VIIRS,n,2,290.76,2.44,D,0
54.82798,29.20043,334.36,0.42,0.38,2018-04-20,1022,N20,VIIRS,n,2,291.28,3.5,D,0
54.84724,29.22437,325.21,0.42,0.38,2018-04-20,1022,N20,VIIRS,n,2,289.31,1.18,D,0
55.22076,30.59378,325.18,0.4,0.37,2018-04-20,1022,N20,VIIRS,n,2,289.99,2.27,D,0
55.32035,29.99672,341.95,0.4,0.37,2018-04-20,1022,N20,VIIRS,n,2,293.78,4.73,D,0
55.32353,29.97466,332.37,0.4,0.37,2018-04-20,1022,N20,VIIRS,n,2,292.4,2.63,D,0
55.27852,27.96268,329.45,0.44,0.38,2018-04-20,1022,N20,VIIRS,n,2,290.6,1.91,D,0
51.56338,29.20897,336.83,0.62,0.72,2018-04-20,1202,N20,VIIRS,n,2,281.81,5.58,D,0
51.56665,29.20488,333.42,0.62,0.72,2018-04-20,1202,N20,VIIRS,n,2,279.38,5.69,D,0
52.32553,29.75023,325.71,0.66,0.73,2018-04-20,1202,N20,VIIRS,n,2,286.65,7.65,D,0
52.32574,29.74024,350.38,0.66,0.73,2018-04-20,1202,N20,VIIRS,n,2,289.63,7.65,D,0
52.92314,28.15238,336.13,0.56,0.69,2018-04-20,1202,N20,VIIRS,n,2,285.63,4.65,D,0
52.98579,27.4655,326.48,0.53,0.67,2018-04-20,1202,N20,VIIRS,n,2,286.02,2.85,D,0
53.04161,25.75343,367,0.45,0.63,2018-04-20,1202,N20,VIIRS,h,2,296.85,19.27,D,0
53.04155,25.74664,348.38,0.45,0.63,2018-04-20,1202,N20,VIIRS,n,2,292.7,19.27,D,0
53.04039,25.63111,346.83,0.44,0.63,2018-04-20,1202,N20,VIIRS,n,2,289.87,5.96,D,0
53.04745,25.75338,367,0.45,0.63,2018-04-20,1202,N20,VIIRS,h,2,297.92,10.39,D,0
53.04738,25.74665,354.49,0.45,0.63,2018-04-20,1202,N20,VIIRS,n,2,301.79,10.39,D,0
53.05329,25.75325,333.96,0.45,0.63,2018-04-20,1202,N20,VIIRS,n,2,296.67,10.39,D,0
53.05322,25.74651,329.6,0.45,0.63,2018-04-20,1202,N20,VIIRS,n,2,295.97,10.39,D,0
53.05294,25.71941,330.81,0.45,0.63,2018-04-20,1202,N20,VIIRS,n,2,295.53,5.13,D,0
53.0607,28.02219,329.53,0.56,0.69,2018-04-20,1202,N20,VIIRS,n,2,285.38,3.03,D,0
53.05877,25.71927,328.26,0.45,0.63,2018-04-20,1202,N20,VIIRS,n,2,295.82,5.67,D,0
53.09354,27.88759,326.64,0.55,0.68,2018-04-20,1202,N20,VIIRS,n,2,290.15,4.77,D,0
53.32191,27.1654,336.43,0.51,0.66,2018-04-20,1202,N20,VIIRS,n,2,288.65,4.03,D,0
53.3207,27.16696,334.74,0.51,0.66,2018-04-20,1202,N20,VIIRS,n,2,286.84,6.56,D,0
54.06997,31.5149,339.54,0.78,0.78,2018-04-20,1202,N20,VIIRS,n,2,286.29,11.07,D,0
54.07092,31.52166,337.47,0.78,0.78,2018-04-20,1202,N20,VIIRS,n,2,286.46,10.28,D,0
54.61547,30.37406,339.03,0.7,0.75,2018-04-20,1203,N20,VIIRS,n,2,287.55,5.91,D,0
54.61374,30.37576,335.77,0.7,0.75,2018-04-20,1203,N20,VIIRS,n,2,284.69,4.42,D,0
54.71289,30.76214,332.62,0.72,0.76,2018-04-20,1203,N20,VIIRS,n,2,286.42,5.68,D,0
54.71721,30.7569,333.85,0.72,0.76,2018-04-20,1203,N20,VIIRS,n,2,287.14,5.33,D,0
55.53288,28.51869,298.52,0.4,0.37,2018-04-21,0013,N20,VIIRS,n,2,279.71,0.5,N,0
54.82986,29.17855,327.4,0.39,0.36,2018-04-21,0013,N20,VIIRS,n,2,281.78,2.09,N,0
54.82662,29.1771,312.45,0.39,0.36,2018-04-21,0013,N20,VIIRS,n,2,280.23,2.09,N,0
52.84842,29.99455,308.43,0.39,0.36,2018-04-21,0013,N20,VIIRS,n,2,279.94,1.62,N,2
53.27151,24.44403,316.22,0.45,0.39,2018-04-21,0014,N20,VIIRS,n,2,283.12,2.3,N,2
51.89113,29.34102,303.92,0.38,0.36,2018-04-21,0014,N20,VIIRS,n,2,278.34,0.7,N,2
55.53324,28.52247,297.64,0.58,0.7,2018-04-21,0153,N20,VIIRS,n,2,278.72,0.96,N,0
55.53023,28.52265,296.11,0.58,0.7,2018-04-21,0153,N20,VIIRS,n,2,278.8,0.81,N,0
53.27039,24.44523,304.14,0.52,0.67,2018-04-21,0154,N20,VIIRS,n,2,282.46,1.35,N,2
51.82465,30.50309,327.26,0.41,0.45,2018-04-21,1002,N20,VIIRS,n,2,299.91,1.91,D,0
51.87793,30.33439,338.93,0.41,0.45,2018-04-21,1002,N20,VIIRS,n,2,294.79,3.23,D,0
51.87616,30.33371,337.35,0.41,0.45,2018-04-21,1002,N20,VIIRS,n,2,296.6,4.39,D,0
51.90819,30.41098,328.94,0.41,0.45,2018-04-21,1002,N20,VIIRS,n,2,296.23,1.75,D,0
52.03053,30.42388,338.89,0.41,0.45,2018-04-21,1002,N20,VIIRS,n,2,297.68,7.22,D,0
51.88997,29.34482,334.94,0.45,0.47,2018-04-21,1002,N20,VIIRS,n,2,297.5,3.46,D,2
51.88841,29.33865,327.55,0.45,0.47,2018-04-21,1002,N20,VIIRS,l,2,299.73,3.46,D,2
52.3101,30.94056,327.83,0.38,0.43,2018-04-21,1002,N20,VIIRS,n,2,293.98,3.91,D,0
52.31509,30.94356,325.9,0.38,0.43,2018-04-21,1002,N20,VIIRS,n,2,289.21,2.32,D,0
52.06168,29.66665,327.14,0.43,0.46,2018-04-21,1002,N20,VIIRS,n,2,296,2.31,D,0
52.0633,29.67017,331.64,0.43,0.46,2018-04-21,1002,N20,VIIRS,n,2,295.72,4.77,D,0
51.83782,28.57264,333.4,0.48,0.48,2018-04-21,1002,N20,VIIRS,n,2,294.45,3.79,D,0
52.33035,30.18367,329.1,0.41,0.45,2018-04-21,1002,N20,VIIRS,n,2,296.5,2.55,D,0
52.30218,29.57521,331.44,0.43,0.46,2018-04-21,1002,N20,VIIRS,n,2,297.03,4.15,D,0
51.87897,27.74835,336.34,0.52,0.5,2018-04-21,1002,N20,VIIRS,n,2,295.19,4.1,D,0
52.48017,30.10705,328.98,0.41,0.45,2018-04-21,1002,N20,VIIRS,n,2,294.96,2.63,D,0
51.89721,27.7605,341.81,0.52,0.5,2018-04-21,1002,N20,VIIRS,n,2,296.13,8.02,D,0
52.2763,29.2086,336.45,0.44,0.46,2018-04-21,1002,N20,VIIRS,n,2,297.6,3.59,D,0
52.84924,31.00328,325.49,0.56,0.43,2018-04-21,1002,N20,VIIRS,n,2,290.4,2.61,D,0
52.85141,30.95738,331.93,0.56,0.43,2018-04-21,1002,N20,VIIRS,n,2,294.67,4.05,D,0
52.85513,30.95509,326.64,0.56,0.43,2018-04-21,1002,N20,VIIRS,n,2,293.55,4.05,D,0
51.7994,26.70865,326.42,0.57,0.52,2018-04-21,1002,N20,VIIRS,n,2,297.13,3.29,D,0
52.72702,29.81084,327.89,0.41,0.45,2018-04-21,1002,N20,VIIRS,n,2,293.99,1.57,D,0
52.73088,29.80836,342.71,0.41,0.45,2018-04-21,1002,N20,VIIRS,n,2,293.63,6.39,D,0
53.04448,30.7836,325.97,0.56,0.43,2018-04-21,1002,N20,VIIRS,n,2,293.4,3.39,D,0
52.72837,29.37869,328.24,0.43,0.46,2018-04-21,1002,N20,VIIRS,l,2,299.61,3.11,D,0
52.73228,29.37611,328.48,0.43,0.46,2018-04-21,1002,N20,VIIRS,l,2,299.05,2.81,D,0
52.1856,27.13514,328.13,0.54,0.51,2018-04-21,1002,N20,VIIRS,n,2,294.92,3.71,D,0
53.49973,32.50775,340.32,0.48,0.4,2018-04-21,1002,N20,VIIRS,n,2,292.71,5.77,D,0
53.55116,30.96258,330.44,0.54,0.42,2018-04-21,1003,N20,VIIRS,n,2,292.74,3.91,D,0
53.1683,29.23641,325.21,0.42,0.45,2018-04-21,1003,N20,VIIRS,n,2,292.41,1.25,D,0
52.92585,28.15029,327.35,0.47,0.47,2018-04-21,1003,N20,VIIRS,n,2,292.49,1.82,D,0
53.6136,30.88794,334.97,0.54,0.42,2018-04-21,1003,N20,VIIRS,n,2,291.93,8.04,D,0
53.61507,30.8875,338.6,0.54,0.42,2018-04-21,1003,N20,VIIRS,n,2,292.86,5.24,D,0
51.96736,24.24575,351.2,0.35,0.57,2018-04-21,1003,N20,VIIRS,n,2,295.61,4.08,D,0
52.94453,27.5672,352.58,0.49,0.49,2018-04-21,1003,N20,VIIRS,n,2,300.54,27.91,D,0
52.05244,24.30899,329.06,0.35,0.57,2018-04-21,1003,N20,VIIRS,n,2,298.6,2.37,D,0
52.05106,24.30438,336.04,0.35,0.57,2018-04-21,1003,N20,VIIRS,n,2,298.98,2.37,D,0
53.08238,27.94852,355.53,0.47,0.48,2018-04-21,1003,N20,VIIRS,n,2,299.85,9.77,D,0
52.22996,24.82851,327.02,0.33,0.55,2018-04-21,1003,N20,VIIRS,n,2,295.71,1.83,D,0
52.09469,24.37219,338.74,0.35,0.56,2018-04-21,1003,N20,VIIRS,n,2,295.01,4.45,D,0
52.09332,24.36763,339.03,0.35,0.56,2018-04-21,1003,N20,VIIRS,n,2,294.48,4.89,D,0
53.22523,28.38165,353,0.45,0.47,2018-04-21,1003,N20,VIIRS,n,2,304.63,69.59,D,0
53.14359,28.0199,338.87,0.46,0.47,2018-04-21,1003,N20,VIIRS,n,2,294.54,5.86,D,0
53.14199,28.01357,336.69,0.47,0.47,2018-04-21,1003,N20,VIIRS,n,2,297.91,5.86,D,0
53.14468,28.01842,328.1,0.46,0.47,2018-04-21,1003,N20,VIIRS,n,2,293.32,2.51,D,0
53.14304,28.01212,326.8,0.46,0.47,2018-04-21,1003,N20,VIIRS,n,2,296.66,3.08,D,0
52.80989,25.46597,329.21,0.59,0.53,2018-04-21,1003,N20,VIIRS,n,2,291.99,1.89,D,0
54.30886,31.0851,337.65,0.51,0.41,2018-04-21,1003,N20,VIIRS,n,2,294.05,5.47,D,0
54.65815,30.92788,345.74,0.51,0.41,2018-04-21,1003,N20,VIIRS,n,2,295.07,11.38,D,0
54.66574,30.51759,337.87,0.52,0.42,2018-04-21,1003,N20,VIIRS,n,2,292.19,5.18,D,0
54.66491,30.51862,336.42,0.52,0.42,2018-04-21,1003,N20,VIIRS,n,2,292.45,3.79,D,0
53.24009,24.45193,330.73,0.63,0.54,2018-04-21,1003,N20,VIIRS,n,2,293.07,3.87,D,0
54.367,28.08848,351.96,0.43,0.46,2018-04-21,1003,N20,VIIRS,n,2,293.88,12.78,D,0
55.27042,30.53406,339.34,0.5,0.41,2018-04-21,1003,N20,VIIRS,n,2,291.47,5.51,D,0
55.28188,29.62756,329.85,0.54,0.42,2018-04-21,1003,N20,VIIRS,n,2,292,4.1,D,0
55.28374,29.62807,331.51,0.54,0.42,2018-04-21,1003,N20,VIIRS,n,2,290.9,3.7,D,0
55.19619,28.57912,336.26,0.39,0.44,2018-04-21,1003,N20,VIIRS,n,2,287.8,4.37,D,0
51.85231,30.31661,327.3,0.43,0.62,2018-04-21,1143,N20,VIIRS,n,2,291.34,3.14,D,0
51.8757,30.33534,326.84,0.43,0.62,2018-04-21,1143,N20,VIIRS,n,2,291.83,3.07,D,0
51.83646,28.57679,331.68,0.36,0.58,2018-04-21,1143,N20,VIIRS,n,2,293.11,3.14,D,0
51.85274,30.32117,325.5,0.43,0.62,2018-04-21,1143,N20,VIIRS,n,2,290.4,2.27,D,0
51.87596,30.33323,333.05,0.43,0.62,2018-04-21,1143,N20,VIIRS,n,2,292.05,2.49,D,0
51.83929,28.57889,334.85,0.36,0.58,2018-04-21,1143,N20,VIIRS,n,2,292.92,2.31,D,0
51.90451,30.31298,327.01,0.43,0.62,2018-04-21,1143,N20,VIIRS,n,2,291.99,1.74,D,0
51.89175,29.3444,342.41,0.39,0.6,2018-04-21,1143,N20,VIIRS,n,2,295.32,6.48,D,2
51.89527,28.16266,349.19,0.35,0.57,2018-04-21,1143,N20,VIIRS,n,2,294.69,4.79,D,0
51.89598,27.75621,332.1,0.34,0.56,2018-04-21,1143,N20,VIIRS,n,2,294.82,3.26,D,0
51.90152,27.76569,326.77,0.34,0.56,2018-04-21,1143,N20,VIIRS,n,2,293.07,2.8,D,0
51.90133,27.76074,328.47,0.34,0.56,2018-04-21,1143,N20,VIIRS,n,2,293.75,3.26,D,0
51.89765,27.76407,340.03,0.34,0.56,2018-04-21,1143,N20,VIIRS,n,2,294.24,3.41,D,0
51.89748,27.75912,340.77,0.34,0.56,2018-04-21,1143,N20,VIIRS,n,2,294.7,3.41,D,0
52.02768,30.4192,367,0.44,0.62,2018-04-21,1143,N20,VIIRS,h,2,298.38,10,D,0
52.02778,30.42581,327.08,0.44,0.62,2018-04-21,1143,N20,VIIRS,n,2,290.89,15.33,D,0
52.03347,30.41908,356.05,0.44,0.62,2018-04-21,1143,N20,VIIRS,l,2,288.64,10,D,0
52.24907,29.10076,367,0.39,0.59,2018-04-21,1143,N20,VIIRS,h,2,299.03,8.86,D,0
52.24923,29.1065,331.07,0.39,0.59,2018-04-21,1143,N20,VIIRS,n,2,293.03,8.86,D,0
52.27414,29.21555,353.01,0.39,0.59,2018-04-21,1143,N20,VIIRS,n,2,292.68,24.94,D,0
52.27398,29.20963,339.97,0.39,0.59,2018-04-21,1143,N20,VIIRS,n,2,303.74,36.39,D,0
52.24911,29.10079,367,0.39,0.59,2018-04-21,1143,N20,VIIRS,h,2,299.44,19.84,D,0
52.27364,29.21568,333.01,0.39,0.59,2018-04-21,1143,N20,VIIRS,n,2,292.37,23.73,D,0
52.27351,29.20975,344.83,0.39,0.59,2018-04-21,1143,N20,VIIRS,n,2,305.01,43.77,D,0
52.298,29.58938,367,0.41,0.6,2018-04-21,1143,N20,VIIRS,h,2,293.7,7.89,D,0
52.30349,29.58299,367,0.41,0.6,2018-04-21,1143,N20,VIIRS,h,2,293.14,9.46,D,0
52.30336,29.57695,327.09,0.41,0.6,2018-04-21,1143,N20,VIIRS,n,2,292.48,7.62,D,0
52.35788,29.50781,352.01,0.4,0.6,2018-04-21,1143,N20,VIIRS,n,2,293.31,6.78,D,0
52.36679,29.47691,328.82,0.4,0.6,2018-04-21,1143,N20,VIIRS,n,2,290.19,3.74,D,0
52.38634,29.6276,349.29,0.41,0.6,2018-04-21,1143,N20,VIIRS,n,2,289.35,4.56,D,0
52.37322,28.03287,332,0.35,0.57,2018-04-21,1143,N20,VIIRS,n,2,291.98,2.64,D,0
52.40647,28.5989,334.89,0.37,0.58,2018-04-21,1143,N20,VIIRS,n,2,293.81,2.63,D,0
52.47675,31.3063,338.78,0.48,0.65,2018-04-21,1143,N20,VIIRS,n,2,290.79,4.2,D,0
52.41818,27.54501,367,0.33,0.55,2018-04-21,1143,N20,VIIRS,h,2,298.71,10.19,D,0
52.41798,27.53999,352.88,0.33,0.55,2018-04-21,1143,N20,VIIRS,n,2,302.68,10.19,D,0
52.41982,27.54137,367,0.33,0.55,2018-04-21,1143,N20,VIIRS,h,2,303.74,19.54,D,0
52.44693,27.57878,337.97,0.33,0.56,2018-04-21,1143,N20,VIIRS,n,2,294.7,2.31,D,0
52.51079,29.81834,337.17,0.42,0.61,2018-04-21,1143,N20,VIIRS,n,2,290.48,6.33,D,0
52.49688,28.67307,355.35,0.37,0.58,2018-04-21,1143,N20,VIIRS,n,2,297.99,20.94,D,0
52.53153,28.38487,331.81,0.36,0.57,2018-04-21,1143,N20,VIIRS,n,2,294.94,3.42,D,0
52.56526,29.44125,367,0.4,0.6,2018-04-21,1143,N20,VIIRS,h,2,294.12,7.2,D,0
52.56512,29.43518,345.56,0.4,0.6,2018-04-21,1143,N20,VIIRS,n,2,290.57,7.2,D,0
52.50044,27.3611,355.99,0.33,0.55,2018-04-21,1143,N20,VIIRS,n,2,295.09,4.26,D,0
52.50024,27.35623,333.68,0.33,0.55,2018-04-21,1143,N20,VIIRS,n,2,295.22,4.26,D,0
52.58628,29.38598,367,0.4,0.6,2018-04-21,1143,N20,VIIRS,h,2,295.73,18.01,D,0
52.58614,29.38003,349.05,0.4,0.6,2018-04-21,1143,N20,VIIRS,n,2,293.65,14.18,D,0
52.56929,29.4403,338.34,0.4,0.6,2018-04-21,1143,N20,VIIRS,n,2,291.81,4.78,D,0
52.58499,29.38525,367,0.4,0.6,2018-04-21,1143,N20,VIIRS,h,2,296.02,11.59,D,0
52.58487,29.3793,344.26,0.4,0.6,2018-04-21,1143,N20,VIIRS,n,2,292.58,11.59,D,0
52.57621,27.82967,331.6,0.34,0.56,2018-04-21,1143,N20,VIIRS,n,2,293.3,2.61,D,0
52.64561,29.62589,333.78,0.41,0.61,2018-04-21,1143,N20,VIIRS,n,2,293.48,2.38,D,0
52.72488,29.8076,352.54,0.42,0.61,2018-04-21,1143,N20,VIIRS,n,2,294.15,19.26,D,0
52.73054,29.80727,350.8,0.42,0.61,2018-04-21,1143,N20,VIIRS,n,2,298.01,19.26,D,0
52.74306,29.05437,367,0.39,0.59,2018-04-21,1143,N20,VIIRS,h,2,301.25,18.69,D,0
52.75881,29.02445,367,0.39,0.59,2018-04-21,1143,N20,VIIRS,h,2,295.66,8.97,D,0
52.75866,29.01859,337.2,0.39,0.59,2018-04-21,1143,N20,VIIRS,n,2,294.65,8.97,D,0
52.83656,28.62082,332.88,0.37,0.58,2018-04-21,1143,N20,VIIRS,n,2,294.46,1.92,D,0
52.84288,28.46408,343.94,0.37,0.58,2018-04-21,1143,N20,VIIRS,n,2,292.74,5.56,D,0
52.90342,29.3039,367,0.4,0.6,2018-04-21,1143,N20,VIIRS,h,2,296.32,79.88,D,0
52.90329,29.29794,207.93,0.4,0.6,2018-04-21,1143,N20,VIIRS,l,2,314.76,79.88,D,0
52.90208,29.3013,340.58,0.4,0.6,2018-04-21,1143,N20,VIIRS,n,2,294.24,75.83,D,0
52.90196,29.29532,328.17,0.4,0.6,2018-04-21,1143,N20,VIIRS,n,2,293,84.61,D,0
52.90775,29.30709,335.19,0.4,0.6,2018-04-21,1143,N20,VIIRS,n,2,291.83,75.83,D,0
52.90763,29.30107,355.89,0.4,0.6,2018-04-21,1143,N20,VIIRS,l,2,320.27,75.83,D,0
52.90751,29.29505,207.93,0.4,0.6,2018-04-21,1143,N20,VIIRS,l,2,310.19,84.61,D,0
52.90101,28.53522,367,0.37,0.58,2018-04-21,1143,N20,VIIRS,h,2,294.46,5.82,D,0
52.92221,28.15497,334.07,0.36,0.57,2018-04-21,1143,N20,VIIRS,n,2,290.23,3.71,D,0
52.92204,28.14968,349.33,0.36,0.57,2018-04-21,1143,N20,VIIRS,n,2,293.85,3.71,D,0
52.91734,28.00052,337.23,0.35,0.57,2018-04-21,1143,N20,VIIRS,n,2,292.45,4.52,D,0
53.00414,29.3873,339.52,0.4,0.6,2018-04-21,1143,N20,VIIRS,n,2,294.19,4.28,D,0
53.0026,29.38685,339.99,0.4,0.6,2018-04-21,1143,N20,VIIRS,n,2,293.74,3.28,D,0
52.99826,28.07817,350.66,0.35,0.57,2018-04-21,1143,N20,VIIRS,n,2,292.52,4.14,D,0
52.9981,28.07275,331.08,0.35,0.57,2018-04-21,1143,N20,VIIRS,n,2,291.61,4.14,D,0
53.00354,28.07771,325.13,0.35,0.57,2018-04-21,1143,N20,VIIRS,n,2,292.12,4.14,D,0
52.93327,25.73506,352.13,0.56,0.52,2018-04-21,1143,N20,VIIRS,n,2,299.73,28.58,D,0
52.93804,25.73439,353.93,0.56,0.52,2018-04-21,1143,N20,VIIRS,n,2,299.44,28.58,D,0
52.9376,25.72588,326.97,0.56,0.52,2018-04-21,1143,N20,VIIRS,n,2,293.19,28.58,D,0
53.08326,27.95024,367,0.35,0.57,2018-04-21,1143,N20,VIIRS,h,2,297.22,30.18,D,0
53.0831,27.94495,345.5,0.35,0.57,2018-04-21,1143,N20,VIIRS,n,2,299.9,27.82,D,0
53.07489,25.69134,338.13,0.56,0.52,2018-04-21,1143,N20,VIIRS,n,2,292.12,4.76,D,0
53.07501,25.69278,338.63,0.56,0.52,2018-04-21,1143,N20,VIIRS,n,2,292.05,3.51,D,0
53.22723,28.38504,349.69,0.36,0.58,2018-04-21,1143,N20,VIIRS,n,2,291.46,17.96,D,0
53.22738,28.39069,356.48,0.37,0.58,2018-04-21,1143,N20,VIIRS,l,2,288.49,16.54,D,0
53.30029,29.36397,330.52,0.4,0.6,2018-04-21,1143,N20,VIIRS,n,2,291.67,2.21,D,0
53.29848,29.3647,335.57,0.4,0.6,2018-04-21,1143,N20,VIIRS,n,2,292.57,3.38,D,0
53.31812,27.16693,340.75,0.32,0.55,2018-04-21,1143,N20,VIIRS,n,2,292.85,3.45,D,0
53.42388,27.32031,333.72,0.33,0.55,2018-04-21,1143,N20,VIIRS,n,2,291.97,3.32,D,0
53.61703,30.89272,328.56,0.47,0.64,2018-04-21,1143,N20,VIIRS,n,2,290.15,2.36,D,0
54.08389,31.51906,344.11,0.5,0.66,2018-04-21,1143,N20,VIIRS,n,2,289.22,9.24,D,0
54.09616,31.35707,337.19,0.49,0.65,2018-04-21,1143,N20,VIIRS,n,2,291.13,5.45,D,0
54.16263,30.69579,325.5,0.46,0.64,2018-04-21,1143,N20,VIIRS,n,2,287.41,3.45,D,0
54.22925,28.42103,333.56,0.37,0.58,2018-04-21,1143,N20,VIIRS,n,2,291.4,4.07,D,0
54.2312,28.41989,329.06,0.37,0.58,2018-04-21,1143,N20,VIIRS,n,2,291.44,2.26,D,0
54.16372,26.03339,328.61,0.59,0.53,2018-04-21,1143,N20,VIIRS,n,2,290.64,3.91,D,0
54.39743,25.67543,338.49,0.58,0.52,2018-04-21,1144,N20,VIIRS,n,2,289.81,6.5,D,0
55.1366,26.88182,343.92,0.33,0.55,2018-04-21,1144,N20,VIIRS,n,2,290.15,4.53,D,0
55.1417,26.88133,367,0.33,0.55,2018-04-21,1144,N20,VIIRS,h,2,291.9,5.65,D,0
55.59586,30.54742,336.26,0.46,0.63,2018-04-21,1144,N20,VIIRS,n,2,288.35,9.08,D,0
55.53299,28.51578,298.88,0.5,0.41,2018-04-21,2354,N20,VIIRS,n,2,277.84,0.65,N,0
54.64126,29.40444,310.49,0.46,0.39,2018-04-21,2354,N20,VIIRS,n,2,275.78,1.21,N,0
54.63688,29.4104,303.03,0.46,0.39,2018-04-21,2354,N20,VIIRS,n,2,275.35,1.21,N,0
54.23405,28.4167,308.99,0.49,0.4,2018-04-21,2354,N20,VIIRS,n,2,276.27,1.33,N,0
54.23037,28.41555,297.34,0.49,0.4,2018-04-21,2354,N20,VIIRS,n,2,275.19,0.6,N,0
53.62327,30.89563,320.88,0.42,0.37,2018-04-21,2354,N20,VIIRS,n,2,277.65,1.36,N,0
53.36803,31.68226,311.02,0.4,0.37,2018-04-21,2354,N20,VIIRS,n,2,276.64,1.65,N,0
53.22585,28.37654,317.14,0.48,0.4,2018-04-21,2355,N20,VIIRS,n,2,275.91,1.85,N,0
52.85565,29.99566,297.7,0.43,0.38,2018-04-21,2355,N20,VIIRS,n,2,281.11,0.69,N,2
52.84875,29.99333,327.48,0.43,0.38,2018-04-21,2355,N20,VIIRS,n,2,280.21,3.36,N,2
52.68527,30.86207,300.31,0.41,0.37,2018-04-21,2355,N20,VIIRS,n,2,277.24,0.69,N,0
53.27171,24.44146,315.97,0.44,0.46,2018-04-21,2355,N20,VIIRS,n,2,280.21,2.16,N,2
52.50702,27.37196,301.65,0.51,0.41,2018-04-21,2355,N20,VIIRS,n,2,277.87,2.15,N,0
52.12973,30.07298,340.13,0.42,0.38,2018-04-21,2355,N20,VIIRS,n,2,280.49,5.17,N,0
52.13049,30.06688,315.46,0.42,0.38,2018-04-21,2355,N20,VIIRS,n,2,281.06,1.6,N,0
52.43357,27.33641,304.37,0.51,0.41,2018-04-21,2355,N20,VIIRS,n,2,279.76,1.19,N,0
52.42913,27.38098,295.83,0.5,0.41,2018-04-21,2355,N20,VIIRS,n,2,279.12,0.48,N,0
52.12784,30.05965,315.93,0.42,0.38,2018-04-21,2355,N20,VIIRS,n,2,279.99,1.06,N,0
52.12708,30.06574,300.14,0.42,0.38,2018-04-21,2355,N20,VIIRS,n,2,278.12,1.06,N,0
52.12555,30.07794,317.92,0.42,0.38,2018-04-21,2355,N20,VIIRS,n,2,280.19,1.67,N,0
52.12442,30.05849,309.37,0.42,0.38,2018-04-21,2355,N20,VIIRS,n,2,280.12,1.06,N,0
52.12366,30.06459,315.4,0.42,0.38,2018-04-21,2355,N20,VIIRS,n,2,278.69,1.06,N,0
52.12289,30.07068,317.01,0.42,0.38,2018-04-21,2355,N20,VIIRS,n,2,278.83,1.67,N,0
52.11948,30.06954,327.37,0.42,0.38,2018-04-21,2355,N20,VIIRS,n,2,280.19,2.67,N,0
52.43357,27.33812,298.89,0.51,0.41,2018-04-21,2355,N20,VIIRS,n,2,280.05,0.62,N,0
52.42895,27.3826,304.75,0.5,0.41,2018-04-21,2355,N20,VIIRS,n,2,280.49,1.29,N,0
51.89056,29.33718,300.3,0.44,0.38,2018-04-21,2355,N20,VIIRS,n,2,280.54,0.67,N,2
51.96871,25.77215,299.77,0.57,0.43,2018-04-21,2355,N20,VIIRS,n,2,278.55,1.07,N,0
55.53262,28.51776,297.41,0.4,0.6,2018-04-22,0134,N20,VIIRS,n,2,276.28,0.63,N,0
55.53181,28.51892,304.24,0.41,0.6,2018-04-22,0134,N20,VIIRS,n,2,275.96,1.08,N,0
52.12004,30.06569,296.58,0.62,0.72,2018-04-22,0135,N20,VIIRS,n,2,277.12,0.88,N,0
52.11951,30.0687,298.77,0.62,0.72,2018-04-22,0135,N20,VIIRS,n,2,277.3,0.97,N,0
51.89083,29.34219,310.92,0.6,0.7,2018-04-22,0135,N20,VIIRS,n,2,279.09,1.48,N,2
51.88899,29.34354,304.85,0.6,0.7,2018-04-22,0135,N20,VIIRS,n,2,278.99,1.9,N,2
53.26994,24.44487,304.23,0.35,0.57,2018-04-22,0135,N20,VIIRS,n,2,277.34,1.01,N,2
53.13073,24.0429,300.32,0.34,0.56,2018-04-22,0135,N20,VIIRS,n,2,273.05,0.83,N,0
54.2174,29.66843,347.28,0.56,0.51,2018-04-22,0944,N20,VIIRS,n,2,288.9,12.27,D,0
54.2217,29.66492,327.52,0.56,0.51,2018-04-22,0944,N20,VIIRS,n,2,285.01,2.34,D,0
55.91092,28.01346,332,0.56,0.52,2018-04-22,0945,N20,VIIRS,n,2,285.73,4.57,D,0
52.12098,25.54937,331.9,0.53,0.42,2018-04-22,1124,N20,VIIRS,n,2,294.88,4.74,D,0
53.78268,23.74635,327.32,0.48,0.4,2018-04-22,1125,N20,VIIRS,n,2,294.32,2.87,D,0
54.99427,26.58129,322.44,0.58,0.52,2018-04-22,2335,N20,VIIRS,n,2,274,1.74,N,0
54.98942,26.58051,312.19,0.58,0.52,2018-04-22,2335,N20,VIIRS,n,2,271.49,1.74,N,0
53.27026,24.44327,304.75,0.35,0.56,2018-04-22,2336,N20,VIIRS,n,2,273.2,1.08,N,2
52.84999,29.988,307.43,0.41,0.45,2018-04-22,2336,N20,VIIRS,n,2,274.44,2.55,N,2
52.8495,29.99406,318.68,0.41,0.45,2018-04-22,2336,N20,VIIRS,n,2,276.81,2.87,N,2
54.99201,26.58239,320.94,0.5,0.49,2018-04-23,0116,N20,VIIRS,n,2,272.11,2.03,N,0
53.27077,24.43968,297.14,0.47,0.48,2018-04-23,0116,N20,VIIRS,n,2,274.46,0.5,N,2
52.34259,30.29966,326.62,0.46,0.64,2018-04-23,0925,N20,VIIRS,n,2,286.04,0.99,D,0
53.32745,32.26451,325.66,0.36,0.57,2018-04-23,0925,N20,VIIRS,n,2,277.71,2.12,D,0
53.32688,32.26266,325.93,0.36,0.57,2018-04-23,0925,N20,VIIRS,n,2,277.14,1.68,D,0
53.22784,31.75489,325.31,0.38,0.59,2018-04-23,0925,N20,VIIRS,n,2,282.2,2.14,D,0
52.91819,30.75564,338.68,0.42,0.61,2018-04-23,0925,N20,VIIRS,n,2,288.26,5.37,D,0
53.49792,32.50891,351.22,0.35,0.57,2018-04-23,0925,N20,VIIRS,n,2,288.63,4.7,D,0
52.8452,29.98957,327.61,0.45,0.63,2018-04-23,0925,N20,VIIRS,n,2,290.2,3.63,D,2
53.89036,31.77631,329.61,0.36,0.57,2018-04-23,0925,N20,VIIRS,n,2,280.84,2.89,D,0
53.88998,31.7743,340.7,0.36,0.57,2018-04-23,0925,N20,VIIRS,n,2,281.51,3.2,D,0
53.62828,30.60768,340.7,0.4,0.6,2018-04-23,0925,N20,VIIRS,n,2,288.29,5.37,D,0
53.62785,30.6045,339.96,0.4,0.6,2018-04-23,0925,N20,VIIRS,n,2,287.3,5.91,D,0
54.02393,31.66312,329.03,0.36,0.57,2018-04-23,0925,N20,VIIRS,n,2,278.34,4.72,D,0
54.02243,31.65833,356.35,0.36,0.57,2018-04-23,0925,N20,VIIRS,l,2,281.08,6.16,D,0
54.0256,31.64928,342.99,0.36,0.57,2018-04-23,0925,N20,VIIRS,n,2,279.74,6.16,D,0
54.05846,31.44719,349.82,0.36,0.58,2018-04-23,0925,N20,VIIRS,n,2,285.22,5.46,D,0
54.0569,31.44225,350.03,0.36,0.58,2018-04-23,0925,N20,VIIRS,n,2,285.05,4.4,D,0
54.05534,31.43731,333.19,0.36,0.58,2018-04-23,0925,N20,VIIRS,n,2,282.75,4.4,D,0
54.27824,31.14687,334.29,0.37,0.58,2018-04-23,0925,N20,VIIRS,n,2,276.94,2.33,D,0
52.92978,27.08447,336.28,0.57,0.69,2018-04-23,0925,N20,VIIRS,n,2,291.86,7.09,D,0
52.92702,27.07713,326.39,0.57,0.69,2018-04-23,0925,N20,VIIRS,n,2,288.63,4.87,D,0
54.37192,31.00192,327.06,0.37,0.58,2018-04-23,0925,N20,VIIRS,n,2,283.73,1.26,D,0
53.62725,30.60712,333.45,0.56,0.43,2018-04-23,1105,N20,VIIRS,n,2,293.13,10.69,D,0
51.81017,26.72202,328.92,0.41,0.37,2018-04-23,1105,N20,VIIRS,n,2,296.24,2.19,D,0
51.93864,26.85215,327.16,0.42,0.37,2018-04-23,1105,N20,VIIRS,n,2,293.17,1.51,D,0
52.43386,31.18997,327.71,0.57,0.43,2018-04-23,1105,N20,VIIRS,n,2,291.25,2.71,D,0
52.32248,26.2508,330.64,0.41,0.37,2018-04-23,1105,N20,VIIRS,n,2,295.83,2.76,D,0
52.32172,26.24486,335.53,0.41,0.37,2018-04-23,1105,N20,VIIRS,n,2,295.95,2.76,D,0
52.54048,27.87498,330.82,0.45,0.39,2018-04-23,1105,N20,VIIRS,n,2,293.32,2.81,D,0
52.85921,30.74438,325.09,0.56,0.43,2018-04-23,1105,N20,VIIRS,n,2,289.27,1.69,D,0
52.91893,30.7545,326.13,0.56,0.43,2018-04-23,1105,N20,VIIRS,n,2,287.66,2.11,D,0
52.64209,26.1976,329.11,0.41,0.37,2018-04-23,1105,N20,VIIRS,n,2,294.07,1.97,D,0
53.22411,31.75807,325.25,0.41,0.45,2018-04-23,1105,N20,VIIRS,n,2,289.17,5.17,D,0
53.22823,31.75721,352.99,0.41,0.45,2018-04-23,1105,N20,VIIRS,n,2,293.48,5.17,D,0
53.22775,31.75106,345.76,0.41,0.45,2018-04-23,1105,N20,VIIRS,n,2,292.73,9.65,D,0
52.9241,27.07961,328.98,0.43,0.38,2018-04-23,1105,N20,VIIRS,n,2,294.03,1.18,D,0
53.53968,30.10867,330.93,0.54,0.42,2018-04-23,1105,N20,VIIRS,n,2,291.54,5.29,D,0
53.5428,30.09954,329.47,0.54,0.42,2018-04-23,1105,N20,VIIRS,n,2,290.96,4.71,D,0
53.54667,30.09857,325.72,0.54,0.42,2018-04-23,1105,N20,VIIRS,n,2,291.54,4.71,D,0
53.6248,30.60632,340.63,0.56,0.43,2018-04-23,1105,N20,VIIRS,n,2,292.57,14.6,D,0
53.62403,30.59779,325.05,0.56,0.43,2018-04-23,1105,N20,VIIRS,n,2,291.13,8.47,D,0
53.62257,30.59951,330.86,0.56,0.43,2018-04-23,1105,N20,VIIRS,n,2,294.47,10.69,D,0
53.86292,31.74496,336.31,0.42,0.45,2018-04-23,1105,N20,VIIRS,n,2,290.39,3.26,D,0
53.86,31.7069,333.91,0.41,0.45,2018-04-23,1105,N20,VIIRS,n,2,290.2,3.85,D,0
53.85711,31.66916,340,0.41,0.45,2018-04-23,1105,N20,VIIRS,n,2,290.58,4.1,D,0
53.89606,31.73766,339.98,0.42,0.45,2018-04-23,1105,N20,VIIRS,n,2,290.81,3.52,D,0
54.02236,31.66429,342.51,0.41,0.45,2018-04-23,1105,N20,VIIRS,n,2,289.91,8.46,D,0
54.02185,31.6579,351.47,0.41,0.45,2018-04-23,1105,N20,VIIRS,n,2,291.75,8.46,D,0
54.02135,31.65157,350.76,0.41,0.45,2018-04-23,1105,N20,VIIRS,n,2,296.49,11.28,D,0
54.0265,31.66346,355.37,0.41,0.45,2018-04-23,1105,N20,VIIRS,n,2,291.71,8.46,D,0
54.01928,31.6615,329.76,0.41,0.45,2018-04-23,1105,N20,VIIRS,n,2,288.68,6.12,D,0
54.01881,31.65513,338.03,0.41,0.45,2018-04-23,1105,N20,VIIRS,n,2,290.73,5.26,D,0
54.02342,31.6606,352.72,0.41,0.45,2018-04-23,1105,N20,VIIRS,n,2,293.77,6.12,D,0
54.02295,31.65422,345.47,0.41,0.45,2018-04-23,1105,N20,VIIRS,n,2,293.21,5.26,D,0
54.02247,31.64787,331.3,0.41,0.45,2018-04-23,1105,N20,VIIRS,n,2,293.21,5.26,D,0
54.02804,31.66618,337.92,0.41,0.45,2018-04-23,1105,N20,VIIRS,n,2,288.2,3.24,D,0
54.02756,31.65973,333.69,0.41,0.45,2018-04-23,1105,N20,VIIRS,n,2,290.87,3.24,D,0
54.0317,31.65886,332.32,0.41,0.45,2018-04-23,1105,N20,VIIRS,n,2,291.21,3.24,D,0
54.05647,31.43545,345.84,0.41,0.45,2018-04-23,1105,N20,VIIRS,n,2,294.23,12.05,D,0
54.05598,31.42921,355.65,0.41,0.45,2018-04-23,1105,N20,VIIRS,n,2,295.93,16.35,D,0
54.06008,31.4283,330.48,0.41,0.45,2018-04-23,1105,N20,VIIRS,n,2,291.64,3.4,D,0
54.28036,31.14893,345.68,0.4,0.44,2018-04-23,1106,N20,VIIRS,n,2,291.7,6.98,D,0
54.24857,29.69377,327.32,0.53,0.42,2018-04-23,1106,N20,VIIRS,n,2,291.04,3.43,D,0
54.37164,30.57266,328.83,0.57,0.43,2018-04-23,1106,N20,VIIRS,n,2,288.87,2.27,D,0
54.03587,27.25064,329.72,0.45,0.39,2018-04-23,1106,N20,VIIRS,n,2,293.25,2.8,D,0
54.37304,30.57321,329.6,0.57,0.43,2018-04-23,1106,N20,VIIRS,n,2,288.55,4.59,D,0
54.59109,30.97724,336.06,0.4,0.44,2018-04-23,1106,N20,VIIRS,n,2,289.68,3.96,D,0
54.16512,26.14275,331.91,0.42,0.38,2018-04-23,1106,N20,VIIRS,n,2,294.14,2.22,D,0
54.70406,30.02977,327.75,0.55,0.43,2018-04-23,1106,N20,VIIRS,n,2,286.13,3.47,D,0
54.70798,30.02878,347.73,0.55,0.43,2018-04-23,1106,N20,VIIRS,n,2,292.58,14.33,D,0
54.75336,30.04389,335.01,0.55,0.43,2018-04-23,1106,N20,VIIRS,n,2,286.97,2.52,D,0
55.14665,29.51597,327.13,0.54,0.42,2018-04-23,1106,N20,VIIRS,n,2,290.45,3.63,D,0
55.16657,29.05196,335.55,0.52,0.41,2018-04-23,1106,N20,VIIRS,n,2,292.09,6.29,D,0
55.17337,29.04165,332.06,0.52,0.41,2018-04-23,1106,N20,VIIRS,n,2,290.51,3.67,D,0
55.3154,28.64495,333.55,0.5,0.41,2018-04-23,1106,N20,VIIRS,n,2,286.02,2.87,D,0
55.50674,29.03182,332.77,0.52,0.42,2018-04-23,1106,N20,VIIRS,n,2,289.51,4.88,D,0
55.50858,29.03171,331.12,0.52,0.42,2018-04-23,1106,N20,VIIRS,n,2,289.6,4.24,D,0
55.55309,28.24235,326.45,0.49,0.41,2018-04-23,1106,N20,VIIRS,n,2,289,2.59,D,0
52.84831,29.99037,327.69,0.32,0.54,2018-04-23,2317,N20,VIIRS,n,2,275.73,1.87,N,2
51.89249,29.33603,322.87,0.33,0.56,2018-04-23,2317,N20,VIIRS,n,2,270.82,1.27,N,2
51.89079,29.33603,319.38,0.33,0.56,2018-04-23,2317,N20,VIIRS,n,2,270.81,1.39,N,2
52.7021,28.29067,330.4,0.38,0.36,2018-04-24,1046,N20,VIIRS,n,2,292.28,4.51,D,0
52.00337,23.77925,352.44,0.42,0.45,2018-04-25,1028,N20,VIIRS,n,2,283.87,13.27,D,0
54.09474,29.84746,337.06,0.4,0.37,2018-04-25,1028,N20,VIIRS,n,2,270.83,5.17,D,0
53.27145,24.44497,307.8,0.42,0.37,2018-04-26,0020,N20,VIIRS,n,2,282.48,1.03,N,2
52.94202,31.18835,329.89,0.48,0.4,2018-04-26,1009,N20,VIIRS,n,2,290.11,3.09,D,0
52.47479,28.78366,339.15,0.4,0.44,2018-04-26,1009,N20,VIIRS,n,2,282.51,3.25,D,0
52.47862,28.78129,338.35,0.4,0.44,2018-04-26,1009,N20,VIIRS,n,2,285.92,3.25,D,0
52.47469,28.78339,335.64,0.44,0.62,2018-04-26,1149,N20,VIIRS,n,2,285.87,2.75,D,0
54.13275,31.49911,349.4,0.42,0.46,2018-04-27,0950,N20,VIIRS,n,2,290.89,12.51,D,0
54.13125,31.49308,337.51,0.42,0.46,2018-04-27,0950,N20,VIIRS,n,2,287.77,12.51,D,0
54.27925,31.17402,335.83,0.43,0.46,2018-04-27,0950,N20,VIIRS,n,2,290.19,5.49,D,0
54.38879,30.92484,338.62,0.44,0.46,2018-04-27,0950,N20,VIIRS,n,2,287.36,5.13,D,0
54.25197,29.98993,327.82,0.48,0.48,2018-04-27,0950,N20,VIIRS,n,2,283.15,2.28,D,0
54.56746,30.96828,338.4,0.43,0.46,2018-04-27,0950,N20,VIIRS,n,2,291.16,5.93,D,0
53.84663,30.30692,333.62,0.33,0.55,2018-04-27,1131,N20,VIIRS,n,2,290.69,2.31,D,0
54.23991,29.98278,339.68,0.32,0.54,2018-04-27,1131,N20,VIIRS,n,2,290.56,2.82,D,0
54.24496,29.98218,345.67,0.32,0.54,2018-04-27,1131,N20,VIIRS,n,2,286.6,2.85,D,0
53.2709,24.44266,302.59,0.59,0.53,2018-04-27,2342,N20,VIIRS,n,2,273.48,1.84,N,2
52.84943,29.98834,306.07,0.53,0.42,2018-04-27,2342,N20,VIIRS,n,2,276.15,0.78,N,2
52.84835,29.99116,308.05,0.53,0.42,2018-04-27,2342,N20,VIIRS,n,2,277.22,1.61,N,2
52.84749,29.99431,316.24,0.45,0.63,2018-04-28,0122,N20,VIIRS,n,2,275.07,2.15,N,2
52.84616,29.99304,320.04,0.45,0.63,2018-04-28,0122,N20,VIIRS,n,2,275.83,2.92,N,2
51.88787,29.3409,296.64,0.46,0.63,2018-04-28,0122,N20,VIIRS,n,2,272.58,0.65,N,2
52.14464,31.40863,337.28,0.37,0.58,2018-04-28,0931,N20,VIIRS,n,2,286.27,3.45,D,0
53.59816,30.99615,336.21,0.34,0.56,2018-04-28,0931,N20,VIIRS,n,2,281.34,3.38,D,0
53.59612,30.9993,331.55,0.34,0.56,2018-04-28,0931,N20,VIIRS,n,2,281.78,2.65,D,0
52.8455,29.99046,336.4,0.4,0.44,2018-04-28,1111,N20,VIIRS,n,2,287.75,3.41,D,2
53.27559,24.44282,297.07,0.47,0.64,2018-04-28,2323,N20,VIIRS,n,2,279.98,0.87,N,2
53.26963,24.44252,306.8,0.47,0.64,2018-04-28,2323,N20,VIIRS,n,2,280.63,1.88,N,2
53.27311,24.44471,309.3,0.47,0.64,2018-04-28,2323,N20,VIIRS,n,2,281.41,1.66,N,2
52.84766,29.99343,336.92,0.55,0.51,2018-04-28,2323,N20,VIIRS,n,2,281.53,11.01,N,2
51.89356,29.34264,307.7,0.57,0.52,2018-04-28,2323,N20,VIIRS,n,2,276.9,1.94,N,2
51.88919,29.33345,295.81,0.57,0.52,2018-04-28,2323,N20,VIIRS,n,2,277.84,0.92,N,2
52.8482,29.98755,299.78,0.59,0.53,2018-04-29,0103,N20,VIIRS,n,2,279.42,1.9,N,2
52.8459,29.99562,295.77,0.59,0.53,2018-04-29,0103,N20,VIIRS,n,2,278.97,1.36,N,2
53.27262,24.4454,299.91,0.54,0.42,2018-04-29,0104,N20,VIIRS,n,2,277.7,0.82,N,2
53.27106,24.4474,306.28,0.54,0.42,2018-04-29,0104,N20,VIIRS,n,2,278.69,1.26,N,2
51.89333,29.3382,295.41,0.6,0.53,2018-04-29,0104,N20,VIIRS,n,2,279.14,1.38,N,2
51.89104,29.34613,297.97,0.6,0.53,2018-04-29,0104,N20,VIIRS,n,2,278.16,1.38,N,2
51.8942,29.34002,299.76,0.6,0.53,2018-04-29,0104,N20,VIIRS,n,2,279.4,2.07,N,2
51.88838,29.34259,337.12,0.68,0.74,2018-04-29,0912,N20,VIIRS,n,2,289.49,5.63,D,2
51.8914,29.34237,332.5,0.68,0.74,2018-04-29,0912,N20,VIIRS,n,2,289.55,7.68,D,2
53.10754,30.66513,331.86,0.55,0.68,2018-04-29,0913,N20,VIIRS,n,2,286.06,3.67,D,0
53.10663,30.66703,336.13,0.55,0.68,2018-04-29,0913,N20,VIIRS,n,2,286.01,5.5,D,0
51.81545,30.22581,339.03,0.42,0.38,2018-04-29,1052,N20,VIIRS,n,2,299.01,4.99,D,0
51.88906,29.34137,329.23,0.4,0.37,2018-04-29,1052,N20,VIIRS,l,2,302.12,5.03,D,2
51.89241,29.34022,345.83,0.4,0.37,2018-04-29,1052,N20,VIIRS,n,2,304.41,5.03,D,2
52.07406,30.51014,333.71,0.43,0.38,2018-04-29,1052,N20,VIIRS,n,2,297.08,7.68,D,0
52.99229,30.82875,340.93,0.45,0.39,2018-04-29,1052,N20,VIIRS,n,2,293.84,4.74,D,0
52.99582,30.82765,330.62,0.45,0.39,2018-04-29,1052,N20,VIIRS,n,2,291.02,4.74,D,0
53.1078,30.66897,343.01,0.44,0.39,2018-04-29,1053,N20,VIIRS,n,2,289.84,6.98,D,0
53.34469,31.66132,348.47,0.47,0.4,2018-04-29,1053,N20,VIIRS,n,2,292.51,5.11,D,0
53.34393,31.65422,327.42,0.47,0.4,2018-04-29,1053,N20,VIIRS,n,2,290.48,5.11,D,0
52.95759,28.01674,328.6,0.39,0.36,2018-04-29,1053,N20,VIIRS,n,2,295.04,2.18,D,0
52.84882,29.98919,315.58,0.43,0.62,2018-04-29,2304,N20,VIIRS,n,2,275.19,1.71,N,2
52.84834,29.99163,316.89,0.43,0.62,2018-04-29,2304,N20,VIIRS,n,2,275.68,2.29,N,2
51.89561,29.33742,314.88,0.46,0.63,2018-04-29,2304,N20,VIIRS,n,2,283.78,1.65,N,2
51.89201,29.33558,308.59,0.46,0.63,2018-04-29,2304,N20,VIIRS,n,2,283,1.17,N,2
51.89192,29.34245,305.15,0.46,0.63,2018-04-29,2304,N20,VIIRS,n,2,283.1,1.17,N,2
55.50422,28.58597,296.01,0.47,0.39,2018-04-30,0044,N20,VIIRS,n,2,280.81,0.46,N,0
52.85469,29.99943,296.37,0.39,0.44,2018-04-30,0045,N20,VIIRS,n,2,285.46,0.66,N,2
52.85089,29.99697,295.02,0.39,0.44,2018-04-30,0045,N20,VIIRS,n,2,282.22,0.66,N,2
52.8471,29.99451,321.18,0.39,0.44,2018-04-30,0045,N20,VIIRS,n,2,282.81,2.04,N,2
52.8484,29.98899,306.99,0.39,0.44,2018-04-30,0045,N20,VIIRS,n,2,281.98,2.04,N,2
52.30368,30.23454,295.72,0.42,0.45,2018-04-30,0045,N20,VIIRS,n,2,283.61,0.72,N,0
51.89161,29.34142,316.62,0.39,0.44,2018-04-30,0045,N20,VIIRS,n,2,284.85,0.89,N,2
51.88779,29.3391,296.35,0.39,0.44,2018-04-30,0045,N20,VIIRS,n,2,283.47,0.89,N,2
51.88942,29.33981,337.76,0.4,0.37,2018-04-30,1033,N20,VIIRS,n,2,310.29,2.95,D,2
51.89268,29.33833,334.79,0.4,0.37,2018-04-30,1033,N20,VIIRS,l,2,305.62,2.95,D,2
52.00294,29.60007,340.72,0.39,0.36,2018-04-30,1033,N20,VIIRS,n,2,307.51,6.91,D,0
51.60347,27.35108,331.94,0.44,0.38,2018-04-30,1033,N20,VIIRS,n,2,294.02,2.66,D,0
52.48198,31.23232,332.57,0.38,0.36,2018-04-30,1033,N20,VIIRS,n,2,300.88,4.26,D,0
52.05793,27.42324,329.69,0.43,0.38,2018-04-30,1034,N20,VIIRS,n,2,299.33,2.25,D,0
52.43051,29.36227,339.77,0.39,0.36,2018-04-30,1034,N20,VIIRS,n,2,302.96,2.65,D,0
52.84702,29.98943,336.93,0.39,0.36,2018-04-30,1034,N20,VIIRS,n,2,301.41,4.01,D,2
52.99235,30.83623,337.24,0.38,0.36,2018-04-30,1034,N20,VIIRS,n,2,297.15,2.54,D,0
52.92184,30.38822,339.09,0.38,0.36,2018-04-30,1034,N20,VIIRS,n,2,298.4,4.65,D,0
52.92508,30.3868,346,0.38,0.36,2018-04-30,1034,N20,VIIRS,n,2,298.72,4.65,D,0
53.04917,30.91368,345.41,0.38,0.36,2018-04-30,1034,N20,VIIRS,n,2,303.5,6.17,D,0
53.1857,31.29146,328.86,0.38,0.36,2018-04-30,1034,N20,VIIRS,n,2,298.07,1.52,D,0
53.21334,30.68388,328.33,0.38,0.36,2018-04-30,1034,N20,VIIRS,n,2,294.9,1.19,D,0
53.3388,24.37721,328.42,0.49,0.4,2018-04-30,1034,N20,VIIRS,n,2,296,3.42,D,0
53.33713,24.37736,327.24,0.49,0.4,2018-04-30,1034,N20,VIIRS,n,2,296.36,2.75,D,0
54.71577,26.67581,336.19,0.41,0.37,2018-04-30,1034,N20,VIIRS,n,2,295.67,2.24,D,0
55.30905,29.60153,325.8,0.38,0.36,2018-04-30,1034,N20,VIIRS,n,2,292.63,1.4,D,0
52.84604,29.98702,295.62,0.69,0.74,2018-04-30,2245,N20,VIIRS,n,2,282.47,0.77,N,2
51.89531,29.33233,297.99,0.73,0.76,2018-04-30,2245,N20,VIIRS,n,2,285.34,2.09,N,2
51.88822,29.33261,300.93,0.73,0.76,2018-04-30,2245,N20,VIIRS,n,2,284.69,1.22,N,0
51.89183,29.33501,313.49,0.73,0.76,2018-04-30,2245,N20,VIIRS,n,2,284.54,3.12,N,2
53.58752,31.95076,296.06,0.46,0.39,2018-05-01,0026,N20,VIIRS,n,2,283.23,0.51,N,2
53.74888,30.98371,328.29,0.44,0.38,2018-05-01,0026,N20,VIIRS,n,2,284.73,5.38,N,0
52.84724,29.99389,321.29,0.43,0.38,2018-05-01,0026,N20,VIIRS,n,2,285.13,1.62,N,2
53.27194,24.44289,320.44,0.39,0.36,2018-05-01,0026,N20,VIIRS,n,2,288.71,2.51,N,2
53.26043,24.45061,299.96,0.39,0.36,2018-05-01,0026,N20,VIIRS,n,2,287.77,0.55,N,2
51.9557,29.36509,299.62,0.42,0.38,2018-05-01,0026,N20,VIIRS,n,2,283.31,0.35,N,0
51.89442,29.34092,301.2,0.42,0.38,2018-05-01,0026,N20,VIIRS,n,2,285.18,1.09,N,2
51.89108,29.33926,319.7,0.42,0.38,2018-05-01,0026,N20,VIIRS,n,2,284.32,1.09,N,2
53.27402,24.44611,297.93,0.67,0.74,2018-05-01,0206,N20,VIIRS,n,2,281.49,0.9,N,0
52.13773,31.61624,329.37,0.44,0.38,2018-05-01,1015,N20,VIIRS,n,2,298.06,2.51,D,0
52.13653,31.61003,331.14,0.44,0.38,2018-05-01,1015,N20,VIIRS,n,2,298.23,2.51,D,0
51.9224,30.40655,337.52,0.48,0.4,2018-05-01,1015,N20,VIIRS,n,2,301.16,5.11,D,0
51.89164,29.33893,338.7,0.52,0.42,2018-05-01,1015,N20,VIIRS,n,2,304.51,8.3,D,2
52.53941,31.03227,330.43,0.45,0.39,2018-05-01,1015,N20,VIIRS,n,2,301.13,2.24,D,0
52.473,30.26482,332.04,0.47,0.4,2018-05-01,1015,N20,VIIRS,n,2,302.37,3.73,D,0
53.06349,31.20104,334.55,0.44,0.38,2018-05-01,1015,N20,VIIRS,n,2,301.06,3.33,D,0
52.84555,29.99455,333.04,0.47,0.4,2018-05-01,1015,N20,VIIRS,n,2,301.45,7.69,D,2
52.84541,29.99401,332.68,0.47,0.4,2018-05-01,1015,N20,VIIRS,n,2,301.64,5.78,D,2
52.84401,29.9873,330.69,0.47,0.4,2018-05-01,1015,N20,VIIRS,l,2,305.52,5.78,D,2
52.61013,28.54757,327.32,0.53,0.42,2018-05-01,1015,N20,VIIRS,n,2,296.83,2.4,D,0
52.8856,29.44211,332.64,0.49,0.4,2018-05-01,1015,N20,VIIRS,n,2,302.5,24.71,D,0
52.88411,29.43511,305.38,0.49,0.4,2018-05-01,1015,N20,VIIRS,l,2,307.09,24.71,D,0
53.20065,30.94369,338.02,0.44,0.38,2018-05-01,1015,N20,VIIRS,n,2,303.31,4.69,D,0
53.32867,30.58669,328.41,0.45,0.39,2018-05-01,1015,N20,VIIRS,n,2,297.72,3.01,D,0
53.59034,30.20554,335.87,0.45,0.39,2018-05-01,1015,N20,VIIRS,n,2,299.77,3.93,D,0
54.00375,31.52065,347.59,0.42,0.38,2018-05-01,1015,N20,VIIRS,n,2,302.87,10.06,D,0
54.03642,31.61783,333.96,0.42,0.37,2018-05-01,1015,N20,VIIRS,n,2,300.03,3.06,D,0
54.03528,31.61169,330.36,0.42,0.37,2018-05-01,1015,N20,VIIRS,l,2,300.75,3.06,D,0
53.85304,27.39824,340.9,0.54,0.42,2018-05-01,1015,N20,VIIRS,n,2,295.45,6.36,D,0
54.45997,28.96709,326.56,0.47,0.4,2018-05-01,1015,N20,VIIRS,n,2,297.22,2.66,D,0
54.71968,29.54454,326.85,0.45,0.39,2018-05-01,1015,N20,VIIRS,l,2,297.57,2.07,D,0
54.70867,29.33942,341.58,0.46,0.39,2018-05-01,1015,N20,VIIRS,n,2,296.55,4.05,D,0
54.75661,29.17064,328.28,0.46,0.39,2018-05-01,1015,N20,VIIRS,n,2,297.94,2.15,D,0
54.76004,29.16854,326.94,0.46,0.39,2018-05-01,1015,N20,VIIRS,l,2,298.92,2.15,D,0
51.89195,29.34751,325.93,0.54,0.68,2018-05-01,1155,N20,VIIRS,n,2,293.43,3.95,D,2
51.8884,29.34667,328.43,0.54,0.68,2018-05-01,1155,N20,VIIRS,n,2,292.15,5.64,D,0
52.84647,29.99226,330.57,0.58,0.7,2018-05-01,1156,N20,VIIRS,n,2,295.43,5.67,D,2
54.00379,31.05944,329.19,0.64,0.72,2018-05-01,1156,N20,VIIRS,n,2,293.98,5.94,D,0
54.03854,31.61885,325.88,0.67,0.74,2018-05-01,1156,N20,VIIRS,l,2,296.32,8.97,D,0
54.03865,31.61322,340.27,0.67,0.74,2018-05-01,1156,N20,VIIRS,n,2,297.28,6.61,D,0
53.6725,31.83032,299.21,0.38,0.36,2018-05-02,0007,N20,VIIRS,n,2,285.29,0.49,N,2
52.85326,29.9981,303.73,0.39,0.36,2018-05-02,0007,N20,VIIRS,n,2,289.89,1.48,N,2
52.84761,29.9898,320.97,0.39,0.36,2018-05-02,0007,N20,VIIRS,n,2,286.95,2.35,N,2
53.27171,24.44317,316.23,0.51,0.41,2018-05-02,0007,N20,VIIRS,n,2,285.7,2.43,N,2
53.272,24.44378,315.57,0.51,0.41,2018-05-02,0007,N20,VIIRS,n,2,285.5,2.27,N,2
51.89979,29.32366,300.51,0.39,0.36,2018-05-02,0007,N20,VIIRS,n,2,288.07,0.93,N,0
51.89404,29.34384,327.04,0.39,0.36,2018-05-02,0007,N20,VIIRS,n,2,286.47,1.2,N,2
51.89161,29.33703,307.54,0.39,0.36,2018-05-02,0007,N20,VIIRS,n,2,285.61,1.2,N,2
51.89078,29.34257,303.33,0.39,0.36,2018-05-02,0007,N20,VIIRS,n,2,285.39,1.2,N,2
53.59898,29.60082,310.72,0.67,0.74,2018-05-02,0147,N20,VIIRS,n,2,280.6,2.49,N,0
53.59548,29.60941,295.98,0.67,0.74,2018-05-02,0147,N20,VIIRS,n,2,280.73,2.32,N,0
53.60234,29.60393,300.9,0.67,0.74,2018-05-02,0147,N20,VIIRS,n,2,280.75,2.65,N,0
53.59887,29.61256,306.83,0.67,0.74,2018-05-02,0147,N20,VIIRS,n,2,280.72,3.01,N,0
51.89534,29.33861,295.91,0.77,0.78,2018-05-02,0147,N20,VIIRS,n,2,280.93,2.69,N,2
51.89143,29.34794,311.49,0.77,0.78,2018-05-02,0147,N20,VIIRS,n,2,281.54,3.04,N,2
51.88537,29.34168,295.5,0.77,0.78,2018-05-02,0147,N20,VIIRS,n,2,281.24,0.98,N,2
51.89394,29.34983,295.5,0.77,0.78,2018-05-02,0147,N20,VIIRS,n,2,280.45,1.74,N,0
51.88793,29.34344,313.74,0.77,0.78,2018-05-02,0147,N20,VIIRS,n,2,281.39,1.74,N,2
53.27229,24.44466,309.87,0.46,0.63,2018-05-02,0147,N20,VIIRS,n,2,282.82,1.22,N,2
53.2719,24.4451,310.65,0.46,0.63,2018-05-02,0147,N20,VIIRS,n,2,283.25,1.21,N,2
51.8915,29.34385,340.14,0.52,0.5,2018-05-02,0956,N20,VIIRS,n,2,301.9,4.95,D,2
51.88964,29.3368,327.81,0.52,0.5,2018-05-02,0956,N20,VIIRS,l,2,301.16,6.84,D,2
52.84651,29.99221,342.13,0.46,0.47,2018-05-02,0956,N20,VIIRS,n,2,301.03,5.49,D,2
53.1884,31.31036,335.38,0.4,0.44,2018-05-02,0956,N20,VIIRS,n,2,300.06,2.54,D,0
53.00887,30.38174,340.03,0.44,0.46,2018-05-02,0956,N20,VIIRS,n,2,301,5.62,D,0
53.00734,30.37564,341.94,0.44,0.46,2018-05-02,0956,N20,VIIRS,n,2,300.87,13.43,D,0
53.01283,30.37905,335.41,0.44,0.46,2018-05-02,0956,N20,VIIRS,n,2,299.89,5.62,D,0
53.34848,31.40897,327.17,0.4,0.44,2018-05-02,0956,N20,VIIRS,l,2,299.96,3.09,D,0
52.67965,28.1118,329.18,0.55,0.51,2018-05-02,0956,N20,VIIRS,n,2,297.32,6.16,D,0
53.55206,30.96137,327.62,0.4,0.45,2018-05-02,0956,N20,VIIRS,n,2,292.64,1.21,D,0
52.84533,29.99209,327.54,0.36,0.58,2018-05-02,1137,N20,VIIRS,l,2,300.05,2.35,D,2
54.44938,30.49483,330.93,0.39,0.59,2018-05-02,1137,N20,VIIRS,n,2,291.28,2.89,D,0
54.44892,30.49249,338.58,0.39,0.59,2018-05-02,1137,N20,VIIRS,n,2,292.57,3.11,D,0
53.58783,31.95051,297.49,0.43,0.38,2018-05-02,2348,N20,VIIRS,n,2,285.26,0.61,N,2
52.84593,29.99121,318,0.47,0.4,2018-05-02,2348,N20,VIIRS,n,2,286.38,2.71,N,2
53.27393,24.43904,295.11,0.51,0.49,2018-05-02,2348,N20,VIIRS,n,2,281.56,1.02,N,2
53.27346,24.44687,301.07,0.51,0.49,2018-05-02,2348,N20,VIIRS,n,2,282.73,1.02,N,0
51.8926,29.34255,323.58,0.48,0.4,2018-05-02,2349,N20,VIIRS,n,2,281.21,2.36,N,2
51.89337,29.34046,306.69,0.52,0.67,2018-05-03,0128,N20,VIIRS,n,2,275.59,1.87,N,2
51.89101,29.34705,301,0.52,0.67,2018-05-03,0128,N20,VIIRS,n,2,276.28,1.83,N,2
53.26972,24.44099,304.07,0.61,0.54,2018-05-03,0129,N20,VIIRS,n,2,282.93,1.93,N,2
51.8962,29.45619,342.42,0.39,0.59,2018-05-03,0937,N20,VIIRS,n,2,309.72,5.71,D,0
51.89164,29.34391,337.57,0.4,0.6,2018-05-03,0937,N20,VIIRS,n,2,303.2,4.59,D,2
51.88998,29.33867,350.05,0.4,0.6,2018-05-03,0937,N20,VIIRS,n,2,304.88,7.09,D,2
52.18715,28.59122,345.61,0.41,0.61,2018-05-03,0937,N20,VIIRS,n,2,296.47,5.4,D,0
52.18543,28.58586,327.35,0.41,0.61,2018-05-03,0937,N20,VIIRS,n,2,297.07,4.64,D,0
52.18602,28.59048,355.9,0.41,0.61,2018-05-03,0937,N20,VIIRS,n,2,297.22,7.03,D,0
52.84382,29.99201,341.1,0.35,0.56,2018-05-03,0937,N20,VIIRS,n,2,297.08,2.6,D,2
53.09143,30.74924,367,0.32,0.54,2018-05-03,0937,N20,VIIRS,h,2,299.9,4.64,D,0
53.09016,30.74488,327.32,0.32,0.54,2018-05-03,0937,N20,VIIRS,n,2,296.43,4.64,D,0
53.09112,30.74616,367,0.32,0.54,2018-05-03,0937,N20,VIIRS,h,2,299.65,5.64,D,0
53.09241,30.7505,339.01,0.32,0.54,2018-05-03,0937,N20,VIIRS,n,2,299.75,5.64,D,0
54.1181,31.46832,335.04,0.55,0.51,2018-05-03,0938,N20,VIIRS,n,2,294.36,4.64,D,0
52.9312,25.41603,367,0.51,0.66,2018-05-03,0938,N20,VIIRS,h,2,294.02,9.48,D,0
52.93367,25.41592,367,0.51,0.66,2018-05-03,0938,N20,VIIRS,h,2,293.82,12.83,D,0
51.41269,30.57695,332.51,0.47,0.48,2018-05-03,1117,N20,VIIRS,n,2,298.06,3.41,D,0
51.41209,30.57568,331.27,0.47,0.48,2018-05-03,1117,N20,VIIRS,n,2,299.09,4.72,D,0
51.89093,29.34445,340.35,0.42,0.45,2018-05-03,1117,N20,VIIRS,n,2,307.19,4.7,D,2
51.89046,29.3383,340.65,0.42,0.45,2018-05-03,1117,N20,VIIRS,n,2,310.56,4.7,D,2
52.18814,28.58838,342.37,0.4,0.44,2018-05-03,1118,N20,VIIRS,n,2,302.92,4.44,D,0
52.88671,31.10173,341.68,0.51,0.49,2018-05-03,1118,N20,VIIRS,n,2,301.3,3.83,D,0
52.84612,29.99339,335.7,0.46,0.47,2018-05-03,1118,N20,VIIRS,n,2,302.68,6.34,D,2
52.84639,29.99036,340.61,0.46,0.47,2018-05-03,1118,N20,VIIRS,n,2,304.38,9.32,D,2
52.93288,25.41241,344.95,0.47,0.4,2018-05-03,1118,N20,VIIRS,n,2,303.64,4.68,D,0
52.97325,24.25411,332.23,0.44,0.38,2018-05-03,1118,N20,VIIRS,n,2,300.82,4.77,D,0
53.87357,31.73865,327.85,0.55,0.51,2018-05-03,1118,N20,VIIRS,n,2,294.59,4.82,D,0
53.33381,24.37687,332.17,0.45,0.39,2018-05-03,1118,N20,VIIRS,n,2,298.57,3.57,D,0
54.26233,30.93866,341.01,0.52,0.5,2018-05-03,1118,N20,VIIRS,n,2,294.97,4.94,D,0
54.26693,30.93796,327.71,0.52,0.5,2018-05-03,1118,N20,VIIRS,n,2,294.15,3.64,D,0
54.18574,28.36108,329.28,0.41,0.45,2018-05-03,1118,N20,VIIRS,n,2,295.94,3.57,D,0
54.18525,28.35476,344.93,0.41,0.45,2018-05-03,1118,N20,VIIRS,n,2,297.41,3.57,D,0
54.37547,31.15212,341.81,0.53,0.5,2018-05-03,1118,N20,VIIRS,n,2,296.98,6.94,D,0
54.21911,28.41176,325.9,0.41,0.45,2018-05-03,1118,N20,VIIRS,l,2,300.29,1.68,D,0
54.22526,28.43641,331.68,0.41,0.45,2018-05-03,1118,N20,VIIRS,n,2,298.01,1.85,D,0
54.22645,28.43441,330.21,0.41,0.45,2018-05-03,1118,N20,VIIRS,n,2,297.75,4.47,D,0
54.62827,29.9816,330.5,0.48,0.48,2018-05-03,1118,N20,VIIRS,n,2,296.01,3.02,D,0
53.67038,31.82511,296.37,0.41,0.45,2018-05-03,2329,N20,VIIRS,n,2,283.77,0.7,N,2
53.1424,30.80982,295.89,0.44,0.46,2018-05-03,2329,N20,VIIRS,n,2,272.63,0.5,N,0
53.27136,24.44291,319.69,0.4,0.6,2018-05-03,2329,N20,VIIRS,n,2,286.98,1.56,N,2
52.85387,29.99885,299,0.47,0.48,2018-05-03,2329,N20,VIIRS,n,2,288.14,0.67,N,2
52.84995,29.99094,318.62,0.47,0.48,2018-05-03,2329,N20,VIIRS,n,2,286.03,1.76,N,2
52.84555,29.99008,302.41,0.47,0.48,2018-05-03,2329,N20,VIIRS,n,2,284.14,1.76,N,2
52.84621,29.99124,322.87,0.47,0.48,2018-05-03,2329,N20,VIIRS,n,2,284.67,3.65,N,2
52.30709,30.23049,296.97,0.45,0.47,2018-05-03,2329,N20,VIIRS,n,2,284.62,0.33,N,0
51.89476,29.34105,319.25,0.49,0.49,2018-05-03,2330,N20,VIIRS,n,2,287.75,1.38,N,2
51.89029,29.34023,298.57,0.49,0.49,2018-05-03,2330,N20,VIIRS,n,2,285.45,1.38,N,2
52.84552,29.99043,326.42,0.34,0.56,2018-05-04,0110,N20,VIIRS,n,2,283.4,1.74,N,2
52.84813,29.99099,317.53,0.34,0.56,2018-05-04,0110,N20,VIIRS,n,2,283.27,1.77,N,2
52.84675,29.99559,295.91,0.34,0.56,2018-05-04,0110,N20,VIIRS,n,2,281.29,1,N,2
52.30472,30.23298,295.53,0.36,0.57,2018-05-04,0110,N20,VIIRS,n,2,284.08,0.45,N,0
53.2716,24.44395,314.15,0.41,0.45,2018-05-04,0110,N20,VIIRS,n,2,286.04,2.01,N,2
53.26112,24.45022,297.81,0.41,0.45,2018-05-04,0110,N20,VIIRS,n,2,285.74,0.65,N,2
51.89346,29.34312,324.55,0.35,0.56,2018-05-04,0110,N20,VIIRS,n,2,285.87,0.89,N,2
51.88874,29.33948,299.54,0.35,0.56,2018-05-04,0110,N20,VIIRS,n,2,283.52,0.89,N,2
51.82426,30.18576,327.58,0.56,0.69,2018-05-04,0918,N20,VIIRS,l,2,299.54,2.08,D,0
51.82977,30.18064,348.99,0.56,0.69,2018-05-04,0918,N20,VIIRS,n,2,300.25,8.21,D,0
51.82759,30.18091,343.52,0.56,0.69,2018-05-04,0919,N20,VIIRS,n,2,299.96,7.45,D,0
51.8331,30.17577,337.43,0.56,0.69,2018-05-04,0919,N20,VIIRS,n,2,300.82,2.8,D,0
52.1395,30.18098,327.48,0.54,0.68,2018-05-04,0919,N20,VIIRS,n,2,300.24,3.52,D,0
52.13697,30.174,333.85,0.54,0.68,2018-05-04,0919,N20,VIIRS,n,2,298.66,3.52,D,0
51.89107,29.33814,346.37,0.6,0.7,2018-05-04,0919,N20,VIIRS,n,2,301.7,8.69,D,2
51.89256,29.33806,346.37,0.6,0.7,2018-05-04,0919,N20,VIIRS,n,2,300.52,6.85,D,2
52.8455,29.99225,331.15,0.52,0.67,2018-05-04,0919,N20,VIIRS,l,2,304.29,3.58,D,2
52.95953,29.82661,328.64,0.52,0.67,2018-05-04,0919,N20,VIIRS,l,2,302.18,1.91,D,0
54.0466,30.57672,332.21,0.45,0.63,2018-05-04,0919,N20,VIIRS,n,2,294.74,2.74,D,0
54.32589,31.13897,339.17,0.42,0.61,2018-05-04,0919,N20,VIIRS,n,2,298.67,2.58,D,0
55.3363,30.72115,353.71,0.39,0.6,2018-05-04,0919,N20,VIIRS,n,2,297.76,6.22,D,0
55.3371,30.71869,346.13,0.39,0.6,2018-05-04,0919,N20,VIIRS,n,2,296.8,3.71,D,0
51.82652,30.17543,335.61,0.46,0.39,2018-05-04,1058,N20,VIIRS,n,2,305.4,6.56,D,0
51.89061,29.33848,341.58,0.44,0.38,2018-05-04,1058,N20,VIIRS,n,2,311.13,6.67,D,2
52.10789,27.0425,333.61,0.4,0.37,2018-05-04,1059,N20,VIIRS,l,2,305.33,2.5,D,0
52.84459,29.99002,344.26,0.47,0.39,2018-05-04,1059,N20,VIIRS,n,2,311.79,9.42,D,2
52.98539,30.88338,334.92,0.5,0.41,2018-05-04,1059,N20,VIIRS,n,2,298.5,3.47,D,0
52.95287,29.82307,331.9,0.46,0.39,2018-05-04,1059,N20,VIIRS,l,2,305.61,3.76,D,0
52.95645,29.82201,333.64,0.46,0.39,2018-05-04,1059,N20,VIIRS,l,2,306.44,2.73,D,0
52.95336,29.82186,336.51,0.46,0.39,2018-05-04,1059,N20,VIIRS,l,2,306.97,6.86,D,0
52.37043,23.32282,331.8,0.39,0.36,2018-05-04,1059,N20,VIIRS,n,2,297.86,1.64,D,0
52.37368,23.32136,345.62,0.39,0.36,2018-05-04,1059,N20,VIIRS,n,2,300.11,7.48,D,0
52.93809,26.18043,345.57,0.39,0.36,2018-05-04,1059,N20,VIIRS,n,2,304.69,7.73,D,0
53.52992,27.15035,333.27,0.41,0.37,2018-05-04,1059,N20,VIIRS,n,2,302.53,3.46,D,0
53.26951,24.44356,329.64,0.38,0.36,2018-05-04,1059,N20,VIIRS,n,2,299.08,2.89,D,2
54.31518,31.10005,332.29,0.52,0.42,2018-05-04,1059,N20,VIIRS,n,2,300.55,4.56,D,0
54.32352,31.14757,333.38,0.53,0.42,2018-05-04,1059,N20,VIIRS,n,2,298.22,7.92,D,0
54.32734,31.14653,333.02,0.53,0.42,2018-05-04,1059,N20,VIIRS,n,2,301.05,7.92,D,0
54.32659,31.13848,353.38,0.53,0.42,2018-05-04,1059,N20,VIIRS,n,2,304.11,32.32,D,0
54.38166,31.03933,339.38,0.52,0.42,2018-05-04,1059,N20,VIIRS,n,2,301.96,4.62,D,0
54.72449,26.1651,334.45,0.4,0.37,2018-05-04,1059,N20,VIIRS,n,2,293.28,3.34,D,0
54.42598,30.59501,297.86,0.36,0.57,2018-05-04,2310,N20,VIIRS,n,2,282.3,0.49,N,0
53.91385,27.09684,296.66,0.5,0.66,2018-05-04,2310,N20,VIIRS,n,2,281.48,0.69,N,0
53.91383,27.10443,297.92,0.5,0.66,2018-05-04,2310,N20,VIIRS,n,2,281.09,0.69,N,0
53.27081,24.43859,296.45,0.64,0.72,2018-05-04,2310,N20,VIIRS,n,2,271.67,1.69,N,2
52.85093,29.9872,298.14,0.37,0.58,2018-05-04,2310,N20,VIIRS,n,2,285.06,0.93,N,2
52.85079,29.99284,302.09,0.37,0.58,2018-05-04,2310,N20,VIIRS,n,2,286.06,0.86,N,2
52.84553,29.98673,302.19,0.37,0.58,2018-05-04,2310,N20,VIIRS,n,2,285.11,0.93,N,2
52.84539,29.99232,301.2,0.37,0.58,2018-05-04,2310,N20,VIIRS,n,2,284.83,0.86,N,2
52.84894,29.99094,329.18,0.37,0.58,2018-05-04,2310,N20,VIIRS,n,2,287.82,3.01,N,2
51.89287,29.34214,321.45,0.39,0.59,2018-05-04,2311,N20,VIIRS,n,2,286.86,2.51,N,2
51.89302,29.3363,313.31,0.39,0.59,2018-05-04,2311,N20,VIIRS,n,2,286.76,2.98,N,2
53.58804,31.95584,295.36,0.5,0.49,2018-05-05,0051,N20,VIIRS,n,2,284.61,0.38,N,2
52.84763,29.9944,330.43,0.45,0.47,2018-05-05,0051,N20,VIIRS,n,2,287.36,2.85,N,2
52.8492,29.98817,302.11,0.45,0.47,2018-05-05,0051,N20,VIIRS,n,2,285.07,2.85,N,2
53.27211,24.44524,310.66,0.44,0.38,2018-05-05,0051,N20,VIIRS,n,2,278.44,1.63,N,2
51.89299,29.33976,306.56,0.45,0.47,2018-05-05,0051,N20,VIIRS,n,2,286.5,0.67,N,2
51.88897,29.33716,301.83,0.45,0.47,2018-05-05,0051,N20,VIIRS,n,2,285.21,0.67,N,2
53.39305,32.38869,345.61,0.6,0.7,2018-05-05,0900,N20,VIIRS,n,2,294.29,8.27,D,0
53.3945,32.38885,339.16,0.6,0.7,2018-05-05,0900,N20,VIIRS,n,2,293.47,7.29,D,0
54.32381,31.13588,333.68,0.6,0.71,2018-05-05,0900,N20,VIIRS,n,2,292.95,3.8,D,0
54.41701,30.60454,356.27,0.62,0.72,2018-05-05,0900,N20,VIIRS,l,2,286.11,52.25,D,0
54.42256,30.59831,355.15,0.62,0.72,2018-05-05,0900,N20,VIIRS,n,2,286.05,52.25,D,0
51.89063,29.33875,336.46,0.38,0.36,2018-05-05,1040,N20,VIIRS,l,2,307.98,6.72,D,2
52.8442,29.9897,336.69,0.38,0.36,2018-05-05,1040,N20,VIIRS,n,2,306.56,2.71,D,2
52.97255,30.75245,329.62,0.39,0.36,2018-05-05,1040,N20,VIIRS,n,2,298.91,2.68,D,0
53.40952,31.97017,344.61,0.41,0.37,2018-05-05,1040,N20,VIIRS,n,2,304.36,5.05,D,0
53.40945,31.96846,336.25,0.41,0.37,2018-05-05,1040,N20,VIIRS,n,2,305.7,5.98,D,0
53.71086,30.77266,328.04,0.39,0.36,2018-05-05,1040,N20,VIIRS,l,2,298.19,3.36,D,0
54.3209,31.13467,338.95,0.4,0.37,2018-05-05,1040,N20,VIIRS,n,2,299.04,6.13,D,0
54.3201,31.12859,333.09,0.4,0.37,2018-05-05,1040,N20,VIIRS,n,2,298.05,5.35,D,0
54.41767,30.60544,330.96,0.39,0.37,2018-05-05,1040,N20,VIIRS,n,2,282.26,4.76,D,0
54.41684,30.59945,341.68,0.39,0.37,2018-05-05,1040,N20,VIIRS,n,2,287.15,7.69,D,0
54.42096,30.60411,335.78,0.39,0.37,2018-05-05,1040,N20,VIIRS,n,2,288.21,4.76,D,0
54.42013,30.59811,354.21,0.39,0.37,2018-05-05,1040,N20,VIIRS,n,2,290.51,7.69,D,0
54.42342,30.59679,355.09,0.39,0.37,2018-05-05,1040,N20,VIIRS,n,2,291.75,16.21,D,0
54.69463,29.13445,295.15,0.64,0.72,2018-05-05,2251,N20,VIIRS,n,2,277.05,1.2,N,0
51.8949,29.33803,307.14,0.63,0.72,2018-05-05,2252,N20,VIIRS,n,2,276.62,2.01,N,2
54.69044,29.13398,303.9,0.42,0.38,2018-05-06,0032,N20,VIIRS,n,2,278.97,0.65,N,0
52.8471,29.99392,327.14,0.47,0.39,2018-05-06,0032,N20,VIIRS,n,2,280.37,3.59,N,2
53.27139,24.44303,323.83,0.38,0.36,2018-05-06,0032,N20,VIIRS,n,2,284.01,2.53,N,2
53.2602,24.45043,295.77,0.38,0.36,2018-05-06,0032,N20,VIIRS,n,2,281.81,0.64,N,2
52.27635,27.42052,296.96,0.41,0.37,2018-05-06,0032,N20,VIIRS,n,2,279.95,0.32,N,0
51.88971,29.33954,346.94,0.46,0.39,2018-05-06,1021,N20,VIIRS,n,2,303.25,6.82,D,2
52.94334,31.18821,332.98,0.41,0.37,2018-05-06,1021,N20,VIIRS,n,2,288.5,2.66,D,0
52.81927,28.4873,328.2,0.47,0.4,2018-05-06,1021,N20,VIIRS,n,2,292.93,4.95,D,0
53.84637,29.86256,334.39,0.42,0.38,2018-05-06,1021,N20,VIIRS,n,2,294.73,9.96,D,0
54.33266,31.04404,326.01,0.4,0.37,2018-05-06,1021,N20,VIIRS,n,2,281.62,1.67,D,0
54.33161,31.03811,327.8,0.4,0.37,2018-05-06,1021,N20,VIIRS,n,2,281.57,1.67,D,0
54.56539,30.83614,337.32,0.4,0.37,2018-05-06,1021,N20,VIIRS,n,2,294.25,4.7,D,0
53.27051,24.44445,329.55,0.42,0.45,2018-05-06,1021,N20,VIIRS,n,2,297.33,2.98,D,2
54.6297,30.02993,328.33,0.41,0.37,2018-05-06,1022,N20,VIIRS,n,2,293.57,6.51,D,0
54.81826,30.17405,344.57,0.41,0.37,2018-05-06,1022,N20,VIIRS,n,2,292.49,5.44,D,0
55.17242,30.89437,334.77,0.39,0.37,2018-05-06,1022,N20,VIIRS,n,2,293.16,2.74,D,0
51.98566,26.1528,367,0.46,0.64,2018-05-06,1202,N20,VIIRS,h,2,296.48,7.82,D,0
51.99156,26.15269,343.18,0.46,0.64,2018-05-06,1202,N20,VIIRS,n,2,292.7,7.82,D,0
52.84232,29.99249,328.56,0.67,0.74,2018-05-06,1202,N20,VIIRS,n,2,289.43,6.64,D,2
53.07071,27.90265,329.92,0.55,0.68,2018-05-06,1202,N20,VIIRS,n,2,294.04,4.93,D,0
53.19802,26.50274,335.01,0.48,0.65,2018-05-06,1202,N20,VIIRS,n,2,293.22,3.18,D,0
53.19357,26.50159,330.02,0.48,0.65,2018-05-06,1202,N20,VIIRS,n,2,292.77,3.87,D,0
53.27045,24.44513,326.91,0.39,0.6,2018-05-06,1202,N20,VIIRS,n,2,295.01,2.8,D,2
53.26966,24.44435,327.38,0.39,0.6,2018-05-06,1202,N20,VIIRS,n,2,295.43,1.59,D,2
54.71042,29.66705,327.42,0.65,0.73,2018-05-06,1203,N20,VIIRS,n,2,287.45,3.74,D,0
55.50559,28.59009,295.74,0.39,0.37,2018-05-07,0013,N20,VIIRS,n,2,278.11,0.57,N,2
52.84887,29.99059,331.33,0.39,0.36,2018-05-07,0013,N20,VIIRS,n,2,285.82,11.68,N,2
52.84564,29.98914,304.67,0.39,0.36,2018-05-07,0013,N20,VIIRS,n,2,283.32,1.25,N,2
53.27346,24.44106,311.1,0.45,0.39,2018-05-07,0013,N20,VIIRS,n,2,279.53,2.59,N,2
52.6408,26.31315,313.58,0.41,0.37,2018-05-07,0014,N20,VIIRS,n,2,276.11,1.08,N,0
52.64,26.3191,297.31,0.41,0.37,2018-05-07,0014,N20,VIIRS,n,2,276.93,1.1,N,0
53.27148,24.44113,297.16,0.52,0.67,2018-05-07,0153,N20,VIIRS,n,2,276.69,0.96,N,2
54.09389,29.85882,326.24,0.57,0.43,2018-05-07,1003,N20,VIIRS,n,2,293.1,5.02,D,0
52.06643,26.27879,327.16,0.58,0.52,2018-05-07,1143,N20,VIIRS,n,2,292.25,2.88,D,0
53.45438,25.46901,326.75,0.55,0.51,2018-05-07,1143,N20,VIIRS,n,2,296.66,3.73,D,0
54.33369,31.22642,327.25,0.48,0.65,2018-05-07,1143,N20,VIIRS,n,2,291.76,2.26,D,0
54.63282,30.70655,325.12,0.46,0.64,2018-05-07,1143,N20,VIIRS,l,2,297.31,1.92,D,0
53.39342,32.0111,299.35,0.4,0.37,2018-05-07,2354,N20,VIIRS,n,2,285.05,0.75,N,2
52.84748,29.99165,330.27,0.43,0.38,2018-05-07,2354,N20,VIIRS,n,2,287.48,3.37,N,2
53.27073,24.44471,311.17,0.44,0.46,2018-05-07,2355,N20,VIIRS,n,2,284.46,1.83,N,2
51.89175,29.34284,297.75,0.44,0.38,2018-05-07,2355,N20,VIIRS,n,2,284.83,0.84,N,2
51.88903,29.33542,299.49,0.44,0.38,2018-05-07,2355,N20,VIIRS,n,2,285.15,0.55,N,2
52.84682,29.99549,305.3,0.58,0.7,2018-05-08,0134,N20,VIIRS,n,2,282.59,1.56,N,2
52.84428,29.99319,306.35,0.58,0.7,2018-05-08,0134,N20,VIIRS,n,2,282.64,2.52,N,2
53.25855,24.45043,298.53,0.35,0.57,2018-05-08,0135,N20,VIIRS,n,2,281.57,0.51,N,2
51.8871,29.33748,325.3,0.34,0.56,2018-05-08,0943,N20,VIIRS,l,2,297.5,2.1,D,2
51.61919,27.56308,343.97,0.41,0.45,2018-05-08,1124,N20,VIIRS,n,2,298.33,6.72,D,0
51.62379,27.56828,339.77,0.41,0.45,2018-05-08,1124,N20,VIIRS,n,2,298.41,5.04,D,0
51.94935,30.43191,336.08,0.55,0.51,2018-05-08,1124,N20,VIIRS,n,2,300.2,4.76,D,0
51.81752,27.16942,332.42,0.4,0.44,2018-05-08,1124,N20,VIIRS,n,2,296.73,2.81,D,0
53.30877,31.42753,339.51,0.62,0.54,2018-05-08,1124,N20,VIIRS,n,2,294.4,6.2,D,0
53.30888,31.42851,338.41,0.62,0.54,2018-05-08,1124,N20,VIIRS,n,2,293.88,8.65,D,0
54.33269,31.23312,340.62,0.62,0.54,2018-05-08,1124,N20,VIIRS,n,2,299.16,8.1,D,0
54.33279,31.23449,330.05,0.62,0.54,2018-05-08,1124,N20,VIIRS,n,2,298.85,7.07,D,0
54.33242,31.2249,338.65,0.62,0.54,2018-05-08,1124,N20,VIIRS,n,2,297.36,7.07,D,0
54.26516,28.23218,328.11,0.47,0.48,2018-05-08,1124,N20,VIIRS,n,2,296.88,3.94,D,0
53.39639,32.01236,301.42,0.52,0.42,2018-05-08,2335,N20,VIIRS,n,2,285.6,1.63,N,2
53.2749,24.44063,300.84,0.35,0.56,2018-05-08,2336,N20,VIIRS,n,2,281.42,1.2,N,2
53.27471,24.44601,295.68,0.35,0.56,2018-05-08,2336,N20,VIIRS,n,2,282.09,1.17,N,2
52.84905,29.9874,305.06,0.41,0.45,2018-05-08,2336,N20,VIIRS,n,2,286.3,1.94,N,2
52.84855,29.99346,318.81,0.41,0.45,2018-05-08,2336,N20,VIIRS,n,2,287.77,1.94,N,2
52.33495,25.05162,314.98,0.32,0.55,2018-05-08,2336,N20,VIIRS,n,2,282.02,1.37,N,0
52.33688,25.05069,297.41,0.32,0.55,2018-05-08,2336,N20,VIIRS,n,2,281.78,0.64,N,0
52.33667,25.05548,305.02,0.32,0.55,2018-05-08,2336,N20,VIIRS,n,2,282.91,0.95,N,0
51.89044,29.33889,300.25,0.42,0.45,2018-05-08,2336,N20,VIIRS,n,2,285.18,1.06,N,2
52.8535,29.99868,297.96,0.39,0.59,2018-05-09,0116,N20,VIIRS,n,2,286.91,0.7,N,2
52.84864,29.99446,339.64,0.39,0.59,2018-05-09,0116,N20,VIIRS,n,2,286.16,3.97,N,2
53.26967,24.44624,304.98,0.47,0.48,2018-05-09,0116,N20,VIIRS,n,2,282.93,2.28,N,0
52.84383,29.99195,329.5,0.46,0.63,2018-05-09,0925,N20,VIIRS,n,2,295.9,3.01,D,2
54.34427,31.10627,329.82,0.37,0.58,2018-05-09,0925,N20,VIIRS,n,2,294.27,2.34,D,0
54.3405,31.03973,326.51,0.37,0.58,2018-05-09,0925,N20,VIIRS,n,2,294.74,3.51,D,0
52.84643,29.99095,335.88,0.52,0.42,2018-05-09,1105,N20,VIIRS,n,2,304.45,4.5,D,2
53.45428,25.47088,330.42,0.4,0.37,2018-05-09,1105,N20,VIIRS,n,2,300.06,1.36,D,0
54.34601,31.10647,326.96,0.4,0.44,2018-05-09,1105,N20,VIIRS,n,2,293.63,1.38,D,0
54.41764,31.0816,332.96,0.4,0.44,2018-05-09,1105,N20,VIIRS,n,2,296.54,3.1,D,0
55.22583,30.31199,343.44,0.57,0.43,2018-05-09,1106,N20,VIIRS,n,2,298.32,5.01,D,0
53.3965,32.01221,300.4,0.53,0.5,2018-05-09,2316,N20,VIIRS,n,2,284.68,1.02,N,2
53.27255,24.44404,308.23,0.55,0.68,2018-05-09,2316,N20,VIIRS,n,2,283.54,1.52,N,2
53.27042,24.44474,306.83,0.55,0.68,2018-05-09,2316,N20,VIIRS,n,2,282.77,2.18,N,2
52.85003,29.98968,326.77,0.32,0.54,2018-05-09,2317,N20,VIIRS,n,2,285.12,2.02,N,2
52.84652,29.98822,311.81,0.32,0.54,2018-05-09,2317,N20,VIIRS,n,2,284.4,1.44,N,2
52.84631,29.993,304.43,0.32,0.54,2018-05-09,2317,N20,VIIRS,n,2,284.03,1.27,N,2
55.50519,28.58833,296.19,0.38,0.44,2018-05-10,0056,N20,VIIRS,n,2,282.05,0.31,N,2
52.84657,29.99211,326.39,0.51,0.5,2018-05-10,0057,N20,VIIRS,n,2,284.56,2.84,N,2
52.84545,29.99242,328.85,0.51,0.5,2018-05-10,0057,N20,VIIRS,n,2,284.46,3.54,N,2
53.84925,24.61581,296.37,0.48,0.4,2018-05-10,0057,N20,VIIRS,n,2,282.16,0.91,N,0
53.84779,24.62269,308.83,0.48,0.4,2018-05-10,0057,N20,VIIRS,n,2,281.06,0.91,N,0
53.27098,24.4421,311.87,0.48,0.4,2018-05-10,0057,N20,VIIRS,n,2,284.64,1.93,N,2
53.26101,24.4517,297.01,0.48,0.4,2018-05-10,0057,N20,VIIRS,n,2,285.01,0.7,N,2
51.55389,29.20651,334.59,0.39,0.36,2018-05-10,1046,N20,VIIRS,n,2,305.22,3.58,D,0
51.99437,26.71669,329.87,0.39,0.36,2018-05-10,1046,N20,VIIRS,n,2,296.78,1.65,D,0
52.84544,29.99321,333.52,0.4,0.37,2018-05-10,1046,N20,VIIRS,l,2,305.33,2.52,D,2
53.0164,30.78113,325.23,0.41,0.37,2018-05-10,1046,N20,VIIRS,l,2,297.54,1.32,D,0
53.31942,32.17958,330.53,0.44,0.39,2018-05-10,1046,N20,VIIRS,n,2,297.71,2.39,D,0
53.55382,29.3491,327.18,0.39,0.36,2018-05-10,1046,N20,VIIRS,n,2,297.13,1.22,D,0
53.1377,25.838,326.44,0.39,0.36,2018-05-10,1046,N20,VIIRS,l,2,297.41,2.38,D,0
53.27069,24.44323,329.49,0.41,0.37,2018-05-10,1046,N20,VIIRS,n,2,300.34,2.49,D,2
54.34985,31.10023,332.09,0.43,0.38,2018-05-10,1046,N20,VIIRS,n,2,300.35,3.69,D,0
54.2664,30.03169,326.05,0.41,0.37,2018-05-10,1046,N20,VIIRS,n,2,295.21,2.3,D,0
54.04715,28.15143,343.84,0.39,0.36,2018-05-10,1047,N20,VIIRS,n,2,299.17,4.26,D,0
54.05125,28.15585,330.33,0.39,0.36,2018-05-10,1047,N20,VIIRS,n,2,296.67,1.8,D,0
54.0504,28.15005,350.25,0.39,0.36,2018-05-10,1047,N20,VIIRS,n,2,296.84,4.26,D,0
54.51738,30.6005,333.33,0.42,0.38,2018-05-10,1047,N20,VIIRS,n,2,298.71,2.47,D,0
54.83468,30.70342,326.56,0.42,0.38,2018-05-10,1047,N20,VIIRS,n,2,296.68,2.47,D,0
54.79845,30.17823,333.83,0.41,0.37,2018-05-10,1047,N20,VIIRS,n,2,297.2,4.81,D,0
52.84827,29.99091,323.79,0.51,0.66,2018-05-10,2258,N20,VIIRS,n,2,281.85,3.37,N,2
52.84913,29.98954,325.16,0.51,0.66,2018-05-10,2258,N20,VIIRS,n,2,281.94,2.81,N,2
52.31036,30.23676,298.96,0.49,0.65,2018-05-10,2258,N20,VIIRS,n,2,278.65,0.54,N,0
51.89242,29.33637,300.3,0.54,0.68,2018-05-10,2258,N20,VIIRS,n,2,281.19,0.72,N,2
55.53086,28.52026,300.95,0.43,0.38,2018-05-11,0038,N20,VIIRS,n,2,281.62,0.93,N,0
55.50579,28.59163,295.04,0.43,0.38,2018-05-11,0038,N20,VIIRS,n,2,279.31,0.38,N,2
53.395,32.0146,295.36,0.39,0.44,2018-05-11,0038,N20,VIIRS,n,2,281.2,0.78,N,2
53.14071,30.81199,298.09,0.55,0.42,2018-05-11,0038,N20,VIIRS,n,2,278.68,0.84,N,0
52.85004,29.99468,299.67,0.52,0.42,2018-05-11,0038,N20,VIIRS,n,2,280.75,1.15,N,2
52.84642,29.99249,313.43,0.52,0.42,2018-05-11,0038,N20,VIIRS,n,2,281.35,1.99,N,2
53.27098,24.44429,317.01,0.39,0.36,2018-05-11,0038,N20,VIIRS,n,2,286.39,1.76,N,2
53.26013,24.45006,299.3,0.39,0.36,2018-05-11,0039,N20,VIIRS,n,2,285.78,0.44,N,2
51.88657,29.33667,335.25,0.42,0.38,2018-05-11,1027,N20,VIIRS,n,2,303.66,2.93,D,2
52.39784,31.09484,336.16,0.39,0.36,2018-05-11,1027,N20,VIIRS,n,2,297.83,2.02,D,0
52.25443,27.65901,330.28,0.46,0.39,2018-05-11,1027,N20,VIIRS,n,2,294.76,2.1,D,0
52.84477,29.9924,344.42,0.4,0.37,2018-05-11,1027,N20,VIIRS,n,2,303.86,4.15,D,2
52.2986,26.94995,333.78,0.48,0.4,2018-05-11,1027,N20,VIIRS,n,2,302.1,3.63,D,0
52.6699,28.06393,334.15,0.44,0.39,2018-05-11,1027,N20,VIIRS,n,2,302.33,3.87,D,0
52.66927,28.06193,330.89,0.44,0.39,2018-05-11,1027,N20,VIIRS,n,2,300.62,1.91,D,0
52.40285,25.78721,339.03,0.52,0.42,2018-05-11,1027,N20,VIIRS,n,2,296.54,6.23,D,0
53.21644,29.43881,335.82,0.41,0.37,2018-05-11,1027,N20,VIIRS,n,2,303.54,4.18,D,0
52.97833,27.63327,332.3,0.45,0.39,2018-05-11,1027,N20,VIIRS,n,2,303.06,3.99,D,0
53.79233,31.62288,338.88,0.38,0.36,2018-05-11,1027,N20,VIIRS,n,2,298.67,4.24,D,0
54.29431,31.08589,340.36,0.39,0.36,2018-05-11,1028,N20,VIIRS,n,2,302.02,2.79,D,0
54.29847,31.09015,330.55,0.39,0.36,2018-05-11,1028,N20,VIIRS,n,2,302.26,2.73,D,0
54.29753,31.08437,343.89,0.39,0.36,2018-05-11,1028,N20,VIIRS,n,2,300.25,2.73,D,0
54.33398,31.03316,332.36,0.39,0.36,2018-05-11,1028,N20,VIIRS,n,2,298.26,2.35,D,0
54.39232,30.94311,330.77,0.39,0.36,2018-05-11,1028,N20,VIIRS,n,2,301.76,2.61,D,0
54.39043,30.80536,326.02,0.39,0.36,2018-05-11,1028,N20,VIIRS,n,2,296.96,1.99,D,0
54.38948,30.79956,330.33,0.39,0.36,2018-05-11,1028,N20,VIIRS,n,2,297.28,1.99,D,0
54.66068,29.6042,327.77,0.39,0.37,2018-05-11,1028,N20,VIIRS,n,2,296.23,1.05,D,0
55.07707,29.81756,328.53,0.39,0.36,2018-05-11,1028,N20,VIIRS,n,2,294.05,2.08,D,0
55.11293,29.94734,325.42,0.39,0.36,2018-05-11,1028,N20,VIIRS,n,2,294.44,2.2,D,0
55.14157,29.14223,338.91,0.4,0.37,2018-05-11,1028,N20,VIIRS,n,2,298.27,5.16,D,0
54.01091,25.91256,337.3,0.53,0.67,2018-05-11,1209,N20,VIIRS,n,2,294.36,3.39,D,0
55.53094,28.5157,303.93,0.38,0.36,2018-05-12,0019,N20,VIIRS,n,2,278.7,0.9,N,0
55.50613,28.5868,296.08,0.38,0.36,2018-05-12,0019,N20,VIIRS,n,2,277.27,0.28,N,2
53.39443,32.0126,299.38,0.43,0.38,2018-05-12,0019,N20,VIIRS,n,2,281.04,1.17,N,2
52.85266,30.00064,297.26,0.4,0.37,2018-05-12,0020,N20,VIIRS,n,2,282.15,1.26,N,0
52.84716,29.99172,330.8,0.4,0.37,2018-05-12,0020,N20,VIIRS,n,2,282.13,3.82,N,2
53.2704,24.44546,319.12,0.42,0.37,2018-05-12,0020,N20,VIIRS,n,2,284.03,1.63,N,2
51.88947,29.33682,297.1,0.4,0.37,2018-05-12,0020,N20,VIIRS,n,2,279.37,0.78,N,2
51.88988,29.34356,339.57,0.39,0.44,2018-05-12,1008,N20,VIIRS,n,2,299.21,3.92,D,2
51.88735,29.33267,332.04,0.39,0.44,2018-05-12,1008,N20,VIIRS,n,2,297.57,6.22,D,0
51.90846,28.38142,328.29,0.43,0.46,2018-05-12,1008,N20,VIIRS,n,2,296.17,2.12,D,0
52.40256,28.66014,333.44,0.4,0.45,2018-05-12,1008,N20,VIIRS,n,2,300.7,3.28,D,0
53.23664,32.24008,336.39,0.45,0.39,2018-05-12,1008,N20,VIIRS,n,2,298.14,3.98,D,0
53.23592,32.2402,335.56,0.45,0.39,2018-05-12,1008,N20,VIIRS,n,2,298.05,4.58,D,0
52.84372,29.99123,326.44,0.53,0.42,2018-05-12,1008,N20,VIIRS,l,2,299.31,4.11,D,2
53.35978,31.41893,330.24,0.47,0.4,2018-05-12,1009,N20,VIIRS,n,2,296.42,3.92,D,0
52.19875,25.80267,335.61,0.53,0.5,2018-05-12,1009,N20,VIIRS,n,2,295.91,4.78,D,0
52.19931,25.80362,334.71,0.52,0.5,2018-05-12,1009,N20,VIIRS,n,2,294.85,3.8,D,0
52.96129,28.46726,348.77,0.4,0.44,2018-05-12,1009,N20,VIIRS,n,2,308.56,25.68,D,0
54.64116,29.53665,329.76,0.5,0.41,2018-05-12,1009,N20,VIIRS,n,2,290.2,2.74,D,0
54.84175,29.18601,326.27,0.51,0.41,2018-05-12,1009,N20,VIIRS,n,2,294.19,2.26,D,0
55.28558,30.64229,328.92,0.45,0.39,2018-05-12,1009,N20,VIIRS,n,2,294.61,2.29,D,0
55.28374,30.64171,334.93,0.45,0.39,2018-05-12,1009,N20,VIIRS,n,2,295.47,2.7,D,0
55.36563,30.66725,326.15,0.45,0.39,2018-05-12,1009,N20,VIIRS,n,2,293.75,2.33,D,0
54.76078,26.16626,329.83,0.43,0.46,2018-05-12,1009,N20,VIIRS,n,2,301.89,2.9,D,0
55.603,28.68536,326.24,0.51,0.41,2018-05-12,1009,N20,VIIRS,n,2,292.99,2.22,D,0
55.60654,28.68292,338.37,0.51,0.41,2018-05-12,1009,N20,VIIRS,n,2,298.16,5.38,D,0
51.93728,27.05179,329.81,0.37,0.58,2018-05-12,1149,N20,VIIRS,n,2,298.41,2.49,D,0
52.1972,25.80091,327.36,0.32,0.55,2018-05-12,1149,N20,VIIRS,n,2,290.75,1.85,D,0
52.38344,30.88686,330.82,0.54,0.68,2018-05-12,1149,N20,VIIRS,n,2,293.97,15.37,D,0
52.38347,30.87873,353.68,0.54,0.68,2018-05-12,1149,N20,VIIRS,n,2,297.88,23.01,D,0
55.60357,28.68811,347.68,0.45,0.63,2018-05-12,1150,N20,VIIRS,n,2,295.6,6,D,0
55.5321,28.51633,314.27,0.45,0.39,2018-05-13,0000,N20,VIIRS,n,2,283.41,1.63,N,0
55.50544,28.58864,301.57,0.45,0.39,2018-05-13,0000,N20,VIIRS,n,2,283.08,0.56,N,2
54.70033,30.86672,297,0.4,0.37,2018-05-13,0000,N20,VIIRS,n,2,283.92,0.43,N,0
53.27148,24.44406,316.67,0.38,0.44,2018-05-13,0001,N20,VIIRS,n,2,283.41,2.11,N,2
52.18607,24.0609,298.2,0.39,0.44,2018-05-13,0001,N20,VIIRS,n,2,279.16,0.57,N,0
55.52911,28.51814,319.8,0.46,0.63,2018-05-13,0140,N20,VIIRS,n,2,280.33,1.87,N,0
53.2709,24.44608,301.34,0.4,0.6,2018-05-13,0141,N20,VIIRS,n,2,278.48,1.37,N,2
53.27061,24.44535,308.22,0.4,0.6,2018-05-13,0141,N20,VIIRS,n,2,279.62,1.22,N,2
52.18846,24.06463,295.31,0.42,0.61,2018-05-13,0141,N20,VIIRS,n,2,279.82,0.41,N,0
54.10078,31.47278,340.41,0.43,0.46,2018-05-13,0950,N20,VIIRS,n,2,296.44,3.28,D,0
54.1062,31.4761,329.98,0.43,0.46,2018-05-13,0950,N20,VIIRS,l,2,301.29,3.47,D,0
52.95499,25.75311,340.51,0.38,0.59,2018-05-13,0950,N20,VIIRS,n,2,291.4,7.21,D,0
55.35093,30.77875,327.32,0.42,0.45,2018-05-13,0950,N20,VIIRS,n,2,293.79,2.17,D,0
51.81915,24.14299,337.19,0.53,0.42,2018-05-13,1130,N20,VIIRS,n,2,296.36,4.77,D,0
51.82298,24.14206,328.93,0.53,0.42,2018-05-13,1130,N20,VIIRS,n,2,294.83,4.77,D,0
52.72718,28.23388,338.58,0.52,0.5,2018-05-13,1130,N20,VIIRS,n,2,294.92,3.89,D,0
52.68976,25.06622,335.63,0.39,0.44,2018-05-13,1130,N20,VIIRS,n,2,294.68,3.25,D,0
53.8794,30.56968,335.16,0.33,0.56,2018-05-13,1131,N20,VIIRS,n,2,295.87,2.35,D,0
54.10577,31.46226,342.69,0.37,0.58,2018-05-13,1131,N20,VIIRS,n,2,293.4,6.11,D,0
52.29128,26.68059,304.69,0.47,0.48,2018-05-13,2342,N20,VIIRS,n,2,277.03,2.02,N,0
52.292,26.68152,299.47,0.47,0.48,2018-05-13,2342,N20,VIIRS,n,2,276.73,1.06,N,0
52.84859,29.98954,302.81,0.44,0.63,2018-05-14,0122,N20,VIIRS,n,2,279.05,1.27,N,2
52.84661,29.99541,299.7,0.44,0.63,2018-05-14,0122,N20,VIIRS,n,2,279.19,1.27,N,2
53.2728,24.44508,301.84,0.53,0.5,2018-05-14,0122,N20,VIIRS,n,2,274.86,1.3,N,2
53.269,24.44278,295.57,0.53,0.5,2018-05-14,0122,N20,VIIRS,n,2,275.04,2.15,N,2
54.0108,31.48305,330.43,0.47,0.48,2018-05-14,1112,N20,VIIRS,n,2,295.58,2.58,D,0
52.84765,29.99418,307.79,0.55,0.51,2018-05-14,2323,N20,VIIRS,n,2,270.11,1.6,N,2
52.86365,27.90962,328.29,0.39,0.36,2018-05-15,1052,N20,VIIRS,n,2,288.89,1.87,D,0
52.86693,27.90837,335.09,0.39,0.36,2018-05-15,1052,N20,VIIRS,n,2,290.89,1.87,D,0
53.27126,24.44124,304.63,0.41,0.37,2018-05-16,0045,N20,VIIRS,n,2,275.38,0.98,N,2
52.2758,30.44882,348.04,0.39,0.36,2018-05-16,1033,N20,VIIRS,n,2,290.98,13.38,D,0
52.27491,30.44328,327.28,0.39,0.36,2018-05-16,1033,N20,VIIRS,n,2,284.39,3.84,D,0
53.44063,29.12004,325.06,0.39,0.36,2018-05-16,1034,N20,VIIRS,n,2,289.53,3.31,D,0
51.89119,29.34212,303.91,0.42,0.38,2018-05-17,0026,N20,VIIRS,n,2,283.97,1.14,N,2
53.27239,24.44195,295.8,0.67,0.74,2018-05-17,0206,N20,VIIRS,n,2,280.26,0.94,N,2
53.26834,24.4428,297.79,0.67,0.74,2018-05-17,0206,N20,VIIRS,n,2,279.96,1.03,N,2
51.88855,29.33988,335.07,0.52,0.42,2018-05-17,1014,N20,VIIRS,n,2,291.43,3.48,D,2
53.2065,32.18173,332.79,0.42,0.37,2018-05-17,1015,N20,VIIRS,n,2,296.21,2.8,D,0
52.84512,29.98831,328.17,0.48,0.4,2018-05-17,1015,N20,VIIRS,l,2,302.95,2.83,D,2
53.37368,30.54219,346.64,0.45,0.39,2018-05-17,1015,N20,VIIRS,n,2,301.08,6.49,D,0
51.58203,28.7715,347.25,0.51,0.66,2018-05-17,1155,N20,VIIRS,n,2,287.43,6.26,D,0
51.58745,28.77393,326.49,0.51,0.66,2018-05-17,1155,N20,VIIRS,n,2,287.89,4.93,D,0
53.67162,31.82739,298.79,0.38,0.36,2018-05-18,0007,N20,VIIRS,n,2,285.63,0.71,N,2
53.58841,31.95382,297.15,0.39,0.36,2018-05-18,0007,N20,VIIRS,n,2,283.19,0.69,N,2
53.39497,32.01429,300.05,0.39,0.36,2018-05-18,0007,N20,VIIRS,n,2,281.12,0.28,N,2
52.84882,29.99409,298.55,0.39,0.36,2018-05-18,0007,N20,VIIRS,n,2,274.87,1.03,N,2
52.84557,29.99275,320.81,0.39,0.36,2018-05-18,0007,N20,VIIRS,n,2,274.84,1.03,N,2
52.84642,29.98712,300.49,0.39,0.36,2018-05-18,0007,N20,VIIRS,n,2,273.37,1.49,N,2
51.89767,29.33191,296.47,0.39,0.36,2018-05-18,0007,N20,VIIRS,n,2,285.69,1.16,N,0
51.89275,29.34171,306.27,0.39,0.36,2018-05-18,0007,N20,VIIRS,n,2,284.5,0.83,N,2
51.88949,29.34045,331.12,0.39,0.36,2018-05-18,0007,N20,VIIRS,n,2,283.5,2.28,N,2
52.84573,29.99614,295.09,0.74,0.76,2018-05-18,0147,N20,VIIRS,n,2,280.4,1.74,N,2
51.89251,29.34416,321.54,0.77,0.77,2018-05-18,0147,N20,VIIRS,n,2,279.71,4.73,N,2
51.89358,29.34804,296.86,0.77,0.78,2018-05-18,0147,N20,VIIRS,n,2,279.6,1.35,N,2
51.88757,29.34169,318.74,0.77,0.78,2018-05-18,0147,N20,VIIRS,n,2,279.84,2.92,N,2
51.58017,28.76818,330.95,0.56,0.51,2018-05-18,0956,N20,VIIRS,n,2,291.4,4.13,D,0
53.14141,30.81175,297.17,0.45,0.39,2018-05-18,2348,N20,VIIRS,n,2,281.08,0.56,N,0
52.84418,29.99565,337.58,0.35,0.57,2018-05-19,0937,N20,VIIRS,n,2,291.75,7.49,D,2
52.84278,29.99101,343.91,0.35,0.57,2018-05-19,0937,N20,VIIRS,n,2,294.51,8.66,D,2
55.48231,28.60287,338.66,0.63,0.54,2018-05-19,0938,N20,VIIRS,n,2,288.33,7.82,D,0
55.48457,28.60429,337.64,0.43,0.46,2018-05-19,1118,N20,VIIRS,n,2,289.9,5.34,D,0
55.48408,28.59743,335.29,0.43,0.46,2018-05-19,1118,N20,VIIRS,n,2,293.49,6.38,D,0
55.48951,28.59993,315.92,0.57,0.52,2018-05-19,2328,N20,VIIRS,n,2,276.63,1.47,N,0
55.48472,28.59914,340.31,0.57,0.52,2018-05-19,2328,N20,VIIRS,n,2,279.48,11.48,N,0
53.83941,27.60527,313.7,0.6,0.53,2018-05-19,2329,N20,VIIRS,n,2,280.22,1.8,N,3
53.39566,32.0151,306.67,0.4,0.44,2018-05-19,2329,N20,VIIRS,n,2,284.39,1.22,N,2
53.27499,24.4429,307.21,0.41,0.6,2018-05-19,2329,N20,VIIRS,n,2,278.63,0.57,N,2
53.27167,24.4435,318.7,0.4,0.6,2018-05-19,2329,N20,VIIRS,n,2,282.46,1.69,N,2
52.85307,29.99652,296.77,0.47,0.48,2018-05-19,2329,N20,VIIRS,n,2,284.62,0.96,N,2
52.84914,29.98859,324.86,0.47,0.48,2018-05-19,2329,N20,VIIRS,n,2,284.15,2.59,N,2
55.48507,28.59717,336.57,0.49,0.49,2018-05-20,0109,N20,VIIRS,n,2,277.53,3.12,N,0
55.48615,28.59839,336.08,0.49,0.49,2018-05-20,0109,N20,VIIRS,n,2,277.29,6.08,N,0
53.58825,31.95435,295.4,0.38,0.58,2018-05-20,0109,N20,VIIRS,n,2,278.45,0.37,N,2
52.84673,29.9878,309.8,0.34,0.56,2018-05-20,0109,N20,VIIRS,n,2,279.42,1.23,N,2
52.84534,29.99236,310.88,0.34,0.56,2018-05-20,0109,N20,VIIRS,n,2,281.27,1.23,N,2
53.26924,24.44473,312.89,0.41,0.45,2018-05-20,0110,N20,VIIRS,n,2,281.08,1.35,N,2
55.48423,28.6039,330.07,0.46,0.63,2018-05-20,0919,N20,VIIRS,n,2,286.75,5.2,D,0
55.48198,28.59764,349.91,0.46,0.63,2018-05-20,0919,N20,VIIRS,n,2,287.16,5.2,D,0
53.26958,24.44489,330.23,0.38,0.36,2018-05-20,1059,N20,VIIRS,n,2,299.93,2.96,D,2
54.19192,28.50653,325.39,0.44,0.38,2018-05-20,1059,N20,VIIRS,l,2,300.14,2.48,D,0
55.48771,28.59362,305.21,0.44,0.62,2018-05-20,2309,N20,VIIRS,n,2,278.15,1.04,N,0
55.48766,28.60077,308.48,0.44,0.62,2018-05-20,2309,N20,VIIRS,n,2,279.24,1.04,N,0
55.48804,28.59896,331.73,0.44,0.62,2018-05-20,2309,N20,VIIRS,n,2,278.93,2.94,N,0
53.7111,23.70995,298.9,0.69,0.74,2018-05-20,2310,N20,VIIRS,n,2,278.26,1.01,N,0
53.26986,24.44149,309.43,0.64,0.72,2018-05-20,2310,N20,VIIRS,n,2,279.89,2.31,N,2
53.2745,24.44348,309.72,0.64,0.72,2018-05-20,2310,N20,VIIRS,n,2,279.67,1.9,N,2
52.8515,29.99003,297.57,0.37,0.58,2018-05-20,2310,N20,VIIRS,n,2,277.85,1.04,N,2
52.84609,29.98955,336.39,0.37,0.58,2018-05-20,2310,N20,VIIRS,n,2,280.84,3.5,N,2
52.84978,29.98829,318.07,0.37,0.58,2018-05-20,2310,N20,VIIRS,n,2,278.87,2.13,N,2
52.84961,29.99391,316.25,0.37,0.58,2018-05-20,2310,N20,VIIRS,n,2,278.52,2.13,N,2
51.88848,29.33824,306.23,0.39,0.6,2018-05-20,2310,N20,VIIRS,n,2,278.59,1.51,N,2
55.48675,28.60264,342.35,0.52,0.41,2018-05-21,0050,N20,VIIRS,n,2,281.64,7.2,N,0
53.7137,23.71123,301.44,0.42,0.37,2018-05-21,0051,N20,VIIRS,n,2,280.33,0.92,N,0
53.27085,24.44486,315.14,0.44,0.38,2018-05-21,0051,N20,VIIRS,n,2,282.08,1.94,N,2
51.89104,29.33905,308.59,0.45,0.47,2018-05-21,0051,N20,VIIRS,n,2,279.66,0.78,N,2
52.30232,26.92987,333.83,0.41,0.37,2018-05-21,1040,N20,VIIRS,n,2,288.83,3.25,D,0
52.67883,28.10742,343.73,0.39,0.36,2018-05-21,1040,N20,VIIRS,n,2,290.25,6.19,D,0
53.62552,30.83401,331.29,0.39,0.36,2018-05-21,1040,N20,VIIRS,n,2,295.29,3.47,D,0
53.33867,24.36553,329.35,0.45,0.39,2018-05-21,1040,N20,VIIRS,n,2,296.91,1.63,D,0
55.318,30.72316,332.78,0.4,0.37,2018-05-21,1040,N20,VIIRS,n,2,298.29,3.06,D,0
55.48879,28.59468,330.39,0.68,0.74,2018-05-21,2250,N20,VIIRS,n,2,279.6,3.26,N,0
55.48916,28.59023,305.55,0.68,0.74,2018-05-21,2250,N20,VIIRS,n,2,280.18,2.45,N,0
55.48948,28.60132,310.13,0.67,0.74,2018-05-21,2250,N20,VIIRS,n,2,279.82,2.59,N,0
55.53037,28.51699,295.01,0.4,0.37,2018-05-22,0031,N20,VIIRS,n,2,280.62,0.75,N,0
53.27064,24.44023,307.63,0.38,0.36,2018-05-22,0032,N20,VIIRS,n,2,282.43,1.23,N,2
53.26976,24.44588,299.22,0.38,0.36,2018-05-22,0032,N20,VIIRS,n,2,282.57,0.94,N,2
53.26993,24.44492,297.19,0.76,0.77,2018-05-22,0212,N20,VIIRS,n,2,279.46,1.34,N,2
52.28424,25.54835,340.42,0.41,0.45,2018-05-22,1021,N20,VIIRS,n,2,296.21,4.89,D,0
52.97675,25.02989,326.91,0.41,0.45,2018-05-22,1021,N20,VIIRS,n,2,289.88,2.33,D,0
53.26928,24.44372,326.92,0.39,0.6,2018-05-22,1202,N20,VIIRS,n,2,293.91,2.38,D,2
53.39371,32.01542,295.6,0.4,0.37,2018-05-23,0013,N20,VIIRS,n,2,282.49,0.86,N,2
52.84675,29.98771,310.77,0.39,0.36,2018-05-23,0013,N20,VIIRS,n,2,281.41,1.9,N,2
52.84583,29.9933,319.71,0.39,0.36,2018-05-23,0013,N20,VIIRS,n,2,279.28,1.84,N,2
52.30639,30.23778,298.3,0.39,0.36,2018-05-23,0013,N20,VIIRS,n,2,281.35,0.51,N,0
53.27068,24.44348,306.75,0.52,0.67,2018-05-23,0153,N20,VIIRS,n,2,282.49,1.38,N,2
51.89008,29.34054,344.38,0.45,0.47,2018-05-23,1002,N20,VIIRS,n,2,302.53,7.25,D,2
52.437,30.57663,327.66,0.39,0.44,2018-05-23,1002,N20,VIIRS,n,2,293.41,1.73,D,0
52.02779,28.5739,334.39,0.48,0.48,2018-05-23,1002,N20,VIIRS,n,2,293.08,4,D,0
52.46701,30.1616,329.81,0.41,0.45,2018-05-23,1002,N20,VIIRS,n,2,294.08,2.7,D,0
52.84505,29.98865,327.95,0.4,0.44,2018-05-23,1002,N20,VIIRS,l,2,302.8,5.66,D,2
54.07637,31.53799,331.24,0.5,0.41,2018-05-23,1002,N20,VIIRS,n,2,292.66,3.09,D,0
54.07754,31.53808,329.81,0.5,0.41,2018-05-23,1002,N20,VIIRS,n,2,292.4,3.65,D,0
53.5805,29.16194,352.87,0.41,0.45,2018-05-23,1002,N20,VIIRS,n,2,296.58,9.86,D,0
51.88984,29.34475,329.62,0.39,0.59,2018-05-23,1143,N20,VIIRS,n,2,294.63,4.36,D,2
51.88971,29.33902,331.08,0.39,0.59,2018-05-23,1143,N20,VIIRS,n,2,297.55,4.77,D,2
53.26873,24.44134,326.82,0.5,0.49,2018-05-23,1143,N20,VIIRS,n,2,300.57,2.68,D,2
52.847,29.99319,327.41,0.43,0.38,2018-05-23,2354,N20,VIIRS,n,2,286.99,3.76,N,2
53.27121,24.44522,315.85,0.44,0.46,2018-05-23,2354,N20,VIIRS,n,2,284.3,2.45,N,2
53.27102,24.44086,298.8,0.35,0.57,2018-05-24,0135,N20,VIIRS,n,2,280.8,0.78,N,2
53.26957,24.44555,297.9,0.35,0.57,2018-05-24,0135,N20,VIIRS,n,2,281.19,1.01,N,2
52.90858,28.45949,325.7,0.34,0.56,2018-05-24,0944,N20,VIIRS,n,2,288.86,1.82,D,0
52.26823,29.3974,325.35,0.5,0.49,2018-05-24,1124,N20,VIIRS,n,2,296.05,2.75,D,0
52.19492,27.08239,329.13,0.4,0.44,2018-05-24,1124,N20,VIIRS,n,2,296.51,4.69,D,0
52.19899,27.08154,340.82,0.4,0.44,2018-05-24,1124,N20,VIIRS,n,2,296.25,4.69,D,0
52.98289,27.03765,330.94,0.41,0.45,2018-05-24,1124,N20,VIIRS,n,2,291.4,3.27,D,0
53.14335,30.81067,299,0.38,0.43,2018-05-24,2335,N20,VIIRS,n,2,283.86,0.61,N,0
53.27101,24.44106,316.85,0.35,0.57,2018-05-24,2335,N20,VIIRS,n,2,283.35,1.9,N,2
53.27129,24.44182,318.72,0.35,0.57,2018-05-24,2335,N20,VIIRS,n,2,284.34,2.43,N,2
52.85342,29.99831,304.57,0.41,0.45,2018-05-24,2335,N20,VIIRS,n,2,284.24,1.28,N,2
52.84979,29.99127,340.69,0.41,0.45,2018-05-24,2335,N20,VIIRS,n,2,283.34,3.13,N,2
52.84568,29.99032,312.08,0.41,0.45,2018-05-24,2335,N20,VIIRS,n,2,283.28,3.13,N,2
51.89389,29.34297,300.34,0.42,0.45,2018-05-24,2336,N20,VIIRS,n,2,273.17,0.94,N,2
51.89021,29.33585,301.76,0.42,0.45,2018-05-24,2336,N20,VIIRS,n,2,272.81,0.94,N,2
52.84927,29.99565,295.61,0.39,0.59,2018-05-25,0116,N20,VIIRS,n,2,269.57,1.19,N,2
52.84785,29.99201,305.86,0.39,0.59,2018-05-25,0116,N20,VIIRS,n,2,273.2,1.01,N,2
51.89368,29.34588,298.89,0.4,0.6,2018-05-25,0116,N20,VIIRS,n,2,282.94,0.99,N,2
51.88874,29.34185,309.95,0.4,0.6,2018-05-25,0116,N20,VIIRS,n,2,283.26,0.99,N,2
53.27165,24.44613,311.7,0.47,0.47,2018-05-25,0116,N20,VIIRS,n,2,283.03,1.35,N,2
53.27051,24.44475,313.19,0.47,0.47,2018-05-25,0116,N20,VIIRS,n,2,283.15,2,N,2
52.84721,29.99354,332.67,0.52,0.42,2018-05-25,1105,N20,VIIRS,n,2,299.75,4.48,D,2
52.98384,29.0791,329.55,0.49,0.4,2018-05-25,1105,N20,VIIRS,n,2,298.44,4.1,D,0
52.5765,24.47935,332.27,0.39,0.36,2018-05-25,1105,N20,VIIRS,n,2,300.27,2.02,D,0
52.89579,25.61029,333.65,0.4,0.37,2018-05-25,1105,N20,VIIRS,n,2,300.67,2.59,D,0
53.26904,24.44242,326.51,0.39,0.36,2018-05-25,1105,N20,VIIRS,l,2,299.82,2.49,D,2
53.27031,24.43861,301.91,0.55,0.68,2018-05-25,2316,N20,VIIRS,n,2,281.82,2.8,N,2
52.96983,27.45309,301.1,0.41,0.61,2018-05-25,2316,N20,VIIRS,n,2,283.66,0.33,N,0
52.97248,27.45541,298.12,0.41,0.61,2018-05-25,2316,N20,VIIRS,n,2,283.5,0.39,N,0
52.85113,29.98964,297.92,0.32,0.55,2018-05-25,2316,N20,VIIRS,n,2,283.87,1.2,N,2
52.84608,29.98902,332.41,0.32,0.55,2018-05-25,2316,N20,VIIRS,n,2,284.48,1.2,N,2
52.84588,29.99381,295.88,0.32,0.55,2018-05-25,2316,N20,VIIRS,n,2,282.64,1.2,N,2
51.89514,29.33883,311.36,0.34,0.56,2018-05-25,2317,N20,VIIRS,n,2,286.55,0.86,N,2
51.88998,29.33823,303.17,0.34,0.56,2018-05-25,2317,N20,VIIRS,n,2,286.09,0.65,N,2
51.88855,29.33815,302.47,0.34,0.56,2018-05-25,2317,N20,VIIRS,n,2,286.23,0.47,N,2
52.84927,29.99129,313.51,0.51,0.5,2018-05-26,0057,N20,VIIRS,n,2,284.04,2.61,N,2
53.27232,24.44217,312.46,0.48,0.4,2018-05-26,0057,N20,VIIRS,n,2,285.16,1.4,N,2
52.8416,29.99235,337.53,0.67,0.74,2018-05-26,0906,N20,VIIRS,n,2,293.31,10.62,D,0
53.69616,29.97237,326.41,0.62,0.72,2018-05-26,0906,N20,VIIRS,n,2,288.9,2.71,D,0
51.72342,28.25068,326.8,0.38,0.36,2018-05-26,1046,N20,VIIRS,n,2,298.22,1.52,D,0
52.39394,30.79148,334.89,0.41,0.37,2018-05-26,1046,N20,VIIRS,n,2,300.49,2.94,D,0
52.84653,29.98791,336.46,0.4,0.37,2018-05-26,1046,N20,VIIRS,l,2,309.35,6.14,D,2
52.32471,25.25949,336.79,0.41,0.37,2018-05-26,1046,N20,VIIRS,n,2,290.6,4.27,D,0
52.87899,28.04778,332.59,0.38,0.36,2018-05-26,1046,N20,VIIRS,n,2,304.7,4.24,D,0
52.80179,27.18047,328.64,0.39,0.36,2018-05-26,1046,N20,VIIRS,n,2,299.55,2.06,D,0
53.69709,29.97289,331.48,0.4,0.37,2018-05-26,1046,N20,VIIRS,n,2,298.63,7.66,D,0
53.6963,29.96688,337,0.4,0.37,2018-05-26,1046,N20,VIIRS,n,2,304.11,22.57,D,0
53.69963,29.96562,339.3,0.4,0.37,2018-05-26,1046,N20,VIIRS,n,2,296.04,10.02,D,0
53.27026,24.44199,328.05,0.41,0.37,2018-05-26,1046,N20,VIIRS,l,2,302.22,1.83,D,2
54.05001,28.15291,349.45,0.39,0.36,2018-05-26,1046,N20,VIIRS,n,2,296.33,4.52,D,0
53.39573,32.01413,300.95,0.42,0.61,2018-05-26,2257,N20,VIIRS,n,2,283.76,0.86,N,2
53.39408,32.01474,297.78,0.42,0.61,2018-05-26,2257,N20,VIIRS,n,2,282.68,0.89,N,2
52.84689,29.98912,328.1,0.51,0.66,2018-05-26,2257,N20,VIIRS,n,2,282.49,2.72,N,2
51.88874,29.33274,296.11,0.54,0.68,2018-05-26,2258,N20,VIIRS,n,2,282.17,0.59,N,2
52.84859,29.99111,337.17,0.52,0.41,2018-05-27,0038,N20,VIIRS,n,2,283.43,6.6,N,2
53.27016,24.44376,317.94,0.39,0.36,2018-05-27,0038,N20,VIIRS,n,2,287.19,2.33,N,2
51.88812,29.34114,307.44,0.52,0.41,2018-05-27,0038,N20,VIIRS,n,2,281.86,1.02,N,2
51.89063,29.33983,338.93,0.42,0.38,2018-05-27,1027,N20,VIIRS,n,2,309.99,4.35,D,2
52.3998,31.09479,343.68,0.39,0.36,2018-05-27,1027,N20,VIIRS,n,2,301.01,2.06,D,0
52.46667,30.65403,343.75,0.4,0.37,2018-05-27,1027,N20,VIIRS,n,2,301.71,7.92,D,0
52.41013,30.1914,333.67,0.4,0.37,2018-05-27,1027,N20,VIIRS,n,2,298.51,6.34,D,0
52.84523,29.9935,334.31,0.4,0.37,2018-05-27,1027,N20,VIIRS,l,2,306.94,2.07,D,2
52.98588,29.08201,327.23,0.42,0.37,2018-05-27,1027,N20,VIIRS,n,2,299.12,3.3,D,0
53.07034,26.64834,336.14,0.48,0.4,2018-05-27,1027,N20,VIIRS,n,2,304.22,3.51,D,0
53.05532,25.67982,337.02,0.51,0.41,2018-05-27,1027,N20,VIIRS,n,2,302.21,4.23,D,0
53.05891,25.6777,335.22,0.51,0.41,2018-05-27,1027,N20,VIIRS,n,2,308.08,4.23,D,0
53.04794,25.55294,334.56,0.52,0.41,2018-05-27,1027,N20,VIIRS,n,2,298.92,7.41,D,0
55.20603,28.62664,326.91,0.4,0.37,2018-05-27,1028,N20,VIIRS,n,2,296.74,1.4,D,0
51.42565,29.41292,337.63,0.74,0.76,2018-05-27,1208,N20,VIIRS,n,2,292.01,7.22,D,0
52.86003,27.09613,347.33,0.59,0.7,2018-05-27,1208,N20,VIIRS,n,2,299.98,9.67,D,0
52.8588,27.09627,327.56,0.59,0.7,2018-05-27,1208,N20,VIIRS,n,2,298,4.46,D,0
52.86533,27.09653,340.87,0.59,0.7,2018-05-27,1208,N20,VIIRS,n,2,293.86,4.32,D,0
53.04445,25.55339,335.69,0.51,0.66,2018-05-27,1208,N20,VIIRS,n,2,295.08,3.93,D,0
53.67233,31.8281,297.43,0.42,0.38,2018-05-28,0019,N20,VIIRS,n,2,284.68,0.86,N,2
53.5878,31.95127,295.54,0.42,0.38,2018-05-28,0019,N20,VIIRS,n,2,282.28,0.61,N,2
53.39629,32.01649,298.23,0.43,0.38,2018-05-28,0019,N20,VIIRS,n,2,283.44,0.83,N,2
54.23157,25.99871,328.58,0.4,0.37,2018-05-28,0019,N20,VIIRS,n,2,283.87,2.98,N,0
52.85191,29.99995,298.11,0.4,0.37,2018-05-28,0019,N20,VIIRS,n,2,285.07,0.88,N,2
52.84966,29.99262,296.71,0.4,0.37,2018-05-28,0019,N20,VIIRS,n,2,283.04,3.42,N,2
52.8464,29.99103,328.31,0.4,0.37,2018-05-28,0019,N20,VIIRS,n,2,286.53,3.42,N,2
53.27168,24.44423,308.19,0.42,0.37,2018-05-28,0019,N20,VIIRS,n,2,281.19,1.22,N,2
52.84486,29.98884,338.3,0.53,0.42,2018-05-28,1008,N20,VIIRS,l,2,311.17,12.23,D,2
52.38902,27.35688,330.66,0.45,0.47,2018-05-28,1008,N20,VIIRS,n,2,298.57,2.22,D,0
53.75822,30.22339,340.59,0.5,0.41,2018-05-28,1009,N20,VIIRS,n,2,296.37,5.33,D,0
53.91744,27.71265,329.79,0.4,0.44,2018-05-28,1009,N20,VIIRS,n,2,300.95,3.19,D,0
51.88866,29.34111,329.4,0.46,0.63,2018-05-28,1149,N20,VIIRS,l,2,303.02,2.92,D,2
52.00714,25.37855,330.51,0.62,0.54,2018-05-28,1149,N20,VIIRS,n,2,298.92,1.9,D,0
52.83371,29.91187,367,0.49,0.65,2018-05-28,1149,N20,VIIRS,h,2,295.57,17.24,D,0
52.83369,29.90439,341.17,0.49,0.65,2018-05-28,1149,N20,VIIRS,n,2,293.68,13.91,D,0
52.84608,29.99422,328.82,0.49,0.65,2018-05-28,1149,N20,VIIRS,l,2,299.98,7.74,D,2
53.67082,31.82698,299.39,0.39,0.36,2018-05-29,0000,N20,VIIRS,n,2,286.09,0.76,N,2
54.26236,26.02014,314.47,0.52,0.42,2018-05-29,0000,N20,VIIRS,n,2,286.08,1.19,N,0
54.26038,26.02057,316.77,0.52,0.42,2018-05-29,0000,N20,VIIRS,n,2,286.54,1.81,N,0
53.14052,30.81084,302.9,0.39,0.36,2018-05-29,0000,N20,VIIRS,n,2,284.52,0.57,N,0
52.84649,29.98954,338.32,0.4,0.37,2018-05-29,0001,N20,VIIRS,n,2,288.81,6.77,N,2
52.83221,29.90946,298.77,0.4,0.37,2018-05-29,0001,N20,VIIRS,n,2,287.7,0.99,N,0
53.27354,24.44583,304.04,0.39,0.44,2018-05-29,0001,N20,VIIRS,n,2,285.8,0.54,N,2
53.26955,24.44481,296.42,0.39,0.44,2018-05-29,0001,N20,VIIRS,n,2,286.11,0.57,N,2
51.88897,29.33529,303.03,0.4,0.37,2018-05-29,0001,N20,VIIRS,n,2,287.05,0.67,N,2
51.75498,28.19327,313.08,0.43,0.38,2018-05-29,0001,N20,VIIRS,n,2,280.8,1.43,N,0
51.61663,27.30441,295.81,0.45,0.39,2018-05-29,0001,N20,VIIRS,n,2,283.89,0.8,N,0
51.89157,29.34488,307.71,0.68,0.74,2018-05-29,0141,N20,VIIRS,n,2,283.88,1.36,N,2
53.27055,24.44356,308.46,0.4,0.6,2018-05-29,0141,N20,VIIRS,n,2,285.78,0.83,N,2
52.84374,29.99057,343.08,0.53,0.5,2018-05-29,0950,N20,VIIRS,n,2,304.83,13.2,D,2
52.83258,29.91189,341.51,0.53,0.5,2018-05-29,0950,N20,VIIRS,n,2,297.27,5.96,D,0
52.76297,24.87796,343.05,0.38,0.43,2018-05-29,1130,N20,VIIRS,n,2,308.75,3.97,D,0
53.49048,31.87167,317.77,0.47,0.4,2018-05-29,2341,N20,VIIRS,n,2,281.29,1.26,N,0
53.49113,31.87273,314.1,0.47,0.4,2018-05-29,2341,N20,VIIRS,n,2,281.2,1.82,N,0
53.27283,24.4439,303.52,0.6,0.53,2018-05-29,2342,N20,VIIRS,n,2,286.45,1.39,N,2
52.84937,29.98822,327.62,0.54,0.42,2018-05-29,2342,N20,VIIRS,n,2,288.1,7.38,N,2
52.8471,29.99015,334.65,0.44,0.63,2018-05-30,0122,N20,VIIRS,n,2,285.87,3.85,N,2
53.27422,24.44223,296.48,0.53,0.5,2018-05-30,0122,N20,VIIRS,n,2,283.73,0.58,N,2
53.2617,24.4504,298.4,0.53,0.5,2018-05-30,0122,N20,VIIRS,n,2,286.97,0.73,N,2
51.64732,23.67174,335.47,0.39,0.36,2018-05-30,1111,N20,VIIRS,n,2,303,3.57,D,0
52.24262,27.37881,331.96,0.47,0.4,2018-05-30,1111,N20,VIIRS,n,2,300.44,5.36,D,0
52.84628,29.98926,340.45,0.4,0.44,2018-05-30,1111,N20,VIIRS,n,2,302.46,4.76,D,2
55.1087,30.78507,340.98,0.45,0.47,2018-05-30,1112,N20,VIIRS,n,2,300.18,6.12,D,0
55.91457,27.71229,331.62,0.54,0.42,2018-05-30,1112,N20,VIIRS,n,2,296.91,3.3,D,0
54.2477,28.57885,322.72,0.32,0.55,2018-05-30,2322,N20,VIIRS,n,2,278.49,1.18,N,0
53.67359,31.82575,297.47,0.47,0.48,2018-05-30,2322,N20,VIIRS,n,2,286.82,1,N,2
52.85043,29.98927,318.14,0.55,0.51,2018-05-30,2323,N20,VIIRS,n,2,287.69,2.05,N,2
52.84571,29.98853,326.82,0.55,0.51,2018-05-30,2323,N20,VIIRS,n,2,288.75,3.94,N,2
52.8495,29.99148,331.7,0.55,0.51,2018-05-30,2323,N20,VIIRS,n,2,288.26,6.45,N,2
51.89142,29.33858,296,0.57,0.52,2018-05-30,2323,N20,VIIRS,n,2,285.21,1.34,N,2
53.58746,31.95263,297.22,0.33,0.55,2018-05-31,0103,N20,VIIRS,n,2,281.43,0.53,N,2
54.24635,28.58286,296.34,0.47,0.48,2018-05-31,0103,N20,VIIRS,n,2,283.14,0.88,N,0
52.85299,30.00077,297.79,0.59,0.53,2018-05-31,0103,N20,VIIRS,n,2,286.76,1.17,N,0
52.85088,29.98937,296.26,0.59,0.53,2018-05-31,0103,N20,VIIRS,n,2,284.43,1.17,N,2
52.84647,29.98594,297.6,0.59,0.53,2018-05-31,0103,N20,VIIRS,n,2,284.57,2.09,N,2
52.85477,29.99615,297.02,0.59,0.53,2018-05-31,0103,N20,VIIRS,n,2,286.73,1.67,N,2
52.84595,29.98928,311.75,0.59,0.53,2018-05-31,0103,N20,VIIRS,n,2,285.71,2.3,N,2
53.26996,24.44267,302.28,0.54,0.42,2018-05-31,0103,N20,VIIRS,n,2,287.51,1.16,N,2
53.25915,24.45328,298.46,0.54,0.42,2018-05-31,0103,N20,VIIRS,n,2,287.34,0.73,N,0
51.89127,29.34055,298.01,0.6,0.53,2018-05-31,0103,N20,VIIRS,n,2,287.39,1.76,N,2
52.84562,29.99567,327.55,0.59,0.7,2018-05-31,0912,N20,VIIRS,n,2,293.52,6.82,D,2
54.24631,28.58639,339.63,0.58,0.7,2018-05-31,0913,N20,VIIRS,n,2,284.8,8.14,D,0
54.24663,28.57912,345.83,0.58,0.7,2018-05-31,0913,N20,VIIRS,n,2,285.49,6.37,D,0
52.36853,29.39956,335.7,0.41,0.37,2018-05-31,1052,N20,VIIRS,n,2,291.08,3.47,D,0
52.4591,29.81144,331,0.42,0.37,2018-05-31,1052,N20,VIIRS,n,2,295.18,4.4,D,0
52.84634,29.99137,338.69,0.42,0.38,2018-05-31,1052,N20,VIIRS,n,2,305.17,4.82,D,2
52.55042,27.58932,333.04,0.39,0.36,2018-05-31,1052,N20,VIIRS,l,2,304.65,19.81,D,0
52.43421,26.35765,332.99,0.38,0.36,2018-05-31,1052,N20,VIIRS,l,2,306.64,1.59,D,0
53.0238,29.11522,341.89,0.41,0.37,2018-05-31,1052,N20,VIIRS,n,2,304.22,19.21,D,0
53.02303,29.1092,331.75,0.41,0.37,2018-05-31,1052,N20,VIIRS,n,2,295.68,7.34,D,0
54.24547,28.58217,346.09,0.41,0.37,2018-05-31,1053,N20,VIIRS,n,2,302.07,11.32,D,0
54.24514,28.58066,346.54,0.41,0.37,2018-05-31,1053,N20,VIIRS,n,2,303.28,16.51,D,0
53.68766,23.95809,331.44,0.39,0.36,2018-05-31,1053,N20,VIIRS,l,2,305.75,3.03,D,0
56.00311,28.07336,330.42,0.41,0.37,2018-05-31,1053,N20,VIIRS,n,2,293.46,2.51,D,0
54.24711,28.57739,311.58,0.51,0.66,2018-05-31,2303,N20,VIIRS,n,2,280.77,1.83,N,0
54.24768,28.57804,311.77,0.51,0.66,2018-05-31,2303,N20,VIIRS,n,2,280.72,2,N,0
52.85009,29.99119,367,0.44,0.62,2018-05-31,2304,N20,VIIRS,h,2,284.02,9.15,N,2
51.89223,29.33784,295.6,0.46,0.64,2018-05-31,2304,N20,VIIRS,n,2,282.02,0.49,N,2
51.63688,30.20896,299.29,0.42,0.61,2018-05-31,2304,N20,VIIRS,n,2,278.32,1.12,N,0
51.63677,30.21519,297.79,0.42,0.61,2018-05-31,2304,N20,VIIRS,n,2,278.49,0.96,N,0
51.64098,30.20988,303.99,0.42,0.61,2018-05-31,2304,N20,VIIRS,n,2,278.62,0.81,N,0
51.64084,30.21615,296.7,0.42,0.61,2018-05-31,2304,N20,VIIRS,n,2,278.97,0.81,N,0
54.24655,28.583,304.3,0.49,0.4,2018-06-01,0044,N20,VIIRS,n,2,279.48,1.31,N,0
54.24303,28.58081,300.87,0.49,0.4,2018-06-01,0044,N20,VIIRS,n,2,279.06,1.3,N,0
52.84658,29.99261,337.75,0.39,0.44,2018-06-01,0044,N20,VIIRS,n,2,285.77,8.81,N,2
53.51716,24.18064,299.37,0.4,0.37,2018-06-01,0045,N20,VIIRS,n,2,287.28,0.94,N,0
53.27072,24.44516,296.88,0.41,0.37,2018-06-01,0045,N20,VIIRS,n,2,285.4,0.41,N,2
53.25872,24.4519,300.32,0.41,0.37,2018-06-01,0045,N20,VIIRS,n,2,285.74,0.78,N,2
51.89019,29.3386,301.69,0.39,0.44,2018-06-01,0045,N20,VIIRS,n,2,280.97,0.76,N,2
51.63935,30.21214,304.24,0.43,0.46,2018-06-01,0045,N20,VIIRS,n,2,277.31,0.87,N,0
54.09075,30.78492,328.22,0.72,0.75,2018-06-01,0854,N20,VIIRS,n,2,289.16,3.43,D,0
51.87208,30.72845,329.69,0.39,0.36,2018-06-01,1033,N20,VIIRS,n,2,298.55,4.52,D,0
53.183,29.70167,329.07,0.39,0.36,2018-06-01,1033,N20,VIIRS,l,2,300.86,1.31,D,0
53.91935,27.71605,328.41,0.4,0.37,2018-06-01,1034,N20,VIIRS,l,2,298.85,1.82,D,0
54.32191,28.73092,330.17,0.39,0.36,2018-06-01,1034,N20,VIIRS,n,2,296.3,3.44,D,0
53.93555,25.73344,339.59,0.44,0.39,2018-06-01,1034,N20,VIIRS,n,2,306.78,8.82,D,0
51.89532,29.3355,295.78,0.74,0.76,2018-06-01,2245,N20,VIIRS,n,2,282.79,1.57,N,2
51.89217,29.33114,298.16,0.74,0.76,2018-06-01,2245,N20,VIIRS,n,2,282.36,1.11,N,2
55.50467,28.58884,302.65,0.39,0.36,2018-06-02,0025,N20,VIIRS,n,2,280.64,0.57,N,2
52.85073,29.99504,296.43,0.42,0.38,2018-06-02,0026,N20,VIIRS,n,2,281.35,2.03,N,2
52.8474,29.99329,328.64,0.42,0.38,2018-06-02,0026,N20,VIIRS,n,2,284.02,2.03,N,2
52.85242,28.11029,308.22,0.39,0.37,2018-06-02,0026,N20,VIIRS,n,2,280.35,0.76,N,0
53.27208,24.44537,303.47,0.39,0.36,2018-06-02,0026,N20,VIIRS,n,2,286.35,0.95,N,2
53.26055,24.45311,301.39,0.39,0.36,2018-06-02,0026,N20,VIIRS,n,2,286.49,0.88,N,2
51.89254,29.33988,296.42,0.42,0.38,2018-06-02,0026,N20,VIIRS,n,2,282.49,0.57,N,2
51.61716,27.30777,309.88,0.39,0.36,2018-06-02,0026,N20,VIIRS,n,2,283.49,1.05,N,0
51.61534,27.30586,299.78,0.39,0.36,2018-06-02,0026,N20,VIIRS,n,2,281.31,0.77,N,0
51.61438,27.31139,297.29,0.39,0.36,2018-06-02,0026,N20,VIIRS,n,2,282.15,0.77,N,0
54.25039,31.06951,329.14,0.43,0.38,2018-06-02,1015,N20,VIIRS,l,2,303.14,3.15,D,0
51.61531,27.29803,334.15,0.44,0.62,2018-06-02,1155,N20,VIIRS,n,2,285.97,3.75,D,0
51.61539,27.29911,333.54,0.44,0.62,2018-06-02,1155,N20,VIIRS,n,2,284.83,3.75,D,0
54.62653,26.33608,323.15,0.46,0.39,2018-06-03,0006,N20,VIIRS,n,2,282.2,1.19,N,0
54.25277,28.59374,295.63,0.41,0.37,2018-06-03,0006,N20,VIIRS,n,2,284.46,0.53,N,0
53.58807,31.95267,296.9,0.39,0.36,2018-06-03,0007,N20,VIIRS,n,2,283.76,0.82,N,2
53.3942,32.01445,310.71,0.39,0.36,2018-06-03,0007,N20,VIIRS,n,2,288.93,1.38,N,2
53.27219,24.44481,306.13,0.51,0.41,2018-06-03,0007,N20,VIIRS,n,2,285.54,1.48,N,2
52.84845,29.9894,298.16,0.74,0.76,2018-06-03,0147,N20,VIIRS,n,2,282.2,1.55,N,2
53.79692,27.06524,298.91,0.54,0.68,2018-06-03,0147,N20,VIIRS,n,2,283.06,0.97,N,0
53.27103,24.44284,304.6,0.46,0.63,2018-06-03,0147,N20,VIIRS,n,2,284.17,1.15,N,2
52.84679,29.99176,331.16,0.36,0.57,2018-06-03,1136,N20,VIIRS,l,2,303.13,3.12,D,2
52.84472,29.99067,331.5,0.36,0.57,2018-06-03,1136,N20,VIIRS,l,2,302.58,4.49,D,2
53.3812,30.80366,329.1,0.39,0.6,2018-06-03,1137,N20,VIIRS,n,2,297.89,2.86,D,0
54.17373,26.67039,299.62,0.43,0.46,2018-06-03,2348,N20,VIIRS,n,2,285.01,0.8,N,0
53.3968,32.01387,300.68,0.43,0.38,2018-06-03,2348,N20,VIIRS,n,2,285.2,1.01,N,2
53.14216,30.81231,303.89,0.45,0.39,2018-06-03,2348,N20,VIIRS,n,2,283.56,0.79,N,0
52.85339,29.99075,297.56,0.48,0.4,2018-06-03,2348,N20,VIIRS,n,2,285.85,1.4,N,0
52.84976,29.98966,327.54,0.48,0.4,2018-06-03,2348,N20,VIIRS,n,2,287.06,3.94,N,2
52.84612,29.98857,328.19,0.48,0.4,2018-06-03,2348,N20,VIIRS,n,2,287.94,3.94,N,2
53.27319,24.44495,310.25,0.51,0.5,2018-06-03,2348,N20,VIIRS,n,2,285.4,2.05,N,2
51.89219,29.34079,302.04,0.49,0.4,2018-06-03,2348,N20,VIIRS,n,2,286.39,1.2,N,2
55.52777,28.53367,295.27,0.36,0.57,2018-06-04,0127,N20,VIIRS,n,2,283.42,0.64,N,0
52.85011,29.99451,313.39,0.5,0.66,2018-06-04,0128,N20,VIIRS,n,2,284.81,1.74,N,2
51.89236,29.34039,295.37,0.52,0.67,2018-06-04,0128,N20,VIIRS,n,2,284.74,0.96,N,2
53.10479,29.24871,325.65,0.36,0.58,2018-06-04,0937,N20,VIIRS,n,2,297.92,1.65,D,0
53.04695,28.77369,332.86,0.38,0.59,2018-06-04,0937,N20,VIIRS,n,2,294.93,3.04,D,0
53.04956,28.77073,331.46,0.38,0.59,2018-06-04,0937,N20,VIIRS,n,2,294.06,3.73,D,0
53.05862,25.81625,367,0.49,0.65,2018-06-04,0937,N20,VIIRS,h,2,298.63,36,D,0
53.05639,25.80981,352.74,0.49,0.65,2018-06-04,0937,N20,VIIRS,n,2,297.45,32.19,D,0
53.06381,25.81116,367,0.49,0.65,2018-06-04,0937,N20,VIIRS,h,2,298.29,36,D,0
53.0616,25.80478,353.15,0.49,0.65,2018-06-04,0937,N20,VIIRS,n,2,296.76,32.19,D,0
53.06122,25.811,355.18,0.49,0.65,2018-06-04,0937,N20,VIIRS,n,2,307.66,55.26,D,0
53.05898,25.80462,349.07,0.49,0.65,2018-06-04,0937,N20,VIIRS,n,2,298.69,55.26,D,0
52.18675,30.00579,329.46,0.45,0.47,2018-06-04,1117,N20,VIIRS,n,2,300.54,2.62,D,0
54.18933,28.64474,340.5,0.42,0.45,2018-06-04,1118,N20,VIIRS,n,2,301.18,6.81,D,0
53.39514,32.01517,306.6,0.4,0.44,2018-06-04,2329,N20,VIIRS,n,2,289.81,1.06,N,2
53.27093,24.44317,317.56,0.41,0.6,2018-06-04,2329,N20,VIIRS,n,2,286.08,1.61,N,2
52.85046,29.98806,301.27,0.47,0.48,2018-06-04,2329,N20,VIIRS,n,2,286.96,0.84,N,2
52.84999,29.99515,298.78,0.47,0.48,2018-06-04,2329,N20,VIIRS,n,2,287.78,0.84,N,2
52.8469,29.99028,332.26,0.47,0.48,2018-06-04,2329,N20,VIIRS,n,2,288.81,3.79,N,2
55.4878,28.60271,298.33,0.49,0.49,2018-06-05,0109,N20,VIIRS,n,2,279.02,0.69,N,0
55.17972,29.29144,313.21,0.53,0.5,2018-06-05,0109,N20,VIIRS,n,2,281.1,1.81,N,0
53.58704,31.95216,298,0.38,0.58,2018-06-05,0109,N20,VIIRS,n,2,285.46,0.47,N,2
52.84769,29.99069,308.7,0.34,0.56,2018-06-05,0109,N20,VIIRS,n,2,286.92,0.89,N,2
52.10656,31.7314,327.57,0.52,0.41,2018-06-05,1058,N20,VIIRS,n,2,293.69,2.57,D,0
52.44817,30.91425,329.73,0.49,0.4,2018-06-05,1058,N20,VIIRS,l,2,303.66,2.49,D,0
53.23296,29.82086,338.87,0.46,0.39,2018-06-05,1059,N20,VIIRS,n,2,297.94,6.78,D,0
53.26993,24.44227,295.34,0.64,0.72,2018-06-05,2310,N20,VIIRS,n,2,277.51,1.12,N,2
52.84998,29.99002,320.07,0.45,0.47,2018-06-06,0051,N20,VIIRS,n,2,279.27,2.02,N,2
52.84841,29.99622,313.7,0.45,0.47,2018-06-06,0051,N20,VIIRS,n,2,279.95,1.95,N,2
52.846,29.98726,309.39,0.45,0.47,2018-06-06,0051,N20,VIIRS,n,2,279.15,2.02,N,2
52.84443,29.99347,300,0.45,0.47,2018-06-06,0051,N20,VIIRS,n,2,278.77,1.95,N,2
53.27349,24.44182,298.31,0.44,0.38,2018-06-06,0051,N20,VIIRS,n,2,278.24,1.05,N,2
53.27012,24.43997,298.22,0.44,0.38,2018-06-06,0051,N20,VIIRS,n,2,278.52,1.05,N,2
53.01381,24.07019,333.68,0.46,0.39,2018-06-06,1040,N20,VIIRS,n,2,300.49,2.51,D,0
54.6028,30.37955,328.64,0.39,0.36,2018-06-06,1040,N20,VIIRS,n,2,287.47,2.03,D,0
52.85315,29.99688,297.66,0.46,0.39,2018-06-07,0032,N20,VIIRS,n,2,281.74,1.13,N,2
52.84624,29.99299,326.62,0.46,0.39,2018-06-07,0032,N20,VIIRS,n,2,279.43,3.03,N,2
53.05923,25.79492,311.43,0.39,0.36,2018-06-07,0032,N20,VIIRS,n,2,273.7,1.27,N,0
53.27126,24.44207,317.65,0.38,0.36,2018-06-07,0032,N20,VIIRS,n,2,281.09,1.83,N,2
52.46608,27.95177,318.91,0.42,0.38,2018-06-07,0032,N20,VIIRS,n,2,275.8,2.02,N,0
52.46275,27.95008,310.29,0.42,0.38,2018-06-07,0032,N20,VIIRS,n,2,275.28,1.58,N,0
51.45728,30.32516,337.96,0.45,0.39,2018-06-07,1020,N20,VIIRS,n,2,298.6,4.21,D,0
53.41144,32.10452,330.09,0.39,0.36,2018-06-07,1021,N20,VIIRS,n,2,296.53,1.81,D,0
52.72274,25.05635,339.54,0.41,0.45,2018-06-07,1021,N20,VIIRS,n,2,296.69,4.44,D,0
53.05329,25.80071,346.51,0.57,0.43,2018-06-07,1021,N20,VIIRS,n,2,296.37,14.13,D,0
53.05891,25.80639,339.13,0.57,0.43,2018-06-07,1021,N20,VIIRS,n,2,302.26,19.22,D,0
53.05704,25.79835,355.25,0.57,0.43,2018-06-07,1021,N20,VIIRS,n,2,302.17,19.22,D,0
53.0608,25.79601,331.8,0.57,0.43,2018-06-07,1021,N20,VIIRS,l,2,304.06,19.22,D,0
51.88794,24.35022,367,0.38,0.59,2018-06-07,1201,N20,VIIRS,h,2,305.37,6.24,D,0
51.88809,24.35588,331.28,0.38,0.59,2018-06-07,1201,N20,VIIRS,n,2,296.49,6.24,D,0
53.05261,25.80412,326.43,0.45,0.63,2018-06-07,1202,N20,VIIRS,n,2,292.8,2.73,D,0
53.05836,25.79708,326.62,0.45,0.63,2018-06-07,1202,N20,VIIRS,n,2,294.25,2.73,D,0
53.27089,24.44499,325.76,0.39,0.59,2018-06-07,1202,N20,VIIRS,l,2,296.29,3.5,D,2
53.3943,32.01548,297.59,0.4,0.37,2018-06-08,0013,N20,VIIRS,n,2,282.34,0.92,N,2
52.85231,29.99809,297.46,0.39,0.36,2018-06-08,0013,N20,VIIRS,n,2,283.4,0.87,N,2
52.84999,29.99106,296.79,0.39,0.36,2018-06-08,0013,N20,VIIRS,n,2,279.38,4.33,N,2
52.84676,29.98962,331.33,0.39,0.36,2018-06-08,0013,N20,VIIRS,n,2,283.73,4.33,N,2
53.27228,24.44282,316.47,0.46,0.39,2018-06-08,0013,N20,VIIRS,n,2,283.69,2.02,N,2
52.46522,27.94998,338.42,0.39,0.36,2018-06-08,0013,N20,VIIRS,n,2,289.4,4.46,N,0
52.39705,28.08911,301.99,0.39,0.36,2018-06-08,0013,N20,VIIRS,n,2,276.57,1.09,N,0
51.89182,29.3436,302.43,0.38,0.36,2018-06-08,0013,N20,VIIRS,n,2,280.24,0.66,N,2
51.88948,29.33675,298.84,0.38,0.36,2018-06-08,0013,N20,VIIRS,n,2,280.63,0.8,N,2
53.27025,24.44541,302.34,0.52,0.67,2018-06-08,0153,N20,VIIRS,n,2,280.66,1.32,N,2
52.84483,29.98954,343.32,0.4,0.45,2018-06-08,1002,N20,VIIRS,n,2,309.79,7.13,D,2
53.75452,31.70606,334.49,0.51,0.41,2018-06-08,1002,N20,VIIRS,n,2,299.47,3.3,D,0
53.75638,31.71189,331.48,0.5,0.41,2018-06-08,1002,N20,VIIRS,n,2,297.23,3.42,D,0
53.75962,30.22881,335.52,0.56,0.43,2018-06-08,1002,N20,VIIRS,n,2,295.37,2.34,D,0
54.60654,30.46203,340.26,0.53,0.42,2018-06-08,1002,N20,VIIRS,n,2,289.13,5.15,D,0
53.67784,23.89997,329.24,0.32,0.55,2018-06-08,1003,N20,VIIRS,l,2,303.22,2.11,D,0
52.84344,29.98956,326.93,0.42,0.61,2018-06-08,1143,N20,VIIRS,l,2,301.86,3.26,D,2
53.83035,28.34079,328.64,0.36,0.58,2018-06-08,1143,N20,VIIRS,n,2,296.55,2.81,D,0
53.8302,28.33514,341.62,0.36,0.58,2018-06-08,1143,N20,VIIRS,n,2,297.49,2.81,D,0
53.93936,28.5159,330.54,0.37,0.58,2018-06-08,1143,N20,VIIRS,n,2,295.95,3.17,D,0
54.04789,30.47782,353.04,0.45,0.63,2018-06-08,1143,N20,VIIRS,n,2,292.95,8.13,D,0
54.04781,30.47091,338.04,0.45,0.63,2018-06-08,1143,N20,VIIRS,n,2,292.43,7.25,D,0
54.04701,30.47833,336.45,0.45,0.63,2018-06-08,1143,N20,VIIRS,n,2,292.11,6.34,D,0
54.04696,30.47141,354.99,0.45,0.63,2018-06-08,1143,N20,VIIRS,n,2,293.59,6.34,D,0
54.41565,29.46224,329.75,0.41,0.6,2018-06-08,1143,N20,VIIRS,n,2,288.6,10.05,D,0
54.41554,29.45596,354.74,0.41,0.6,2018-06-08,1143,N20,VIIRS,n,2,293.43,15.39,D,0
54.75471,30.09197,336.18,0.43,0.62,2018-06-08,1143,N20,VIIRS,n,2,291.2,6.13,D,0
54.75497,30.09689,338.74,0.43,0.62,2018-06-08,1143,N20,VIIRS,n,2,291.52,4.6,D,0
55.14828,27.19769,345.57,0.33,0.55,2018-06-08,1143,N20,VIIRS,n,2,292.87,3.18,D,0
55.50533,28.58867,297.41,0.5,0.41,2018-06-08,2353,N20,VIIRS,n,2,280.59,0.89,N,2
53.14167,30.81235,307.83,0.42,0.37,2018-06-08,2354,N20,VIIRS,n,2,282.13,0.88,N,0
52.99366,30.95778,299.36,0.41,0.37,2018-06-08,2354,N20,VIIRS,n,2,284.59,0.81,N,0
52.84817,29.99218,326.27,0.43,0.38,2018-06-08,2354,N20,VIIRS,n,2,286.99,3.19,N,2
53.27336,24.44343,313.54,0.44,0.46,2018-06-08,2354,N20,VIIRS,n,2,284.73,2.38,N,2
52.84568,29.99345,304.11,0.57,0.69,2018-06-09,0134,N20,VIIRS,n,2,282.17,2.12,N,2
53.64209,27.14439,337.87,0.42,0.61,2018-06-09,0134,N20,VIIRS,n,2,283.38,3.26,N,0
51.89268,29.34652,367,0.59,0.7,2018-06-09,0134,N20,VIIRS,h,2,285.15,9.41,N,2
51.89544,29.33913,300,0.59,0.7,2018-06-09,0134,N20,VIIRS,n,2,283.33,9.41,N,2
53.27375,24.44271,299.33,0.35,0.57,2018-06-09,0134,N20,VIIRS,n,2,279.08,0.93,N,2
53.2723,24.44738,300.7,0.35,0.57,2018-06-09,0134,N20,VIIRS,n,2,280.34,1.07,N,2
51.89174,29.34262,329.36,0.35,0.56,2018-06-09,0943,N20,VIIRS,l,2,302.54,4.2,D,2
52.84377,28.38823,343.99,0.35,0.57,2018-06-09,0943,N20,VIIRS,n,2,296.34,3.75,D,0
52.84637,28.39071,329.19,0.35,0.57,2018-06-09,0943,N20,VIIRS,n,2,294.39,2.49,D,0
52.84494,28.38604,336.5,0.35,0.57,2018-06-09,0943,N20,VIIRS,n,2,295.49,2.49,D,0
53.64714,30.02329,327.91,0.57,0.52,2018-06-09,0943,N20,VIIRS,n,2,292.84,3.95,D,0
52.34762,27.13577,340.29,0.4,0.44,2018-06-09,1124,N20,VIIRS,n,2,303.91,4.29,D,0
52.34715,27.12984,340.23,0.4,0.44,2018-06-09,1124,N20,VIIRS,n,2,305.63,4.29,D,0
52.84618,29.99303,339.41,0.53,0.5,2018-06-09,1124,N20,VIIRS,n,2,300.69,8.69,D,2
52.84406,29.9931,336.56,0.53,0.5,2018-06-09,1124,N20,VIIRS,n,2,298.76,4.69,D,2
54.02658,28.74218,331.09,0.48,0.48,2018-06-09,1124,N20,VIIRS,n,2,301.89,3.36,D,0
54.02435,28.74173,330.4,0.48,0.48,2018-06-09,1124,N20,VIIRS,n,2,300.67,3.93,D,0
54.68527,27.27432,326.64,0.43,0.46,2018-06-09,1124,N20,VIIRS,n,2,298.52,1.68,D,0
53.39617,32.01441,299.95,0.53,0.42,2018-06-09,2335,N20,VIIRS,n,2,280.42,1.57,N,2
53.2714,24.4429,323.04,0.35,0.57,2018-06-09,2335,N20,VIIRS,n,2,288.02,1.81,N,2
53.27194,24.44101,314.37,0.35,0.57,2018-06-09,2335,N20,VIIRS,n,2,286.15,1.57,N,2
53.27175,24.44639,295.18,0.35,0.57,2018-06-09,2335,N20,VIIRS,n,2,284.61,1.2,N,2
52.84785,29.99062,334.63,0.41,0.45,2018-06-09,2335,N20,VIIRS,n,2,283.57,4.25,N,2
52.8461,29.9902,333.14,0.41,0.45,2018-06-09,2335,N20,VIIRS,n,2,282.96,3.94,N,2
52.39983,28.09076,305.27,0.48,0.48,2018-06-09,2335,N20,VIIRS,n,2,275.21,1.25,N,0
52.37042,25.32587,307.6,0.63,0.54,2018-06-09,2335,N20,VIIRS,n,2,277.95,2.22,N,0
51.89244,29.33568,328.89,0.42,0.46,2018-06-09,2336,N20,VIIRS,n,2,284.84,1.62,N,2
51.89194,29.34191,299.78,0.42,0.45,2018-06-09,2336,N20,VIIRS,n,2,284.07,1.62,N,2
54.4031,26.8078,299.34,0.52,0.5,2018-06-10,0115,N20,VIIRS,n,2,277.51,0.98,N,0
52.84823,29.99367,316.49,0.39,0.59,2018-06-10,0115,N20,VIIRS,n,2,281.25,1.33,N,2
52.84658,29.9899,318.9,0.39,0.59,2018-06-10,0115,N20,VIIRS,n,2,280.45,1.68,N,2
53.47385,24.81808,295.44,0.47,0.48,2018-06-10,0116,N20,VIIRS,n,2,280.57,0.84,N,0
52.39774,28.08549,301.08,0.34,0.56,2018-06-10,0116,N20,VIIRS,n,2,279.66,0.91,N,0
52.39637,28.09,303.69,0.34,0.56,2018-06-10,0116,N20,VIIRS,n,2,281.3,0.83,N,0
51.89259,29.34377,297.55,0.39,0.6,2018-06-10,0116,N20,VIIRS,n,2,281.84,0.52,N,2
51.88765,29.33978,300.72,0.39,0.6,2018-06-10,0116,N20,VIIRS,n,2,281.62,0.52,N,2
53.27084,24.4453,302.28,0.46,0.47,2018-06-10,0116,N20,VIIRS,n,2,270.28,1.24,N,2
53.26948,24.44382,298.89,0.46,0.47,2018-06-10,0116,N20,VIIRS,n,2,269.28,0.89,N,2
51.89276,29.3405,326.75,0.48,0.4,2018-06-10,1104,N20,VIIRS,l,2,298.5,4.04,D,2
52.39636,28.08827,334.58,0.45,0.39,2018-06-10,1105,N20,VIIRS,n,2,298.6,5.21,D,0
52.39818,28.08649,327.82,0.45,0.39,2018-06-10,1105,N20,VIIRS,n,2,293.15,6.02,D,0
52.84782,29.99163,328.94,0.52,0.42,2018-06-10,1105,N20,VIIRS,n,2,285.35,2.96,D,2
53.406,32.65546,337.1,0.44,0.46,2018-06-10,1105,N20,VIIRS,n,2,293.42,3.84,D,0
53.40553,32.64881,334.07,0.44,0.46,2018-06-10,1105,N20,VIIRS,n,2,293.02,3.84,D,0
53.89283,30.25157,325.99,0.55,0.42,2018-06-10,1105,N20,VIIRS,l,2,298.68,2.42,D,0
53.27144,24.44164,330.58,0.39,0.36,2018-06-10,1105,N20,VIIRS,l,2,302.36,1.66,D,2
53.73205,23.85084,332.34,0.39,0.36,2018-06-10,1105,N20,VIIRS,n,2,301.87,2.98,D,0
54.60189,28.6859,326.92,0.49,0.41,2018-06-10,1105,N20,VIIRS,n,2,295.62,2.66,D,0
55.5335,28.5282,306.75,0.38,0.59,2018-06-10,2316,N20,VIIRS,n,2,283.77,2.08,N,0
53.27144,24.43713,295.03,0.55,0.68,2018-06-10,2316,N20,VIIRS,n,2,279.93,1.86,N,2
53.27149,24.44574,299.83,0.55,0.68,2018-06-10,2316,N20,VIIRS,n,2,280.88,2.54,N,2
52.84767,29.98754,322.23,0.32,0.55,2018-06-10,2316,N20,VIIRS,n,2,283.41,1.85,N,2
52.84748,29.99236,322.52,0.32,0.55,2018-06-10,2316,N20,VIIRS,n,2,284.31,1.85,N,2
52.39772,28.08855,304.67,0.38,0.59,2018-06-10,2316,N20,VIIRS,n,2,283.21,0.86,N,0
51.89663,29.33884,296.65,0.34,0.56,2018-06-10,2317,N20,VIIRS,n,2,285.22,1.43,N,2
51.89145,29.33826,331.95,0.34,0.56,2018-06-10,2317,N20,VIIRS,n,2,284,1.43,N,2
55.50619,28.5924,295.04,0.38,0.43,2018-06-11,0056,N20,VIIRS,n,2,282.33,0.41,N,2
55.4841,28.60213,300.55,0.38,0.43,2018-06-11,0056,N20,VIIRS,n,2,281.32,1.07,N,0
55.1701,28.65015,308.64,0.39,0.44,2018-06-11,0056,N20,VIIRS,n,2,284.67,1.26,N,0
54.11506,26.30585,302.41,0.53,0.42,2018-06-11,0057,N20,VIIRS,n,2,281.8,1.22,N,0
52.84755,29.9945,336.29,0.51,0.49,2018-06-11,0057,N20,VIIRS,n,2,284.01,5.66,N,2
52.84945,29.98748,312.85,0.51,0.49,2018-06-11,0057,N20,VIIRS,n,2,282.57,5.07,N,2
52.54491,30.65157,316.16,0.55,0.51,2018-06-11,0057,N20,VIIRS,n,2,279.95,2.97,N,0
53.27083,24.441,315.6,0.48,0.4,2018-06-11,0057,N20,VIIRS,n,2,286.68,2.21,N,2
52.3984,28.0855,299.97,0.45,0.47,2018-06-11,0057,N20,VIIRS,n,2,279.5,1.83,N,0
51.89182,29.34258,321.65,0.52,0.5,2018-06-11,0057,N20,VIIRS,n,2,283.93,3.51,N,2
51.88758,29.33968,307.64,0.52,0.5,2018-06-11,0057,N20,VIIRS,n,2,281.84,1.5,N,2
51.88935,29.34369,340.01,0.78,0.78,2018-06-11,0906,N20,VIIRS,n,2,289.11,7.2,D,2
51.88628,29.34467,328.29,0.78,0.78,2018-06-11,0906,N20,VIIRS,n,2,287.6,6.21,D,2
51.89228,29.33825,333.02,0.78,0.78,2018-06-11,0906,N20,VIIRS,n,2,286.37,6.21,D,2
51.89074,29.34289,337.26,0.39,0.36,2018-06-11,1046,N20,VIIRS,n,2,301.73,3.1,D,2
54.42482,30.46433,329.61,0.41,0.37,2018-06-11,1046,N20,VIIRS,n,2,296.76,2.67,D,0
54.41687,30.17823,336.53,0.41,0.37,2018-06-11,1046,N20,VIIRS,n,2,300.73,2.8,D,0
54.19652,28.38399,327.7,0.39,0.36,2018-06-11,1046,N20,VIIRS,n,2,296.26,3.17,D,0
54.58729,27.6295,338.18,0.39,0.36,2018-06-11,1046,N20,VIIRS,n,2,290.58,4.4,D,0
53.26952,24.44536,307.64,0.39,0.36,2018-06-12,0038,N20,VIIRS,n,2,282.41,1.37,N,2
51.89382,29.34224,307.02,0.52,0.41,2018-06-12,0038,N20,VIIRS,n,2,273.77,1.76,N,2
53.52376,29.05137,343.74,0.41,0.37,2018-06-12,1027,N20,VIIRS,n,2,297.03,12.27,D,0
54.10388,27.71034,331.92,0.43,0.38,2018-06-12,1027,N20,VIIRS,n,2,291.92,3.58,D,0
55.50608,28.59176,300.19,0.38,0.36,2018-06-13,0019,N20,VIIRS,n,2,283.38,0.59,N,2
54.74009,29.06243,295.98,0.38,0.36,2018-06-13,0019,N20,VIIRS,n,2,282.14,0.55,N,0
53.6727,31.82669,296.54,0.42,0.38,2018-06-13,0019,N20,VIIRS,n,2,285.47,0.55,N,2
53.39528,32.01362,297.23,0.43,0.38,2018-06-13,0019,N20,VIIRS,n,2,280.23,0.45,N,2
52.84627,29.99244,328.67,0.4,0.37,2018-06-13,0019,N20,VIIRS,n,2,289.14,7.6,N,2
53.27114,24.44366,321.8,0.42,0.38,2018-06-13,0019,N20,VIIRS,n,2,286.68,2.26,N,2
53.25934,24.45244,299.05,0.42,0.38,2018-06-13,0019,N20,VIIRS,n,2,284.95,0.63,N,2
51.89296,29.34212,329.86,0.4,0.37,2018-06-13,0020,N20,VIIRS,n,2,289.19,3.73,N,2
51.8897,29.34062,313.46,0.4,0.37,2018-06-13,0020,N20,VIIRS,n,2,286.81,1.17,N,2
53.27489,29.44635,332.03,0.54,0.42,2018-06-13,1008,N20,VIIRS,n,2,297.91,9.06,D,0
53.87059,23.95924,342.39,0.55,0.42,2018-06-14,1130,N20,VIIRS,n,2,299.93,10.87,D,0
53.87001,23.94604,295.05,0.64,0.54,2018-06-14,2341,N20,VIIRS,n,2,280.92,0.58,N,0
53.85992,23.9448,299.68,0.64,0.54,2018-06-14,2341,N20,VIIRS,n,2,280.04,0.4,N,0
53.27293,24.43853,300.68,0.6,0.53,2018-06-14,2342,N20,VIIRS,n,2,283.03,2.62,N,2
53.86744,23.94872,297.21,0.49,0.48,2018-06-15,0122,N20,VIIRS,n,2,279.95,0.94,N,0
53.85966,23.95927,297.79,0.49,0.48,2018-06-15,0122,N20,VIIRS,n,2,280.18,1.11,N,0
53.8682,23.95031,303.09,0.49,0.48,2018-06-15,0122,N20,VIIRS,n,2,280.25,0.91,N,0
53.86049,23.96091,297.44,0.49,0.48,2018-06-15,0122,N20,VIIRS,n,2,280.27,0.74,N,0
53.27198,24.4448,305.75,0.53,0.5,2018-06-15,0122,N20,VIIRS,n,2,283.62,1.33,N,2
53.25946,24.45291,295.93,0.53,0.5,2018-06-15,0122,N20,VIIRS,n,2,284.87,0.48,N,2
53.27216,24.44653,309.1,0.53,0.5,2018-06-15,0122,N20,VIIRS,n,2,284.37,1.7,N,2
53.19402,24.34085,331.35,0.41,0.37,2018-06-15,1111,N20,VIIRS,n,2,297.27,1.8,D,0
53.92097,25.73245,297.19,0.42,0.61,2018-06-15,2322,N20,VIIRS,n,2,281.38,0.59,N,0
53.27475,24.44084,312.37,0.47,0.64,2018-06-15,2323,N20,VIIRS,n,2,282.35,1.85,N,2
53.27104,24.44164,307.73,0.54,0.42,2018-06-16,0103,N20,VIIRS,n,2,284.15,1.48,N,2
53.26934,24.44242,331.9,0.39,0.36,2018-06-16,1052,N20,VIIRS,n,2,302.47,2.66,D,2
53.27573,24.43802,300.15,0.75,0.77,2018-06-16,2303,N20,VIIRS,n,2,282.07,1.63,N,2
53.14202,30.81175,295.53,0.41,0.45,2018-06-17,0044,N20,VIIRS,n,2,284.1,0.42,N,0
52.84777,29.99037,337.51,0.39,0.44,2018-06-17,0044,N20,VIIRS,n,2,286.83,5.07,N,2
53.27022,24.4416,314.25,0.41,0.37,2018-06-17,0044,N20,VIIRS,n,2,286.64,2.18,N,2
53.2615,24.45001,300.32,0.41,0.37,2018-06-17,0044,N20,VIIRS,n,2,286.89,0.82,N,2
51.89114,29.34305,298.48,0.39,0.44,2018-06-17,0045,N20,VIIRS,n,2,283.63,1.04,N,2
51.88997,29.34209,300.41,0.39,0.44,2018-06-17,0045,N20,VIIRS,n,2,283.07,0.51,N,2
52.8463,29.9909,342.55,0.39,0.36,2018-06-17,1033,N20,VIIRS,n,2,303.23,14.92,D,2
51.93895,28.28255,330.22,0.57,0.43,2018-06-18,1014,N20,VIIRS,n,2,290.7,12.29,D,0
52.84624,29.98972,340.39,0.48,0.4,2018-06-18,1014,N20,VIIRS,n,2,305.39,9.18,D,2
52.84614,29.98985,338.19,0.48,0.4,2018-06-18,1014,N20,VIIRS,n,2,305.46,8.98,D,2
52.85336,29.99764,296.46,0.39,0.36,2018-06-19,0007,N20,VIIRS,n,2,280.41,0.78,N,2
52.84769,29.98934,324.51,0.39,0.36,2018-06-19,0007,N20,VIIRS,n,2,282.94,2.1,N,2
51.8938,29.34476,296.61,0.39,0.36,2018-06-19,0007,N20,VIIRS,n,2,282.84,0.67,N,2
51.89136,29.33795,299,0.39,0.36,2018-06-19,0007,N20,VIIRS,n,2,283.57,0.53,N,2
51.89328,29.34182,296.76,0.77,0.77,2018-06-19,0147,N20,VIIRS,n,2,281.71,1.95,N,2
53.61169,24.36028,324.38,0.44,0.62,2018-06-19,0147,N20,VIIRS,n,2,283.52,2.73,N,0
52.98167,29.20591,339.49,0.49,0.49,2018-06-19,0956,N20,VIIRS,n,2,295.75,6.79,D,0
52.98049,29.20638,339.48,0.49,0.48,2018-06-19,0956,N20,VIIRS,n,2,295.83,4.7,D,0
51.88849,29.34102,337.19,0.33,0.56,2018-06-19,1136,N20,VIIRS,n,2,289.54,1.88,D,2
52.14068,29.22734,330.88,0.33,0.55,2018-06-19,1136,N20,VIIRS,n,2,294.77,1.75,D,0
53.34407,28.94832,350.16,0.33,0.55,2018-06-19,1136,N20,VIIRS,n,2,288.03,3.85,D,0
53.58873,31.95427,297.37,0.43,0.38,2018-06-19,2348,N20,VIIRS,n,2,284.02,0.41,N,2
53.39651,32.01358,301.32,0.43,0.38,2018-06-19,2348,N20,VIIRS,n,2,286.69,1.17,N,2
53.66682,25.58542,296.18,0.47,0.48,2018-06-19,2348,N20,VIIRS,n,2,284.27,0.86,N,0
53.14203,30.8133,304.25,0.45,0.39,2018-06-19,2348,N20,VIIRS,n,2,284.88,0.74,N,0
53.21461,26.82321,324.63,0.41,0.45,2018-06-19,2348,N20,VIIRS,n,2,277.44,3.47,N,0
52.84982,29.9908,298.49,0.48,0.4,2018-06-19,2348,N20,VIIRS,n,2,286.16,1.92,N,2
52.84618,29.98971,328.87,0.48,0.4,2018-06-19,2348,N20,VIIRS,n,2,287.72,1.92,N,2
53.27279,24.43893,302.4,0.51,0.5,2018-06-19,2348,N20,VIIRS,n,2,285.42,2,N,2
52.30245,29.58653,298.99,0.48,0.4,2018-06-19,2348,N20,VIIRS,n,2,265.2,0.81,N,0
52.30169,29.59357,302.49,0.48,0.4,2018-06-19,2348,N20,VIIRS,n,2,266.45,1.04,N,0
51.89355,29.34232,303.14,0.49,0.4,2018-06-19,2348,N20,VIIRS,n,2,286.86,1.04,N,2
51.89063,29.3342,298.59,0.49,0.4,2018-06-19,2348,N20,VIIRS,n,2,285.56,1.04,N,2
55.50483,28.58915,295.5,0.36,0.57,2018-06-20,0127,N20,VIIRS,n,2,283.71,0.35,N,2
52.84945,29.98762,312.09,0.5,0.66,2018-06-20,0128,N20,VIIRS,n,2,281.27,2.79,N,2
52.84709,29.99418,309.39,0.5,0.66,2018-06-20,0128,N20,VIIRS,n,2,281.58,2.7,N,2
52.84638,29.9902,330.7,0.5,0.66,2018-06-20,0128,N20,VIIRS,n,2,282.19,3.37,N,2
53.21667,26.8235,315.68,0.38,0.58,2018-06-20,0128,N20,VIIRS,n,2,282.99,0.8,N,0
53.2119,26.81924,298.87,0.38,0.58,2018-06-20,0128,N20,VIIRS,n,2,282.51,0.8,N,0
53.2706,24.44734,295.53,0.61,0.53,2018-06-20,0128,N20,VIIRS,n,2,284.05,0.81,N,2
52.46009,23.40161,305.66,0.59,0.53,2018-06-20,0128,N20,VIIRS,n,2,283,0.89,N,0
51.88871,29.34451,326.4,0.4,0.6,2018-06-20,0937,N20,VIIRS,l,2,297.75,3.95,D,2
51.88703,29.33923,327,0.4,0.6,2018-06-20,0937,N20,VIIRS,l,2,299.95,4.65,D,2
52.30029,29.59179,326.23,0.38,0.58,2018-06-20,0937,N20,VIIRS,l,2,297.83,1.84,D,0
52.8467,29.99114,346.96,0.35,0.57,2018-06-20,0937,N20,VIIRS,n,2,305.3,4.43,D,2
52.98043,29.21983,332.21,0.37,0.58,2018-06-20,0937,N20,VIIRS,n,2,297.07,3.57,D,0
52.98428,29.21571,335.58,0.37,0.58,2018-06-20,0937,N20,VIIRS,n,2,296.07,2.53,D,0
54.04987,29.93489,327.1,0.32,0.54,2018-06-20,0937,N20,VIIRS,n,2,290.85,2.27,D,0
53.0386,25.73502,353.31,0.49,0.65,2018-06-20,0937,N20,VIIRS,n,2,292.59,18.77,D,0
53.03634,25.72853,356.13,0.49,0.65,2018-06-20,0937,N20,VIIRS,n,2,301.14,18.77,D,0
53.0341,25.72212,335.74,0.49,0.65,2018-06-20,0937,N20,VIIRS,n,2,296.21,14.96,D,0
53.03456,25.7321,367,0.49,0.65,2018-06-20,0937,N20,VIIRS,h,2,298.07,12.77,D,0
53.03976,25.72699,353.06,0.49,0.65,2018-06-20,0937,N20,VIIRS,n,2,293.26,12.77,D,0
53.0375,25.7206,344.01,0.49,0.65,2018-06-20,0937,N20,VIIRS,n,2,296.46,12.77,D,0
53.87416,23.98274,348.35,0.53,0.67,2018-06-20,0938,N20,VIIRS,n,2,298.89,8.58,D,0
53.87164,23.97584,329.88,0.53,0.67,2018-06-20,0938,N20,VIIRS,n,2,301.43,8.48,D,0
53.87944,23.97722,346.05,0.53,0.67,2018-06-20,0938,N20,VIIRS,n,2,298.47,9.53,D,0
53.87693,23.97032,340.3,0.53,0.67,2018-06-20,0938,N20,VIIRS,n,2,300.56,11.27,D,0
53.87291,23.97759,367,0.53,0.67,2018-06-20,0938,N20,VIIRS,h,2,303.94,7.92,D,0
53.87544,23.98444,327.72,0.53,0.67,2018-06-20,0938,N20,VIIRS,n,2,296.71,7.92,D,0
53.8782,23.9721,334.68,0.53,0.67,2018-06-20,0938,N20,VIIRS,n,2,298.83,7.92,D,0
51.61158,30.42251,338.33,0.46,0.47,2018-06-20,1117,N20,VIIRS,n,2,303.35,5.26,D,0
51.60731,30.42184,333.35,0.46,0.47,2018-06-20,1117,N20,VIIRS,n,2,301.35,1.66,D,0
52.17563,28.93358,342.2,0.41,0.45,2018-06-20,1117,N20,VIIRS,n,2,299.14,4.97,D,0
52.30292,28.03858,332.93,0.57,0.43,2018-06-20,1117,N20,VIIRS,n,2,303.43,3.39,D,0
52.84748,29.98975,332.15,0.46,0.47,2018-06-20,1117,N20,VIIRS,l,2,304.96,6.25,D,2
52.8403,28.46468,330.27,0.4,0.44,2018-06-20,1117,N20,VIIRS,n,2,301.94,2.3,D,0
52.95607,28.99094,349.6,0.42,0.45,2018-06-20,1117,N20,VIIRS,n,2,301.93,22.8,D,0
52.98194,29.21741,328.16,0.43,0.46,2018-06-20,1117,N20,VIIRS,n,2,299.93,11.82,D,0
52.98145,29.21098,340.37,0.43,0.46,2018-06-20,1117,N20,VIIRS,n,2,301.31,11.82,D,0
52.98096,29.20456,330.56,0.43,0.46,2018-06-20,1117,N20,VIIRS,n,2,304.34,17.36,D,0
52.96346,28.71285,349.34,0.41,0.45,2018-06-20,1117,N20,VIIRS,n,2,304.9,5.63,D,0
52.96297,28.70677,340.03,0.41,0.45,2018-06-20,1117,N20,VIIRS,n,2,304.85,5.63,D,0
53.03154,25.72529,343.3,0.48,0.4,2018-06-20,1118,N20,VIIRS,n,2,311.67,35.91,D,0
53.0352,25.72427,331.57,0.48,0.4,2018-06-20,1118,N20,VIIRS,l,2,302.98,35.91,D,0
53.0396,25.73041,350.12,0.48,0.4,2018-06-20,1118,N20,VIIRS,n,2,303.08,11.6,D,0
53.03887,25.72324,351.03,0.48,0.4,2018-06-20,1118,N20,VIIRS,n,2,306.05,11.6,D,0
53.03813,25.71605,330.87,0.48,0.4,2018-06-20,1118,N20,VIIRS,l,2,302.28,3.42,D,0
53.98613,25.62099,336.37,0.49,0.4,2018-06-20,1118,N20,VIIRS,n,2,303.34,3.61,D,0
53.87453,23.96986,367,0.44,0.38,2018-06-20,1118,N20,VIIRS,h,2,317.2,17.89,D,0
53.87802,23.9687,338.15,0.44,0.38,2018-06-20,1118,N20,VIIRS,n,2,311.64,6.77,D,0
54.32887,31.17002,296.12,0.44,0.46,2018-06-20,2328,N20,VIIRS,n,2,281.05,0.62,N,0
53.58757,31.95111,296.74,0.4,0.44,2018-06-20,2329,N20,VIIRS,n,2,284.84,0.65,N,2
53.39374,32.01594,298.77,0.4,0.44,2018-06-20,2329,N20,VIIRS,n,2,287.3,0.82,N,2
53.1428,30.8135,300.07,0.44,0.46,2018-06-20,2329,N20,VIIRS,n,2,283.8,0.68,N,0
53.21206,29.43815,316.46,0.5,0.49,2018-06-20,2329,N20,VIIRS,n,2,284.36,1.38,N,0
53.27317,24.43942,298.7,0.41,0.6,2018-06-20,2329,N20,VIIRS,n,2,284.5,0.9,N,2
53.27305,24.44574,296.45,0.41,0.6,2018-06-20,2329,N20,VIIRS,n,2,284.99,0.89,N,2
52.84837,29.99029,336.61,0.47,0.48,2018-06-20,2329,N20,VIIRS,n,2,288.19,4.66,N,2
51.89165,29.33803,315.28,0.49,0.49,2018-06-20,2329,N20,VIIRS,n,2,287.32,1.92,N,2
55.08126,30.81597,307.92,0.61,0.53,2018-06-21,0109,N20,VIIRS,n,2,279.2,1.13,N,0
53.21419,29.44001,298.08,0.63,0.54,2018-06-21,0109,N20,VIIRS,n,2,282.84,0.87,N,0
52.84606,29.98926,337.1,0.34,0.56,2018-06-21,0109,N20,VIIRS,n,2,285.03,2.59,N,2
53.03572,25.73656,301.52,0.46,0.47,2018-06-21,0109,N20,VIIRS,n,2,284.28,0.89,N,0
53.27291,24.44458,306.75,0.41,0.45,2018-06-21,0110,N20,VIIRS,n,2,285.38,1.4,N,2
53.32481,24.06718,298.27,0.39,0.44,2018-06-21,0110,N20,VIIRS,n,2,285.93,0.62,N,0
51.89427,29.34213,301.1,0.34,0.56,2018-06-21,0110,N20,VIIRS,n,2,286.23,1,N,2
51.88957,29.33849,304.43,0.34,0.56,2018-06-21,0110,N20,VIIRS,n,2,285.41,0.62,N,2
51.88822,29.343,299.7,0.34,0.56,2018-06-21,0110,N20,VIIRS,n,2,284.86,0.62,N,2
51.89135,29.34114,335.03,0.6,0.7,2018-06-21,0918,N20,VIIRS,n,2,300.17,8.41,D,2
51.59029,27.29212,347.23,0.4,0.37,2018-06-21,1058,N20,VIIRS,n,2,302.48,11.05,D,0
51.59359,27.29095,336.2,0.4,0.37,2018-06-21,1058,N20,VIIRS,n,2,301.6,11.05,D,0
51.59282,27.28531,341.39,0.4,0.37,2018-06-21,1058,N20,VIIRS,n,2,307.97,11.05,D,0
52.06508,28.41487,332.23,0.42,0.37,2018-06-21,1058,N20,VIIRS,n,2,299.26,6.13,D,0
52.13835,28.50125,333.59,0.42,0.38,2018-06-21,1058,N20,VIIRS,l,2,307.42,4.01,D,0
52.84534,29.9894,340.56,0.46,0.39,2018-06-21,1058,N20,VIIRS,l,2,313.21,7.86,D,2
53.04377,25.74492,335.5,0.39,0.36,2018-06-21,1059,N20,VIIRS,n,2,295.85,3.8,D,0
53.71358,25.15792,337.69,0.39,0.36,2018-06-21,1059,N20,VIIRS,n,2,308.1,5.95,D,0
53.39572,32.0136,297.88,0.62,0.54,2018-06-21,2310,N20,VIIRS,n,2,285.66,1.24,N,2
53.19618,30.99558,322.46,0.34,0.56,2018-06-21,2310,N20,VIIRS,n,2,276.62,1.21,N,0
52.84892,29.99092,311.88,0.37,0.58,2018-06-21,2310,N20,VIIRS,n,2,277.59,1.21,N,2
52.84755,29.98807,301.47,0.37,0.58,2018-06-21,2310,N20,VIIRS,n,2,277.4,0.8,N,2
52.84738,29.99369,296.85,0.37,0.58,2018-06-21,2310,N20,VIIRS,n,2,276.64,0.8,N,2
51.89147,29.33847,319.86,0.39,0.6,2018-06-21,2310,N20,VIIRS,n,2,288.28,1.68,N,2
53.14449,30.81096,297.28,0.47,0.48,2018-06-22,0050,N20,VIIRS,n,2,286.97,0.39,N,0
52.84492,29.99304,300.94,0.45,0.47,2018-06-22,0051,N20,VIIRS,n,2,286.82,1.69,N,2
52.3923,30.61514,329.05,0.39,0.44,2018-06-24,1002,N20,VIIRS,n,2,289.01,1.96,D,0
54.82125,25.97763,336.81,0.4,0.44,2018-06-24,2354,N20,VIIRS,n,2,280.87,2.78,N,0
54.82176,25.97126,296.22,0.4,0.44,2018-06-24,2354,N20,VIIRS,n,2,279.5,2.78,N,0
53.67191,31.82714,299.09,0.4,0.37,2018-06-24,2354,N20,VIIRS,n,2,283.38,0.71,N,2
53.58759,31.95302,298.05,0.4,0.37,2018-06-24,2354,N20,VIIRS,n,2,282.12,0.65,N,2
53.39619,32.01566,301.85,0.4,0.37,2018-06-24,2354,N20,VIIRS,n,2,283.79,1.24,N,2
52.84734,29.99141,328.13,0.43,0.38,2018-06-24,2354,N20,VIIRS,n,2,283.9,8.53,N,2
51.89174,29.34366,296.78,0.44,0.38,2018-06-24,2354,N20,VIIRS,n,2,280.99,0.89,N,2
51.88901,29.33621,298.83,0.44,0.38,2018-06-24,2354,N20,VIIRS,n,2,280.66,0.62,N,2
52.85042,29.99273,309.22,0.58,0.69,2018-06-25,0134,N20,VIIRS,n,2,278.62,1.66,N,2
52.95036,27.00973,325.85,0.45,0.63,2018-06-25,0134,N20,VIIRS,n,2,279.54,2.73,N,0
51.89369,29.34211,300.17,0.59,0.7,2018-06-25,0134,N20,VIIRS,n,2,278.98,1.33,N,2
51.89209,29.3408,303.95,0.59,0.7,2018-06-25,0134,N20,VIIRS,n,2,278.68,1.91,N,2
52.81929,26.8841,325.08,0.4,0.44,2018-06-25,1124,N20,VIIRS,n,2,292.66,2.77,D,0
53.39633,32.01139,302.27,0.53,0.42,2018-06-25,2335,N20,VIIRS,n,2,283.28,1.3,N,2
52.84728,29.99039,324.83,0.41,0.45,2018-06-25,2335,N20,VIIRS,n,2,283.09,2.86,N,2
51.89267,29.34323,312.3,0.42,0.45,2018-06-25,2336,N20,VIIRS,n,2,282.54,1.26,N,2
51.88897,29.3361,295.03,0.42,0.45,2018-06-25,2336,N20,VIIRS,n,2,281.42,1.36,N,2
52.84705,29.99048,306.65,0.39,0.59,2018-06-26,0115,N20,VIIRS,n,2,281.12,0.79,N,2
51.44361,30.5556,334.77,0.49,0.65,2018-06-26,0924,N20,VIIRS,n,2,281.46,3.63,D,0
51.889,29.34634,326.24,0.52,0.67,2018-06-26,0924,N20,VIIRS,n,2,284.02,1.66,D,2
51.8882,29.34254,341.01,0.52,0.67,2018-06-26,0925,N20,VIIRS,n,2,284.09,4.69,D,2
52.84722,29.98923,333.66,0.46,0.63,2018-06-26,0925,N20,VIIRS,n,2,296.88,8.17,D,2
52.84538,29.99453,333.27,0.52,0.42,2018-06-26,1105,N20,VIIRS,n,2,296.88,8.69,D,2
52.84727,29.9938,335.13,0.52,0.42,2018-06-26,1105,N20,VIIRS,n,2,297.52,8.76,D,2
53.39679,32.01491,300.03,0.53,0.5,2018-06-26,2316,N20,VIIRS,n,2,285.87,0.89,N,2
52.84856,29.98747,307.69,0.32,0.55,2018-06-26,2316,N20,VIIRS,n,2,284.7,1.73,N,2
52.84837,29.99229,314.6,0.32,0.55,2018-06-26,2316,N20,VIIRS,n,2,286.33,1.68,N,2
51.89241,29.33889,338.21,0.34,0.56,2018-06-26,2317,N20,VIIRS,n,2,281.08,2.98,N,2
51.89259,29.33389,295.02,0.34,0.56,2018-06-26,2317,N20,VIIRS,n,2,280.38,1.53,N,2
52.84792,29.99207,323.46,0.51,0.5,2018-06-27,0057,N20,VIIRS,n,2,285.15,3.89,N,2
51.89228,29.33946,324.13,0.52,0.5,2018-06-27,0057,N20,VIIRS,n,2,280.64,3.22,N,2
51.8923,29.34138,337.53,0.39,0.36,2018-06-27,1046,N20,VIIRS,n,2,271.32,5.66,D,2
51.90935,29.38756,329.03,0.39,0.36,2018-06-27,1046,N20,VIIRS,n,2,275.3,1.95,D,0
52.84571,29.99412,332.6,0.4,0.37,2018-06-27,1046,N20,VIIRS,n,2,289.65,2.74,D,2
52.84492,29.98829,333.78,0.4,0.37,2018-06-27,1046,N20,VIIRS,n,2,293,2.74,D,2
52.83263,28.74179,343.3,0.39,0.36,2018-06-27,1046,N20,VIIRS,n,2,295.4,12.53,D,0
53.26836,24.44134,326.58,0.41,0.37,2018-06-27,1046,N20,VIIRS,n,2,298.75,2.08,D,2
55.53069,28.51687,310.22,0.59,0.7,2018-06-27,2257,N20,VIIRS,n,2,285.02,1.76,N,0
55.53206,28.51632,314.22,0.59,0.7,2018-06-27,2257,N20,VIIRS,n,2,284.95,1.92,N,0
55.50676,28.58942,299.49,0.43,0.38,2018-06-28,0038,N20,VIIRS,n,2,286.03,0.46,N,2
53.27272,24.44223,317.53,0.39,0.36,2018-06-28,0038,N20,VIIRS,n,2,285.76,1.83,N,2
51.88832,29.34172,331.81,0.73,0.76,2018-06-28,1208,N20,VIIRS,n,2,280.42,7.36,D,2
53.27356,24.44207,295.51,0.42,0.37,2018-06-29,0019,N20,VIIRS,n,2,278.39,0.95,N,2
53.27016,24.44085,308.05,0.42,0.37,2018-06-29,0019,N20,VIIRS,n,2,281.99,0.95,N,2
53.27224,24.44604,302.96,0.59,0.7,2018-06-29,0159,N20,VIIRS,n,2,284.24,1.01,N,2
53.27002,24.4467,297.76,0.59,0.7,2018-06-29,0159,N20,VIIRS,n,2,284.25,0.52,N,2
54.92587,28.88386,329.81,0.52,0.41,2018-06-29,1009,N20,VIIRS,n,2,280.02,3.48,D,0
53.97229,30.54465,328.94,0.52,0.67,2018-06-29,1149,N20,VIIRS,n,2,284.5,3.44,D,0
53.27154,24.44329,315.78,0.39,0.44,2018-06-30,0001,N20,VIIRS,n,2,285.64,1.92,N,2
55.0846,30.14962,310.17,0.39,0.36,2018-07-05,0006,N20,VIIRS,n,2,282.17,0.99,N,0
53.67103,31.82888,298.85,0.38,0.36,2018-07-05,0007,N20,VIIRS,n,2,284.54,0.49,N,2
53.58832,31.95471,297.85,0.39,0.36,2018-07-05,0007,N20,VIIRS,n,2,283.43,0.49,N,2
52.84885,29.99047,336.25,0.39,0.36,2018-07-05,0007,N20,VIIRS,n,2,284.01,3.73,N,2
52.84559,29.98913,307.38,0.39,0.36,2018-07-05,0007,N20,VIIRS,n,2,283.24,1.55,N,2
53.27032,24.44018,312.77,0.51,0.41,2018-07-05,0007,N20,VIIRS,n,2,285.75,1.68,N,2
53.27068,24.44306,315.99,0.51,0.41,2018-07-05,0007,N20,VIIRS,n,2,286.67,2.31,N,2
52.51472,29.27961,306.24,0.39,0.36,2018-07-05,0007,N20,VIIRS,n,2,281.66,0.83,N,0
51.89183,29.34381,324.44,0.39,0.36,2018-07-05,0007,N20,VIIRS,n,2,285.39,1.06,N,2
51.89265,29.33827,303.48,0.39,0.36,2018-07-05,0007,N20,VIIRS,n,2,283.63,1.06,N,2
51.88939,29.337,303.22,0.39,0.36,2018-07-05,0007,N20,VIIRS,n,2,283.54,1.06,N,2
52.84898,29.99093,308.56,0.74,0.76,2018-07-05,0147,N20,VIIRS,n,2,280.73,2.55,N,2
51.89359,29.3433,319.14,0.77,0.77,2018-07-05,0147,N20,VIIRS,n,2,281.03,4.31,N,2
51.89669,29.3421,301.44,0.77,0.77,2018-07-05,0147,N20,VIIRS,n,2,280.9,2.75,N,2
51.89282,29.35144,299.72,0.77,0.78,2018-07-05,0147,N20,VIIRS,n,2,281.04,2.66,N,0
51.72887,30.55603,327.02,0.47,0.48,2018-07-05,0956,N20,VIIRS,n,2,295.05,2.67,D,0
52.09753,31.66478,331.9,0.42,0.45,2018-07-05,0956,N20,VIIRS,n,2,290.51,2.63,D,0
51.88988,29.34581,339.15,0.52,0.5,2018-07-05,0956,N20,VIIRS,n,2,295.43,5.06,D,2
51.88802,29.33872,328.52,0.52,0.5,2018-07-05,0956,N20,VIIRS,n,2,297.28,5.06,D,2
51.89033,29.34553,338.8,0.52,0.5,2018-07-05,0956,N20,VIIRS,n,2,296.63,6.3,D,2
51.88844,29.33848,335.63,0.52,0.5,2018-07-05,0956,N20,VIIRS,n,2,297.99,9.14,D,2
52.17796,28.53495,326.1,0.55,0.51,2018-07-05,0956,N20,VIIRS,n,2,293.56,3.78,D,0
52.84768,29.99417,337.26,0.46,0.47,2018-07-05,0956,N20,VIIRS,n,2,299.66,4.53,D,2
52.84608,29.98783,334.39,0.46,0.47,2018-07-05,0956,N20,VIIRS,n,2,299.27,4.53,D,2
52.86302,28.36372,333.93,0.53,0.5,2018-07-05,0956,N20,VIIRS,n,2,293.04,3.27,D,0
52.87593,26.46469,331.09,0.62,0.54,2018-07-05,0956,N20,VIIRS,n,2,292.34,3.43,D,0
53.2683,24.44571,329.98,0.36,0.57,2018-07-05,0956,N20,VIIRS,n,2,297.17,2.17,D,2
53.67599,23.90462,330.73,0.36,0.58,2018-07-05,0957,N20,VIIRS,n,2,300.8,2.85,D,0
51.45419,29.43363,333.41,0.34,0.56,2018-07-05,1136,N20,VIIRS,n,2,296.16,4.7,D,0
51.45275,29.43571,348.91,0.34,0.56,2018-07-05,1136,N20,VIIRS,n,2,296.53,5.29,D,0
51.45436,29.43851,339.64,0.34,0.56,2018-07-05,1136,N20,VIIRS,n,2,293.02,4.55,D,0
51.7084,30.54714,331.56,0.38,0.58,2018-07-05,1136,N20,VIIRS,n,2,295.16,1.75,D,0
51.73041,30.5569,338.09,0.38,0.58,2018-07-05,1136,N20,VIIRS,n,2,293.48,4.19,D,0
51.89154,29.34201,367,0.33,0.56,2018-07-05,1136,N20,VIIRS,h,2,301.64,12.34,D,2
52.00933,25.50257,334.62,0.46,0.47,2018-07-05,1136,N20,VIIRS,n,2,301.36,4.22,D,0
52.36769,31.5968,334.27,0.42,0.61,2018-07-05,1136,N20,VIIRS,n,2,287.08,4.2,D,0
52.84711,29.99204,344.93,0.36,0.58,2018-07-05,1136,N20,VIIRS,n,2,295.8,5.07,D,2
52.84464,29.98917,336.71,0.36,0.58,2018-07-05,1136,N20,VIIRS,n,2,294.36,3.77,D,2
52.87322,28.56764,333.59,0.63,0.54,2018-07-05,1136,N20,VIIRS,n,2,294.96,6.61,D,0
53.67649,23.90359,331.77,0.41,0.45,2018-07-05,1137,N20,VIIRS,n,2,306.25,3.95,D,0
53.27061,24.44375,327.6,0.43,0.46,2018-07-05,1137,N20,VIIRS,l,2,299.46,2.46,D,2
53.67774,23.90256,333.34,0.41,0.45,2018-07-05,1137,N20,VIIRS,n,2,306.57,5.74,D,0
53.39548,32.01196,302.84,0.43,0.38,2018-07-05,2348,N20,VIIRS,n,2,287.2,1.29,N,2
53.14164,30.81398,301.37,0.45,0.39,2018-07-05,2348,N20,VIIRS,n,2,283.06,0.41,N,0
53.67897,23.89622,297.17,0.54,0.51,2018-07-05,2348,N20,VIIRS,n,2,285.66,1.82,N,0
53.67852,23.90454,311.3,0.54,0.51,2018-07-05,2348,N20,VIIRS,n,2,287.51,1.82,N,0
52.84644,29.99208,325.04,0.47,0.4,2018-07-05,2348,N20,VIIRS,n,2,287.12,2.96,N,2
53.27059,24.44489,312.79,0.51,0.5,2018-07-05,2348,N20,VIIRS,n,2,286.58,1.5,N,2
53.27085,24.44566,309.26,0.51,0.5,2018-07-05,2348,N20,VIIRS,n,2,285.91,2.81,N,2
51.89394,29.3448,324.15,0.49,0.4,2018-07-05,2348,N20,VIIRS,n,2,287,3.01,N,2
51.89471,29.33774,311.05,0.49,0.4,2018-07-05,2348,N20,VIIRS,n,2,285.94,1.47,N,2
51.89103,29.3367,301.84,0.49,0.4,2018-07-05,2348,N20,VIIRS,n,2,284.73,1.47,N,2
51.88969,29.34299,332.76,0.52,0.67,2018-07-06,0128,N20,VIIRS,n,2,285.28,2.39,N,2
51.89203,29.3364,300.22,0.52,0.67,2018-07-06,0128,N20,VIIRS,n,2,283.82,2.39,N,2
53.27118,24.44558,310.63,0.61,0.54,2018-07-06,0128,N20,VIIRS,n,2,285.56,2.58,N,2
53.27016,24.4387,300.35,0.61,0.54,2018-07-06,0128,N20,VIIRS,n,2,283.62,0.78,N,2
51.72924,30.55909,328.64,0.36,0.57,2018-07-06,0937,N20,VIIRS,n,2,296.17,2.03,D,0
51.89148,29.33994,367,0.4,0.6,2018-07-06,0937,N20,VIIRS,h,2,299.02,8.24,D,2
51.75472,28.46625,330.85,0.43,0.62,2018-07-06,0937,N20,VIIRS,n,2,293.12,5.87,D,0
51.75289,28.46064,345.74,0.43,0.62,2018-07-06,0937,N20,VIIRS,n,2,294.28,7.34,D,0
53.25482,29.25802,344.56,0.36,0.57,2018-07-06,0937,N20,VIIRS,n,2,287.36,4.83,D,0
52.75982,26.90669,326.68,0.46,0.63,2018-07-06,0937,N20,VIIRS,n,2,292.13,2.02,D,0
54.10161,30.13122,333.91,0.62,0.54,2018-07-06,0937,N20,VIIRS,n,2,291.33,9.86,D,0
51.70952,30.54506,334.3,0.47,0.48,2018-07-06,1117,N20,VIIRS,n,2,299.7,5.45,D,0
51.72854,30.56271,342.12,0.47,0.48,2018-07-06,1117,N20,VIIRS,n,2,298.88,12.31,D,0
51.68083,28.5248,329,0.39,0.44,2018-07-06,1117,N20,VIIRS,n,2,300.31,3.77,D,0
51.75349,28.46071,342.52,0.39,0.44,2018-07-06,1117,N20,VIIRS,n,2,300.41,8.86,D,0
51.75751,28.45985,347.83,0.39,0.44,2018-07-06,1117,N20,VIIRS,n,2,298.91,8.86,D,0
51.88979,29.34272,346.17,0.42,0.45,2018-07-06,1117,N20,VIIRS,n,2,303.09,11.14,D,2
51.97427,29.61219,339.17,0.43,0.46,2018-07-06,1117,N20,VIIRS,n,2,299.25,9.63,D,0
52.14166,30.20452,336.75,0.46,0.47,2018-07-06,1117,N20,VIIRS,n,2,299.85,2.96,D,0
52.14213,30.20238,334.48,0.46,0.47,2018-07-06,1117,N20,VIIRS,n,2,300.12,5.18,D,0
52.31222,30.36569,339.87,0.47,0.48,2018-07-06,1117,N20,VIIRS,n,2,298.23,11.2,D,0
52.54473,27.90314,332.45,0.57,0.43,2018-07-06,1117,N20,VIIRS,n,2,299.47,5.19,D,0
52.68661,28.11889,341.05,0.39,0.44,2018-07-06,1117,N20,VIIRS,n,2,297.75,4.03,D,0
52.86736,26.42128,332.65,0.51,0.41,2018-07-06,1118,N20,VIIRS,n,2,298.46,3.26,D,0
53.25454,29.25717,327.12,0.43,0.46,2018-07-06,1118,N20,VIIRS,n,2,288.92,1.37,D,0
53.45057,30.48078,326.95,0.49,0.48,2018-07-06,1118,N20,VIIRS,n,2,293.71,3.07,D,0
54.10052,30.12508,336.16,0.48,0.48,2018-07-06,1118,N20,VIIRS,n,2,294.05,2.7,D,0
53.67165,31.82415,296.85,0.41,0.45,2018-07-06,2329,N20,VIIRS,n,2,284.39,0.62,N,2
53.58784,31.95419,295.07,0.4,0.44,2018-07-06,2329,N20,VIIRS,n,2,284.15,0.38,N,2
53.39421,32.01385,298.02,0.4,0.44,2018-07-06,2329,N20,VIIRS,n,2,280.71,0.84,N,2
53.2737,24.4401,298.94,0.41,0.6,2018-07-06,2329,N20,VIIRS,n,2,272.03,0.69,N,2
52.85005,29.99289,303.49,0.47,0.48,2018-07-06,2329,N20,VIIRS,n,2,284.81,1.35,N,2
52.84566,29.99202,307.05,0.47,0.48,2018-07-06,2329,N20,VIIRS,n,2,284.68,1.35,N,2
52.84689,29.98623,299.88,0.47,0.48,2018-07-06,2329,N20,VIIRS,n,2,284.48,1.44,N,2
52.8464,29.99327,306.7,0.47,0.48,2018-07-06,2329,N20,VIIRS,n,2,284.87,1.67,N,2
52.90062,25.49739,299.23,0.36,0.58,2018-07-06,2329,N20,VIIRS,n,2,284.3,0.33,N,0
52.48589,26.01078,295.54,0.34,0.56,2018-07-06,2329,N20,VIIRS,n,2,283.01,0.23,N,0
52.17744,26.25547,298.81,0.33,0.56,2018-07-06,2329,N20,VIIRS,n,2,283.16,0.37,N,0
53.67847,23.90174,319.99,0.57,0.43,2018-07-07,0110,N20,VIIRS,n,2,287.13,4.22,N,0
53.6795,23.90396,321.92,0.57,0.43,2018-07-07,0110,N20,VIIRS,n,2,288.42,3.29,N,0
53.27201,24.4445,315.47,0.41,0.45,2018-07-07,0110,N20,VIIRS,n,2,286.57,1.71,N,2
51.89174,29.33899,306.91,0.34,0.56,2018-07-07,0110,N20,VIIRS,n,2,285.56,0.74,N,2
51.89036,29.34349,303.93,0.34,0.56,2018-07-07,0110,N20,VIIRS,n,2,285.44,0.74,N,2
51.88896,29.34458,342.52,0.6,0.7,2018-07-07,0918,N20,VIIRS,n,2,292.93,7.45,D,2
51.88898,29.34079,338.18,0.6,0.7,2018-07-07,0918,N20,VIIRS,n,2,294,5.6,D,2
53.68172,23.89765,317.13,0.67,0.74,2018-07-07,2310,N20,VIIRS,n,2,284.3,2.9,N,0
53.27586,24.44175,303.55,0.64,0.72,2018-07-07,2310,N20,VIIRS,n,2,282.55,0.84,N,2
53.27391,24.44189,309.06,0.64,0.72,2018-07-07,2310,N20,VIIRS,n,2,283.15,1.92,N,2
52.8502,29.98898,323.94,0.37,0.58,2018-07-07,2310,N20,VIIRS,n,2,283.8,1.81,N,2
55.48442,28.60034,296.43,0.52,0.41,2018-07-08,0050,N20,VIIRS,n,2,283.92,0.49,N,0
52.84543,29.99071,313.88,0.45,0.47,2018-07-08,0051,N20,VIIRS,n,2,285.84,1.78,N,2
53.68004,23.90113,327.97,0.42,0.38,2018-07-08,0051,N20,VIIRS,n,2,289.98,4.79,N,0
53.27019,24.44577,314.74,0.44,0.38,2018-07-08,0051,N20,VIIRS,n,2,286.47,2.15,N,2
51.89188,29.33748,300.39,0.45,0.47,2018-07-08,0051,N20,VIIRS,n,2,285.55,1.34,N,2
51.89034,29.34358,316.8,0.45,0.47,2018-07-08,0051,N20,VIIRS,n,2,286.46,1.34,N,2
52.8451,29.99398,333.02,0.38,0.36,2018-07-08,1040,N20,VIIRS,n,2,299.34,3.65,D,2
53.01105,24.07133,343.9,0.46,0.39,2018-07-08,1040,N20,VIIRS,n,2,299.62,4.54,D,0
53.91845,27.71645,329.54,0.39,0.36,2018-07-08,1040,N20,VIIRS,n,2,294.81,7.21,D,0
53.92168,27.71491,331.53,0.39,0.36,2018-07-08,1040,N20,VIIRS,n,2,295.56,4.95,D,0
53.91978,27.70341,330.15,0.39,0.36,2018-07-08,1040,N20,VIIRS,n,2,295.24,1.25,D,0
53.67704,23.90207,333.09,0.45,0.39,2018-07-08,1040,N20,VIIRS,n,2,306.23,3.85,D,0
52.84784,29.99113,314.66,0.59,0.7,2018-07-08,2251,N20,VIIRS,n,2,283.68,2.52,N,2
51.8964,29.33332,301.71,0.63,0.72,2018-07-08,2251,N20,VIIRS,n,2,284.65,2.72,N,0
51.89655,29.3428,295.96,0.63,0.72,2018-07-08,2251,N20,VIIRS,n,2,284.43,1.38,N,2
51.88971,29.33343,306.08,0.63,0.72,2018-07-08,2251,N20,VIIRS,n,2,284.06,1.03,N,2
53.58889,31.95643,295.18,0.52,0.41,2018-07-09,0032,N20,VIIRS,n,2,284.63,0.31,N,2
52.85004,29.98831,295.49,0.47,0.39,2018-07-09,0032,N20,VIIRS,n,2,285.15,1.84,N,2
52.84866,29.99492,310.73,0.47,0.39,2018-07-09,0032,N20,VIIRS,n,2,286.16,2.02,N,2
52.84659,29.98635,321.48,0.47,0.39,2018-07-09,0032,N20,VIIRS,n,2,285.38,1.84,N,2
52.8452,29.99297,322.83,0.47,0.39,2018-07-09,0032,N20,VIIRS,n,2,285.7,2.02,N,2
53.27062,24.44137,320.82,0.38,0.36,2018-07-09,0032,N20,VIIRS,n,2,286.95,1.66,N,2
53.25916,24.44844,298.97,0.38,0.36,2018-07-09,0032,N20,VIIRS,n,2,284.89,0.23,N,2
51.8931,29.34327,305.86,0.46,0.39,2018-07-09,0032,N20,VIIRS,n,2,286.79,1.4,N,2
51.88964,29.34142,315.32,0.46,0.39,2018-07-09,0032,N20,VIIRS,n,2,286.7,1.4,N,2
53.45901,30.63581,328.94,0.41,0.37,2018-07-09,1021,N20,VIIRS,n,2,291.19,6.09,D,0
53.4579,30.6298,325.85,0.41,0.37,2018-07-09,1021,N20,VIIRS,n,2,293.26,4.19,D,0
53.4612,30.62811,328.45,0.41,0.37,2018-07-09,1021,N20,VIIRS,n,2,292.23,4.19,D,0
53.27079,24.44368,327.79,0.39,0.6,2018-07-09,1202,N20,VIIRS,n,2,294.47,1.76,D,2
53.39698,32.0078,296.24,0.77,0.77,2018-07-09,2232,N20,VIIRS,n,2,282.73,1.19,N,0
53.39557,32.012,296.44,0.77,0.77,2018-07-09,2232,N20,VIIRS,n,2,283.69,1,N,2
56.01715,28.65809,322.11,0.4,0.37,2018-07-10,0012,N20,VIIRS,n,2,277.26,2.32,N,0
55.50561,28.5891,302.65,0.39,0.37,2018-07-10,0013,N20,VIIRS,n,2,284.57,0.49,N,2
53.67031,31.82734,296.08,0.4,0.37,2018-07-10,0013,N20,VIIRS,n,2,285.64,0.81,N,2
53.58818,31.9507,300.31,0.4,0.37,2018-07-10,0013,N20,VIIRS,n,2,286.08,0.58,N,2
53.39552,32.01786,300.82,0.4,0.37,2018-07-10,0013,N20,VIIRS,n,2,286.43,0.96,N,2
53.39331,32.01038,297.62,0.4,0.37,2018-07-10,0013,N20,VIIRS,n,2,285.83,0.96,N,2
52.84849,29.98981,332.65,0.39,0.36,2018-07-10,0013,N20,VIIRS,n,2,288.37,4.84,N,2
53.27133,24.44548,312.42,0.45,0.39,2018-07-10,0013,N20,VIIRS,n,2,286.36,1,N,2
53.2599,24.44885,296.41,0.45,0.39,2018-07-10,0013,N20,VIIRS,n,2,286.27,0.66,N,2
51.90015,29.3235,298.66,0.38,0.36,2018-07-10,0013,N20,VIIRS,n,2,288.57,0.88,N,0
51.89336,29.344,321.68,0.38,0.36,2018-07-10,0013,N20,VIIRS,n,2,287.28,1.99,N,2
51.89102,29.33716,323.34,0.38,0.36,2018-07-10,0013,N20,VIIRS,n,2,287.05,1.81,N,2
53.27069,24.44371,308.73,0.52,0.67,2018-07-10,0153,N20,VIIRS,n,2,282.58,1.09,N,2
53.67238,31.82513,299.73,0.4,0.37,2018-07-10,2354,N20,VIIRS,n,2,287.21,0.95,N,2
53.58886,31.95049,300.7,0.4,0.37,2018-07-10,2354,N20,VIIRS,n,2,286.32,0.64,N,2
53.39648,32.01294,305.48,0.4,0.37,2018-07-10,2354,N20,VIIRS,n,2,287.91,0.85,N,2
53.39317,32.01165,305.44,0.4,0.37,2018-07-10,2354,N20,VIIRS,n,2,288.26,0.85,N,2
53.27417,24.43995,309.32,0.44,0.46,2018-07-10,2354,N20,VIIRS,n,2,285.11,0.59,N,2
53.27188,24.44004,314.86,0.44,0.46,2018-07-10,2354,N20,VIIRS,n,2,284.44,2.45,N,2
55.52758,28.53413,296.56,0.4,0.6,2018-07-11,0134,N20,VIIRS,n,2,284.78,0.6,N,0
51.89266,29.34041,305.61,0.6,0.7,2018-07-11,0135,N20,VIIRS,n,2,276.27,2.08,N,2
51.99847,23.76665,325.74,0.55,0.68,2018-07-11,0944,N20,VIIRS,n,2,287.88,14.05,D,0
51.99592,23.75961,355.92,0.55,0.68,2018-07-11,0944,N20,VIIRS,n,2,291.08,26.15,D,0
52.6194,24.60617,367,0.49,0.65,2018-07-11,0944,N20,VIIRS,h,2,297.77,19.71,D,0
52.61721,24.59983,353.71,0.49,0.65,2018-07-11,0944,N20,VIIRS,n,2,296.8,17.4,D,0
52.62463,24.60122,367,0.49,0.65,2018-07-11,0944,N20,VIIRS,h,2,292.94,19.71,D,0
52.62245,24.59492,351.73,0.49,0.65,2018-07-11,0944,N20,VIIRS,n,2,293.6,17.4,D,0
52.6222,24.6031,367,0.49,0.65,2018-07-11,0944,N20,VIIRS,h,2,296.06,25.59,D,0
52.62,24.59681,342.77,0.49,0.65,2018-07-11,0944,N20,VIIRS,n,2,296.63,25.59,D,0
53.26926,24.44466,326.57,0.47,0.64,2018-07-11,0944,N20,VIIRS,n,2,294.62,2.59,D,2
52.84783,29.99052,328.92,0.53,0.5,2018-07-11,1124,N20,VIIRS,n,2,290.02,4.93,D,2
55.50618,28.58745,296.12,0.49,0.49,2018-07-11,2335,N20,VIIRS,n,2,285.36,0.75,N,2
53.27081,24.44054,309.22,0.35,0.57,2018-07-11,2335,N20,VIIRS,n,2,285.57,1.06,N,2
53.27113,24.44284,309.75,0.35,0.57,2018-07-11,2335,N20,VIIRS,n,2,285.93,0.99,N,2
52.85286,29.99176,298.16,0.41,0.45,2018-07-11,2335,N20,VIIRS,n,2,287.77,1,N,0
52.84875,29.99081,343.2,0.41,0.45,2018-07-11,2335,N20,VIIRS,n,2,288.52,5.88,N,2
51.89271,29.34286,309.78,0.42,0.45,2018-07-11,2336,N20,VIIRS,n,2,287.1,1.37,N,2
51.88903,29.33575,310.64,0.42,0.45,2018-07-11,2336,N20,VIIRS,n,2,286.36,1.37,N,2
52.84952,29.99057,313.4,0.39,0.59,2018-07-12,0116,N20,VIIRS,n,2,285.34,1.59,N,2
52.8479,29.98845,305.06,0.39,0.59,2018-07-12,0116,N20,VIIRS,n,2,284.85,1.35,N,2
52.84625,29.99365,304.4,0.39,0.59,2018-07-12,0116,N20,VIIRS,n,2,284.84,1.35,N,2
51.89403,29.3404,308.03,0.4,0.6,2018-07-12,0116,N20,VIIRS,n,2,285.69,0.67,N,2
51.89239,29.34554,301.96,0.4,0.6,2018-07-12,0116,N20,VIIRS,n,2,285.49,0.67,N,2
51.88909,29.33637,299.74,0.4,0.6,2018-07-12,0116,N20,VIIRS,n,2,285.04,0.67,N,2
51.88744,29.34152,299.74,0.4,0.6,2018-07-12,0116,N20,VIIRS,n,2,284.94,0.67,N,2
53.27284,24.44069,299.46,0.47,0.47,2018-07-12,0116,N20,VIIRS,n,2,286.57,1.25,N,2
53.27169,24.44013,298.56,0.47,0.47,2018-07-12,0116,N20,VIIRS,n,2,286.31,0.59,N,2
51.89079,29.33887,334.16,0.52,0.67,2018-07-12,0925,N20,VIIRS,n,2,293.97,7.56,D,2
53.0857,28.43341,334.43,0.47,0.4,2018-07-12,1105,N20,VIIRS,n,2,296.22,4.56,D,0
53.39703,32.0138,300.84,0.53,0.5,2018-07-12,2316,N20,VIIRS,n,2,284.88,1.43,N,2
53.39425,32.01642,299.85,0.53,0.5,2018-07-12,2316,N20,VIIRS,n,2,283.45,0.62,N,2
52.85015,29.99118,310.74,0.32,0.55,2018-07-12,2316,N20,VIIRS,n,2,279.35,1.26,N,2
51.89521,29.33881,317.53,0.34,0.56,2018-07-12,2317,N20,VIIRS,n,2,279.65,1.13,N,2
52.25674,28.96255,328.51,0.39,0.36,2018-07-13,1046,N20,VIIRS,n,2,298.4,4.02,D,0
52.25593,28.95699,331.24,0.39,0.36,2018-07-13,1046,N20,VIIRS,n,2,297.46,3.12,D,0
52.24804,27.97255,333.93,0.38,0.36,2018-07-13,1046,N20,VIIRS,n,2,295.93,5.5,D,0
53.02768,29.36809,344.62,0.39,0.36,2018-07-13,1046,N20,VIIRS,n,2,295.47,11.31,D,0
52.93776,28.71704,332.94,0.39,0.36,2018-07-13,1046,N20,VIIRS,n,2,292.37,5.21,D,0
52.84793,29.98526,301.05,0.51,0.66,2018-07-13,2257,N20,VIIRS,n,2,283.77,0.88,N,2
52.84793,29.99295,297.56,0.51,0.66,2018-07-13,2257,N20,VIIRS,n,2,284,0.88,N,2
51.89582,29.3337,298.89,0.54,0.68,2018-07-13,2258,N20,VIIRS,n,2,283.98,2.43,N,0
51.89584,29.34178,299.35,0.54,0.68,2018-07-13,2258,N20,VIIRS,n,2,283.34,1.23,N,2
51.88953,29.33357,307.51,0.54,0.68,2018-07-13,2258,N20,VIIRS,n,2,283.42,1.61,N,2
52.84956,29.98916,327.78,0.52,0.42,2018-07-14,0038,N20,VIIRS,n,2,286.16,4,N,2
52.84595,29.98697,318.4,0.52,0.42,2018-07-14,0038,N20,VIIRS,n,2,285.44,4,N,2
53.27011,24.44359,304.57,0.39,0.36,2018-07-14,0038,N20,VIIRS,n,2,284.96,1.08,N,2
51.89275,29.34061,306,0.52,0.42,2018-07-14,0039,N20,VIIRS,n,2,285.92,1.91,N,2
51.88913,29.33854,301.87,0.52,0.42,2018-07-14,0039,N20,VIIRS,n,2,285.35,0.98,N,2
51.89059,29.34151,335.27,0.42,0.38,2018-07-14,1027,N20,VIIRS,n,2,303.62,4.57,D,2
52.83969,28.13165,327.86,0.44,0.38,2018-07-14,1027,N20,VIIRS,n,2,295.49,2.7,D,0
52.84762,29.9907,331.94,0.4,0.37,2018-07-15,0019,N20,VIIRS,n,2,288.31,14.88,N,2
51.89744,29.33318,297.13,0.4,0.37,2018-07-15,0020,N20,VIIRS,n,2,286.78,1.06,N,0
51.8922,29.34287,306.76,0.4,0.37,2018-07-15,0020,N20,VIIRS,n,2,285.63,1.44,N,2
51.89113,29.34258,327.52,0.39,0.44,2018-07-15,1008,N20,VIIRS,n,2,290.84,2.43,D,2
52.84794,29.98815,295.24,0.4,0.37,2018-07-16,0001,N20,VIIRS,n,2,260.48,0.39,N,2
51.89369,29.34183,329.02,0.4,0.37,2018-07-16,0001,N20,VIIRS,n,2,287.62,1.95,N,2
51.89035,29.34064,313.91,0.4,0.37,2018-07-16,0001,N20,VIIRS,n,2,286.14,1.95,N,2
51.89287,29.34764,297.76,0.68,0.74,2018-07-16,0141,N20,VIIRS,n,2,282.82,1.2,N,2
51.88704,29.34182,298.57,0.68,0.74,2018-07-16,0141,N20,VIIRS,n,2,282.7,1.2,N,2
51.84219,30.43747,327.78,0.32,0.54,2018-07-16,1130,N20,VIIRS,n,2,288.22,1.06,D,0
55.48657,28.59562,367,0.33,0.55,2018-07-17,2322,N20,VIIRS,h,2,270.76,3.91,N,0
55.48639,28.60092,328.52,0.33,0.55,2018-07-17,2322,N20,VIIRS,n,2,268.05,2.93,N,0
55.48674,28.59034,301.14,0.33,0.55,2018-07-17,2322,N20,VIIRS,n,2,271.92,3.91,N,0
55.48621,28.60621,295.11,0.33,0.55,2018-07-17,2322,N20,VIIRS,n,2,267.38,2.93,N,0
53.39504,32.01474,301.39,0.46,0.47,2018-07-17,2323,N20,VIIRS,n,2,284.89,0.88,N,2
53.39437,32.01558,300.51,0.46,0.47,2018-07-17,2323,N20,VIIRS,n,2,285.23,0.62,N,2
52.84692,29.98725,315.6,0.55,0.51,2018-07-17,2323,N20,VIIRS,n,2,285.52,2.84,N,2
55.4864,28.60119,352.69,0.44,0.46,2018-07-18,0103,N20,VIIRS,n,2,289.63,13.74,N,0
53.58792,31.95345,296.62,0.33,0.55,2018-07-18,0103,N20,VIIRS,n,2,283.7,1.15,N,2
52.8478,29.98948,303.13,0.59,0.53,2018-07-18,0103,N20,VIIRS,n,2,280.17,1.65,N,2
51.89216,29.33919,327.6,0.68,0.74,2018-07-18,0912,N20,VIIRS,n,2,284.95,5.54,D,2
51.89055,29.3426,340.75,0.4,0.37,2018-07-18,1052,N20,VIIRS,n,2,294.76,6.24,D,2
52.6033,27.85291,330.73,0.39,0.36,2018-07-18,1052,N20,VIIRS,n,2,295.44,2.72,D,0
53.15094,27.97973,328.14,0.39,0.36,2018-07-18,1052,N20,VIIRS,n,2,296.51,4.04,D,0
52.87815,25.57348,330.32,0.39,0.36,2018-07-18,1052,N20,VIIRS,n,2,295.86,3.33,D,0
55.48446,28.60266,330.14,0.42,0.38,2018-07-18,1053,N20,VIIRS,n,2,295.04,5.1,D,0
55.48365,28.59611,326.21,0.42,0.38,2018-07-18,1053,N20,VIIRS,n,2,295.69,5.1,D,0
55.48689,28.59837,367,0.51,0.66,2018-07-18,2303,N20,VIIRS,h,2,283.01,12.44,N,0
55.48684,28.59011,312.49,0.51,0.66,2018-07-18,2303,N20,VIIRS,n,2,282.32,9.15,N,0
55.48773,28.59348,351.26,0.51,0.66,2018-07-18,2303,N20,VIIRS,n,2,282.99,6.45,N,0
55.48774,28.60174,323.88,0.51,0.66,2018-07-18,2303,N20,VIIRS,n,2,281.42,6.45,N,0
53.39333,32.01234,300.08,0.36,0.57,2018-07-18,2304,N20,VIIRS,n,2,285.77,0.54,N,2
53.26973,24.44092,299.5,0.74,0.76,2018-07-18,2304,N20,VIIRS,n,2,286.36,0.79,N,2
52.85054,29.99074,313.56,0.43,0.62,2018-07-18,2304,N20,VIIRS,n,2,285.78,1.68,N,2
53.59002,31.95216,296.94,0.44,0.46,2018-07-19,0044,N20,VIIRS,n,2,285.89,0.74,N,0
53.27222,24.44636,308.05,0.41,0.37,2018-07-19,0045,N20,VIIRS,n,2,289.57,0.65,N,2
51.8946,29.34333,304.87,0.39,0.44,2018-07-19,0045,N20,VIIRS,n,2,288.06,0.69,N,2
51.89079,29.341,327.29,0.39,0.44,2018-07-19,0045,N20,VIIRS,n,2,288.32,2.62,N,2
55.48831,28.59343,367,0.78,0.78,2018-07-19,2244,N20,VIIRS,h,2,281.71,15.56,N,0
55.48741,28.59012,367,0.78,0.78,2018-07-19,2244,N20,VIIRS,h,2,281.53,11.5,N,0
55.48795,28.60291,304.57,0.78,0.78,2018-07-19,2244,N20,VIIRS,n,2,281.23,11.5,N,0
55.5037,28.58989,300.79,0.39,0.36,2018-07-20,0025,N20,VIIRS,n,2,285.83,0.37,N,2
55.48784,28.601,331.53,0.39,0.36,2018-07-20,0025,N20,VIIRS,n,2,286.95,2.64,N,0
55.48463,28.59932,328.47,0.39,0.36,2018-07-20,0025,N20,VIIRS,n,2,287.43,9.89,N,0
51.8921,29.33865,323.58,0.42,0.38,2018-07-20,0026,N20,VIIRS,n,2,287.83,2.28,N,2
51.88876,29.33699,303.51,0.42,0.38,2018-07-20,0026,N20,VIIRS,n,2,286.55,0.71,N,2
51.99034,30.82518,332.39,0.47,0.39,2018-07-20,1014,N20,VIIRS,n,2,288.77,4.3,D,0
52.37943,26.27204,336.41,0.43,0.46,2018-07-20,1015,N20,VIIRS,n,2,291.39,4.43,D,0
55.48789,28.60312,313.71,0.42,0.37,2018-07-21,0006,N20,VIIRS,n,2,282.48,1.51,N,0
55.48533,28.59525,304.1,0.42,0.37,2018-07-21,0006,N20,VIIRS,n,2,281.85,1.17,N,0
55.4845,28.60177,318.69,0.42,0.37,2018-07-21,0006,N20,VIIRS,n,2,282.01,1.51,N,0
55.48872,28.5966,301.06,0.42,0.37,2018-07-21,0006,N20,VIIRS,n,2,281.85,1.17,N,0
55.50393,28.58896,295.98,0.42,0.37,2018-07-21,0006,N20,VIIRS,n,2,281.17,0.51,N,2
53.27065,24.4455,310.83,0.51,0.41,2018-07-21,0007,N20,VIIRS,n,2,287.59,1.23,N,2
51.89956,29.3249,299.65,0.39,0.36,2018-07-21,0007,N20,VIIRS,n,2,288.94,1.14,N,0
51.89383,29.34022,321.38,0.39,0.36,2018-07-21,0007,N20,VIIRS,n,2,288.77,1.66,N,2
51.89056,29.33895,312.74,0.39,0.36,2018-07-21,0007,N20,VIIRS,n,2,287.63,0.99,N,2
55.48586,28.59863,367,0.52,0.67,2018-07-21,0146,N20,VIIRS,h,2,281.25,5.34,N,0
55.48324,28.60555,299.52,0.52,0.67,2018-07-21,0146,N20,VIIRS,n,2,279.78,5.34,N,0
53.26986,24.44525,299.57,0.46,0.63,2018-07-21,0147,N20,VIIRS,n,2,284.46,1.66,N,2
55.48537,28.60266,336.97,0.43,0.46,2018-07-21,0957,N20,VIIRS,n,2,282.96,5.13,D,0
55.48378,28.59633,326.77,0.43,0.46,2018-07-21,0957,N20,VIIRS,n,2,283.72,5.13,D,0
51.94988,30.06167,327.22,0.36,0.57,2018-07-21,1136,N20,VIIRS,n,2,281.57,2.19,D,0
51.8591,26.47264,343.88,0.51,0.49,2018-07-21,1136,N20,VIIRS,n,2,294.49,6.36,D,0
52.25288,26.20727,325.78,0.5,0.49,2018-07-21,1136,N20,VIIRS,n,2,294.28,2.43,D,0
53.27179,24.43922,302.18,0.61,0.54,2018-07-22,0128,N20,VIIRS,n,2,285.53,2.36,N,2
53.27308,24.44404,306.37,0.41,0.45,2018-07-23,0110,N20,VIIRS,n,2,283.42,1.69,N,2
53.26923,24.44146,298.61,0.41,0.45,2018-07-23,0110,N20,VIIRS,n,2,283.05,1.55,N,2
51.88749,29.342,330.07,0.44,0.38,2018-07-23,1058,N20,VIIRS,n,2,292.02,3.55,D,2
51.88676,29.3357,329.75,0.44,0.38,2018-07-23,1058,N20,VIIRS,n,2,291.86,3.85,D,2
51.89098,29.34093,338.17,0.44,0.38,2018-07-23,1058,N20,VIIRS,n,2,296.32,5.72,D,2
53.13783,25.84189,335.05,0.39,0.36,2018-07-23,1059,N20,VIIRS,n,2,293.43,5.3,D,0
53.27097,24.43951,303.63,0.44,0.38,2018-07-24,0051,N20,VIIRS,n,2,285.32,0.97,N,2
53.26972,24.4458,302.55,0.44,0.38,2018-07-24,0051,N20,VIIRS,n,2,285.81,0.97,N,2
51.54327,30.49712,329.85,0.38,0.36,2018-07-24,1039,N20,VIIRS,n,2,290.9,2.98,D,0
52.44579,27.33821,338.73,0.4,0.37,2018-07-24,1040,N20,VIIRS,n,2,297.24,4.3,D,0
52.44252,27.33975,345.22,0.4,0.37,2018-07-24,1040,N20,VIIRS,n,2,305.18,13.04,D,0
51.89215,29.33306,304.46,0.63,0.72,2018-07-24,2251,N20,VIIRS,n,2,274.95,1.65,N,2
52.84813,29.99624,298.36,0.47,0.39,2018-07-25,0032,N20,VIIRS,n,2,286.47,0.46,N,2
52.84467,29.99429,297.7,0.47,0.39,2018-07-25,0032,N20,VIIRS,n,2,286.53,0.48,N,2
51.89276,29.34385,304.76,0.47,0.39,2018-07-25,0032,N20,VIIRS,n,2,286.45,0.99,N,2
51.88929,29.34199,300.25,0.47,0.39,2018-07-25,0032,N20,VIIRS,n,2,286.12,0.82,N,2
51.87484,30.46263,328.55,0.43,0.38,2018-07-25,1021,N20,VIIRS,n,2,293.7,2.58,D,0
53.44876,30.4807,337.66,0.41,0.37,2018-07-25,1021,N20,VIIRS,n,2,292.6,3.52,D,0
53.63939,23.82308,331.48,0.43,0.46,2018-07-25,1022,N20,VIIRS,n,2,295.43,1.78,D,0
53.14188,30.81072,297.92,0.39,0.36,2018-07-26,0013,N20,VIIRS,n,2,286.71,0.3,N,0
52.85574,29.9968,303.92,0.39,0.36,2018-07-26,0013,N20,VIIRS,n,2,288.93,0.7,N,2
52.85251,29.99534,302.15,0.39,0.36,2018-07-26,0013,N20,VIIRS,n,2,288.96,0.7,N,2
52.84605,29.99244,328.68,0.39,0.36,2018-07-26,0013,N20,VIIRS,n,2,289.92,4.68,N,2
53.27091,24.43913,306.05,0.45,0.39,2018-07-26,0013,N20,VIIRS,n,2,286.9,0.89,N,2
53.27013,24.44592,300.87,0.45,0.39,2018-07-26,0013,N20,VIIRS,n,2,287.32,0.86,N,2
52.30647,30.23649,306.9,0.39,0.36,2018-07-26,0013,N20,VIIRS,n,2,287.66,0.6,N,0
52.1255,30.05761,303.03,0.39,0.36,2018-07-26,0013,N20,VIIRS,n,2,286.82,0.61,N,0
51.89184,29.34001,303.04,0.38,0.36,2018-07-26,0014,N20,VIIRS,n,2,288.58,0.63,N,2
51.88861,29.33864,304.5,0.38,0.36,2018-07-26,0014,N20,VIIRS,n,2,288.15,0.63,N,2
53.27375,24.44495,307.54,0.52,0.67,2018-07-26,0153,N20,VIIRS,n,2,284.4,0.98,N,2
52.17785,24.97117,353.05,0.32,0.55,2018-07-26,1002,N20,VIIRS,n,2,290.12,5.16,D,0
52.50475,27.34916,346.15,0.33,0.55,2018-07-26,1143,N20,VIIRS,n,2,293.56,3.17,D,0
53.6713,31.8241,300.04,0.4,0.37,2018-07-26,2354,N20,VIIRS,n,2,287.79,0.83,N,2
53.14392,30.81048,302.28,0.41,0.37,2018-07-26,2354,N20,VIIRS,n,2,287.98,0.56,N,0
52.84896,29.99212,311.41,0.43,0.38,2018-07-26,2354,N20,VIIRS,n,2,281.7,1.43,N,2
52.84551,29.99095,318.97,0.43,0.38,2018-07-26,2354,N20,VIIRS,n,2,282.04,3.03,N,2
53.27195,24.44137,310.4,0.44,0.46,2018-07-26,2354,N20,VIIRS,n,2,287.08,1.78,N,2
52.27707,26.65178,297.95,0.53,0.42,2018-07-26,2355,N20,VIIRS,n,2,286.69,0.46,N,0
52.84426,29.99142,295.99,0.58,0.7,2018-07-27,0134,N20,VIIRS,n,2,265.6,1.24,N,2
52.84821,29.99307,306.43,0.58,0.7,2018-07-27,0134,N20,VIIRS,n,2,262.81,3.22,N,2
52.19793,30.55688,338.76,0.6,0.53,2018-07-27,0943,N20,VIIRS,n,2,286,12.42,D,0
52.38632,29.63169,337,0.32,0.55,2018-07-27,0943,N20,VIIRS,n,2,286.98,1.73,D,0
52.84431,29.99188,326.49,0.6,0.53,2018-07-27,0944,N20,VIIRS,n,2,284.08,6.59,D,2
52.07772,25.24183,330.5,0.48,0.65,2018-07-27,0944,N20,VIIRS,n,2,285.42,3.27,D,0
52.30111,29.58638,367,0.51,0.49,2018-07-27,1124,N20,VIIRS,h,2,295,18.3,D,0
52.30135,29.58675,356.03,0.51,0.49,2018-07-27,1124,N20,VIIRS,n,2,295.06,21.24,D,0
52.5603,27.75,325.56,0.43,0.46,2018-07-27,1124,N20,VIIRS,n,2,294.35,3.13,D,0
53.67344,31.82594,298.58,0.53,0.42,2018-07-27,2335,N20,VIIRS,n,2,285.66,1.5,N,2
53.39547,32.01694,306.75,0.52,0.42,2018-07-27,2335,N20,VIIRS,n,2,288.72,1.79,N,2
53.2743,24.4382,299.51,0.35,0.56,2018-07-27,2336,N20,VIIRS,n,2,286.06,0.75,N,2
53.27412,24.44356,310.13,0.35,0.56,2018-07-27,2336,N20,VIIRS,n,2,286.92,1.14,N,2
51.89374,29.34,308.51,0.42,0.45,2018-07-27,2336,N20,VIIRS,n,2,286.19,1.38,N,2
51.88958,29.33909,303.89,0.42,0.45,2018-07-27,2336,N20,VIIRS,n,2,285.24,1.03,N,2
53.27288,24.4443,309.96,0.47,0.48,2018-07-28,0116,N20,VIIRS,n,2,287.63,1.84,N,2
51.89244,29.33918,325.53,0.52,0.67,2018-07-28,0925,N20,VIIRS,n,2,286.7,3.43,D,2
52.13823,31.57457,331.35,0.39,0.44,2018-07-28,1105,N20,VIIRS,n,2,286.83,2.5,D,0
53.3956,32.01162,307.34,0.53,0.5,2018-07-28,2316,N20,VIIRS,n,2,289.93,1.74,N,2
53.27416,24.44044,312.31,0.55,0.68,2018-07-28,2316,N20,VIIRS,n,2,284.29,1.48,N,2
53.27195,24.44147,312.25,0.55,0.68,2018-07-28,2316,N20,VIIRS,n,2,284.27,1.61,N,2
51.89455,29.33942,315.56,0.33,0.56,2018-07-28,2317,N20,VIIRS,n,2,287.95,0.9,N,2
51.8896,29.33385,308.4,0.33,0.56,2018-07-28,2317,N20,VIIRS,n,2,287.05,0.7,N,2
53.27069,24.44182,310.25,0.48,0.4,2018-07-29,0057,N20,VIIRS,n,2,282.55,2.12,N,2
51.88867,29.34219,330.85,0.77,0.77,2018-07-29,0906,N20,VIIRS,n,2,289.47,3.73,D,2
51.89087,29.34169,336.87,0.39,0.36,2018-07-29,1046,N20,VIIRS,n,2,303.09,5.25,D,2
51.7481,28.09597,331.74,0.38,0.36,2018-07-29,1046,N20,VIIRS,n,2,298.85,4.4,D,0
51.74724,28.09051,330.33,0.38,0.36,2018-07-29,1046,N20,VIIRS,n,2,299.95,3.73,D,0
51.99255,25.80598,334.52,0.4,0.37,2018-07-29,1046,N20,VIIRS,n,2,298.69,3.4,D,0
52.48869,28.30571,334.45,0.38,0.36,2018-07-29,1046,N20,VIIRS,n,2,301.83,3.76,D,0
54.05022,28.1546,338.9,0.39,0.36,2018-07-29,1046,N20,VIIRS,n,2,299.03,2.84,D,0
54.04937,28.1488,338.68,0.39,0.36,2018-07-29,1046,N20,VIIRS,n,2,299.33,3.51,D,0
54.73074,28.81301,331.18,0.39,0.36,2018-07-29,1047,N20,VIIRS,n,2,300.19,2.88,D,0
53.27095,24.4406,323.59,0.39,0.36,2018-07-30,0038,N20,VIIRS,n,2,291.19,1.34,N,2
51.89283,29.34489,307.61,0.52,0.42,2018-07-30,0039,N20,VIIRS,n,2,288.73,1.36,N,2
53.44637,30.48121,331.21,0.39,0.36,2018-07-30,1027,N20,VIIRS,n,2,295.48,3.71,D,0
52.72813,30.86912,332.01,0.39,0.36,2018-07-30,1027,N20,VIIRS,n,2,295.06,2.66,D,0
52.60894,31.15051,332.21,0.39,0.36,2018-07-30,1027,N20,VIIRS,n,2,298.88,19.88,D,0
53.28095,30.42033,295.39,0.77,0.77,2018-07-30,2238,N20,VIIRS,n,2,283.32,1.28,N,0
52.30573,30.22462,305.83,0.78,0.78,2018-07-30,2239,N20,VIIRS,n,2,285.08,1.64,N,0
53.39347,32.01478,306.03,0.43,0.38,2018-07-31,0019,N20,VIIRS,n,2,290.56,1.48,N,2
52.84801,29.98792,325.47,0.4,0.37,2018-07-31,0020,N20,VIIRS,n,2,288.85,2.23,N,2
51.88945,29.33791,308.87,0.4,0.37,2018-07-31,0020,N20,VIIRS,n,2,290,0.68,N,2
51.89272,29.33941,309.48,0.4,0.37,2018-07-31,0020,N20,VIIRS,n,2,290.23,0.87,N,2
53.27185,24.44478,321.08,0.42,0.37,2018-07-31,0020,N20,VIIRS,n,2,291.02,1.98,N,2
52.84698,29.99367,300.12,0.4,0.37,2018-07-31,0020,N20,VIIRS,n,2,289.47,1.64,N,2
51.89082,29.34039,336.43,0.39,0.44,2018-07-31,1008,N20,VIIRS,n,2,295.47,2.81,D,2
51.90885,30.603,333.53,0.53,0.42,2018-07-31,1008,N20,VIIRS,n,2,296.58,3.44,D,0
51.89029,29.34275,328.78,0.39,0.44,2018-07-31,1008,N20,VIIRS,n,2,292.58,3.97,D,2
51.91251,30.60091,333.9,0.53,0.42,2018-07-31,1008,N20,VIIRS,n,2,296.01,3.44,D,0
52.46167,27.34468,337.6,0.45,0.47,2018-07-31,1009,N20,VIIRS,n,2,293.42,8.62,D,0
52.2956,26.56447,331.51,0.49,0.48,2018-07-31,1009,N20,VIIRS,n,2,293.16,2.98,D,0
53.58659,31.95,298.19,0.39,0.36,2018-08-01,0000,N20,VIIRS,n,2,287.52,0.67,N,2
53.66998,31.82779,299.93,0.39,0.36,2018-08-01,0000,N20,VIIRS,n,2,288.34,0.75,N,2
55.50604,28.59144,297.95,0.45,0.39,2018-08-01,0000,N20,VIIRS,n,2,285.47,0.42,N,2
51.89183,29.33775,307.31,0.4,0.37,2018-08-01,0001,N20,VIIRS,n,2,290.39,1.18,N,2
52.84601,29.9918,324.61,0.4,0.37,2018-08-01,0001,N20,VIIRS,n,2,290.97,1.68,N,2
53.14308,30.81323,305.42,0.39,0.36,2018-08-01,0001,N20,VIIRS,n,2,288.38,0.49,N,0
53.39497,32.01166,310.93,0.39,0.36,2018-08-01,0001,N20,VIIRS,n,2,291.04,1.85,N,2
53.2713,24.44201,315.51,0.38,0.43,2018-08-01,0001,N20,VIIRS,n,2,290.2,1.89,N,2
53.27173,24.44266,312.79,0.4,0.6,2018-08-01,0141,N20,VIIRS,n,2,287.27,1.18,N,2
53.2616,24.45421,297.13,0.4,0.6,2018-08-01,0141,N20,VIIRS,n,2,286.69,0.64,N,0
51.66545,30.48359,330.79,0.55,0.51,2018-08-01,0949,N20,VIIRS,n,2,299.39,4.12,D,0
51.89105,29.33973,327.58,0.6,0.53,2018-08-01,0950,N20,VIIRS,n,2,293.71,5.12,D,2
51.89009,29.34039,326.73,0.6,0.53,2018-08-01,0950,N20,VIIRS,n,2,293.77,3.05,D,2
53.40644,28.34846,325.46,0.58,0.52,2018-08-01,0950,N20,VIIRS,n,2,294.59,4,D,0
51.66428,30.48714,347.26,0.32,0.55,2018-08-01,1130,N20,VIIRS,n,2,299.35,3.2,D,0
51.66409,30.48239,338.61,0.32,0.55,2018-08-01,1130,N20,VIIRS,n,2,300.81,3.2,D,0
51.89027,29.3396,329.36,0.57,0.52,2018-08-01,1130,N20,VIIRS,n,2,292.25,1.58,D,2
51.88929,29.34113,331.12,0.57,0.52,2018-08-01,1130,N20,VIIRS,n,2,294.6,4.15,D,2
52.45348,24.95805,328.07,0.39,0.44,2018-08-01,1130,N20,VIIRS,n,2,296.77,2.29,D,0
53.39511,32.01049,306.33,0.47,0.39,2018-08-01,2342,N20,VIIRS,n,2,290.07,1.89,N,2
53.2713,24.44377,312.69,0.59,0.53,2018-08-01,2342,N20,VIIRS,n,2,289.79,1.64,N,2
51.89118,29.33506,310.47,0.55,0.43,2018-08-01,2342,N20,VIIRS,n,2,282.71,2.05,N,2
53.67288,31.82553,300.97,0.47,0.4,2018-08-01,2342,N20,VIIRS,n,2,289.43,0.82,N,2
52.84665,29.98916,331.58,0.53,0.42,2018-08-01,2342,N20,VIIRS,n,2,290.17,4.75,N,2
53.2743,24.43915,309.25,0.59,0.53,2018-08-01,2342,N20,VIIRS,n,2,288.91,2.25,N,2
53.67212,31.8244,302.59,0.48,0.4,2018-08-01,2342,N20,VIIRS,n,2,289.1,1.36,N,2
53.58772,31.95361,297.92,0.47,0.4,2018-08-01,2342,N20,VIIRS,n,2,287.79,0.51,N,2
53.27186,24.44466,310.11,0.54,0.51,2018-08-02,0122,N20,VIIRS,n,2,289.4,1.86,N,2
52.8493,29.98726,297.35,0.45,0.63,2018-08-02,0122,N20,VIIRS,n,2,286.71,1.69,N,2
53.58991,31.95365,296.25,0.49,0.65,2018-08-02,0122,N20,VIIRS,n,2,285.79,0.6,N,2
52.84732,29.99313,315.9,0.45,0.63,2018-08-02,0122,N20,VIIRS,n,2,287.85,1.94,N,2
51.88861,29.34195,298.56,0.46,0.63,2018-08-02,0122,N20,VIIRS,n,2,286.95,1.47,N,2
51.89352,29.34454,300.32,0.46,0.63,2018-08-02,0122,N20,VIIRS,n,2,286.67,0.65,N,2
51.88835,29.34007,303.02,0.46,0.63,2018-08-02,0122,N20,VIIRS,n,2,286.87,0.65,N,2
53.27139,24.44265,308.9,0.54,0.5,2018-08-02,0122,N20,VIIRS,n,2,289.31,1.32,N,2
53.11707,28.79408,338.31,0.43,0.62,2018-08-02,0931,N20,VIIRS,n,2,294.52,8.13,D,0
53.11895,28.79972,354.69,0.43,0.62,2018-08-02,0931,N20,VIIRS,n,2,294.59,8.7,D,0
51.8929,29.34076,337.39,0.45,0.63,2018-08-02,0931,N20,VIIRS,n,2,294.59,3.3,D,2
52.20098,25.35578,332.1,0.42,0.38,2018-08-02,1111,N20,VIIRS,n,2,295.6,3.73,D,0
52.12253,25.87147,341.84,0.43,0.38,2018-08-02,1111,N20,VIIRS,n,2,298.28,4.4,D,0
55.50491,28.58811,300.52,0.33,0.55,2018-08-02,2322,N20,VIIRS,n,2,289.16,0.45,N,2
54.41723,27.87059,330.58,0.34,0.56,2018-08-02,2322,N20,VIIRS,n,2,287.85,2.56,N,0
54.41729,27.87073,334.91,0.34,0.56,2018-08-02,2322,N20,VIIRS,n,2,287.95,2.54,N,0
51.89305,29.34328,299.57,0.57,0.52,2018-08-02,2323,N20,VIIRS,n,2,289.24,1.08,N,2
53.67138,31.82641,301.03,0.47,0.48,2018-08-02,2323,N20,VIIRS,n,2,290.03,0.9,N,2
53.2713,24.43677,300.4,0.47,0.64,2018-08-02,2323,N20,VIIRS,n,2,288.95,0.82,N,2
53.27126,24.44407,303.97,0.47,0.64,2018-08-02,2323,N20,VIIRS,n,2,289.46,0.91,N,2
52.84789,29.99173,337.91,0.55,0.51,2018-08-02,2323,N20,VIIRS,n,2,290.87,8.41,N,2
52.84706,29.98573,330.3,0.55,0.51,2018-08-02,2323,N20,VIIRS,n,2,289.75,4.54,N,2
52.8466,29.99389,311.83,0.55,0.51,2018-08-02,2323,N20,VIIRS,n,2,289.08,3.93,N,2
51.8935,29.33483,303.22,0.57,0.52,2018-08-02,2323,N20,VIIRS,n,2,290.06,2.55,N,2
51.88871,29.3341,305.44,0.57,0.52,2018-08-02,2323,N20,VIIRS,n,2,289.14,1.16,N,2
53.58752,31.95324,300.73,0.33,0.55,2018-08-03,0103,N20,VIIRS,n,2,288.19,0.44,N,2
55.50483,28.58812,300.39,0.43,0.46,2018-08-03,0103,N20,VIIRS,n,2,289.08,0.75,N,2
52.84665,29.98944,333.2,0.59,0.53,2018-08-03,0103,N20,VIIRS,n,2,289.69,6.22,N,2
54.41534,27.87404,321.9,0.44,0.46,2018-08-03,0103,N20,VIIRS,n,2,287.75,2.3,N,0
52.84691,29.991,333.55,0.59,0.53,2018-08-03,0103,N20,VIIRS,n,2,289.51,6.35,N,2
53.58832,31.95513,298.68,0.33,0.55,2018-08-03,0103,N20,VIIRS,n,2,287.5,0.52,N,2
53.27206,24.44074,297.19,0.54,0.42,2018-08-03,0104,N20,VIIRS,n,2,270.25,0.67,N,2
51.8877,29.3381,306.83,0.6,0.53,2018-08-03,0104,N20,VIIRS,n,2,287.89,2.01,N,2
51.89656,30.10437,331.76,0.42,0.38,2018-08-03,1052,N20,VIIRS,n,2,299.78,4.58,D,0
51.88734,29.34142,333.78,0.4,0.37,2018-08-03,1052,N20,VIIRS,n,2,302.69,2.75,D,2
51.89069,29.34027,339.45,0.4,0.37,2018-08-03,1052,N20,VIIRS,n,2,308.39,2.75,D,2
52.58323,30.67973,342.89,0.44,0.38,2018-08-03,1052,N20,VIIRS,n,2,300.26,5.64,D,0
52.84758,29.99151,342.42,0.42,0.38,2018-08-03,1052,N20,VIIRS,n,2,308.59,9.15,D,2
53.13002,25.84094,345.34,0.38,0.36,2018-08-03,1053,N20,VIIRS,n,2,295.26,3.48,D,0
53.13326,25.83954,344.88,0.38,0.36,2018-08-03,1053,N20,VIIRS,n,2,296.17,3.48,D,0
53.13237,25.83392,337.61,0.38,0.36,2018-08-03,1053,N20,VIIRS,n,2,299.13,3.77,D,0
53.13149,25.82829,353.16,0.38,0.36,2018-08-03,1053,N20,VIIRS,n,2,296.66,3.77,D,0
52.84819,29.99073,327.18,0.43,0.62,2018-08-03,2304,N20,VIIRS,n,2,288.53,2.04,N,2
53.27446,24.43811,304.85,0.74,0.76,2018-08-03,2304,N20,VIIRS,n,2,285.6,0.9,N,2
52.91188,31.12892,301.43,0.39,0.59,2018-08-03,2304,N20,VIIRS,n,2,284.89,1.09,N,0
52.84878,29.98486,314.82,0.43,0.62,2018-08-03,2304,N20,VIIRS,n,2,287.59,2.68,N,2
52.8487,29.99144,315,0.43,0.62,2018-08-03,2304,N20,VIIRS,n,2,288.08,2.33,N,2
52.8483,29.98417,298.26,0.43,0.62,2018-08-03,2304,N20,VIIRS,n,2,287.57,2.04,N,2
51.89148,29.33508,321.67,0.46,0.63,2018-08-03,2304,N20,VIIRS,n,2,286.7,2.87,N,2
55.50653,28.59068,297.65,0.47,0.39,2018-08-04,0044,N20,VIIRS,n,2,287.42,0.33,N,2
52.84912,29.98953,321.89,0.39,0.44,2018-08-04,0045,N20,VIIRS,n,2,286.66,2.98,N,2
53.26949,24.44444,313.44,0.41,0.37,2018-08-04,0045,N20,VIIRS,n,2,290.14,1.79,N,2
53.26074,24.45286,304.04,0.41,0.37,2018-08-04,0045,N20,VIIRS,n,2,290.41,0.99,N,2
51.89261,29.3403,304.39,0.39,0.44,2018-08-04,0045,N20,VIIRS,n,2,288.67,1.09,N,2
51.88879,29.33798,316.5,0.39,0.44,2018-08-04,0045,N20,VIIRS,n,2,288.03,1.09,N,2
52.58381,30.67749,331.81,0.38,0.36,2018-08-04,1033,N20,VIIRS,n,2,297.12,2.26,D,0
53.27089,24.44545,328.12,0.49,0.4,2018-08-04,1034,N20,VIIRS,l,2,302.26,1.18,D,2
53.397,32.01155,300.29,0.57,0.69,2018-08-04,2245,N20,VIIRS,n,2,289.35,0.88,N,2
52.84653,29.98979,316.58,0.69,0.74,2018-08-04,2245,N20,VIIRS,n,2,287.96,4,N,2
52.84746,29.98525,318.24,0.69,0.74,2018-08-04,2245,N20,VIIRS,n,2,288.57,2.77,N,2
53.67217,31.83025,301.92,0.46,0.39,2018-08-05,0026,N20,VIIRS,n,2,289.71,1.07,N,2
53.58892,31.95317,300.01,0.46,0.39,2018-08-05,0026,N20,VIIRS,n,2,288.21,0.55,N,2
52.85466,29.9984,305.97,0.43,0.38,2018-08-05,0026,N20,VIIRS,n,2,294.26,1.15,N,2
52.84916,29.98878,328.78,0.43,0.38,2018-08-05,0026,N20,VIIRS,n,2,291.27,12.82,N,2
52.84798,29.99488,304.82,0.43,0.38,2018-08-05,0026,N20,VIIRS,n,2,291.52,10.09,N,2
53.27076,24.44263,320.88,0.39,0.36,2018-08-05,0026,N20,VIIRS,n,2,290.76,2.08,N,2
53.25925,24.45033,303.21,0.39,0.36,2018-08-05,0026,N20,VIIRS,n,2,289.75,0.95,N,2
51.89024,29.33772,307.77,0.42,0.38,2018-08-05,0026,N20,VIIRS,n,2,289.17,1.53,N,2
52.84682,29.99159,332.3,0.47,0.4,2018-08-05,1015,N20,VIIRS,n,2,298.6,4.41,D,2
51.85826,26.50152,331.76,0.44,0.46,2018-08-05,1015,N20,VIIRS,n,2,290.99,4.6,D,0
51.88835,29.34159,336.34,0.54,0.68,2018-08-05,1155,N20,VIIRS,n,2,297.55,3.84,D,2
55.50656,28.59157,297.39,0.42,0.37,2018-08-06,0006,N20,VIIRS,n,2,287.23,0.6,N,2
55.50554,28.58977,298.71,0.42,0.37,2018-08-06,0006,N20,VIIRS,n,2,287.11,0.32,N,2
51.59421,27.30009,298.34,0.41,0.37,2018-08-06,0007,N20,VIIRS,n,2,285.25,0.56,N,0
51.89162,29.34154,329.46,0.39,0.36,2018-08-06,0007,N20,VIIRS,n,2,289.11,0.98,N,2
53.27321,24.44316,298.13,0.51,0.41,2018-08-06,0007,N20,VIIRS,n,2,285.52,0.5,N,2
52.84761,29.99476,297.74,0.39,0.36,2018-08-06,0007,N20,VIIRS,n,2,287.71,3.3,N,2
52.84845,29.98914,328.75,0.39,0.36,2018-08-06,0007,N20,VIIRS,n,2,290.76,6.45,N,2
53.39313,32.01482,306.78,0.39,0.36,2018-08-06,0007,N20,VIIRS,n,2,289.34,1.29,N,2
53.39635,32.01633,299.9,0.39,0.36,2018-08-06,0007,N20,VIIRS,n,2,287.42,0.67,N,2
51.88836,29.34026,301.87,0.39,0.36,2018-08-06,0007,N20,VIIRS,n,2,288.14,0.98,N,2
51.89119,29.3428,317.2,0.78,0.78,2018-08-06,0147,N20,VIIRS,n,2,284.38,2.81,N,2
51.8867,29.34557,295.19,0.78,0.78,2018-08-06,0147,N20,VIIRS,n,2,283.99,1.62,N,0
51.89063,29.3362,304.83,0.78,0.78,2018-08-06,0147,N20,VIIRS,n,2,284.52,2.65,N,2
52.84962,29.99694,297.18,0.75,0.77,2018-08-06,0147,N20,VIIRS,n,2,284.67,1.4,N,2
53.27112,24.44082,307.85,0.46,0.63,2018-08-06,0147,N20,VIIRS,n,2,285.61,0.69,N,2
53.2698,24.44407,303.5,0.46,0.64,2018-08-06,0147,N20,VIIRS,n,2,286.44,0.84,N,2
52.99794,30.37286,338.74,0.44,0.46,2018-08-06,0956,N20,VIIRS,n,2,289.42,3.36,D,0
51.88932,29.33943,342.4,0.34,0.56,2018-08-06,1136,N20,VIIRS,n,2,286.95,3.52,D,2
52.91997,28.94504,330.39,0.33,0.55,2018-08-06,1137,N20,VIIRS,n,2,294.85,3.06,D,0
52.91979,28.94014,335.67,0.33,0.55,2018-08-06,1137,N20,VIIRS,n,2,296.74,3.06,D,0
53.27109,24.43777,304.41,0.51,0.49,2018-08-06,2348,N20,VIIRS,n,2,284.86,2.11,N,2
53.27124,24.43955,314.38,0.51,0.49,2018-08-06,2348,N20,VIIRS,n,2,286.4,1.58,N,2
53.39352,32.0103,300.71,0.42,0.38,2018-08-06,2348,N20,VIIRS,n,2,287.87,1.92,N,2
53.27069,24.44122,305.43,0.61,0.54,2018-08-07,0129,N20,VIIRS,n,2,284.27,2.36,N,2
53.27241,24.44574,307.69,0.61,0.54,2018-08-07,0129,N20,VIIRS,n,2,283.82,1.88,N,2
52.81395,27.63037,328.99,0.56,0.43,2018-08-07,1118,N20,VIIRS,n,2,292.93,5.18,D,0
52.28585,25.1857,330.32,0.46,0.39,2018-08-07,1118,N20,VIIRS,n,2,295.33,3.67,D,0
52.84673,29.98872,332.32,0.46,0.47,2018-08-07,1118,N20,VIIRS,n,2,298.4,7,D,2
53.27108,24.4422,312.81,0.4,0.6,2018-08-07,2329,N20,VIIRS,n,2,286.58,1.91,N,2
53.39363,32.01024,299.48,0.4,0.44,2018-08-07,2329,N20,VIIRS,n,2,285.99,0.52,N,2
53.58729,31.95283,297.66,0.4,0.44,2018-08-07,2329,N20,VIIRS,n,2,284.43,0.5,N,2
51.89205,29.34045,301.32,0.49,0.48,2018-08-07,2330,N20,VIIRS,n,2,285.06,1.13,N,2
51.89253,29.33325,299.67,0.49,0.48,2018-08-07,2330,N20,VIIRS,n,2,285.49,1.13,N,2
51.88895,29.34004,310.64,0.35,0.56,2018-08-08,0110,N20,VIIRS,n,2,284.23,0.74,N,2
53.27108,24.44438,306.31,0.41,0.45,2018-08-08,0110,N20,VIIRS,n,2,286.97,0.66,N,2
53.2606,24.45066,299.41,0.41,0.45,2018-08-08,0110,N20,VIIRS,n,2,287.56,0.74,N,2
51.89366,29.34369,302.16,0.35,0.56,2018-08-08,0110,N20,VIIRS,n,2,284.36,0.74,N,2
53.69862,30.25464,327.02,0.49,0.4,2018-08-08,1059,N20,VIIRS,n,2,296.6,2.98,D,0
53.90544,23.9454,336.56,0.38,0.36,2018-08-08,1059,N20,VIIRS,n,2,306.07,8.47,D,0
53.90221,23.94685,346.07,0.38,0.36,2018-08-08,1059,N20,VIIRS,n,2,311.33,8.47,D,0
53.26879,24.44189,333.11,0.38,0.36,2018-08-08,1059,N20,VIIRS,n,2,302.67,3.02,D,2
52.84456,29.98832,335.77,0.47,0.39,2018-08-08,1059,N20,VIIRS,n,2,305.53,7.25,D,2
52.84528,29.99431,333.03,0.47,0.39,2018-08-08,1059,N20,VIIRS,n,2,298.22,9.61,D,2
52.50026,24.88312,341.65,0.38,0.36,2018-08-08,1059,N20,VIIRS,n,2,302.65,4.26,D,0
53.42834,28.34586,338.52,0.43,0.38,2018-08-08,1059,N20,VIIRS,n,2,298.1,7.87,D,0
53.27175,24.43937,312.15,0.64,0.72,2018-08-08,2310,N20,VIIRS,n,2,287.65,1.56,N,2
52.84595,29.98756,323.96,0.37,0.58,2018-08-08,2310,N20,VIIRS,n,2,286.14,2.61,N,2
51.89426,29.33771,305.17,0.39,0.59,2018-08-08,2311,N20,VIIRS,n,2,287.21,0.73,N,2
51.88889,29.33141,302.48,0.39,0.59,2018-08-08,2311,N20,VIIRS,n,2,286.68,0.73,N,2
51.88874,29.33722,301.08,0.39,0.59,2018-08-08,2311,N20,VIIRS,n,2,285.91,0.73,N,2
53.2599,24.45001,303.6,0.44,0.38,2018-08-09,0051,N20,VIIRS,n,2,290.34,0.98,N,2
53.27254,24.443,319.69,0.44,0.38,2018-08-09,0051,N20,VIIRS,n,2,290.17,2.42,N,2
52.84737,29.98837,334.61,0.45,0.47,2018-08-09,0051,N20,VIIRS,n,2,286.77,4.65,N,2
52.85535,29.99389,299.89,0.45,0.47,2018-08-09,0051,N20,VIIRS,n,2,287.68,1.9,N,2
51.88828,29.33924,303.35,0.45,0.47,2018-08-09,0051,N20,VIIRS,n,2,285.75,0.65,N,2
51.89231,29.34185,299.15,0.45,0.47,2018-08-09,0051,N20,VIIRS,n,2,286.64,0.65,N,2
53.69533,32.36449,331.07,0.58,0.7,2018-08-09,0900,N20,VIIRS,n,2,290.02,3.49,D,0
53.08484,26.49011,342.02,0.4,0.37,2018-08-09,1040,N20,VIIRS,n,2,306.46,5.57,D,0
52.86806,30.018,328.7,0.39,0.36,2018-08-09,1040,N20,VIIRS,l,2,302.2,3.37,D,0
52.84723,29.99227,336.74,0.39,0.36,2018-08-09,1040,N20,VIIRS,n,2,306.33,4.37,D,2
51.89023,29.34058,340.88,0.38,0.36,2018-08-09,1040,N20,VIIRS,n,2,304.02,4,D,2
53.13957,25.841,332.08,0.42,0.37,2018-08-09,1040,N20,VIIRS,n,2,298.61,2.1,D,0
53.13516,25.83671,339.09,0.42,0.37,2018-08-09,1040,N20,VIIRS,n,2,301.86,2.1,D,0
53.13626,25.84269,344.75,0.42,0.37,2018-08-09,1040,N20,VIIRS,n,2,301.84,2.1,D,0
54.09661,31.06668,331.37,0.4,0.37,2018-08-09,1040,N20,VIIRS,n,2,292.93,1.67,D,0
53.13075,25.83242,345.21,0.42,0.37,2018-08-09,1040,N20,VIIRS,n,2,300.36,1.93,D,0
53.12964,25.82642,335.18,0.42,0.37,2018-08-09,1040,N20,VIIRS,n,2,299.54,1.93,D,0
53.39727,32.0111,305.31,0.49,0.65,2018-08-09,2251,N20,VIIRS,n,2,287.98,1.35,N,2
52.84933,29.98494,300.35,0.59,0.7,2018-08-09,2251,N20,VIIRS,n,2,286.28,1.44,N,2
52.8482,29.98969,300.47,0.59,0.7,2018-08-09,2251,N20,VIIRS,n,2,286.36,1.85,N,2
53.39846,32.0111,299.59,0.49,0.65,2018-08-09,2251,N20,VIIRS,n,2,286.35,1.29,N,2
51.89197,29.33541,314.59,0.63,0.72,2018-08-09,2252,N20,VIIRS,n,2,286.55,2.31,N,2
52.65081,25.02351,302.66,0.39,0.36,2018-08-10,0032,N20,VIIRS,n,2,287.62,0.79,N,0
55.50389,28.58677,299.1,0.4,0.37,2018-08-10,0032,N20,VIIRS,n,2,288.86,0.45,N,2
53.39651,32.01129,297.7,0.52,0.42,2018-08-10,0032,N20,VIIRS,n,2,286.29,1.24,N,2
53.303,29.44421,299.28,0.44,0.39,2018-08-10,0032,N20,VIIRS,n,2,284.45,0.27,N,0
52.84779,29.99364,323.92,0.47,0.4,2018-08-10,0032,N20,VIIRS,n,2,288.35,2.83,N,2
53.27161,24.44472,321.19,0.38,0.36,2018-08-10,0032,N20,VIIRS,n,2,290.04,2,N,2
53.26014,24.45177,303.38,0.38,0.36,2018-08-10,0032,N20,VIIRS,n,2,289.58,0.74,N,2
51.89248,29.34081,303.36,0.47,0.39,2018-08-10,0032,N20,VIIRS,n,2,287.51,1.01,N,2
51.88901,29.33895,309.14,0.47,0.39,2018-08-10,0032,N20,VIIRS,n,2,286.41,1.01,N,2
52.6499,25.02907,310.68,0.39,0.36,2018-08-10,0032,N20,VIIRS,n,2,289.34,1.02,N,0
53.27296,24.44383,295.67,0.76,0.77,2018-08-10,0212,N20,VIIRS,n,2,277.48,0.42,N,2
52.92722,28.08386,331.33,0.48,0.4,2018-08-10,1021,N20,VIIRS,n,2,300.9,27.28,D,0
52.89119,28.97467,332.31,0.46,0.39,2018-08-10,1021,N20,VIIRS,n,2,299,7.95,D,0
51.88959,29.33665,335.8,0.46,0.39,2018-08-10,1021,N20,VIIRS,n,2,306.68,5.53,D,2
51.8909,29.34313,333.96,0.46,0.39,2018-08-10,1021,N20,VIIRS,n,2,306.81,3.74,D,2
53.53112,28.19612,327.67,0.47,0.39,2018-08-10,1021,N20,VIIRS,n,2,300.46,2.59,D,0
54.03107,31.0348,337.92,0.4,0.37,2018-08-10,1021,N20,VIIRS,n,2,299.31,3.67,D,0
54.64511,28.8813,338.19,0.43,0.38,2018-08-10,1022,N20,VIIRS,n,2,296.92,3.21,D,0
54.40907,25.67437,336.64,0.53,0.42,2018-08-10,1022,N20,VIIRS,n,2,306.16,17.89,D,0
54.40545,25.67676,334.68,0.53,0.42,2018-08-10,1022,N20,VIIRS,n,2,302.19,17.89,D,0
54.40834,25.67199,344.49,0.45,0.63,2018-08-10,1202,N20,VIIRS,n,2,304.13,25.11,D,0
54.41273,25.67741,332.12,0.45,0.63,2018-08-10,1202,N20,VIIRS,n,2,295.38,19.84,D,0
54.40683,25.6704,348.31,0.45,0.63,2018-08-10,1202,N20,VIIRS,n,2,300.29,27.84,D,0
51.89317,29.34439,326.85,0.63,0.72,2018-08-10,1202,N20,VIIRS,l,2,299.04,5.08,D,2
51.88895,29.34437,335.11,0.63,0.72,2018-08-10,1202,N20,VIIRS,n,2,297.41,4.73,D,2
53.11657,26.07032,327.53,0.46,0.64,2018-08-10,1202,N20,VIIRS,n,2,297.63,1.84,D,0
54.40841,25.67908,367,0.45,0.63,2018-08-10,1202,N20,VIIRS,h,2,305.25,25.11,D,0
54.40687,25.67752,367,0.45,0.63,2018-08-10,1202,N20,VIIRS,h,2,307.63,19.84,D,0
53.16057,27.46637,304.89,0.39,0.36,2018-08-11,0013,N20,VIIRS,n,2,287.4,0.77,N,0
54.41636,25.67641,311.48,0.43,0.38,2018-08-11,0013,N20,VIIRS,n,2,274.43,1.51,N,0
53.67019,31.8266,301.22,0.4,0.37,2018-08-11,0013,N20,VIIRS,n,2,287.74,0.66,N,2
55.50373,28.58902,300.09,0.39,0.36,2018-08-11,0013,N20,VIIRS,n,2,287.89,0.5,N,2
53.39599,32.01128,300.65,0.4,0.37,2018-08-11,0013,N20,VIIRS,n,2,288.18,0.99,N,2
54.4129,25.67517,301.07,0.43,0.38,2018-08-11,0013,N20,VIIRS,n,2,275.61,1.51,N,0
55.53137,28.51635,299.15,0.39,0.37,2018-08-11,0013,N20,VIIRS,n,2,288.18,0.6,N,0
53.39493,32.01712,303.66,0.4,0.37,2018-08-11,0013,N20,VIIRS,n,2,289.05,0.73,N,2
52.84914,29.99302,324.81,0.39,0.36,2018-08-11,0013,N20,VIIRS,n,2,286.98,1.58,N,2
52.84591,29.99156,336.26,0.39,0.36,2018-08-11,0013,N20,VIIRS,n,2,289.51,19.9,N,2
51.88905,29.33641,318.83,0.39,0.36,2018-08-11,0014,N20,VIIRS,n,2,287.48,1.22,N,2
52.38549,27.89854,328.63,0.49,0.49,2018-08-11,1002,N20,VIIRS,l,2,300.81,2.88,D,0
52.84373,29.99033,333.17,0.4,0.44,2018-08-11,1002,N20,VIIRS,l,2,305.41,4.69,D,2
51.8922,29.34127,339.08,0.45,0.47,2018-08-11,1002,N20,VIIRS,n,2,305.51,4.18,D,2
51.6796,27.57735,339.4,0.53,0.5,2018-08-11,1002,N20,VIIRS,n,2,301.65,7.73,D,0
52.5275,30.23906,338.13,0.4,0.44,2018-08-11,1002,N20,VIIRS,n,2,302.22,2.98,D,0
52.38134,27.90142,332.65,0.49,0.49,2018-08-11,1002,N20,VIIRS,n,2,303.15,4.4,D,0
53.67767,31.31393,325.55,0.52,0.41,2018-08-11,1002,N20,VIIRS,n,2,296.83,1.88,D,0
55.31976,29.96749,336.69,0.52,0.42,2018-08-11,1003,N20,VIIRS,n,2,293.98,7.98,D,0
51.68508,27.57932,367,0.33,0.55,2018-08-11,1143,N20,VIIRS,h,2,300.6,8.46,D,0
53.63273,27.56128,367,0.34,0.56,2018-08-11,1143,N20,VIIRS,h,2,300.22,68.38,D,0
52.117,30.14713,367,0.43,0.62,2018-08-11,1143,N20,VIIRS,h,2,301.65,9.04,D,0
51.68194,27.57605,349.95,0.33,0.55,2018-08-11,1143,N20,VIIRS,n,2,302.96,4.54,D,0
51.68211,27.58089,336.79,0.33,0.55,2018-08-11,1143,N20,VIIRS,n,2,301.35,4.54,D,0
52.38013,27.89971,329.27,0.34,0.56,2018-08-11,1143,N20,VIIRS,l,2,304.22,2.89,D,0
52.84416,29.99316,333.16,0.43,0.62,2018-08-11,1143,N20,VIIRS,n,2,301.07,6.48,D,2
52.84706,28.99747,342.72,0.39,0.59,2018-08-11,1143,N20,VIIRS,n,2,299.18,5.46,D,0
53.21024,27.78789,330.13,0.35,0.56,2018-08-11,1143,N20,VIIRS,n,2,300.06,2.33,D,0
53.62736,27.55646,335.44,0.34,0.56,2018-08-11,1143,N20,VIIRS,n,2,297.35,3.89,D,0
53.39639,32.01691,302.8,0.4,0.37,2018-08-11,2354,N20,VIIRS,n,2,289.54,0.51,N,2
53.39308,32.01563,299.96,0.4,0.37,2018-08-11,2354,N20,VIIRS,n,2,289.07,0.51,N,2
52.8459,29.99111,340.95,0.43,0.38,2018-08-11,2355,N20,VIIRS,n,2,287.33,3.7,N,2
53.27375,24.44209,296.94,0.44,0.46,2018-08-11,2355,N20,VIIRS,n,2,285.18,0.57,N,2
51.89108,29.33563,310.65,0.44,0.38,2018-08-11,2355,N20,VIIRS,n,2,288.28,1.41,N,2
52.84935,29.99227,316.55,0.43,0.38,2018-08-11,2355,N20,VIIRS,n,2,287.77,3.7,N,2
52.84513,29.99104,295.6,0.58,0.7,2018-08-12,0134,N20,VIIRS,n,2,284.27,0.88,N,2
51.88938,29.34228,346.46,0.34,0.56,2018-08-12,0943,N20,VIIRS,n,2,299.15,3.93,D,2
52.84417,29.98917,332.83,0.6,0.53,2018-08-12,0944,N20,VIIRS,n,2,299.3,12.7,D,2
51.89215,29.33994,338.12,0.49,0.49,2018-08-12,1124,N20,VIIRS,n,2,301.94,5.26,D,2
53.39622,32.01367,300.04,0.52,0.42,2018-08-12,2335,N20,VIIRS,n,2,280.72,1.04,N,2
52.848,29.98665,309.81,0.41,0.45,2018-08-12,2336,N20,VIIRS,n,2,278.05,2.74,N,2
51.8936,29.33864,297.27,0.42,0.45,2018-08-12,2336,N20,VIIRS,n,2,280.99,0.9,N,2
53.27056,24.44086,322.65,0.35,0.56,2018-08-12,2336,N20,VIIRS,n,2,285,1.56,N,2
52.8475,29.9927,331.84,0.41,0.45,2018-08-12,2336,N20,VIIRS,n,2,279.36,3.11,N,2
51.88943,29.33772,306.6,0.42,0.45,2018-08-12,2336,N20,VIIRS,n,2,278.6,0.58,N,2
53.26979,24.43948,305.97,0.47,0.48,2018-08-13,0116,N20,VIIRS,n,2,279.43,1.25,N,2
52.84787,29.98819,318.96,0.39,0.59,2018-08-13,0116,N20,VIIRS,n,2,282.31,2.7,N,2
52.8462,29.9934,297.7,0.39,0.59,2018-08-13,0116,N20,VIIRS,n,2,281.49,2.08,N,2
51.89345,29.33997,298.6,0.4,0.6,2018-08-13,0116,N20,VIIRS,n,2,282.88,0.83,N,2
51.8885,29.33594,301.01,0.4,0.6,2018-08-13,0116,N20,VIIRS,n,2,281.66,0.83,N,2
51.89281,29.33867,300.43,0.4,0.6,2018-08-13,0116,N20,VIIRS,n,2,282.5,0.77,N,2
51.89117,29.34385,303.95,0.4,0.6,2018-08-13,0116,N20,VIIRS,n,2,282.25,0.77,N,2
52.8451,29.99581,347.39,0.45,0.63,2018-08-13,0925,N20,VIIRS,n,2,292.37,6.35,D,2
52.84457,29.99164,349.27,0.45,0.63,2018-08-13,0925,N20,VIIRS,n,2,294.96,7.86,D,2
51.88989,29.33933,331.51,0.52,0.67,2018-08-13,0925,N20,VIIRS,n,2,295.76,4.25,D,2
51.89059,29.33864,329.27,0.52,0.67,2018-08-13,0925,N20,VIIRS,n,2,295.71,5.86,D,2
52.02659,29.94579,328.83,0.51,0.41,2018-08-13,1105,N20,VIIRS,n,2,295.44,10.81,D,0
52.84738,29.99273,330.9,0.52,0.42,2018-08-13,1105,N20,VIIRS,n,2,290.6,5.98,D,2
52.03109,29.95224,333.25,0.51,0.41,2018-08-13,1105,N20,VIIRS,n,2,293.06,12.36,D,0
52.02732,29.95321,332.32,0.51,0.41,2018-08-13,1105,N20,VIIRS,n,2,295.92,10.81,D,0
53.27106,24.4349,296.89,0.55,0.68,2018-08-13,2317,N20,VIIRS,n,2,284.04,0.77,N,0
53.27111,24.44341,298.68,0.55,0.68,2018-08-13,2317,N20,VIIRS,n,2,284.32,0.82,N,2
51.89373,29.33511,300.29,0.33,0.56,2018-08-13,2317,N20,VIIRS,n,2,288.54,0.75,N,2
51.89355,29.34006,311.37,0.33,0.56,2018-08-13,2317,N20,VIIRS,n,2,289.27,1.23,N,2
51.88859,29.33447,311.34,0.33,0.56,2018-08-13,2317,N20,VIIRS,n,2,288.41,0.75,N,2
51.89186,29.33749,321.78,0.33,0.56,2018-08-13,2317,N20,VIIRS,n,2,288.81,1.83,N,2
55.50568,28.58687,297.1,0.39,0.44,2018-08-14,0057,N20,VIIRS,n,2,281.73,0.48,N,2
51.89415,29.33868,299.33,0.52,0.5,2018-08-14,0057,N20,VIIRS,n,2,288.69,0.93,N,2
51.89228,29.34566,298.48,0.52,0.5,2018-08-14,0057,N20,VIIRS,n,2,288.04,0.93,N,2
51.88991,29.33573,301.98,0.52,0.5,2018-08-14,0057,N20,VIIRS,n,2,287.94,0.93,N,2
52.84937,29.99203,329.64,0.52,0.5,2018-08-14,0057,N20,VIIRS,n,2,284.92,5.1,N,2
53.58212,31.89366,295.39,0.58,0.52,2018-08-14,0057,N20,VIIRS,n,2,281.23,0.57,N,0
53.26132,24.44873,299.46,0.48,0.4,2018-08-14,0057,N20,VIIRS,n,2,286.45,0.77,N,2
53.27128,24.4391,307.04,0.48,0.4,2018-08-14,0057,N20,VIIRS,n,2,285.25,1.91,N,2
52.84517,29.98893,297.73,0.52,0.5,2018-08-14,0057,N20,VIIRS,n,2,284.79,1.02,N,2
51.89152,29.33852,325.43,0.77,0.77,2018-08-14,0906,N20,VIIRS,n,2,293.71,7.3,D,2
51.89069,29.34366,331.1,0.77,0.77,2018-08-14,0906,N20,VIIRS,n,2,293.12,4.05,D,2
52.36042,25.13294,337.28,0.41,0.37,2018-08-14,1046,N20,VIIRS,n,2,302.03,3.47,D,0
53.394,32.01019,302.63,0.42,0.61,2018-08-14,2257,N20,VIIRS,n,2,284.21,0.96,N,2
52.85005,29.99193,307.65,0.51,0.66,2018-08-14,2258,N20,VIIRS,n,2,287.05,1.73,N,2
52.84937,29.98944,317.52,0.51,0.66,2018-08-14,2258,N20,VIIRS,n,2,287.38,2.73,N,2
52.85008,29.98426,304.78,0.51,0.66,2018-08-14,2258,N20,VIIRS,n,2,287.22,2.01,N,2
53.26999,24.44444,299.33,0.39,0.36,2018-08-15,0039,N20,VIIRS,n,2,275.27,0.39,N,2
51.8881,29.34036,300.89,0.52,0.42,2018-08-15,0039,N20,VIIRS,n,2,289.15,0.63,N,2
51.89173,29.34244,299.64,0.52,0.42,2018-08-15,0039,N20,VIIRS,n,2,289.18,0.63,N,2
51.90989,30.6051,332.57,0.4,0.37,2018-08-15,1027,N20,VIIRS,n,2,301.4,5.63,D,0
52.70811,26.36843,325.48,0.49,0.4,2018-08-15,1028,N20,VIIRS,n,2,271.69,5.96,D,0
55.50643,28.5899,298.05,0.38,0.36,2018-08-16,0019,N20,VIIRS,n,2,285.29,0.64,N,2
55.53127,28.51887,298.25,0.38,0.36,2018-08-16,0019,N20,VIIRS,n,2,285.7,0.48,N,0
51.89112,29.33813,306.51,0.4,0.37,2018-08-16,0020,N20,VIIRS,n,2,287.86,0.76,N,2
53.2701,24.44375,321.14,0.42,0.37,2018-08-16,0020,N20,VIIRS,n,2,287.56,1.75,N,2
52.84717,29.99237,331.33,0.4,0.37,2018-08-16,0020,N20,VIIRS,n,2,289.33,4.75,N,2
51.91461,23.87714,315.05,0.42,0.37,2018-08-16,0020,N20,VIIRS,n,2,284.99,1.51,N,0
51.89439,29.33963,303.56,0.4,0.37,2018-08-16,0020,N20,VIIRS,n,2,288.46,0.76,N,2
51.91628,23.88007,309.05,0.64,0.72,2018-08-16,0200,N20,VIIRS,n,2,282.42,1.47,N,0
51.99655,29.3137,347.85,0.39,0.44,2018-08-16,1008,N20,VIIRS,n,2,297.85,5.45,D,0
51.89328,29.34177,328.01,0.39,0.44,2018-08-16,1008,N20,VIIRS,n,2,296.17,4.96,D,2
52.84781,29.99044,333.38,0.53,0.42,2018-08-16,1009,N20,VIIRS,n,2,298,9.7,D,2
52.84417,29.99263,334.52,0.53,0.42,2018-08-16,1009,N20,VIIRS,n,2,295.65,5.26,D,2
55.50633,28.58737,296.26,0.45,0.39,2018-08-17,0000,N20,VIIRS,n,2,284.74,0.52,N,2
52.84712,29.98997,323.79,0.4,0.37,2018-08-17,0001,N20,VIIRS,n,2,289,2.42,N,2
53.27373,24.43966,300.99,0.38,0.43,2018-08-17,0001,N20,VIIRS,n,2,284.51,0.89,N,2
53.27321,24.44546,299,0.38,0.43,2018-08-17,0001,N20,VIIRS,n,2,284.87,0.79,N,2
51.79454,30.2515,302.96,0.39,0.36,2018-08-17,0001,N20,VIIRS,n,2,283.2,0.8,N,0
51.79374,30.2571,304.1,0.39,0.36,2018-08-17,0001,N20,VIIRS,n,2,283.7,0.7,N,0
53.67299,31.82668,301.35,0.39,0.36,2018-08-17,0001,N20,VIIRS,n,2,288.2,0.77,N,2
51.89305,29.34286,303.62,0.4,0.37,2018-08-17,0001,N20,VIIRS,n,2,287.67,0.9,N,2
51.8905,29.33586,310.79,0.4,0.37,2018-08-17,0001,N20,VIIRS,n,2,288.44,0.87,N,2
52.85708,29.9937,298.6,0.4,0.37,2018-08-17,0001,N20,VIIRS,n,2,287.18,0.73,N,0
53.39394,32.01048,303.28,0.39,0.36,2018-08-17,0001,N20,VIIRS,n,2,288.25,0.95,N,2
52.84802,29.99396,300.2,0.66,0.73,2018-08-17,0141,N20,VIIRS,n,2,284.37,1.2,N,2
52.84675,29.98838,302.34,0.66,0.73,2018-08-17,0141,N20,VIIRS,n,2,284.45,1.06,N,2
53.27024,24.44314,307.72,0.4,0.6,2018-08-17,0141,N20,VIIRS,n,2,284.86,0.87,N,2
53.26185,24.45152,297.12,0.4,0.6,2018-08-17,0141,N20,VIIRS,n,2,284.74,0.6,N,2
53.27203,24.43998,297.66,0.4,0.6,2018-08-17,0141,N20,VIIRS,n,2,283.78,1.26,N,2
51.89031,29.34098,299.9,0.68,0.74,2018-08-17,0141,N20,VIIRS,n,2,283.54,1.24,N,2
51.89371,29.33957,296.77,0.68,0.74,2018-08-17,0141,N20,VIIRS,n,2,283.62,1.58,N,2
53.60525,29.11494,349.81,0.54,0.5,2018-08-17,0950,N20,VIIRS,n,2,298.04,11.03,D,0
53.23237,29.14396,333.28,0.58,0.52,2018-08-17,1130,N20,VIIRS,n,2,293.59,4.34,D,0
54.6856,29.13105,298.46,0.4,0.44,2018-08-17,2341,N20,VIIRS,n,2,286.05,1.64,N,0
52.84711,29.99256,327.95,0.53,0.42,2018-08-17,2342,N20,VIIRS,n,2,287.57,4.67,N,2
53.67157,31.82664,300.47,0.47,0.4,2018-08-17,2342,N20,VIIRS,n,2,287.23,0.98,N,2
53.39407,32.01239,305.29,0.47,0.39,2018-08-17,2342,N20,VIIRS,n,2,288.58,1.22,N,2
52.85095,29.99358,300.38,0.53,0.42,2018-08-17,2342,N20,VIIRS,n,2,286.8,1.51,N,2
54.03507,31.45825,332.38,0.64,0.54,2018-08-18,0931,N20,VIIRS,n,2,294.93,6.19,D,0
54.0396,31.45453,338.27,0.64,0.54,2018-08-18,0931,N20,VIIRS,n,2,292.24,6.19,D,0
54.03054,31.46201,347.84,0.64,0.54,2018-08-18,0931,N20,VIIRS,n,2,295.32,15.22,D,0
52.77199,25.65464,332.16,0.57,0.69,2018-08-18,0932,N20,VIIRS,n,2,289.55,8.25,D,0
52.76819,25.65504,326.61,0.57,0.69,2018-08-18,0932,N20,VIIRS,n,2,290.91,6.18,D,0
53.39372,32.00968,298.38,0.46,0.47,2018-08-18,2323,N20,VIIRS,n,2,286.57,1.03,N,2
53.27268,24.43738,305.54,0.47,0.64,2018-08-18,2323,N20,VIIRS,n,2,284.85,1.27,N,2
53.27009,24.43931,309.41,0.47,0.64,2018-08-18,2323,N20,VIIRS,n,2,285.47,1.34,N,2
52.85025,29.98898,318.86,0.54,0.51,2018-08-18,2323,N20,VIIRS,n,2,267.9,4.07,N,2
53.34877,31.38792,310.25,0.48,0.48,2018-08-18,2323,N20,VIIRS,n,2,284.57,1.02,N,0
53.34697,31.38746,298.57,0.48,0.48,2018-08-18,2323,N20,VIIRS,n,2,284.27,1.16,N,0
53.35141,31.38839,302.53,0.48,0.48,2018-08-18,2323,N20,VIIRS,n,2,284.81,1.04,N,0
53.78245,25.44793,297.87,0.57,0.43,2018-08-19,0103,N20,VIIRS,n,2,285.57,0.95,N,0
53.78617,25.45045,297.55,0.57,0.43,2018-08-19,0103,N20,VIIRS,n,2,285.62,0.95,N,0
53.78809,25.44234,295.11,0.57,0.43,2018-08-19,0103,N20,VIIRS,n,2,284.15,0.95,N,0
52.84834,29.99472,303.87,0.59,0.53,2018-08-19,0103,N20,VIIRS,n,2,278.52,2.95,N,2
53.27308,24.44276,298.97,0.54,0.42,2018-08-19,0104,N20,VIIRS,n,2,285.75,1.49,N,2
53.27188,24.44358,307.56,0.54,0.42,2018-08-19,0104,N20,VIIRS,n,2,287.06,0.93,N,2
53.39508,32.01309,304.19,0.36,0.57,2018-08-19,2304,N20,VIIRS,n,2,286.18,1.46,N,2
53.58727,31.94942,297.08,0.36,0.57,2018-08-19,2304,N20,VIIRS,n,2,283.91,0.29,N,0
52.84692,29.98666,314.73,0.43,0.62,2018-08-19,2304,N20,VIIRS,n,2,285.53,1.46,N,2
53.26956,24.43771,301.91,0.74,0.76,2018-08-19,2304,N20,VIIRS,n,2,282.5,1.87,N,0
53.27262,24.43416,298.11,0.74,0.76,2018-08-19,2304,N20,VIIRS,n,2,281.72,1.93,N,0
53.59029,31.94982,297.78,0.36,0.57,2018-08-19,2304,N20,VIIRS,n,2,283.61,0.36,N,0
53.58625,31.94989,296.39,0.44,0.46,2018-08-20,0044,N20,VIIRS,n,2,284.25,0.42,N,0
53.52242,26.45012,309.11,0.45,0.39,2018-08-20,0045,N20,VIIRS,n,2,282.44,1.55,N,0
51.88794,29.3389,301.63,0.4,0.44,2018-08-20,0045,N20,VIIRS,n,2,286.4,0.57,N,2
51.89176,29.34123,298.56,0.4,0.44,2018-08-20,0045,N20,VIIRS,n,2,287.08,0.72,N,2
52.84517,29.98905,301.93,0.39,0.44,2018-08-20,0045,N20,VIIRS,n,2,285.25,1.12,N,2
52.84896,29.99152,327.56,0.39,0.44,2018-08-20,0045,N20,VIIRS,n,2,286.22,1.61,N,2
52.85276,29.99398,300.97,0.39,0.44,2018-08-20,0045,N20,VIIRS,n,2,286.83,1.61,N,2
52.34105,30.37673,338.41,0.39,0.36,2018-08-20,1033,N20,VIIRS,n,2,295.32,2.99,D,0
53.78104,25.45312,330.74,0.45,0.39,2018-08-20,1034,N20,VIIRS,n,2,291.42,3.62,D,0
52.36412,28.77293,335.11,0.4,0.37,2018-08-20,1034,N20,VIIRS,n,2,284.2,3.95,D,0
53.51903,26.45151,327.79,0.43,0.38,2018-08-20,1034,N20,VIIRS,n,2,296.16,2.99,D,0
52.41935,30.56476,329.47,0.38,0.36,2018-08-20,1034,N20,VIIRS,n,2,292.87,1.91,D,0
52.42936,30.58415,327.6,0.38,0.36,2018-08-20,1034,N20,VIIRS,n,2,291.64,2.1,D,0
52.36084,28.77447,330.61,0.4,0.37,2018-08-20,1034,N20,VIIRS,n,2,284.99,3.14,D,0
51.89274,29.33096,307.22,0.73,0.76,2018-08-20,2245,N20,VIIRS,n,2,284.35,1.09,N,2
51.88913,29.33381,302.78,0.73,0.76,2018-08-20,2245,N20,VIIRS,n,2,283.71,1.1,N,2
52.84995,29.98389,301.16,0.69,0.74,2018-08-20,2245,N20,VIIRS,n,2,280.2,1.64,N,2
53.5218,26.45287,303,0.38,0.36,2018-08-21,0026,N20,VIIRS,n,2,280.91,0.75,N,0
51.8882,29.33941,306.7,0.42,0.38,2018-08-21,0026,N20,VIIRS,n,2,288.05,0.72,N,2
51.89154,29.34108,303.03,0.42,0.38,2018-08-21,0026,N20,VIIRS,n,2,288.43,0.72,N,2
53.27087,24.44247,309.2,0.39,0.36,2018-08-21,0026,N20,VIIRS,n,2,278.6,1.28,N,2
52.84686,29.99085,331.7,0.43,0.38,2018-08-21,0026,N20,VIIRS,n,2,290.11,4.99,N,2
52.85235,30.00048,300.15,0.43,0.38,2018-08-21,0026,N20,VIIRS,n,2,289.02,1.41,N,0
51.88826,29.3381,326.42,0.52,0.41,2018-08-21,1015,N20,VIIRS,n,2,292.49,3.27,D,2
55.06096,30.8283,327.95,0.42,0.37,2018-08-21,1015,N20,VIIRS,n,2,295.55,2.28,D,0
55.50668,28.58669,296.11,0.42,0.37,2018-08-22,0006,N20,VIIRS,n,2,282.04,0.25,N,2
53.78471,25.46197,301.63,0.48,0.4,2018-08-22,0007,N20,VIIRS,n,2,281.7,1.01,N,0
53.78834,25.4631,298.39,0.48,0.4,2018-08-22,0007,N20,VIIRS,n,2,278.76,1.01,N,0
53.39351,32.01064,302.16,0.39,0.36,2018-08-22,0007,N20,VIIRS,n,2,285.15,0.68,N,2
53.58754,31.94988,297.99,0.39,0.36,2018-08-22,0007,N20,VIIRS,n,2,283.56,0.36,N,2
53.27171,24.44,311.3,0.51,0.41,2018-08-22,0007,N20,VIIRS,n,2,284.42,1.48,N,2
52.85401,29.99835,299.17,0.39,0.36,2018-08-22,0007,N20,VIIRS,n,2,286.26,1.06,N,2
53.78185,25.45365,299.63,0.48,0.4,2018-08-22,0007,N20,VIIRS,n,2,282.36,1.28,N,0
51.88922,29.33525,306.58,0.39,0.36,2018-08-22,0007,N20,VIIRS,n,2,285.97,0.91,N,2
51.89164,29.34205,297.01,0.39,0.36,2018-08-22,0007,N20,VIIRS,n,2,285.34,0.82,N,2
52.84837,29.99005,332.73,0.39,0.36,2018-08-22,0007,N20,VIIRS,n,2,286.32,4.1,N,2
53.27307,24.44125,302.43,0.46,0.64,2018-08-22,0147,N20,VIIRS,n,2,280.82,1.24,N,2
51.88871,29.33835,308.54,0.78,0.78,2018-08-22,0147,N20,VIIRS,n,2,281.97,2.04,N,2
51.89334,29.3407,306,0.78,0.78,2018-08-22,0147,N20,VIIRS,n,2,282.09,2.51,N,2
53.24606,30.43132,335.74,0.43,0.46,2018-08-22,0956,N20,VIIRS,n,2,296.62,3.64,D,0
53.60389,29.14838,338.16,0.47,0.47,2018-08-22,0956,N20,VIIRS,n,2,294.87,4.1,D,0
53.27881,30.41558,325.81,0.43,0.46,2018-08-22,0956,N20,VIIRS,n,2,292.67,1.84,D,0
53.2479,30.42849,338.35,0.38,0.59,2018-08-22,1137,N20,VIIRS,n,2,293.95,5.77,D,0
53.24838,30.4315,367,0.38,0.59,2018-08-22,1137,N20,VIIRS,h,2,297.76,8.43,D,0
54.81655,29.94146,331.18,0.37,0.58,2018-08-22,1137,N20,VIIRS,n,2,288.69,2.35,D,0
52.84622,29.98991,327.57,0.36,0.58,2018-08-22,1137,N20,VIIRS,l,2,300.27,4.31,D,2
53.24805,30.43436,345.08,0.38,0.59,2018-08-22,1137,N20,VIIRS,n,2,293.67,5.88,D,0
53.26987,24.44192,304.31,0.51,0.49,2018-08-22,2348,N20,VIIRS,n,2,284.13,1.33,N,2
53.39619,32.01375,303.57,0.42,0.38,2018-08-22,2348,N20,VIIRS,n,2,282.78,1.72,N,2
52.84815,29.99238,327.43,0.47,0.4,2018-08-22,2348,N20,VIIRS,n,2,284.04,2.86,N,2
53.68247,23.90012,337.46,0.54,0.51,2018-08-22,2348,N20,VIIRS,n,2,287,5.47,N,0
51.88908,29.33572,298.98,0.48,0.4,2018-08-22,2349,N20,VIIRS,n,2,283.46,0.79,N,2
52.84836,29.99065,326.66,0.51,0.66,2018-08-23,0128,N20,VIIRS,n,2,281.53,2.56,N,2
53.27092,24.43959,305.72,0.62,0.54,2018-08-23,0129,N20,VIIRS,n,2,284.27,2.01,N,2
53.68124,23.90749,311.88,0.57,0.52,2018-08-23,0129,N20,VIIRS,n,2,285.83,2.04,N,0
51.8901,29.33653,300.92,0.52,0.67,2018-08-23,0129,N20,VIIRS,n,2,281.46,1.99,N,2
53.67821,23.90374,304.17,0.57,0.52,2018-08-23,0129,N20,VIIRS,n,2,285.39,0.82,N,0
53.27354,24.43997,300.77,0.61,0.54,2018-08-23,0129,N20,VIIRS,n,2,283.27,0.65,N,2
53.68251,23.90736,296.06,0.57,0.52,2018-08-23,0129,N20,VIIRS,n,2,284.26,0.82,N,0
52.84518,29.9939,325.58,0.35,0.56,2018-08-23,0937,N20,VIIRS,l,2,298.03,1.92,D,2
52.27014,31.49743,328.22,0.63,0.54,2018-08-23,0937,N20,VIIRS,n,2,295.75,9.96,D,0
52.27536,31.50065,329.04,0.63,0.54,2018-08-23,0937,N20,VIIRS,n,2,295.01,3.7,D,0
52.2708,31.50412,327.7,0.63,0.54,2018-08-23,0937,N20,VIIRS,n,2,297.89,4.13,D,0
53.62661,24.13622,326.27,0.53,0.67,2018-08-23,0938,N20,VIIRS,n,2,292.77,3.4,D,0
52.03902,25.56847,328.6,0.54,0.68,2018-08-23,0938,N20,VIIRS,n,2,294.3,8.47,D,0
52.03657,25.56158,346.59,0.54,0.68,2018-08-23,0938,N20,VIIRS,n,2,290.56,8.23,D,0
52.03677,25.56359,367,0.54,0.68,2018-08-23,0938,N20,VIIRS,h,2,294.34,10.8,D,0
53.41727,29.32718,335.26,0.35,0.57,2018-08-23,0938,N20,VIIRS,n,2,296.23,2.69,D,0
53.41793,29.3242,330,0.35,0.57,2018-08-23,0938,N20,VIIRS,n,2,297.09,2.6,D,0
53.57149,27.65362,327.6,0.4,0.6,2018-08-23,0938,N20,VIIRS,n,2,295.32,3.06,D,0
53.57465,27.64388,325.57,0.4,0.6,2018-08-23,0938,N20,VIIRS,n,2,294.17,3.06,D,0
53.06496,25.68134,335.21,0.49,0.65,2018-08-23,0938,N20,VIIRS,n,2,295.35,4.39,D,0
53.06279,25.67507,336.97,0.49,0.65,2018-08-23,0938,N20,VIIRS,n,2,298.52,4.39,D,0
53.06131,25.67835,340.69,0.49,0.65,2018-08-23,0938,N20,VIIRS,n,2,296.88,5.09,D,0
53.6251,24.13271,328.43,0.53,0.67,2018-08-23,0938,N20,VIIRS,n,2,291.92,2.03,D,0
52.41581,30.43695,325.13,0.48,0.48,2018-08-23,1118,N20,VIIRS,n,2,295.78,2.62,D,0
52.03681,25.56077,333.95,0.47,0.4,2018-08-23,1118,N20,VIIRS,n,2,304.69,7.17,D,0
52.84595,29.99119,333.68,0.46,0.47,2018-08-23,1118,N20,VIIRS,n,2,302.75,7.36,D,2
52.99045,27.57732,326.7,0.56,0.43,2018-08-23,1118,N20,VIIRS,n,2,297.54,2.35,D,0
53.67475,27.8168,338.69,0.39,0.44,2018-08-23,1118,N20,VIIRS,n,2,296.91,2.74,D,0
53.62705,24.13173,330.66,0.44,0.39,2018-08-23,1118,N20,VIIRS,n,2,298.86,2.94,D,0
53.92056,28.44098,337.84,0.41,0.45,2018-08-23,1118,N20,VIIRS,n,2,296.36,4.95,D,0
53.91896,28.44211,342.45,0.41,0.45,2018-08-23,1118,N20,VIIRS,n,2,297.28,3.77,D,0
53.67877,27.81587,327.88,0.39,0.44,2018-08-23,1118,N20,VIIRS,n,2,297.13,2.3,D,0
53.78415,25.45789,326.4,0.49,0.4,2018-08-23,1118,N20,VIIRS,l,2,297.24,3.58,D,0
54.1235,25.91117,352.1,0.35,0.57,2018-08-23,2329,N20,VIIRS,n,2,285.34,4.97,N,0
53.67397,31.82842,296.28,0.4,0.45,2018-08-23,2329,N20,VIIRS,n,2,283.26,0.31,N,0
53.27363,24.439,311.08,0.4,0.6,2018-08-23,2329,N20,VIIRS,n,2,286.93,1.18,N,2
52.84813,29.98547,317.65,0.47,0.48,2018-08-23,2329,N20,VIIRS,n,2,283.53,2.47,N,2
52.84767,29.99248,310.17,0.47,0.48,2018-08-23,2329,N20,VIIRS,n,2,283.63,2.47,N,2
52.8525,29.99445,295.76,0.47,0.48,2018-08-23,2329,N20,VIIRS,n,2,285.14,1.21,N,2
52.84861,29.98659,327.61,0.47,0.48,2018-08-23,2329,N20,VIIRS,n,2,283.82,3.13,N,2
52.84811,29.99358,295.02,0.47,0.48,2018-08-23,2329,N20,VIIRS,n,2,283.12,1.21,N,2
51.89262,29.33596,318.72,0.49,0.48,2018-08-23,2330,N20,VIIRS,n,2,285.37,2.56,N,2
52.84567,29.99238,296.24,0.34,0.56,2018-08-24,0110,N20,VIIRS,n,2,281.7,1.38,N,2
51.8923,29.33928,316.36,0.35,0.56,2018-08-24,0110,N20,VIIRS,n,2,284.59,1.52,N,2
53.26946,24.44132,306.35,0.41,0.45,2018-08-24,0110,N20,VIIRS,n,2,286.32,1.45,N,2
53.67858,23.9058,301.08,0.38,0.43,2018-08-24,0110,N20,VIIRS,n,2,288.9,1.24,N,0
52.84705,29.98777,319.98,0.34,0.56,2018-08-24,0110,N20,VIIRS,n,2,282.98,1.38,N,2
53.67988,23.90037,299.57,0.38,0.43,2018-08-24,0110,N20,VIIRS,n,2,288.37,0.94,N,0
52.84896,29.99109,330.8,0.34,0.56,2018-08-24,0110,N20,VIIRS,n,2,284.01,2.57,N,2
54.12221,25.91434,321.45,0.44,0.46,2018-08-24,0110,N20,VIIRS,n,2,284.16,1.31,N,0
51.86266,30.37423,332.97,0.55,0.68,2018-08-24,0919,N20,VIIRS,n,2,293.13,5.82,D,0
51.86017,30.36728,326.65,0.55,0.68,2018-08-24,0919,N20,VIIRS,n,2,293.3,5.65,D,0
51.85722,30.37937,335.21,0.55,0.68,2018-08-24,0919,N20,VIIRS,n,2,292.91,3.85,D,0
51.85473,30.37242,329.82,0.55,0.68,2018-08-24,0919,N20,VIIRS,n,2,293.51,4.94,D,0
52.84513,29.98854,332.57,0.47,0.4,2018-08-24,1059,N20,VIIRS,n,2,305.22,4.9,D,2
52.9002,28.43641,339.15,0.43,0.38,2018-08-24,1059,N20,VIIRS,n,2,301.69,2.85,D,0
51.85933,30.37149,344.17,0.47,0.4,2018-08-24,1059,N20,VIIRS,n,2,306.1,4.86,D,0
55.28197,29.20582,333.44,0.47,0.4,2018-08-24,1100,N20,VIIRS,n,2,296.96,8.38,D,0
52.8506,29.99104,303.14,0.37,0.58,2018-08-24,2310,N20,VIIRS,n,2,284.94,1.11,N,2
51.8935,29.33528,309.24,0.39,0.59,2018-08-24,2311,N20,VIIRS,n,2,286.51,0.96,N,2
52.28705,30.25487,295.4,0.36,0.57,2018-08-24,2311,N20,VIIRS,n,2,282.82,0.3,N,0
51.80792,27.14019,306.06,0.49,0.65,2018-08-24,2311,N20,VIIRS,n,2,283.56,0.81,N,0
51.8093,27.14042,300.49,0.49,0.65,2018-08-24,2311,N20,VIIRS,n,2,282.78,0.93,N,0
51.88843,29.33511,308.32,0.39,0.59,2018-08-24,2311,N20,VIIRS,n,2,285.44,0.69,N,2
51.89394,29.33558,298.06,0.39,0.59,2018-08-24,2311,N20,VIIRS,n,2,285.98,0.69,N,2
51.80611,27.13723,307.67,0.57,0.43,2018-08-25,0051,N20,VIIRS,n,2,285.41,1.64,N,0
51.80804,27.14726,318.36,0.57,0.43,2018-08-25,0051,N20,VIIRS,n,2,286.74,1.62,N,0
51.80986,27.13949,312.47,0.57,0.43,2018-08-25,0051,N20,VIIRS,n,2,286.07,1.64,N,0
51.89052,29.34026,311.57,0.45,0.47,2018-08-25,0051,N20,VIIRS,n,2,285.33,1.38,N,2
53.68279,23.90235,295.21,0.42,0.38,2018-08-25,0051,N20,VIIRS,n,2,270.25,1.45,N,0
53.58718,31.94957,295.26,0.51,0.49,2018-08-25,0051,N20,VIIRS,n,2,283.57,0.51,N,0
51.79125,27.14598,305.46,0.57,0.43,2018-08-25,0051,N20,VIIRS,n,2,285.47,1.5,N,0
51.66054,27.19727,302.76,0.38,0.43,2018-08-25,0051,N20,VIIRS,n,2,287.68,1.54,N,0
51.79318,27.15602,307.36,0.57,0.43,2018-08-25,0051,N20,VIIRS,n,2,286,1.55,N,0
51.79499,27.14824,299.33,0.57,0.43,2018-08-25,0051,N20,VIIRS,n,2,285.91,0.9,N,0
51.79874,27.15051,298.33,0.57,0.43,2018-08-25,0051,N20,VIIRS,n,2,286.19,0.9,N,0
51.80249,27.15277,297.64,0.57,0.43,2018-08-25,0051,N20,VIIRS,n,2,286.16,1.62,N,0
51.8043,27.14501,297.21,0.57,0.43,2018-08-25,0051,N20,VIIRS,n,2,285,1.62,N,0
53.65855,29.14626,327.3,0.38,0.36,2018-08-25,1040,N20,VIIRS,l,2,300.64,1.52,D,0
54.81501,30.07242,341.93,0.39,0.36,2018-08-25,1040,N20,VIIRS,n,2,296.33,6.9,D,0
54.81174,30.07379,331,0.39,0.36,2018-08-25,1040,N20,VIIRS,n,2,292.89,1.8,D,0
54.32706,30.67965,326.47,0.4,0.37,2018-08-25,1040,N20,VIIRS,l,2,296.97,2.12,D,0
53.86086,31.78279,337.43,0.41,0.37,2018-08-25,1040,N20,VIIRS,n,2,305.69,5.28,D,0
53.08995,27.34817,332.15,0.39,0.36,2018-08-25,1040,N20,VIIRS,n,2,297.1,23.68,D,0
52.97071,30.4832,329.57,0.39,0.36,2018-08-25,1040,N20,VIIRS,l,2,302.19,3.6,D,0
52.96745,30.48449,342.07,0.39,0.36,2018-08-25,1040,N20,VIIRS,n,2,304.13,3.6,D,0
52.84668,29.98885,341.24,0.39,0.36,2018-08-25,1040,N20,VIIRS,n,2,307.57,10.44,D,2
51.66125,27.20249,339.15,0.41,0.37,2018-08-25,1040,N20,VIIRS,n,2,299.8,4.08,D,0
51.89035,29.33906,340.16,0.38,0.36,2018-08-25,1040,N20,VIIRS,n,2,306.45,3.49,D,2
52.84918,29.98663,304.81,0.59,0.7,2018-08-25,2251,N20,VIIRS,n,2,280.39,1.66,N,2
51.89166,29.33765,295.86,0.63,0.72,2018-08-25,2252,N20,VIIRS,n,2,284.26,1.97,N,2
51.89152,29.32827,303.26,0.63,0.72,2018-08-25,2252,N20,VIIRS,n,2,284.9,2.05,N,0
54.08665,30.46576,297.99,0.46,0.39,2018-08-26,0032,N20,VIIRS,n,2,284.02,0.68,N,0
51.89042,29.33811,302.63,0.47,0.39,2018-08-26,0032,N20,VIIRS,n,2,286.51,0.56,N,2
51.89389,29.33998,297.6,0.47,0.39,2018-08-26,0032,N20,VIIRS,n,2,287.2,0.56,N,2
52.30542,30.2354,328.87,0.49,0.4,2018-08-26,0032,N20,VIIRS,n,2,286.23,3.65,N,0
52.84552,29.9912,328,0.47,0.4,2018-08-26,0032,N20,VIIRS,n,2,286.1,5.06,N,2
52.85591,29.99709,298.07,0.47,0.4,2018-08-26,0032,N20,VIIRS,n,2,287.35,1.1,N,2
51.66093,27.19557,297.18,0.42,0.37,2018-08-26,0033,N20,VIIRS,n,2,285.61,0.89,N,0
51.66316,27.20302,303.14,0.42,0.37,2018-08-26,0033,N20,VIIRS,n,2,284.72,0.89,N,0
51.88862,29.34009,329.38,0.46,0.39,2018-08-26,1021,N20,VIIRS,l,2,303.43,2.04,D,2
51.89209,29.33827,329.62,0.46,0.39,2018-08-26,1021,N20,VIIRS,l,2,302.89,3.82,D,2
52.84782,29.99414,303.7,0.39,0.36,2018-08-27,0013,N20,VIIRS,n,2,287.69,1.98,N,2
52.85428,29.99705,305.05,0.39,0.36,2018-08-27,0013,N20,VIIRS,n,2,292.22,0.84,N,2
53.36837,31.47515,307.85,0.39,0.37,2018-08-27,0013,N20,VIIRS,n,2,282.56,0.81,N,0
53.39413,32.01245,305.75,0.4,0.37,2018-08-27,0013,N20,VIIRS,n,2,289.58,1.21,N,2
53.58783,31.95258,299.77,0.4,0.37,2018-08-27,0013,N20,VIIRS,n,2,286.33,0.55,N,2
52.84875,29.98855,327.98,0.39,0.36,2018-08-27,0013,N20,VIIRS,n,2,289.19,3.3,N,2
53.37214,32.13922,336.63,0.5,0.41,2018-08-27,1002,N20,VIIRS,n,2,300.02,4.65,D,0
53.27177,24.44092,307.67,0.35,0.57,2018-08-28,0135,N20,VIIRS,n,2,282.52,0.97,N,2
51.89331,29.33848,302.65,0.42,0.45,2018-08-28,2336,N20,VIIRS,n,2,284.2,1.07,N,2
53.27103,24.44208,303.76,0.34,0.56,2018-08-28,2336,N20,VIIRS,n,2,278.65,1.69,N,2
51.88915,29.33756,308.74,0.42,0.45,2018-08-28,2336,N20,VIIRS,n,2,284.85,1.97,N,2
53.26963,24.44192,311.61,0.47,0.48,2018-08-29,0116,N20,VIIRS,n,2,283.68,2.02,N,2
52.99557,26.3789,332.94,0.6,0.71,2018-08-29,0925,N20,VIIRS,n,2,285.51,6.02,D,0
53.41213,27.17919,335.27,0.54,0.68,2018-08-29,0925,N20,VIIRS,n,2,286.67,5.7,D,0
53.50964,30.14305,330.28,0.54,0.42,2018-08-29,1105,N20,VIIRS,n,2,290.15,4.34,D,0
52.39495,28.49863,329.45,0.47,0.39,2018-08-29,1105,N20,VIIRS,n,2,292.37,3.12,D,0
51.81575,23.79259,331.17,0.38,0.36,2018-08-29,1105,N20,VIIRS,n,2,292.66,1.85,D,0
52.46258,28.40077,332.92,0.46,0.39,2018-08-29,1105,N20,VIIRS,n,2,292.22,7.89,D,0
52.46617,28.39974,336.4,0.46,0.39,2018-08-29,1105,N20,VIIRS,n,2,293.11,7.89,D,0
53.40737,27.17517,336.02,0.44,0.38,2018-08-29,1105,N20,VIIRS,n,2,293.15,6.46,D,0
52.89677,28.14947,334.89,0.46,0.39,2018-08-29,1105,N20,VIIRS,n,2,292.33,3.5,D,0
53.10934,28.3928,338.21,0.47,0.4,2018-08-29,1105,N20,VIIRS,n,2,289.8,4.57,D,0
53.10895,28.39201,337.01,0.47,0.4,2018-08-29,1105,N20,VIIRS,n,2,289.84,5.42,D,0
53.46991,30.54328,331.6,0.56,0.43,2018-08-29,1105,N20,VIIRS,n,2,290.34,4.52,D,0
52.8446,29.99125,334.07,0.53,0.42,2018-08-29,1105,N20,VIIRS,n,2,293.39,10.15,D,2
53.32962,26.85149,345.68,0.43,0.38,2018-08-29,1105,N20,VIIRS,n,2,294.33,7.96,D,0
53.39788,32.01328,296.06,0.53,0.5,2018-08-29,2317,N20,VIIRS,n,2,283.13,0.79,N,2
51.71812,29.16085,317.26,0.34,0.56,2018-08-29,2317,N20,VIIRS,n,2,282.38,1.13,N,0
51.88871,29.33434,311.98,0.33,0.55,2018-08-29,2317,N20,VIIRS,n,2,283.25,0.92,N,2
51.89045,29.33704,298.58,0.33,0.55,2018-08-29,2317,N20,VIIRS,n,2,283.14,0.74,N,2
51.89063,29.3321,299.35,0.33,0.56,2018-08-29,2317,N20,VIIRS,n,2,283.51,0.79,N,2
51.89559,29.33765,302.16,0.33,0.55,2018-08-29,2317,N20,VIIRS,n,2,284.18,0.64,N,2
52.84607,29.99075,318,0.63,0.54,2018-08-29,2317,N20,VIIRS,n,2,282.38,2.8,N,2
53.27504,24.43867,312.08,0.55,0.68,2018-08-29,2317,N20,VIIRS,n,2,282.57,1.66,N,2
52.84719,29.98658,328.56,0.52,0.5,2018-08-30,0057,N20,VIIRS,n,2,282.48,3.13,N,2
52.84526,29.99369,304.14,0.52,0.5,2018-08-30,0057,N20,VIIRS,n,2,280.7,3.13,N,2
51.89024,29.3402,305.24,0.52,0.5,2018-08-30,0057,N20,VIIRS,n,2,283.26,1.53,N,2
53.26172,24.44876,298.92,0.48,0.4,2018-08-30,0057,N20,VIIRS,n,2,284.8,0.83,N,2
53.27022,24.44602,296.22,0.48,0.4,2018-08-30,0057,N20,VIIRS,n,2,283.14,1.02,N,2
53.27169,24.43913,305.93,0.48,0.4,2018-08-30,0057,N20,VIIRS,n,2,282.97,1.02,N,2
55.50611,28.58725,300.15,0.39,0.44,2018-08-30,0057,N20,VIIRS,n,2,281.86,0.54,N,2
51.71566,29.16101,304.72,0.52,0.5,2018-08-30,0058,N20,VIIRS,n,2,281.69,1.07,N,0
51.6576,28.93714,325.85,0.39,0.36,2018-08-30,1046,N20,VIIRS,n,2,293.08,2.08,D,0
51.68804,30.32556,337.48,0.4,0.37,2018-08-30,1046,N20,VIIRS,n,2,302.06,3.15,D,0
53.51177,30.14345,332.97,0.4,0.37,2018-08-30,1046,N20,VIIRS,n,2,290.19,2.87,D,0
53.37774,30.21962,339.51,0.4,0.37,2018-08-30,1046,N20,VIIRS,n,2,295.58,3.85,D,0
52.22948,24.17358,330.04,0.43,0.38,2018-08-30,1046,N20,VIIRS,n,2,297.4,3.04,D,0
53.01056,29.38692,334.81,0.39,0.36,2018-08-30,1046,N20,VIIRS,n,2,295.91,4.13,D,0
53.28107,31.9438,336.5,0.44,0.38,2018-08-30,1046,N20,VIIRS,n,2,291.7,4.54,D,0
52.32606,26.11635,333.78,0.39,0.36,2018-08-30,1046,N20,VIIRS,n,2,294.59,2.93,D,0
52.32281,26.11783,328.74,0.39,0.36,2018-08-30,1046,N20,VIIRS,n,2,294.9,1.89,D,0
52.11908,25.03171,334.92,0.41,0.37,2018-08-30,1046,N20,VIIRS,n,2,298.53,2.71,D,0
52.11913,25.03295,338.97,0.41,0.37,2018-08-30,1046,N20,VIIRS,n,2,298.97,5.42,D,0
52.84676,29.98814,333.91,0.4,0.37,2018-08-30,1046,N20,VIIRS,n,2,301.57,5.55,D,2
51.70914,24.08977,327.94,0.44,0.38,2018-08-30,1046,N20,VIIRS,n,2,300.63,2.53,D,0
51.90899,29.39026,325.91,0.39,0.36,2018-08-30,1046,N20,VIIRS,n,2,295.66,1.59,D,0
51.91335,30.48035,334.13,0.4,0.37,2018-08-30,1046,N20,VIIRS,n,2,302.87,4.14,D,0
53.96502,25.63083,328.36,0.39,0.36,2018-08-30,1047,N20,VIIRS,n,2,293.06,1.78,D,0
51.8967,29.3348,304.64,0.53,0.67,2018-08-30,2258,N20,VIIRS,n,2,284.4,1.33,N,2
51.89339,29.33521,308.47,0.53,0.67,2018-08-30,2258,N20,VIIRS,n,2,284.74,2.31,N,2
51.89042,29.33469,295.76,0.53,0.67,2018-08-30,2258,N20,VIIRS,n,2,283.62,0.92,N,2
52.84993,29.99065,300.58,0.5,0.66,2018-08-30,2258,N20,VIIRS,n,2,283.63,2.43,N,2
52.84932,29.98792,308.99,0.5,0.66,2018-08-30,2258,N20,VIIRS,n,2,284.08,1.06,N,2
53.39872,32.01283,295.51,0.42,0.61,2018-08-30,2258,N20,VIIRS,n,2,283.07,0.92,N,2
52.84845,29.99373,298.05,0.52,0.42,2018-08-31,0038,N20,VIIRS,n,2,283.79,0.77,N,2
53.58595,31.95253,298.78,0.39,0.44,2018-08-31,0038,N20,VIIRS,n,2,282.86,0.55,N,0
53.39327,32.01522,303.73,0.4,0.44,2018-08-31,0038,N20,VIIRS,n,2,285.72,0.82,N,2
52.84532,29.99374,295.04,0.52,0.42,2018-08-31,0038,N20,VIIRS,n,2,282.72,1.51,N,2
52.84696,29.98634,313.34,0.52,0.42,2018-08-31,0038,N20,VIIRS,n,2,284.22,1.51,N,2
52.84483,29.99154,316.2,0.52,0.42,2018-08-31,0038,N20,VIIRS,n,2,283.19,0.77,N,2
53.25904,24.44815,302.49,0.39,0.36,2018-08-31,0039,N20,VIIRS,n,2,285.75,0.79,N,2
53.26983,24.44236,301.05,0.39,0.36,2018-08-31,0039,N20,VIIRS,n,2,285.75,1.13,N,2
52.10675,24.00646,298.17,0.39,0.36,2018-08-31,0039,N20,VIIRS,n,2,283.8,0.68,N,0
51.88858,29.34163,302.21,0.52,0.42,2018-08-31,0039,N20,VIIRS,n,2,284.75,1.38,N,2
51.89221,29.34371,308.23,0.52,0.42,2018-08-31,0039,N20,VIIRS,n,2,285.42,1.65,N,2
52.51389,30.53516,332.71,0.4,0.37,2018-08-31,1027,N20,VIIRS,n,2,297.32,2.75,D,0
52.08949,30.75138,332.88,0.4,0.37,2018-08-31,1027,N20,VIIRS,n,2,298.25,3,D,0
52.02314,30.88687,328.24,0.4,0.37,2018-08-31,1027,N20,VIIRS,n,2,302.92,2.44,D,0
53.29175,31.97394,343,0.38,0.36,2018-08-31,1027,N20,VIIRS,n,2,298.02,10.25,D,0
52.67002,28.90844,327.79,0.42,0.38,2018-08-31,1027,N20,VIIRS,n,2,298.18,1.77,D,0
52.84571,29.991,337.46,0.4,0.37,2018-08-31,1027,N20,VIIRS,n,2,302.59,6.48,D,2
52.48333,28.3978,329.59,0.44,0.38,2018-08-31,1027,N20,VIIRS,n,2,295.61,4.58,D,0
52.51715,30.53363,331.22,0.4,0.37,2018-08-31,1027,N20,VIIRS,n,2,295.02,2.75,D,0
51.89202,29.34109,331.55,0.42,0.38,2018-08-31,1027,N20,VIIRS,n,2,301.17,3.03,D,2
53.4678,30.57484,328.28,0.39,0.36,2018-08-31,1028,N20,VIIRS,n,2,296.94,1.56,D,0
53.6791,31.95889,330.28,0.38,0.36,2018-08-31,1028,N20,VIIRS,n,2,293.38,3.27,D,0
53.39652,27.15439,328.21,0.45,0.39,2018-08-31,1028,N20,VIIRS,n,2,292.67,2.39,D,0
52.45383,24.62237,337.08,0.57,0.43,2018-08-31,1028,N20,VIIRS,n,2,295.01,4.93,D,0
53.39772,32.00611,295.07,0.66,0.73,2018-08-31,2239,N20,VIIRS,n,2,282.91,1.02,N,0
53.67266,31.82819,295.81,0.42,0.38,2018-09-01,0019,N20,VIIRS,n,2,284.36,0.75,N,2
53.58795,31.95126,296.14,0.43,0.38,2018-09-01,0019,N20,VIIRS,n,2,284.22,0.78,N,2
53.39628,32.01735,297.38,0.43,0.38,2018-09-01,0019,N20,VIIRS,n,2,284.56,0.6,N,2
53.39294,32.01552,298.81,0.43,0.38,2018-09-01,0019,N20,VIIRS,n,2,287.37,1.2,N,2
52.84867,29.99172,324.07,0.4,0.37,2018-09-01,0020,N20,VIIRS,n,2,284.97,1.61,N,2
52.8454,29.99012,295.81,0.4,0.37,2018-09-01,0020,N20,VIIRS,n,2,284.01,1.61,N,2
52.09089,30.75554,295.5,0.42,0.38,2018-09-01,0020,N20,VIIRS,n,2,281.32,0.51,N,0
51.89376,29.34228,300.78,0.4,0.37,2018-09-01,0020,N20,VIIRS,n,2,280.71,0.83,N,2
51.8905,29.34077,311.96,0.4,0.37,2018-09-01,0020,N20,VIIRS,n,2,280.41,0.83,N,2
53.0573,23.86818,341.9,0.58,0.7,2018-09-01,0200,N20,VIIRS,n,2,281.13,7.4,N,0
53.27423,24.44445,304.04,0.6,0.7,2018-09-01,0200,N20,VIIRS,n,2,283.42,1.58,N,2
51.95069,30.00079,331.01,0.55,0.43,2018-09-01,1008,N20,VIIRS,n,2,293.9,5.34,D,0
52.02151,30.88604,331.23,0.52,0.41,2018-09-01,1008,N20,VIIRS,n,2,287.73,3.72,D,0
53.86705,28.97588,329.53,0.54,0.42,2018-09-01,1009,N20,VIIRS,n,2,295.4,4.76,D,0
53.05294,28.02876,350.73,0.41,0.45,2018-09-01,1009,N20,VIIRS,n,2,302.25,25.24,D,0
55.53065,28.51863,305.71,0.45,0.39,2018-09-02,0000,N20,VIIRS,n,2,282.18,1.09,N,0
53.39678,32.01296,301.83,0.39,0.36,2018-09-02,0001,N20,VIIRS,n,2,288.34,0.72,N,2
51.79984,27.69273,318.81,0.44,0.38,2018-09-02,0001,N20,VIIRS,n,2,283.29,1.59,N,0
51.89077,29.33771,300.47,0.4,0.37,2018-09-02,0001,N20,VIIRS,n,2,267.17,0.78,N,2
53.27012,24.43854,299.41,0.57,0.43,2018-09-02,0001,N20,VIIRS,n,2,282.72,0.98,N,2
53.2741,24.43954,300.92,0.57,0.43,2018-09-02,0001,N20,VIIRS,n,2,282.98,0.98,N,2
53.27137,24.43876,306.4,0.38,0.43,2018-09-02,0001,N20,VIIRS,n,2,283.43,0.87,N,2
52.84721,29.99211,331.56,0.4,0.37,2018-09-02,0001,N20,VIIRS,n,2,281.75,3.66,N,2
52.85053,29.99335,302.08,0.4,0.37,2018-09-02,0001,N20,VIIRS,n,2,279.77,3.66,N,2
53.3673,28.03478,316.76,0.44,0.39,2018-09-02,0001,N20,VIIRS,n,2,280.96,1.21,N,0
53.39353,32.01157,306.06,0.39,0.36,2018-09-02,0001,N20,VIIRS,n,2,290.11,1.15,N,2
53.58838,31.95148,297.68,0.39,0.36,2018-09-02,0001,N20,VIIRS,n,2,287.42,0.73,N,2
53.67251,31.82888,302.08,0.39,0.36,2018-09-02,0001,N20,VIIRS,n,2,288.51,0.61,N,2
51.79876,27.68988,300.15,0.6,0.71,2018-09-02,0141,N20,VIIRS,n,2,281.74,1.3,N,0
51.8917,29.34478,325.39,0.59,0.53,2018-09-02,0950,N20,VIIRS,n,2,293.91,3.22,D,2
51.79747,27.69552,325.49,0.35,0.56,2018-09-02,0950,N20,VIIRS,n,2,295.63,2.5,D,0
55.53389,28.51468,306.32,0.43,0.46,2018-09-02,2341,N20,VIIRS,n,2,285.82,1.2,N,0
51.89151,29.33764,297.14,0.55,0.42,2018-09-02,2342,N20,VIIRS,n,2,281.2,1.51,N,2
51.89168,29.33866,295.96,0.55,0.42,2018-09-02,2342,N20,VIIRS,n,2,281.18,1.92,N,2
55.53039,28.51312,296.4,0.63,0.54,2018-09-03,0122,N20,VIIRS,n,2,282.74,1.22,N,0
51.8945,29.34065,297.78,0.46,0.63,2018-09-03,0122,N20,VIIRS,n,2,278.91,1.15,N,2
51.8933,29.3421,299.72,0.46,0.63,2018-09-03,0122,N20,VIIRS,n,2,279.07,1.02,N,2
53.27118,24.44229,303.99,0.54,0.51,2018-09-03,0122,N20,VIIRS,n,2,284.63,1.07,N,2
51.62952,27.29702,343.08,0.47,0.4,2018-09-03,1111,N20,VIIRS,n,2,298.79,4.79,D,0
51.63313,27.29601,329.79,0.47,0.4,2018-09-03,1111,N20,VIIRS,n,2,296.51,4.79,D,0
51.88978,29.34152,328.89,0.55,0.43,2018-09-03,1111,N20,VIIRS,n,2,298.54,2.54,D,2
53.67007,25.45893,324.32,0.43,0.62,2018-09-03,2323,N20,VIIRS,n,2,284.54,2.35,N,0
53.67015,25.45232,298.49,0.43,0.62,2018-09-03,2323,N20,VIIRS,n,2,284.2,1.78,N,0
53.66906,25.46019,320.61,0.43,0.62,2018-09-03,2323,N20,VIIRS,n,2,284.51,1.75,N,0
53.66918,25.45358,308.04,0.43,0.62,2018-09-03,2323,N20,VIIRS,n,2,284.18,1.75,N,0
53.27256,24.43755,302.24,0.47,0.64,2018-09-03,2323,N20,VIIRS,n,2,284.65,1.32,N,2
52.84685,29.98683,320.52,0.54,0.51,2018-09-03,2323,N20,VIIRS,n,2,283.17,2.01,N,2
51.89323,29.33654,296.97,0.57,0.52,2018-09-03,2323,N20,VIIRS,n,2,275.66,1.14,N,2
51.89235,29.34068,295.64,0.6,0.53,2018-09-04,0104,N20,VIIRS,n,2,283.51,1.32,N,2
51.88786,29.33741,299.21,0.6,0.53,2018-09-04,0104,N20,VIIRS,n,2,282.91,1.26,N,2
51.88836,29.34143,305.23,0.6,0.53,2018-09-04,0104,N20,VIIRS,n,2,283.62,1.31,N,2
51.76457,29.2632,329.2,0.4,0.37,2018-09-04,1052,N20,VIIRS,n,2,299.1,1.87,D,0
52.01907,30.89047,341.84,0.44,0.38,2018-09-04,1052,N20,VIIRS,n,2,303.07,6,D,0
51.88743,29.34124,327.01,0.41,0.37,2018-09-04,1052,N20,VIIRS,l,2,301.2,1.17,D,2
52.08649,30.33499,333.52,0.43,0.38,2018-09-04,1052,N20,VIIRS,n,2,301.98,3.16,D,0
52.11669,30.18886,330.86,0.42,0.38,2018-09-04,1052,N20,VIIRS,n,2,299.68,1.38,D,0
52.84779,29.99371,332.67,0.43,0.38,2018-09-04,1053,N20,VIIRS,l,2,304.37,5.38,D,2
52.84539,29.99289,333.05,0.43,0.38,2018-09-04,1053,N20,VIIRS,n,2,302.76,4.64,D,2
52.79833,28.10442,326.45,0.39,0.36,2018-09-04,1053,N20,VIIRS,l,2,300.03,2.2,D,0
53.08629,26.69971,327.99,0.39,0.36,2018-09-04,1053,N20,VIIRS,n,2,287.28,2.04,D,0
54.44499,30.2044,297.08,0.43,0.62,2018-09-04,2304,N20,VIIRS,n,2,282.12,0.57,N,0
51.84627,30.44712,318.1,0.41,0.6,2018-09-04,2304,N20,VIIRS,n,2,266.32,1.4,N,0
52.85104,29.98515,316.75,0.43,0.62,2018-09-04,2304,N20,VIIRS,n,2,277.82,1.95,N,2
52.85096,29.99171,295.93,0.43,0.62,2018-09-04,2304,N20,VIIRS,n,2,276.6,1.95,N,2
52.85041,29.98751,331.25,0.43,0.62,2018-09-04,2304,N20,VIIRS,n,2,279.4,2.63,N,2
52.8452,29.98958,329.15,0.39,0.36,2018-09-05,1034,N20,VIIRS,n,2,299.49,2.33,D,2
54.07784,31.56159,328.53,0.39,0.36,2018-09-05,1034,N20,VIIRS,n,2,275.43,1.49,D,0
52.8487,29.9862,324.84,0.68,0.74,2018-09-05,2245,N20,VIIRS,n,2,273.79,4.6,N,2
52.84956,29.9822,319.11,0.68,0.74,2018-09-05,2245,N20,VIIRS,n,2,273.19,4.42,N,2
52.84981,29.99265,295.83,0.68,0.74,2018-09-05,2245,N20,VIIRS,n,2,273.51,3.43,N,2
51.89284,29.32586,301.7,0.73,0.76,2018-09-05,2245,N20,VIIRS,n,2,284.56,1.92,N,0
51.89315,29.33683,297.19,0.73,0.76,2018-09-05,2245,N20,VIIRS,n,2,284.72,1.76,N,2
55.66653,27.82256,303.37,0.38,0.36,2018-09-06,0025,N20,VIIRS,n,2,280.73,0.47,N,0
55.53208,28.51475,302.35,0.39,0.36,2018-09-06,0025,N20,VIIRS,n,2,285.41,0.73,N,0
55.50521,28.59127,295.07,0.39,0.36,2018-09-06,0025,N20,VIIRS,n,2,284.31,0.4,N,2
52.84875,29.99159,320.61,0.43,0.38,2018-09-06,0026,N20,VIIRS,n,2,285.25,2.07,N,2
51.89352,29.34142,299.06,0.43,0.38,2018-09-06,0026,N20,VIIRS,n,2,285.55,0.69,N,2
51.89017,29.33975,301.62,0.43,0.38,2018-09-06,0026,N20,VIIRS,n,2,284.7,0.69,N,2
51.95807,30.13776,339.06,0.49,0.4,2018-09-06,1015,N20,VIIRS,n,2,276.35,6.19,D,0
52.3256,25.73495,326.4,0.45,0.47,2018-09-06,1015,N20,VIIRS,n,2,283.66,1.45,D,0
53.00733,26.36644,328.5,0.41,0.45,2018-09-06,1015,N20,VIIRS,n,2,291.74,2.09,D,0
55.40763,28.16129,309.24,0.42,0.38,2018-09-07,0007,N20,VIIRS,n,2,280.5,1.21,N,0
53.6702,31.82787,297.7,0.39,0.36,2018-09-07,0007,N20,VIIRS,n,2,279.96,0.48,N,2
52.84865,29.99317,329.59,0.39,0.36,2018-09-07,0007,N20,VIIRS,n,2,276.8,2.67,N,2
52.8454,29.99182,325.88,0.39,0.36,2018-09-07,0007,N20,VIIRS,n,2,275.9,2.8,N,2
53.30591,31.55457,326.15,0.39,0.44,2018-09-07,0956,N20,VIIRS,n,2,291.66,3.29,D,0
53.39547,32.01151,298.06,0.42,0.38,2018-09-07,2348,N20,VIIRS,n,2,271.75,0.67,N,2
53.27297,24.44083,301.95,0.51,0.49,2018-09-07,2348,N20,VIIRS,n,2,283.9,0.95,N,2
53.54325,31.11819,303.53,0.43,0.46,2018-09-08,2329,N20,VIIRS,n,2,272.58,0.65,N,0
55.53186,28.51895,297.42,0.49,0.49,2018-09-09,0109,N20,VIIRS,n,2,280.75,1.3,N,0
52.84937,29.99242,298.31,0.34,0.56,2018-09-09,0110,N20,VIIRS,n,2,270.88,0.91,N,2
52.84474,29.98856,302.96,0.34,0.56,2018-09-09,0110,N20,VIIRS,n,2,270.13,0.91,N,2
52.8471,29.99278,327.41,0.47,0.4,2018-09-09,1059,N20,VIIRS,n,2,293.59,3.68,D,2
53.25031,31.45731,330.88,0.53,0.42,2018-09-09,1059,N20,VIIRS,n,2,296.17,3.87,D,0
53.24792,31.45782,328.3,0.53,0.42,2018-09-09,1059,N20,VIIRS,n,2,294.6,4.31,D,0
53.16551,29.73826,331.96,0.46,0.39,2018-09-09,1059,N20,VIIRS,n,2,294.03,3.66,D,0
53.16475,29.73138,344.12,0.46,0.39,2018-09-09,1059,N20,VIIRS,n,2,292.88,5.23,D,0
53.1691,29.7372,337.02,0.46,0.39,2018-09-09,1059,N20,VIIRS,n,2,294.85,3.66,D,0
53.16834,29.7303,331.02,0.46,0.39,2018-09-09,1059,N20,VIIRS,n,2,293.91,5.23,D,0
53.53507,29.23893,330.85,0.45,0.39,2018-09-09,1059,N20,VIIRS,n,2,296.01,1.88,D,0
54.71132,30.2217,341.87,0.5,0.41,2018-09-09,1059,N20,VIIRS,n,2,294.66,12.59,D,0
54.71055,30.214,327.99,0.5,0.41,2018-09-09,1059,N20,VIIRS,n,2,292.71,9,D,0
55.53369,28.51439,307.5,0.44,0.62,2018-09-09,2310,N20,VIIRS,n,2,283.19,0.8,N,0
55.53102,28.51656,310.03,0.51,0.41,2018-09-10,0050,N20,VIIRS,n,2,283.23,1.6,N,0
55.53094,28.5175,305.69,0.51,0.41,2018-09-10,0050,N20,VIIRS,n,2,282.08,1.34,N,0
52.81133,29.90954,328.01,0.38,0.36,2018-09-10,1040,N20,VIIRS,n,2,280.7,1.91,D,0
52.88834,29.53105,330.81,0.38,0.36,2018-09-10,1040,N20,VIIRS,n,2,283.09,6.57,D,0
52.31275,24.50353,342.87,0.46,0.39,2018-09-10,1040,N20,VIIRS,n,2,293.64,10.47,D,0
53.45815,29.68474,331.59,0.39,0.36,2018-09-10,1040,N20,VIIRS,n,2,292.12,5.88,D,0
52.88756,26.13667,325.45,0.41,0.37,2018-09-10,1040,N20,VIIRS,n,2,295.23,1.81,D,0
53.68246,24.62105,333.16,0.43,0.38,2018-09-10,1040,N20,VIIRS,n,2,292.13,2.7,D,0
53.24297,25.15938,345.06,0.43,0.38,2018-09-10,1040,N20,VIIRS,n,2,293.42,8.26,D,0
53.23963,25.16115,343.12,0.43,0.38,2018-09-10,1040,N20,VIIRS,n,2,298.74,11.23,D,0
52.49696,31.24111,335.77,0.39,0.36,2018-09-10,1040,N20,VIIRS,n,2,286.65,2.83,D,0
52.84743,29.98997,338.33,0.39,0.36,2018-09-10,1040,N20,VIIRS,n,2,287.48,8.03,D,2
51.61309,23.97299,325.57,0.6,0.7,2018-09-10,1221,N20,VIIRS,n,2,289.1,4.47,D,0
53.24023,25.16405,352.98,0.67,0.74,2018-09-10,1221,N20,VIIRS,n,2,288.74,10.6,D,0
52.84581,29.98341,298.68,0.59,0.7,2018-09-10,2251,N20,VIIRS,n,2,261.79,0.45,N,2
55.53373,28.50879,296.08,0.67,0.74,2018-09-10,2251,N20,VIIRS,n,2,281.87,2.21,N,0
52.84699,29.98729,297.47,0.59,0.7,2018-09-10,2251,N20,VIIRS,n,2,260.66,0.56,N,2
53.24049,25.16176,300.59,0.38,0.36,2018-09-11,0032,N20,VIIRS,n,2,282.34,0.57,N,0
55.50555,28.58592,298.43,0.4,0.37,2018-09-11,0032,N20,VIIRS,n,2,281.69,0.34,N,2
53.2607,24.45171,298.84,0.38,0.36,2018-09-11,0032,N20,VIIRS,n,2,284.58,0.57,N,2
53.27217,24.44466,308.05,0.38,0.36,2018-09-11,0032,N20,VIIRS,n,2,284.64,0.73,N,2
51.88902,29.33997,296.31,0.47,0.39,2018-09-11,0033,N20,VIIRS,n,2,282.48,0.34,N,2
52.50477,30.19912,329.13,0.43,0.38,2018-09-11,1021,N20,VIIRS,n,2,293.23,2.4,D,0
52.19444,30.56605,347.5,0.43,0.38,2018-09-11,1021,N20,VIIRS,n,2,294.11,13.71,D,0
52.84652,29.98928,330.54,0.43,0.38,2018-09-11,1021,N20,VIIRS,n,2,295.59,3.86,D,2
52.19666,30.55835,337.07,0.43,0.38,2018-09-11,1021,N20,VIIRS,n,2,297.46,13.71,D,0
52.19779,30.56436,347.18,0.43,0.38,2018-09-11,1021,N20,VIIRS,n,2,297.85,13.71,D,0
52.19437,30.54632,339.93,0.43,0.38,2018-09-11,1021,N20,VIIRS,n,2,303.21,29.93,D,0
51.94191,30.08884,326.54,0.44,0.38,2018-09-11,1021,N20,VIIRS,n,2,294.19,2.15,D,0
53.34133,27.74129,329.72,0.48,0.4,2018-09-11,1021,N20,VIIRS,n,2,292.93,4.92,D,0
52.84293,29.26409,330.12,0.45,0.39,2018-09-11,1021,N20,VIIRS,n,2,289.45,5.4,D,0
54.63396,30.6683,330.44,0.4,0.37,2018-09-11,1022,N20,VIIRS,n,2,293.17,3.54,D,0
53.24067,25.16292,344.41,0.39,0.44,2018-09-11,1022,N20,VIIRS,n,2,291.66,4.92,D,0
54.16698,26.31027,331.49,0.51,0.41,2018-09-11,1022,N20,VIIRS,n,2,292.47,2.46,D,0
53.65903,26.68746,335.67,0.51,0.41,2018-09-11,1022,N20,VIIRS,n,2,295.2,6.55,D,0
53.39556,32.01246,302.37,0.4,0.37,2018-09-12,0013,N20,VIIRS,n,2,279.84,1.18,N,2
52.84542,29.99126,315.51,0.39,0.36,2018-09-12,0013,N20,VIIRS,n,2,274.84,1.74,N,2
52.84865,29.99272,331.4,0.39,0.36,2018-09-12,0013,N20,VIIRS,n,2,275.31,1.74,N,2
51.89117,29.34209,308.88,0.39,0.36,2018-09-12,0014,N20,VIIRS,n,2,281.66,0.67,N,2
51.88883,29.33524,297.02,0.39,0.36,2018-09-12,0014,N20,VIIRS,n,2,280.65,0.67,N,2
51.8144,30.44368,346.01,0.41,0.45,2018-09-12,1002,N20,VIIRS,n,2,293.95,7.02,D,0
53.24081,25.15953,339.55,0.59,0.53,2018-09-12,1003,N20,VIIRS,n,2,294.27,9.63,D,0
53.34342,27.73516,329.76,0.35,0.56,2018-09-12,1143,N20,VIIRS,n,2,291.53,1.85,D,0
53.37898,27.70032,328.2,0.34,0.56,2018-09-12,1143,N20,VIIRS,n,2,289.56,1.88,D,0
53.2405,25.16023,350.18,0.54,0.51,2018-09-12,1143,N20,VIIRS,n,2,293.92,14.35,D,0
53.36615,31.47256,295.09,0.4,0.37,2018-09-12,2354,N20,VIIRS,n,2,282.46,0.34,N,0
53.39435,32.01485,307.72,0.4,0.37,2018-09-12,2354,N20,VIIRS,n,2,288.35,1.03,N,2
52.84589,29.99192,326.32,0.43,0.38,2018-09-12,2355,N20,VIIRS,n,2,286.66,2.72,N,2
52.84846,29.99211,328.34,0.43,0.38,2018-09-12,2355,N20,VIIRS,n,2,287.55,4.44,N,2
51.8945,29.33735,300.45,0.43,0.38,2018-09-12,2355,N20,VIIRS,n,2,286.55,1.03,N,2
51.89373,29.34364,307.92,0.43,0.38,2018-09-12,2355,N20,VIIRS,n,2,286.67,1.04,N,2
51.89102,29.33624,305.96,0.43,0.38,2018-09-12,2355,N20,VIIRS,n,2,286.32,1.03,N,2
52.84666,29.98561,318.57,0.43,0.38,2018-09-12,2355,N20,VIIRS,n,2,285.58,2.72,N,2
51.89053,29.3361,296.87,0.6,0.71,2018-09-13,0135,N20,VIIRS,n,2,283.83,1,N,2
53.27248,24.44255,305.85,0.35,0.57,2018-09-13,0135,N20,VIIRS,n,2,280.13,1.16,N,2
51.89614,29.34151,301.05,0.6,0.71,2018-09-13,0135,N20,VIIRS,n,2,284.39,1.41,N,2
51.88799,29.34251,326.21,0.34,0.56,2018-09-13,0944,N20,VIIRS,n,2,291.7,1.18,D,2
51.89064,29.34198,334.33,0.34,0.56,2018-09-13,0944,N20,VIIRS,n,2,293.65,3.22,D,2
52.19545,30.56948,325.03,0.6,0.53,2018-09-13,0944,N20,VIIRS,n,2,294.82,4.54,D,0
52.21349,27.83232,328.64,0.43,0.46,2018-09-13,1124,N20,VIIRS,n,2,295.64,3.41,D,0
52.18935,23.66653,327.37,0.46,0.39,2018-09-13,1124,N20,VIIRS,n,2,295.1,2.59,D,0
51.89034,29.34387,326.15,0.49,0.49,2018-09-13,1124,N20,VIIRS,n,2,295.35,2.55,D,2
54.1652,29.8894,330.58,0.55,0.51,2018-09-13,1125,N20,VIIRS,n,2,291.23,2.89,D,0
52.21702,26.4304,299.31,0.56,0.51,2018-09-13,2336,N20,VIIRS,n,2,284,0.81,N,0
52.21227,26.42971,295.56,0.56,0.51,2018-09-13,2336,N20,VIIRS,n,2,284.06,0.81,N,0
52.21661,26.43137,306.95,0.56,0.51,2018-09-13,2336,N20,VIIRS,n,2,284.16,1.6,N,0
53.27207,24.44068,307.03,0.34,0.56,2018-09-13,2336,N20,VIIRS,n,2,279.71,0.77,N,2
52.21392,26.43095,296.6,0.6,0.53,2018-09-14,0116,N20,VIIRS,n,2,279.69,0.79,N,0
52.21292,26.42775,295.75,0.6,0.53,2018-09-14,0116,N20,VIIRS,n,2,279.84,1.31,N,0
52.2104,26.43167,328.42,0.41,0.37,2018-09-14,1105,N20,VIIRS,n,2,296.92,2.8,D,0
54.07393,25.53814,332,0.41,0.37,2018-09-14,1106,N20,VIIRS,n,2,288.52,2.71,D,0
54.07056,25.53938,331.31,0.41,0.37,2018-09-14,1106,N20,VIIRS,n,2,286.62,2.71,D,0
55.6029,27.50545,329.69,0.47,0.4,2018-09-14,1106,N20,VIIRS,n,2,292.39,2.75,D,0
54.18884,28.52711,297.02,0.42,0.45,2018-09-15,0057,N20,VIIRS,n,2,278.51,0.45,N,0
55.50422,28.58709,295.82,0.39,0.44,2018-09-15,0057,N20,VIIRS,n,2,279.7,0.57,N,2
51.89056,29.33666,302.75,0.52,0.5,2018-09-15,0058,N20,VIIRS,n,2,278.2,1.59,N,2
52.84618,29.98843,330.27,0.4,0.37,2018-09-16,1027,N20,VIIRS,n,2,294.41,4.62,D,2
52.41587,30.31346,328.57,0.4,0.37,2018-09-16,1027,N20,VIIRS,n,2,289.25,3.88,D,0
52.68436,28.40259,327.55,0.43,0.38,2018-09-16,1027,N20,VIIRS,n,2,290.53,1.98,D,0
52.42165,30.28597,326.06,0.4,0.37,2018-09-16,1027,N20,VIIRS,n,2,288.56,2.77,D,0
52.41486,30.30776,326.15,0.4,0.37,2018-09-16,1027,N20,VIIRS,n,2,288.46,3.88,D,0
52.88599,28.08755,327.38,0.44,0.38,2018-09-16,1028,N20,VIIRS,n,2,287.33,2.53,D,0
52.88047,28.23644,329.9,0.43,0.38,2018-09-16,1028,N20,VIIRS,n,2,287.64,2.11,D,0
52.8771,28.23821,328.28,0.43,0.38,2018-09-16,1028,N20,VIIRS,n,2,284.84,2.11,D,0
52.80119,28.42071,337.33,0.43,0.38,2018-09-16,1028,N20,VIIRS,n,2,290.6,3.82,D,0
52.80031,28.42249,338.24,0.43,0.38,2018-09-16,1028,N20,VIIRS,n,2,290.82,4.29,D,0
52.16648,25.62354,333.58,0.53,0.42,2018-09-16,1028,N20,VIIRS,n,2,290.22,11.24,D,0
52.98167,28.19335,328.24,0.43,0.38,2018-09-16,1028,N20,VIIRS,n,2,288.71,3.01,D,0
52.30885,30.22187,313.88,0.78,0.78,2018-09-16,2239,N20,VIIRS,n,2,274.23,3.08,N,0
52.30969,30.21771,302.49,0.78,0.78,2018-09-16,2239,N20,VIIRS,n,2,274.27,1.77,N,0
52.84992,29.98701,296.39,0.8,0.78,2018-09-16,2239,N20,VIIRS,n,2,278.31,1.41,N,2
52.31013,30.2296,297.62,0.78,0.78,2018-09-16,2239,N20,VIIRS,n,2,274.54,2,N,0
51.81718,30.43202,303.62,0.76,0.77,2018-09-16,2239,N20,VIIRS,n,2,276.28,1.5,N,0
51.81889,30.43623,309.38,0.76,0.77,2018-09-16,2239,N20,VIIRS,n,2,277.15,2.2,N,0
53.39366,32.00999,296.22,0.43,0.38,2018-09-17,0019,N20,VIIRS,n,2,280.99,0.52,N,2
52.84831,29.99098,328.03,0.4,0.37,2018-09-17,0020,N20,VIIRS,n,2,274.75,3.13,N,2
51.81577,30.4384,306.22,0.42,0.37,2018-09-17,0020,N20,VIIRS,n,2,276.91,1.37,N,0
52.8538,29.99994,299.49,0.4,0.37,2018-09-17,0020,N20,VIIRS,n,2,277.35,0.7,N,2
51.81467,30.44423,314.23,0.42,0.37,2018-09-17,0020,N20,VIIRS,n,2,279.51,1.59,N,0
52.30499,30.23079,327.46,0.41,0.37,2018-09-17,0020,N20,VIIRS,n,2,269.85,3.37,N,0
51.8894,29.33803,326.55,0.39,0.44,2018-09-17,1008,N20,VIIRS,n,2,294.21,2.71,D,2
51.70838,23.87076,329.65,0.32,0.55,2018-09-17,1009,N20,VIIRS,n,2,290.67,2.84,D,0
53.44184,24.11194,337.37,0.55,0.51,2018-09-17,1009,N20,VIIRS,n,2,292.5,4.31,D,0
54.08373,28.91364,338.01,0.54,0.42,2018-09-17,1009,N20,VIIRS,n,2,289.4,9.79,D,0
52.77672,25.94188,338.46,0.49,0.49,2018-09-17,1009,N20,VIIRS,n,2,290.97,9.91,D,0
52.77257,25.94479,325.63,0.49,0.49,2018-09-17,1009,N20,VIIRS,n,2,286.82,2.91,D,0
52.93093,27.96718,339.61,0.41,0.45,2018-09-17,1009,N20,VIIRS,n,2,290.59,9.42,D,0
53.05126,28.86766,335.75,0.57,0.43,2018-09-17,1009,N20,VIIRS,n,2,289.98,11.42,D,0
52.69006,28.30667,341.42,0.41,0.45,2018-09-17,1009,N20,VIIRS,n,2,291.25,3.46,D,0
52.84451,29.98949,333.54,0.53,0.42,2018-09-17,1009,N20,VIIRS,n,2,295.13,8.19,D,2
52.88066,30.76947,332.59,0.5,0.41,2018-09-17,1009,N20,VIIRS,n,2,289.28,4.9,D,0
52.91109,31.16659,336.71,0.48,0.4,2018-09-17,1009,N20,VIIRS,n,2,291.72,7.64,D,0
51.70956,23.87174,332.45,0.54,0.51,2018-09-17,1149,N20,VIIRS,n,2,290.42,4.04,D,0
53.03857,28.11225,328.59,0.42,0.61,2018-09-17,1150,N20,VIIRS,n,2,287.87,4.27,D,0
53.04099,28.1119,331.77,0.42,0.61,2018-09-17,1150,N20,VIIRS,n,2,285.69,2.94,D,0
54.62434,31.14417,340.31,0.56,0.69,2018-09-17,1150,N20,VIIRS,n,2,284.62,5.31,D,0
52.8475,29.99196,329.09,0.4,0.37,2018-09-18,0001,N20,VIIRS,n,2,265.39,2.4,N,2
55.53252,28.51561,305.97,0.43,0.46,2018-09-18,2341,N20,VIIRS,n,2,283.36,1.05,N,0
52.84818,29.98478,306.8,0.53,0.42,2018-09-18,2342,N20,VIIRS,n,2,283.49,2.79,N,2
53.27196,24.44321,301.16,0.59,0.53,2018-09-18,2342,N20,VIIRS,n,2,280.82,0.44,N,2
53.6715,31.82471,295.14,0.47,0.4,2018-09-18,2342,N20,VIIRS,n,2,283.24,0.68,N,2
53.56379,31.29023,296.53,0.49,0.4,2018-09-18,2342,N20,VIIRS,n,2,280.15,0.31,N,0
52.84743,29.99267,326.77,0.53,0.42,2018-09-18,2342,N20,VIIRS,n,2,284.45,3.01,N,2
51.8918,29.34102,300.33,0.55,0.42,2018-09-18,2342,N20,VIIRS,n,2,283.32,1.15,N,2
51.89342,29.34159,302.23,0.46,0.63,2018-09-19,0122,N20,VIIRS,n,2,282.33,1.17,N,2
55.53288,28.51504,304.43,0.63,0.54,2018-09-19,0122,N20,VIIRS,n,2,283.53,1.16,N,0
52.84758,29.99013,314.72,0.45,0.63,2018-09-19,0122,N20,VIIRS,n,2,282.64,2.25,N,2
53.27145,24.43869,301.44,0.54,0.51,2018-09-19,0122,N20,VIIRS,n,2,285.9,0.59,N,2
51.88824,29.33712,304.54,0.46,0.63,2018-09-19,0122,N20,VIIRS,n,2,281.35,0.88,N,2
53.56314,30.09941,331.06,0.37,0.58,2018-09-19,0931,N20,VIIRS,n,2,294.04,3.6,D,0
52.41597,29.62362,344.16,0.42,0.61,2018-09-19,0931,N20,VIIRS,n,2,294.53,5.29,D,0
52.91173,31.16755,328.9,0.36,0.57,2018-09-19,0931,N20,VIIRS,n,2,294.56,2.23,D,0
52.39856,29.20537,332.39,0.44,0.62,2018-09-19,0931,N20,VIIRS,n,2,292.33,2.26,D,0
52.84459,29.99025,327.44,0.4,0.6,2018-09-19,0931,N20,VIIRS,n,2,295.11,5.82,D,2
52.84685,29.99306,329.39,0.39,0.6,2018-09-19,0931,N20,VIIRS,n,2,295.89,3.29,D,2
52.49839,27.86592,326.07,0.49,0.65,2018-09-19,0931,N20,VIIRS,n,2,293.13,2.58,D,0
53.55836,30.10355,334.78,0.37,0.58,2018-09-19,0931,N20,VIIRS,n,2,292.9,4.35,D,0
53.56469,30.10436,338.95,0.37,0.58,2018-09-19,0931,N20,VIIRS,n,2,293.41,3.84,D,0
53.94803,29.8102,339.94,0.37,0.58,2018-09-19,0932,N20,VIIRS,n,2,285.96,2.85,D,0
54.33991,30.37291,333.83,0.34,0.56,2018-09-19,0932,N20,VIIRS,n,2,287.02,2.89,D,0
54.01483,31.08836,329.38,0.33,0.55,2018-09-19,0932,N20,VIIRS,n,2,290.19,2.67,D,0
54.01405,31.08763,329.21,0.33,0.55,2018-09-19,0932,N20,VIIRS,n,2,290.69,3.39,D,0
51.91445,29.62928,333.5,0.57,0.43,2018-09-19,1111,N20,VIIRS,n,2,298.51,3.11,D,0
52.1452,28.98224,344.63,0.54,0.42,2018-09-19,1111,N20,VIIRS,n,2,299.89,8.3,D,0
52.16504,29.90685,326.11,0.39,0.44,2018-09-19,1111,N20,VIIRS,n,2,297.11,3.45,D,0
52.30225,30.62689,327.89,0.42,0.45,2018-09-19,1111,N20,VIIRS,n,2,295.12,1.76,D,0
52.41256,29.62435,345.91,0.38,0.43,2018-09-19,1111,N20,VIIRS,n,2,299.44,6.36,D,0
52.41656,29.6235,355.34,0.38,0.43,2018-09-19,1111,N20,VIIRS,n,2,295.51,9.23,D,0
52.55509,26.23415,329.99,0.45,0.39,2018-09-19,1112,N20,VIIRS,n,2,299.27,2.51,D,0
52.91251,31.16796,329.11,0.45,0.47,2018-09-19,1112,N20,VIIRS,n,2,295.06,2.59,D,0
52.84554,29.98822,330.91,0.4,0.44,2018-09-19,1112,N20,VIIRS,n,2,294.58,3.87,D,2
52.55712,26.23224,329.69,0.45,0.39,2018-09-19,1112,N20,VIIRS,l,2,301.42,2.56,D,0
52.63128,27.8156,328.95,0.5,0.41,2018-09-19,1112,N20,VIIRS,n,2,297.57,3.41,D,0
53.01931,28.46689,329.58,0.53,0.42,2018-09-19,1112,N20,VIIRS,n,2,295.59,3.82,D,0
52.61734,24.65144,328.78,0.41,0.37,2018-09-19,1112,N20,VIIRS,n,2,296.75,1.65,D,0
53.34272,32.35456,328.68,0.5,0.49,2018-09-19,1112,N20,VIIRS,n,2,294.53,1.61,D,0
52.90515,25.92527,339.2,0.44,0.39,2018-09-19,1112,N20,VIIRS,n,2,296.72,4.22,D,0
53.56324,30.10078,325.02,0.41,0.45,2018-09-19,1112,N20,VIIRS,n,2,289.1,1.77,D,0
53.95257,29.80727,340.08,0.41,0.45,2018-09-19,1112,N20,VIIRS,n,2,296.02,6.79,D,0
53.95207,29.80104,340.61,0.41,0.45,2018-09-19,1112,N20,VIIRS,n,2,291.85,6.79,D,0
54.13504,29.37585,332.72,0.39,0.44,2018-09-19,1112,N20,VIIRS,n,2,293.9,2.72,D,0
54.12572,24.93304,328.97,0.43,0.38,2018-09-19,1112,N20,VIIRS,n,2,298.62,2.42,D,0
55.53288,28.51548,304.63,0.33,0.55,2018-09-19,2322,N20,VIIRS,n,2,285.8,0.95,N,0
52.84832,29.98626,313.99,0.54,0.51,2018-09-19,2323,N20,VIIRS,n,2,286.82,1.86,N,2
53.39611,32.0104,303.75,0.46,0.47,2018-09-19,2323,N20,VIIRS,n,2,288.08,1.26,N,2
53.39499,32.01183,303.18,0.45,0.47,2018-09-19,2323,N20,VIIRS,n,2,288.1,1.34,N,2
53.27334,24.44065,303.24,0.47,0.64,2018-09-19,2323,N20,VIIRS,n,2,286.19,1.3,N,2
51.88985,29.33667,304.34,0.57,0.52,2018-09-19,2323,N20,VIIRS,n,2,285.2,1.16,N,2
51.89464,29.3374,301.44,0.57,0.52,2018-09-19,2323,N20,VIIRS,n,2,287.07,2.09,N,2
53.27047,24.44028,305.99,0.47,0.64,2018-09-19,2323,N20,VIIRS,n,2,286.09,0.85,N,2
52.84585,29.99096,337.28,0.59,0.53,2018-09-20,0103,N20,VIIRS,n,2,286.01,5.96,N,2
55.53059,28.51694,303.09,0.43,0.46,2018-09-20,0103,N20,VIIRS,n,2,284.42,1.27,N,0
51.89115,29.33964,307.52,0.6,0.53,2018-09-20,0104,N20,VIIRS,n,2,286.18,1.83,N,2
51.88771,29.33948,302.77,0.6,0.53,2018-09-20,0104,N20,VIIRS,n,2,285.17,0.75,N,2
53.27144,24.44465,304.53,0.54,0.42,2018-09-20,0104,N20,VIIRS,n,2,286.36,1.6,N,2
53.25835,24.45151,297.25,0.54,0.42,2018-09-20,0104,N20,VIIRS,n,2,286.39,0.43,N,2
53.26924,24.44083,296.71,0.54,0.42,2018-09-20,0104,N20,VIIRS,n,2,286.2,0.93,N,2
53.27291,24.44315,299.71,0.54,0.42,2018-09-20,0104,N20,VIIRS,n,2,285.91,0.46,N,2
52.4876,28.19606,306.19,0.52,0.5,2018-09-20,0104,N20,VIIRS,n,2,284.26,1.86,N,0
52.48569,28.20312,325.85,0.52,0.5,2018-09-20,0104,N20,VIIRS,n,2,285.62,3.29,N,0
51.8922,29.34276,298.88,0.6,0.53,2018-09-20,0104,N20,VIIRS,n,2,286.03,0.75,N,2
51.89259,29.3429,325.17,0.68,0.74,2018-09-20,0913,N20,VIIRS,n,2,293.26,4.6,D,2
55.80445,30.14116,325.77,0.44,0.63,2018-09-20,0913,N20,VIIRS,n,2,292.73,3.11,D,0
55.80309,30.14294,327.97,0.44,0.63,2018-09-20,0913,N20,VIIRS,n,2,293.07,2.94,D,0
52.84613,29.99129,329.52,0.59,0.7,2018-09-20,0913,N20,VIIRS,n,2,293.77,5.18,D,2
53.21181,32.11752,333.89,0.48,0.65,2018-09-20,0913,N20,VIIRS,n,2,290.69,3.35,D,0
52.14421,28.98282,342.32,0.4,0.37,2018-09-20,1052,N20,VIIRS,n,2,306.09,13.48,D,0
52.10434,30.43631,328.96,0.43,0.38,2018-09-20,1052,N20,VIIRS,n,2,298.46,3.17,D,0
51.99394,30.75205,331.79,0.44,0.38,2018-09-20,1052,N20,VIIRS,n,2,297.59,2.15,D,0
54.33951,30.37046,326.61,0.45,0.39,2018-09-20,1053,N20,VIIRS,n,2,294.91,2.43,D,0
54.17308,26.30098,325.99,0.39,0.36,2018-09-20,1053,N20,VIIRS,n,2,296.66,1.2,D,0
53.34514,28.11988,330.51,0.4,0.37,2018-09-20,1053,N20,VIIRS,n,2,296.41,2.79,D,0
52.84699,29.99107,333.58,0.43,0.38,2018-09-20,1053,N20,VIIRS,n,2,300.5,4.23,D,2
53.75298,31.66174,330.99,0.48,0.4,2018-09-20,1053,N20,VIIRS,n,2,297.42,2.69,D,0
54.18284,27.42878,334.05,0.39,0.36,2018-09-20,1053,N20,VIIRS,n,2,296.57,4.47,D,0
52.06236,26.62336,331.26,0.38,0.36,2018-09-20,1053,N20,VIIRS,n,2,301.21,4.06,D,0
53.38041,27.44436,330.75,0.39,0.36,2018-09-20,1053,N20,VIIRS,n,2,297.28,1.77,D,0
52.58981,29.79575,331.02,0.42,0.38,2018-09-20,1053,N20,VIIRS,n,2,296.28,7.22,D,0
55.5315,28.51242,313.83,0.51,0.66,2018-09-20,2303,N20,VIIRS,n,2,284.08,1.83,N,0
52.84509,29.98549,300.62,0.43,0.62,2018-09-20,2304,N20,VIIRS,n,2,284.84,0.65,N,0
53.27453,24.43371,299.02,0.74,0.76,2018-09-20,2304,N20,VIIRS,n,2,285.41,0.82,N,0
53.39723,32.00893,302.92,0.36,0.57,2018-09-20,2304,N20,VIIRS,n,2,286.61,0.95,N,2
51.89372,29.33622,307.76,0.46,0.63,2018-09-20,2304,N20,VIIRS,n,2,286.57,1.55,N,2
52.85085,29.98578,316.83,0.43,0.62,2018-09-20,2304,N20,VIIRS,n,2,285.87,2.34,N,2
55.53212,28.5182,312.06,0.46,0.39,2018-09-21,0044,N20,VIIRS,n,2,284.42,1.4,N,0
55.50553,28.58821,295.2,0.47,0.39,2018-09-21,0044,N20,VIIRS,n,2,283.44,0.47,N,2
51.88913,29.33706,305.66,0.4,0.44,2018-09-21,0045,N20,VIIRS,n,2,284.95,0.74,N,2
53.2709,24.44187,313.66,0.41,0.37,2018-09-21,0045,N20,VIIRS,n,2,288.34,1.57,N,2
52.8496,29.99075,300.21,0.4,0.44,2018-09-21,0045,N20,VIIRS,n,2,285.8,2.39,N,2
53.26193,24.44898,301.11,0.41,0.37,2018-09-21,0045,N20,VIIRS,n,2,288.33,0.71,N,2
54.18933,28.52409,298.37,0.49,0.41,2018-09-21,0045,N20,VIIRS,n,2,283.85,0.65,N,0
51.88973,29.33693,301.93,0.4,0.44,2018-09-21,0045,N20,VIIRS,n,2,284.75,0.67,N,2
51.89295,29.3394,303.19,0.4,0.44,2018-09-21,0045,N20,VIIRS,n,2,286.17,0.74,N,2
52.8458,29.98828,341,0.4,0.44,2018-09-21,0045,N20,VIIRS,n,2,286.72,2.39,N,2
51.89355,29.33927,303.95,0.4,0.44,2018-09-21,0045,N20,VIIRS,n,2,286.43,0.67,N,2
52.8476,29.99078,333.04,0.39,0.36,2018-09-21,1034,N20,VIIRS,n,2,301.9,1.94,D,2
52.84436,29.99221,326.64,0.39,0.36,2018-09-21,1034,N20,VIIRS,l,2,299.75,1.94,D,2
52.84423,31.01561,329.21,0.38,0.36,2018-09-21,1034,N20,VIIRS,n,2,296.2,1.51,D,0
52.35517,30.62008,345.08,0.38,0.36,2018-09-21,1034,N20,VIIRS,n,2,303.17,6.82,D,0
51.89101,29.34098,329.01,0.4,0.37,2018-09-21,1034,N20,VIIRS,l,2,301.94,2.21,D,2
52.30515,30.3519,343.6,0.39,0.36,2018-09-21,1034,N20,VIIRS,n,2,299.96,5.16,D,0
53.395,29.38494,339.71,0.39,0.36,2018-09-21,1034,N20,VIIRS,n,2,298.36,4.25,D,0
53.83179,27.85853,350.06,0.4,0.37,2018-09-21,1034,N20,VIIRS,n,2,296.94,15.76,D,0
52.77429,26.08613,325.33,0.45,0.39,2018-09-21,1034,N20,VIIRS,n,2,295.35,2.41,D,0
52.99204,27.20827,325.88,0.42,0.38,2018-09-21,1034,N20,VIIRS,l,2,299.52,2.77,D,0
52.82634,27.59685,333.17,0.41,0.37,2018-09-21,1034,N20,VIIRS,n,2,301.19,2.84,D,0
53.29701,31.37188,325.76,0.39,0.36,2018-09-21,1034,N20,VIIRS,l,2,297.44,3.51,D,0
53.22857,31.35206,332.82,0.39,0.36,2018-09-21,1034,N20,VIIRS,n,2,299.02,2.63,D,0
52.8245,29.5547,329.11,0.39,0.36,2018-09-21,1034,N20,VIIRS,n,2,297.3,1.3,D,0
54.03657,27.59464,333.69,0.4,0.37,2018-09-21,1034,N20,VIIRS,n,2,296.45,4.32,D,0
54.68022,30.86878,325.52,0.39,0.36,2018-09-21,1034,N20,VIIRS,n,2,297.87,1.72,D,0
55.14009,30.16833,346.53,0.38,0.36,2018-09-21,1034,N20,VIIRS,n,2,296.67,9.08,D,0
54.0218,31.11447,330.58,0.39,0.36,2018-09-21,1034,N20,VIIRS,n,2,295.45,2.35,D,0
55.66545,29.27274,325.76,0.38,0.36,2018-09-21,1035,N20,VIIRS,n,2,296.16,1.42,D,0
55.52969,28.51092,297.49,0.78,0.78,2018-09-21,2244,N20,VIIRS,n,2,284.87,1.04,N,0
55.53055,28.50685,299.64,0.78,0.78,2018-09-21,2244,N20,VIIRS,n,2,284.67,0.9,N,0
52.85066,29.98981,299.57,0.68,0.74,2018-09-21,2245,N20,VIIRS,n,2,285.54,2.6,N,2
51.89397,29.32735,305.95,0.73,0.76,2018-09-21,2245,N20,VIIRS,n,2,286.31,2.11,N,0
55.50517,28.58709,297.82,0.39,0.36,2018-09-22,0025,N20,VIIRS,n,2,286.17,0.39,N,2
55.53105,28.5165,307.55,0.39,0.36,2018-09-22,0025,N20,VIIRS,n,2,286.17,0.57,N,0
55.81232,28.22406,303.02,0.38,0.36,2018-09-22,0025,N20,VIIRS,n,2,286,0.48,N,0
54.40349,25.6756,296.48,0.39,0.36,2018-09-22,0026,N20,VIIRS,n,2,285.12,0.16,N,0
53.39521,32.01067,302.54,0.47,0.4,2018-09-22,0026,N20,VIIRS,n,2,287.74,1.08,N,2
51.89009,29.33595,305.42,0.43,0.38,2018-09-22,0026,N20,VIIRS,n,2,285.84,1.15,N,2
51.89229,29.34357,296.79,0.43,0.38,2018-09-22,0026,N20,VIIRS,n,2,286.19,0.69,N,2
53.27229,24.44154,306.52,0.39,0.36,2018-09-22,0026,N20,VIIRS,n,2,284,1.08,N,2
52.84726,29.99406,303.58,0.43,0.38,2018-09-22,0026,N20,VIIRS,n,2,285.6,2.75,N,2
52.84845,29.98795,327.28,0.43,0.38,2018-09-22,0026,N20,VIIRS,n,2,286.79,2.75,N,2
53.82475,28.25568,329.51,0.39,0.36,2018-09-22,0026,N20,VIIRS,n,2,288.77,7.9,N,0
55.53006,28.51492,298.54,0.73,0.76,2018-09-22,0205,N20,VIIRS,n,2,283.35,1.36,N,0
54.58365,30.77557,344.88,0.42,0.38,2018-09-22,1015,N20,VIIRS,n,2,288.49,61.42,D,0
54.57913,30.77116,351.24,0.42,0.38,2018-09-22,1015,N20,VIIRS,n,2,289.21,25.09,D,0
53.41756,32.45884,333.67,0.41,0.37,2018-09-22,1015,N20,VIIRS,n,2,298.94,3.41,D,0
52.93959,30.93763,330.44,0.44,0.39,2018-09-22,1015,N20,VIIRS,n,2,296.38,3.85,D,0
53.11175,32.08917,335.45,0.42,0.37,2018-09-22,1015,N20,VIIRS,n,2,296.93,2.74,D,0
52.28417,30.02024,327.08,0.48,0.4,2018-09-22,1015,N20,VIIRS,l,2,297.18,2.15,D,0
52.30612,30.35146,326.17,0.47,0.4,2018-09-22,1015,N20,VIIRS,n,2,297.07,3.42,D,0
51.81459,30.43764,326.75,0.48,0.4,2018-09-22,1015,N20,VIIRS,l,2,298.55,3.14,D,0
54.58697,30.77367,337.72,0.42,0.38,2018-09-22,1015,N20,VIIRS,n,2,304.1,61.42,D,0
54.59029,30.77178,337.54,0.42,0.38,2018-09-22,1015,N20,VIIRS,n,2,282.6,4.95,D,0
54.58125,30.76292,326.31,0.42,0.38,2018-09-22,1015,N20,VIIRS,n,2,280.13,177.06,D,0
51.81366,30.44812,356.52,0.61,0.71,2018-09-22,1156,N20,VIIRS,l,2,289.29,11.88,D,0
51.81379,30.43911,348.82,0.6,0.71,2018-09-22,1156,N20,VIIRS,n,2,291.03,11.88,D,0
53.27249,24.44097,303.58,0.5,0.41,2018-09-23,0007,N20,VIIRS,n,2,280.25,1.04,N,2
51.81401,30.43992,313.75,0.38,0.36,2018-09-23,0007,N20,VIIRS,n,2,279.78,1.36,N,0
52.86367,28.51275,337.43,0.52,0.5,2018-09-23,0956,N20,VIIRS,n,2,283.25,5.33,D,0
52.38368,30.75136,333.32,0.44,0.46,2018-09-23,0956,N20,VIIRS,n,2,281.32,2.1,D,0
52.2537,30.01769,332.07,0.47,0.48,2018-09-23,0956,N20,VIIRS,n,2,279.65,4.76,D,0
52.84478,29.99154,328.92,0.46,0.47,2018-09-23,0956,N20,VIIRS,n,2,288.57,3.93,D,2
52.86434,28.51248,332.26,0.52,0.5,2018-09-23,0956,N20,VIIRS,n,2,282.78,3.27,D,0
53.58401,30.3372,337.59,0.42,0.45,2018-09-23,0956,N20,VIIRS,n,2,285.25,3.08,D,0
53.58616,30.33428,326.16,0.38,0.59,2018-09-23,1137,N20,VIIRS,n,2,284.6,2.16,D,0
54.07179,25.53773,327.08,0.49,0.49,2018-09-23,1137,N20,VIIRS,n,2,285.94,4,D,0
52.84437,29.99283,329.42,0.37,0.58,2018-09-23,1137,N20,VIIRS,n,2,287.94,2.11,D,2
52.16338,25.676,327.1,0.47,0.4,2018-09-24,1118,N20,VIIRS,n,2,282.67,3.45,D,0
53.16022,24.61303,332.65,0.45,0.39,2018-09-24,1118,N20,VIIRS,n,2,284.62,8.34,D,0
53.2713,24.43894,306.35,0.4,0.6,2018-09-24,2329,N20,VIIRS,n,2,276.83,1.18,N,2
53.27274,24.44339,300.48,0.41,0.45,2018-09-25,0110,N20,VIIRS,n,2,276.39,0.82,N,2
53.36874,27.07187,331.79,0.4,0.37,2018-09-25,1059,N20,VIIRS,n,2,283.09,2.64,D,0
53.61322,28.60871,328.14,0.44,0.38,2018-09-25,1059,N20,VIIRS,n,2,281.44,3.31,D,0
52.00895,25.65611,331.4,0.39,0.36,2018-09-25,1059,N20,VIIRS,n,2,280.68,2.25,D,0
52.26313,27.01519,329.5,0.4,0.37,2018-09-25,1059,N20,VIIRS,n,2,282.13,3.77,D,0
52.26235,27.00943,333.01,0.4,0.37,2018-09-25,1059,N20,VIIRS,n,2,281.63,4.65,D,0
52.06772,25.33894,326.62,0.38,0.36,2018-09-25,1059,N20,VIIRS,n,2,282.88,1.44,D,0
53.08171,27.95737,341.97,0.42,0.38,2018-09-25,1059,N20,VIIRS,n,2,283.8,9.7,D,0
53.16737,27.6891,344.26,0.41,0.37,2018-09-25,1059,N20,VIIRS,n,2,283.41,8.17,D,0
52.88271,25.57989,325.53,0.39,0.36,2018-09-25,1059,N20,VIIRS,n,2,282.35,2.51,D,0
52.32029,28.2371,332.92,0.42,0.37,2018-09-25,1059,N20,VIIRS,n,2,287.89,7.69,D,0
51.97071,25.91043,340.77,0.39,0.36,2018-09-25,1059,N20,VIIRS,n,2,285.63,6.49,D,0
52.29303,28.69556,331.16,0.43,0.38,2018-09-25,1059,N20,VIIRS,n,2,285.35,3.39,D,0
52.34253,29.61501,335.38,0.45,0.39,2018-09-25,1059,N20,VIIRS,n,2,285.57,8.06,D,0
52.05862,26.01738,330.41,0.39,0.36,2018-09-25,1059,N20,VIIRS,n,2,277.02,3.01,D,0
51.68131,28.14789,346.29,0.41,0.37,2018-09-25,1059,N20,VIIRS,n,2,276.98,5.82,D,0
52.32265,30.66456,326.06,0.48,0.4,2018-09-25,1059,N20,VIIRS,n,2,279.95,3.08,D,0
51.84521,28.16965,328.27,0.41,0.37,2018-09-25,1059,N20,VIIRS,n,2,279.14,3.09,D,0
52.06781,30.37033,328.21,0.47,0.4,2018-09-25,1059,N20,VIIRS,n,2,284.81,2.56,D,0
51.67309,27.94884,342.89,0.41,0.37,2018-09-25,1059,N20,VIIRS,n,2,283.49,5.65,D,0
52.06855,30.37719,335.49,0.47,0.4,2018-09-25,1059,N20,VIIRS,n,2,283.6,4.84,D,0
51.76872,28.14675,327.84,0.41,0.37,2018-09-25,1059,N20,VIIRS,n,2,284.98,3.95,D,0
53.27447,24.43941,296.01,0.63,0.72,2018-09-25,2310,N20,VIIRS,n,2,274.6,0.98,N,2
52.84621,29.98973,331.59,0.45,0.47,2018-09-26,0051,N20,VIIRS,n,2,276.49,3.61,N,2
52.84733,29.99219,330.67,0.45,0.47,2018-09-26,0051,N20,VIIRS,n,2,276.78,2.24,N,2
53.26905,24.44402,302.09,0.44,0.38,2018-09-26,0051,N20,VIIRS,n,2,276.05,0.83,N,2
53.31234,28.80441,326.5,0.79,0.78,2018-09-26,0901,N20,VIIRS,n,2,278.04,3.8,D,0
52.84507,29.98855,328.64,0.39,0.36,2018-09-26,1040,N20,VIIRS,n,2,284.28,4.12,D,2
52.0087,30.85525,328.07,0.39,0.36,2018-09-26,1040,N20,VIIRS,n,2,286.98,3.45,D,0
52.00951,30.86081,338.06,0.39,0.36,2018-09-26,1040,N20,VIIRS,n,2,286.1,3.45,D,0
51.97775,30.83182,338.74,0.39,0.36,2018-09-26,1040,N20,VIIRS,n,2,290.42,3.23,D,0
51.71743,29.17201,334.08,0.39,0.36,2018-09-26,1040,N20,VIIRS,n,2,286.97,5.83,D,0
51.81347,30.36662,343.28,0.38,0.36,2018-09-26,1040,N20,VIIRS,n,2,291.9,9.13,D,0
51.7973,30.53546,332.28,0.39,0.36,2018-09-26,1040,N20,VIIRS,n,2,288.41,4.4,D,0
51.71045,30.27515,329.44,0.38,0.36,2018-09-26,1040,N20,VIIRS,n,2,288.64,7.04,D,0
51.7121,30.28608,331.28,0.38,0.36,2018-09-26,1040,N20,VIIRS,n,2,290.3,3.8,D,0
51.93262,30.01929,329.87,0.38,0.36,2018-09-26,1040,N20,VIIRS,n,2,287.34,3.39,D,0
52.09309,30.61026,329.38,0.39,0.36,2018-09-26,1040,N20,VIIRS,n,2,289.22,4.42,D,0
51.71905,28.13364,343.48,0.39,0.36,2018-09-26,1040,N20,VIIRS,n,2,276.21,5.95,D,0
52.14302,30.20692,343.9,0.38,0.36,2018-09-26,1040,N20,VIIRS,n,2,289.09,5.35,D,0
51.83842,28.18519,343,0.39,0.36,2018-09-26,1040,N20,VIIRS,n,2,286.96,9.81,D,0
52.22897,30.60158,328.31,0.39,0.36,2018-09-26,1040,N20,VIIRS,n,2,288.61,2.3,D,0
51.99174,28.86258,335.06,0.39,0.36,2018-09-26,1040,N20,VIIRS,n,2,286.04,2.79,D,0
52.39318,31.05231,326.01,0.39,0.36,2018-09-26,1040,N20,VIIRS,n,2,287.4,1.33,D,0
52.38464,30.61424,329.39,0.39,0.36,2018-09-26,1040,N20,VIIRS,n,2,287.28,2.17,D,0
52.38955,30.50594,330.02,0.39,0.36,2018-09-26,1040,N20,VIIRS,n,2,286.28,2.03,D,0
52.36414,30.33298,329.93,0.39,0.36,2018-09-26,1040,N20,VIIRS,n,2,286.94,4.08,D,0
52.56087,29.83492,331.14,0.38,0.36,2018-09-26,1040,N20,VIIRS,n,2,285.01,1.7,D,0
52.40793,28.59781,326.47,0.39,0.36,2018-09-26,1040,N20,VIIRS,n,2,285.84,1.7,D,0
51.92082,25.68703,331.74,0.43,0.38,2018-09-26,1040,N20,VIIRS,n,2,284.77,2.82,D,0
52.64025,29.65452,330.38,0.38,0.36,2018-09-26,1040,N20,VIIRS,n,2,287.61,2.76,D,0
52.64375,29.65681,330.96,0.38,0.36,2018-09-26,1040,N20,VIIRS,n,2,285.36,2.18,D,0
52.73198,30.08337,333.47,0.39,0.36,2018-09-26,1040,N20,VIIRS,n,2,286.38,2.59,D,0
52.93162,31.16394,329.21,0.39,0.36,2018-09-26,1040,N20,VIIRS,n,2,286.97,2.82,D,0
52.56726,28.6214,328.14,0.39,0.36,2018-09-26,1040,N20,VIIRS,n,2,285.98,2.24,D,0
52.18579,26.3497,328.65,0.42,0.37,2018-09-26,1040,N20,VIIRS,n,2,286.22,2.12,D,0
52.20508,26.37766,336.15,0.41,0.37,2018-09-26,1040,N20,VIIRS,n,2,285.65,3.07,D,0
52.01278,30.85957,342.03,0.39,0.36,2018-09-26,1040,N20,VIIRS,n,2,286.4,14.73,D,0
52.87559,29.89284,331.37,0.38,0.36,2018-09-26,1040,N20,VIIRS,n,2,276.27,2.19,D,0
52.37331,26.80916,327.91,0.41,0.37,2018-09-26,1040,N20,VIIRS,n,2,286.3,1.74,D,0
53.00813,30.44773,339,0.39,0.36,2018-09-26,1040,N20,VIIRS,n,2,282.81,4.88,D,0
52.67794,28.13742,335.01,0.39,0.36,2018-09-26,1040,N20,VIIRS,n,2,286.2,4.97,D,0
52.90119,29.42726,340.23,0.38,0.36,2018-09-26,1040,N20,VIIRS,n,2,285.91,3.85,D,0
52.80793,28.78723,335.36,0.38,0.36,2018-09-26,1040,N20,VIIRS,n,2,285.25,3.51,D,0
52.86926,28.60946,327.55,0.39,0.36,2018-09-26,1040,N20,VIIRS,n,2,282.29,2.28,D,0
52.86836,28.60386,328.54,0.39,0.36,2018-09-26,1040,N20,VIIRS,n,2,283.45,2.44,D,0
52.45771,25.81922,340.17,0.42,0.38,2018-09-26,1040,N20,VIIRS,n,2,281.27,7.6,D,0
52.90887,28.17375,329.14,0.39,0.36,2018-09-26,1040,N20,VIIRS,n,2,286.15,4.45,D,0
52.89413,27.89569,326.75,0.39,0.36,2018-09-26,1040,N20,VIIRS,n,2,284.97,1.46,D,0
52.73597,26.52552,343.16,0.41,0.37,2018-09-26,1040,N20,VIIRS,n,2,284.31,5.86,D,0
53.31984,29.90031,327.81,0.39,0.36,2018-09-26,1040,N20,VIIRS,n,2,284.02,1.51,D,0
53.44503,30.48464,336.25,0.39,0.36,2018-09-26,1040,N20,VIIRS,n,2,280.13,3.02,D,0
53.4483,30.48334,329.8,0.39,0.36,2018-09-26,1040,N20,VIIRS,n,2,280.41,3.02,D,0
53.34461,29.65275,329.55,0.38,0.36,2018-09-26,1040,N20,VIIRS,n,2,286.26,5.23,D,0
53.50398,30.58357,344.15,0.39,0.36,2018-09-26,1040,N20,VIIRS,n,2,280.05,7.26,D,0
52.77292,25.93916,336.85,0.42,0.37,2018-09-26,1040,N20,VIIRS,n,2,278.68,6.13,D,0
53.50897,30.11626,328.66,0.39,0.36,2018-09-26,1040,N20,VIIRS,n,2,282.82,2.56,D,0
53.31322,28.79703,327.72,0.38,0.36,2018-09-26,1040,N20,VIIRS,n,2,285.7,1.82,D,0
53.73895,31.241,327.72,0.4,0.37,2018-09-26,1040,N20,VIIRS,n,2,283.26,1.71,D,0
52.93443,25.32195,329.91,0.43,0.38,2018-09-26,1040,N20,VIIRS,n,2,272.08,2.55,D,0
53.77053,30.09653,325.42,0.39,0.36,2018-09-26,1040,N20,VIIRS,n,2,282.5,1.06,D,0
53.37291,27.0813,325.02,0.39,0.37,2018-09-26,1040,N20,VIIRS,n,2,272.61,1.46,D,0
53.17824,25.5802,333.94,0.42,0.38,2018-09-26,1040,N20,VIIRS,n,2,272.11,7.73,D,0
54.2299,30.16715,328.22,0.39,0.36,2018-09-26,1040,N20,VIIRS,n,2,282.49,6.84,D,0
54.33773,30.60354,328.33,0.39,0.37,2018-09-26,1040,N20,VIIRS,n,2,283.44,2.61,D,0
51.75134,29.01772,329.21,0.39,0.36,2018-09-26,1040,N20,VIIRS,n,2,287.42,2.07,D,0
51.90533,30.0202,342.08,0.38,0.36,2018-09-26,1040,N20,VIIRS,n,2,288.55,7.34,D,0
51.7583,28.45088,329.47,0.49,0.41,2018-09-27,1021,N20,VIIRS,n,2,285.24,3.48,D,0
53.44748,30.48117,342.79,0.41,0.37,2018-09-27,1021,N20,VIIRS,n,2,282.74,11.4,D,0
53.21621,29.34353,337.24,0.44,0.38,2018-09-27,1021,N20,VIIRS,n,2,283.9,7.65,D,0
52.48473,27.86311,334.46,0.5,0.41,2018-09-27,1021,N20,VIIRS,n,2,281.96,4.12,D,0
52.11834,28.25061,330.93,0.49,0.4,2018-09-27,1021,N20,VIIRS,n,2,282.63,2.5,D,0
51.83792,28.18301,335.7,0.5,0.41,2018-09-27,1021,N20,VIIRS,n,2,287.05,11.44,D,0
53.39396,32.01572,304.54,0.4,0.37,2018-09-28,0013,N20,VIIRS,n,2,281.86,1.33,N,2
53.27263,24.43981,307.29,0.45,0.39,2018-09-28,0014,N20,VIIRS,n,2,282.95,0.84,N,2
51.89339,29.34025,295.5,0.39,0.36,2018-09-28,0014,N20,VIIRS,n,2,281.46,0.47,N,2
51.95033,29.99679,297.27,0.39,0.36,2018-09-28,0014,N20,VIIRS,n,2,280.35,0.74,N,0
53.27175,24.44304,298.32,0.52,0.67,2018-09-28,0154,N20,VIIRS,n,2,281.17,0.67,N,2
51.66014,30.34209,341.64,0.42,0.45,2018-09-28,1002,N20,VIIRS,n,2,288.91,8.5,D,0
52.07349,29.32754,330.73,0.44,0.46,2018-09-28,1002,N20,VIIRS,n,2,286.69,2.81,D,0
52.12843,30.77474,331.37,0.39,0.44,2018-09-28,1002,N20,VIIRS,n,2,286.68,2.89,D,0
52.07664,29.32354,326.79,0.44,0.46,2018-09-28,1002,N20,VIIRS,n,2,283.12,3,D,0
52.07749,29.32497,326.01,0.44,0.46,2018-09-28,1002,N20,VIIRS,n,2,283.22,2.81,D,0
52.10187,30.90953,335.81,0.39,0.44,2018-09-28,1002,N20,VIIRS,n,2,282.94,3.07,D,0
51.42275,29.48513,326.45,0.46,0.47,2018-09-28,1002,N20,VIIRS,n,2,286.17,1.43,D,0
52.62658,30.12432,326.57,0.43,0.62,2018-09-28,1143,N20,VIIRS,n,2,281.26,3.45,D,0
51.70699,29.18178,325.33,0.39,0.59,2018-09-28,1143,N20,VIIRS,n,2,280.25,1.98,D,0
53.73782,27.4561,301.21,0.44,0.62,2018-09-29,0135,N20,VIIRS,n,2,274.39,1.16,N,0
53.27292,24.44283,309.04,0.35,0.57,2018-09-29,0135,N20,VIIRS,n,2,277.4,0.93,N,2
53.13379,27.84988,350.5,0.35,0.57,2018-09-29,0944,N20,VIIRS,n,2,276.39,5.6,D,0
53.13391,27.84708,355.15,0.35,0.57,2018-09-29,0944,N20,VIIRS,n,2,278.59,5.46,D,0
52.84649,29.9929,325.56,0.6,0.53,2018-09-29,0944,N20,VIIRS,n,2,284.91,4.58,D,2
52.67955,29.7473,327.61,0.62,0.54,2018-09-29,0944,N20,VIIRS,n,2,277.87,4.64,D,0
52.23844,26.85947,327.61,0.41,0.61,2018-09-29,0944,N20,VIIRS,n,2,282.39,1.92,D,0
52.23792,26.85995,326.3,0.41,0.61,2018-09-29,0944,N20,VIIRS,n,2,281.86,2.22,D,0
52.84735,29.98743,328.02,0.54,0.51,2018-09-29,1124,N20,VIIRS,n,2,285.28,4.72,D,2
53.13197,27.8492,337.01,0.44,0.46,2018-09-29,1124,N20,VIIRS,n,2,283.3,5.75,D,0
54.27841,29.1877,336.69,0.51,0.5,2018-09-29,1125,N20,VIIRS,n,2,281.43,5.72,D,0
52.84789,29.98932,336.65,0.4,0.45,2018-09-29,2336,N20,VIIRS,n,2,276.56,4.22,N,2
53.27419,24.44098,309.85,0.34,0.56,2018-09-29,2336,N20,VIIRS,n,2,275.11,0.93,N,2
53.26997,24.44317,304.17,0.47,0.48,2018-09-30,0116,N20,VIIRS,n,2,275.78,1.12,N,2
52.84839,29.99183,335.84,0.45,0.63,2018-09-30,0925,N20,VIIRS,n,2,283.78,4.18,D,2
53.31274,32.25637,333.86,0.36,0.57,2018-09-30,0925,N20,VIIRS,n,2,280.72,2.31,D,0
52.45004,27.41765,331.69,0.44,0.38,2018-09-30,1105,N20,VIIRS,n,2,287.33,3.08,D,0
52.62908,25.31413,332.21,0.4,0.37,2018-09-30,1105,N20,VIIRS,n,2,284.18,2.64,D,0
52.84464,29.99237,342.7,0.53,0.42,2018-09-30,1105,N20,VIIRS,n,2,287.96,11.67,D,2
51.91827,30.58904,328.5,0.54,0.42,2018-09-30,1105,N20,VIIRS,n,2,287.48,4.99,D,0
51.72978,30.56388,339.22,0.54,0.42,2018-09-30,1105,N20,VIIRS,n,2,287.14,14.74,D,0
51.46487,30.5004,342.72,0.53,0.42,2018-09-30,1105,N20,VIIRS,n,2,289.07,11.71,D,0
52.35109,28.40629,325.42,0.46,0.39,2018-09-30,1105,N20,VIIRS,n,2,285.79,2.14,D,0
52.05482,30.02056,330.63,0.52,0.41,2018-09-30,1105,N20,VIIRS,n,2,286.84,2.53,D,0
52.84552,29.98702,316.86,0.63,0.54,2018-09-30,2317,N20,VIIRS,n,2,273.65,3.41,N,2
53.27377,24.43646,301.22,0.55,0.68,2018-09-30,2317,N20,VIIRS,n,2,275.24,1.19,N,2
52.85056,29.98764,308.9,0.63,0.54,2018-09-30,2317,N20,VIIRS,n,2,274.75,2.43,N,2
52.84692,29.98841,303.96,0.52,0.5,2018-10-01,0057,N20,VIIRS,n,2,274.56,1.39,N,2
53.27257,24.44044,307.71,0.48,0.4,2018-10-01,0058,N20,VIIRS,n,2,277.15,0.83,N,2
52.90947,31.17183,336.44,0.6,0.71,2018-10-01,0906,N20,VIIRS,n,2,284.59,4.75,D,0
51.62184,29.29093,326.36,0.79,0.78,2018-10-01,0906,N20,VIIRS,n,2,283.41,4.18,D,0
53.55725,27.05349,344.31,0.78,0.78,2018-10-01,0907,N20,VIIRS,n,2,282.35,6.91,D,0
52.8466,29.99133,330.11,0.4,0.37,2018-10-01,1046,N20,VIIRS,n,2,291.04,3.05,D,2
53.12418,30.90485,329.39,0.41,0.37,2018-10-01,1046,N20,VIIRS,n,2,287.17,3.12,D,0
52.82869,28.64476,344.04,0.39,0.36,2018-10-01,1046,N20,VIIRS,n,2,287.58,4.57,D,0
53.51641,30.15829,327.77,0.4,0.37,2018-10-01,1046,N20,VIIRS,n,2,286.05,2.33,D,0
53.50756,30.11733,328.15,0.4,0.37,2018-10-01,1046,N20,VIIRS,n,2,287.06,2.43,D,0
53.23176,28.30931,328.7,0.39,0.36,2018-10-01,1046,N20,VIIRS,n,2,290.54,6.46,D,0
53.27841,29.35407,325.72,0.39,0.36,2018-10-01,1046,N20,VIIRS,n,2,288.41,2.85,D,0
52.44825,24.63058,337.09,0.41,0.37,2018-10-01,1046,N20,VIIRS,n,2,293.14,6.42,D,0
52.9744,28.03571,327.59,0.38,0.36,2018-10-01,1046,N20,VIIRS,n,2,287.53,1.9,D,0
52.98283,28.78817,327.42,0.39,0.36,2018-10-01,1046,N20,VIIRS,n,2,291.5,2.9,D,0
52.30735,24.86283,329.31,0.41,0.37,2018-10-01,1046,N20,VIIRS,n,2,286.7,4.64,D,0
52.85582,28.50546,326.81,0.39,0.36,2018-10-01,1046,N20,VIIRS,n,2,286.79,3.65,D,0
53.29035,31.97297,338.74,0.44,0.38,2018-10-01,1046,N20,VIIRS,n,2,289.37,5.61,D,0
52.16014,30.01674,340.63,0.39,0.37,2018-10-01,1046,N20,VIIRS,n,2,287.3,3.17,D,0
52.21147,29.68768,325.01,0.39,0.36,2018-10-01,1046,N20,VIIRS,n,2,292.81,3.71,D,0
52.37974,30.47517,326.61,0.4,0.37,2018-10-01,1046,N20,VIIRS,n,2,287.36,2.27,D,0
52.49013,31.27676,337.66,0.42,0.37,2018-10-01,1046,N20,VIIRS,n,2,292.14,14.5,D,0
52.49353,31.27564,331.51,0.42,0.37,2018-10-01,1046,N20,VIIRS,n,2,291.99,14.5,D,0
52.49662,30.27277,332.56,0.4,0.37,2018-10-01,1046,N20,VIIRS,n,2,287.79,2.5,D,0
52.48274,29.82677,327.02,0.39,0.37,2018-10-01,1046,N20,VIIRS,n,2,286.43,2.66,D,0
52.71266,30.79191,332.65,0.41,0.37,2018-10-01,1046,N20,VIIRS,n,2,288.91,2.75,D,0
52.49836,28.63912,332.51,0.39,0.36,2018-10-01,1046,N20,VIIRS,n,2,287.67,3.52,D,0
52.91196,31.17268,329.97,0.42,0.37,2018-10-01,1046,N20,VIIRS,n,2,287.01,3.8,D,0
52.91173,30.6189,326.48,0.41,0.37,2018-10-01,1046,N20,VIIRS,n,2,286.42,2.33,D,0
52.89626,29.42922,325.44,0.39,0.36,2018-10-01,1046,N20,VIIRS,n,2,288.65,2.08,D,0
51.57212,30.38124,330.13,0.4,0.37,2018-10-01,1046,N20,VIIRS,n,2,292.64,5.29,D,0
51.60632,30.42853,337.89,0.4,0.37,2018-10-01,1046,N20,VIIRS,n,2,290.34,2.96,D,0
51.70373,30.3928,334.37,0.4,0.37,2018-10-01,1046,N20,VIIRS,n,2,291.15,3.93,D,0
51.70628,30.38596,329.79,0.4,0.37,2018-10-01,1046,N20,VIIRS,n,2,291.81,2.15,D,0
51.93126,30.72452,332.37,0.4,0.37,2018-10-01,1046,N20,VIIRS,n,2,288.98,2.41,D,0
51.60537,28.34448,328.36,0.38,0.36,2018-10-01,1046,N20,VIIRS,n,2,288.77,7.67,D,0
51.74833,29.06435,329.09,0.39,0.36,2018-10-01,1046,N20,VIIRS,n,2,286.96,3.48,D,0
51.65017,28.36712,334.52,0.38,0.36,2018-10-01,1046,N20,VIIRS,n,2,289.14,2.69,D,0
52.06471,29.94005,326.27,0.39,0.36,2018-10-01,1046,N20,VIIRS,n,2,287.73,2.89,D,0
53.19954,25.7445,328.71,0.39,0.36,2018-10-01,1047,N20,VIIRS,n,2,286.33,2.8,D,0
54.1966,30.33599,329.69,0.41,0.37,2018-10-01,1047,N20,VIIRS,n,2,286.96,3.2,D,0
54.17181,30.27957,327.74,0.41,0.37,2018-10-01,1047,N20,VIIRS,n,2,285.33,2.59,D,0
53.18441,24.12556,334.51,0.42,0.37,2018-10-01,1047,N20,VIIRS,n,2,286.26,3.28,D,0
53.36584,25.33759,330.78,0.4,0.37,2018-10-01,1047,N20,VIIRS,n,2,285.56,3.48,D,0
53.39422,32.00863,297.55,0.42,0.61,2018-10-01,2258,N20,VIIRS,n,2,278.25,0.86,N,2
51.88573,26.54886,343.25,0.5,0.41,2018-10-02,1027,N20,VIIRS,n,2,287.72,16.67,D,0
51.97743,28.65129,331.26,0.44,0.38,2018-10-02,1027,N20,VIIRS,n,2,286.54,4.84,D,0
51.67522,28.44204,327.95,0.45,0.39,2018-10-02,1027,N20,VIIRS,n,2,287.19,1.78,D,0
51.89604,30.69839,331.89,0.4,0.37,2018-10-02,1027,N20,VIIRS,n,2,287.66,5.76,D,0
51.74781,30.56677,344.18,0.4,0.37,2018-10-02,1027,N20,VIIRS,n,2,292.81,10.7,D,0
51.40239,29.30888,331.36,0.43,0.38,2018-10-02,1027,N20,VIIRS,n,2,287.05,4.76,D,0
53.06054,28.0259,344.41,0.44,0.38,2018-10-02,1028,N20,VIIRS,n,2,301.5,39.06,D,0
53.14222,26.95099,325.21,0.46,0.39,2018-10-02,1028,N20,VIIRS,n,2,273.12,2.64,D,0
53.69069,28.31048,326.22,0.42,0.38,2018-10-02,1028,N20,VIIRS,n,2,284.38,2.63,D,0
52.22111,26.37441,338.34,0.5,0.41,2018-10-02,1028,N20,VIIRS,n,2,273.37,8.99,D,0
52.87516,28.2089,330.46,0.43,0.38,2018-10-02,1028,N20,VIIRS,n,2,287.92,3.28,D,0
52.99178,28.19378,327.9,0.43,0.38,2018-10-02,1028,N20,VIIRS,n,2,287.17,1.99,D,0
52.77377,25.93596,346.83,0.5,0.41,2018-10-02,1028,N20,VIIRS,n,2,278.81,8.9,D,0
53.15962,27.32937,325.17,0.45,0.39,2018-10-02,1028,N20,VIIRS,n,2,282.85,2.09,D,0
52.15786,29.88403,335.99,0.55,0.43,2018-10-03,1009,N20,VIIRS,n,2,281.72,10.93,D,0
52.16706,28.53661,327.18,0.62,0.54,2018-10-04,0950,N20,VIIRS,n,2,280.23,4.63,D,0
52.22905,24.83496,327.79,0.43,0.62,2018-10-04,0950,N20,VIIRS,n,2,282.26,2.64,D,0
52.24018,26.36899,339.98,0.44,0.46,2018-10-04,1130,N20,VIIRS,n,2,285.29,5.36,D,0
52.24292,26.36679,337.24,0.44,0.46,2018-10-04,1130,N20,VIIRS,n,2,286.25,3.78,D,0
52.22884,24.8368,330.67,0.57,0.43,2018-10-04,1130,N20,VIIRS,n,2,284.06,4.66,D,0
52.23044,24.83765,328.62,0.57,0.43,2018-10-04,1130,N20,VIIRS,n,2,282.97,3.36,D,0
52.84716,29.9905,335.23,0.53,0.42,2018-10-04,2342,N20,VIIRS,n,2,275.79,6.18,N,2
51.8921,29.33805,295.8,0.55,0.42,2018-10-04,2342,N20,VIIRS,n,2,275.27,1.28,N,2
51.89156,29.33887,300.84,0.46,0.63,2018-10-05,0122,N20,VIIRS,n,2,272.45,0.88,N,2
52.84992,29.9901,305.27,0.45,0.63,2018-10-05,0122,N20,VIIRS,n,2,268.41,1.17,N,2
52.84587,29.98813,303.02,0.45,0.63,2018-10-05,0122,N20,VIIRS,n,2,271.23,0.79,N,2
52.36637,31.46468,345.28,0.36,0.57,2018-10-05,0931,N20,VIIRS,n,2,282.54,3.32,D,0
52.36871,31.46128,329.58,0.45,0.47,2018-10-05,1111,N20,VIIRS,n,2,278.31,4.13,D,0
52.30875,30.58141,338.2,0.42,0.45,2018-10-05,1111,N20,VIIRS,n,2,275.08,3.83,D,0
52.3129,30.58057,332.07,0.42,0.45,2018-10-05,1111,N20,VIIRS,n,2,275.12,3.83,D,0
53.2743,24.43869,306.61,0.47,0.64,2018-10-05,2323,N20,VIIRS,n,2,279.59,1.02,N,2
53.27075,24.44158,303.47,0.54,0.42,2018-10-06,0104,N20,VIIRS,n,2,279.5,1.5,N,2
52.1371,31.48745,325.97,0.55,0.68,2018-10-06,0912,N20,VIIRS,n,2,285.17,3.53,D,0
52.28141,29.94927,348.42,0.62,0.71,2018-10-06,0913,N20,VIIRS,n,2,286.59,9.73,D,0
52.28313,29.95384,331.66,0.62,0.71,2018-10-06,0913,N20,VIIRS,n,2,285.26,6.44,D,0
52.29817,30.01408,325.08,0.62,0.71,2018-10-06,0913,N20,VIIRS,n,2,286.04,3.49,D,0
53.32017,30.22688,328.81,0.55,0.68,2018-10-06,0913,N20,VIIRS,n,2,285.03,3.16,D,0
52.07298,29.95511,330.86,0.42,0.38,2018-10-06,1052,N20,VIIRS,n,2,289.92,4.88,D,0
52.15459,28.29651,338.12,0.39,0.36,2018-10-06,1052,N20,VIIRS,n,2,291.24,4.04,D,0
52.3688,31.2307,328.07,0.45,0.39,2018-10-06,1052,N20,VIIRS,n,2,289.01,1.83,D,0
51.40083,30.52203,335.54,0.42,0.38,2018-10-06,1052,N20,VIIRS,n,2,289.29,3.02,D,0
51.40426,30.52095,333.2,0.42,0.38,2018-10-06,1052,N20,VIIRS,n,2,292.18,5.25,D,0
52.27868,29.94825,337.16,0.42,0.38,2018-10-06,1052,N20,VIIRS,n,2,292.16,3.26,D,0
52.15129,28.29771,338.34,0.39,0.36,2018-10-06,1052,N20,VIIRS,n,2,291.72,6.34,D,0
52.26277,29.93443,328.51,0.42,0.38,2018-10-06,1052,N20,VIIRS,n,2,290.88,2.18,D,0
51.62355,29.29221,328.52,0.4,0.37,2018-10-06,1052,N20,VIIRS,n,2,291.9,6.58,D,0
51.8349,30.49416,329.42,0.43,0.38,2018-10-06,1052,N20,VIIRS,n,2,294.15,3.84,D,0
52.16863,29.87852,330.02,0.42,0.37,2018-10-06,1052,N20,VIIRS,n,2,290.52,5.58,D,0
51.85185,30.45683,329.71,0.43,0.38,2018-10-06,1052,N20,VIIRS,n,2,295.45,2.57,D,0
52.14066,31.48473,347.22,0.46,0.39,2018-10-06,1052,N20,VIIRS,n,2,295.52,20.34,D,0
51.49937,27.678,329.65,0.39,0.36,2018-10-06,1052,N20,VIIRS,n,2,290.86,2.09,D,0
52.13992,31.47807,333.27,0.46,0.39,2018-10-06,1052,N20,VIIRS,n,2,292.23,8.38,D,0
52.08399,30.88847,332.43,0.44,0.38,2018-10-06,1052,N20,VIIRS,n,2,289.15,3.56,D,0
51.99489,29.71993,330.71,0.41,0.37,2018-10-06,1052,N20,VIIRS,n,2,289.41,2.18,D,0
53.43101,29.11714,328.99,0.41,0.37,2018-10-06,1053,N20,VIIRS,n,2,288.48,1.63,D,0
53.32063,30.22286,343.67,0.44,0.38,2018-10-06,1053,N20,VIIRS,n,2,294.14,22.45,D,0
52.79744,28.54852,333.05,0.4,0.37,2018-10-06,1053,N20,VIIRS,n,2,288.98,2.84,D,0
52.45461,29.47543,329.64,0.41,0.37,2018-10-06,1053,N20,VIIRS,n,2,289.65,2.66,D,0
52.84493,29.99317,329.14,0.43,0.38,2018-10-06,1053,N20,VIIRS,n,2,291.29,5.11,D,2
54.4087,25.67785,345.14,0.38,0.36,2018-10-06,1053,N20,VIIRS,n,2,292.11,5.98,D,0
54.06649,30.39984,332.03,0.45,0.39,2018-10-06,1053,N20,VIIRS,n,2,287.55,4.24,D,0
53.398,28.27201,326.68,0.4,0.37,2018-10-06,1053,N20,VIIRS,n,2,290.35,3.6,D,0
52.93573,25.32778,348.02,0.39,0.36,2018-10-06,1053,N20,VIIRS,n,2,291.35,7.81,D,0
52.60626,27.77911,328.42,0.39,0.36,2018-10-06,1053,N20,VIIRS,n,2,293.2,14.07,D,0
53.59408,30.18323,335.48,0.44,0.38,2018-10-06,1053,N20,VIIRS,n,2,289.23,4.07,D,0
53.59135,30.19093,333.23,0.44,0.38,2018-10-06,1053,N20,VIIRS,n,2,289.34,4.33,D,0
53.09932,28.11597,325.74,0.4,0.37,2018-10-06,1053,N20,VIIRS,n,2,290.7,4.31,D,0
53.39509,32.00926,296.03,0.36,0.57,2018-10-06,2304,N20,VIIRS,n,2,277.19,0.65,N,2
51.88886,29.33633,300.9,0.46,0.63,2018-10-06,2304,N20,VIIRS,n,2,279.23,0.77,N,2
51.88897,29.32952,304.04,0.46,0.63,2018-10-06,2304,N20,VIIRS,n,2,278.81,0.77,N,0
51.89474,29.33663,312.98,0.46,0.63,2018-10-06,2304,N20,VIIRS,n,2,280.37,1.78,N,2
51.89278,29.32837,300.15,0.46,0.63,2018-10-06,2304,N20,VIIRS,n,2,278.74,2.41,N,0
51.89271,29.33516,325.4,0.46,0.63,2018-10-06,2304,N20,VIIRS,n,2,280.33,2.66,N,2
52.85075,29.98538,316.14,0.43,0.62,2018-10-06,2304,N20,VIIRS,n,2,278.79,1.87,N,2
52.84562,29.98811,338.45,0.39,0.44,2018-10-07,0045,N20,VIIRS,n,2,279.06,4.59,N,2
51.89248,29.33964,305.05,0.4,0.44,2018-10-07,0045,N20,VIIRS,n,2,281.71,0.81,N,2
51.88866,29.3373,310.4,0.4,0.44,2018-10-07,0045,N20,VIIRS,n,2,280.39,0.81,N,2
52.84941,29.99059,338.21,0.39,0.44,2018-10-07,0045,N20,VIIRS,n,2,279.44,4.59,N,2
53.26128,24.44883,299.04,0.41,0.37,2018-10-07,0045,N20,VIIRS,n,2,282.52,0.66,N,2
53.27003,24.4404,306.59,0.41,0.37,2018-10-07,0045,N20,VIIRS,n,2,281.84,1.26,N,2
53.62863,30.23825,331.9,0.77,0.78,2018-10-07,0854,N20,VIIRS,n,2,283.38,4.95,D,0
51.44396,30.54734,325.06,0.39,0.36,2018-10-07,1033,N20,VIIRS,n,2,292.65,2.22,D,0
53.62664,30.23526,344.48,0.38,0.36,2018-10-07,1034,N20,VIIRS,n,2,290.07,5.85,D,0
52.92597,26.59542,329.97,0.43,0.38,2018-10-07,1034,N20,VIIRS,n,2,289.6,2.59,D,0
52.89722,28.15132,329.92,0.4,0.37,2018-10-07,1034,N20,VIIRS,n,2,292.24,2.8,D,0
52.93576,25.3265,330.71,0.47,0.4,2018-10-07,1034,N20,VIIRS,n,2,289.98,4.79,D,0
52.42156,29.64659,344.63,0.39,0.36,2018-10-07,1034,N20,VIIRS,n,2,291.4,7.59,D,0
52.84527,29.99168,334.43,0.39,0.36,2018-10-07,1034,N20,VIIRS,n,2,291.08,4.05,D,2
53.68326,31.7581,326.6,0.39,0.36,2018-10-07,1034,N20,VIIRS,n,2,287.8,2.01,D,0
53.10007,28.11851,325.77,0.4,0.37,2018-10-07,1034,N20,VIIRS,n,2,290.22,2.27,D,0
53.09902,28.11268,328.73,0.4,0.37,2018-10-07,1034,N20,VIIRS,n,2,290.92,2.27,D,0
52.13537,27.47952,328.66,0.72,0.76,2018-10-07,1215,N20,VIIRS,n,2,286.06,4.68,D,0
52.13823,27.48008,337.4,0.72,0.76,2018-10-07,1215,N20,VIIRS,n,2,286.93,12.3,D,0
52.85061,29.98602,308.59,0.68,0.74,2018-10-07,2245,N20,VIIRS,n,2,280.93,1.48,N,2
52.8471,29.98675,313.29,0.43,0.38,2018-10-08,0026,N20,VIIRS,n,2,282.69,1.38,N,2
52.84592,29.99287,304.37,0.43,0.38,2018-10-08,0026,N20,VIIRS,n,2,282.54,1.38,N,2
52.25861,26.24963,297.51,0.38,0.36,2018-10-08,0026,N20,VIIRS,n,2,282.38,0.53,N,0
51.89013,29.33647,321.43,0.43,0.38,2018-10-08,0026,N20,VIIRS,n,2,282.72,1.21,N,2
51.89348,29.33814,296.97,0.43,0.38,2018-10-08,0026,N20,VIIRS,n,2,282.77,1.21,N,2
52.84855,29.98839,326.46,0.43,0.38,2018-10-08,0026,N20,VIIRS,n,2,284.07,1.8,N,2
51.66053,27.21321,298.28,0.39,0.36,2018-10-08,0027,N20,VIIRS,n,2,279.32,0.3,N,0
53.27245,24.44192,307.97,0.5,0.41,2018-10-09,0007,N20,VIIRS,n,2,276.47,1.41,N,2
53.39548,32.01223,299.62,0.39,0.36,2018-10-09,0007,N20,VIIRS,n,2,272.06,0.65,N,2
52.87148,28.57162,337.36,0.51,0.5,2018-10-09,0956,N20,VIIRS,n,2,283.07,6.32,D,0
51.80179,30.62488,325.14,0.46,0.47,2018-10-09,0956,N20,VIIRS,n,2,282.93,3.07,D,0
53.66163,25.58394,338.29,0.63,0.54,2018-10-09,0957,N20,VIIRS,n,2,286.35,6.24,D,0
52.80994,25.46727,356.26,0.34,0.56,2018-10-09,0957,N20,VIIRS,l,2,284.64,7.66,D,0
52.80856,25.46272,339.3,0.34,0.56,2018-10-09,0957,N20,VIIRS,n,2,284.72,7.66,D,0
53.66256,25.59177,337.5,0.63,0.54,2018-10-09,0957,N20,VIIRS,n,2,283.3,10.71,D,0
52.78038,29.75575,336.79,0.36,0.57,2018-10-09,1137,N20,VIIRS,n,2,282.5,3.77,D,0
51.89261,30.70467,328.21,0.39,0.59,2018-10-09,1137,N20,VIIRS,n,2,276.87,4.01,D,0
51.87234,28.14469,329.92,0.6,0.53,2018-10-09,1137,N20,VIIRS,n,2,280.33,5.44,D,0
51.88472,24.35373,351.62,0.42,0.45,2018-10-09,1137,N20,VIIRS,n,2,289.04,16.02,D,0
52.24422,25.82439,325.49,0.48,0.48,2018-10-09,1137,N20,VIIRS,n,2,283.43,2.14,D,0
52.40055,24.68858,327.78,0.43,0.46,2018-10-09,1137,N20,VIIRS,n,2,283.25,1.9,D,0
52.8734,28.5712,328.83,0.32,0.54,2018-10-09,1137,N20,VIIRS,n,2,284.28,2.34,D,0
52.89964,25.9181,325.44,0.49,0.49,2018-10-09,1137,N20,VIIRS,n,2,285.98,3.05,D,0
52.91917,25.79539,332.19,0.49,0.48,2018-10-09,1137,N20,VIIRS,n,2,285.49,4.18,D,0
53.31768,29.35089,334.58,0.35,0.56,2018-10-09,1137,N20,VIIRS,n,2,281.25,3.54,D,0
53.66602,25.5827,330.46,0.49,0.48,2018-10-09,1137,N20,VIIRS,n,2,284.25,6.06,D,0
54.22793,31.00698,346.17,0.41,0.61,2018-10-09,1137,N20,VIIRS,n,2,278.2,4.91,D,0
53.3934,32.01291,300.22,0.42,0.38,2018-10-09,2348,N20,VIIRS,n,2,278.6,1.14,N,2
53.27303,24.44293,305.5,0.51,0.49,2018-10-09,2348,N20,VIIRS,n,2,276.63,1.07,N,2
53.27309,24.4423,304.78,0.51,0.49,2018-10-09,2348,N20,VIIRS,n,2,276.31,1.59,N,2
52.84636,29.9934,316.56,0.47,0.4,2018-10-09,2348,N20,VIIRS,n,2,273.46,7.87,N,2
52.84712,29.98642,327.31,0.47,0.4,2018-10-09,2348,N20,VIIRS,n,2,276.12,10.04,N,2
52.8536,29.9956,295.88,0.47,0.4,2018-10-09,2348,N20,VIIRS,n,2,275.6,1.01,N,2
52.84398,29.99088,300.25,0.51,0.66,2018-10-10,0128,N20,VIIRS,n,2,272.77,1.93,N,2
52.84635,29.98426,314.49,0.51,0.66,2018-10-10,0128,N20,VIIRS,n,2,273.63,1.93,N,2
51.89082,29.34242,300.24,0.52,0.67,2018-10-10,0129,N20,VIIRS,n,2,274.94,1.26,N,2
52.25732,29.10709,325.49,0.39,0.59,2018-10-10,0937,N20,VIIRS,n,2,285.17,1.75,D,0
52.14844,30.15966,337.23,0.36,0.57,2018-10-10,0937,N20,VIIRS,n,2,286.09,2.73,D,0
52.14859,30.15844,325.08,0.36,0.57,2018-10-10,0937,N20,VIIRS,n,2,286.16,1.88,D,0
53.11849,25.80136,329.18,0.48,0.65,2018-10-10,0938,N20,VIIRS,n,2,282.14,4.6,D,0
52.68886,29.57172,327.18,0.36,0.58,2018-10-10,0938,N20,VIIRS,n,2,283.52,1.32,D,0
53.1227,25.79856,341.36,0.48,0.65,2018-10-10,0938,N20,VIIRS,n,2,283.09,4.03,D,0
52.86176,28.66679,329.65,0.39,0.59,2018-10-10,0938,N20,VIIRS,n,2,285.04,2.41,D,0
52.7454,30.08595,334.17,0.34,0.56,2018-10-10,0938,N20,VIIRS,n,2,284.54,4.7,D,0
52.84781,29.9919,343.88,0.34,0.56,2018-10-10,0938,N20,VIIRS,n,2,285.88,5.23,D,2
53.31096,28.80036,328.1,0.37,0.58,2018-10-10,0938,N20,VIIRS,n,2,280.91,3.39,D,0
53.16488,26.99444,346.97,0.43,0.62,2018-10-10,0938,N20,VIIRS,n,2,281.96,4.66,D,0
53.16497,26.99173,331.74,0.54,0.42,2018-10-10,1118,N20,VIIRS,n,2,283.4,6.78,D,0
52.93492,24.37597,330.71,0.44,0.39,2018-10-10,1118,N20,VIIRS,n,2,290.05,4.69,D,0
53.12158,25.79966,332.96,0.49,0.4,2018-10-10,1118,N20,VIIRS,n,2,291.46,5.34,D,0
51.90805,30.4868,329.27,0.47,0.48,2018-10-10,1118,N20,VIIRS,n,2,288.34,5.25,D,0
51.89053,29.34402,329.8,0.43,0.46,2018-10-10,1118,N20,VIIRS,n,2,289.71,4.22,D,2
51.90759,30.47984,337.93,0.47,0.48,2018-10-10,1118,N20,VIIRS,n,2,290.91,5.25,D,0
52.09964,30.17875,328.27,0.46,0.47,2018-10-10,1118,N20,VIIRS,n,2,290.48,6.16,D,0
51.81959,26.76301,326.46,0.51,0.41,2018-10-10,1118,N20,VIIRS,n,2,290.8,2.87,D,0
52.31066,30.02973,336.07,0.46,0.47,2018-10-10,1118,N20,VIIRS,n,2,286.97,2.85,D,0
52.25586,29.10732,347.81,0.42,0.45,2018-10-10,1118,N20,VIIRS,n,2,293.98,7.09,D,0
51.76436,24.15678,340.3,0.43,0.38,2018-10-10,1118,N20,VIIRS,n,2,290.37,4.81,D,0
52.47625,27.31671,325.62,0.54,0.42,2018-10-10,1118,N20,VIIRS,n,2,287.79,3.68,D,0
52.84371,29.99164,338.8,0.46,0.47,2018-10-10,1118,N20,VIIRS,n,2,286.56,5.89,D,2
52.67052,25.18853,331.19,0.46,0.39,2018-10-10,1118,N20,VIIRS,n,2,290.96,9.56,D,0
53.1425,30.09735,326.69,0.47,0.48,2018-10-10,1118,N20,VIIRS,n,2,281.68,2.39,D,0
52.89354,26.64035,328.81,0.52,0.41,2018-10-10,1118,N20,VIIRS,n,2,286.55,3.24,D,0
52.70837,24.7906,336.47,0.45,0.39,2018-10-10,1118,N20,VIIRS,n,2,289.6,3.65,D,0
53.27206,24.44035,304.9,0.4,0.6,2018-10-10,2329,N20,VIIRS,n,2,279.99,0.8,N,2
53.39417,32.01379,296.66,0.4,0.44,2018-10-10,2329,N20,VIIRS,n,2,281.66,1.14,N,2
53.27399,24.44126,303.08,0.4,0.6,2018-10-10,2329,N20,VIIRS,n,2,279.69,1.31,N,2
52.84979,29.99125,323.68,0.47,0.48,2018-10-10,2329,N20,VIIRS,n,2,280.87,2.01,N,2
52.84541,29.99038,303.78,0.47,0.48,2018-10-10,2329,N20,VIIRS,n,2,279.5,2.01,N,2
51.89338,29.34237,298.4,0.35,0.56,2018-10-11,0110,N20,VIIRS,n,2,275.49,0.63,N,2
52.84631,29.98593,320.13,0.34,0.56,2018-10-11,0110,N20,VIIRS,n,2,279.32,2.41,N,2
52.84491,29.99052,311.63,0.34,0.56,2018-10-11,0110,N20,VIIRS,n,2,279.85,2.26,N,2
53.27164,24.44334,303.34,0.41,0.45,2018-10-11,0110,N20,VIIRS,n,2,279.63,0.84,N,2
53.27256,24.44421,300.08,0.41,0.45,2018-10-11,0110,N20,VIIRS,n,2,278.78,1.09,N,2
52.27188,28.85596,333.72,0.6,0.7,2018-10-11,0919,N20,VIIRS,n,2,285.07,5.28,D,0
52.4286,29.62571,330,0.55,0.68,2018-10-11,0919,N20,VIIRS,n,2,287.71,3.89,D,0
52.16688,30.04354,338.59,0.54,0.68,2018-10-11,0919,N20,VIIRS,n,2,285.89,5.73,D,0
51.88977,30.49653,356.01,0.54,0.68,2018-10-11,0919,N20,VIIRS,n,2,282.8,9.09,D,0
51.89216,30.50331,339.76,0.54,0.68,2018-10-11,0919,N20,VIIRS,n,2,282.04,9.09,D,0
52.56065,28.55483,332.64,0.43,0.38,2018-10-11,1059,N20,VIIRS,n,2,292.94,2.75,D,0
52.46235,26.34885,325.16,0.39,0.36,2018-10-11,1059,N20,VIIRS,n,2,291.03,1.79,D,0
53.15654,27.34836,327.98,0.41,0.37,2018-10-11,1059,N20,VIIRS,n,2,288.1,1.34,D,0
51.89051,30.495,329.39,0.47,0.4,2018-10-11,1059,N20,VIIRS,n,2,289.55,4.43,D,0
51.72663,29.1027,325.59,0.43,0.38,2018-10-11,1059,N20,VIIRS,n,2,292.26,3.29,D,0
51.64319,28.83604,329.46,0.42,0.38,2018-10-11,1059,N20,VIIRS,n,2,289.42,2.21,D,0
52.27114,28.85366,329.27,0.43,0.38,2018-10-11,1059,N20,VIIRS,n,2,290.83,2.52,D,0
51.70512,24.07892,336.84,0.39,0.36,2018-10-11,1059,N20,VIIRS,n,2,289.05,2.44,D,0
51.95213,25.22855,329.57,0.38,0.36,2018-10-11,1059,N20,VIIRS,n,2,292.76,2.48,D,0
52.15347,26.00373,336.71,0.39,0.36,2018-10-11,1059,N20,VIIRS,n,2,293.5,3.1,D,0
51.8919,29.34205,329.71,0.44,0.38,2018-10-11,1059,N20,VIIRS,n,2,292.62,2.68,D,2
51.85278,29.04155,326.61,0.43,0.38,2018-10-11,1059,N20,VIIRS,n,2,290.42,3.22,D,0
53.00498,25.49773,327.62,0.39,0.36,2018-10-11,1059,N20,VIIRS,n,2,289.74,2.21,D,0
53.39587,32.01374,297.91,0.61,0.54,2018-10-11,2310,N20,VIIRS,n,2,280.33,0.85,N,2
53.27518,24.43925,296.95,0.63,0.72,2018-10-11,2310,N20,VIIRS,n,2,280.95,0.9,N,2
52.84715,29.98897,367,0.37,0.58,2018-10-11,2310,N20,VIIRS,h,2,281.39,8.14,N,2
51.8912,29.33553,312.04,0.39,0.59,2018-10-11,2311,N20,VIIRS,n,2,279.45,1.2,N,2
51.88915,29.3392,303.35,0.45,0.47,2018-10-12,0051,N20,VIIRS,n,2,279.12,0.98,N,2
52.84878,29.99319,331.05,0.45,0.47,2018-10-12,0051,N20,VIIRS,n,2,279.32,3.56,N,2
52.84479,29.99042,312.11,0.45,0.47,2018-10-12,0051,N20,VIIRS,n,2,277.4,2.03,N,2
53.27048,24.43844,297.47,0.44,0.38,2018-10-12,0051,N20,VIIRS,n,2,280.75,1.2,N,2
51.89318,29.34182,311.96,0.45,0.47,2018-10-12,0051,N20,VIIRS,n,2,279.56,0.98,N,2
51.86744,26.14826,308.88,0.52,0.42,2018-10-12,0052,N20,VIIRS,n,2,279.09,1.88,N,0
53.83451,31.50947,346.18,0.61,0.71,2018-10-12,0900,N20,VIIRS,n,2,287.23,6.94,D,0
53.69814,31.92984,336.97,0.6,0.7,2018-10-12,0900,N20,VIIRS,n,2,287.88,4.08,D,0
53.69823,31.93342,326.22,0.6,0.7,2018-10-12,0900,N20,VIIRS,n,2,286.93,4.56,D,0
53.69837,32.07533,327.72,0.59,0.7,2018-10-12,0900,N20,VIIRS,n,2,285.93,3.47,D,0
51.87013,26.14783,332.22,0.42,0.38,2018-10-12,1040,N20,VIIRS,n,2,293.3,10.32,D,0
51.87125,26.15376,340.04,0.42,0.38,2018-10-12,1040,N20,VIIRS,n,2,290.59,6.98,D,0
51.8679,26.1554,333.64,0.42,0.38,2018-10-12,1040,N20,VIIRS,n,2,290.93,2.47,D,0
51.86456,26.15704,326.07,0.42,0.38,2018-10-12,1040,N20,VIIRS,n,2,289.44,2.47,D,0
52.23986,28.90739,329.9,0.39,0.36,2018-10-12,1040,N20,VIIRS,n,2,291.54,2.89,D,0
52.536,31.39437,330.49,0.39,0.37,2018-10-12,1040,N20,VIIRS,n,2,292.91,2.19,D,0
52.3704,31.46345,336.76,0.39,0.37,2018-10-12,1040,N20,VIIRS,n,2,294.72,7.14,D,0
51.88836,29.33978,327.08,0.38,0.36,2018-10-12,1040,N20,VIIRS,n,2,295.37,1.66,D,2
52.00956,30.39856,328.93,0.39,0.36,2018-10-12,1040,N20,VIIRS,n,2,292.89,10.87,D,0
51.41296,30.44563,325.02,0.38,0.36,2018-10-12,1040,N20,VIIRS,n,2,292.71,1.27,D,0
51.8916,29.33844,328.26,0.38,0.36,2018-10-12,1040,N20,VIIRS,n,2,294.72,1.66,D,2
52.47113,29.43308,338.68,0.38,0.36,2018-10-12,1040,N20,VIIRS,n,2,293.07,5.26,D,0
51.8757,26.13861,331.15,0.42,0.38,2018-10-12,1040,N20,VIIRS,n,2,289.74,2.11,D,0
51.87236,26.14025,346.26,0.42,0.38,2018-10-12,1040,N20,VIIRS,n,2,296.88,10.32,D,0
51.87348,26.14619,346.23,0.42,0.38,2018-10-12,1040,N20,VIIRS,n,2,292.04,10.32,D,0
52.55517,24.83515,329.31,0.44,0.39,2018-10-12,1040,N20,VIIRS,n,2,288.94,21.53,D,0
52.55394,24.82885,298.89,0.44,0.39,2018-10-12,1040,N20,VIIRS,l,2,300.35,21.53,D,0
52.94815,26.62879,329.48,0.4,0.37,2018-10-12,1040,N20,VIIRS,n,2,294.28,7.22,D,0
53.52584,29.95285,325.58,0.39,0.36,2018-10-12,1040,N20,VIIRS,n,2,288.2,1.75,D,0
53.04846,26.89475,347.28,0.4,0.37,2018-10-12,1040,N20,VIIRS,n,2,290.35,10.19,D,0
53.74021,31.2469,326.06,0.4,0.37,2018-10-12,1040,N20,VIIRS,n,2,288.19,2.08,D,0
53.83569,31.67991,325.96,0.41,0.37,2018-10-12,1040,N20,VIIRS,n,2,290.06,2.7,D,0
53.83429,31.50834,342.87,0.4,0.37,2018-10-12,1040,N20,VIIRS,n,2,295.08,10.12,D,0
53.395,28.46978,329.25,0.38,0.36,2018-10-12,1040,N20,VIIRS,n,2,290.19,2.17,D,0
53.56533,29.16172,329.51,0.38,0.36,2018-10-12,1040,N20,VIIRS,n,2,288.88,2.8,D,0
53.85954,28.34978,328.72,0.38,0.36,2018-10-12,1040,N20,VIIRS,n,2,288.69,1.27,D,0
52.7265,30.78124,326.42,0.39,0.36,2018-10-12,1040,N20,VIIRS,n,2,290.25,4.46,D,0
52.4398,28.14654,329.51,0.39,0.36,2018-10-12,1040,N20,VIIRS,n,2,291.04,3.86,D,0
52.84462,29.99026,328.63,0.39,0.36,2018-10-12,1040,N20,VIIRS,n,2,292.49,1.56,D,2
52.28262,26.02227,326.03,0.42,0.38,2018-10-12,1040,N20,VIIRS,n,2,290.29,2.75,D,0
52.90087,28.1724,333.69,0.39,0.36,2018-10-12,1040,N20,VIIRS,n,2,292.67,6.96,D,0
53.03307,28.58199,327.82,0.39,0.36,2018-10-12,1040,N20,VIIRS,n,2,289.26,2.02,D,0
53.14278,28.92446,339.92,0.38,0.36,2018-10-12,1040,N20,VIIRS,n,2,291.64,12.89,D,0
53.36539,30.24028,331.32,0.39,0.36,2018-10-12,1040,N20,VIIRS,n,2,288.22,2.93,D,0
53.47733,30.47351,328.16,0.39,0.36,2018-10-12,1040,N20,VIIRS,n,2,289.44,3.51,D,0
53.69997,32.07261,337.96,0.41,0.37,2018-10-12,1040,N20,VIIRS,n,2,289.7,5.55,D,0
54.59483,28.17085,332.74,0.38,0.36,2018-10-12,1041,N20,VIIRS,n,2,288.43,4.37,D,0
52.55535,24.83506,353.48,0.65,0.73,2018-10-12,1221,N20,VIIRS,n,2,288.4,8.03,D,0
52.84769,29.98703,323.35,0.59,0.7,2018-10-12,2251,N20,VIIRS,n,2,276.78,3.59,N,2
52.8468,29.98579,325.61,0.59,0.7,2018-10-12,2251,N20,VIIRS,n,2,276.87,3.63,N,2
51.89175,29.33255,307.57,0.62,0.72,2018-10-12,2252,N20,VIIRS,n,2,277.88,1.41,N,2
53.27193,24.44225,312.62,0.38,0.36,2018-10-13,0032,N20,VIIRS,n,2,282.59,1.36,N,2
53.26046,24.4493,297.28,0.38,0.36,2018-10-13,0032,N20,VIIRS,n,2,282.09,0.66,N,2
52.84775,29.99214,306.64,0.47,0.4,2018-10-13,0032,N20,VIIRS,n,2,277.33,1.33,N,2
52.84708,29.99139,302.49,0.47,0.4,2018-10-13,0032,N20,VIIRS,n,2,276.73,0.84,N,2
53.5864,24.01144,297.02,0.39,0.36,2018-10-13,0032,N20,VIIRS,n,2,279.37,0.45,N,0
51.89294,29.33862,308.54,0.47,0.39,2018-10-13,0033,N20,VIIRS,n,2,278.46,1.24,N,2
52.82515,28.49434,327.85,0.47,0.4,2018-10-13,1021,N20,VIIRS,n,2,289.73,2.98,D,0
52.0123,30.40119,339.37,0.43,0.38,2018-10-13,1021,N20,VIIRS,n,2,295.2,4.53,D,0
51.88986,29.3397,351.32,0.46,0.39,2018-10-13,1021,N20,VIIRS,n,2,298.79,13.92,D,2
52.09966,30.17268,328.68,0.44,0.38,2018-10-13,1021,N20,VIIRS,n,2,291.12,3.66,D,0
52.06854,27.85713,328.93,0.51,0.41,2018-10-13,1021,N20,VIIRS,n,2,291.67,2.88,D,0
52.07036,27.86314,326.01,0.51,0.41,2018-10-13,1021,N20,VIIRS,n,2,293.09,3.12,D,0
52.06882,27.85608,328.31,0.51,0.41,2018-10-13,1021,N20,VIIRS,n,2,291.17,3.12,D,0
52.54984,30.10434,333.21,0.43,0.38,2018-10-13,1021,N20,VIIRS,n,2,289.07,3.26,D,0
52.14278,27.43454,333.68,0.52,0.42,2018-10-13,1021,N20,VIIRS,n,2,291.16,10.18,D,0
52.84439,29.98945,330.63,0.43,0.38,2018-10-13,1021,N20,VIIRS,n,2,294.26,2.4,D,2
52.89044,30.14609,336.46,0.43,0.38,2018-10-13,1021,N20,VIIRS,n,2,291.75,3.93,D,0
53.39766,32.01849,332.03,0.39,0.36,2018-10-13,1021,N20,VIIRS,n,2,290.94,11.68,D,0
53.40091,32.01693,334.45,0.39,0.36,2018-10-13,1021,N20,VIIRS,n,2,292.2,10.93,D,0
53.39993,32.0112,329.17,0.39,0.36,2018-10-13,1021,N20,VIIRS,n,2,290.64,10.93,D,0
52.82378,28.48767,327.92,0.47,0.4,2018-10-13,1021,N20,VIIRS,n,2,289.7,3.19,D,0
52.97604,28.03793,328.91,0.48,0.4,2018-10-13,1021,N20,VIIRS,n,2,291.14,9.08,D,0
52.97461,28.03109,326.44,0.48,0.4,2018-10-13,1021,N20,VIIRS,n,2,290.11,9.08,D,0
53.84061,31.68842,331.8,0.39,0.36,2018-10-13,1021,N20,VIIRS,n,2,289.44,4.36,D,0
53.84285,31.68101,336.59,0.39,0.36,2018-10-13,1021,N20,VIIRS,n,2,289.78,4.59,D,0
53.15157,27.98255,334.78,0.48,0.4,2018-10-13,1021,N20,VIIRS,n,2,291.09,7.58,D,0
52.63581,25.31047,326.8,0.4,0.44,2018-10-13,1021,N20,VIIRS,n,2,289.8,1.74,D,0
54.03671,31.12869,328.62,0.4,0.37,2018-10-13,1021,N20,VIIRS,n,2,288.89,6.17,D,0
53.18269,25.04694,343.09,0.4,0.44,2018-10-13,1022,N20,VIIRS,n,2,296.1,13.2,D,0
52.15959,27.44801,352.98,0.53,0.67,2018-10-13,1202,N20,VIIRS,n,2,290.03,12.31,D,0
52.1596,27.44013,347.65,0.53,0.67,2018-10-13,1202,N20,VIIRS,n,2,290.94,12.31,D,0
53.15425,27.98125,352.5,0.56,0.69,2018-10-13,1202,N20,VIIRS,n,2,289.96,8.87,D,0
53.18052,25.05286,337.33,0.42,0.61,2018-10-13,1202,N20,VIIRS,n,2,290.89,13.22,D,0
52.10525,25.14779,367,0.42,0.61,2018-10-13,1202,N20,VIIRS,h,2,296.34,13.69,D,0
53.18041,25.04641,355.33,0.42,0.61,2018-10-13,1202,N20,VIIRS,n,2,299.9,25.87,D,0
51.88949,29.34285,339.14,0.63,0.72,2018-10-13,1202,N20,VIIRS,n,2,292.63,4.45,D,2
54.03756,29.71761,342.26,0.66,0.73,2018-10-13,1203,N20,VIIRS,n,2,287.19,9.97,D,0
54.03779,29.70736,337.41,0.66,0.73,2018-10-13,1203,N20,VIIRS,n,2,288,9.74,D,0
53.39526,32.01108,308.48,0.4,0.37,2018-10-14,0013,N20,VIIRS,n,2,280.76,1.1,N,2
51.89029,29.34064,305.15,0.39,0.36,2018-10-14,0014,N20,VIIRS,n,2,277.28,0.98,N,2
52.84826,29.99032,328.57,0.39,0.36,2018-10-14,0014,N20,VIIRS,n,2,279.35,4.26,N,2
53.27251,24.44094,306.67,0.45,0.39,2018-10-14,0014,N20,VIIRS,n,2,280.48,1.65,N,2
51.89352,29.34202,308.08,0.39,0.36,2018-10-14,0014,N20,VIIRS,n,2,277.36,0.98,N,2
53.27088,24.43841,295.51,0.52,0.67,2018-10-14,0154,N20,VIIRS,n,2,279.03,1.16,N,2
51.86634,26.15112,335.82,0.6,0.53,2018-10-14,1002,N20,VIIRS,n,2,293.59,5.48,D,0
51.88339,30.48467,326.18,0.41,0.45,2018-10-14,1002,N20,VIIRS,n,2,287.41,3.33,D,0
51.87302,26.13663,345.62,0.6,0.53,2018-10-14,1002,N20,VIIRS,n,2,292.67,92,D,0
51.8708,26.14784,340.02,0.6,0.53,2018-10-14,1002,N20,VIIRS,n,2,296.69,46.1,D,0
52.84642,29.992,338.54,0.4,0.44,2018-10-14,1002,N20,VIIRS,n,2,291.85,4.2,D,2
53.43995,28.66099,332.14,0.43,0.46,2018-10-14,1003,N20,VIIRS,n,2,287.71,2.69,D,0
53.39977,32.01331,343.26,0.5,0.41,2018-10-14,1003,N20,VIIRS,n,2,290.92,7.87,D,0
51.87459,26.14915,327.72,0.58,0.52,2018-10-14,1143,N20,VIIRS,n,2,294.4,5.55,D,0
53.40118,32.01756,325.59,0.52,0.67,2018-10-14,1143,N20,VIIRS,n,2,287.79,3.73,D,0
52.071,27.91154,325.45,0.34,0.56,2018-10-14,1143,N20,VIIRS,n,2,291.24,2.62,D,0
52.13292,27.58994,341.27,0.33,0.56,2018-10-14,1143,N20,VIIRS,n,2,292.14,3.52,D,0
51.87502,26.15763,332.07,0.58,0.52,2018-10-14,1143,N20,VIIRS,n,2,293.1,5.55,D,0
52.47182,24.59174,327.32,0.5,0.49,2018-10-14,1143,N20,VIIRS,n,2,291.59,1.61,D,0
52.16993,27.35057,355.34,0.33,0.55,2018-10-14,1143,N20,VIIRS,n,2,295.34,8.51,D,0
52.17012,27.3554,348.62,0.33,0.55,2018-10-14,1143,N20,VIIRS,n,2,291.18,7.44,D,0
51.86493,26.15033,334.09,0.58,0.52,2018-10-14,1143,N20,VIIRS,n,2,293.97,6.75,D,0
54.00743,24.9833,342.3,0.54,0.51,2018-10-14,1144,N20,VIIRS,n,2,300.05,78.25,D,0
53.39405,32.01403,310.45,0.4,0.37,2018-10-14,2354,N20,VIIRS,n,2,283.13,1.88,N,2
51.66123,27.21551,301.43,0.5,0.41,2018-10-14,2355,N20,VIIRS,n,2,272.93,0.81,N,0
52.41988,25.08054,312.87,0.41,0.45,2018-10-14,2355,N20,VIIRS,n,2,274.91,1.45,N,0
52.41937,25.08656,313.42,0.41,0.45,2018-10-14,2355,N20,VIIRS,n,2,272.31,1.51,N,0
51.89122,29.33974,319.31,0.43,0.38,2018-10-14,2355,N20,VIIRS,n,2,276.29,1.96,N,2
53.27106,24.44366,300.82,0.44,0.46,2018-10-14,2355,N20,VIIRS,n,2,279.11,1.59,N,2
52.84668,29.98947,328.43,0.43,0.38,2018-10-14,2355,N20,VIIRS,n,2,280.5,7.43,N,2
51.89444,29.34245,302.62,0.6,0.7,2018-10-15,0135,N20,VIIRS,n,2,274.75,1.51,N,2
51.89321,29.34123,304.17,0.6,0.71,2018-10-15,0135,N20,VIIRS,n,2,275.08,1.13,N,2
53.27128,24.44212,309.7,0.35,0.57,2018-10-15,0135,N20,VIIRS,n,2,279.2,0.83,N,2
52.4173,25.08203,312.09,0.4,0.6,2018-10-15,0135,N20,VIIRS,n,2,270.53,0.95,N,0
52.42102,25.08622,312.17,0.4,0.6,2018-10-15,0135,N20,VIIRS,n,2,269.01,0.97,N,0
52.42846,25.08639,339.85,0.47,0.64,2018-10-15,0944,N20,VIIRS,n,2,290.22,7.06,D,0
52.5139,29.07077,344.81,0.33,0.56,2018-10-15,0944,N20,VIIRS,n,2,291.52,3.65,D,0
52.7703,25.93532,336.1,0.43,0.62,2018-10-15,0944,N20,VIIRS,n,2,290.33,4.14,D,0
52.82124,24.88999,340.01,0.47,0.64,2018-10-15,0944,N20,VIIRS,n,2,289.84,4.35,D,0
52.77286,25.93439,344.55,0.43,0.62,2018-10-15,0944,N20,VIIRS,n,2,292.33,5.05,D,0
53.23988,25.14902,331.6,0.44,0.62,2018-10-15,0944,N20,VIIRS,n,2,289.43,3.15,D,0
52.42326,25.09114,333.89,0.47,0.64,2018-10-15,0944,N20,VIIRS,n,2,290.57,6.4,D,0
52.06644,25.23494,325.27,0.48,0.65,2018-10-15,0944,N20,VIIRS,n,2,289.15,2.84,D,0
54.12266,31.56646,340.84,0.48,0.48,2018-10-15,0944,N20,VIIRS,n,2,290.68,6.53,D,0
52.22825,30.59696,338.58,0.56,0.52,2018-10-15,1124,N20,VIIRS,n,2,293.87,5.73,D,0
51.92226,24.14874,328.34,0.47,0.4,2018-10-15,1124,N20,VIIRS,n,2,291.14,2.4,D,0
52.06642,25.23172,340.87,0.52,0.41,2018-10-15,1124,N20,VIIRS,n,2,295.79,9.17,D,0
52.42849,25.08371,346.24,0.51,0.41,2018-10-15,1124,N20,VIIRS,n,2,293.76,9.11,D,0
52.42749,25.08429,339.17,0.51,0.41,2018-10-15,1124,N20,VIIRS,n,2,293.66,3.1,D,0
52.43127,25.08331,325.27,0.51,0.41,2018-10-15,1124,N20,VIIRS,n,2,290.07,3.1,D,0
52.84439,29.99333,338.2,0.54,0.51,2018-10-15,1124,N20,VIIRS,n,2,292.1,6.72,D,2
52.77151,25.93673,343.13,0.56,0.43,2018-10-15,1124,N20,VIIRS,n,2,287.47,5.59,D,0
52.71128,24.76169,326.15,0.5,0.41,2018-10-15,1124,N20,VIIRS,n,2,292.4,4.66,D,0
52.71503,24.76069,335.05,0.5,0.41,2018-10-15,1124,N20,VIIRS,n,2,291.79,4.66,D,0
52.71467,24.76033,333.32,0.51,0.41,2018-10-15,1124,N20,VIIRS,n,2,291.64,7.64,D,0
53.01728,26.75389,332,0.4,0.44,2018-10-15,1124,N20,VIIRS,n,2,284.32,2.85,D,0
52.84802,29.9924,329.57,0.4,0.45,2018-10-15,2336,N20,VIIRS,n,2,278.06,7.41,N,2
51.89413,29.33997,303.55,0.42,0.45,2018-10-15,2336,N20,VIIRS,n,2,279.01,0.91,N,2
51.91563,26.0616,307.45,0.57,0.52,2018-10-15,2336,N20,VIIRS,n,2,275.81,1.67,N,0
51.66279,27.21146,295.64,0.51,0.49,2018-10-15,2336,N20,VIIRS,n,2,274.07,1.36,N,0
51.60514,27.61506,324.05,0.49,0.49,2018-10-15,2336,N20,VIIRS,n,2,281.79,5.06,N,0
51.60468,27.62222,313.47,0.49,0.49,2018-10-15,2336,N20,VIIRS,n,2,280.48,2.81,N,0
52.84852,29.98636,336.69,0.41,0.45,2018-10-15,2336,N20,VIIRS,n,2,277.46,7.27,N,2
53.27143,24.44046,310.33,0.34,0.56,2018-10-15,2336,N20,VIIRS,n,2,276.64,0.94,N,2
53.39627,32.01529,297.37,0.52,0.42,2018-10-15,2336,N20,VIIRS,n,2,278.61,1.24,N,2
51.8941,29.34432,311.46,0.4,0.6,2018-10-16,0116,N20,VIIRS,n,2,277,1.07,N,2
51.88914,29.34028,305.94,0.4,0.6,2018-10-16,0116,N20,VIIRS,n,2,277.81,1.17,N,2
51.89358,29.3432,321.5,0.4,0.6,2018-10-16,0116,N20,VIIRS,n,2,277.44,1.12,N,2
51.88863,29.33915,305.37,0.4,0.6,2018-10-16,0116,N20,VIIRS,n,2,277.01,1.12,N,2
51.60611,27.62205,310.77,0.35,0.57,2018-10-16,0116,N20,VIIRS,n,2,279.63,1.96,N,0
51.60278,27.6138,315.84,0.35,0.57,2018-10-16,0116,N20,VIIRS,n,2,278.28,4.1,N,0
51.60138,27.61838,306.11,0.35,0.57,2018-10-16,0116,N20,VIIRS,n,2,277.55,1.96,N,0
51.60477,27.62056,323.21,0.35,0.57,2018-10-16,0116,N20,VIIRS,n,2,282.08,2.61,N,0
51.60614,27.61597,318.59,0.35,0.57,2018-10-16,0116,N20,VIIRS,n,2,279.45,2.61,N,0
51.66242,27.21492,296.31,0.34,0.56,2018-10-16,0116,N20,VIIRS,n,2,274.73,0.6,N,0
51.65776,27.21134,297.19,0.34,0.56,2018-10-16,0116,N20,VIIRS,n,2,272.75,0.58,N,0
52.84986,29.98834,296.98,0.39,0.59,2018-10-16,0116,N20,VIIRS,n,2,276.48,0.87,N,2
52.84819,29.99354,301.87,0.39,0.59,2018-10-16,0116,N20,VIIRS,n,2,276.39,0.87,N,2
51.89576,29.33918,300.7,0.4,0.6,2018-10-16,0116,N20,VIIRS,n,2,277.87,1.07,N,2
51.92476,26.0792,367,0.68,0.74,2018-10-16,0925,N20,VIIRS,h,2,291.78,30.25,D,0
51.91817,26.06231,346.34,0.68,0.74,2018-10-16,0925,N20,VIIRS,n,2,288.64,14.26,D,0
51.93382,26.08168,347.38,0.68,0.74,2018-10-16,0925,N20,VIIRS,n,2,287.07,22.57,D,0
51.93053,26.07325,351.67,0.68,0.74,2018-10-16,0925,N20,VIIRS,n,2,292.16,31.42,D,0
51.92195,26.08461,326.73,0.68,0.74,2018-10-16,0925,N20,VIIRS,n,2,287.74,5.25,D,0
51.91196,26.05941,346.79,0.68,0.74,2018-10-16,0925,N20,VIIRS,n,2,290.02,10.99,D,0
53.77975,28.90856,326.03,0.46,0.63,2018-10-16,0925,N20,VIIRS,n,2,287.94,3.21,D,0
52.06766,25.23571,325.22,0.72,0.75,2018-10-16,0925,N20,VIIRS,n,2,286.83,2.81,D,0
51.92774,26.07872,367,0.68,0.74,2018-10-16,0925,N20,VIIRS,h,2,296.13,29.38,D,0
51.93354,26.07282,356.12,0.68,0.74,2018-10-16,0925,N20,VIIRS,l,2,287.33,29.38,D,0
52.71841,27.95962,367,0.54,0.68,2018-10-16,0925,N20,VIIRS,h,2,291.35,11.72,D,0
52.72094,27.96661,351.21,0.54,0.68,2018-10-16,0925,N20,VIIRS,n,2,288.79,11.72,D,0
51.79058,29.48148,342.89,0.52,0.67,2018-10-16,0925,N20,VIIRS,n,2,288.77,5.34,D,0
52.84598,29.99259,349.95,0.45,0.63,2018-10-16,0925,N20,VIIRS,n,2,289.86,6.72,D,2
51.60439,27.62221,349.85,0.43,0.38,2018-10-16,1105,N20,VIIRS,n,2,303.7,4.74,D,0
53.71242,31.34807,339.01,0.4,0.44,2018-10-16,1105,N20,VIIRS,n,2,289.68,7.68,D,0
53.7132,31.34271,342.9,0.4,0.44,2018-10-16,1105,N20,VIIRS,n,2,290.46,3.6,D,0
53.70962,31.3497,345.18,0.4,0.44,2018-10-16,1105,N20,VIIRS,n,2,291.06,4.5,D,0
53.01494,26.75697,330.84,0.43,0.38,2018-10-16,1105,N20,VIIRS,n,2,289.81,3.53,D,0
52.97776,26.54152,331.08,0.42,0.38,2018-10-16,1105,N20,VIIRS,n,2,292.45,3.61,D,0
52.71576,24.7619,336.48,0.39,0.36,2018-10-16,1105,N20,VIIRS,n,2,290.65,4.96,D,0
53.40362,30.93281,337.74,0.38,0.44,2018-10-16,1105,N20,VIIRS,n,2,290.88,4.57,D,0
52.71247,24.76315,339.47,0.39,0.36,2018-10-16,1105,N20,VIIRS,n,2,294.2,4.96,D,0
52.82151,28.4821,330.87,0.47,0.4,2018-10-16,1105,N20,VIIRS,n,2,289.91,3.02,D,0
52.40033,25.36889,329.55,0.4,0.37,2018-10-16,1105,N20,VIIRS,n,2,292.21,3.47,D,0
52.71883,27.95707,345.53,0.45,0.39,2018-10-16,1105,N20,VIIRS,n,2,293.16,6.35,D,0
52.71958,27.96373,341.13,0.45,0.39,2018-10-16,1105,N20,VIIRS,n,2,293.22,3.53,D,0
52.84416,29.98896,330.66,0.53,0.42,2018-10-16,1105,N20,VIIRS,n,2,292.61,2.28,D,2
52.9252,30.79008,327.5,0.56,0.43,2018-10-16,1105,N20,VIIRS,n,2,290.14,3.98,D,0
52.84665,29.98976,327.24,0.53,0.42,2018-10-16,1105,N20,VIIRS,n,2,292.33,3.99,D,2
52.63064,28.5754,334.87,0.47,0.4,2018-10-16,1105,N20,VIIRS,n,2,293.73,11.89,D,0
52.73975,30.20123,333.84,0.53,0.42,2018-10-16,1105,N20,VIIRS,n,2,290.99,3.61,D,0
52.0677,25.23162,330.48,0.39,0.36,2018-10-16,1105,N20,VIIRS,n,2,293.69,3.94,D,0
52.0644,25.23283,329.78,0.39,0.36,2018-10-16,1105,N20,VIIRS,n,2,294.19,5.4,D,0
51.95417,25.22675,330.14,0.39,0.36,2018-10-16,1105,N20,VIIRS,n,2,292.21,2.41,D,0
51.9491,26.07171,346.15,0.4,0.37,2018-10-16,1105,N20,VIIRS,n,2,295.84,22.61,D,0
51.94498,26.06703,284.85,0.4,0.37,2018-10-16,1105,N20,VIIRS,l,2,315.94,37.51,D,0
51.94576,26.07286,345.36,0.4,0.37,2018-10-16,1105,N20,VIIRS,n,2,315.14,43.01,D,0
51.94164,26.06818,337.69,0.4,0.37,2018-10-16,1105,N20,VIIRS,n,2,298.38,37.51,D,0
51.94241,26.07401,348.12,0.4,0.37,2018-10-16,1105,N20,VIIRS,n,2,307.77,43.01,D,0
51.93829,26.06933,333.07,0.4,0.37,2018-10-16,1105,N20,VIIRS,n,2,294.64,3.71,D,0
51.93906,26.07515,338.81,0.4,0.37,2018-10-16,1105,N20,VIIRS,n,2,296.17,9.07,D,0
51.93982,26.08098,329.65,0.4,0.37,2018-10-16,1105,N20,VIIRS,n,2,291.91,9.07,D,0
51.93647,26.08213,329.61,0.4,0.37,2018-10-16,1105,N20,VIIRS,n,2,292.95,9.07,D,0
51.93159,26.07162,330.4,0.4,0.37,2018-10-16,1105,N20,VIIRS,n,2,292.02,2.77,D,0
51.93312,26.08327,329.27,0.4,0.37,2018-10-16,1105,N20,VIIRS,n,2,294.79,16.32,D,0
51.92824,26.07277,331.01,0.4,0.37,2018-10-16,1105,N20,VIIRS,n,2,291.71,2.77,D,0
51.92977,26.08442,325.13,0.4,0.37,2018-10-16,1105,N20,VIIRS,l,2,296.75,16.32,D,0
51.92489,26.07391,340.32,0.4,0.37,2018-10-16,1105,N20,VIIRS,n,2,295.21,10.76,D,0
51.92642,26.08556,325.39,0.4,0.37,2018-10-16,1105,N20,VIIRS,n,2,298.92,30.62,D,0
51.91848,26.05178,332.34,0.4,0.37,2018-10-16,1105,N20,VIIRS,n,2,292.79,3.69,D,0
51.92154,26.07506,338.47,0.4,0.37,2018-10-16,1105,N20,VIIRS,n,2,293.19,10.76,D,0
51.92307,26.08671,326.32,0.4,0.37,2018-10-16,1105,N20,VIIRS,n,2,296.59,30.62,D,0
51.91513,26.05293,329.33,0.4,0.37,2018-10-16,1105,N20,VIIRS,n,2,292.91,2.13,D,0
51.91666,26.06456,326.66,0.4,0.37,2018-10-16,1105,N20,VIIRS,n,2,294.01,3.97,D,0
51.91972,26.08785,337.4,0.4,0.37,2018-10-16,1105,N20,VIIRS,n,2,293.88,11.12,D,0
51.91637,26.08899,344.43,0.4,0.37,2018-10-16,1105,N20,VIIRS,n,2,293.49,11.12,D,0
51.99664,27.64035,328.64,0.44,0.38,2018-10-16,1105,N20,VIIRS,n,2,292.08,1.86,D,0
51.65982,27.2149,344.52,0.42,0.38,2018-10-16,1105,N20,VIIRS,n,2,300.83,5.06,D,0
51.89037,29.34106,340.49,0.49,0.4,2018-10-16,1105,N20,VIIRS,n,2,295,4.55,D,2
51.62153,27.51962,340.39,0.43,0.38,2018-10-16,1105,N20,VIIRS,n,2,308.49,25.43,D,0
51.60364,27.616,348.41,0.43,0.38,2018-10-16,1105,N20,VIIRS,n,2,306.59,9.06,D,0
51.60513,27.62842,330.31,0.43,0.38,2018-10-16,1105,N20,VIIRS,n,2,294.02,4.74,D,0
51.60091,27.62327,339.56,0.43,0.38,2018-10-16,1105,N20,VIIRS,n,2,300.82,4.74,D,0
51.60166,27.62948,329.54,0.43,0.38,2018-10-16,1105,N20,VIIRS,n,2,293.82,4.74,D,0
51.90808,30.48413,327.07,0.53,0.42,2018-10-16,1105,N20,VIIRS,n,2,293.46,3.52,D,0
53.77994,28.90374,342.99,0.5,0.41,2018-10-16,1106,N20,VIIRS,n,2,292.23,5.74,D,0
55.53093,28.51227,305.94,0.38,0.59,2018-10-16,2316,N20,VIIRS,n,2,276.49,0.91,N,0
52.8471,29.9881,342.05,0.63,0.54,2018-10-16,2317,N20,VIIRS,n,2,281.01,9.6,N,2
52.78169,26.28629,299.6,0.46,0.63,2018-10-16,2317,N20,VIIRS,n,2,275.72,0.4,N,0
52.78343,26.28582,295.23,0.45,0.63,2018-10-16,2317,N20,VIIRS,n,2,274.22,0.35,N,0
51.8917,29.33698,345.05,0.33,0.55,2018-10-16,2317,N20,VIIRS,n,2,283.14,1.72,N,2
51.89189,29.33205,307.63,0.33,0.55,2018-10-16,2317,N20,VIIRS,n,2,281.7,1.72,N,2
51.66204,27.20796,297.17,0.41,0.61,2018-10-16,2317,N20,VIIRS,n,2,274.6,0.95,N,0
51.66191,27.21402,304.19,0.41,0.61,2018-10-16,2317,N20,VIIRS,n,2,279.22,0.95,N,0
51.60835,27.61343,316.82,0.39,0.6,2018-10-16,2317,N20,VIIRS,n,2,283.62,3.01,N,0
51.60821,27.61925,309.46,0.39,0.6,2018-10-16,2317,N20,VIIRS,n,2,282.6,1.88,N,0
51.60808,27.62506,295.93,0.39,0.6,2018-10-16,2317,N20,VIIRS,n,2,280.33,1.88,N,0
51.60268,27.6188,324.14,0.39,0.6,2018-10-16,2317,N20,VIIRS,n,2,284.39,1.88,N,0
51.60281,27.613,317.2,0.39,0.6,2018-10-16,2317,N20,VIIRS,n,2,281.28,3.01,N,0
51.60255,27.6246,304.55,0.39,0.6,2018-10-16,2317,N20,VIIRS,n,2,280.42,1.88,N,0
51.60924,27.61393,303.93,0.39,0.6,2018-10-16,2317,N20,VIIRS,n,2,281.33,1.93,N,0
51.60371,27.61352,326.08,0.39,0.6,2018-10-16,2317,N20,VIIRS,n,2,284.05,3.96,N,0
51.60339,27.62512,309.3,0.39,0.6,2018-10-16,2317,N20,VIIRS,n,2,280.88,2.73,N,0
51.60355,27.61932,331.45,0.39,0.6,2018-10-16,2317,N20,VIIRS,n,2,287.19,3.96,N,0
53.27287,24.43959,301.14,0.55,0.68,2018-10-16,2317,N20,VIIRS,n,2,278.37,1.02,N,2
53.76292,30.44743,318.43,0.5,0.49,2018-10-17,0057,N20,VIIRS,n,2,277.08,2.88,N,0
52.84801,29.98777,336.74,0.52,0.5,2018-10-17,0057,N20,VIIRS,n,2,281.54,7.09,N,2
51.60014,27.6207,302.85,0.46,0.47,2018-10-17,0058,N20,VIIRS,n,2,279.73,3.26,N,0
53.2705,24.43942,305.69,0.48,0.4,2018-10-17,0058,N20,VIIRS,n,2,278.16,1.44,N,2
51.89167,29.34162,328.66,0.52,0.5,2018-10-17,0058,N20,VIIRS,n,2,282.74,4,N,2
51.8912,29.34112,328.57,0.52,0.5,2018-10-17,0058,N20,VIIRS,n,2,282.86,3.28,N,2
51.60573,27.61717,328.07,0.46,0.47,2018-10-17,0058,N20,VIIRS,n,2,288.17,3.26,N,0
51.60418,27.62333,340.51,0.46,0.47,2018-10-17,0058,N20,VIIRS,n,2,291.82,3.26,N,0
51.60729,27.61101,299.82,0.46,0.47,2018-10-17,0058,N20,VIIRS,n,2,279.69,1.73,N,0
51.6017,27.61454,302.93,0.46,0.47,2018-10-17,0058,N20,VIIRS,n,2,278.71,3.26,N,0
51.94523,26.08614,306.86,0.39,0.44,2018-10-17,0058,N20,VIIRS,n,2,273.91,0.98,N,0
51.66173,27.21002,296.95,0.44,0.46,2018-10-17,0058,N20,VIIRS,n,2,274.94,1.25,N,0
51.66024,27.21595,317.86,0.44,0.46,2018-10-17,0058,N20,VIIRS,n,2,281.65,2.93,N,0
51.93128,26.08984,295.11,0.39,0.44,2018-10-17,0058,N20,VIIRS,n,2,273.43,0.96,N,0
51.89246,29.33552,325.42,0.77,0.77,2018-10-17,0906,N20,VIIRS,n,2,288.54,8.66,D,2
52.7221,27.96625,325.81,0.79,0.78,2018-10-17,0907,N20,VIIRS,n,2,286.9,4.33,D,0
51.60337,27.61508,341.2,0.39,0.36,2018-10-17,1046,N20,VIIRS,n,2,306.56,4.27,D,0
51.78086,23.68303,328.31,0.44,0.39,2018-10-17,1046,N20,VIIRS,n,2,290.93,2.8,D,0
52.9107,31.17024,335.83,0.42,0.37,2018-10-17,1046,N20,VIIRS,n,2,294.19,5.24,D,0
51.95716,25.21654,327.38,0.41,0.37,2018-10-17,1046,N20,VIIRS,n,2,292.72,2.78,D,0
51.95706,25.21774,343.43,0.41,0.37,2018-10-17,1046,N20,VIIRS,n,2,295.08,7.61,D,0
51.95375,25.21931,351.91,0.41,0.37,2018-10-17,1046,N20,VIIRS,n,2,297.37,7.61,D,0
52.61337,30.04052,331.02,0.4,0.37,2018-10-17,1046,N20,VIIRS,n,2,292.73,3.32,D,0
52.61006,30.04173,336.55,0.4,0.37,2018-10-17,1046,N20,VIIRS,n,2,292.35,3.32,D,0
51.95625,26.08294,335.33,0.4,0.37,2018-10-17,1046,N20,VIIRS,n,2,292.36,3.75,D,0
51.95298,26.08443,330.12,0.4,0.37,2018-10-17,1046,N20,VIIRS,n,2,294.48,3.75,D,0
51.95396,26.09005,329.41,0.4,0.37,2018-10-17,1046,N20,VIIRS,n,2,293.29,3.75,D,0
51.94972,26.08591,328.75,0.4,0.37,2018-10-17,1046,N20,VIIRS,n,2,296.98,7.69,D,0
51.95069,26.09153,329.27,0.4,0.37,2018-10-17,1046,N20,VIIRS,n,2,292.27,7.69,D,0
51.94743,26.09302,330.37,0.4,0.37,2018-10-17,1046,N20,VIIRS,n,2,295.48,7.69,D,0
51.94319,26.08888,344.85,0.4,0.37,2018-10-17,1046,N20,VIIRS,n,2,293.49,12.43,D,0
51.93992,26.09036,348.13,0.4,0.37,2018-10-17,1046,N20,VIIRS,n,2,297.24,12.43,D,0
51.93666,26.09185,336.76,0.4,0.37,2018-10-17,1046,N20,VIIRS,n,2,295.05,7.59,D,0
51.9334,26.09333,339.35,0.4,0.37,2018-10-17,1046,N20,VIIRS,n,2,294.97,7.59,D,0
51.93013,26.09481,344.22,0.4,0.37,2018-10-17,1046,N20,VIIRS,n,2,295.13,6.17,D,0
51.86735,26.14996,331.67,0.4,0.37,2018-10-17,1046,N20,VIIRS,n,2,296.7,4.71,D,0
51.6593,27.21625,339,0.39,0.36,2018-10-17,1046,N20,VIIRS,n,2,304.79,7.33,D,0
51.89109,29.34245,340.29,0.39,0.36,2018-10-17,1046,N20,VIIRS,n,2,298.2,5.73,D,2
51.60425,27.62053,331.93,0.39,0.36,2018-10-17,1046,N20,VIIRS,l,2,302.61,4.27,D,0
51.60513,27.62598,333.7,0.39,0.36,2018-10-17,1046,N20,VIIRS,n,2,299.1,3.97,D,0
51.60101,27.62188,335.28,0.39,0.36,2018-10-17,1046,N20,VIIRS,n,2,304.31,4.27,D,0
51.60188,27.62733,337.26,0.39,0.36,2018-10-17,1046,N20,VIIRS,n,2,300.2,3.97,D,0
51.59952,27.63412,336.01,0.39,0.36,2018-10-17,1046,N20,VIIRS,n,2,294.45,4.65,D,0
51.6004,27.63957,329.28,0.39,0.36,2018-10-17,1046,N20,VIIRS,n,2,294.27,2.48,D,0
53.39246,29.43008,328.33,0.39,0.37,2018-10-17,1046,N20,VIIRS,n,2,290.56,1.69,D,0
52.54752,24.88507,332.15,0.41,0.37,2018-10-17,1046,N20,VIIRS,n,2,292.83,4.54,D,0
53.28648,31.52137,328.55,0.43,0.38,2018-10-17,1046,N20,VIIRS,n,2,292.05,2.23,D,0
52.85836,28.54919,329.1,0.39,0.36,2018-10-17,1046,N20,VIIRS,n,2,291.79,2.19,D,0
52.70788,27.648,334.95,0.38,0.36,2018-10-17,1046,N20,VIIRS,n,2,294.41,3.57,D,0
52.72194,27.95988,342.47,0.38,0.36,2018-10-17,1046,N20,VIIRS,n,2,297.98,4.3,D,0
53.08319,30.50998,325.63,0.41,0.37,2018-10-17,1046,N20,VIIRS,n,2,292.3,1.91,D,0
53.17949,32.24023,329.45,0.44,0.39,2018-10-17,1046,N20,VIIRS,n,2,292.43,3.43,D,0
52.24813,25.84622,327.27,0.4,0.37,2018-10-17,1046,N20,VIIRS,n,2,292.21,1.93,D,0
52.554,27.85368,337.54,0.38,0.36,2018-10-17,1046,N20,VIIRS,n,2,299.67,14.79,D,0
52.84563,29.98886,332.33,0.4,0.37,2018-10-17,1046,N20,VIIRS,n,2,297.08,3.88,D,2
53.39504,29.28568,328.45,0.39,0.36,2018-10-17,1047,N20,VIIRS,n,2,290.98,2.22,D,0
53.53554,30.42174,334.41,0.41,0.37,2018-10-17,1047,N20,VIIRS,n,2,291.33,3.16,D,0
53.16934,27.82767,334.81,0.38,0.36,2018-10-17,1047,N20,VIIRS,n,2,292.15,4.19,D,0
54.55938,25.85206,331.22,0.39,0.36,2018-10-17,1047,N20,VIIRS,n,2,292.59,3.85,D,0
54.30578,26.79426,325.94,0.38,0.36,2018-10-17,1047,N20,VIIRS,n,2,293.62,2.13,D,0
54.17082,26.53116,339.93,0.38,0.36,2018-10-17,1047,N20,VIIRS,n,2,291.33,4.39,D,0
54.21132,30.09881,325.9,0.41,0.37,2018-10-17,1047,N20,VIIRS,n,2,290.01,1.87,D,0
53.89837,28.03405,334.16,0.39,0.36,2018-10-17,1047,N20,VIIRS,n,2,290.51,2.73,D,0
53.48059,26.24575,341.62,0.39,0.36,2018-10-17,1047,N20,VIIRS,n,2,297.56,18.56,D,0
54.0382,30.59044,329.42,0.42,0.37,2018-10-17,1047,N20,VIIRS,n,2,291.38,3.33,D,0
53.25047,25.82167,345.05,0.39,0.36,2018-10-17,1047,N20,VIIRS,n,2,298.29,13.03,D,0
53.68933,28.64776,330.01,0.39,0.36,2018-10-17,1047,N20,VIIRS,n,2,291.29,2.76,D,0
53.53321,27.68485,326.85,0.38,0.36,2018-10-17,1047,N20,VIIRS,n,2,291.31,1.56,D,0
53.34142,26.94141,335.9,0.38,0.36,2018-10-17,1047,N20,VIIRS,n,2,292.48,3.15,D,0
53.62538,29.7911,330.68,0.4,0.37,2018-10-17,1047,N20,VIIRS,n,2,293.28,6.28,D,0
53.48913,29.001,332.82,0.39,0.36,2018-10-17,1047,N20,VIIRS,n,2,292.11,2.88,D,0
53.01707,26.75249,334.4,0.39,0.36,2018-10-17,1047,N20,VIIRS,n,2,291.38,3.41,D,0
51.88909,29.3295,297.44,0.53,0.67,2018-10-17,2258,N20,VIIRS,n,2,282.09,0.67,N,0
51.95147,26.08904,298.34,0.73,0.76,2018-10-17,2258,N20,VIIRS,n,2,279.29,0.88,N,0
52.85061,29.98992,299.05,0.5,0.66,2018-10-17,2258,N20,VIIRS,n,2,282.07,1.46,N,2
51.6608,27.20799,303.88,0.66,0.73,2018-10-17,2258,N20,VIIRS,n,2,281.1,1.96,N,0
51.65987,27.21011,305.11,0.66,0.73,2018-10-17,2258,N20,VIIRS,n,2,281.15,1.96,N,0
51.60547,27.61428,319.71,0.63,0.72,2018-10-17,2258,N20,VIIRS,n,2,286.66,6.56,N,0
51.60561,27.62368,298.39,0.63,0.72,2018-10-17,2258,N20,VIIRS,n,2,282.51,3.36,N,0
51.89241,29.33711,311,0.53,0.67,2018-10-17,2258,N20,VIIRS,n,2,283.03,1.22,N,2
51.89535,29.33761,310.11,0.53,0.67,2018-10-17,2258,N20,VIIRS,n,2,283.09,1.55,N,2
51.89238,29.32911,303.01,0.53,0.67,2018-10-17,2258,N20,VIIRS,n,2,282.55,1.22,N,0
55.50633,28.58638,295.37,0.43,0.38,2018-10-18,0038,N20,VIIRS,n,2,276.34,0.53,N,2
51.50878,27.67672,308.14,0.47,0.4,2018-10-18,0039,N20,VIIRS,n,2,284.21,1.29,N,0
52.84963,29.98793,307.28,0.52,0.42,2018-10-18,0039,N20,VIIRS,n,2,280.92,1.1,N,2
52.84601,29.98573,297.98,0.52,0.42,2018-10-18,0039,N20,VIIRS,n,2,281.13,1.11,N,2
53.52817,24.70353,298.81,0.39,0.36,2018-10-18,0039,N20,VIIRS,n,2,276.42,0.79,N,0
53.27018,24.44216,300.81,0.39,0.36,2018-10-18,0039,N20,VIIRS,n,2,279.67,0.85,N,2
53.25853,24.44891,296.4,0.39,0.36,2018-10-18,0039,N20,VIIRS,n,2,279.69,0.54,N,0
51.89344,29.3378,307.08,0.52,0.42,2018-10-18,0039,N20,VIIRS,n,2,283.27,1.41,N,2
51.88981,29.33572,310.43,0.52,0.42,2018-10-18,0039,N20,VIIRS,n,2,281.22,1.41,N,2
51.9481,26.09374,303.72,0.42,0.38,2018-10-18,0039,N20,VIIRS,n,2,277.59,0.73,N,0
51.6073,27.61468,301.1,0.47,0.4,2018-10-18,0039,N20,VIIRS,n,2,283.54,1.78,N,0
51.60596,27.62116,305.31,0.47,0.4,2018-10-18,0039,N20,VIIRS,n,2,285.55,2.23,N,0
51.60463,27.62763,312.83,0.47,0.4,2018-10-18,0039,N20,VIIRS,n,2,286.29,2.23,N,0
51.60249,27.6193,320.39,0.47,0.4,2018-10-18,0039,N20,VIIRS,n,2,290.13,2.23,N,0
51.60383,27.61283,311.2,0.47,0.4,2018-10-18,0039,N20,VIIRS,n,2,285.37,1.78,N,0
51.60115,27.62578,305.05,0.47,0.4,2018-10-18,0039,N20,VIIRS,n,2,283.9,2.23,N,0
51.59848,27.63875,308.44,0.47,0.4,2018-10-18,0039,N20,VIIRS,n,2,277.47,1.16,N,0
51.65822,27.21653,323.32,0.45,0.39,2018-10-18,0039,N20,VIIRS,n,2,284.94,2.78,N,0
51.6595,27.21022,313.07,0.45,0.39,2018-10-18,0039,N20,VIIRS,n,2,280.9,2.78,N,0
51.65694,27.22284,300.05,0.45,0.39,2018-10-18,0039,N20,VIIRS,n,2,281.49,0.92,N,0
51.50916,27.67747,310.68,0.47,0.4,2018-10-18,0039,N20,VIIRS,n,2,285.06,1.73,N,0
51.51227,27.67858,297.81,0.47,0.4,2018-10-18,0039,N20,VIIRS,n,2,282.55,1.29,N,0
51.5984,27.63881,334.99,0.47,0.4,2018-10-18,1027,N20,VIIRS,n,2,294.01,7.44,D,0
52.22243,31.49021,328.06,0.39,0.36,2018-10-18,1027,N20,VIIRS,n,2,294.73,3.68,D,0
51.89182,29.33965,342.58,0.42,0.38,2018-10-18,1027,N20,VIIRS,n,2,297.02,4.91,D,2
51.59952,27.64689,329.77,0.47,0.4,2018-10-18,1027,N20,VIIRS,n,2,294.8,7.23,D,0
51.59819,27.64035,334.84,0.47,0.4,2018-10-18,1027,N20,VIIRS,n,2,294.51,7.23,D,0
51.59686,27.63382,333.91,0.47,0.4,2018-10-18,1027,N20,VIIRS,n,2,296.65,9.09,D,0
51.59626,27.64717,332.23,0.47,0.4,2018-10-18,1027,N20,VIIRS,n,2,295.19,4.46,D,0
51.59975,27.64533,334.38,0.47,0.4,2018-10-18,1027,N20,VIIRS,n,2,296.04,6.89,D,0
51.95085,26.09151,332.38,0.52,0.41,2018-10-18,1027,N20,VIIRS,n,2,295.39,7.13,D,0
51.95243,26.09869,344.87,0.52,0.41,2018-10-18,1027,N20,VIIRS,n,2,293.73,7.13,D,0
51.94881,26.10075,334.82,0.52,0.41,2018-10-18,1027,N20,VIIRS,n,2,294.32,7.13,D,0
51.93999,26.0977,333.32,0.52,0.41,2018-10-18,1027,N20,VIIRS,n,2,293.84,8.69,D,0
51.95274,26.09798,345.81,0.52,0.41,2018-10-18,1027,N20,VIIRS,n,2,294.53,8.39,D,0
51.94912,26.10004,333.13,0.52,0.41,2018-10-18,1027,N20,VIIRS,n,2,294.74,8.39,D,0
51.9455,26.10211,333.25,0.52,0.41,2018-10-18,1027,N20,VIIRS,n,2,292.66,4.18,D,0
51.94033,26.09699,327.95,0.52,0.41,2018-10-18,1027,N20,VIIRS,n,2,293.63,4.11,D,0
51.93671,26.09906,341.81,0.52,0.41,2018-10-18,1027,N20,VIIRS,n,2,294.96,6.37,D,0
51.90667,26.09196,330.51,0.52,0.41,2018-10-18,1027,N20,VIIRS,n,2,292.18,6.4,D,0
51.90305,26.09403,344.01,0.52,0.41,2018-10-18,1027,N20,VIIRS,n,2,294.7,12.27,D,0
52.61268,30.03485,340.53,0.4,0.37,2018-10-18,1027,N20,VIIRS,n,2,294.19,3.57,D,0
52.61229,30.0379,338.89,0.4,0.37,2018-10-18,1027,N20,VIIRS,n,2,294.92,3.22,D,0
52.27082,29.13274,334.87,0.42,0.38,2018-10-18,1027,N20,VIIRS,n,2,295.03,5.78,D,0
52.26524,29.12246,343.83,0.42,0.38,2018-10-18,1027,N20,VIIRS,n,2,298.25,8.6,D,0
52.26636,29.12843,338.51,0.42,0.38,2018-10-18,1027,N20,VIIRS,n,2,295.19,5.78,D,0
52.26748,29.1344,326.9,0.42,0.38,2018-10-18,1027,N20,VIIRS,n,2,294.78,5.78,D,0
52.42995,30.92915,326.36,0.39,0.36,2018-10-18,1027,N20,VIIRS,n,2,291.97,1.03,D,0
52.46004,31.16959,335.07,0.39,0.36,2018-10-18,1027,N20,VIIRS,n,2,291.96,3.24,D,0
52.33492,30.66212,327.85,0.4,0.37,2018-10-18,1027,N20,VIIRS,n,2,292.17,1.83,D,0
51.65838,27.21683,340.89,0.48,0.4,2018-10-18,1027,N20,VIIRS,n,2,304.43,8.19,D,0
51.60134,27.61554,326.74,0.47,0.4,2018-10-18,1027,N20,VIIRS,l,2,301.61,5.64,D,0
51.60269,27.62207,336.94,0.47,0.4,2018-10-18,1027,N20,VIIRS,l,2,307.1,5.64,D,0
51.59705,27.63228,326.01,0.47,0.4,2018-10-18,1027,N20,VIIRS,l,2,296.92,7.44,D,0
53.02127,26.74786,338.42,0.47,0.4,2018-10-18,1028,N20,VIIRS,n,2,291.59,5.04,D,0
53.48654,28.99727,327.81,0.41,0.37,2018-10-18,1028,N20,VIIRS,n,2,291.4,5.24,D,0
54.03893,31.39096,346.21,0.38,0.36,2018-10-18,1028,N20,VIIRS,n,2,291.26,4.01,D,0
54.16705,30.62571,330.01,0.39,0.36,2018-10-18,1028,N20,VIIRS,n,2,289.41,2.9,D,0
53.89956,28.03295,335.1,0.42,0.38,2018-10-18,1028,N20,VIIRS,n,2,292.13,4.09,D,0
52.84502,29.98882,329.49,0.4,0.37,2018-10-18,1028,N20,VIIRS,n,2,295.76,5,D,2
52.5758,28.15277,329.71,0.44,0.38,2018-10-18,1028,N20,VIIRS,n,2,294.05,2.01,D,0
52.55497,27.85732,339.42,0.45,0.39,2018-10-18,1028,N20,VIIRS,n,2,295.44,4.8,D,0
52.01441,23.76503,337.92,0.42,0.45,2018-10-18,1028,N20,VIIRS,n,2,292.52,8.12,D,0
52.01303,23.75933,332.13,0.42,0.45,2018-10-18,1028,N20,VIIRS,n,2,296.31,8.12,D,0
52.76385,26.72844,330.07,0.48,0.4,2018-10-18,1028,N20,VIIRS,n,2,291.52,3.12,D,0
52.76376,26.72862,329.8,0.48,0.4,2018-10-18,1028,N20,VIIRS,n,2,291.42,3.16,D,0
52.81132,26.88187,349.05,0.47,0.4,2018-10-18,1028,N20,VIIRS,n,2,301.73,20.49,D,0
53.25708,28.80896,325.42,0.42,0.37,2018-10-18,1028,N20,VIIRS,n,2,292.69,2.1,D,0
53.39029,29.39817,348.57,0.41,0.37,2018-10-18,1028,N20,VIIRS,n,2,292.61,9.04,D,0
53.83011,31.68666,329.92,0.38,0.36,2018-10-18,1028,N20,VIIRS,n,2,293.06,6.72,D,0
51.93982,26.10131,367,0.54,0.68,2018-10-18,1208,N20,VIIRS,h,2,292.14,13.45,D,0
52.61286,30.04116,336.33,0.79,0.78,2018-10-18,1208,N20,VIIRS,n,2,289.4,6.63,D,0
51.88984,29.34301,339.81,0.74,0.76,2018-10-18,1208,N20,VIIRS,n,2,292.47,6.13,D,2
51.95241,26.10156,367,0.54,0.68,2018-10-18,1208,N20,VIIRS,h,2,291.81,18.4,D,0
51.93352,26.10118,331.73,0.54,0.68,2018-10-18,1208,N20,VIIRS,n,2,290.52,3.82,D,0
51.59795,27.64625,331.82,0.63,0.72,2018-10-18,1208,N20,VIIRS,n,2,292.08,5.45,D,0
51.5983,27.61848,325.22,0.62,0.72,2018-10-18,1208,N20,VIIRS,n,2,293.61,6.08,D,0
51.95244,26.09352,350.06,0.54,0.68,2018-10-18,1208,N20,VIIRS,n,2,292.09,15.48,D,0
51.60077,27.64682,329.62,0.63,0.72,2018-10-18,1208,N20,VIIRS,n,2,291,10.71,D,0
51.60122,27.61899,335.36,0.63,0.72,2018-10-18,1208,N20,VIIRS,n,2,296.72,8.19,D,0
51.60759,27.63784,331.96,0.63,0.72,2018-10-18,1208,N20,VIIRS,n,2,293.04,14.85,D,0
51.65967,27.22165,325.44,0.6,0.71,2018-10-18,1208,N20,VIIRS,n,2,293.41,4.98,D,0
52.07087,27.91913,325.4,0.64,0.72,2018-10-18,1208,N20,VIIRS,n,2,288.93,3.01,D,0
52.14538,27.52467,367,0.62,0.71,2018-10-18,1208,N20,VIIRS,h,2,291.56,23.28,D,0
52.14553,27.51536,338.21,0.62,0.71,2018-10-18,1208,N20,VIIRS,n,2,290.86,19.16,D,0
51.94611,26.10143,367,0.54,0.68,2018-10-18,1208,N20,VIIRS,h,2,291.98,13.45,D,0
53.39425,32.00641,296.75,0.66,0.73,2018-10-18,2239,N20,VIIRS,n,2,281.93,1.35,N,0
52.84771,29.99208,327.35,0.4,0.37,2018-10-19,0020,N20,VIIRS,n,2,281.72,3.28,N,2
53.39427,32.01066,307.85,0.43,0.38,2018-10-19,0020,N20,VIIRS,n,2,284.19,1.79,N,2
53.27194,24.44078,298.94,0.42,0.37,2018-10-19,0020,N20,VIIRS,n,2,278.89,0.99,N,2
51.89282,29.3423,311.81,0.4,0.37,2018-10-19,0020,N20,VIIRS,n,2,281.46,1.66,N,2
52.438,25.38387,297.73,0.4,0.37,2018-10-19,0020,N20,VIIRS,n,2,275.84,0.79,N,0
52.43469,25.38262,305.63,0.4,0.37,2018-10-19,0020,N20,VIIRS,n,2,275.26,0.79,N,0
51.95868,26.10115,320.91,0.39,0.36,2018-10-19,0020,N20,VIIRS,n,2,275.67,2.27,N,0
51.95786,26.10669,307.09,0.39,0.36,2018-10-19,0020,N20,VIIRS,n,2,274.14,2.55,N,0
51.95459,26.10542,342.24,0.39,0.36,2018-10-19,0020,N20,VIIRS,n,2,277.02,2.55,N,0
51.60536,27.61441,312.42,0.39,0.36,2018-10-19,0020,N20,VIIRS,n,2,287.26,1.28,N,0
51.60447,27.61985,314.01,0.39,0.36,2018-10-19,0020,N20,VIIRS,n,2,289.58,1.34,N,0
51.60358,27.62529,306.81,0.39,0.36,2018-10-19,0020,N20,VIIRS,n,2,285.76,1.34,N,0
51.60212,27.61305,295.54,0.39,0.36,2018-10-19,0020,N20,VIIRS,n,2,279.03,1.28,N,0
51.60123,27.61849,304.92,0.39,0.36,2018-10-19,0020,N20,VIIRS,n,2,283.49,1.34,N,0
51.60035,27.62392,297.24,0.39,0.36,2018-10-19,0020,N20,VIIRS,n,2,281.29,1.34,N,0
51.65981,27.21342,327.52,0.38,0.36,2018-10-19,0020,N20,VIIRS,n,2,285.92,2.68,N,0
51.65894,27.21886,317.02,0.38,0.36,2018-10-19,0020,N20,VIIRS,n,2,284.01,2.68,N,0
51.65808,27.2243,309.52,0.38,0.36,2018-10-19,0020,N20,VIIRS,n,2,282.73,1.97,N,0
51.65571,27.21753,300.2,0.38,0.36,2018-10-19,0020,N20,VIIRS,n,2,277.38,0.95,N,0
51.5089,27.67719,320.12,0.39,0.36,2018-10-19,0020,N20,VIIRS,n,2,286.09,2.36,N,0
51.95234,26.10271,298.2,0.77,0.77,2018-10-19,0200,N20,VIIRS,n,2,275.17,2.11,N,0
52.74781,27.98754,336.3,0.42,0.45,2018-10-19,1009,N20,VIIRS,n,2,286.83,3.96,D,0
52.7495,27.98711,333.59,0.42,0.45,2018-10-19,1009,N20,VIIRS,n,2,286.27,2.79,D,0
53.17559,30.18095,329.62,0.51,0.41,2018-10-19,1009,N20,VIIRS,n,2,292.93,11.03,D,0
52.84531,29.98862,330.14,0.53,0.42,2018-10-19,1009,N20,VIIRS,n,2,293.43,5.05,D,2
52.6132,30.0427,344.77,0.53,0.42,2018-10-19,1009,N20,VIIRS,n,2,292.8,9.57,D,0
52.27562,29.13468,337.11,0.39,0.44,2018-10-19,1009,N20,VIIRS,n,2,289.77,3.78,D,0
51.88768,29.33837,327.36,0.39,0.44,2018-10-19,1009,N20,VIIRS,n,2,292.89,2.06,D,2
51.89274,29.34147,325.69,0.39,0.44,2018-10-19,1009,N20,VIIRS,n,2,293.17,1.94,D,2
52.43346,25.38571,339.28,0.53,0.5,2018-10-19,1009,N20,VIIRS,n,2,289.33,14.45,D,0
52.94114,26.45822,332.35,0.47,0.48,2018-10-19,1009,N20,VIIRS,n,2,283.56,5.93,D,0
52.9428,26.45013,330.39,0.47,0.48,2018-10-19,1009,N20,VIIRS,n,2,285.61,11.08,D,0
52.94444,26.45656,338.65,0.47,0.48,2018-10-19,1009,N20,VIIRS,n,2,283.98,11.13,D,0
53.19296,27.86735,354.67,0.41,0.45,2018-10-19,1009,N20,VIIRS,n,2,287.25,12.07,D,0
53.82518,30.74287,343.33,0.48,0.4,2018-10-19,1009,N20,VIIRS,n,2,288.71,8.77,D,0
53.82542,30.74247,334.81,0.48,0.4,2018-10-19,1009,N20,VIIRS,n,2,288.61,6.44,D,0
53.23266,28.29254,327.31,0.39,0.44,2018-10-19,1009,N20,VIIRS,n,2,288.57,4.68,D,0
52.43245,25.38455,340.05,0.53,0.5,2018-10-19,1009,N20,VIIRS,n,2,289.64,8.91,D,0
54.15172,30.63922,332.05,0.47,0.4,2018-10-19,1009,N20,VIIRS,n,2,290.45,9.17,D,0
52.94355,26.44901,332.87,0.47,0.48,2018-10-19,1009,N20,VIIRS,n,2,285.38,6.88,D,0
52.94521,26.45543,337.76,0.47,0.48,2018-10-19,1009,N20,VIIRS,n,2,284.31,6.88,D,0
51.65426,27.21706,342.39,0.37,0.58,2018-10-19,1149,N20,VIIRS,n,2,294.85,7.15,D,0
52.42663,25.38809,342,0.63,0.54,2018-10-19,1149,N20,VIIRS,n,2,289.32,15.12,D,0
52.16428,31.52521,326.08,0.58,0.69,2018-10-19,1149,N20,VIIRS,n,2,287.62,2.5,D,0
52.00301,27.50635,342.75,0.39,0.59,2018-10-19,1149,N20,VIIRS,n,2,288.97,5.98,D,0
52.43166,25.38755,341.39,0.63,0.54,2018-10-19,1149,N20,VIIRS,n,2,290.31,28.06,D,0
53.19341,27.8697,333.63,0.41,0.6,2018-10-19,1150,N20,VIIRS,n,2,287.81,4.26,D,0
52.94183,26.45283,335.75,0.35,0.57,2018-10-19,1150,N20,VIIRS,n,2,287.26,3.89,D,0
53.47239,27.84626,325.45,0.41,0.6,2018-10-19,1150,N20,VIIRS,n,2,286.52,1.69,D,0
51.6042,27.61355,304.26,0.44,0.38,2018-10-20,0001,N20,VIIRS,n,2,282.86,1.96,N,0
51.50583,27.6789,320.13,0.43,0.38,2018-10-20,0001,N20,VIIRS,n,2,284.02,2.02,N,0
51.6105,27.43927,300.66,0.44,0.38,2018-10-20,0001,N20,VIIRS,n,2,278.72,1.25,N,0
51.59922,27.62496,295.94,0.44,0.38,2018-10-20,0001,N20,VIIRS,n,2,281.34,1.13,N,0
51.59997,27.61871,295.85,0.44,0.38,2018-10-20,0001,N20,VIIRS,n,2,281.51,1.13,N,0
51.60345,27.6198,307.97,0.44,0.38,2018-10-20,0001,N20,VIIRS,n,2,284.86,3.16,N,0
51.61597,27.54566,302.12,0.44,0.38,2018-10-20,0001,N20,VIIRS,n,2,278.7,1.49,N,0
51.65502,27.21502,316.04,0.45,0.39,2018-10-20,0001,N20,VIIRS,n,2,280.38,3.13,N,0
51.61945,27.54674,310.55,0.44,0.38,2018-10-20,0001,N20,VIIRS,n,2,282.3,2.61,N,0
51.65779,27.22253,308.6,0.45,0.39,2018-10-20,0001,N20,VIIRS,n,2,282.85,2.63,N,0
51.65854,27.2161,335.91,0.45,0.39,2018-10-20,0001,N20,VIIRS,n,2,287.84,2.63,N,0
51.66132,27.22361,301.17,0.45,0.39,2018-10-20,0001,N20,VIIRS,n,2,279.69,2.63,N,0
51.946,26.11285,326.37,0.49,0.4,2018-10-20,0001,N20,VIIRS,n,2,278.81,3.77,N,0
51.95043,26.10684,307.91,0.49,0.4,2018-10-20,0001,N20,VIIRS,n,2,277.27,2.18,N,0
51.94967,26.11389,326.66,0.49,0.4,2018-10-20,0001,N20,VIIRS,n,2,279.25,4.61,N,0
51.95411,26.10787,312.98,0.49,0.4,2018-10-20,0001,N20,VIIRS,n,2,277.7,2.18,N,0
51.95778,26.10891,337.55,0.49,0.4,2018-10-20,0001,N20,VIIRS,n,2,278.68,6.14,N,0
51.88906,29.33846,312.64,0.4,0.37,2018-10-20,0001,N20,VIIRS,n,2,280.47,1.75,N,2
51.89241,29.33965,327.17,0.4,0.37,2018-10-20,0001,N20,VIIRS,n,2,281.86,1.75,N,2
52.41248,25.39315,324.32,0.52,0.41,2018-10-20,0001,N20,VIIRS,n,2,278.51,2.29,N,0
52.84695,29.98866,339.65,0.4,0.37,2018-10-20,0001,N20,VIIRS,n,2,281.08,4.51,N,2
53.27037,31.01332,337.01,0.47,0.47,2018-10-20,0950,N20,VIIRS,n,2,284.75,5.71,D,0
52.7173,24.51036,333.27,0.42,0.61,2018-10-20,0950,N20,VIIRS,n,2,282.97,2.67,D,0
53.72112,31.90389,334.12,0.42,0.45,2018-10-20,0950,N20,VIIRS,n,2,281.24,2.05,D,0
53.70707,31.92059,326.37,0.42,0.45,2018-10-20,0950,N20,VIIRS,n,2,280.75,4.15,D,0
53.26868,31.00676,335.86,0.47,0.47,2018-10-20,0950,N20,VIIRS,n,2,285.26,6.25,D,0
51.93493,26.12189,327.28,0.42,0.45,2018-10-20,1130,N20,VIIRS,n,2,280.09,2.22,D,0
51.95913,26.10452,332.02,0.42,0.45,2018-10-20,1130,N20,VIIRS,n,2,287.01,3.75,D,0
51.9596,26.11073,344.53,0.42,0.45,2018-10-20,1130,N20,VIIRS,n,2,286.78,6.44,D,0
53.03513,30.14985,329.56,0.32,0.54,2018-10-20,1131,N20,VIIRS,n,2,283.4,2.14,D,0
52.84405,29.99586,328.99,0.63,0.54,2018-10-20,1131,N20,VIIRS,n,2,282.87,7.89,D,2
52.84809,29.98547,318.28,0.53,0.42,2018-10-20,2342,N20,VIIRS,n,2,275.12,3.5,N,2
53.39492,32.01125,305.35,0.46,0.39,2018-10-20,2342,N20,VIIRS,n,2,278.35,1.85,N,2
52.84734,29.99337,320.07,0.53,0.42,2018-10-20,2342,N20,VIIRS,n,2,276.63,3.38,N,2
51.65916,27.21245,303.3,0.44,0.46,2018-10-20,2343,N20,VIIRS,n,2,276.46,1.89,N,0
51.65867,27.21883,307.75,0.44,0.46,2018-10-20,2343,N20,VIIRS,n,2,280.94,3.1,N,0
52.84638,29.98829,309.85,0.45,0.63,2018-10-21,0122,N20,VIIRS,n,2,275.09,1.27,N,2
51.93422,26.11577,307.19,0.34,0.56,2018-10-21,0123,N20,VIIRS,n,2,272.21,0.9,N,0
52.40895,25.38422,348.37,0.6,0.71,2018-10-21,0932,N20,VIIRS,n,2,281.52,8.68,D,0
54.10907,30.57748,331.53,0.34,0.56,2018-10-21,0932,N20,VIIRS,n,2,281.24,2.49,D,0
51.88959,23.86321,332.17,0.4,0.37,2018-10-21,1111,N20,VIIRS,n,2,283.35,2.59,D,0
51.61972,27.54328,325.08,0.48,0.4,2018-10-21,1111,N20,VIIRS,n,2,287.98,3.51,D,0
51.62044,27.55016,345.99,0.48,0.4,2018-10-21,1111,N20,VIIRS,n,2,293.69,10.91,D,0
52.40945,25.37908,331.51,0.42,0.38,2018-10-21,1112,N20,VIIRS,n,2,286.27,4.37,D,0
52.40601,25.38019,336.34,0.42,0.38,2018-10-21,1112,N20,VIIRS,n,2,285.77,4.37,D,0
53.8309,31.57713,331.45,0.47,0.48,2018-10-21,1112,N20,VIIRS,n,2,283.1,2.44,D,0
52.84656,29.98876,337.01,0.4,0.44,2018-10-21,1112,N20,VIIRS,n,2,290.13,7.04,D,2
52.23929,24.90907,325.58,0.44,0.63,2018-10-21,2323,N20,VIIRS,n,2,272.77,2.06,N,0
53.39557,32.00954,301.33,0.46,0.47,2018-10-21,2323,N20,VIIRS,n,2,275.16,1.05,N,2
52.84805,29.98841,334.85,0.54,0.51,2018-10-21,2323,N20,VIIRS,n,2,274.53,5.21,N,2
52.23991,24.9047,302.12,0.44,0.63,2018-10-21,2323,N20,VIIRS,n,2,271.61,1.52,N,0
52.2398,24.91134,311.44,0.44,0.63,2018-10-21,2323,N20,VIIRS,n,2,272.34,1.52,N,0
51.89425,29.33914,320.44,0.57,0.52,2018-10-21,2323,N20,VIIRS,n,2,274.59,2.33,N,2
51.88946,29.3384,296.1,0.57,0.52,2018-10-21,2323,N20,VIIRS,n,2,272.97,2.33,N,2
51.50465,27.67536,302.11,0.33,0.56,2018-10-21,2324,N20,VIIRS,n,2,274.66,0.8,N,0
51.65868,27.21386,295.75,0.35,0.57,2018-10-21,2324,N20,VIIRS,n,2,274.12,0.97,N,0
51.6254,27.54719,305.06,0.34,0.56,2018-10-21,2324,N20,VIIRS,n,2,275.36,1.93,N,0
52.84738,29.98737,319.54,0.59,0.53,2018-10-22,0104,N20,VIIRS,n,2,273.44,3.18,N,2
51.89376,29.33886,314.24,0.6,0.53,2018-10-22,0104,N20,VIIRS,n,2,275.13,2.7,N,2
51.88929,29.33557,305.88,0.6,0.53,2018-10-22,0104,N20,VIIRS,n,2,273.24,1.77,N,2
51.89277,29.33584,304.54,0.6,0.53,2018-10-22,0104,N20,VIIRS,n,2,274.84,2.8,N,2
51.89047,29.34379,310.35,0.6,0.53,2018-10-22,0104,N20,VIIRS,n,2,273.58,2.09,N,2
52.63607,30.37691,325.4,0.58,0.7,2018-10-22,0913,N20,VIIRS,n,2,282.59,6.42,D,0
52.63708,30.37204,348.24,0.58,0.7,2018-10-22,0913,N20,VIIRS,n,2,284.4,8.73,D,0
53.2681,31.01123,351.31,0.52,0.67,2018-10-22,0913,N20,VIIRS,n,2,282.65,7.18,D,0
53.73012,31.78663,326.26,0.47,0.64,2018-10-22,0913,N20,VIIRS,n,2,279.77,2.37,D,0
54.23332,30.60889,329.47,0.49,0.65,2018-10-22,0913,N20,VIIRS,n,2,281.56,5.3,D,0
54.24086,30.61009,328.64,0.49,0.65,2018-10-22,0913,N20,VIIRS,n,2,280.42,6.33,D,0
52.63335,30.36957,343.17,0.58,0.7,2018-10-22,0913,N20,VIIRS,n,2,284.62,6.42,D,0
51.88833,29.34018,326.05,0.41,0.37,2018-10-22,1052,N20,VIIRS,n,2,289.12,3.62,D,2
51.89169,29.33903,331.32,0.41,0.37,2018-10-22,1052,N20,VIIRS,n,2,291.1,3.62,D,2
51.92656,29.94105,327.57,0.42,0.37,2018-10-22,1052,N20,VIIRS,n,2,287.98,3.45,D,0
52.118,31.39362,329.56,0.45,0.39,2018-10-22,1052,N20,VIIRS,n,2,283.58,4.17,D,0
51.6169,27.54733,333.01,0.39,0.36,2018-10-22,1052,N20,VIIRS,n,2,291.61,3.6,D,0
51.95341,29.95732,345.75,0.42,0.37,2018-10-22,1052,N20,VIIRS,n,2,291.01,8.24,D,0
51.62422,27.55034,329.46,0.39,0.36,2018-10-22,1052,N20,VIIRS,n,2,290.03,4.77,D,0
51.62341,27.54485,337,0.39,0.36,2018-10-22,1052,N20,VIIRS,n,2,294.75,8.32,D,0
52.44055,30.56616,326.41,0.43,0.38,2018-10-22,1052,N20,VIIRS,n,2,282.91,3.13,D,0
52.25023,29.10056,331.74,0.4,0.37,2018-10-22,1052,N20,VIIRS,n,2,287.2,1.85,D,0
52.00487,27.46008,326.76,0.39,0.36,2018-10-22,1052,N20,VIIRS,n,2,283.21,1.57,D,0
51.85483,26.53477,337.4,0.38,0.36,2018-10-22,1052,N20,VIIRS,n,2,285.04,2.9,D,0
52.32175,30.08411,327.82,0.42,0.38,2018-10-22,1052,N20,VIIRS,n,2,285.81,2.72,D,0
52.16035,31.53044,326.87,0.46,0.39,2018-10-22,1052,N20,VIIRS,n,2,286.8,4.32,D,0
52.71875,27.95364,333.66,0.39,0.36,2018-10-22,1053,N20,VIIRS,n,2,283.29,4.28,D,0
54.24208,30.60835,337.26,0.45,0.39,2018-10-22,1053,N20,VIIRS,n,2,283,6.31,D,0
54.23853,30.6095,330.81,0.45,0.39,2018-10-22,1053,N20,VIIRS,n,2,285.5,6.31,D,0
54.23497,30.61065,328.31,0.45,0.39,2018-10-22,1053,N20,VIIRS,n,2,284.43,6,D,0
53.73793,26.9745,327.24,0.39,0.36,2018-10-22,1053,N20,VIIRS,n,2,283.53,1.93,D,0
54.11205,30.54399,338.23,0.45,0.39,2018-10-22,1053,N20,VIIRS,n,2,287.62,19.8,D,0
53.61593,27.61122,335.74,0.39,0.36,2018-10-22,1053,N20,VIIRS,n,2,286.31,4.74,D,0
53.5268,31.19041,326.8,0.46,0.39,2018-10-22,1053,N20,VIIRS,n,2,283.58,10.63,D,0
53.23693,29.60447,336.17,0.42,0.38,2018-10-22,1053,N20,VIIRS,n,2,285.34,3.28,D,0
52.74737,27.9851,328.71,0.39,0.36,2018-10-22,1053,N20,VIIRS,n,2,284,2.59,D,0
52.63398,30.36952,334.71,0.43,0.38,2018-10-22,1053,N20,VIIRS,n,2,288.52,3.08,D,0
52.35833,28.23345,328.25,0.39,0.36,2018-10-22,1053,N20,VIIRS,n,2,286.17,2.24,D,0
52.63744,30.36842,352.9,0.43,0.38,2018-10-22,1053,N20,VIIRS,n,2,294.95,30.64,D,0
52.63668,30.36207,325.29,0.43,0.38,2018-10-22,1053,N20,VIIRS,n,2,285.59,6.29,D,0
52.84578,29.98948,326.7,0.43,0.38,2018-10-22,1053,N20,VIIRS,n,2,287.89,3.05,D,2
55.74948,30.04127,330.04,0.46,0.39,2018-10-22,1053,N20,VIIRS,n,2,283.7,3.34,D,0
54.21187,26.83829,328.27,0.39,0.36,2018-10-22,1053,N20,VIIRS,n,2,284.4,3.32,D,0
54.23323,28.83897,329.55,0.41,0.37,2018-10-22,1053,N20,VIIRS,n,2,282.24,3.31,D,0
54.11556,28.93037,327.78,0.41,0.37,2018-10-22,1053,N20,VIIRS,n,2,284.07,2.49,D,0
51.89341,29.32993,298.33,0.46,0.63,2018-10-22,2304,N20,VIIRS,n,2,274.24,2.76,N,0
53.39631,32.01286,297.08,0.36,0.57,2018-10-22,2304,N20,VIIRS,n,2,275.99,0.89,N,2
51.89333,29.33674,333.35,0.46,0.63,2018-10-22,2304,N20,VIIRS,n,2,275.94,3.37,N,2
52.39688,25.41054,303.32,0.44,0.38,2018-10-23,0045,N20,VIIRS,n,2,277.53,0.87,N,0
52.39729,25.41158,302.32,0.44,0.38,2018-10-23,0045,N20,VIIRS,n,2,277.63,1.03,N,0
52.33246,29.97418,335.38,0.39,0.36,2018-10-23,1034,N20,VIIRS,n,2,272.29,3.73,D,0
51.89343,29.34234,327.91,0.4,0.37,2018-10-23,1034,N20,VIIRS,n,2,281.12,1.65,D,2
51.95378,29.51749,328.02,0.39,0.36,2018-10-23,1034,N20,VIIRS,n,2,278.42,3.23,D,0
53.07912,28.02498,327.46,0.4,0.37,2018-10-23,1034,N20,VIIRS,n,2,270.78,4.17,D,0
52.67397,25.03104,340.34,0.36,0.57,2018-10-25,0957,N20,VIIRS,n,2,278.68,3.11,D,0
52.81429,31.2263,326.16,0.41,0.61,2018-10-25,1137,N20,VIIRS,n,2,275.72,2.05,D,0
53.39467,32.01321,299.49,0.42,0.38,2018-10-25,2348,N20,VIIRS,n,2,274.43,0.91,N,2
51.89263,29.34281,297.17,0.48,0.4,2018-10-25,2349,N20,VIIRS,n,2,274.17,1.09,N,2
53.12041,24.88799,330.49,0.52,0.67,2018-10-26,0938,N20,VIIRS,n,2,276.15,2.61,D,0
53.39809,25.69689,325.61,0.47,0.64,2018-10-26,0938,N20,VIIRS,n,2,277.15,2.45,D,0
51.80443,30.46841,327.55,0.47,0.48,2018-10-26,1118,N20,VIIRS,n,2,278.5,29.89,D,0
51.80396,30.46154,341.87,0.47,0.48,2018-10-26,1118,N20,VIIRS,n,2,293.68,29.89,D,0
53.77965,24.44126,326.52,0.45,0.39,2018-10-26,1118,N20,VIIRS,n,2,278.84,3.65,D,0
53.65498,31.51325,329.25,0.4,0.37,2018-10-28,1040,N20,VIIRS,n,2,279.08,5.35,D,0
52.45402,24.33596,336.57,0.34,0.56,2018-10-30,1003,N20,VIIRS,n,2,285.89,3.18,D,0
52.45219,24.33572,339.58,0.33,0.56,2018-10-30,1003,N20,VIIRS,n,2,286.49,2.88,D,0
51.6677,30.47519,326.7,0.4,0.37,2018-11-03,1027,N20,VIIRS,n,2,273.76,3.65,D,0
51.81498,30.35335,325.81,0.4,0.37,2018-11-03,1027,N20,VIIRS,n,2,279.7,2.42,D,0
52.03693,29.59671,337.19,0.42,0.37,2018-11-03,1027,N20,VIIRS,n,2,280.39,6.99,D,0
52.34933,30.32944,342.42,0.4,0.37,2018-11-03,1027,N20,VIIRS,n,2,277.4,4.77,D,0
52.84549,29.98969,337.74,0.4,0.37,2018-11-03,1027,N20,VIIRS,n,2,275.15,5.26,D,2
52.62413,29.93909,325.52,0.54,0.42,2018-11-04,1009,N20,VIIRS,n,2,284.14,2.34,D,0
52.84814,29.99284,331.28,0.5,0.66,2018-11-04,1149,N20,VIIRS,n,2,281.72,3.35,D,2
53.39478,32.01419,314.28,0.39,0.36,2018-11-05,0001,N20,VIIRS,n,2,278.4,1.99,N,2
52.8545,29.9961,297.39,0.4,0.37,2018-11-05,0001,N20,VIIRS,n,2,276.72,0.62,N,2
52.85118,29.99485,295.2,0.4,0.37,2018-11-05,0001,N20,VIIRS,n,2,273.35,0.62,N,2
52.84866,29.98774,326.64,0.4,0.37,2018-11-05,0001,N20,VIIRS,n,2,274.88,4.37,N,2
52.84785,29.9936,316.85,0.4,0.37,2018-11-05,0001,N20,VIIRS,n,2,273.72,3.66,N,2
51.89402,29.33894,323.95,0.4,0.37,2018-11-05,0001,N20,VIIRS,n,2,280.9,1.18,N,2
51.89069,29.33775,306.53,0.4,0.37,2018-11-05,0001,N20,VIIRS,n,2,278.88,1.18,N,2
51.8944,29.33974,311.93,0.4,0.37,2018-11-05,0001,N20,VIIRS,n,2,279.41,0.86,N,2
53.58693,31.9514,296.34,0.39,0.36,2018-11-05,0001,N20,VIIRS,n,2,273.36,0.63,N,2
52.84819,29.98779,297.3,0.66,0.73,2018-11-05,0141,N20,VIIRS,n,2,275.07,1.35,N,2
51.89354,29.3347,302.7,0.68,0.74,2018-11-05,0141,N20,VIIRS,n,2,277.93,3.39,N,2
51.89021,29.34307,309.96,0.68,0.74,2018-11-05,0141,N20,VIIRS,n,2,277.55,2.83,N,2
51.89645,29.33929,299.32,0.68,0.74,2018-11-05,0141,N20,VIIRS,n,2,277.36,1.91,N,2
53.49507,31.21507,331.52,0.45,0.47,2018-11-05,0950,N20,VIIRS,n,2,281.36,3.76,D,0
52.04543,26.22776,334.76,0.43,0.46,2018-11-05,1130,N20,VIIRS,n,2,284.87,4.73,D,0
51.44687,30.49763,325.86,0.32,0.55,2018-11-05,1130,N20,VIIRS,n,2,282.5,3.84,D,0
51.96513,29.22615,326.56,0.57,0.52,2018-11-05,1130,N20,VIIRS,n,2,281.98,3.9,D,0
52.5522,28.71538,329.61,0.55,0.51,2018-11-05,1130,N20,VIIRS,n,2,281.98,3.76,D,0
52.82199,29.00214,326.39,0.57,0.52,2018-11-05,1130,N20,VIIRS,n,2,280.48,5.83,D,0
53.39508,32.01431,306.8,0.47,0.39,2018-11-05,2342,N20,VIIRS,n,2,277.44,1.96,N,2
52.84878,29.99303,325.91,0.53,0.42,2018-11-05,2342,N20,VIIRS,n,2,277.41,5.32,N,2
51.89314,29.3409,295.69,0.55,0.43,2018-11-05,2342,N20,VIIRS,n,2,278.13,1.4,N,2
51.88924,29.33992,300.57,0.55,0.43,2018-11-05,2342,N20,VIIRS,n,2,277.98,1.5,N,2
52.84829,29.99284,304.26,0.45,0.63,2018-11-06,0122,N20,VIIRS,n,2,275.83,2.16,N,2
52.41653,30.30305,325.16,0.4,0.6,2018-11-06,0931,N20,VIIRS,n,2,279.91,2.81,D,0
52.30826,30.24025,356.1,0.4,0.6,2018-11-06,0931,N20,VIIRS,l,2,283.36,9.68,D,0
52.0884,29.57271,332.21,0.44,0.62,2018-11-06,0931,N20,VIIRS,n,2,280.98,3.14,D,0
52.30656,30.23499,333.44,0.4,0.6,2018-11-06,0931,N20,VIIRS,n,2,282.64,10.12,D,0
52.84701,29.99023,326.02,0.4,0.6,2018-11-06,0931,N20,VIIRS,n,2,282.85,2.44,D,2
52.09101,29.57016,329.01,0.44,0.62,2018-11-06,0931,N20,VIIRS,n,2,280.14,2.55,D,0
52.30626,30.23545,329.68,0.4,0.6,2018-11-06,0931,N20,VIIRS,n,2,281.99,6.35,D,0
51.90954,30.41512,334.33,0.41,0.61,2018-11-06,0931,N20,VIIRS,n,2,280.95,2.86,D,0
51.90995,30.41516,331.12,0.41,0.61,2018-11-06,0931,N20,VIIRS,n,2,280.55,3.19,D,0
52.30794,30.24072,356.29,0.4,0.6,2018-11-06,0931,N20,VIIRS,l,2,283.18,6.35,D,0
52.08926,29.56869,343.47,0.57,0.43,2018-11-06,1111,N20,VIIRS,n,2,284.21,11.64,D,0
51.90939,30.41801,332.17,0.41,0.45,2018-11-06,1111,N20,VIIRS,n,2,282.15,3.61,D,0
52.19521,30.53899,340.13,0.41,0.45,2018-11-06,1111,N20,VIIRS,n,2,285.08,10.91,D,0
52.20984,29.67777,327.36,0.38,0.43,2018-11-06,1111,N20,VIIRS,n,2,283.15,4.49,D,0
52.30688,30.23969,341.48,0.4,0.44,2018-11-06,1111,N20,VIIRS,n,2,284.43,10.62,D,0
52.30638,30.23372,346.35,0.4,0.44,2018-11-06,1111,N20,VIIRS,n,2,290.05,10.62,D,0
52.31097,30.23883,347.06,0.4,0.44,2018-11-06,1111,N20,VIIRS,n,2,285.58,10.62,D,0
52.31047,30.23288,337.62,0.4,0.44,2018-11-06,1111,N20,VIIRS,n,2,284.14,10.62,D,0
52.30472,30.23192,353.33,0.4,0.44,2018-11-06,1111,N20,VIIRS,n,2,287.95,12.84,D,0
52.30928,30.23702,353.35,0.4,0.44,2018-11-06,1111,N20,VIIRS,n,2,290.48,24.07,D,0
52.30881,30.23106,345.42,0.4,0.44,2018-11-06,1111,N20,VIIRS,n,2,283.55,12.84,D,0
52.27247,29.04435,330.52,0.54,0.42,2018-11-06,1111,N20,VIIRS,n,2,282.23,4.41,D,0
52.3434,29.65693,325.15,0.38,0.43,2018-11-06,1111,N20,VIIRS,n,2,280.81,1.64,D,0
52.99883,30.95143,334.91,0.44,0.46,2018-11-06,1112,N20,VIIRS,n,2,282.32,3.63,D,0
51.89008,29.33152,303.86,0.57,0.52,2018-11-06,2323,N20,VIIRS,n,2,274.08,0.96,N,2
51.89443,29.34069,297.15,0.57,0.52,2018-11-06,2323,N20,VIIRS,n,2,274.59,0.69,N,2
52.84788,29.99066,299.9,0.55,0.51,2018-11-06,2323,N20,VIIRS,n,2,273.64,0.93,N,2
52.84647,29.98703,315.27,0.59,0.53,2018-11-07,0103,N20,VIIRS,n,2,273.94,2.35,N,2
51.89039,29.34214,310.77,0.6,0.53,2018-11-07,0104,N20,VIIRS,n,2,274.61,1.32,N,2
51.88855,29.33597,302.79,0.6,0.53,2018-11-07,0104,N20,VIIRS,n,2,273.42,1.23,N,2
52.26555,28.39232,326.68,0.39,0.37,2018-11-07,1052,N20,VIIRS,n,2,281.79,2.07,D,0
52.06045,29.93482,342.02,0.42,0.37,2018-11-07,1052,N20,VIIRS,n,2,280.34,5.08,D,0
52.06385,29.9337,325.84,0.42,0.37,2018-11-07,1052,N20,VIIRS,n,2,279.56,3.12,D,0
51.8902,27.83743,325.83,0.39,0.36,2018-11-07,1052,N20,VIIRS,n,2,283.54,1.95,D,0
52.01022,28.59156,329.08,0.4,0.37,2018-11-07,1052,N20,VIIRS,n,2,281.46,2.99,D,0
52.28178,29.09105,341.06,0.4,0.37,2018-11-07,1052,N20,VIIRS,n,2,281.21,4.51,D,0
52.27482,29.03835,331.8,0.4,0.37,2018-11-07,1052,N20,VIIRS,n,2,282.59,7.13,D,0
52.52355,29.05863,335.87,0.4,0.37,2018-11-07,1053,N20,VIIRS,n,2,279.93,4.06,D,0
52.30731,27.43291,327.21,0.39,0.36,2018-11-07,1053,N20,VIIRS,n,2,283.25,1.93,D,0
52.26121,27.00392,328.39,0.38,0.36,2018-11-07,1053,N20,VIIRS,n,2,284.41,1.75,D,0
52.85674,28.49416,342.27,0.4,0.37,2018-11-07,1053,N20,VIIRS,n,2,286.02,10.2,D,0
52.86823,28.37334,325.29,0.4,0.37,2018-11-07,1053,N20,VIIRS,n,2,281.59,2.31,D,0
52.85004,29.98554,306.63,0.43,0.62,2018-11-07,2304,N20,VIIRS,n,2,273.23,1.12,N,2
51.89333,29.3355,311.6,0.46,0.63,2018-11-07,2304,N20,VIIRS,n,2,274.44,1.3,N,2
52.8478,29.98741,336.6,0.39,0.44,2018-11-08,0045,N20,VIIRS,n,2,274.13,5.67,N,2
52.84647,29.99291,331.68,0.39,0.44,2018-11-08,0045,N20,VIIRS,n,2,273.83,5.67,N,2
52.84586,29.99165,331.83,0.39,0.44,2018-11-08,0045,N20,VIIRS,n,2,275.12,8.02,N,2
52.84716,29.98614,298.38,0.39,0.44,2018-11-08,0045,N20,VIIRS,n,2,273.65,4.29,N,2
53.27192,24.44337,298.77,0.41,0.37,2018-11-08,0045,N20,VIIRS,n,2,277.25,0.75,N,2
53.25989,24.45011,299.58,0.41,0.37,2018-11-08,0045,N20,VIIRS,n,2,279.41,0.76,N,2
51.89426,29.33933,296.29,0.39,0.44,2018-11-08,0045,N20,VIIRS,n,2,274.54,0.57,N,2
51.89044,29.33699,300.61,0.39,0.44,2018-11-08,0045,N20,VIIRS,n,2,273.11,0.57,N,2
51.69222,28.73587,332.04,0.41,0.37,2018-11-08,1033,N20,VIIRS,n,2,281.78,2.89,D,0
51.84783,30.45697,331.68,0.39,0.36,2018-11-08,1033,N20,VIIRS,n,2,284.11,3.8,D,0
51.85506,30.39513,337.29,0.39,0.36,2018-11-08,1033,N20,VIIRS,n,2,281.29,5.06,D,0
51.85416,30.38964,343.34,0.39,0.36,2018-11-08,1033,N20,VIIRS,n,2,281.07,5.06,D,0
51.85326,30.38415,327.08,0.39,0.36,2018-11-08,1033,N20,VIIRS,n,2,280.6,2.81,D,0
51.8583,30.39375,327.96,0.39,0.36,2018-11-08,1033,N20,VIIRS,n,2,279.65,15.96,D,0
51.8574,30.38826,332.37,0.39,0.36,2018-11-08,1033,N20,VIIRS,n,2,289.46,15.96,D,0
51.8565,30.38276,344.59,0.39,0.36,2018-11-08,1033,N20,VIIRS,n,2,283.32,9.58,D,0
51.89255,30.18295,334.44,0.39,0.36,2018-11-08,1033,N20,VIIRS,n,2,280.92,9.4,D,0
51.78677,29.29191,328.44,0.4,0.37,2018-11-08,1033,N20,VIIRS,n,2,280.11,2.26,D,0
52.06063,30.38583,326.83,0.39,0.36,2018-11-08,1034,N20,VIIRS,n,2,280.79,3.55,D,0
52.05973,30.38032,329.34,0.39,0.36,2018-11-08,1034,N20,VIIRS,n,2,282.02,3.55,D,0
52.21104,29.68483,344.08,0.39,0.36,2018-11-08,1034,N20,VIIRS,n,2,282.66,9.79,D,0
52.2101,29.67924,342.95,0.39,0.36,2018-11-08,1034,N20,VIIRS,n,2,284.75,9.79,D,0
52.21429,29.68337,335.48,0.39,0.36,2018-11-08,1034,N20,VIIRS,n,2,277.75,9.79,D,0
52.12309,28.33614,334.33,0.41,0.37,2018-11-08,1034,N20,VIIRS,n,2,282.02,2.19,D,0
52.28238,29.09177,326.44,0.4,0.37,2018-11-08,1034,N20,VIIRS,n,2,282.07,3.02,D,0
51.9877,26.66093,325.2,0.45,0.39,2018-11-08,1034,N20,VIIRS,n,2,282.6,2.47,D,0
51.92451,25.99374,339.32,0.47,0.4,2018-11-08,1034,N20,VIIRS,n,2,283.8,8.41,D,0
51.92318,25.98722,328.88,0.47,0.4,2018-11-08,1034,N20,VIIRS,n,2,284.27,8.41,D,0
52.51318,28.70716,327.01,0.4,0.37,2018-11-08,1034,N20,VIIRS,n,2,280.67,2.86,D,0
52.09118,26.37407,327.22,0.45,0.39,2018-11-08,1034,N20,VIIRS,n,2,283.41,4.64,D,0
52.05236,25.68901,325.04,0.47,0.4,2018-11-08,1034,N20,VIIRS,n,2,281.76,2.81,D,0
52.36882,26.23951,337.15,0.45,0.39,2018-11-08,1034,N20,VIIRS,n,2,283.19,8.57,D,0
52.3708,26.23737,336.15,0.45,0.39,2018-11-08,1034,N20,VIIRS,n,2,283.52,9.42,D,0
51.98932,24.15354,327.89,0.53,0.42,2018-11-08,1034,N20,VIIRS,n,2,283.35,4.12,D,0
52.95239,25.87558,327.54,0.45,0.39,2018-11-08,1034,N20,VIIRS,n,2,280.54,2.37,D,0
52.84879,29.98778,301.58,0.43,0.38,2018-11-09,0026,N20,VIIRS,n,2,272.4,0.8,N,2
52.84761,29.99388,297.73,0.43,0.38,2018-11-09,0026,N20,VIIRS,n,2,272.15,0.8,N,2
53.27137,24.44227,298.32,0.39,0.36,2018-11-09,0026,N20,VIIRS,n,2,275.95,0.78,N,2
52.24924,27.26818,328.1,0.4,0.44,2018-11-09,1015,N20,VIIRS,n,2,278.96,2.73,D,0
51.73727,29.10226,325.53,0.53,0.67,2018-11-09,1156,N20,VIIRS,n,2,281.35,5.99,D,0
53.15485,25.3267,327.48,0.37,0.58,2018-11-09,1156,N20,VIIRS,n,2,279.72,1.96,D,0
51.88921,29.33572,298.44,0.39,0.36,2018-11-10,0008,N20,VIIRS,n,2,268.69,0.48,N,2
52.8483,29.98471,315.42,0.37,0.58,2018-11-12,2310,N20,VIIRS,n,2,269.2,2.13,N,2
53.39571,32.01256,297.14,0.62,0.54,2018-11-12,2310,N20,VIIRS,n,2,269.6,1.11,N,2
53.3956,32.00785,295.37,0.62,0.54,2018-11-12,2310,N20,VIIRS,n,2,269.21,1.66,N,2
52.85018,29.98667,332.81,0.37,0.58,2018-11-12,2310,N20,VIIRS,n,2,270.41,2.7,N,2
52.84813,29.99032,305.55,0.37,0.58,2018-11-12,2310,N20,VIIRS,n,2,269.58,2.26,N,2
52.06791,29.95287,328.04,0.38,0.36,2018-11-13,1040,N20,VIIRS,n,2,273.94,2.67,D,0
52.46544,30.12726,330.35,0.38,0.36,2018-11-13,1040,N20,VIIRS,n,2,273.63,2.08,D,0
52.0097,30.34016,326.12,0.38,0.36,2018-11-13,1040,N20,VIIRS,n,2,274.36,2.72,D,0
52.54869,30.18044,337.4,0.39,0.36,2018-11-13,1040,N20,VIIRS,n,2,274.62,4.03,D,0
52.55194,30.17914,337.65,0.39,0.36,2018-11-13,1040,N20,VIIRS,n,2,273.26,4.03,D,0
52.5907,30.4186,336.2,0.39,0.36,2018-11-13,1040,N20,VIIRS,n,2,274.11,4.39,D,0
52.55345,30.14304,328.98,0.39,0.36,2018-11-13,1040,N20,VIIRS,n,2,273.75,2.77,D,0
52.84639,29.9888,331.37,0.39,0.36,2018-11-13,1040,N20,VIIRS,n,2,277.51,17.37,D,2
53.39691,32.01161,302.35,0.4,0.37,2018-11-15,2354,N20,VIIRS,n,2,271.32,0.87,N,2
53.45828,30.63779,303.56,0.42,0.38,2018-11-15,2354,N20,VIIRS,n,2,270.53,0.93,N,0
52.21678,30.4116,338.81,0.42,0.37,2018-11-15,2355,N20,VIIRS,n,2,271.15,8.04,N,0
52.84598,29.98634,318.6,0.58,0.7,2018-11-16,0134,N20,VIIRS,n,2,269.33,1.98,N,2
52.84884,29.98957,321.71,0.58,0.7,2018-11-16,0135,N20,VIIRS,n,2,269.76,2.74,N,2
52.21267,30.41262,330.28,0.63,0.72,2018-11-16,0135,N20,VIIRS,n,2,265.86,5.9,N,0
52.21576,30.40469,318.41,0.63,0.72,2018-11-16,0135,N20,VIIRS,n,2,264.74,5.12,N,0
52.21316,30.41418,330.76,0.63,0.72,2018-11-16,0135,N20,VIIRS,n,2,266.48,4.22,N,0
52.21621,30.40622,317.14,0.63,0.72,2018-11-16,0135,N20,VIIRS,n,2,265.08,4.22,N,0
51.89248,29.3386,311.24,0.6,0.7,2018-11-16,0135,N20,VIIRS,n,2,270.59,1.97,N,2
51.89099,29.33754,303,0.6,0.7,2018-11-16,0135,N20,VIIRS,n,2,270.03,1.72,N,2
51.6314,29.42486,331.72,0.35,0.57,2018-11-16,0943,N20,VIIRS,n,2,272.77,2.17,D,0
51.91325,30.021,326.4,0.32,0.55,2018-11-16,0943,N20,VIIRS,n,2,271.85,1.65,D,0
51.89173,29.34137,327.87,0.34,0.56,2018-11-16,0944,N20,VIIRS,n,2,276.07,1.79,D,2
52.84727,29.9926,337.72,0.6,0.53,2018-11-16,0944,N20,VIIRS,n,2,276.06,14.23,D,2
52.84446,29.98836,326.37,0.54,0.5,2018-11-16,1124,N20,VIIRS,n,2,275,6.42,D,2
52.84676,29.98903,336.83,0.54,0.5,2018-11-16,1124,N20,VIIRS,n,2,276.1,4.5,D,2
53.27414,24.43759,300.61,0.35,0.56,2018-11-16,2336,N20,VIIRS,n,2,269.17,1.17,N,2
52.84768,29.98851,322.17,0.41,0.45,2018-11-16,2336,N20,VIIRS,n,2,268.19,2.44,N,2
52.21612,30.41299,338.48,0.39,0.44,2018-11-16,2336,N20,VIIRS,n,2,267.39,9.03,N,0
51.89239,29.33398,303.78,0.42,0.45,2018-11-16,2336,N20,VIIRS,n,2,267.97,1.13,N,2
51.89189,29.34017,305.77,0.42,0.45,2018-11-16,2336,N20,VIIRS,n,2,267.42,1.4,N,2
52.21389,30.40852,350.69,0.42,0.61,2018-11-17,0116,N20,VIIRS,n,2,261.51,5.84,N,0
52.84592,29.98449,329.42,0.39,0.59,2018-11-17,0116,N20,VIIRS,n,2,264.98,4.03,N,2
52.21609,30.41444,367,0.42,0.61,2018-11-17,0116,N20,VIIRS,h,2,263.95,8.74,N,0
51.89406,29.34294,301.6,0.4,0.6,2018-11-17,0116,N20,VIIRS,n,2,266.41,0.73,N,2
51.88912,29.3389,302.27,0.4,0.6,2018-11-17,0116,N20,VIIRS,n,2,266.77,0.73,N,2
51.8369,28.75433,329.45,0.47,0.39,2018-11-17,1105,N20,VIIRS,n,2,274.71,3.99,D,0
52.84489,29.98779,327.77,0.52,0.42,2018-11-17,1105,N20,VIIRS,n,2,277.74,5.69,D,2
52.44261,25.77532,327.79,0.4,0.37,2018-11-17,1105,N20,VIIRS,n,2,274.55,2.46,D,0
52.72368,27.94534,336,0.45,0.39,2018-11-17,1105,N20,VIIRS,n,2,274.68,3.66,D,0
52.84862,29.98732,313.39,0.51,0.5,2018-11-18,0057,N20,VIIRS,n,2,268.05,2.54,N,2
51.89079,29.33526,300.36,0.4,0.37,2018-11-20,0020,N20,VIIRS,n,2,268.96,1.15,N,2
51.88979,29.34086,295.26,0.4,0.37,2018-11-20,0020,N20,VIIRS,n,2,269.07,1.15,N,2
52.84739,29.9939,332.43,0.62,0.54,2018-11-21,1130,N20,VIIRS,n,2,272.94,5.93,D,2
52.84385,29.98932,332.91,0.46,0.47,2018-11-27,1118,N20,VIIRS,n,2,270.8,3.99,D,2
52.4239,30.87898,333.4,0.43,0.46,2018-11-27,2329,N20,VIIRS,n,2,301.85,140.42,N,0
52.4243,30.87531,367,0.38,0.59,2018-11-28,0110,N20,VIIRS,h,2,267.34,67.48,N,0
52.84661,29.99149,325.18,0.34,0.56,2018-11-28,0110,N20,VIIRS,n,2,265.19,2.78,N,2
53.2711,24.44332,301.3,0.41,0.45,2018-11-28,0110,N20,VIIRS,n,2,268.83,1.08,N,2
51.41111,29.44759,326.93,0.44,0.38,2018-11-28,1058,N20,VIIRS,n,2,271.41,2.35,D,0
52.9531,24.45228,325.3,0.45,0.39,2018-11-29,1040,N20,VIIRS,n,2,270.39,3.07,D,0
52.59091,27.72456,326.31,0.39,0.36,2018-11-29,1040,N20,VIIRS,n,2,267.41,2.25,D,0
52.90064,28.1289,335.16,0.39,0.36,2018-11-29,1040,N20,VIIRS,n,2,267.93,2.63,D,0
52.40279,25.3679,343.52,0.43,0.38,2018-11-29,1040,N20,VIIRS,n,2,271.38,5.09,D,0
52.06034,30.38407,338.5,0.39,0.36,2018-11-29,1040,N20,VIIRS,n,2,266.92,2.79,D,0
52.09745,29.99328,331.89,0.38,0.36,2018-11-29,1040,N20,VIIRS,n,2,268.81,5.88,D,0
52.42415,29.08557,326.35,0.38,0.36,2018-11-29,1040,N20,VIIRS,n,2,268.61,2.88,D,0
52.84539,29.98548,320.79,0.59,0.7,2018-11-29,2251,N20,VIIRS,n,2,258.13,2.45,N,2
52.84734,29.99405,321.16,0.47,0.39,2018-11-30,0032,N20,VIIRS,n,2,260,3.82,N,2
52.84871,29.98744,324.37,0.47,0.39,2018-11-30,0032,N20,VIIRS,n,2,259.53,3.82,N,2
51.89147,29.34443,326.45,0.46,0.39,2018-11-30,1021,N20,VIIRS,n,2,269.57,2.15,D,2
51.89234,29.34303,326.47,0.46,0.39,2018-11-30,1021,N20,VIIRS,n,2,270.06,3.93,D,2
53.27106,24.443,299.52,0.39,0.36,2018-12-05,0039,N20,VIIRS,n,2,269.43,0.86,N,2
53.27222,24.44064,306.11,0.42,0.37,2018-12-06,0020,N20,VIIRS,n,2,271.42,1.47,N,2
51.4345,29.49162,332.96,0.4,0.44,2018-12-06,1008,N20,VIIRS,n,2,272.82,1.93,D,0
