latitude,longitude,bright_ti4,scan,track,acq_date,acq_time,satellite,instrument,confidence,version,bright_ti5,frp,daynight,type
52.84879,29.98528,303.75,0.56,0.51,2022-01-01,2323,N20,VIIRS,n,2,269.87,0.94,N,2
52.84995,29.98795,325.29,0.58,0.52,2022-01-02,0103,N20,VIIRS,n,2,268.26,2.3,N,2
51.89067,29.33751,301.53,0.59,0.53,2022-01-02,0103,N20,VIIRS,n,2,270.3,1.73,N,2
53.27236,24.44032,295.27,0.41,0.61,2022-01-06,2329,N20,VIIRS,n,2,269.4,1.12,N,2
51.89484,29.33582,296.24,0.4,0.6,2022-01-07,2310,N20,VIIRS,n,2,268.21,0.85,N,2
51.88887,29.33818,298.12,0.44,0.46,2022-01-08,0051,N20,VIIRS,n,2,266.25,0.62,N,2
51.89217,29.34147,296.88,0.44,0.46,2022-01-08,0051,N20,VIIRS,n,2,267.18,1.72,N,2
52.84792,29.98686,367,0.33,0.55,2022-01-12,2316,N20,VIIRS,h,2,257.22,6.34,N,2
52.84889,29.98677,325.39,0.5,0.49,2022-01-13,0057,N20,VIIRS,n,2,254.69,3.41,N,2
52.84825,29.98742,319.25,0.39,0.36,2022-01-21,0007,N20,VIIRS,n,2,267.14,2.71,N,2
52.85391,29.99573,302.15,0.39,0.36,2022-01-21,0007,N20,VIIRS,n,2,271.65,0.7,N,2
52.84869,29.98744,326.24,0.54,0.42,2022-02-01,2342,N20,VIIRS,n,2,264.59,4.33,N,2
52.84618,29.99091,327.09,0.39,0.44,2022-02-04,0045,N20,VIIRS,n,2,264.14,2.89,N,2
52.84773,29.99128,327.98,0.39,0.44,2022-02-04,0045,N20,VIIRS,n,2,264.2,2.1,N,2
52.84792,29.98785,326.59,0.42,0.38,2022-02-05,0026,N20,VIIRS,n,2,261.93,2.42,N,2
52.84807,29.989,322.44,0.33,0.56,2022-02-08,0110,N20,VIIRS,n,2,259.87,1.61,N,2
52.84678,29.99705,331.07,0.61,0.53,2022-02-12,0944,N20,VIIRS,n,2,274.53,24.35,D,0
52.84987,29.99002,313.16,0.38,0.59,2022-02-13,0116,N20,VIIRS,n,2,267.42,1.55,N,2
51.89123,29.33946,349.35,0.39,0.6,2022-02-13,0116,N20,VIIRS,n,2,271.61,3.5,N,2
52.84683,29.98985,313.55,0.38,0.59,2022-02-13,0116,N20,VIIRS,n,2,268.79,2.16,N,2
51.88946,29.33954,330.21,0.48,0.4,2022-02-13,1105,N20,VIIRS,n,2,276.73,4.01,D,2
52.84579,29.98603,319.86,0.32,0.55,2022-02-13,2317,N20,VIIRS,n,2,267.17,1.73,N,2
51.88969,29.33311,299.92,0.34,0.56,2022-02-13,2317,N20,VIIRS,n,2,267.89,0.57,N,2
51.89469,29.33874,296.43,0.34,0.56,2022-02-13,2317,N20,VIIRS,n,2,269.13,0.57,N,2
52.84559,29.99087,298.87,0.32,0.55,2022-02-13,2317,N20,VIIRS,n,2,267.03,1.49,N,2
52.84782,29.99236,335.83,0.51,0.49,2022-02-14,0057,N20,VIIRS,n,2,268.31,5.9,N,2
51.88777,29.3372,296.68,0.51,0.5,2022-02-14,0058,N20,VIIRS,n,2,267.62,1.02,N,2
51.89199,29.3401,303.94,0.51,0.5,2022-02-14,0058,N20,VIIRS,n,2,269.1,1.02,N,2
51.89186,29.33979,328.7,0.39,0.36,2022-02-14,1046,N20,VIIRS,n,2,279.58,1.94,D,2
52.84845,29.99,301.37,0.51,0.66,2022-02-14,2258,N20,VIIRS,n,2,268.01,2.27,N,2
52.84879,29.98855,314.37,0.52,0.41,2022-02-15,0039,N20,VIIRS,n,2,269.18,2.37,N,2
53.27138,24.44385,305.7,0.39,0.36,2022-02-15,0039,N20,VIIRS,n,2,272.86,1.13,N,2
53.26396,24.44646,295.96,0.39,0.36,2022-02-15,0039,N20,VIIRS,n,2,272.64,0.67,N,2
51.90251,26.93287,346.02,0.58,0.7,2022-02-15,1208,N20,VIIRS,n,2,276.3,5.33,D,0
52.66571,26.85369,353.06,0.58,0.69,2022-02-15,1208,N20,VIIRS,n,2,278.09,6.6,D,0
51.90227,26.93266,343.02,0.58,0.7,2022-02-15,1208,N20,VIIRS,n,2,276.13,5.9,D,0
53.27129,24.44057,301.17,0.42,0.38,2022-02-16,0020,N20,VIIRS,n,2,273.37,0.83,N,2
52.84976,29.99234,299.61,0.4,0.37,2022-02-16,0020,N20,VIIRS,n,2,268.78,2.22,N,2
52.8465,29.99076,336.58,0.4,0.37,2022-02-16,0020,N20,VIIRS,n,2,270.34,2.22,N,2
51.88988,29.33889,298.15,0.4,0.37,2022-02-16,0020,N20,VIIRS,n,2,269.85,0.89,N,2
51.88899,29.33856,309.92,0.77,0.77,2022-02-22,0147,N20,VIIRS,n,2,273.09,1.88,N,2
53.27175,24.44189,295.37,0.45,0.63,2022-02-22,0148,N20,VIIRS,n,2,272.28,0.54,N,2
52.84828,29.98908,315.16,0.5,0.66,2022-02-23,0128,N20,VIIRS,n,2,270.19,1.77,N,2
51.71462,30.40832,339.77,0.46,0.47,2022-02-23,1118,N20,VIIRS,n,2,266.68,8.93,D,0
52.84972,29.98756,323.48,0.38,0.58,2022-02-24,2311,N20,VIIRS,n,2,272.36,2.54,N,2
52.8456,29.98705,326.64,0.38,0.58,2022-02-24,2311,N20,VIIRS,n,2,272.23,2.11,N,2
52.84714,29.9939,328.08,0.38,0.36,2022-02-25,1040,N20,VIIRS,n,2,278.85,9.58,D,2
51.89243,29.33982,331.23,0.38,0.36,2022-02-25,1040,N20,VIIRS,n,2,281.72,2.7,D,2
51.89435,29.3392,309.7,0.46,0.39,2022-02-26,0033,N20,VIIRS,n,2,272.83,1.16,N,2
51.89089,29.33735,307.02,0.46,0.39,2022-02-26,0033,N20,VIIRS,n,2,273.11,1.35,N,2
51.81305,29.94192,331.88,0.45,0.39,2022-02-26,1021,N20,VIIRS,n,2,280.15,3.74,D,0
52.84679,29.98848,328.03,0.43,0.38,2022-02-26,1021,N20,VIIRS,n,2,284.08,4.96,D,2
51.8907,29.34056,305.2,0.44,0.38,2022-02-27,2355,N20,VIIRS,n,2,269.96,1.6,N,2
52.8463,29.98989,322.6,0.43,0.38,2022-02-27,2355,N20,VIIRS,n,2,277.65,30.93,N,2
53.26961,24.43997,298.25,0.44,0.46,2022-02-27,2355,N20,VIIRS,n,2,267.37,1.68,N,2
52.85004,29.98811,303.55,0.57,0.69,2022-02-28,0135,N20,VIIRS,n,2,267.82,1.32,N,2
51.88908,29.34266,295.59,0.59,0.7,2022-02-28,0135,N20,VIIRS,n,2,268.7,1.41,N,2
51.89116,29.34184,304.67,0.59,0.7,2022-02-28,0135,N20,VIIRS,n,2,268.79,2.57,N,2
51.89184,29.33525,302.55,0.59,0.7,2022-02-28,0135,N20,VIIRS,n,2,268.55,1.95,N,2
52.02141,27.21252,328.15,0.41,0.61,2022-02-28,0944,N20,VIIRS,n,2,276.73,2.07,D,0
53.12585,30.86934,329.03,0.58,0.52,2022-02-28,1124,N20,VIIRS,n,2,274.81,6.18,D,0
51.89051,29.3458,331.64,0.49,0.49,2022-02-28,1124,N20,VIIRS,n,2,277.33,2.48,D,2
51.82648,29.94024,343.41,0.52,0.5,2022-02-28,1124,N20,VIIRS,n,2,280.66,6.43,D,0
52.41535,25.25843,299.08,0.64,0.54,2022-02-28,2336,N20,VIIRS,n,2,266.24,2.68,N,0
53.27023,24.43919,305.63,0.35,0.57,2022-02-28,2336,N20,VIIRS,n,2,267.24,1.75,N,2
53.12828,30.8616,328.83,0.38,0.43,2022-02-28,2336,N20,VIIRS,n,2,268.25,2.01,N,0
52.3944,25.2749,310.2,0.63,0.54,2022-02-28,2336,N20,VIIRS,n,2,267.43,2.47,N,0
52.39944,25.27552,318.02,0.63,0.54,2022-02-28,2336,N20,VIIRS,n,2,267.13,2.47,N,0
52.40911,25.28623,327.93,0.63,0.54,2022-02-28,2336,N20,VIIRS,n,2,268.06,5.98,N,0
52.41414,25.28687,315.49,0.63,0.54,2022-02-28,2336,N20,VIIRS,n,2,266.35,3.66,N,0
52.84819,29.99119,337.46,0.41,0.45,2022-02-28,2336,N20,VIIRS,n,2,258.97,4.56,N,2
53.26171,24.44963,297.45,0.46,0.47,2022-03-01,0116,N20,VIIRS,n,2,270.08,0.93,N,2
52.84943,29.99166,326.53,0.39,0.59,2022-03-01,0116,N20,VIIRS,n,2,267.88,2.15,N,2
52.8446,29.98743,325.16,0.39,0.59,2022-03-01,0116,N20,VIIRS,n,2,267.58,2.66,N,2
52.40334,25.28458,337.03,0.53,0.5,2022-03-01,0117,N20,VIIRS,n,2,267.54,3.76,N,0
52.41378,25.2836,300.79,0.53,0.5,2022-03-01,0117,N20,VIIRS,n,2,266.3,2.51,N,0
52.40759,25.28769,326.31,0.53,0.5,2022-03-01,0117,N20,VIIRS,n,2,267.67,3.76,N,0
52.41184,25.29078,323.02,0.53,0.5,2022-03-01,0117,N20,VIIRS,n,2,266.93,2.51,N,0
51.89018,29.34276,348.09,0.52,0.67,2022-03-01,0925,N20,VIIRS,n,2,274.49,6.59,D,2
52.84634,29.99048,338.12,0.46,0.63,2022-03-01,0925,N20,VIIRS,n,2,277.41,4.97,D,2
51.89124,29.3395,325.33,0.48,0.4,2022-03-01,1105,N20,VIIRS,n,2,272.59,2.45,D,2
52.4108,25.25767,337.47,0.4,0.37,2022-03-01,1106,N20,VIIRS,n,2,279.46,4.61,D,0
52.84755,29.99355,329.57,0.52,0.42,2022-03-01,1106,N20,VIIRS,n,2,278.78,5.92,D,2
52.44138,26.3331,330.28,0.41,0.37,2022-03-01,1106,N20,VIIRS,n,2,280.55,2.19,D,0
52.40735,25.28304,331.58,0.4,0.37,2022-03-01,1106,N20,VIIRS,n,2,277.4,2.74,D,0
52.42229,25.2655,332.27,0.4,0.37,2022-03-01,1106,N20,VIIRS,n,2,279.8,2.6,D,0
52.4182,25.26098,331.21,0.4,0.37,2022-03-01,1106,N20,VIIRS,n,2,276.63,3.48,D,0
52.4141,25.25646,336.65,0.4,0.37,2022-03-01,1106,N20,VIIRS,n,2,278.19,4.61,D,0
53.26122,24.44303,296.02,0.55,0.68,2022-03-01,2317,N20,VIIRS,n,2,267.4,0.89,N,2
53.26915,24.43928,295.41,0.55,0.68,2022-03-01,2317,N20,VIIRS,n,2,267.8,2.17,N,2
53.3306,23.8492,337.4,0.38,0.44,2022-03-03,1028,N20,VIIRS,n,2,271.3,4.67,D,0
53.27215,24.44457,295,0.6,0.53,2022-03-05,2342,N20,VIIRS,n,2,267.23,1.26,N,2
53.26205,24.44852,295.89,0.53,0.5,2022-03-06,0123,N20,VIIRS,n,2,268.13,1.01,N,2
53.27055,24.43885,299.11,0.53,0.5,2022-03-06,0123,N20,VIIRS,n,2,266.15,0.67,N,2
53.26233,24.45021,296.57,0.53,0.5,2022-03-06,0123,N20,VIIRS,n,2,269.23,1.21,N,2
52.8576,31.31534,347.78,0.35,0.57,2022-03-06,0932,N20,VIIRS,n,2,278.35,3.65,D,0
51.84501,30.18496,355.22,0.39,0.44,2022-03-06,1112,N20,VIIRS,n,2,278.64,8.58,D,0
51.81359,30.2035,356.29,0.39,0.44,2022-03-06,1112,N20,VIIRS,l,2,281.51,9.08,D,0
51.81716,30.19686,333.08,0.39,0.44,2022-03-06,1112,N20,VIIRS,n,2,274,7.27,D,0
51.84145,30.1916,347.04,0.39,0.44,2022-03-06,1112,N20,VIIRS,n,2,293.36,25.61,D,0
51.84096,30.18583,333.54,0.39,0.44,2022-03-06,1112,N20,VIIRS,n,2,281.12,25.61,D,0
52.17317,24.89797,330.36,0.41,0.37,2022-03-06,1112,N20,VIIRS,n,2,282.14,3.44,D,0
54.08342,24.92572,328.8,0.43,0.38,2022-03-06,1112,N20,VIIRS,n,2,279.2,2.73,D,0
52.52563,26.21628,329.63,0.44,0.39,2022-03-06,1112,N20,VIIRS,n,2,279.51,4.4,D,0
52.84783,29.98512,300.35,0.55,0.51,2022-03-06,2324,N20,VIIRS,n,2,266.9,2.99,N,2
52.84752,29.98992,317.89,0.59,0.53,2022-03-07,0104,N20,VIIRS,n,2,267.59,3.34,N,2
52.84669,29.98669,308.85,0.39,0.44,2022-03-08,0045,N20,VIIRS,n,2,267.9,1.21,N,2
53.27019,24.44269,303.01,0.41,0.37,2022-03-08,0045,N20,VIIRS,n,2,271.38,1.14,N,2
52.61745,25.87981,326.16,0.46,0.39,2022-03-08,1034,N20,VIIRS,n,2,278.01,2.85,D,0
52.1692,26.3421,333.66,0.44,0.46,2022-03-09,1015,N20,VIIRS,n,2,276.16,2.4,D,0
51.75682,27.63721,347.47,0.45,0.63,2022-03-09,1156,N20,VIIRS,n,2,274.01,6.37,D,0
52.45181,25.22563,345,0.36,0.57,2022-03-09,1156,N20,VIIRS,n,2,278.95,3.51,D,0
52.45382,25.22709,349.95,0.36,0.57,2022-03-09,1156,N20,VIIRS,n,2,276.88,3.82,D,0
52.05637,27.57102,326.36,0.45,0.63,2022-03-09,1156,N20,VIIRS,n,2,279.7,2.92,D,0
51.8796,27.72126,328.17,0.46,0.63,2022-03-09,1156,N20,VIIRS,n,2,275.37,2.63,D,0
51.75094,27.63728,356.46,0.45,0.63,2022-03-09,1156,N20,VIIRS,l,2,276.72,7.88,D,0
53.27224,24.44292,298.75,0.51,0.41,2022-03-10,0008,N20,VIIRS,n,2,267.73,1.13,N,2
52.84708,29.99223,325.73,0.39,0.36,2022-03-10,0008,N20,VIIRS,n,2,268.02,2.8,N,2
53.36421,28.33486,329.81,0.41,0.37,2022-03-10,0008,N20,VIIRS,n,2,265.52,3.27,N,0
52.58489,31.53735,349.96,0.41,0.45,2022-03-10,0956,N20,VIIRS,n,2,276.86,7.32,D,0
53.29545,27.21367,338.43,0.56,0.52,2022-03-10,0957,N20,VIIRS,n,2,274.24,8.12,D,0
52.95893,30.55394,337.76,0.43,0.46,2022-03-10,0957,N20,VIIRS,n,2,276.1,10.81,D,0
54.12488,27.98974,337.97,0.5,0.49,2022-03-10,0957,N20,VIIRS,n,2,275.4,11.23,D,0
54.12673,27.99671,331.41,0.5,0.49,2022-03-10,0957,N20,VIIRS,n,2,270.72,5.79,D,0
52.95742,30.54789,329.17,0.43,0.46,2022-03-10,0957,N20,VIIRS,n,2,276.93,9.27,D,0
52.70965,30.9273,331.57,0.43,0.46,2022-03-10,0957,N20,VIIRS,n,2,274.78,3.15,D,0
52.84554,29.99368,334.71,0.46,0.47,2022-03-10,0957,N20,VIIRS,n,2,277.42,3.58,D,2
52.27925,26.31911,330.52,0.33,0.55,2022-03-10,0957,N20,VIIRS,n,2,273.84,2.11,D,0
52.28848,26.31189,337.22,0.33,0.55,2022-03-10,0957,N20,VIIRS,n,2,274.32,2.11,D,0
52.37979,25.20204,330.66,0.36,0.57,2022-03-10,0957,N20,VIIRS,n,2,277.01,3.08,D,0
53.58619,27.54397,340.79,0.54,0.51,2022-03-10,0957,N20,VIIRS,n,2,276.43,7.16,D,0
52.71534,26.65347,327.47,0.52,0.5,2022-03-10,1137,N20,VIIRS,n,2,275.15,5.58,D,0
52.77706,27.14074,327.58,0.55,0.51,2022-03-10,1137,N20,VIIRS,n,2,276.16,4.28,D,0
52.95047,30.55855,338.08,0.38,0.59,2022-03-10,1137,N20,VIIRS,n,2,273.18,14.01,D,0
53.23178,25.66576,334.76,0.48,0.48,2022-03-10,1137,N20,VIIRS,n,2,274.21,3.78,D,0
52.12527,24.42535,337.23,0.42,0.45,2022-03-10,1137,N20,VIIRS,n,2,278.68,3.22,D,0
52.95033,30.55275,346.81,0.38,0.59,2022-03-10,1137,N20,VIIRS,n,2,285.56,14.01,D,0
52.37976,27.90809,339.12,0.59,0.53,2022-03-10,1137,N20,VIIRS,n,2,277.32,6.41,D,0
52.38239,27.90741,338.41,0.59,0.53,2022-03-10,1137,N20,VIIRS,n,2,277.44,7.95,D,0
52.58689,31.53686,327.62,0.42,0.61,2022-03-10,1137,N20,VIIRS,n,2,276.57,4.76,D,0
52.46708,25.19794,326.98,0.45,0.47,2022-03-10,1137,N20,VIIRS,n,2,276.48,3.01,D,0
52.46661,25.1912,356.14,0.45,0.47,2022-03-10,1137,N20,VIIRS,n,2,280.58,12.2,D,0
55.00809,27.78043,336.67,0.61,0.53,2022-03-10,1138,N20,VIIRS,n,2,275.6,6.09,D,0
55.00754,27.78165,337.26,0.61,0.53,2022-03-10,1138,N20,VIIRS,n,2,274.65,9.92,D,0
52.71076,26.5846,327.69,0.42,0.45,2022-03-10,2349,N20,VIIRS,n,2,262.62,3.04,N,0
52.07493,25.74183,329.93,0.53,0.67,2022-03-11,0938,N20,VIIRS,n,2,275.61,3.74,D,0
53.25274,27.15044,330.83,0.43,0.62,2022-03-11,0938,N20,VIIRS,n,2,278.27,2.96,D,0
53.5909,28.0481,334.4,0.38,0.59,2022-03-11,0938,N20,VIIRS,n,2,276.57,3.68,D,0
53.59573,28.04378,337.32,0.38,0.59,2022-03-11,0938,N20,VIIRS,n,2,276.71,4.3,D,0
53.60177,27.62872,346.21,0.4,0.6,2022-03-11,0938,N20,VIIRS,n,2,276.69,3.19,D,0
53.60191,27.62506,336.43,0.4,0.6,2022-03-11,0938,N20,VIIRS,n,2,278.1,3.38,D,0
54.53278,30.33736,339.9,0.59,0.53,2022-03-11,0938,N20,VIIRS,n,2,273.9,6.02,D,0
52.95026,25.15831,354.77,0.52,0.67,2022-03-11,0938,N20,VIIRS,n,2,277.47,14.07,D,0
54.23228,26.85501,346.27,0.4,0.6,2022-03-11,0939,N20,VIIRS,n,2,273.65,6.97,D,0
54.23046,26.84954,344.2,0.4,0.6,2022-03-11,0939,N20,VIIRS,n,2,276.79,7.52,D,0
54.3781,26.53879,328.66,0.41,0.6,2022-03-11,0939,N20,VIIRS,n,2,278.4,3.05,D,0
53.02549,26.96701,325.67,0.53,0.42,2022-03-11,1118,N20,VIIRS,n,2,280.92,11.69,D,0
52.47814,27.88858,328.99,0.57,0.43,2022-03-11,1118,N20,VIIRS,n,2,277.92,3.81,D,0
51.82841,29.15809,336.78,0.42,0.45,2022-03-11,1118,N20,VIIRS,n,2,276.02,4.44,D,0
51.98234,27.03931,345.37,0.52,0.42,2022-03-11,1118,N20,VIIRS,n,2,276.34,5.92,D,0
52.06748,27.21481,330.59,0.53,0.42,2022-03-11,1118,N20,VIIRS,n,2,278.15,13.26,D,0
52.06675,27.20707,326.35,0.53,0.42,2022-03-11,1118,N20,VIIRS,n,2,284.63,25.88,D,0
52.07379,25.7252,330.69,0.47,0.4,2022-03-11,1118,N20,VIIRS,n,2,279.38,17.68,D,0
52.07304,25.71832,281.55,0.47,0.4,2022-03-11,1118,N20,VIIRS,l,2,287.13,27.09,D,0
52.07742,25.72419,350,0.47,0.4,2022-03-11,1118,N20,VIIRS,n,2,280.68,9.98,D,0
52.31402,27.60757,328.94,0.55,0.43,2022-03-11,1118,N20,VIIRS,n,2,278.95,3.85,D,0
52.47418,27.88948,329.57,0.57,0.43,2022-03-11,1118,N20,VIIRS,n,2,276.5,3.81,D,0
52.47888,27.89694,342.59,0.57,0.43,2022-03-11,1118,N20,VIIRS,n,2,279.94,7.85,D,0
54.27891,28.53653,325.94,0.42,0.45,2022-03-11,1119,N20,VIIRS,n,2,282.51,13.09,D,0
55.2705,26.99319,332.02,0.57,0.43,2022-03-11,1119,N20,VIIRS,n,2,267.72,4.29,D,0
54.28028,28.5421,337.59,0.42,0.45,2022-03-11,1119,N20,VIIRS,n,2,281.89,28.45,D,0
54.27941,28.54293,338.09,0.42,0.45,2022-03-11,1119,N20,VIIRS,n,2,279.63,15.56,D,0
53.56575,24.31565,332.18,0.45,0.39,2022-03-11,1119,N20,VIIRS,n,2,281.99,8.4,D,0
53.54649,26.88471,326.37,0.54,0.42,2022-03-11,1119,N20,VIIRS,n,2,276.07,5.44,D,0
53.57991,27.7727,349.62,0.38,0.44,2022-03-11,1119,N20,VIIRS,n,2,274.74,5.17,D,0
53.59018,28.04853,338.42,0.39,0.44,2022-03-11,1119,N20,VIIRS,n,2,281.27,20.93,D,0
53.2701,24.44352,302.74,0.41,0.45,2022-03-12,0110,N20,VIIRS,n,2,265.89,0.95,N,2
52.81677,28.31778,335.25,0.42,0.38,2022-03-12,1059,N20,VIIRS,n,2,273.13,4.21,D,0
53.38419,27.69472,339.59,0.41,0.37,2022-03-12,1100,N20,VIIRS,n,2,274.87,6.74,D,0
53.38758,27.69354,329.49,0.41,0.37,2022-03-12,1100,N20,VIIRS,n,2,272.77,3.78,D,0
53.3868,27.68737,334.28,0.41,0.37,2022-03-12,1100,N20,VIIRS,n,2,274.44,3.78,D,0
53.26991,24.4408,301.32,0.44,0.38,2022-03-13,0052,N20,VIIRS,n,2,270.6,1.36,N,2
54.16825,26.22885,337.24,0.4,0.37,2022-03-13,1041,N20,VIIRS,n,2,278.79,7.49,D,0
54.85415,26.3822,326.26,0.39,0.36,2022-03-13,1041,N20,VIIRS,n,2,281.96,1.33,D,0
53.87403,23.98804,350.16,0.6,0.7,2022-03-13,1222,N20,VIIRS,n,2,282.69,6.94,D,0
53.87215,23.98833,344.76,0.6,0.7,2022-03-13,1222,N20,VIIRS,n,2,281.27,8.23,D,0
54.44449,28.39601,295.52,0.69,0.74,2022-03-13,2251,N20,VIIRS,n,2,267.1,2.06,N,0
54.44322,28.39283,311.2,0.69,0.74,2022-03-13,2251,N20,VIIRS,n,2,266.93,3.06,N,0
54.44417,28.38491,301.56,0.69,0.74,2022-03-13,2251,N20,VIIRS,n,2,266.35,2.24,N,0
53.28465,28.6323,297.39,0.68,0.74,2022-03-13,2252,N20,VIIRS,n,2,264.41,0.95,N,0
54.44198,28.39321,314.71,0.41,0.37,2022-03-14,0032,N20,VIIRS,n,2,267.55,1.29,N,0
54.44526,28.39499,317.28,0.41,0.37,2022-03-14,0032,N20,VIIRS,n,2,266.52,1.29,N,0
54.43871,28.39142,295.65,0.41,0.37,2022-03-14,0032,N20,VIIRS,n,2,266.24,0.5,N,0
52.00282,24.87841,315.94,0.39,0.36,2022-03-14,0033,N20,VIIRS,n,2,267.16,1.15,N,0
52.84853,29.99196,325.52,0.47,0.39,2022-03-14,0033,N20,VIIRS,n,2,269.6,3.74,N,2
53.27056,24.44144,306.07,0.38,0.36,2022-03-14,0033,N20,VIIRS,n,2,269.35,1.31,N,2
53.26233,24.44992,301.75,0.38,0.36,2022-03-14,0033,N20,VIIRS,n,2,270.75,0.79,N,2
52.00605,24.87982,296.62,0.39,0.36,2022-03-14,0033,N20,VIIRS,n,2,265.48,1.15,N,0
51.92675,29.8055,329.58,0.45,0.39,2022-03-14,1021,N20,VIIRS,n,2,277.62,9.4,D,0
52.01909,29.97099,341.76,0.44,0.39,2022-03-14,1021,N20,VIIRS,n,2,281.4,6.37,D,0
52.01323,29.96029,329.27,0.44,0.39,2022-03-14,1021,N20,VIIRS,n,2,279.46,5.06,D,0
52.01881,29.95054,333.21,0.44,0.39,2022-03-14,1021,N20,VIIRS,n,2,279.57,6.86,D,0
52.4854,27.14847,325.84,0.53,0.42,2022-03-14,1022,N20,VIIRS,n,2,282.49,2.7,D,0
52.53337,30.66815,328.32,0.42,0.38,2022-03-14,1022,N20,VIIRS,n,2,281.31,2.79,D,0
52.01028,27.60725,325.69,0.52,0.42,2022-03-14,1022,N20,VIIRS,n,2,279.56,2.47,D,0
51.88225,26.91771,325.02,0.55,0.43,2022-03-14,1022,N20,VIIRS,n,2,283.53,3.04,D,0
51.99271,27.22009,329.78,0.54,0.42,2022-03-14,1022,N20,VIIRS,n,2,283.33,3.59,D,0
51.99057,26.8191,341.39,0.56,0.43,2022-03-14,1022,N20,VIIRS,n,2,283.5,7.94,D,0
51.99088,26.82019,329.18,0.56,0.43,2022-03-14,1022,N20,VIIRS,n,2,283.69,4.65,D,0
52.32738,28.15697,344.59,0.49,0.41,2022-03-14,1022,N20,VIIRS,n,2,284.6,8.7,D,0
52.32944,28.14805,328.74,0.49,0.41,2022-03-14,1022,N20,VIIRS,n,2,283.18,8.7,D,0
52.18337,27.19312,331.49,0.53,0.42,2022-03-14,1022,N20,VIIRS,n,2,279.65,4.76,D,0
52.18479,27.19107,331.17,0.53,0.42,2022-03-14,1022,N20,VIIRS,n,2,281.54,3.89,D,0
52.84618,29.99411,328.76,0.43,0.38,2022-03-14,1022,N20,VIIRS,n,2,283.83,5.51,D,2
53.20897,31.67036,326.09,0.4,0.37,2022-03-14,1022,N20,VIIRS,n,2,279.03,4.48,D,0
53.20795,31.66458,348.28,0.4,0.37,2022-03-14,1022,N20,VIIRS,n,2,284.7,4.48,D,0
52.38011,27.26046,352.74,0.53,0.42,2022-03-14,1022,N20,VIIRS,n,2,289.59,12.41,D,0
52.38212,27.25097,337.13,0.53,0.42,2022-03-14,1022,N20,VIIRS,n,2,287.48,6.38,D,0
53.13769,30.71902,335.72,0.41,0.37,2022-03-14,1022,N20,VIIRS,n,2,281.52,4.95,D,0
52.50921,27.27545,331.31,0.52,0.42,2022-03-14,1022,N20,VIIRS,n,2,281.18,3.87,D,0
52.51284,27.27332,333.65,0.52,0.42,2022-03-14,1022,N20,VIIRS,n,2,280.85,3.87,D,0
53.09875,29.10306,344.15,0.45,0.39,2022-03-14,1022,N20,VIIRS,n,2,283.56,4.89,D,0
53.01415,28.38208,337.72,0.47,0.4,2022-03-14,1022,N20,VIIRS,n,2,306.56,66.91,D,0
53.01434,28.38064,338.08,0.47,0.4,2022-03-14,1022,N20,VIIRS,n,2,307.66,69.82,D,0
52.00658,23.77209,337.67,0.48,0.48,2022-03-14,1022,N20,VIIRS,n,2,286.34,5.14,D,0
52.01236,23.77582,339.19,0.48,0.48,2022-03-14,1022,N20,VIIRS,n,2,286.02,9.08,D,0
52.01069,23.76931,334.1,0.48,0.48,2022-03-14,1022,N20,VIIRS,n,2,286.85,18.12,D,0
52.01647,23.77305,348.39,0.48,0.48,2022-03-14,1022,N20,VIIRS,n,2,285.53,9.08,D,0
53.0487,27.59622,336.81,0.5,0.41,2022-03-14,1022,N20,VIIRS,n,2,285.88,17.44,D,0
52.98607,27.17313,329.16,0.51,0.41,2022-03-14,1022,N20,VIIRS,n,2,281.28,3.54,D,0
52.98625,27.1738,328.34,0.51,0.41,2022-03-14,1022,N20,VIIRS,n,2,280.88,3.14,D,0
53.24604,25.05353,336.23,0.4,0.44,2022-03-14,1022,N20,VIIRS,n,2,284.46,2.88,D,0
52.30346,30.29112,352.81,0.69,0.74,2022-03-14,1202,N20,VIIRS,n,2,282.9,9.76,D,0
52.18437,24.34678,342.66,0.39,0.59,2022-03-14,1202,N20,VIIRS,n,2,284.6,2.77,D,0
52.02636,26.22433,343.73,0.46,0.64,2022-03-14,1202,N20,VIIRS,n,2,285.41,9.71,D,0
52.02642,26.23123,344.77,0.46,0.64,2022-03-14,1202,N20,VIIRS,n,2,283.83,8.19,D,0
52.00226,24.83938,346.57,0.4,0.6,2022-03-14,1202,N20,VIIRS,n,2,285.06,4.6,D,0
52.02919,26.22616,352.74,0.46,0.64,2022-03-14,1202,N20,VIIRS,n,2,284.82,8.18,D,0
52.02327,26.22621,329.36,0.46,0.64,2022-03-14,1202,N20,VIIRS,n,2,285.45,4.43,D,0
54.85123,29.93077,327.53,0.67,0.73,2022-03-14,1203,N20,VIIRS,n,2,278.63,8.26,D,0
54.85152,29.92025,353.83,0.67,0.73,2022-03-14,1203,N20,VIIRS,n,2,282.72,8.26,D,0
54.87411,29.6232,356.19,0.65,0.73,2022-03-14,1203,N20,VIIRS,n,2,288.09,26.94,D,0
53.49473,24.71991,338.29,0.41,0.6,2022-03-14,1203,N20,VIIRS,n,2,280.65,4.69,D,0
53.64876,24.66847,349.46,0.41,0.6,2022-03-14,1203,N20,VIIRS,n,2,282.73,6.67,D,0
53.64555,23.82097,339.35,0.37,0.58,2022-03-14,1203,N20,VIIRS,n,2,281.84,3.32,D,0
53.6454,23.81525,337.48,0.37,0.58,2022-03-14,1203,N20,VIIRS,n,2,284,3.32,D,0
54.08391,24.93032,338.09,0.42,0.61,2022-03-14,1203,N20,VIIRS,n,2,283.62,4.04,D,0
54.19035,28.07115,347.87,0.56,0.69,2022-03-14,1203,N20,VIIRS,n,2,282.36,7.96,D,0
52.32265,28.15391,335.97,0.56,0.69,2022-03-14,1203,N20,VIIRS,n,2,283.23,6.05,D,0
52.3022,30.29584,338.23,0.69,0.74,2022-03-14,1203,N20,VIIRS,n,2,279.59,5.35,D,0
52.51234,27.27592,334.41,0.52,0.67,2022-03-14,1203,N20,VIIRS,n,2,282.18,5.83,D,0
52.84102,28.03007,327.79,0.56,0.69,2022-03-14,1203,N20,VIIRS,n,2,278,3.9,D,0
53.35117,23.8845,329.75,0.37,0.58,2022-03-14,1203,N20,VIIRS,n,2,283.71,2.47,D,0
53.35687,23.89565,342.51,0.38,0.58,2022-03-14,1203,N20,VIIRS,n,2,283.94,7.2,D,0
53.35673,23.8899,356.44,0.38,0.58,2022-03-14,1203,N20,VIIRS,l,2,288.11,13.75,D,0
52.0108,26.09365,314.82,0.41,0.37,2022-03-15,0014,N20,VIIRS,n,2,266.1,1.49,N,0
53.93921,26.1872,302.11,0.42,0.38,2022-03-15,0014,N20,VIIRS,n,2,265.91,0.58,N,0
53.27074,24.44526,299,0.46,0.39,2022-03-15,0014,N20,VIIRS,n,2,269.83,1.25,N,2
52.84581,29.98965,327.13,0.39,0.36,2022-03-15,0014,N20,VIIRS,n,2,273.19,6.8,N,2
52.85458,29.99959,295.6,0.39,0.36,2022-03-15,0014,N20,VIIRS,n,2,270.83,0.72,N,2
53.26285,24.44978,296.11,0.46,0.39,2022-03-15,0014,N20,VIIRS,n,2,270.91,0.87,N,2
52.29227,27.39778,307.92,0.39,0.36,2022-03-15,0014,N20,VIIRS,n,2,264.81,0.82,N,0
52.90688,28.51915,331.64,0.45,0.47,2022-03-15,1003,N20,VIIRS,n,2,287.5,3.19,D,0
52.16885,24.15711,327.68,0.35,0.57,2022-03-15,1003,N20,VIIRS,n,2,285.58,3.01,D,0
53.66255,28.93603,328.8,0.42,0.45,2022-03-15,1003,N20,VIIRS,n,2,280.09,2.01,D,0
52.05315,30.52111,344.39,0.4,0.44,2022-03-15,1003,N20,VIIRS,n,2,282.93,9.2,D,0
52.12073,27.2986,325.39,0.53,0.5,2022-03-15,1003,N20,VIIRS,n,2,284.42,2.47,D,0
52.09255,26.71511,331.18,0.56,0.51,2022-03-15,1003,N20,VIIRS,n,2,283.3,5.81,D,0
52.92302,29.69022,338.78,0.41,0.45,2022-03-15,1003,N20,VIIRS,n,2,287.97,7.78,D,0
52.92439,29.69592,356.33,0.41,0.45,2022-03-15,1003,N20,VIIRS,l,2,285.59,9.57,D,0
53.18573,30.26134,337.68,0.38,0.44,2022-03-15,1003,N20,VIIRS,n,2,282.12,5.13,D,0
53.18447,30.25588,327.17,0.38,0.44,2022-03-15,1003,N20,VIIRS,n,2,281.35,4.24,D,0
52.1735,27.63062,337.98,0.51,0.5,2022-03-15,1003,N20,VIIRS,n,2,286.69,4.78,D,0
51.81245,29.94182,338.57,0.43,0.46,2022-03-15,1003,N20,VIIRS,n,2,284.65,7.53,D,0
51.82176,29.94268,338.28,0.43,0.46,2022-03-15,1003,N20,VIIRS,n,2,283.94,9.11,D,0
51.82034,29.93683,338.07,0.43,0.46,2022-03-15,1003,N20,VIIRS,n,2,281.82,6.71,D,0
54.99858,27.54118,337.76,0.43,0.46,2022-03-15,1004,N20,VIIRS,n,2,278.08,8.7,D,0
51.83293,30.15788,367,0.43,0.62,2022-03-15,1143,N20,VIIRS,h,2,290.64,31.65,D,0
51.83281,30.15155,335.59,0.43,0.62,2022-03-15,1143,N20,VIIRS,n,2,284.52,14.8,D,0
51.82833,30.62218,343.58,0.45,0.63,2022-03-15,1143,N20,VIIRS,n,2,284.31,4.03,D,0
51.8191,29.93732,340.23,0.42,0.61,2022-03-15,1143,N20,VIIRS,n,2,281.63,3.53,D,0
51.83403,30.16195,347.14,0.43,0.62,2022-03-15,1143,N20,VIIRS,n,2,281.45,15.06,D,0
51.83393,30.15561,350.75,0.43,0.62,2022-03-15,1143,N20,VIIRS,n,2,292.76,28.29,D,0
51.86661,29.75144,337.78,0.41,0.61,2022-03-15,1143,N20,VIIRS,n,2,286.2,7.31,D,0
51.86673,29.75744,356.24,0.41,0.61,2022-03-15,1143,N20,VIIRS,l,2,286.08,7.31,D,0
51.87224,29.75108,367,0.41,0.61,2022-03-15,1143,N20,VIIRS,h,2,290.46,12.34,D,0
51.82954,26.89384,325.41,0.62,0.54,2022-03-15,1143,N20,VIIRS,n,2,288.23,3.42,D,0
51.83948,26.89278,338.56,0.62,0.54,2022-03-15,1143,N20,VIIRS,n,2,288.84,12.91,D,0
51.83005,26.89598,326.26,0.62,0.54,2022-03-15,1143,N20,VIIRS,n,2,288.09,3.63,D,0
51.83961,26.88579,337.72,0.62,0.54,2022-03-15,1143,N20,VIIRS,n,2,290.94,8.02,D,0
52.03275,27.42619,337.02,0.33,0.55,2022-03-15,1143,N20,VIIRS,n,2,285.97,5.56,D,0
52.03805,27.43054,343.19,0.33,0.55,2022-03-15,1143,N20,VIIRS,n,2,282.52,5.56,D,0
52.03785,27.42571,356.04,0.33,0.55,2022-03-15,1143,N20,VIIRS,l,2,289.04,5.56,D,0
51.96079,24.62379,348.55,0.49,0.49,2022-03-15,1143,N20,VIIRS,n,2,292.69,17.79,D,0
51.96033,24.61651,350.86,0.49,0.49,2022-03-15,1143,N20,VIIRS,n,2,291.24,19.05,D,0
51.98616,24.88766,339.8,0.51,0.49,2022-03-15,1143,N20,VIIRS,n,2,286.36,4.46,D,0
52.06167,26.17055,345.15,0.58,0.52,2022-03-15,1143,N20,VIIRS,n,2,288.74,8.17,D,0
52.09239,26.71305,334.34,0.61,0.53,2022-03-15,1143,N20,VIIRS,n,2,286.26,5.22,D,0
52.12264,27.29963,351.3,0.32,0.55,2022-03-15,1143,N20,VIIRS,n,2,287.8,7.94,D,0
52.12244,27.29484,354.59,0.32,0.55,2022-03-15,1143,N20,VIIRS,n,2,294.59,7.94,D,0
52.09734,26.71252,337.51,0.61,0.53,2022-03-15,1143,N20,VIIRS,n,2,283.16,6.18,D,0
52.1359,24.781,335.85,0.5,0.49,2022-03-15,1143,N20,VIIRS,n,2,287.27,5.78,D,0
52.14045,24.78028,338.65,0.5,0.49,2022-03-15,1143,N20,VIIRS,n,2,288.25,5.78,D,0
51.81712,29.93968,356.49,0.42,0.61,2022-03-15,1143,N20,VIIRS,l,2,284.98,16.22,D,0
51.81699,29.93348,343.92,0.42,0.61,2022-03-15,1143,N20,VIIRS,n,2,290.13,16.22,D,0
51.82944,30.62412,339.44,0.45,0.63,2022-03-15,1143,N20,VIIRS,n,2,284.29,3.65,D,0
51.81144,29.93991,356.39,0.42,0.61,2022-03-15,1143,N20,VIIRS,l,2,285.84,9.25,D,0
51.81131,29.93371,351.66,0.42,0.61,2022-03-15,1143,N20,VIIRS,n,2,288.76,9.25,D,0
51.49202,30.52688,338.3,0.44,0.62,2022-03-15,1143,N20,VIIRS,n,2,284.86,4.04,D,0
51.48612,30.52052,333.73,0.44,0.62,2022-03-15,1143,N20,VIIRS,n,2,283.95,3.77,D,0
53.89327,24.00256,329.7,0.49,0.48,2022-03-15,1144,N20,VIIRS,n,2,287.9,3.93,D,0
53.89423,24.01753,338.18,0.49,0.48,2022-03-15,1144,N20,VIIRS,n,2,288.73,5.09,D,0
53.71299,24.21627,328.29,0.49,0.49,2022-03-15,1144,N20,VIIRS,n,2,285.08,2.71,D,0
53.3376,23.89384,338.01,0.48,0.48,2022-03-15,1144,N20,VIIRS,n,2,286.72,6.6,D,0
53.0006,27.90573,339.15,0.35,0.56,2022-03-15,1144,N20,VIIRS,n,2,286.9,4.22,D,0
52.38309,27.33733,355.47,0.33,0.55,2022-03-15,1144,N20,VIIRS,n,2,290.36,7.42,D,0
52.38327,27.34218,336.16,0.33,0.55,2022-03-15,1144,N20,VIIRS,n,2,285.71,5.97,D,0
52.14062,24.77312,326.48,0.5,0.49,2022-03-15,1144,N20,VIIRS,n,2,285.41,4.21,D,0
52.14105,24.78055,337.92,0.5,0.49,2022-03-15,1144,N20,VIIRS,n,2,286.36,4.21,D,0
55.2173,26.88684,352.6,0.33,0.55,2022-03-15,1144,N20,VIIRS,n,2,284.68,3.98,D,0
55.0016,27.5426,330.68,0.35,0.56,2022-03-15,1144,N20,VIIRS,n,2,279.51,2.12,D,0
53.89505,23.99963,336.72,0.49,0.48,2022-03-15,1144,N20,VIIRS,n,2,287.6,4.44,D,0
53.89726,23.9943,335.18,0.49,0.48,2022-03-15,1144,N20,VIIRS,n,2,288.25,4.84,D,0
53.89279,23.99506,325.05,0.49,0.48,2022-03-15,1144,N20,VIIRS,n,2,287.94,3.93,D,0
52.26663,27.3127,308.83,0.51,0.41,2022-03-15,2355,N20,VIIRS,n,2,269.55,1.79,N,0
53.39449,32.01176,298.22,0.4,0.37,2022-03-15,2355,N20,VIIRS,n,2,269.49,0.69,N,2
52.84729,29.98786,325.28,0.43,0.38,2022-03-15,2355,N20,VIIRS,n,2,271.63,5.63,N,2
52.52324,31.44786,300.14,0.4,0.37,2022-03-15,2355,N20,VIIRS,n,2,262.4,0.63,N,0
52.49679,27.04756,304.67,0.52,0.42,2022-03-15,2355,N20,VIIRS,n,2,269.96,1.78,N,0
52.29405,27.6819,343.47,0.49,0.41,2022-03-15,2355,N20,VIIRS,n,2,271.59,7.6,N,0
51.88176,29.71836,314.6,0.43,0.38,2022-03-15,2355,N20,VIIRS,n,2,267.8,1.99,N,0
51.89217,29.33898,337.16,0.44,0.38,2022-03-15,2355,N20,VIIRS,n,2,275.65,17.13,N,2
51.88869,29.33785,306.54,0.44,0.38,2022-03-15,2355,N20,VIIRS,n,2,268.92,1.04,N,2
51.87697,26.91308,325.3,0.52,0.41,2022-03-15,2356,N20,VIIRS,n,2,269.94,2.84,N,0
52.84894,29.9894,301.92,0.57,0.69,2022-03-16,0135,N20,VIIRS,n,2,267.5,1.1,N,2
52.84634,29.98674,302.66,0.57,0.69,2022-03-16,0135,N20,VIIRS,n,2,267.69,0.99,N,2
51.8904,29.33497,301.29,0.59,0.7,2022-03-16,0135,N20,VIIRS,n,2,268.68,1.77,N,2
51.89433,29.33929,296.18,0.59,0.7,2022-03-16,0135,N20,VIIRS,n,2,269.03,1.81,N,2
52.53836,30.93306,336.77,0.57,0.52,2022-03-16,0944,N20,VIIRS,n,2,277.91,5.31,D,0
53.19629,31.75543,326.65,0.5,0.49,2022-03-16,0944,N20,VIIRS,n,2,279.65,2.71,D,0
53.17303,30.89732,332.76,0.54,0.51,2022-03-16,0944,N20,VIIRS,n,2,279.21,6.66,D,0
52.03457,27.03004,336.15,0.42,0.61,2022-03-16,0944,N20,VIIRS,n,2,279.95,2.96,D,0
53.75278,30.57291,337.97,0.54,0.51,2022-03-16,0944,N20,VIIRS,n,2,277.28,6.63,D,0
52.54116,30.92896,332.82,0.57,0.52,2022-03-16,0944,N20,VIIRS,n,2,278.52,4.73,D,0
51.88637,29.72768,333.18,0.33,0.55,2022-03-16,0944,N20,VIIRS,n,2,281.07,2.73,D,0
51.8784,29.73919,334.45,0.33,0.55,2022-03-16,0944,N20,VIIRS,n,2,280.45,2.85,D,0
51.84805,29.71375,356.2,0.33,0.56,2022-03-16,0944,N20,VIIRS,l,2,283.1,6.29,D,0
51.84674,29.70935,351.25,0.33,0.56,2022-03-16,0944,N20,VIIRS,n,2,281.42,5.73,D,0
51.84936,29.71816,344.51,0.33,0.56,2022-03-16,0944,N20,VIIRS,n,2,281.21,6.29,D,0
51.80871,29.92163,332.13,0.33,0.55,2022-03-16,0944,N20,VIIRS,n,2,281.06,3.14,D,0
51.81,29.92599,327.57,0.33,0.55,2022-03-16,0944,N20,VIIRS,n,2,279.68,2.87,D,0
52.60698,24.97869,344.32,0.47,0.64,2022-03-16,0945,N20,VIIRS,n,2,281.06,4.51,D,0
53.52099,27.80776,343.75,0.34,0.56,2022-03-16,0945,N20,VIIRS,n,2,281.91,4.56,D,0
53.51925,27.81029,354.69,0.35,0.56,2022-03-16,0945,N20,VIIRS,n,2,283.94,4.06,D,0
53.52067,27.815,329.74,0.34,0.56,2022-03-16,0945,N20,VIIRS,n,2,280.15,4.06,D,0
52.59695,24.98656,327.79,0.47,0.64,2022-03-16,0945,N20,VIIRS,n,2,277.77,11.88,D,0
53.52242,27.81242,333.17,0.34,0.56,2022-03-16,0945,N20,VIIRS,n,2,280.69,4.18,D,0
53.92147,25.7565,337.78,0.4,0.6,2022-03-16,0945,N20,VIIRS,n,2,279.98,2.54,D,0
54.33038,26.85089,333.55,0.35,0.57,2022-03-16,0945,N20,VIIRS,n,2,280.24,3.02,D,0
55.38748,26.57952,327.67,0.33,0.55,2022-03-16,0945,N20,VIIRS,n,2,280.03,1.83,D,0
52.24975,31.25994,339.72,0.6,0.53,2022-03-16,1124,N20,VIIRS,n,2,281.88,6.89,D,0
51.77325,28.73131,329.31,0.46,0.47,2022-03-16,1124,N20,VIIRS,n,2,284.15,3.19,D,0
51.88489,29.72625,328.62,0.51,0.49,2022-03-16,1124,N20,VIIRS,n,2,282.84,3.04,D,0
52.00953,27.67317,337.67,0.42,0.45,2022-03-16,1124,N20,VIIRS,n,2,283.58,4.54,D,0
53.11823,29.19163,354.44,0.5,0.49,2022-03-16,1125,N20,VIIRS,n,2,287.14,10.99,D,0
52.0346,27.02047,328.04,0.4,0.44,2022-03-16,1125,N20,VIIRS,n,2,284.07,3.73,D,0
52.435,31.03691,340.34,0.59,0.53,2022-03-16,1125,N20,VIIRS,n,2,279.47,8.15,D,0
52.30548,28.19577,352.89,0.45,0.47,2022-03-16,1125,N20,VIIRS,n,2,284.05,37.1,D,0
52.30499,28.18919,345.46,0.44,0.46,2022-03-16,1125,N20,VIIRS,n,2,302.6,37.1,D,0
52.30449,28.18262,289.43,0.44,0.46,2022-03-16,1125,N20,VIIRS,l,2,292.34,37.51,D,0
52.30328,28.19563,336.6,0.45,0.47,2022-03-16,1125,N20,VIIRS,n,2,283.05,5.33,D,0
52.30282,28.18905,343.4,0.45,0.47,2022-03-16,1125,N20,VIIRS,n,2,285.63,54.51,D,0
52.30757,28.19482,334.67,0.45,0.47,2022-03-16,1125,N20,VIIRS,n,2,281.2,5.33,D,0
52.30711,28.18823,345.89,0.45,0.47,2022-03-16,1125,N20,VIIRS,n,2,294.42,54.51,D,0
52.15112,25.20255,340.85,0.51,0.41,2022-03-16,1125,N20,VIIRS,n,2,286.25,11.15,D,0
52.11067,24.80452,351.99,0.5,0.41,2022-03-16,1125,N20,VIIRS,n,2,288.56,6.89,D,0
52.15415,25.1941,326.11,0.51,0.41,2022-03-16,1125,N20,VIIRS,n,2,284.21,2.04,D,0
52.11104,24.80257,346.25,0.5,0.41,2022-03-16,1125,N20,VIIRS,n,2,289.17,6.99,D,0
52.1192,24.80786,326.92,0.5,0.41,2022-03-16,1125,N20,VIIRS,n,2,287,3.89,D,0
52.134,24.84128,331.45,0.5,0.41,2022-03-16,1125,N20,VIIRS,n,2,287.1,4.66,D,0
52.53446,25.24347,328.24,0.52,0.42,2022-03-16,1125,N20,VIIRS,n,2,284.37,4.77,D,0
52.59737,24.98512,328.32,0.51,0.41,2022-03-16,1125,N20,VIIRS,n,2,282.21,4.83,D,0
52.60416,24.97559,326.4,0.51,0.41,2022-03-16,1125,N20,VIIRS,n,2,285.94,2.58,D,0
53.19925,31.76147,332.99,0.32,0.55,2022-03-16,1125,N20,VIIRS,n,2,278.73,1.62,D,0
53.17604,30.89789,331.43,0.59,0.53,2022-03-16,1125,N20,VIIRS,n,2,279.61,3.74,D,0
53.11907,29.19085,353.97,0.5,0.49,2022-03-16,1125,N20,VIIRS,n,2,292.86,20.12,D,0
53.48751,28.90261,338.79,0.49,0.49,2022-03-16,1125,N20,VIIRS,n,2,281.77,49.7,D,0
53.49152,28.89434,341.29,0.49,0.48,2022-03-16,1125,N20,VIIRS,n,2,281.56,17.36,D,0
53.57944,24.73854,328.74,0.51,0.41,2022-03-16,1125,N20,VIIRS,n,2,285.08,2.8,D,0
53.71574,24.21392,342.49,0.5,0.41,2022-03-16,1125,N20,VIIRS,n,2,286.72,17.55,D,0
54.19218,28.31742,331.08,0.47,0.48,2022-03-16,1125,N20,VIIRS,n,2,282.59,3.38,D,0
53.27384,24.44139,295.2,0.35,0.57,2022-03-16,2336,N20,VIIRS,n,2,268.63,0.34,N,2
53.26317,24.44562,295.21,0.35,0.57,2022-03-16,2336,N20,VIIRS,n,2,269.91,0.72,N,2
52.84605,29.99055,336.6,0.41,0.45,2022-03-16,2336,N20,VIIRS,n,2,268.27,5.34,N,2
52.82032,26.10801,308.58,0.59,0.53,2022-03-16,2336,N20,VIIRS,n,2,267.04,1.24,N,0
52.82264,26.11135,297.45,0.59,0.53,2022-03-16,2336,N20,VIIRS,n,2,267.45,0.94,N,0
52.09767,24.74548,309.95,0.33,0.55,2022-03-16,2337,N20,VIIRS,n,2,265.27,1.06,N,0
52.00007,27.23037,310.15,0.52,0.5,2022-03-16,2337,N20,VIIRS,n,2,263.61,1.78,N,0
52.1744,27.07731,329.56,0.53,0.5,2022-03-16,2337,N20,VIIRS,n,2,267.17,3.69,N,0
52.17394,27.08511,308.81,0.53,0.5,2022-03-16,2337,N20,VIIRS,n,2,266.79,1.61,N,0
52.16885,27.09216,297.99,0.53,0.5,2022-03-16,2337,N20,VIIRS,n,2,269.88,1.45,N,0
51.89214,29.33604,298.55,0.42,0.45,2022-03-16,2337,N20,VIIRS,n,2,267.63,1.24,N,2
52.09971,24.77382,323.35,0.52,0.5,2022-03-17,0117,N20,VIIRS,n,2,268.02,2.86,N,0
52.0792,24.73548,317.18,0.52,0.5,2022-03-17,0117,N20,VIIRS,n,2,267.57,1.72,N,0
52.08342,24.73848,312.73,0.52,0.5,2022-03-17,0117,N20,VIIRS,n,2,267.97,1.72,N,0
52.07816,24.74187,306.2,0.52,0.5,2022-03-17,0117,N20,VIIRS,n,2,269.78,2.74,N,0
52.08005,24.7349,323.53,0.52,0.5,2022-03-17,0117,N20,VIIRS,n,2,267.88,2.74,N,0
52.09694,24.74687,336.85,0.52,0.5,2022-03-17,0117,N20,VIIRS,n,2,270.9,6.08,N,0
52.11194,24.76584,321.1,0.52,0.5,2022-03-17,0117,N20,VIIRS,n,2,269.77,3.25,N,0
52.11383,24.75886,326.26,0.52,0.5,2022-03-17,0117,N20,VIIRS,n,2,269.88,3.25,N,0
52.00082,27.23252,300.74,0.32,0.55,2022-03-17,0117,N20,VIIRS,n,2,263.83,1.11,N,0
52.00209,27.2282,316.92,0.32,0.55,2022-03-17,0117,N20,VIIRS,n,2,264.5,1.69,N,0
52.1715,27.09199,297.59,0.63,0.54,2022-03-17,0117,N20,VIIRS,n,2,265.56,1.34,N,0
53.66066,23.64063,305.18,0.42,0.45,2022-03-17,0117,N20,VIIRS,n,2,267.78,0.95,N,0
51.88136,29.71618,336.56,0.5,0.66,2022-03-17,0925,N20,VIIRS,n,2,281.74,6.29,D,0
52.0919,24.75561,352.44,0.75,0.77,2022-03-17,0926,N20,VIIRS,n,2,281.02,13.93,D,0
52.08811,24.74645,347.63,0.75,0.77,2022-03-17,0926,N20,VIIRS,n,2,282.7,12.88,D,0
52.09569,24.76478,356.16,0.74,0.76,2022-03-17,0926,N20,VIIRS,l,2,281.06,13.93,D,0
52.59023,25.00648,336.03,0.7,0.75,2022-03-17,0926,N20,VIIRS,n,2,280.05,7.35,D,0
52.11507,24.77037,337.56,0.74,0.76,2022-03-17,0926,N20,VIIRS,n,2,280.46,7.57,D,0
52.75148,25.65038,327.9,0.65,0.73,2022-03-17,0926,N20,VIIRS,n,2,279.92,4.65,D,0
53.91763,28.34615,335.61,0.47,0.64,2022-03-17,0926,N20,VIIRS,n,2,279.34,4.44,D,0
52.59586,24.99415,339.35,0.7,0.75,2022-03-17,0926,N20,VIIRS,n,2,278.42,9.78,D,0
52.59602,25.00027,334.96,0.7,0.75,2022-03-17,0926,N20,VIIRS,n,2,277.26,6.9,D,0
52.0709,24.72165,340.9,0.75,0.77,2022-03-17,0926,N20,VIIRS,n,2,280.45,11.88,D,0
52.07467,24.73087,342.22,0.75,0.77,2022-03-17,0926,N20,VIIRS,n,2,278.82,16.09,D,0
52.09345,24.77687,327.87,0.74,0.76,2022-03-17,0926,N20,VIIRS,n,2,279.99,13.69,D,0
52.09719,24.78602,346.14,0.74,0.76,2022-03-17,0926,N20,VIIRS,n,2,280.77,11.36,D,0
52.44069,27.20109,353.53,0.59,0.7,2022-03-17,0926,N20,VIIRS,n,2,281.84,8.27,D,0
52.438,27.19991,329.66,0.59,0.7,2022-03-17,0926,N20,VIIRS,n,2,281.07,4.32,D,0
52.44085,27.20754,327.28,0.59,0.7,2022-03-17,0926,N20,VIIRS,n,2,278.69,4.32,D,0
52.18406,29.37607,331.53,0.51,0.66,2022-03-17,0926,N20,VIIRS,n,2,276.56,3.27,D,0
52.22493,29.68223,330.98,0.49,0.65,2022-03-17,0926,N20,VIIRS,n,2,277.25,2.84,D,0
52.09562,24.76134,355.94,0.75,0.77,2022-03-17,0926,N20,VIIRS,l,2,280.77,13.69,D,0
52.1149,24.76696,330.95,0.74,0.76,2022-03-17,0926,N20,VIIRS,n,2,280.6,8.55,D,0
51.71442,30.29847,328.64,0.52,0.42,2022-03-17,1105,N20,VIIRS,n,2,280.82,3.52,D,0
52.08294,24.74483,332.05,0.39,0.36,2022-03-17,1106,N20,VIIRS,n,2,284.66,3.21,D,0
51.88059,29.72328,335.52,0.5,0.41,2022-03-17,1106,N20,VIIRS,n,2,279.97,5.13,D,0
51.87986,29.71601,326.71,0.5,0.41,2022-03-17,1106,N20,VIIRS,n,2,282.59,3.25,D,0
51.83503,26.87142,325.46,0.42,0.37,2022-03-17,1106,N20,VIIRS,n,2,283.44,1.91,D,0
51.83426,26.86542,325.93,0.42,0.37,2022-03-17,1106,N20,VIIRS,n,2,283.53,1.91,D,0
52.22537,29.67704,327.85,0.5,0.41,2022-03-17,1106,N20,VIIRS,n,2,282.51,2.4,D,0
52.01034,27.61876,339.07,0.44,0.38,2022-03-17,1106,N20,VIIRS,n,2,287.4,10.95,D,0
51.95398,26.98174,334.24,0.42,0.38,2022-03-17,1106,N20,VIIRS,n,2,281.13,3.8,D,0
52.25901,29.59292,326.58,0.5,0.41,2022-03-17,1106,N20,VIIRS,n,2,281.57,2.26,D,0
52.25941,29.59291,325.04,0.5,0.41,2022-03-17,1106,N20,VIIRS,n,2,280.91,2.07,D,0
52.00002,27.22643,328.13,0.43,0.38,2022-03-17,1106,N20,VIIRS,n,2,286.09,2,D,0
52.21236,27.12917,328.49,0.43,0.38,2022-03-17,1106,N20,VIIRS,n,2,283.84,2.75,D,0
52.64382,30.81653,328.66,0.56,0.43,2022-03-17,1106,N20,VIIRS,n,2,278.26,5.94,D,0
52.20763,26.54753,329.71,0.41,0.37,2022-03-17,1106,N20,VIIRS,n,2,285.13,2.96,D,0
52.29514,26.54776,328.21,0.41,0.37,2022-03-17,1106,N20,VIIRS,n,2,283.55,2.99,D,0
52.29437,26.54174,328.89,0.41,0.37,2022-03-17,1106,N20,VIIRS,n,2,283.94,2.85,D,0
52.29853,26.54662,326.4,0.41,0.37,2022-03-17,1106,N20,VIIRS,n,2,282.03,2.99,D,0
52.29777,26.5406,328.46,0.41,0.37,2022-03-17,1106,N20,VIIRS,n,2,282.38,2.85,D,0
52.07559,24.7417,351.72,0.39,0.36,2022-03-17,1106,N20,VIIRS,n,2,282.66,5.29,D,0
52.07318,24.72492,354.58,0.39,0.36,2022-03-17,1106,N20,VIIRS,n,2,288.67,18.41,D,0
52.07238,24.71933,350.3,0.39,0.36,2022-03-17,1106,N20,VIIRS,n,2,287.79,35.17,D,0
52.07967,24.74607,330.38,0.39,0.36,2022-03-17,1106,N20,VIIRS,n,2,283.15,3.21,D,0
52.08702,24.7492,339.06,0.39,0.36,2022-03-17,1106,N20,VIIRS,n,2,287.12,19.91,D,0
52.09591,24.78717,331.63,0.39,0.36,2022-03-17,1106,N20,VIIRS,n,2,280.27,3.49,D,0
52.09511,24.78157,356.4,0.39,0.36,2022-03-17,1106,N20,VIIRS,n,2,283.99,7.65,D,0
52.09431,24.77597,354.28,0.39,0.36,2022-03-17,1106,N20,VIIRS,n,2,284.34,7.65,D,0
52.09351,24.77036,349.79,0.39,0.36,2022-03-17,1106,N20,VIIRS,n,2,284.36,6.88,D,0
52.09109,24.75356,356.44,0.39,0.36,2022-03-17,1106,N20,VIIRS,n,2,285.77,9.62,D,0
52.09029,24.74797,343.37,0.39,0.36,2022-03-17,1106,N20,VIIRS,n,2,294.16,19.91,D,0
52.0927,24.76476,356.57,0.39,0.36,2022-03-17,1106,N20,VIIRS,l,2,284.39,6.88,D,0
52.0919,24.75916,356.59,0.39,0.36,2022-03-17,1106,N20,VIIRS,l,2,284.32,9.62,D,0
52.09919,24.78594,346.22,0.39,0.36,2022-03-17,1106,N20,VIIRS,n,2,284,7.64,D,0
52.09357,24.74673,333.75,0.39,0.36,2022-03-17,1106,N20,VIIRS,n,2,287.91,4.77,D,0
52.10246,24.78471,338.79,0.39,0.36,2022-03-17,1106,N20,VIIRS,n,2,281.47,7.64,D,0
52.09684,24.7455,329.91,0.39,0.36,2022-03-17,1106,N20,VIIRS,n,2,284.8,4.77,D,0
52.11372,24.77296,329.67,0.39,0.36,2022-03-17,1106,N20,VIIRS,n,2,283.61,3.18,D,0
52.117,24.77173,336.96,0.39,0.36,2022-03-17,1106,N20,VIIRS,n,2,284.12,4.92,D,0
52.1162,24.76612,329.83,0.39,0.36,2022-03-17,1106,N20,VIIRS,n,2,284.68,9.2,D,0
52.11948,24.76489,347.7,0.39,0.36,2022-03-17,1106,N20,VIIRS,n,2,289.11,9.2,D,0
52.11868,24.75928,326.25,0.39,0.36,2022-03-17,1106,N20,VIIRS,n,2,283.89,9.2,D,0
52.46498,25.30129,334.92,0.4,0.37,2022-03-17,1106,N20,VIIRS,n,2,285.88,3.55,D,0
53.20361,31.55256,350.5,0.4,0.44,2022-03-17,1106,N20,VIIRS,n,2,276.33,7.35,D,0
52.5023,25.05621,326.76,0.39,0.36,2022-03-17,1106,N20,VIIRS,n,2,281.46,1.92,D,0
52.86528,27.48639,343.74,0.44,0.38,2022-03-17,1106,N20,VIIRS,n,2,283.39,5.01,D,0
52.59641,24.99559,343.75,0.39,0.36,2022-03-17,1106,N20,VIIRS,n,2,287.58,13.7,D,0
52.59562,24.98987,340.51,0.39,0.36,2022-03-17,1106,N20,VIIRS,n,2,290.59,13.7,D,0
53.10721,24.17357,329.5,0.39,0.36,2022-03-17,1106,N20,VIIRS,n,2,283.61,3.85,D,0
54.04569,27.99439,334.98,0.47,0.4,2022-03-17,1106,N20,VIIRS,n,2,282.64,2.69,D,0
54.18792,28.56071,327.55,0.49,0.4,2022-03-17,1106,N20,VIIRS,n,2,280.54,5.07,D,0
53.70773,24.01295,327.27,0.39,0.36,2022-03-17,1106,N20,VIIRS,n,2,282.05,6.07,D,0
54.06914,24.83788,328.12,0.4,0.37,2022-03-17,1106,N20,VIIRS,n,2,281.97,2.37,D,0
51.89034,29.33355,297.95,0.34,0.56,2022-03-17,2318,N20,VIIRS,n,2,266.07,0.54,N,2
52.06934,24.729,319.89,0.53,0.67,2022-03-17,2318,N20,VIIRS,n,2,266,3.66,N,0
52.06934,24.72105,320.29,0.53,0.67,2022-03-17,2318,N20,VIIRS,n,2,266.58,4.06,N,0
52.06737,24.72672,336.95,0.52,0.42,2022-03-18,0058,N20,VIIRS,n,2,267.53,6.26,N,0
52.06675,24.7254,338.51,0.52,0.42,2022-03-18,0058,N20,VIIRS,n,2,266.04,5.56,N,0
52.06876,24.73472,317.88,0.52,0.42,2022-03-18,0058,N20,VIIRS,n,2,264.04,2.7,N,0
52.31297,28.75686,329.24,0.39,0.36,2022-03-18,1047,N20,VIIRS,n,2,280.69,31.01,D,0
52.31215,28.75129,328.23,0.39,0.36,2022-03-18,1047,N20,VIIRS,n,2,302.75,31.01,D,0
52.31623,28.75557,350.95,0.39,0.36,2022-03-18,1047,N20,VIIRS,n,2,291.53,16.17,D,0
52.3154,28.75001,336.68,0.39,0.36,2022-03-18,1047,N20,VIIRS,n,2,282.01,16.17,D,0
52.31457,28.74445,333.42,0.39,0.36,2022-03-18,1047,N20,VIIRS,n,2,281.22,3.26,D,0
52.3203,28.75984,328.48,0.39,0.36,2022-03-18,1047,N20,VIIRS,n,2,281.6,4.05,D,0
52.31865,28.74872,348.19,0.39,0.36,2022-03-18,1047,N20,VIIRS,n,2,280.25,16.17,D,0
52.31783,28.74316,331.13,0.39,0.36,2022-03-18,1047,N20,VIIRS,n,2,279,3.26,D,0
52.06417,24.72329,347.28,0.42,0.38,2022-03-18,1047,N20,VIIRS,n,2,285.26,8.69,D,0
52.07079,24.73936,331.29,0.42,0.37,2022-03-18,1047,N20,VIIRS,n,2,284.02,3.82,D,0
52.08727,24.78911,327.44,0.42,0.37,2022-03-18,1047,N20,VIIRS,n,2,281.08,13.54,D,0
52.08617,24.78322,353.9,0.42,0.37,2022-03-18,1047,N20,VIIRS,n,2,289.31,13.54,D,0
52.08509,24.77734,351.57,0.42,0.37,2022-03-18,1047,N20,VIIRS,n,2,288.07,9.44,D,0
52.084,24.77145,337.49,0.42,0.37,2022-03-18,1047,N20,VIIRS,n,2,284.7,9.44,D,0
52.08732,24.76982,336.41,0.42,0.37,2022-03-18,1047,N20,VIIRS,n,2,283.05,3.98,D,0
52.08623,24.76393,333.55,0.42,0.37,2022-03-18,1047,N20,VIIRS,n,2,289.53,21.4,D,0
52.13553,24.87438,330.32,0.41,0.37,2022-03-18,1047,N20,VIIRS,n,2,289.03,2.31,D,0
52.52629,27.09548,339.64,0.39,0.36,2022-03-18,1047,N20,VIIRS,n,2,284.97,4.2,D,0
53.22098,31.60605,332.27,0.43,0.38,2022-03-18,1047,N20,VIIRS,n,2,283.41,6.48,D,0
53.11929,30.59463,326.81,0.41,0.37,2022-03-18,1047,N20,VIIRS,n,2,280.85,4.22,D,0
53.35328,30.77503,328.88,0.41,0.37,2022-03-18,1047,N20,VIIRS,n,2,282.67,2.04,D,0
52.62578,25.8723,334.76,0.4,0.37,2022-03-18,1047,N20,VIIRS,n,2,285.78,9.55,D,0
53.33665,29.92106,339.09,0.4,0.37,2022-03-18,1047,N20,VIIRS,n,2,283.56,3.7,D,0
53.46139,30.33168,333.77,0.41,0.37,2022-03-18,1047,N20,VIIRS,n,2,280.1,2.63,D,0
53.46474,30.33047,339.89,0.41,0.37,2022-03-18,1047,N20,VIIRS,n,2,310.51,54.88,D,0
53.46809,30.32925,341.07,0.41,0.37,2022-03-18,1047,N20,VIIRS,n,2,290.91,54.88,D,0
52.73708,25.33876,344.64,0.4,0.37,2022-03-18,1047,N20,VIIRS,n,2,286.21,7.14,D,0
52.74035,25.33718,330.4,0.4,0.37,2022-03-18,1047,N20,VIIRS,n,2,281.69,2,D,0
52.73932,25.3314,340.18,0.4,0.37,2022-03-18,1047,N20,VIIRS,n,2,290.35,10.52,D,0
53.54665,30.44699,328.17,0.41,0.37,2022-03-18,1047,N20,VIIRS,n,2,283.49,2.02,D,0
53.06311,26.61644,325.95,0.39,0.36,2022-03-18,1047,N20,VIIRS,n,2,282.08,2,D,0
53.07218,25.28409,329.24,0.4,0.37,2022-03-18,1047,N20,VIIRS,n,2,285.33,3.61,D,0
53.53647,26.2976,329.78,0.39,0.36,2022-03-18,1047,N20,VIIRS,n,2,280.14,2.31,D,0
53.6297,25.63663,344.3,0.39,0.36,2022-03-18,1047,N20,VIIRS,n,2,284.73,6.44,D,0
54.333,26.88376,333.68,0.38,0.36,2022-03-18,1047,N20,VIIRS,n,2,283.03,2.93,D,0
51.87078,29.72388,355.94,0.39,0.36,2022-03-18,1047,N20,VIIRS,l,2,287.97,9.74,D,0
52.27957,31.30667,336.7,0.41,0.37,2022-03-18,1047,N20,VIIRS,n,2,284.26,11.64,D,0
52.23065,29.70233,327.36,0.39,0.36,2022-03-18,1047,N20,VIIRS,n,2,279.87,1.29,D,0
52.25752,29.58319,327.49,0.39,0.36,2022-03-18,1047,N20,VIIRS,n,2,283.44,2.41,D,0
52.04808,27.64126,328.21,0.38,0.36,2022-03-18,1047,N20,VIIRS,n,2,297.41,44.3,D,0
52.26677,28.86331,331.69,0.39,0.36,2022-03-18,1047,N20,VIIRS,n,2,281.29,3.71,D,0
52.69588,29.85151,328.9,0.4,0.37,2022-03-18,1047,N20,VIIRS,n,2,285.01,3.61,D,0
53.10151,32.12263,343.59,0.44,0.38,2022-03-18,1047,N20,VIIRS,n,2,282.85,6.58,D,0
52.84486,29.98927,329.35,0.4,0.37,2022-03-18,1047,N20,VIIRS,n,2,288.37,3.32,D,2
53.14251,32.28666,325.52,0.44,0.39,2022-03-18,1047,N20,VIIRS,n,2,280.3,1.8,D,0
53.14158,32.28639,325.61,0.44,0.39,2022-03-18,1047,N20,VIIRS,n,2,280.01,2.51,D,0
52.8686,30.0774,339.67,0.4,0.37,2022-03-18,1047,N20,VIIRS,n,2,283.79,13.53,D,0
53.13558,32.13829,350.33,0.44,0.38,2022-03-18,1047,N20,VIIRS,n,2,283.12,6.8,D,0
53.13483,32.13174,331.47,0.44,0.38,2022-03-18,1047,N20,VIIRS,n,2,280.05,6.8,D,0
52.95076,30.48722,328.97,0.41,0.37,2022-03-18,1047,N20,VIIRS,n,2,284.79,5.17,D,0
52.94997,30.48126,327.46,0.4,0.37,2022-03-18,1047,N20,VIIRS,n,2,281.13,5.17,D,0
52.06304,24.73672,327.56,0.42,0.38,2022-03-18,1047,N20,VIIRS,n,2,281.93,4.18,D,0
52.06194,24.73082,327.56,0.42,0.38,2022-03-18,1047,N20,VIIRS,n,2,283.55,4.18,D,0
52.06636,24.73509,331.91,0.42,0.38,2022-03-18,1047,N20,VIIRS,n,2,284.19,4.89,D,0
52.06527,24.72919,346.57,0.42,0.38,2022-03-18,1047,N20,VIIRS,n,2,284.37,4.89,D,0
52.6951,29.84575,339.24,0.39,0.37,2022-03-18,1047,N20,VIIRS,n,2,286.74,6.6,D,0
52.39435,28.13695,327.43,0.38,0.36,2022-03-18,1047,N20,VIIRS,n,2,281.47,2.67,D,0
52.62964,30.09002,339.53,0.4,0.37,2022-03-18,1047,N20,VIIRS,n,2,284.99,10.13,D,0
52.50884,29.54347,327.99,0.39,0.36,2022-03-18,1047,N20,VIIRS,n,2,281.09,1.2,D,0
52.62666,30.75253,332.91,0.41,0.37,2022-03-18,1047,N20,VIIRS,n,2,282.32,2.62,D,0
51.86263,29.71513,353.11,0.39,0.36,2022-03-18,1047,N20,VIIRS,n,2,289.31,14.19,D,0
52.00459,30.7262,327.97,0.4,0.37,2022-03-18,1047,N20,VIIRS,n,2,280.35,3.41,D,0
51.86671,29.71951,354.68,0.39,0.36,2022-03-18,1047,N20,VIIRS,n,2,286.86,9.97,D,0
51.86592,29.71391,347.08,0.39,0.36,2022-03-18,1047,N20,VIIRS,n,2,288.1,9.97,D,0
51.86999,29.71829,346.15,0.39,0.36,2022-03-18,1047,N20,VIIRS,n,2,284.28,9.97,D,0
51.8692,29.7127,352.78,0.39,0.36,2022-03-18,1047,N20,VIIRS,n,2,286.49,9.97,D,0
52.13883,24.87653,348.25,0.76,0.77,2022-03-18,1228,N20,VIIRS,n,2,283.4,12.66,D,0
52.08442,24.77967,336.25,0.75,0.77,2022-03-18,1228,N20,VIIRS,n,2,280.52,12.6,D,0
52.08406,24.79099,326.6,0.75,0.77,2022-03-18,1228,N20,VIIRS,n,2,279.01,5.87,D,0
52.06443,24.73244,326.71,0.75,0.77,2022-03-18,1228,N20,VIIRS,n,2,282.49,4.7,D,0
52.08512,24.75713,335.4,0.75,0.77,2022-03-18,1228,N20,VIIRS,n,2,282.05,6.43,D,0
51.89059,29.33393,305.14,0.54,0.68,2022-03-18,2259,N20,VIIRS,n,2,267.1,1.19,N,2
51.89352,29.33353,302.28,0.54,0.68,2022-03-18,2259,N20,VIIRS,n,2,267.91,1.3,N,2
52.84657,29.987,326.05,0.52,0.41,2022-03-19,0039,N20,VIIRS,n,2,268.2,9.04,N,2
51.9749,26.70064,305.51,0.43,0.38,2022-03-19,0039,N20,VIIRS,n,2,262.53,0.52,N,0
53.26374,24.45022,297.59,0.39,0.36,2022-03-19,0039,N20,VIIRS,n,2,270.03,0.62,N,2
51.88995,29.33819,298.98,0.52,0.41,2022-03-19,0039,N20,VIIRS,n,2,265.26,1.09,N,2
52.01937,27.32373,296.1,0.45,0.39,2022-03-19,0039,N20,VIIRS,n,2,266.3,0.64,N,0
52.07405,24.76468,308.29,0.4,0.37,2022-03-19,0040,N20,VIIRS,n,2,264.39,0.91,N,0
53.11554,32.15607,333.13,0.38,0.36,2022-03-19,1028,N20,VIIRS,n,2,283.99,8.51,D,0
53.11966,32.16029,333.87,0.38,0.36,2022-03-19,1028,N20,VIIRS,n,2,282.02,4.56,D,0
53.12819,32.19261,331.18,0.38,0.36,2022-03-19,1028,N20,VIIRS,n,2,280.31,4.49,D,0
53.13789,32.1884,329.49,0.38,0.36,2022-03-19,1028,N20,VIIRS,n,2,282.99,1.78,D,0
53.13729,32.14061,337.54,0.38,0.36,2022-03-19,1028,N20,VIIRS,n,2,285.54,4.19,D,0
52.80682,29.93141,337.97,0.4,0.37,2022-03-19,1028,N20,VIIRS,n,2,285.52,3.48,D,0
52.80578,29.92561,326.68,0.4,0.37,2022-03-19,1028,N20,VIIRS,n,2,282.82,3.48,D,0
52.86745,29.57021,330.37,0.41,0.37,2022-03-19,1028,N20,VIIRS,n,2,283.2,3,D,0
52.98107,29.98398,340.72,0.4,0.37,2022-03-19,1028,N20,VIIRS,n,2,284.73,6.33,D,0
52.19144,25.92538,339.82,0.52,0.42,2022-03-19,1028,N20,VIIRS,n,2,285.93,5.82,D,0
52.34167,25.98321,330.57,0.51,0.41,2022-03-19,1028,N20,VIIRS,n,2,285.8,4.61,D,0
52.34175,25.9838,335.36,0.51,0.41,2022-03-19,1028,N20,VIIRS,n,2,285.44,5.24,D,0
52.12056,24.8931,345.29,0.57,0.43,2022-03-19,1028,N20,VIIRS,n,2,287.21,7.34,D,0
52.2023,25.21281,330.28,0.55,0.43,2022-03-19,1028,N20,VIIRS,n,2,286.03,4.26,D,0
52.66141,27.04012,341.35,0.47,0.4,2022-03-19,1028,N20,VIIRS,n,2,286.6,12.16,D,0
51.8698,26.79625,334.58,0.5,0.41,2022-03-19,1028,N20,VIIRS,n,2,283.91,8.37,D,0
52.19564,24.52075,341.66,0.39,0.44,2022-03-19,1028,N20,VIIRS,n,2,284.58,6.26,D,0
53.208,29.16729,329.15,0.41,0.37,2022-03-19,1028,N20,VIIRS,n,2,283.2,2.77,D,0
53.20787,29.1664,338.33,0.41,0.37,2022-03-19,1028,N20,VIIRS,n,2,283.1,4.68,D,0
52.45936,25.13757,336.19,0.55,0.42,2022-03-19,1028,N20,VIIRS,n,2,284.37,6.62,D,0
52.85193,26.56969,327.67,0.48,0.4,2022-03-19,1028,N20,VIIRS,n,2,281.62,6.55,D,0
52.54202,24.88726,328.11,0.55,0.43,2022-03-19,1028,N20,VIIRS,n,2,283.68,3.92,D,0
53.64249,30.02667,340.87,0.4,0.37,2022-03-19,1028,N20,VIIRS,n,2,289.14,11.21,D,0
53.64675,30.03087,327.99,0.4,0.37,2022-03-19,1028,N20,VIIRS,n,2,283.53,11.21,D,0
53.29972,27.8476,338.94,0.44,0.38,2022-03-19,1028,N20,VIIRS,n,2,288.95,13.59,D,0
52.68145,24.39087,332.73,0.57,0.43,2022-03-19,1028,N20,VIIRS,n,2,284.56,4.08,D,0
53.42277,27.65343,352.26,0.44,0.38,2022-03-19,1028,N20,VIIRS,n,2,284.72,6.93,D,0
53.41901,27.63434,326.51,0.44,0.38,2022-03-19,1028,N20,VIIRS,n,2,281.11,2.42,D,0
53.58678,25.72042,339.47,0.49,0.41,2022-03-19,1028,N20,VIIRS,n,2,283.88,5.58,D,0
54.17577,28.38554,351.13,0.42,0.37,2022-03-19,1028,N20,VIIRS,n,2,287.73,11.81,D,0
54.25882,28.54144,337.39,0.41,0.37,2022-03-19,1028,N20,VIIRS,n,2,289.99,27.83,D,0
52.66004,27.03345,341.78,0.47,0.4,2022-03-19,1028,N20,VIIRS,n,2,285.49,12.16,D,0
51.91435,26.89401,325.27,0.49,0.4,2022-03-19,1028,N20,VIIRS,n,2,285.14,2.64,D,0
52.66113,30.53587,353.3,0.4,0.37,2022-03-19,1028,N20,VIIRS,n,2,287.3,9.04,D,0
52.31529,28.17686,328.38,0.44,0.39,2022-03-19,1028,N20,VIIRS,n,2,294.27,24.84,D,0
52.31869,28.17507,343.42,0.44,0.39,2022-03-19,1028,N20,VIIRS,n,2,289.05,24.84,D,0
52.31746,28.16879,343.25,0.44,0.39,2022-03-19,1028,N20,VIIRS,n,2,282.23,25.35,D,0
52.07576,26.71973,327.63,0.49,0.41,2022-03-19,1028,N20,VIIRS,n,2,285.49,2.83,D,0
53.09672,32.14624,330.43,0.38,0.36,2022-03-19,1028,N20,VIIRS,n,2,283.37,3.53,D,0
53.11584,32.17996,350.96,0.38,0.36,2022-03-19,1028,N20,VIIRS,n,2,282.16,13.52,D,0
53.11319,32.1631,330.76,0.38,0.36,2022-03-19,1028,N20,VIIRS,n,2,280.63,1.78,D,0
53.12172,32.19542,328.82,0.38,0.36,2022-03-19,1028,N20,VIIRS,n,2,281.9,2.86,D,0
53.11731,32.16731,337.75,0.38,0.36,2022-03-19,1028,N20,VIIRS,n,2,280.81,4.56,D,0
53.11643,32.16169,347.69,0.38,0.36,2022-03-19,1028,N20,VIIRS,n,2,282.8,4.56,D,0
51.4197,30.54981,334.45,0.41,0.37,2022-03-19,1028,N20,VIIRS,n,2,288.76,4.62,D,0
51.50873,30.52491,330.29,0.4,0.37,2022-03-19,1028,N20,VIIRS,n,2,284.47,4.27,D,0
51.80344,30.22836,345.47,0.41,0.37,2022-03-19,1028,N20,VIIRS,n,2,290.8,25.31,D,0
51.80674,30.22681,331.12,0.41,0.37,2022-03-19,1028,N20,VIIRS,n,2,284.2,2.49,D,0
51.80571,30.22108,325.57,0.41,0.37,2022-03-19,1028,N20,VIIRS,n,2,285.68,2.49,D,0
51.80526,30.15903,328.61,0.41,0.37,2022-03-19,1028,N20,VIIRS,n,2,283.13,2.31,D,0
51.91041,29.82845,336.57,0.41,0.37,2022-03-19,1028,N20,VIIRS,n,2,283.81,4.23,D,0
52.4467,31.54378,331.47,0.39,0.36,2022-03-19,1028,N20,VIIRS,n,2,282.34,3.08,D,0
52.48238,30.97188,329.48,0.39,0.36,2022-03-19,1028,N20,VIIRS,n,2,286.46,3.23,D,0
52.58697,30.65671,354.99,0.4,0.37,2022-03-19,1028,N20,VIIRS,n,2,287.35,12.26,D,0
52.59122,30.66087,328.89,0.4,0.37,2022-03-19,1028,N20,VIIRS,n,2,283.23,2.21,D,0
52.59546,30.66503,325.59,0.4,0.37,2022-03-19,1028,N20,VIIRS,n,2,283.15,2.21,D,0
52.59447,30.65935,325.48,0.4,0.37,2022-03-19,1028,N20,VIIRS,n,2,283.23,2.21,D,0
52.59348,30.65367,325.44,0.4,0.37,2022-03-19,1028,N20,VIIRS,n,2,282.64,3.38,D,0
52.59772,30.65783,327.69,0.4,0.37,2022-03-19,1028,N20,VIIRS,n,2,283.62,4.07,D,0
52.60621,30.66615,338.83,0.4,0.37,2022-03-19,1028,N20,VIIRS,n,2,285.4,28.54,D,0
52.6075,30.65327,336.39,0.4,0.37,2022-03-19,1028,N20,VIIRS,n,2,283.43,30.19,D,0
52.60848,30.65895,356.15,0.4,0.37,2022-03-19,1028,N20,VIIRS,l,2,284.21,30.19,D,0
54.81964,29.16881,327.24,0.4,0.37,2022-03-19,1029,N20,VIIRS,n,2,279.82,4.28,D,0
54.07273,26.877,328.42,0.45,0.39,2022-03-19,1029,N20,VIIRS,n,2,284.12,3.6,D,0
53.79533,25.39024,326.34,0.5,0.41,2022-03-19,1029,N20,VIIRS,n,2,283.85,2.77,D,0
54.36971,27.4659,343.66,0.43,0.38,2022-03-19,1029,N20,VIIRS,n,2,297.57,45.08,D,0
53.74641,24.15327,329.94,0.55,0.43,2022-03-19,1029,N20,VIIRS,n,2,284.58,5.46,D,0
54.81639,29.17054,327.35,0.4,0.37,2022-03-19,1029,N20,VIIRS,n,2,280.79,4.28,D,0
53.92979,24.62696,335.96,0.52,0.42,2022-03-19,1029,N20,VIIRS,n,2,284.19,4.4,D,0
52.1207,28.41539,325.89,0.67,0.74,2022-03-19,1209,N20,VIIRS,n,2,278.95,6.14,D,0
52.12047,28.42541,343.1,0.67,0.74,2022-03-19,1209,N20,VIIRS,n,2,277.88,6.14,D,0
52.09218,26.31955,329.22,0.55,0.68,2022-03-19,1209,N20,VIIRS,n,2,282.34,3.2,D,0
52.11449,26.6098,354.47,0.56,0.69,2022-03-19,1209,N20,VIIRS,n,2,287.17,10.86,D,0
52.11445,26.61824,328.64,0.56,0.69,2022-03-19,1209,N20,VIIRS,n,2,281.14,10.86,D,0
52.09634,26.31769,329.49,0.55,0.68,2022-03-19,1209,N20,VIIRS,n,2,281.5,3.59,D,0
53.68707,26.49072,339.95,0.56,0.69,2022-03-19,1209,N20,VIIRS,n,2,282.25,4.77,D,0
53.64053,30.0333,325.69,0.78,0.78,2022-03-19,1209,N20,VIIRS,n,2,281.11,13.49,D,0
53.65356,29.68394,336.15,0.76,0.77,2022-03-19,1209,N20,VIIRS,n,2,281,5.41,D,0
53.74817,25.93037,330.61,0.53,0.67,2022-03-19,1209,N20,VIIRS,n,2,281.05,3.87,D,0
53.63425,30.02682,337.38,0.78,0.78,2022-03-19,1209,N20,VIIRS,n,2,281.47,17.38,D,0
53.63372,30.03921,356.26,0.79,0.78,2022-03-19,1209,N20,VIIRS,l,2,280.89,17.28,D,0
54.25142,28.53461,329.39,0.68,0.74,2022-03-19,1209,N20,VIIRS,n,2,283.21,4.11,D,0
53.08675,26.36118,333.82,0.55,0.68,2022-03-19,1209,N20,VIIRS,n,2,280.93,8.68,D,0
53.09311,26.36153,356.07,0.55,0.68,2022-03-19,1209,N20,VIIRS,l,2,284.97,8.68,D,0
53.41991,27.65382,341.73,0.63,0.72,2022-03-19,1209,N20,VIIRS,n,2,281.38,5.24,D,0
53.42273,27.64986,352.99,0.63,0.72,2022-03-19,1209,N20,VIIRS,n,2,281.82,7.48,D,0
53.54291,28.61062,328.04,0.69,0.74,2022-03-19,1209,N20,VIIRS,n,2,281.32,4.37,D,0
53.63329,30.03229,356.32,0.78,0.78,2022-03-19,1209,N20,VIIRS,l,2,283.12,13.49,D,0
52.31831,28.17367,329.6,0.66,0.73,2022-03-19,1209,N20,VIIRS,n,2,282.44,3.19,D,0
52.38707,25.14975,345.46,0.49,0.65,2022-03-19,1209,N20,VIIRS,n,2,285.62,8.03,D,0
52.39309,25.14237,349.12,0.49,0.65,2022-03-19,1209,N20,VIIRS,n,2,284.29,8.03,D,0
52.39313,25.14975,356.4,0.49,0.65,2022-03-19,1209,N20,VIIRS,l,2,284.97,8.03,D,0
52.41144,26.72633,328.87,0.57,0.69,2022-03-19,1209,N20,VIIRS,n,2,281.3,2.66,D,0
52.61925,25.19016,349.01,0.49,0.65,2022-03-19,1209,N20,VIIRS,n,2,282.53,45.57,D,0
52.62528,25.18278,336.95,0.49,0.65,2022-03-19,1209,N20,VIIRS,n,2,282.95,45.57,D,0
52.8439,27.99827,338.02,0.65,0.73,2022-03-19,1209,N20,VIIRS,n,2,282.7,5.33,D,0
52.88254,25.53332,338.19,0.51,0.66,2022-03-19,1209,N20,VIIRS,n,2,285.15,4.67,D,0
52.91209,26.266,326.35,0.55,0.68,2022-03-19,1209,N20,VIIRS,n,2,281.23,3.48,D,0
53.01558,25.0295,352.46,0.49,0.65,2022-03-19,1209,N20,VIIRS,n,2,283.81,5.97,D,0
53.01655,25.02826,347.08,0.49,0.65,2022-03-19,1209,N20,VIIRS,n,2,283.62,4.63,D,0
53.26381,24.44988,297.29,0.42,0.37,2022-03-20,0020,N20,VIIRS,n,2,270.23,1.07,N,2
53.26256,24.45023,301.93,0.42,0.37,2022-03-20,0020,N20,VIIRS,n,2,270.83,0.73,N,2
53.27094,24.44025,306.43,0.42,0.37,2022-03-20,0020,N20,VIIRS,n,2,269.54,1.31,N,2
53.6815,23.90249,308.05,0.43,0.38,2022-03-20,0020,N20,VIIRS,n,2,272.51,2.09,N,0
52.84622,29.98854,329.08,0.4,0.37,2022-03-20,0020,N20,VIIRS,n,2,271.99,3.62,N,2
53.75248,25.92991,322.78,0.4,0.37,2022-03-20,0020,N20,VIIRS,n,2,270.8,5.72,N,0
52.09615,26.32264,309.03,0.39,0.36,2022-03-20,0021,N20,VIIRS,n,2,265.64,0.93,N,0
52.64746,26.1893,307.43,0.39,0.36,2022-03-20,0021,N20,VIIRS,n,2,263.94,1.63,N,0
52.64419,26.188,315.21,0.39,0.36,2022-03-20,0021,N20,VIIRS,n,2,264.71,1.63,N,3
52.11399,26.61324,300.81,0.39,0.36,2022-03-20,0021,N20,VIIRS,n,2,265.37,0.73,N,0
52.11085,26.5885,301.51,0.39,0.36,2022-03-20,0021,N20,VIIRS,n,2,267.85,0.89,N,0
52.10424,26.60933,311.98,0.39,0.36,2022-03-20,0021,N20,VIIRS,n,2,265.59,1.46,N,0
52.10015,26.61356,324.84,0.39,0.36,2022-03-20,0021,N20,VIIRS,n,2,265.81,1.46,N,0
52.10099,26.60802,316.06,0.39,0.36,2022-03-20,0021,N20,VIIRS,n,2,265.72,1.46,N,0
52.09774,26.60672,337.12,0.39,0.36,2022-03-20,0021,N20,VIIRS,n,2,267.77,2.49,N,0
52.0969,26.61225,323.51,0.39,0.36,2022-03-20,0021,N20,VIIRS,n,2,266.09,2.49,N,0
52.09449,26.60542,323.42,0.39,0.36,2022-03-20,0021,N20,VIIRS,n,2,265.81,2.49,N,0
52.09365,26.61095,312.15,0.39,0.36,2022-03-20,0021,N20,VIIRS,n,2,265.31,2.49,N,0
52.10106,26.31282,318.09,0.39,0.36,2022-03-20,0021,N20,VIIRS,n,2,265.69,1.53,N,0
52.10023,26.31837,305.45,0.39,0.36,2022-03-20,0021,N20,VIIRS,n,2,264.29,0.93,N,0
53.68124,23.90146,311.57,0.54,0.68,2022-03-20,0200,N20,VIIRS,n,2,272.01,2.13,N,0
52.10252,26.3124,299.1,0.76,0.77,2022-03-20,0200,N20,VIIRS,n,2,264.9,1.47,N,0
52.08649,26.60416,342.98,0.49,0.49,2022-03-20,1009,N20,VIIRS,n,2,285.51,7.56,D,0
52.08824,26.61081,343.1,0.49,0.49,2022-03-20,1009,N20,VIIRS,n,2,285.15,7.56,D,0
52.08409,26.61364,352.54,0.49,0.49,2022-03-20,1009,N20,VIIRS,n,2,286.28,14.64,D,0
52.08495,26.61264,340.42,0.49,0.49,2022-03-20,1009,N20,VIIRS,n,2,289.39,29.84,D,0
52.09421,26.76213,342.47,0.48,0.48,2022-03-20,1009,N20,VIIRS,n,2,287.44,5.09,D,0
52.84497,29.99123,325.43,0.53,0.42,2022-03-20,1009,N20,VIIRS,n,2,289.18,3.89,D,2
53.00008,30.77583,343.67,0.5,0.41,2022-03-20,1009,N20,VIIRS,n,2,288.66,7.18,D,0
51.93465,26.59187,325.68,0.5,0.49,2022-03-20,1009,N20,VIIRS,n,2,286.98,1.7,D,0
52.03193,27.59561,329.61,0.45,0.47,2022-03-20,1009,N20,VIIRS,n,2,286.48,4.61,D,0
52.44241,29.37137,367,0.57,0.43,2022-03-20,1009,N20,VIIRS,h,2,291.52,17.55,D,0
52.43865,29.37366,333.77,0.57,0.43,2022-03-20,1009,N20,VIIRS,n,2,286.8,9.66,D,0
52.57101,30.48084,330.21,0.52,0.41,2022-03-20,1009,N20,VIIRS,n,2,282.76,3.26,D,0
52.57792,30.67983,332.88,0.51,0.41,2022-03-20,1009,N20,VIIRS,n,2,293.25,24.96,D,0
52.33195,29.79252,342.43,0.55,0.43,2022-03-20,1009,N20,VIIRS,n,2,287.92,5.42,D,0
52.32824,29.79477,328.07,0.55,0.43,2022-03-20,1009,N20,VIIRS,n,2,286.24,5.42,D,0
51.97963,28.35222,327.47,0.42,0.46,2022-03-20,1009,N20,VIIRS,n,2,286.96,2.41,D,0
52.50295,31.17581,330.2,0.49,0.41,2022-03-20,1009,N20,VIIRS,n,2,288.34,7.38,D,0
52.13078,30.67191,329.16,0.52,0.42,2022-03-20,1009,N20,VIIRS,n,2,287.36,3.23,D,0
51.86957,29.83932,327.27,0.57,0.43,2022-03-20,1009,N20,VIIRS,n,2,284.15,5.92,D,0
51.56165,29.78204,335.59,0.39,0.44,2022-03-20,1009,N20,VIIRS,n,2,289.19,5.75,D,0
52.09412,26.6146,341.97,0.49,0.49,2022-03-20,1009,N20,VIIRS,n,2,285.37,6.05,D,0
52.09064,26.60133,342.96,0.49,0.49,2022-03-20,1009,N20,VIIRS,n,2,286.4,7.56,D,0
52.08889,26.59467,337.16,0.49,0.49,2022-03-20,1009,N20,VIIRS,n,2,285.52,5.65,D,0
52.1,26.61841,331.46,0.49,0.49,2022-03-20,1009,N20,VIIRS,n,2,285.09,7.11,D,0
52.09478,26.59849,338.18,0.49,0.49,2022-03-20,1009,N20,VIIRS,n,2,285.49,7.12,D,0
52.23663,27.12797,351.74,0.46,0.47,2022-03-20,1009,N20,VIIRS,n,2,287.79,9.88,D,0
52.10414,26.61558,340.19,0.49,0.49,2022-03-20,1009,N20,VIIRS,n,2,286.47,7.11,D,0
52.09586,26.62124,328.84,0.49,0.49,2022-03-20,1009,N20,VIIRS,n,2,284.73,6.05,D,0
52.11683,26.55191,350.33,0.49,0.49,2022-03-20,1009,N20,VIIRS,n,2,286.89,14.97,D,0
52.11509,26.54523,334.09,0.49,0.49,2022-03-20,1009,N20,VIIRS,n,2,283.9,8.07,D,0
52.12098,26.54906,356.41,0.49,0.49,2022-03-20,1009,N20,VIIRS,l,2,289.13,15.23,D,0
52.10148,26.32352,337.62,0.5,0.49,2022-03-20,1009,N20,VIIRS,n,2,284.85,7.82,D,0
52.56438,26.17531,326.86,0.49,0.49,2022-03-20,1009,N20,VIIRS,n,2,287.01,6.56,D,0
52.4416,25.33748,325.89,0.54,0.5,2022-03-20,1009,N20,VIIRS,n,2,287.29,2.48,D,0
52.81331,28.01559,328.09,0.41,0.45,2022-03-20,1009,N20,VIIRS,n,2,284.9,1.49,D,0
52.08474,26.59751,337.54,0.49,0.49,2022-03-20,1009,N20,VIIRS,n,2,285.71,5.65,D,0
51.56286,29.78729,355.96,0.39,0.44,2022-03-20,1009,N20,VIIRS,n,2,290.15,5.75,D,0
51.55787,29.78429,340.58,0.39,0.44,2022-03-20,1009,N20,VIIRS,n,2,292.3,18.96,D,0
51.55908,29.78955,349.11,0.39,0.44,2022-03-20,1009,N20,VIIRS,n,2,293.09,18.96,D,0
55.10629,28.82061,326.94,0.51,0.41,2022-03-20,1010,N20,VIIRS,n,2,281.03,3.8,D,0
53.97766,25.94303,329.28,0.46,0.47,2022-03-20,1010,N20,VIIRS,n,2,282.91,3.62,D,0
53.85402,29.76869,343.65,0.51,0.41,2022-03-20,1010,N20,VIIRS,n,2,284.21,4.8,D,0
53.85759,29.76641,332.37,0.51,0.41,2022-03-20,1010,N20,VIIRS,n,2,284.77,4.8,D,0
53.38256,26.00232,352.29,0.47,0.48,2022-03-20,1010,N20,VIIRS,n,2,287.57,15.35,D,0
53.05762,25.46141,338.53,0.32,0.55,2022-03-20,1150,N20,VIIRS,n,2,285.82,3.34,D,0
53.05742,25.45656,344.8,0.32,0.55,2022-03-20,1150,N20,VIIRS,n,2,289.33,3.34,D,0
53.23641,28.4166,336.18,0.43,0.62,2022-03-20,1150,N20,VIIRS,n,2,287.98,5.14,D,0
53.38345,26.00638,336.07,0.34,0.56,2022-03-20,1150,N20,VIIRS,n,2,284.87,2.35,D,0
53.52094,26.04481,328.02,0.34,0.56,2022-03-20,1150,N20,VIIRS,n,2,283.61,2.05,D,0
53.47583,24.5738,347.83,0.59,0.53,2022-03-20,1150,N20,VIIRS,n,2,288.45,9.04,D,0
53.65161,27.80924,328.65,0.41,0.6,2022-03-20,1150,N20,VIIRS,n,2,284.08,2.21,D,0
53.95631,25.87269,352.96,0.34,0.56,2022-03-20,1150,N20,VIIRS,n,2,286.9,4.31,D,0
53.96149,25.87224,356.46,0.34,0.56,2022-03-20,1150,N20,VIIRS,l,2,285.95,5.29,D,0
54.05484,25.53603,334.21,0.33,0.55,2022-03-20,1150,N20,VIIRS,n,2,283.65,3.44,D,0
54.05466,25.53099,338.4,0.33,0.55,2022-03-20,1150,N20,VIIRS,n,2,286.53,4.03,D,0
54.23335,28.52238,328.88,0.44,0.62,2022-03-20,1150,N20,VIIRS,n,2,282.78,3.02,D,0
53.23652,28.42313,344.91,0.43,0.62,2022-03-20,1150,N20,VIIRS,n,2,284.42,5.14,D,0
51.55835,29.7891,367,0.48,0.65,2022-03-20,1150,N20,VIIRS,h,2,290.08,13.26,D,0
51.87062,26.82979,331.16,0.36,0.57,2022-03-20,1150,N20,VIIRS,n,2,287.78,2.07,D,0
51.86884,26.82841,335.22,0.36,0.57,2022-03-20,1150,N20,VIIRS,n,2,288.81,2.06,D,0
51.99557,27.23316,349.25,0.37,0.58,2022-03-20,1150,N20,VIIRS,n,2,287.71,6.33,D,0
51.96705,26.15015,351.15,0.34,0.56,2022-03-20,1150,N20,VIIRS,n,2,288.06,2.98,D,0
52.03764,27.18596,343.04,0.37,0.58,2022-03-20,1150,N20,VIIRS,n,2,286.19,3.64,D,0
52.03748,27.18044,334.02,0.37,0.58,2022-03-20,1150,N20,VIIRS,n,2,289.01,3.64,D,0
52.08263,26.61997,333.27,0.35,0.57,2022-03-20,1150,N20,VIIRS,n,2,284.87,2.41,D,0
52.08197,26.59902,351.77,0.35,0.57,2022-03-20,1150,N20,VIIRS,n,2,284.67,5.65,D,0
52.08181,26.59379,345.25,0.35,0.57,2022-03-20,1150,N20,VIIRS,n,2,286.24,5.11,D,0
52.09233,26.76211,355.76,0.36,0.57,2022-03-20,1150,N20,VIIRS,n,2,290.46,8.19,D,0
52.08808,26.62481,340.61,0.35,0.57,2022-03-20,1150,N20,VIIRS,n,2,284.55,24.27,D,0
52.08725,26.5986,328.23,0.35,0.57,2022-03-20,1150,N20,VIIRS,n,2,285.9,7.81,D,0
52.08708,26.59337,349.68,0.35,0.57,2022-03-20,1150,N20,VIIRS,n,2,288.51,5.72,D,0
52.08791,26.61955,290.14,0.35,0.57,2022-03-20,1150,N20,VIIRS,l,2,309.61,24.27,D,0
52.09319,26.61917,331.4,0.35,0.57,2022-03-20,1150,N20,VIIRS,n,2,286.01,24.27,D,0
52.09236,26.59296,328.26,0.35,0.57,2022-03-20,1150,N20,VIIRS,n,2,287.03,5.72,D,0
52.09765,26.7617,356,0.36,0.57,2022-03-20,1150,N20,VIIRS,l,2,287.84,8.19,D,0
52.09253,26.59819,356.03,0.35,0.57,2022-03-20,1150,N20,VIIRS,l,2,289.55,7.81,D,0
52.09864,26.62399,338.23,0.35,0.57,2022-03-20,1150,N20,VIIRS,n,2,284.22,4.69,D,0
52.09847,26.61875,353.43,0.35,0.57,2022-03-20,1150,N20,VIIRS,n,2,288.41,4.69,D,0
52.12358,27.29108,336.88,0.38,0.59,2022-03-20,1150,N20,VIIRS,n,2,288.41,4.23,D,0
52.10375,26.61834,346.14,0.35,0.57,2022-03-20,1150,N20,VIIRS,n,2,286.81,4.69,D,0
52.17634,29.8909,349.38,0.49,0.65,2022-03-20,1150,N20,VIIRS,n,2,286.8,6,D,0
52.1759,28.70758,352.82,0.43,0.62,2022-03-20,1150,N20,VIIRS,n,2,290.01,5.14,D,0
52.23439,27.12428,354.76,0.37,0.58,2022-03-20,1150,N20,VIIRS,n,2,285.85,4.55,D,0
52.3339,29.80164,332.81,0.48,0.65,2022-03-20,1150,N20,VIIRS,n,2,285.53,4.28,D,0
52.20731,24.65577,331.26,0.58,0.52,2022-03-20,1150,N20,VIIRS,n,2,287.98,4.21,D,0
52.32927,29.80265,333.72,0.49,0.65,2022-03-20,1150,N20,VIIRS,n,2,287.07,5.98,D,0
52.43395,29.37389,327.23,0.47,0.64,2022-03-20,1150,N20,VIIRS,n,2,287.3,4.98,D,0
52.43691,29.37214,328.39,0.47,0.64,2022-03-20,1150,N20,VIIRS,n,2,288.89,6.8,D,0
52.43621,25.33628,326.89,0.63,0.54,2022-03-20,1150,N20,VIIRS,n,2,289.69,5.94,D,0
52.44091,25.33576,328.72,0.63,0.54,2022-03-20,1150,N20,VIIRS,n,2,287.25,2.53,D,0
52.5606,26.17906,356.32,0.34,0.56,2022-03-20,1150,N20,VIIRS,l,2,285.89,7.29,D,0
52.5658,26.17861,326.42,0.34,0.56,2022-03-20,1150,N20,VIIRS,n,2,284.5,3.36,D,0
52.56561,26.17351,333.49,0.34,0.56,2022-03-20,1150,N20,VIIRS,n,2,286.66,3.36,D,0
52.56625,26.17529,354.37,0.34,0.56,2022-03-20,1150,N20,VIIRS,n,2,286.77,5.2,D,0
52.57128,26.16971,326.51,0.34,0.56,2022-03-20,1150,N20,VIIRS,n,2,288.07,3.72,D,0
52.66808,27.2836,354.78,0.38,0.59,2022-03-20,1150,N20,VIIRS,n,2,285.6,4.73,D,0
52.6685,26.12027,336.71,0.34,0.56,2022-03-20,1150,N20,VIIRS,n,2,286.01,2.48,D,0
52.66954,26.12347,330.87,0.34,0.56,2022-03-20,1150,N20,VIIRS,n,2,284.33,3.72,D,0
52.91468,30.88166,351.19,0.54,0.68,2022-03-20,1150,N20,VIIRS,n,2,285.28,6.24,D,0
52.93413,30.71768,329.45,0.53,0.67,2022-03-20,1150,N20,VIIRS,n,2,282.56,10.57,D,0
52.93415,30.70967,356.35,0.53,0.67,2022-03-20,1150,N20,VIIRS,n,2,286.38,10.57,D,0
52.9376,30.71164,367,0.53,0.67,2022-03-20,1150,N20,VIIRS,h,2,290.09,18.29,D,0
53.68263,23.90438,313.57,0.41,0.45,2022-03-21,0001,N20,VIIRS,n,2,274.38,2.67,N,0
52.80536,31.47552,295.47,0.39,0.36,2022-03-21,0001,N20,VIIRS,n,2,269.12,0.87,N,0
53.68068,23.90413,326.05,0.41,0.45,2022-03-21,0001,N20,VIIRS,n,2,278.72,2.28,N,0
52.84618,29.9922,325.5,0.4,0.37,2022-03-21,0002,N20,VIIRS,n,2,274.56,2.44,N,2
53.27258,24.44137,307.08,0.39,0.44,2022-03-21,0002,N20,VIIRS,n,2,271.52,0.9,N,2
52.76528,26.10163,324.05,0.5,0.41,2022-03-21,0002,N20,VIIRS,n,2,266.23,2.65,N,0
51.88909,29.33657,299.28,0.4,0.37,2022-03-21,0002,N20,VIIRS,n,2,271.37,0.65,N,2
52.11786,26.56837,329.44,0.47,0.4,2022-03-21,0002,N20,VIIRS,n,2,268.53,3.15,N,0
52.11423,26.56731,326.76,0.47,0.4,2022-03-21,0002,N20,VIIRS,n,2,268.91,3.9,N,0
52.11346,26.57421,317.35,0.47,0.4,2022-03-21,0002,N20,VIIRS,n,2,269.2,2.02,N,0
52.09209,26.63199,314.62,0.47,0.4,2022-03-21,0002,N20,VIIRS,n,2,268.27,1.39,N,0
52.08847,26.63092,309.12,0.47,0.4,2022-03-21,0002,N20,VIIRS,n,2,267.84,1.39,N,0
52.08712,26.60925,321.98,0.47,0.4,2022-03-21,0002,N20,VIIRS,n,2,268.36,2.36,N,0
52.08788,26.60236,296.25,0.47,0.4,2022-03-21,0002,N20,VIIRS,n,2,266.94,0.8,N,0
52.08408,26.63673,313.04,0.47,0.4,2022-03-21,0002,N20,VIIRS,n,2,268.3,1.33,N,0
52.08046,26.63567,306.3,0.47,0.4,2022-03-21,0002,N20,VIIRS,n,2,268.48,1.33,N,0
52.10573,26.33482,320.02,0.48,0.4,2022-03-21,0002,N20,VIIRS,n,2,270.22,2.84,N,0
52.10131,26.34082,344.85,0.48,0.4,2022-03-21,0002,N20,VIIRS,n,2,272.03,4.86,N,0
52.0969,26.34679,338.06,0.48,0.4,2022-03-21,0002,N20,VIIRS,n,2,272.09,4.86,N,0
52.09765,26.33977,307.96,0.48,0.4,2022-03-21,0002,N20,VIIRS,n,2,268.56,4.86,N,0
51.88404,26.85789,310.28,0.46,0.39,2022-03-21,0002,N20,VIIRS,n,2,266.24,1.18,N,0
51.88998,29.34016,296.21,0.68,0.74,2022-03-21,0142,N20,VIIRS,n,2,270.52,1.5,N,2
51.88814,29.33674,300.79,0.68,0.74,2022-03-21,0142,N20,VIIRS,n,2,269.95,1.02,N,2
53.68005,23.89934,297.91,0.37,0.58,2022-03-21,0142,N20,VIIRS,n,2,271.85,1.27,N,0
53.67847,23.9043,311.23,0.37,0.58,2022-03-21,0142,N20,VIIRS,n,2,277.98,1.27,N,0
52.11825,26.57099,330.03,0.53,0.67,2022-03-21,0142,N20,VIIRS,n,2,267.26,3.82,N,0
52.11045,26.57262,327.93,0.53,0.67,2022-03-21,0142,N20,VIIRS,n,2,270.35,3.96,N,0
52.11288,26.56587,305.97,0.53,0.67,2022-03-21,0142,N20,VIIRS,n,2,268.26,3.07,N,0
52.08847,26.63332,306.12,0.53,0.67,2022-03-21,0142,N20,VIIRS,n,2,266.81,1.82,N,0
52.08602,26.64009,303,0.53,0.67,2022-03-21,0142,N20,VIIRS,n,2,267.12,2.1,N,0
52.11784,26.57054,329.43,0.53,0.67,2022-03-21,0142,N20,VIIRS,n,2,267.17,3.38,N,0
52.11008,26.57217,333.72,0.53,0.67,2022-03-21,0142,N20,VIIRS,n,2,269.94,3.38,N,0
52.1125,26.5654,297.09,0.53,0.67,2022-03-21,0142,N20,VIIRS,n,2,267.66,3.38,N,0
52.08836,26.63318,303.86,0.53,0.67,2022-03-21,0142,N20,VIIRS,n,2,267.26,1.4,N,0
52.08593,26.63998,303.1,0.53,0.67,2022-03-21,0142,N20,VIIRS,n,2,266.9,1.4,N,0
52.09776,26.34558,367,0.52,0.67,2022-03-21,0142,N20,VIIRS,h,2,276.86,17.85,N,0
52.10013,26.33897,301.69,0.52,0.67,2022-03-21,0142,N20,VIIRS,n,2,268.11,17.85,N,0
52.09539,26.35223,312.12,0.52,0.67,2022-03-21,0142,N20,VIIRS,n,2,270.98,19.94,N,0
52.35629,31.25006,332.89,0.49,0.48,2022-03-21,0950,N20,VIIRS,n,2,286.83,2.78,D,0
51.8818,26.86306,326.29,0.37,0.58,2022-03-21,0951,N20,VIIRS,n,2,288.73,2.76,D,0
52.04681,27.67349,329.73,0.34,0.56,2022-03-21,0951,N20,VIIRS,n,2,286.9,1.66,D,0
52.16479,27.81894,337.2,0.33,0.56,2022-03-21,0951,N20,VIIRS,n,2,289.47,3.07,D,0
51.93362,27.04703,340.3,0.36,0.58,2022-03-21,0951,N20,VIIRS,n,2,285.8,4.54,D,0
51.87886,26.86775,333.02,0.37,0.58,2022-03-21,0951,N20,VIIRS,n,2,287.28,2.29,D,0
51.88368,26.86386,330.39,0.37,0.58,2022-03-21,0951,N20,VIIRS,n,2,287.87,2.29,D,0
51.93255,27.04544,351.07,0.36,0.58,2022-03-21,0951,N20,VIIRS,n,2,286.77,3.98,D,0
51.87698,26.86693,340.88,0.37,0.58,2022-03-21,0951,N20,VIIRS,n,2,288.43,2.76,D,0
52.29925,27.64811,339.47,0.34,0.56,2022-03-21,0951,N20,VIIRS,n,2,287.03,2.93,D,0
52.29791,27.64364,328.28,0.34,0.56,2022-03-21,0951,N20,VIIRS,n,2,287.54,2.93,D,0
52.22139,27.11365,333.38,0.35,0.57,2022-03-21,0951,N20,VIIRS,n,2,283.8,1.41,D,0
52.08881,26.64586,329.42,0.37,0.58,2022-03-21,0951,N20,VIIRS,n,2,285.39,4.16,D,0
52.08728,26.64095,340.01,0.37,0.58,2022-03-21,0951,N20,VIIRS,n,2,286.56,5.03,D,0
52.0921,26.63703,328.81,0.37,0.58,2022-03-21,0951,N20,VIIRS,n,2,284.6,4.11,D,0
52.07568,25.78912,339.91,0.4,0.6,2022-03-21,0951,N20,VIIRS,n,2,288.02,4.67,D,0
53.46782,30.30797,338.22,0.49,0.48,2022-03-21,0951,N20,VIIRS,n,2,286.62,17.55,D,0
53.46604,30.30115,329.43,0.49,0.49,2022-03-21,0951,N20,VIIRS,n,2,291.37,17.55,D,0
53.4695,30.29949,337.67,0.49,0.48,2022-03-21,0951,N20,VIIRS,n,2,288.54,3.88,D,0
53.03242,28.56083,338.42,0.59,0.53,2022-03-21,0951,N20,VIIRS,n,2,289.95,8.16,D,0
53.24295,29.14341,338.04,0.55,0.51,2022-03-21,0951,N20,VIIRS,n,2,286.39,9.59,D,0
53.61904,30.29387,348.26,0.48,0.48,2022-03-21,0951,N20,VIIRS,n,2,287.82,7.27,D,0
53.62313,30.29084,339.35,0.48,0.48,2022-03-21,0951,N20,VIIRS,n,2,288.33,4.62,D,0
53.62137,30.28413,339.89,0.48,0.48,2022-03-21,0951,N20,VIIRS,n,2,284.23,4.62,D,0
52.87316,27.1285,335.14,0.34,0.56,2022-03-21,0951,N20,VIIRS,n,2,286.17,2.27,D,0
53.04156,27.54275,325.33,0.32,0.55,2022-03-21,0951,N20,VIIRS,n,2,284.52,1.14,D,0
52.75762,26.10795,367,0.37,0.58,2022-03-21,0951,N20,VIIRS,h,2,298.91,50.66,D,0
52.75607,26.10301,344.91,0.37,0.58,2022-03-21,0951,N20,VIIRS,n,2,288.54,32,D,0
52.76239,26.10386,367,0.37,0.58,2022-03-21,0951,N20,VIIRS,h,2,291.78,10.38,D,0
54.03183,28.76094,328.18,0.53,0.5,2022-03-21,0951,N20,VIIRS,n,2,285.47,5.07,D,0
54.02977,28.75348,337.83,0.54,0.5,2022-03-21,0951,N20,VIIRS,n,2,287.12,6.69,D,0
54.82589,29.17356,337.56,0.49,0.48,2022-03-21,0951,N20,VIIRS,n,2,285.34,8.5,D,0
52.45735,31.05486,341.07,0.34,0.56,2022-03-21,1131,N20,VIIRS,n,2,291.14,8.64,D,0
51.88269,26.86144,326.38,0.45,0.47,2022-03-21,1131,N20,VIIRS,n,2,292.52,3.39,D,0
52.1291,29.21406,337.16,0.57,0.52,2022-03-21,1131,N20,VIIRS,n,2,291.95,6.05,D,0
52.04738,27.67634,325.68,0.49,0.49,2022-03-21,1131,N20,VIIRS,n,2,291.45,2.57,D,0
52.04693,27.66912,330.69,0.49,0.49,2022-03-21,1131,N20,VIIRS,n,2,291.15,3.14,D,0
52.22733,31.39631,367,0.35,0.57,2022-03-21,1131,N20,VIIRS,h,2,291.36,5.2,D,0
52.2275,31.4016,343.14,0.35,0.57,2022-03-21,1131,N20,VIIRS,n,2,286.54,5.2,D,0
51.9836,26.09331,346.68,0.42,0.45,2022-03-21,1131,N20,VIIRS,n,2,290.51,8.7,D,0
51.98826,26.09866,343.91,0.42,0.45,2022-03-21,1131,N20,VIIRS,n,2,290.9,7.69,D,0
52.08023,26.64819,345.84,0.44,0.46,2022-03-21,1131,N20,VIIRS,n,2,292.33,10.9,D,0
52.08451,26.64739,349.03,0.44,0.46,2022-03-21,1131,N20,VIIRS,n,2,288.76,4.96,D,0
52.33583,31.51468,367,0.36,0.57,2022-03-21,1131,N20,VIIRS,h,2,295.55,9.41,D,0
52.33567,31.50928,336.91,0.36,0.57,2022-03-21,1131,N20,VIIRS,n,2,292.22,9.41,D,0
52.0888,26.64659,338.02,0.44,0.46,2022-03-21,1131,N20,VIIRS,n,2,289.24,4.96,D,0
52.09262,26.63925,339.37,0.44,0.46,2022-03-21,1131,N20,VIIRS,n,2,287.23,5.27,D,0
52.09643,26.63191,335.3,0.44,0.46,2022-03-21,1131,N20,VIIRS,n,2,288.78,5.27,D,0
52.07858,25.78776,339.64,0.41,0.45,2022-03-21,1131,N20,VIIRS,n,2,290.63,6.4,D,0
52.45231,31.06046,330.71,0.34,0.56,2022-03-21,1131,N20,VIIRS,n,2,289.3,5.29,D,0
53.2431,29.13863,329.37,0.58,0.52,2022-03-21,1131,N20,VIIRS,n,2,286.73,5.93,D,0
53.31589,30.52152,325.35,0.33,0.55,2022-03-21,1131,N20,VIIRS,n,2,287.77,2.12,D,0
53.10676,26.31209,334.58,0.44,0.46,2022-03-21,1131,N20,VIIRS,n,2,287.55,2.92,D,0
53.45959,30.31365,335.58,0.33,0.55,2022-03-21,1131,N20,VIIRS,n,2,286.94,2.34,D,0
53.46431,30.30321,367,0.32,0.55,2022-03-21,1131,N20,VIIRS,h,2,292.02,5.68,D,0
53.46468,30.31315,356.41,0.33,0.55,2022-03-21,1131,N20,VIIRS,l,2,289.01,7.68,D,0
53.50016,30.3047,340.96,0.32,0.55,2022-03-21,1131,N20,VIIRS,n,2,285.78,4.45,D,0
53.49997,30.29972,326.76,0.32,0.55,2022-03-21,1131,N20,VIIRS,n,2,286.49,3.82,D,0
53.51734,30.22295,348.79,0.32,0.55,2022-03-21,1131,N20,VIIRS,n,2,289.7,3.52,D,0
53.52045,30.22063,328.79,0.32,0.55,2022-03-21,1131,N20,VIIRS,n,2,289.02,2.46,D,0
53.54708,30.39372,339.49,0.33,0.55,2022-03-21,1131,N20,VIIRS,n,2,288.96,2.8,D,0
53.62032,30.29604,356.6,0.33,0.55,2022-03-21,1131,N20,VIIRS,l,2,289.82,5.42,D,0
53.62541,30.29555,353.2,0.33,0.55,2022-03-21,1131,N20,VIIRS,n,2,288.96,5.42,D,0
53.62295,30.2975,354.05,0.33,0.55,2022-03-21,1131,N20,VIIRS,n,2,287.73,5.73,D,0
53.62278,30.29249,334.35,0.33,0.55,2022-03-21,1131,N20,VIIRS,n,2,288.89,5.24,D,0
53.27528,24.42024,327.07,0.56,0.43,2022-03-21,1131,N20,VIIRS,n,2,288.71,6.67,D,0
53.72959,30.54651,326.21,0.33,0.56,2022-03-21,1131,N20,VIIRS,n,2,287.88,1.75,D,0
53.76074,30.65898,367,0.34,0.56,2022-03-21,1131,N20,VIIRS,h,2,291.12,10.6,D,0
53.76591,30.65849,367,0.34,0.56,2022-03-21,1131,N20,VIIRS,h,2,290.12,10.6,D,0
53.76575,30.65326,338.95,0.34,0.56,2022-03-21,1131,N20,VIIRS,n,2,288.89,10.6,D,0
53.84607,25.99554,326.54,0.44,0.46,2022-03-21,1131,N20,VIIRS,n,2,287.75,1.32,D,0
53.67837,23.90248,325.99,0.55,0.42,2022-03-21,1131,N20,VIIRS,n,2,293.85,1.71,D,0
53.83022,23.8661,329.83,0.55,0.42,2022-03-21,1131,N20,VIIRS,n,2,285.51,4.16,D,0
51.88316,26.86807,336.59,0.45,0.47,2022-03-21,1131,N20,VIIRS,n,2,291.65,3.39,D,0
52.45753,31.05999,355.95,0.34,0.56,2022-03-21,1131,N20,VIIRS,l,2,288.82,5.29,D,0
52.12325,25.00481,330.97,0.38,0.43,2022-03-21,1131,N20,VIIRS,n,2,292.45,1.48,D,0
52.28662,25.61884,339.02,0.41,0.45,2022-03-21,1131,N20,VIIRS,n,2,290.07,4.6,D,0
52.60315,30.56631,355.8,0.33,0.55,2022-03-21,1131,N20,VIIRS,n,2,293.45,9.17,D,0
52.60333,30.57125,356.28,0.33,0.55,2022-03-21,1131,N20,VIIRS,l,2,288.47,9.17,D,0
52.20813,23.69673,334.35,0.52,0.41,2022-03-21,1131,N20,VIIRS,n,2,287.98,2.58,D,0
52.21289,23.47225,332.52,0.51,0.41,2022-03-21,1131,N20,VIIRS,n,2,290.86,5.27,D,0
52.21236,23.47143,335.21,0.51,0.41,2022-03-21,1131,N20,VIIRS,n,2,290.49,3.31,D,0
52.41247,25.16094,338.68,0.39,0.44,2022-03-21,1131,N20,VIIRS,n,2,286.25,48.54,D,0
52.41198,25.15515,338.76,0.39,0.44,2022-03-21,1131,N20,VIIRS,n,2,286.89,40.58,D,0
52.41796,25.17743,338.52,0.39,0.44,2022-03-21,1131,N20,VIIRS,n,2,289.69,51.47,D,0
52.78947,31.42662,332.57,0.36,0.57,2022-03-21,1131,N20,VIIRS,n,2,289.17,3.44,D,0
53.12126,29.19968,342.68,0.58,0.52,2022-03-21,1131,N20,VIIRS,n,2,292.17,9.11,D,0
54.83855,29.21714,343.83,0.6,0.53,2022-03-21,1132,N20,VIIRS,n,2,286.36,6.18,D,0
55.51119,28.57505,338.2,0.57,0.52,2022-03-21,1132,N20,VIIRS,n,2,288.24,5.55,D,0
54.83723,29.21599,333.21,0.6,0.53,2022-03-21,1132,N20,VIIRS,n,2,285.96,6.72,D,0
53.62572,30.29862,306.19,0.53,0.42,2022-03-21,2342,N20,VIIRS,n,2,266.06,0.96,N,0
53.47445,30.2946,297.06,0.53,0.42,2022-03-21,2343,N20,VIIRS,n,2,265.99,1.37,N,0
53.27075,24.44149,296.95,0.6,0.53,2022-03-21,2343,N20,VIIRS,n,2,271.23,1.26,N,2
52.84779,29.98865,324.65,0.54,0.42,2022-03-21,2343,N20,VIIRS,n,2,274.42,4.69,N,2
52.30939,27.8276,300.11,0.42,0.45,2022-03-21,2343,N20,VIIRS,n,2,267.07,1.1,N,0
52.09621,26.64934,328.88,0.47,0.48,2022-03-21,2343,N20,VIIRS,n,2,269.54,2.14,N,0
52.09696,26.6504,323,0.47,0.48,2022-03-21,2343,N20,VIIRS,n,2,269.54,2.57,N,0
52.09256,26.64957,311.18,0.47,0.48,2022-03-21,2343,N20,VIIRS,n,2,268.79,2.57,N,0
52.08767,26.65568,322.72,0.47,0.48,2022-03-21,2343,N20,VIIRS,n,2,268.86,1.89,N,0
52.08327,26.65485,310.92,0.47,0.48,2022-03-21,2343,N20,VIIRS,n,2,268.91,1.89,N,0
52.09181,26.64851,298.8,0.47,0.48,2022-03-21,2343,N20,VIIRS,n,2,268.73,2.14,N,0
52.09135,26.65545,295.8,0.47,0.48,2022-03-21,2343,N20,VIIRS,n,2,268.07,1.61,N,0
51.89014,29.34048,299.9,0.45,0.63,2022-03-22,0123,N20,VIIRS,n,2,271.66,0.89,N,2
53.62939,30.30059,296.4,0.42,0.61,2022-03-22,0123,N20,VIIRS,n,2,263.92,0.43,N,0
53.62653,30.29599,296.76,0.42,0.61,2022-03-22,0123,N20,VIIRS,n,2,265.77,0.61,N,0
53.47303,30.29248,301.93,0.43,0.62,2022-03-22,0123,N20,VIIRS,n,2,265.02,0.68,N,0
53.37611,28.34576,330.01,0.37,0.58,2022-03-22,0123,N20,VIIRS,n,2,269.29,1.7,N,0
51.89074,29.34084,296.29,0.45,0.63,2022-03-22,0123,N20,VIIRS,n,2,271.24,0.99,N,2
52.09689,26.65125,303.99,0.35,0.57,2022-03-22,0123,N20,VIIRS,n,2,268.17,1.11,N,0
53.27023,24.43956,299.7,0.53,0.5,2022-03-22,0123,N20,VIIRS,n,2,270.94,0.91,N,2
53.2706,24.4402,300.92,0.53,0.5,2022-03-22,0123,N20,VIIRS,n,2,271.23,1.78,N,2
52.99368,30.54348,325.65,0.37,0.58,2022-03-22,0932,N20,VIIRS,n,2,286.28,12.96,D,0
52.1699,31.64292,325.14,0.36,0.58,2022-03-22,0932,N20,VIIRS,n,2,289.17,3.91,D,0
52.16899,31.64116,340.6,0.36,0.58,2022-03-22,0932,N20,VIIRS,n,2,290.67,2.85,D,0
52.28027,31.57634,332.81,0.36,0.57,2022-03-22,0932,N20,VIIRS,n,2,287.99,7.24,D,0
52.28175,31.58111,356.13,0.36,0.57,2022-03-22,0932,N20,VIIRS,l,2,291.6,7.24,D,0
53.09044,31.94441,330.21,0.33,0.55,2022-03-22,0932,N20,VIIRS,n,2,284.7,2.31,D,0
52.98731,30.54257,341.8,0.37,0.58,2022-03-22,0932,N20,VIIRS,n,2,296.34,25.94,D,0
52.9889,30.54763,356.19,0.37,0.58,2022-03-22,0932,N20,VIIRS,l,2,288.31,12.96,D,0
52.30633,27.83375,337.44,0.5,0.66,2022-03-22,0932,N20,VIIRS,n,2,288.08,4.85,D,0
52.3116,27.8288,331.05,0.5,0.66,2022-03-22,0932,N20,VIIRS,n,2,289.4,4.85,D,0
52.08385,26.66202,341.92,0.56,0.69,2022-03-22,0932,N20,VIIRS,n,2,289.53,6.54,D,0
52.0919,26.66388,333.48,0.56,0.69,2022-03-22,0932,N20,VIIRS,n,2,288.15,6.54,D,0
52.08282,26.66607,345.62,0.56,0.69,2022-03-22,0932,N20,VIIRS,n,2,288.45,5.38,D,0
52.08831,26.66083,342.46,0.56,0.69,2022-03-22,0932,N20,VIIRS,n,2,288.96,5.9,D,0
52.09928,26.65033,329.31,0.56,0.69,2022-03-22,0932,N20,VIIRS,n,2,287.71,5.94,D,0
53.3153,29.64165,356.28,0.39,0.6,2022-03-22,0932,N20,VIIRS,l,2,292.65,9.19,D,0
53.32016,29.63731,354.61,0.39,0.6,2022-03-22,0932,N20,VIIRS,n,2,288.78,9.19,D,0
52.54243,27.24069,341.63,0.51,0.66,2022-03-22,0932,N20,VIIRS,n,2,288.11,4.33,D,0
53.32168,29.63576,337.13,0.39,0.59,2022-03-22,0932,N20,VIIRS,n,2,287.84,3.25,D,0
52.5445,27.24102,331.52,0.51,0.66,2022-03-22,0932,N20,VIIRS,n,2,286.6,4.15,D,0
53.62579,30.30027,344.34,0.36,0.58,2022-03-22,0932,N20,VIIRS,n,2,291.01,7.24,D,0
53.62731,30.30516,355.92,0.36,0.58,2022-03-22,0932,N20,VIIRS,l,2,288.1,7.62,D,0
53.72396,30.09476,334.51,0.37,0.58,2022-03-22,0932,N20,VIIRS,n,2,287.03,2.28,D,0
53.72342,30.09445,334.33,0.37,0.58,2022-03-22,0932,N20,VIIRS,n,2,287,2.61,D,0
54.88551,29.60335,327.68,0.35,0.56,2022-03-22,0932,N20,VIIRS,n,2,285.45,2.78,D,0
55.52873,28.15584,331.92,0.37,0.58,2022-03-22,0933,N20,VIIRS,n,2,285.49,3.35,D,0
53.48417,28.19107,328.27,0.52,0.42,2022-03-22,1112,N20,VIIRS,n,2,289.72,3.5,D,0
53.48798,28.19007,329.22,0.52,0.42,2022-03-22,1112,N20,VIIRS,n,2,289.58,3.5,D,0
53.62728,30.29921,336.78,0.42,0.45,2022-03-22,1112,N20,VIIRS,n,2,290.94,6.53,D,0
53.37774,29.2457,329.69,0.57,0.43,2022-03-22,1112,N20,VIIRS,n,2,287.93,12.97,D,0
53.30799,27.37955,332.01,0.49,0.4,2022-03-22,1112,N20,VIIRS,n,2,297.1,8.72,D,0
53.3169,27.39219,347.48,0.49,0.4,2022-03-22,1112,N20,VIIRS,n,2,292.49,64.7,D,0
53.31614,27.38484,334.35,0.49,0.4,2022-03-22,1112,N20,VIIRS,n,2,294.88,4.89,D,0
53.59666,30.2962,342.05,0.42,0.45,2022-03-22,1112,N20,VIIRS,n,2,289.57,4.55,D,0
53.59767,30.29906,338.24,0.42,0.45,2022-03-22,1112,N20,VIIRS,n,2,289.13,3.8,D,0
53.62359,30.30646,335.09,0.42,0.45,2022-03-22,1112,N20,VIIRS,n,2,289.1,7.54,D,0
53.62312,30.3001,349.61,0.42,0.45,2022-03-22,1112,N20,VIIRS,n,2,291.48,6.53,D,0
53.62776,30.30559,356.23,0.42,0.45,2022-03-22,1112,N20,VIIRS,l,2,290.29,7.54,D,0
51.83081,30.14958,340.26,0.39,0.44,2022-03-22,1112,N20,VIIRS,n,2,296.05,6.56,D,0
52.28324,31.58479,344.03,0.45,0.47,2022-03-22,1112,N20,VIIRS,n,2,292.41,11.15,D,0
52.28709,31.5773,331.34,0.45,0.47,2022-03-22,1112,N20,VIIRS,n,2,290.54,3.07,D,0
52.25535,30.4776,331,0.41,0.45,2022-03-22,1112,N20,VIIRS,n,2,288.98,2.52,D,0
52.03535,27.43357,331.1,0.48,0.4,2022-03-22,1112,N20,VIIRS,n,2,294.76,2.68,D,0
52.05282,27.42159,328.22,0.48,0.4,2022-03-22,1112,N20,VIIRS,n,2,294.99,2.34,D,0
52.05647,27.42059,327.37,0.48,0.4,2022-03-22,1112,N20,VIIRS,n,2,294.35,2.34,D,0
52.05166,27.42092,330.73,0.48,0.4,2022-03-22,1112,N20,VIIRS,n,2,294.9,1.81,D,0
52.05531,27.4199,326.82,0.48,0.4,2022-03-22,1112,N20,VIIRS,n,2,294.22,2,D,0
52.00682,26.7634,327.18,0.46,0.39,2022-03-22,1112,N20,VIIRS,n,2,292.65,1.9,D,0
52.08131,26.65919,336.03,0.45,0.39,2022-03-22,1112,N20,VIIRS,n,2,291.82,3.22,D,0
52.08487,26.65814,332.68,0.45,0.39,2022-03-22,1112,N20,VIIRS,n,2,291.9,3.22,D,0
52.08841,26.65709,325.81,0.45,0.39,2022-03-22,1112,N20,VIIRS,n,2,291.8,3.72,D,0
52.0927,26.66264,332.69,0.45,0.39,2022-03-22,1112,N20,VIIRS,n,2,289.81,3.13,D,0
52.09626,26.66159,331.02,0.45,0.39,2022-03-22,1112,N20,VIIRS,n,2,289.82,4.1,D,0
52.09552,26.65499,344.19,0.45,0.39,2022-03-22,1112,N20,VIIRS,n,2,291.87,8.52,D,0
52.09908,26.65394,349.7,0.45,0.39,2022-03-22,1112,N20,VIIRS,n,2,291.18,8.52,D,0
52.10189,26.6463,340.45,0.45,0.39,2022-03-22,1112,N20,VIIRS,n,2,290.99,4.03,D,0
52.10115,26.63972,341.4,0.45,0.39,2022-03-22,1112,N20,VIIRS,n,2,291.72,3.97,D,0
52.31184,27.8312,326.24,0.49,0.41,2022-03-22,1112,N20,VIIRS,n,2,293.88,1.94,D,0
52.30943,27.83735,332.4,0.49,0.41,2022-03-22,1112,N20,VIIRS,n,2,292.6,3.88,D,0
52.27394,27.41438,339.52,0.48,0.4,2022-03-22,1112,N20,VIIRS,n,2,292.35,3.01,D,0
52.2776,27.41336,343.5,0.48,0.4,2022-03-22,1112,N20,VIIRS,n,2,295.97,10,D,0
51.99288,24.80642,329.79,0.41,0.37,2022-03-22,1112,N20,VIIRS,n,2,295.09,2.14,D,0
52.41273,27.83217,343.43,0.5,0.41,2022-03-22,1112,N20,VIIRS,n,2,287.75,6.71,D,0
52.45204,27.8817,332.22,0.5,0.41,2022-03-22,1112,N20,VIIRS,n,2,295.57,4.75,D,0
52.45576,27.8807,327.24,0.5,0.41,2022-03-22,1112,N20,VIIRS,n,2,294.75,3.1,D,0
52.68684,30.17038,328.12,0.4,0.44,2022-03-22,1112,N20,VIIRS,n,2,291.06,1.65,D,0
52.72445,30.59222,330.03,0.42,0.45,2022-03-22,1112,N20,VIIRS,n,2,290.19,2.79,D,0
52.37378,26.7836,329.08,0.46,0.39,2022-03-22,1112,N20,VIIRS,n,2,294.85,4.96,D,0
52.98597,30.5532,337.47,0.42,0.45,2022-03-22,1112,N20,VIIRS,n,2,292.64,2.88,D,0
52.52297,24.99742,325.16,0.42,0.37,2022-03-22,1112,N20,VIIRS,n,2,290.62,1.72,D,0
53.27581,30.61283,335.85,0.43,0.46,2022-03-22,1112,N20,VIIRS,n,2,288.43,2.98,D,0
53.29181,30.76774,338.16,0.43,0.46,2022-03-22,1112,N20,VIIRS,n,2,289.09,3.41,D,0
53.29131,30.76116,326.84,0.43,0.46,2022-03-22,1112,N20,VIIRS,n,2,288.82,3.41,D,0
53.20885,29.67522,339.38,0.39,0.44,2022-03-22,1112,N20,VIIRS,n,2,289.54,3.63,D,0
53.21289,29.67433,342.34,0.39,0.44,2022-03-22,1112,N20,VIIRS,n,2,289.43,4.53,D,0
53.31625,30.52556,333.87,0.42,0.45,2022-03-22,1112,N20,VIIRS,n,2,289.9,3.04,D,0
53.18197,28.40008,331.42,0.53,0.42,2022-03-22,1112,N20,VIIRS,n,2,292.7,3.77,D,0
53.15887,27.49676,329.28,0.49,0.41,2022-03-22,1112,N20,VIIRS,n,2,291.95,3.81,D,0
53.37377,29.24665,329.18,0.57,0.43,2022-03-22,1112,N20,VIIRS,n,2,289.35,12.97,D,0
53.09438,26.42855,326.43,0.46,0.39,2022-03-22,1112,N20,VIIRS,n,2,290.04,2.74,D,0
54.88317,29.60832,339.92,0.41,0.45,2022-03-22,1113,N20,VIIRS,n,2,285.82,3.87,D,0
54.87906,29.60926,337.84,0.41,0.45,2022-03-22,1113,N20,VIIRS,n,2,287.34,4.21,D,0
55.53952,27.33151,326.22,0.52,0.41,2022-03-22,1113,N20,VIIRS,n,2,283.8,3.43,D,0
55.6896,29.21597,338.13,0.4,0.44,2022-03-22,1113,N20,VIIRS,n,2,282.04,6.33,D,0
55.53111,28.15366,325.49,0.55,0.43,2022-03-22,1113,N20,VIIRS,n,2,287.08,6.17,D,0
55.52798,28.16353,342.36,0.55,0.43,2022-03-22,1113,N20,VIIRS,n,2,286.9,6.17,D,0
54.88678,29.60099,332.17,0.41,0.45,2022-03-22,1113,N20,VIIRS,n,2,287.3,3.94,D,0
54.88728,29.60737,339.8,0.41,0.45,2022-03-22,1113,N20,VIIRS,n,2,286.22,3.87,D,0
53.69548,25.10167,332.67,0.43,0.38,2022-03-22,1113,N20,VIIRS,n,2,291.16,2.31,D,0
53.61749,26.2252,308.83,0.4,0.6,2022-03-22,2324,N20,VIIRS,n,2,268.31,1.01,N,0
53.61192,26.22482,298,0.4,0.6,2022-03-22,2324,N20,VIIRS,n,2,268.46,1.15,N,0
52.84943,29.98882,315.96,0.55,0.51,2022-03-22,2324,N20,VIIRS,n,2,273.78,3.15,N,2
52.09074,29.16188,304.81,0.59,0.53,2022-03-22,2324,N20,VIIRS,n,2,272.3,1.71,N,0
52.1284,24.91818,295.98,0.45,0.63,2022-03-22,2324,N20,VIIRS,n,2,268.73,0.75,N,0
52.12942,24.91943,298.04,0.45,0.63,2022-03-22,2324,N20,VIIRS,n,2,268.72,0.57,N,0
53.6001,30.30345,297.29,0.54,0.51,2022-03-22,2324,N20,VIIRS,n,2,267.1,1.31,N,0
53.61205,26.21866,296.87,0.4,0.6,2022-03-22,2324,N20,VIIRS,n,2,268.72,0.97,N,0
53.59551,30.30177,295.83,0.57,0.52,2022-03-23,0104,N20,VIIRS,n,2,265.17,1.44,N,0
53.61977,26.22729,306.91,0.41,0.45,2022-03-23,0104,N20,VIIRS,n,2,267.89,1.17,N,0
52.84592,29.99382,307.61,0.59,0.53,2022-03-23,0104,N20,VIIRS,n,2,271.59,1.75,N,2
53.58906,30.28695,301.14,0.57,0.52,2022-03-23,0104,N20,VIIRS,n,2,265.28,0.69,N,0
51.88808,29.34137,298.43,0.6,0.53,2022-03-23,0104,N20,VIIRS,n,2,274,1.48,N,2
52.0968,30.3432,355.59,0.61,0.71,2022-03-23,0913,N20,VIIRS,n,2,290.6,13.82,D,0
52.09972,30.35089,342.25,0.61,0.71,2022-03-23,0913,N20,VIIRS,n,2,287.05,13.82,D,0
52.80118,28.52802,346.29,0.66,0.73,2022-03-23,0913,N20,VIIRS,n,2,289.81,10.3,D,0
53.59381,30.31047,327.67,0.54,0.68,2022-03-23,0913,N20,VIIRS,n,2,286.4,3.66,D,0
52.09904,30.34968,356.96,0.61,0.71,2022-03-23,0913,N20,VIIRS,l,2,287.8,21.91,D,0
51.88897,30.28607,325.94,0.63,0.72,2022-03-23,0913,N20,VIIRS,n,2,290.16,2.65,D,0
52.10463,30.34404,356.38,0.61,0.71,2022-03-23,0913,N20,VIIRS,l,2,291.33,21.91,D,0
52.10175,30.33633,337.96,0.61,0.71,2022-03-23,0913,N20,VIIRS,n,2,289.84,30.99,D,0
52.80451,28.53642,352.53,0.66,0.73,2022-03-23,0913,N20,VIIRS,n,2,286.12,10.3,D,0
52.90061,30.35558,333.9,0.57,0.69,2022-03-23,0913,N20,VIIRS,n,2,287.41,4.45,D,0
52.79885,28.54261,337.78,0.66,0.73,2022-03-23,0913,N20,VIIRS,n,2,286.99,5.75,D,0
52.27327,30.50076,340.89,0.59,0.7,2022-03-23,0913,N20,VIIRS,n,2,289.71,5.36,D,0
52.27768,30.49764,329.3,0.59,0.7,2022-03-23,0913,N20,VIIRS,n,2,289.5,3.79,D,0
52.10533,30.34529,356.04,0.61,0.71,2022-03-23,0913,N20,VIIRS,l,2,287.89,13.82,D,0
52.10241,30.3376,349.86,0.61,0.71,2022-03-23,0913,N20,VIIRS,n,2,293.23,13.82,D,0
54.97626,29.38523,326.33,0.51,0.66,2022-03-23,0914,N20,VIIRS,n,2,283.32,1.83,D,0
52.89051,27.74277,348.51,0.7,0.75,2022-03-23,0914,N20,VIIRS,n,2,286.75,8.53,D,0
52.89625,27.73635,346.43,0.7,0.75,2022-03-23,0914,N20,VIIRS,n,2,287.2,18.61,D,0
52.89271,27.7276,353.97,0.7,0.75,2022-03-23,0914,N20,VIIRS,n,2,293.65,27.4,D,0
53.48631,27.74475,332.23,0.66,0.73,2022-03-23,0914,N20,VIIRS,n,2,287.66,6.98,D,0
53.49204,27.73863,341.04,0.66,0.73,2022-03-23,0914,N20,VIIRS,n,2,286.75,6.98,D,0
54.97661,29.3806,334.21,0.51,0.66,2022-03-23,0914,N20,VIIRS,n,2,284.35,3.5,D,0
54.99069,27.30761,338.56,0.59,0.7,2022-03-23,0914,N20,VIIRS,n,2,284.77,5.8,D,0
52.99693,29.75827,330.9,0.42,0.38,2022-03-23,1053,N20,VIIRS,n,2,290.64,4.34,D,0
52.05386,27.66626,337.45,0.39,0.36,2022-03-23,1053,N20,VIIRS,n,2,291.73,2.21,D,0
52.09549,27.67225,327.42,0.39,0.36,2022-03-23,1053,N20,VIIRS,n,2,289.98,2.71,D,0
51.9707,26.72176,330.25,0.38,0.36,2022-03-23,1053,N20,VIIRS,n,2,296.44,2.04,D,0
52.1339,27.62815,329.78,0.39,0.36,2022-03-23,1053,N20,VIIRS,n,2,293.09,2.46,D,0
52.13308,27.62258,330.06,0.39,0.36,2022-03-23,1053,N20,VIIRS,n,2,293.96,2.46,D,0
52.21964,27.87069,330.68,0.39,0.36,2022-03-23,1053,N20,VIIRS,n,2,293.32,2.03,D,0
51.96183,26.05194,331.62,0.38,0.36,2022-03-23,1053,N20,VIIRS,n,2,297.03,3.23,D,0
51.96595,26.05606,339.92,0.38,0.36,2022-03-23,1053,N20,VIIRS,n,2,293.26,4.62,D,0
51.96508,26.05058,334.87,0.38,0.36,2022-03-23,1053,N20,VIIRS,n,2,294.54,3.23,D,0
52.18444,26.30304,331.36,0.38,0.36,2022-03-23,1053,N20,VIIRS,n,2,292.92,2.36,D,0
52.18358,26.29753,330.44,0.38,0.36,2022-03-23,1053,N20,VIIRS,n,2,294.9,2.36,D,0
52.88735,30.3546,331.51,0.43,0.38,2022-03-23,1053,N20,VIIRS,n,2,290.42,3.15,D,0
52.89082,30.35348,334,0.43,0.38,2022-03-23,1053,N20,VIIRS,n,2,289.36,3.15,D,0
52.84756,29.99268,327.55,0.42,0.38,2022-03-23,1053,N20,VIIRS,n,2,297.22,2.86,D,2
52.89429,30.35236,338.65,0.43,0.38,2022-03-23,1053,N20,VIIRS,n,2,294.94,21.64,D,0
53.09842,32.1706,329.06,0.49,0.4,2022-03-23,1053,N20,VIIRS,n,2,287.95,6.61,D,0
53.09768,32.16328,348.98,0.49,0.4,2022-03-23,1053,N20,VIIRS,n,2,289.85,6.61,D,0
52.99737,30.73681,328.79,0.44,0.39,2022-03-23,1053,N20,VIIRS,n,2,293,2.6,D,0
53.00088,30.73571,326.22,0.44,0.39,2022-03-23,1053,N20,VIIRS,n,2,291.94,2.6,D,0
52.99863,29.75866,336.51,0.42,0.38,2022-03-23,1053,N20,VIIRS,n,2,290.55,2.56,D,0
53.21995,31.73472,331.11,0.48,0.4,2022-03-23,1053,N20,VIIRS,n,2,289.66,13.43,D,0
53.11075,30.63095,343.2,0.44,0.39,2022-03-23,1053,N20,VIIRS,n,2,289.3,4.87,D,0
53.1727,31.15214,329.72,0.46,0.39,2022-03-23,1053,N20,VIIRS,n,2,290.91,3.77,D,0
53.11501,30.63641,325.54,0.44,0.39,2022-03-23,1053,N20,VIIRS,n,2,289.19,2.47,D,0
53.11426,30.62984,331.13,0.44,0.39,2022-03-23,1053,N20,VIIRS,n,2,290.54,2.47,D,0
52.54904,26.21291,327.01,0.38,0.36,2022-03-23,1053,N20,VIIRS,n,2,295.22,2.31,D,0
53.0191,29.09227,339.65,0.41,0.37,2022-03-23,1053,N20,VIIRS,n,2,298.41,25.83,D,0
52.82984,27.34916,326.39,0.39,0.36,2022-03-23,1053,N20,VIIRS,n,2,292.61,2.1,D,0
52.88928,27.74067,343.87,0.39,0.36,2022-03-23,1053,N20,VIIRS,n,2,297.84,12.55,D,0
52.89257,27.73941,333.98,0.39,0.36,2022-03-23,1053,N20,VIIRS,n,2,290.36,12.55,D,0
52.90097,27.55533,328.87,0.39,0.36,2022-03-23,1053,N20,VIIRS,n,2,292.05,1.69,D,0
53.05712,27.59856,331.33,0.39,0.36,2022-03-23,1053,N20,VIIRS,n,2,289.36,2.27,D,0
52.79301,24.87959,345.16,0.39,0.36,2022-03-23,1053,N20,VIIRS,n,2,292.02,5.66,D,0
52.79208,24.87397,327.42,0.39,0.36,2022-03-23,1053,N20,VIIRS,n,2,292,5.66,D,0
53.58706,30.28154,329.97,0.44,0.38,2022-03-23,1053,N20,VIIRS,n,2,291.31,2.83,D,0
53.59364,30.30668,331.37,0.44,0.38,2022-03-23,1053,N20,VIIRS,n,2,290.37,3.38,D,0
53.59287,30.30013,326.04,0.44,0.38,2022-03-23,1053,N20,VIIRS,n,2,289.3,3.31,D,0
53.59714,30.30555,339.2,0.44,0.38,2022-03-23,1053,N20,VIIRS,n,2,293.53,4.77,D,0
52.99913,25.33389,325.01,0.39,0.36,2022-03-23,1053,N20,VIIRS,n,2,288.86,1.86,D,0
53.38458,27.77881,353.1,0.39,0.36,2022-03-23,1053,N20,VIIRS,n,2,292.68,11.23,D,0
51.72268,30.41297,341.85,0.42,0.38,2022-03-23,1053,N20,VIIRS,n,2,297.51,18.18,D,0
51.72612,30.41188,341.03,0.42,0.38,2022-03-23,1053,N20,VIIRS,n,2,297.51,18.18,D,0
51.83905,26.80546,327.63,0.38,0.36,2022-03-23,1053,N20,VIIRS,n,2,295.56,1.53,D,0
51.88586,26.90881,333.54,0.38,0.36,2022-03-23,1053,N20,VIIRS,n,2,294.09,2.48,D,0
51.88229,26.84046,332.92,0.38,0.36,2022-03-23,1053,N20,VIIRS,n,2,293.89,1.98,D,0
52.02927,27.73433,331.45,0.39,0.36,2022-03-23,1053,N20,VIIRS,n,2,295.71,8.83,D,0
51.94242,27.03184,330.9,0.38,0.36,2022-03-23,1053,N20,VIIRS,n,2,296.29,5.36,D,0
51.95133,27.02248,328.36,0.38,0.36,2022-03-23,1053,N20,VIIRS,n,2,296.54,2.43,D,0
53.36259,25.75177,328.11,0.38,0.36,2022-03-23,1054,N20,VIIRS,n,2,289.49,1.97,D,0
53.74722,27.91591,336.89,0.4,0.37,2022-03-23,1054,N20,VIIRS,n,2,296.25,15.41,D,0
53.74641,27.90997,343.58,0.4,0.37,2022-03-23,1054,N20,VIIRS,n,2,293.19,15.41,D,0
53.29757,24.41646,344.06,0.39,0.36,2022-03-23,1054,N20,VIIRS,n,2,295.08,9.43,D,0
55.11514,28.92331,327.05,0.42,0.38,2022-03-23,1054,N20,VIIRS,n,2,281.66,2.73,D,0
54.8356,29.22006,347.81,0.43,0.38,2022-03-23,1054,N20,VIIRS,n,2,287.28,5.48,D,0
54.80206,29.15001,329.29,0.42,0.38,2022-03-23,1054,N20,VIIRS,n,2,284.91,3.48,D,0
54.42849,28.38018,325.89,0.41,0.37,2022-03-23,1054,N20,VIIRS,n,2,285.27,3.74,D,0
54.4293,28.38639,340.6,0.41,0.37,2022-03-23,1054,N20,VIIRS,n,2,286.51,7.93,D,0
53.67183,24.29319,328.22,0.39,0.36,2022-03-23,1054,N20,VIIRS,n,2,291.54,2.67,D,0
53.73196,25.05545,344.84,0.39,0.36,2022-03-23,1054,N20,VIIRS,n,2,296.63,10.57,D,0
53.73288,25.06115,329.54,0.39,0.36,2022-03-23,1054,N20,VIIRS,n,2,289.5,4.34,D,0
54.11138,29.73018,327.79,0.43,0.38,2022-03-23,1054,N20,VIIRS,n,2,288.47,2.26,D,0
53.8193,30.66979,330.98,0.45,0.39,2022-03-23,1054,N20,VIIRS,n,2,287.19,3.45,D,0
53.25855,25.92513,329.41,0.38,0.36,2022-03-23,1054,N20,VIIRS,n,2,288.74,11.79,D,0
52.93338,24.39706,327.07,0.39,0.36,2022-03-23,1054,N20,VIIRS,n,2,292.45,1.82,D,0
53.2543,26.43508,327.38,0.38,0.36,2022-03-23,1054,N20,VIIRS,n,2,291.26,1.96,D,0
51.88928,29.33401,300.85,0.46,0.64,2022-03-23,2305,N20,VIIRS,n,2,273.61,0.94,N,2
51.89273,29.3327,303.13,0.46,0.64,2022-03-23,2305,N20,VIIRS,n,2,275.01,0.89,N,2
52.11118,26.03334,305.25,0.64,0.72,2022-03-23,2305,N20,VIIRS,n,2,272.62,1.34,N,0
52.14181,27.6161,304.47,0.55,0.68,2022-03-23,2305,N20,VIIRS,n,2,274.17,0.81,N,0
52.66281,30.17596,303.18,0.43,0.62,2022-03-23,2305,N20,VIIRS,n,2,269.37,1.06,N,0
52.66854,30.17623,303.07,0.43,0.62,2022-03-23,2305,N20,VIIRS,n,2,270.29,1.06,N,0
52.66865,30.1699,309.37,0.43,0.62,2022-03-23,2305,N20,VIIRS,n,2,270.69,1.84,N,0
52.85108,29.98658,301.95,0.44,0.62,2022-03-23,2305,N20,VIIRS,n,2,271.69,1.03,N,2
53.2722,24.43545,297.3,0.74,0.76,2022-03-23,2305,N20,VIIRS,n,2,272.98,1.87,N,2
53.27471,24.43351,296.69,0.74,0.76,2022-03-23,2305,N20,VIIRS,n,2,272.3,1.29,N,0
52.84742,29.98673,321.78,0.39,0.44,2022-03-24,0045,N20,VIIRS,n,2,273.95,2.59,N,2
52.66622,30.18765,329.42,0.4,0.44,2022-03-24,0045,N20,VIIRS,n,2,274.01,17.52,N,0
52.66756,30.18204,339.72,0.4,0.44,2022-03-24,0045,N20,VIIRS,n,2,274.98,17.52,N,0
52.84611,29.99221,320.98,0.39,0.44,2022-03-24,0045,N20,VIIRS,n,2,275.28,2.54,N,2
53.38362,26.34663,299.06,0.44,0.39,2022-03-24,0045,N20,VIIRS,n,2,272.01,0.7,N,0
52.66105,30.19074,335.52,0.4,0.44,2022-03-24,0045,N20,VIIRS,n,2,284.86,23.24,N,0
52.6624,30.18514,348.8,0.4,0.44,2022-03-24,0045,N20,VIIRS,n,2,285.45,17.52,N,0
52.66373,30.17953,345.08,0.4,0.44,2022-03-24,0045,N20,VIIRS,n,2,279.84,17.52,N,0
52.6689,30.17642,304.68,0.4,0.44,2022-03-24,0045,N20,VIIRS,n,2,272.41,2.06,N,0
52.66488,30.19325,338.87,0.4,0.44,2022-03-24,0045,N20,VIIRS,n,2,277.42,23.24,N,0
51.89013,29.33667,316.15,0.39,0.44,2022-03-24,0046,N20,VIIRS,n,2,275.55,1.45,N,2
53.27142,24.44322,296.7,0.41,0.37,2022-03-24,0046,N20,VIIRS,n,2,273.84,0.6,N,2
51.46193,29.23035,303.15,0.4,0.44,2022-03-24,0046,N20,VIIRS,n,2,275.42,0.96,N,0
51.94087,23.76862,344.97,0.55,0.43,2022-03-24,1034,N20,VIIRS,n,2,285.66,19.08,D,0
51.94256,23.75854,347.32,0.55,0.43,2022-03-24,1034,N20,VIIRS,n,2,284.7,12.29,D,0
51.94056,23.76835,342.25,0.55,0.43,2022-03-24,1034,N20,VIIRS,n,2,292.34,194.6,D,0
52.14172,24.78061,331.83,0.5,0.41,2022-03-24,1034,N20,VIIRS,n,2,293.25,40.41,D,0
51.87864,26.90762,332.73,0.44,0.39,2022-03-24,1034,N20,VIIRS,n,2,281.98,2.74,D,0
51.94284,23.75883,341.02,0.55,0.43,2022-03-24,1034,N20,VIIRS,n,2,285.48,34.87,D,0
51.93913,23.76103,351.58,0.55,0.43,2022-03-24,1034,N20,VIIRS,n,2,298.44,34.87,D,0
52.41382,23.67753,331.7,0.54,0.42,2022-03-24,1035,N20,VIIRS,n,2,281.63,4.1,D,0
53.52705,24.38706,328.26,0.49,0.4,2022-03-24,1035,N20,VIIRS,n,2,285.92,3.14,D,0
51.92821,23.77025,354.28,0.5,0.66,2022-03-24,1215,N20,VIIRS,n,2,284.96,7.8,D,0
51.94038,23.76303,330.18,0.5,0.66,2022-03-24,1215,N20,VIIRS,n,2,287.48,6.36,D,0
51.94041,23.77044,338.03,0.5,0.66,2022-03-24,1215,N20,VIIRS,n,2,286.23,6.36,D,0
51.93428,23.76296,367,0.5,0.66,2022-03-24,1215,N20,VIIRS,h,2,292.47,6.36,D,0
51.87486,26.13539,330.41,0.63,0.72,2022-03-24,1215,N20,VIIRS,n,2,280.16,3.72,D,0
51.93431,23.77037,337.8,0.5,0.66,2022-03-24,1215,N20,VIIRS,n,2,287.92,6.36,D,0
52.87308,27.21218,333.76,0.7,0.75,2022-03-24,1215,N20,VIIRS,n,2,280.69,7.31,D,0
52.87484,27.21617,341.58,0.7,0.75,2022-03-24,1215,N20,VIIRS,n,2,280.82,6.91,D,0
52.48582,25.38181,329.85,0.59,0.7,2022-03-24,1215,N20,VIIRS,n,2,283.38,4.02,D,0
52.48674,25.38184,333.27,0.59,0.7,2022-03-24,1215,N20,VIIRS,n,2,283.8,3.42,D,0
52.12205,27.6709,325.3,0.73,0.76,2022-03-24,1215,N20,VIIRS,n,2,278.89,6.13,D,0
52.10953,24.85335,339.24,0.56,0.68,2022-03-24,1215,N20,VIIRS,n,2,283.53,3.84,D,0
52.84644,29.9867,324.87,0.69,0.74,2022-03-24,2246,N20,VIIRS,n,2,271.38,3.74,N,2
51.89013,29.33053,306.44,0.74,0.76,2022-03-24,2246,N20,VIIRS,n,2,270.51,1.97,N,0
52.84526,29.9838,317.81,0.69,0.74,2022-03-24,2246,N20,VIIRS,n,2,270.5,2.72,N,0
52.84685,29.99249,325.85,0.43,0.38,2022-03-25,0027,N20,VIIRS,n,2,274.15,4.03,N,2
53.2724,24.44124,305.15,0.39,0.36,2022-03-25,0027,N20,VIIRS,n,2,273.29,1.25,N,2
52.46259,27.80185,305.91,0.39,0.36,2022-03-25,0027,N20,VIIRS,n,2,274.2,0.63,N,0
52.54496,26.20098,296.44,0.38,0.36,2022-03-25,0027,N20,VIIRS,n,2,267.47,0.7,N,0
51.88913,29.33583,302.13,0.42,0.38,2022-03-25,0027,N20,VIIRS,n,2,271.63,0.67,N,2
52.14313,27.60214,308.5,0.39,0.36,2022-03-25,0027,N20,VIIRS,n,2,271.54,0.91,N,0
52.13988,27.60065,313.12,0.39,0.36,2022-03-25,0027,N20,VIIRS,n,2,271.98,0.91,N,0
52.1389,27.60624,303.65,0.39,0.36,2022-03-25,0027,N20,VIIRS,n,2,271.58,0.91,N,0
51.60424,27.59627,349.35,0.4,0.45,2022-03-25,1015,N20,VIIRS,n,2,289.19,10.27,D,0
51.60168,27.60412,342.72,0.4,0.45,2022-03-25,1015,N20,VIIRS,n,2,293.94,10.27,D,0
51.60554,27.60176,341.95,0.4,0.45,2022-03-25,1015,N20,VIIRS,n,2,287.5,10.27,D,0
52.84523,29.99461,329.11,0.47,0.4,2022-03-25,1016,N20,VIIRS,n,2,287.27,5.14,D,2
52.58528,27.55675,343.18,0.38,0.43,2022-03-25,1016,N20,VIIRS,n,2,289.5,4.14,D,0
52.5878,27.54906,328.92,0.38,0.43,2022-03-25,1016,N20,VIIRS,n,2,289.59,4.14,D,0
51.95519,24.05111,325.03,0.54,0.51,2022-03-25,1016,N20,VIIRS,n,2,289.74,3.52,D,0
52.3423,24.17076,336.42,0.52,0.5,2022-03-25,1016,N20,VIIRS,n,2,290.75,4.67,D,0
52.76248,25.44862,348.92,0.45,0.47,2022-03-25,1016,N20,VIIRS,n,2,288.38,7.04,D,0
52.31875,23.63424,343.35,0.55,0.51,2022-03-25,1016,N20,VIIRS,n,2,288.81,5.68,D,0
53.39016,27.66762,343.7,0.54,0.42,2022-03-25,1016,N20,VIIRS,n,2,284.6,6.95,D,0
53.39136,27.6683,344.74,0.54,0.42,2022-03-25,1016,N20,VIIRS,n,2,285.79,7.71,D,0
53.00486,24.60538,326.62,0.48,0.48,2022-03-25,1016,N20,VIIRS,n,2,288.95,1.89,D,0
54.06813,26.90091,331.18,0.56,0.43,2022-03-25,1016,N20,VIIRS,n,2,283.82,3.25,D,0
52.04518,27.63782,333.17,0.39,0.44,2022-03-25,1016,N20,VIIRS,n,2,288.75,2.56,D,0
52.0104,27.43463,334.98,0.4,0.44,2022-03-25,1016,N20,VIIRS,n,2,287.54,3.53,D,0
54.18179,28.11452,349.09,0.51,0.41,2022-03-25,1016,N20,VIIRS,n,2,282.56,10.36,D,0
54.10784,24.97222,337.83,0.43,0.46,2022-03-25,1016,N20,VIIRS,n,2,284.32,2.54,D,0
52.55706,26.69712,330.78,0.42,0.61,2022-03-25,1156,N20,VIIRS,n,2,289.22,3.94,D,0
51.59792,27.61417,367,0.45,0.63,2022-03-25,1156,N20,VIIRS,h,2,291.29,23.34,D,0
51.60371,27.60735,367,0.45,0.63,2022-03-25,1156,N20,VIIRS,h,2,291.61,18.34,D,0
52.23048,23.5822,348.17,0.61,0.54,2022-03-25,1156,N20,VIIRS,n,2,293.35,19.7,D,0
52.23008,23.57316,335.15,0.61,0.54,2022-03-25,1156,N20,VIIRS,n,2,292.97,5.99,D,0
53.71534,25.38205,336.22,0.37,0.58,2022-03-25,1157,N20,VIIRS,n,2,289.89,2.51,D,0
53.25321,24.35954,355.81,0.34,0.56,2022-03-25,1157,N20,VIIRS,n,2,290.84,4.45,D,0
54.10635,24.971,325.77,0.36,0.57,2022-03-25,1157,N20,VIIRS,n,2,288.35,2.22,D,0
53.71003,28.70666,348.23,0.51,0.66,2022-03-25,1157,N20,VIIRS,n,2,286.14,7.54,D,0
54.21013,28.61992,339.05,0.51,0.66,2022-03-25,1157,N20,VIIRS,n,2,281.33,3.82,D,0
55.66875,27.24656,325.73,0.45,0.63,2022-03-25,1157,N20,VIIRS,n,2,282.56,2.69,D,0
52.14653,29.01859,299.17,0.39,0.36,2022-03-26,0008,N20,VIIRS,n,2,274.04,0.52,N,0
52.11845,27.83308,297.4,0.4,0.37,2022-03-26,0008,N20,VIIRS,n,2,273.01,0.53,N,0
52.62951,27.72111,303.93,0.41,0.37,2022-03-26,0008,N20,VIIRS,n,2,266.18,2.39,N,0
52.62872,27.72711,327.61,0.41,0.37,2022-03-26,0008,N20,VIIRS,n,2,269.99,4.14,N,0
52.84651,29.99004,326.77,0.39,0.36,2022-03-26,0008,N20,VIIRS,n,2,275.54,3.03,N,2
52.77191,31.49271,295.63,0.39,0.36,2022-03-26,0008,N20,VIIRS,n,2,272.85,0.58,N,0
51.61052,27.60791,297.05,0.4,0.37,2022-03-26,0008,N20,VIIRS,n,2,270.88,1.15,N,0
51.60796,27.60096,296.13,0.4,0.37,2022-03-26,0008,N20,VIIRS,n,2,271.5,0.97,N,0
51.60539,27.59402,295.46,0.41,0.37,2022-03-26,0008,N20,VIIRS,n,2,271.51,0.56,N,0
54.97086,29.37566,326.7,0.35,0.57,2022-03-26,1138,N20,VIIRS,n,2,279.92,5.78,D,0
54.9707,29.37001,356.42,0.35,0.57,2022-03-26,1138,N20,VIIRS,l,2,283.72,10.14,D,0
54.97598,29.36963,341.62,0.35,0.57,2022-03-26,1138,N20,VIIRS,n,2,280.12,4.78,D,0
53.82856,27.71992,304.76,0.39,0.44,2022-03-26,2349,N20,VIIRS,n,2,270.84,1.83,N,0
53.82815,27.7196,317.1,0.39,0.44,2022-03-26,2349,N20,VIIRS,n,2,270.68,1.17,N,0
53.11745,29.71141,331.35,0.35,0.56,2022-03-27,0938,N20,VIIRS,n,2,277.34,1.86,D,0
53.11897,29.70886,327.04,0.35,0.56,2022-03-27,0938,N20,VIIRS,n,2,276.86,2.05,D,0
53.53846,27.83506,350.11,0.39,0.59,2022-03-27,0939,N20,VIIRS,n,2,274.23,10.73,D,0
51.85955,26.80448,333.39,0.51,0.41,2022-03-27,1118,N20,VIIRS,n,2,284.4,5.26,D,0
53.5443,27.83104,330.31,0.39,0.44,2022-03-27,1119,N20,VIIRS,n,2,276.87,4.53,D,0
54.08141,24.92805,325.26,0.47,0.4,2022-03-27,1119,N20,VIIRS,n,2,278.15,1.97,D,0
54.07779,24.92917,340.89,0.47,0.4,2022-03-27,1119,N20,VIIRS,n,2,282.12,10.94,D,0
54.25143,27.14993,331.87,0.56,0.43,2022-03-27,1119,N20,VIIRS,n,2,279.07,4.08,D,0
53.5061,24.74401,325.42,0.46,0.39,2022-03-27,1119,N20,VIIRS,n,2,280.86,2.44,D,0
53.50765,25.45876,328.05,0.48,0.4,2022-03-27,1119,N20,VIIRS,n,2,294.61,44.9,D,0
53.50938,25.45897,344.11,0.48,0.4,2022-03-27,1119,N20,VIIRS,n,2,284.01,44.7,D,0
53.54782,27.82421,338.33,0.39,0.44,2022-03-27,1119,N20,VIIRS,n,2,278.73,4.53,D,0
53.54479,27.83691,334.16,0.39,0.44,2022-03-27,1119,N20,VIIRS,n,2,278.23,2.53,D,0
53.54029,27.83196,338.22,0.39,0.44,2022-03-27,1119,N20,VIIRS,n,2,277.31,4.92,D,0
53.73227,25.37167,326.17,0.69,0.74,2022-03-28,0920,N20,VIIRS,n,2,278.58,3.67,D,0
52.12934,26.17099,354.82,0.75,0.77,2022-03-28,0920,N20,VIIRS,n,2,270.12,11.32,D,0
51.85513,26.82446,337.18,0.39,0.36,2022-03-28,1059,N20,VIIRS,n,2,294.58,10.79,D,0
51.83804,26.80111,329.06,0.39,0.36,2022-03-28,1059,N20,VIIRS,n,2,289.87,2.88,D,0
51.85245,26.85502,350.46,0.39,0.36,2022-03-28,1059,N20,VIIRS,n,2,297.26,11.19,D,0
51.84792,26.79751,329.38,0.39,0.36,2022-03-28,1059,N20,VIIRS,n,2,290.86,4.82,D,0
51.85167,26.84939,355.24,0.39,0.36,2022-03-28,1059,N20,VIIRS,n,2,292.83,9.24,D,0
51.85089,26.84376,346.82,0.39,0.36,2022-03-28,1059,N20,VIIRS,n,2,289.25,9.24,D,0
51.85982,26.85826,352.45,0.39,0.36,2022-03-28,1059,N20,VIIRS,n,2,290.2,4.52,D,0
51.85904,26.85263,341.4,0.39,0.36,2022-03-28,1059,N20,VIIRS,n,2,290.23,4.52,D,0
51.85591,26.8301,345.71,0.39,0.36,2022-03-28,1059,N20,VIIRS,n,2,292.37,5.56,D,0
51.85418,26.84256,344.38,0.39,0.36,2022-03-28,1059,N20,VIIRS,n,2,290.21,9.24,D,0
51.85575,26.85383,333.2,0.39,0.36,2022-03-28,1059,N20,VIIRS,n,2,288.25,11.19,D,0
51.85653,26.85946,340.41,0.39,0.36,2022-03-28,1059,N20,VIIRS,n,2,286.97,11.19,D,0
52.12224,28.50872,347.57,0.42,0.38,2022-03-28,1059,N20,VIIRS,n,2,282.8,17.49,D,0
51.85607,26.80638,341.66,0.39,0.36,2022-03-28,1059,N20,VIIRS,n,2,289.11,7.25,D,0
51.85842,26.82327,336.84,0.39,0.36,2022-03-28,1059,N20,VIIRS,n,2,288.88,10.79,D,0
51.85027,26.8144,327.19,0.39,0.36,2022-03-28,1059,N20,VIIRS,n,2,290.89,4.93,D,0
51.85105,26.82003,336.22,0.39,0.36,2022-03-28,1059,N20,VIIRS,n,2,293.98,10.66,D,0
51.85183,26.82566,355.51,0.39,0.36,2022-03-28,1059,N20,VIIRS,n,2,295.28,10.66,D,0
51.85262,26.83129,334.13,0.39,0.36,2022-03-28,1059,N20,VIIRS,n,2,291.2,5.11,D,0
51.8534,26.83693,351.28,0.39,0.36,2022-03-28,1059,N20,VIIRS,n,2,290.99,5.11,D,0
51.85731,26.8651,335.95,0.39,0.36,2022-03-28,1059,N20,VIIRS,n,2,288.06,5.39,D,0
51.85011,26.83812,334.13,0.39,0.36,2022-03-28,1059,N20,VIIRS,n,2,286.03,5.11,D,0
51.84932,26.83249,345.88,0.39,0.36,2022-03-28,1059,N20,VIIRS,n,2,290.04,5.11,D,0
51.85435,26.81883,354.84,0.39,0.36,2022-03-28,1059,N20,VIIRS,n,2,298.74,10.79,D,0
52.79721,24.44954,333.94,0.38,0.36,2022-03-28,1100,N20,VIIRS,n,2,301.11,22.68,D,0
52.11858,26.19499,341.84,0.39,0.36,2022-03-28,1100,N20,VIIRS,n,2,284.14,5.55,D,0
52.10003,26.06666,340.22,0.39,0.36,2022-03-28,1100,N20,VIIRS,n,2,288.24,10.09,D,0
52.09922,26.06109,340.81,0.39,0.36,2022-03-28,1100,N20,VIIRS,n,2,284.71,5.02,D,0
52.12185,26.19375,330.85,0.39,0.36,2022-03-28,1100,N20,VIIRS,n,2,284.11,3.15,D,0
52.12105,26.18816,336.6,0.39,0.36,2022-03-28,1100,N20,VIIRS,n,2,282.59,3.15,D,0
52.11621,26.15464,337.49,0.39,0.36,2022-03-28,1100,N20,VIIRS,n,2,282.13,4.54,D,0
52.11772,26.213,336.82,0.39,0.36,2022-03-28,1100,N20,VIIRS,n,2,283.68,8.26,D,0
52.11852,26.21859,331.28,0.39,0.36,2022-03-28,1100,N20,VIIRS,n,2,283.72,8.26,D,0
52.11933,26.22419,328.09,0.39,0.36,2022-03-28,1100,N20,VIIRS,n,2,291.42,23.36,D,0
52.1208,26.76447,338.23,0.39,0.36,2022-03-28,1100,N20,VIIRS,n,2,288.58,3.42,D,0
52.09128,26.75146,334.45,0.39,0.36,2022-03-28,1100,N20,VIIRS,n,2,287.1,2.54,D,0
52.06719,26.6533,345.06,0.39,0.36,2022-03-28,1100,N20,VIIRS,n,2,288.04,3.97,D,0
52.13005,26.17885,329.83,0.39,0.36,2022-03-28,1100,N20,VIIRS,n,2,282.78,2.57,D,0
52.12764,26.16208,325.58,0.39,0.36,2022-03-28,1100,N20,VIIRS,n,2,282.33,1.91,D,0
52.13171,26.16643,338.27,0.39,0.36,2022-03-28,1100,N20,VIIRS,n,2,283.6,2.88,D,0
52.01936,25.36085,339.18,0.38,0.36,2022-03-28,1100,N20,VIIRS,n,2,286.82,5.27,D,0
52.02177,25.35405,350.24,0.38,0.36,2022-03-28,1100,N20,VIIRS,n,2,290.18,8.21,D,0
52.1326,25.11281,341.68,0.38,0.36,2022-03-28,1100,N20,VIIRS,n,2,295.54,12.94,D,0
52.13175,25.1073,326.78,0.38,0.36,2022-03-28,1100,N20,VIIRS,n,2,289.62,4.69,D,0
52.85093,30.08682,351.08,0.47,0.4,2022-03-28,1100,N20,VIIRS,n,2,283.78,7.76,D,0
52.85605,30.0997,328.48,0.47,0.4,2022-03-28,1100,N20,VIIRS,n,2,282.38,3.46,D,0
52.85455,30.08578,334.05,0.47,0.4,2022-03-28,1100,N20,VIIRS,n,2,286.04,7.76,D,0
52.8553,30.09274,356.35,0.47,0.4,2022-03-28,1100,N20,VIIRS,l,2,287.5,7.76,D,0
52.85892,30.09169,325.85,0.47,0.4,2022-03-28,1100,N20,VIIRS,n,2,283.18,3.46,D,0
52.85816,30.08473,329.38,0.47,0.4,2022-03-28,1100,N20,VIIRS,n,2,283.46,3.46,D,0
52.16413,24.67228,334.72,0.38,0.36,2022-03-28,1100,N20,VIIRS,n,2,290.42,3.64,D,0
52.87593,26.40185,334.93,0.39,0.36,2022-03-28,1100,N20,VIIRS,n,2,289.52,4.08,D,0
53.03275,27.14873,348.92,0.4,0.37,2022-03-28,1100,N20,VIIRS,n,2,290.13,20.79,D,0
53.53058,27.74105,326.01,0.42,0.37,2022-03-28,1100,N20,VIIRS,n,2,284.41,16.17,D,0
53.03196,27.14278,344.89,0.4,0.37,2022-03-28,1100,N20,VIIRS,n,2,288.25,7.79,D,0
53.0353,27.14158,347.52,0.4,0.37,2022-03-28,1100,N20,VIIRS,n,2,286.71,7.79,D,0
53.39017,29.26708,330.65,0.45,0.39,2022-03-28,1100,N20,VIIRS,n,2,284.57,4.19,D,0
52.11938,26.20058,347.18,0.39,0.36,2022-03-28,1100,N20,VIIRS,n,2,284.33,3.91,D,0
52.79633,24.44396,334.62,0.38,0.36,2022-03-28,1100,N20,VIIRS,n,2,294,7.65,D,0
53.31003,27.35924,349.74,0.41,0.37,2022-03-28,1100,N20,VIIRS,n,2,290.63,7.6,D,0
53.30924,27.35318,327.97,0.41,0.37,2022-03-28,1100,N20,VIIRS,n,2,289.19,4.07,D,0
53.5303,27.76722,333.95,0.42,0.37,2022-03-28,1100,N20,VIIRS,n,2,286.19,3.61,D,0
53.53214,27.75354,332.13,0.42,0.37,2022-03-28,1100,N20,VIIRS,n,2,287.1,8.25,D,0
53.53476,27.7461,341.56,0.42,0.37,2022-03-28,1100,N20,VIIRS,n,2,286,16.17,D,0
53.53136,27.7473,347.87,0.42,0.37,2022-03-28,1100,N20,VIIRS,n,2,295.21,16.17,D,0
54.89399,29.17741,342.97,0.47,0.39,2022-03-28,1100,N20,VIIRS,n,2,286.96,26.31,D,0
53.61863,23.88316,341.45,0.38,0.36,2022-03-28,1100,N20,VIIRS,n,2,292.81,6.68,D,0
53.70491,28.82871,329.04,0.44,0.39,2022-03-28,1100,N20,VIIRS,n,2,286.41,3.67,D,0
52.12019,26.20617,337.45,0.39,0.36,2022-03-28,1100,N20,VIIRS,n,2,283.57,3.91,D,0
53.15387,32.22614,296.23,0.6,0.53,2022-03-28,2311,N20,VIIRS,n,2,272.12,1.19,N,0
53.54078,27.83562,305.78,0.46,0.64,2022-03-28,2311,N20,VIIRS,n,2,273.52,1.03,N,0
53.40346,29.25664,298.99,0.4,0.6,2022-03-28,2311,N20,VIIRS,n,2,273.49,1.07,N,0
53.15428,32.21694,302.68,0.6,0.53,2022-03-28,2311,N20,VIIRS,n,2,272.12,1.19,N,0
52.84645,29.9903,317.22,0.37,0.58,2022-03-28,2311,N20,VIIRS,n,2,277.31,1.91,N,2
51.84326,26.79578,302.29,0.51,0.66,2022-03-28,2312,N20,VIIRS,n,2,276.07,0.67,N,0
54.60208,27.26953,299.16,0.49,0.4,2022-03-29,0051,N20,VIIRS,n,2,272.69,1.29,N,0
52.13025,26.67275,309.5,0.53,0.42,2022-03-29,0052,N20,VIIRS,n,2,275.74,1.72,N,0
52.01107,26.28165,314.22,0.52,0.42,2022-03-29,0052,N20,VIIRS,n,2,275,2.64,N,0
52.01067,26.26512,303.77,0.52,0.42,2022-03-29,0052,N20,VIIRS,n,2,274.62,1.22,N,0
52.84781,29.98876,328.04,0.45,0.47,2022-03-29,0052,N20,VIIRS,n,2,276.73,2.04,N,2
52.12738,26.25113,300.96,0.52,0.41,2022-03-29,0052,N20,VIIRS,n,2,274.51,0.94,N,0
52.28283,31.55889,339.33,0.39,0.37,2022-03-29,1040,N20,VIIRS,n,2,277.03,5.74,D,0
52.11791,26.75113,327.05,0.41,0.37,2022-03-29,1041,N20,VIIRS,n,2,279.78,2.64,D,0
54.74254,29.39554,343.96,0.42,0.38,2022-03-30,1022,N20,VIIRS,n,2,282.4,8.69,D,0
54.68878,29.37166,337.66,0.64,0.72,2022-03-30,1203,N20,VIIRS,n,2,275.63,5.92,D,0
54.74178,29.40715,333.74,0.64,0.72,2022-03-30,1203,N20,VIIRS,n,2,274.07,7.44,D,0
54.7379,28.95482,340.72,0.61,0.71,2022-03-30,1203,N20,VIIRS,n,2,277.74,4.92,D,0
53.30648,23.87497,355.86,0.33,0.55,2022-03-31,1004,N20,VIIRS,l,2,285.33,22.28,D,0
53.30971,23.86667,348.28,0.33,0.55,2022-03-31,1004,N20,VIIRS,n,2,282.23,3.97,D,0
55.66249,27.22537,337.31,0.42,0.45,2022-03-31,1004,N20,VIIRS,n,2,279.08,2.9,D,0
53.44226,23.91195,328.08,0.32,0.55,2022-03-31,1004,N20,VIIRS,n,2,275.16,1.76,D,0
53.29662,23.86096,336.44,0.33,0.55,2022-03-31,1004,N20,VIIRS,n,2,281.1,9.18,D,0
53.30515,23.87048,350.5,0.33,0.55,2022-03-31,1004,N20,VIIRS,n,2,295.91,32.67,D,0
53.30383,23.86603,336.13,0.33,0.55,2022-03-31,1004,N20,VIIRS,n,2,289.52,32.67,D,0
55.48418,27.65149,295.08,0.41,0.61,2022-04-02,2317,N20,VIIRS,n,2,264.15,0.4,N,0
55.48143,27.65815,295.28,0.54,0.42,2022-04-03,0057,N20,VIIRS,n,2,267.89,0.8,N,0
54.6885,29.36269,356.39,0.59,0.7,2022-04-03,0908,N20,VIIRS,l,2,274.44,19.13,D,0
54.68545,29.35492,351.8,0.59,0.7,2022-04-03,0908,N20,VIIRS,n,2,275.03,19.13,D,0
54.88044,29.19982,330.03,0.58,0.7,2022-04-03,0908,N20,VIIRS,n,2,273.6,4.67,D,0
55.67142,27.22778,332.66,0.39,0.36,2022-04-03,1048,N20,VIIRS,n,2,282.63,4.34,D,0
54.68255,29.36699,328.07,0.4,0.37,2022-04-03,1048,N20,VIIRS,n,2,281.14,2.25,D,0
54.90796,29.00162,325.67,0.4,0.37,2022-04-03,1048,N20,VIIRS,n,2,280.78,2.01,D,0
55.56572,28.35896,331.56,0.39,0.36,2022-04-03,1048,N20,VIIRS,n,2,281.74,2.7,D,0
55.58628,29.10697,331.97,0.4,0.37,2022-04-03,1048,N20,VIIRS,n,2,283.52,5.92,D,0
55.00282,26.70457,341.72,0.38,0.36,2022-04-03,1048,N20,VIIRS,n,2,286.65,9.41,D,0
55.10444,29.12009,334.49,0.4,0.37,2022-04-03,1048,N20,VIIRS,n,2,285.07,6.02,D,0
55.00373,26.71044,337.37,0.38,0.36,2022-04-03,1048,N20,VIIRS,n,2,283.89,6.1,D,0
54.85574,27.0066,326.02,0.38,0.36,2022-04-03,1048,N20,VIIRS,n,2,283.34,2.81,D,0
54.85664,27.01245,327.77,0.38,0.36,2022-04-03,1048,N20,VIIRS,n,2,280.35,2.43,D,0
55.10264,28.81392,327.31,0.4,0.37,2022-04-03,1048,N20,VIIRS,n,2,283.46,2.52,D,0
55.10347,28.82002,329,0.4,0.37,2022-04-03,1048,N20,VIIRS,n,2,283.39,2.03,D,0
55.66435,27.25032,327.85,0.39,0.36,2022-04-03,1048,N20,VIIRS,n,2,281.46,2,D,0
54.88232,29.19951,346.08,0.4,0.37,2022-04-03,1048,N20,VIIRS,n,2,283.81,5.39,D,0
54.68091,29.35474,335.45,0.4,0.37,2022-04-03,1048,N20,VIIRS,n,2,285.82,12.19,D,0
54.87983,29.20699,327.98,0.4,0.37,2022-04-03,1048,N20,VIIRS,n,2,281.41,2.03,D,0
54.84478,28.74498,336.09,0.39,0.36,2022-04-03,1048,N20,VIIRS,n,2,283.67,4.1,D,0
54.66373,29.1749,333.69,0.4,0.37,2022-04-03,1048,N20,VIIRS,n,2,278.29,3.8,D,0
54.68838,29.35823,333.23,0.4,0.37,2022-04-03,1048,N20,VIIRS,n,2,282.79,4.52,D,0
55.21025,30.51885,325.6,0.42,0.38,2022-04-03,1048,N20,VIIRS,n,2,280.04,3.15,D,0
54.67923,29.36831,328.49,0.4,0.37,2022-04-03,1048,N20,VIIRS,n,2,281.65,2.25,D,0
52.3038,30.22939,322.35,0.49,0.65,2022-04-03,2259,N20,VIIRS,n,2,266.43,2.02,N,0
52.84748,29.98676,296.07,0.51,0.66,2022-04-03,2259,N20,VIIRS,n,2,260.54,0.28,N,2
52.84872,29.98843,314.66,0.52,0.42,2022-04-04,0039,N20,VIIRS,n,2,270.21,1.96,N,2
52.3078,30.23129,309.79,0.54,0.42,2022-04-04,0039,N20,VIIRS,n,2,267.4,0.61,N,0
52.30678,30.23131,317,0.55,0.42,2022-04-04,0039,N20,VIIRS,n,2,267.93,2.2,N,0
52.30694,30.23524,313.94,0.39,0.37,2022-04-06,0002,N20,VIIRS,n,2,267.55,1.05,N,0
55.53945,29.74721,335.47,0.44,0.46,2022-04-06,0951,N20,VIIRS,n,2,274.2,2.47,D,0
52.32056,31.43218,351.69,0.45,0.47,2022-04-07,1112,N20,VIIRS,n,2,300.39,47.8,D,0
52.31626,31.433,333.1,0.45,0.47,2022-04-07,1112,N20,VIIRS,n,2,290.52,4.04,D,0
52.03556,26.14554,311.26,0.39,0.6,2022-04-07,2324,N20,VIIRS,n,2,273.78,1.41,N,0
52.03466,26.14227,307.17,0.39,0.6,2022-04-07,2324,N20,VIIRS,n,2,273.63,1.3,N,0
52.52559,27.79397,298.38,0.34,0.56,2022-04-07,2324,N20,VIIRS,n,2,270.02,0.8,N,0
52.52676,27.79387,298.19,0.34,0.56,2022-04-07,2324,N20,VIIRS,n,2,270.15,0.44,N,0
52.03453,26.14812,297.29,0.39,0.6,2022-04-07,2324,N20,VIIRS,n,2,274.19,0.98,N,0
52.84505,29.98872,310.23,0.44,0.62,2022-04-08,2305,N20,VIIRS,n,2,267.19,1.57,N,2
52.85075,29.99025,318.36,0.44,0.62,2022-04-08,2305,N20,VIIRS,n,2,268.92,1.95,N,2
52.85083,29.98905,308.31,0.44,0.62,2022-04-08,2305,N20,VIIRS,n,2,267.81,1.25,N,2
55.63993,27.72527,321.04,0.44,0.38,2022-04-09,0045,N20,VIIRS,n,2,270.61,2.23,N,3
52.84849,29.991,340.28,0.39,0.44,2022-04-09,0046,N20,VIIRS,n,2,273.12,5.11,N,2
52.57925,26.19383,355.98,0.32,0.55,2022-04-11,0957,N20,VIIRS,l,2,289.27,4.29,D,0
52.57339,26.19311,349.14,0.32,0.55,2022-04-11,0957,N20,VIIRS,n,2,293,4.29,D,0
52.57796,26.18948,328.64,0.32,0.55,2022-04-11,0957,N20,VIIRS,n,2,286.81,4.29,D,0
54.62796,29.42338,345.68,0.35,0.57,2022-04-11,1138,N20,VIIRS,n,2,280.34,4.31,D,0
53.36652,23.9839,338.74,0.42,0.45,2022-04-11,1138,N20,VIIRS,n,2,287.17,11.33,D,0
53.36236,23.98478,338.95,0.42,0.45,2022-04-11,1138,N20,VIIRS,n,2,291.47,11.33,D,0
51.89154,29.33645,297.87,0.49,0.4,2022-04-11,2350,N20,VIIRS,n,2,273.4,0.99,N,2
55.53986,27.66189,338.98,0.4,0.44,2022-04-12,1119,N20,VIIRS,n,2,287.53,6.15,D,0
52.4452,24.87659,329.68,0.45,0.39,2022-04-12,1119,N20,VIIRS,n,2,289.39,3.44,D,0
53.26401,24.44861,296.75,0.4,0.6,2022-04-12,2330,N20,VIIRS,n,2,273.42,1.02,N,2
52.10512,26.1959,303.82,0.34,0.56,2022-04-12,2331,N20,VIIRS,n,2,272.5,0.72,N,0
52.10492,26.20088,305.9,0.34,0.56,2022-04-12,2331,N20,VIIRS,n,2,272.74,0.72,N,0
52.10035,26.18538,319.2,0.34,0.56,2022-04-12,2331,N20,VIIRS,n,2,272.93,1.42,N,0
52.10704,26.19565,303.91,0.51,0.49,2022-04-13,0111,N20,VIIRS,n,2,271.78,1.88,N,0
52.10836,26.19557,302.84,0.51,0.49,2022-04-13,0111,N20,VIIRS,n,2,271.93,0.78,N,0
54.62913,29.1713,351.63,0.47,0.64,2022-04-13,0920,N20,VIIRS,n,2,275.94,14.3,D,0
54.62183,29.17031,356.84,0.47,0.64,2022-04-13,0920,N20,VIIRS,l,2,280,10.76,D,0
54.62683,29.16701,356.16,0.47,0.64,2022-04-13,0920,N20,VIIRS,l,2,278.93,11.63,D,0
54.61951,29.16605,327.14,0.47,0.64,2022-04-13,0920,N20,VIIRS,n,2,276.68,12.51,D,0
54.62177,29.17236,354.52,0.47,0.64,2022-04-13,0920,N20,VIIRS,n,2,276.51,11.63,D,0
54.62689,29.16493,335.19,0.47,0.64,2022-04-13,0920,N20,VIIRS,n,2,276.69,10.76,D,0
52.99416,24.78967,332.22,0.77,0.77,2022-04-13,0920,N20,VIIRS,n,2,286.42,5.64,D,0
54.63415,29.16795,331.69,0.47,0.64,2022-04-13,0920,N20,VIIRS,n,2,276.02,4.31,D,0
55.29276,28.13751,329.3,0.48,0.65,2022-04-13,0921,N20,VIIRS,n,2,285.91,2.68,D,0
53.98899,25.47716,328.34,0.39,0.36,2022-04-13,1100,N20,VIIRS,n,2,292.69,1.95,D,0
54.81244,25.96419,335.97,0.4,0.37,2022-04-13,1100,N20,VIIRS,n,2,294.98,12.53,D,0
55.12078,28.9938,339.81,0.46,0.39,2022-04-13,1100,N20,VIIRS,n,2,291.73,17.77,D,0
54.98629,29.54738,325.05,0.48,0.4,2022-04-13,1100,N20,VIIRS,n,2,288.08,3.2,D,0
54.84869,29.69769,328.31,0.48,0.4,2022-04-13,1100,N20,VIIRS,n,2,287.67,2.75,D,0
54.63623,29.16773,345.25,0.46,0.39,2022-04-13,1100,N20,VIIRS,n,2,285.02,6.58,D,0
54.61752,29.16632,335.72,0.46,0.39,2022-04-13,1100,N20,VIIRS,n,2,283.44,4.99,D,0
54.61393,29.16746,328.64,0.46,0.39,2022-04-13,1100,N20,VIIRS,n,2,283.99,2.75,D,0
54.01477,24.897,329.77,0.39,0.36,2022-04-13,1100,N20,VIIRS,n,2,293.91,2.31,D,0
53.94159,25.21889,330.43,0.39,0.36,2022-04-13,1100,N20,VIIRS,n,2,292.2,3.75,D,0
53.89795,24.96688,330.32,0.39,0.36,2022-04-13,1100,N20,VIIRS,n,2,291.56,3.38,D,0
53.8988,24.97265,326.35,0.39,0.36,2022-04-13,1100,N20,VIIRS,n,2,290.14,4.01,D,0
53.8947,24.96825,327.37,0.39,0.36,2022-04-13,1100,N20,VIIRS,n,2,289.72,3.38,D,0
54.19425,28.33208,332.54,0.44,0.38,2022-04-13,1100,N20,VIIRS,n,2,274.7,2.52,D,0
53.29475,26.25503,345.14,0.39,0.36,2022-04-13,1100,N20,VIIRS,n,2,294.54,5.97,D,0
52.1949,24.80037,330.77,0.38,0.36,2022-04-13,1100,N20,VIIRS,n,2,293.06,2.65,D,0
51.92004,26.94385,328.38,0.39,0.37,2022-04-13,1100,N20,VIIRS,n,2,272.16,3.07,D,0
55.72512,27.29609,329.43,0.43,0.38,2022-04-13,1101,N20,VIIRS,n,2,286.67,2.18,D,0
55.45982,28.34318,330.13,0.45,0.39,2022-04-13,1101,N20,VIIRS,n,2,289.39,4.15,D,0
52.86909,26.12964,302.9,0.54,0.68,2022-04-13,2311,N20,VIIRS,n,2,268.42,1.06,N,0
53.26236,24.44876,295.86,0.44,0.38,2022-04-14,0052,N20,VIIRS,n,2,271.31,0.79,N,2
52.09681,30.4485,335.61,0.78,0.78,2022-04-14,0901,N20,VIIRS,n,2,283.8,7.43,D,0
54.1379,29.94843,340.05,0.67,0.74,2022-04-14,0901,N20,VIIRS,n,2,284.87,6.59,D,0
55.04546,28.54491,347.86,0.68,0.74,2022-04-14,0902,N20,VIIRS,n,2,285.48,11.02,D,0
55.05085,28.53753,337.67,0.68,0.74,2022-04-14,0902,N20,VIIRS,n,2,283.84,11.02,D,0
55.04916,28.5537,330.22,0.68,0.74,2022-04-14,0902,N20,VIIRS,n,2,283.67,11.22,D,0
54.72629,30.07384,339.2,0.63,0.72,2022-04-14,0902,N20,VIIRS,n,2,282.25,5.17,D,0
54.7267,30.07342,338.89,0.63,0.72,2022-04-14,0902,N20,VIIRS,n,2,282.37,4.59,D,0
54.13524,29.95164,338.21,0.67,0.73,2022-04-14,0902,N20,VIIRS,n,2,285.25,5.85,D,0
55.05453,28.54627,327.26,0.68,0.74,2022-04-14,0902,N20,VIIRS,n,2,281.59,11.22,D,0
51.81778,30.21293,328.9,0.38,0.36,2022-04-14,1041,N20,VIIRS,n,2,291.75,2.41,D,0
52.99724,30.79483,327.86,0.39,0.36,2022-04-14,1041,N20,VIIRS,n,2,290.24,2.41,D,0
53.03773,30.40947,345.83,0.39,0.36,2022-04-14,1041,N20,VIIRS,n,2,292.27,6.77,D,0
53.03691,30.4038,340.38,0.39,0.36,2022-04-14,1041,N20,VIIRS,n,2,288.19,6.77,D,0
53.041,30.40817,336.84,0.39,0.36,2022-04-14,1041,N20,VIIRS,n,2,292.51,6.77,D,0
53.04426,30.40687,339.42,0.39,0.36,2022-04-14,1041,N20,VIIRS,n,2,291.94,4.32,D,0
53.05852,29.58097,328.74,0.38,0.36,2022-04-14,1041,N20,VIIRS,n,2,289.2,1.44,D,0
53.30778,30.2644,326.48,0.39,0.36,2022-04-14,1041,N20,VIIRS,n,2,288.64,1.34,D,0
52.91848,27.11475,330.36,0.4,0.37,2022-04-14,1041,N20,VIIRS,n,2,292.98,2.32,D,0
53.33896,29.20998,340.43,0.38,0.36,2022-04-14,1041,N20,VIIRS,n,2,291.95,4.81,D,0
53.29193,28.49413,334.03,0.39,0.36,2022-04-14,1041,N20,VIIRS,n,2,298.34,7.2,D,0
53.29102,28.48848,340.88,0.39,0.36,2022-04-14,1041,N20,VIIRS,n,2,303.08,7.2,D,0
53.81143,29.81046,328.25,0.39,0.36,2022-04-14,1041,N20,VIIRS,n,2,291.3,1.76,D,0
53.81469,29.80909,333.88,0.39,0.36,2022-04-14,1041,N20,VIIRS,n,2,296.99,14.01,D,0
53.81384,29.80333,328.29,0.39,0.36,2022-04-14,1041,N20,VIIRS,n,2,290.49,14.01,D,0
53.99934,30.30332,329.99,0.39,0.36,2022-04-14,1041,N20,VIIRS,n,2,291.53,3.75,D,0
53.5835,27.61274,325.03,0.39,0.36,2022-04-14,1041,N20,VIIRS,n,2,287.26,0.95,D,0
54.13625,30.72122,336.64,0.39,0.37,2022-04-14,1041,N20,VIIRS,n,2,289.67,3.12,D,0
54.14037,30.7259,327.7,0.39,0.37,2022-04-14,1041,N20,VIIRS,n,2,286.56,3.12,D,0
54.19963,30.90427,329.72,0.4,0.37,2022-04-14,1041,N20,VIIRS,n,2,290.19,2.62,D,0
54.18608,30.56653,329.74,0.39,0.36,2022-04-14,1041,N20,VIIRS,n,2,288.94,1.93,D,0
54.18527,28.3777,330.65,0.38,0.36,2022-04-14,1041,N20,VIIRS,n,2,293.52,2.42,D,0
54.18213,28.33592,326.98,0.38,0.36,2022-04-14,1041,N20,VIIRS,n,2,292.62,1.71,D,0
54.18536,28.33443,330.31,0.38,0.36,2022-04-14,1041,N20,VIIRS,n,2,291.65,1.71,D,0
54.21282,28.42063,325.6,0.38,0.36,2022-04-14,1041,N20,VIIRS,n,2,293.44,1.25,D,0
54.21605,28.41915,337.55,0.38,0.36,2022-04-14,1041,N20,VIIRS,n,2,295.64,3.12,D,0
54.22936,28.43776,325.01,0.38,0.36,2022-04-14,1041,N20,VIIRS,n,2,293.64,2.09,D,0
53.7214,25.45918,329.32,0.42,0.37,2022-04-14,1041,N20,VIIRS,n,2,289.79,1.73,D,0
53.72027,25.45312,330.92,0.42,0.37,2022-04-14,1041,N20,VIIRS,n,2,292.49,2.77,D,0
54.65118,30.8782,336.89,0.4,0.37,2022-04-14,1041,N20,VIIRS,n,2,291.26,3.13,D,0
54.6231,30.35744,330.99,0.39,0.36,2022-04-14,1041,N20,VIIRS,n,2,289.42,4.1,D,0
52.84555,29.99152,331.39,0.39,0.36,2022-04-14,1041,N20,VIIRS,n,2,292.61,3.06,D,2
52.79482,29.92897,330.64,0.38,0.36,2022-04-14,1041,N20,VIIRS,n,2,290.66,3.59,D,0
52.30354,27.15067,328.76,0.4,0.37,2022-04-14,1041,N20,VIIRS,n,2,295.99,2.78,D,0
52.67883,30.02577,338.83,0.38,0.36,2022-04-14,1041,N20,VIIRS,n,2,291.28,3.15,D,0
54.65575,29.42835,338.25,0.39,0.36,2022-04-14,1041,N20,VIIRS,n,2,290.7,4.4,D,0
54.04984,25.65395,339.83,0.41,0.37,2022-04-14,1041,N20,VIIRS,n,2,292.17,3.37,D,0
54.04972,25.65248,343.26,0.41,0.37,2022-04-14,1041,N20,VIIRS,n,2,292.51,3.68,D,0
51.8162,30.22517,329.92,0.38,0.36,2022-04-14,1041,N20,VIIRS,n,2,292.11,2.67,D,0
51.81536,30.21969,329.1,0.38,0.36,2022-04-14,1041,N20,VIIRS,n,2,291.9,2.67,D,0
51.81861,30.21841,341.07,0.38,0.36,2022-04-14,1041,N20,VIIRS,n,2,292.77,2.67,D,0
51.81695,30.20745,337.29,0.38,0.36,2022-04-14,1041,N20,VIIRS,n,2,291.35,2.41,D,0
51.82061,30.21008,333.33,0.38,0.36,2022-04-14,1041,N20,VIIRS,n,2,290.88,2.57,D,0
52.09313,27.78395,328.69,0.39,0.37,2022-04-14,1041,N20,VIIRS,n,2,288.61,3.02,D,0
52.09022,27.76712,330.48,0.39,0.37,2022-04-14,1041,N20,VIIRS,n,2,294,5.08,D,0
52.01188,27.06184,331.23,0.4,0.37,2022-04-14,1041,N20,VIIRS,n,2,295.92,1.43,D,0
55.08612,29.91991,338.75,0.39,0.36,2022-04-14,1042,N20,VIIRS,n,2,290.55,6.71,D,0
54.90054,29.27211,331.69,0.39,0.36,2022-04-14,1042,N20,VIIRS,n,2,290.8,2.69,D,0
54.78815,29.18544,325.51,0.39,0.36,2022-04-14,1042,N20,VIIRS,n,2,290.37,1.53,D,0
54.64,27.90934,329.98,0.38,0.36,2022-04-14,1042,N20,VIIRS,n,2,288.81,2.15,D,0
54.86082,29.58761,326.51,0.39,0.36,2022-04-14,1042,N20,VIIRS,n,2,289.07,3.2,D,0
54.86322,29.58027,342.58,0.39,0.36,2022-04-14,1042,N20,VIIRS,n,2,290.51,9.11,D,0
54.85705,29.23028,350.57,0.39,0.36,2022-04-14,1042,N20,VIIRS,n,2,291.66,9.88,D,0
55.70079,28.217,326.17,0.38,0.36,2022-04-14,1042,N20,VIIRS,n,2,287.87,1.53,D,0
54.92847,26.95862,326.31,0.39,0.36,2022-04-14,1042,N20,VIIRS,n,2,293.94,2.43,D,0
55.05815,27.92881,327.34,0.38,0.36,2022-04-14,1042,N20,VIIRS,n,2,292.47,1.69,D,0
55.41489,30.51679,335.78,0.4,0.37,2022-04-14,1042,N20,VIIRS,n,2,287.62,3.37,D,0
54.4412,25.73133,354.7,0.71,0.75,2022-04-14,1222,N20,VIIRS,n,2,289.56,24.8,D,0
54.44085,25.7429,354.24,0.71,0.75,2022-04-14,1222,N20,VIIRS,n,2,285.24,22.71,D,0
54.44614,25.73166,342.61,0.71,0.75,2022-04-14,1223,N20,VIIRS,n,2,285.88,10.89,D,0
54.43917,25.73093,338.17,0.71,0.75,2022-04-14,1223,N20,VIIRS,n,2,286.42,12.24,D,0
54.44576,25.74303,348.53,0.71,0.75,2022-04-14,1223,N20,VIIRS,n,2,283.88,10.89,D,0
52.84696,29.98803,310.09,0.59,0.7,2022-04-14,2252,N20,VIIRS,n,2,267.9,1.96,N,2
52.84546,29.98393,297.51,0.59,0.7,2022-04-14,2252,N20,VIIRS,n,2,267.66,2.36,N,2
51.89293,29.33382,296.11,0.63,0.72,2022-04-14,2253,N20,VIIRS,n,2,265.68,1.1,N,2
51.88897,29.33589,299.79,0.46,0.39,2022-04-15,0033,N20,VIIRS,n,2,274.62,0.86,N,2
53.32659,28.29784,305.63,0.42,0.37,2022-04-15,0033,N20,VIIRS,n,2,260.2,1.45,N,0
52.84774,29.99036,327.39,0.47,0.39,2022-04-15,0033,N20,VIIRS,n,2,274.22,3.42,N,2
51.89111,29.3442,297.37,0.46,0.39,2022-04-15,0033,N20,VIIRS,n,2,274.59,0.86,N,2
51.8582,29.93774,340.03,0.45,0.39,2022-04-15,1022,N20,VIIRS,n,2,290.94,8.73,D,0
53.28997,31.32168,336.2,0.4,0.37,2022-04-15,1022,N20,VIIRS,n,2,283.42,5.89,D,0
51.85698,29.9315,343.07,0.45,0.39,2022-04-15,1022,N20,VIIRS,n,2,288.48,8.73,D,0
52.18839,31.53454,330.03,0.41,0.37,2022-04-15,1022,N20,VIIRS,n,2,275.92,2.52,D,0
53.82907,30.3023,340.38,0.41,0.37,2022-04-15,1022,N20,VIIRS,n,2,285.76,5.94,D,0
55.51093,28.57474,327.29,0.38,0.59,2022-04-16,1145,N20,VIIRS,n,2,272.74,2.9,D,0
55.45424,29.05788,299.42,0.49,0.4,2022-04-16,2355,N20,VIIRS,n,2,270.13,0.8,N,0
53.27036,24.44103,304.44,0.35,0.57,2022-04-17,0136,N20,VIIRS,n,2,271.75,0.82,N,2
53.91606,25.26983,327.43,0.41,0.61,2022-04-17,0945,N20,VIIRS,n,2,285.88,2.08,D,0
54.00083,25.66586,328.52,0.4,0.6,2022-04-17,0945,N20,VIIRS,n,2,284.98,2.74,D,0
53.13667,27.49858,338.52,0.43,0.46,2022-04-17,1125,N20,VIIRS,n,2,288.91,4.46,D,0
53.90754,25.27026,345.21,0.54,0.42,2022-04-17,1125,N20,VIIRS,n,2,293.23,13.49,D,0
55.47142,28.58505,306.84,0.49,0.49,2022-04-17,2336,N20,VIIRS,n,2,271.44,0.93,N,0
55.47446,28.58755,301.23,0.49,0.49,2022-04-17,2336,N20,VIIRS,n,2,270.93,1.41,N,0
53.27346,24.43909,297.36,0.35,0.57,2022-04-17,2337,N20,VIIRS,n,2,269.21,1.02,N,2
53.26263,24.44864,302.6,0.35,0.57,2022-04-17,2337,N20,VIIRS,n,2,275.34,0.9,N,2
55.47554,28.58768,298.3,0.56,0.51,2022-04-18,0116,N20,VIIRS,n,2,270.29,0.55,N,0
52.79979,25.90286,298.84,0.55,0.51,2022-04-18,0117,N20,VIIRS,n,2,269.93,1.35,N,0
55.54263,28.10158,327.95,0.42,0.61,2022-04-18,0927,N20,VIIRS,n,2,283.46,3.75,D,0
55.47095,30.59958,299.69,0.49,0.65,2022-04-19,2258,N20,VIIRS,n,2,275,0.67,N,0
55.09637,29.11019,298.89,0.56,0.69,2022-04-19,2258,N20,VIIRS,n,2,276.03,1.19,N,0
55.15892,28.98211,296.13,0.56,0.69,2022-04-19,2258,N20,VIIRS,n,2,276.28,0.81,N,0
55.33286,29.52532,299.38,0.54,0.68,2022-04-19,2258,N20,VIIRS,n,2,273.87,0.82,N,0
55.47191,30.59897,299.62,0.49,0.65,2022-04-19,2258,N20,VIIRS,n,2,275.07,0.76,N,0
55.33273,29.53399,309.31,0.45,0.39,2022-04-20,0039,N20,VIIRS,n,2,276.14,1.38,N,0
55.46983,27.17425,327.96,0.4,0.37,2022-04-20,0039,N20,VIIRS,n,2,275.19,2.92,N,0
55.19635,28.6024,304.42,0.43,0.38,2022-04-20,0039,N20,VIIRS,n,2,276.36,0.81,N,0
55.09213,29.12012,309.93,0.44,0.39,2022-04-20,0039,N20,VIIRS,n,2,274.75,1.95,N,0
55.46658,27.17239,343.86,0.4,0.37,2022-04-20,0039,N20,VIIRS,n,2,276.55,2.92,N,0
55.08876,29.11804,327.76,0.44,0.39,2022-04-20,0039,N20,VIIRS,n,2,275.85,1.95,N,0
55.46771,27.16625,310.49,0.4,0.37,2022-04-20,0039,N20,VIIRS,n,2,274.01,2.92,N,0
55.19173,28.60684,305.09,0.43,0.38,2022-04-20,0039,N20,VIIRS,n,2,276.3,0.81,N,0
55.46333,27.17054,327.81,0.4,0.37,2022-04-20,0039,N20,VIIRS,n,2,275.42,3.15,N,0
55.42894,26.5869,310.5,0.4,0.37,2022-04-20,0039,N20,VIIRS,n,2,274.52,1.15,N,0
55.15326,28.9867,298.14,0.44,0.38,2022-04-20,0039,N20,VIIRS,n,2,276.01,0.74,N,0
55.15662,28.98877,298.84,0.44,0.38,2022-04-20,0039,N20,VIIRS,n,2,275.77,0.74,N,0
55.24437,29.22879,300.87,0.44,0.39,2022-04-20,0039,N20,VIIRS,n,2,276.07,0.77,N,0
55.2439,29.22808,298.97,0.44,0.39,2022-04-20,0039,N20,VIIRS,n,2,275.73,0.48,N,0
55.49951,28.07617,308.68,0.42,0.37,2022-04-20,0039,N20,VIIRS,n,2,273.62,1.6,N,0
55.32935,29.53183,299.35,0.45,0.39,2022-04-20,0039,N20,VIIRS,n,2,275.63,1.38,N,0
55.39753,30.07231,335,0.39,0.36,2022-04-20,1029,N20,VIIRS,n,2,279.71,5.26,D,0
55.63799,30.20486,330.75,0.39,0.36,2022-04-20,1029,N20,VIIRS,n,2,292.87,4.95,D,0
55.79747,28.03092,332,0.4,0.37,2022-04-20,1029,N20,VIIRS,n,2,291.21,2.73,D,0
55.51061,28.56579,305.69,0.45,0.39,2022-04-22,0001,N20,VIIRS,n,2,274.37,1.26,N,0
52.84774,29.99395,303.34,0.4,0.37,2022-04-22,0002,N20,VIIRS,n,2,275,1.17,N,2
53.26387,24.44702,304.31,0.38,0.44,2022-04-22,0002,N20,VIIRS,n,2,278.42,0.93,N,2
53.27236,24.4432,304.16,0.39,0.44,2022-04-22,0002,N20,VIIRS,n,2,277.49,0.9,N,2
52.84855,29.98807,310.89,0.4,0.37,2022-04-22,0002,N20,VIIRS,n,2,274.72,1.17,N,2
55.48529,28.35037,328.99,0.5,0.49,2022-04-22,0952,N20,VIIRS,n,2,286.29,3.14,D,0
55.36598,30.06642,345.31,0.44,0.46,2022-04-22,0952,N20,VIIRS,n,2,290.34,6.18,D,0
52.85106,29.98667,299.6,0.44,0.62,2022-04-24,2305,N20,VIIRS,n,2,272.89,1.65,N,2
51.88981,29.3399,326,0.52,0.5,2022-04-27,0957,N20,VIIRS,n,2,288.15,2.51,D,2
54.27561,25.41706,330.79,0.48,0.48,2022-04-27,1138,N20,VIIRS,n,2,288.26,3.53,D,0
52.82549,29.96503,325.78,0.36,0.58,2022-04-27,1138,N20,VIIRS,n,2,281.88,0.8,D,0
53.02895,29.94641,327.17,0.36,0.58,2022-04-27,1138,N20,VIIRS,n,2,285.49,1.2,D,0
52.84637,29.99279,321.38,0.47,0.4,2022-04-27,2349,N20,VIIRS,n,2,276.12,2.55,N,2
53.3958,32.01469,295.63,0.43,0.38,2022-04-27,2349,N20,VIIRS,n,2,276.99,0.71,N,2
51.83589,30.13976,345.58,0.37,0.58,2022-04-28,0938,N20,VIIRS,n,2,290.64,5.78,D,0
51.83483,30.13941,341.52,0.37,0.58,2022-04-28,0938,N20,VIIRS,n,2,290.58,4.83,D,0
51.83634,30.14425,349.74,0.37,0.58,2022-04-28,0938,N20,VIIRS,n,2,289.36,4.83,D,0
51.83738,30.14463,348.93,0.37,0.58,2022-04-28,0938,N20,VIIRS,n,2,289.62,7.51,D,0
54.76226,29.22212,328.89,0.63,0.54,2022-04-28,0939,N20,VIIRS,n,2,284.84,3.4,D,0
55.20504,30.42569,328.43,0.55,0.51,2022-04-28,0939,N20,VIIRS,n,2,286.71,3.3,D,0
52.6638,27.42182,332.92,0.44,0.62,2022-04-28,0939,N20,VIIRS,n,2,283.3,4.02,D,0
53.72158,30.80857,337.12,0.51,0.49,2022-04-28,1119,N20,VIIRS,n,2,286.37,4.47,D,0
54.07883,24.96065,327.89,0.47,0.4,2022-04-28,1119,N20,VIIRS,n,2,291.7,2.49,D,0
54.51245,30.10509,330.65,0.48,0.48,2022-04-28,1119,N20,VIIRS,n,2,283.57,3.28,D,0
54.27951,27.29746,328.46,0.57,0.43,2022-04-28,1119,N20,VIIRS,n,2,287.75,3.74,D,0
54.35051,31.02847,338.4,0.53,0.5,2022-04-28,1119,N20,VIIRS,n,2,282.69,9.84,D,0
53.39476,32.01259,297.65,0.4,0.44,2022-04-28,2330,N20,VIIRS,n,2,277.31,0.81,N,2
52.84589,29.99287,336.09,0.47,0.48,2022-04-28,2330,N20,VIIRS,n,2,274.74,7.33,N,2
53.27198,24.4413,305.41,0.41,0.45,2022-04-29,0111,N20,VIIRS,n,2,274.02,0.82,N,2
52.84487,29.9923,295.23,0.34,0.56,2022-04-29,0111,N20,VIIRS,n,2,271.58,1.34,N,2
52.84626,29.9877,322.01,0.34,0.56,2022-04-29,0111,N20,VIIRS,n,2,272.3,1.79,N,2
52.68675,30.87812,328.58,0.49,0.65,2022-04-29,0920,N20,VIIRS,n,2,288.19,3.28,D,0
52.68388,30.88101,335.92,0.49,0.65,2022-04-29,0920,N20,VIIRS,n,2,287.17,6.04,D,0
53.55899,27.84263,344.7,0.42,0.38,2022-04-29,1100,N20,VIIRS,n,2,290.48,10.06,D,0
53.18484,25.3359,343.28,0.39,0.36,2022-04-29,1100,N20,VIIRS,n,2,298.07,10.04,D,0
53.13113,32.01847,329.05,0.55,0.42,2022-04-29,1100,N20,VIIRS,n,2,290.74,3.37,D,0
53.1315,32.0181,328.21,0.55,0.42,2022-04-29,1100,N20,VIIRS,n,2,290.42,3.85,D,0
51.96852,27.21977,329.74,0.4,0.37,2022-04-29,1100,N20,VIIRS,n,2,291.88,1.5,D,0
55.91778,28.1255,326.64,0.45,0.39,2022-04-29,1101,N20,VIIRS,n,2,283.04,2.29,D,0
52.84938,29.98831,319.19,0.37,0.58,2022-04-29,2311,N20,VIIRS,n,2,274.39,2.17,N,2
52.84572,29.9915,298.29,0.45,0.47,2022-04-30,0052,N20,VIIRS,n,2,267.17,0.75,N,2
53.05638,30.38247,352.43,0.39,0.36,2022-04-30,1041,N20,VIIRS,n,2,291.82,8.77,D,0
54.01484,28.74978,332.52,0.38,0.36,2022-04-30,1041,N20,VIIRS,n,2,293.16,1.94,D,0
52.84744,29.98956,337.54,0.38,0.36,2022-04-30,1041,N20,VIIRS,n,2,298.31,4.44,D,2
53.67326,30.02415,331.37,0.39,0.36,2022-04-30,1041,N20,VIIRS,n,2,291.85,1.77,D,0
53.0629,30.37987,356.3,0.39,0.36,2022-04-30,1041,N20,VIIRS,n,2,297.5,10.36,D,0
54.51973,30.35717,332.58,0.39,0.36,2022-04-30,1042,N20,VIIRS,n,2,286.6,2.8,D,0
55.48597,28.35599,330.12,0.38,0.36,2022-04-30,1042,N20,VIIRS,n,2,289.16,2.84,D,0
54.95279,29.78986,306.48,0.43,0.38,2022-05-01,0033,N20,VIIRS,n,2,265.35,0.57,N,0
55.00883,30.14868,328.52,0.4,0.37,2022-05-01,1023,N20,VIIRS,n,2,291.39,2.04,D,0
54.64538,29.20904,340.64,0.42,0.38,2022-05-01,1023,N20,VIIRS,n,2,291.28,3.55,D,0
54.66261,29.24125,328.64,0.42,0.38,2022-05-01,1023,N20,VIIRS,n,2,290.18,4.42,D,0
54.45161,31.02665,327.04,0.4,0.37,2022-05-01,1023,N20,VIIRS,n,2,285.24,2.99,D,0
54.53925,31.01199,329.26,0.4,0.37,2022-05-01,1023,N20,VIIRS,n,2,285.62,3.95,D,0
54.53821,31.00605,327.36,0.4,0.37,2022-05-01,1023,N20,VIIRS,n,2,288.31,4.53,D,0
54.68294,29.92652,331.52,0.41,0.37,2022-05-01,1023,N20,VIIRS,n,2,293.33,2.63,D,0
55.35529,28.12481,330.89,0.44,0.38,2022-05-01,1023,N20,VIIRS,n,2,292.59,2.94,D,0
54.64742,29.21014,339.58,0.42,0.38,2022-05-01,1023,N20,VIIRS,n,2,292.27,3.13,D,0
55.35067,28.13011,335.85,0.57,0.69,2022-05-01,1204,N20,VIIRS,n,2,289.25,4.51,D,0
55.35116,28.12557,339.1,0.57,0.69,2022-05-01,1204,N20,VIIRS,n,2,290.27,4.85,D,0
53.39423,32.01468,302.58,0.4,0.37,2022-05-02,0014,N20,VIIRS,n,2,280.52,1.09,N,2
52.84781,29.99176,321.66,0.39,0.36,2022-05-02,0014,N20,VIIRS,n,2,277.33,2.31,N,2
53.17509,32.29684,332.94,0.5,0.41,2022-05-02,1003,N20,VIIRS,n,2,292.24,6.05,D,0
52.12633,31.70348,326.91,0.55,0.42,2022-05-02,1003,N20,VIIRS,n,2,277.14,3.48,D,0
52.13002,31.70127,327.44,0.55,0.42,2022-05-02,1003,N20,VIIRS,n,2,277.01,3.48,D,0
52.1782,24.80747,343.72,0.33,0.55,2022-05-02,1004,N20,VIIRS,n,2,291.73,12.93,D,0
52.17896,24.81322,367,0.33,0.55,2022-05-02,1004,N20,VIIRS,h,2,291.35,15.37,D,0
52.17765,24.80884,344.73,0.33,0.55,2022-05-02,1004,N20,VIIRS,n,2,295.1,17.29,D,0
52.37999,23.49865,342.63,0.36,0.58,2022-05-02,1004,N20,VIIRS,n,2,291.34,4.18,D,0
52.3804,23.50209,326.21,0.36,0.58,2022-05-02,1004,N20,VIIRS,n,2,290.41,3.14,D,0
52.37889,23.49722,327.4,0.36,0.58,2022-05-02,1004,N20,VIIRS,n,2,289.95,2.96,D,0
54.07432,24.96559,342.86,0.56,0.52,2022-05-02,1004,N20,VIIRS,n,2,288.71,8.9,D,0
54.08084,24.96996,338.96,0.56,0.52,2022-05-02,1004,N20,VIIRS,n,2,289.33,7.56,D,0
54.07863,24.96208,338.56,0.56,0.52,2022-05-02,1004,N20,VIIRS,n,2,289.84,8.64,D,0
54.08506,24.94721,333.56,0.56,0.52,2022-05-02,1004,N20,VIIRS,n,2,289.12,7.38,D,0
52.17949,24.81187,367,0.33,0.55,2022-05-02,1004,N20,VIIRS,h,2,294.97,18.98,D,0
53.64305,27.89431,341.05,0.35,0.57,2022-05-02,1144,N20,VIIRS,n,2,292.46,5.49,D,0
54.07669,24.97171,338.45,0.53,0.5,2022-05-02,1145,N20,VIIRS,n,2,297.32,20.65,D,0
54.08047,24.95454,326.88,0.53,0.5,2022-05-02,1145,N20,VIIRS,n,2,292.19,6.66,D,0
54.08002,24.94629,340.91,0.53,0.5,2022-05-02,1145,N20,VIIRS,n,2,295.04,4.73,D,0
54.08468,24.94559,325.02,0.53,0.5,2022-05-02,1145,N20,VIIRS,n,2,291.45,2.77,D,0
53.39456,32.01311,304.53,0.4,0.37,2022-05-02,2355,N20,VIIRS,n,2,280.95,1.2,N,2
52.84986,29.99033,297.54,0.43,0.38,2022-05-02,2356,N20,VIIRS,n,2,277.67,1.04,N,2
52.84641,29.98916,310.15,0.43,0.38,2022-05-02,2356,N20,VIIRS,n,2,280.71,1.04,N,2
52.8641,30.30952,332.78,0.59,0.53,2022-05-03,0945,N20,VIIRS,n,2,285.38,2.33,D,0
54.03205,25.05996,342.17,0.42,0.61,2022-05-03,0945,N20,VIIRS,n,2,287.63,4.56,D,0
52.07589,27.23152,344.68,0.4,0.45,2022-05-03,1125,N20,VIIRS,n,2,307.79,26.55,D,0
52.07179,27.23236,348.73,0.4,0.45,2022-05-03,1125,N20,VIIRS,n,2,294.71,6.3,D,0
52.07131,27.22642,344.99,0.4,0.45,2022-05-03,1125,N20,VIIRS,n,2,294.96,5.12,D,0
52.07637,27.23747,339.44,0.4,0.45,2022-05-03,1125,N20,VIIRS,n,2,292.45,26.55,D,0
52.07541,27.22557,327.71,0.4,0.45,2022-05-03,1125,N20,VIIRS,n,2,294.83,8.32,D,0
54.89221,29.5954,338.34,0.54,0.51,2022-05-03,1126,N20,VIIRS,n,2,284.26,6.17,D,0
54.56955,30.52176,300.11,0.41,0.45,2022-05-03,2336,N20,VIIRS,n,2,273.76,0.96,N,0
52.85152,29.99509,296.67,0.41,0.45,2022-05-03,2337,N20,VIIRS,n,2,277.92,0.75,N,2
53.27408,24.44255,308.44,0.35,0.56,2022-05-03,2337,N20,VIIRS,n,2,277.89,0.71,N,2
52.85378,29.99575,295.59,0.41,0.45,2022-05-03,2337,N20,VIIRS,n,2,279.81,0.68,N,2
52.84793,29.98811,297.69,0.41,0.45,2022-05-03,2337,N20,VIIRS,n,2,278.06,0.75,N,2
53.27078,24.44331,299.45,0.47,0.48,2022-05-04,0117,N20,VIIRS,n,2,275.79,1.14,N,2
52.84839,29.99316,316.66,0.39,0.59,2022-05-04,0117,N20,VIIRS,n,2,277.56,2.15,N,2
52.84707,29.98971,324.26,0.39,0.59,2022-05-04,0117,N20,VIIRS,n,2,277.43,2.16,N,2
53.26987,24.44208,297.65,0.47,0.48,2022-05-04,0117,N20,VIIRS,n,2,275.62,1.05,N,2
53.12474,31.7853,345.09,0.38,0.59,2022-05-04,0926,N20,VIIRS,n,2,289.65,5.7,D,0
53.12828,31.7867,330.96,0.38,0.59,2022-05-04,0926,N20,VIIRS,n,2,288.16,3.67,D,0
53.17348,32.30849,327.47,0.36,0.58,2022-05-04,0926,N20,VIIRS,n,2,286.77,1.79,D,0
53.80601,27.58214,339.5,0.51,0.66,2022-05-04,0927,N20,VIIRS,n,2,286.95,4.61,D,0
52.13668,29.09513,333.85,0.48,0.4,2022-05-04,1106,N20,VIIRS,n,2,292.13,4.18,D,0
52.13594,29.08813,329.82,0.48,0.4,2022-05-04,1106,N20,VIIRS,n,2,293.75,2.84,D,0
52.3145,29.77389,330.73,0.51,0.41,2022-05-04,1106,N20,VIIRS,n,2,290.55,2.2,D,0
52.77278,25.40012,331.66,0.4,0.37,2022-05-04,1106,N20,VIIRS,n,2,295.67,2.64,D,0
53.30167,28.93447,334.77,0.49,0.4,2022-05-04,1106,N20,VIIRS,n,2,288.74,3.92,D,0
53.65153,28.47975,336.14,0.48,0.4,2022-05-04,1106,N20,VIIRS,n,2,290.68,6.32,D,0
53.52862,27.74956,341.94,0.45,0.39,2022-05-04,1106,N20,VIIRS,n,2,293.02,17.26,D,0
55.24048,29.27958,334.21,0.53,0.42,2022-05-04,1107,N20,VIIRS,n,2,286.84,5.47,D,0
53.53947,26.98517,327,0.43,0.38,2022-05-04,1107,N20,VIIRS,n,2,291.49,3.49,D,0
54.24189,28.53803,330.55,0.49,0.4,2022-05-04,1107,N20,VIIRS,n,2,292.84,3.08,D,0
54.61208,29.32457,339.04,0.52,0.42,2022-05-04,1107,N20,VIIRS,n,2,291.75,14.9,D,0
54.70039,29.58547,328.28,0.53,0.42,2022-05-04,1107,N20,VIIRS,n,2,281.7,2.27,D,0
54.53598,25.88027,329.58,0.42,0.38,2022-05-04,1107,N20,VIIRS,n,2,290.92,5.68,D,0
55.19691,30.57483,336.03,0.39,0.44,2022-05-04,1107,N20,VIIRS,n,2,287.39,3.8,D,0
54.71437,29.47628,297.25,0.34,0.56,2022-05-04,2317,N20,VIIRS,n,2,266.57,0.66,N,0
53.27354,24.43904,296.6,0.55,0.68,2022-05-04,2318,N20,VIIRS,n,2,271.34,1,N,2
51.89117,29.33853,301.3,0.33,0.56,2022-05-04,2318,N20,VIIRS,n,2,270.33,0.62,N,2
53.27144,24.4407,303.92,0.48,0.4,2022-05-05,0058,N20,VIIRS,n,2,274.39,0.69,N,2
52.84489,29.9914,300.99,0.52,0.5,2022-05-05,0058,N20,VIIRS,n,2,271.38,1,N,2
51.89463,29.34094,304.17,0.52,0.5,2022-05-05,0059,N20,VIIRS,n,2,266.13,1.61,N,2
53.33749,32.05677,326.01,0.44,0.38,2022-05-05,1047,N20,VIIRS,n,2,292.74,2.77,D,0
51.93281,30.2988,326.12,0.4,0.37,2022-05-05,1047,N20,VIIRS,n,2,294.43,2.33,D,0
52.10958,27.39594,334.73,0.39,0.36,2022-05-05,1047,N20,VIIRS,n,2,294.78,4.14,D,0
52.84427,29.98949,329.82,0.4,0.37,2022-05-05,1047,N20,VIIRS,n,2,299.31,1.68,D,2
52.84759,29.98826,329.84,0.4,0.37,2022-05-05,1047,N20,VIIRS,n,2,299.1,9.97,D,2
53.99884,31.04352,332.05,0.42,0.38,2022-05-05,1048,N20,VIIRS,n,2,292.02,3.15,D,0
53.6537,31.95041,333.04,0.44,0.38,2022-05-05,1048,N20,VIIRS,n,2,292.14,3.5,D,0
52.89429,25.44954,330.9,0.4,0.37,2022-05-05,1048,N20,VIIRS,n,2,290.3,1.61,D,0
53.1315,25.84163,345.49,0.39,0.36,2022-05-05,1048,N20,VIIRS,n,2,288.77,4.17,D,0
53.12955,25.83022,338.03,0.39,0.36,2022-05-05,1048,N20,VIIRS,n,2,287.04,3.87,D,0
53.13475,25.8401,349.5,0.39,0.36,2022-05-05,1048,N20,VIIRS,n,2,289.4,3.86,D,0
53.1328,25.82868,348.12,0.39,0.36,2022-05-05,1048,N20,VIIRS,n,2,287.79,3.53,D,0
53.13898,25.84428,346.08,0.39,0.36,2022-05-05,1048,N20,VIIRS,n,2,289.48,3.86,D,0
53.138,25.83857,349.24,0.39,0.36,2022-05-05,1048,N20,VIIRS,n,2,288.49,3.86,D,0
53.13605,25.82714,325.08,0.39,0.36,2022-05-05,1048,N20,VIIRS,n,2,287.75,3.53,D,0
53.1393,25.82561,331.66,0.39,0.36,2022-05-05,1048,N20,VIIRS,n,2,287.9,1.5,D,0
53.48082,27.76977,331.09,0.38,0.36,2022-05-05,1048,N20,VIIRS,n,2,285.83,2.75,D,0
54.02377,31.68045,326.83,0.44,0.38,2022-05-05,1048,N20,VIIRS,n,2,286.34,2.4,D,0
54.02725,31.67928,333.52,0.44,0.38,2022-05-05,1048,N20,VIIRS,n,2,287.74,4.36,D,0
54.00039,31.05639,340.2,0.42,0.38,2022-05-05,1048,N20,VIIRS,n,2,291.25,3.2,D,0
53.99961,31.04996,333.57,0.42,0.38,2022-05-05,1048,N20,VIIRS,n,2,292.38,3.2,D,0
54.00382,31.0552,347.92,0.42,0.38,2022-05-05,1048,N20,VIIRS,n,2,293.73,11.48,D,0
54.0683,31.50609,339.91,0.43,0.38,2022-05-05,1048,N20,VIIRS,n,2,287.82,4.43,D,0
53.74833,25.10004,330.73,0.4,0.37,2022-05-05,1048,N20,VIIRS,n,2,294.08,3.12,D,0
53.74731,25.09419,335.68,0.4,0.37,2022-05-05,1048,N20,VIIRS,n,2,295.43,3.12,D,0
53.74949,25.09769,326.41,0.4,0.37,2022-05-05,1048,N20,VIIRS,n,2,291.73,1.89,D,0
54.61979,29.32641,339.05,0.4,0.37,2022-05-05,1048,N20,VIIRS,n,2,282.83,3.31,D,0
54.62037,29.32341,335.27,0.4,0.37,2022-05-05,1048,N20,VIIRS,n,2,282.16,3.64,D,0
54.6245,29.32821,329.51,0.4,0.37,2022-05-05,1048,N20,VIIRS,n,2,279.47,5.9,D,0
54.62369,29.3221,326.84,0.4,0.37,2022-05-05,1048,N20,VIIRS,n,2,280.75,3.64,D,0
55.35468,30.72221,329.92,0.43,0.38,2022-05-05,1048,N20,VIIRS,n,2,282.55,2.7,D,0
54.93694,29.52409,298.42,0.53,0.67,2022-05-05,2258,N20,VIIRS,n,2,269.28,1.66,N,0
54.93689,29.51557,312.21,0.53,0.67,2022-05-05,2258,N20,VIIRS,n,2,270.43,2.22,N,0
54.93363,29.52023,299.19,0.53,0.67,2022-05-05,2258,N20,VIIRS,n,2,269.82,1.8,N,0
54.93991,29.52024,309.06,0.53,0.67,2022-05-05,2258,N20,VIIRS,n,2,271.27,1.8,N,0
54.77467,30.66332,301.87,0.48,0.65,2022-05-05,2258,N20,VIIRS,n,2,272.04,1,N,0
51.89503,29.33623,298.44,0.54,0.68,2022-05-05,2259,N20,VIIRS,n,2,275.98,0.82,N,2
51.89496,29.29626,305.13,0.54,0.68,2022-05-05,2259,N20,VIIRS,n,2,275.78,0.91,N,0
52.04533,26.15483,313.39,0.73,0.76,2022-05-05,2259,N20,VIIRS,n,2,273.41,3.63,N,0
52.84663,29.99119,336.65,0.51,0.66,2022-05-05,2259,N20,VIIRS,n,2,275.41,3.76,N,2
54.67469,29.18743,299.28,0.46,0.39,2022-05-06,0039,N20,VIIRS,n,2,271.14,0.44,N,0
52.0474,26.15897,355.37,0.42,0.38,2022-05-06,0040,N20,VIIRS,n,2,282.2,7.84,N,0
52.04626,26.16491,300.09,0.42,0.38,2022-05-06,0040,N20,VIIRS,n,2,276.19,2.1,N,0
53.2708,24.44424,306.65,0.39,0.36,2022-05-06,0040,N20,VIIRS,n,2,278.22,1.04,N,2
52.84574,29.99048,312.2,0.52,0.42,2022-05-06,0040,N20,VIIRS,n,2,275.35,1.93,N,2
52.04854,26.15303,307.76,0.42,0.38,2022-05-06,0040,N20,VIIRS,n,2,273.69,7.84,N,0
51.8928,29.34331,305.57,0.52,0.42,2022-05-06,0040,N20,VIIRS,n,2,275.56,1.39,N,2
54.05857,31.49391,326.67,0.76,0.77,2022-05-06,0849,N20,VIIRS,n,2,288.02,7.04,D,0
54.06175,31.49592,325.77,0.76,0.77,2022-05-06,0849,N20,VIIRS,n,2,288.67,6.32,D,0
52.31213,31.23577,340.96,0.39,0.36,2022-05-06,1028,N20,VIIRS,n,2,297.04,6.56,D,0
51.68377,29.77174,342.93,0.42,0.37,2022-05-06,1028,N20,VIIRS,n,2,305.44,57.51,D,0
52.30888,31.23723,343.08,0.39,0.36,2022-05-06,1028,N20,VIIRS,n,2,298.95,6.56,D,0
51.89117,29.33997,338.36,0.42,0.38,2022-05-06,1028,N20,VIIRS,n,2,303.53,4.07,D,2
52.32261,29.785,326.97,0.41,0.37,2022-05-06,1028,N20,VIIRS,n,2,293.16,1.15,D,0
52.11465,27.90847,330.44,0.46,0.39,2022-05-06,1028,N20,VIIRS,n,2,298.67,2.42,D,0
51.7281,28.93498,331.3,0.43,0.38,2022-05-06,1028,N20,VIIRS,n,2,296.51,3.87,D,0
52.01794,30.51121,336.98,0.4,0.37,2022-05-06,1028,N20,VIIRS,n,2,297.65,3.55,D,0
51.72472,28.93667,331.19,0.43,0.38,2022-05-06,1028,N20,VIIRS,n,2,297.16,2.67,D,0
51.92587,30.31325,332.81,0.4,0.37,2022-05-06,1028,N20,VIIRS,n,2,301.78,3,D,0
51.92258,30.31478,341.04,0.4,0.37,2022-05-06,1028,N20,VIIRS,n,2,302.3,5.87,D,0
51.69375,29.76696,337.94,0.42,0.37,2022-05-06,1028,N20,VIIRS,n,2,309.68,74.06,D,0
51.68935,29.76271,315.43,0.42,0.37,2022-05-06,1028,N20,VIIRS,l,2,324.51,63.03,D,0
51.69149,29.7744,336.5,0.42,0.37,2022-05-06,1028,N20,VIIRS,n,2,302.71,74.06,D,0
51.69042,29.76855,367,0.42,0.37,2022-05-06,1028,N20,VIIRS,h,2,342.52,74.06,D,0
51.68602,29.76431,308.09,0.42,0.37,2022-05-06,1028,N20,VIIRS,l,2,312.32,33.75,D,0
53.0325,30.37023,355.77,0.4,0.37,2022-05-06,1028,N20,VIIRS,n,2,298.28,5.41,D,0
53.03349,30.37597,347.03,0.4,0.37,2022-05-06,1028,N20,VIIRS,n,2,297.25,5.41,D,0
53.21894,31.6787,325.37,0.39,0.36,2022-05-06,1028,N20,VIIRS,n,2,287.54,1.47,D,0
52.87516,26.13715,339.93,0.5,0.41,2022-05-06,1029,N20,VIIRS,n,2,299,9,D,0
55.35507,30.72157,329.77,0.38,0.36,2022-05-06,1029,N20,VIIRS,n,2,289.85,1.76,D,0
54.86876,29.14853,331.03,0.4,0.37,2022-05-06,1029,N20,VIIRS,n,2,287.31,2.3,D,0
54.68811,29.16891,344.38,0.4,0.37,2022-05-06,1029,N20,VIIRS,n,2,288.04,36,D,0
54.68916,29.1749,336.74,0.4,0.37,2022-05-06,1029,N20,VIIRS,n,2,282.6,21.89,D,0
54.68485,29.17061,334.49,0.4,0.37,2022-05-06,1029,N20,VIIRS,n,2,299.5,36,D,0
54.68591,29.17661,355.02,0.4,0.37,2022-05-06,1029,N20,VIIRS,n,2,292.22,21.89,D,0
54.68055,29.16633,337.98,0.4,0.37,2022-05-06,1029,N20,VIIRS,n,2,280.35,10.99,D,0
54.6816,29.17233,355.89,0.4,0.37,2022-05-06,1029,N20,VIIRS,n,2,286.52,10.99,D,0
54.67404,29.16976,330.04,0.4,0.37,2022-05-06,1029,N20,VIIRS,n,2,274.58,4.13,D,0
54.67615,29.18174,331.11,0.4,0.37,2022-05-06,1029,N20,VIIRS,n,2,281.43,2.08,D,0
54.67395,29.18944,325.64,0.4,0.37,2022-05-06,1029,N20,VIIRS,n,2,286.15,2.08,D,0
54.84438,30.26808,337.15,0.39,0.36,2022-05-06,1029,N20,VIIRS,n,2,294.79,3.41,D,0
52.33261,26.32397,334.16,0.5,0.41,2022-05-06,1029,N20,VIIRS,n,2,296.53,5.35,D,0
54.63937,30.87842,331.94,0.39,0.36,2022-05-06,1029,N20,VIIRS,n,2,292.89,3.38,D,0
54.16809,28.4079,333.94,0.42,0.37,2022-05-06,1029,N20,VIIRS,n,2,290.39,2.32,D,0
54.50586,30.32006,327.32,0.39,0.36,2022-05-06,1029,N20,VIIRS,n,2,289.85,2.02,D,0
54.0644,31.50048,335.3,0.38,0.36,2022-05-06,1029,N20,VIIRS,n,2,294.72,2.36,D,0
54.05845,31.48485,331.78,0.38,0.36,2022-05-06,1029,N20,VIIRS,n,2,294.8,2,D,0
53.77456,30.63741,328.45,0.39,0.36,2022-05-06,1029,N20,VIIRS,n,2,293.88,2.07,D,0
53.84334,31.54438,339.46,0.38,0.36,2022-05-06,1029,N20,VIIRS,n,2,297.1,6.33,D,0
54.09949,30.46314,328.51,0.39,0.36,2022-05-06,1029,N20,VIIRS,n,2,297.5,6.38,D,0
53.72251,31.69817,331.85,0.38,0.36,2022-05-06,1029,N20,VIIRS,n,2,294.08,5.61,D,0
53.71928,31.69963,345.88,0.38,0.36,2022-05-06,1029,N20,VIIRS,n,2,299.32,5.61,D,0
54.10046,30.46894,344.54,0.39,0.36,2022-05-06,1029,N20,VIIRS,n,2,297.03,6.38,D,0
53.57528,27.94959,333.5,0.43,0.38,2022-05-06,1029,N20,VIIRS,n,2,296.95,2.73,D,0
53.0338,30.36774,349.27,0.4,0.37,2022-05-06,1029,N20,VIIRS,n,2,295.13,4.73,D,0
53.80293,29.70192,334.35,0.4,0.37,2022-05-06,1029,N20,VIIRS,n,2,299.89,9.28,D,0
53.1601,30.67311,338.66,0.39,0.36,2022-05-06,1029,N20,VIIRS,n,2,294.75,5.31,D,0
53.16335,30.67158,338.82,0.39,0.36,2022-05-06,1029,N20,VIIRS,n,2,293.99,8.41,D,0
51.69277,29.77029,367,0.77,0.77,2022-05-06,1209,N20,VIIRS,h,2,299.8,78.05,D,0
51.69452,29.76085,347.89,0.77,0.77,2022-05-06,1209,N20,VIIRS,n,2,301.02,32.24,D,0
52.23542,29.99992,325.66,0.78,0.78,2022-05-06,1209,N20,VIIRS,n,2,291.36,5.57,D,0
51.68557,29.76952,367,0.77,0.77,2022-05-06,1209,N20,VIIRS,h,2,300.58,33.17,D,0
51.69312,29.75887,343.63,0.77,0.77,2022-05-06,1209,N20,VIIRS,n,2,299.57,59.83,D,0
51.68733,29.76011,347.79,0.77,0.77,2022-05-06,1209,N20,VIIRS,n,2,300.34,35.82,D,0
51.68694,29.77154,367,0.77,0.77,2022-05-06,1209,N20,VIIRS,h,2,298.56,35.82,D,0
51.69413,29.77228,367,0.77,0.77,2022-05-06,1209,N20,VIIRS,h,2,295.21,32.24,D,0
52.28522,31.3198,328.25,0.49,0.41,2022-05-07,1009,N20,VIIRS,n,2,292.26,2,D,0
52.28019,31.31488,325.17,0.5,0.41,2022-05-07,1009,N20,VIIRS,l,2,295.59,4.06,D,0
53.22883,24.88765,328.84,0.53,0.5,2022-05-07,1010,N20,VIIRS,n,2,286.91,3.01,D,0
55.10575,26.73995,330.17,0.37,0.58,2022-05-07,1151,N20,VIIRS,n,2,293.37,1.87,D,0
52.24454,30.57142,314.81,0.39,0.36,2022-05-08,0002,N20,VIIRS,n,2,282.5,1.56,N,0
52.30804,30.23804,312.92,0.39,0.36,2022-05-08,0002,N20,VIIRS,n,2,278.28,1.17,N,0
52.84562,29.99284,326.29,0.4,0.37,2022-05-08,0002,N20,VIIRS,n,2,280.59,2.05,N,2
52.84895,29.99409,304.37,0.4,0.37,2022-05-08,0002,N20,VIIRS,n,2,280.33,2.05,N,2
52.30521,30.23496,297.25,0.71,0.75,2022-05-08,0142,N20,VIIRS,n,2,274.43,1.5,N,0
51.89431,29.29628,296.53,0.55,0.43,2022-05-08,2343,N20,VIIRS,n,2,278.87,0.73,N,0
53.31734,31.27021,298.24,0.49,0.4,2022-05-08,2343,N20,VIIRS,n,2,276.86,0.61,N,0
53.31885,31.2696,298.54,0.49,0.4,2022-05-08,2343,N20,VIIRS,n,2,276.57,0.78,N,0
51.89455,29.29874,297.77,0.55,0.43,2022-05-08,2343,N20,VIIRS,n,2,278.73,0.69,N,0
52.84657,29.98954,329.75,0.53,0.42,2022-05-08,2343,N20,VIIRS,n,2,277.2,3.88,N,2
52.84652,29.99096,312.14,0.45,0.63,2022-05-09,0123,N20,VIIRS,n,2,276.52,1.42,N,2
53.94058,31.52248,350.01,0.32,0.54,2022-05-09,0932,N20,VIIRS,n,2,290.09,3.9,D,0
52.83802,30.40954,354.49,0.38,0.59,2022-05-09,0932,N20,VIIRS,n,2,291.68,4.85,D,0
54.99269,29.40071,341.57,0.4,0.44,2022-05-09,1113,N20,VIIRS,n,2,297.02,7.7,D,0
54.64589,29.3798,329.71,0.4,0.44,2022-05-09,1113,N20,VIIRS,n,2,291.59,1.87,D,0
54.67036,31.04813,340.26,0.46,0.47,2022-05-09,1113,N20,VIIRS,n,2,291.68,5.21,D,0
54.66697,31.06326,336.07,0.46,0.47,2022-05-09,1113,N20,VIIRS,n,2,293.41,8.13,D,0
54.66745,31.07048,345.05,0.46,0.47,2022-05-09,1113,N20,VIIRS,n,2,293.23,12.82,D,0
52.58367,26.21912,332.34,0.45,0.39,2022-05-09,1113,N20,VIIRS,n,2,298.36,4.06,D,0
52.84666,29.98934,326.14,0.4,0.44,2022-05-09,1113,N20,VIIRS,l,2,298.73,2.72,D,2
55.69168,27.25087,330.99,0.52,0.41,2022-05-09,1113,N20,VIIRS,n,2,292.27,5.22,D,0
54.99304,27.65766,330.82,0.52,0.42,2022-05-09,1113,N20,VIIRS,n,2,291.97,2.93,D,0
54.98861,29.40166,338.9,0.4,0.44,2022-05-09,1113,N20,VIIRS,n,2,294.94,7.7,D,0
54.81273,29.15626,327.09,0.39,0.44,2022-05-09,1113,N20,VIIRS,n,2,292.41,2.27,D,0
53.39445,32.01058,298.21,0.46,0.47,2022-05-09,2324,N20,VIIRS,n,2,276.98,1.27,N,2
52.84772,29.99402,304.24,0.54,0.51,2022-05-09,2324,N20,VIIRS,n,2,276.38,2.65,N,2
52.84912,29.99196,314.72,0.54,0.51,2022-05-09,2324,N20,VIIRS,n,2,276.26,2.43,N,2
53.27237,24.4407,303.51,0.47,0.64,2022-05-09,2324,N20,VIIRS,n,2,275.16,0.79,N,2
52.84587,29.99415,297.86,0.59,0.53,2022-05-10,0104,N20,VIIRS,n,2,274.8,1.09,N,2
52.84548,29.9925,303.8,0.59,0.53,2022-05-10,0104,N20,VIIRS,n,2,274.55,2.03,N,2
53.27173,24.44112,297.84,0.54,0.42,2022-05-10,0105,N20,VIIRS,n,2,275.42,0.73,N,2
52.50757,25.02627,299.31,0.4,0.44,2022-05-10,0105,N20,VIIRS,n,2,272.68,0.73,N,0
51.86301,30.19149,331.61,0.63,0.72,2022-05-10,0913,N20,VIIRS,n,2,293.15,10.87,D,0
51.86045,30.18776,367,0.63,0.72,2022-05-10,0913,N20,VIIRS,h,2,291.65,14.14,D,0
51.86001,30.18354,356.73,0.63,0.72,2022-05-10,0913,N20,VIIRS,n,2,292.09,11.67,D,0
54.43239,28.81442,327.92,0.56,0.69,2022-05-10,0914,N20,VIIRS,n,2,288.53,4.25,D,0
54.43408,28.81112,327.21,0.56,0.69,2022-05-10,0914,N20,VIIRS,n,2,288.95,3.65,D,0
55.13342,28.88422,325.27,0.42,0.38,2022-05-10,1054,N20,VIIRS,n,2,292.75,2.28,D,0
53.60412,30.02499,337.83,0.43,0.38,2022-05-10,1054,N20,VIIRS,n,2,295.49,5.84,D,0
53.89063,31.50968,333.07,0.48,0.4,2022-05-10,1054,N20,VIIRS,n,2,291.61,7.74,D,0
52.38574,26.12086,333.66,0.38,0.36,2022-05-10,1054,N20,VIIRS,n,2,301.14,2,D,0
52.07605,25.84317,332.17,0.39,0.36,2022-05-10,1054,N20,VIIRS,n,2,298.97,1.37,D,0
53.67408,30.78771,325.87,0.45,0.39,2022-05-10,1054,N20,VIIRS,n,2,291.56,3.17,D,0
54.27556,25.41797,332.89,0.38,0.36,2022-05-10,1054,N20,VIIRS,n,2,298.99,3.79,D,0
54.86934,29.19054,329.53,0.43,0.38,2022-05-10,1054,N20,VIIRS,n,2,292.57,2.02,D,0
53.13128,25.84223,342.99,0.38,0.36,2022-05-10,1054,N20,VIIRS,n,2,291.76,7.79,D,0
52.8452,29.9863,299.49,0.43,0.62,2022-05-10,2305,N20,VIIRS,n,2,275.6,1.81,N,2
52.85087,29.99317,304.8,0.43,0.62,2022-05-10,2305,N20,VIIRS,n,2,277.09,3.17,N,2
52.85095,29.98661,319.33,0.43,0.62,2022-05-10,2305,N20,VIIRS,n,2,274.87,1.81,N,2
52.85025,29.99233,328.36,0.43,0.62,2022-05-10,2305,N20,VIIRS,n,2,278.13,2.72,N,2
52.85037,29.98578,306.78,0.43,0.62,2022-05-10,2305,N20,VIIRS,n,2,275.03,2.72,N,2
52.84604,29.99255,335.95,0.4,0.44,2022-05-11,0046,N20,VIIRS,n,2,278.4,5.44,N,2
52.84822,29.98775,300.68,0.39,0.44,2022-05-11,0046,N20,VIIRS,n,2,274.93,2.42,N,2
52.84689,29.99326,333.55,0.39,0.44,2022-05-11,0046,N20,VIIRS,n,2,278.79,3.26,N,2
53.33295,31.29472,330.43,0.38,0.36,2022-05-11,1035,N20,VIIRS,n,2,292.21,2.87,D,0
54.40562,30.94775,339.13,0.39,0.36,2022-05-11,1035,N20,VIIRS,n,2,289.47,2.61,D,0
54.61046,30.34168,332.02,0.38,0.36,2022-05-11,1035,N20,VIIRS,n,2,295.73,1.95,D,0
54.65845,29.41151,326.02,0.38,0.36,2022-05-11,1035,N20,VIIRS,n,2,292.8,1.11,D,0
55.39161,30.80464,330.69,0.39,0.36,2022-05-11,1035,N20,VIIRS,n,2,289.05,2.27,D,0
53.9815,30.82856,340.9,0.38,0.36,2022-05-11,1035,N20,VIIRS,n,2,293.05,3.58,D,0
53.93324,30.73516,327.44,0.38,0.36,2022-05-11,1035,N20,VIIRS,n,2,286.72,1.36,D,0
54.79652,30.16029,337.05,0.38,0.36,2022-05-11,1035,N20,VIIRS,n,2,299.07,3.74,D,0
54.78181,30.15452,329.79,0.38,0.36,2022-05-11,1035,N20,VIIRS,n,2,294.25,2.03,D,0
51.90121,29.05718,325.58,0.4,0.37,2022-05-11,1035,N20,VIIRS,l,2,299.31,4.7,D,0
52.84616,29.98917,335.09,0.39,0.36,2022-05-11,1035,N20,VIIRS,n,2,299.88,6.83,D,2
54.6626,29.4158,327.21,0.38,0.36,2022-05-11,1035,N20,VIIRS,n,2,292.99,1.7,D,0
53.67812,30.80155,337.74,0.38,0.36,2022-05-11,1035,N20,VIIRS,n,2,293.2,4.58,D,0
54.18505,28.37497,343.21,0.39,0.36,2022-05-11,1035,N20,VIIRS,n,2,303.44,6.15,D,0
54.7827,30.16037,328.3,0.38,0.36,2022-05-11,1035,N20,VIIRS,n,2,295.09,2.47,D,0
53.17206,30.06046,331.52,0.39,0.36,2022-05-11,1035,N20,VIIRS,n,2,293.06,1.69,D,0
53.33211,31.28905,332.24,0.38,0.36,2022-05-11,1035,N20,VIIRS,n,2,293.87,3.67,D,0
54.26619,28.8341,332.14,0.39,0.36,2022-05-11,1035,N20,VIIRS,n,2,296.19,2.64,D,0
54.18829,28.37336,345.57,0.39,0.36,2022-05-11,1035,N20,VIIRS,n,2,302.57,6.15,D,0
54.18729,28.3675,327.44,0.39,0.36,2022-05-11,1035,N20,VIIRS,l,2,297.6,2.92,D,0
55.46112,28.73784,329.62,0.39,0.36,2022-05-11,1036,N20,VIIRS,n,2,289.44,3.16,D,0
53.47767,28.22077,310.5,0.39,0.36,2022-05-12,0027,N20,VIIRS,n,2,271.73,1.35,N,0
52.84803,29.99234,327.81,0.47,0.4,2022-05-12,1016,N20,VIIRS,l,2,302.37,3.33,D,2
53.19732,31.69421,338.05,0.42,0.38,2022-05-12,1016,N20,VIIRS,n,2,297.29,5.92,D,0
52.60434,29.75828,326.49,0.49,0.4,2022-05-12,1016,N20,VIIRS,n,2,287.55,3.48,D,0
51.92987,23.92024,328.22,0.55,0.51,2022-05-12,1016,N20,VIIRS,n,2,295.21,4.66,D,0
52.1236,26.51404,329.35,0.43,0.46,2022-05-12,1016,N20,VIIRS,l,2,300.66,2.24,D,0
52.27629,26.04922,335.26,0.44,0.46,2022-05-12,1016,N20,VIIRS,n,2,296.06,6.7,D,0
53.75593,31.95621,327.16,0.41,0.37,2022-05-12,1016,N20,VIIRS,l,2,297.84,3.49,D,0
52.05589,27.00665,327.3,0.41,0.45,2022-05-12,1016,N20,VIIRS,l,2,299.64,3.57,D,0
53.30909,31.40679,333.1,0.66,0.73,2022-05-12,1157,N20,VIIRS,n,2,285.31,4.84,D,0
53.19841,31.70451,329.79,0.68,0.74,2022-05-12,1157,N20,VIIRS,n,2,286.3,6.58,D,0
53.72869,30.77571,325.33,0.62,0.72,2022-05-12,1157,N20,VIIRS,n,2,286.06,7.41,D,0
52.8493,29.99253,309.16,0.39,0.36,2022-05-13,0008,N20,VIIRS,n,2,279.87,4.75,N,2
52.84604,29.99119,336.48,0.39,0.36,2022-05-13,0008,N20,VIIRS,n,2,282.87,4.75,N,2
53.27312,24.44598,297.77,0.51,0.41,2022-05-13,0008,N20,VIIRS,n,2,278.37,0.48,N,2
53.26216,24.45027,295.53,0.46,0.64,2022-05-13,0148,N20,VIIRS,n,2,278.28,0.83,N,2
53.27142,24.44309,300.9,0.46,0.64,2022-05-13,0148,N20,VIIRS,n,2,277.15,0.6,N,2
52.84831,29.99297,331.45,0.46,0.47,2022-05-13,0957,N20,VIIRS,n,2,297.65,4.97,D,2
52.84504,29.98952,326.94,0.46,0.47,2022-05-13,0957,N20,VIIRS,n,2,296.78,6.76,D,2
52.06917,24.83787,351.21,0.38,0.59,2022-05-13,0957,N20,VIIRS,n,2,289.46,6.14,D,0
53.02983,30.54242,334.34,0.38,0.59,2022-05-13,1138,N20,VIIRS,n,2,287.86,2.53,D,0
53.02971,30.53657,332.75,0.38,0.59,2022-05-13,1138,N20,VIIRS,n,2,291.39,2.53,D,0
53.03509,30.53896,367,0.38,0.59,2022-05-13,1138,N20,VIIRS,h,2,291.89,9.54,D,0
53.03524,30.54479,330.09,0.38,0.59,2022-05-13,1138,N20,VIIRS,n,2,285.88,5.97,D,0
53.03532,30.54206,341.57,0.38,0.59,2022-05-13,1138,N20,VIIRS,n,2,289.66,5.32,D,0
55.1695,28.98824,300.27,0.54,0.42,2022-05-13,2349,N20,VIIRS,n,2,274.12,0.44,N,0
55.16983,28.98341,298.79,0.54,0.42,2022-05-13,2349,N20,VIIRS,n,2,274.24,0.72,N,0
53.39616,32.01346,295.7,0.4,0.44,2022-05-14,2330,N20,VIIRS,n,2,279.99,0.66,N,2
53.13684,25.83755,329.26,0.39,0.36,2022-05-15,1100,N20,VIIRS,n,2,284.97,1.51,D,0
53.13765,25.84328,327.08,0.39,0.36,2022-05-15,1100,N20,VIIRS,n,2,289.06,1.51,D,0
53.27184,24.43965,297.44,0.64,0.72,2022-05-15,2311,N20,VIIRS,n,2,276.92,2,N,2
52.84983,29.98934,367,0.37,0.58,2022-05-15,2312,N20,VIIRS,h,2,278.12,7.44,N,2
53.27174,24.44555,304.37,0.44,0.38,2022-05-16,0052,N20,VIIRS,n,2,278.62,1.3,N,2
53.26373,24.44814,298.44,0.44,0.38,2022-05-16,0052,N20,VIIRS,n,2,279.56,0.87,N,2
53.2591,24.45258,295.02,0.44,0.38,2022-05-16,0052,N20,VIIRS,n,2,279.23,0.87,N,2
52.39342,31.45211,296.58,0.53,0.5,2022-05-16,0052,N20,VIIRS,n,2,275.09,0.93,N,0
53.0111,24.0713,328.52,0.46,0.39,2022-05-16,1041,N20,VIIRS,n,2,297.68,2.73,D,0
54.37866,29.83461,327.75,0.39,0.36,2022-05-16,1041,N20,VIIRS,n,2,284.12,2.24,D,0
55.86976,29.00249,333.4,0.39,0.36,2022-05-16,1042,N20,VIIRS,n,2,290.43,2.58,D,0
55.11576,27.30635,330.59,0.39,0.36,2022-05-16,1042,N20,VIIRS,n,2,287.93,3.07,D,0
52.84911,29.99002,301.16,0.59,0.7,2022-05-16,2252,N20,VIIRS,n,2,277.06,0.99,N,2
52.84618,29.98829,305.15,0.47,0.4,2022-05-17,0033,N20,VIIRS,n,2,277.84,1.2,N,2
52.84694,29.98907,302.71,0.47,0.4,2022-05-17,0033,N20,VIIRS,n,2,278.51,1.06,N,2
55.50543,28.58673,295.54,0.4,0.37,2022-05-17,0033,N20,VIIRS,n,2,275.1,0.36,N,2
53.25945,24.45043,296.59,0.38,0.36,2022-05-17,0033,N20,VIIRS,n,2,280.18,0.83,N,2
53.26268,24.45184,300.14,0.38,0.36,2022-05-17,0033,N20,VIIRS,n,2,279.83,0.83,N,2
53.2709,24.44337,307.85,0.38,0.36,2022-05-17,0033,N20,VIIRS,n,2,280.24,1.13,N,2
52.20695,31.4982,342.56,0.41,0.37,2022-05-17,1022,N20,VIIRS,n,2,292.75,3.5,D,0
51.70283,28.96639,325.71,0.48,0.4,2022-05-17,1022,N20,VIIRS,l,2,296.13,3.21,D,0
52.20366,31.49978,336.84,0.41,0.37,2022-05-17,1022,N20,VIIRS,n,2,292.01,3.5,D,0
52.81863,31.40074,331.97,0.4,0.37,2022-05-17,1022,N20,VIIRS,n,2,285.59,2.22,D,0
52.81758,31.3949,326.64,0.4,0.37,2022-05-17,1022,N20,VIIRS,n,2,289.36,2.22,D,0
52.7566,25.64979,339.58,0.39,0.44,2022-05-17,1022,N20,VIIRS,n,2,298.93,5.84,D,0
51.7005,28.97277,330.27,0.61,0.71,2022-05-17,1203,N20,VIIRS,n,2,291.94,4.53,D,0
53.27281,24.44462,297.91,0.45,0.39,2022-05-18,0015,N20,VIIRS,n,2,275.6,1.15,N,2
52.72147,25.40695,336.89,0.6,0.53,2022-05-18,1004,N20,VIIRS,n,2,291.54,18.2,D,0
55.08194,28.55466,330.7,0.38,0.59,2022-05-18,1145,N20,VIIRS,n,2,288.66,3.45,D,0
53.39577,32.01282,298.47,0.4,0.37,2022-05-18,2355,N20,VIIRS,n,2,279.55,0.89,N,2
52.84848,29.99111,316.17,0.43,0.38,2022-05-18,2356,N20,VIIRS,n,2,278.32,1.68,N,2
53.26978,24.44232,295.64,0.44,0.46,2022-05-18,2356,N20,VIIRS,n,2,274.06,0.79,N,2
53.26504,24.44808,295.83,0.44,0.46,2022-05-18,2356,N20,VIIRS,n,2,275.06,0.79,N,2
53.27311,24.44599,297.11,0.35,0.57,2022-05-19,0136,N20,VIIRS,n,2,276.45,0.7,N,2
51.64122,30.32562,332.34,0.32,0.55,2022-05-19,0944,N20,VIIRS,n,2,298.04,3.99,D,0
53.27092,24.44478,303.02,0.47,0.48,2022-05-20,0117,N20,VIIRS,n,2,278.98,1.29,N,2
53.27182,24.44503,302.69,0.47,0.48,2022-05-20,0117,N20,VIIRS,n,2,278.4,0.94,N,2
52.84909,29.98859,304.47,0.52,0.5,2022-05-21,0058,N20,VIIRS,n,2,277.59,1.3,N,2
52.84622,29.99513,296.61,0.52,0.5,2022-05-21,0058,N20,VIIRS,n,2,277.38,1.4,N,2
52.84813,29.988,299.98,0.52,0.5,2022-05-21,0058,N20,VIIRS,n,2,276.15,1.4,N,2
52.84757,29.99062,305.05,0.4,0.37,2022-05-23,0021,N20,VIIRS,n,2,276.25,0.96,N,2
54.11512,31.16036,325.63,0.46,0.39,2022-05-23,1010,N20,VIIRS,n,2,294.64,2.36,D,0
54.22851,31.08539,332.56,0.46,0.39,2022-05-23,1010,N20,VIIRS,n,2,293.74,4.44,D,0
53.40167,25.94448,338.63,0.48,0.48,2022-05-23,1010,N20,VIIRS,n,2,289.58,5.21,D,0
54.07488,31.48585,346.45,0.58,0.69,2022-05-23,1151,N20,VIIRS,n,2,289.62,6.46,D,0
53.26403,24.45174,297.07,0.57,0.43,2022-05-24,0002,N20,VIIRS,n,2,278.91,0.93,N,2
51.89058,29.3394,298.63,0.4,0.37,2022-05-24,0002,N20,VIIRS,n,2,277.45,0.64,N,2
53.27275,24.44509,300.22,0.57,0.43,2022-05-24,0002,N20,VIIRS,n,2,278.8,0.96,N,2
51.89398,29.34358,295.91,0.68,0.74,2022-05-24,0142,N20,VIIRS,n,2,275.3,1.66,N,2
53.27147,24.446,296.53,0.4,0.6,2022-05-24,0142,N20,VIIRS,n,2,278.05,0.94,N,2
53.0595,30.37911,339.24,0.5,0.49,2022-05-24,0951,N20,VIIRS,n,2,298.81,7.4,D,0
53.43549,32.4747,335.13,0.41,0.45,2022-05-24,0951,N20,VIIRS,n,2,289.21,3.65,D,0
54.91771,28.9238,326.22,0.49,0.49,2022-05-24,0952,N20,VIIRS,n,2,298.13,3.34,D,0
53.79231,25.12892,334.37,0.37,0.58,2022-05-24,0952,N20,VIIRS,n,2,292.28,1.6,D,0
53.0573,30.37603,328.93,0.32,0.55,2022-05-24,1131,N20,VIIRS,n,2,289.84,1.92,D,0
52.9393,30.72642,342.88,0.34,0.56,2022-05-24,1131,N20,VIIRS,n,2,291.07,3.89,D,0
52.93913,30.72134,334.87,0.34,0.56,2022-05-24,1131,N20,VIIRS,n,2,289.76,4.02,D,0
53.17501,30.72373,334.56,0.34,0.56,2022-05-24,1132,N20,VIIRS,n,2,294.31,4.07,D,0
52.84784,29.98681,314.72,0.53,0.42,2022-05-24,2343,N20,VIIRS,n,2,279.98,3.08,N,2
52.84668,29.98823,324.86,0.53,0.42,2022-05-24,2343,N20,VIIRS,n,2,281.23,2.65,N,2
52.84957,29.99197,304.87,0.45,0.63,2022-05-25,0123,N20,VIIRS,n,2,278.94,0.86,N,2
51.89524,29.34335,295.03,0.46,0.63,2022-05-25,0123,N20,VIIRS,n,2,278.77,0.66,N,2
52.85465,29.99663,295.32,0.45,0.63,2022-05-25,0123,N20,VIIRS,n,2,281.36,0.86,N,2
53.32436,31.70565,339.43,0.33,0.55,2022-05-25,0932,N20,VIIRS,n,2,291.18,4.03,D,0
55.52999,28.51901,327.6,0.36,0.57,2022-05-25,0933,N20,VIIRS,n,2,291.2,1.33,D,0
53.1673,30.6614,325.43,0.43,0.46,2022-05-25,1113,N20,VIIRS,n,2,293.84,4.85,D,0
53.17112,30.65477,331.71,0.43,0.46,2022-05-25,1113,N20,VIIRS,n,2,294.52,5.87,D,0
53.16692,30.65562,343.7,0.43,0.46,2022-05-25,1113,N20,VIIRS,n,2,301.72,5.87,D,0
53.3268,31.70228,336.91,0.47,0.48,2022-05-25,1113,N20,VIIRS,n,2,297.67,8.77,D,0
53.3224,31.70306,367,0.47,0.48,2022-05-25,1113,N20,VIIRS,h,2,302.24,8.77,D,0
53.17104,30.6541,332.11,0.43,0.46,2022-05-25,1113,N20,VIIRS,n,2,294.45,3.63,D,0
53.16683,30.65496,341.49,0.43,0.46,2022-05-25,1113,N20,VIIRS,n,2,301.18,4.85,D,0
53.58614,24.86911,330.37,0.39,0.36,2022-05-26,1054,N20,VIIRS,n,2,288.39,2.79,D,0
52.84693,29.99037,298.11,0.43,0.62,2022-05-26,2305,N20,VIIRS,n,2,280.47,0.56,N,2
53.27608,24.43908,295.61,0.74,0.76,2022-05-26,2305,N20,VIIRS,n,2,279.2,1.01,N,2
52.84627,29.98951,298.46,0.43,0.62,2022-05-26,2305,N20,VIIRS,n,2,280.24,0.38,N,2
52.84571,29.99302,295.66,0.4,0.44,2022-05-27,0046,N20,VIIRS,n,2,280.98,0.79,N,2
53.27263,24.44069,298.21,0.41,0.37,2022-05-27,0046,N20,VIIRS,n,2,280.35,1.21,N,2
53.26388,24.44911,299.64,0.41,0.37,2022-05-27,0046,N20,VIIRS,n,2,282.3,1.24,N,2
52.84583,29.98372,315.56,0.69,0.74,2022-05-27,2246,N20,VIIRS,n,2,276.44,3.72,N,2
52.84688,29.98929,336.46,0.69,0.74,2022-05-27,2246,N20,VIIRS,n,2,277.22,5.52,N,2
52.84611,29.9941,306.9,0.69,0.74,2022-05-27,2246,N20,VIIRS,n,2,277.32,3.36,N,2
52.84882,29.99202,326.46,0.43,0.38,2022-05-28,0027,N20,VIIRS,n,2,279.43,2.73,N,2
52.99066,27.57801,296.29,0.39,0.36,2022-05-28,0027,N20,VIIRS,n,2,277.75,0.46,N,0
53.27134,24.44345,303.15,0.39,0.36,2022-05-28,0027,N20,VIIRS,n,2,277.74,0.88,N,2
52.04726,31.2129,329.73,0.45,0.39,2022-05-28,1016,N20,VIIRS,n,2,290.07,4.18,D,0
55.48746,28.60036,307.91,0.42,0.37,2022-05-29,0008,N20,VIIRS,n,2,275.25,1.09,N,0
52.84776,29.99425,310.28,0.39,0.36,2022-05-29,0008,N20,VIIRS,n,2,277.02,1.74,N,2
52.84861,29.98863,323.73,0.39,0.36,2022-05-29,0008,N20,VIIRS,n,2,276.97,1.74,N,2
52.85425,29.99693,295.76,0.39,0.36,2022-05-29,0008,N20,VIIRS,n,2,280.21,0.6,N,2
53.31784,31.2691,326.25,0.38,0.36,2022-05-29,0008,N20,VIIRS,n,2,275.4,2.45,N,0
52.84728,29.99152,353.69,0.36,0.58,2022-05-29,1138,N20,VIIRS,n,2,294.11,6.08,D,2
52.84453,29.98865,331.65,0.36,0.58,2022-05-29,1138,N20,VIIRS,n,2,292.71,2.39,D,2
52.84468,29.99421,329.03,0.36,0.58,2022-05-29,1138,N20,VIIRS,n,2,288.26,2.39,D,2
52.84763,29.98809,306.27,0.47,0.4,2022-05-29,2349,N20,VIIRS,n,2,270.49,0.79,N,2
52.84722,29.98975,309.33,0.47,0.48,2022-05-30,2330,N20,VIIRS,n,2,281.84,1.84,N,2
55.48928,28.60221,309.29,0.56,0.52,2022-05-30,2330,N20,VIIRS,n,2,279.91,1.05,N,0
55.48502,28.59657,338,0.56,0.52,2022-05-30,2330,N20,VIIRS,n,2,281.53,11.76,N,0
55.13063,28.97701,327.1,0.52,0.5,2022-05-31,0110,N20,VIIRS,n,2,280.63,0.77,N,0
55.48682,28.60057,350.53,0.5,0.49,2022-05-31,0110,N20,VIIRS,n,2,280.96,10.26,N,0
53.27048,24.4433,305.29,0.41,0.45,2022-05-31,0111,N20,VIIRS,n,2,280.02,1.01,N,2
52.84481,29.99331,329.45,0.47,0.39,2022-05-31,1100,N20,VIIRS,n,2,295.58,3.44,D,2
52.84604,29.99253,311.27,0.37,0.58,2022-05-31,2311,N20,VIIRS,n,2,281.52,1.45,N,2
55.48685,28.59282,314.52,0.44,0.62,2022-05-31,2311,N20,VIIRS,n,2,277.73,1.83,N,0
55.48678,28.5999,318.97,0.44,0.62,2022-05-31,2311,N20,VIIRS,n,2,278.97,1.83,N,0
53.26421,24.44298,296.13,0.64,0.72,2022-05-31,2311,N20,VIIRS,n,2,279.5,1.67,N,2
53.26171,24.44519,301.85,0.63,0.72,2022-05-31,2311,N20,VIIRS,n,2,279.9,1,N,2
52.84619,29.98697,314.55,0.37,0.58,2022-05-31,2311,N20,VIIRS,n,2,282.31,1.45,N,2
52.84891,29.99126,306.57,0.45,0.47,2022-06-01,0052,N20,VIIRS,n,2,281.99,1.69,N,2
53.26209,24.45123,303.37,0.44,0.38,2022-06-01,0052,N20,VIIRS,n,2,280.91,1,N,2
53.27137,24.44235,297.48,0.44,0.38,2022-06-01,0052,N20,VIIRS,n,2,279.85,0.63,N,2
52.84699,29.99125,344.48,0.39,0.36,2022-06-01,1041,N20,VIIRS,n,2,303.3,15.83,D,2
54.15828,29.91882,338.82,0.39,0.36,2022-06-01,1041,N20,VIIRS,n,2,299.19,5.89,D,0
54.15913,29.92466,332.84,0.39,0.36,2022-06-01,1041,N20,VIIRS,n,2,297.12,4.48,D,0
53.315,28.79996,337.93,0.38,0.36,2022-06-01,1041,N20,VIIRS,n,2,299.24,5.09,D,0
55.48479,28.602,331.45,0.38,0.36,2022-06-01,1042,N20,VIIRS,n,2,270.61,2.73,D,0
52.84852,29.98483,297.59,0.59,0.7,2022-06-01,2252,N20,VIIRS,n,2,269.24,0.96,N,2
55.48443,28.60065,339.62,0.67,0.74,2022-06-01,2252,N20,VIIRS,n,2,281.55,8.63,N,0
55.4841,28.59414,349.49,0.67,0.74,2022-06-01,2252,N20,VIIRS,n,2,281.29,8.41,N,0
52.84964,29.98915,302.1,0.59,0.7,2022-06-01,2252,N20,VIIRS,n,2,265.89,1.3,N,2
55.48412,28.58969,300.8,0.67,0.74,2022-06-01,2252,N20,VIIRS,n,2,280.93,5.7,N,0
53.2716,24.44614,298.44,0.38,0.36,2022-06-02,0033,N20,VIIRS,n,2,282.53,0.44,N,2
51.89329,29.34058,300.49,0.47,0.39,2022-06-02,0033,N20,VIIRS,n,2,285.89,0.85,N,2
53.26014,24.45319,297.8,0.38,0.36,2022-06-02,0033,N20,VIIRS,n,2,283.3,0.41,N,2
52.84776,29.99329,324.38,0.47,0.4,2022-06-02,0033,N20,VIIRS,n,2,286.43,3.54,N,2
52.85469,29.99722,298.75,0.47,0.4,2022-06-02,0033,N20,VIIRS,n,2,288.1,0.9,N,2
55.4847,28.59926,329.54,0.4,0.37,2022-06-02,0033,N20,VIIRS,n,2,284.4,6.46,N,0
53.62283,31.85485,327.83,0.39,0.36,2022-06-02,1022,N20,VIIRS,n,2,294.52,2.23,D,0
52.84708,29.99147,328.09,0.43,0.38,2022-06-02,1022,N20,VIIRS,n,2,294.05,4.38,D,2
53.90748,30.47994,327.42,0.41,0.37,2022-06-02,1022,N20,VIIRS,n,2,284.6,2.56,D,0
52.84684,29.99135,320.3,0.39,0.36,2022-06-03,0014,N20,VIIRS,n,2,283.6,1.98,N,2
53.27026,24.44088,307.62,0.45,0.39,2022-06-03,0015,N20,VIIRS,n,2,280.62,1.42,N,2
53.27264,24.44432,300.89,0.52,0.67,2022-06-03,0155,N20,VIIRS,n,2,278.38,0.89,N,2
52.16295,30.47326,342.69,0.4,0.44,2022-06-03,1003,N20,VIIRS,n,2,296.21,5.23,D,0
53.6716,31.82451,295.89,0.4,0.37,2022-06-03,2355,N20,VIIRS,n,2,282.36,0.36,N,0
52.84764,29.9878,304.08,0.43,0.38,2022-06-03,2356,N20,VIIRS,n,2,282.08,0.99,N,2
53.27263,24.44585,300.83,0.44,0.46,2022-06-03,2356,N20,VIIRS,n,2,281.99,1.49,N,2
52.84687,29.9941,301.7,0.43,0.38,2022-06-03,2356,N20,VIIRS,n,2,282.75,0.99,N,2
53.26269,24.45102,295.13,0.35,0.57,2022-06-04,0136,N20,VIIRS,n,2,280.87,0.43,N,2
53.27177,24.44084,298.79,0.35,0.57,2022-06-04,0136,N20,VIIRS,n,2,280.23,1.08,N,2
53.27381,24.44144,310.83,0.35,0.56,2022-06-04,2337,N20,VIIRS,n,2,283.92,1.15,N,2
53.27356,24.44479,302.36,0.34,0.56,2022-06-04,2337,N20,VIIRS,n,2,284.2,0.81,N,2
53.25899,24.44764,295.33,0.47,0.48,2022-06-05,0117,N20,VIIRS,n,2,282.67,0.58,N,0
53.27137,24.44161,307.28,0.47,0.48,2022-06-05,0117,N20,VIIRS,n,2,284.2,1.54,N,2
53.25987,24.44877,298.33,0.47,0.48,2022-06-05,0117,N20,VIIRS,n,2,284.15,0.85,N,2
52.85017,29.98717,307.5,0.64,0.54,2022-06-05,2318,N20,VIIRS,n,2,281.99,2.34,N,2
53.26115,24.44615,296.93,0.55,0.68,2022-06-05,2318,N20,VIIRS,n,2,281.8,0.84,N,2
53.2605,24.44878,297.54,0.49,0.4,2022-06-06,0058,N20,VIIRS,n,2,283.82,1.41,N,2
52.84534,29.99057,306.04,0.52,0.5,2022-06-06,0058,N20,VIIRS,n,2,282.41,1.35,N,2
53.27048,24.43914,300.64,0.48,0.4,2022-06-06,0058,N20,VIIRS,n,2,281.42,0.71,N,2
52.04943,27.2618,327.93,0.39,0.36,2022-06-06,1047,N20,VIIRS,l,2,300.99,1.35,D,0
52.8495,29.98616,307.18,0.5,0.66,2022-06-06,2259,N20,VIIRS,n,2,281.97,2.04,N,2
52.8495,29.9938,295.56,0.5,0.66,2022-06-06,2259,N20,VIIRS,n,2,282.37,1.87,N,2
52.84831,29.993,342.6,0.52,0.42,2022-06-07,0039,N20,VIIRS,n,2,284.37,10.83,N,2
53.27156,24.44129,306.13,0.42,0.37,2022-06-08,0021,N20,VIIRS,n,2,277.38,0.71,N,2
53.26319,24.4512,299.48,0.42,0.37,2022-06-08,0021,N20,VIIRS,n,2,276.73,0.66,N,2
51.89073,29.33888,295.83,0.4,0.37,2022-06-08,0021,N20,VIIRS,n,2,284.79,0.67,N,2
51.89004,29.34359,328.97,0.46,0.64,2022-06-08,1150,N20,VIIRS,n,2,296.59,4.54,D,2
51.8938,29.33945,303.62,0.4,0.37,2022-06-09,0002,N20,VIIRS,n,2,287.41,0.77,N,2
52.84727,29.99263,331.46,0.4,0.37,2022-06-09,0002,N20,VIIRS,n,2,289.19,3.4,N,2
52.85059,29.99388,300.66,0.4,0.37,2022-06-09,0002,N20,VIIRS,n,2,286.3,3.4,N,2
51.89046,29.33826,308.69,0.4,0.37,2022-06-09,0002,N20,VIIRS,n,2,286.79,0.77,N,2
53.27005,24.44251,300.01,0.57,0.43,2022-06-09,0002,N20,VIIRS,n,2,279.72,1.5,N,2
52.84648,29.98633,302.02,0.66,0.73,2022-06-09,0142,N20,VIIRS,n,2,283.17,0.57,N,2
52.85037,29.98918,302.6,0.66,0.73,2022-06-09,0142,N20,VIIRS,n,2,284.24,2.68,N,2
53.96634,31.66352,331.52,0.42,0.45,2022-06-09,0951,N20,VIIRS,n,2,298.25,1.98,D,0
55.27893,30.72796,325.97,0.42,0.45,2022-06-09,0951,N20,VIIRS,l,2,298,2.47,D,0
54.18829,28.36213,333.51,0.55,0.51,2022-06-09,1132,N20,VIIRS,n,2,298.45,13.23,D,0
53.96611,31.66153,337.11,0.37,0.58,2022-06-09,1132,N20,VIIRS,n,2,296.7,4.27,D,0
54.18872,28.37058,340.18,0.55,0.51,2022-06-09,1132,N20,VIIRS,n,2,297.76,16.39,D,0
53.84698,30.33651,297.21,0.53,0.42,2022-06-09,2343,N20,VIIRS,n,2,276.14,0.48,N,0
52.84901,29.9948,318.93,0.53,0.42,2022-06-09,2343,N20,VIIRS,n,2,288.64,4,N,2
53.39645,32.01727,301.15,0.46,0.39,2022-06-09,2343,N20,VIIRS,n,2,287.81,0.42,N,2
53.96814,31.65992,298.43,0.48,0.4,2022-06-09,2343,N20,VIIRS,n,2,278.95,0.66,N,0
53.84314,30.33551,298.12,0.53,0.42,2022-06-09,2343,N20,VIIRS,n,2,279.85,1.39,N,0
53.26287,24.45152,303.88,0.54,0.51,2022-06-10,0123,N20,VIIRS,n,2,287.59,1.7,N,2
53.26357,24.45252,299.87,0.54,0.51,2022-06-10,0123,N20,VIIRS,n,2,286.74,0.38,N,2
52.85576,29.99622,299.45,0.45,0.63,2022-06-10,0123,N20,VIIRS,n,2,287.37,0.85,N,2
51.89067,29.33831,298.14,0.46,0.63,2022-06-10,0123,N20,VIIRS,n,2,285.68,0.9,N,2
51.88932,29.34126,299.35,0.46,0.63,2022-06-10,0123,N20,VIIRS,n,2,285.33,1.18,N,2
53.27122,24.44006,306.4,0.54,0.51,2022-06-10,0123,N20,VIIRS,n,2,286.77,0.74,N,2
52.8484,29.99344,308.99,0.45,0.63,2022-06-10,0123,N20,VIIRS,n,2,286.49,1.59,N,2
53.27185,24.44103,306.55,0.54,0.51,2022-06-10,0123,N20,VIIRS,n,2,286.92,1.93,N,2
52.84655,29.99301,334.65,0.4,0.6,2022-06-10,0932,N20,VIIRS,n,2,302.76,7.01,D,2
52.98362,28.02489,337.13,0.51,0.41,2022-06-10,1112,N20,VIIRS,n,2,295.87,4.37,D,0
52.84586,29.98992,330.47,0.54,0.51,2022-06-10,2324,N20,VIIRS,n,2,288.35,2.97,N,2
51.89227,29.33427,311.61,0.57,0.52,2022-06-10,2324,N20,VIIRS,n,2,288.52,2.62,N,2
51.89129,29.33797,315.65,0.57,0.52,2022-06-10,2324,N20,VIIRS,n,2,288.1,2.69,N,2
52.85056,29.99067,302.63,0.54,0.51,2022-06-10,2324,N20,VIIRS,n,2,287.63,2.97,N,2
53.39554,32.01458,308.61,0.46,0.47,2022-06-10,2324,N20,VIIRS,n,2,290.82,1.4,N,2
53.24977,28.45052,300.32,0.32,0.54,2022-06-10,2324,N20,VIIRS,n,2,286.63,0.6,N,0
53.24958,28.45532,305.75,0.32,0.54,2022-06-10,2324,N20,VIIRS,n,2,286.92,0.6,N,0
52.84926,29.99115,308.88,0.59,0.53,2022-06-11,0104,N20,VIIRS,n,2,287.17,2.87,N,2
52.84402,29.99474,330.59,0.59,0.7,2022-06-11,0914,N20,VIIRS,n,2,296.11,5.17,D,2
52.84761,29.9896,330.64,0.59,0.7,2022-06-11,0914,N20,VIIRS,n,2,299.45,7.4,D,2
53.26464,24.44733,300.19,0.74,0.76,2022-06-11,2305,N20,VIIRS,n,2,284.4,0.73,N,2
53.32095,31.26762,297.57,0.38,0.59,2022-06-11,2305,N20,VIIRS,n,2,282.88,0.39,N,0
52.84754,29.9895,321.96,0.43,0.62,2022-06-11,2305,N20,VIIRS,n,2,285.39,2.07,N,2
53.31588,31.26937,301.13,0.43,0.46,2022-06-12,0045,N20,VIIRS,n,2,285.32,0.4,N,0
52.84986,29.99605,297.26,0.4,0.44,2022-06-12,0046,N20,VIIRS,n,2,285.84,0.58,N,2
53.26123,24.44855,303.5,0.41,0.37,2022-06-12,0046,N20,VIIRS,n,2,285.8,0.9,N,2
53.26451,24.45023,298.91,0.41,0.37,2022-06-12,0046,N20,VIIRS,n,2,284.19,0.82,N,2
53.26998,24.44012,301.55,0.41,0.37,2022-06-12,0046,N20,VIIRS,n,2,284.5,0.65,N,2
53.27326,24.4418,299.72,0.41,0.37,2022-06-12,0046,N20,VIIRS,n,2,283.89,0.24,N,2
52.84607,29.99359,330.4,0.4,0.44,2022-06-12,0046,N20,VIIRS,n,2,287.3,3.66,N,2
52.84739,29.98805,326.25,0.4,0.44,2022-06-12,0046,N20,VIIRS,n,2,286.49,3.49,N,2
52.85367,29.99851,299.76,0.4,0.44,2022-06-12,0046,N20,VIIRS,n,2,289.1,0.58,N,2
52.98088,30.00131,327.99,0.39,0.36,2022-06-12,1035,N20,VIIRS,l,2,302.02,2.95,D,0
51.87461,23.73261,330.47,0.56,0.43,2022-06-12,1035,N20,VIIRS,l,2,302.67,5.9,D,0
52.84779,29.99047,334.03,0.39,0.36,2022-06-12,1035,N20,VIIRS,l,2,305.22,5.4,D,2
52.84915,29.99114,312.9,0.69,0.74,2022-06-12,2246,N20,VIIRS,n,2,284.47,2.69,N,2
52.84807,29.98537,311.36,0.69,0.74,2022-06-12,2246,N20,VIIRS,n,2,285,2.11,N,2
51.88926,29.34012,296.78,0.43,0.38,2022-06-13,0027,N20,VIIRS,n,2,286.11,0.55,N,2
51.89099,29.34212,299.44,0.43,0.38,2022-06-13,0027,N20,VIIRS,n,2,286.67,0.44,N,2
52.84815,29.99157,329.43,0.43,0.38,2022-06-13,0027,N20,VIIRS,n,2,288.88,8.97,N,2
52.846,29.99369,334.76,0.47,0.4,2022-06-13,1016,N20,VIIRS,l,2,306.2,2.42,D,2
52.36758,30.27867,334.6,0.47,0.4,2022-06-13,1016,N20,VIIRS,n,2,297.24,4.63,D,0
54.35768,30.16759,328.16,0.44,0.38,2022-06-13,1016,N20,VIIRS,l,2,298.83,2.1,D,0
54.50393,30.31861,329.54,0.44,0.38,2022-06-13,1016,N20,VIIRS,n,2,298.19,2.78,D,0
53.39199,32.01514,295.41,0.39,0.36,2022-06-14,0008,N20,VIIRS,n,2,285.31,0.84,N,0
51.8905,29.34166,298.32,0.39,0.36,2022-06-14,0008,N20,VIIRS,n,2,285.73,0.44,N,2
52.84737,29.98936,328.22,0.39,0.36,2022-06-14,0008,N20,VIIRS,n,2,285.7,1.96,N,2
53.39521,32.01665,304.08,0.39,0.36,2022-06-14,0008,N20,VIIRS,n,2,287.33,0.84,N,2
53.26214,24.4499,299.3,0.46,0.64,2022-06-14,0148,N20,VIIRS,n,2,281.73,1.09,N,2
53.2622,24.44852,298.15,0.46,0.64,2022-06-14,0148,N20,VIIRS,n,2,281.28,1.05,N,2
52.89245,27.02253,312.51,0.4,0.44,2022-06-14,2349,N20,VIIRS,n,2,280.53,1.23,N,0
52.84804,29.9939,326.78,0.47,0.4,2022-06-14,2349,N20,VIIRS,n,2,283.44,3.19,N,2
53.39437,32.01321,299.99,0.42,0.38,2022-06-14,2349,N20,VIIRS,n,2,283.37,0.93,N,2
52.84756,29.99319,303.92,0.51,0.66,2022-06-15,0129,N20,VIIRS,n,2,280.17,1.45,N,2
51.8901,29.34108,296.05,0.52,0.67,2022-06-15,0130,N20,VIIRS,n,2,279.62,0.65,N,2
52.84657,29.99061,327.35,0.46,0.47,2022-06-15,1119,N20,VIIRS,l,2,298.36,5.03,D,2
53.39716,32.01655,296.45,0.4,0.44,2022-06-15,2330,N20,VIIRS,n,2,283.09,0.77,N,2
52.84911,29.98754,313.06,0.47,0.48,2022-06-15,2330,N20,VIIRS,n,2,282.7,1.98,N,2
52.84862,29.99453,299.41,0.47,0.48,2022-06-15,2330,N20,VIIRS,n,2,283.15,2.24,N,2
53.2625,24.44718,306.37,0.4,0.6,2022-06-15,2330,N20,VIIRS,n,2,281.88,0.94,N,2
51.8928,29.3386,295.12,0.49,0.48,2022-06-15,2331,N20,VIIRS,n,2,281.47,0.78,N,2
51.89162,29.33927,295.49,0.35,0.56,2022-06-16,0111,N20,VIIRS,n,2,280.52,0.5,N,2
53.26102,24.45123,295.99,0.41,0.45,2022-06-16,0111,N20,VIIRS,n,2,281.77,1.46,N,2
52.84539,29.99054,333.87,0.34,0.56,2022-06-16,0111,N20,VIIRS,n,2,282.56,2.39,N,2
52.84663,29.99678,337.26,0.52,0.67,2022-06-16,0920,N20,VIIRS,n,2,286.19,8.15,D,0
52.84597,29.99064,343.57,0.52,0.67,2022-06-16,0920,N20,VIIRS,n,2,288.14,7.06,D,2
54.05677,25.60541,349.95,0.39,0.36,2022-06-16,1100,N20,VIIRS,n,2,294.89,7.23,D,0
52.36261,23.36884,325.71,0.56,0.69,2022-06-17,1222,N20,VIIRS,n,2,286.75,2.83,D,0
53.3964,32.01209,298.74,0.49,0.65,2022-06-17,2252,N20,VIIRS,n,2,281.92,0.95,N,2
52.85059,29.98655,297.9,0.59,0.7,2022-06-17,2252,N20,VIIRS,n,2,280.77,1.07,N,2
51.89219,29.3313,300.49,0.63,0.72,2022-06-17,2252,N20,VIIRS,n,2,271.73,1.55,N,2
51.88903,29.33309,305.65,0.63,0.72,2022-06-17,2253,N20,VIIRS,n,2,271.45,0.9,N,2
53.27085,24.44526,298.4,0.38,0.36,2022-06-18,0033,N20,VIIRS,n,2,284.17,0.75,N,2
53.25939,24.45232,298.81,0.38,0.36,2022-06-18,0033,N20,VIIRS,n,2,284.63,0.93,N,2
53.2635,24.44809,305.11,0.38,0.36,2022-06-18,0033,N20,VIIRS,n,2,285.51,0.93,N,2
52.84673,29.99135,316.58,0.47,0.4,2022-06-18,0033,N20,VIIRS,n,2,283.78,2.39,N,2
52.84606,29.99129,316.86,0.47,0.4,2022-06-18,0033,N20,VIIRS,n,2,283.75,2.19,N,2
51.89154,29.33876,327.24,0.47,0.39,2022-06-18,0033,N20,VIIRS,n,2,283.74,2.51,N,2
53.62173,31.85629,336.2,0.39,0.36,2022-06-18,1022,N20,VIIRS,n,2,295.14,2.07,D,0
52.84555,29.9926,336.83,0.43,0.38,2022-06-18,1022,N20,VIIRS,n,2,305.05,6.38,D,2
53.26144,24.45002,298.6,0.53,0.67,2022-06-19,0154,N20,VIIRS,n,2,283.52,0.99,N,2
53.26201,24.45071,298.06,0.52,0.67,2022-06-19,0154,N20,VIIRS,n,2,284.22,1.04,N,2
53.27164,24.44182,296.71,0.52,0.67,2022-06-19,0154,N20,VIIRS,n,2,282.67,1.19,N,2
53.27228,24.44254,297.61,0.52,0.67,2022-06-19,0154,N20,VIIRS,n,2,282.87,0.5,N,2
52.84631,29.98967,341,0.4,0.44,2022-06-19,1003,N20,VIIRS,n,2,298.28,4.28,D,2
52.66317,27.41737,326.15,0.51,0.49,2022-06-19,1003,N20,VIIRS,n,2,295.86,1.98,D,0
53.27347,24.44305,305.86,0.44,0.46,2022-06-19,2355,N20,VIIRS,n,2,290.99,0.87,N,2
52.84699,29.99166,333.1,0.43,0.38,2022-06-19,2355,N20,VIIRS,n,2,291.34,5.16,N,2
52.85044,29.99283,300.7,0.43,0.38,2022-06-19,2355,N20,VIIRS,n,2,289,1.55,N,2
53.26446,24.44789,304.98,0.44,0.46,2022-06-19,2355,N20,VIIRS,n,2,291.56,0.93,N,2
52.61034,29.9451,303.98,0.43,0.38,2022-06-19,2356,N20,VIIRS,n,2,290.12,0.71,N,0
51.88918,29.33632,300.07,0.44,0.38,2022-06-19,2356,N20,VIIRS,n,2,289.46,0.45,N,2
52.85002,29.99415,308.15,0.58,0.7,2022-06-20,0135,N20,VIIRS,n,2,276.48,0.9,N,2
52.84702,29.99064,314.34,0.58,0.7,2022-06-20,0135,N20,VIIRS,n,2,276.91,2.13,N,2
52.84455,29.98849,298.45,0.58,0.7,2022-06-20,0135,N20,VIIRS,n,2,276.43,0.9,N,2
53.27214,24.44493,305.3,0.35,0.57,2022-06-20,0136,N20,VIIRS,n,2,288.94,1.04,N,2
53.26331,24.44965,307.55,0.35,0.57,2022-06-20,0136,N20,VIIRS,n,2,289.03,1.04,N,2
53.27091,24.44419,307.05,0.35,0.57,2022-06-20,0136,N20,VIIRS,n,2,289.04,0.91,N,2
53.2645,24.45038,304.76,0.35,0.57,2022-06-20,0136,N20,VIIRS,n,2,288.5,0.45,N,2
54.23433,31.11523,331.65,0.5,0.49,2022-06-20,0945,N20,VIIRS,n,2,293.23,6.14,D,0
51.88931,29.33934,332.62,0.49,0.49,2022-06-20,1125,N20,VIIRS,l,2,305.76,3.84,D,2
52.07941,27.2523,342.79,0.41,0.45,2022-06-20,1125,N20,VIIRS,n,2,301.35,8.02,D,0
52.84351,29.99243,331.23,0.54,0.5,2022-06-20,1125,N20,VIIRS,n,2,299.45,4.93,D,2
52.85188,29.99846,299.12,0.41,0.45,2022-06-20,2337,N20,VIIRS,n,2,285.45,1.04,N,0
52.84829,29.99146,319.53,0.41,0.45,2022-06-20,2337,N20,VIIRS,n,2,285.49,1.04,N,2
52.3154,30.92286,312.28,0.55,0.43,2022-06-20,2337,N20,VIIRS,n,2,285.62,1.74,N,0
52.84684,29.98562,296.33,0.39,0.59,2022-06-21,0117,N20,VIIRS,n,2,284.74,1.49,N,2
52.84517,29.99082,313.23,0.39,0.59,2022-06-21,0117,N20,VIIRS,n,2,285.59,1.65,N,2
51.97607,27.07282,328.19,0.42,0.38,2022-06-21,1106,N20,VIIRS,l,2,299.07,2.39,D,0
52.8489,29.98716,309.93,0.64,0.54,2022-06-21,2318,N20,VIIRS,n,2,281.21,3.04,N,2
52.84985,29.98981,305.28,0.64,0.54,2022-06-21,2318,N20,VIIRS,n,2,281.51,2.11,N,2
51.88991,29.33607,311.73,0.33,0.56,2022-06-21,2318,N20,VIIRS,n,2,279.54,0.57,N,2
52.84893,29.99262,308.88,0.52,0.5,2022-06-22,0058,N20,VIIRS,n,2,270.63,1.05,N,2
54.05372,25.60874,326.84,0.39,0.36,2022-06-22,1048,N20,VIIRS,n,2,294.83,1.73,D,0
52.84768,29.99268,333.96,0.4,0.37,2022-06-23,1028,N20,VIIRS,n,2,303.37,5.07,D,2
53.39456,32.0141,301.82,0.43,0.38,2022-06-24,0020,N20,VIIRS,n,2,288.1,1.11,N,2
52.84864,29.99096,332.86,0.4,0.37,2022-06-24,0021,N20,VIIRS,n,2,287.1,4,N,2
52.84538,29.98937,298.66,0.4,0.37,2022-06-24,0021,N20,VIIRS,n,2,285.97,4,N,2
53.27356,24.44191,296.49,0.42,0.37,2022-06-24,0021,N20,VIIRS,n,2,284.74,0.5,N,2
53.27017,24.44069,303.03,0.42,0.37,2022-06-24,0021,N20,VIIRS,n,2,285.03,0.5,N,2
53.26181,24.45061,309.26,0.42,0.37,2022-06-24,0021,N20,VIIRS,n,2,286.94,1.43,N,2
51.89021,29.34064,295.57,0.4,0.37,2022-06-24,0021,N20,VIIRS,n,2,284.95,0.38,N,2
52.85413,29.9999,302.31,0.4,0.37,2022-06-24,0021,N20,VIIRS,n,2,287.79,1.28,N,2
53.75895,30.22773,326.73,0.5,0.41,2022-06-24,1010,N20,VIIRS,n,2,294.89,1.69,D,0
51.8893,29.34193,331.25,0.46,0.64,2022-06-24,1150,N20,VIIRS,n,2,301,3.69,D,2
53.67063,31.82906,299.53,0.39,0.36,2022-06-25,0001,N20,VIIRS,n,2,287.96,0.67,N,0
53.39502,32.0134,312.06,0.39,0.36,2022-06-25,0001,N20,VIIRS,n,2,289.71,1.41,N,2
52.84748,29.99403,307.83,0.4,0.37,2022-06-25,0002,N20,VIIRS,n,2,288.26,1.39,N,2
52.84829,29.98818,312.09,0.4,0.37,2022-06-25,0002,N20,VIIRS,n,2,287.71,1.39,N,2
52.85413,29.99653,302.98,0.4,0.37,2022-06-25,0002,N20,VIIRS,n,2,290.02,1.09,N,2
53.26171,24.45243,300.69,0.57,0.43,2022-06-25,0002,N20,VIIRS,n,2,285.25,0.84,N,2
51.89069,29.34036,299,0.4,0.37,2022-06-25,0002,N20,VIIRS,n,2,286.27,0.56,N,2
53.27082,24.44142,310.34,0.38,0.43,2022-06-25,0002,N20,VIIRS,n,2,287.31,1.4,N,2
53.26509,24.45038,301.67,0.4,0.6,2022-06-25,0142,N20,VIIRS,n,2,284.87,0.8,N,2
52.85096,29.991,299.08,0.66,0.73,2022-06-25,0142,N20,VIIRS,n,2,283.9,1.24,N,2
53.27346,24.44628,300.31,0.4,0.6,2022-06-25,0142,N20,VIIRS,n,2,284.6,0.84,N,0
53.26501,24.45256,296.93,0.4,0.6,2022-06-25,0142,N20,VIIRS,n,2,283.69,0.58,N,2
53.27348,24.4441,303.62,0.4,0.6,2022-06-25,0142,N20,VIIRS,n,2,284.1,0.7,N,2
53.25845,24.4513,300.42,0.4,0.6,2022-06-25,0142,N20,VIIRS,n,2,285.45,0.8,N,0
51.8928,29.3418,327.56,0.6,0.53,2022-06-25,0951,N20,VIIRS,l,2,300.04,6.01,D,2
52.24595,29.83965,340.59,0.61,0.53,2022-06-25,1131,N20,VIIRS,n,2,300.85,17.32,D,0
54.69245,27.17045,337.2,0.47,0.48,2022-06-25,2342,N20,VIIRS,n,2,287.48,3.63,N,0
53.27246,24.43991,303.61,0.59,0.53,2022-06-25,2343,N20,VIIRS,n,2,287.29,0.37,N,2
52.84591,29.98916,308.87,0.53,0.42,2022-06-25,2343,N20,VIIRS,n,2,288.78,1.98,N,2
51.89024,29.33703,313.84,0.55,0.43,2022-06-25,2343,N20,VIIRS,n,2,287.56,1.96,N,2
53.26226,24.4476,305.17,0.59,0.53,2022-06-25,2343,N20,VIIRS,n,2,288.8,1.32,N,2
53.39397,32.01608,305.51,0.46,0.39,2022-06-25,2343,N20,VIIRS,n,2,290.7,0.93,N,2
53.67237,31.82458,300.69,0.47,0.4,2022-06-25,2343,N20,VIIRS,n,2,289.36,1.06,N,0
52.84732,29.9893,302.26,0.45,0.63,2022-06-26,0123,N20,VIIRS,n,2,286.97,0.7,N,2
51.89341,29.34152,295.84,0.46,0.63,2022-06-26,0123,N20,VIIRS,n,2,285.55,0.54,N,2
51.88823,29.33705,298.7,0.46,0.63,2022-06-26,0123,N20,VIIRS,n,2,285.67,0.54,N,2
53.27097,24.4399,303.85,0.54,0.51,2022-06-26,0123,N20,VIIRS,n,2,287.04,0.5,N,2
53.26262,24.45133,303.1,0.54,0.51,2022-06-26,0123,N20,VIIRS,n,2,287.77,1.91,N,2
53.27152,24.44202,302.35,0.54,0.51,2022-06-26,0123,N20,VIIRS,n,2,287.51,1.76,N,2
53.25898,24.45025,298.02,0.54,0.51,2022-06-26,0123,N20,VIIRS,n,2,287.65,0.51,N,0
51.8894,29.33589,296.53,0.46,0.63,2022-06-26,0123,N20,VIIRS,n,2,285.85,1.08,N,2
53.2627,24.44812,308.86,0.47,0.64,2022-06-26,2324,N20,VIIRS,n,2,288.33,0.97,N,2
53.27466,24.4413,304.75,0.47,0.64,2022-06-26,2324,N20,VIIRS,n,2,286.48,0.74,N,2
53.67333,31.82498,301.38,0.47,0.48,2022-06-26,2324,N20,VIIRS,n,2,290.78,0.63,N,0
53.39457,32.01232,308.11,0.46,0.47,2022-06-26,2324,N20,VIIRS,n,2,291.64,1.61,N,2
52.84909,29.99341,301.31,0.54,0.51,2022-06-26,2324,N20,VIIRS,n,2,289.83,0.75,N,2
53.4568,25.47046,307.86,0.39,0.44,2022-06-27,0104,N20,VIIRS,n,2,288.1,0.95,N,0
52.84996,29.99183,301.12,0.59,0.53,2022-06-27,0104,N20,VIIRS,n,2,288.61,1.75,N,2
51.89136,29.34086,301.39,0.6,0.53,2022-06-27,0104,N20,VIIRS,n,2,287,1.3,N,2
55.53135,28.51835,333.69,0.42,0.38,2022-06-27,1054,N20,VIIRS,n,2,299.68,1.94,D,0
53.39469,32.0114,301.29,0.36,0.57,2022-06-27,2305,N20,VIIRS,n,2,290.5,0.7,N,2
52.84904,29.98982,301.96,0.43,0.62,2022-06-27,2305,N20,VIIRS,n,2,290.22,0.87,N,2
53.0289,29.94687,327.54,0.44,0.62,2022-06-27,2305,N20,VIIRS,n,2,289.31,2.56,N,0
53.67113,31.82606,302.21,0.37,0.58,2022-06-27,2305,N20,VIIRS,n,2,290.89,0.58,N,0
52.846,29.99239,315.81,0.39,0.44,2022-06-28,0045,N20,VIIRS,n,2,290.92,1.91,N,2
53.02904,29.94987,327.7,0.39,0.44,2022-06-28,0045,N20,VIIRS,n,2,289.79,2.71,N,0
53.27059,24.4437,299.48,0.41,0.37,2022-06-28,0046,N20,VIIRS,n,2,274.08,0.89,N,2
52.30577,30.2358,304.37,0.42,0.45,2022-06-28,0046,N20,VIIRS,n,2,289.35,0.46,N,0
53.20171,29.20918,333.24,0.39,0.36,2022-06-28,1035,N20,VIIRS,n,2,301.13,3.91,D,0
52.35442,24.20395,334.4,0.52,0.5,2022-06-29,1016,N20,VIIRS,n,2,300.03,4.92,D,0
53.3957,32.01348,296.93,0.39,0.36,2022-06-30,0008,N20,VIIRS,n,2,284.23,1,N,2
53.27237,24.43951,302.5,0.51,0.41,2022-06-30,0008,N20,VIIRS,n,2,289.14,0.74,N,2
53.27254,24.44011,305.07,0.51,0.41,2022-06-30,0008,N20,VIIRS,n,2,289.52,1.24,N,2
53.26427,24.44558,300.35,0.51,0.41,2022-06-30,0008,N20,VIIRS,n,2,289.34,0.71,N,2
52.84685,29.99174,331.65,0.39,0.36,2022-06-30,0008,N20,VIIRS,n,2,287.75,3.42,N,2
51.64001,30.31915,302.94,0.38,0.36,2022-06-30,0008,N20,VIIRS,n,2,285.14,0.28,N,0
51.89086,29.33872,300.61,0.39,0.36,2022-06-30,0008,N20,VIIRS,n,2,287.77,0.68,N,2
52.3852,30.75102,327.17,0.44,0.46,2022-06-30,0957,N20,VIIRS,n,2,294.39,2.48,D,0
52.5875,29.79149,326.07,0.47,0.48,2022-06-30,0957,N20,VIIRS,l,2,296.92,1.74,D,0
52.84534,29.99088,298.82,0.47,0.4,2022-06-30,2349,N20,VIIRS,n,2,288.38,0.94,N,2
51.88908,29.33554,300.42,0.48,0.4,2022-06-30,2349,N20,VIIRS,n,2,289.71,0.65,N,2
53.27124,24.44043,300.25,0.51,0.49,2022-06-30,2349,N20,VIIRS,n,2,280.68,0.79,N,2
53.39479,32.01361,311.28,0.42,0.38,2022-06-30,2349,N20,VIIRS,n,2,291.28,1.75,N,2
53.64248,29.22874,305.14,0.51,0.41,2022-06-30,2349,N20,VIIRS,n,2,286.07,0.78,N,0
52.84851,29.99183,326.82,0.47,0.4,2022-06-30,2349,N20,VIIRS,n,2,289.61,3.26,N,2
52.84896,29.99197,324.86,0.47,0.4,2022-06-30,2349,N20,VIIRS,n,2,289.35,3.17,N,2
52.84631,29.98691,300.17,0.51,0.66,2022-07-01,0129,N20,VIIRS,n,2,285.98,0.84,N,2
52.84811,29.98732,299.25,0.51,0.66,2022-07-01,0129,N20,VIIRS,n,2,286.17,1.5,N,2
51.40154,29.45388,334.81,0.41,0.6,2022-07-01,0938,N20,VIIRS,n,2,297.15,3.36,D,0
51.40148,29.45429,333.39,0.41,0.6,2022-07-01,0938,N20,VIIRS,n,2,297.38,2.61,D,0
51.60624,27.3387,338.63,0.53,0.42,2022-07-01,1118,N20,VIIRS,n,2,290.67,4.47,D,0
51.40063,29.4522,367,0.42,0.45,2022-07-01,1118,N20,VIIRS,h,2,303.84,12.6,D,0
51.40482,29.45138,338.01,0.42,0.45,2022-07-01,1118,N20,VIIRS,n,2,301.03,4.31,D,0
51.60695,27.34635,330.84,0.53,0.42,2022-07-01,1118,N20,VIIRS,n,2,288.44,4.47,D,0
52.84602,29.99277,341.07,0.46,0.47,2022-07-01,1119,N20,VIIRS,n,2,300.68,6.49,D,2
53.27378,24.4398,304.69,0.4,0.6,2022-07-01,2330,N20,VIIRS,n,2,289.41,1.32,N,2
53.27175,24.43891,305.36,0.4,0.6,2022-07-01,2330,N20,VIIRS,n,2,289.52,0.63,N,2
53.31824,31.26703,313.51,0.42,0.45,2022-07-01,2330,N20,VIIRS,n,2,284.76,1.34,N,0
53.26247,24.44525,300.48,0.4,0.6,2022-07-01,2330,N20,VIIRS,n,2,289.27,0.66,N,2
52.84809,29.98915,317.31,0.47,0.48,2022-07-01,2330,N20,VIIRS,n,2,286.19,2.09,N,2
51.88889,29.33404,300.44,0.49,0.48,2022-07-01,2330,N20,VIIRS,n,2,289.43,0.86,N,2
51.40318,29.4414,305.95,0.48,0.48,2022-07-01,2331,N20,VIIRS,n,2,290.7,2.25,N,0
51.40272,29.44832,327.61,0.48,0.48,2022-07-01,2331,N20,VIIRS,n,2,296.71,2.25,N,0
51.40225,29.45526,317.85,0.48,0.48,2022-07-01,2331,N20,VIIRS,n,2,293.17,3.91,N,0
51.60819,27.338,307.16,0.59,0.53,2022-07-01,2331,N20,VIIRS,n,2,288.3,2.04,N,0
51.40667,29.45607,309.73,0.48,0.48,2022-07-01,2331,N20,VIIRS,n,2,289.42,1.48,N,0
51.60774,27.34662,301.81,0.59,0.53,2022-07-01,2331,N20,VIIRS,n,2,286.88,2.04,N,0
51.61031,27.34548,302.88,0.59,0.53,2022-07-01,2331,N20,VIIRS,n,2,287.94,2.1,N,0
51.39829,29.44753,300.05,0.48,0.48,2022-07-01,2331,N20,VIIRS,n,2,289.98,2.25,N,0
52.84736,29.99008,332.62,0.34,0.56,2022-07-02,0110,N20,VIIRS,n,2,288.25,2.87,N,2
55.38349,27.6801,300.23,0.46,0.47,2022-07-02,0110,N20,VIIRS,n,2,285.29,0.59,N,0
55.38747,27.68333,296.21,0.46,0.47,2022-07-02,0110,N20,VIIRS,n,2,285.64,0.59,N,0
53.31939,31.26855,296.45,0.37,0.58,2022-07-02,0110,N20,VIIRS,n,2,282.15,0.73,N,0
51.89064,29.33928,304.26,0.35,0.56,2022-07-02,0111,N20,VIIRS,n,2,287.66,0.83,N,2
51.3997,29.45329,308.29,0.36,0.58,2022-07-02,0111,N20,VIIRS,n,2,290.52,1.67,N,0
51.40115,29.44857,311.89,0.36,0.58,2022-07-02,0111,N20,VIIRS,n,2,291.75,1.48,N,0
51.40259,29.44383,304.58,0.36,0.58,2022-07-02,0111,N20,VIIRS,n,2,289.33,1.48,N,0
51.4045,29.45704,303.1,0.36,0.58,2022-07-02,0111,N20,VIIRS,n,2,288.96,1.24,N,0
51.40594,29.4523,305.11,0.36,0.58,2022-07-02,0111,N20,VIIRS,n,2,287.72,0.93,N,0
51.60699,27.3392,312.28,0.59,0.53,2022-07-02,0111,N20,VIIRS,n,2,288.93,3.96,N,0
51.60758,27.34037,345.04,0.4,0.37,2022-07-02,1059,N20,VIIRS,n,2,313.63,4.34,D,0
51.60834,27.34604,341.21,0.4,0.37,2022-07-02,1059,N20,VIIRS,n,2,310.78,4.32,D,0
51.60426,27.34152,342.64,0.4,0.37,2022-07-02,1059,N20,VIIRS,l,2,316.05,6.23,D,0
51.40118,29.44055,346.11,0.44,0.38,2022-07-02,1059,N20,VIIRS,n,2,303.44,8.89,D,0
51.4034,29.45921,338.38,0.44,0.38,2022-07-02,1059,N20,VIIRS,n,2,302.16,5.58,D,0
51.3977,29.44159,347,0.44,0.38,2022-07-02,1059,N20,VIIRS,n,2,303.63,6.64,D,0
51.39844,29.44781,347.82,0.44,0.38,2022-07-02,1059,N20,VIIRS,n,2,303.81,5.03,D,0
51.39918,29.45403,337.3,0.44,0.38,2022-07-02,1059,N20,VIIRS,n,2,304.13,5.03,D,0
51.39992,29.46025,339.81,0.44,0.38,2022-07-02,1059,N20,VIIRS,n,2,299.82,3.18,D,0
51.39569,29.45507,333.4,0.44,0.38,2022-07-02,1059,N20,VIIRS,n,2,299.69,5.03,D,0
52.21979,24.39231,331.49,0.38,0.36,2022-07-02,1100,N20,VIIRS,l,2,304.48,2.8,D,0
52.84993,29.98968,321.2,0.37,0.58,2022-07-02,2311,N20,VIIRS,n,2,288.31,1.91,N,2
53.39524,32.00879,299.6,0.62,0.54,2022-07-02,2311,N20,VIIRS,n,2,287.73,1.83,N,2
53.39096,32.11129,298.41,0.61,0.53,2022-07-02,2311,N20,VIIRS,n,2,283.81,0.61,N,0
53.39,32.11338,295.48,0.61,0.53,2022-07-02,2311,N20,VIIRS,n,2,283.97,1.16,N,0
51.89256,29.33414,299.87,0.39,0.59,2022-07-02,2311,N20,VIIRS,n,2,288.18,0.95,N,2
53.39475,32.01099,301.75,0.62,0.54,2022-07-02,2311,N20,VIIRS,n,2,288.6,1.53,N,2
51.39964,29.45,304.18,0.38,0.59,2022-07-02,2312,N20,VIIRS,n,2,290.2,1.78,N,0
51.39979,29.44438,311.51,0.38,0.59,2022-07-02,2312,N20,VIIRS,n,2,291.29,1.78,N,0
51.39994,29.43878,326.17,0.38,0.59,2022-07-02,2312,N20,VIIRS,n,2,292.88,3.54,N,0
51.40482,29.46168,305,0.38,0.59,2022-07-02,2312,N20,VIIRS,n,2,289.7,1.59,N,0
51.39949,29.45561,307.68,0.38,0.59,2022-07-02,2312,N20,VIIRS,n,2,290.13,1.63,N,0
51.39939,29.44152,328.33,0.47,0.48,2022-07-03,0052,N20,VIIRS,n,2,293.12,2.37,N,0
51.40186,29.45054,300.3,0.47,0.48,2022-07-03,0052,N20,VIIRS,n,2,288.17,2.37,N,0
51.40269,29.46589,307.06,0.47,0.48,2022-07-03,0052,N20,VIIRS,n,2,287.44,1.28,N,0
51.40432,29.45954,300.18,0.47,0.48,2022-07-03,0052,N20,VIIRS,n,2,288.83,1.28,N,0
52.8457,29.99168,323.05,0.45,0.47,2022-07-03,0052,N20,VIIRS,n,2,289.3,1.67,N,2
51.40023,29.45687,310.28,0.47,0.48,2022-07-03,0052,N20,VIIRS,n,2,289.36,2.34,N,0
51.39531,29.43884,310.59,0.47,0.48,2022-07-03,0052,N20,VIIRS,n,2,285.99,1.72,N,0
51.39614,29.45419,315.15,0.47,0.48,2022-07-03,0052,N20,VIIRS,n,2,287.62,2.34,N,0
51.39777,29.44785,309.06,0.47,0.48,2022-07-03,0052,N20,VIIRS,n,2,286.53,2.37,N,0
51.40103,29.43518,302.81,0.47,0.48,2022-07-03,0052,N20,VIIRS,n,2,285.6,1.54,N,0
52.849,29.98703,302.21,0.59,0.7,2022-07-03,2252,N20,VIIRS,n,2,285.59,1.68,N,2
51.40102,29.46953,299.68,0.48,0.4,2022-07-04,0033,N20,VIIRS,n,2,287.17,1.09,N,0
51.60625,27.34329,299.74,0.42,0.38,2022-07-04,0033,N20,VIIRS,n,2,286.71,0.81,N,0
51.39463,29.44406,302.35,0.48,0.4,2022-07-04,0033,N20,VIIRS,n,2,287.8,1.67,N,0
51.39601,29.43747,319.4,0.48,0.4,2022-07-04,0033,N20,VIIRS,n,2,289.32,1.67,N,0
51.39676,29.45254,311.06,0.48,0.4,2022-07-04,0033,N20,VIIRS,n,2,290.81,2.91,N,0
51.39814,29.44595,306.82,0.48,0.4,2022-07-04,0033,N20,VIIRS,n,2,290.8,1.67,N,0
51.39952,29.43935,306.38,0.48,0.4,2022-07-04,0033,N20,VIIRS,n,2,290.71,1.67,N,0
51.40089,29.43276,303.09,0.48,0.4,2022-07-04,0033,N20,VIIRS,n,2,286.7,1.5,N,0
51.4024,29.46292,308.43,0.48,0.4,2022-07-04,0033,N20,VIIRS,n,2,289.71,3.52,N,0
51.8904,29.33956,298.9,0.47,0.39,2022-07-04,0033,N20,VIIRS,n,2,286.48,0.72,N,2
52.8457,29.99186,330.2,0.47,0.4,2022-07-04,0033,N20,VIIRS,n,2,289.25,7.02,N,2
51.39642,29.43167,332.47,0.47,0.4,2022-07-04,1022,N20,VIIRS,n,2,298.54,6.56,D,0
51.39956,29.46589,338.02,0.47,0.4,2022-07-04,1022,N20,VIIRS,n,2,299.5,5.2,D,0
51.39342,29.45476,347.69,0.47,0.4,2022-07-04,1022,N20,VIIRS,n,2,299.24,10.07,D,0
53.62102,31.85739,328.06,0.39,0.36,2022-07-04,1022,N20,VIIRS,n,2,299.91,1.03,D,0
53.68794,27.48214,338.23,0.53,0.67,2022-07-04,1203,N20,VIIRS,n,2,291.01,3.54,D,0
52.07663,27.72917,333.7,0.54,0.68,2022-07-04,1203,N20,VIIRS,n,2,291.76,3.79,D,0
53.70704,31.58415,297.78,0.8,0.78,2022-07-04,2233,N20,VIIRS,n,2,284.7,0.91,N,0
52.84682,29.98838,322.73,0.39,0.36,2022-07-05,0014,N20,VIIRS,n,2,289.62,1.68,N,2
52.85236,29.99687,304.47,0.39,0.36,2022-07-05,0014,N20,VIIRS,n,2,290.54,0.79,N,2
53.27124,24.44448,306.65,0.45,0.39,2022-07-05,0014,N20,VIIRS,n,2,288.67,1.3,N,2
52.85559,29.99832,307.22,0.39,0.36,2022-07-05,0014,N20,VIIRS,n,2,290.89,0.79,N,2
53.39408,32.01304,303.43,0.4,0.37,2022-07-05,0014,N20,VIIRS,n,2,290.05,1.03,N,2
51.89185,29.34195,306.03,0.39,0.36,2022-07-05,0014,N20,VIIRS,n,2,288.4,1.04,N,2
51.89486,29.30228,301.87,0.38,0.36,2022-07-05,0014,N20,VIIRS,n,2,288.66,0.45,N,0
53.25983,24.44783,300.06,0.45,0.39,2022-07-05,0014,N20,VIIRS,n,2,288.06,0.68,N,2
51.39817,29.44652,304.64,0.39,0.36,2022-07-05,0015,N20,VIIRS,n,2,292.21,2.77,N,0
51.39997,29.43566,315.53,0.39,0.36,2022-07-05,0015,N20,VIIRS,n,2,293.76,2.82,N,0
51.39637,29.45739,310.13,0.39,0.36,2022-07-05,0015,N20,VIIRS,n,2,293.85,2.12,N,0
51.38989,29.45463,299.28,0.39,0.36,2022-07-05,0015,N20,VIIRS,n,2,289.15,0.72,N,0
51.39079,29.4492,309.33,0.39,0.36,2022-07-05,0015,N20,VIIRS,n,2,290.16,0.72,N,0
51.3926,29.43834,318.7,0.39,0.36,2022-07-05,0015,N20,VIIRS,n,2,291.72,3.3,N,0
51.3917,29.44378,337.3,0.39,0.36,2022-07-05,0015,N20,VIIRS,n,2,293.4,3.3,N,0
51.39349,29.43292,339.92,0.39,0.36,2022-07-05,0015,N20,VIIRS,n,2,292.69,4.1,N,0
51.39403,29.45058,314.41,0.39,0.36,2022-07-05,0015,N20,VIIRS,n,2,292.91,2.12,N,0
51.39763,29.42886,316.82,0.39,0.36,2022-07-05,0015,N20,VIIRS,n,2,289.85,2.82,N,0
51.39223,29.46144,327.7,0.39,0.36,2022-07-05,0015,N20,VIIRS,n,2,293.27,1.81,N,0
51.39313,29.45601,334.7,0.39,0.36,2022-07-05,0015,N20,VIIRS,n,2,296.72,2.12,N,0
51.39493,29.44515,327.68,0.39,0.36,2022-07-05,0015,N20,VIIRS,n,2,297.03,2.77,N,0
51.39584,29.43972,329.55,0.39,0.36,2022-07-05,0015,N20,VIIRS,n,2,298.06,2.77,N,0
51.39674,29.43429,339.93,0.39,0.36,2022-07-05,0015,N20,VIIRS,n,2,299.1,2.82,N,0
51.39547,29.46282,303.92,0.39,0.36,2022-07-05,0015,N20,VIIRS,n,2,291.24,1.81,N,0
51.39727,29.45195,311.65,0.39,0.36,2022-07-05,0015,N20,VIIRS,n,2,294.59,2.12,N,0
51.3987,29.4642,304.43,0.39,0.36,2022-07-05,0015,N20,VIIRS,n,2,290.99,2.56,N,0
51.40194,29.46557,311.01,0.39,0.36,2022-07-05,0015,N20,VIIRS,n,2,292.48,2.56,N,0
51.40104,29.471,343.9,0.39,0.36,2022-07-05,0015,N20,VIIRS,n,2,296,2.56,N,0
53.2688,24.44175,297,0.52,0.67,2022-07-05,0154,N20,VIIRS,n,2,285.66,0.63,N,2
53.25858,24.44991,303.47,0.52,0.67,2022-07-05,0154,N20,VIIRS,n,2,286.44,0.94,N,0
54.52197,30.9408,328.52,0.51,0.41,2022-07-05,1003,N20,VIIRS,n,2,295.74,4.55,D,0
53.39525,32.01099,301.59,0.4,0.37,2022-07-05,2355,N20,VIIRS,n,2,288.21,1.45,N,2
53.69246,32.41009,296.66,0.39,0.37,2022-07-05,2355,N20,VIIRS,n,2,286.15,0.14,N,0
55.43299,27.77381,303.77,0.53,0.42,2022-07-05,2355,N20,VIIRS,n,2,274.71,0.88,N,0
53.68917,32.40877,320.65,0.39,0.37,2022-07-05,2355,N20,VIIRS,n,2,286.75,1.83,N,0
53.68999,32.40288,312.61,0.39,0.37,2022-07-05,2355,N20,VIIRS,n,2,287.03,1.73,N,0
51.39578,29.43041,331.95,0.43,0.38,2022-07-05,2356,N20,VIIRS,n,2,294.81,1.86,N,0
51.39695,29.44986,304.58,0.43,0.38,2022-07-05,2356,N20,VIIRS,n,2,290.9,1.36,N,0
51.39847,29.43763,301.23,0.43,0.38,2022-07-05,2356,N20,VIIRS,n,2,290.26,1.86,N,0
51.3866,29.44658,346.02,0.43,0.38,2022-07-05,2356,N20,VIIRS,n,2,296.51,4.34,N,0
51.38585,29.45268,331.85,0.43,0.38,2022-07-05,2356,N20,VIIRS,n,2,291.99,3.17,N,0
51.40081,29.47647,334.46,0.43,0.38,2022-07-05,2356,N20,VIIRS,n,2,292.36,3.17,N,0
51.3935,29.44877,309.61,0.43,0.38,2022-07-05,2356,N20,VIIRS,n,2,291.49,1.36,N,0
51.39275,29.45487,308.16,0.43,0.38,2022-07-05,2356,N20,VIIRS,n,2,291.23,1.23,N,0
51.39199,29.46097,310.25,0.43,0.38,2022-07-05,2356,N20,VIIRS,n,2,291.36,1.23,N,0
51.39233,29.42932,353.09,0.43,0.38,2022-07-05,2356,N20,VIIRS,n,2,302.91,10.86,N,0
51.39157,29.43544,332.43,0.43,0.38,2022-07-05,2356,N20,VIIRS,n,2,296.13,10.86,N,0
51.39005,29.44767,321.82,0.43,0.38,2022-07-05,2356,N20,VIIRS,n,2,293.41,4.34,N,0
51.38929,29.45378,322.32,0.43,0.38,2022-07-05,2356,N20,VIIRS,n,2,292.08,3.17,N,0
51.39309,29.4232,301.36,0.43,0.38,2022-07-05,2356,N20,VIIRS,n,2,289.73,3.09,N,0
51.39081,29.44156,318.05,0.43,0.38,2022-07-05,2356,N20,VIIRS,n,2,292.08,4.34,N,0
51.38812,29.43434,344.81,0.43,0.38,2022-07-05,2356,N20,VIIRS,n,2,297.64,10.86,N,0
51.89175,29.33765,314.87,0.44,0.38,2022-07-05,2356,N20,VIIRS,n,2,288.5,1.01,N,2
51.39736,29.47537,337.01,0.43,0.38,2022-07-05,2356,N20,VIIRS,n,2,293.06,3.17,N,0
51.40157,29.47037,303.53,0.43,0.38,2022-07-05,2356,N20,VIIRS,n,2,289.52,3.17,N,0
51.89626,29.29983,304.67,0.44,0.38,2022-07-05,2356,N20,VIIRS,n,2,288.94,0.49,N,0
51.39426,29.44265,313.06,0.43,0.38,2022-07-05,2356,N20,VIIRS,n,2,292.21,1.36,N,0
51.39502,29.43653,307.51,0.43,0.38,2022-07-05,2356,N20,VIIRS,n,2,291.63,1.86,N,0
51.39619,29.45597,301.26,0.43,0.38,2022-07-05,2356,N20,VIIRS,n,2,290.02,1.23,N,0
53.39798,32.01173,298.79,0.52,0.42,2022-07-06,2336,N20,VIIRS,n,2,287.45,1.33,N,2
53.39583,32.01183,299.18,0.53,0.5,2022-07-07,2317,N20,VIIRS,n,2,285.46,1.19,N,2
51.89503,29.33714,296.67,0.33,0.56,2022-07-07,2318,N20,VIIRS,n,2,269.9,0.71,N,2
51.8951,29.29948,306.22,0.52,0.5,2022-07-08,0058,N20,VIIRS,n,2,285,1.27,N,0
52.84523,29.99007,311.05,0.52,0.5,2022-07-08,0058,N20,VIIRS,n,2,281.85,1.7,N,2
53.6416,24.79954,298.39,0.49,0.4,2022-07-08,0058,N20,VIIRS,n,2,278.92,0.45,N,0
51.89583,29.30021,301.3,0.52,0.5,2022-07-08,0058,N20,VIIRS,n,2,285.11,1.57,N,0
51.8906,29.33804,299.8,0.52,0.5,2022-07-08,0058,N20,VIIRS,n,2,280.32,2.11,N,2
52.61239,25.08276,327.2,0.41,0.37,2022-07-08,1047,N20,VIIRS,n,2,293.32,1.85,D,0
52.84873,29.98875,318.3,0.51,0.66,2022-07-08,2258,N20,VIIRS,n,2,285.07,2.75,N,2
52.84819,29.98853,318.73,0.51,0.66,2022-07-08,2258,N20,VIIRS,n,2,285.46,1.82,N,2
53.39467,32.00929,296.67,0.42,0.61,2022-07-08,2258,N20,VIIRS,n,2,284.31,0.61,N,2
51.89151,29.33539,333.84,0.54,0.68,2022-07-08,2259,N20,VIIRS,n,2,279.84,4.41,N,2
52.84755,29.9908,330.38,0.52,0.42,2022-07-09,0039,N20,VIIRS,n,2,286.42,8.41,N,2
53.39457,32.01698,297.47,0.43,0.38,2022-07-10,0020,N20,VIIRS,n,2,283.5,0.88,N,2
52.1492,28.97862,307.16,0.41,0.37,2022-07-11,0002,N20,VIIRS,n,2,281.19,1.04,N,0
53.26989,24.44381,304.6,0.38,0.43,2022-07-11,0002,N20,VIIRS,n,2,282.91,1.2,N,2
51.8961,29.29713,308.43,0.4,0.37,2022-07-11,0002,N20,VIIRS,n,2,285.71,0.87,N,0
52.14865,28.97954,309.12,0.41,0.37,2022-07-11,0002,N20,VIIRS,n,2,281.71,1.36,N,0
52.84749,29.9912,311.17,0.4,0.37,2022-07-11,0002,N20,VIIRS,n,2,268.87,1.25,N,2
53.64389,25.77303,299.79,0.44,0.62,2022-07-11,0142,N20,VIIRS,n,2,278.4,0.93,N,0
52.23216,29.96695,298.88,0.43,0.62,2022-07-13,2305,N20,VIIRS,n,2,281.69,1.02,N,0
52.84696,29.99289,315.21,0.39,0.44,2022-07-14,0045,N20,VIIRS,n,2,282.12,1.24,N,2
52.84752,29.99414,313.81,0.39,0.44,2022-07-14,0045,N20,VIIRS,n,2,282.23,1.37,N,2
53.27074,24.44059,307.26,0.41,0.37,2022-07-14,0046,N20,VIIRS,n,2,286.67,0.65,N,2
51.96939,29.33744,325.97,0.4,0.37,2022-07-14,1034,N20,VIIRS,n,2,292.51,1.49,D,0
52.84571,29.99243,333.45,0.39,0.36,2022-07-14,1034,N20,VIIRS,n,2,294.84,2.31,D,2
51.89014,29.33846,338.81,0.4,0.37,2022-07-14,1034,N20,VIIRS,n,2,298.06,4.79,D,2
51.89217,29.32823,323.58,0.73,0.76,2022-07-14,2246,N20,VIIRS,n,2,283.87,6.53,N,0
52.84973,29.99059,310.45,0.69,0.74,2022-07-14,2246,N20,VIIRS,n,2,283.96,2.96,N,2
51.89249,29.33929,318.34,0.73,0.76,2022-07-14,2246,N20,VIIRS,n,2,284.65,6.24,N,2
55.50565,28.59082,298.32,0.39,0.36,2022-07-15,0026,N20,VIIRS,n,2,274.03,0.45,N,0
52.85207,29.9991,298.44,0.43,0.38,2022-07-15,0027,N20,VIIRS,n,2,286.47,0.74,N,2
51.891,29.34093,328.8,0.42,0.38,2022-07-15,0027,N20,VIIRS,n,2,288.11,10.55,N,2
52.84657,29.98949,337.29,0.43,0.38,2022-07-15,0027,N20,VIIRS,n,2,285.65,5.07,N,2
51.89071,29.34101,331.25,0.54,0.68,2022-07-15,1156,N20,VIIRS,n,2,293,6.05,D,2
51.88791,29.34162,331.54,0.54,0.68,2022-07-15,1156,N20,VIIRS,n,2,292.32,7.03,D,2
53.39354,32.01066,296.05,0.39,0.36,2022-07-16,0008,N20,VIIRS,n,2,283.17,1.02,N,2
51.89425,29.3388,299.8,0.39,0.36,2022-07-16,0008,N20,VIIRS,n,2,284.28,1.45,N,2
51.89017,29.34306,308.29,0.39,0.36,2022-07-16,0008,N20,VIIRS,n,2,284.73,1.45,N,2
51.89099,29.33753,328.39,0.39,0.36,2022-07-16,0008,N20,VIIRS,n,2,284.61,1.45,N,2
51.89343,29.34434,298.45,0.39,0.36,2022-07-16,0008,N20,VIIRS,n,2,283.86,1.45,N,2
52.84779,29.98939,326.05,0.39,0.36,2022-07-16,0008,N20,VIIRS,n,2,287.4,7.19,N,2
52.85132,29.99155,309.92,0.74,0.76,2022-07-16,0148,N20,VIIRS,n,2,279.66,1.62,N,2
51.88836,29.34604,324.81,0.77,0.78,2022-07-16,0148,N20,VIIRS,n,2,280.6,9.4,N,0
52.84466,29.99017,303.77,0.74,0.76,2022-07-16,0148,N20,VIIRS,n,2,279.51,1.86,N,2
51.89226,29.33667,336.79,0.77,0.78,2022-07-16,0148,N20,VIIRS,n,2,280.78,10.27,N,2
52.84808,29.99078,328.85,0.47,0.4,2022-07-16,2349,N20,VIIRS,n,2,285.22,8.05,N,2
51.894,29.34249,305.23,0.48,0.4,2022-07-16,2349,N20,VIIRS,n,2,283.15,0.9,N,2
51.89211,29.34264,327.9,0.48,0.4,2022-07-16,2349,N20,VIIRS,n,2,285.22,6.04,N,2
53.67307,31.82447,297.24,0.43,0.38,2022-07-16,2349,N20,VIIRS,n,2,284.04,0.76,N,0
51.89346,29.34343,318.48,0.52,0.67,2022-07-17,0129,N20,VIIRS,n,2,281.07,2.81,N,2
51.89174,29.34545,299.57,0.52,0.67,2022-07-17,0129,N20,VIIRS,n,2,280.54,1.6,N,0
51.89195,29.33772,320.96,0.49,0.49,2022-07-17,2330,N20,VIIRS,n,2,282.99,2.63,N,2
53.39351,32.01125,295.03,0.4,0.44,2022-07-17,2330,N20,VIIRS,n,2,283.36,1.08,N,2
51.89102,29.34253,336.43,0.35,0.56,2022-07-18,0110,N20,VIIRS,n,2,282.9,1.66,N,2
52.84541,29.99102,309.24,0.34,0.56,2022-07-18,0110,N20,VIIRS,n,2,281.72,1.26,N,2
51.8924,29.33801,296.07,0.34,0.56,2022-07-18,0110,N20,VIIRS,n,2,281.38,1.66,N,2
51.89375,29.34449,296.22,0.35,0.56,2022-07-18,0111,N20,VIIRS,n,2,281.55,0.85,N,2
51.88905,29.34083,321.52,0.35,0.56,2022-07-18,0111,N20,VIIRS,n,2,281.61,0.85,N,2
51.88998,29.34612,325.44,0.6,0.7,2022-07-18,0919,N20,VIIRS,n,2,287.87,4.23,D,0
52.84777,29.99228,328.55,0.47,0.39,2022-07-18,1059,N20,VIIRS,n,2,298.33,4.7,D,2
51.8929,29.34154,325.61,0.44,0.38,2022-07-18,1059,N20,VIIRS,l,2,296.67,2.76,D,2
52.84766,29.99327,331.81,0.46,0.39,2022-07-18,1059,N20,VIIRS,n,2,298.45,4.33,D,2
53.67499,31.43374,332.07,0.53,0.42,2022-07-18,1100,N20,VIIRS,n,2,294.83,3.56,D,0
54.46499,25.98414,331.62,0.4,0.37,2022-07-19,1041,N20,VIIRS,n,2,293.54,4.85,D,0
53.54175,31.23101,329.59,0.4,0.37,2022-07-19,1041,N20,VIIRS,n,2,291.66,1.35,D,0
51.89332,29.33488,304.45,0.63,0.72,2022-07-19,2252,N20,VIIRS,n,2,283.62,1.35,N,2
52.85098,29.99154,298.43,0.59,0.7,2022-07-19,2252,N20,VIIRS,n,2,283.29,2.14,N,2
52.85088,29.98254,297.35,0.59,0.7,2022-07-19,2252,N20,VIIRS,n,2,282.64,1.81,N,2
55.50637,28.58696,303.11,0.4,0.37,2022-07-20,0032,N20,VIIRS,n,2,285.92,0.51,N,2
52.84673,29.99249,328.34,0.47,0.39,2022-07-20,0033,N20,VIIRS,n,2,285.63,4.87,N,2
52.57597,24.40949,295.68,0.38,0.36,2022-07-20,0033,N20,VIIRS,n,2,285.26,0.32,N,0
52.85364,29.9964,302.46,0.47,0.39,2022-07-20,0033,N20,VIIRS,n,2,287.67,1.25,N,2
51.8913,29.34096,307.95,0.47,0.39,2022-07-20,0033,N20,VIIRS,n,2,285.26,1.08,N,2
53.25866,24.45262,300.14,0.38,0.36,2022-07-20,0033,N20,VIIRS,n,2,287.27,0.46,N,0
53.27064,24.44114,304.66,0.38,0.36,2022-07-20,0033,N20,VIIRS,n,2,287.57,0.98,N,2
53.63946,23.82289,345.32,0.43,0.46,2022-07-20,1022,N20,VIIRS,n,2,296.15,6.74,D,0
55.50444,28.58549,302.16,0.39,0.37,2022-07-21,0013,N20,VIIRS,n,2,284.47,0.48,N,0
51.89292,29.34093,297.63,0.38,0.36,2022-07-21,0014,N20,VIIRS,n,2,284.28,0.72,N,2
52.28701,30.25765,306.15,0.39,0.36,2022-07-21,0014,N20,VIIRS,n,2,282.21,0.76,N,0
53.27213,24.44439,302.11,0.45,0.39,2022-07-21,0014,N20,VIIRS,n,2,284.78,0.87,N,2
52.84758,29.98815,328.75,0.39,0.36,2022-07-21,0014,N20,VIIRS,n,2,284.09,5.21,N,2
52.29828,27.64916,295.83,0.39,0.36,2022-07-21,0014,N20,VIIRS,n,2,281.97,0.29,N,0
52.84666,29.99374,317.5,0.39,0.36,2022-07-21,0014,N20,VIIRS,n,2,284.75,5.21,N,2
53.27158,24.44232,296.34,0.52,0.67,2022-07-21,0154,N20,VIIRS,n,2,282.72,0.51,N,2
52.84482,29.99323,327.48,0.4,0.44,2022-07-21,1003,N20,VIIRS,l,2,297.72,3.83,D,2
51.8912,29.33918,298.31,0.44,0.38,2022-07-21,2355,N20,VIIRS,n,2,286.3,0.67,N,2
51.97854,30.52671,301.26,0.41,0.37,2022-07-21,2355,N20,VIIRS,n,2,285.89,0.62,N,0
53.27302,24.44184,303.23,0.44,0.46,2022-07-21,2355,N20,VIIRS,n,2,288.09,0.74,N,2
52.84667,29.98801,327.98,0.43,0.38,2022-07-21,2355,N20,VIIRS,n,2,288.25,2.86,N,2
53.39423,32.01388,297.31,0.4,0.37,2022-07-21,2355,N20,VIIRS,n,2,286.56,0.59,N,2
51.89112,29.33948,297.6,0.44,0.38,2022-07-21,2355,N20,VIIRS,n,2,286.46,0.81,N,2
53.2696,24.44133,304.38,0.35,0.57,2022-07-22,0135,N20,VIIRS,n,2,287.23,0.76,N,2
52.84666,29.98573,300.37,0.58,0.7,2022-07-22,0135,N20,VIIRS,n,2,284.47,0.84,N,2
52.3646,24.02456,297.33,0.36,0.58,2022-07-22,0136,N20,VIIRS,n,2,285.76,0.5,N,0
51.89282,29.33985,326.37,0.35,0.56,2022-07-22,0944,N20,VIIRS,l,2,297.84,2.89,D,2
52.58884,30.5325,338,0.59,0.53,2022-07-22,0944,N20,VIIRS,n,2,293.77,5.53,D,0
52.84641,29.98821,337.63,0.41,0.45,2022-07-22,2336,N20,VIIRS,n,2,288.93,7.34,N,2
52.85051,29.98915,303.15,0.41,0.45,2022-07-22,2336,N20,VIIRS,n,2,287.2,1.35,N,2
53.27257,24.43969,304.52,0.35,0.56,2022-07-22,2336,N20,VIIRS,n,2,287.31,0.72,N,2
51.89484,29.34156,311.73,0.42,0.45,2022-07-22,2336,N20,VIIRS,n,2,287.51,1.05,N,2
52.8481,29.9889,330.32,0.39,0.59,2022-07-23,0116,N20,VIIRS,n,2,286.13,3.42,N,2
53.27004,24.44338,304.93,0.47,0.47,2022-07-23,0117,N20,VIIRS,n,2,288.09,0.63,N,2
51.89117,29.34473,296.99,0.4,0.6,2022-07-23,0117,N20,VIIRS,n,2,286.41,1.25,N,2
51.89281,29.33958,311.1,0.4,0.6,2022-07-23,0117,N20,VIIRS,n,2,286.48,1.72,N,2
52.8446,29.99016,338.43,0.52,0.42,2022-07-23,1106,N20,VIIRS,n,2,308.05,8.22,D,2
52.84673,29.99024,338.38,0.52,0.42,2022-07-23,1106,N20,VIIRS,l,2,309.35,11.71,D,2
52.84877,29.98853,318.03,0.32,0.54,2022-07-23,2317,N20,VIIRS,n,2,283.26,1.3,N,2
51.89322,29.34004,341.03,0.33,0.56,2022-07-23,2318,N20,VIIRS,n,2,288.78,5.1,N,2
51.89341,29.33506,337.32,0.33,0.56,2022-07-23,2318,N20,VIIRS,n,2,287.8,5.3,N,2
51.88826,29.33444,312.48,0.33,0.56,2022-07-23,2318,N20,VIIRS,n,2,287.26,0.84,N,0
51.89121,29.34665,297.88,0.52,0.5,2022-07-24,0058,N20,VIIRS,n,2,284.51,3.64,N,0
51.88812,29.34248,299.81,0.52,0.5,2022-07-24,0058,N20,VIIRS,n,2,283.91,1.09,N,0
52.84834,29.99195,309.61,0.51,0.5,2022-07-24,0058,N20,VIIRS,n,2,270.87,1.78,N,2
51.89237,29.34541,329.23,0.52,0.5,2022-07-24,0058,N20,VIIRS,n,2,285.35,3.56,N,0
51.89425,29.33846,317.52,0.52,0.5,2022-07-24,0058,N20,VIIRS,n,2,285.93,3.56,N,2
51.89001,29.33554,309.1,0.52,0.5,2022-07-24,0058,N20,VIIRS,n,2,283.62,1.09,N,2
51.88882,29.33676,314.78,0.52,0.5,2022-07-24,0058,N20,VIIRS,n,2,283.6,3.31,N,2
51.89307,29.33969,337.84,0.52,0.5,2022-07-24,0058,N20,VIIRS,n,2,285.49,3.31,N,2
52.85003,29.98627,322.7,0.51,0.66,2022-07-24,2258,N20,VIIRS,n,2,284.26,3.83,N,2
52.85073,29.98641,321.21,0.51,0.66,2022-07-24,2258,N20,VIIRS,n,2,284.34,2.76,N,2
52.8507,29.99411,295.95,0.51,0.66,2022-07-24,2258,N20,VIIRS,n,2,284.61,2.2,N,2
52.84831,29.9889,326.75,0.52,0.42,2022-07-25,0039,N20,VIIRS,n,2,287.05,2.3,N,2
52.84881,29.98818,307.62,0.4,0.37,2022-07-26,0020,N20,VIIRS,n,2,285.34,1.7,N,2
52.85431,29.9971,306.38,0.4,0.37,2022-07-26,0020,N20,VIIRS,n,2,289.05,1.02,N,2
53.39535,32.01493,301.69,0.43,0.38,2022-07-26,0020,N20,VIIRS,n,2,286.9,0.74,N,2
53.82888,30.6252,311.61,0.4,0.37,2022-07-26,0020,N20,VIIRS,n,2,283.37,0.97,N,0
55.50655,28.58746,299.96,0.38,0.36,2022-07-26,0020,N20,VIIRS,n,2,285.05,0.52,N,2
51.89014,29.33919,296.15,0.4,0.37,2022-07-26,0020,N20,VIIRS,n,2,284.54,0.53,N,2
52.84778,29.99393,321.89,0.4,0.37,2022-07-26,0020,N20,VIIRS,n,2,287.22,2.15,N,2
53.27143,24.44029,298.49,0.42,0.37,2022-07-26,0020,N20,VIIRS,n,2,279.5,0.24,N,2
52.8452,29.99239,334.67,0.53,0.42,2022-07-26,1009,N20,VIIRS,n,2,301.04,5.97,D,2
52.00787,23.77475,330.83,0.53,0.5,2022-07-26,1150,N20,VIIRS,n,2,298.06,4.13,D,0
52.84747,29.98998,344.1,0.4,0.37,2022-07-27,0001,N20,VIIRS,n,2,273.39,6.04,N,2
53.67036,31.82612,300.96,0.39,0.36,2022-07-27,0001,N20,VIIRS,n,2,288.27,0.86,N,0
53.3946,32.01207,304.88,0.39,0.36,2022-07-27,0001,N20,VIIRS,n,2,289.63,0.74,N,2
52.85032,29.99041,315.54,0.66,0.73,2022-07-27,0141,N20,VIIRS,n,2,275.04,2.61,N,2
52.84725,29.98553,307.47,0.66,0.73,2022-07-27,0141,N20,VIIRS,n,2,272.57,2.28,N,2
51.89321,29.3395,303.43,0.55,0.43,2022-07-27,2343,N20,VIIRS,n,2,285.5,0.73,N,2
51.88931,29.33852,295.75,0.55,0.43,2022-07-27,2343,N20,VIIRS,n,2,285.07,0.73,N,2
52.84724,29.98946,318.53,0.44,0.63,2022-07-28,0122,N20,VIIRS,n,2,284.12,1.8,N,2
52.84595,29.9867,310.24,0.44,0.63,2022-07-28,0123,N20,VIIRS,n,2,283.17,2.17,N,2
53.27151,24.44419,299.97,0.53,0.5,2022-07-28,0123,N20,VIIRS,n,2,282.06,0.83,N,2
53.25896,24.45236,295.17,0.53,0.5,2022-07-28,0123,N20,VIIRS,n,2,283.43,1.14,N,0
51.8928,29.34119,314.56,0.46,0.63,2022-07-28,0123,N20,VIIRS,n,2,283.72,1.36,N,2
52.8461,29.99347,339.83,0.4,0.44,2022-07-28,1112,N20,VIIRS,n,2,301.86,7.26,D,2
52.85658,29.99948,296.82,0.55,0.51,2022-07-28,2323,N20,VIIRS,n,2,286.33,1.1,N,0
52.84759,29.98973,317.61,0.55,0.51,2022-07-28,2323,N20,VIIRS,n,2,287.09,3.53,N,2
55.39179,28.51126,312.03,0.33,0.55,2022-07-28,2323,N20,VIIRS,n,2,282.12,1.14,N,0
53.27206,24.44219,302.06,0.47,0.64,2022-07-28,2323,N20,VIIRS,n,2,283.85,0.83,N,2
53.39671,32.01366,297.19,0.46,0.47,2022-07-28,2323,N20,VIIRS,n,2,283.83,0.83,N,2
52.84641,29.99076,317.98,0.55,0.51,2022-07-28,2324,N20,VIIRS,n,2,286.8,2.7,N,2
53.27299,24.44081,303.3,0.54,0.42,2022-07-29,0104,N20,VIIRS,n,2,283.4,0.42,N,2
52.84879,29.98693,306.13,0.59,0.53,2022-07-29,0104,N20,VIIRS,n,2,284.05,1.94,N,2
52.84647,29.99495,295.34,0.59,0.53,2022-07-29,0104,N20,VIIRS,n,2,284.19,1.67,N,2
52.84895,29.9895,316.78,0.59,0.53,2022-07-29,0104,N20,VIIRS,n,2,284.96,3.42,N,2
53.86194,27.63886,328.25,0.39,0.36,2022-07-29,1053,N20,VIIRS,l,2,299.58,1.88,D,0
52.84993,29.98528,315.71,0.44,0.62,2022-07-29,2304,N20,VIIRS,n,2,284.24,3.52,N,2
53.39786,32.01355,296.48,0.36,0.57,2022-07-29,2304,N20,VIIRS,n,2,284.87,0.65,N,2
52.84983,29.99187,326.56,0.44,0.62,2022-07-29,2304,N20,VIIRS,n,2,285.88,4.44,N,2
55.5063,28.58931,298.29,0.46,0.39,2022-07-30,0044,N20,VIIRS,n,2,281.8,0.53,N,2
55.50527,28.58881,299.31,0.46,0.39,2022-07-30,0045,N20,VIIRS,n,2,281.78,0.64,N,2
52.84689,29.99164,339.89,0.39,0.44,2022-07-30,0045,N20,VIIRS,n,2,287.5,14.2,N,2
54.43288,30.74099,329.27,0.38,0.36,2022-07-30,1034,N20,VIIRS,n,2,302.36,3.15,D,0
54.43376,30.7468,338.95,0.38,0.36,2022-07-30,1034,N20,VIIRS,n,2,302.31,4.13,D,0
55.50487,28.58768,303.78,0.39,0.36,2022-07-31,0026,N20,VIIRS,n,2,282.94,0.63,N,2
53.39338,32.01621,298.07,0.39,0.36,2022-08-01,0007,N20,VIIRS,n,2,287.39,0.9,N,2
52.8535,29.99879,303.77,0.39,0.36,2022-08-01,0008,N20,VIIRS,n,2,289.6,0.7,N,2
52.84784,29.99049,329.66,0.39,0.36,2022-08-01,0008,N20,VIIRS,n,2,287.57,3.07,N,2
52.84768,29.99055,342.09,0.46,0.47,2022-08-01,0957,N20,VIIRS,n,2,298.07,6.58,D,2
53.27255,24.44293,302.07,0.51,0.5,2022-08-01,2349,N20,VIIRS,n,2,284.27,1.27,N,2
52.84703,29.98983,326.36,0.47,0.4,2022-08-01,2349,N20,VIIRS,n,2,287.6,2.8,N,2
53.27222,24.4453,298.54,0.61,0.54,2022-08-02,0129,N20,VIIRS,n,2,283.19,1.07,N,2
52.84507,29.98816,299.37,0.51,0.66,2022-08-02,0129,N20,VIIRS,n,2,283.9,0.77,N,2
52.84679,29.99048,299.98,0.51,0.66,2022-08-02,0129,N20,VIIRS,n,2,284.21,1.18,N,2
53.2726,24.44348,295.24,0.41,0.6,2022-08-02,2330,N20,VIIRS,n,2,284.9,0.44,N,2
53.27272,24.43721,295.89,0.41,0.6,2022-08-02,2330,N20,VIIRS,n,2,284.26,0.44,N,2
53.27293,24.44331,300.33,0.41,0.45,2022-08-03,0110,N20,VIIRS,n,2,284.79,1.04,N,2
53.25861,24.44697,295.67,0.41,0.45,2022-08-03,0110,N20,VIIRS,n,2,284.51,1.18,N,0
53.27106,24.4388,299.93,0.64,0.72,2022-08-03,2311,N20,VIIRS,n,2,285.84,0.97,N,2
51.82435,26.83036,313.15,0.5,0.66,2022-08-03,2311,N20,VIIRS,n,2,284.12,1.67,N,0
55.48671,28.60134,295.6,0.52,0.41,2022-08-04,0051,N20,VIIRS,n,2,284.73,0.39,N,0
53.2615,24.44808,300.61,0.44,0.38,2022-08-04,0051,N20,VIIRS,n,2,286.59,1.15,N,2
53.27074,24.43922,301.65,0.44,0.38,2022-08-04,0051,N20,VIIRS,n,2,285.28,1.24,N,2
52.62784,24.58904,327.24,0.45,0.39,2022-08-04,1040,N20,VIIRS,n,2,300.25,1.55,D,0
53.58045,27.16567,329.68,0.39,0.36,2022-08-04,1041,N20,VIIRS,n,2,295.86,1.36,D,0
52.8503,29.98284,324.08,0.59,0.7,2022-08-04,2252,N20,VIIRS,n,2,284.13,6.53,N,2
52.85041,29.99187,329.87,0.59,0.7,2022-08-04,2252,N20,VIIRS,n,2,284.87,7.14,N,2
55.50455,28.5901,304.2,0.4,0.37,2022-08-05,0032,N20,VIIRS,n,2,288.44,0.48,N,0
52.8461,29.99253,328.18,0.47,0.39,2022-08-05,0033,N20,VIIRS,n,2,289.28,2.42,N,2
53.26099,24.44874,307.86,0.38,0.36,2022-08-05,0033,N20,VIIRS,n,2,289.46,0.71,N,2
53.27198,24.44231,311.8,0.38,0.36,2022-08-05,0033,N20,VIIRS,n,2,288.71,1.23,N,2
52.84663,29.98915,337.42,0.43,0.38,2022-08-05,1021,N20,VIIRS,n,2,301,8.05,D,2
52.35339,24.20246,330.1,0.45,0.47,2022-08-05,1022,N20,VIIRS,n,2,299.51,2.85,D,0
55.50503,28.59102,300.54,0.39,0.37,2022-08-06,0013,N20,VIIRS,n,2,289.69,0.35,N,0
53.27347,24.43987,303.7,0.46,0.39,2022-08-06,0014,N20,VIIRS,n,2,288.93,0.64,N,2
53.26126,24.45007,303.56,0.45,0.39,2022-08-06,0014,N20,VIIRS,n,2,290.69,0.78,N,2
52.8495,29.98983,312.24,0.39,0.36,2022-08-06,0014,N20,VIIRS,n,2,288.91,1.52,N,2
52.84627,29.98839,326.16,0.39,0.36,2022-08-06,0014,N20,VIIRS,n,2,291.18,12.04,N,2
52.85504,29.99832,301.16,0.39,0.36,2022-08-06,0014,N20,VIIRS,n,2,290.79,0.66,N,2
53.25973,24.44896,300.35,0.52,0.67,2022-08-06,0154,N20,VIIRS,n,2,283.48,0.93,N,2
53.26992,24.44084,300.47,0.52,0.67,2022-08-06,0154,N20,VIIRS,n,2,283.29,0.52,N,2
52.42242,27.22647,338.62,0.53,0.5,2022-08-06,1003,N20,VIIRS,n,2,296.05,15.7,D,0
52.41817,27.22952,338.16,0.53,0.5,2022-08-06,1003,N20,VIIRS,n,2,295.86,4.69,D,0
52.41626,27.22236,332.07,0.53,0.5,2022-08-06,1003,N20,VIIRS,n,2,294.1,4.12,D,0
52.84512,29.99475,340.55,0.4,0.44,2022-08-06,1003,N20,VIIRS,n,2,298.72,9.22,D,2
52.42051,27.21931,329.79,0.53,0.5,2022-08-06,1003,N20,VIIRS,n,2,299.15,20.7,D,0
52.84742,29.99386,330.83,0.42,0.61,2022-08-06,1143,N20,VIIRS,n,2,295.48,3.69,D,2
53.27075,24.44401,302.55,0.44,0.46,2022-08-06,2355,N20,VIIRS,n,2,284.92,0.65,N,2
53.27116,24.44391,302.29,0.35,0.57,2022-08-07,0135,N20,VIIRS,n,2,284.28,0.82,N,2
52.84643,29.98816,311.82,0.41,0.45,2022-08-07,2336,N20,VIIRS,n,2,286.64,1.5,N,2
53.27028,24.44045,308.17,0.35,0.57,2022-08-07,2336,N20,VIIRS,n,2,283.76,0.83,N,2
52.85058,29.98879,296.73,0.39,0.59,2022-08-08,0116,N20,VIIRS,n,2,283.64,0.82,N,2
53.2611,24.45133,299.38,0.47,0.47,2022-08-08,0116,N20,VIIRS,n,2,283.94,1.1,N,2
52.84893,29.99395,304.24,0.39,0.59,2022-08-08,0116,N20,VIIRS,n,2,284.95,0.82,N,2
53.27254,24.44421,299.8,0.47,0.47,2022-08-08,0116,N20,VIIRS,n,2,282.14,0.92,N,2
52.84678,29.99015,340.6,0.52,0.42,2022-08-08,1105,N20,VIIRS,n,2,300.59,8.24,D,2
53.43997,23.90449,331.42,0.39,0.36,2022-08-08,1106,N20,VIIRS,n,2,286.38,5.52,D,0
53.25974,24.44705,299.81,0.48,0.4,2022-08-09,0058,N20,VIIRS,n,2,284.34,0.93,N,2
53.27169,24.44637,301.42,0.48,0.4,2022-08-09,0058,N20,VIIRS,n,2,283.92,1.01,N,2
54.26704,30.58917,340.92,0.56,0.69,2022-08-09,0907,N20,VIIRS,n,2,289.88,7.32,D,0
54.26374,30.58925,339.94,0.56,0.69,2022-08-09,0907,N20,VIIRS,n,2,290.23,4.99,D,0
52.84529,29.99114,332.7,0.4,0.37,2022-08-09,1046,N20,VIIRS,n,2,300.56,4.86,D,2
53.13968,25.83858,327.46,0.39,0.36,2022-08-09,1047,N20,VIIRS,n,2,279.59,3.44,D,0
53.12895,25.83748,326.54,0.39,0.36,2022-08-09,1047,N20,VIIRS,n,2,281.74,8.01,D,0
53.13318,25.84166,335.56,0.39,0.36,2022-08-09,1047,N20,VIIRS,n,2,282.97,5.48,D,0
53.13023,25.8245,332.46,0.39,0.36,2022-08-09,1047,N20,VIIRS,n,2,276.47,2.36,D,0
53.13643,25.84012,343.39,0.39,0.36,2022-08-09,1047,N20,VIIRS,n,2,280.87,3.44,D,0
53.13771,25.82714,331.43,0.39,0.36,2022-08-09,1047,N20,VIIRS,n,2,277.34,3.91,D,0
53.96263,25.96876,299.07,0.75,0.77,2022-08-09,2258,N20,VIIRS,n,2,273.82,1.19,N,0
51.89396,29.33811,297.26,0.54,0.68,2022-08-09,2258,N20,VIIRS,n,2,282.91,0.92,N,2
55.50379,28.58636,300.76,0.38,0.36,2022-08-11,0019,N20,VIIRS,n,2,284.71,0.53,N,2
53.27227,24.44145,305.65,0.42,0.37,2022-08-11,0020,N20,VIIRS,n,2,285.3,0.92,N,2
52.8471,29.98919,326.23,0.4,0.37,2022-08-11,0020,N20,VIIRS,n,2,282.82,2.19,N,2
53.26048,24.45021,301.47,0.42,0.37,2022-08-11,0020,N20,VIIRS,n,2,286.08,0.83,N,2
53.26204,24.44859,296.49,0.59,0.7,2022-08-11,0200,N20,VIIRS,n,2,282.37,0.76,N,2
52.58907,29.79375,333.01,0.55,0.43,2022-08-11,1009,N20,VIIRS,n,2,294.47,6.4,D,0
53.58817,30.47254,330.93,0.5,0.41,2022-08-11,1009,N20,VIIRS,n,2,291.96,4.1,D,0
54.38486,30.52019,333.58,0.48,0.4,2022-08-11,1009,N20,VIIRS,n,2,294.44,2.63,D,0
53.59171,30.4704,332.82,0.5,0.41,2022-08-11,1009,N20,VIIRS,n,2,291.55,8.16,D,0
53.39501,32.01455,304.43,0.39,0.36,2022-08-12,0001,N20,VIIRS,n,2,289.26,0.98,N,2
51.89455,29.3416,300.69,0.4,0.37,2022-08-12,0001,N20,VIIRS,n,2,288.18,0.23,N,2
53.26138,24.44727,297.12,0.39,0.44,2022-08-12,0001,N20,VIIRS,n,2,285.85,0.52,N,2
53.26989,24.44342,300.48,0.39,0.44,2022-08-12,0001,N20,VIIRS,n,2,285.31,0.44,N,2
52.84562,29.99222,327.73,0.4,0.37,2022-08-12,0001,N20,VIIRS,n,2,288.48,4.32,N,2
52.84895,29.99346,304.67,0.4,0.37,2022-08-12,0001,N20,VIIRS,n,2,288.05,0.72,N,2
52.85227,29.99471,302.77,0.4,0.37,2022-08-12,0001,N20,VIIRS,n,2,289.09,0.72,N,2
52.84806,29.98124,298.32,0.65,0.73,2022-08-12,0141,N20,VIIRS,n,2,284.28,2.35,N,0
53.26011,24.44712,301.34,0.4,0.6,2022-08-12,0141,N20,VIIRS,n,2,283.83,0.79,N,2
52.84899,29.98682,317.14,0.65,0.73,2022-08-12,0141,N20,VIIRS,n,2,284.73,3.87,N,2
52.8448,29.98947,310.98,0.65,0.73,2022-08-12,0141,N20,VIIRS,n,2,284.5,2.54,N,2
54.08549,31.36399,329.07,0.43,0.46,2022-08-12,0950,N20,VIIRS,n,2,297.44,3.85,D,0
52.84569,29.99403,334.15,0.53,0.5,2022-08-12,0950,N20,VIIRS,n,2,299.19,6.22,D,2
54.085,31.36097,328.23,0.36,0.57,2022-08-12,1131,N20,VIIRS,n,2,296.49,2.41,D,0
53.74184,30.19468,337.85,0.32,0.55,2022-08-12,1131,N20,VIIRS,n,2,298.33,2.79,D,0
53.98508,27.91846,332.15,0.52,0.5,2022-08-12,1131,N20,VIIRS,n,2,296.58,2.7,D,0
53.98591,27.91746,332.12,0.52,0.5,2022-08-12,1131,N20,VIIRS,n,2,296.29,4.3,D,0
55.50644,28.58491,298.4,0.43,0.46,2022-08-12,2341,N20,VIIRS,n,2,285.55,0.57,N,0
52.84819,29.98937,334.99,0.54,0.42,2022-08-12,2342,N20,VIIRS,n,2,286.6,7.42,N,2
53.39448,32.01208,301.45,0.47,0.4,2022-08-12,2342,N20,VIIRS,n,2,289.92,1,N,2
55.53334,28.51403,297.5,0.63,0.54,2022-08-13,0122,N20,VIIRS,n,2,286.2,0.63,N,0
52.84852,29.98779,307.79,0.44,0.63,2022-08-13,0122,N20,VIIRS,n,2,285.42,1.32,N,2
53.27116,24.44499,296.46,0.53,0.5,2022-08-13,0123,N20,VIIRS,n,2,284.6,0.69,N,2
54.7124,26.66616,329.22,0.45,0.63,2022-08-13,0932,N20,VIIRS,n,2,294.89,2.82,D,0
54.71152,26.66766,330.09,0.45,0.63,2022-08-13,0932,N20,VIIRS,n,2,295.98,2.88,D,0
52.51034,23.51556,329.81,0.39,0.36,2022-08-13,1112,N20,VIIRS,n,2,291.33,2.17,D,0
52.84636,29.98991,346.34,0.42,0.38,2022-08-14,1053,N20,VIIRS,n,2,297.56,7.37,D,2
54.23339,29.58941,331.21,0.39,0.36,2022-08-15,1034,N20,VIIRS,n,2,295.92,3.49,D,0
52.04757,31.20988,339.29,0.38,0.36,2022-08-15,1034,N20,VIIRS,n,2,298.22,3.61,D,0
52.61622,29.79781,326.34,0.39,0.36,2022-08-15,1034,N20,VIIRS,l,2,301.21,2.45,D,0
55.50508,28.58769,304.6,0.39,0.36,2022-08-16,0025,N20,VIIRS,n,2,288.31,0.62,N,2
53.67166,27.27544,309.92,0.39,0.36,2022-08-16,0026,N20,VIIRS,n,2,278.53,0.97,N,0
52.84654,29.99178,335.32,0.46,0.47,2022-08-17,0956,N20,VIIRS,n,2,282.77,3.86,D,2
52.84889,29.99345,318.8,0.48,0.4,2022-08-17,2348,N20,VIIRS,n,2,287.97,1.86,N,2
52.84526,29.99236,304.63,0.48,0.4,2022-08-17,2348,N20,VIIRS,n,2,287.26,1.86,N,2
51.88836,29.33695,300.8,0.49,0.4,2022-08-17,2349,N20,VIIRS,n,2,288.25,0.65,N,2
51.89204,29.33801,301.43,0.49,0.4,2022-08-17,2349,N20,VIIRS,n,2,288.33,0.88,N,2
55.50633,28.58869,296.21,0.36,0.57,2022-08-18,0128,N20,VIIRS,n,2,285.91,0.27,N,2
51.88808,29.33718,328.35,0.4,0.6,2022-08-18,0937,N20,VIIRS,n,2,295.78,8.21,D,2
51.88986,29.34037,367,0.4,0.6,2022-08-18,0937,N20,VIIRS,h,2,296.67,15.27,D,2
51.88974,29.34249,367,0.4,0.6,2022-08-18,0937,N20,VIIRS,h,2,296.52,8.21,D,2
52.66325,27.418,331.55,0.44,0.63,2022-08-18,0938,N20,VIIRS,n,2,293.56,2.39,D,0
52.84655,29.98872,335,0.35,0.57,2022-08-18,0938,N20,VIIRS,n,2,298.57,3.64,D,2
52.84797,29.99338,345.88,0.35,0.57,2022-08-18,0938,N20,VIIRS,n,2,299.28,3.64,D,2
51.88919,29.33916,338.88,0.42,0.45,2022-08-18,1118,N20,VIIRS,n,2,301.63,7.1,D,2
51.88967,29.34525,339.39,0.42,0.45,2022-08-18,1118,N20,VIIRS,n,2,297.4,7.1,D,2
53.27217,24.44011,299.03,0.41,0.6,2022-08-18,2329,N20,VIIRS,n,2,287.79,0.39,N,2
52.84951,29.99172,337.13,0.47,0.48,2022-08-18,2330,N20,VIIRS,n,2,289.52,3.61,N,2
51.89038,29.34052,305.66,0.49,0.49,2022-08-18,2330,N20,VIIRS,n,2,287.81,1.61,N,2
53.58838,31.95159,297.66,0.38,0.58,2022-08-19,0109,N20,VIIRS,n,2,285.39,0.37,N,0
52.93364,29.64152,296.76,0.32,0.55,2022-08-19,0110,N20,VIIRS,n,2,283.73,0.4,N,0
52.93338,29.64188,297.14,0.32,0.55,2022-08-19,0110,N20,VIIRS,n,2,283.81,0.26,N,0
51.88923,29.33598,305.73,0.34,0.56,2022-08-19,0110,N20,VIIRS,n,2,286.42,0.8,N,2
51.89393,29.3396,298.36,0.34,0.56,2022-08-19,0110,N20,VIIRS,n,2,286.88,0.58,N,2
53.25955,24.45056,302.92,0.41,0.45,2022-08-19,0110,N20,VIIRS,n,2,284.85,0.57,N,2
52.84626,29.98612,304.89,0.34,0.56,2022-08-19,0110,N20,VIIRS,n,2,286.88,1.12,N,2
52.85088,29.98993,305.11,0.34,0.56,2022-08-19,0110,N20,VIIRS,n,2,287.21,0.85,N,2
53.29722,28.49916,343.05,0.57,0.69,2022-08-19,0919,N20,VIIRS,n,2,293.01,6.88,D,0
53.29313,28.49994,340.55,0.57,0.69,2022-08-19,0919,N20,VIIRS,n,2,293.07,5.79,D,0
53.29627,28.49298,353.34,0.43,0.38,2022-08-19,1059,N20,VIIRS,n,2,299.72,20.97,D,0
53.29551,28.48663,336.47,0.43,0.38,2022-08-19,1059,N20,VIIRS,n,2,302.71,20.97,D,0
53.394,30.29368,338.09,0.48,0.4,2022-08-19,1059,N20,VIIRS,n,2,297.88,6.59,D,0
55.21286,30.12994,333.07,0.5,0.41,2022-08-19,1100,N20,VIIRS,n,2,296.92,3.48,D,0
55.61702,27.74267,334.26,0.43,0.38,2022-08-19,1100,N20,VIIRS,n,2,297.98,4.27,D,0
51.89321,29.33395,297.67,0.39,0.6,2022-08-19,2311,N20,VIIRS,n,2,285.18,0.63,N,2
55.50452,28.5871,301.27,0.4,0.37,2022-08-21,0032,N20,VIIRS,n,2,285.02,0.64,N,2
51.89113,29.33735,303.34,0.46,0.39,2022-08-21,0033,N20,VIIRS,n,2,286.37,0.54,N,2
53.27147,24.44139,297.19,0.38,0.36,2022-08-21,0033,N20,VIIRS,n,2,286.77,0.49,N,2
51.89459,29.3392,301.91,0.46,0.39,2022-08-21,0033,N20,VIIRS,n,2,286.21,0.54,N,2
52.84658,29.99059,336.89,0.43,0.38,2022-08-21,1021,N20,VIIRS,n,2,301.63,14.16,D,2
54.60003,30.80663,336.45,0.4,0.37,2022-08-21,1022,N20,VIIRS,n,2,288.5,4.48,D,0
53.39493,32.01455,306.53,0.4,0.37,2022-08-22,0013,N20,VIIRS,n,2,287.1,1.19,N,2
53.58648,31.95313,295.91,0.4,0.37,2022-08-22,0013,N20,VIIRS,n,2,283.77,0.41,N,0
52.84608,29.99358,299.31,0.39,0.36,2022-08-22,0014,N20,VIIRS,n,2,285.95,3.57,N,2
52.85254,29.99648,309.63,0.39,0.36,2022-08-22,0014,N20,VIIRS,n,2,288.6,1.39,N,2
52.847,29.988,328.17,0.39,0.36,2022-08-22,0014,N20,VIIRS,n,2,288.31,6.9,N,2
51.8892,29.33622,297.31,0.38,0.36,2022-08-22,0014,N20,VIIRS,n,2,286.99,0.51,N,2
52.84811,29.99205,342.02,0.4,0.45,2022-08-22,1003,N20,VIIRS,n,2,302.47,8.29,D,2
54.23312,31.10905,337.52,0.51,0.41,2022-08-22,1003,N20,VIIRS,n,2,295.4,4.94,D,0
52.84647,29.9898,332.11,0.42,0.61,2022-08-22,1143,N20,VIIRS,n,2,296.69,4.24,D,2
55.50624,28.58975,298.03,0.5,0.41,2022-08-22,2354,N20,VIIRS,n,2,287.03,0.35,N,2
52.84842,29.99032,328.62,0.43,0.38,2022-08-22,2355,N20,VIIRS,n,2,289,3.25,N,2
51.89017,29.33487,297.5,0.44,0.38,2022-08-22,2355,N20,VIIRS,n,2,285.57,1.78,N,2
53.27011,24.44136,305.11,0.44,0.46,2022-08-22,2355,N20,VIIRS,n,2,287.75,1.07,N,2
53.21989,27.73337,302.14,0.5,0.41,2022-08-22,2355,N20,VIIRS,n,2,286.45,0.68,N,0
53.21991,27.7329,300.65,0.5,0.41,2022-08-22,2355,N20,VIIRS,n,2,286.58,0.9,N,0
53.39307,32.01294,299.59,0.4,0.37,2022-08-22,2355,N20,VIIRS,n,2,289.3,0.59,N,2
53.39638,32.01423,303.94,0.4,0.37,2022-08-22,2355,N20,VIIRS,n,2,288.33,0.72,N,2
53.27084,24.44194,308.16,0.35,0.57,2022-08-23,0135,N20,VIIRS,n,2,287.84,0.69,N,2
53.26184,24.45203,303.45,0.35,0.57,2022-08-23,0135,N20,VIIRS,n,2,287.77,0.41,N,2
52.72746,24.89001,333.45,0.5,0.41,2022-08-23,1124,N20,VIIRS,n,2,299.6,5.41,D,0
52.58291,26.84377,343.33,0.39,0.44,2022-08-23,1124,N20,VIIRS,n,2,302.24,11.1,D,0
52.84735,29.98761,338.65,0.41,0.45,2022-08-23,2336,N20,VIIRS,n,2,290.32,4.77,N,2
51.88926,29.33283,301.42,0.42,0.45,2022-08-23,2336,N20,VIIRS,n,2,288.87,0.71,N,2
53.2699,24.44096,309.08,0.35,0.57,2022-08-23,2336,N20,VIIRS,n,2,289.92,0.75,N,2
53.26957,24.4402,304.49,0.35,0.57,2022-08-23,2336,N20,VIIRS,n,2,289.45,0.77,N,2
53.39408,32.01513,308.09,0.52,0.42,2022-08-23,2336,N20,VIIRS,n,2,291.94,1.01,N,2
53.25818,24.45098,302.66,0.47,0.47,2022-08-24,0116,N20,VIIRS,n,2,289.56,0.83,N,0
52.84725,29.99045,332.06,0.39,0.59,2022-08-24,0116,N20,VIIRS,n,2,288.81,2.59,N,2
53.26958,24.44386,303.17,0.47,0.47,2022-08-24,0116,N20,VIIRS,n,2,289.18,1.28,N,2
53.67125,32.22274,325.48,0.35,0.57,2022-08-24,0925,N20,VIIRS,l,2,298.5,3.01,D,0
53.2559,29.48033,326.16,0.46,0.64,2022-08-24,0925,N20,VIIRS,n,2,297.99,1.56,D,0
54.0806,31.54779,326.03,0.36,0.58,2022-08-24,0925,N20,VIIRS,n,2,300.78,1.7,D,0
54.08212,31.55267,325.44,0.36,0.57,2022-08-24,0925,N20,VIIRS,l,2,299.13,1.7,D,0
54.61032,30.81324,343.13,0.37,0.58,2022-08-24,0926,N20,VIIRS,n,2,300.1,3.29,D,0
54.61111,30.81301,342.85,0.37,0.58,2022-08-24,0926,N20,VIIRS,n,2,299.53,3.52,D,0
51.89275,29.34037,336.19,0.48,0.4,2022-08-24,1105,N20,VIIRS,n,2,305.86,3.99,D,2
52.84541,29.99163,336.33,0.52,0.42,2022-08-24,1105,N20,VIIRS,n,2,307.37,4.84,D,2
54.08773,31.53676,346.07,0.41,0.45,2022-08-24,1106,N20,VIIRS,n,2,314.01,20.49,D,0
53.86806,31.50791,334.24,0.4,0.44,2022-08-24,1106,N20,VIIRS,n,2,299.98,3.75,D,0
53.86758,31.50173,339.68,0.4,0.44,2022-08-24,1106,N20,VIIRS,n,2,300.81,3.75,D,0
54.35454,29.53756,332.17,0.52,0.42,2022-08-24,1106,N20,VIIRS,n,2,301.94,3.09,D,0
53.87215,31.50694,331.3,0.4,0.44,2022-08-24,1106,N20,VIIRS,n,2,300.83,2.58,D,0
54.60973,30.81818,337.65,0.39,0.44,2022-08-24,1106,N20,VIIRS,n,2,301.85,5.14,D,0
54.09184,31.53588,341.97,0.41,0.45,2022-08-24,1106,N20,VIIRS,n,2,303.42,20.49,D,0
54.60923,30.81209,344.31,0.39,0.44,2022-08-24,1106,N20,VIIRS,n,2,305.41,5.14,D,0
53.3335,29.92999,345.23,0.52,0.42,2022-08-24,1106,N20,VIIRS,n,2,305.63,12.35,D,0
55.18583,27.73165,331.19,0.47,0.4,2022-08-24,1106,N20,VIIRS,n,2,298.84,2.11,D,0
52.84936,29.98827,334.67,0.32,0.55,2022-08-24,2317,N20,VIIRS,n,2,289.85,3.03,N,2
53.39642,32.01049,304.59,0.53,0.5,2022-08-24,2317,N20,VIIRS,n,2,290.18,1.62,N,0
53.27448,24.43557,295.87,0.55,0.68,2022-08-24,2317,N20,VIIRS,n,2,280.93,1.35,N,2
53.27257,24.43653,298.82,0.55,0.68,2022-08-24,2317,N20,VIIRS,n,2,284.18,1.03,N,2
52.84678,29.98597,316.51,0.51,0.5,2022-08-25,0057,N20,VIIRS,n,2,288,3.08,N,2
52.84488,29.99302,301.13,0.51,0.5,2022-08-25,0057,N20,VIIRS,n,2,286.38,1.79,N,2
53.27361,24.44112,301.06,0.48,0.4,2022-08-25,0058,N20,VIIRS,n,2,287.73,1.12,N,2
53.26018,24.44865,302.75,0.48,0.4,2022-08-25,0058,N20,VIIRS,n,2,289.3,0.92,N,2
53.68074,23.89939,300.35,0.46,0.39,2022-08-25,0058,N20,VIIRS,n,2,289.52,1,N,0
53.67937,23.90599,303.17,0.46,0.39,2022-08-25,0058,N20,VIIRS,n,2,292.05,1,N,0
52.84637,29.99119,328.68,0.67,0.74,2022-08-25,0907,N20,VIIRS,l,2,300.59,7.64,D,2
53.00582,29.46354,333.41,0.39,0.36,2022-08-25,1046,N20,VIIRS,n,2,303.62,2.85,D,0
51.8858,26.36097,346.01,0.4,0.37,2022-08-25,1046,N20,VIIRS,n,2,307,6.97,D,0
51.88676,26.36657,352.56,0.4,0.37,2022-08-25,1046,N20,VIIRS,n,2,305.27,6.23,D,0
51.8835,26.36804,342.5,0.4,0.37,2022-08-25,1046,N20,VIIRS,n,2,303.96,6.23,D,0
52.8459,29.99068,337.14,0.4,0.37,2022-08-25,1046,N20,VIIRS,l,2,310.6,7.14,D,2
53.83909,27.40279,340.51,0.38,0.36,2022-08-25,1047,N20,VIIRS,n,2,310.33,11.73,D,0
54.20433,28.39691,337.23,0.39,0.36,2022-08-25,1047,N20,VIIRS,n,2,304,4.29,D,0
54.20843,28.40139,333.39,0.39,0.36,2022-08-25,1047,N20,VIIRS,l,2,305.74,5.81,D,0
54.20759,28.39555,334.73,0.39,0.36,2022-08-25,1047,N20,VIIRS,l,2,307.86,4.29,D,0
52.94744,27.30222,339.64,0.38,0.36,2022-08-25,1047,N20,VIIRS,n,2,310.88,2.5,D,0
53.3073,25.65033,333.76,0.39,0.37,2022-08-25,1047,N20,VIIRS,n,2,300.36,2.56,D,0
53.83586,27.40422,347.71,0.38,0.36,2022-08-25,1047,N20,VIIRS,n,2,310.06,11.73,D,0
54.20107,28.39828,344.94,0.39,0.36,2022-08-25,1047,N20,VIIRS,n,2,308.87,4.96,D,0
52.19304,24.93136,336.01,0.76,0.77,2022-08-25,1227,N20,VIIRS,n,2,294.89,5.67,D,0
52.19822,24.93002,335.21,0.76,0.77,2022-08-25,1227,N20,VIIRS,n,2,295.37,5.81,D,0
52.03101,25.14281,345.08,0.77,0.77,2022-08-25,1227,N20,VIIRS,n,2,297.18,7.09,D,0
52.84932,29.99279,305.36,0.51,0.66,2022-08-25,2258,N20,VIIRS,n,2,286.98,3.5,N,2
52.84852,29.99276,300.68,0.51,0.66,2022-08-25,2258,N20,VIIRS,n,2,286.63,4.29,N,2
52.84851,29.98505,337.59,0.51,0.66,2022-08-25,2258,N20,VIIRS,n,2,287.45,6.02,N,2
51.88896,29.33004,299.65,0.54,0.68,2022-08-25,2258,N20,VIIRS,n,2,287.53,1.48,N,0
52.84934,29.98507,335.11,0.51,0.66,2022-08-25,2258,N20,VIIRS,n,2,287.26,3.5,N,2
53.58703,31.94982,298.47,0.39,0.44,2022-08-26,0038,N20,VIIRS,n,2,287.31,0.46,N,0
55.50551,28.58972,297.93,0.43,0.38,2022-08-26,0038,N20,VIIRS,n,2,284.75,0.5,N,2
52.27467,30.57746,295.47,0.56,0.43,2022-08-26,0039,N20,VIIRS,n,2,282.62,0.37,N,0
52.85258,29.99829,303.1,0.52,0.42,2022-08-26,0039,N20,VIIRS,n,2,291.17,1.19,N,2
52.84699,29.98659,326.08,0.52,0.41,2022-08-26,0039,N20,VIIRS,n,2,288.36,3.41,N,2
52.84536,29.99393,302.98,0.52,0.42,2022-08-26,0039,N20,VIIRS,n,2,287.08,2.04,N,2
53.67928,23.90196,314.54,0.38,0.36,2022-08-26,0039,N20,VIIRS,n,2,286.13,1.52,N,0
51.88942,29.3379,302.44,0.52,0.41,2022-08-26,0039,N20,VIIRS,n,2,288.06,1.16,N,2
51.45933,29.57845,296.31,0.54,0.42,2022-08-26,0039,N20,VIIRS,n,2,285.18,2.11,N,0
51.88774,26.36453,297.69,0.43,0.38,2022-08-26,0039,N20,VIIRS,n,2,278.13,1,N,0
51.45509,29.57461,350.85,0.43,0.38,2022-08-26,1027,N20,VIIRS,n,2,314.29,18.95,D,0
52.07971,29.20581,332.22,0.43,0.38,2022-08-26,1027,N20,VIIRS,n,2,299.85,2.49,D,0
51.89257,29.34052,334.77,0.42,0.38,2022-08-26,1027,N20,VIIRS,n,2,302.71,4.22,D,2
51.88809,29.33619,334.1,0.42,0.38,2022-08-26,1027,N20,VIIRS,n,2,306.64,3.23,D,2
51.45734,29.56708,333.85,0.43,0.38,2022-08-26,1027,N20,VIIRS,n,2,308.85,18.95,D,0
51.45844,29.573,345.18,0.43,0.38,2022-08-26,1027,N20,VIIRS,n,2,304.08,18.95,D,0
51.45398,29.56869,343.75,0.43,0.38,2022-08-26,1027,N20,VIIRS,n,2,307.38,18.95,D,0
52.84704,29.99024,335.38,0.4,0.37,2022-08-26,1028,N20,VIIRS,l,2,308.04,4.16,D,2
51.90102,26.56447,330.45,0.51,0.41,2022-08-26,1028,N20,VIIRS,n,2,301.12,5.22,D,0
51.90253,26.57148,335.68,0.51,0.41,2022-08-26,1028,N20,VIIRS,n,2,302.77,5.22,D,0
51.90612,26.56945,335.94,0.51,0.41,2022-08-26,1028,N20,VIIRS,n,2,303.97,8.32,D,0
54.64857,29.91108,327.12,0.39,0.36,2022-08-26,1028,N20,VIIRS,l,2,301.66,1.37,D,0
54.58902,30.69385,339.82,0.39,0.36,2022-08-26,1028,N20,VIIRS,n,2,302.78,2.75,D,0
53.64246,31.49283,336.3,0.39,0.36,2022-08-26,1028,N20,VIIRS,n,2,303.57,3.53,D,0
53.63923,31.4943,342.82,0.39,0.36,2022-08-26,1028,N20,VIIRS,n,2,303.29,3.33,D,0
55.5055,28.58782,306.12,0.38,0.36,2022-08-27,0019,N20,VIIRS,n,2,287.42,0.78,N,2
51.46147,29.55266,300.79,0.4,0.37,2022-08-27,0020,N20,VIIRS,n,2,274.41,6.21,N,0
51.9049,26.56965,300.15,0.39,0.36,2022-08-27,0020,N20,VIIRS,n,2,285.12,0.73,N,0
51.45185,29.56653,312.7,0.4,0.37,2022-08-27,0020,N20,VIIRS,n,2,274.06,1.9,N,0
51.45287,29.5609,321.26,0.4,0.37,2022-08-27,0020,N20,VIIRS,n,2,275.15,1.9,N,0
51.45389,29.55526,330.74,0.4,0.37,2022-08-27,0020,N20,VIIRS,n,2,276.9,4.88,N,0
51.45491,29.54963,343.93,0.4,0.37,2022-08-27,0020,N20,VIIRS,n,2,281.21,4.88,N,0
51.45411,29.57369,296.81,0.4,0.37,2022-08-27,0020,N20,VIIRS,n,2,272.72,1.02,N,0
51.45513,29.56805,304.23,0.4,0.37,2022-08-27,0020,N20,VIIRS,n,2,276.18,1.59,N,0
51.45615,29.56241,312.6,0.4,0.37,2022-08-27,0020,N20,VIIRS,n,2,278.47,1.59,N,0
51.45717,29.55678,352.71,0.4,0.37,2022-08-27,0020,N20,VIIRS,n,2,295.37,6.21,N,0
51.45818,29.55115,367,0.4,0.37,2022-08-27,0020,N20,VIIRS,h,2,292.39,6.21,N,0
54.76901,27.08557,300.77,0.39,0.36,2022-08-27,0020,N20,VIIRS,n,2,284.51,1.07,N,0
52.85397,29.9984,310.4,0.4,0.37,2022-08-27,0020,N20,VIIRS,n,2,292.47,1.27,N,2
52.84847,29.98949,328.86,0.4,0.37,2022-08-27,0020,N20,VIIRS,n,2,291.08,2.81,N,2
53.67933,23.90425,319.29,0.43,0.38,2022-08-27,0020,N20,VIIRS,n,2,291.36,2.05,N,0
51.46271,29.56545,318.52,0.4,0.37,2022-08-27,0020,N20,VIIRS,n,2,274.79,1.36,N,0
51.4617,29.57109,309.6,0.4,0.37,2022-08-27,0020,N20,VIIRS,n,2,273.14,1.36,N,0
51.46045,29.5583,327.1,0.4,0.37,2022-08-27,0020,N20,VIIRS,n,2,283.36,6.21,N,0
51.45943,29.56393,321.63,0.4,0.37,2022-08-27,0020,N20,VIIRS,n,2,279.95,1.59,N,0
51.45841,29.56957,312.68,0.4,0.37,2022-08-27,0020,N20,VIIRS,n,2,275.87,1.59,N,0
53.6757,23.90299,304.15,0.55,0.68,2022-08-27,0200,N20,VIIRS,n,2,286.32,2.77,N,0
53.67834,23.8959,302.82,0.55,0.68,2022-08-27,0200,N20,VIIRS,n,2,285.17,2.31,N,0
54.38277,30.52089,326.4,0.48,0.4,2022-08-27,1009,N20,VIIRS,n,2,296.1,2.06,D,0
53.67859,23.90185,327.03,0.56,0.51,2022-08-27,1009,N20,VIIRS,n,2,301.18,4.32,D,0
53.67682,23.90239,328.86,0.56,0.51,2022-08-27,1009,N20,VIIRS,n,2,301.98,5.17,D,0
52.05749,27.87789,327.56,0.44,0.46,2022-08-27,1009,N20,VIIRS,n,2,297.35,2.17,D,0
54.02523,31.63729,346.79,0.45,0.39,2022-08-27,1009,N20,VIIRS,n,2,293.3,15.84,D,0
54.02391,31.63068,341.4,0.45,0.39,2022-08-27,1009,N20,VIIRS,n,2,294.97,19.67,D,0
54.02408,31.63786,330.92,0.45,0.39,2022-08-27,1009,N20,VIIRS,n,2,291.34,7.6,D,0
54.02749,31.6359,347.99,0.45,0.39,2022-08-27,1009,N20,VIIRS,n,2,295.51,22.05,D,0
54.02616,31.6293,342.46,0.45,0.39,2022-08-27,1009,N20,VIIRS,n,2,290.32,22.05,D,0
53.67345,27.68237,328.26,0.41,0.45,2022-08-27,1009,N20,VIIRS,n,2,299.76,1.36,D,0
51.90194,26.56906,367,0.35,0.56,2022-08-27,1149,N20,VIIRS,h,2,304.01,7.48,D,0
53.18971,26.50977,367,0.35,0.57,2022-08-27,1150,N20,VIIRS,h,2,302.91,7.54,D,0
53.48246,27.8292,332.33,0.4,0.6,2022-08-27,1150,N20,VIIRS,n,2,297.21,2.96,D,0
53.41128,28.12027,336.16,0.41,0.61,2022-08-27,1150,N20,VIIRS,n,2,295.9,4.11,D,0
53.67814,23.90376,302.2,0.41,0.45,2022-08-28,0001,N20,VIIRS,n,2,290.8,1.78,N,0
53.67074,31.82773,296.62,0.39,0.36,2022-08-28,0001,N20,VIIRS,n,2,282.39,0.71,N,0
53.39512,32.01384,310.14,0.39,0.36,2022-08-28,0001,N20,VIIRS,n,2,288.55,1.2,N,2
53.68074,23.89888,316.69,0.41,0.45,2022-08-28,0001,N20,VIIRS,n,2,290.33,2,N,0
53.67865,23.89757,307.47,0.41,0.45,2022-08-28,0001,N20,VIIRS,n,2,289.58,1.55,N,0
51.4477,29.55784,321.84,0.4,0.37,2022-08-28,0001,N20,VIIRS,n,2,283.55,1.7,N,0
51.45102,29.55902,302.69,0.4,0.37,2022-08-28,0001,N20,VIIRS,n,2,285.83,1.7,N,0
51.45258,29.54768,297.96,0.4,0.37,2022-08-28,0001,N20,VIIRS,n,2,283.97,1.06,N,0
51.45356,29.56586,298.2,0.4,0.37,2022-08-28,0001,N20,VIIRS,n,2,283.1,2.62,N,0
51.45434,29.56019,298.71,0.4,0.37,2022-08-28,0001,N20,VIIRS,n,2,284.08,1.21,N,0
51.45512,29.55453,306.26,0.4,0.37,2022-08-28,0001,N20,VIIRS,n,2,286.08,1.21,N,0
51.4559,29.54886,305.95,0.4,0.37,2022-08-28,0001,N20,VIIRS,n,2,287.04,0.87,N,0
51.45668,29.54318,296.27,0.4,0.37,2022-08-28,0001,N20,VIIRS,n,2,281.39,0.87,N,0
51.45279,29.57153,337.25,0.4,0.37,2022-08-28,0001,N20,VIIRS,n,2,294.97,2.62,N,0
51.45844,29.55571,310.49,0.4,0.37,2022-08-28,0001,N20,VIIRS,n,2,286.67,1.21,N,0
51.45922,29.55003,314.94,0.4,0.37,2022-08-28,0001,N20,VIIRS,n,2,287.05,0.87,N,0
51.46,29.54436,299.17,0.4,0.37,2022-08-28,0001,N20,VIIRS,n,2,281.12,0.87,N,0
51.45943,29.57389,305.5,0.4,0.37,2022-08-28,0001,N20,VIIRS,n,2,283.77,1.25,N,0
51.46021,29.56822,299.71,0.4,0.37,2022-08-28,0001,N20,VIIRS,n,2,282.55,1.25,N,0
51.46098,29.56256,302.98,0.4,0.37,2022-08-28,0001,N20,VIIRS,n,2,282.41,1.11,N,0
51.46176,29.55688,301.02,0.4,0.37,2022-08-28,0001,N20,VIIRS,n,2,281.22,1.11,N,0
51.46254,29.55121,317.04,0.4,0.37,2022-08-28,0001,N20,VIIRS,n,2,281.21,1.77,N,0
51.46352,29.5694,312.3,0.4,0.37,2022-08-28,0001,N20,VIIRS,n,2,283.7,1.25,N,0
51.46431,29.56373,309.09,0.4,0.37,2022-08-28,0001,N20,VIIRS,n,2,282.52,1.11,N,0
51.46508,29.55806,313.43,0.4,0.37,2022-08-28,0001,N20,VIIRS,n,2,282.28,1.11,N,0
53.27029,24.4423,300.34,0.39,0.44,2022-08-28,0001,N20,VIIRS,n,2,287.17,0.88,N,2
52.8466,29.99114,342.44,0.4,0.37,2022-08-28,0001,N20,VIIRS,n,2,286.39,4.91,N,2
52.84993,29.99239,303,0.4,0.37,2022-08-28,0001,N20,VIIRS,n,2,286.32,1.34,N,2
53.67824,23.90511,298.98,0.37,0.58,2022-08-28,0141,N20,VIIRS,n,2,288.75,1.65,N,0
53.67982,23.90014,308.46,0.37,0.58,2022-08-28,0141,N20,VIIRS,n,2,287.78,1.37,N,0
53.26068,24.45085,304.34,0.4,0.6,2022-08-28,0141,N20,VIIRS,n,2,287.06,0.9,N,2
53.14515,29.13996,341.22,0.57,0.52,2022-08-28,1131,N20,VIIRS,n,2,269,15.65,D,0
53.80256,27.67584,295.55,0.34,0.56,2022-08-29,0122,N20,VIIRS,n,2,283.58,0.24,N,0
53.25972,24.45178,299.89,0.53,0.5,2022-08-29,0123,N20,VIIRS,n,2,284.63,0.58,N,2
53.67998,23.90065,303.69,0.49,0.49,2022-08-29,0123,N20,VIIRS,n,2,288.3,2.35,N,0
51.88867,29.33946,298.78,0.46,0.63,2022-08-29,0123,N20,VIIRS,n,2,283.09,0.66,N,2
53.25983,24.44912,298.16,0.53,0.5,2022-08-29,0123,N20,VIIRS,n,2,284.81,0.92,N,2
52.84779,29.99071,326.42,0.4,0.6,2022-08-29,0931,N20,VIIRS,l,2,298.29,3.54,D,2
55.17058,27.7322,329,0.39,0.6,2022-08-29,0932,N20,VIIRS,n,2,294.35,1.93,D,0
53.21713,29.4826,336.9,0.4,0.6,2022-08-29,0932,N20,VIIRS,n,2,296.93,3.44,D,0
55.17014,27.73609,325.28,0.39,0.6,2022-08-29,0932,N20,VIIRS,n,2,293.21,1.99,D,0
52.84672,29.98928,335.34,0.4,0.44,2022-08-29,1112,N20,VIIRS,n,2,303.75,3.92,D,2
52.11196,29.16481,339.8,0.54,0.42,2022-08-29,1112,N20,VIIRS,n,2,301.27,7.82,D,0
52.10947,28.57844,332.48,0.52,0.41,2022-08-29,1112,N20,VIIRS,n,2,302.45,2.5,D,0
52.98203,29.4502,333.65,0.57,0.43,2022-08-29,1112,N20,VIIRS,n,2,300.14,4.27,D,0
53.26983,24.43811,298.57,0.47,0.64,2022-08-29,2323,N20,VIIRS,n,2,285.66,0.47,N,2
51.4678,29.55911,302.97,0.56,0.51,2022-08-29,2324,N20,VIIRS,n,2,286.79,1.29,N,0
53.2587,24.44785,297.79,0.54,0.42,2022-08-30,0104,N20,VIIRS,n,2,286.26,1.19,N,0
51.4673,29.55515,329.98,0.4,0.37,2022-08-30,1052,N20,VIIRS,n,2,297.56,2.53,D,0
51.46471,29.56203,354.26,0.4,0.37,2022-08-30,1052,N20,VIIRS,n,2,300.1,9.17,D,0
51.46319,29.5505,332.36,0.4,0.37,2022-08-30,1052,N20,VIIRS,n,2,298.7,4.45,D,0
51.46395,29.55627,340.29,0.4,0.37,2022-08-30,1052,N20,VIIRS,n,2,301.77,4.45,D,0
51.89257,29.34293,335.45,0.4,0.37,2022-08-30,1053,N20,VIIRS,n,2,301.85,5.28,D,2
52.98405,29.93018,332.08,0.42,0.38,2022-08-30,1053,N20,VIIRS,n,2,297.86,3.52,D,0
53.39433,32.01172,300.93,0.36,0.57,2022-08-30,2304,N20,VIIRS,n,2,286.55,0.82,N,2
52.84761,29.98597,313.38,0.44,0.62,2022-08-30,2304,N20,VIIRS,n,2,284.6,1.59,N,2
52.84767,29.9846,310.16,0.44,0.62,2022-08-30,2304,N20,VIIRS,n,2,284.69,1.12,N,2
53.67055,31.82463,296.46,0.37,0.58,2022-08-30,2304,N20,VIIRS,n,2,285.55,0.41,N,0
51.46505,29.56123,298.64,0.45,0.63,2022-08-30,2305,N20,VIIRS,n,2,286.42,1.19,N,0
51.8904,29.33375,327.04,0.46,0.64,2022-08-30,2305,N20,VIIRS,n,2,285.08,3.36,N,2
51.47099,29.55478,299,0.45,0.63,2022-08-30,2305,N20,VIIRS,n,2,286.23,0.89,N,0
51.47089,29.5614,309.22,0.45,0.63,2022-08-30,2305,N20,VIIRS,n,2,286.41,0.89,N,0
55.5037,28.58871,295.57,0.46,0.39,2022-08-31,0044,N20,VIIRS,n,2,283.08,0.54,N,2
51.46601,29.54441,305.54,0.41,0.45,2022-08-31,0045,N20,VIIRS,n,2,285.64,1.05,N,0
51.46468,29.54997,304.29,0.41,0.45,2022-08-31,0045,N20,VIIRS,n,2,287.58,1.68,N,0
53.26173,24.44912,300.35,0.41,0.37,2022-08-31,0045,N20,VIIRS,n,2,284.88,0.53,N,2
51.89365,29.34107,341.57,0.39,0.44,2022-08-31,0045,N20,VIIRS,n,2,286.46,3.63,N,2
53.27046,24.44071,298.58,0.41,0.37,2022-08-31,0045,N20,VIIRS,n,2,284.31,0.51,N,2
53.26111,24.44879,304.37,0.41,0.37,2022-08-31,0045,N20,VIIRS,n,2,285.64,0.96,N,2
51.46721,29.55794,320.45,0.41,0.45,2022-08-31,0045,N20,VIIRS,n,2,290.69,1.68,N,0
51.88919,29.33733,306.22,0.39,0.44,2022-08-31,0045,N20,VIIRS,n,2,285.73,0.75,N,2
51.89174,29.34504,301.55,0.39,0.44,2022-08-31,0045,N20,VIIRS,n,2,285.85,4.19,N,2
51.893,29.33965,337.79,0.39,0.44,2022-08-31,0045,N20,VIIRS,n,2,287.63,7.07,N,2
52.84937,29.99397,295.95,0.39,0.44,2022-08-31,0045,N20,VIIRS,n,2,284.94,0.73,N,2
52.84558,29.99151,308.09,0.39,0.44,2022-08-31,0045,N20,VIIRS,n,2,286.21,1.49,N,2
51.46588,29.56351,329.47,0.41,0.45,2022-08-31,0045,N20,VIIRS,n,2,290.3,4.21,N,0
51.46854,29.55239,300.49,0.41,0.45,2022-08-31,0045,N20,VIIRS,n,2,286.29,1.68,N,0
51.46408,29.5448,327.76,0.4,0.37,2022-08-31,1034,N20,VIIRS,n,2,287.53,2.43,D,0
52.84731,29.99043,325.64,0.39,0.36,2022-08-31,1034,N20,VIIRS,l,2,299.88,2.26,D,2
51.46505,29.55038,329.11,0.4,0.37,2022-08-31,1034,N20,VIIRS,n,2,290,2.43,D,0
51.89178,29.32803,302.94,0.74,0.76,2022-08-31,2246,N20,VIIRS,n,2,279.99,2.29,N,0
52.84762,29.98867,317.39,0.43,0.38,2022-09-01,0026,N20,VIIRS,n,2,282.25,2.1,N,2
52.94039,29.0603,336.13,0.41,0.37,2022-09-01,0026,N20,VIIRS,n,2,281.05,3.56,N,0
52.94147,29.05445,295.36,0.41,0.37,2022-09-01,0026,N20,VIIRS,n,2,277,0.89,N,0
53.15185,27.65265,306.05,0.39,0.36,2022-09-01,0026,N20,VIIRS,n,2,277.14,0.63,N,0
53.25937,24.44714,301.94,0.39,0.36,2022-09-01,0026,N20,VIIRS,n,2,281.26,0.68,N,2
51.89175,29.3409,300.49,0.42,0.38,2022-09-01,0026,N20,VIIRS,n,2,279.86,1.2,N,2
51.88841,29.33925,300.13,0.42,0.38,2022-09-01,0026,N20,VIIRS,n,2,279.13,0.76,N,2
51.4643,29.56371,300.39,0.43,0.38,2022-09-01,0027,N20,VIIRS,n,2,284.98,1.53,N,0
51.46448,29.54398,328.3,0.43,0.38,2022-09-01,0027,N20,VIIRS,n,2,286.3,1.69,N,0
51.46597,29.55085,295.62,0.43,0.38,2022-09-01,0027,N20,VIIRS,n,2,283.09,1.42,N,0
51.46714,29.54483,317.32,0.43,0.38,2022-09-01,0027,N20,VIIRS,n,2,284.1,2.11,N,0
51.46364,29.5629,296.98,0.43,0.38,2022-09-01,0027,N20,VIIRS,n,2,283.56,0.99,N,0
51.46377,29.54313,314.71,0.43,0.38,2022-09-01,0027,N20,VIIRS,n,2,283.58,2.11,N,0
51.47004,29.55338,324,0.43,0.38,2022-09-01,0027,N20,VIIRS,n,2,283.92,2.59,N,0
51.46886,29.55939,312.47,0.43,0.38,2022-09-01,0027,N20,VIIRS,n,2,285.89,1.37,N,0
51.46767,29.56541,295.29,0.43,0.38,2022-09-01,0027,N20,VIIRS,n,2,282.61,1.37,N,0
51.46785,29.54567,307.54,0.43,0.38,2022-09-01,0027,N20,VIIRS,n,2,281.91,1.69,N,0
51.46667,29.55168,297.11,0.43,0.38,2022-09-01,0027,N20,VIIRS,n,2,282.83,1.69,N,0
51.46306,29.54488,345.13,0.52,0.42,2022-09-01,1015,N20,VIIRS,n,2,296.18,6.74,D,0
53.30653,31.27433,330,0.43,0.38,2022-09-01,1015,N20,VIIRS,n,2,290.24,1.99,D,0
51.46669,29.54283,332.47,0.52,0.42,2022-09-01,1015,N20,VIIRS,n,2,292.29,5.22,D,0
51.46982,29.5572,325.92,0.52,0.42,2022-09-01,1015,N20,VIIRS,n,2,293.36,2.64,D,0
55.50684,28.58613,297.05,0.42,0.37,2022-09-02,0007,N20,VIIRS,n,2,276.52,0.37,N,0
52.85329,29.99459,300.51,0.39,0.36,2022-09-02,0007,N20,VIIRS,n,2,281.6,1.11,N,2
52.84679,29.99191,328.1,0.39,0.36,2022-09-02,0007,N20,VIIRS,n,2,282.06,5.79,N,2
51.47005,29.55542,348.31,0.39,0.36,2022-09-02,0008,N20,VIIRS,n,2,292.94,3.97,N,0
51.4733,29.55668,320.06,0.39,0.36,2022-09-02,0008,N20,VIIRS,n,2,278.94,3.97,N,0
51.46469,29.88187,303.05,0.38,0.36,2022-09-02,0008,N20,VIIRS,n,2,275.94,1.13,N,0
51.46317,29.53527,296.45,0.39,0.36,2022-09-02,0008,N20,VIIRS,n,2,278.55,0.49,N,0
51.46521,29.54198,310.82,0.39,0.36,2022-09-02,0008,N20,VIIRS,n,2,284.42,1.99,N,0
51.46603,29.53653,327.53,0.39,0.36,2022-09-02,0008,N20,VIIRS,n,2,282.39,1.99,N,0
51.46515,29.56505,295.46,0.39,0.36,2022-09-02,0008,N20,VIIRS,n,2,282.57,1.02,N,0
51.46846,29.54325,318.49,0.39,0.36,2022-09-02,0008,N20,VIIRS,n,2,283.26,1.99,N,0
51.46922,29.56087,308.51,0.39,0.36,2022-09-02,0008,N20,VIIRS,n,2,284.51,1.62,N,0
53.26213,24.44977,302.66,0.46,0.63,2022-09-02,0148,N20,VIIRS,n,2,278.33,1.02,N,2
52.84516,29.98913,338.78,0.46,0.47,2022-09-02,0956,N20,VIIRS,n,2,296.83,6.96,D,2
51.46574,29.53979,337.48,0.53,0.5,2022-09-02,0956,N20,VIIRS,n,2,291.43,7.41,D,0
55.58324,28.57582,326.61,0.43,0.46,2022-09-02,0957,N20,VIIRS,n,2,287.27,1.95,D,0
51.46311,29.5394,331.12,0.34,0.56,2022-09-02,1137,N20,VIIRS,n,2,289.21,3.56,D,0
52.59764,30.63003,353.29,0.38,0.59,2022-09-02,1137,N20,VIIRS,n,2,295.47,5.86,D,0
55.48507,28.60199,336.98,0.33,0.55,2022-09-02,1138,N20,VIIRS,n,2,287.99,2.47,D,0
54.07004,31.3786,295.43,0.45,0.39,2022-09-02,2348,N20,VIIRS,n,2,274.24,0.72,N,0
55.48773,28.6005,325.02,0.56,0.43,2022-09-02,2348,N20,VIIRS,n,2,277.1,4.16,N,0
52.84728,29.98919,331.35,0.47,0.4,2022-09-02,2349,N20,VIIRS,n,2,269.67,4.83,N,2
52.84657,29.98823,333.11,0.47,0.4,2022-09-02,2349,N20,VIIRS,n,2,269.79,4.57,N,2
51.4693,29.538,335.31,0.4,0.6,2022-09-03,0937,N20,VIIRS,n,2,284.52,6.61,D,0
52.12722,29.15205,338.88,0.4,0.6,2022-09-03,0938,N20,VIIRS,n,2,289.05,11.94,D,0
52.12533,29.15078,367,0.4,0.6,2022-09-03,0938,N20,VIIRS,h,2,297.16,28.01,D,0
52.12206,29.16013,327.52,0.4,0.6,2022-09-03,0938,N20,VIIRS,n,2,295.71,4.54,D,0
52.1223,29.15615,349.86,0.4,0.6,2022-09-03,0938,N20,VIIRS,n,2,298.18,11.94,D,0
52.12556,29.14685,351.51,0.4,0.6,2022-09-03,0938,N20,VIIRS,n,2,290.09,11.94,D,0
52.8271,30.41152,332.27,0.34,0.56,2022-09-03,0938,N20,VIIRS,n,2,293.62,1.64,D,0
52.84371,29.99404,325.88,0.35,0.57,2022-09-03,0938,N20,VIIRS,l,2,296.71,2.85,D,2
52.33909,31.42864,333.2,0.52,0.5,2022-09-03,1118,N20,VIIRS,n,2,297.63,4.81,D,0
52.12178,29.16165,351.85,0.42,0.45,2022-09-03,1118,N20,VIIRS,n,2,298.13,8.41,D,0
52.12594,29.1608,341.47,0.42,0.45,2022-09-03,1118,N20,VIIRS,n,2,290.02,4.41,D,0
52.84448,29.99157,328.23,0.46,0.47,2022-09-03,1118,N20,VIIRS,l,2,300.92,5.35,D,2
52.84522,29.99117,330.99,0.46,0.47,2022-09-03,1118,N20,VIIRS,n,2,301.72,5.87,D,2
55.48448,28.59847,333.3,0.43,0.46,2022-09-03,1119,N20,VIIRS,n,2,292.78,8.75,D,0
55.48498,28.60533,338.18,0.43,0.46,2022-09-03,1119,N20,VIIRS,n,2,286.96,7.46,D,0
55.48479,28.59334,333.01,0.57,0.52,2022-09-03,2329,N20,VIIRS,n,2,275.55,4.58,N,0
55.48434,28.60247,305.31,0.57,0.52,2022-09-03,2329,N20,VIIRS,n,2,275.98,3.72,N,0
51.47189,29.54482,302.21,0.48,0.48,2022-09-03,2330,N20,VIIRS,n,2,282.44,1.13,N,0
51.4591,29.53559,300.15,0.48,0.48,2022-09-03,2330,N20,VIIRS,n,2,282.65,9.63,N,0
51.47142,29.55173,295.53,0.48,0.48,2022-09-03,2330,N20,VIIRS,n,2,280.93,1.13,N,0
51.89476,29.29508,295.7,0.49,0.49,2022-09-03,2330,N20,VIIRS,n,2,279.33,0.61,N,0
51.89199,29.33837,305.23,0.49,0.49,2022-09-03,2330,N20,VIIRS,n,2,279.32,1.37,N,2
51.46998,29.88817,315.43,0.46,0.47,2022-09-03,2330,N20,VIIRS,n,2,281.42,2.81,N,0
51.46563,29.88737,305.45,0.46,0.47,2022-09-03,2330,N20,VIIRS,n,2,284.3,1.92,N,0
51.46514,29.89409,302.98,0.46,0.47,2022-09-03,2330,N20,VIIRS,n,2,282.27,1.92,N,0
51.47678,29.53874,307.06,0.48,0.48,2022-09-03,2330,N20,VIIRS,n,2,282.92,2.47,N,0
51.47283,29.53105,304.16,0.48,0.48,2022-09-03,2330,N20,VIIRS,n,2,283.82,1.57,N,0
51.47236,29.53795,306.61,0.48,0.48,2022-09-03,2330,N20,VIIRS,n,2,285.99,1.57,N,0
51.46841,29.53026,295.34,0.48,0.48,2022-09-03,2330,N20,VIIRS,n,2,282.81,1.57,N,0
51.45957,29.5287,367,0.48,0.48,2022-09-03,2330,N20,VIIRS,h,2,292.76,9.63,N,0
55.48437,28.60067,340.23,0.49,0.49,2022-09-04,0109,N20,VIIRS,n,2,276.22,6.62,N,0
51.45621,29.52958,343.58,0.36,0.58,2022-09-04,0110,N20,VIIRS,n,2,283.89,5.25,N,0
51.47017,29.88962,299.79,0.37,0.58,2022-09-04,0110,N20,VIIRS,n,2,278.82,1.02,N,0
51.46533,29.88576,295.42,0.37,0.58,2022-09-04,0110,N20,VIIRS,n,2,279.67,1.22,N,0
51.47529,29.54483,297.56,0.36,0.58,2022-09-04,0110,N20,VIIRS,n,2,281.26,1.58,N,0
51.47197,29.53625,297.98,0.36,0.58,2022-09-04,0110,N20,VIIRS,n,2,283.49,2.17,N,0
51.46099,29.53337,302.01,0.36,0.58,2022-09-04,0110,N20,VIIRS,n,2,283.96,1.64,N,0
51.45083,29.56669,304.42,0.36,0.58,2022-09-04,0110,N20,VIIRS,n,2,278.56,0.82,N,0
51.45766,29.52483,317.89,0.36,0.58,2022-09-04,0110,N20,VIIRS,n,2,279.61,3.74,N,0
53.96642,31.63071,326.21,0.41,0.61,2022-09-04,0919,N20,VIIRS,n,2,290.44,2.29,D,0
54.25368,29.6846,329.46,0.47,0.64,2022-09-04,0919,N20,VIIRS,n,2,291.13,3.17,D,0
53.43563,30.81416,334.51,0.46,0.64,2022-09-04,0919,N20,VIIRS,n,2,284.3,3.45,D,0
55.48352,28.60572,349.81,0.46,0.63,2022-09-04,0920,N20,VIIRS,n,2,283.42,7.71,D,0
53.83768,31.76438,335.39,0.54,0.42,2022-09-04,1059,N20,VIIRS,n,2,296.4,3.98,D,0
52.84568,29.99159,329.46,0.46,0.39,2022-09-04,1059,N20,VIIRS,n,2,299.19,4.76,D,2
53.88966,31.46557,329.42,0.53,0.42,2022-09-04,1059,N20,VIIRS,n,2,290.99,2.44,D,0
53.83788,31.76407,334.04,0.54,0.42,2022-09-04,1059,N20,VIIRS,n,2,296.25,5.02,D,0
55.48573,28.60272,334.54,0.45,0.39,2022-09-04,1100,N20,VIIRS,n,2,290.84,6.09,D,0
53.26447,24.43878,296.02,0.64,0.72,2022-09-04,2311,N20,VIIRS,n,2,277.95,1.75,N,0
53.2623,24.44099,304.16,0.64,0.72,2022-09-04,2311,N20,VIIRS,n,2,279.06,2.07,N,0
53.26377,24.45029,300.95,0.44,0.38,2022-09-05,0051,N20,VIIRS,n,2,279.39,0.72,N,0
53.27301,24.44142,296.99,0.44,0.38,2022-09-05,0051,N20,VIIRS,n,2,278.27,0.59,N,2
53.2604,24.44843,301.79,0.44,0.38,2022-09-05,0051,N20,VIIRS,n,2,281.2,1.09,N,2
51.89005,29.33768,297.77,0.45,0.47,2022-09-05,0052,N20,VIIRS,n,2,277.82,1.1,N,2
52.63251,23.79058,308.71,0.43,0.38,2022-09-05,0052,N20,VIIRS,n,2,278.89,1.23,N,0
52.84748,29.99032,335.67,0.38,0.36,2022-09-05,1040,N20,VIIRS,n,2,297.78,4.63,D,2
51.46554,29.89822,303.9,0.59,0.7,2022-09-05,2252,N20,VIIRS,n,2,279.05,2.81,N,0
51.89217,29.33117,306.06,0.63,0.72,2022-09-05,2252,N20,VIIRS,n,2,278.14,1.71,N,2
51.88809,29.32659,296.49,0.63,0.72,2022-09-05,2252,N20,VIIRS,n,2,277.24,1.01,N,0
51.45528,29.53348,303.64,0.62,0.71,2022-09-05,2252,N20,VIIRS,n,2,276.97,1.6,N,0
51.44865,29.53358,301.1,0.62,0.71,2022-09-05,2252,N20,VIIRS,n,2,280.17,1.6,N,0
51.46409,29.89859,300.3,0.59,0.7,2022-09-05,2252,N20,VIIRS,n,2,279.61,1.75,N,0
51.47063,29.89848,296.22,0.59,0.7,2022-09-05,2252,N20,VIIRS,n,2,277.74,1.75,N,0
51.4513,29.52178,318.56,0.48,0.4,2022-09-06,0033,N20,VIIRS,n,2,281.7,1.57,N,0
51.47274,29.89733,314.19,0.49,0.4,2022-09-06,0033,N20,VIIRS,n,2,279.55,1.94,N,0
51.4713,29.90409,306.86,0.49,0.4,2022-09-06,0033,N20,VIIRS,n,2,277.2,1.94,N,0
51.46775,29.90215,321.91,0.49,0.4,2022-09-06,0033,N20,VIIRS,n,2,281.34,1.94,N,0
51.4692,29.89539,296.31,0.49,0.4,2022-09-06,0033,N20,VIIRS,n,2,277.9,1.94,N,0
51.46276,29.90695,314.41,0.49,0.4,2022-09-06,0033,N20,VIIRS,n,2,279.76,2.47,N,0
51.45203,29.5369,327.82,0.48,0.4,2022-09-06,0033,N20,VIIRS,n,2,280.86,3.82,N,0
51.45481,29.52367,295.79,0.48,0.4,2022-09-06,0033,N20,VIIRS,n,2,277.61,1.57,N,0
51.44712,29.54163,322.91,0.48,0.4,2022-09-06,0033,N20,VIIRS,n,2,283.48,3.82,N,0
51.44852,29.53502,321.13,0.48,0.4,2022-09-06,0033,N20,VIIRS,n,2,285.85,3.82,N,0
51.45064,29.54352,304.65,0.48,0.4,2022-09-06,0033,N20,VIIRS,n,2,278.58,3.82,N,0
51.44778,29.5199,328.88,0.48,0.4,2022-09-06,0033,N20,VIIRS,n,2,281.78,2.89,N,0
51.44991,29.5284,305.75,0.48,0.4,2022-09-06,0033,N20,VIIRS,n,2,282.52,1.57,N,0
51.47418,29.89059,308.25,0.49,0.4,2022-09-06,0033,N20,VIIRS,n,2,275.38,1.79,N,0
51.89098,29.33675,303.98,0.46,0.39,2022-09-06,0033,N20,VIIRS,n,2,278.58,0.97,N,2
51.4663,29.9089,295.94,0.49,0.4,2022-09-06,0033,N20,VIIRS,n,2,277.9,1.48,N,0
51.46421,29.9002,319.07,0.49,0.4,2022-09-06,0033,N20,VIIRS,n,2,284.78,3.44,N,0
51.445,29.53313,331.72,0.48,0.4,2022-09-06,0033,N20,VIIRS,n,2,283.28,6.56,N,0
51.44361,29.53975,336.07,0.48,0.4,2022-09-06,0033,N20,VIIRS,n,2,284.62,6.56,N,0
51.4464,29.52652,296,0.48,0.4,2022-09-06,0033,N20,VIIRS,n,2,280.04,2.89,N,0
52.16158,23.66674,306.93,0.38,0.36,2022-09-06,0033,N20,VIIRS,n,2,277.45,1.15,N,0
52.22861,24.28609,330.71,0.45,0.47,2022-09-06,1022,N20,VIIRS,n,2,292.59,2.03,D,0
51.445,29.54772,307.19,0.39,0.36,2022-09-07,0014,N20,VIIRS,n,2,278.1,1.46,N,0
52.84734,29.99345,295.91,0.39,0.36,2022-09-07,0014,N20,VIIRS,n,2,275.56,1.65,N,2
51.89344,29.34066,328.13,0.38,0.36,2022-09-07,0014,N20,VIIRS,n,2,277.7,1.73,N,2
51.89021,29.33929,317.47,0.38,0.36,2022-09-07,0014,N20,VIIRS,n,2,276.96,1.73,N,2
51.47728,29.89014,337.85,0.39,0.36,2022-09-07,0014,N20,VIIRS,n,2,282.32,4.16,N,0
51.47636,29.89561,335.41,0.39,0.36,2022-09-07,0014,N20,VIIRS,n,2,283.5,4.16,N,0
51.47543,29.90107,302.16,0.39,0.36,2022-09-07,0014,N20,VIIRS,n,2,278.27,1.91,N,0
51.47219,29.89966,321.21,0.39,0.36,2022-09-07,0014,N20,VIIRS,n,2,279.12,1.91,N,0
51.47127,29.90512,331.09,0.39,0.36,2022-09-07,0014,N20,VIIRS,n,2,282.18,1.91,N,0
51.47404,29.88873,302.44,0.39,0.36,2022-09-07,0014,N20,VIIRS,n,2,276.91,4.16,N,0
51.46802,29.90371,304.9,0.39,0.36,2022-09-07,0014,N20,VIIRS,n,2,281.14,1.52,N,0
52.84826,29.98786,326.17,0.39,0.36,2022-09-07,0014,N20,VIIRS,n,2,275.58,2.54,N,2
51.4671,29.90917,302.05,0.39,0.36,2022-09-07,0014,N20,VIIRS,n,2,279.91,1.13,N,0
51.46478,29.9023,310.18,0.39,0.36,2022-09-07,0014,N20,VIIRS,n,2,285.39,1.52,N,0
51.46385,29.90776,303.55,0.39,0.36,2022-09-07,0014,N20,VIIRS,n,2,279.19,1.13,N,0
51.46292,29.91322,311.02,0.39,0.36,2022-09-07,0014,N20,VIIRS,n,2,279.44,1.13,N,0
52.85379,29.99634,300.35,0.39,0.36,2022-09-07,0014,N20,VIIRS,n,2,280.28,0.94,N,2
51.45969,29.91181,302.44,0.39,0.36,2022-09-07,0014,N20,VIIRS,n,2,278.46,0.95,N,0
51.45876,29.91727,305.73,0.39,0.36,2022-09-07,0014,N20,VIIRS,n,2,278.52,0.84,N,0
51.44851,29.54463,326.53,0.39,0.36,2022-09-07,0014,N20,VIIRS,n,2,284.07,1.58,N,0
51.44942,29.53919,297.68,0.39,0.36,2022-09-07,0014,N20,VIIRS,n,2,280.04,1.58,N,0
51.44951,29.52052,313.77,0.39,0.36,2022-09-07,0014,N20,VIIRS,n,2,281.1,6.71,N,0
51.4459,29.54227,315.46,0.39,0.36,2022-09-07,0014,N20,VIIRS,n,2,282.65,1.46,N,0
51.44628,29.51915,343.83,0.39,0.36,2022-09-07,0014,N20,VIIRS,n,2,292.33,6.71,N,0
51.44357,29.53546,301.78,0.39,0.36,2022-09-07,0014,N20,VIIRS,n,2,279.72,1.89,N,0
53.26186,24.44476,296.32,0.52,0.67,2022-09-07,0154,N20,VIIRS,n,2,276.27,1.27,N,2
51.46827,29.91236,354.72,0.44,0.46,2022-09-07,1002,N20,VIIRS,n,2,298.12,16.41,D,0
51.46394,29.91473,347.25,0.44,0.46,2022-09-07,1002,N20,VIIRS,n,2,287.14,10.56,D,0
51.47339,29.91561,337.66,0.44,0.46,2022-09-07,1002,N20,VIIRS,n,2,286.21,32.86,D,0
51.44493,29.52019,340.39,0.46,0.47,2022-09-07,1002,N20,VIIRS,n,2,290.09,4.98,D,0
51.44701,29.54741,343.52,0.46,0.47,2022-09-07,1002,N20,VIIRS,n,2,291.81,7.47,D,0
51.47693,29.89266,340.34,0.44,0.46,2022-09-07,1002,N20,VIIRS,n,2,294.66,10.11,D,0
51.47841,29.89864,337.84,0.44,0.46,2022-09-07,1002,N20,VIIRS,n,2,290.79,10.11,D,0
51.47442,29.90117,355.97,0.44,0.46,2022-09-07,1002,N20,VIIRS,n,2,299.76,10.11,D,0
51.46792,29.91218,355.77,0.44,0.46,2022-09-07,1002,N20,VIIRS,n,2,297.65,32.86,D,0
51.46428,29.91492,346.07,0.44,0.46,2022-09-07,1002,N20,VIIRS,n,2,286.43,16.41,D,0
51.47191,29.90965,341,0.44,0.46,2022-09-07,1002,N20,VIIRS,n,2,310.95,32.86,D,0
51.95425,23.75097,337.49,0.37,0.58,2022-09-07,1003,N20,VIIRS,n,2,297.07,4.26,D,0
51.94944,23.75486,329.55,0.37,0.58,2022-09-07,1003,N20,VIIRS,n,2,298.49,4.26,D,0
53.47573,30.21873,344.18,0.57,0.43,2022-09-07,1003,N20,VIIRS,n,2,309.08,68.23,D,0
53.47199,30.22117,335.04,0.57,0.43,2022-09-07,1003,N20,VIIRS,n,2,292.25,3.39,D,0
53.09688,29.21737,329.55,0.42,0.45,2022-09-07,1003,N20,VIIRS,n,2,289.61,2.97,D,0
52.13997,28.5236,325.63,0.48,0.48,2022-09-07,1003,N20,VIIRS,n,2,293.31,6.12,D,0
52.58343,30.5825,330.9,0.39,0.44,2022-09-07,1003,N20,VIIRS,n,2,294.63,2.64,D,0
53.55038,27.80591,328.17,0.46,0.47,2022-09-07,1003,N20,VIIRS,n,2,292.03,2.68,D,0
52.05274,27.61536,345.17,0.33,0.55,2022-09-07,1143,N20,VIIRS,n,2,296.08,6.11,D,0
51.44854,29.55111,331.29,0.4,0.6,2022-09-07,1143,N20,VIIRS,n,2,290.74,3.27,D,0
51.46285,29.9204,347.81,0.41,0.61,2022-09-07,1143,N20,VIIRS,n,2,303.02,27.33,D,0
51.46272,29.91434,340.41,0.41,0.61,2022-09-07,1143,N20,VIIRS,n,2,291.24,18.08,D,0
51.46299,29.92651,356.42,0.41,0.61,2022-09-07,1143,N20,VIIRS,l,2,296.7,27.33,D,0
51.46851,29.92025,367,0.41,0.61,2022-09-07,1143,N20,VIIRS,h,2,292.6,38.41,D,0
51.46837,29.9142,350.98,0.41,0.61,2022-09-07,1143,N20,VIIRS,n,2,299.04,58.15,D,0
51.47415,29.92006,367,0.41,0.61,2022-09-07,1143,N20,VIIRS,h,2,293.84,38.41,D,0
51.47388,29.90797,351.9,0.41,0.61,2022-09-07,1143,N20,VIIRS,n,2,310.21,58.15,D,0
51.47374,29.90193,331.12,0.41,0.61,2022-09-07,1143,N20,VIIRS,n,2,293.5,10.66,D,0
51.47925,29.89571,367,0.41,0.61,2022-09-07,1143,N20,VIIRS,h,2,294.27,26.74,D,0
51.47966,29.9138,327.66,0.41,0.61,2022-09-07,1143,N20,VIIRS,n,2,287.21,30.73,D,0
51.47953,29.90777,353.4,0.41,0.61,2022-09-07,1143,N20,VIIRS,n,2,305.14,30.73,D,0
51.47939,29.90175,352.84,0.41,0.61,2022-09-07,1143,N20,VIIRS,n,2,300.76,26.74,D,0
51.45984,29.93024,344.78,0.41,0.61,2022-09-07,1143,N20,VIIRS,n,2,287.56,31.92,D,0
51.45973,29.92414,340.99,0.41,0.61,2022-09-07,1143,N20,VIIRS,n,2,311.01,31.92,D,0
51.45962,29.91803,335.78,0.41,0.61,2022-09-07,1143,N20,VIIRS,n,2,292.18,18.1,D,0
51.46527,29.91784,352.29,0.41,0.61,2022-09-07,1143,N20,VIIRS,n,2,295.47,18.1,D,0
51.46516,29.9118,354.62,0.41,0.61,2022-09-07,1143,N20,VIIRS,n,2,293.22,18.1,D,0
51.46538,29.92392,356.12,0.41,0.61,2022-09-07,1143,N20,VIIRS,l,2,288.89,31.92,D,0
51.47081,29.91161,367,0.41,0.61,2022-09-07,1143,N20,VIIRS,h,2,299.31,41.9,D,0
51.47092,29.91766,354.84,0.41,0.61,2022-09-07,1143,N20,VIIRS,n,2,307.01,41.9,D,0
51.47071,29.90555,341.69,0.41,0.61,2022-09-07,1143,N20,VIIRS,n,2,294.34,61.12,D,0
51.47646,29.91137,344.02,0.41,0.61,2022-09-07,1143,N20,VIIRS,n,2,305.17,41.9,D,0
51.47624,29.8993,354.1,0.41,0.61,2022-09-07,1143,N20,VIIRS,n,2,303.52,61.12,D,0
51.47614,29.89328,347.26,0.41,0.61,2022-09-07,1143,N20,VIIRS,n,2,293.23,16.05,D,0
51.47657,29.91743,356.2,0.41,0.61,2022-09-07,1143,N20,VIIRS,l,2,292.62,41.9,D,0
52.05292,27.62027,339.95,0.33,0.55,2022-09-07,1143,N20,VIIRS,n,2,293.67,3.87,D,0
51.955,23.75568,333.95,0.45,0.47,2022-09-07,1143,N20,VIIRS,n,2,299.66,8.13,D,0
52.22969,27.23264,326.83,0.32,0.55,2022-09-07,1143,N20,VIIRS,n,2,294.36,1.71,D,0
52.52492,25.19959,339.55,0.53,0.5,2022-09-07,1143,N20,VIIRS,n,2,297.39,5.82,D,0
52.84327,29.99353,327.06,0.42,0.61,2022-09-07,1143,N20,VIIRS,n,2,289.49,3.25,D,2
52.84488,29.9933,327.16,0.42,0.61,2022-09-07,1143,N20,VIIRS,n,2,289.64,2.23,D,2
53.04089,25.77023,352.26,0.56,0.52,2022-09-07,1143,N20,VIIRS,n,2,297.9,22.4,D,0
53.27186,27.2637,367,0.33,0.55,2022-09-07,1144,N20,VIIRS,h,2,296.77,9.64,D,0
53.27439,27.26513,355.8,0.33,0.55,2022-09-07,1144,N20,VIIRS,n,2,294.98,4.53,D,0
54.11718,24.93302,340.58,0.53,0.5,2022-09-07,1144,N20,VIIRS,n,2,295.55,9.03,D,0
54.11209,24.92528,338.97,0.53,0.5,2022-09-07,1144,N20,VIIRS,n,2,293.6,6.99,D,0
54.11462,24.93219,350.55,0.53,0.5,2022-09-07,1144,N20,VIIRS,n,2,295.65,15.37,D,0
53.3003,24.31007,346.67,0.49,0.49,2022-09-07,1144,N20,VIIRS,n,2,295.75,10.39,D,0
53.27422,27.26013,336.37,0.33,0.55,2022-09-07,1144,N20,VIIRS,n,2,294.24,4.53,D,0
51.4794,29.8965,297.04,0.42,0.38,2022-09-07,2355,N20,VIIRS,n,2,278.47,1.1,N,0
51.46721,29.93615,322.69,0.42,0.38,2022-09-07,2355,N20,VIIRS,n,2,282.79,2.6,N,0
51.46379,29.93505,318.39,0.42,0.38,2022-09-07,2355,N20,VIIRS,n,2,282.84,3.78,N,0
51.45191,29.54802,322.13,0.43,0.38,2022-09-07,2355,N20,VIIRS,n,2,283.69,2.44,N,0
51.44846,29.54692,321.08,0.43,0.38,2022-09-07,2355,N20,VIIRS,n,2,288.1,2.29,N,0
51.89011,29.33403,301.91,0.44,0.38,2022-09-07,2355,N20,VIIRS,n,2,279.21,0.78,N,2
51.44878,29.51529,296.36,0.43,0.38,2022-09-07,2355,N20,VIIRS,n,2,280.87,0.67,N,0
51.44533,29.51418,310.95,0.43,0.38,2022-09-07,2355,N20,VIIRS,n,2,282.17,1.46,N,0
51.44771,29.55301,304.55,0.43,0.38,2022-09-07,2355,N20,VIIRS,n,2,283.87,2.29,N,0
51.89461,29.29615,328.38,0.44,0.38,2022-09-07,2355,N20,VIIRS,n,2,278.92,2.97,N,0
52.24823,24.64326,300.3,0.42,0.45,2022-09-07,2355,N20,VIIRS,n,2,274.25,0.75,N,0
52.24783,24.64244,298.36,0.42,0.45,2022-09-07,2355,N20,VIIRS,n,2,274.23,1.24,N,0
51.48753,29.90539,304.49,0.42,0.38,2022-09-07,2355,N20,VIIRS,n,2,277.03,0.84,N,0
51.48546,29.90471,315.43,0.42,0.38,2022-09-07,2355,N20,VIIRS,n,2,279.59,1.61,N,0
51.47974,29.92158,301.56,0.42,0.38,2022-09-07,2355,N20,VIIRS,n,2,280.37,1.15,N,0
53.26305,24.45019,298.88,0.35,0.57,2022-09-08,0135,N20,VIIRS,n,2,277.59,1.18,N,0
51.89063,29.34086,296.58,0.6,0.7,2022-09-08,0135,N20,VIIRS,n,2,276.48,1.36,N,2
51.99946,23.74239,354.33,0.56,0.68,2022-09-08,0944,N20,VIIRS,n,2,295.95,11.91,D,0
51.99613,23.73888,367,0.56,0.68,2022-09-08,0944,N20,VIIRS,h,2,300.03,19.43,D,0
51.99688,23.73526,353.33,0.56,0.68,2022-09-08,0944,N20,VIIRS,n,2,295.31,11.91,D,0
51.98851,23.75279,326.78,0.56,0.68,2022-09-08,0944,N20,VIIRS,n,2,296.22,7.07,D,0
51.98304,23.75798,367,0.56,0.68,2022-09-08,0944,N20,VIIRS,h,2,296.53,7.07,D,0
51.94542,23.75573,347.66,0.56,0.69,2022-09-08,0944,N20,VIIRS,n,2,298,8.35,D,0
53.56115,30.04889,326.98,0.57,0.52,2022-09-08,0944,N20,VIIRS,n,2,294.26,5.11,D,0
53.56028,30.04966,333.4,0.57,0.52,2022-09-08,0944,N20,VIIRS,n,2,294.29,7.61,D,0
53.53547,24.71037,326.26,0.45,0.63,2022-09-08,0945,N20,VIIRS,n,2,290.04,2.89,D,0
51.98017,23.75871,332.62,0.46,0.39,2022-09-08,1124,N20,VIIRS,n,2,303.14,5.52,D,0
51.98474,23.75685,327.2,0.46,0.39,2022-09-08,1124,N20,VIIRS,l,2,301.08,4.45,D,0
51.98116,23.75788,344.36,0.46,0.39,2022-09-08,1124,N20,VIIRS,n,2,304.12,4.45,D,0
51.98374,23.75768,339.67,0.46,0.39,2022-09-08,1124,N20,VIIRS,n,2,303.07,7.08,D,0
51.46262,29.93646,315.61,0.39,0.44,2022-09-08,2336,N20,VIIRS,n,2,279.45,1.83,N,0
53.39585,32.01096,296.64,0.52,0.42,2022-09-08,2336,N20,VIIRS,n,2,277.22,1.07,N,2
52.84742,29.9865,310.87,0.41,0.45,2022-09-08,2336,N20,VIIRS,n,2,277.9,2.33,N,2
51.89281,29.33768,308.73,0.42,0.45,2022-09-08,2336,N20,VIIRS,n,2,278.45,1.3,N,2
51.88864,29.33676,318.91,0.42,0.45,2022-09-08,2336,N20,VIIRS,n,2,277.9,1.78,N,2
51.4803,29.92292,302.3,0.4,0.44,2022-09-08,2336,N20,VIIRS,n,2,277.63,1.07,N,0
51.46667,29.93732,344.47,0.39,0.44,2022-09-08,2336,N20,VIIRS,n,2,281.64,4.86,N,0
51.8897,29.34017,305.18,0.4,0.6,2022-09-09,0116,N20,VIIRS,n,2,277.56,1.07,N,2
52.84911,29.99084,304.23,0.39,0.59,2022-09-09,0116,N20,VIIRS,n,2,276.6,1.62,N,2
51.88917,29.33717,318.46,0.4,0.6,2022-09-09,0116,N20,VIIRS,n,2,277.5,1.43,N,2
51.89411,29.34121,304.02,0.4,0.6,2022-09-09,0116,N20,VIIRS,n,2,277.3,0.65,N,2
51.89136,29.33502,296.95,0.4,0.6,2022-09-09,0116,N20,VIIRS,n,2,277.31,1.07,N,2
51.46988,29.93734,311.67,0.43,0.62,2022-09-09,0117,N20,VIIRS,n,2,275.49,1.69,N,0
51.46708,29.93678,314.56,0.43,0.62,2022-09-09,0117,N20,VIIRS,n,2,278.1,1.64,N,0
52.84665,29.98883,321.97,0.32,0.54,2022-09-09,2317,N20,VIIRS,n,2,277.99,1.98,N,2
53.39482,32.01405,296.85,0.53,0.5,2022-09-09,2317,N20,VIIRS,n,2,279.19,0.84,N,2
52.84944,29.98717,306.04,0.51,0.5,2022-09-10,0058,N20,VIIRS,n,2,275.92,1.35,N,2
54.3275,31.07252,332.93,0.54,0.68,2022-09-10,0907,N20,VIIRS,n,2,287.98,3.76,D,0
54.32678,31.07166,331.12,0.54,0.68,2022-09-10,0907,N20,VIIRS,n,2,288.16,3.16,D,0
54.33155,31.0683,326.63,0.43,0.38,2022-09-10,1047,N20,VIIRS,n,2,291.55,2.74,D,0
54.59118,30.72922,331.34,0.42,0.38,2022-09-10,1047,N20,VIIRS,n,2,293.83,3.2,D,0
54.93288,29.3816,332.66,0.4,0.37,2022-09-10,1047,N20,VIIRS,n,2,289.99,2.87,D,0
51.89018,29.33804,300.66,0.6,0.53,2022-09-15,0104,N20,VIIRS,n,2,281.13,1.13,N,2
52.60243,31.36821,328.91,0.46,0.39,2022-09-15,1053,N20,VIIRS,n,2,289.33,2.28,D,0
52.84727,29.98976,331.16,0.39,0.36,2022-09-16,1034,N20,VIIRS,n,2,291.86,3.09,D,2
52.28693,30.26002,330.67,0.39,0.36,2022-09-16,1034,N20,VIIRS,n,2,292.21,4.04,D,0
55.22245,29.53542,335.41,0.38,0.36,2022-09-16,1035,N20,VIIRS,n,2,290.47,7.25,D,0
52.84784,29.98373,312.8,0.69,0.74,2022-09-16,2245,N20,VIIRS,n,2,279.28,1.88,N,2
52.84874,29.98652,307.4,0.69,0.74,2022-09-16,2245,N20,VIIRS,n,2,279.34,2.62,N,2
52.85243,29.99594,298.12,0.43,0.38,2022-09-17,0026,N20,VIIRS,n,2,282.7,1.03,N,2
53.26166,24.45032,300.87,0.39,0.36,2022-09-17,0026,N20,VIIRS,n,2,280.98,0.86,N,2
53.27168,24.44328,306.29,0.39,0.36,2022-09-17,0026,N20,VIIRS,n,2,281.14,1.09,N,2
52.84693,29.98632,306.54,0.43,0.38,2022-09-17,0026,N20,VIIRS,n,2,279.77,2.12,N,2
52.84575,29.99242,321.95,0.43,0.38,2022-09-17,0026,N20,VIIRS,n,2,280.89,2.27,N,2
51.89119,29.33736,305.63,0.42,0.38,2022-09-17,0027,N20,VIIRS,n,2,280.91,0.96,N,2
53.39629,32.01513,295.11,0.39,0.36,2022-09-18,0007,N20,VIIRS,n,2,281.67,1.18,N,2
55.50624,28.58914,296.56,0.42,0.37,2022-09-18,0007,N20,VIIRS,n,2,279.25,0.47,N,2
52.84817,29.98806,312.78,0.39,0.36,2022-09-18,0008,N20,VIIRS,n,2,257.4,1.18,N,2
51.88979,29.33698,299.16,0.49,0.48,2022-09-19,2330,N20,VIIRS,n,2,277.45,0.46,N,2
51.89204,29.33921,317.03,0.35,0.56,2022-09-20,0110,N20,VIIRS,n,2,277.5,1.26,N,2
51.88733,29.33557,299.05,0.35,0.56,2022-09-20,0110,N20,VIIRS,n,2,276.19,0.53,N,2
52.4785,30.49979,332.03,0.48,0.4,2022-09-20,1059,N20,VIIRS,n,2,287.51,4.48,D,0
52.84581,29.98602,312.17,0.37,0.58,2022-09-20,2311,N20,VIIRS,n,2,262.84,1.15,N,2
52.71614,30.24651,325.47,0.39,0.36,2022-09-21,1040,N20,VIIRS,n,2,287.27,2.49,D,0
53.27134,24.44286,296.4,0.45,0.39,2022-09-23,0014,N20,VIIRS,n,2,278.66,0.77,N,2
52.84533,29.99126,300.25,0.39,0.36,2022-09-23,0014,N20,VIIRS,n,2,277.86,1.15,N,2
52.84855,29.99272,302.94,0.39,0.36,2022-09-23,0014,N20,VIIRS,n,2,276.79,0.93,N,2
53.27045,24.43949,295.99,0.52,0.67,2022-09-23,0154,N20,VIIRS,n,2,276.04,0.55,N,2
53.26021,24.44764,299.81,0.52,0.67,2022-09-23,0154,N20,VIIRS,n,2,277.47,1.01,N,2
52.84624,29.98911,334.22,0.4,0.44,2022-09-23,1003,N20,VIIRS,n,2,286.72,7.14,D,2
52.84757,29.99469,337.4,0.4,0.44,2022-09-23,1003,N20,VIIRS,n,2,283.94,6.04,D,2
53.26155,24.44666,302.74,0.35,0.56,2022-09-24,2336,N20,VIIRS,n,2,279.38,1.14,N,2
52.84951,29.98754,336.4,0.41,0.45,2022-09-24,2336,N20,VIIRS,n,2,277.22,7.22,N,2
52.84805,29.98971,311.25,0.39,0.59,2022-09-25,0116,N20,VIIRS,n,2,277.46,0.92,N,2
53.27243,24.43935,298.57,0.47,0.48,2022-09-25,0117,N20,VIIRS,n,2,275.93,0.75,N,2
52.36702,26.4512,299.66,0.6,0.53,2022-09-25,0117,N20,VIIRS,n,2,273.61,0.99,N,0
51.88894,29.33889,296.2,0.4,0.6,2022-09-25,0117,N20,VIIRS,n,2,277.28,0.52,N,2
52.36478,26.45447,308.94,0.6,0.53,2022-09-25,0117,N20,VIIRS,n,2,273.6,2.06,N,0
53.17942,26.70189,331.09,0.39,0.36,2022-09-26,1047,N20,VIIRS,n,2,288.07,5.67,D,0
53.27046,24.44413,295.55,0.39,0.36,2022-09-27,0039,N20,VIIRS,n,2,279.62,0.62,N,2
52.84813,29.99055,302.21,0.4,0.37,2022-09-29,0001,N20,VIIRS,n,2,280.07,0.58,N,2
51.89064,29.33523,313.43,0.4,0.37,2022-09-29,0002,N20,VIIRS,n,2,279.98,2.14,N,2
51.88986,29.34102,321.68,0.4,0.37,2022-09-29,0002,N20,VIIRS,n,2,279.83,1.99,N,2
51.8932,29.34221,325.35,0.4,0.37,2022-09-29,0002,N20,VIIRS,n,2,281.63,3.51,N,2
51.89399,29.33641,302.1,0.4,0.37,2022-09-29,0002,N20,VIIRS,n,2,279.6,2.6,N,2
51.88897,29.33912,350.69,0.68,0.74,2022-09-29,0141,N20,VIIRS,n,2,278.16,7.05,N,2
51.8923,29.33066,299.45,0.68,0.74,2022-09-29,0141,N20,VIIRS,n,2,277.15,7.05,N,0
51.89187,29.33871,337.67,0.6,0.53,2022-09-29,0950,N20,VIIRS,n,2,288.75,6.9,D,2
51.88828,29.34012,340.98,0.6,0.53,2022-09-29,0950,N20,VIIRS,n,2,288.68,5.74,D,2
51.89497,29.34487,332.15,0.6,0.53,2022-09-29,0950,N20,VIIRS,n,2,287.24,7.03,D,2
54.07819,31.72967,339.4,0.42,0.45,2022-09-29,0951,N20,VIIRS,n,2,285.72,8,D,0
54.07782,31.72644,325.26,0.38,0.58,2022-09-29,1131,N20,VIIRS,n,2,284.64,3.24,D,0
54.07904,31.72655,325.33,0.38,0.58,2022-09-29,1131,N20,VIIRS,n,2,284.7,2.17,D,0
53.27048,24.43774,296.63,0.59,0.53,2022-09-29,2342,N20,VIIRS,n,2,272.03,0.59,N,2
53.273,24.44073,299.12,0.54,0.51,2022-09-30,0123,N20,VIIRS,n,2,276.15,1.17,N,2
53.27271,30.75595,326.68,0.43,0.46,2022-09-30,1112,N20,VIIRS,n,2,285.99,6.29,D,0
53.26848,30.75681,342.11,0.43,0.46,2022-09-30,1112,N20,VIIRS,n,2,285.81,6.29,D,0
51.89324,29.33429,305.43,0.48,0.4,2022-10-04,2349,N20,VIIRS,n,2,278.08,1.98,N,2
51.88958,29.33324,319.31,0.48,0.4,2022-10-04,2349,N20,VIIRS,n,2,279.46,1.98,N,2
51.89248,29.34131,324.72,0.48,0.4,2022-10-04,2349,N20,VIIRS,n,2,279.55,2.95,N,2
51.88955,29.33918,296.09,0.53,0.67,2022-10-05,0129,N20,VIIRS,n,2,277.39,1.73,N,2
51.89341,29.34137,305.21,0.49,0.48,2022-10-05,2330,N20,VIIRS,n,2,275.05,2.89,N,2
51.88942,29.33336,310.59,0.49,0.48,2022-10-05,2330,N20,VIIRS,n,2,273.3,1.96,N,2
52.84903,29.99031,296.14,0.47,0.48,2022-10-05,2330,N20,VIIRS,n,2,271.31,0.85,N,2
52.84933,29.99027,304.45,0.47,0.48,2022-10-05,2330,N20,VIIRS,n,2,271.79,0.8,N,2
51.89389,29.33419,326.46,0.49,0.48,2022-10-05,2330,N20,VIIRS,n,2,273.01,3.08,N,2
55.53184,28.52016,296.91,0.49,0.49,2022-10-06,0110,N20,VIIRS,n,2,279.14,0.88,N,0
51.89054,29.33569,300.6,0.35,0.56,2022-10-06,0110,N20,VIIRS,n,2,275.38,1.36,N,2
55.53145,28.51628,303.65,0.49,0.49,2022-10-06,0110,N20,VIIRS,n,2,279.09,1.03,N,0
52.84737,29.98718,367,0.34,0.56,2022-10-06,0110,N20,VIIRS,h,2,280.28,4.95,N,2
52.84876,29.99095,347.61,0.34,0.56,2022-10-06,0110,N20,VIIRS,n,2,280.38,3.04,N,2
52.85014,29.98637,300.38,0.34,0.56,2022-10-06,0110,N20,VIIRS,n,2,277.69,3.04,N,2
53.27232,24.43954,295.94,0.41,0.45,2022-10-06,0110,N20,VIIRS,n,2,280.55,0.24,N,2
53.26041,24.45159,295.9,0.41,0.45,2022-10-06,0110,N20,VIIRS,n,2,282,0.4,N,2
51.89264,29.34289,326.5,0.59,0.7,2022-10-06,0919,N20,VIIRS,n,2,286.7,4.23,D,2
52.84438,29.9946,330.28,0.52,0.67,2022-10-06,0919,N20,VIIRS,n,2,287.32,4.95,D,2
51.89144,29.34328,342.72,0.44,0.38,2022-10-06,1059,N20,VIIRS,n,2,291.99,4.64,D,2
51.8872,29.33804,344.3,0.44,0.38,2022-10-06,1059,N20,VIIRS,n,2,292.04,4.64,D,2
52.84565,29.99068,330.34,0.47,0.39,2022-10-06,1059,N20,VIIRS,n,2,293.07,8.79,D,2
53.51462,23.87245,327.92,0.38,0.36,2022-10-06,1100,N20,VIIRS,n,2,287.3,1.16,D,0
52.84577,29.98846,331.2,0.37,0.58,2022-10-06,2311,N20,VIIRS,n,2,282.4,3.49,N,2
52.84592,29.98286,318.47,0.37,0.58,2022-10-06,2311,N20,VIIRS,n,2,280.57,3.13,N,2
51.88866,29.3332,310.75,0.39,0.59,2022-10-06,2311,N20,VIIRS,n,2,283.56,1.53,N,2
51.88881,29.32741,299.4,0.39,0.59,2022-10-06,2311,N20,VIIRS,n,2,282.72,1.28,N,0
51.89403,29.3395,296.67,0.39,0.59,2022-10-06,2311,N20,VIIRS,n,2,282.65,3.27,N,2
51.89417,29.3337,367,0.39,0.59,2022-10-06,2311,N20,VIIRS,h,2,283.29,3.27,N,2
53.26161,24.44028,296.49,0.63,0.72,2022-10-06,2311,N20,VIIRS,n,2,279.6,0.9,N,0
52.84978,29.98714,310.71,0.45,0.47,2022-10-07,0051,N20,VIIRS,n,2,280.31,1.75,N,2
52.84819,29.99339,298.09,0.45,0.47,2022-10-07,0051,N20,VIIRS,n,2,280.77,1.47,N,2
51.88954,29.34238,330.09,0.45,0.47,2022-10-07,0052,N20,VIIRS,n,2,283.75,6.69,N,2
51.89511,29.33887,299.42,0.45,0.47,2022-10-07,0052,N20,VIIRS,n,2,281.86,4.3,N,2
51.89109,29.33624,337.36,0.45,0.47,2022-10-07,0052,N20,VIIRS,n,2,283.9,4.3,N,2
53.25933,24.44697,297.78,0.44,0.38,2022-10-07,0052,N20,VIIRS,n,2,280.65,0.85,N,2
53.27199,24.43995,297.76,0.44,0.38,2022-10-07,0052,N20,VIIRS,n,2,278.84,0.65,N,2
52.84591,29.99345,330.01,0.39,0.36,2022-10-07,1040,N20,VIIRS,n,2,293.36,4.36,D,2
51.88832,29.33678,332.35,0.38,0.36,2022-10-07,1040,N20,VIIRS,n,2,294.67,2.9,D,2
51.89243,29.34091,341.72,0.38,0.36,2022-10-07,1040,N20,VIIRS,n,2,292.94,4.29,D,2
55.53136,28.50848,305.26,0.68,0.74,2022-10-07,2251,N20,VIIRS,n,2,276.95,1.6,N,0
55.53171,28.50426,297.03,0.68,0.74,2022-10-07,2251,N20,VIIRS,n,2,276.26,1.48,N,0
52.84612,29.98985,298.85,0.59,0.7,2022-10-07,2252,N20,VIIRS,n,2,276.62,1.82,N,2
52.84499,29.98599,315.74,0.59,0.7,2022-10-07,2252,N20,VIIRS,n,2,277.29,2.8,N,2
52.84603,29.98092,307.72,0.59,0.7,2022-10-07,2252,N20,VIIRS,n,2,277.19,2.17,N,0
51.88879,29.33219,324.66,0.63,0.72,2022-10-07,2252,N20,VIIRS,n,2,279.15,7.67,N,2
51.89546,29.33213,367,0.63,0.72,2022-10-07,2252,N20,VIIRS,h,2,281.72,7.67,N,2
55.53151,28.51601,312.01,0.4,0.37,2022-10-08,0032,N20,VIIRS,n,2,278.33,1.08,N,0
53.26125,24.44683,296.72,0.38,0.36,2022-10-08,0033,N20,VIIRS,n,2,279.33,1.19,N,2
52.84572,29.99031,334.02,0.47,0.4,2022-10-08,0033,N20,VIIRS,n,2,278.45,4.34,N,2
51.89049,29.33722,332.89,0.47,0.39,2022-10-08,0033,N20,VIIRS,n,2,281.87,5.13,N,2
51.89396,29.33908,328.61,0.47,0.39,2022-10-08,0033,N20,VIIRS,n,2,282.24,5.13,N,2
51.8948,29.33946,312.89,0.47,0.39,2022-10-08,0033,N20,VIIRS,n,2,280.56,1.16,N,2
51.89109,29.33949,340.98,0.46,0.39,2022-10-08,1021,N20,VIIRS,n,2,293.71,6.69,D,2
52.84418,29.99005,330.53,0.43,0.38,2022-10-08,1022,N20,VIIRS,n,2,292,2.02,D,2
52.01101,27.52431,328.76,0.52,0.42,2022-10-08,1022,N20,VIIRS,n,2,290.6,3.42,D,0
52.84754,29.98829,330.49,0.43,0.38,2022-10-08,1022,N20,VIIRS,n,2,291.93,7.87,D,2
51.88921,29.3499,337.06,0.63,0.72,2022-10-08,1202,N20,VIIRS,n,2,287.8,5.79,D,0
52.84683,29.986,301.59,0.39,0.36,2022-10-09,0014,N20,VIIRS,n,2,279.13,1.65,N,2
52.84591,29.99159,324.04,0.39,0.36,2022-10-09,0014,N20,VIIRS,n,2,280.64,1.65,N,2
51.88906,29.33605,323.33,0.39,0.36,2022-10-09,0014,N20,VIIRS,n,2,279.73,1.31,N,2
51.89229,29.33743,318.28,0.39,0.36,2022-10-09,0014,N20,VIIRS,n,2,279.35,1.31,N,2
52.85236,29.9945,298.89,0.39,0.36,2022-10-09,0014,N20,VIIRS,n,2,281.46,0.95,N,2
55.53079,28.51508,302.66,0.5,0.41,2022-10-09,2354,N20,VIIRS,n,2,274.84,0.93,N,0
52.84771,29.98794,334.08,0.43,0.38,2022-10-09,2355,N20,VIIRS,n,2,280.15,7.86,N,2
51.89261,29.33968,311.61,0.44,0.38,2022-10-09,2355,N20,VIIRS,n,2,279.35,1.16,N,2
51.88913,29.33856,320.56,0.44,0.38,2022-10-09,2355,N20,VIIRS,n,2,280.36,1.4,N,2
55.53292,28.51652,318.77,0.41,0.6,2022-10-10,0134,N20,VIIRS,n,2,274.67,1.33,N,0
52.8509,29.98685,322.12,0.58,0.7,2022-10-10,0135,N20,VIIRS,n,2,275.36,2.92,N,2
51.89166,29.33451,317.55,0.6,0.71,2022-10-10,0135,N20,VIIRS,n,2,277.25,2.82,N,2
52.84849,29.98445,320.28,0.58,0.7,2022-10-10,0135,N20,VIIRS,n,2,275.28,3.66,N,2
51.89727,29.33994,296.5,0.6,0.71,2022-10-10,0135,N20,VIIRS,n,2,276.21,0.82,N,0
55.05736,26.59263,329.45,0.36,0.58,2022-10-10,0135,N20,VIIRS,n,2,272.51,1.9,N,0
52.8447,29.99503,339.19,0.6,0.53,2022-10-10,0944,N20,VIIRS,n,2,287.18,9.07,D,2
51.89434,29.34316,334.64,0.34,0.56,2022-10-10,0944,N20,VIIRS,n,2,285.57,4.44,D,2
55.53251,28.51285,305.87,0.49,0.49,2022-10-10,2335,N20,VIIRS,n,2,275.52,1.47,N,0
52.84601,29.9874,321.59,0.41,0.45,2022-10-10,2336,N20,VIIRS,n,2,276.06,2.71,N,2
53.26253,24.44463,297.56,0.34,0.56,2022-10-10,2336,N20,VIIRS,n,2,279.69,0.61,N,2
53.26261,24.44418,299.12,0.34,0.56,2022-10-10,2336,N20,VIIRS,n,2,278.9,0.58,N,2
51.89413,29.34113,299.77,0.42,0.45,2022-10-10,2336,N20,VIIRS,n,2,275.63,0.71,N,2
51.89047,29.33406,320.73,0.42,0.45,2022-10-10,2336,N20,VIIRS,n,2,277.12,2.16,N,2
55.53102,28.51698,307.85,0.56,0.51,2022-10-11,0116,N20,VIIRS,n,2,273.27,1.55,N,0
55.52877,28.51635,302.79,0.56,0.51,2022-10-11,0116,N20,VIIRS,n,2,273.04,1.56,N,0
52.84608,29.9857,329.67,0.39,0.59,2022-10-11,0116,N20,VIIRS,n,2,273.86,2.39,N,2
51.89574,29.33992,299.96,0.4,0.6,2022-10-11,0117,N20,VIIRS,n,2,274.27,0.72,N,0
51.8908,29.33585,321.79,0.4,0.6,2022-10-11,0117,N20,VIIRS,n,2,275.16,2.1,N,2
52.58968,29.79237,331.1,0.51,0.41,2022-10-11,1106,N20,VIIRS,n,2,283.59,4.83,D,0
54.07605,31.72385,325.93,0.42,0.45,2022-10-11,1106,N20,VIIRS,n,2,286.44,2.14,D,0
52.29808,29.76528,312.61,0.32,0.55,2022-10-11,2317,N20,VIIRS,n,2,277.88,0.83,N,0
55.0696,26.32497,305.47,0.51,0.41,2022-10-12,0057,N20,VIIRS,n,2,273.66,0.62,N,0
51.8886,29.33296,296.83,0.52,0.5,2022-10-12,0058,N20,VIIRS,n,2,278.69,1.21,N,2
51.89285,29.3359,295.57,0.52,0.5,2022-10-12,0058,N20,VIIRS,n,2,278.66,1.21,N,2
52.84811,29.98943,308.69,0.52,0.5,2022-10-12,0058,N20,VIIRS,n,2,278.42,2.29,N,2
51.89177,29.34346,328.94,0.39,0.36,2022-10-12,1046,N20,VIIRS,n,2,288.1,3.32,D,2
51.83601,28.30424,329.06,0.38,0.36,2022-10-12,1046,N20,VIIRS,n,2,286.34,3.03,D,0
51.8877,29.33915,333.43,0.39,0.36,2022-10-12,1046,N20,VIIRS,n,2,288.62,2.17,D,2
55.04341,28.54858,326.6,0.39,0.36,2022-10-12,1047,N20,VIIRS,n,2,282.63,2.4,D,0
53.67992,31.33349,327.12,0.43,0.38,2022-10-12,1047,N20,VIIRS,n,2,281.94,1.92,D,0
53.6791,23.89925,297.17,0.39,0.36,2022-10-13,0039,N20,VIIRS,n,2,278.38,0.51,N,0
53.62651,30.50182,342.91,0.39,0.36,2022-10-13,1028,N20,VIIRS,n,2,288.62,17.66,D,0
52.31427,30.98873,327.37,0.39,0.36,2022-10-13,1028,N20,VIIRS,n,2,283.23,1.99,D,0
52.84595,29.98912,330.92,0.4,0.37,2022-10-13,1028,N20,VIIRS,n,2,290.48,6.1,D,2
53.7025,32.06201,333.38,0.38,0.36,2022-10-13,1028,N20,VIIRS,n,2,283.82,4.9,D,0
55.50462,28.58423,301.67,0.38,0.36,2022-10-14,0019,N20,VIIRS,n,2,273.09,0.6,N,0
55.53268,28.51476,298.33,0.38,0.36,2022-10-14,0019,N20,VIIRS,n,2,274.56,0.73,N,0
53.68081,23.90004,318.92,0.43,0.38,2022-10-14,0020,N20,VIIRS,n,2,280.87,2.27,N,0
53.73972,25.35865,309.51,0.4,0.37,2022-10-14,0020,N20,VIIRS,n,2,273.69,1.12,N,0
51.88875,29.33775,310.15,0.4,0.37,2022-10-14,0020,N20,VIIRS,n,2,277.48,1.26,N,2
55.53194,28.51507,295.19,0.65,0.73,2022-10-14,0159,N20,VIIRS,n,2,272.2,1.42,N,0
53.68248,23.90179,317.18,0.55,0.68,2022-10-14,0200,N20,VIIRS,n,2,277.46,1.94,N,0
53.67723,23.89586,300.01,0.55,0.68,2022-10-14,0200,N20,VIIRS,n,2,275.7,1.94,N,0
53.68146,23.90059,324.52,0.55,0.68,2022-10-14,0200,N20,VIIRS,n,2,279,2.95,N,0
53.62658,30.50606,327.17,0.49,0.4,2022-10-14,1009,N20,VIIRS,n,2,280.44,3.24,D,0
53.69283,29.87739,325.74,0.51,0.41,2022-10-14,1009,N20,VIIRS,n,2,281.7,2.37,D,0
52.84794,29.98674,309.55,0.4,0.37,2022-10-15,0001,N20,VIIRS,n,2,276.83,1.04,N,2
53.64489,24.7875,303.58,0.56,0.43,2022-10-15,0001,N20,VIIRS,n,2,277.45,1.39,N,0
52.07569,27.86049,337.87,0.5,0.49,2022-10-15,1131,N20,VIIRS,n,2,286.79,15.03,D,0
52.07117,27.86119,346.04,0.5,0.49,2022-10-15,1131,N20,VIIRS,n,2,289.94,11.58,D,0
52.84696,29.99022,327.81,0.53,0.42,2022-10-15,2342,N20,VIIRS,n,2,276.23,3.39,N,2
55.5335,28.51183,296.26,0.43,0.46,2022-10-15,2342,N20,VIIRS,n,2,278.91,0.91,N,0
53.39578,32.00947,295.53,0.46,0.39,2022-10-15,2342,N20,VIIRS,n,2,276.38,0.74,N,0
52.84583,29.9916,325.5,0.53,0.42,2022-10-15,2342,N20,VIIRS,n,2,276.02,4.33,N,2
51.89063,29.3385,312.81,0.55,0.42,2022-10-15,2343,N20,VIIRS,n,2,277.19,1.22,N,2
52.8474,29.98244,299.09,0.45,0.63,2022-10-16,0122,N20,VIIRS,n,2,274.12,1.72,N,2
52.8454,29.98829,309.6,0.45,0.63,2022-10-16,0122,N20,VIIRS,n,2,273.96,1.72,N,2
51.89098,29.33931,313.43,0.46,0.63,2022-10-16,0123,N20,VIIRS,n,2,276.17,1.64,N,2
52.8502,29.98894,321.64,0.45,0.63,2022-10-16,0123,N20,VIIRS,n,2,274.25,2.94,N,2
51.54998,28.62292,337.96,0.5,0.66,2022-10-16,0931,N20,VIIRS,n,2,286.53,5,D,0
52.06837,27.86629,346.03,0.51,0.66,2022-10-16,0932,N20,VIIRS,n,2,286.93,5.8,D,0
52.94523,29.36044,327.25,0.41,0.61,2022-10-16,0932,N20,VIIRS,n,2,285,2.67,D,0
52.94405,29.36006,328.82,0.41,0.61,2022-10-16,0932,N20,VIIRS,n,2,285.27,2.9,D,0
53.69471,29.87807,338.82,0.37,0.58,2022-10-16,0932,N20,VIIRS,n,2,283.14,3.2,D,0
52.07238,27.86516,331.96,0.51,0.66,2022-10-16,0932,N20,VIIRS,n,2,285.47,7.44,D,0
52.95014,29.3602,348.71,0.57,0.43,2022-10-16,1112,N20,VIIRS,n,2,297.68,25.5,D,0
51.89029,29.33897,335.31,0.55,0.43,2022-10-16,1112,N20,VIIRS,n,2,290.02,4.63,D,2
52.94616,29.36113,337.38,0.57,0.43,2022-10-16,1112,N20,VIIRS,n,2,288.2,4.82,D,0
52.95411,29.35927,334.72,0.57,0.43,2022-10-16,1112,N20,VIIRS,n,2,286.43,25.5,D,0
51.88906,29.34054,309.1,0.6,0.53,2022-10-17,0104,N20,VIIRS,n,2,276.6,1.77,N,2
52.84763,29.99304,328.67,0.43,0.38,2022-10-17,1053,N20,VIIRS,n,2,288.76,2.18,D,2
51.54042,28.61269,327.03,0.39,0.36,2022-10-17,1053,N20,VIIRS,n,2,288.73,2.56,D,0
53.35281,24.9157,338.39,0.39,0.36,2022-10-17,1053,N20,VIIRS,n,2,285.27,3.52,D,0
53.26051,24.44929,300.33,0.41,0.37,2022-10-18,0045,N20,VIIRS,n,2,283.92,0.58,N,2
52.08146,27.86074,295.25,0.52,0.42,2022-10-18,0045,N20,VIIRS,n,2,277.3,0.56,N,0
53.26379,24.45097,297.94,0.41,0.37,2022-10-18,0045,N20,VIIRS,n,2,283.66,0.58,N,2
53.2695,24.4415,295.02,0.41,0.37,2022-10-18,0045,N20,VIIRS,n,2,282.19,0.47,N,2
52.84867,29.99092,319.24,0.4,0.44,2022-10-18,0045,N20,VIIRS,n,2,276.41,2.29,N,2
51.88763,29.33822,327.82,0.4,0.44,2022-10-18,0045,N20,VIIRS,n,2,278.85,1.81,N,2
52.07924,27.86345,329.81,0.42,0.38,2022-10-18,1034,N20,VIIRS,n,2,288.21,2.47,D,0
52.08148,27.86073,327.63,0.42,0.38,2022-10-18,1034,N20,VIIRS,n,2,287.28,3.24,D,0
53.2613,24.4468,295.42,0.39,0.36,2022-10-19,0027,N20,VIIRS,n,2,281.53,0.59,N,2
53.67732,31.42476,300.13,0.44,0.38,2022-10-20,2348,N20,VIIRS,n,2,271.59,0.87,N,0
51.88899,29.33914,316.4,0.35,0.56,2022-10-22,0110,N20,VIIRS,n,2,264.33,1,N,2
51.89037,29.33459,299.13,0.35,0.56,2022-10-22,0110,N20,VIIRS,n,2,264.56,1.04,N,2
55.15796,28.8796,329.75,0.46,0.39,2022-10-22,1100,N20,VIIRS,n,2,285.25,8.15,D,0
51.89769,29.33275,309.68,0.63,0.72,2022-10-23,2252,N20,VIIRS,n,2,277.57,6.63,N,0
51.89091,29.32355,297.35,0.63,0.72,2022-10-23,2252,N20,VIIRS,n,2,276.99,6.42,N,0
51.89102,29.3329,355.2,0.63,0.72,2022-10-23,2252,N20,VIIRS,n,2,279.55,6.63,N,2
51.88749,29.33143,298.17,0.63,0.72,2022-10-23,2252,N20,VIIRS,n,2,277.52,6.07,N,0
52.84579,29.9868,307.24,0.59,0.7,2022-10-23,2252,N20,VIIRS,n,2,277.11,1.54,N,2
51.89417,29.33142,355.14,0.63,0.72,2022-10-23,2252,N20,VIIRS,n,2,279.22,6.07,N,2
51.89432,29.34081,295.97,0.63,0.72,2022-10-23,2252,N20,VIIRS,n,2,279.1,6.09,N,2
51.89096,29.33934,337.35,0.47,0.39,2022-10-24,0033,N20,VIIRS,n,2,282.28,5.98,N,2
51.88962,29.34582,297.35,0.47,0.39,2022-10-24,0033,N20,VIIRS,n,2,279.27,5.98,N,0
51.88749,29.33749,298.28,0.47,0.39,2022-10-24,0033,N20,VIIRS,n,2,278.7,1.17,N,2
52.84607,29.99224,318.61,0.47,0.4,2022-10-24,0033,N20,VIIRS,n,2,280.09,5.2,N,2
51.89444,29.34121,333.61,0.47,0.39,2022-10-24,0033,N20,VIIRS,n,2,281.55,5.98,N,2
52.84747,29.98561,327.71,0.47,0.4,2022-10-24,0033,N20,VIIRS,n,2,277.62,5.2,N,2
53.39415,32.01397,304.5,0.4,0.37,2022-10-25,0014,N20,VIIRS,n,2,278.47,0.86,N,2
51.89543,29.34188,318.56,0.42,0.45,2022-10-26,2336,N20,VIIRS,n,2,275.35,1.34,N,2
51.89127,29.34098,303.4,0.42,0.45,2022-10-26,2336,N20,VIIRS,n,2,275.48,1.34,N,2
51.89177,29.33482,307.53,0.42,0.45,2022-10-26,2336,N20,VIIRS,n,2,275.01,1.34,N,2
51.89144,29.34211,340.26,0.42,0.38,2022-10-29,1028,N20,VIIRS,n,2,284.14,4.48,D,2
51.89048,29.33934,342.12,0.39,0.44,2022-10-30,1009,N20,VIIRS,n,2,288.04,3.61,D,2
51.89174,29.34476,338.28,0.39,0.44,2022-10-30,1009,N20,VIIRS,n,2,284.87,3.61,D,2
52.84641,29.98949,295.6,0.4,0.37,2022-10-31,0001,N20,VIIRS,n,2,273.65,0.3,N,2
51.8925,29.34681,296.9,0.68,0.74,2022-10-31,0141,N20,VIIRS,n,2,276.18,3.44,N,0
53.26114,24.44732,305.51,0.4,0.6,2022-10-31,0141,N20,VIIRS,n,2,279.6,1.15,N,2
51.89151,29.33591,345.83,0.68,0.74,2022-10-31,0141,N20,VIIRS,n,2,276.9,7.52,N,2
51.89578,29.33842,330.45,0.68,0.74,2022-10-31,0141,N20,VIIRS,n,2,276.48,5.28,N,0
51.88998,29.33251,301.27,0.68,0.74,2022-10-31,0141,N20,VIIRS,n,2,275.53,1.21,N,2
53.26115,24.44519,300.51,0.4,0.6,2022-10-31,0142,N20,VIIRS,n,2,277.88,1.15,N,2
54.42527,28.38284,335.31,0.54,0.51,2022-10-31,0951,N20,VIIRS,n,2,280.14,4.75,D,0
54.13237,30.70958,336.21,0.45,0.47,2022-10-31,0951,N20,VIIRS,n,2,277.22,3.1,D,0
51.68292,30.41476,345.19,0.32,0.55,2022-10-31,1130,N20,VIIRS,n,2,282.46,3.15,D,0
51.6841,30.41443,350.49,0.32,0.54,2022-10-31,1130,N20,VIIRS,n,2,283.07,3.24,D,0
51.81478,29.07858,337.82,0.56,0.51,2022-10-31,1131,N20,VIIRS,n,2,282.64,5.26,D,0
52.66404,30.54689,339.1,0.33,0.55,2022-10-31,1131,N20,VIIRS,n,2,281.5,4.21,D,0
54.13313,30.7065,335.13,0.34,0.56,2022-10-31,1131,N20,VIIRS,n,2,278.49,3.35,D,0
55.6551,28.37169,325.62,0.57,0.52,2022-10-31,1132,N20,VIIRS,n,2,279.62,4.42,D,0
52.84621,29.99135,315.47,0.53,0.42,2022-10-31,2342,N20,VIIRS,n,2,274.26,2.18,N,2
53.26253,24.44804,296.05,0.59,0.53,2022-10-31,2342,N20,VIIRS,n,2,276.23,0.86,N,2
51.89063,29.33866,299.99,0.55,0.43,2022-10-31,2343,N20,VIIRS,n,2,274.08,1.11,N,2
52.84921,29.98901,303.35,0.45,0.63,2022-11-01,0122,N20,VIIRS,n,2,271.63,1.05,N,2
51.89059,29.33775,300.06,0.46,0.63,2022-11-01,0123,N20,VIIRS,n,2,272.74,1.33,N,2
51.89039,29.33596,297.94,0.46,0.63,2022-11-01,0123,N20,VIIRS,n,2,272.25,1.4,N,2
53.26136,24.44698,304.97,0.54,0.51,2022-11-01,0123,N20,VIIRS,n,2,277.69,1.44,N,2
53.26196,24.44921,302.22,0.54,0.51,2022-11-01,0123,N20,VIIRS,n,2,277.69,1.56,N,2
52.84587,29.99228,332.08,0.4,0.6,2022-11-01,0932,N20,VIIRS,n,2,277.84,3.27,D,2
51.89317,29.33565,341.14,0.57,0.52,2022-11-01,2324,N20,VIIRS,n,2,277.91,7.44,N,2
51.89149,29.33683,297.92,0.6,0.53,2022-11-02,0104,N20,VIIRS,n,2,275.41,1.25,N,2
52.84995,29.9883,314.5,0.59,0.53,2022-11-02,0104,N20,VIIRS,n,2,275.05,2.18,N,2
51.89596,29.34014,297.62,0.6,0.53,2022-11-02,0104,N20,VIIRS,n,2,275.12,1.13,N,0
52.82738,30.75776,328.48,0.55,0.68,2022-11-02,0913,N20,VIIRS,n,2,282.52,3.82,D,0
52.82586,30.75685,330.45,0.44,0.39,2022-11-02,1053,N20,VIIRS,n,2,282.31,2.77,D,0
53.66928,30.02819,328.36,0.43,0.38,2022-11-02,1053,N20,VIIRS,n,2,283.31,2.4,D,0
54.42519,28.37623,330.63,0.41,0.37,2022-11-02,1053,N20,VIIRS,n,2,273.17,3.64,D,0
51.88948,29.33317,321.46,0.39,0.36,2022-11-05,0008,N20,VIIRS,n,2,277.12,2.47,N,2
51.88865,29.3387,326.48,0.39,0.36,2022-11-05,0008,N20,VIIRS,n,2,277.75,2.73,N,2
51.89191,29.33997,340.27,0.39,0.36,2022-11-05,0008,N20,VIIRS,n,2,277.97,2.73,N,2
51.89116,29.32973,340.91,0.63,0.72,2022-11-08,2252,N20,VIIRS,n,2,278.11,7.14,N,0
52.41698,29.8479,302.91,0.6,0.7,2022-11-08,2252,N20,VIIRS,n,2,274.77,0.96,N,0
51.88839,29.32984,321.46,0.63,0.72,2022-11-08,2252,N20,VIIRS,n,2,276.43,3.08,N,0
51.89507,29.3298,341.9,0.63,0.72,2022-11-08,2252,N20,VIIRS,n,2,277.64,6.68,N,0
51.89276,29.34381,319.36,0.47,0.39,2022-11-09,0033,N20,VIIRS,n,2,279.76,5.17,N,2
51.8941,29.33734,327.82,0.47,0.39,2022-11-09,0033,N20,VIIRS,n,2,278.56,5.71,N,2
52.84844,29.9889,335.19,0.47,0.4,2022-11-09,0033,N20,VIIRS,n,2,278.13,4.23,N,2
51.88929,29.34195,324.27,0.47,0.39,2022-11-09,0033,N20,VIIRS,n,2,278.38,5.17,N,2
51.89063,29.33549,327.6,0.47,0.39,2022-11-09,0033,N20,VIIRS,n,2,279.62,5.71,N,2
52.84702,29.99336,327.64,0.43,0.38,2022-11-09,1021,N20,VIIRS,n,2,282.95,3.07,D,2
52.84503,29.98899,328.07,0.43,0.38,2022-11-09,1021,N20,VIIRS,n,2,284.75,4.09,D,2
51.89042,29.33995,342.21,0.38,0.36,2022-11-10,0014,N20,VIIRS,n,2,263.42,8.19,N,2
52.84806,29.98938,313.02,0.39,0.36,2022-11-10,0014,N20,VIIRS,n,2,262.69,1.28,N,2
55.53337,28.51258,312.15,0.38,0.59,2022-11-12,2316,N20,VIIRS,n,2,279.04,0.9,N,0
55.53274,28.51144,321.97,0.38,0.59,2022-11-12,2316,N20,VIIRS,n,2,279.64,1.33,N,0
53.66473,27.74389,302.82,0.4,0.6,2022-11-12,2317,N20,VIIRS,n,2,278.87,0.73,N,0
55.5062,28.58931,295.43,0.38,0.44,2022-11-13,0057,N20,VIIRS,n,2,279.59,0.31,N,2
55.5316,28.52003,318.41,0.57,0.43,2022-11-13,0057,N20,VIIRS,n,2,279.59,2.47,N,0
52.84904,29.98849,335.59,0.51,0.5,2022-11-13,0057,N20,VIIRS,n,2,281.18,3.25,N,2
51.89037,29.34041,327.54,0.77,0.77,2022-11-13,0907,N20,VIIRS,n,2,281.18,4.84,D,2
52.84568,29.98957,328.82,0.4,0.37,2022-11-13,1047,N20,VIIRS,n,2,286.1,2.46,D,2
52.84605,29.98327,330.02,0.51,0.66,2022-11-13,2258,N20,VIIRS,n,2,273.73,3.17,N,2
52.84541,29.98302,324.72,0.51,0.66,2022-11-13,2258,N20,VIIRS,n,2,273.37,2.19,N,2
51.89546,29.32876,298.05,0.54,0.68,2022-11-13,2258,N20,VIIRS,n,2,276.65,2.26,N,0
51.88917,29.32859,314.63,0.54,0.68,2022-11-13,2258,N20,VIIRS,n,2,278.25,2.9,N,0
51.89546,29.33674,314.69,0.54,0.68,2022-11-13,2258,N20,VIIRS,n,2,277.18,2.04,N,2
52.85155,29.98313,296.66,0.51,0.66,2022-11-13,2258,N20,VIIRS,n,2,271.64,2.19,N,2
51.88894,29.33419,306.86,0.52,0.42,2022-11-14,0039,N20,VIIRS,n,2,276.95,1.98,N,2
51.89031,29.34207,307.45,0.52,0.42,2022-11-14,0039,N20,VIIRS,n,2,276.77,1.01,N,2
51.89191,29.3349,300.51,0.52,0.42,2022-11-14,0039,N20,VIIRS,n,2,276.62,1.01,N,2
51.89394,29.34415,307.33,0.52,0.42,2022-11-14,0039,N20,VIIRS,n,2,275.47,1.01,N,2
52.84751,29.99263,325.84,0.52,0.42,2022-11-14,0039,N20,VIIRS,n,2,277.06,5.54,N,2
53.39523,32.01028,301.93,0.43,0.38,2022-11-15,0020,N20,VIIRS,n,2,272.21,0.71,N,2
51.89153,29.33958,327.15,0.4,0.37,2022-12-02,0001,N20,VIIRS,n,2,267.08,4.04,N,2
52.84739,29.98624,320.09,0.54,0.42,2022-12-02,2342,N20,VIIRS,n,2,262.24,3.62,N,2
51.88982,29.34167,323.68,0.39,0.44,2022-12-05,0045,N20,VIIRS,n,2,252.41,5.53,N,2
52.84963,29.98908,323.03,0.44,0.63,2022-12-19,0122,N20,VIIRS,n,2,262.88,2.64,N,2
51.89115,29.34087,313.45,0.42,0.45,2022-12-29,2336,N20,VIIRS,n,2,273.86,2.27,N,2
51.89163,29.33466,336.75,0.42,0.45,2022-12-29,2336,N20,VIIRS,n,2,273.81,6.45,N,2
51.89532,29.34177,298.67,0.42,0.45,2022-12-29,2336,N20,VIIRS,n,2,273.32,2.27,N,2
51.8909,29.33291,313.34,0.34,0.56,2022-12-30,2317,N20,VIIRS,n,2,273.61,1.15,N,2
51.89072,29.3379,302.32,0.34,0.56,2022-12-30,2317,N20,VIIRS,n,2,273.83,1.15,N,2
52.84942,29.98878,304.98,0.51,0.5,2022-12-31,0057,N20,VIIRS,n,2,273.26,2.15,N,2
51.89213,29.34275,336.83,0.52,0.5,2022-12-31,0058,N20,VIIRS,n,2,273.91,4.6,N,2
51.88789,29.33983,297.02,0.52,0.5,2022-12-31,0058,N20,VIIRS,n,2,273.02,0.9,N,2
