latitude,longitude,bright_ti4,scan,track,acq_date,acq_time,satellite,instrument,confidence,version,bright_ti5,frp,daynight,type
52.8466,29.99099,325.37,0.53,0.42,2024-01-06,2343,N20,VIIRS,n,2,258.33,4,N,2
51.89348,29.33988,340.8,0.46,0.63,2024-01-07,0123,N20,VIIRS,n,2,260.38,3.78,N,2
51.89083,29.33154,325.22,0.46,0.63,2024-01-08,2305,N20,VIIRS,n,2,257.36,5.78,N,2
51.89251,29.34254,334.51,0.39,0.44,2024-01-09,0046,N20,VIIRS,n,2,259.4,8.9,N,2
51.89224,29.33806,329.63,0.49,0.4,2024-01-11,2349,N20,VIIRS,n,2,263.38,5.3,N,2
51.89254,29.3407,339.91,0.52,0.67,2024-01-12,0129,N20,VIIRS,n,2,260.98,5.52,N,2
51.89315,29.34221,333.99,0.52,0.67,2024-01-12,0129,N20,VIIRS,n,2,260.23,4.86,N,2
51.88986,29.33567,304.5,0.38,0.36,2024-01-16,0014,N20,VIIRS,n,2,268.68,1.3,N,2
51.89609,29.29738,301.47,0.38,0.36,2024-01-16,0014,N20,VIIRS,n,2,265.29,0.53,N,0
52.84738,29.98872,313.59,0.39,0.36,2024-01-16,0014,N20,VIIRS,n,2,267.76,1.77,N,2
51.89309,29.33705,302.62,0.38,0.36,2024-01-16,0014,N20,VIIRS,n,2,268.24,1.3,N,2
51.89223,29.34241,324.06,0.38,0.36,2024-01-16,0014,N20,VIIRS,n,2,271.17,2.44,N,2
51.89353,29.33878,323.6,0.44,0.38,2024-01-16,2355,N20,VIIRS,n,2,264.98,2.59,N,2
52.84878,29.987,324.5,0.43,0.38,2024-01-16,2355,N20,VIIRS,n,2,261.72,7.86,N,2
52.84769,29.99138,331.03,0.47,0.4,2024-01-27,2349,N20,VIIRS,n,2,270.62,11.78,N,2
51.89239,29.34179,325.39,0.42,0.45,2024-01-28,1118,N20,VIIRS,n,2,271.65,2.29,D,2
51.89388,29.33563,338.98,0.39,0.6,2024-01-29,2311,N20,VIIRS,n,2,270.42,3.81,N,2
51.89314,29.33528,340.18,0.39,0.6,2024-01-29,2311,N20,VIIRS,n,2,271.15,3.64,N,2
51.89359,29.34155,324.07,0.45,0.47,2024-01-30,0052,N20,VIIRS,n,2,267.18,1.98,N,2
51.88957,29.33894,303.47,0.45,0.47,2024-01-30,0052,N20,VIIRS,n,2,266.92,1.98,N,2
51.89223,29.33173,322.49,0.63,0.72,2024-01-30,2252,N20,VIIRS,n,2,261.78,3.14,N,2
51.89331,29.33993,334.85,0.46,0.39,2024-01-31,0033,N20,VIIRS,n,2,271.56,4.02,N,2
51.88985,29.33808,308.52,0.46,0.39,2024-01-31,0033,N20,VIIRS,n,2,269.2,2.05,N,2
52.84531,29.99002,314.95,0.47,0.39,2024-01-31,0033,N20,VIIRS,n,2,267.43,1.77,N,2
51.89182,29.34052,335.7,0.46,0.39,2024-01-31,1022,N20,VIIRS,n,2,279.61,7.44,D,2
51.89103,29.33731,306.05,0.44,0.38,2024-02-01,2356,N20,VIIRS,n,2,268.97,1.13,N,2
51.89451,29.33842,313.6,0.44,0.38,2024-02-01,2356,N20,VIIRS,n,2,270.72,1.13,N,2
51.89174,29.33849,340.56,0.34,0.56,2024-02-02,0944,N20,VIIRS,n,2,276.73,3.71,D,2
52.84705,29.98973,338.56,0.6,0.53,2024-02-02,0944,N20,VIIRS,n,2,275.2,7.15,D,2
52.84963,29.98897,344.25,0.55,0.51,2024-02-08,2324,N20,VIIRS,n,2,267.11,7.67,N,2
53.27162,24.44404,297.08,0.45,0.39,2024-02-17,0014,N20,VIIRS,n,2,267.39,0.68,N,2
52.8491,29.98906,318.86,0.41,0.45,2024-02-18,2336,N20,VIIRS,n,2,268.29,2.47,N,2
52.84702,29.98849,325.89,0.41,0.45,2024-02-18,2337,N20,VIIRS,n,2,271.5,2.46,N,2
51.89297,29.34052,336.7,0.42,0.45,2024-02-18,2337,N20,VIIRS,n,2,270.02,2.87,N,2
52.84911,29.98798,303.77,0.39,0.59,2024-02-19,0117,N20,VIIRS,n,2,266.76,1.3,N,2
52.84597,29.98947,301.34,0.39,0.59,2024-02-19,0117,N20,VIIRS,n,2,268.48,0.78,N,2
51.89187,29.33969,330.07,0.49,0.4,2024-02-19,1106,N20,VIIRS,n,2,278.5,3.08,D,2
52.84753,29.99011,329.71,0.52,0.42,2024-02-19,1106,N20,VIIRS,n,2,275.69,11.78,D,2
52.84541,29.99261,334.79,0.47,0.4,2024-02-27,1016,N20,VIIRS,n,2,281.48,3.23,D,2
52.59034,29.796,327.91,0.49,0.4,2024-02-27,1016,N20,VIIRS,n,2,278.58,5.1,D,0
52.85234,29.99586,295.6,0.39,0.36,2024-02-28,0008,N20,VIIRS,n,2,273.1,0.86,N,2
51.8932,29.33733,320.32,0.39,0.36,2024-02-28,0008,N20,VIIRS,n,2,267.01,1.7,N,2
51.89238,29.34286,324.94,0.39,0.36,2024-02-28,0008,N20,VIIRS,n,2,270.07,1.7,N,2
51.88995,29.33606,295.24,0.39,0.36,2024-02-28,0008,N20,VIIRS,n,2,266.88,1.7,N,2
52.84669,29.98757,326.06,0.39,0.36,2024-02-28,0008,N20,VIIRS,n,2,271.6,2.53,N,2
51.89005,29.34119,317.47,0.77,0.78,2024-02-28,0148,N20,VIIRS,n,2,266.85,4.8,N,2
51.88901,29.33743,321.24,0.77,0.78,2024-02-28,0148,N20,VIIRS,n,2,266.41,3.84,N,2
51.89309,29.33677,328.73,0.52,0.5,2024-02-28,0957,N20,VIIRS,n,2,281.54,3.21,D,2
51.86522,26.80945,335.46,0.33,0.55,2024-02-28,0957,N20,VIIRS,n,2,275.88,3.66,D,0
51.86983,26.80595,351.36,0.33,0.55,2024-02-28,0957,N20,VIIRS,n,2,275.23,3.66,D,0
51.88885,29.33969,331.77,0.52,0.5,2024-02-28,0957,N20,VIIRS,n,2,283.75,3.21,D,2
51.89265,29.33806,326.92,0.49,0.4,2024-02-28,2349,N20,VIIRS,n,2,262.49,3.36,N,2
51.89027,29.33834,315.58,0.52,0.67,2024-02-29,0129,N20,VIIRS,n,2,266.18,1.61,N,2
51.8936,29.33958,330.96,0.49,0.49,2024-02-29,2330,N20,VIIRS,n,2,279.55,4.08,N,2
52.84971,29.98516,301.57,0.37,0.58,2024-03-01,2311,N20,VIIRS,n,2,272.62,2.24,N,2
51.89269,29.33834,348.88,0.39,0.6,2024-03-01,2311,N20,VIIRS,n,2,276.36,1.85,N,2
52.84954,29.9908,326.37,0.37,0.58,2024-03-01,2311,N20,VIIRS,n,2,275.22,2.79,N,2
51.89284,29.33248,302.55,0.39,0.6,2024-03-01,2311,N20,VIIRS,n,2,273.92,1.85,N,2
51.88731,29.33198,299.54,0.39,0.6,2024-03-01,2311,N20,VIIRS,n,2,272.72,1.85,N,2
52.8462,29.9917,336.14,0.45,0.47,2024-03-02,0052,N20,VIIRS,n,2,275.73,5.88,N,2
51.88881,29.33521,304.68,0.45,0.47,2024-03-02,0052,N20,VIIRS,n,2,272.64,1.87,N,2
51.89129,29.34393,314.1,0.45,0.47,2024-03-02,0052,N20,VIIRS,n,2,272.99,1.87,N,2
51.89282,29.33783,321.78,0.45,0.47,2024-03-02,0052,N20,VIIRS,n,2,273.39,1.87,N,2
51.89037,29.34213,337.52,0.38,0.36,2024-03-02,1040,N20,VIIRS,n,2,288.17,2.34,D,2
52.84719,29.99038,334.77,0.38,0.36,2024-03-02,1041,N20,VIIRS,n,2,287.06,4.47,D,2
52.84958,29.98371,307.36,0.59,0.7,2024-03-02,2252,N20,VIIRS,n,2,270.31,2.71,N,2
52.84822,29.98825,311.8,0.59,0.7,2024-03-02,2252,N20,VIIRS,n,2,270.82,1.89,N,2
51.89324,29.33133,321.31,0.63,0.72,2024-03-02,2252,N20,VIIRS,n,2,272.25,4.02,N,2
51.89616,29.3341,324.9,0.63,0.72,2024-03-02,2252,N20,VIIRS,n,2,272.5,3.52,N,2
52.84619,29.98942,329.26,0.47,0.39,2024-03-03,0033,N20,VIIRS,n,2,273.45,9.59,N,2
53.27156,24.44152,304.65,0.38,0.36,2024-03-03,0033,N20,VIIRS,n,2,275.83,0.97,N,2
51.88808,29.3361,297.69,0.46,0.39,2024-03-03,0033,N20,VIIRS,n,2,271.77,1.53,N,2
51.89154,29.33794,327.2,0.46,0.39,2024-03-03,0033,N20,VIIRS,n,2,274.48,1.53,N,2
55.50488,28.58994,298.12,0.39,0.37,2024-03-04,0014,N20,VIIRS,n,2,269.57,0.63,N,0
55.50315,28.58938,298.04,0.39,0.37,2024-03-04,0014,N20,VIIRS,n,2,269.51,0.35,N,0
51.89193,29.33821,347.12,0.34,0.56,2024-03-05,0944,N20,VIIRS,n,2,282.59,4.51,D,2
51.89331,29.34279,347.66,0.34,0.56,2024-03-05,0944,N20,VIIRS,n,2,282.53,4.51,D,2
54.07362,27.24468,305.59,0.54,0.51,2024-03-05,2336,N20,VIIRS,n,2,269.25,0.87,N,0
53.2583,24.4496,295.16,0.47,0.47,2024-03-06,0117,N20,VIIRS,n,2,273.73,0.88,N,0
53.27101,24.44408,298.12,0.47,0.47,2024-03-06,0117,N20,VIIRS,n,2,273.64,0.54,N,2
53.2697,24.44249,302.47,0.47,0.47,2024-03-06,0117,N20,VIIRS,n,2,273.71,1.13,N,2
53.27416,24.44011,297.81,0.55,0.68,2024-03-06,2317,N20,VIIRS,n,2,268.84,0.88,N,2
52.84737,29.98984,350.07,0.32,0.55,2024-03-06,2318,N20,VIIRS,n,2,271.53,4.81,N,2
52.84756,29.98502,296.59,0.32,0.55,2024-03-06,2318,N20,VIIRS,n,2,267.47,3.04,N,2
51.89613,29.33617,312.73,0.34,0.56,2024-03-06,2318,N20,VIIRS,n,2,268.3,1.18,N,2
51.89458,29.33897,367,0.34,0.56,2024-03-06,2318,N20,VIIRS,h,2,273.12,4.55,N,2
51.89478,29.33399,306.2,0.34,0.56,2024-03-06,2318,N20,VIIRS,n,2,268.34,3.27,N,2
51.88962,29.33339,308.65,0.34,0.56,2024-03-06,2318,N20,VIIRS,n,2,269.73,0.97,N,2
53.27192,24.44317,300.11,0.48,0.4,2024-03-07,0058,N20,VIIRS,n,2,269.82,0.93,N,2
51.89083,29.34328,332.87,0.52,0.5,2024-03-07,0058,N20,VIIRS,n,2,269.81,4.54,N,2
52.84832,29.98947,327.02,0.51,0.5,2024-03-07,0058,N20,VIIRS,n,2,269.1,4.24,N,2
51.89269,29.33635,317.35,0.52,0.5,2024-03-07,0058,N20,VIIRS,n,2,268.96,4.85,N,2
51.89121,29.34751,330.83,0.77,0.78,2024-03-07,0907,N20,VIIRS,n,2,274.97,10.39,D,2
51.89202,29.34194,347.37,0.77,0.78,2024-03-07,0907,N20,VIIRS,n,2,278.2,8,D,2
51.89202,29.34114,337.81,0.39,0.36,2024-03-07,1047,N20,VIIRS,n,2,289.46,6.2,D,2
52.8448,29.98862,325.26,0.4,0.37,2024-03-07,1047,N20,VIIRS,n,2,286.07,2.47,D,2
54.09823,29.16332,325.07,0.39,0.37,2024-03-07,1047,N20,VIIRS,n,2,281.52,1.97,D,0
52.84534,29.98395,309.43,0.51,0.66,2024-03-07,2258,N20,VIIRS,n,2,267.99,2.29,N,2
51.8927,29.33467,344.75,0.54,0.68,2024-03-07,2259,N20,VIIRS,n,2,270.67,5.88,N,2
51.88976,29.3351,333.35,0.54,0.68,2024-03-07,2259,N20,VIIRS,n,2,268.09,2.96,N,2
51.89606,29.33517,325.64,0.54,0.68,2024-03-07,2259,N20,VIIRS,n,2,269.99,2.96,N,2
51.89332,29.33702,316.66,0.52,0.41,2024-03-08,0039,N20,VIIRS,n,2,269.99,4.18,N,2
51.89173,29.34416,323.92,0.52,0.41,2024-03-08,0039,N20,VIIRS,n,2,270.19,3.63,N,2
53.26908,24.44331,299.1,0.39,0.36,2024-03-08,0039,N20,VIIRS,n,2,268.77,0.77,N,2
52.84515,29.9924,322.52,0.52,0.42,2024-03-08,0039,N20,VIIRS,n,2,271.9,5.03,N,2
52.84504,29.99046,330.22,0.52,0.41,2024-03-08,0039,N20,VIIRS,n,2,269.67,8.04,N,2
53.65924,28.20197,325.19,0.43,0.38,2024-03-08,1028,N20,VIIRS,n,2,279.87,2.09,D,0
53.77188,30.64202,342.12,0.39,0.36,2024-03-08,1028,N20,VIIRS,n,2,282.28,6.36,D,0
52.84514,29.98931,333.28,0.4,0.37,2024-03-08,1028,N20,VIIRS,n,2,287.59,5.48,D,2
51.89132,29.33908,329.06,0.42,0.38,2024-03-08,1028,N20,VIIRS,n,2,290.87,6.43,D,2
53.48105,28.34862,331.58,0.42,0.38,2024-03-08,1028,N20,VIIRS,n,2,279.95,3.25,D,0
54.6563,29.37004,346.04,0.4,0.37,2024-03-08,1029,N20,VIIRS,n,2,279.8,16.72,D,0
52.52216,26.88665,342.2,0.58,0.7,2024-03-08,1209,N20,VIIRS,n,2,283.34,10.03,D,0
51.89213,29.34962,345.88,0.74,0.76,2024-03-08,1209,N20,VIIRS,n,2,280.18,9.96,D,0
52.52199,26.88902,349.32,0.58,0.7,2024-03-08,1209,N20,VIIRS,n,2,283.56,9.98,D,0
52.84634,29.99167,329.89,0.4,0.37,2024-03-09,0020,N20,VIIRS,n,2,269.98,4.59,N,2
51.89172,29.33839,327.33,0.4,0.37,2024-03-09,0021,N20,VIIRS,n,2,275.3,1.98,N,2
51.88847,29.33689,301.21,0.4,0.37,2024-03-09,0021,N20,VIIRS,n,2,271.04,1.98,N,2
53.27027,24.44053,301.71,0.42,0.37,2024-03-09,0021,N20,VIIRS,n,2,269.65,0.93,N,2
53.22636,29.57847,325.24,0.54,0.42,2024-03-09,1010,N20,VIIRS,n,2,280.67,3.56,D,0
53.99753,28.24468,327.57,0.57,0.43,2024-03-09,1010,N20,VIIRS,n,2,274.64,4,D,0
53.79161,31.6004,333.24,0.46,0.39,2024-03-09,1010,N20,VIIRS,n,2,274.8,3.96,D,0
53.26996,24.44065,301.3,0.39,0.44,2024-03-10,0002,N20,VIIRS,n,2,269.27,0.97,N,2
51.88995,29.33851,311.89,0.4,0.37,2024-03-10,0002,N20,VIIRS,n,2,269.82,1.43,N,2
51.8933,29.33969,321.98,0.4,0.37,2024-03-10,0002,N20,VIIRS,n,2,271.41,1.39,N,2
51.89281,29.34204,322.77,0.68,0.74,2024-03-10,0142,N20,VIIRS,n,2,268.64,3.39,N,2
51.88699,29.33623,298.94,0.68,0.74,2024-03-10,0142,N20,VIIRS,n,2,269.17,1.36,N,2
51.89008,29.33779,332.08,0.68,0.74,2024-03-10,0142,N20,VIIRS,n,2,270.21,3.93,N,2
52.00825,24.92882,347.62,0.44,0.62,2024-03-10,0951,N20,VIIRS,n,2,281.94,4.08,D,0
52.8228,26.72808,329.27,0.35,0.57,2024-03-10,0951,N20,VIIRS,n,2,279.29,1.57,D,0
52.01012,24.9345,329.03,0.44,0.62,2024-03-10,0951,N20,VIIRS,n,2,279.96,4.08,D,0
54.01509,30.37758,337.94,0.47,0.48,2024-03-10,0951,N20,VIIRS,n,2,279.92,6.12,D,0
52.44736,25.59959,335.9,0.41,0.45,2024-03-10,1131,N20,VIIRS,n,2,284.37,2.73,D,0
52.41738,24.85081,336.54,0.57,0.43,2024-03-10,1131,N20,VIIRS,n,2,284.54,5.96,D,0
52.48856,27.74115,327.4,0.5,0.49,2024-03-10,1131,N20,VIIRS,n,2,280.93,3.9,D,0
54.70302,29.35018,352.13,0.6,0.53,2024-03-10,1132,N20,VIIRS,n,2,281.65,8.79,D,0
54.70436,29.35257,337.62,0.61,0.53,2024-03-10,1132,N20,VIIRS,n,2,280.06,6.39,D,0
54.69943,29.35316,341.71,0.61,0.53,2024-03-10,1132,N20,VIIRS,n,2,280.89,6,D,0
54.69809,29.35075,335.47,0.6,0.53,2024-03-10,1132,N20,VIIRS,n,2,279.74,8.79,D,0
52.09912,26.76063,301.26,0.47,0.48,2024-03-10,2343,N20,VIIRS,n,2,268.87,0.65,N,0
51.89011,29.33261,298.12,0.55,0.43,2024-03-10,2343,N20,VIIRS,n,2,269.07,1.58,N,2
52.79989,29.80268,297.48,0.54,0.42,2024-03-10,2343,N20,VIIRS,n,2,266.88,0.48,N,0
51.89329,29.34167,326.97,0.55,0.43,2024-03-10,2343,N20,VIIRS,n,2,269.05,3.86,N,2
52.60336,29.78084,296.71,0.54,0.42,2024-03-10,2343,N20,VIIRS,n,2,265.56,0.77,N,0
52.846,29.98742,326.18,0.54,0.42,2024-03-10,2343,N20,VIIRS,n,2,268.21,6.46,N,2
51.8914,29.33729,317.58,0.45,0.63,2024-03-11,0123,N20,VIIRS,n,2,268.4,1.96,N,2
51.89214,29.33771,317.63,0.45,0.63,2024-03-11,0123,N20,VIIRS,n,2,268.44,1.41,N,2
51.88697,29.33329,299.01,0.45,0.63,2024-03-11,0123,N20,VIIRS,n,2,266.99,1.41,N,2
51.88945,29.34312,298.92,0.45,0.63,2024-03-11,0123,N20,VIIRS,n,2,267.44,1.96,N,2
52.84541,29.98617,310.89,0.44,0.63,2024-03-11,0123,N20,VIIRS,n,2,265.89,1.37,N,2
52.08788,24.98679,348.79,0.65,0.73,2024-03-11,0932,N20,VIIRS,n,2,270.99,7.09,D,0
52.84581,29.99418,326.15,0.4,0.6,2024-03-11,0932,N20,VIIRS,n,2,280,2.64,D,2
53.20087,29.49967,326.9,0.4,0.6,2024-03-11,0932,N20,VIIRS,n,2,275.27,1.94,D,0
52.09214,24.99151,347.52,0.65,0.73,2024-03-11,0932,N20,VIIRS,n,2,268.55,9.92,D,0
52.09101,24.99486,326.03,0.65,0.73,2024-03-11,0932,N20,VIIRS,n,2,267.63,7.09,D,0
52.62214,25.91864,328.06,0.44,0.38,2024-03-11,1112,N20,VIIRS,n,2,281.58,3.44,D,0
53.2346,32.23224,329.59,0.49,0.49,2024-03-11,1112,N20,VIIRS,n,2,278.68,3.19,D,0
51.8898,29.34561,326.89,0.55,0.43,2024-03-11,1112,N20,VIIRS,n,2,280.72,1.71,D,2
52.30522,26.14192,343.3,0.44,0.38,2024-03-11,1112,N20,VIIRS,n,2,276.25,5.69,D,0
52.84693,29.99265,339.69,0.4,0.44,2024-03-11,1112,N20,VIIRS,n,2,286.84,12.57,D,2
52.87225,28.01797,327.9,0.51,0.41,2024-03-11,1112,N20,VIIRS,n,2,278.86,3.41,D,0
52.84608,29.99078,306.66,0.55,0.51,2024-03-11,2324,N20,VIIRS,n,2,267.05,1.27,N,2
55.32932,29.98103,325.04,0.47,0.64,2024-03-12,0914,N20,VIIRS,n,2,279.52,3.01,D,0
53.15051,32.22126,328.09,0.49,0.4,2024-03-12,1053,N20,VIIRS,n,2,281.05,5.21,D,0
55.12293,29.96358,333.8,0.45,0.39,2024-03-12,1054,N20,VIIRS,n,2,284.11,21.67,D,0
55.33616,29.97029,327.66,0.38,0.36,2024-03-13,1035,N20,VIIRS,n,2,282.2,1.7,D,0
52.84601,29.99046,340.9,0.48,0.4,2024-03-14,1016,N20,VIIRS,n,2,288.2,7.76,D,2
53.57112,30.25712,333.59,0.45,0.39,2024-03-14,1016,N20,VIIRS,n,2,288.06,9.16,D,0
51.88698,29.33828,301.91,0.39,0.36,2024-03-15,0008,N20,VIIRS,n,2,270.28,0.39,N,2
51.89024,29.33955,298.02,0.39,0.36,2024-03-15,0008,N20,VIIRS,n,2,270.74,0.39,N,2
52.84652,29.99169,327.98,0.39,0.36,2024-03-15,0008,N20,VIIRS,n,2,273.89,4.07,N,2
51.89038,29.33774,303.64,0.77,0.77,2024-03-15,0148,N20,VIIRS,n,2,269.86,2.16,N,2
52.84456,29.98456,297.98,0.74,0.76,2024-03-15,0148,N20,VIIRS,n,2,268.51,1.84,N,0
52.85036,29.99123,310.75,0.74,0.76,2024-03-15,0148,N20,VIIRS,n,2,270.28,1.84,N,2
52.85166,29.98586,304.38,0.74,0.76,2024-03-15,0148,N20,VIIRS,n,2,269.2,3.07,N,2
54.26586,30.90569,337.09,0.39,0.44,2024-03-15,0957,N20,VIIRS,n,2,282.55,5.34,D,0
53.39559,30.50338,331.46,0.43,0.46,2024-03-15,0957,N20,VIIRS,n,2,285.29,6.83,D,0
55.40531,28.4409,335.16,0.33,0.55,2024-03-15,1138,N20,VIIRS,n,2,277.55,4.1,D,0
53.86633,31.61545,338.4,0.43,0.62,2024-03-15,1138,N20,VIIRS,n,2,283.34,4.59,D,0
55.33545,30.73581,336,0.4,0.6,2024-03-15,1138,N20,VIIRS,n,2,283.29,5.13,D,0
55.5329,28.51697,300.65,0.57,0.43,2024-03-15,2348,N20,VIIRS,n,2,271.75,1.18,N,0
52.84832,29.98895,329.58,0.48,0.4,2024-03-15,2349,N20,VIIRS,n,2,274.95,6.34,N,2
52.84596,29.99054,355.48,0.35,0.57,2024-03-16,0938,N20,VIIRS,n,2,286.95,6.35,D,2
52.8695,27.49388,333.48,0.43,0.62,2024-03-16,0938,N20,VIIRS,n,2,282.56,2.96,D,0
52.87209,27.49284,331.09,0.43,0.62,2024-03-16,0938,N20,VIIRS,n,2,282.7,2.47,D,0
55.15557,29.21433,345.05,0.62,0.54,2024-03-16,0939,N20,VIIRS,n,2,278.54,10.74,D,0
52.38899,26.47565,326.78,0.5,0.41,2024-03-16,1118,N20,VIIRS,n,2,285.81,3.38,D,0
52.84472,29.99372,336.92,0.46,0.47,2024-03-16,1118,N20,VIIRS,n,2,287.98,4.33,D,2
53.60128,27.75409,334.15,0.38,0.43,2024-03-16,1119,N20,VIIRS,n,2,284.01,5.95,D,0
54.18847,31.38203,338.37,0.54,0.51,2024-03-16,1119,N20,VIIRS,n,2,285.35,19.73,D,0
54.18641,31.3831,338.58,0.54,0.51,2024-03-16,1119,N20,VIIRS,n,2,285.4,12.51,D,0
54.71253,29.20222,328.62,0.45,0.47,2024-03-16,1119,N20,VIIRS,n,2,282.14,2.37,D,0
53.07227,30.48072,336.17,0.48,0.48,2024-03-16,1119,N20,VIIRS,n,2,285.92,4.04,D,0
52.8463,29.99061,337.56,0.47,0.48,2024-03-16,2330,N20,VIIRS,n,2,274.51,6.67,N,2
52.8472,29.99128,304.49,0.34,0.56,2024-03-17,0110,N20,VIIRS,n,2,264.5,1.05,N,2
51.88599,29.33674,301.59,0.34,0.56,2024-03-17,0111,N20,VIIRS,n,2,273.56,0.73,N,2
51.88897,29.33658,306.47,0.34,0.56,2024-03-17,0111,N20,VIIRS,n,2,274.06,0.68,N,2
52.84938,29.98837,321.92,0.43,0.38,2024-03-20,2355,N20,VIIRS,n,2,273.5,1.76,N,2
52.84592,29.98722,302.21,0.43,0.38,2024-03-20,2355,N20,VIIRS,n,2,272.8,1.76,N,2
53.27052,24.44017,308.1,0.35,0.56,2024-03-21,0135,N20,VIIRS,n,2,271.6,0.9,N,2
52.84699,29.98443,296.45,0.57,0.69,2024-03-21,0135,N20,VIIRS,n,2,270.91,1.32,N,2
52.84526,29.99035,327.12,0.64,0.54,2024-03-21,0943,N20,VIIRS,n,2,277.44,2.61,D,2
51.88979,29.34105,330.8,0.36,0.58,2024-03-21,0943,N20,VIIRS,n,2,285.34,4.36,D,2
52.44948,25.17429,338.01,0.5,0.41,2024-03-21,1123,N20,VIIRS,n,2,284.49,4.47,D,0
52.4702,25.04216,326.69,0.5,0.41,2024-03-21,1123,N20,VIIRS,n,2,284.93,2.51,D,0
51.78639,24.20966,329.61,0.46,0.39,2024-03-21,1123,N20,VIIRS,n,2,289.42,2.64,D,0
52.84907,29.9897,330.86,0.43,0.46,2024-03-21,2334,N20,VIIRS,n,2,274.36,4.53,N,2
52.8459,29.98836,332.99,0.37,0.58,2024-03-22,0114,N20,VIIRS,n,2,273.4,2.26,N,2
51.88982,29.33872,339.44,0.38,0.59,2024-03-22,0115,N20,VIIRS,n,2,274.53,3.22,N,2
51.88856,29.33728,296.54,0.38,0.36,2024-03-25,0013,N20,VIIRS,n,2,273.03,0.76,N,2
52.8467,29.98821,326.58,0.38,0.36,2024-03-25,0013,N20,VIIRS,n,2,274.68,4.59,N,2
53.5869,31.94976,296.99,0.39,0.37,2024-03-25,0013,N20,VIIRS,n,2,272.16,0.43,N,0
51.89179,29.33863,310.97,0.38,0.36,2024-03-25,0013,N20,VIIRS,n,2,273.95,0.76,N,2
52.85225,29.99663,296.03,0.38,0.36,2024-03-25,0013,N20,VIIRS,n,2,276.03,0.82,N,0
53.27001,24.4418,297.79,0.51,0.66,2024-03-25,0153,N20,VIIRS,n,2,271.02,0.82,N,2
52.99413,26.55519,325.47,0.57,0.52,2024-03-25,1002,N20,VIIRS,n,2,284.48,4.9,D,0
52.84873,29.98858,326.82,0.45,0.39,2024-03-25,2352,N20,VIIRS,n,2,274.23,8.95,N,2
52.84757,29.98749,326.71,0.45,0.39,2024-03-25,2352,N20,VIIRS,n,2,273.48,5.75,N,2
53.27006,24.43868,303.5,0.47,0.48,2024-03-25,2352,N20,VIIRS,n,2,271.74,0.76,N,2
51.89159,29.33748,308.26,0.46,0.39,2024-03-25,2353,N20,VIIRS,n,2,271.23,1.57,N,2
52.84906,29.99052,330.4,0.55,0.68,2024-03-26,0132,N20,VIIRS,n,2,269.3,3.25,N,2
53.27105,24.44394,300.9,0.33,0.55,2024-03-26,0133,N20,VIIRS,n,2,272.91,0.72,N,2
54.18174,28.37493,325.63,0.34,0.56,2024-03-26,0941,N20,VIIRS,n,2,287.55,5.71,D,0
54.18032,28.37029,355.6,0.34,0.56,2024-03-26,0941,N20,VIIRS,n,2,292.87,9.68,D,0
53.0729,29.42273,329.02,0.47,0.47,2024-03-26,1121,N20,VIIRS,n,2,282.13,2.4,D,0
51.89149,29.34125,332.76,0.45,0.47,2024-03-26,1121,N20,VIIRS,n,2,286.96,2.75,D,2
51.89029,29.33298,299.64,0.47,0.48,2024-03-26,2332,N20,VIIRS,n,2,273.96,1.41,N,2
51.89419,29.34072,328.37,0.47,0.48,2024-03-26,2332,N20,VIIRS,n,2,273.03,3.36,N,2
51.89376,29.34086,322.98,0.47,0.48,2024-03-26,2332,N20,VIIRS,n,2,273.02,2.11,N,2
53.39479,32.01293,299.1,0.38,0.43,2024-03-26,2332,N20,VIIRS,n,2,274.98,0.92,N,2
52.84903,29.99029,311.78,0.45,0.47,2024-03-26,2332,N20,VIIRS,n,2,262.77,1.97,N,2
53.39589,32.01458,298.43,0.38,0.43,2024-03-26,2332,N20,VIIRS,n,2,274.16,1,N,2
52.84738,29.98642,312.04,0.35,0.57,2024-03-27,0112,N20,VIIRS,n,2,271.46,1.83,N,2
53.27232,24.44392,297.88,0.42,0.45,2024-03-27,0112,N20,VIIRS,n,2,273.92,1.21,N,2
51.89004,29.3396,347.77,0.36,0.57,2024-03-27,0112,N20,VIIRS,n,2,275.46,3.46,N,2
52.84592,29.99113,325.03,0.35,0.57,2024-03-27,0112,N20,VIIRS,n,2,272.96,1.83,N,2
52.84523,29.98796,342.24,0.35,0.57,2024-03-27,0112,N20,VIIRS,n,2,272.32,3.68,N,2
51.89075,29.33984,331.64,0.6,0.7,2024-03-27,0920,N20,VIIRS,n,2,285.04,5.83,D,2
52.2814,27.67327,328.7,0.41,0.37,2024-03-27,1100,N20,VIIRS,n,2,286.03,2.64,D,0
52.28064,27.66739,327.99,0.41,0.37,2024-03-27,1100,N20,VIIRS,n,2,283.31,2.71,D,0
52.74577,24.87663,344.56,0.38,0.36,2024-03-27,1101,N20,VIIRS,n,2,283.74,4.02,D,0
52.74256,24.87794,328.45,0.38,0.36,2024-03-27,1101,N20,VIIRS,n,2,280.77,4.02,D,0
52.62603,26.15222,329.12,0.39,0.36,2024-03-27,1101,N20,VIIRS,n,2,287.22,1.72,D,0
53.82984,30.45955,335.38,0.5,0.41,2024-03-27,1101,N20,VIIRS,n,2,281.83,11.58,D,0
53.79457,31.66837,341.75,0.55,0.43,2024-03-27,1101,N20,VIIRS,n,2,291.66,15.84,D,0
53.08264,26.61216,329.97,0.4,0.37,2024-03-27,1101,N20,VIIRS,n,2,284.31,3.29,D,0
53.07935,26.61337,331.78,0.4,0.37,2024-03-27,1101,N20,VIIRS,n,2,285.82,3.29,D,0
52.74899,24.87531,340.11,0.38,0.36,2024-03-27,1101,N20,VIIRS,n,2,285.69,13,D,0
52.74983,24.88085,336.06,0.38,0.36,2024-03-27,1101,N20,VIIRS,n,2,280.66,5.67,D,0
52.74661,24.88217,346.45,0.38,0.36,2024-03-27,1101,N20,VIIRS,n,2,282.84,7.34,D,0
54.20911,26.89611,322.86,0.51,0.66,2024-03-27,2311,N20,VIIRS,n,2,275.87,2.78,N,0
52.8487,29.98755,309.19,0.37,0.58,2024-03-27,2311,N20,VIIRS,n,2,274.48,1.03,N,2
52.28777,27.61089,296.19,0.47,0.64,2024-03-27,2311,N20,VIIRS,n,2,277.06,0.44,N,0
51.97186,26.11815,298.07,0.54,0.68,2024-03-27,2312,N20,VIIRS,n,2,275.58,1.27,N,0
51.89223,29.33678,320.07,0.39,0.59,2024-03-27,2312,N20,VIIRS,n,2,275.9,1.59,N,2
55.48403,28.60398,296.04,0.52,0.41,2024-03-28,0051,N20,VIIRS,n,2,273.73,0.69,N,0
53.27204,24.44045,307.8,0.44,0.38,2024-03-28,0052,N20,VIIRS,n,2,278.13,1.24,N,2
51.89106,29.34108,309.08,0.45,0.47,2024-03-28,0052,N20,VIIRS,n,2,276.12,1.19,N,2
51.98055,26.11254,295.84,0.52,0.41,2024-03-28,0052,N20,VIIRS,n,2,278,1.1,N,0
51.97017,26.12265,302.38,0.52,0.41,2024-03-28,0052,N20,VIIRS,n,2,275.64,0.81,N,0
51.98035,26.11395,304.58,0.52,0.41,2024-03-28,0052,N20,VIIRS,n,2,278.1,1.06,N,0
51.97002,26.12408,300.28,0.52,0.41,2024-03-28,0052,N20,VIIRS,n,2,275.51,0.84,N,0
52.84618,29.98633,329.5,0.45,0.47,2024-03-28,0052,N20,VIIRS,n,2,274.36,4.11,N,2
53.25943,24.44746,297.31,0.44,0.38,2024-03-28,0052,N20,VIIRS,n,2,278.37,0.76,N,2
52.98668,27.95097,332.18,0.39,0.36,2024-03-28,1040,N20,VIIRS,n,2,287.37,3,D,0
51.89043,29.3427,335.16,0.39,0.36,2024-03-28,1040,N20,VIIRS,n,2,287.49,3.12,D,2
52.278,27.59,341.94,0.4,0.37,2024-03-28,1040,N20,VIIRS,n,2,288.19,7.65,D,0
52.28846,27.60956,331.87,0.4,0.37,2024-03-28,1040,N20,VIIRS,n,2,286.18,2.45,D,0
52.8465,29.99372,328.33,0.38,0.36,2024-03-28,1040,N20,VIIRS,n,2,285.07,1.9,D,2
53.25982,24.44957,297.8,0.39,0.36,2024-03-29,0031,N20,VIIRS,n,2,280.18,0.68,N,2
53.27127,24.44235,313.4,0.39,0.36,2024-03-29,0031,N20,VIIRS,n,2,280.36,1.49,N,2
51.89272,29.33807,317.68,0.45,0.39,2024-03-29,0032,N20,VIIRS,n,2,279.15,1.9,N,2
51.88985,29.33779,303.73,0.38,0.36,2024-03-30,0011,N20,VIIRS,n,2,275.86,1,N,2
53.39425,32.01433,301.7,0.39,0.36,2024-03-30,0011,N20,VIIRS,n,2,279.71,0.95,N,2
52.84796,29.99308,325.82,0.38,0.36,2024-03-30,0011,N20,VIIRS,n,2,278.99,2.19,N,2
53.27062,24.43953,304.43,0.48,0.4,2024-03-30,0011,N20,VIIRS,n,2,273.8,1.3,N,2
52.84996,29.99191,296.91,0.79,0.78,2024-03-30,0150,N20,VIIRS,n,2,273.35,1.95,N,2
52.84859,29.98689,303.52,0.79,0.78,2024-03-30,0150,N20,VIIRS,n,2,273.92,2.02,N,2
52.8475,29.98964,329.3,0.46,0.39,2024-03-30,2350,N20,VIIRS,n,2,280.47,4.23,N,2
52.85392,29.99872,295.5,0.46,0.39,2024-03-30,2350,N20,VIIRS,n,2,281.42,0.57,N,2
51.99802,23.7282,299.96,0.52,0.5,2024-03-30,2351,N20,VIIRS,n,2,281.9,0.77,N,0
51.88859,29.33333,304.59,0.47,0.4,2024-03-30,2351,N20,VIIRS,n,2,282.22,1.4,N,2
51.89146,29.34128,295.77,0.47,0.4,2024-03-30,2351,N20,VIIRS,n,2,280.53,0.92,N,2
52.84495,29.98625,307.07,0.52,0.67,2024-03-31,0130,N20,VIIRS,n,2,278.97,1.58,N,2
52.84708,29.98902,332.04,0.35,0.57,2024-03-31,0939,N20,VIIRS,n,2,295.44,3.75,D,2
53.39576,31.92716,338.92,0.57,0.52,2024-03-31,0939,N20,VIIRS,n,2,294.62,7.28,D,0
53.2342,31.65981,333.3,0.59,0.53,2024-03-31,0939,N20,VIIRS,n,2,291.26,3.98,D,0
53.33458,32.1682,332.57,0.56,0.51,2024-03-31,0939,N20,VIIRS,n,2,292.31,5.82,D,0
51.57158,27.9507,327.86,0.46,0.64,2024-03-31,0939,N20,VIIRS,n,2,295.8,4.38,D,0
51.57357,27.95664,327.24,0.46,0.64,2024-03-31,0939,N20,VIIRS,n,2,292.78,3.8,D,0
51.5713,27.95221,327.94,0.46,0.64,2024-03-31,0939,N20,VIIRS,n,2,295.2,4.41,D,0
54.08659,31.49787,334.54,0.56,0.51,2024-03-31,0939,N20,VIIRS,n,2,292.62,5.6,D,0
53.65812,31.71291,328.71,0.56,0.52,2024-03-31,0939,N20,VIIRS,n,2,293.43,4.04,D,0
53.39358,31.9194,331.01,0.57,0.52,2024-03-31,0939,N20,VIIRS,n,2,293.91,7.28,D,0
54.07823,28.30507,327.91,0.41,0.45,2024-03-31,1119,N20,VIIRS,n,2,291.3,2.24,D,0
53.84032,31.50191,331.95,0.55,0.51,2024-03-31,1119,N20,VIIRS,n,2,292.29,2.84,D,0
52.30047,27.6558,330.19,0.56,0.43,2024-03-31,1119,N20,VIIRS,n,2,287.99,3.75,D,0
54.9049,29.57589,337.96,0.47,0.48,2024-03-31,1119,N20,VIIRS,n,2,291.51,4.77,D,0
54.36055,31.24411,326.8,0.54,0.51,2024-03-31,1119,N20,VIIRS,n,2,290.55,3.29,D,0
54.87841,29.57767,305.01,0.52,0.5,2024-03-31,2329,N20,VIIRS,n,2,281.52,1.89,N,0
54.90598,29.5825,315.53,0.52,0.5,2024-03-31,2329,N20,VIIRS,n,2,279.9,2.08,N,0
54.90499,29.58007,329.44,0.52,0.5,2024-03-31,2329,N20,VIIRS,n,2,280.24,2.44,N,0
55.60622,26.89935,300.67,0.34,0.56,2024-03-31,2329,N20,VIIRS,n,2,278.65,0.57,N,0
54.90646,29.57435,296.58,0.52,0.5,2024-03-31,2329,N20,VIIRS,n,2,278.73,2.08,N,0
53.78607,31.64717,299.18,0.42,0.45,2024-03-31,2329,N20,VIIRS,n,2,281.92,0.44,N,0
54.02758,31.39039,317.02,0.43,0.46,2024-03-31,2329,N20,VIIRS,n,2,281.72,1.74,N,0
54.57502,28.20294,295.69,0.58,0.52,2024-03-31,2329,N20,VIIRS,n,2,279.57,1.03,N,0
54.87381,29.5769,319.45,0.52,0.5,2024-03-31,2329,N20,VIIRS,n,2,281.88,1.89,N,0
53.39466,32.01574,295.01,0.4,0.44,2024-03-31,2329,N20,VIIRS,n,2,284.72,1.18,N,2
53.41116,32.16742,304.3,0.4,0.44,2024-03-31,2329,N20,VIIRS,n,2,282.63,0.83,N,0
52.84849,29.99107,301.47,0.48,0.48,2024-03-31,2330,N20,VIIRS,n,2,261,0.62,N,2
53.27005,24.43883,295.19,0.41,0.61,2024-03-31,2330,N20,VIIRS,n,2,273.9,0.83,N,2
54.87629,29.57562,324.34,0.55,0.51,2024-04-01,0109,N20,VIIRS,n,2,281.04,3.53,N,0
53.40105,31.90653,296.77,0.38,0.58,2024-04-01,0110,N20,VIIRS,n,2,279.49,0.39,N,0
53.40316,31.90749,295.25,0.38,0.59,2024-04-01,0110,N20,VIIRS,n,2,278.94,0.4,N,0
52.53786,30.69542,344.38,0.53,0.67,2024-04-01,0918,N20,VIIRS,n,2,287.09,5.74,D,0
52.54132,30.68996,334.63,0.53,0.67,2024-04-01,0918,N20,VIIRS,n,2,287.08,4.26,D,0
52.536,30.69505,336.35,0.53,0.67,2024-04-01,0918,N20,VIIRS,n,2,287.36,4.26,D,0
54.34821,31.14502,347.18,0.43,0.62,2024-04-01,0919,N20,VIIRS,n,2,273.84,4.87,D,0
52.25877,29.82938,331.93,0.44,0.39,2024-04-01,1058,N20,VIIRS,n,2,295.18,3.64,D,0
53.80567,31.46749,325.7,0.52,0.41,2024-04-01,1058,N20,VIIRS,n,2,292.39,3.05,D,0
53.55511,29.3837,327.27,0.45,0.39,2024-04-01,1058,N20,VIIRS,n,2,292.68,2.09,D,0
53.77642,31.69317,338.99,0.53,0.42,2024-04-01,1058,N20,VIIRS,n,2,292.78,4.21,D,0
53.77766,31.69191,341.1,0.53,0.42,2024-04-01,1058,N20,VIIRS,n,2,294.65,8.25,D,0
53.39222,30.38998,332.35,0.47,0.4,2024-04-01,1058,N20,VIIRS,n,2,296.69,4.19,D,0
53.38862,30.39108,333.47,0.47,0.4,2024-04-01,1058,N20,VIIRS,n,2,298.56,4.19,D,0
52.96685,29.96603,336.42,0.45,0.39,2024-04-01,1058,N20,VIIRS,n,2,296.15,6.66,D,0
52.51066,26.89648,327.64,0.39,0.36,2024-04-01,1058,N20,VIIRS,n,2,294.56,2.43,D,0
52.51145,26.90214,336.31,0.39,0.36,2024-04-01,1058,N20,VIIRS,n,2,293.14,3.37,D,0
52.50897,26.90902,329.95,0.39,0.36,2024-04-01,1058,N20,VIIRS,n,2,294.3,2.87,D,0
52.84653,29.98903,331.72,0.45,0.39,2024-04-01,1058,N20,VIIRS,n,2,298.08,3.35,D,2
52.84458,29.9919,329.2,0.45,0.39,2024-04-01,1058,N20,VIIRS,n,2,296.64,0.96,D,2
54.27724,29.54186,331.15,0.46,0.39,2024-04-01,1059,N20,VIIRS,n,2,293.17,5.91,D,0
55.1592,27.36069,332.64,0.42,0.37,2024-04-01,1059,N20,VIIRS,n,2,291.11,4.35,D,0
55.36081,29.23472,328.92,0.46,0.39,2024-04-01,1059,N20,VIIRS,n,2,288.95,2.24,D,0
55.35955,29.23575,332.5,0.46,0.39,2024-04-01,1059,N20,VIIRS,n,2,288.64,1.56,D,0
55.17211,28.88767,329.86,0.45,0.39,2024-04-01,1059,N20,VIIRS,n,2,289.44,4.98,D,0
54.08584,31.5125,330.25,0.52,0.42,2024-04-01,1059,N20,VIIRS,n,2,291.27,4.18,D,0
54.18809,31.37202,338.67,0.52,0.41,2024-04-01,1059,N20,VIIRS,n,2,292.31,5.73,D,0
54.27294,29.53606,349.38,0.46,0.39,2024-04-01,1059,N20,VIIRS,n,2,296.57,7.95,D,0
54.88853,29.59959,327.6,0.47,0.39,2024-04-01,1059,N20,VIIRS,n,2,290.73,3.08,D,0
53.77324,24.63238,335.71,0.38,0.36,2024-04-01,1059,N20,VIIRS,n,2,287.9,4.65,D,0
54.27648,29.53491,346.27,0.46,0.39,2024-04-01,1059,N20,VIIRS,n,2,293.76,5.91,D,0
52.50312,26.9459,296.84,0.53,0.67,2024-04-01,2309,N20,VIIRS,n,2,279.68,1.25,N,0
52.8494,29.98978,305.85,0.43,0.46,2024-04-02,0049,N20,VIIRS,n,2,282.13,3.6,N,2
52.84549,29.98714,337.23,0.43,0.46,2024-04-02,0049,N20,VIIRS,n,2,282.8,3.6,N,2
52.49994,26.94476,323.46,0.51,0.41,2024-04-02,0050,N20,VIIRS,n,2,277.71,2.83,N,0
51.88623,29.33616,297.21,0.43,0.46,2024-04-02,0050,N20,VIIRS,n,2,279.58,0.94,N,2
52.50367,26.94675,298.04,0.51,0.41,2024-04-02,0050,N20,VIIRS,n,2,276.04,0.91,N,0
52.50526,26.93958,309.31,0.51,0.41,2024-04-02,0050,N20,VIIRS,n,2,277.02,1.61,N,0
52.50008,26.94464,322.86,0.51,0.41,2024-04-02,0050,N20,VIIRS,n,2,277.54,3.3,N,0
52.30363,30.22913,303.1,0.45,0.47,2024-04-02,0050,N20,VIIRS,n,2,280.99,2.03,N,0
52.30763,30.23183,323.36,0.45,0.47,2024-04-02,0050,N20,VIIRS,n,2,280.14,2.03,N,0
52.03825,27.28816,341.86,0.42,0.37,2024-04-02,1038,N20,VIIRS,n,2,299.22,3.66,D,0
54.46325,26.02566,345.75,0.41,0.37,2024-04-02,1038,N20,VIIRS,n,2,296.62,5.36,D,0
54.46286,26.02675,341.7,0.41,0.37,2024-04-02,1038,N20,VIIRS,n,2,297.04,4.45,D,0
54.18864,27.09117,343.23,0.4,0.37,2024-04-02,1038,N20,VIIRS,n,2,296.79,6.7,D,0
53.53631,27.76554,353.56,0.4,0.37,2024-04-02,1038,N20,VIIRS,n,2,298.62,19.07,D,0
53.53308,27.76711,347.2,0.4,0.37,2024-04-02,1038,N20,VIIRS,n,2,304.09,19.07,D,0
53.53407,27.77289,333.46,0.4,0.37,2024-04-02,1038,N20,VIIRS,n,2,298.36,8.63,D,0
53.53084,27.77447,338.54,0.4,0.37,2024-04-02,1038,N20,VIIRS,n,2,297.87,4.13,D,0
53.5529,28.02546,339.33,0.39,0.36,2024-04-02,1038,N20,VIIRS,n,2,294.96,3.45,D,0
53.06066,25.72472,331.53,0.44,0.38,2024-04-02,1038,N20,VIIRS,n,2,300.3,1.99,D,0
52.76643,26.83893,327.88,0.42,0.37,2024-04-02,1038,N20,VIIRS,n,2,297.31,2.29,D,0
52.50181,26.92993,342.81,0.42,0.38,2024-04-02,1038,N20,VIIRS,n,2,299.81,4.96,D,0
52.50225,26.93142,339.79,0.42,0.38,2024-04-02,1038,N20,VIIRS,n,2,300.06,4.84,D,0
52.49894,26.93306,342.95,0.42,0.38,2024-04-02,1038,N20,VIIRS,n,2,299.01,4.84,D,0
52.1175,27.8404,346.02,0.41,0.37,2024-04-02,1038,N20,VIIRS,n,2,302.41,9.93,D,0
52.04838,27.79997,328.47,0.41,0.37,2024-04-02,1038,N20,VIIRS,n,2,298.29,1.62,D,0
51.89077,29.33934,335.77,0.39,0.36,2024-04-02,1038,N20,VIIRS,n,2,296.03,2.17,D,2
54.0686,31.6125,298.75,0.56,0.69,2024-04-02,2248,N20,VIIRS,n,2,278.07,0.93,N,0
54.06963,31.60858,296.27,0.56,0.69,2024-04-02,2248,N20,VIIRS,n,2,277.61,1.06,N,0
54.06152,31.47664,299.25,0.57,0.69,2024-04-02,2248,N20,VIIRS,n,2,271.72,1.69,N,0
54.06095,31.47203,301.31,0.57,0.69,2024-04-02,2248,N20,VIIRS,n,2,277.01,2.09,N,0
54.06104,31.48073,307.54,0.57,0.69,2024-04-02,2248,N20,VIIRS,n,2,277.46,2.09,N,0
52.94358,26.25698,326.9,0.32,0.55,2024-04-04,0957,N20,VIIRS,n,2,280.05,3.16,D,0
52.84724,29.98912,339.73,0.48,0.4,2024-04-04,2349,N20,VIIRS,n,2,276.57,11.74,N,2
52.27361,31.47789,340.16,0.52,0.5,2024-04-05,1118,N20,VIIRS,n,2,286.29,4.61,D,0
53.27401,24.44009,295.25,0.41,0.6,2024-04-05,2330,N20,VIIRS,n,2,268.44,0.49,N,2
51.89438,29.3396,313.5,0.39,0.59,2024-04-06,2311,N20,VIIRS,n,2,279.08,1.12,N,2
52.84639,29.98944,325.15,0.37,0.58,2024-04-06,2311,N20,VIIRS,n,2,279.99,2.19,N,2
51.89373,29.33637,314.75,0.39,0.59,2024-04-06,2311,N20,VIIRS,n,2,278.86,2.31,N,2
51.88902,29.3333,306.83,0.39,0.59,2024-04-06,2311,N20,VIIRS,n,2,279.06,0.95,N,2
51.88752,29.33521,295.93,0.45,0.47,2024-04-07,0052,N20,VIIRS,n,2,279.39,0.66,N,2
52.84648,29.99113,326.57,0.45,0.47,2024-04-07,0052,N20,VIIRS,n,2,279.59,2.46,N,2
51.89154,29.3378,311.65,0.45,0.47,2024-04-07,0052,N20,VIIRS,n,2,279.61,1.87,N,2
51.89156,29.33477,295.1,0.63,0.72,2024-04-07,2252,N20,VIIRS,n,2,268.57,1.14,N,2
52.84727,29.99146,343.5,0.47,0.4,2024-04-08,0033,N20,VIIRS,n,2,274.03,7.69,N,2
52.84654,29.99135,340.43,0.47,0.4,2024-04-08,0033,N20,VIIRS,n,2,274.07,7.24,N,2
53.55626,31.84271,330.82,0.39,0.37,2024-04-08,1022,N20,VIIRS,n,2,285.39,2.96,D,0
53.55301,31.84429,325.28,0.39,0.37,2024-04-08,1022,N20,VIIRS,n,2,284.23,1.65,D,0
53.96458,30.50948,327.99,0.41,0.37,2024-04-08,1022,N20,VIIRS,n,2,283.71,2.22,D,0
55.50491,28.58546,297.89,0.39,0.36,2024-04-09,0014,N20,VIIRS,n,2,281.73,0.49,N,2
52.84991,29.99234,295.49,0.39,0.36,2024-04-09,0014,N20,VIIRS,n,2,280.89,2.52,N,2
52.84668,29.99089,328.11,0.39,0.36,2024-04-09,0014,N20,VIIRS,n,2,283.67,2.52,N,2
53.27129,24.44258,310.22,0.45,0.39,2024-04-09,0014,N20,VIIRS,n,2,284.95,1.34,N,2
51.89249,29.33855,304.38,0.39,0.36,2024-04-09,0015,N20,VIIRS,n,2,282.5,0.59,N,2
51.88926,29.33718,306.88,0.39,0.36,2024-04-09,0015,N20,VIIRS,n,2,281.9,0.59,N,2
52.972,30.34985,342.88,0.39,0.44,2024-04-09,1003,N20,VIIRS,n,2,295.52,4.39,D,0
52.96823,30.35228,325.93,0.39,0.44,2024-04-09,1003,N20,VIIRS,n,2,293.71,2.02,D,0
51.93464,23.75115,349.75,0.37,0.58,2024-04-09,1004,N20,VIIRS,n,2,296.91,6.5,D,0
51.94064,23.76269,329.29,0.45,0.47,2024-04-09,1144,N20,VIIRS,n,2,291.82,1.98,D,0
53.57681,31.90342,325.49,0.51,0.66,2024-04-09,1144,N20,VIIRS,n,2,290.26,1.58,D,0
51.88973,29.34406,340.42,0.39,0.6,2024-04-09,1144,N20,VIIRS,n,2,297.98,3.97,D,2
52.99253,30.63681,328.97,0.45,0.63,2024-04-09,1144,N20,VIIRS,n,2,290.35,4.89,D,0
52.97207,30.3524,326.02,0.44,0.62,2024-04-09,1144,N20,VIIRS,n,2,290.57,2.45,D,0
54.61498,30.37831,327.46,0.45,0.63,2024-04-09,1145,N20,VIIRS,n,2,288.69,2.56,D,0
54.61396,30.37858,325.3,0.45,0.63,2024-04-09,1145,N20,VIIRS,n,2,288.4,3.62,D,0
53.39367,32.01397,307.04,0.4,0.37,2024-04-09,2355,N20,VIIRS,n,2,286.23,1.27,N,2
53.58614,31.95201,296.33,0.4,0.37,2024-04-09,2355,N20,VIIRS,n,2,281.26,0.52,N,0
53.67037,31.82856,297,0.4,0.37,2024-04-09,2355,N20,VIIRS,n,2,284.86,0.54,N,0
53.27252,24.44121,305.28,0.44,0.46,2024-04-09,2356,N20,VIIRS,n,2,278.88,1.12,N,2
51.89046,29.33729,303.23,0.43,0.38,2024-04-09,2356,N20,VIIRS,n,2,282.69,0.64,N,2
52.84892,29.99332,296.72,0.43,0.38,2024-04-09,2356,N20,VIIRS,n,2,281.75,2.39,N,2
52.84548,29.99215,327.05,0.43,0.38,2024-04-09,2356,N20,VIIRS,n,2,282.52,2.39,N,2
51.89393,29.3384,296.31,0.43,0.38,2024-04-09,2356,N20,VIIRS,n,2,283.51,0.64,N,2
53.27305,24.44413,299.03,0.35,0.57,2024-04-10,0136,N20,VIIRS,n,2,275.4,0.78,N,2
53.2589,24.44736,296.48,0.35,0.57,2024-04-10,0136,N20,VIIRS,n,2,277.59,0.52,N,2
53.27264,24.44117,297.86,0.35,0.57,2024-04-10,0136,N20,VIIRS,n,2,274.47,0.75,N,2
53.25922,24.45033,295.91,0.35,0.57,2024-04-10,0136,N20,VIIRS,n,2,279.59,0.33,N,2
51.89014,29.34166,307.07,0.6,0.71,2024-04-10,0136,N20,VIIRS,n,2,282.13,2.64,N,2
52.10872,31.03727,305.51,0.68,0.74,2024-04-10,0136,N20,VIIRS,n,2,277.69,1.3,N,0
52.84715,29.99036,315.33,0.58,0.7,2024-04-10,0136,N20,VIIRS,n,2,280.14,2.55,N,2
52.84949,29.99245,309.96,0.58,0.7,2024-04-10,0136,N20,VIIRS,n,2,280.37,2.32,N,2
53.35035,32.08755,328.97,0.49,0.48,2024-04-10,0945,N20,VIIRS,n,2,297.24,2.44,D,0
53.83661,31.75193,330.68,0.48,0.48,2024-04-10,0945,N20,VIIRS,n,2,297.28,3.42,D,0
55.57025,29.58755,333.45,0.51,0.49,2024-04-10,0945,N20,VIIRS,n,2,295.23,4.53,D,0
55.35624,30.08749,336.46,0.5,0.49,2024-04-10,0945,N20,VIIRS,n,2,293.72,4.89,D,0
54.88408,29.58277,347.23,0.54,0.5,2024-04-10,0945,N20,VIIRS,n,2,299.83,11.69,D,0
53.89091,31.4747,328.18,0.49,0.49,2024-04-10,0945,N20,VIIRS,n,2,297.48,3.91,D,0
51.88987,29.34018,326.09,0.34,0.56,2024-04-10,0945,N20,VIIRS,l,2,299.37,2.95,D,2
53.35112,32.08731,329.94,0.49,0.48,2024-04-10,0945,N20,VIIRS,n,2,297.38,2.13,D,0
52.96761,30.35019,333.57,0.56,0.51,2024-04-10,1125,N20,VIIRS,n,2,296.24,3.21,D,0
52.84647,29.99363,325.37,0.54,0.5,2024-04-10,1125,N20,VIIRS,l,2,299.17,5.04,D,2
52.84389,29.99386,325.09,0.54,0.5,2024-04-10,1125,N20,VIIRS,l,2,297.35,2.93,D,2
53.26377,24.43376,326.57,0.5,0.41,2024-04-10,1125,N20,VIIRS,l,2,297.02,2.34,D,0
53.26355,24.43557,326.78,0.5,0.41,2024-04-10,1125,N20,VIIRS,l,2,297.23,2.8,D,0
53.06038,25.67038,325.71,0.55,0.42,2024-04-10,1125,N20,VIIRS,n,2,300.69,2.91,D,0
53.06047,25.6693,328.47,0.55,0.42,2024-04-10,1125,N20,VIIRS,n,2,300.62,3.81,D,0
53.1982,28.89072,327.27,0.49,0.48,2024-04-10,1125,N20,VIIRS,n,2,282.49,2.32,D,0
53.24949,32.27806,341.26,0.34,0.56,2024-04-10,1125,N20,VIIRS,n,2,297.7,2.69,D,0
54.29831,31.07382,332.95,0.61,0.53,2024-04-10,1126,N20,VIIRS,n,2,295.21,3.25,D,0
51.8917,29.33715,315.09,0.42,0.45,2024-04-10,2337,N20,VIIRS,n,2,278.12,1.33,N,2
51.89076,29.33595,309.93,0.42,0.45,2024-04-10,2337,N20,VIIRS,n,2,278.49,1.52,N,2
51.88755,29.33622,297.38,0.42,0.45,2024-04-10,2337,N20,VIIRS,n,2,277.23,0.25,N,2
52.84588,29.98794,309.73,0.4,0.44,2024-04-10,2337,N20,VIIRS,n,2,279.08,1.43,N,2
52.84997,29.98887,333.42,0.4,0.44,2024-04-10,2337,N20,VIIRS,n,2,280.9,3.59,N,2
52.46107,27.72581,305.11,0.49,0.49,2024-04-10,2337,N20,VIIRS,n,2,266.25,1.68,N,0
52.84937,29.98999,299.93,0.39,0.59,2024-04-11,0117,N20,VIIRS,n,2,267.38,0.8,N,2
52.2327,31.40379,330.89,0.39,0.44,2024-04-11,1106,N20,VIIRS,n,2,289.23,2.68,D,0
52.03178,27.16798,325.79,0.43,0.38,2024-04-11,1106,N20,VIIRS,n,2,291.7,2.9,D,0
52.17184,27.73583,340.68,0.44,0.38,2024-04-11,1106,N20,VIIRS,n,2,291.42,5.2,D,0
55.35957,29.30064,329.01,0.53,0.42,2024-04-11,1107,N20,VIIRS,n,2,290.71,2.26,D,0
54.44464,30.86332,336.51,0.39,0.44,2024-04-11,1107,N20,VIIRS,n,2,289.28,2.3,D,0
54.6977,29.15424,328.29,0.52,0.41,2024-04-11,1107,N20,VIIRS,n,2,293.75,3.03,D,0
55.59406,30.54393,327.59,0.39,0.44,2024-04-11,1107,N20,VIIRS,n,2,290.31,2.92,D,0
53.04442,25.76603,332.25,0.41,0.37,2024-04-11,1107,N20,VIIRS,n,2,300.4,2.2,D,0
53.626,30.4733,330.61,0.56,0.43,2024-04-11,1107,N20,VIIRS,n,2,288.69,4.75,D,0
54.18175,28.33106,330.45,0.48,0.4,2024-04-11,1107,N20,VIIRS,n,2,292.96,2.47,D,0
54.18099,28.32371,326.05,0.48,0.4,2024-04-11,1107,N20,VIIRS,n,2,292.81,3.95,D,0
51.8911,29.33635,307.97,0.33,0.55,2024-04-11,2318,N20,VIIRS,n,2,280.56,1.22,N,2
53.08417,29.5616,295.1,0.33,0.55,2024-04-11,2318,N20,VIIRS,n,2,274.14,0.41,N,0
52.84671,29.98858,324.89,0.63,0.54,2024-04-11,2318,N20,VIIRS,n,2,280.41,4.03,N,2
52.84526,29.98974,321.6,0.52,0.5,2024-04-12,0058,N20,VIIRS,n,2,275.89,3.86,N,2
55.59802,30.54071,303.1,0.45,0.47,2024-04-12,0058,N20,VIIRS,n,2,277.36,0.52,N,0
51.89029,29.33645,301.14,0.53,0.5,2024-04-12,0059,N20,VIIRS,n,2,279.19,1.51,N,2
53.26094,30.60759,340.91,0.61,0.71,2024-04-12,0908,N20,VIIRS,n,2,288.17,6.64,D,0
53.26651,30.60174,330.01,0.61,0.71,2024-04-12,0908,N20,VIIRS,n,2,287.13,4.52,D,0
53.26051,30.61029,330.51,0.41,0.37,2024-04-12,1048,N20,VIIRS,n,2,291.27,3.97,D,0
52.84475,29.99153,336.96,0.4,0.37,2024-04-12,1048,N20,VIIRS,n,2,299.12,8.28,D,2
53.18153,30.46097,340.23,0.41,0.37,2024-04-12,1048,N20,VIIRS,n,2,292.03,6.49,D,0
53.18489,30.45977,347.32,0.41,0.37,2024-04-12,1048,N20,VIIRS,n,2,292.18,8.11,D,0
53.25973,30.60419,350.14,0.41,0.37,2024-04-12,1048,N20,VIIRS,n,2,294.62,3.97,D,0
53.25895,30.59809,335.52,0.41,0.37,2024-04-12,1048,N20,VIIRS,n,2,293.48,4.3,D,0
53.26389,30.60911,349.71,0.41,0.37,2024-04-12,1048,N20,VIIRS,n,2,292.93,3.97,D,0
53.2631,30.603,328.88,0.41,0.37,2024-04-12,1048,N20,VIIRS,n,2,294.63,3.97,D,0
53.05351,28.41634,330.61,0.39,0.36,2024-04-12,1048,N20,VIIRS,n,2,290.82,1.71,D,0
53.27238,24.44408,301.31,0.39,0.36,2024-04-13,0040,N20,VIIRS,n,2,275.57,1.12,N,2
52.8484,29.98834,326.62,0.4,0.37,2024-04-14,0021,N20,VIIRS,n,2,277.88,3.68,N,2
52.84736,29.99412,321.11,0.4,0.37,2024-04-14,0021,N20,VIIRS,n,2,282.01,3.68,N,2
51.89297,29.34252,308.6,0.4,0.37,2024-04-14,0021,N20,VIIRS,n,2,278.35,1,N,2
52.84666,29.99256,327.59,0.4,0.37,2024-04-15,0002,N20,VIIRS,n,2,280.82,4.88,N,2
53.27199,24.43926,303.38,0.57,0.43,2024-04-15,0002,N20,VIIRS,n,2,277.46,1.6,N,2
51.88958,29.33567,310.65,0.4,0.37,2024-04-15,0003,N20,VIIRS,n,2,279.16,1.21,N,2
51.89212,29.34263,309.99,0.4,0.37,2024-04-15,0003,N20,VIIRS,n,2,278.64,0.89,N,2
52.85037,29.98858,297.4,0.67,0.73,2024-04-15,0142,N20,VIIRS,n,2,273.64,1.02,N,2
53.26946,24.44295,296.74,0.41,0.61,2024-04-15,0143,N20,VIIRS,n,2,276.41,1,N,2
53.26097,24.44929,295.33,0.41,0.61,2024-04-15,0143,N20,VIIRS,n,2,276.86,0.72,N,2
51.8917,29.33621,297.81,0.69,0.74,2024-04-15,0143,N20,VIIRS,n,2,275.57,1.78,N,2
53.39539,32.0151,296.13,0.46,0.39,2024-04-15,2343,N20,VIIRS,n,2,275.06,0.89,N,2
52.84789,29.98825,328.03,0.52,0.42,2024-04-15,2344,N20,VIIRS,n,2,259.46,3.98,N,2
55.48635,28.59947,296.74,0.32,0.55,2024-04-16,0123,N20,VIIRS,n,2,271.83,0.49,N,0
55.4857,28.60182,300.88,0.32,0.55,2024-04-16,0123,N20,VIIRS,n,2,273.05,0.5,N,0
53.2706,24.43923,303.32,0.46,0.64,2024-04-16,2325,N20,VIIRS,n,2,274.79,1.07,N,2
53.2714,24.44143,299.54,0.55,0.43,2024-04-17,0105,N20,VIIRS,n,2,275.16,1.54,N,2
52.85234,29.99604,299.69,0.38,0.36,2024-04-20,0009,N20,VIIRS,n,2,274.71,0.82,N,2
52.84672,29.98772,314.26,0.38,0.36,2024-04-20,0009,N20,VIIRS,n,2,273.41,1.5,N,2
52.84586,29.99333,296.56,0.38,0.36,2024-04-20,0009,N20,VIIRS,n,2,271.32,1.19,N,2
52.84587,29.99123,327.03,0.45,0.47,2024-04-20,0958,N20,VIIRS,n,2,289.8,4.08,D,2
51.88685,29.34026,367,0.35,0.56,2024-04-20,1138,N20,VIIRS,h,2,292.31,7.35,D,2
51.88702,29.34529,331.11,0.35,0.56,2024-04-20,1138,N20,VIIRS,n,2,286.33,4.73,D,2
52.84904,29.99017,297.71,0.39,0.36,2024-04-25,0016,N20,VIIRS,n,2,278.69,0.96,N,2
53.39538,32.01268,302.39,0.39,0.36,2024-04-25,2356,N20,VIIRS,n,2,281.77,1.27,N,2
53.58792,31.95453,301.63,0.4,0.37,2024-04-25,2356,N20,VIIRS,n,2,279.73,0.6,N,0
53.27156,24.44216,304.76,0.43,0.46,2024-04-25,2357,N20,VIIRS,n,2,276.06,1.4,N,2
53.27367,24.44246,298.52,0.36,0.58,2024-04-26,0137,N20,VIIRS,n,2,272.32,0.7,N,0
53.27308,24.44317,308.52,0.36,0.58,2024-04-26,0137,N20,VIIRS,n,2,274.11,1,N,2
53.25967,24.44887,298.61,0.36,0.58,2024-04-26,0137,N20,VIIRS,n,2,273.83,0.67,N,2
53.259,24.44954,300.06,0.36,0.58,2024-04-26,0137,N20,VIIRS,n,2,275.27,0.78,N,2
52.84784,29.99176,302.99,0.39,0.44,2024-04-26,2338,N20,VIIRS,n,2,273.42,1.13,N,2
53.27398,24.44095,311.82,0.33,0.56,2024-04-26,2338,N20,VIIRS,n,2,275.09,1.18,N,2
51.88984,29.34181,298.71,0.41,0.61,2024-04-27,0118,N20,VIIRS,n,2,277.12,1.09,N,2
52.846,29.98608,307.52,0.4,0.6,2024-04-27,0118,N20,VIIRS,n,2,268.59,1.26,N,2
52.84629,29.98679,312.84,0.4,0.6,2024-04-27,0118,N20,VIIRS,n,2,270.68,1.73,N,2
52.84606,29.99283,355.05,0.44,0.63,2024-04-27,0927,N20,VIIRS,n,2,294.42,8.87,D,2
52.84814,29.99172,367,0.44,0.63,2024-04-27,0927,N20,VIIRS,h,2,297.85,9.49,D,2
52.84622,29.99136,332.07,0.54,0.42,2024-04-27,1107,N20,VIIRS,n,2,293.3,5.17,D,2
52.84736,29.99274,315.59,0.53,0.5,2024-04-28,0059,N20,VIIRS,n,2,267.47,1.86,N,2
53.27083,24.44089,305.07,0.5,0.41,2024-04-28,0100,N20,VIIRS,n,2,280.25,1.07,N,2
51.89191,29.34377,295.28,0.54,0.51,2024-04-28,0100,N20,VIIRS,n,2,275.56,1,N,2
51.89119,29.34184,295.37,0.54,0.51,2024-04-28,0100,N20,VIIRS,n,2,275.14,2.18,N,2
53.26069,24.45074,297.82,0.5,0.41,2024-04-28,0100,N20,VIIRS,n,2,280.79,0.99,N,2
52.84973,29.98417,302.96,0.49,0.65,2024-04-28,2300,N20,VIIRS,n,2,271.14,2.68,N,2
52.8497,29.99159,319.15,0.49,0.65,2024-04-28,2300,N20,VIIRS,n,2,278.42,3.95,N,2
51.8926,29.33363,332.91,0.52,0.67,2024-04-28,2300,N20,VIIRS,n,2,281.66,4.58,N,2
51.88818,29.33611,321.32,0.52,0.67,2024-04-28,2300,N20,VIIRS,n,2,280.71,3.23,N,2
52.84856,29.99211,327.21,0.54,0.42,2024-04-29,0040,N20,VIIRS,n,2,281.09,2.54,N,2
52.84491,29.98985,300.44,0.54,0.42,2024-04-29,0040,N20,VIIRS,n,2,279.08,2.54,N,2
53.27211,24.44387,309.53,0.39,0.36,2024-04-29,0041,N20,VIIRS,n,2,277.45,1.45,N,2
51.89078,29.34216,301.96,0.54,0.42,2024-04-29,0041,N20,VIIRS,n,2,279.9,1.8,N,2
53.26041,24.45061,296.25,0.39,0.36,2024-04-29,0041,N20,VIIRS,n,2,275.92,0.68,N,2
52.84727,29.98874,332.82,0.4,0.37,2024-04-29,1029,N20,VIIRS,n,2,291.2,4.24,D,2
54.07713,31.70184,345.02,0.38,0.36,2024-04-29,1030,N20,VIIRS,n,2,296.84,4.7,D,0
53.47939,31.00149,343.93,0.39,0.36,2024-04-29,1030,N20,VIIRS,n,2,300.81,4.72,D,0
53.48262,31.00002,330.86,0.39,0.36,2024-04-29,1030,N20,VIIRS,l,2,301.43,3.31,D,0
52.43057,30.85375,315.38,0.71,0.75,2024-04-29,2241,N20,VIIRS,n,2,279.67,2.59,N,0
52.84902,29.98316,297.21,0.77,0.78,2024-04-29,2241,N20,VIIRS,n,2,278.45,0.91,N,2
52.84996,29.98122,295.5,0.77,0.78,2024-04-29,2241,N20,VIIRS,n,2,278.92,0.96,N,0
55.48762,28.59837,327.07,0.38,0.36,2024-04-30,0021,N20,VIIRS,n,2,278.33,7.49,N,0
55.50653,28.58845,296.37,0.38,0.36,2024-04-30,0021,N20,VIIRS,n,2,275.95,0.6,N,2
53.39558,32.01475,299.04,0.44,0.38,2024-04-30,0021,N20,VIIRS,n,2,280.83,1.24,N,2
53.5873,31.95452,295.53,0.43,0.38,2024-04-30,0021,N20,VIIRS,n,2,276.36,0.72,N,0
51.88783,29.33925,312.7,0.4,0.37,2024-04-30,0022,N20,VIIRS,n,2,280.7,0.87,N,2
51.89111,29.34079,304.8,0.4,0.37,2024-04-30,0022,N20,VIIRS,n,2,281.26,1.35,N,2
53.26986,24.44512,307.81,0.41,0.37,2024-04-30,0022,N20,VIIRS,n,2,281.87,1.31,N,2
52.43005,30.85825,311.29,0.42,0.38,2024-04-30,0022,N20,VIIRS,n,2,280.29,1.85,N,0
52.84778,29.99187,341.66,0.4,0.37,2024-04-30,0022,N20,VIIRS,n,2,279.42,5.83,N,2
55.48601,28.59691,314.44,0.67,0.74,2024-04-30,0201,N20,VIIRS,n,2,274.06,1.76,N,0
55.48757,28.60502,313.63,0.67,0.74,2024-04-30,0201,N20,VIIRS,n,2,274.28,1.79,N,0
52.8465,29.9874,331.97,0.52,0.41,2024-04-30,1011,N20,VIIRS,l,2,302.1,10.05,D,2
53.18977,32.26358,326.03,0.44,0.38,2024-04-30,1011,N20,VIIRS,n,2,296.93,0.97,D,0
53.62584,27.00595,340.16,0.42,0.45,2024-04-30,1011,N20,VIIRS,n,2,295.41,6.03,D,0
53.62632,32.00869,332.33,0.62,0.71,2024-04-30,1152,N20,VIIRS,n,2,295.47,16.16,D,0
53.62991,32.00311,367,0.62,0.71,2024-04-30,1152,N20,VIIRS,h,2,297.11,25.78,D,0
53.6265,31.99909,354.18,0.62,0.71,2024-04-30,1152,N20,VIIRS,n,2,299.73,23.7,D,0
53.39363,32.01613,300.89,0.38,0.36,2024-05-01,0003,N20,VIIRS,n,2,285.01,0.75,N,2
53.27335,24.44178,301.15,0.56,0.43,2024-05-01,0003,N20,VIIRS,n,2,280.66,1.12,N,2
53.67046,31.82883,295.18,0.39,0.36,2024-05-01,0003,N20,VIIRS,n,2,281.57,0.66,N,0
52.84786,29.98975,340.05,0.4,0.37,2024-05-01,0003,N20,VIIRS,n,2,283.47,8.64,N,2
52.85366,29.99807,300.3,0.4,0.37,2024-05-01,0003,N20,VIIRS,n,2,286.22,0.9,N,2
51.89324,29.34315,327.43,0.4,0.37,2024-05-01,0003,N20,VIIRS,n,2,284.18,2.36,N,2
53.39451,32.01046,297.1,0.38,0.36,2024-05-01,0003,N20,VIIRS,n,2,282.74,0.96,N,0
53.58674,31.94992,297.21,0.38,0.36,2024-05-01,0003,N20,VIIRS,n,2,278.69,0.5,N,0
51.89071,29.33622,296.32,0.4,0.37,2024-05-01,0003,N20,VIIRS,n,2,281.87,1.12,N,2
51.89381,29.34132,303.32,0.7,0.75,2024-05-01,0143,N20,VIIRS,n,2,280.09,1.98,N,2
52.8474,29.98676,296.06,0.68,0.74,2024-05-01,0143,N20,VIIRS,n,2,278.98,1.5,N,2
53.86057,24.48599,300.82,0.4,0.6,2024-05-01,0143,N20,VIIRS,n,2,277.03,0.64,N,0
54.50901,30.62576,333.11,0.43,0.46,2024-05-01,0952,N20,VIIRS,n,2,289.14,5.76,D,0
54.04813,31.55724,326.16,0.41,0.45,2024-05-01,0952,N20,VIIRS,n,2,296.67,1.84,D,0
53.78874,31.55426,335.82,0.42,0.45,2024-05-01,0952,N20,VIIRS,n,2,297.33,5.42,D,0
52.26105,26.83928,325.69,0.35,0.57,2024-05-01,0952,N20,VIIRS,l,2,296.89,2.83,D,0
54.05197,31.5545,325.34,0.41,0.45,2024-05-01,0952,N20,VIIRS,n,2,294.67,1.84,D,0
52.00471,26.80062,328.49,0.46,0.47,2024-05-01,1132,N20,VIIRS,l,2,300.22,2.99,D,0
52.08624,23.6436,328.1,0.53,0.42,2024-05-01,1132,N20,VIIRS,n,2,302.58,1.54,D,0
54.51077,30.62794,329.23,0.35,0.57,2024-05-01,1133,N20,VIIRS,n,2,296.45,2.5,D,0
54.50619,30.62583,325.66,0.35,0.57,2024-05-01,1133,N20,VIIRS,n,2,288.57,2.18,D,0
55.50727,28.58971,295.29,0.42,0.45,2024-05-01,2343,N20,VIIRS,n,2,281.35,0.33,N,0
51.89257,29.34019,302.28,0.53,0.42,2024-05-01,2344,N20,VIIRS,n,2,282.94,1.53,N,2
53.3962,32.01738,299.71,0.46,0.39,2024-05-01,2344,N20,VIIRS,n,2,283.28,0.82,N,2
51.88873,29.33919,307.75,0.53,0.42,2024-05-01,2344,N20,VIIRS,n,2,282.83,1.53,N,2
53.27228,24.44598,295.07,0.57,0.52,2024-05-01,2344,N20,VIIRS,n,2,280.77,0.5,N,2
53.27385,24.43899,300.71,0.57,0.52,2024-05-01,2344,N20,VIIRS,n,2,279.72,1.39,N,2
52.84681,29.98974,329.65,0.52,0.41,2024-05-01,2344,N20,VIIRS,n,2,285.29,7.87,N,2
53.67198,31.82396,295.37,0.46,0.39,2024-05-01,2344,N20,VIIRS,n,2,282.55,0.76,N,0
53.27123,24.44635,297.6,0.55,0.51,2024-05-02,0124,N20,VIIRS,n,2,280.12,1.21,N,0
55.50652,28.58923,295.8,0.33,0.55,2024-05-02,0124,N20,VIIRS,n,2,279.99,0.44,N,2
52.8482,29.99298,316.26,0.46,0.63,2024-05-02,0124,N20,VIIRS,n,2,282.17,2.07,N,2
51.88929,29.34105,309.41,0.47,0.64,2024-05-02,0124,N20,VIIRS,n,2,282.16,1.84,N,2
52.84817,29.98861,330.23,0.39,0.59,2024-05-02,0933,N20,VIIRS,n,2,297.56,5.62,D,2
53.64197,32.11849,327.53,0.61,0.53,2024-05-02,0933,N20,VIIRS,n,2,295.53,3.63,D,0
51.89194,29.34138,340.65,0.44,0.63,2024-05-02,0933,N20,VIIRS,n,2,300.47,3.67,D,2
54.13646,25.69546,350.92,0.49,0.65,2024-05-02,0934,N20,VIIRS,n,2,297.46,8.26,D,0
54.13384,25.69847,337.71,0.49,0.65,2024-05-02,0934,N20,VIIRS,n,2,294,3.85,D,0
54.13903,25.69315,337.25,0.49,0.65,2024-05-02,0934,N20,VIIRS,n,2,295.96,3.85,D,0
51.97836,23.75961,352.4,0.4,0.37,2024-05-02,1113,N20,VIIRS,n,2,308.87,17.77,D,0
51.97504,23.76078,337.56,0.4,0.37,2024-05-02,1113,N20,VIIRS,n,2,301.83,4.93,D,0
51.96841,23.76311,344.3,0.4,0.37,2024-05-02,1113,N20,VIIRS,n,2,303.86,12.46,D,0
51.89211,29.33982,334.88,0.57,0.43,2024-05-02,1113,N20,VIIRS,n,2,303.13,5.04,D,2
51.8899,29.33916,334.65,0.57,0.43,2024-05-02,1113,N20,VIIRS,l,2,305.56,4.87,D,2
52.84497,29.99253,334.87,0.41,0.45,2024-05-02,1113,N20,VIIRS,n,2,300.6,3.45,D,2
54.13749,25.69687,326.72,0.46,0.39,2024-05-02,1114,N20,VIIRS,n,2,301.4,2.36,D,0
51.89209,29.3426,299.25,0.55,0.51,2024-05-02,2325,N20,VIIRS,n,2,282.3,1.45,N,2
51.89254,29.33443,295.7,0.55,0.51,2024-05-02,2325,N20,VIIRS,n,2,282.87,1.05,N,2
51.88781,29.33367,301.37,0.55,0.51,2024-05-02,2325,N20,VIIRS,n,2,282.58,1.05,N,2
53.2732,24.4379,295.84,0.45,0.63,2024-05-02,2325,N20,VIIRS,n,2,277.11,0.65,N,2
52.84694,29.9912,337.38,0.53,0.5,2024-05-02,2325,N20,VIIRS,n,2,280.24,3.92,N,2
53.39527,32.01296,302.46,0.44,0.46,2024-05-02,2325,N20,VIIRS,n,2,280.69,1.28,N,2
52.84868,29.99231,336.64,0.53,0.5,2024-05-02,2325,N20,VIIRS,n,2,280.73,6.27,N,2
52.84776,29.99526,316.46,0.61,0.53,2024-05-03,0105,N20,VIIRS,n,2,279.52,3.09,N,2
52.85016,29.98698,302.8,0.61,0.53,2024-05-03,0105,N20,VIIRS,n,2,278.3,2.72,N,2
51.88837,29.33912,302.23,0.62,0.54,2024-05-03,0106,N20,VIIRS,n,2,281.13,1.82,N,2
53.27275,24.44392,297.55,0.56,0.43,2024-05-03,0106,N20,VIIRS,n,2,274.58,1.35,N,2
51.89291,29.34245,300.21,0.62,0.54,2024-05-03,0106,N20,VIIRS,n,2,281.41,1.82,N,2
51.89062,29.34224,302.48,0.62,0.54,2024-05-03,0106,N20,VIIRS,n,2,281.45,1.41,N,2
51.88609,29.3389,303.76,0.62,0.54,2024-05-03,0106,N20,VIIRS,n,2,281.69,1.04,N,2
52.84456,29.99255,333.3,0.43,0.38,2024-05-03,1054,N20,VIIRS,n,2,295.06,1.66,D,2
52.84743,29.99022,338.66,0.42,0.61,2024-05-03,2306,N20,VIIRS,n,2,279.77,3.8,N,2
51.88997,29.33272,306.08,0.44,0.63,2024-05-03,2306,N20,VIIRS,n,2,280.08,1.21,N,2
52.85122,29.98947,333.39,0.42,0.61,2024-05-03,2306,N20,VIIRS,n,2,279.01,2.36,N,2
52.84554,29.98913,321.78,0.42,0.61,2024-05-03,2306,N20,VIIRS,n,2,277.62,2.36,N,2
51.89569,29.33966,303.75,0.44,0.63,2024-05-03,2306,N20,VIIRS,n,2,280.28,1.19,N,0
53.39826,32.01189,295.74,0.35,0.56,2024-05-03,2306,N20,VIIRS,n,2,276.02,0.54,N,2
53.27081,24.43959,298.95,0.72,0.75,2024-05-03,2306,N20,VIIRS,n,2,277.18,1.09,N,2
53.27021,24.44156,304.62,0.41,0.37,2024-05-04,0047,N20,VIIRS,n,2,277.43,1.41,N,2
52.84649,29.98754,332.14,0.4,0.45,2024-05-04,0047,N20,VIIRS,n,2,278.25,3.78,N,2
51.89371,29.34061,306.89,0.41,0.45,2024-05-04,0047,N20,VIIRS,n,2,280.27,1.09,N,2
51.88985,29.33822,304.87,0.41,0.45,2024-05-04,0047,N20,VIIRS,n,2,278.52,1.09,N,2
51.89155,29.34128,329.61,0.39,0.36,2024-05-04,1035,N20,VIIRS,l,2,301.08,2.87,D,2
53.93527,29.6557,332.35,0.38,0.36,2024-05-04,1036,N20,VIIRS,n,2,292.62,3.93,D,0
52.84575,29.99192,341.56,0.39,0.36,2024-05-04,1036,N20,VIIRS,n,2,299.92,12.72,D,2
52.84635,29.98437,305.44,0.66,0.73,2024-05-04,2247,N20,VIIRS,n,2,278.28,1.16,N,2
51.89067,29.33559,298.12,0.71,0.75,2024-05-04,2247,N20,VIIRS,n,2,271.04,1.2,N,2
55.50553,28.58941,298.54,0.39,0.36,2024-05-05,0027,N20,VIIRS,n,2,279.38,0.57,N,2
53.27159,24.44174,309.36,0.39,0.36,2024-05-05,0028,N20,VIIRS,n,2,279.44,1.41,N,2
52.84567,29.98977,337.11,0.47,0.39,2024-05-05,1017,N20,VIIRS,n,2,303.03,6.29,D,2
55.48463,28.59789,302.75,0.41,0.37,2024-05-06,0008,N20,VIIRS,n,2,271.48,0.7,N,0
52.84544,29.99081,299.48,0.38,0.36,2024-05-06,0009,N20,VIIRS,n,2,279.43,0.65,N,2
51.89266,29.33985,298.22,0.39,0.36,2024-05-06,0009,N20,VIIRS,n,2,272.93,0.83,N,2
52.84869,29.99217,333.63,0.38,0.36,2024-05-06,0009,N20,VIIRS,n,2,283.86,5.6,N,2
52.85376,30.00109,298.58,0.38,0.36,2024-05-06,0009,N20,VIIRS,n,2,281.41,0.41,N,0
53.39325,32.01451,296.18,0.39,0.36,2024-05-06,0009,N20,VIIRS,n,2,280.64,0.7,N,2
53.39648,32.01604,299.45,0.39,0.36,2024-05-06,0009,N20,VIIRS,n,2,279.9,0.7,N,2
53.39429,32.01404,298.19,0.39,0.44,2024-05-07,2331,N20,VIIRS,n,2,276.24,0.93,N,2
53.27429,24.44197,300.16,0.39,0.59,2024-05-07,2331,N20,VIIRS,n,2,274.7,0.54,N,2
53.39482,32.01451,299.71,0.39,0.44,2024-05-07,2331,N20,VIIRS,n,2,277.55,0.82,N,2
53.27478,24.44078,297.1,0.39,0.59,2024-05-07,2331,N20,VIIRS,n,2,273.76,0.55,N,2
52.84718,29.99165,338.26,0.46,0.47,2024-05-07,2331,N20,VIIRS,n,2,278.17,10.19,N,2
51.8917,29.33832,305.79,0.47,0.48,2024-05-07,2331,N20,VIIRS,n,2,276.66,2.09,N,2
51.89262,29.34123,303.08,0.47,0.48,2024-05-07,2331,N20,VIIRS,n,2,275.89,1.29,N,2
51.88871,29.33341,295.71,0.47,0.48,2024-05-07,2331,N20,VIIRS,n,2,276.64,1.31,N,2
52.84515,29.98826,313.9,0.35,0.57,2024-05-08,0111,N20,VIIRS,n,2,272.9,2.22,N,2
52.846,29.9905,347.88,0.35,0.57,2024-05-08,0111,N20,VIIRS,n,2,276.27,3.95,N,2
52.84983,29.99219,343.3,0.35,0.57,2024-05-08,0111,N20,VIIRS,n,2,273.73,2.22,N,2
53.26012,24.44843,296.37,0.42,0.45,2024-05-08,0112,N20,VIIRS,n,2,275.64,0.86,N,2
53.2708,24.44199,295.21,0.42,0.45,2024-05-08,0112,N20,VIIRS,n,2,275.11,0.77,N,2
51.89017,29.33835,312.56,0.36,0.57,2024-05-08,0112,N20,VIIRS,n,2,275.89,1.87,N,2
51.89281,29.3441,327.05,0.44,0.39,2024-05-08,1100,N20,VIIRS,n,2,296.04,2.6,D,2
52.84745,29.99292,331.31,0.47,0.4,2024-05-08,1101,N20,VIIRS,n,2,296.38,4.7,D,2
52.84448,29.99398,329.61,0.47,0.4,2024-05-08,1101,N20,VIIRS,n,2,290.48,5.47,D,2
51.97499,27.0778,327.25,0.4,0.37,2024-05-08,1101,N20,VIIRS,l,2,299.27,1.99,D,0
53.90839,30.53511,311.69,0.35,0.56,2024-05-08,2312,N20,VIIRS,n,2,270.66,1.36,N,0
53.90883,30.53051,301.52,0.35,0.56,2024-05-08,2312,N20,VIIRS,n,2,270.16,0.96,N,0
53.90864,30.53586,305.19,0.35,0.56,2024-05-08,2312,N20,VIIRS,n,2,270.53,0.96,N,0
52.89783,30.93187,296.71,0.33,0.55,2024-05-08,2312,N20,VIIRS,n,2,272.68,0.49,N,0
52.84703,29.9881,335.07,0.36,0.57,2024-05-08,2312,N20,VIIRS,n,2,275.36,3.51,N,2
51.89204,29.336,305.57,0.38,0.59,2024-05-08,2312,N20,VIIRS,n,2,268.9,1.62,N,2
52.84635,29.99202,320.81,0.46,0.47,2024-05-09,0053,N20,VIIRS,n,2,275.35,1.56,N,2
51.89344,29.34045,296.08,0.46,0.47,2024-05-09,0053,N20,VIIRS,n,2,269.9,0.97,N,2
51.88937,29.33777,299.96,0.46,0.47,2024-05-09,0053,N20,VIIRS,n,2,270.1,0.97,N,2
51.88892,29.33891,326.51,0.38,0.36,2024-05-09,1042,N20,VIIRS,l,2,298.3,2.73,D,2
54.54205,29.6634,330.49,0.39,0.36,2024-05-09,1042,N20,VIIRS,n,2,292.38,3.19,D,0
54.12098,30.44597,329.18,0.39,0.36,2024-05-09,1042,N20,VIIRS,n,2,289.19,1.91,D,0
55.50539,28.58923,296.13,0.39,0.36,2024-05-11,0014,N20,VIIRS,n,2,277.16,0.54,N,2
51.8978,29.32947,295.76,0.39,0.36,2024-05-11,0015,N20,VIIRS,n,2,282.36,0.48,N,0
51.89275,29.33904,314.82,0.39,0.36,2024-05-11,0015,N20,VIIRS,n,2,282.93,1.05,N,2
51.88951,29.33764,303.36,0.39,0.36,2024-05-11,0015,N20,VIIRS,n,2,282.73,1.05,N,2
51.89871,29.32398,297.11,0.39,0.36,2024-05-11,0015,N20,VIIRS,n,2,284.04,0.48,N,0
54.19257,28.5262,297.59,0.39,0.36,2024-05-11,0015,N20,VIIRS,n,2,275.32,0.45,N,0
53.27082,24.44305,297.76,0.45,0.39,2024-05-11,0015,N20,VIIRS,n,2,276.79,0.78,N,2
53.27186,24.44462,309.65,0.43,0.46,2024-05-11,2356,N20,VIIRS,n,2,276.44,1.1,N,2
53.27229,24.44484,307.9,0.36,0.57,2024-05-12,0137,N20,VIIRS,n,2,274.57,1.17,N,2
53.27092,24.44245,304.47,0.34,0.56,2024-05-12,2337,N20,VIIRS,n,2,268.65,0.8,N,2
53.27045,24.44579,298.36,0.48,0.48,2024-05-13,0118,N20,VIIRS,n,2,270.82,1.08,N,2
53.27074,24.44343,299.25,0.48,0.48,2024-05-13,0118,N20,VIIRS,n,2,270.26,0.86,N,2
52.84502,29.9951,329.39,0.53,0.42,2024-05-13,1107,N20,VIIRS,n,2,288.51,4.74,D,2
52.85074,29.98896,323.36,0.62,0.54,2024-05-13,2318,N20,VIIRS,n,2,273.83,3.85,N,2
53.27315,24.44243,305.09,0.53,0.67,2024-05-13,2318,N20,VIIRS,n,2,278.02,1.13,N,2
51.89102,29.33635,328.8,0.32,0.55,2024-05-13,2319,N20,VIIRS,n,2,276.71,2.67,N,2
51.89098,29.34364,304.09,0.53,0.5,2024-05-14,0059,N20,VIIRS,n,2,273.32,1.28,N,2
51.88669,29.34067,298.11,0.53,0.5,2024-05-14,0059,N20,VIIRS,n,2,272.12,0.84,N,2
52.84689,29.99228,319.19,0.53,0.5,2024-05-14,0059,N20,VIIRS,n,2,271.8,1.92,N,2
52.84698,29.99371,317.66,0.53,0.5,2024-05-14,0059,N20,VIIRS,n,2,271.82,3.6,N,2
53.27191,24.44521,304.69,0.49,0.41,2024-05-14,0059,N20,VIIRS,n,2,277.26,1.82,N,2
53.27019,24.44501,307.62,0.49,0.41,2024-05-14,0059,N20,VIIRS,n,2,278.51,1.31,N,2
52.84505,29.99246,342.17,0.4,0.37,2024-05-14,1048,N20,VIIRS,n,2,297.75,10.44,D,2
55.64208,27.04163,325.12,0.39,0.36,2024-05-14,1049,N20,VIIRS,l,2,295.85,2.74,D,0
51.89381,29.33341,295.23,0.52,0.67,2024-05-14,2300,N20,VIIRS,n,2,276.57,2.19,N,2
51.89198,29.34136,295.91,0.52,0.67,2024-05-14,2300,N20,VIIRS,n,2,275.53,1.59,N,2
51.89196,29.33352,303.35,0.52,0.67,2024-05-14,2300,N20,VIIRS,n,2,276.23,1.59,N,2
51.8938,29.34123,298.43,0.52,0.67,2024-05-14,2300,N20,VIIRS,n,2,275.94,2.11,N,2
53.2718,24.44229,310.02,0.39,0.36,2024-05-15,0040,N20,VIIRS,n,2,279.82,1.29,N,2
52.04992,30.49667,297.53,0.39,0.44,2024-05-15,0040,N20,VIIRS,n,2,272.73,0.35,N,0
53.26011,24.44904,298.68,0.39,0.36,2024-05-15,0040,N20,VIIRS,n,2,279.44,0.59,N,2
51.89236,29.34399,306.71,0.53,0.42,2024-05-15,0040,N20,VIIRS,n,2,276.02,2.88,N,2
51.89054,29.34399,308.96,0.53,0.42,2024-05-15,0040,N20,VIIRS,n,2,275.94,1.49,N,2
52.26081,26.30473,346.44,0.5,0.41,2024-05-15,1029,N20,VIIRS,n,2,297.36,11.42,D,0
52.84721,29.98892,335.94,0.4,0.37,2024-05-15,1029,N20,VIIRS,n,2,303.38,6.43,D,2
52.26436,26.30272,340.92,0.5,0.41,2024-05-15,1029,N20,VIIRS,n,2,303.56,10.85,D,0
53.90536,23.98321,331.23,0.54,0.42,2024-05-15,1030,N20,VIIRS,n,2,297.12,3.92,D,0
53.90687,23.99342,355.8,0.45,0.63,2024-05-15,1210,N20,VIIRS,n,2,299.13,20.63,D,0
53.90681,23.98634,350.59,0.45,0.63,2024-05-15,1210,N20,VIIRS,n,2,294.02,12.33,D,0
52.26888,26.306,367,0.56,0.69,2024-05-15,1210,N20,VIIRS,h,2,292.02,30.25,D,0
52.26892,26.29756,347.37,0.56,0.69,2024-05-15,1210,N20,VIIRS,n,2,297.51,32.58,D,0
52.26347,26.30555,367,0.56,0.69,2024-05-15,1210,N20,VIIRS,h,2,291.74,16.95,D,0
52.26356,26.29711,347.39,0.56,0.69,2024-05-15,1210,N20,VIIRS,n,2,300.69,16.95,D,0
52.26995,26.29736,347.26,0.56,0.69,2024-05-15,1210,N20,VIIRS,n,2,292.52,16.95,D,0
53.90693,24.00049,367,0.45,0.63,2024-05-15,1210,N20,VIIRS,h,2,294.12,20.63,D,0
53.90675,23.97927,367,0.45,0.63,2024-05-15,1210,N20,VIIRS,h,2,292.02,12.33,D,0
52.84769,29.98904,326.1,0.4,0.37,2024-05-16,0021,N20,VIIRS,n,2,280.06,2.38,N,2
52.2361,26.78932,326.66,0.47,0.48,2024-05-16,1010,N20,VIIRS,n,2,295.83,2.88,D,0
53.90839,24.00541,339.03,0.58,0.52,2024-05-16,1151,N20,VIIRS,n,2,295.58,6.78,D,0
53.90666,23.99858,326.59,0.58,0.52,2024-05-16,1151,N20,VIIRS,l,2,299.84,3.97,D,0
53.27089,24.44477,303.93,0.56,0.43,2024-05-17,0002,N20,VIIRS,n,2,278.05,1.31,N,2
51.89529,29.3022,304.88,0.4,0.37,2024-05-17,0003,N20,VIIRS,n,2,277.66,0.71,N,0
51.89312,29.34366,300.7,0.4,0.37,2024-05-17,0003,N20,VIIRS,n,2,278.45,1.01,N,2
51.89391,29.34492,299.68,0.7,0.75,2024-05-17,0143,N20,VIIRS,n,2,276.02,1.65,N,2
51.89591,29.29842,300.06,0.69,0.75,2024-05-17,0143,N20,VIIRS,n,2,274.98,1.31,N,0
51.88804,29.33899,295.42,0.7,0.75,2024-05-17,0143,N20,VIIRS,n,2,275.51,1.65,N,2
51.89053,29.33725,304.82,0.7,0.75,2024-05-17,0143,N20,VIIRS,n,2,276.3,2.84,N,2
52.84581,29.99267,337.83,0.52,0.5,2024-05-17,0951,N20,VIIRS,n,2,296.78,9.92,D,2
51.88951,29.33907,328.95,0.59,0.52,2024-05-17,0951,N20,VIIRS,n,2,297.98,4.64,D,2
52.84657,29.99209,338.32,0.52,0.5,2024-05-17,0951,N20,VIIRS,n,2,298.42,5.88,D,2
53.48721,24.13543,329.63,0.41,0.6,2024-05-17,0952,N20,VIIRS,n,2,298.08,2.6,D,0
52.84594,29.992,367,0.32,0.54,2024-05-17,1132,N20,VIIRS,h,2,299.88,11.4,D,2
53.49114,24.13511,329.91,0.56,0.43,2024-05-17,1132,N20,VIIRS,l,2,301.29,5.73,D,0
52.84858,29.99277,333.75,0.52,0.42,2024-05-17,2343,N20,VIIRS,n,2,284.15,7.02,N,2
53.27217,24.44116,301.16,0.58,0.52,2024-05-17,2343,N20,VIIRS,n,2,280.11,1.39,N,2
51.89389,29.3428,299.02,0.54,0.42,2024-05-17,2344,N20,VIIRS,n,2,283.68,1.68,N,2
51.89077,29.33397,296.37,0.54,0.42,2024-05-17,2344,N20,VIIRS,n,2,283.24,1.11,N,2
52.84764,29.98694,310.31,0.46,0.63,2024-05-18,0124,N20,VIIRS,n,2,279.91,2.04,N,2
52.84758,29.98808,340.88,0.39,0.59,2024-05-18,0933,N20,VIIRS,n,2,300.09,4.8,D,2
52.84921,29.99325,331.88,0.39,0.59,2024-05-18,0933,N20,VIIRS,l,2,302.99,4.8,D,2
53.75829,23.67641,339.58,0.41,0.37,2024-05-18,1113,N20,VIIRS,n,2,302.69,3.06,D,0
53.76165,23.67517,335.27,0.41,0.37,2024-05-18,1113,N20,VIIRS,n,2,304.38,3.06,D,0
51.61939,30.32193,327.99,0.41,0.45,2024-05-18,1113,N20,VIIRS,n,2,297.73,2.39,D,0
52.22229,24.27134,333.98,0.41,0.37,2024-05-18,1113,N20,VIIRS,n,2,300.34,1.72,D,0
53.39736,32.0131,295.72,0.45,0.47,2024-05-18,2324,N20,VIIRS,n,2,282.77,1.29,N,2
53.27291,24.43877,298.47,0.46,0.63,2024-05-18,2324,N20,VIIRS,n,2,280.08,0.85,N,2
52.8495,29.99415,311.54,0.53,0.5,2024-05-18,2325,N20,VIIRS,n,2,280.48,3.63,N,2
52.50441,30.47178,300.53,0.5,0.49,2024-05-18,2325,N20,VIIRS,n,2,280.22,0.81,N,0
52.50895,30.4726,302.11,0.5,0.49,2024-05-18,2325,N20,VIIRS,n,2,279.58,0.81,N,0
54.59369,30.69273,308.99,0.56,0.52,2024-05-19,0104,N20,VIIRS,n,2,278.95,1.59,N,0
54.59139,30.69461,315.2,0.56,0.52,2024-05-19,0104,N20,VIIRS,n,2,278.3,2.79,N,0
54.58939,30.68911,303.49,0.56,0.52,2024-05-19,0104,N20,VIIRS,n,2,277.36,1.59,N,0
51.89007,29.33919,299.14,0.61,0.54,2024-05-19,0105,N20,VIIRS,n,2,281.53,2.5,N,2
52.85376,29.99825,295.51,0.61,0.53,2024-05-19,0105,N20,VIIRS,n,2,283.97,1.23,N,2
53.27201,24.44543,299.12,0.55,0.43,2024-05-19,0105,N20,VIIRS,n,2,279.69,1.39,N,2
52.50711,30.47393,298.44,0.32,0.55,2024-05-19,0105,N20,VIIRS,n,2,278.52,0.54,N,0
52.84484,29.99125,332.03,0.61,0.53,2024-05-19,0105,N20,VIIRS,n,2,280.76,3.68,N,2
53.27321,24.44053,296.23,0.55,0.43,2024-05-19,0105,N20,VIIRS,n,2,279.43,0.32,N,2
51.89206,29.34193,298.72,0.61,0.54,2024-05-19,0105,N20,VIIRS,n,2,279.91,1.4,N,2
52.11924,30.25518,328.55,0.61,0.71,2024-05-19,0914,N20,VIIRS,n,2,292.09,5.05,D,0
51.89109,29.34008,347.91,0.41,0.37,2024-05-19,1054,N20,VIIRS,n,2,300.78,5.34,D,2
52.44367,29.89556,326.49,0.42,0.38,2024-05-19,1054,N20,VIIRS,n,2,300.41,2.17,D,0
52.84553,29.99455,331.28,0.43,0.38,2024-05-19,1054,N20,VIIRS,n,2,298.57,1.38,D,2
53.29226,30.51309,327.71,0.45,0.39,2024-05-19,1054,N20,VIIRS,n,2,296.83,1.6,D,0
53.5893,31.95166,298.15,0.35,0.57,2024-05-19,2305,N20,VIIRS,n,2,281.51,0.62,N,0
51.88771,29.33722,302.14,0.4,0.44,2024-05-20,0046,N20,VIIRS,n,2,282.55,1.71,N,2
51.89156,29.33959,323.31,0.4,0.44,2024-05-20,0046,N20,VIIRS,n,2,284.76,1.71,N,2
53.27065,24.44137,308.75,0.41,0.37,2024-05-20,0046,N20,VIIRS,n,2,284.25,1.18,N,2
53.58837,31.95135,300.92,0.45,0.47,2024-05-20,0046,N20,VIIRS,n,2,282.27,0.81,N,0
55.50579,28.5876,298,0.47,0.4,2024-05-20,0046,N20,VIIRS,n,2,281.54,0.7,N,2
51.89047,29.33953,343.5,0.39,0.37,2024-05-20,1035,N20,VIIRS,n,2,309.24,8.14,D,2
52.84673,29.99446,313.31,0.43,0.38,2024-05-21,0027,N20,VIIRS,n,2,284.73,2.2,N,2
53.58696,31.95154,296.15,0.47,0.4,2024-05-21,0027,N20,VIIRS,n,2,281.64,0.8,N,0
53.39399,32.01393,296,0.48,0.4,2024-05-21,0027,N20,VIIRS,n,2,284.81,0.87,N,2
52.84793,29.98827,321.12,0.43,0.38,2024-05-21,0027,N20,VIIRS,n,2,284.27,2.77,N,2
53.27223,24.44544,304.4,0.39,0.36,2024-05-21,0027,N20,VIIRS,n,2,272.52,0.77,N,2
51.89079,29.33867,317.43,0.43,0.38,2024-05-21,0028,N20,VIIRS,n,2,283.55,2.26,N,2
51.89415,29.34036,326.8,0.43,0.38,2024-05-21,0028,N20,VIIRS,n,2,285.36,2.26,N,2
51.88742,29.33698,303.04,0.43,0.38,2024-05-21,0028,N20,VIIRS,n,2,282.2,0.72,N,2
52.35469,24.20483,338.02,0.51,0.49,2024-05-21,1016,N20,VIIRS,n,2,292.77,3.06,D,0
53.5883,31.95259,301.94,0.39,0.36,2024-05-22,0008,N20,VIIRS,n,2,283.39,0.83,N,0
53.39388,32.01455,306.58,0.39,0.36,2024-05-22,0008,N20,VIIRS,n,2,285.11,1.27,N,2
55.50623,28.58994,296.4,0.41,0.37,2024-05-22,0008,N20,VIIRS,n,2,282.63,0.41,N,2
53.67136,31.82722,301.49,0.39,0.36,2024-05-22,0008,N20,VIIRS,n,2,285.54,0.81,N,0
53.27132,24.44307,315.21,0.5,0.41,2024-05-22,0009,N20,VIIRS,n,2,285.68,2.02,N,2
53.2737,24.44064,295.37,0.47,0.64,2024-05-22,0149,N20,VIIRS,n,2,281.47,0.88,N,2
53.27157,24.44674,295.58,0.47,0.64,2024-05-22,0149,N20,VIIRS,n,2,282.31,1.12,N,0
53.26948,24.44449,326.76,0.35,0.57,2024-05-22,0958,N20,VIIRS,n,2,293.41,2.09,D,2
53.27121,24.44172,325.41,0.44,0.46,2024-05-22,1138,N20,VIIRS,n,2,297.22,1.65,D,2
55.50393,28.58714,295.6,0.55,0.43,2024-05-22,2349,N20,VIIRS,n,2,283.74,0.92,N,2
52.84537,29.99288,297.96,0.47,0.39,2024-05-22,2350,N20,VIIRS,n,2,278.2,0.76,N,2
52.84897,29.99398,315.3,0.47,0.39,2024-05-22,2350,N20,VIIRS,n,2,279.36,0.76,N,2
51.89304,29.33833,317.47,0.48,0.4,2024-05-22,2350,N20,VIIRS,n,2,262.69,1.46,N,2
51.89396,29.33908,315.21,0.48,0.4,2024-05-22,2350,N20,VIIRS,n,2,262,1.36,N,2
52.84755,29.98725,296.48,0.52,0.67,2024-05-23,0130,N20,VIIRS,n,2,279.14,1.42,N,2
52.84639,29.99027,346.07,0.34,0.56,2024-05-23,0939,N20,VIIRS,n,2,298.99,4.69,D,2
52.76604,24.87955,338.77,0.46,0.39,2024-05-23,1119,N20,VIIRS,n,2,303.95,6.72,D,0
51.89051,29.34488,339.54,0.43,0.46,2024-05-23,1119,N20,VIIRS,n,2,298.31,4.66,D,2
52.84799,29.99354,330.26,0.47,0.48,2024-05-23,1119,N20,VIIRS,l,2,302.58,3.22,D,2
53.67063,31.82808,295.85,0.4,0.44,2024-05-23,2330,N20,VIIRS,n,2,284.74,0.72,N,0
53.3962,32.01177,302.32,0.39,0.44,2024-05-23,2330,N20,VIIRS,n,2,284.53,0.94,N,2
52.84872,29.99279,337.31,0.46,0.47,2024-05-23,2331,N20,VIIRS,n,2,286.84,5.73,N,2
51.89315,29.33982,337.53,0.48,0.48,2024-05-23,2331,N20,VIIRS,n,2,287,4.15,N,2
51.88873,29.33896,298.14,0.48,0.48,2024-05-23,2331,N20,VIIRS,n,2,284.81,0.65,N,2
53.26974,24.44254,311.52,0.42,0.45,2024-05-24,0111,N20,VIIRS,n,2,284.64,1.68,N,2
53.25912,24.44894,299.61,0.42,0.45,2024-05-24,0111,N20,VIIRS,n,2,284.47,0.64,N,2
52.84585,29.99294,305.05,0.35,0.56,2024-05-24,0111,N20,VIIRS,n,2,283.69,1.64,N,2
51.89454,29.34484,301.09,0.35,0.57,2024-05-24,0111,N20,VIIRS,n,2,283.29,0.33,N,2
51.8912,29.33651,296.91,0.35,0.57,2024-05-24,0111,N20,VIIRS,n,2,283.65,2,N,2
52.84729,29.98827,327.63,0.35,0.56,2024-05-24,0111,N20,VIIRS,n,2,283.96,1.64,N,2
52.84463,29.99049,316.17,0.35,0.56,2024-05-24,0111,N20,VIIRS,n,2,283.44,1.06,N,2
51.88979,29.34113,335.61,0.35,0.57,2024-05-24,0111,N20,VIIRS,n,2,284.83,2.69,N,2
51.89404,29.3412,351.58,0.59,0.7,2024-05-24,0920,N20,VIIRS,n,2,293.29,10.12,D,2
54.16167,27.11925,334.12,0.57,0.69,2024-05-24,0921,N20,VIIRS,n,2,291.45,3.12,D,0
53.0625,26.69749,328.71,0.4,0.37,2024-05-24,1100,N20,VIIRS,n,2,296.43,3.15,D,0
54.20325,31.14747,334.74,0.53,0.42,2024-05-24,1100,N20,VIIRS,n,2,298.63,3.7,D,0
51.89061,29.3427,345.78,0.44,0.39,2024-05-24,1100,N20,VIIRS,n,2,306.41,8.5,D,2
52.42702,30.93488,336.81,0.5,0.41,2024-05-24,1100,N20,VIIRS,n,2,304.28,4.66,D,0
52.84502,29.99125,335.54,0.47,0.4,2024-05-24,1100,N20,VIIRS,n,2,304.06,6.16,D,2
54.16507,27.11896,328.29,0.41,0.37,2024-05-24,1101,N20,VIIRS,n,2,295.62,2.5,D,0
54.16428,27.11271,329.7,0.41,0.37,2024-05-24,1101,N20,VIIRS,n,2,299.62,3,D,0
53.39665,32.01437,298.4,0.6,0.53,2024-05-24,2311,N20,VIIRS,n,2,284.01,1.04,N,2
51.89575,29.33558,311.26,0.38,0.59,2024-05-24,2312,N20,VIIRS,n,2,285.52,1.83,N,2
51.88987,29.33521,302.86,0.38,0.59,2024-05-24,2312,N20,VIIRS,n,2,285.04,0.66,N,2
52.84668,29.98924,321.98,0.36,0.58,2024-05-24,2312,N20,VIIRS,n,2,284.62,2.02,N,2
51.8956,29.34129,331.3,0.38,0.59,2024-05-24,2312,N20,VIIRS,n,2,287.31,3.23,N,2
51.89027,29.3351,307.03,0.38,0.59,2024-05-24,2312,N20,VIIRS,n,2,285.36,1.83,N,2
51.89438,29.34351,310.22,0.46,0.47,2024-05-25,0052,N20,VIIRS,n,2,284.1,2.62,N,2
51.88626,29.3382,298.15,0.46,0.47,2024-05-25,0052,N20,VIIRS,n,2,283.57,0.82,N,2
52.85419,29.99751,298.98,0.46,0.47,2024-05-25,0052,N20,VIIRS,n,2,288.35,0.99,N,2
52.84614,29.9919,337.39,0.46,0.47,2024-05-25,0052,N20,VIIRS,n,2,284.75,4.51,N,2
51.89033,29.34085,331.04,0.46,0.47,2024-05-25,0052,N20,VIIRS,n,2,284.74,2.62,N,2
51.89074,29.34046,347.43,0.38,0.36,2024-05-25,1041,N20,VIIRS,n,2,314.15,7.65,D,2
52.84527,29.99055,346.45,0.39,0.36,2024-05-25,1041,N20,VIIRS,n,2,310.05,10,D,2
55.48626,28.59836,295.46,0.66,0.73,2024-05-25,2252,N20,VIIRS,n,2,283.23,0.54,N,0
52.8489,29.99023,309.27,0.58,0.7,2024-05-25,2253,N20,VIIRS,n,2,277.57,1.05,N,2
51.89337,29.33638,343.17,0.61,0.71,2024-05-25,2253,N20,VIIRS,n,2,285.17,6.91,N,2
51.89709,29.34091,326.87,0.61,0.71,2024-05-25,2253,N20,VIIRS,n,2,285.17,2.8,N,0
51.89694,29.3317,312.22,0.61,0.71,2024-05-25,2253,N20,VIIRS,n,2,285.37,2.8,N,2
51.8903,29.33175,309.41,0.61,0.71,2024-05-25,2253,N20,VIIRS,n,2,285.07,2.8,N,2
52.84903,29.99147,306.3,0.58,0.69,2024-05-25,2253,N20,VIIRS,n,2,277.2,1.66,N,2
52.84648,29.99117,328.87,0.47,0.4,2024-05-26,0033,N20,VIIRS,n,2,284.66,4.34,N,2
52.85693,29.99714,295.45,0.47,0.4,2024-05-26,0033,N20,VIIRS,n,2,284.13,1.01,N,0
53.58821,31.9536,295.04,0.52,0.42,2024-05-26,0033,N20,VIIRS,n,2,279.1,0.87,N,0
51.88785,29.33931,300.21,0.47,0.4,2024-05-26,0034,N20,VIIRS,n,2,282.32,3.49,N,2
51.89134,29.34118,330.05,0.47,0.4,2024-05-26,0034,N20,VIIRS,n,2,287.52,3.49,N,2
51.89892,29.32339,297.56,0.47,0.4,2024-05-26,0034,N20,VIIRS,n,2,287.11,1.47,N,0
51.8898,29.33819,341.19,0.46,0.39,2024-05-26,1022,N20,VIIRS,n,2,313.92,8.68,D,2
52.84402,29.98975,337.08,0.43,0.38,2024-05-26,1022,N20,VIIRS,l,2,310.7,4.82,D,2
52.84737,29.98801,336.32,0.43,0.38,2024-05-26,1022,N20,VIIRS,l,2,310.45,8.25,D,2
53.62064,31.85606,334.84,0.39,0.36,2024-05-26,1022,N20,VIIRS,n,2,298.35,2.16,D,0
51.89109,29.34463,334.29,0.46,0.39,2024-05-26,1022,N20,VIIRS,n,2,309.22,7.44,D,2
54.45786,30.29506,334.3,0.4,0.37,2024-05-26,1023,N20,VIIRS,l,2,307.43,5.08,D,0
51.88724,29.34451,354.69,0.64,0.72,2024-05-26,1203,N20,VIIRS,n,2,298.37,9.95,D,2
52.84754,29.99293,332.08,0.68,0.74,2024-05-26,1203,N20,VIIRS,n,2,304.45,7.41,D,2
53.39231,32.0126,297.78,0.4,0.37,2024-05-27,0014,N20,VIIRS,n,2,286.28,0.82,N,2
53.39558,32.01426,304.25,0.4,0.37,2024-05-27,0014,N20,VIIRS,n,2,286.84,1.04,N,2
53.58632,31.95177,301.19,0.4,0.37,2024-05-27,0014,N20,VIIRS,n,2,283.52,0.63,N,0
53.58728,31.95339,299.4,0.4,0.37,2024-05-27,0014,N20,VIIRS,n,2,284.04,0.83,N,0
53.25982,24.44922,297.95,0.45,0.39,2024-05-27,0015,N20,VIIRS,n,2,285.16,0.69,N,2
53.27119,24.44598,314.81,0.45,0.39,2024-05-27,0015,N20,VIIRS,n,2,286.16,1.28,N,2
53.26971,24.44518,310.78,0.45,0.39,2024-05-27,0015,N20,VIIRS,n,2,285.4,1.97,N,2
52.84819,29.99062,329.61,0.39,0.36,2024-05-27,0015,N20,VIIRS,n,2,285.31,3.3,N,2
51.89059,29.34281,307.85,0.39,0.36,2024-05-27,0015,N20,VIIRS,n,2,276.14,1.16,N,2
51.89383,29.3442,327.15,0.39,0.36,2024-05-27,0015,N20,VIIRS,n,2,279.77,2.25,N,2
53.27272,24.44336,306.72,0.53,0.67,2024-05-27,0155,N20,VIIRS,n,2,281.74,0.99,N,2
51.88721,29.3394,345.08,0.44,0.46,2024-05-27,1003,N20,VIIRS,n,2,307.46,4.72,D,2
51.89056,29.33689,331.52,0.44,0.46,2024-05-27,1003,N20,VIIRS,l,2,305.63,4.75,D,2
51.88655,29.33945,335.42,0.44,0.46,2024-05-27,1003,N20,VIIRS,n,2,306.85,4.75,D,2
51.89207,29.34297,341.84,0.44,0.46,2024-05-27,1003,N20,VIIRS,n,2,307.74,8.22,D,2
52.84539,29.98973,328.22,0.4,0.44,2024-05-27,1004,N20,VIIRS,l,2,301.41,3.71,D,2
52.84675,29.99334,331.53,0.4,0.44,2024-05-27,1004,N20,VIIRS,n,2,301.37,1.43,D,2
53.28801,31.56131,334.29,0.51,0.41,2024-05-27,1004,N20,VIIRS,n,2,296.73,4.94,D,0
52.88225,27.38589,335.62,0.49,0.49,2024-05-27,1004,N20,VIIRS,n,2,300.16,2.93,D,0
51.89297,29.34269,367,0.4,0.6,2024-05-27,1144,N20,VIIRS,h,2,301.78,5,D,2
53.25408,26.15993,327.88,0.6,0.53,2024-05-27,1144,N20,VIIRS,l,2,299.18,4.11,D,0
52.62936,23.79384,334.2,0.47,0.48,2024-05-27,1144,N20,VIIRS,n,2,297.89,4.22,D,0
51.8874,29.343,328.17,0.4,0.6,2024-05-27,1144,N20,VIIRS,n,2,296.64,5,D,2
52.84352,29.99116,328.48,0.43,0.62,2024-05-27,1144,N20,VIIRS,n,2,297.28,3.17,D,2
55.73711,28.39511,327.27,0.38,0.59,2024-05-27,1145,N20,VIIRS,n,2,290.25,1.43,D,0
53.27099,24.4398,309.38,0.43,0.46,2024-05-27,2356,N20,VIIRS,n,2,283.69,2.5,N,2
51.88954,29.33931,308.24,0.43,0.38,2024-05-27,2356,N20,VIIRS,n,2,286.22,3.6,N,2
52.85473,29.99787,308.32,0.42,0.38,2024-05-27,2356,N20,VIIRS,n,2,291.29,1.31,N,2
52.84864,29.98927,326.88,0.42,0.38,2024-05-27,2356,N20,VIIRS,n,2,289.4,2.83,N,2
51.893,29.34043,339.19,0.43,0.38,2024-05-27,2356,N20,VIIRS,n,2,290.71,3.6,N,2
53.25948,24.45178,297.38,0.36,0.57,2024-05-28,0136,N20,VIIRS,n,2,283.89,0.67,N,2
53.26867,24.44148,301.35,0.36,0.57,2024-05-28,0136,N20,VIIRS,n,2,281.94,0.65,N,2
53.2734,24.44548,301.81,0.36,0.57,2024-05-28,0136,N20,VIIRS,n,2,281.57,0.46,N,2
51.88681,29.33957,298.29,0.61,0.71,2024-05-28,0136,N20,VIIRS,n,2,283.11,1.11,N,2
51.8953,29.33741,298.9,0.61,0.71,2024-05-28,0136,N20,VIIRS,n,2,284.05,3.64,N,2
51.89246,29.34497,327.79,0.61,0.71,2024-05-28,0136,N20,VIIRS,n,2,284.22,4.45,N,2
51.88802,29.33764,302.28,0.61,0.71,2024-05-28,0136,N20,VIIRS,n,2,283.11,1.51,N,2
51.89369,29.34302,339.03,0.61,0.71,2024-05-28,0136,N20,VIIRS,n,2,284.15,5.75,N,2
51.88947,29.33534,349.11,0.34,0.56,2024-05-28,0945,N20,VIIRS,n,2,301.47,7.36,D,2
51.88647,29.33471,331.74,0.34,0.56,2024-05-28,0945,N20,VIIRS,n,2,300.7,5.54,D,2
51.88783,29.33924,367,0.34,0.56,2024-05-28,0945,N20,VIIRS,h,2,303.97,9.28,D,2
51.88919,29.34378,367,0.34,0.56,2024-05-28,0945,N20,VIIRS,h,2,302.54,9.28,D,2
51.8908,29.33988,355.21,0.34,0.56,2024-05-28,0945,N20,VIIRS,n,2,304.84,7.36,D,2
51.89214,29.34444,346.47,0.34,0.56,2024-05-28,0945,N20,VIIRS,n,2,300,7.56,D,2
51.8917,29.34529,340.96,0.5,0.49,2024-05-28,1125,N20,VIIRS,n,2,302.39,10.97,D,2
51.89431,29.34305,335.54,0.41,0.45,2024-05-28,2337,N20,VIIRS,n,2,286.1,3.02,N,2
51.89479,29.33698,308.56,0.41,0.45,2024-05-28,2337,N20,VIIRS,n,2,283.98,2.64,N,2
51.89066,29.33606,324.72,0.41,0.45,2024-05-28,2337,N20,VIIRS,n,2,287.29,3.04,N,2
51.89017,29.34214,296.05,0.41,0.45,2024-05-28,2337,N20,VIIRS,n,2,282.94,1.1,N,2
51.89161,29.33607,312.14,0.4,0.6,2024-05-29,0117,N20,VIIRS,n,2,285.98,3.6,N,2
53.26155,24.44884,299.73,0.48,0.48,2024-05-29,0117,N20,VIIRS,n,2,286.21,0.74,N,2
52.84661,29.9859,314.66,0.4,0.6,2024-05-29,0117,N20,VIIRS,n,2,284.43,2.69,N,2
52.8449,29.99116,316.99,0.4,0.6,2024-05-29,0117,N20,VIIRS,n,2,284.56,2.21,N,2
52.84991,29.99134,332.88,0.4,0.6,2024-05-29,0117,N20,VIIRS,n,2,285.46,4.32,N,2
51.88993,29.34131,350.53,0.4,0.6,2024-05-29,0117,N20,VIIRS,n,2,287,3.6,N,2
53.27212,24.44599,308.11,0.48,0.48,2024-05-29,0117,N20,VIIRS,n,2,285.86,1.37,N,2
53.26049,24.45327,299.53,0.48,0.48,2024-05-29,0117,N20,VIIRS,n,2,286.3,0.94,N,0
53.2731,24.44155,310.19,0.48,0.48,2024-05-29,0117,N20,VIIRS,n,2,285.24,0.87,N,2
51.89047,29.33791,345.7,0.51,0.66,2024-05-29,0926,N20,VIIRS,n,2,286.39,6.03,D,2
52.31063,31.55886,330.5,0.41,0.61,2024-05-29,0926,N20,VIIRS,n,2,297.99,4.53,D,0
52.84391,29.99212,342.82,0.45,0.63,2024-05-29,0926,N20,VIIRS,n,2,297.23,8.56,D,2
52.30965,31.55791,328.46,0.41,0.61,2024-05-29,0926,N20,VIIRS,n,2,297.53,3.1,D,0
51.8928,29.34459,335.64,0.51,0.66,2024-05-29,0926,N20,VIIRS,n,2,285.49,6.03,D,2
51.89172,29.339,335.93,0.49,0.4,2024-05-29,1106,N20,VIIRS,n,2,300.43,9.7,D,2
52.84517,29.98892,339.8,0.53,0.42,2024-05-29,1106,N20,VIIRS,l,2,311.17,7.99,D,2
53.26992,24.43954,309.68,0.54,0.68,2024-05-29,2318,N20,VIIRS,n,2,285.49,1.76,N,2
52.84701,29.98543,317.89,0.63,0.54,2024-05-29,2318,N20,VIIRS,n,2,258,3.56,N,2
52.84659,29.99481,323.41,0.62,0.54,2024-05-29,2318,N20,VIIRS,n,2,259.31,3.56,N,2
53.32919,27.6792,297.56,0.39,0.6,2024-05-29,2318,N20,VIIRS,n,2,281.2,0.67,N,0
53.27286,24.43877,309.16,0.54,0.68,2024-05-29,2318,N20,VIIRS,n,2,284.6,1.81,N,2
53.26033,24.44706,297.53,0.54,0.68,2024-05-29,2318,N20,VIIRS,n,2,284.92,0.87,N,2
52.84621,29.99105,336.8,0.63,0.54,2024-05-29,2318,N20,VIIRS,n,2,258.47,5.3,N,2
52.84567,29.99132,314.28,0.52,0.5,2024-05-30,0058,N20,VIIRS,n,2,279.86,1.22,N,2
53.58525,31.95295,295.05,0.59,0.53,2024-05-30,0058,N20,VIIRS,n,2,282.92,0.98,N,0
53.27243,24.43976,298.76,0.49,0.4,2024-05-30,0058,N20,VIIRS,n,2,279.12,1.01,N,2
53.32906,27.68283,303.11,0.42,0.45,2024-05-30,0058,N20,VIIRS,n,2,282.38,0.64,N,0
54.57399,26.17396,328.86,0.38,0.36,2024-05-30,1048,N20,VIIRS,l,2,302.09,3.19,D,0
55.4857,28.60006,304.82,0.57,0.69,2024-05-30,2258,N20,VIIRS,n,2,277.91,3.24,N,0
55.48556,28.59069,317.32,0.57,0.69,2024-05-30,2258,N20,VIIRS,n,2,267.48,2.56,N,0
52.85113,29.99196,308.05,0.5,0.66,2024-05-30,2259,N20,VIIRS,n,2,284.25,3.1,N,2
52.85135,29.99189,303.52,0.5,0.66,2024-05-30,2259,N20,VIIRS,n,2,284.13,1.13,N,2
52.84525,29.98419,295.34,0.5,0.66,2024-05-30,2259,N20,VIIRS,n,2,282.81,2.4,N,0
52.84525,29.9917,297.98,0.5,0.66,2024-05-30,2259,N20,VIIRS,n,2,282.26,1.13,N,2
53.58807,31.95034,297.46,0.39,0.44,2024-05-31,0039,N20,VIIRS,n,2,284.27,0.7,N,0
53.32779,27.68187,301.31,0.44,0.39,2024-05-31,0039,N20,VIIRS,n,2,283.9,0.97,N,0
55.48668,28.60008,304.31,0.43,0.38,2024-05-31,0039,N20,VIIRS,n,2,277.34,1.14,N,0
52.84604,29.99052,330.2,0.53,0.42,2024-05-31,0039,N20,VIIRS,n,2,285.49,5.78,N,2
51.89404,29.34181,318.37,0.53,0.42,2024-05-31,0040,N20,VIIRS,n,2,284.56,2.06,N,2
51.88675,29.33761,297.12,0.53,0.42,2024-05-31,0040,N20,VIIRS,n,2,283.25,1.09,N,2
51.89039,29.33971,311.42,0.53,0.42,2024-05-31,0040,N20,VIIRS,n,2,284.01,1.09,N,2
52.39875,31.09731,331.72,0.39,0.36,2024-05-31,1028,N20,VIIRS,n,2,299.79,2.06,D,0
52.84689,29.99285,335.5,0.4,0.37,2024-05-31,1028,N20,VIIRS,l,2,305.89,14.51,D,2
52.84645,29.98623,301.1,0.79,0.78,2024-05-31,2240,N20,VIIRS,n,2,280.49,2.35,N,2
53.58569,31.95438,296.68,0.43,0.38,2024-06-01,0020,N20,VIIRS,n,2,283.48,0.89,N,0
51.89064,29.34197,304.1,0.4,0.37,2024-06-01,0021,N20,VIIRS,n,2,285.35,1.35,N,2
52.84797,29.98943,328.25,0.4,0.37,2024-06-01,0021,N20,VIIRS,n,2,287.23,5.6,N,2
53.26087,24.44893,301.04,0.41,0.37,2024-06-01,0021,N20,VIIRS,n,2,285.36,0.82,N,2
53.27181,24.44646,305.6,0.41,0.37,2024-06-01,0021,N20,VIIRS,n,2,284.37,0.9,N,0
53.27261,24.44032,300.96,0.41,0.37,2024-06-01,0021,N20,VIIRS,n,2,283.15,0.9,N,2
54.23457,31.11299,329.25,0.46,0.39,2024-06-01,1010,N20,VIIRS,n,2,298.3,3.74,D,0
51.89392,29.345,295.66,0.4,0.37,2024-06-02,0002,N20,VIIRS,n,2,285.62,0.42,N,2
51.88804,29.33684,302.08,0.4,0.37,2024-06-02,0002,N20,VIIRS,n,2,286.19,0.92,N,2
52.05836,29.14217,297.58,0.41,0.37,2024-06-02,0002,N20,VIIRS,n,2,285.07,0.49,N,0
51.89471,29.33922,301.81,0.4,0.37,2024-06-02,0002,N20,VIIRS,n,2,285.97,0.42,N,2
51.89137,29.33803,312.8,0.4,0.37,2024-06-02,0002,N20,VIIRS,n,2,286.2,0.92,N,2
51.89088,29.33959,317.94,0.69,0.74,2024-06-02,0142,N20,VIIRS,n,2,283.16,2.63,N,2
53.27101,24.44287,307.26,0.41,0.6,2024-06-02,0142,N20,VIIRS,n,2,276.94,1.49,N,2
51.895,29.33617,296.77,0.69,0.74,2024-06-02,0142,N20,VIIRS,n,2,282.99,2.37,N,2
51.89162,29.34463,306.88,0.69,0.74,2024-06-02,0142,N20,VIIRS,n,2,282.82,1.94,N,2
52.84734,29.98787,328.89,0.53,0.42,2024-06-02,2343,N20,VIIRS,n,2,287.11,5.25,N,2
53.27103,24.44105,306.79,0.59,0.52,2024-06-02,2343,N20,VIIRS,n,2,284.87,2.13,N,2
53.27,24.44406,310.73,0.54,0.51,2024-06-03,0123,N20,VIIRS,n,2,283.98,1.55,N,2
52.84539,29.99169,347.61,0.39,0.6,2024-06-03,0932,N20,VIIRS,n,2,295.65,7.01,D,2
52.84441,29.99005,342.04,0.4,0.44,2024-06-03,1112,N20,VIIRS,n,2,300.49,4.74,D,2
52.84782,29.98448,302.25,0.54,0.51,2024-06-03,2324,N20,VIIRS,n,2,284.61,2.88,N,2
51.89025,29.33629,318.01,0.56,0.52,2024-06-03,2324,N20,VIIRS,n,2,283.5,2.71,N,2
51.89502,29.33702,321.83,0.56,0.52,2024-06-03,2324,N20,VIIRS,n,2,283.72,3.32,N,2
53.27384,24.44312,311.36,0.46,0.64,2024-06-03,2324,N20,VIIRS,n,2,283.72,1.89,N,2
53.58668,31.95389,295.16,0.46,0.47,2024-06-03,2324,N20,VIIRS,n,2,284.24,0.44,N,0
54.19061,28.49905,298.91,0.32,0.54,2024-06-03,2324,N20,VIIRS,n,2,282.71,0.29,N,0
53.26194,24.44979,299.23,0.46,0.64,2024-06-03,2324,N20,VIIRS,n,2,284.35,0.68,N,2
52.84948,29.98989,334.01,0.54,0.51,2024-06-03,2324,N20,VIIRS,n,2,286.34,5.36,N,2
52.84736,29.99255,336.99,0.54,0.51,2024-06-03,2324,N20,VIIRS,n,2,286.17,5.04,N,2
52.84836,29.99041,325.85,0.6,0.53,2024-06-04,0104,N20,VIIRS,n,2,286.03,5.13,N,2
51.89032,29.33864,323.26,0.61,0.53,2024-06-04,0105,N20,VIIRS,n,2,282.25,3.3,N,2
51.89481,29.34195,299.73,0.61,0.53,2024-06-04,0105,N20,VIIRS,n,2,283.26,1.89,N,2
53.58688,31.95046,295.77,0.36,0.57,2024-06-04,2305,N20,VIIRS,n,2,281.58,0.21,N,0
53.67058,31.82494,295.44,0.36,0.58,2024-06-04,2305,N20,VIIRS,n,2,282.26,0.49,N,0
52.84719,29.99172,338.39,0.39,0.36,2024-06-05,1034,N20,VIIRS,n,2,294.22,4.95,D,2
51.89034,29.34358,326.12,0.4,0.37,2024-06-05,1034,N20,VIIRS,n,2,294.74,1.66,D,2
53.27118,24.44118,316.93,0.39,0.36,2024-06-06,0027,N20,VIIRS,n,2,287.61,2.02,N,2
52.84582,29.99055,344.23,0.47,0.4,2024-06-06,1016,N20,VIIRS,n,2,295.05,8.54,D,2
52.78216,27.72316,333.81,0.56,0.43,2024-06-06,1016,N20,VIIRS,n,2,290.18,7.14,D,0
51.89162,29.34652,332.81,0.54,0.68,2024-06-06,1156,N20,VIIRS,n,2,291.72,6.66,D,2
54.20174,27.09292,320.09,0.43,0.38,2024-06-07,0008,N20,VIIRS,n,2,282,1.7,N,0
53.58618,31.95361,302.77,0.39,0.36,2024-06-07,0008,N20,VIIRS,n,2,286.53,0.53,N,0
53.39587,32.01534,303.26,0.39,0.36,2024-06-07,0008,N20,VIIRS,n,2,286.7,0.79,N,2
53.39264,32.01384,297.89,0.39,0.36,2024-06-07,0008,N20,VIIRS,n,2,286.73,0.63,N,2
52.84853,29.99189,327.99,0.39,0.36,2024-06-07,0008,N20,VIIRS,n,2,287.26,3.05,N,2
52.84528,29.99055,297.03,0.39,0.36,2024-06-07,0008,N20,VIIRS,n,2,285.92,0.49,N,2
51.89797,29.32283,298.6,0.39,0.36,2024-06-07,0008,N20,VIIRS,n,2,288.12,1.07,N,0
51.89224,29.33812,312.64,0.39,0.36,2024-06-07,0008,N20,VIIRS,n,2,287.18,1.52,N,2
51.89141,29.34364,306.28,0.39,0.36,2024-06-07,0008,N20,VIIRS,n,2,288.19,1.2,N,2
51.88898,29.33684,324.67,0.39,0.36,2024-06-07,0008,N20,VIIRS,n,2,287.69,1.52,N,2
51.88715,29.34204,306.49,0.78,0.78,2024-06-07,0148,N20,VIIRS,n,2,283.2,2.21,N,2
51.89049,29.34563,304.92,0.78,0.78,2024-06-07,0148,N20,VIIRS,n,2,283.62,1.94,N,2
51.88441,29.33935,297.98,0.78,0.78,2024-06-07,0148,N20,VIIRS,n,2,283.12,1.94,N,0
52.84452,29.98942,338.61,0.37,0.58,2024-06-07,1137,N20,VIIRS,n,2,294.65,6.31,D,2
53.39546,32.01707,301.89,0.42,0.38,2024-06-07,2349,N20,VIIRS,n,2,286.9,1.35,N,2
51.889,29.33373,299.61,0.48,0.4,2024-06-07,2349,N20,VIIRS,n,2,286.95,1.01,N,2
51.8919,29.34176,324.12,0.48,0.4,2024-06-07,2349,N20,VIIRS,n,2,287.59,3.41,N,2
51.89468,29.34381,311.38,0.53,0.67,2024-06-08,0129,N20,VIIRS,n,2,275.55,2.12,N,2
52.84925,29.98658,298.39,0.51,0.66,2024-06-08,0129,N20,VIIRS,n,2,279.26,1.79,N,2
51.88882,29.33988,301.18,0.53,0.67,2024-06-08,0129,N20,VIIRS,n,2,272.5,1.26,N,2
52.84686,29.99325,312.99,0.51,0.66,2024-06-08,0129,N20,VIIRS,n,2,282.81,1.79,N,2
51.89423,29.34481,313.39,0.53,0.67,2024-06-08,0129,N20,VIIRS,n,2,275.44,1.26,N,2
52.84636,29.99178,340.4,0.34,0.56,2024-06-08,0938,N20,VIIRS,n,2,296.88,3.66,D,2
51.89112,29.33855,321.12,0.48,0.48,2024-06-08,2330,N20,VIIRS,n,2,284.92,2.61,N,2
51.88859,29.33801,296.1,0.48,0.48,2024-06-08,2330,N20,VIIRS,n,2,283.29,1.56,N,2
51.89304,29.33885,322.7,0.48,0.48,2024-06-08,2330,N20,VIIRS,n,2,285.45,1.56,N,2
52.84736,29.9927,323.56,0.47,0.47,2024-06-08,2330,N20,VIIRS,n,2,284.46,1.77,N,2
53.27177,24.44243,310.56,0.4,0.6,2024-06-08,2330,N20,VIIRS,n,2,284.55,1.15,N,2
53.39365,32.01212,297.48,0.39,0.44,2024-06-08,2330,N20,VIIRS,n,2,285.01,0.7,N,2
53.39769,32.0131,297.03,0.39,0.44,2024-06-08,2330,N20,VIIRS,n,2,283.17,0.7,N,2
53.67223,31.82566,296.52,0.4,0.44,2024-06-08,2330,N20,VIIRS,n,2,284.11,0.55,N,0
53.58978,31.95428,298.72,0.38,0.59,2024-06-09,0110,N20,VIIRS,n,2,280.35,0.7,N,0
52.84602,29.98711,297.26,0.34,0.56,2024-06-09,0110,N20,VIIRS,n,2,281.24,0.51,N,2
52.84462,29.99174,296.59,0.34,0.56,2024-06-09,0110,N20,VIIRS,n,2,281.98,0.51,N,2
53.58721,31.95276,302,0.38,0.59,2024-06-09,0110,N20,VIIRS,n,2,281.68,0.72,N,0
51.89156,29.33785,304.71,0.35,0.57,2024-06-09,0111,N20,VIIRS,n,2,282.69,1.38,N,2
51.89016,29.34241,322.86,0.35,0.57,2024-06-09,0111,N20,VIIRS,n,2,283.2,1.38,N,2
51.89331,29.34472,323.76,0.35,0.57,2024-06-09,0111,N20,VIIRS,n,2,283.23,1.07,N,2
53.27123,24.44589,303.7,0.41,0.45,2024-06-09,0111,N20,VIIRS,n,2,281.58,1.51,N,2
51.88859,29.34104,303.17,0.35,0.57,2024-06-09,0111,N20,VIIRS,n,2,281.58,1.07,N,2
52.21711,24.39284,334.29,0.38,0.36,2024-06-09,1059,N20,VIIRS,n,2,300.96,2.2,D,0
51.89098,29.336,323.76,0.39,0.59,2024-06-09,2311,N20,VIIRS,n,2,284.8,2.74,N,2
51.89648,29.33645,295.41,0.39,0.59,2024-06-09,2311,N20,VIIRS,n,2,284.32,0.84,N,2
52.60058,29.78426,296.18,0.37,0.58,2024-06-09,2311,N20,VIIRS,n,2,283.84,0.73,N,0
53.26988,24.44013,304.11,0.63,0.72,2024-06-09,2311,N20,VIIRS,n,2,282.87,1.17,N,2
52.84739,29.99224,306.06,0.37,0.58,2024-06-09,2311,N20,VIIRS,n,2,285.25,1.56,N,2
51.89084,29.34179,303.82,0.39,0.59,2024-06-09,2311,N20,VIIRS,n,2,284.28,1.76,N,2
52.84755,29.98669,317.73,0.37,0.58,2024-06-09,2311,N20,VIIRS,n,2,284.67,2.1,N,2
52.60072,29.77859,307.85,0.37,0.58,2024-06-09,2311,N20,VIIRS,n,2,284.35,0.73,N,0
51.88805,29.33847,296.64,0.46,0.47,2024-06-10,0052,N20,VIIRS,n,2,283.34,0.54,N,2
51.89408,29.34229,318.73,0.46,0.47,2024-06-10,0052,N20,VIIRS,n,2,284.2,1.53,N,2
51.89004,29.33965,309.38,0.46,0.47,2024-06-10,0052,N20,VIIRS,n,2,283.53,1.53,N,2
52.84826,29.99079,335.22,0.45,0.47,2024-06-10,0052,N20,VIIRS,n,2,286.54,4.25,N,2
53.27045,24.44434,308.7,0.44,0.38,2024-06-10,0052,N20,VIIRS,n,2,283.75,1.55,N,2
51.89209,29.34109,325.04,0.46,0.47,2024-06-10,0052,N20,VIIRS,n,2,284.37,2.84,N,2
52.84445,29.98945,331.5,0.39,0.36,2024-06-10,1040,N20,VIIRS,l,2,302.55,4.47,D,2
51.89234,29.34319,333.72,0.47,0.4,2024-06-11,0033,N20,VIIRS,n,2,287.52,3.31,N,2
51.88886,29.34132,303.94,0.47,0.4,2024-06-11,0033,N20,VIIRS,n,2,286.94,0.66,N,2
52.84705,29.98877,337.01,0.43,0.38,2024-06-11,1022,N20,VIIRS,n,2,285.49,6.27,D,2
54.13674,25.69284,327.56,0.45,0.63,2024-06-11,1203,N20,VIIRS,n,2,291.7,2.74,D,0
53.39439,32.01349,297.08,0.4,0.37,2024-06-12,0014,N20,VIIRS,n,2,285.69,0.55,N,2
53.26998,24.44483,310.1,0.45,0.39,2024-06-12,0014,N20,VIIRS,n,2,284.41,1.03,N,2
53.27298,24.44588,299.87,0.53,0.67,2024-06-12,0154,N20,VIIRS,n,2,280.11,0.53,N,2
53.26271,24.45415,295.97,0.53,0.67,2024-06-12,0154,N20,VIIRS,n,2,280.9,0.68,N,0
54.18618,28.50096,296.81,0.48,0.4,2024-06-12,2355,N20,VIIRS,n,2,281.23,0.3,N,0
52.84668,29.98964,339.54,0.43,0.38,2024-06-12,2355,N20,VIIRS,n,2,285.83,5.68,N,2
52.61857,29.15342,298.87,0.45,0.39,2024-06-12,2355,N20,VIIRS,n,2,282.32,0.53,N,0
51.89152,29.34198,320.89,0.43,0.38,2024-06-12,2355,N20,VIIRS,n,2,285.27,1.94,N,2
51.88881,29.33458,309.66,0.43,0.38,2024-06-12,2355,N20,VIIRS,n,2,283.74,1.94,N,2
53.26127,24.44931,295.83,0.35,0.57,2024-06-13,0135,N20,VIIRS,n,2,281.9,0.99,N,2
51.88804,29.34184,302.65,0.6,0.71,2024-06-13,0135,N20,VIIRS,n,2,281.28,1.57,N,2
51.89367,29.34722,301.32,0.6,0.71,2024-06-13,0135,N20,VIIRS,n,2,281.14,1.57,N,2
52.62165,29.15448,295.04,0.55,0.68,2024-06-13,0135,N20,VIIRS,n,2,279.13,0.6,N,0
52.84513,29.99109,316.95,0.58,0.7,2024-06-13,0135,N20,VIIRS,n,2,281.18,2.9,N,2
53.26889,24.44384,299.09,0.35,0.57,2024-06-13,0135,N20,VIIRS,n,2,281.73,1.5,N,2
52.84738,29.99332,314.47,0.58,0.7,2024-06-13,0135,N20,VIIRS,n,2,281.37,2.12,N,2
51.89136,29.34043,341.3,0.34,0.56,2024-06-13,0944,N20,VIIRS,n,2,293.7,4.11,D,2
55.46505,28.71258,331.96,0.55,0.51,2024-06-13,0945,N20,VIIRS,n,2,292.37,4.68,D,0
53.39464,32.01131,303.18,0.52,0.42,2024-06-13,2336,N20,VIIRS,n,2,285.55,1.49,N,2
52.85384,29.9945,300.29,0.4,0.45,2024-06-13,2336,N20,VIIRS,n,2,285.4,1.25,N,2
52.84615,29.98658,322.5,0.4,0.45,2024-06-13,2336,N20,VIIRS,n,2,282.78,3.02,N,2
52.84566,29.99259,324.87,0.4,0.45,2024-06-13,2336,N20,VIIRS,n,2,283.45,3.02,N,2
53.26986,24.43941,297.69,0.55,0.68,2024-06-14,2317,N20,VIIRS,n,2,277.66,0.85,N,2
51.98197,29.68133,298.77,0.32,0.55,2024-06-14,2317,N20,VIIRS,n,2,267.89,0.16,N,0
53.27007,24.44584,300.63,0.49,0.4,2024-06-15,0058,N20,VIIRS,n,2,280.54,1.09,N,2
53.26157,24.44859,296.81,0.49,0.4,2024-06-15,0058,N20,VIIRS,n,2,280.52,0.66,N,2
51.89119,29.34016,343.49,0.39,0.36,2024-06-15,1046,N20,VIIRS,n,2,304.12,6.05,D,2
52.43946,25.33452,331.32,0.4,0.37,2024-06-15,1047,N20,VIIRS,n,2,296.09,3.46,D,0
51.89271,29.33624,317.28,0.53,0.67,2024-06-15,2258,N20,VIIRS,n,2,283.2,2.99,N,2
52.8509,29.99039,326.18,0.5,0.66,2024-06-15,2258,N20,VIIRS,n,2,283.84,2.73,N,2
53.67317,31.82515,295.72,0.43,0.62,2024-06-15,2258,N20,VIIRS,n,2,283.92,0.47,N,0
53.58961,31.95042,296.03,0.42,0.61,2024-06-15,2258,N20,VIIRS,n,2,283.04,0.57,N,0
53.397,32.01079,296.69,0.42,0.61,2024-06-15,2258,N20,VIIRS,n,2,284.24,0.66,N,2
53.58675,31.95387,301.75,0.39,0.44,2024-06-16,0038,N20,VIIRS,n,2,284.86,0.43,N,0
53.26056,24.45284,303.43,0.39,0.36,2024-06-16,0039,N20,VIIRS,n,2,285.03,0.99,N,2
53.27219,24.44607,309.15,0.39,0.36,2024-06-16,0039,N20,VIIRS,n,2,284.23,1.43,N,0
51.89408,29.34346,303.68,0.52,0.42,2024-06-16,0039,N20,VIIRS,n,2,285.88,1.74,N,2
52.8469,29.99049,329.46,0.52,0.42,2024-06-16,0039,N20,VIIRS,n,2,286.62,10.48,N,2
51.88682,29.3393,296.71,0.52,0.42,2024-06-16,0039,N20,VIIRS,n,2,285.03,0.98,N,2
51.89045,29.34138,310.65,0.52,0.42,2024-06-16,0039,N20,VIIRS,n,2,285.63,0.98,N,2
53.26213,24.4484,297.19,0.42,0.37,2024-06-17,0020,N20,VIIRS,n,2,286.84,0.66,N,2
53.2697,24.44466,308.75,0.42,0.37,2024-06-17,0020,N20,VIIRS,n,2,286.5,0.96,N,2
53.67155,31.82741,300.78,0.39,0.36,2024-06-18,0001,N20,VIIRS,n,2,287.46,0.55,N,0
51.89148,29.33939,337.84,0.4,0.37,2024-06-18,0001,N20,VIIRS,n,2,290.45,3.43,N,2
53.05196,26.33863,327.72,0.49,0.4,2024-06-18,0001,N20,VIIRS,n,2,286.43,3.82,N,0
53.2623,24.45276,295.18,0.38,0.43,2024-06-18,0001,N20,VIIRS,n,2,284.66,0.54,N,2
53.27244,24.44235,307.55,0.38,0.43,2024-06-18,0001,N20,VIIRS,n,2,285.56,1.14,N,2
52.8459,29.98602,298.49,0.4,0.37,2024-06-18,0001,N20,VIIRS,n,2,286.95,2.31,N,2
52.84842,29.99312,329.37,0.4,0.37,2024-06-18,0001,N20,VIIRS,n,2,289.93,5.01,N,2
53.39581,32.01281,297.38,0.39,0.36,2024-06-18,0001,N20,VIIRS,n,2,287.07,0.24,N,2
51.88814,29.3382,310.34,0.4,0.37,2024-06-18,0001,N20,VIIRS,n,2,288.62,3.43,N,2
53.27032,24.44169,306.29,0.4,0.6,2024-06-18,0141,N20,VIIRS,n,2,283.07,0.8,N,2
52.84979,29.99631,295.93,0.66,0.73,2024-06-18,0141,N20,VIIRS,n,2,284.14,1.47,N,2
52.84744,29.98191,302.48,0.66,0.73,2024-06-18,0141,N20,VIIRS,n,2,283.99,2.47,N,0
52.84412,29.9902,316.42,0.66,0.73,2024-06-18,0141,N20,VIIRS,n,2,284.35,2.47,N,2
52.85326,29.99526,295.47,0.66,0.73,2024-06-18,0141,N20,VIIRS,n,2,285.15,0.97,N,2
52.84759,29.98914,333.98,0.66,0.73,2024-06-18,0141,N20,VIIRS,n,2,284.43,5.02,N,2
51.8912,29.34215,319.91,0.68,0.74,2024-06-18,0141,N20,VIIRS,n,2,286.07,3.66,N,2
51.89144,29.33828,341.37,0.6,0.53,2024-06-18,0950,N20,VIIRS,n,2,299.92,5.22,D,2
51.88696,29.34155,325.91,0.6,0.53,2024-06-18,0950,N20,VIIRS,l,2,298.05,5.22,D,2
52.06837,26.98941,327.44,0.46,0.47,2024-06-18,1130,N20,VIIRS,n,2,284.9,1.7,D,0
51.89085,29.34294,344.64,0.57,0.52,2024-06-18,1130,N20,VIIRS,n,2,300.36,7.39,D,2
55.48463,28.60131,303.16,0.43,0.46,2024-06-18,2341,N20,VIIRS,n,2,286.65,0.84,N,0
53.27364,24.44376,299.75,0.59,0.53,2024-06-18,2342,N20,VIIRS,n,2,281.65,1.19,N,2
51.89019,29.3425,307,0.55,0.43,2024-06-18,2342,N20,VIIRS,n,2,274.64,1.2,N,2
52.84645,29.99324,323.5,0.53,0.42,2024-06-18,2342,N20,VIIRS,n,2,284.89,3.96,N,2
51.89094,29.33449,305.07,0.55,0.43,2024-06-18,2342,N20,VIIRS,n,2,273.76,1.2,N,2
51.89408,29.34347,297.66,0.55,0.43,2024-06-18,2342,N20,VIIRS,n,2,274.63,1.2,N,2
53.58821,31.95005,301.05,0.47,0.4,2024-06-18,2342,N20,VIIRS,n,2,287,0.6,N,0
53.39487,32.01338,306.23,0.47,0.39,2024-06-18,2342,N20,VIIRS,n,2,289.63,1.38,N,2
55.48724,28.60372,304.18,0.32,0.54,2024-06-19,0122,N20,VIIRS,n,2,263.12,0.31,N,0
53.58576,31.95305,295.54,0.49,0.65,2024-06-19,0122,N20,VIIRS,n,2,284.59,0.38,N,0
53.58825,31.95437,298.45,0.49,0.65,2024-06-19,0122,N20,VIIRS,n,2,284.98,0.83,N,0
51.89136,29.3411,339.01,0.55,0.43,2024-06-19,1111,N20,VIIRS,n,2,301.84,11.89,D,2
52.21907,24.39015,337.23,0.4,0.37,2024-06-19,1112,N20,VIIRS,n,2,301.51,2.69,D,0
53.39642,32.0127,296.48,0.46,0.47,2024-06-19,2323,N20,VIIRS,n,2,280.64,0.62,N,2
53.27172,24.44134,302.07,0.54,0.42,2024-06-20,0104,N20,VIIRS,n,2,283.94,1.29,N,2
53.2609,24.45202,302.23,0.54,0.42,2024-06-20,0104,N20,VIIRS,n,2,284.74,1.41,N,2
51.89077,29.34151,335.42,0.4,0.37,2024-06-20,1052,N20,VIIRS,n,2,299.31,4.91,D,2
52.12798,25.55102,326.69,0.39,0.36,2024-06-20,1053,N20,VIIRS,l,2,297.41,1.35,D,0
52.8468,29.99137,340.52,0.42,0.38,2024-06-20,1053,N20,VIIRS,n,2,296.24,5.28,D,2
51.88947,29.33543,298.82,0.46,0.63,2024-06-20,2304,N20,VIIRS,n,2,284.16,0.73,N,2
51.89527,29.34258,295.72,0.46,0.63,2024-06-20,2304,N20,VIIRS,n,2,284.83,1.71,N,2
51.89536,29.3357,315.41,0.46,0.63,2024-06-20,2304,N20,VIIRS,n,2,284.28,1.71,N,2
51.89304,29.34094,301.45,0.46,0.63,2024-06-20,2304,N20,VIIRS,n,2,284.91,2.13,N,2
51.8931,29.33406,309.98,0.46,0.64,2024-06-20,2304,N20,VIIRS,n,2,284.32,2.77,N,2
52.84607,29.99042,337.4,0.43,0.62,2024-06-20,2304,N20,VIIRS,n,2,284.72,3.87,N,2
52.84657,29.98476,301.67,0.44,0.62,2024-06-20,2304,N20,VIIRS,n,2,283.79,2.05,N,2
52.84649,29.99132,328.12,0.43,0.62,2024-06-20,2304,N20,VIIRS,n,2,284.71,2.05,N,2
53.58844,31.95102,297.62,0.44,0.46,2024-06-21,0044,N20,VIIRS,n,2,283.62,0.62,N,0
52.84867,29.99165,337.94,0.39,0.44,2024-06-21,0045,N20,VIIRS,n,2,285.47,2.29,N,2
52.85246,29.99409,297.79,0.39,0.44,2024-06-21,0045,N20,VIIRS,n,2,285.21,2.29,N,2
52.84798,29.98944,336.61,0.39,0.44,2024-06-21,0045,N20,VIIRS,n,2,285.03,2.82,N,2
53.27022,24.43986,300.63,0.41,0.37,2024-06-21,0045,N20,VIIRS,n,2,282.13,1.34,N,2
53.26149,24.44829,303.27,0.41,0.37,2024-06-21,0045,N20,VIIRS,n,2,283.7,1.57,N,2
51.89095,29.34262,334.36,0.39,0.44,2024-06-21,0045,N20,VIIRS,n,2,286.72,3.11,N,2
51.88841,29.33491,296.77,0.39,0.44,2024-06-21,0045,N20,VIIRS,n,2,284.68,0.85,N,2
51.88713,29.3403,297.78,0.39,0.44,2024-06-21,0045,N20,VIIRS,n,2,284.78,0.54,N,2
52.85047,29.99741,297.74,0.39,0.44,2024-06-21,0045,N20,VIIRS,n,2,284.6,2.82,N,0
54.12835,25.69125,331.1,0.44,0.38,2024-06-21,1034,N20,VIIRS,n,2,295.47,2.68,D,0
53.91959,27.7062,333.23,0.4,0.37,2024-06-21,1034,N20,VIIRS,n,2,300.29,1.89,D,0
53.3941,32.01191,296.42,0.57,0.69,2024-06-21,2245,N20,VIIRS,n,2,285.72,0.74,N,2
51.89334,29.33397,322.02,0.74,0.76,2024-06-21,2245,N20,VIIRS,n,2,285.48,4.99,N,2
51.89669,29.33069,298.71,0.74,0.76,2024-06-21,2245,N20,VIIRS,n,2,285.4,2.71,N,0
52.84916,29.98484,308.65,0.69,0.74,2024-06-21,2245,N20,VIIRS,n,2,283.85,1.72,N,2
52.85052,29.99091,308.67,0.69,0.74,2024-06-21,2245,N20,VIIRS,n,2,284.43,2.34,N,2
53.25978,24.44927,299.02,0.39,0.36,2024-06-22,0026,N20,VIIRS,n,2,282.9,0.66,N,2
54.68443,29.13321,297.33,0.39,0.37,2024-06-22,0026,N20,VIIRS,n,2,284.63,0.74,N,0
53.58733,31.94924,295.25,0.46,0.39,2024-06-22,0026,N20,VIIRS,n,2,284.58,0.73,N,0
53.39334,32.01613,301.2,0.47,0.4,2024-06-22,0026,N20,VIIRS,n,2,286.39,0.68,N,2
52.84927,29.99007,327.41,0.43,0.38,2024-06-22,0026,N20,VIIRS,n,2,286.45,1.88,N,2
52.84594,29.98831,320.74,0.43,0.38,2024-06-22,0026,N20,VIIRS,n,2,285.92,1.88,N,2
53.27129,24.44155,311.29,0.39,0.36,2024-06-22,0026,N20,VIIRS,n,2,284.22,1.51,N,2
53.26307,24.45057,298.92,0.39,0.36,2024-06-22,0026,N20,VIIRS,n,2,283.36,0.66,N,0
51.89327,29.34217,318.82,0.42,0.38,2024-06-22,0026,N20,VIIRS,n,2,287.22,2.03,N,2
51.88993,29.34051,310.2,0.42,0.38,2024-06-22,0026,N20,VIIRS,n,2,285.27,1.27,N,2
52.84462,29.99325,332.86,0.48,0.4,2024-06-22,1015,N20,VIIRS,n,2,298.17,3.33,D,2
51.89064,29.33962,338.36,0.52,0.42,2024-06-22,1015,N20,VIIRS,n,2,297.07,7.22,D,2
52.84771,29.99096,344.78,0.48,0.4,2024-06-22,1015,N20,VIIRS,n,2,303.81,10.38,D,2
52.84812,29.99129,337.44,0.48,0.4,2024-06-22,1015,N20,VIIRS,n,2,303.79,3.33,D,2
53.25937,24.45167,298.23,0.51,0.41,2024-06-23,0007,N20,VIIRS,n,2,287.31,1.24,N,2
52.62071,29.58407,319.22,0.39,0.36,2024-06-23,0007,N20,VIIRS,n,2,285.75,1.58,N,0
51.89211,29.33861,328.37,0.39,0.36,2024-06-23,0007,N20,VIIRS,n,2,289.69,1.73,N,2
51.88885,29.33735,318.46,0.39,0.36,2024-06-23,0007,N20,VIIRS,n,2,289.47,1.73,N,2
53.27217,24.43962,301.18,0.51,0.41,2024-06-23,0007,N20,VIIRS,n,2,287.12,0.66,N,2
52.84855,29.99012,330,0.39,0.36,2024-06-23,0007,N20,VIIRS,n,2,289.29,4.17,N,2
51.89129,29.34415,300.28,0.39,0.36,2024-06-23,0007,N20,VIIRS,n,2,289.46,1.73,N,2
53.26086,24.45275,299.03,0.46,0.63,2024-06-23,0147,N20,VIIRS,n,2,283.5,0.88,N,2
53.26125,24.45242,298.93,0.46,0.63,2024-06-23,0147,N20,VIIRS,n,2,283.91,1.43,N,2
51.89205,29.34014,329.62,0.49,0.4,2024-06-23,2348,N20,VIIRS,n,2,287.81,4.82,N,2
53.39507,32.01323,307.29,0.43,0.38,2024-06-23,2348,N20,VIIRS,n,2,288.26,1.24,N,2
53.58733,31.95428,297.38,0.43,0.38,2024-06-23,2348,N20,VIIRS,n,2,286.34,0.69,N,0
51.88838,29.3391,303.88,0.49,0.4,2024-06-23,2348,N20,VIIRS,n,2,286.52,1.17,N,2
51.89388,29.34404,332.43,0.52,0.67,2024-06-24,0128,N20,VIIRS,n,2,284.09,4.43,N,2
51.88848,29.33917,315.7,0.52,0.67,2024-06-24,0128,N20,VIIRS,n,2,282.76,1.8,N,2
52.84748,29.99207,332.71,0.35,0.57,2024-06-24,0937,N20,VIIRS,n,2,290.75,3.77,D,2
52.84908,29.98996,312.64,0.47,0.48,2024-06-24,2329,N20,VIIRS,n,2,278.97,1.48,N,2
51.89272,29.33291,296.34,0.49,0.49,2024-06-24,2330,N20,VIIRS,n,2,284.87,3.91,N,2
51.88776,29.33931,302.09,0.49,0.49,2024-06-24,2330,N20,VIIRS,n,2,285.25,3.91,N,2
51.89225,29.34015,341.74,0.49,0.49,2024-06-24,2330,N20,VIIRS,n,2,287.36,3.91,N,2
51.88823,29.33207,299.48,0.49,0.49,2024-06-24,2330,N20,VIIRS,n,2,285.62,3.91,N,2
53.58592,31.95303,296.63,0.38,0.59,2024-06-25,0109,N20,VIIRS,n,2,283.97,0.5,N,0
52.84577,29.98895,322.69,0.34,0.56,2024-06-25,0109,N20,VIIRS,n,2,284.42,1.65,N,2
51.89187,29.33874,316.19,0.34,0.56,2024-06-25,0110,N20,VIIRS,n,2,284.35,1.87,N,2
51.88906,29.33899,322.09,0.34,0.56,2024-06-25,0110,N20,VIIRS,n,2,285.18,1.52,N,2
51.89376,29.34263,324.42,0.34,0.56,2024-06-25,0110,N20,VIIRS,n,2,285.38,2.12,N,2
51.88716,29.33514,300.94,0.34,0.56,2024-06-25,0110,N20,VIIRS,n,2,284.46,1.87,N,2
51.8905,29.34325,327.42,0.34,0.56,2024-06-25,0110,N20,VIIRS,n,2,285.17,3.57,N,2
51.88895,29.33536,329.69,0.43,0.38,2024-06-25,1058,N20,VIIRS,l,2,300.95,3.67,D,2
53.59998,23.96157,337.86,0.38,0.36,2024-06-25,1059,N20,VIIRS,n,2,296.82,2,D,0
54.78817,27.10151,330.12,0.41,0.37,2024-06-25,1059,N20,VIIRS,n,2,294.54,2.66,D,0
53.67099,23.90954,327.27,0.38,0.36,2024-06-25,1059,N20,VIIRS,l,2,300.86,4.64,D,0
52.84684,29.98859,315.78,0.37,0.58,2024-06-25,2310,N20,VIIRS,n,2,279.84,2.55,N,2
52.8485,29.99041,320.73,0.37,0.58,2024-06-25,2310,N20,VIIRS,n,2,280.25,2.11,N,2
51.89069,29.3331,318.09,0.39,0.6,2024-06-25,2310,N20,VIIRS,n,2,285.24,2.1,N,2
51.89054,29.33897,331.29,0.39,0.6,2024-06-25,2310,N20,VIIRS,n,2,284.76,2.1,N,2
51.89607,29.3394,306.39,0.39,0.6,2024-06-25,2310,N20,VIIRS,n,2,284.99,2.1,N,0
53.58846,31.95078,295.93,0.5,0.49,2024-06-26,0050,N20,VIIRS,n,2,282.29,0.48,N,0
51.89002,29.34177,337.51,0.45,0.47,2024-06-26,0051,N20,VIIRS,n,2,280.72,3.64,N,2
52.84672,29.9886,335.87,0.45,0.47,2024-06-26,0051,N20,VIIRS,n,2,283.18,3.25,N,2
53.26411,24.44924,298.2,0.44,0.38,2024-06-26,0051,N20,VIIRS,n,2,287.86,0.78,N,0
51.88908,29.33767,328.23,0.39,0.36,2024-06-26,1039,N20,VIIRS,l,2,301.69,3.13,D,2
54.65653,29.7075,325.58,0.39,0.36,2024-06-26,1040,N20,VIIRS,n,2,295.39,1.86,D,0
53.9186,27.70685,331.67,0.39,0.36,2024-06-26,1040,N20,VIIRS,l,2,305.59,3.66,D,0
52.84708,29.99223,336.27,0.38,0.36,2024-06-26,1040,N20,VIIRS,l,2,307.47,5.81,D,2
55.48402,28.59433,303.99,0.68,0.74,2024-06-26,2250,N20,VIIRS,n,2,285.81,0.76,N,0
51.89613,29.3304,299.82,0.63,0.72,2024-06-26,2251,N20,VIIRS,n,2,287.41,2.05,N,0
51.88943,29.33047,299.46,0.63,0.72,2024-06-26,2251,N20,VIIRS,n,2,286.36,2.05,N,2
51.89628,29.33987,309.18,0.63,0.72,2024-06-26,2251,N20,VIIRS,n,2,286.74,4.14,N,0
52.22674,27.82701,310.28,0.73,0.76,2024-06-26,2251,N20,VIIRS,n,2,286.52,1.76,N,0
52.22317,27.82399,306.94,0.73,0.76,2024-06-26,2251,N20,VIIRS,n,2,286.43,1.52,N,0
52.84785,29.98853,331.53,0.59,0.7,2024-06-26,2251,N20,VIIRS,n,2,286.74,3.46,N,2
52.84771,29.99203,334.11,0.47,0.39,2024-06-27,0032,N20,VIIRS,n,2,290.11,2.64,N,2
51.8917,29.34206,318.83,0.46,0.39,2024-06-27,0032,N20,VIIRS,n,2,289.75,3.73,N,2
52.84675,29.99174,331.2,0.47,0.39,2024-06-27,0032,N20,VIIRS,n,2,289.9,5.48,N,2
53.27045,24.4397,299.92,0.38,0.36,2024-06-27,0032,N20,VIIRS,n,2,287.43,0.71,N,2
53.26957,24.44535,301.78,0.38,0.36,2024-06-27,0032,N20,VIIRS,n,2,288.03,0.71,N,2
53.26223,24.4482,300.8,0.38,0.36,2024-06-27,0032,N20,VIIRS,n,2,289.06,0.82,N,2
52.85116,29.99397,299.77,0.47,0.39,2024-06-27,0032,N20,VIIRS,n,2,288.58,2.64,N,2
51.89122,29.34413,334.15,0.47,0.4,2024-06-27,1021,N20,VIIRS,l,2,305.2,4.53,D,2
52.61407,30.69739,332.52,0.42,0.38,2024-06-27,1021,N20,VIIRS,n,2,298.31,2.84,D,0
51.8899,29.33757,333.37,0.47,0.4,2024-06-27,1021,N20,VIIRS,l,2,306.55,7.78,D,2
52.41484,30.90599,329.6,0.42,0.38,2024-06-27,1021,N20,VIIRS,l,2,299.65,3.4,D,0
51.88731,29.3475,330.5,0.62,0.72,2024-06-27,1202,N20,VIIRS,n,2,293.12,5.98,D,0
51.8908,29.34464,341.78,0.62,0.72,2024-06-27,1202,N20,VIIRS,n,2,295.87,9.84,D,2
54.67619,29.60189,301.04,0.39,0.36,2024-06-28,0013,N20,VIIRS,n,2,286.56,0.47,N,0
53.67252,31.827,301.25,0.4,0.37,2024-06-28,0013,N20,VIIRS,n,2,290.32,0.81,N,0
53.58615,31.95455,298.67,0.4,0.37,2024-06-28,0013,N20,VIIRS,n,2,288.41,0.42,N,0
53.39454,32.01592,301.27,0.4,0.37,2024-06-28,0013,N20,VIIRS,n,2,290.66,0.87,N,2
52.84671,29.99014,339.22,0.39,0.36,2024-06-28,0013,N20,VIIRS,n,2,291.21,6.48,N,2
53.27151,24.44368,307.42,0.46,0.39,2024-06-28,0013,N20,VIIRS,n,2,289.3,1.11,N,2
52.17986,29.22497,325.85,0.38,0.36,2024-06-28,0013,N20,VIIRS,n,2,288.31,1.63,N,0
55.17431,30.33402,300.52,0.38,0.36,2024-06-28,0013,N20,VIIRS,n,2,288.59,1.36,N,0
55.50595,28.58625,301.11,0.39,0.37,2024-06-28,0013,N20,VIIRS,n,2,288.03,0.38,N,2
55.17339,30.33991,323.96,0.38,0.36,2024-06-28,0013,N20,VIIRS,n,2,289.44,1.36,N,0
51.89236,29.33904,328.45,0.38,0.36,2024-06-28,0014,N20,VIIRS,n,2,291.56,1.76,N,2
51.89826,29.324,302.73,0.38,0.36,2024-06-28,0014,N20,VIIRS,n,2,292.65,1.39,N,0
51.88913,29.33767,300.94,0.38,0.36,2024-06-28,0014,N20,VIIRS,n,2,290.02,1.76,N,2
53.26299,24.45267,303.19,0.52,0.67,2024-06-28,0153,N20,VIIRS,n,2,287.77,0.72,N,0
53.27321,24.44452,303.25,0.52,0.67,2024-06-28,0153,N20,VIIRS,n,2,287.18,0.6,N,2
51.89141,29.34384,341.21,0.45,0.47,2024-06-28,1002,N20,VIIRS,n,2,304.47,8.53,D,2
52.84798,29.99106,336.78,0.4,0.45,2024-06-28,1002,N20,VIIRS,n,2,305.97,5.06,D,2
54.4264,30.61505,328.89,0.53,0.42,2024-06-28,1003,N20,VIIRS,n,2,302.22,2.28,D,0
54.23905,31.11502,341.71,0.47,0.64,2024-06-28,1143,N20,VIIRS,n,2,294.6,4.45,D,0
52.84264,29.99137,335.02,0.42,0.61,2024-06-28,1143,N20,VIIRS,n,2,298.81,6.02,D,2
52.84669,29.99372,337.38,0.42,0.61,2024-06-28,1143,N20,VIIRS,n,2,301.04,6.97,D,2
53.67054,31.82743,302.31,0.4,0.37,2024-06-28,2354,N20,VIIRS,n,2,290.86,1.08,N,0
53.39496,32.0159,305.88,0.4,0.37,2024-06-28,2354,N20,VIIRS,n,2,292,0.9,N,2
52.85542,29.99717,310.71,0.43,0.38,2024-06-28,2354,N20,VIIRS,n,2,293,1.84,N,2
52.84852,29.99484,320.14,0.43,0.38,2024-06-28,2354,N20,VIIRS,n,2,290.35,1.93,N,2
52.84929,29.98851,309.26,0.43,0.38,2024-06-28,2354,N20,VIIRS,n,2,289.92,1.93,N,2
51.89335,29.34154,325.27,0.44,0.38,2024-06-28,2355,N20,VIIRS,n,2,293.31,2.1,N,2
51.88987,29.34043,300.44,0.44,0.38,2024-06-28,2355,N20,VIIRS,n,2,289.96,2.1,N,2
52.84935,29.99285,314.27,0.58,0.69,2024-06-29,0134,N20,VIIRS,n,2,287.77,1.79,N,2
51.89209,29.34307,315.68,0.6,0.7,2024-06-29,0135,N20,VIIRS,n,2,289.1,4.49,N,2
51.89061,29.34161,323.39,0.6,0.7,2024-06-29,0135,N20,VIIRS,n,2,289.26,3.58,N,2
51.88711,29.34132,328.39,0.35,0.56,2024-06-29,0943,N20,VIIRS,l,2,299.44,2.61,D,2
51.89183,29.33765,330.65,0.35,0.56,2024-06-29,0943,N20,VIIRS,n,2,300.14,3.65,D,2
51.89321,29.34228,337.99,0.35,0.56,2024-06-29,0943,N20,VIIRS,n,2,299.02,3.65,D,2
52.84285,29.98987,342.12,0.61,0.53,2024-06-29,0944,N20,VIIRS,n,2,303.51,14.31,D,2
51.89331,29.34409,332.96,0.49,0.48,2024-06-29,1124,N20,VIIRS,l,2,304.48,5.17,D,2
51.88838,29.33774,334.72,0.49,0.48,2024-06-29,1124,N20,VIIRS,l,2,306.67,5.17,D,2
52.84803,29.99251,337.32,0.53,0.5,2024-06-29,1124,N20,VIIRS,n,2,306.36,13.34,D,2
53.2704,24.44458,299.04,0.35,0.57,2024-06-29,2335,N20,VIIRS,n,2,286.75,0.64,N,2
53.27058,24.43923,302.56,0.35,0.57,2024-06-29,2335,N20,VIIRS,n,2,285.75,0.68,N,2
53.39537,32.01553,304.54,0.52,0.42,2024-06-29,2335,N20,VIIRS,n,2,290.75,1.6,N,2
53.67154,31.82476,297.57,0.54,0.42,2024-06-29,2335,N20,VIIRS,n,2,285.91,0.48,N,0
53.26499,24.44936,302.59,0.35,0.57,2024-06-29,2335,N20,VIIRS,n,2,288.21,0.78,N,0
53.25975,24.44882,305.26,0.35,0.57,2024-06-29,2335,N20,VIIRS,n,2,287.17,0.78,N,2
52.84873,29.99297,329.24,0.41,0.45,2024-06-29,2336,N20,VIIRS,n,2,291.29,4.18,N,2
51.89409,29.3408,315.61,0.42,0.45,2024-06-29,2336,N20,VIIRS,n,2,290.36,1.78,N,2
51.89039,29.33368,306.37,0.42,0.45,2024-06-29,2336,N20,VIIRS,n,2,290.21,1.78,N,2
51.88946,29.33884,309.85,0.42,0.45,2024-06-29,2336,N20,VIIRS,n,2,290.15,1.23,N,2
53.27275,24.44119,307.25,0.47,0.47,2024-06-30,0116,N20,VIIRS,n,2,286.32,0.77,N,2
53.26132,24.44832,305.78,0.47,0.47,2024-06-30,0116,N20,VIIRS,n,2,288.21,1.23,N,2
52.84992,29.99125,324.29,0.39,0.59,2024-06-30,0116,N20,VIIRS,n,2,288.68,2.88,N,2
51.8945,29.34207,311.22,0.4,0.6,2024-06-30,0116,N20,VIIRS,n,2,288.3,1.88,N,2
51.88956,29.33804,308.86,0.4,0.6,2024-06-30,0116,N20,VIIRS,n,2,288.13,1.88,N,2
51.89287,29.3472,298.3,0.4,0.6,2024-06-30,0116,N20,VIIRS,n,2,287.34,2.47,N,2
52.84595,29.99451,337.49,0.46,0.63,2024-06-30,0925,N20,VIIRS,n,2,298.15,9.21,D,2
51.88771,29.33862,335.86,0.48,0.4,2024-06-30,1105,N20,VIIRS,l,2,308.62,6.7,D,2
51.88952,29.33906,344.47,0.48,0.4,2024-06-30,1105,N20,VIIRS,n,2,309.83,6.94,D,2
53.27059,24.4385,299.84,0.55,0.68,2024-06-30,2316,N20,VIIRS,n,2,281.07,1.52,N,2
53.26432,24.44706,301.78,0.55,0.68,2024-06-30,2316,N20,VIIRS,n,2,283.19,1.66,N,0
52.84819,29.98763,319.8,0.32,0.55,2024-06-30,2317,N20,VIIRS,n,2,291.16,2.17,N,2
51.88969,29.3379,311.58,0.34,0.56,2024-06-30,2317,N20,VIIRS,n,2,292.65,1.51,N,2
51.88989,29.33292,313.21,0.34,0.56,2024-06-30,2317,N20,VIIRS,n,2,293.19,1.51,N,2
51.89485,29.33849,332.25,0.34,0.56,2024-06-30,2317,N20,VIIRS,n,2,293.17,1.51,N,2
52.848,29.99244,313.78,0.32,0.55,2024-06-30,2317,N20,VIIRS,n,2,291.92,1.55,N,2
52.85305,29.99308,301.07,0.32,0.55,2024-06-30,2317,N20,VIIRS,n,2,291.03,1.07,N,2
52.84794,29.99021,339.56,0.51,0.5,2024-07-01,0057,N20,VIIRS,n,2,291.71,6.32,N,2
51.88774,29.33536,310.77,0.52,0.5,2024-07-01,0057,N20,VIIRS,n,2,292.27,1.36,N,2
51.89011,29.34521,301.73,0.52,0.5,2024-07-01,0057,N20,VIIRS,n,2,291.37,1.88,N,2
51.89198,29.33827,319.62,0.52,0.5,2024-07-01,0057,N20,VIIRS,n,2,292.17,3.41,N,2
53.27037,24.44353,306.68,0.48,0.4,2024-07-01,0057,N20,VIIRS,n,2,288.79,1.4,N,2
53.26973,24.44259,307.16,0.48,0.4,2024-07-01,0057,N20,VIIRS,n,2,288.58,1.51,N,2
52.84668,29.99042,337.02,0.51,0.5,2024-07-01,0057,N20,VIIRS,n,2,291.18,6.52,N,2
51.89182,29.34125,338.1,0.78,0.78,2024-07-01,0906,N20,VIIRS,n,2,295.08,13.4,D,2
51.8872,29.33717,344.75,0.39,0.36,2024-07-01,1046,N20,VIIRS,n,2,314.48,9.87,D,2
54.37024,31.05085,341.41,0.42,0.38,2024-07-01,1046,N20,VIIRS,n,2,302.36,9.41,D,0
53.54449,27.71683,335.81,0.38,0.36,2024-07-01,1046,N20,VIIRS,n,2,297.64,4.62,D,0
52.84497,29.98929,336.52,0.4,0.37,2024-07-01,1046,N20,VIIRS,l,2,309.4,3.4,D,2
51.89127,29.34146,344.92,0.39,0.36,2024-07-01,1046,N20,VIIRS,n,2,314.46,8.41,D,2
51.89314,29.34433,296.2,0.52,0.42,2024-07-02,0039,N20,VIIRS,n,2,256.99,2.17,N,2
53.80357,29.61685,330.54,0.4,0.37,2024-07-02,1028,N20,VIIRS,n,2,292.3,2.51,D,0
53.96087,30.52785,332.68,0.39,0.36,2024-07-02,1028,N20,VIIRS,n,2,290.42,2.56,D,0
53.26201,24.4496,302.57,0.42,0.37,2024-07-03,0020,N20,VIIRS,n,2,286.39,0.99,N,2
53.27037,24.43964,308.67,0.42,0.37,2024-07-03,0020,N20,VIIRS,n,2,283.96,0.87,N,2
53.5866,31.95074,295.49,0.39,0.36,2024-07-04,0000,N20,VIIRS,n,2,278.39,0.46,N,0
52.84675,29.99346,323.02,0.4,0.37,2024-07-04,0001,N20,VIIRS,n,2,285.55,2.03,N,2
52.84755,29.98759,299.52,0.4,0.37,2024-07-04,0001,N20,VIIRS,n,2,280.72,1.31,N,2
51.89357,29.34335,321.4,0.46,0.63,2024-07-05,0122,N20,VIIRS,n,2,283.35,2.98,N,2
51.8884,29.33891,299.69,0.46,0.63,2024-07-05,0122,N20,VIIRS,n,2,282.53,1.18,N,2
53.81599,25.96645,326.72,0.45,0.39,2024-07-05,1112,N20,VIIRS,n,2,286.1,2.5,D,0
55.49946,28.84113,299.01,0.32,0.55,2024-07-05,2322,N20,VIIRS,n,2,280.88,0.41,N,0
51.89077,29.33754,320.56,0.57,0.52,2024-07-05,2323,N20,VIIRS,n,2,286.04,3.23,N,2
51.89153,29.33896,328.12,0.57,0.52,2024-07-05,2323,N20,VIIRS,n,2,286.9,3.62,N,2
53.25959,24.44708,295.22,0.47,0.64,2024-07-05,2323,N20,VIIRS,n,2,281.27,0.5,N,2
54.20282,28.61988,304.65,0.32,0.55,2024-07-05,2323,N20,VIIRS,n,2,281.17,0.66,N,0
53.27157,24.44017,298.63,0.47,0.64,2024-07-05,2323,N20,VIIRS,n,2,282.55,0.35,N,2
51.89558,29.33826,315.48,0.57,0.52,2024-07-05,2323,N20,VIIRS,n,2,286.57,2.46,N,2
52.6021,29.78026,298.3,0.56,0.51,2024-07-05,2323,N20,VIIRS,n,2,283.44,0.57,N,0
52.60257,29.77788,297.71,0.56,0.51,2024-07-05,2323,N20,VIIRS,n,2,283.58,0.83,N,0
52.84581,29.98685,305.31,0.55,0.51,2024-07-05,2323,N20,VIIRS,n,2,283.11,1.19,N,2
52.85051,29.98758,306.33,0.55,0.51,2024-07-05,2323,N20,VIIRS,n,2,284.26,1.4,N,2
52.84466,29.99104,299.55,0.59,0.53,2024-07-06,0103,N20,VIIRS,n,2,283.63,4.42,N,2
52.84908,29.99447,337.43,0.59,0.53,2024-07-06,0103,N20,VIIRS,n,2,284.68,4.42,N,2
52.8535,29.99789,296.22,0.59,0.53,2024-07-06,0103,N20,VIIRS,n,2,286.09,1.33,N,2
51.89009,29.34362,331.72,0.6,0.53,2024-07-06,0104,N20,VIIRS,n,2,285.71,5.77,N,2
51.89287,29.34056,346.42,0.68,0.74,2024-07-06,0912,N20,VIIRS,n,2,293.39,9.84,D,2
51.88991,29.34651,343.44,0.68,0.74,2024-07-06,0912,N20,VIIRS,n,2,291.43,8.35,D,2
51.89178,29.34024,347.13,0.4,0.37,2024-07-06,1052,N20,VIIRS,n,2,307.97,8.88,D,2
52.84766,29.98826,328.09,0.42,0.38,2024-07-06,1052,N20,VIIRS,l,2,303.01,4.36,D,2
55.53267,28.51135,296.94,0.51,0.66,2024-07-06,2303,N20,VIIRS,n,2,285.57,0.53,N,0
55.53176,28.5149,299.06,0.51,0.66,2024-07-06,2303,N20,VIIRS,n,2,285.53,0.7,N,0
52.85011,29.98957,317.43,0.44,0.62,2024-07-06,2304,N20,VIIRS,n,2,286.05,1.76,N,2
53.27454,24.43981,303.88,0.74,0.76,2024-07-06,2304,N20,VIIRS,n,2,289.37,0.77,N,2
51.89109,29.33504,342.18,0.46,0.64,2024-07-06,2304,N20,VIIRS,n,2,285.99,2.18,N,2
51.89699,29.33532,298.98,0.46,0.64,2024-07-06,2304,N20,VIIRS,n,2,286.57,2.18,N,2
52.2315,27.01644,301.65,0.58,0.7,2024-07-06,2304,N20,VIIRS,n,2,286.53,1.88,N,0
51.88748,29.33312,305.52,0.46,0.64,2024-07-06,2304,N20,VIIRS,n,2,282.73,0.78,N,2
51.89338,29.33343,313.85,0.46,0.64,2024-07-06,2304,N20,VIIRS,n,2,285.24,2.99,N,2
51.89328,29.3403,332.86,0.46,0.64,2024-07-06,2304,N20,VIIRS,n,2,287.24,2.99,N,2
51.89102,29.34192,298.39,0.46,0.64,2024-07-06,2304,N20,VIIRS,n,2,286.08,2.18,N,2
51.89115,29.3282,295.68,0.46,0.64,2024-07-06,2304,N20,VIIRS,n,2,283.67,2.81,N,2
52.23144,27.01545,303.05,0.58,0.7,2024-07-06,2304,N20,VIIRS,n,2,286.41,1.64,N,0
55.53091,28.51632,295.89,0.46,0.39,2024-07-07,0044,N20,VIIRS,n,2,282.92,0.5,N,0
54.31738,30.27962,295.89,0.55,0.43,2024-07-07,0044,N20,VIIRS,n,2,285.55,0.69,N,0
55.50453,28.58618,298.07,0.47,0.39,2024-07-07,0044,N20,VIIRS,n,2,283.37,0.39,N,2
53.27127,24.44289,314.52,0.41,0.37,2024-07-07,0045,N20,VIIRS,n,2,290.64,1.36,N,2
53.25926,24.44964,304.98,0.41,0.37,2024-07-07,0045,N20,VIIRS,n,2,289.72,0.8,N,2
51.8927,29.34254,338.29,0.39,0.44,2024-07-07,0045,N20,VIIRS,n,2,289.26,3.24,N,2
51.88889,29.34022,309.98,0.39,0.44,2024-07-07,0045,N20,VIIRS,n,2,287.16,0.77,N,2
54.23975,31.11208,326.55,0.69,0.74,2024-07-07,0854,N20,VIIRS,n,2,290.35,4.46,D,0
55.5289,28.51659,331.62,0.39,0.36,2024-07-07,1034,N20,VIIRS,n,2,297.89,2.31,D,0
54.07198,25.97751,331.32,0.43,0.38,2024-07-07,1034,N20,VIIRS,n,2,297.49,3.03,D,0
53.9128,26.39625,331.55,0.43,0.38,2024-07-07,1034,N20,VIIRS,n,2,298.78,2.93,D,0
54.18921,25.46365,328.15,0.44,0.39,2024-07-07,1034,N20,VIIRS,n,2,297.91,4.3,D,0
53.78232,27.5597,330.68,0.41,0.37,2024-07-07,1034,N20,VIIRS,n,2,297,1.76,D,0
54.23651,31.10597,350.91,0.39,0.36,2024-07-07,1034,N20,VIIRS,n,2,300.81,5.15,D,0
54.05194,29.68546,327.67,0.39,0.36,2024-07-07,1034,N20,VIIRS,n,2,298.58,1.9,D,0
52.84663,29.99315,333.81,0.39,0.36,2024-07-07,1034,N20,VIIRS,l,2,304.58,4.35,D,2
51.89652,29.33078,332.71,0.74,0.76,2024-07-07,2245,N20,VIIRS,n,2,289.02,3.91,N,0
51.88943,29.33112,308.28,0.74,0.76,2024-07-07,2245,N20,VIIRS,n,2,287.74,3.91,N,2
51.89322,29.33887,319.36,0.74,0.76,2024-07-07,2245,N20,VIIRS,n,2,288.33,5.52,N,2
51.89286,29.32779,325.54,0.74,0.76,2024-07-07,2245,N20,VIIRS,n,2,288.35,7.19,N,2
52.84621,29.98787,305.91,0.69,0.74,2024-07-07,2245,N20,VIIRS,n,2,286.57,1.72,N,2
52.85185,29.98163,297.28,0.69,0.74,2024-07-07,2245,N20,VIIRS,n,2,286.12,0.97,N,0
52.8469,29.98853,330.48,0.43,0.38,2024-07-08,0026,N20,VIIRS,n,2,290.1,4.77,N,2
51.88752,29.33875,307.87,0.42,0.38,2024-07-08,0026,N20,VIIRS,n,2,287.82,2.1,N,2
51.89086,29.34041,329.72,0.42,0.38,2024-07-08,0026,N20,VIIRS,n,2,289.7,2.1,N,2
53.58834,31.95046,298.22,0.46,0.39,2024-07-08,0026,N20,VIIRS,n,2,286.96,0.65,N,0
51.8942,29.34207,329.29,0.42,0.38,2024-07-08,0026,N20,VIIRS,n,2,290.56,3.11,N,2
52.84428,29.99011,333.57,0.48,0.4,2024-07-08,1015,N20,VIIRS,l,2,304.1,3.24,D,2
51.89157,29.34439,331.75,0.52,0.42,2024-07-08,1015,N20,VIIRS,n,2,278.72,6.76,D,2
51.89227,29.34416,343.05,0.54,0.68,2024-07-08,1155,N20,VIIRS,n,2,285.29,5.88,D,2
55.50627,28.59181,295.49,0.42,0.37,2024-07-09,0006,N20,VIIRS,n,2,280.78,0.7,N,2
55.50526,28.5901,300.34,0.42,0.37,2024-07-09,0006,N20,VIIRS,n,2,281.27,0.39,N,2
52.85426,30.00059,295.82,0.39,0.36,2024-07-09,0007,N20,VIIRS,n,2,281.51,0.43,N,0
52.84861,29.9923,326.36,0.39,0.36,2024-07-09,0007,N20,VIIRS,n,2,281.19,2.71,N,2
52.84536,29.99096,295.22,0.39,0.36,2024-07-09,0007,N20,VIIRS,n,2,281.07,0.63,N,2
53.27094,24.44551,307.28,0.51,0.41,2024-07-09,0007,N20,VIIRS,n,2,287.47,0.79,N,2
53.2627,24.45098,303.98,0.51,0.41,2024-07-09,0007,N20,VIIRS,n,2,287.65,1.04,N,0
53.27108,24.44607,304.27,0.51,0.41,2024-07-09,0007,N20,VIIRS,n,2,287.39,1.24,N,0
53.26282,24.45154,302.04,0.51,0.41,2024-07-09,0007,N20,VIIRS,n,2,287.3,0.56,N,0
51.88892,29.33899,300.99,0.39,0.36,2024-07-09,0007,N20,VIIRS,n,2,288.84,1.96,N,2
51.89217,29.34025,338.14,0.39,0.36,2024-07-09,0007,N20,VIIRS,n,2,292,1.96,N,2
53.58888,31.95049,299.97,0.39,0.36,2024-07-09,0007,N20,VIIRS,n,2,288.24,0.4,N,0
53.39521,32.01178,300.62,0.39,0.36,2024-07-09,0007,N20,VIIRS,n,2,289.79,1.04,N,2
52.26414,26.95354,307.69,0.62,0.71,2024-07-09,0147,N20,VIIRS,n,2,283.46,1.31,N,0
51.89333,29.34621,295.31,0.78,0.78,2024-07-09,0147,N20,VIIRS,n,2,273.01,1.78,N,2
53.27028,24.4388,297.31,0.46,0.63,2024-07-09,0147,N20,VIIRS,n,2,283.9,0.45,N,2
53.26101,24.4459,296.61,0.46,0.64,2024-07-09,0147,N20,VIIRS,n,2,283.68,0.88,N,0
53.25893,24.45189,299.02,0.46,0.64,2024-07-09,0147,N20,VIIRS,n,2,285.65,0.6,N,0
53.26891,24.44196,297.77,0.46,0.64,2024-07-09,0147,N20,VIIRS,n,2,284.08,0.92,N,2
53.25969,24.44913,304.21,0.46,0.64,2024-07-09,0147,N20,VIIRS,n,2,284.97,0.89,N,2
52.2637,26.95392,307.17,0.62,0.71,2024-07-09,0147,N20,VIIRS,n,2,283.22,1.51,N,0
53.31333,26.50433,330.41,0.6,0.53,2024-07-09,0956,N20,VIIRS,n,2,294.02,4.04,D,0
51.89045,29.3402,346.54,0.52,0.5,2024-07-09,0956,N20,VIIRS,n,2,297.19,12.36,D,2
53.31454,26.50171,331.89,0.6,0.53,2024-07-09,0956,N20,VIIRS,n,2,294.11,5.03,D,0
52.84772,29.98946,330.23,0.46,0.47,2024-07-09,0956,N20,VIIRS,n,2,297.83,6.93,D,2
51.89145,29.34678,335.01,0.52,0.5,2024-07-09,0956,N20,VIIRS,n,2,290.13,6.39,D,2
53.0222,26.38265,326.77,0.62,0.54,2024-07-09,0956,N20,VIIRS,n,2,298.05,6.38,D,0
51.88959,29.3397,344.38,0.52,0.5,2024-07-09,0956,N20,VIIRS,n,2,297.1,12.09,D,2
51.8862,29.34177,335.08,0.33,0.56,2024-07-09,1136,N20,VIIRS,n,2,292.7,2.24,D,2
51.88602,29.33687,327.77,0.33,0.56,2024-07-09,1136,N20,VIIRS,n,2,294.95,2.24,D,2
51.89135,29.34126,340.85,0.33,0.56,2024-07-09,1136,N20,VIIRS,n,2,296.67,5.84,D,2
52.19728,27.47031,307.59,0.57,0.43,2024-07-09,2348,N20,VIIRS,n,2,286.55,0.47,N,0
53.27322,24.44412,308.24,0.51,0.49,2024-07-09,2348,N20,VIIRS,n,2,287.21,0.95,N,2
53.26361,24.45027,300.91,0.51,0.49,2024-07-09,2348,N20,VIIRS,n,2,288.33,0.47,N,0
52.19533,27.46769,304.65,0.57,0.43,2024-07-09,2348,N20,VIIRS,n,2,286.76,1.33,N,0
52.84779,29.99008,329.37,0.47,0.4,2024-07-09,2348,N20,VIIRS,n,2,290.26,7.74,N,2
53.27308,24.44231,304.56,0.51,0.49,2024-07-09,2348,N20,VIIRS,n,2,287.41,1.18,N,2
55.50585,28.58799,296.3,0.56,0.43,2024-07-09,2348,N20,VIIRS,n,2,284.92,0.75,N,2
53.67268,31.82837,299.51,0.43,0.38,2024-07-09,2348,N20,VIIRS,n,2,288.73,0.7,N,0
53.39667,32.01203,304.03,0.42,0.38,2024-07-09,2348,N20,VIIRS,n,2,288.68,1,N,2
51.88833,29.33457,316.28,0.48,0.4,2024-07-09,2349,N20,VIIRS,n,2,291.5,2.03,N,2
51.89124,29.34265,316.16,0.48,0.4,2024-07-09,2349,N20,VIIRS,n,2,290.38,2.03,N,2
52.84908,29.9874,299.14,0.51,0.66,2024-07-10,0128,N20,VIIRS,n,2,285.2,1.17,N,2
53.27005,24.44042,299.86,0.61,0.54,2024-07-10,0129,N20,VIIRS,n,2,286.46,1.71,N,2
53.27168,24.44475,301.64,0.61,0.54,2024-07-10,0129,N20,VIIRS,n,2,286.23,1.02,N,2
52.84426,29.99263,334.03,0.35,0.57,2024-07-10,0937,N20,VIIRS,n,2,300.14,5.25,D,2
51.88939,29.33889,329.75,0.4,0.6,2024-07-10,0937,N20,VIIRS,n,2,297.46,4.03,D,2
51.89106,29.34415,341.06,0.4,0.6,2024-07-10,0937,N20,VIIRS,n,2,296.58,5.54,D,2
51.88773,29.33363,328.54,0.4,0.6,2024-07-10,0937,N20,VIIRS,n,2,296.94,4.03,D,2
54.22366,28.43692,346.47,0.35,0.57,2024-07-10,0938,N20,VIIRS,n,2,295.9,4.84,D,0
51.88979,29.34261,349.41,0.42,0.45,2024-07-10,1117,N20,VIIRS,n,2,301.68,9.59,D,2
52.84454,29.99385,337.79,0.46,0.47,2024-07-10,1118,N20,VIIRS,n,2,300.91,4.85,D,2
52.84706,29.99186,327.69,0.47,0.48,2024-07-10,2329,N20,VIIRS,n,2,290.35,3.65,N,2
52.84667,29.99183,328.19,0.47,0.48,2024-07-10,2329,N20,VIIRS,n,2,290.56,2.26,N,2
53.39518,32.0126,307.23,0.4,0.44,2024-07-10,2329,N20,VIIRS,n,2,290.99,0.99,N,2
55.48655,28.59979,297.21,0.57,0.52,2024-07-10,2329,N20,VIIRS,n,2,285.64,0.55,N,0
55.48639,28.59525,296.4,0.57,0.52,2024-07-10,2329,N20,VIIRS,n,2,285.29,0.4,N,0
51.89122,29.33603,318.32,0.49,0.49,2024-07-10,2330,N20,VIIRS,n,2,291.7,2.12,N,2
51.88675,29.3352,323.08,0.49,0.49,2024-07-10,2330,N20,VIIRS,n,2,291.33,2.3,N,2
51.89569,29.33684,303.05,0.49,0.49,2024-07-10,2330,N20,VIIRS,n,2,291.13,2.12,N,2
51.8861,29.3397,310.03,0.35,0.56,2024-07-11,0110,N20,VIIRS,n,2,290.42,1.22,N,2
52.85532,29.99716,300.72,0.34,0.56,2024-07-11,0110,N20,VIIRS,n,2,290.38,0.82,N,2
52.84605,29.98949,326.14,0.34,0.56,2024-07-11,0110,N20,VIIRS,n,2,289.32,1.85,N,2
53.27254,24.44554,309.65,0.41,0.45,2024-07-11,0110,N20,VIIRS,n,2,287.48,0.72,N,2
51.8922,29.33878,318.97,0.35,0.56,2024-07-11,0110,N20,VIIRS,n,2,290.58,1.22,N,2
51.89083,29.34332,313.57,0.35,0.56,2024-07-11,0110,N20,VIIRS,n,2,290.34,1.22,N,2
51.88748,29.33516,319.85,0.35,0.56,2024-07-11,0110,N20,VIIRS,n,2,290.74,1.22,N,2
54.00077,28.23994,347.9,0.54,0.68,2024-07-11,0919,N20,VIIRS,n,2,297.43,7.79,D,0
51.88465,29.33803,339.89,0.6,0.7,2024-07-11,0919,N20,VIIRS,n,2,294.04,5.04,D,0
51.89312,29.3403,338.4,0.6,0.7,2024-07-11,0919,N20,VIIRS,n,2,295.15,8.66,D,2
52.84755,29.99147,340.79,0.46,0.39,2024-07-11,1059,N20,VIIRS,n,2,302.5,7.3,D,2
53.99921,28.24364,328.98,0.43,0.38,2024-07-11,1059,N20,VIIRS,n,2,302.15,6.02,D,0
53.99843,28.23713,346.95,0.43,0.38,2024-07-11,1059,N20,VIIRS,n,2,318.94,12.69,D,0
54.00188,28.23595,342.74,0.43,0.38,2024-07-11,1059,N20,VIIRS,n,2,308.16,12.69,D,0
51.88785,29.33577,332.65,0.44,0.38,2024-07-11,1059,N20,VIIRS,l,2,306.15,6.97,D,2
51.89207,29.34099,339.58,0.44,0.38,2024-07-11,1059,N20,VIIRS,n,2,306.17,6.97,D,2
55.71645,28.44393,332.64,0.45,0.39,2024-07-11,1100,N20,VIIRS,n,2,299.6,7.59,D,0
52.84801,29.98753,319.36,0.37,0.58,2024-07-11,2310,N20,VIIRS,n,2,290.76,2.05,N,2
51.89604,29.33877,354.61,0.39,0.59,2024-07-11,2311,N20,VIIRS,n,2,290.84,5.97,N,2
51.89053,29.33833,315.26,0.39,0.59,2024-07-11,2311,N20,VIIRS,n,2,289.6,1.1,N,2
51.89069,29.3325,304.98,0.39,0.59,2024-07-11,2311,N20,VIIRS,n,2,290.22,1.1,N,2
51.89572,29.34029,343.86,0.39,0.59,2024-07-11,2311,N20,VIIRS,n,2,291.17,2.73,N,2
51.89034,29.334,312.24,0.39,0.59,2024-07-11,2311,N20,VIIRS,n,2,290.13,2.74,N,2
51.89585,29.33446,310.26,0.39,0.59,2024-07-11,2311,N20,VIIRS,n,2,289.96,2.74,N,2
51.89021,29.33983,301.45,0.39,0.59,2024-07-11,2311,N20,VIIRS,n,2,288.98,2.73,N,2
51.88935,29.33744,305.63,0.45,0.47,2024-07-12,0051,N20,VIIRS,n,2,293.06,2.69,N,2
52.84689,29.99363,335.54,0.45,0.47,2024-07-12,0051,N20,VIIRS,n,2,291.88,4.1,N,2
51.89337,29.34005,338.03,0.45,0.47,2024-07-12,0051,N20,VIIRS,n,2,294.88,2.69,N,2
53.9969,28.24107,296.64,0.55,0.42,2024-07-12,0051,N20,VIIRS,n,2,283.57,2.77,N,0
53.26983,24.44164,301.7,0.44,0.38,2024-07-12,0051,N20,VIIRS,n,2,284.71,1.45,N,2
52.84849,29.98739,319.83,0.45,0.47,2024-07-12,0051,N20,VIIRS,n,2,291.43,4.1,N,2
53.99939,28.23933,343.44,0.38,0.36,2024-07-12,1040,N20,VIIRS,n,2,303.59,5.82,D,0
51.89032,29.34029,348.02,0.38,0.36,2024-07-12,1040,N20,VIIRS,n,2,311.06,6.67,D,2
51.8862,29.33615,332.49,0.38,0.36,2024-07-12,1040,N20,VIIRS,l,2,307.19,6.67,D,2
52.84591,29.98588,319.92,0.59,0.7,2024-07-12,2251,N20,VIIRS,n,2,289.15,2.64,N,2
51.89417,29.33038,307.18,0.63,0.72,2024-07-12,2252,N20,VIIRS,n,2,289.64,3.57,N,2
51.89432,29.33978,329.41,0.63,0.72,2024-07-12,2252,N20,VIIRS,n,2,289.74,3.57,N,2
51.89328,29.33852,329.04,0.47,0.39,2024-07-13,0032,N20,VIIRS,n,2,292.54,2.91,N,2
51.89194,29.34499,320.17,0.47,0.39,2024-07-13,0032,N20,VIIRS,n,2,291.75,2.91,N,2
51.88982,29.33667,303.03,0.47,0.39,2024-07-13,0032,N20,VIIRS,n,2,291.9,0.87,N,2
55.50584,28.5907,300.49,0.4,0.37,2024-07-13,0032,N20,VIIRS,n,2,286.38,0.34,N,2
54.00011,28.23746,302.69,0.41,0.37,2024-07-13,0032,N20,VIIRS,n,2,278.53,0.77,N,0
52.85097,29.99892,306.28,0.47,0.4,2024-07-13,0032,N20,VIIRS,n,2,291.5,0.9,N,0
52.84891,29.99034,327.64,0.47,0.4,2024-07-13,0032,N20,VIIRS,n,2,292.37,3.39,N,2
53.27026,24.44395,308.45,0.38,0.36,2024-07-13,0032,N20,VIIRS,n,2,284.57,1,N,2
52.84489,29.98936,339.8,0.43,0.38,2024-07-13,1021,N20,VIIRS,n,2,309.06,8.17,D,2
53.99996,28.24041,333.19,0.46,0.39,2024-07-13,1021,N20,VIIRS,n,2,303.57,5.47,D,0
53.62244,31.85709,340.51,0.39,0.36,2024-07-13,1021,N20,VIIRS,n,2,296.56,2.82,D,0
53.6206,31.85922,335.19,0.39,0.36,2024-07-13,1021,N20,VIIRS,n,2,297.7,2.37,D,0
52.58787,27.71774,331.9,0.5,0.41,2024-07-13,1021,N20,VIIRS,n,2,304.76,1.6,D,0
51.89317,29.34043,339.53,0.46,0.39,2024-07-13,1021,N20,VIIRS,n,2,308.38,6.1,D,2
51.8897,29.34226,334.44,0.46,0.39,2024-07-13,1021,N20,VIIRS,l,2,309.27,6.1,D,2
51.88526,29.34209,330.74,0.63,0.72,2024-07-13,1202,N20,VIIRS,n,2,296.56,11,D,2
53.01729,27.66282,367,0.54,0.68,2024-07-13,1202,N20,VIIRS,h,2,297.53,10.1,D,0
51.88818,29.34541,367,0.63,0.72,2024-07-13,1202,N20,VIIRS,h,2,296.77,14.81,D,0
53.01391,27.6621,367,0.54,0.68,2024-07-13,1202,N20,VIIRS,h,2,298.23,9.42,D,0
51.89194,29.34237,367,0.63,0.72,2024-07-13,1202,N20,VIIRS,h,2,298.89,11,D,2
55.50617,28.5861,300.36,0.39,0.36,2024-07-14,0013,N20,VIIRS,n,2,287.8,0.54,N,2
53.27124,24.44427,301.1,0.45,0.39,2024-07-14,0013,N20,VIIRS,n,2,280.01,1.13,N,2
51.91409,23.88086,329.11,0.45,0.39,2024-07-14,0014,N20,VIIRS,n,2,279.18,4.53,N,0
51.89317,29.34376,340.75,0.45,0.47,2024-07-14,1002,N20,VIIRS,n,2,299.59,10.71,D,2
52.84631,29.99205,334.59,0.4,0.44,2024-07-14,1002,N20,VIIRS,n,2,297.06,4.53,D,2
55.21726,30.12185,326.44,0.52,0.42,2024-07-14,1003,N20,VIIRS,l,2,298.3,3.63,D,0
51.89307,29.33974,335.08,0.39,0.6,2024-07-14,1143,N20,VIIRS,n,2,297.48,8.29,D,2
51.8881,29.34098,337.38,0.39,0.59,2024-07-14,1143,N20,VIIRS,n,2,297.23,3.36,D,2
51.89376,29.34642,338.31,0.39,0.6,2024-07-14,1143,N20,VIIRS,n,2,295.67,3.36,D,2
51.89362,29.34066,338.27,0.39,0.59,2024-07-14,1143,N20,VIIRS,n,2,296.91,3.36,D,2
51.8932,29.34551,351.24,0.39,0.6,2024-07-14,1143,N20,VIIRS,n,2,295.63,6.32,D,2
53.3944,32.01227,301.13,0.4,0.37,2024-07-14,2354,N20,VIIRS,n,2,289.87,0.81,N,2
53.58684,31.95022,303,0.4,0.37,2024-07-14,2354,N20,VIIRS,n,2,290.38,0.74,N,0
55.50416,28.58827,299.44,0.5,0.41,2024-07-14,2354,N20,VIIRS,n,2,289.22,0.43,N,2
52.84705,29.98975,324.84,0.43,0.38,2024-07-14,2355,N20,VIIRS,n,2,288.58,3,N,2
52.84801,29.9908,329.04,0.43,0.38,2024-07-14,2355,N20,VIIRS,n,2,287.99,3.09,N,2
53.27367,24.44041,297.15,0.44,0.46,2024-07-14,2355,N20,VIIRS,n,2,281.79,0.37,N,2
52.28595,30.25689,307.45,0.42,0.38,2024-07-14,2355,N20,VIIRS,n,2,287.41,0.6,N,0
51.89171,29.34256,317.54,0.44,0.38,2024-07-14,2355,N20,VIIRS,n,2,288.9,1.95,N,2
51.889,29.33516,332.2,0.44,0.38,2024-07-14,2355,N20,VIIRS,n,2,290.85,4.47,N,2
52.85153,29.98949,301.41,0.58,0.7,2024-07-15,0134,N20,VIIRS,n,2,285.92,2.03,N,2
52.84897,29.9874,300.88,0.58,0.7,2024-07-15,0134,N20,VIIRS,n,2,285.86,1.51,N,2
51.88622,29.33301,300.76,0.6,0.71,2024-07-15,0135,N20,VIIRS,n,2,282.07,2.92,N,2
51.89185,29.33835,329.6,0.6,0.71,2024-07-15,0135,N20,VIIRS,n,2,282.02,2.92,N,2
51.88905,29.34582,303.36,0.6,0.71,2024-07-15,0135,N20,VIIRS,n,2,284.72,2.92,N,2
53.2731,24.4441,300.43,0.35,0.57,2024-07-15,0135,N20,VIIRS,n,2,284.83,0.42,N,2
53.39407,32.01282,302.37,0.52,0.42,2024-07-15,2335,N20,VIIRS,n,2,290.9,1.4,N,2
53.58781,31.94991,300.35,0.53,0.42,2024-07-15,2335,N20,VIIRS,n,2,289.79,0.87,N,0
53.2595,24.44739,300.03,0.35,0.56,2024-07-15,2336,N20,VIIRS,n,2,289.22,0.38,N,2
53.27022,24.43829,304.62,0.35,0.56,2024-07-15,2336,N20,VIIRS,n,2,288.72,0.82,N,2
53.25944,24.44778,301.91,0.35,0.56,2024-07-15,2336,N20,VIIRS,n,2,289.84,0.41,N,2
52.8475,29.98775,338.65,0.41,0.45,2024-07-15,2336,N20,VIIRS,n,2,291.92,4.26,N,2
52.85521,29.99569,303.5,0.41,0.45,2024-07-15,2336,N20,VIIRS,n,2,293.47,1.09,N,2
53.27013,24.44318,301.65,0.35,0.56,2024-07-15,2336,N20,VIIRS,n,2,289.63,1.15,N,2
53.26064,24.45222,304.77,0.47,0.48,2024-07-16,0116,N20,VIIRS,n,2,290.27,0.61,N,2
52.84805,29.99126,328.7,0.39,0.59,2024-07-16,0116,N20,VIIRS,n,2,290.2,2.44,N,2
53.27214,24.44504,307.97,0.47,0.48,2024-07-16,0116,N20,VIIRS,n,2,289.53,0.64,N,2
52.85028,29.99073,320.63,0.39,0.59,2024-07-16,0116,N20,VIIRS,n,2,289.78,2.03,N,2
53.39579,32.01185,305.14,0.53,0.5,2024-07-16,2316,N20,VIIRS,n,2,293.38,1.68,N,2
53.58933,31.94943,301.12,0.53,0.5,2024-07-16,2316,N20,VIIRS,n,2,291.1,0.82,N,0
52.84906,29.99148,312.17,0.64,0.54,2024-07-16,2317,N20,VIIRS,n,2,287.62,1.95,N,2
52.84827,29.98657,305.42,0.32,0.54,2024-07-16,2317,N20,VIIRS,n,2,286.21,1.17,N,2
51.88928,29.33331,308.38,0.33,0.56,2024-07-16,2317,N20,VIIRS,n,2,290.66,0.57,N,2
52.84809,29.99135,314.38,0.32,0.54,2024-07-16,2317,N20,VIIRS,n,2,288.43,1.17,N,2
52.84743,29.98838,337.84,0.52,0.5,2024-07-17,0057,N20,VIIRS,n,2,290.63,7.63,N,2
52.84648,29.99302,333.33,0.4,0.37,2024-07-17,1046,N20,VIIRS,n,2,300,5.41,D,2
53.26917,24.44177,327.26,0.41,0.37,2024-07-17,1047,N20,VIIRS,l,2,301.32,2.24,D,2
51.89025,29.33174,301.34,0.54,0.68,2024-07-17,2258,N20,VIIRS,n,2,285.84,0.33,N,2
53.58798,31.95283,302.31,0.39,0.44,2024-07-18,0038,N20,VIIRS,n,2,288.3,0.74,N,0
51.8877,29.33989,301.64,0.52,0.42,2024-07-18,0039,N20,VIIRS,n,2,289.05,0.27,N,2
52.84691,29.9909,335.17,0.4,0.37,2024-07-18,1027,N20,VIIRS,n,2,300.2,8.73,D,2
53.82726,30.35965,298.34,0.4,0.37,2024-07-19,0019,N20,VIIRS,n,2,288.04,0.45,N,0
55.50674,28.58806,299.99,0.38,0.36,2024-07-19,0019,N20,VIIRS,n,2,286.72,0.52,N,2
51.88897,29.33527,307.09,0.4,0.37,2024-07-19,0020,N20,VIIRS,n,2,289.74,0.6,N,2
52.84678,29.99097,303.17,0.4,0.37,2024-07-19,0020,N20,VIIRS,n,2,287.76,0.59,N,2
53.27151,24.44043,314.4,0.42,0.37,2024-07-19,0020,N20,VIIRS,n,2,285.45,1.52,N,2
51.89124,29.34238,325.9,0.4,0.37,2024-07-19,0020,N20,VIIRS,n,2,289.18,1.49,N,2
53.26316,24.45034,300.57,0.42,0.37,2024-07-19,0020,N20,VIIRS,n,2,284.58,0.5,N,0
53.25977,24.44912,300.39,0.42,0.37,2024-07-19,0020,N20,VIIRS,n,2,285.57,0.78,N,2
53.2607,24.44553,297.64,0.6,0.7,2024-07-19,0200,N20,VIIRS,n,2,284.2,1.75,N,0
51.89174,29.341,334.85,0.39,0.44,2024-07-19,1008,N20,VIIRS,n,2,296.47,3.41,D,2
51.89091,29.34278,334.05,0.39,0.44,2024-07-19,1008,N20,VIIRS,n,2,295.65,4.15,D,2
55.50469,28.58944,299.92,0.45,0.39,2024-07-20,0000,N20,VIIRS,n,2,286.2,0.41,N,2
53.26,24.44965,296.41,0.57,0.43,2024-07-20,0001,N20,VIIRS,n,2,286.07,0.8,N,2
53.39676,32.01478,302.86,0.39,0.36,2024-07-20,0001,N20,VIIRS,n,2,288.04,0.85,N,2
53.27307,24.43964,308.53,0.38,0.43,2024-07-20,0001,N20,VIIRS,n,2,284.63,1.91,N,2
53.39352,32.0134,299.02,0.39,0.36,2024-07-20,0001,N20,VIIRS,n,2,288.16,0.78,N,2
52.84869,29.99156,328.8,0.4,0.37,2024-07-20,0001,N20,VIIRS,n,2,290.93,8.51,N,2
53.26398,24.45065,300.67,0.57,0.43,2024-07-20,0001,N20,VIIRS,n,2,285.39,0.8,N,0
53.58844,31.9533,300.98,0.39,0.36,2024-07-20,0001,N20,VIIRS,n,2,286.56,0.98,N,0
51.89423,29.33793,299.56,0.4,0.37,2024-07-20,0001,N20,VIIRS,n,2,288.31,2.08,N,2
51.89344,29.34372,327.27,0.4,0.37,2024-07-20,0001,N20,VIIRS,n,2,287.5,2,N,2
52.85174,29.98701,295.83,0.66,0.73,2024-07-20,0141,N20,VIIRS,n,2,282.86,1.59,N,2
53.26908,24.44201,300.78,0.4,0.6,2024-07-20,0141,N20,VIIRS,n,2,283.19,1.16,N,2
51.88985,29.34197,297.86,0.69,0.74,2024-07-20,0141,N20,VIIRS,n,2,284.21,1.56,N,2
53.26068,24.44827,309.74,0.4,0.6,2024-07-20,0141,N20,VIIRS,n,2,284.87,1.63,N,2
52.84471,29.99252,328.21,0.53,0.5,2024-07-20,0950,N20,VIIRS,l,2,298.67,7.23,D,2
51.89123,29.34247,299.56,0.55,0.42,2024-07-20,2342,N20,VIIRS,n,2,286.44,0.9,N,2
52.84752,29.98583,323.9,0.53,0.42,2024-07-20,2342,N20,VIIRS,n,2,287.33,5.8,N,2
53.58733,31.95183,301.31,0.47,0.4,2024-07-20,2342,N20,VIIRS,n,2,286.13,1.06,N,0
52.84675,29.9937,321.41,0.53,0.42,2024-07-20,2342,N20,VIIRS,n,2,288.26,5.8,N,2
53.27094,24.44324,300.58,0.59,0.53,2024-07-20,2342,N20,VIIRS,n,2,276.2,1.58,N,2
53.26321,24.44952,296.43,0.59,0.53,2024-07-20,2342,N20,VIIRS,n,2,278.82,0.73,N,2
53.27337,24.44188,297.44,0.59,0.53,2024-07-20,2342,N20,VIIRS,n,2,274.25,0.54,N,2
53.39369,32.01634,298.41,0.46,0.39,2024-07-20,2342,N20,VIIRS,n,2,287.36,0.81,N,2
53.5869,31.94844,298.96,0.49,0.65,2024-07-21,0122,N20,VIIRS,n,2,283.23,0.64,N,0
52.8469,29.98367,307.31,0.45,0.63,2024-07-21,0122,N20,VIIRS,n,2,284.48,1.28,N,2
52.84489,29.98953,315.72,0.45,0.63,2024-07-21,0122,N20,VIIRS,n,2,284.62,1.28,N,2
52.8489,29.99146,335.08,0.45,0.63,2024-07-21,0122,N20,VIIRS,n,2,285.79,3.33,N,2
51.88984,29.34147,296.12,0.46,0.63,2024-07-21,0122,N20,VIIRS,n,2,284.28,1.14,N,2
52.84997,29.99421,296.29,0.45,0.63,2024-07-21,0122,N20,VIIRS,n,2,285.08,1.28,N,2
53.27253,24.44122,310.72,0.54,0.51,2024-07-21,0122,N20,VIIRS,n,2,286.81,1.39,N,2
53.25992,24.44947,297.69,0.54,0.51,2024-07-21,0122,N20,VIIRS,n,2,286.93,1.01,N,2
52.84589,29.99061,328.02,0.4,0.6,2024-07-21,0931,N20,VIIRS,n,2,296.58,4.29,D,2
53.27011,24.44587,331.11,0.41,0.37,2024-07-21,1112,N20,VIIRS,l,2,303.55,1.76,D,2
55.50412,28.58587,300.6,0.33,0.55,2024-07-21,2322,N20,VIIRS,n,2,284.27,0.45,N,2
53.27521,24.44073,308.29,0.47,0.64,2024-07-21,2323,N20,VIIRS,n,2,285,0.98,N,2
53.39603,32.00917,297.27,0.46,0.47,2024-07-21,2323,N20,VIIRS,n,2,286.01,0.98,N,0
52.84929,29.98332,298.9,0.54,0.51,2024-07-21,2323,N20,VIIRS,n,2,286.83,6.91,N,2
52.84885,29.99149,338.15,0.54,0.51,2024-07-21,2323,N20,VIIRS,n,2,288.37,6.91,N,2
53.26327,24.44753,306.04,0.47,0.64,2024-07-21,2323,N20,VIIRS,n,2,287.09,1.1,N,2
53.26926,24.44049,298.59,0.47,0.64,2024-07-21,2323,N20,VIIRS,n,2,285.27,1.33,N,2
53.58648,31.94788,297.07,0.46,0.47,2024-07-21,2323,N20,VIIRS,n,2,284.26,0.41,N,0
53.39555,32.01603,297.27,0.46,0.47,2024-07-21,2323,N20,VIIRS,n,2,286.9,0.81,N,2
52.85234,29.99422,298.36,0.59,0.53,2024-07-22,0103,N20,VIIRS,n,2,286.45,1.42,N,2
52.84791,29.99078,310.62,0.59,0.53,2024-07-22,0103,N20,VIIRS,n,2,286.08,2.25,N,2
53.25931,24.45258,299.11,0.55,0.42,2024-07-22,0104,N20,VIIRS,n,2,286.44,1.04,N,2
53.27016,24.44187,315.31,0.54,0.42,2024-07-22,0104,N20,VIIRS,n,2,287.88,1.73,N,2
53.26474,24.44722,300.46,0.54,0.42,2024-07-22,0104,N20,VIIRS,n,2,287.59,1.73,N,2
52.32985,25.23138,330.7,0.39,0.36,2024-07-22,1053,N20,VIIRS,n,2,298.68,2.46,D,0
53.26859,24.44203,332.61,0.39,0.36,2024-07-22,1053,N20,VIIRS,l,2,303.37,2.85,D,2
52.84629,29.98709,318.16,0.43,0.62,2024-07-22,2304,N20,VIIRS,n,2,285.47,1.37,N,2
53.67091,31.82564,297.16,0.37,0.58,2024-07-22,2304,N20,VIIRS,n,2,284.73,0.51,N,0
53.39748,32.01055,299.42,0.36,0.57,2024-07-22,2304,N20,VIIRS,n,2,284.36,0.65,N,0
53.26394,24.44174,296.5,0.74,0.76,2024-07-22,2304,N20,VIIRS,n,2,281.49,3,N,0
51.89344,29.33822,299.74,0.46,0.63,2024-07-22,2304,N20,VIIRS,n,2,284.92,1.35,N,2
51.89536,29.3398,299.87,0.46,0.63,2024-07-22,2304,N20,VIIRS,n,2,285.39,0.71,N,2
51.88958,29.33269,298.36,0.46,0.63,2024-07-22,2304,N20,VIIRS,n,2,285.34,0.7,N,2
52.85195,29.99395,296.1,0.43,0.62,2024-07-22,2304,N20,VIIRS,n,2,285.28,1.37,N,2
53.58914,31.95093,300.09,0.36,0.57,2024-07-22,2304,N20,VIIRS,n,2,284.42,0.62,N,0
53.27032,24.44104,312.05,0.41,0.37,2024-07-23,0045,N20,VIIRS,n,2,288.99,2.1,N,2
53.26158,24.44947,302.75,0.41,0.37,2024-07-23,0045,N20,VIIRS,n,2,286.59,1.45,N,2
52.84581,29.99171,321.14,0.4,0.44,2024-07-23,0045,N20,VIIRS,n,2,287.98,2.03,N,2
52.84714,29.98619,300.08,0.4,0.44,2024-07-23,0045,N20,VIIRS,n,2,285.72,1.72,N,2
52.85341,29.99663,306.78,0.4,0.44,2024-07-23,0045,N20,VIIRS,n,2,288.21,1.39,N,2
51.96857,29.33767,329.8,0.4,0.37,2024-07-23,1033,N20,VIIRS,n,2,299.53,1.84,D,0
53.78329,27.55582,334.61,0.41,0.37,2024-07-23,1034,N20,VIIRS,n,2,299.42,3.55,D,0
53.78001,27.5575,332.15,0.41,0.37,2024-07-23,1034,N20,VIIRS,n,2,298.07,3.55,D,0
53.31248,28.65483,329.03,0.4,0.37,2024-07-23,1034,N20,VIIRS,l,2,299.64,2.28,D,0
51.93888,27.61352,330.32,0.73,0.76,2024-07-23,1215,N20,VIIRS,n,2,286.84,3.36,D,0
52.84834,29.98456,304.61,0.69,0.74,2024-07-23,2245,N20,VIIRS,n,2,286.3,2.07,N,2
51.8926,29.32981,298.86,0.73,0.76,2024-07-23,2245,N20,VIIRS,n,2,286.28,0.98,N,2
53.39476,32.01151,298.14,0.57,0.69,2024-07-23,2245,N20,VIIRS,n,2,285.77,0.91,N,2
53.39377,32.01253,296.89,0.57,0.69,2024-07-23,2245,N20,VIIRS,n,2,285.44,1.06,N,2
52.84764,29.98941,305.68,0.69,0.74,2024-07-23,2245,N20,VIIRS,n,2,286.19,2.62,N,2
55.50435,28.59035,304.68,0.39,0.36,2024-07-24,0025,N20,VIIRS,n,2,287.99,0.61,N,2
52.85077,29.9927,300.33,0.43,0.38,2024-07-24,0026,N20,VIIRS,n,2,287.73,3.08,N,2
52.84743,29.99094,330.26,0.43,0.38,2024-07-24,0026,N20,VIIRS,n,2,289.83,3.08,N,2
53.82643,30.35938,296.64,0.42,0.38,2024-07-24,0026,N20,VIIRS,n,2,286.55,0.5,N,0
53.58665,31.95151,301.1,0.47,0.39,2024-07-24,0026,N20,VIIRS,n,2,285.94,0.77,N,0
55.50459,28.58823,301.6,0.42,0.37,2024-07-25,0006,N20,VIIRS,n,2,288.12,0.56,N,2
53.82662,30.35973,297.14,0.39,0.36,2024-07-25,0007,N20,VIIRS,n,2,286.17,0.54,N,0
51.89323,29.34212,318.53,0.39,0.36,2024-07-25,0007,N20,VIIRS,n,2,288.73,1.25,N,2
53.67216,31.82792,299.25,0.39,0.36,2024-07-25,0007,N20,VIIRS,n,2,288.34,0.72,N,0
51.8908,29.33533,298.8,0.39,0.36,2024-07-25,0007,N20,VIIRS,n,2,286.7,1.25,N,2
52.84709,29.98842,331.3,0.39,0.36,2024-07-25,0007,N20,VIIRS,n,2,289.84,3.4,N,2
51.88998,29.34085,308.79,0.39,0.36,2024-07-25,0007,N20,VIIRS,n,2,287.38,1.25,N,2
53.3953,32.0144,310.32,0.39,0.36,2024-07-25,0007,N20,VIIRS,n,2,289.84,1.66,N,2
52.85051,29.99327,303.29,0.75,0.77,2024-07-25,0147,N20,VIIRS,n,2,284.61,1.82,N,2
52.85137,29.9875,299.64,0.75,0.77,2024-07-25,0147,N20,VIIRS,n,2,284.27,2.03,N,2
52.84743,29.98851,327.67,0.46,0.47,2024-07-25,0956,N20,VIIRS,l,2,300.84,5.02,D,2
54.89083,29.58691,326.62,0.41,0.45,2024-07-25,0957,N20,VIIRS,n,2,298.02,2.56,D,0
52.97355,26.88193,340.72,0.54,0.51,2024-07-25,1137,N20,VIIRS,n,2,278.38,9.19,D,0
54.88882,29.58357,331.01,0.36,0.57,2024-07-25,1137,N20,VIIRS,n,2,298.94,3.27,D,0
52.84351,29.99154,326.37,0.36,0.58,2024-07-25,1137,N20,VIIRS,l,2,296.74,4.35,D,2
52.84775,29.99095,305.01,0.47,0.4,2024-07-25,2348,N20,VIIRS,n,2,280.17,1.26,N,2
55.50608,28.5872,298.98,0.56,0.43,2024-07-25,2348,N20,VIIRS,n,2,286.63,0.68,N,2
53.67271,31.82461,300,0.43,0.38,2024-07-25,2348,N20,VIIRS,n,2,288.4,0.89,N,0
53.58925,31.94938,299.15,0.43,0.38,2024-07-25,2348,N20,VIIRS,n,2,287.52,0.61,N,0
53.39593,32.01445,305.61,0.42,0.38,2024-07-25,2348,N20,VIIRS,n,2,289.44,1.92,N,2
51.8882,29.33525,311.62,0.48,0.4,2024-07-25,2349,N20,VIIRS,n,2,283.33,2.32,N,2
55.50655,28.58865,297.19,0.36,0.58,2024-07-26,0128,N20,VIIRS,n,2,285.55,0.55,N,2
52.84672,29.98511,301.13,0.51,0.66,2024-07-26,0128,N20,VIIRS,n,2,283.08,1.58,N,2
53.58599,31.94917,297.66,0.56,0.69,2024-07-26,0128,N20,VIIRS,n,2,283.79,0.62,N,0
53.58873,31.94964,295.44,0.56,0.69,2024-07-26,0128,N20,VIIRS,n,2,283.89,0.6,N,0
52.84529,29.99306,335.95,0.35,0.56,2024-07-26,0937,N20,VIIRS,n,2,300.03,6.59,D,2
54.00209,31.46939,327.7,0.56,0.51,2024-07-26,0938,N20,VIIRS,n,2,294.97,2.96,D,0
52.84806,29.98917,332.34,0.46,0.47,2024-07-26,1118,N20,VIIRS,l,2,305.53,9.54,D,2
52.84787,29.99217,335.46,0.46,0.47,2024-07-26,1118,N20,VIIRS,l,2,306.19,7.73,D,2
53.58721,31.95289,302.11,0.4,0.44,2024-07-26,2329,N20,VIIRS,n,2,286.36,0.76,N,0
53.67125,31.82445,299.87,0.4,0.45,2024-07-26,2329,N20,VIIRS,n,2,287.59,0.78,N,0
53.26416,24.44668,298.16,0.41,0.45,2024-07-27,0110,N20,VIIRS,n,2,286.8,1.16,N,2
53.26941,24.44352,311.09,0.41,0.45,2024-07-27,0110,N20,VIIRS,n,2,287.46,1.64,N,2
53.2589,24.44985,298.51,0.41,0.45,2024-07-27,0110,N20,VIIRS,n,2,287.43,0.64,N,0
53.99353,31.45568,326.52,0.42,0.61,2024-07-27,0919,N20,VIIRS,n,2,289.94,1.82,D,0
53.13722,25.84306,329.18,0.39,0.36,2024-07-27,1059,N20,VIIRS,n,2,294.2,1.65,D,0
53.13804,25.82459,339.92,0.39,0.36,2024-07-27,1059,N20,VIIRS,n,2,296.12,2.56,D,0
51.89206,29.33194,302.55,0.39,0.59,2024-07-27,2311,N20,VIIRS,n,2,285.63,0.7,N,2
51.89191,29.33774,305.89,0.39,0.59,2024-07-27,2311,N20,VIIRS,n,2,285.85,0.7,N,2
51.89083,29.33665,299.39,0.46,0.47,2024-07-28,0051,N20,VIIRS,n,2,287.62,1.36,N,2
52.84801,29.99352,331.18,0.45,0.47,2024-07-28,0051,N20,VIIRS,n,2,287.41,2.63,N,2
52.8456,29.98448,305.19,0.45,0.47,2024-07-28,0051,N20,VIIRS,n,2,286.27,2.63,N,2
52.84631,29.99046,328.18,0.47,0.4,2024-07-29,0032,N20,VIIRS,n,2,286.61,3.58,N,2
51.88832,29.3365,308.78,0.47,0.4,2024-07-29,0032,N20,VIIRS,n,2,285.78,1.09,N,2
55.50363,28.58786,303.58,0.39,0.36,2024-07-30,0013,N20,VIIRS,n,2,285.87,0.62,N,2
52.84835,29.98841,324.07,0.39,0.36,2024-07-30,0013,N20,VIIRS,n,2,284.64,1.23,N,2
52.84742,29.994,295.81,0.39,0.36,2024-07-30,0013,N20,VIIRS,n,2,284.21,1.23,N,2
52.84595,29.99115,330.02,0.43,0.62,2024-07-30,1143,N20,VIIRS,n,2,289.85,4.12,D,2
52.84453,29.99129,328.83,0.43,0.62,2024-07-30,1143,N20,VIIRS,n,2,289.72,3.56,D,2
53.58876,31.95334,297.54,0.4,0.37,2024-07-30,2354,N20,VIIRS,n,2,285.15,0.49,N,0
54.14712,28.36487,297.14,0.49,0.4,2024-07-30,2354,N20,VIIRS,n,2,284.69,0.5,N,0
52.8511,29.99497,296.73,0.43,0.38,2024-07-30,2355,N20,VIIRS,n,2,285.98,2.22,N,2
53.27088,24.44372,309.55,0.44,0.46,2024-07-30,2355,N20,VIIRS,n,2,285.27,1.41,N,2
53.26484,24.44954,299.97,0.44,0.46,2024-07-30,2355,N20,VIIRS,n,2,284.01,1.06,N,2
53.26957,24.44381,303.33,0.44,0.46,2024-07-30,2355,N20,VIIRS,n,2,284.19,0.72,N,2
52.84766,29.9938,324.72,0.43,0.38,2024-07-30,2355,N20,VIIRS,n,2,287.16,2.22,N,2
52.84843,29.98751,327.41,0.43,0.38,2024-07-30,2355,N20,VIIRS,n,2,285.66,2.22,N,2
52.85454,29.99614,298.87,0.43,0.38,2024-07-30,2355,N20,VIIRS,n,2,288.09,0.63,N,2
51.8889,29.33781,301.09,0.43,0.38,2024-07-30,2355,N20,VIIRS,n,2,285.73,0.58,N,2
53.26188,24.44855,299.34,0.44,0.46,2024-07-30,2355,N20,VIIRS,n,2,285.29,0.76,N,2
52.84904,29.9861,295.79,0.58,0.7,2024-07-31,0134,N20,VIIRS,n,2,282.72,0.97,N,2
53.26898,24.44084,303.94,0.35,0.57,2024-07-31,0135,N20,VIIRS,n,2,282.79,0.66,N,2
53.26134,24.4463,299.77,0.35,0.57,2024-07-31,0135,N20,VIIRS,n,2,282.63,0.83,N,2
51.56394,27.72177,330.41,0.42,0.45,2024-07-31,1124,N20,VIIRS,n,2,298.15,2.66,D,0
52.8456,29.99109,342.38,0.54,0.51,2024-07-31,1124,N20,VIIRS,n,2,294.84,8.71,D,2
51.89182,29.34557,329.02,0.49,0.49,2024-07-31,1124,N20,VIIRS,n,2,291.59,3.59,D,2
52.02513,27.30472,327.03,0.41,0.45,2024-07-31,1124,N20,VIIRS,n,2,296.81,2.05,D,0
53.67252,31.8242,296.12,0.53,0.42,2024-07-31,2335,N20,VIIRS,n,2,285.5,0.53,N,0
53.58812,31.94953,296.59,0.52,0.42,2024-07-31,2335,N20,VIIRS,n,2,284.67,1.14,N,0
53.39656,32.01153,297.98,0.52,0.42,2024-07-31,2335,N20,VIIRS,n,2,285.74,0.71,N,2
54.18466,28.5,298.46,0.48,0.48,2024-07-31,2335,N20,VIIRS,n,2,284.02,0.38,N,0
51.88892,29.33553,300.56,0.42,0.45,2024-07-31,2336,N20,VIIRS,n,2,285.7,0.82,N,2
51.89157,29.34128,309.16,0.42,0.45,2024-07-31,2336,N20,VIIRS,n,2,285.73,1.08,N,2
51.88792,29.33423,302.54,0.42,0.45,2024-07-31,2336,N20,VIIRS,n,2,284.66,1.08,N,2
51.89308,29.33644,298.8,0.42,0.45,2024-07-31,2336,N20,VIIRS,n,2,284.91,1.51,N,2
52.84697,29.99339,301.74,0.4,0.45,2024-07-31,2336,N20,VIIRS,n,2,284.1,1.77,N,2
52.84746,29.98738,327.41,0.4,0.45,2024-07-31,2336,N20,VIIRS,n,2,285.81,3.05,N,2
52.85106,29.99434,299.06,0.4,0.45,2024-07-31,2336,N20,VIIRS,n,2,284.25,1.31,N,2
53.2627,24.44632,297.05,0.34,0.56,2024-07-31,2336,N20,VIIRS,n,2,283.44,0.55,N,2
53.27331,24.44217,303.55,0.34,0.56,2024-07-31,2336,N20,VIIRS,n,2,278.46,0.57,N,2
51.8926,29.34259,298.85,0.42,0.45,2024-07-31,2336,N20,VIIRS,n,2,285.64,1.08,N,2
51.88685,29.33642,298.12,0.4,0.6,2024-08-01,0116,N20,VIIRS,n,2,280.48,0.92,N,2
51.89181,29.34047,308.53,0.4,0.6,2024-08-01,0116,N20,VIIRS,n,2,283.46,0.92,N,2
51.89309,29.33903,300.93,0.4,0.6,2024-08-01,0116,N20,VIIRS,n,2,282.82,2.34,N,2
52.84704,29.98962,298.38,0.39,0.59,2024-08-01,0116,N20,VIIRS,n,2,271.91,0.54,N,2
53.26414,24.44747,300.81,0.47,0.48,2024-08-01,0116,N20,VIIRS,n,2,284.74,0.89,N,2
53.26989,24.44386,308.48,0.47,0.48,2024-08-01,0116,N20,VIIRS,n,2,285.08,0.89,N,2
51.89027,29.34572,333.32,0.52,0.67,2024-08-01,0925,N20,VIIRS,n,2,294.82,6.53,D,2
51.88841,29.34311,336.02,0.52,0.67,2024-08-01,0925,N20,VIIRS,n,2,295.3,3.56,D,2
52.84832,29.99259,325.04,0.45,0.63,2024-08-01,0925,N20,VIIRS,n,2,294.02,2.95,D,2
51.88975,29.33948,335.29,0.49,0.4,2024-08-01,1105,N20,VIIRS,n,2,303.08,4.98,D,2
51.89206,29.34525,328.45,0.49,0.4,2024-08-01,1105,N20,VIIRS,l,2,298.5,4.75,D,2
54.17957,28.70843,299.91,0.37,0.58,2024-08-01,2316,N20,VIIRS,n,2,282.12,0.4,N,0
51.89351,29.33456,297.18,0.33,0.55,2024-08-01,2317,N20,VIIRS,n,2,286.16,0.83,N,2
53.39538,32.01048,299.08,0.53,0.5,2024-08-01,2317,N20,VIIRS,n,2,284.76,0.77,N,0
53.27514,24.43666,297.13,0.55,0.68,2024-08-01,2317,N20,VIIRS,n,2,281.53,1.29,N,0
53.26254,24.44513,300.75,0.54,0.68,2024-08-01,2317,N20,VIIRS,n,2,283.44,0.74,N,2
51.88838,29.33393,300.88,0.33,0.55,2024-08-01,2317,N20,VIIRS,n,2,285.64,0.45,N,2
51.89333,29.33949,309.55,0.33,0.55,2024-08-01,2317,N20,VIIRS,n,2,286.58,0.83,N,2
52.84916,29.98662,317.1,0.63,0.54,2024-08-01,2317,N20,VIIRS,n,2,284.42,3.24,N,2
51.8937,29.33896,298.74,0.52,0.5,2024-08-02,0057,N20,VIIRS,n,2,285.46,1.07,N,2
53.26169,24.44755,300.49,0.49,0.4,2024-08-02,0057,N20,VIIRS,n,2,285.45,1.06,N,2
53.27019,24.44479,309.38,0.49,0.4,2024-08-02,0057,N20,VIIRS,n,2,285.7,1.59,N,2
51.89272,29.34453,301.96,0.52,0.5,2024-08-02,0057,N20,VIIRS,n,2,285.03,1.19,N,2
51.88945,29.33601,297.87,0.52,0.5,2024-08-02,0057,N20,VIIRS,n,2,284.74,1.07,N,2
54.17979,28.71265,298.2,0.43,0.46,2024-08-02,0057,N20,VIIRS,n,2,282.7,0.49,N,0
52.84896,29.99229,327.33,0.52,0.5,2024-08-02,0057,N20,VIIRS,n,2,284.38,4.65,N,2
52.84697,29.9924,336.17,0.4,0.37,2024-08-02,1046,N20,VIIRS,n,2,300.34,10.06,D,2
51.89167,29.34294,335.95,0.39,0.36,2024-08-02,1046,N20,VIIRS,n,2,304.61,3.17,D,2
52.5598,30.88585,329.84,0.41,0.37,2024-08-02,1046,N20,VIIRS,n,2,287.07,1.71,D,0
53.39402,32.01017,299.68,0.42,0.61,2024-08-02,2258,N20,VIIRS,n,2,282.92,1.01,N,0
52.35123,27.87097,301.29,0.62,0.71,2024-08-02,2258,N20,VIIRS,n,2,274.31,1.93,N,0
52.35439,27.87526,309.91,0.62,0.71,2024-08-02,2258,N20,VIIRS,n,2,272.23,1.62,N,0
52.84681,29.98537,319.59,0.5,0.66,2024-08-02,2258,N20,VIIRS,n,2,283.44,3.84,N,2
53.39626,32.00917,298.88,0.42,0.61,2024-08-02,2258,N20,VIIRS,n,2,282.64,1.15,N,0
52.84647,29.99236,331.2,0.53,0.42,2024-08-03,0038,N20,VIIRS,n,2,279.81,6.67,N,2
53.58617,31.95059,297.77,0.39,0.44,2024-08-03,0038,N20,VIIRS,n,2,282.51,0.74,N,0
53.3942,32.01357,297.51,0.4,0.44,2024-08-03,0038,N20,VIIRS,n,2,285.82,0.84,N,2
51.89364,29.3445,303.08,0.52,0.42,2024-08-03,0039,N20,VIIRS,n,2,280.17,1.52,N,2
53.39668,32.01672,296.77,0.43,0.38,2024-08-04,0019,N20,VIIRS,n,2,284.5,0.4,N,2
55.50449,28.58461,295.95,0.38,0.36,2024-08-04,0019,N20,VIIRS,n,2,284.17,0.47,N,2
53.58649,31.95019,296.45,0.43,0.38,2024-08-04,0019,N20,VIIRS,n,2,284.07,0.55,N,0
53.39333,32.01489,297.16,0.43,0.38,2024-08-04,0019,N20,VIIRS,n,2,286.42,0.59,N,2
51.89207,29.33903,317.23,0.4,0.37,2024-08-04,0020,N20,VIIRS,n,2,286.89,1.1,N,2
51.8936,29.33963,313.66,0.4,0.37,2024-08-04,0020,N20,VIIRS,n,2,286.8,1.24,N,2
53.26242,24.44744,303.91,0.41,0.37,2024-08-04,0020,N20,VIIRS,n,2,286.17,1.29,N,2
53.26999,24.44372,309.86,0.41,0.37,2024-08-04,0020,N20,VIIRS,n,2,285.46,1.56,N,2
52.84729,29.98858,327.62,0.4,0.37,2024-08-04,0020,N20,VIIRS,n,2,287.58,4.35,N,2
51.88881,29.33752,305.48,0.4,0.37,2024-08-04,0020,N20,VIIRS,n,2,285.56,1.1,N,2
53.27157,24.44127,299.34,0.6,0.7,2024-08-04,0200,N20,VIIRS,n,2,282.72,0.65,N,2
53.27307,24.44237,299.34,0.6,0.7,2024-08-04,0200,N20,VIIRS,n,2,282.88,1.48,N,2
53.26024,24.45065,299.97,0.6,0.71,2024-08-04,0200,N20,VIIRS,n,2,283.81,1.76,N,2
53.26167,24.45172,298.65,0.6,0.71,2024-08-04,0200,N20,VIIRS,n,2,283.75,0.81,N,2
51.8914,29.34354,331.44,0.39,0.44,2024-08-04,1008,N20,VIIRS,n,2,298.3,3.55,D,2
52.84771,29.98951,328.22,0.53,0.42,2024-08-04,1009,N20,VIIRS,l,2,301.41,4.81,D,2
54.8443,30.27066,326.29,0.47,0.4,2024-08-04,1009,N20,VIIRS,n,2,292.84,1.93,D,0
51.89337,29.34238,332.26,0.46,0.64,2024-08-04,1149,N20,VIIRS,n,2,296.88,3.46,D,2
51.89001,29.34443,340.61,0.46,0.64,2024-08-04,1149,N20,VIIRS,n,2,295.65,5.39,D,2
52.85219,29.99452,297.67,0.4,0.37,2024-08-05,0001,N20,VIIRS,n,2,287.35,0.72,N,2
53.5874,31.95434,300.03,0.39,0.36,2024-08-05,0001,N20,VIIRS,n,2,285.01,0.52,N,0
53.672,31.82644,301,0.39,0.36,2024-08-05,0001,N20,VIIRS,n,2,287.08,0.9,N,0
54.18826,28.49775,296.26,0.44,0.38,2024-08-05,0001,N20,VIIRS,n,2,284.05,0.31,N,0
51.89207,29.33882,313.09,0.4,0.37,2024-08-05,0001,N20,VIIRS,n,2,287.67,0.9,N,2
52.84637,29.98619,299.03,0.4,0.37,2024-08-05,0001,N20,VIIRS,n,2,285.26,2.7,N,2
52.84556,29.99203,327.34,0.4,0.37,2024-08-05,0001,N20,VIIRS,n,2,286.13,2.7,N,2
53.39538,32.01684,298.8,0.38,0.36,2024-08-05,0001,N20,VIIRS,n,2,287.23,0.89,N,2
51.88873,29.33763,299.31,0.4,0.37,2024-08-05,0001,N20,VIIRS,n,2,286.01,0.9,N,2
52.85551,29.99576,299.81,0.4,0.37,2024-08-05,0001,N20,VIIRS,n,2,288.57,0.72,N,2
52.84888,29.99327,327.74,0.4,0.37,2024-08-05,0001,N20,VIIRS,n,2,287,2.7,N,2
51.88846,29.34048,299.76,0.69,0.74,2024-08-05,0141,N20,VIIRS,n,2,282.8,1.3,N,2
52.8449,29.98891,306.1,0.66,0.73,2024-08-05,0141,N20,VIIRS,n,2,282.79,3.27,N,2
51.89127,29.3413,310.47,0.69,0.74,2024-08-05,0141,N20,VIIRS,n,2,283.36,2.09,N,2
51.89429,29.34636,301.11,0.69,0.74,2024-08-05,0141,N20,VIIRS,n,2,282.79,1.52,N,2
52.84687,29.99212,307.81,0.66,0.73,2024-08-05,0141,N20,VIIRS,n,2,282.96,2.58,N,2
51.893,29.3421,326.19,0.6,0.53,2024-08-05,0950,N20,VIIRS,n,2,284.06,5.54,D,2
53.67327,31.82549,297.17,0.47,0.4,2024-08-05,2342,N20,VIIRS,n,2,286.76,1.1,N,0
55.50733,28.58507,295.47,0.32,0.55,2024-08-06,2322,N20,VIIRS,n,2,282.38,0.55,N,0
53.27093,24.43699,301.45,0.47,0.64,2024-08-06,2323,N20,VIIRS,n,2,284.01,1.08,N,2
53.27207,24.44693,299.99,0.55,0.42,2024-08-07,0104,N20,VIIRS,n,2,284.88,0.66,N,2
53.25928,24.44765,297.41,0.55,0.42,2024-08-07,0104,N20,VIIRS,n,2,285.28,1.18,N,2
51.89269,29.34148,303.98,0.6,0.53,2024-08-07,0104,N20,VIIRS,n,2,284.54,1.7,N,2
51.89238,29.34045,332.52,0.41,0.37,2024-08-07,1052,N20,VIIRS,n,2,295.07,3.52,D,2
51.88982,29.33105,299.27,0.46,0.63,2024-08-07,2304,N20,VIIRS,n,2,284.14,1.8,N,2
51.89401,29.33862,303.38,0.46,0.63,2024-08-07,2304,N20,VIIRS,n,2,284.78,0.71,N,2
51.88821,29.33148,299.48,0.46,0.63,2024-08-07,2304,N20,VIIRS,n,2,284.08,0.71,N,2
53.27406,24.4328,295.01,0.74,0.76,2024-08-07,2304,N20,VIIRS,n,2,282.93,0.89,N,0
54.18914,28.49813,299.62,0.5,0.66,2024-08-07,2304,N20,VIIRS,n,2,282.09,0.87,N,0
51.89559,29.33813,307.46,0.46,0.63,2024-08-07,2304,N20,VIIRS,n,2,284.97,1.57,N,2
52.84625,29.99106,296.79,0.43,0.62,2024-08-07,2304,N20,VIIRS,n,2,283.16,0.75,N,2
52.84634,29.98455,303.47,0.43,0.62,2024-08-07,2304,N20,VIIRS,n,2,283.1,0.75,N,2
53.27078,24.43655,300.7,0.74,0.76,2024-08-07,2304,N20,VIIRS,n,2,283.96,0.78,N,2
54.14751,28.36374,295.58,0.49,0.4,2024-08-08,0044,N20,VIIRS,n,2,282.63,0.32,N,0
55.50294,28.59009,297.84,0.47,0.4,2024-08-08,0044,N20,VIIRS,n,2,284.33,0.62,N,0
54.18559,28.50179,296.03,0.5,0.41,2024-08-08,0044,N20,VIIRS,n,2,283.4,0.43,N,0
52.84829,29.98715,297.74,0.4,0.44,2024-08-08,0045,N20,VIIRS,n,2,284.25,1.69,N,2
51.89099,29.33676,296.65,0.4,0.44,2024-08-08,0045,N20,VIIRS,n,2,285.47,0.74,N,2
51.89352,29.34454,300.32,0.4,0.44,2024-08-08,0045,N20,VIIRS,n,2,285.09,0.51,N,2
53.2589,24.44762,298.08,0.41,0.37,2024-08-08,0045,N20,VIIRS,n,2,285.57,0.33,N,2
53.26219,24.44931,302.29,0.41,0.37,2024-08-08,0045,N20,VIIRS,n,2,287.26,0.86,N,2
53.27094,24.44086,309.66,0.41,0.37,2024-08-08,0045,N20,VIIRS,n,2,286.72,0.93,N,2
52.84696,29.99269,323.39,0.4,0.44,2024-08-08,0045,N20,VIIRS,n,2,285.31,1.69,N,2
51.86682,30.17958,330.75,0.39,0.36,2024-08-08,1033,N20,VIIRS,n,2,293.94,2.85,D,0
51.89109,29.34145,331.43,0.4,0.37,2024-08-08,1033,N20,VIIRS,n,2,299.25,2.99,D,2
53.39681,32.01047,295.76,0.56,0.69,2024-08-08,2245,N20,VIIRS,n,2,285.59,1,N,0
55.5063,28.5904,298.94,0.39,0.36,2024-08-09,0025,N20,VIIRS,n,2,284.67,0.25,N,2
52.84844,29.99201,324.57,0.43,0.38,2024-08-09,0026,N20,VIIRS,n,2,287.42,3.64,N,2
53.39573,32.01141,296.78,0.47,0.4,2024-08-09,0026,N20,VIIRS,n,2,284.33,0.56,N,2
52.85179,29.99377,300.39,0.43,0.38,2024-08-09,0026,N20,VIIRS,n,2,287.26,1.21,N,2
53.58881,31.94944,296.01,0.47,0.39,2024-08-09,0026,N20,VIIRS,n,2,285.42,0.78,N,0
52.74241,26.43818,338.11,0.41,0.61,2024-08-09,1156,N20,VIIRS,n,2,286.09,4.34,D,0
53.58826,31.95031,303.21,0.39,0.36,2024-08-10,0007,N20,VIIRS,n,2,286.81,0.76,N,0
53.72289,31.72017,296.94,0.38,0.36,2024-08-10,0007,N20,VIIRS,n,2,284.99,0.28,N,0
53.67153,31.82397,296.99,0.39,0.36,2024-08-10,0007,N20,VIIRS,n,2,286.48,0.4,N,0
53.39455,32.01145,308.55,0.39,0.36,2024-08-10,0007,N20,VIIRS,n,2,288,0.92,N,2
51.88961,29.336,301.33,0.39,0.36,2024-08-10,0007,N20,VIIRS,n,2,287.06,0.65,N,2
52.84947,29.99023,313.19,0.39,0.36,2024-08-10,0007,N20,VIIRS,n,2,287.24,2.77,N,2
51.89204,29.34279,306.63,0.39,0.36,2024-08-10,0007,N20,VIIRS,n,2,286.96,0.63,N,2
52.84623,29.98889,337,0.39,0.36,2024-08-10,0007,N20,VIIRS,n,2,288.3,2.77,N,2
52.84851,29.99182,297.25,0.75,0.77,2024-08-10,0147,N20,VIIRS,n,2,282.85,2.42,N,2
52.84918,29.98618,298.68,0.75,0.77,2024-08-10,0147,N20,VIIRS,n,2,282.75,1.94,N,2
52.89594,30.35764,326.16,0.44,0.46,2024-08-10,0956,N20,VIIRS,n,2,291.89,4.04,D,0
51.88993,29.34145,339.28,0.52,0.5,2024-08-10,0956,N20,VIIRS,n,2,287.86,5.39,D,2
52.89622,30.35773,327.39,0.44,0.46,2024-08-10,0956,N20,VIIRS,n,2,291.88,3.13,D,0
51.89357,29.34337,339.62,0.34,0.56,2024-08-10,1136,N20,VIIRS,n,2,295.2,3.48,D,2
53.26131,24.44679,300.49,0.51,0.49,2024-08-10,2348,N20,VIIRS,n,2,285.94,0.85,N,2
52.84806,29.99107,318.36,0.47,0.4,2024-08-10,2348,N20,VIIRS,n,2,285.84,2.71,N,2
54.18694,28.49922,297.74,0.54,0.42,2024-08-10,2348,N20,VIIRS,n,2,284.17,0.46,N,0
53.39685,32.01213,299.16,0.42,0.38,2024-08-10,2348,N20,VIIRS,n,2,285.15,1.96,N,2
53.27087,24.44069,302.29,0.51,0.49,2024-08-10,2348,N20,VIIRS,n,2,285.07,1.65,N,2
52.8479,29.98405,299.3,0.51,0.66,2024-08-11,0128,N20,VIIRS,n,2,284.33,0.86,N,2
52.84552,29.99069,297.11,0.51,0.66,2024-08-11,0128,N20,VIIRS,n,2,284.63,0.86,N,2
51.89209,29.34268,303.52,0.53,0.67,2024-08-11,0128,N20,VIIRS,n,2,285.68,1.89,N,2
52.66453,27.41725,329.11,0.44,0.62,2024-08-11,0938,N20,VIIRS,n,2,288.28,2.02,D,0
51.89139,29.34178,343.93,0.42,0.46,2024-08-11,1117,N20,VIIRS,n,2,301.37,6.01,D,2
52.08628,27.71952,329,0.55,0.43,2024-08-11,1118,N20,VIIRS,n,2,297.43,6.91,D,0
52.08701,27.72763,331.04,0.56,0.43,2024-08-11,1118,N20,VIIRS,n,2,296.95,8.56,D,0
53.39505,32.01067,298.7,0.39,0.44,2024-08-11,2329,N20,VIIRS,n,2,282.57,0.75,N,0
53.26229,24.44649,308.01,0.4,0.6,2024-08-11,2329,N20,VIIRS,n,2,285.93,1.12,N,2
53.2719,24.44015,304.71,0.4,0.6,2024-08-11,2329,N20,VIIRS,n,2,285.04,0.9,N,2
53.27356,24.44112,304.01,0.4,0.6,2024-08-11,2329,N20,VIIRS,n,2,284.7,0.88,N,2
52.84591,29.98861,316.56,0.47,0.47,2024-08-11,2329,N20,VIIRS,n,2,284.37,2.62,N,2
51.89095,29.33419,300.66,0.49,0.48,2024-08-11,2330,N20,VIIRS,n,2,284.33,1.04,N,2
51.89492,29.34215,300.29,0.48,0.48,2024-08-11,2330,N20,VIIRS,n,2,284.28,1.04,N,2
53.27219,24.44413,304.98,0.41,0.45,2024-08-12,0110,N20,VIIRS,n,2,285.49,1.21,N,2
53.26936,24.44254,304.19,0.41,0.45,2024-08-12,0110,N20,VIIRS,n,2,285.01,0.67,N,2
53.25884,24.44887,300.38,0.41,0.45,2024-08-12,0110,N20,VIIRS,n,2,285.48,1.19,N,2
51.89539,29.34061,301.41,0.35,0.57,2024-08-12,0110,N20,VIIRS,n,2,283.34,0.94,N,2
51.89066,29.33693,309.23,0.35,0.57,2024-08-12,0110,N20,VIIRS,n,2,283.07,0.94,N,2
52.84735,29.98749,316.41,0.34,0.56,2024-08-12,0110,N20,VIIRS,n,2,282.91,1.15,N,2
52.84739,29.98881,333.89,0.47,0.4,2024-08-12,1059,N20,VIIRS,n,2,299.99,6.12,D,2
53.26302,24.44493,301.5,0.63,0.72,2024-08-12,2310,N20,VIIRS,n,2,284.15,1.32,N,0
55.48502,28.60037,296.17,0.43,0.62,2024-08-12,2310,N20,VIIRS,n,2,278.23,1.05,N,0
55.4851,28.59333,305.55,0.43,0.62,2024-08-12,2310,N20,VIIRS,n,2,277.66,1.11,N,0
53.26951,24.43486,296.95,0.63,0.72,2024-08-12,2310,N20,VIIRS,n,2,281.7,1.32,N,0
51.88887,29.33591,295.52,0.39,0.59,2024-08-12,2311,N20,VIIRS,n,2,284.23,0.81,N,2
51.89437,29.33638,304.58,0.39,0.59,2024-08-12,2311,N20,VIIRS,n,2,284.59,1.31,N,2
51.88955,29.33549,300.28,0.46,0.47,2024-08-13,0051,N20,VIIRS,n,2,284.49,1.38,N,2
53.25985,24.45294,296.46,0.44,0.38,2024-08-13,0051,N20,VIIRS,n,2,283.92,0.87,N,2
53.26912,24.44403,299.64,0.44,0.38,2024-08-13,0051,N20,VIIRS,n,2,282.87,1.36,N,2
53.26448,24.44849,297.46,0.44,0.38,2024-08-13,0051,N20,VIIRS,n,2,283.66,0.87,N,2
51.89104,29.34218,325.83,0.38,0.36,2024-08-13,1040,N20,VIIRS,l,2,297.73,1.94,D,2
52.85012,29.98099,308.92,0.59,0.7,2024-08-13,2251,N20,VIIRS,n,2,281.34,4.59,N,0
52.84928,29.9858,353.53,0.59,0.7,2024-08-13,2251,N20,VIIRS,n,2,282.99,8.37,N,2
52.85021,29.98989,337.8,0.59,0.7,2024-08-13,2251,N20,VIIRS,n,2,282.92,4.59,N,2
51.8965,29.3374,297.44,0.62,0.72,2024-08-13,2252,N20,VIIRS,n,2,281.98,1.06,N,2
51.89306,29.33436,307.96,0.62,0.72,2024-08-13,2252,N20,VIIRS,n,2,283.51,1.87,N,2
51.89272,29.33828,300.33,0.47,0.4,2024-08-14,0032,N20,VIIRS,n,2,284.64,0.75,N,2
53.2709,24.4425,313.66,0.38,0.36,2024-08-14,0032,N20,VIIRS,n,2,286.51,1.57,N,2
52.84782,29.99183,324.32,0.47,0.4,2024-08-14,0032,N20,VIIRS,n,2,285.29,3.65,N,2
52.85475,29.99576,298.21,0.47,0.4,2024-08-14,0032,N20,VIIRS,n,2,286.99,0.96,N,2
54.18671,28.49881,309.95,0.41,0.37,2024-08-14,0032,N20,VIIRS,n,2,282.91,0.95,N,0
55.50562,28.59068,301.19,0.4,0.37,2024-08-14,0032,N20,VIIRS,n,2,283.53,0.35,N,2
53.26267,24.45095,297.58,0.38,0.36,2024-08-14,0032,N20,VIIRS,n,2,285.27,1.32,N,2
51.8934,29.33854,302.1,0.47,0.4,2024-08-14,0032,N20,VIIRS,n,2,284.77,1.11,N,2
51.88993,29.33668,299.57,0.47,0.4,2024-08-14,0032,N20,VIIRS,n,2,284.68,0.92,N,2
51.88924,29.33642,300.51,0.47,0.4,2024-08-14,0032,N20,VIIRS,n,2,284.73,0.75,N,2
54.51377,30.6009,338.7,0.4,0.37,2024-08-14,1021,N20,VIIRS,n,2,295.29,4.39,D,0
52.84764,29.99293,333.55,0.43,0.38,2024-08-14,1021,N20,VIIRS,n,2,302.39,6.28,D,2
53.26009,24.44803,296.47,0.45,0.39,2024-08-15,0013,N20,VIIRS,n,2,286.18,0.73,N,2
54.18608,28.501,298.22,0.39,0.36,2024-08-15,0013,N20,VIIRS,n,2,284.2,0.3,N,0
53.26362,24.44917,300.01,0.45,0.39,2024-08-15,0013,N20,VIIRS,n,2,286.03,0.73,N,2
53.27147,24.44472,311.35,0.45,0.39,2024-08-15,0013,N20,VIIRS,n,2,286.22,1.64,N,2
52.84651,29.99346,304.72,0.39,0.36,2024-08-15,0013,N20,VIIRS,n,2,285.83,2.93,N,2
52.84743,29.98787,331.01,0.39,0.36,2024-08-15,0013,N20,VIIRS,n,2,286.98,4.18,N,2
55.5049,28.589,300.53,0.39,0.36,2024-08-15,0013,N20,VIIRS,n,2,284.46,0.32,N,2
53.39407,32.01417,297.51,0.4,0.37,2024-08-15,0013,N20,VIIRS,n,2,285.48,0.87,N,2
51.89265,29.3402,301.5,0.39,0.36,2024-08-15,0014,N20,VIIRS,n,2,285.5,0.68,N,2
51.88941,29.33881,302.96,0.39,0.36,2024-08-15,0014,N20,VIIRS,n,2,284.22,0.68,N,2
54.23895,27.69842,298.63,0.62,0.72,2024-08-15,0153,N20,VIIRS,n,2,282.65,0.69,N,0
53.26379,24.44956,298.51,0.53,0.67,2024-08-15,0153,N20,VIIRS,n,2,283.8,0.88,N,2
53.27405,24.44129,296.41,0.53,0.67,2024-08-15,0153,N20,VIIRS,n,2,282.14,0.74,N,2
53.26449,24.44828,297.26,0.53,0.67,2024-08-15,0153,N20,VIIRS,n,2,283.62,0.9,N,2
51.88967,29.33958,329.04,0.45,0.47,2024-08-15,1002,N20,VIIRS,n,2,297.58,3.45,D,2
52.84665,29.99382,327.88,0.4,0.44,2024-08-15,1002,N20,VIIRS,l,2,301.58,4.29,D,2
52.09703,26.47128,325.81,0.57,0.52,2024-08-15,1002,N20,VIIRS,l,2,298.55,4.61,D,0
51.88872,29.34175,337.21,0.4,0.6,2024-08-15,1143,N20,VIIRS,n,2,298.85,3.83,D,2
52.84629,29.99297,333.55,0.43,0.62,2024-08-15,1143,N20,VIIRS,n,2,301.25,6.3,D,2
52.84588,29.98744,295.23,0.43,0.38,2024-08-15,2354,N20,VIIRS,n,2,275.22,0.59,N,2
55.50576,28.59006,296.71,0.5,0.41,2024-08-15,2354,N20,VIIRS,n,2,283.78,0.23,N,2
53.67156,31.82871,298.18,0.4,0.37,2024-08-15,2354,N20,VIIRS,n,2,286.92,0.78,N,0
53.5871,31.95184,296.67,0.4,0.37,2024-08-15,2354,N20,VIIRS,n,2,284.63,0.71,N,0
53.39597,32.01392,300.54,0.4,0.37,2024-08-15,2354,N20,VIIRS,n,2,286.77,1.3,N,2
52.85542,29.99722,302.1,0.43,0.38,2024-08-15,2354,N20,VIIRS,n,2,286.13,1.12,N,2
52.84932,29.9886,321.45,0.43,0.38,2024-08-15,2354,N20,VIIRS,n,2,277.1,1.45,N,2
51.89414,29.3401,295.78,0.43,0.38,2024-08-15,2355,N20,VIIRS,n,2,285.38,0.97,N,2
53.27017,24.43987,308.41,0.44,0.46,2024-08-15,2355,N20,VIIRS,n,2,286.95,0.87,N,2
51.8872,29.33787,302.4,0.43,0.38,2024-08-15,2355,N20,VIIRS,n,2,284.25,0.6,N,2
51.89067,29.33899,295.45,0.43,0.38,2024-08-15,2355,N20,VIIRS,n,2,284.3,0.6,N,2
52.66499,27.41749,333.47,0.38,0.59,2024-08-16,0944,N20,VIIRS,n,2,295.1,2.29,D,0
53.36433,32.1166,325.12,0.48,0.48,2024-08-16,0944,N20,VIIRS,l,2,300.11,2.26,D,0
52.84859,29.99364,333.9,0.6,0.53,2024-08-16,0944,N20,VIIRS,n,2,295.36,5.74,D,2
54.07087,31.69611,328.02,0.48,0.48,2024-08-16,0944,N20,VIIRS,n,2,295.67,3.74,D,0
52.08362,27.28661,337.89,0.41,0.45,2024-08-16,1124,N20,VIIRS,n,2,306.34,4.18,D,0
51.89202,29.34475,332.23,0.49,0.49,2024-08-16,1124,N20,VIIRS,n,2,299.25,5.81,D,2
53.3937,32.01318,297.39,0.52,0.41,2024-08-16,2335,N20,VIIRS,n,2,286.78,1.19,N,2
52.84924,29.99001,327.81,0.4,0.44,2024-08-16,2336,N20,VIIRS,n,2,287.53,3.46,N,2
51.891,29.3382,305.44,0.42,0.45,2024-08-16,2336,N20,VIIRS,n,2,286.42,0.82,N,2
53.26225,24.44676,309.49,0.34,0.56,2024-08-16,2336,N20,VIIRS,n,2,288.46,1.45,N,2
52.84598,29.98818,324.05,0.39,0.59,2024-08-17,0116,N20,VIIRS,n,2,285.05,2.02,N,2
53.27208,24.4415,307.96,0.47,0.48,2024-08-17,0116,N20,VIIRS,n,2,289.59,1.16,N,2
53.26058,24.44872,307.47,0.47,0.48,2024-08-17,0116,N20,VIIRS,n,2,290.41,1.49,N,2
52.85084,29.99245,295.18,0.39,0.59,2024-08-17,0116,N20,VIIRS,n,2,284.6,1.13,N,2
51.88859,29.34319,328.57,0.52,0.67,2024-08-17,0925,N20,VIIRS,n,2,292.97,4.51,D,2
51.89216,29.33975,335.99,0.49,0.4,2024-08-17,1105,N20,VIIRS,n,2,302.15,4.95,D,2
52.8466,29.99334,328.06,0.53,0.42,2024-08-17,1105,N20,VIIRS,l,2,299.57,7.59,D,2
52.13269,25.44053,330.05,0.4,0.37,2024-08-17,1105,N20,VIIRS,l,2,303.87,2.75,D,0
52.10796,27.67328,340.66,0.44,0.38,2024-08-17,1105,N20,VIIRS,n,2,296.1,6.24,D,0
53.27006,24.44068,303.52,0.54,0.68,2024-08-17,2316,N20,VIIRS,n,2,285.53,0.92,N,2
53.27239,24.44178,297.74,0.54,0.68,2024-08-17,2316,N20,VIIRS,n,2,285,0.98,N,2
52.84854,29.98393,305.36,0.63,0.54,2024-08-17,2317,N20,VIIRS,n,2,287.9,2.62,N,2
52.84927,29.98631,321.13,0.63,0.54,2024-08-17,2317,N20,VIIRS,n,2,288.66,4.24,N,2
51.89469,29.33968,306.75,0.33,0.55,2024-08-17,2317,N20,VIIRS,n,2,289.69,1.18,N,2
51.88976,29.33415,311.69,0.33,0.55,2024-08-17,2317,N20,VIIRS,n,2,289.45,0.79,N,2
52.84816,29.99343,306.47,0.63,0.54,2024-08-17,2317,N20,VIIRS,n,2,288.12,2.46,N,2
51.88778,29.34042,300.77,0.52,0.5,2024-08-18,0057,N20,VIIRS,n,2,287.73,0.69,N,2
51.89204,29.34335,303.28,0.52,0.5,2024-08-18,0057,N20,VIIRS,n,2,288.09,0.98,N,2
53.26016,24.44805,303.97,0.49,0.4,2024-08-18,0057,N20,VIIRS,n,2,288.6,1.06,N,2
53.27367,24.44046,297.26,0.49,0.4,2024-08-18,0057,N20,VIIRS,n,2,285.79,0.42,N,2
52.84921,29.98939,317.72,0.52,0.5,2024-08-18,0057,N20,VIIRS,n,2,288.48,2.5,N,2
52.84673,29.99414,335.39,0.4,0.37,2024-08-18,1046,N20,VIIRS,n,2,303.92,7.52,D,2
51.89109,29.34482,330.01,0.39,0.36,2024-08-18,1046,N20,VIIRS,l,2,303.71,2.88,D,2
51.89029,29.33929,337.92,0.39,0.36,2024-08-18,1046,N20,VIIRS,n,2,308.92,2.88,D,2
51.8907,29.33091,314.17,0.53,0.67,2024-08-18,2258,N20,VIIRS,n,2,287.64,1.08,N,2
51.89073,29.33889,304.72,0.53,0.67,2024-08-18,2258,N20,VIIRS,n,2,287.47,1.08,N,2
51.89372,29.33379,309.69,0.53,0.67,2024-08-18,2258,N20,VIIRS,n,2,287.91,2.39,N,2
51.88745,29.33365,303.89,0.53,0.67,2024-08-18,2258,N20,VIIRS,n,2,287.64,0.76,N,2
52.84782,29.98651,300.65,0.52,0.42,2024-08-19,0038,N20,VIIRS,n,2,287.95,1.36,N,2
55.50447,28.58546,301.9,0.43,0.38,2024-08-19,0038,N20,VIIRS,n,2,287.7,0.45,N,2
51.8879,29.33469,308.73,0.52,0.42,2024-08-19,0039,N20,VIIRS,n,2,289.72,1.18,N,2
51.89154,29.33677,305.9,0.52,0.42,2024-08-19,0039,N20,VIIRS,n,2,289.88,1.18,N,2
52.84786,29.99183,338,0.4,0.37,2024-08-19,1027,N20,VIIRS,n,2,307.78,4.13,D,2
53.89167,31.56071,341.59,0.38,0.36,2024-08-19,1027,N20,VIIRS,n,2,299.67,9.47,D,0
53.65367,31.47671,331.46,0.39,0.36,2024-08-19,1027,N20,VIIRS,n,2,298.78,3.21,D,0
53.65458,31.48239,335.18,0.39,0.36,2024-08-19,1027,N20,VIIRS,n,2,303.13,4.35,D,0
53.65549,31.48808,340.51,0.39,0.36,2024-08-19,1027,N20,VIIRS,n,2,303.06,4.35,D,0
53.65136,31.48386,356.43,0.39,0.36,2024-08-19,1027,N20,VIIRS,l,2,303.16,4.35,D,0
53.65227,31.48954,344.63,0.39,0.36,2024-08-19,1027,N20,VIIRS,n,2,302.5,4.35,D,0
53.64491,31.48678,334.32,0.39,0.36,2024-08-19,1027,N20,VIIRS,n,2,297.66,5.06,D,0
53.64231,31.49084,351.91,0.39,0.36,2024-08-19,1027,N20,VIIRS,n,2,303.78,8.29,D,0
53.64322,31.49653,343.07,0.39,0.36,2024-08-19,1027,N20,VIIRS,n,2,300.64,4.82,D,0
53.63908,31.4923,349.7,0.39,0.36,2024-08-19,1027,N20,VIIRS,n,2,302.86,8.29,D,0
53.63999,31.49799,344.25,0.39,0.36,2024-08-19,1027,N20,VIIRS,n,2,303.46,4.82,D,0
53.63767,31.50513,344.71,0.39,0.36,2024-08-19,1027,N20,VIIRS,n,2,301.62,4.04,D,0
51.89091,29.34323,341.37,0.42,0.38,2024-08-19,1027,N20,VIIRS,n,2,307.48,7.54,D,2
51.89269,29.34821,340.35,0.74,0.76,2024-08-19,1208,N20,VIIRS,n,2,294.72,10.46,D,2
51.88855,29.34977,332.82,0.74,0.76,2024-08-19,1208,N20,VIIRS,n,2,293.77,6.52,D,0
53.22596,26.95019,333.97,0.59,0.7,2024-08-19,1208,N20,VIIRS,n,2,291.29,4.95,D,0
54.05916,29.9496,327.43,0.78,0.78,2024-08-19,1209,N20,VIIRS,n,2,289.04,3.41,D,0
52.84534,29.98967,302.35,0.79,0.78,2024-08-19,2238,N20,VIIRS,n,2,285.85,2.83,N,2
53.58862,31.9501,302.89,0.43,0.38,2024-08-20,0019,N20,VIIRS,n,2,288.61,0.69,N,0
51.89145,29.33809,310.76,0.4,0.37,2024-08-20,0020,N20,VIIRS,n,2,291.18,0.87,N,2
52.84968,29.98897,305.92,0.4,0.37,2024-08-20,0020,N20,VIIRS,n,2,290.12,1.97,N,2
52.84642,29.98737,331.05,0.4,0.37,2024-08-20,0020,N20,VIIRS,n,2,291.47,1.97,N,2
51.89471,29.3396,310.8,0.4,0.37,2024-08-20,0020,N20,VIIRS,n,2,291.93,0.87,N,2
51.88818,29.33658,302.62,0.4,0.37,2024-08-20,0020,N20,VIIRS,n,2,290.88,0.71,N,2
51.99401,29.31337,340.95,0.39,0.44,2024-08-20,1008,N20,VIIRS,n,2,296.59,7.56,D,0
52.84764,29.99427,334.54,0.53,0.42,2024-08-20,1008,N20,VIIRS,n,2,297.47,9.11,D,2
53.16976,30.6715,333.16,0.5,0.41,2024-08-20,1009,N20,VIIRS,n,2,296.68,4.05,D,0
52.84695,29.99179,333.7,0.5,0.66,2024-08-20,1149,N20,VIIRS,n,2,290.29,6.32,D,2
51.88959,29.34134,336.81,0.46,0.64,2024-08-20,1149,N20,VIIRS,n,2,294.62,5.61,D,2
53.39431,32.01508,309.62,0.38,0.36,2024-08-21,0000,N20,VIIRS,n,2,290.47,0.93,N,2
53.58649,31.95155,303.85,0.39,0.36,2024-08-21,0000,N20,VIIRS,n,2,288.32,0.8,N,0
53.67089,31.82444,302.32,0.39,0.36,2024-08-21,0000,N20,VIIRS,n,2,288.95,0.49,N,0
55.50567,28.5865,295.32,0.45,0.39,2024-08-21,0000,N20,VIIRS,n,2,282.49,0.32,N,2
51.8905,29.3348,305.72,0.4,0.37,2024-08-21,0001,N20,VIIRS,n,2,290.3,0.79,N,2
52.84778,29.99027,326.82,0.4,0.37,2024-08-21,0001,N20,VIIRS,n,2,283.4,2.86,N,2
51.89304,29.34178,320.25,0.4,0.37,2024-08-21,0001,N20,VIIRS,n,2,290.47,1.98,N,2
51.89644,29.34225,303.55,0.69,0.74,2024-08-21,0141,N20,VIIRS,n,2,284.68,0.91,N,0
51.89061,29.33637,298.79,0.69,0.74,2024-08-21,0141,N20,VIIRS,n,2,284.95,0.91,N,2
51.89223,29.33786,338.99,0.6,0.53,2024-08-21,0950,N20,VIIRS,n,2,300.6,7.72,D,2
51.8895,29.34431,340.9,0.58,0.52,2024-08-21,1130,N20,VIIRS,n,2,301.57,4.61,D,2
52.04088,29.10737,340.78,0.56,0.52,2024-08-21,1130,N20,VIIRS,n,2,300.18,5.53,D,0
52.04057,29.10748,339.68,0.57,0.52,2024-08-21,1130,N20,VIIRS,n,2,299.94,4.38,D,0
51.8931,29.33908,317.8,0.55,0.42,2024-08-21,2342,N20,VIIRS,n,2,290.46,2.36,N,2
53.3956,32.0104,309,0.46,0.39,2024-08-21,2342,N20,VIIRS,n,2,292.67,1.48,N,0
52.85233,29.99236,303.33,0.53,0.42,2024-08-21,2342,N20,VIIRS,n,2,291.53,1.66,N,2
52.84849,29.99133,331.34,0.53,0.42,2024-08-21,2342,N20,VIIRS,n,2,291.58,6.08,N,2
51.88922,29.33809,306.75,0.55,0.42,2024-08-21,2342,N20,VIIRS,n,2,289.76,0.99,N,2
52.84708,29.98999,333.73,0.45,0.63,2024-08-22,0122,N20,VIIRS,n,2,289.02,2.85,N,2
52.84593,29.98907,335.76,0.45,0.63,2024-08-22,0122,N20,VIIRS,n,2,288.52,3.89,N,2
51.89244,29.34178,305.4,0.46,0.64,2024-08-22,0122,N20,VIIRS,n,2,287.05,0.87,N,2
51.88724,29.33733,304,0.46,0.64,2024-08-22,0122,N20,VIIRS,n,2,286.49,0.87,N,2
52.84586,29.99317,332.47,0.4,0.44,2024-08-22,1111,N20,VIIRS,n,2,292.49,3.42,D,2
52.95366,27.0744,327.72,0.48,0.4,2024-08-22,1111,N20,VIIRS,n,2,293.75,1.65,D,0
55.50499,28.58568,295.69,0.32,0.55,2024-08-22,2322,N20,VIIRS,n,2,282.72,0.36,N,2
52.15739,27.69564,345.81,0.39,0.36,2024-08-23,1052,N20,VIIRS,n,2,298.23,7.82,D,0
52.07134,28.36971,329.49,0.39,0.36,2024-08-23,1052,N20,VIIRS,n,2,293.28,1.72,D,0
52.84805,29.99271,325.14,0.42,0.38,2024-08-23,1052,N20,VIIRS,l,2,298.73,3.01,D,2
53.66364,24.05849,325.97,0.39,0.36,2024-08-23,1053,N20,VIIRS,n,2,291.59,1.34,D,0
52.85012,29.9859,312.76,0.43,0.62,2024-08-23,2304,N20,VIIRS,n,2,276.98,2.75,N,2
53.26989,24.43646,301.94,0.74,0.76,2024-08-23,2304,N20,VIIRS,n,2,284.43,2.36,N,2
53.25997,24.4443,297.07,0.74,0.76,2024-08-23,2304,N20,VIIRS,n,2,283.97,0.87,N,2
51.89256,29.33381,302.41,0.46,0.63,2024-08-23,2304,N20,VIIRS,n,2,283.63,1.19,N,2
53.67183,31.8238,297.5,0.36,0.58,2024-08-23,2304,N20,VIIRS,n,2,281.09,0.68,N,0
53.67441,31.82388,295.74,0.36,0.58,2024-08-23,2304,N20,VIIRS,n,2,280.21,0.97,N,0
52.84505,29.99077,303.86,0.4,0.44,2024-08-24,0044,N20,VIIRS,n,2,282.28,0.84,N,2
52.85645,29.99818,295.66,0.4,0.44,2024-08-24,0044,N20,VIIRS,n,2,284.21,0.59,N,0
52.84885,29.99325,336.74,0.4,0.44,2024-08-24,0044,N20,VIIRS,n,2,284.07,3.25,N,2
53.25865,24.44931,300.15,0.41,0.37,2024-08-24,0045,N20,VIIRS,n,2,286.63,0.46,N,2
53.27068,24.44254,314.07,0.41,0.37,2024-08-24,0045,N20,VIIRS,n,2,288.51,1.43,N,2
51.89169,29.3431,298.82,0.4,0.44,2024-08-24,0045,N20,VIIRS,n,2,283.26,0.98,N,2
53.26194,24.45099,305.86,0.41,0.37,2024-08-24,0045,N20,VIIRS,n,2,288.12,1.16,N,2
51.8908,29.34336,334.2,0.4,0.37,2024-08-24,1033,N20,VIIRS,n,2,304.42,2.54,D,2
53.00742,30.60408,332.86,0.38,0.36,2024-08-24,1033,N20,VIIRS,n,2,297.52,3.06,D,0
52.84668,29.98729,333.37,0.39,0.36,2024-08-24,1033,N20,VIIRS,l,2,306.04,6.41,D,2
52.84759,29.99288,337.98,0.39,0.36,2024-08-24,1033,N20,VIIRS,n,2,305.5,6.48,D,2
52.11879,27.69015,333.82,0.42,0.38,2024-08-24,1033,N20,VIIRS,l,2,303.84,2.7,D,0
52.1199,27.6961,325.51,0.42,0.38,2024-08-24,1033,N20,VIIRS,l,2,299.16,4.29,D,0
52.12101,27.70204,330.79,0.42,0.38,2024-08-24,1033,N20,VIIRS,n,2,299.05,4.29,D,0
52.11656,27.69774,346.16,0.42,0.38,2024-08-24,1033,N20,VIIRS,n,2,305.88,7.93,D,0
53.39479,32.01018,297.21,0.56,0.69,2024-08-24,2245,N20,VIIRS,n,2,287.12,1.39,N,0
51.89381,29.33742,296.88,0.73,0.76,2024-08-24,2245,N20,VIIRS,n,2,286.43,1.94,N,2
51.89011,29.331,303.47,0.73,0.76,2024-08-24,2245,N20,VIIRS,n,2,285.91,2.88,N,2
52.84883,29.98754,314.93,0.68,0.74,2024-08-24,2245,N20,VIIRS,n,2,285.83,2.85,N,2
52.84817,29.98506,317.84,0.68,0.74,2024-08-24,2245,N20,VIIRS,n,2,286.23,3.48,N,2
55.50581,28.59085,299.66,0.39,0.36,2024-08-25,0025,N20,VIIRS,n,2,287.67,0.38,N,2
53.17525,24.94568,306.19,0.39,0.36,2024-08-25,0026,N20,VIIRS,n,2,288.82,0.64,N,0
52.84683,29.98737,329.47,0.43,0.38,2024-08-25,0026,N20,VIIRS,n,2,288.22,3.89,N,2
52.84565,29.99349,311.31,0.43,0.38,2024-08-25,0026,N20,VIIRS,n,2,285.77,3.89,N,2
53.27207,24.44295,306.87,0.39,0.36,2024-08-25,0026,N20,VIIRS,n,2,290.92,0.91,N,2
53.26057,24.45064,305.99,0.39,0.36,2024-08-25,0026,N20,VIIRS,n,2,292.09,1.13,N,2
52.11632,27.6979,297.2,0.4,0.37,2024-08-25,0026,N20,VIIRS,n,2,285.13,0.75,N,0
51.88958,29.33699,299.73,0.43,0.38,2024-08-25,0026,N20,VIIRS,n,2,286.95,0.83,N,2
51.89292,29.33866,313.72,0.43,0.38,2024-08-25,0026,N20,VIIRS,n,2,288.36,0.83,N,2
54.2989,27.64708,302.63,0.78,0.78,2024-08-25,0205,N20,VIIRS,n,2,284.96,1.34,N,0
54.29905,27.65528,301.07,0.78,0.78,2024-08-25,0205,N20,VIIRS,n,2,284.92,1.16,N,0
53.25962,24.44823,300.67,0.68,0.74,2024-08-25,0206,N20,VIIRS,n,2,288.88,1.6,N,2
51.8923,29.34062,335.55,0.52,0.41,2024-08-25,1014,N20,VIIRS,n,2,304.99,4.69,D,2
52.51504,30.70099,346.23,0.46,0.39,2024-08-25,1015,N20,VIIRS,n,2,307.18,7.16,D,0
52.84556,29.99394,334.79,0.47,0.4,2024-08-25,1015,N20,VIIRS,l,2,306.68,13.26,D,2
53.25538,29.50641,334.38,0.48,0.4,2024-08-25,1015,N20,VIIRS,n,2,302.79,2.46,D,0
54.00489,30.08911,334.79,0.45,0.39,2024-08-25,1015,N20,VIIRS,n,2,301.56,7.95,D,0
52.44755,30.68421,330.33,0.62,0.71,2024-08-25,1155,N20,VIIRS,n,2,295.9,4.43,D,0
53.25973,24.45261,329.48,0.34,0.56,2024-08-25,1156,N20,VIIRS,n,2,303.36,1.81,D,2
51.89107,29.33921,298.92,0.39,0.36,2024-08-26,0007,N20,VIIRS,n,2,288.83,0.46,N,2
53.26392,24.45078,299.16,0.5,0.41,2024-08-26,0007,N20,VIIRS,n,2,288.52,0.65,N,2
53.39598,32.01436,305.67,0.39,0.36,2024-08-26,0007,N20,VIIRS,n,2,290.53,1.01,N,2
53.58622,31.95248,297.44,0.39,0.36,2024-08-26,0007,N20,VIIRS,n,2,286.88,0.76,N,0
53.39275,32.01286,300.19,0.39,0.36,2024-08-26,0007,N20,VIIRS,n,2,290.15,0.84,N,2
52.8476,29.99194,329.66,0.39,0.36,2024-08-26,0007,N20,VIIRS,n,2,291.53,3.9,N,2
53.67242,31.82715,302.4,0.39,0.36,2024-08-26,0007,N20,VIIRS,n,2,289.95,0.9,N,0
51.88781,29.33794,303.27,0.39,0.36,2024-08-26,0007,N20,VIIRS,n,2,288.88,0.46,N,2
53.27216,24.44535,307.35,0.5,0.41,2024-08-26,0007,N20,VIIRS,n,2,288.71,0.85,N,2
53.25839,24.44737,300.93,0.46,0.64,2024-08-26,0147,N20,VIIRS,n,2,286.08,0.89,N,2
52.85145,29.9893,307.23,0.75,0.77,2024-08-26,0147,N20,VIIRS,n,2,286.57,2.56,N,2
52.84501,29.988,304.55,0.75,0.77,2024-08-26,0147,N20,VIIRS,n,2,286.04,1.54,N,2
51.89213,29.33576,298.24,0.78,0.78,2024-08-26,0147,N20,VIIRS,n,2,287.19,2.17,N,2
53.2728,24.44503,302.38,0.46,0.64,2024-08-26,0147,N20,VIIRS,n,2,286.39,0.73,N,2
52.84546,29.99536,330.44,0.46,0.47,2024-08-26,0956,N20,VIIRS,l,2,302.77,2.56,D,2
52.84745,29.99302,336.85,0.36,0.58,2024-08-26,1136,N20,VIIRS,n,2,305.35,4.94,D,2
52.22314,28.32491,334.44,0.61,0.54,2024-08-26,1136,N20,VIIRS,n,2,299.42,4.42,D,0
51.88856,29.34198,336.55,0.34,0.56,2024-08-26,1136,N20,VIIRS,n,2,302.23,2.76,D,2
52.22405,28.32705,330.74,0.61,0.54,2024-08-26,1136,N20,VIIRS,n,2,300.52,4.24,D,0
52.10785,25.36999,337.1,0.46,0.47,2024-08-26,1136,N20,VIIRS,n,2,298.93,3.34,D,0
53.2817,29.60084,349.92,0.35,0.57,2024-08-26,1137,N20,VIIRS,n,2,298.4,3.98,D,0
53.28187,29.60625,328.41,0.35,0.57,2024-08-26,1137,N20,VIIRS,n,2,297.29,3.98,D,0
54.55041,29.84221,325.59,0.37,0.58,2024-08-26,1137,N20,VIIRS,n,2,294.3,2.46,D,0
53.67101,31.82735,301.76,0.43,0.38,2024-08-26,2348,N20,VIIRS,n,2,290.81,0.93,N,0
51.88771,29.33608,307.16,0.48,0.4,2024-08-26,2348,N20,VIIRS,n,2,290.99,25.34,N,2
53.58658,31.95128,298.34,0.43,0.38,2024-08-26,2348,N20,VIIRS,n,2,288.23,0.7,N,0
52.84788,29.99287,324.45,0.47,0.4,2024-08-26,2348,N20,VIIRS,n,2,292.01,2.3,N,2
52.84865,29.98591,307.17,0.47,0.4,2024-08-26,2348,N20,VIIRS,n,2,289.83,2.3,N,2
53.39394,32.0101,301.47,0.42,0.38,2024-08-26,2348,N20,VIIRS,n,2,290.62,1.18,N,0
51.89137,29.33714,327.69,0.48,0.4,2024-08-26,2348,N20,VIIRS,n,2,299.97,25.34,N,2
51.89503,29.33818,306.82,0.48,0.4,2024-08-26,2348,N20,VIIRS,n,2,290.76,1.55,N,2
53.2728,24.44405,305.85,0.51,0.49,2024-08-26,2348,N20,VIIRS,n,2,287.14,1.01,N,2
51.89063,29.34414,301.05,0.48,0.4,2024-08-26,2348,N20,VIIRS,n,2,290.45,4.72,N,2
51.88811,29.34439,337.18,0.53,0.67,2024-08-27,0128,N20,VIIRS,n,2,289.82,19.5,N,2
52.84974,29.99227,312.83,0.51,0.66,2024-08-27,0128,N20,VIIRS,n,2,288.8,2.55,N,2
52.84836,29.99008,317.79,0.51,0.66,2024-08-27,0128,N20,VIIRS,n,2,288.38,2.61,N,2
51.89282,29.33103,300.26,0.53,0.67,2024-08-27,0128,N20,VIIRS,n,2,288.97,8.12,N,2
51.89046,29.33774,367,0.53,0.67,2024-08-27,0128,N20,VIIRS,h,2,292.05,19.5,N,2
51.88852,29.34517,313.13,0.53,0.67,2024-08-27,0128,N20,VIIRS,n,2,289.17,17.05,N,2
51.89329,29.33187,304.53,0.53,0.67,2024-08-27,0128,N20,VIIRS,n,2,288.95,16.06,N,2
51.8909,29.33854,367,0.53,0.67,2024-08-27,0128,N20,VIIRS,h,2,292.97,16.06,N,2
53.27089,24.44323,305.27,0.62,0.54,2024-08-27,0128,N20,VIIRS,n,2,286.2,1.65,N,2
52.11121,30.50411,328.42,0.35,0.57,2024-08-27,0937,N20,VIIRS,l,2,299.98,2.67,D,0
51.88743,29.33887,335.96,0.4,0.6,2024-08-27,0937,N20,VIIRS,n,2,299.68,4.65,D,2
53.88076,31.47496,339.05,0.56,0.52,2024-08-27,0937,N20,VIIRS,n,2,296.94,6.04,D,0
52.10508,30.5032,334.98,0.35,0.57,2024-08-27,0937,N20,VIIRS,n,2,302.37,3.93,D,0
52.10648,30.50784,331.26,0.35,0.57,2024-08-27,0937,N20,VIIRS,n,2,302.11,2.67,D,0
51.88909,29.34411,352.5,0.4,0.6,2024-08-27,0937,N20,VIIRS,n,2,298.72,4.65,D,2
52.84671,29.99203,341.62,0.35,0.56,2024-08-27,0937,N20,VIIRS,n,2,303.34,4.15,D,2
55.48376,28.59599,333.25,0.63,0.54,2024-08-27,0938,N20,VIIRS,n,2,289.38,12.7,D,0
55.48646,28.60493,338.92,0.63,0.54,2024-08-27,0938,N20,VIIRS,n,2,289.83,12.7,D,0
51.89239,29.34254,342.6,0.42,0.45,2024-08-27,1117,N20,VIIRS,n,2,303.47,4.33,D,2
52.84793,29.99468,335.37,0.46,0.47,2024-08-27,1117,N20,VIIRS,l,2,305.73,9.57,D,2
53.397,32.01483,300.43,0.39,0.44,2024-08-27,2329,N20,VIIRS,n,2,289.5,1.03,N,2
51.88958,29.3323,309.61,0.49,0.48,2024-08-27,2329,N20,VIIRS,n,2,290.71,1.59,N,2
51.89355,29.34029,303.98,0.49,0.48,2024-08-27,2329,N20,VIIRS,n,2,289.33,0.68,N,2
52.84855,29.98837,333.35,0.47,0.48,2024-08-27,2329,N20,VIIRS,n,2,291.07,4.8,N,2
53.26025,24.44719,300.91,0.4,0.6,2024-08-27,2329,N20,VIIRS,n,2,287.63,0.98,N,2
53.27154,24.44178,303.65,0.4,0.6,2024-08-27,2329,N20,VIIRS,n,2,287.4,0.93,N,2
53.26997,24.43654,305.79,0.4,0.6,2024-08-27,2329,N20,VIIRS,n,2,285.98,1.7,N,2
53.47402,29.1023,300.14,0.6,0.53,2024-08-28,0109,N20,VIIRS,n,2,286.92,1.03,N,0
52.84775,29.9893,336.6,0.34,0.56,2024-08-28,0109,N20,VIIRS,n,2,289.24,2.46,N,2
53.27142,24.44011,314.42,0.41,0.45,2024-08-28,0110,N20,VIIRS,n,2,287.27,0.97,N,2
53.26086,24.44641,297.5,0.41,0.45,2024-08-28,0110,N20,VIIRS,n,2,286.83,0.95,N,2
53.25945,24.45216,298.39,0.41,0.45,2024-08-28,0110,N20,VIIRS,n,2,287.92,0.57,N,2
53.26086,24.45265,305.74,0.41,0.45,2024-08-28,0110,N20,VIIRS,n,2,288.18,1.4,N,2
51.8912,29.33884,315.28,0.35,0.57,2024-08-28,0110,N20,VIIRS,n,2,289.02,0.82,N,2
51.88648,29.3352,300.19,0.35,0.57,2024-08-28,0110,N20,VIIRS,n,2,288.75,0.82,N,2
51.89279,29.34255,328,0.6,0.7,2024-08-28,0918,N20,VIIRS,n,2,296.03,4.57,D,2
53.37344,32.13378,340.3,0.42,0.61,2024-08-28,0918,N20,VIIRS,n,2,295.5,3.62,D,0
52.84852,29.99312,326.82,0.52,0.67,2024-08-28,0919,N20,VIIRS,l,2,297.28,4.99,D,2
55.48668,28.60402,367,0.46,0.63,2024-08-28,0919,N20,VIIRS,h,2,291.81,9.44,D,0
55.48445,28.59776,352.88,0.46,0.63,2024-08-28,0919,N20,VIIRS,n,2,292.2,9.44,D,0
52.74124,29.35802,338.25,0.45,0.39,2024-08-28,1058,N20,VIIRS,n,2,299.93,3.39,D,0
52.84713,29.98746,333.03,0.47,0.39,2024-08-28,1058,N20,VIIRS,l,2,306.43,4.99,D,2
55.48503,28.60375,330.76,0.46,0.39,2024-08-28,1059,N20,VIIRS,n,2,295.1,11.32,D,0
55.48714,28.59212,325.66,0.43,0.62,2024-08-28,2309,N20,VIIRS,n,2,285.41,4.04,N,0
55.48708,28.59919,339.3,0.43,0.62,2024-08-28,2309,N20,VIIRS,n,2,286.16,4.04,N,0
53.27284,24.43695,307.23,0.63,0.72,2024-08-28,2310,N20,VIIRS,n,2,288.47,1.75,N,2
52.84582,29.98738,328.29,0.37,0.58,2024-08-28,2310,N20,VIIRS,n,2,290.17,1.99,N,2
51.8947,29.33546,313.24,0.39,0.59,2024-08-28,2310,N20,VIIRS,n,2,287.79,1.53,N,2
51.88919,29.33498,302.26,0.39,0.59,2024-08-28,2310,N20,VIIRS,n,2,288.43,1.36,N,2
55.48562,28.60226,328.26,0.52,0.41,2024-08-29,0050,N20,VIIRS,n,2,287.02,3.93,N,0
52.84805,29.98892,337.64,0.45,0.47,2024-08-29,0051,N20,VIIRS,n,2,291.18,4.84,N,2
53.27072,24.44269,312.99,0.44,0.38,2024-08-29,0051,N20,VIIRS,n,2,290.71,1.75,N,2
51.89354,29.34142,307.48,0.45,0.47,2024-08-29,0051,N20,VIIRS,n,2,288.99,1.25,N,2
51.88951,29.3388,305.1,0.45,0.47,2024-08-29,0051,N20,VIIRS,n,2,288.83,1.38,N,2
51.89041,29.34193,335.23,0.38,0.36,2024-08-29,1039,N20,VIIRS,n,2,302.17,3.76,D,2
53.82774,30.46268,346.81,0.39,0.36,2024-08-29,1040,N20,VIIRS,n,2,303.54,5.33,D,0
52.58997,30.67581,334.92,0.39,0.36,2024-08-29,1040,N20,VIIRS,n,2,302.63,2.04,D,0
53.15295,32.20139,337.13,0.41,0.37,2024-08-29,1040,N20,VIIRS,n,2,300.16,2.18,D,0
52.10493,25.31704,338.24,0.44,0.38,2024-08-29,1040,N20,VIIRS,n,2,306.17,8.75,D,0
52.1049,25.31577,340.85,0.44,0.38,2024-08-29,1040,N20,VIIRS,n,2,305.77,18.55,D,0
53.89586,24.01429,335.29,0.44,0.39,2024-08-29,1040,N20,VIIRS,n,2,303.94,5.35,D,0
52.851,29.98548,318.23,0.59,0.7,2024-08-29,2251,N20,VIIRS,n,2,286.5,3.52,N,2
52.84552,29.98074,298.8,0.59,0.7,2024-08-29,2251,N20,VIIRS,n,2,284.2,1.41,N,0
52.84562,29.98967,304.7,0.59,0.7,2024-08-29,2251,N20,VIIRS,n,2,280.36,1.41,N,2
51.89464,29.33278,310.42,0.62,0.72,2024-08-29,2251,N20,VIIRS,n,2,287.6,1.18,N,2
51.88797,29.33283,298.51,0.62,0.72,2024-08-29,2251,N20,VIIRS,n,2,287.59,1.18,N,2
52.84933,29.98943,327.67,0.47,0.4,2024-08-30,0032,N20,VIIRS,n,2,275.92,2.54,N,2
52.84587,29.98746,298.81,0.47,0.4,2024-08-30,0032,N20,VIIRS,n,2,277.61,1.11,N,2
53.27187,24.44358,315.16,0.38,0.36,2024-08-30,0032,N20,VIIRS,n,2,289.95,1.46,N,2
53.26451,24.44641,302.55,0.38,0.36,2024-08-30,0032,N20,VIIRS,n,2,289.24,0.64,N,2
53.2604,24.45064,304.65,0.38,0.36,2024-08-30,0032,N20,VIIRS,n,2,291.16,1,N,2
51.89288,29.3433,316.87,0.47,0.4,2024-08-30,0032,N20,VIIRS,n,2,288.26,1.86,N,2
53.26087,24.44799,298.81,0.76,0.77,2024-08-30,0212,N20,VIIRS,n,2,286.32,1.06,N,2
53.65298,31.48699,335.96,0.4,0.37,2024-08-30,1021,N20,VIIRS,n,2,299.06,7.46,D,0
54.53512,29.84165,330.66,0.41,0.37,2024-08-30,1021,N20,VIIRS,l,2,301.49,4.07,D,0
54.0943,30.67011,330.7,0.4,0.37,2024-08-30,1021,N20,VIIRS,n,2,298.61,1.67,D,0
54.09538,30.6761,332.58,0.4,0.37,2024-08-30,1021,N20,VIIRS,n,2,297.1,2.3,D,0
54.09211,30.6778,327.98,0.4,0.37,2024-08-30,1021,N20,VIIRS,n,2,297.85,1.34,D,0
53.92305,31.79438,341.87,0.39,0.36,2024-08-30,1021,N20,VIIRS,n,2,304.36,4.56,D,0
53.05156,27.42004,335.4,0.5,0.41,2024-08-30,1021,N20,VIIRS,n,2,305.21,3.8,D,0
51.96052,23.74758,329.65,0.48,0.48,2024-08-30,1021,N20,VIIRS,l,2,299.96,3.8,D,0
52.84784,29.99204,339.33,0.43,0.38,2024-08-30,1021,N20,VIIRS,n,2,309.21,8.96,D,2
52.1206,28.80118,336.54,0.48,0.4,2024-08-30,1021,N20,VIIRS,n,2,301.09,3.38,D,0
51.89271,29.34207,344.43,0.46,0.39,2024-08-30,1021,N20,VIIRS,n,2,305.39,4.81,D,2
51.88718,29.34152,327.22,0.63,0.72,2024-08-30,1201,N20,VIIRS,n,2,296.03,4.09,D,2
52.21719,25.21451,339.54,0.42,0.61,2024-08-30,1202,N20,VIIRS,n,2,297.46,4.57,D,0
52.893,30.38923,329.29,0.7,0.75,2024-08-30,1202,N20,VIIRS,n,2,291.91,6.54,D,0
55.5039,28.58566,300.27,0.39,0.36,2024-08-31,0012,N20,VIIRS,n,2,288.7,0.37,N,2
52.32155,30.55469,296.44,0.39,0.36,2024-08-31,0013,N20,VIIRS,n,2,285.8,0.35,N,0
51.88962,29.3358,307.86,0.39,0.36,2024-08-31,0013,N20,VIIRS,n,2,289.9,1.27,N,2
52.60078,29.78152,332.39,0.39,0.36,2024-08-31,0013,N20,VIIRS,n,2,286.55,3.62,N,0
52.84636,29.99087,333.59,0.39,0.36,2024-08-31,0013,N20,VIIRS,n,2,289.15,3.09,N,2
53.39627,32.01136,300.63,0.4,0.37,2024-08-31,0013,N20,VIIRS,n,2,288.88,1.39,N,2
53.26351,24.44778,303.1,0.45,0.39,2024-08-31,0013,N20,VIIRS,n,2,289.28,0.72,N,2
53.25997,24.44664,302.39,0.45,0.39,2024-08-31,0013,N20,VIIRS,n,2,288.41,0.72,N,2
51.89196,29.34265,316.69,0.39,0.36,2024-08-31,0013,N20,VIIRS,n,2,289.25,1.27,N,2
53.27138,24.44331,310.36,0.45,0.39,2024-08-31,0013,N20,VIIRS,n,2,288.6,1.27,N,2
52.60401,29.78295,300.25,0.39,0.36,2024-08-31,0013,N20,VIIRS,n,2,286.98,0.54,N,0
55.48626,28.60275,300.66,0.59,0.7,2024-08-31,0152,N20,VIIRS,n,2,284,0.73,N,0
55.48874,28.60195,312.52,0.59,0.7,2024-08-31,0152,N20,VIIRS,n,2,283.61,1.78,N,0
53.2638,24.45067,298.88,0.53,0.67,2024-08-31,0153,N20,VIIRS,n,2,286.19,0.64,N,2
53.27402,24.44242,303.36,0.52,0.67,2024-08-31,0153,N20,VIIRS,n,2,285.36,1.22,N,2
53.27488,24.44117,298.14,0.52,0.67,2024-08-31,0153,N20,VIIRS,n,2,284.97,0.3,N,2
52.8459,29.99389,340.93,0.4,0.44,2024-08-31,1002,N20,VIIRS,n,2,304.44,6.35,D,2
51.89268,29.34105,341.33,0.45,0.47,2024-08-31,1002,N20,VIIRS,n,2,303,5.55,D,2
52.31829,30.56228,343.08,0.4,0.44,2024-08-31,1002,N20,VIIRS,n,2,307.68,9.47,D,0
52.99596,30.40292,332.71,0.39,0.44,2024-08-31,1002,N20,VIIRS,n,2,300.13,2.64,D,0
52.09439,26.75034,330.05,0.56,0.51,2024-08-31,1002,N20,VIIRS,n,2,299.94,4.58,D,0
52.91719,29.80995,330.89,0.41,0.45,2024-08-31,1002,N20,VIIRS,n,2,302.04,1.68,D,0
54.34306,30.50442,333.25,0.53,0.42,2024-08-31,1002,N20,VIIRS,n,2,301.14,10.17,D,0
51.88874,29.34143,343.87,0.39,0.6,2024-08-31,1142,N20,VIIRS,n,2,302.55,5.82,D,2
51.89355,29.34419,337.15,0.39,0.6,2024-08-31,1142,N20,VIIRS,n,2,300.42,3.45,D,2
52.31867,30.56738,332.15,0.45,0.63,2024-08-31,1143,N20,VIIRS,n,2,294.25,4.97,D,0
52.31275,30.56081,328.56,0.45,0.63,2024-08-31,1143,N20,VIIRS,n,2,294.52,2.75,D,0
52.84803,29.99256,338.95,0.42,0.61,2024-08-31,1143,N20,VIIRS,n,2,302.03,3.71,D,2
52.31858,30.56071,342.72,0.45,0.63,2024-08-31,1143,N20,VIIRS,n,2,299.39,4.97,D,0
52.51768,29.50175,328.97,0.4,0.6,2024-08-31,1143,N20,VIIRS,n,2,299,1.83,D,0
52.37572,27.96492,349.13,0.35,0.56,2024-08-31,1143,N20,VIIRS,n,2,301.01,5.88,D,0
52.84383,29.99261,336.88,0.43,0.62,2024-08-31,1143,N20,VIIRS,n,2,298.93,5.2,D,2
52.31758,30.55889,334.72,0.45,0.63,2024-08-31,1143,N20,VIIRS,n,2,298.94,6.88,D,0
52.31764,30.56556,344.49,0.45,0.63,2024-08-31,1143,N20,VIIRS,n,2,294.68,7.37,D,0
52.37567,27.9666,340.5,0.35,0.56,2024-08-31,1143,N20,VIIRS,n,2,300.42,3.66,D,0
51.89362,29.34209,301.6,0.43,0.38,2024-08-31,2354,N20,VIIRS,n,2,286.73,1.04,N,2
51.89091,29.33469,303.23,0.43,0.38,2024-08-31,2354,N20,VIIRS,n,2,287.82,1.62,N,2
52.85469,29.99125,295.36,0.58,0.7,2024-09-01,0134,N20,VIIRS,n,2,284.69,1.25,N,0
51.89024,29.33561,298.8,0.6,0.71,2024-09-01,0134,N20,VIIRS,n,2,283.64,1.44,N,2
51.89586,29.34102,296.29,0.6,0.71,2024-09-01,0134,N20,VIIRS,n,2,283.56,1.15,N,2
51.89147,29.33669,308.81,0.6,0.71,2024-09-01,0134,N20,VIIRS,n,2,284.26,2.02,N,2
52.84921,29.98563,308.24,0.58,0.7,2024-09-01,0134,N20,VIIRS,n,2,283.69,1.25,N,2
51.8926,29.34441,335.41,0.49,0.49,2024-09-01,1123,N20,VIIRS,n,2,286.48,5.15,D,2
53.88257,30.7323,334.84,0.39,0.59,2024-09-02,0925,N20,VIIRS,n,2,290.35,4.59,D,0
53.8843,30.73761,327.19,0.39,0.59,2024-09-02,0925,N20,VIIRS,n,2,288.38,3.33,D,0
53.88263,30.73939,325.42,0.39,0.59,2024-09-02,0925,N20,VIIRS,n,2,288.85,5.96,D,0
53.19332,32.24823,330.48,0.43,0.46,2024-09-02,1105,N20,VIIRS,n,2,296.15,4.64,D,0
53.88456,31.79482,333.45,0.42,0.45,2024-09-02,1105,N20,VIIRS,n,2,297.47,2.65,D,0
53.2735,24.43806,304.76,0.55,0.68,2024-09-02,2316,N20,VIIRS,n,2,285.45,0.75,N,0
53.26089,24.44656,298.08,0.55,0.68,2024-09-02,2316,N20,VIIRS,n,2,286.13,0.86,N,2
53.58808,31.94754,296,0.53,0.5,2024-09-02,2316,N20,VIIRS,n,2,285.03,0.43,N,0
51.89069,29.33348,306.53,0.33,0.55,2024-09-02,2317,N20,VIIRS,n,2,286.46,1.59,N,2
51.89236,29.33607,301.57,0.33,0.55,2024-09-02,2317,N20,VIIRS,n,2,286.02,1.06,N,2
53.27077,24.44181,310.36,0.48,0.4,2024-09-03,0057,N20,VIIRS,n,2,287.95,1.24,N,2
53.26228,24.44456,299.81,0.48,0.4,2024-09-03,0057,N20,VIIRS,n,2,286.77,0.77,N,2
53.2608,24.45147,301.72,0.48,0.4,2024-09-03,0057,N20,VIIRS,n,2,288.6,0.94,N,2
51.89122,29.33667,299.24,0.52,0.5,2024-09-03,0057,N20,VIIRS,n,2,285.39,1.63,N,2
52.84645,29.98912,327.86,0.52,0.5,2024-09-03,0057,N20,VIIRS,n,2,286.42,3.87,N,2
51.95938,23.75258,352.64,0.44,0.39,2024-09-03,1046,N20,VIIRS,n,2,308.18,15.9,D,0
51.95599,23.75432,346.35,0.44,0.39,2024-09-03,1046,N20,VIIRS,n,2,307.29,15.9,D,0
51.95137,23.74987,347.03,0.44,0.39,2024-09-03,1046,N20,VIIRS,n,2,308.03,5.81,D,0
51.94798,23.75161,334.25,0.44,0.39,2024-09-03,1046,N20,VIIRS,l,2,308.76,5.81,D,0
53.41735,31.97213,328.67,0.44,0.38,2024-09-03,1046,N20,VIIRS,n,2,300.95,2.62,D,0
52.76157,31.50629,330.89,0.42,0.38,2024-09-03,1046,N20,VIIRS,n,2,301.94,2.48,D,0
51.96278,23.75084,342.37,0.44,0.39,2024-09-03,1046,N20,VIIRS,n,2,306.91,8.05,D,0
53.41044,27.41038,333.35,0.38,0.36,2024-09-03,1046,N20,VIIRS,n,2,299.37,8.12,D,0
52.20415,23.66576,339.26,0.44,0.38,2024-09-03,1046,N20,VIIRS,n,2,302.27,3.63,D,0
52.20075,23.6675,336.38,0.44,0.38,2024-09-03,1046,N20,VIIRS,n,2,303.59,3.63,D,0
51.95477,23.74813,355.54,0.44,0.39,2024-09-03,1046,N20,VIIRS,n,2,308.06,15.9,D,0
51.88791,29.3319,297.46,0.53,0.67,2024-09-03,2257,N20,VIIRS,n,2,285.45,0.65,N,2
51.89419,29.33208,298.7,0.53,0.67,2024-09-03,2257,N20,VIIRS,n,2,284.2,0.65,N,2
52.84733,29.98727,311.4,0.5,0.66,2024-09-03,2257,N20,VIIRS,n,2,287.11,1.63,N,2
52.84782,29.98366,304.94,0.5,0.66,2024-09-03,2257,N20,VIIRS,n,2,286.75,1.26,N,2
51.8912,29.32708,297.48,0.53,0.67,2024-09-03,2258,N20,VIIRS,n,2,285.5,0.74,N,0
51.8912,29.33508,301.9,0.53,0.67,2024-09-03,2258,N20,VIIRS,n,2,285.03,0.74,N,2
51.89286,29.33872,297.82,0.52,0.42,2024-09-04,0038,N20,VIIRS,n,2,287.69,1.04,N,2
53.58629,31.94902,299.83,0.39,0.44,2024-09-04,0038,N20,VIIRS,n,2,284.93,0.75,N,0
52.41706,24.91692,303.15,0.4,0.37,2024-09-04,0038,N20,VIIRS,n,2,284.37,0.61,N,0
51.88923,29.33665,306.9,0.52,0.42,2024-09-04,0038,N20,VIIRS,n,2,288.13,1.62,N,2
52.8466,29.98667,327.35,0.52,0.42,2024-09-04,0038,N20,VIIRS,n,2,288.16,3.12,N,2
53.14241,30.80311,333.29,0.39,0.36,2024-09-04,1027,N20,VIIRS,n,2,301.16,2.68,D,0
52.84458,29.99058,333.37,0.4,0.37,2024-09-04,1027,N20,VIIRS,l,2,303.39,4.1,D,2
52.41254,26.58967,339.44,0.49,0.4,2024-09-04,1027,N20,VIIRS,n,2,301.62,5.95,D,0
52.41108,26.58277,347.12,0.49,0.4,2024-09-04,1027,N20,VIIRS,n,2,301.82,5.95,D,0
54.30307,31.09785,354.73,0.39,0.36,2024-09-04,1027,N20,VIIRS,n,2,303.72,8.01,D,0
51.89054,29.33965,337.97,0.42,0.38,2024-09-04,1027,N20,VIIRS,n,2,306.18,4.75,D,2
53.28864,31.3084,329.3,0.39,0.36,2024-09-04,1027,N20,VIIRS,n,2,299.28,1.95,D,0
55.75707,30.29331,325.18,0.39,0.36,2024-09-04,1028,N20,VIIRS,n,2,295.12,1.52,D,0
52.00299,27.47511,326.98,0.61,0.71,2024-09-04,1208,N20,VIIRS,n,2,291.07,5.45,D,0
52.00568,27.46752,327.11,0.61,0.71,2024-09-04,1208,N20,VIIRS,n,2,290.07,3.27,D,0
52.00557,27.47668,329.71,0.61,0.71,2024-09-04,1208,N20,VIIRS,n,2,292.41,3.27,D,0
52.85363,29.99523,304.91,0.4,0.37,2024-09-05,0019,N20,VIIRS,n,2,290.93,0.85,N,2
53.58712,31.95045,297.73,0.43,0.38,2024-09-05,0019,N20,VIIRS,n,2,286.37,0.57,N,0
55.50352,28.58918,306.91,0.38,0.36,2024-09-05,0019,N20,VIIRS,n,2,286.6,0.42,N,0
51.88979,29.33675,312.35,0.4,0.37,2024-09-05,0019,N20,VIIRS,n,2,288.61,0.83,N,2
53.26268,24.44882,300.63,0.42,0.37,2024-09-05,0019,N20,VIIRS,n,2,287.6,1.37,N,2
53.27104,24.43888,298.3,0.42,0.37,2024-09-05,0019,N20,VIIRS,n,2,285.3,1.22,N,2
52.8471,29.99205,328.27,0.4,0.37,2024-09-05,0019,N20,VIIRS,n,2,289.84,4.64,N,2
51.88652,29.33524,300.94,0.4,0.37,2024-09-05,0019,N20,VIIRS,n,2,287.73,0.83,N,2
51.89306,29.33825,308.14,0.4,0.37,2024-09-05,0019,N20,VIIRS,n,2,288.07,1,N,2
53.19815,29.78504,327.61,0.53,0.42,2024-09-05,1008,N20,VIIRS,l,2,297.95,3.67,D,0
51.89311,29.34248,340.27,0.39,0.44,2024-09-05,1008,N20,VIIRS,n,2,299.88,3.52,D,2
52.84593,29.99048,344.11,0.53,0.42,2024-09-05,1008,N20,VIIRS,n,2,300.85,9.72,D,2
54.05804,28.30893,340.09,0.57,0.43,2024-09-05,1009,N20,VIIRS,n,2,298.32,10.02,D,0
54.05992,28.31707,343.56,0.57,0.43,2024-09-05,1009,N20,VIIRS,n,2,299.06,12.2,D,0
55.47103,30.71844,331.36,0.45,0.39,2024-09-05,1009,N20,VIIRS,n,2,296.27,3.24,D,0
54.0562,28.31955,343.09,0.57,0.43,2024-09-05,1009,N20,VIIRS,n,2,300.76,8.19,D,0
52.15503,31.65173,348.26,0.58,0.7,2024-09-05,1149,N20,VIIRS,n,2,289.29,8.54,D,0
52.89257,30.10172,332.03,0.5,0.66,2024-09-05,1149,N20,VIIRS,n,2,293.01,3.78,D,0
53.19705,29.78625,325.6,0.49,0.65,2024-09-05,1149,N20,VIIRS,n,2,293.65,3.67,D,0
52.84705,29.99192,328.1,0.4,0.37,2024-09-06,0000,N20,VIIRS,n,2,288.05,3.63,N,2
53.26455,24.44628,302.48,0.38,0.43,2024-09-06,0000,N20,VIIRS,n,2,288.89,0.79,N,2
53.27302,24.44248,303.83,0.38,0.43,2024-09-06,0000,N20,VIIRS,n,2,287.51,0.84,N,2
53.58868,31.95142,296.83,0.39,0.36,2024-09-06,0000,N20,VIIRS,n,2,283.1,0.65,N,0
53.39716,32.01328,297.45,0.39,0.36,2024-09-06,0000,N20,VIIRS,n,2,284.08,0.47,N,2
51.89034,29.33793,306.56,0.4,0.37,2024-09-06,0001,N20,VIIRS,n,2,286.89,0.95,N,2
51.89368,29.33912,315,0.4,0.37,2024-09-06,0001,N20,VIIRS,n,2,288.52,0.95,N,2
52.64841,25.21405,297.78,0.53,0.42,2024-09-06,0001,N20,VIIRS,n,2,285.94,0.33,N,0
51.88956,29.34068,305.3,0.68,0.74,2024-09-06,0140,N20,VIIRS,n,2,284.44,1.73,N,2
52.84748,29.98302,302.21,0.66,0.73,2024-09-06,0140,N20,VIIRS,n,2,282.82,1.63,N,2
52.84816,29.99394,295.15,0.66,0.73,2024-09-06,0140,N20,VIIRS,n,2,282.38,0.98,N,2
52.85148,29.98563,300.61,0.66,0.73,2024-09-06,0140,N20,VIIRS,n,2,282.85,0.98,N,2
52.04737,27.53226,299.92,0.58,0.7,2024-09-06,0141,N20,VIIRS,n,2,280.4,1.34,N,0
52.04488,27.53025,300.54,0.58,0.7,2024-09-06,0141,N20,VIIRS,n,2,280.22,1.11,N,0
53.20456,29.76597,343.92,0.52,0.5,2024-09-06,0949,N20,VIIRS,n,2,298.6,5.47,D,0
52.84862,29.99217,334.85,0.53,0.5,2024-09-06,0949,N20,VIIRS,n,2,304.34,4.38,D,2
51.89185,29.3416,340.07,0.6,0.53,2024-09-06,0949,N20,VIIRS,n,2,299.28,7.11,D,2
51.95904,23.7535,367,0.49,0.65,2024-09-06,0950,N20,VIIRS,h,2,296.35,13.07,D,0
51.95741,23.76204,329.13,0.49,0.65,2024-09-06,0950,N20,VIIRS,n,2,292.61,6.79,D,0
54.37639,31.054,334.12,0.43,0.46,2024-09-06,0950,N20,VIIRS,n,2,300.24,7.75,D,0
51.95687,23.74724,331.84,0.49,0.65,2024-09-06,0950,N20,VIIRS,n,2,295.77,9.31,D,0
54.37587,31.05433,329.51,0.43,0.46,2024-09-06,0950,N20,VIIRS,n,2,299.45,3.17,D,0
51.95526,23.75576,367,0.49,0.65,2024-09-06,0950,N20,VIIRS,h,2,298.02,17.7,D,0
54.37874,31.04497,329.3,0.43,0.46,2024-09-06,0950,N20,VIIRS,n,2,297.59,3.32,D,0
52.10709,27.55981,336.16,0.48,0.48,2024-09-06,1130,N20,VIIRS,n,2,297.67,5.06,D,0
51.95316,23.75718,353.07,0.52,0.41,2024-09-06,1130,N20,VIIRS,n,2,302.31,10.5,D,0
51.95244,23.74968,335.05,0.51,0.41,2024-09-06,1130,N20,VIIRS,n,2,303.65,10.5,D,0
51.95766,23.76372,330.7,0.52,0.41,2024-09-06,1130,N20,VIIRS,n,2,296.49,5.89,D,0
51.95694,23.75623,339.07,0.52,0.41,2024-09-06,1130,N20,VIIRS,n,2,303.86,14.81,D,0
51.96072,23.75527,355.73,0.52,0.41,2024-09-06,1130,N20,VIIRS,n,2,304.62,14.81,D,0
52.80066,29.95366,325.93,0.62,0.54,2024-09-06,1130,N20,VIIRS,l,2,300.01,3.83,D,0
51.89347,29.3403,338.75,0.57,0.52,2024-09-06,1130,N20,VIIRS,n,2,301.08,5.43,D,2
52.84705,29.98775,331.21,0.53,0.42,2024-09-06,2341,N20,VIIRS,n,2,286.2,5.22,N,2
53.26292,24.44917,297.36,0.59,0.53,2024-09-06,2341,N20,VIIRS,n,2,286.38,0.54,N,2
53.27314,24.44149,296.3,0.59,0.53,2024-09-06,2341,N20,VIIRS,n,2,285.35,0.62,N,2
53.26514,24.44753,296.5,0.59,0.53,2024-09-06,2341,N20,VIIRS,n,2,285.36,0.69,N,2
53.39576,32.00971,298.14,0.47,0.39,2024-09-06,2341,N20,VIIRS,n,2,284.88,1.34,N,0
53.27042,24.43914,295.58,0.59,0.53,2024-09-06,2341,N20,VIIRS,n,2,285.39,0.69,N,2
51.89148,29.33572,303.87,0.55,0.43,2024-09-06,2342,N20,VIIRS,n,2,286.16,1.58,N,2
51.88758,29.33473,302.76,0.55,0.43,2024-09-06,2342,N20,VIIRS,n,2,285.81,1.11,N,2
51.89147,29.33925,308.45,0.46,0.63,2024-09-07,0122,N20,VIIRS,n,2,284.35,1.28,N,2
53.26527,24.44747,296.37,0.54,0.51,2024-09-07,0122,N20,VIIRS,n,2,285.62,0.71,N,2
53.27154,24.44335,298.03,0.54,0.51,2024-09-07,0122,N20,VIIRS,n,2,285.34,0.51,N,2
53.27146,24.43943,297.58,0.54,0.5,2024-09-07,0122,N20,VIIRS,n,2,284.98,0.53,N,2
51.89132,29.33739,309.53,0.46,0.63,2024-09-07,0122,N20,VIIRS,n,2,284.35,1.23,N,2
52.85031,29.98911,330.95,0.45,0.63,2024-09-07,0122,N20,VIIRS,n,2,283.9,3.06,N,2
53.19747,29.79237,346.69,0.39,0.6,2024-09-07,0931,N20,VIIRS,n,2,297.32,3.24,D,0
52.03194,27.27061,325.99,0.54,0.68,2024-09-07,0931,N20,VIIRS,n,2,298.73,2.69,D,0
52.84424,29.99425,346.73,0.4,0.6,2024-09-07,0931,N20,VIIRS,n,2,301.23,5.96,D,2
52.12852,28.66882,329.56,0.47,0.64,2024-09-07,0931,N20,VIIRS,n,2,297.04,3.22,D,0
52.12973,28.66848,329.21,0.47,0.64,2024-09-07,0931,N20,VIIRS,n,2,297.47,2.71,D,0
52.06848,29.22498,356,0.45,0.63,2024-09-07,0931,N20,VIIRS,n,2,298.36,9.29,D,0
51.89265,29.34217,337,0.46,0.63,2024-09-07,0931,N20,VIIRS,n,2,299.1,3.96,D,2
52.06483,29.23656,325.42,0.45,0.63,2024-09-07,0931,N20,VIIRS,l,2,297.87,3.36,D,0
52.06805,29.22625,353.83,0.45,0.63,2024-09-07,0931,N20,VIIRS,n,2,301.28,20.13,D,0
52.06527,29.23524,349.72,0.45,0.63,2024-09-07,0931,N20,VIIRS,n,2,297.96,7.44,D,0
52.06337,29.22961,338.53,0.45,0.63,2024-09-07,0931,N20,VIIRS,n,2,298.05,7.42,D,0
51.96241,23.76224,325.53,0.72,0.76,2024-09-07,0931,N20,VIIRS,n,2,292.33,4.02,D,0
53.66158,31.27155,326.69,0.33,0.56,2024-09-07,0931,N20,VIIRS,l,2,298.63,2.05,D,0
53.28281,31.64587,326.41,0.47,0.47,2024-09-07,1111,N20,VIIRS,n,2,297.74,2.79,D,0
53.28819,32.15718,336.46,0.49,0.49,2024-09-07,1111,N20,VIIRS,n,2,299.4,4.1,D,0
53.28864,32.1646,325.36,0.49,0.49,2024-09-07,1111,N20,VIIRS,n,2,299.44,4.1,D,0
53.11283,29.73642,326.6,0.39,0.44,2024-09-07,1111,N20,VIIRS,l,2,297.31,0.43,D,0
53.28371,32.15795,337.04,0.49,0.49,2024-09-07,1111,N20,VIIRS,n,2,298.77,4.1,D,0
51.96615,23.75172,353.43,0.39,0.36,2024-09-07,1111,N20,VIIRS,n,2,312.62,20.05,D,0
51.96693,23.75738,335.97,0.39,0.36,2024-09-07,1111,N20,VIIRS,n,2,302.88,20.05,D,0
51.96363,23.75857,344.9,0.39,0.36,2024-09-07,1111,N20,VIIRS,n,2,315.98,20.05,D,0
51.96112,23.76541,337.72,0.39,0.36,2024-09-07,1111,N20,VIIRS,n,2,302.77,9.48,D,0
51.95782,23.7666,331.12,0.39,0.36,2024-09-07,1111,N20,VIIRS,n,2,297.76,9.48,D,0
51.95375,23.76213,335.38,0.39,0.36,2024-09-07,1111,N20,VIIRS,n,2,304.93,18.18,D,0
51.95452,23.76779,330.99,0.39,0.36,2024-09-07,1111,N20,VIIRS,n,2,297.86,5.02,D,0
51.94967,23.75767,336.04,0.39,0.36,2024-09-07,1111,N20,VIIRS,n,2,305.22,18.18,D,0
51.95045,23.76332,354.71,0.39,0.36,2024-09-07,1111,N20,VIIRS,n,2,304.25,18.18,D,0
52.10303,27.63264,347.16,0.48,0.4,2024-09-07,1111,N20,VIIRS,n,2,303.73,33.67,D,0
52.09937,27.63364,333.69,0.48,0.4,2024-09-07,1111,N20,VIIRS,l,2,307.18,33.67,D,0
52.1001,27.64067,339.44,0.48,0.4,2024-09-07,1111,N20,VIIRS,n,2,313.02,16.7,D,0
52.12975,28.66434,335.08,0.52,0.42,2024-09-07,1111,N20,VIIRS,n,2,303.39,6.33,D,0
54.36311,30.59597,329.04,0.44,0.46,2024-09-07,1111,N20,VIIRS,n,2,298,3.94,D,0
53.27475,27.7345,340.61,0.5,0.41,2024-09-07,1111,N20,VIIRS,n,2,304.9,24.66,D,0
52.84818,29.99291,308.98,0.54,0.51,2024-09-07,2322,N20,VIIRS,n,2,284.02,2.41,N,2
52.84865,29.98474,313.67,0.55,0.51,2024-09-07,2322,N20,VIIRS,n,2,284.29,3.44,N,2
52.84953,29.99208,321.34,0.55,0.51,2024-09-07,2322,N20,VIIRS,n,2,285.4,5.62,N,2
52.85424,29.99285,297.95,0.55,0.51,2024-09-07,2322,N20,VIIRS,n,2,287.47,1.4,N,2
53.26575,24.44437,299.64,0.47,0.64,2024-09-07,2322,N20,VIIRS,n,2,284.02,0.88,N,0
53.27176,24.43729,297.39,0.47,0.64,2024-09-07,2322,N20,VIIRS,n,2,282.06,0.63,N,2
52.10036,27.61915,295.51,0.34,0.56,2024-09-07,2323,N20,VIIRS,n,2,283.1,0.68,N,0
51.89576,29.33624,298.7,0.57,0.52,2024-09-07,2323,N20,VIIRS,n,2,285.55,1.24,N,2
51.81157,30.46478,342.95,0.51,0.49,2024-09-07,2323,N20,VIIRS,n,2,288.22,8.04,N,0
52.10131,27.61643,299.04,0.34,0.56,2024-09-07,2323,N20,VIIRS,n,2,282.53,0.73,N,0
52.10114,27.62147,304.46,0.34,0.56,2024-09-07,2323,N20,VIIRS,n,2,283.14,0.73,N,0
51.89096,29.33553,306.2,0.57,0.52,2024-09-07,2323,N20,VIIRS,n,2,285.45,1.24,N,2
52.10056,27.61413,300,0.34,0.56,2024-09-07,2323,N20,VIIRS,n,2,282.08,0.66,N,0
52.10017,27.62419,300.71,0.34,0.56,2024-09-07,2323,N20,VIIRS,n,2,282.24,0.68,N,0
53.58848,31.95107,297.81,0.33,0.55,2024-09-08,0102,N20,VIIRS,n,2,281.92,0.58,N,0
51.89257,29.33689,299.28,0.6,0.53,2024-09-08,0103,N20,VIIRS,n,2,284.18,1.7,N,2
51.88809,29.33361,297.03,0.6,0.53,2024-09-08,0103,N20,VIIRS,n,2,284.15,1.18,N,2
52.84722,29.9866,337.27,0.59,0.53,2024-09-08,0103,N20,VIIRS,n,2,284.69,9.46,N,2
52.10039,27.62681,297.18,0.51,0.49,2024-09-08,0103,N20,VIIRS,n,2,281.45,1.21,N,0
52.09803,27.61703,307.31,0.51,0.49,2024-09-08,0103,N20,VIIRS,n,2,284.6,1.85,N,0
52.84461,29.99169,320.93,0.59,0.53,2024-09-08,0103,N20,VIIRS,n,2,281.4,4,N,2
52.84693,29.98366,321.58,0.59,0.53,2024-09-08,0103,N20,VIIRS,n,2,282.82,5.12,N,2
51.81147,30.46274,337.33,0.33,0.56,2024-09-08,0103,N20,VIIRS,n,2,283.31,4.68,N,0
51.81017,30.46712,322.5,0.33,0.56,2024-09-08,0103,N20,VIIRS,n,2,285.17,3.61,N,0
53.27232,24.44257,299.71,0.54,0.42,2024-09-08,0103,N20,VIIRS,n,2,285.09,0.55,N,2
53.26323,24.44559,299.39,0.54,0.42,2024-09-08,0103,N20,VIIRS,n,2,286.16,0.81,N,0
52.84325,27.50518,339.82,0.72,0.76,2024-09-08,0912,N20,VIIRS,n,2,295.39,6.72,D,0
52.84212,27.50292,329.31,0.72,0.76,2024-09-08,0912,N20,VIIRS,n,2,294.65,7.6,D,0
52.09994,27.63382,337.71,0.77,0.77,2024-09-08,0912,N20,VIIRS,n,2,296.66,13.45,D,0
52.10907,27.60819,345.75,0.39,0.36,2024-09-08,1052,N20,VIIRS,n,2,305.01,3.91,D,0
51.81013,30.47172,331.84,0.42,0.38,2024-09-08,1052,N20,VIIRS,l,2,302.56,11.65,D,0
51.81283,30.46454,346.66,0.42,0.38,2024-09-08,1052,N20,VIIRS,n,2,309.22,7.55,D,0
52.09925,27.63542,334.01,0.39,0.36,2024-09-08,1052,N20,VIIRS,l,2,305.83,8.55,D,0
52.09844,27.62986,351.64,0.39,0.36,2024-09-08,1052,N20,VIIRS,n,2,324.17,8.55,D,0
52.09764,27.6243,335.59,0.39,0.36,2024-09-08,1052,N20,VIIRS,l,2,309.7,5.29,D,0
52.10332,27.63973,329.68,0.39,0.36,2024-09-08,1052,N20,VIIRS,l,2,302.86,4.49,D,0
52.10251,27.63417,332.72,0.39,0.36,2024-09-08,1052,N20,VIIRS,n,2,302.31,8.55,D,0
52.1017,27.62861,350.37,0.39,0.36,2024-09-08,1052,N20,VIIRS,n,2,310.85,8.55,D,0
52.10009,27.61749,333.66,0.39,0.36,2024-09-08,1052,N20,VIIRS,l,2,304.09,5.29,D,0
52.09929,27.61193,347.57,0.39,0.36,2024-09-08,1052,N20,VIIRS,n,2,305.07,7.09,D,0
52.09848,27.60637,351.84,0.39,0.36,2024-09-08,1052,N20,VIIRS,n,2,307.16,7.09,D,0
52.10255,27.61068,332.68,0.39,0.36,2024-09-08,1052,N20,VIIRS,l,2,303.23,14.21,D,0
52.10174,27.60513,343.83,0.39,0.36,2024-09-08,1052,N20,VIIRS,n,2,313.35,14.21,D,0
52.105,27.60388,339.57,0.39,0.36,2024-09-08,1052,N20,VIIRS,n,2,299.19,14.21,D,0
52.10826,27.60263,330.54,0.39,0.36,2024-09-08,1052,N20,VIIRS,n,2,299.58,3.91,D,0
52.11233,27.60694,331.43,0.39,0.36,2024-09-08,1052,N20,VIIRS,n,2,298.98,3.91,D,0
52.62938,30.52594,332.78,0.43,0.38,2024-09-08,1052,N20,VIIRS,n,2,301.42,10.95,D,0
51.95049,23.7685,355.26,0.41,0.37,2024-09-08,1052,N20,VIIRS,n,2,305.8,5.98,D,0
51.96698,23.76069,338.91,0.41,0.37,2024-09-08,1052,N20,VIIRS,n,2,311.2,12.6,D,0
51.96923,23.75336,344.56,0.41,0.37,2024-09-08,1052,N20,VIIRS,n,2,314.39,12.6,D,0
52.98016,29.9799,332.14,0.42,0.38,2024-09-08,1052,N20,VIIRS,n,2,300.79,3.47,D,0
53.2356,26.681,333.35,0.39,0.36,2024-09-08,1052,N20,VIIRS,n,2,300.37,1.07,D,0
51.96388,23.7611,330.76,0.79,0.78,2024-09-08,1233,N20,VIIRS,n,2,300.63,17.38,D,0
51.9714,23.76854,338.91,0.79,0.78,2024-09-08,1233,N20,VIIRS,n,2,296.1,10.67,D,0
51.97187,23.75679,367,0.79,0.78,2024-09-08,1233,N20,VIIRS,h,2,302.02,10.67,D,0
51.9646,23.75599,335.37,0.79,0.78,2024-09-08,1233,N20,VIIRS,n,2,302.41,10.67,D,0
51.96413,23.76772,332.33,0.79,0.78,2024-09-08,1233,N20,VIIRS,n,2,296.49,10.67,D,0
51.97115,23.76194,367,0.79,0.78,2024-09-08,1233,N20,VIIRS,h,2,301.77,17.38,D,0
53.00389,29.95116,317.55,0.44,0.62,2024-09-08,2303,N20,VIIRS,n,2,283.2,1.44,N,0
53.00368,29.95386,305.96,0.44,0.62,2024-09-08,2303,N20,VIIRS,n,2,282.38,2.19,N,0
52.85292,29.98746,297.72,0.43,0.62,2024-09-08,2303,N20,VIIRS,n,2,284.08,1.4,N,0
52.71047,27.18811,301.06,0.57,0.69,2024-09-08,2303,N20,VIIRS,n,2,284.42,1.51,N,0
52.84715,29.98716,327.6,0.43,0.62,2024-09-08,2303,N20,VIIRS,n,2,284.83,2.26,N,2
53.2637,24.43783,297.72,0.74,0.76,2024-09-08,2303,N20,VIIRS,n,2,284.73,0.76,N,0
53.39473,32.00958,302.22,0.36,0.57,2024-09-08,2303,N20,VIIRS,n,2,286.8,0.99,N,0
53.39816,32.01171,295.02,0.36,0.57,2024-09-08,2303,N20,VIIRS,n,2,284.47,0.86,N,2
53.67173,31.8228,296.1,0.37,0.58,2024-09-08,2303,N20,VIIRS,n,2,285.11,0.51,N,0
53.26118,24.44501,299.2,0.74,0.76,2024-09-08,2303,N20,VIIRS,n,2,286.27,0.65,N,2
51.89135,29.33219,308.47,0.46,0.63,2024-09-08,2304,N20,VIIRS,n,2,285.61,2.38,N,2
51.88906,29.33064,302.93,0.46,0.63,2024-09-08,2304,N20,VIIRS,n,2,285.2,1.67,N,2
51.81344,30.46321,316.34,0.41,0.61,2024-09-08,2304,N20,VIIRS,n,2,283.78,1.32,N,0
52.1145,27.60777,313.98,0.51,0.41,2024-09-09,0044,N20,VIIRS,n,2,281.59,1.84,N,0
53.58838,31.95389,295.5,0.44,0.46,2024-09-09,0044,N20,VIIRS,n,2,281.64,0.66,N,0
54.18699,28.50235,307.14,0.49,0.4,2024-09-09,0044,N20,VIIRS,n,2,281.64,1.03,N,0
54.18512,28.50215,312.38,0.49,0.4,2024-09-09,0044,N20,VIIRS,n,2,281,1.42,N,0
53.00275,29.95249,334.59,0.39,0.44,2024-09-09,0044,N20,VIIRS,n,2,285.75,3.41,N,0
52.85566,29.99654,298.01,0.39,0.44,2024-09-09,0044,N20,VIIRS,n,2,286.67,1.26,N,2
52.84806,29.99163,337.13,0.39,0.44,2024-09-09,0044,N20,VIIRS,n,2,285.52,2.93,N,2
53.2641,24.45053,296.93,0.41,0.37,2024-09-09,0044,N20,VIIRS,n,2,285.01,0.74,N,2
53.26082,24.44885,307.5,0.41,0.37,2024-09-09,0044,N20,VIIRS,n,2,288.07,0.74,N,2
52.71051,27.1907,316.68,0.48,0.4,2024-09-09,0044,N20,VIIRS,n,2,287.76,2.33,N,0
52.707,27.18868,309.51,0.48,0.4,2024-09-09,0044,N20,VIIRS,n,2,282.38,1.67,N,0
51.81211,30.46374,328.87,0.44,0.46,2024-09-09,0044,N20,VIIRS,n,2,285.92,4.65,N,0
51.89199,29.33737,295.43,0.39,0.44,2024-09-09,0044,N20,VIIRS,n,2,284.95,0.63,N,2
51.88818,29.33505,305.48,0.39,0.44,2024-09-09,0044,N20,VIIRS,n,2,284.84,0.63,N,2
52.11473,27.6071,316.44,0.51,0.41,2024-09-09,0044,N20,VIIRS,n,2,281.27,2.43,N,0
51.95636,23.76673,296.33,0.41,0.37,2024-09-09,0045,N20,VIIRS,n,2,284,0.88,N,0
52.41709,24.92313,341.93,0.5,0.41,2024-09-09,1033,N20,VIIRS,n,2,299.45,9.37,D,0
51.66119,29.58552,336.64,0.4,0.37,2024-09-09,1033,N20,VIIRS,n,2,298.27,2.78,D,0
51.81287,30.468,333.65,0.39,0.36,2024-09-09,1033,N20,VIIRS,n,2,306.34,2.86,D,0
52.44526,30.79565,346.71,0.38,0.36,2024-09-09,1033,N20,VIIRS,n,2,299.42,14.04,D,0
52.44849,30.79428,340.86,0.38,0.36,2024-09-09,1033,N20,VIIRS,n,2,303.53,14.04,D,0
52.13142,28.6689,345.16,0.4,0.37,2024-09-09,1033,N20,VIIRS,n,2,305.09,7.53,D,0
51.88936,27.23507,337.43,0.44,0.38,2024-09-09,1033,N20,VIIRS,n,2,308.28,25.64,D,0
52.0271,27.27183,334.18,0.43,0.38,2024-09-09,1033,N20,VIIRS,n,2,303.2,4.23,D,0
52.09927,27.61248,344.28,0.42,0.38,2024-09-09,1033,N20,VIIRS,n,2,304.81,4.9,D,0
52.10487,27.62279,336.87,0.42,0.38,2024-09-09,1033,N20,VIIRS,n,2,306.02,32.33,D,0
52.10262,27.61082,330.66,0.42,0.38,2024-09-09,1033,N20,VIIRS,l,2,305.35,5.33,D,0
52.10709,27.61514,333.21,0.42,0.38,2024-09-09,1033,N20,VIIRS,l,2,307.51,5.33,D,0
52.11156,27.61946,347,0.42,0.38,2024-09-09,1033,N20,VIIRS,n,2,316.79,12.56,D,0
52.11043,27.61348,350.65,0.42,0.38,2024-09-09,1033,N20,VIIRS,n,2,315.16,17.48,D,0
52.11378,27.61182,345.8,0.42,0.38,2024-09-09,1033,N20,VIIRS,n,2,307.72,17.48,D,0
52.11712,27.61015,340.04,0.42,0.38,2024-09-09,1033,N20,VIIRS,n,2,306.25,11.08,D,0
52.61604,29.80311,337.59,0.39,0.36,2024-09-09,1033,N20,VIIRS,n,2,300.15,1.68,D,0
52.61927,29.80166,329.76,0.39,0.36,2024-09-09,1033,N20,VIIRS,n,2,301.78,1.68,D,0
52.27065,26.92738,338.08,0.44,0.38,2024-09-09,1033,N20,VIIRS,n,2,303.32,5.05,D,0
52.84747,29.99094,337.74,0.39,0.36,2024-09-09,1033,N20,VIIRS,n,2,305.31,6.54,D,2
52.03141,25.12621,332.79,0.5,0.41,2024-09-09,1033,N20,VIIRS,n,2,298.48,4.98,D,0
53.00121,29.9569,346.01,0.39,0.36,2024-09-09,1033,N20,VIIRS,n,2,307.6,3.82,D,0
53.00445,29.95545,326.54,0.39,0.36,2024-09-09,1033,N20,VIIRS,n,2,300.02,3.82,D,0
53.08295,30.20766,346.79,0.39,0.36,2024-09-09,1033,N20,VIIRS,n,2,299.45,5.75,D,0
53.08708,30.21184,328.98,0.39,0.36,2024-09-09,1033,N20,VIIRS,n,2,296.69,3.51,D,0
51.9474,23.76829,334.92,0.55,0.43,2024-09-09,1033,N20,VIIRS,n,2,297.04,3.26,D,0
52.7057,27.19088,333.5,0.43,0.38,2024-09-09,1033,N20,VIIRS,n,2,301.59,4.94,D,0
52.15447,23.62086,336.69,0.55,0.43,2024-09-09,1033,N20,VIIRS,n,2,297.65,7.61,D,0
53.69075,30.44942,331.69,0.38,0.36,2024-09-09,1033,N20,VIIRS,n,2,299.33,7.18,D,0
52.51085,23.55534,331.85,0.55,0.42,2024-09-09,1033,N20,VIIRS,n,2,298.02,3.92,D,0
54.84839,29.24814,334.13,0.39,0.36,2024-09-09,1034,N20,VIIRS,n,2,300.14,2.55,D,0
55.69674,28.05352,330.22,0.39,0.36,2024-09-09,1034,N20,VIIRS,n,2,297.89,2.12,D,0
55.71606,28.04335,336.56,0.39,0.36,2024-09-09,1034,N20,VIIRS,n,2,297.1,2.23,D,0
53.60393,24.10675,336.58,0.5,0.41,2024-09-09,1034,N20,VIIRS,n,2,287.26,10.25,D,0
52.57246,23.60633,336.24,0.49,0.65,2024-09-09,1214,N20,VIIRS,n,2,293,6.34,D,0
52.56713,23.61248,367,0.49,0.65,2024-09-09,1214,N20,VIIRS,h,2,294.89,9.59,D,0
51.89183,27.22869,367,0.7,0.75,2024-09-09,1214,N20,VIIRS,h,2,297.92,19.55,D,0
51.89157,27.23919,340,0.7,0.75,2024-09-09,1214,N20,VIIRS,n,2,294.37,14.63,D,0
51.89877,27.22932,326.76,0.7,0.75,2024-09-09,1214,N20,VIIRS,n,2,292.06,4.18,D,0
51.88988,27.24064,329.27,0.7,0.75,2024-09-09,1214,N20,VIIRS,n,2,293.2,9.32,D,0
51.89018,27.23014,352.62,0.7,0.75,2024-09-09,1214,N20,VIIRS,n,2,297.18,9.32,D,0
51.89713,27.23073,342.42,0.7,0.75,2024-09-09,1214,N20,VIIRS,n,2,293.21,9.32,D,0
52.00962,27.46281,331.35,0.71,0.75,2024-09-09,1214,N20,VIIRS,n,2,296.21,6.1,D,0
52.00715,27.46761,346.49,0.71,0.75,2024-09-09,1214,N20,VIIRS,n,2,296.87,8.18,D,0
52.10138,27.61683,341.11,0.72,0.76,2024-09-09,1214,N20,VIIRS,n,2,299.76,7.76,D,0
52.11958,27.60945,330.91,0.72,0.76,2024-09-09,1214,N20,VIIRS,n,2,293.23,9.03,D,0
52.56644,23.61375,367,0.49,0.65,2024-09-09,1214,N20,VIIRS,h,2,293.56,13.36,D,0
52.56712,23.60509,347.7,0.49,0.65,2024-09-09,1214,N20,VIIRS,n,2,295.45,9.59,D,0
52.5664,23.60637,337.14,0.49,0.65,2024-09-09,1214,N20,VIIRS,n,2,294.41,6.34,D,0
52.11546,27.61817,344.04,0.72,0.76,2024-09-09,1214,N20,VIIRS,n,2,295.92,11.67,D,0
52.11575,27.60729,349.32,0.72,0.76,2024-09-09,1214,N20,VIIRS,n,2,297.17,11.67,D,0
52.09811,27.61845,345.57,0.73,0.76,2024-09-09,1214,N20,VIIRS,n,2,298.2,13.62,D,0
52.1122,27.61968,327.25,0.73,0.76,2024-09-09,1214,N20,VIIRS,n,2,296.16,13.05,D,0
52.11254,27.6088,345.87,0.72,0.76,2024-09-09,1214,N20,VIIRS,n,2,299.38,9.03,D,0
52.53283,25.67558,338.48,0.6,0.71,2024-09-09,1214,N20,VIIRS,n,2,286.64,4.7,D,0
55.71356,28.052,333.31,0.75,0.77,2024-09-09,1215,N20,VIIRS,n,2,290.89,5.79,D,0
55.71107,28.04485,336.56,0.75,0.77,2024-09-09,1215,N20,VIIRS,n,2,291.97,6.99,D,0
52.84592,29.98289,301.32,0.69,0.74,2024-09-09,2244,N20,VIIRS,n,2,281.38,0.88,N,2
51.48693,29.96173,300.77,0.69,0.74,2024-09-09,2245,N20,VIIRS,n,2,282.7,2.13,N,0
51.48063,29.93632,312.92,0.69,0.74,2024-09-09,2245,N20,VIIRS,n,2,283.2,4.1,N,0
51.48796,29.95628,309.16,0.69,0.74,2024-09-09,2245,N20,VIIRS,n,2,283.22,3.62,N,3
51.88845,29.3275,297.68,0.73,0.76,2024-09-09,2245,N20,VIIRS,n,2,281.67,0.96,N,0
51.47928,29.93166,308.34,0.69,0.74,2024-09-09,2245,N20,VIIRS,n,2,281.98,2.8,N,0
52.85472,29.99519,302.71,0.43,0.38,2024-09-10,0025,N20,VIIRS,n,2,287.99,1.17,N,2
53.26099,24.45037,303.72,0.39,0.36,2024-09-10,0025,N20,VIIRS,n,2,283.97,1.01,N,2
55.22417,30.1417,302.57,0.4,0.37,2024-09-10,0025,N20,VIIRS,n,2,283.77,1.37,N,0
52.70843,27.19129,325.32,0.39,0.36,2024-09-10,0025,N20,VIIRS,n,2,290.02,2.76,N,0
55.50422,28.58784,299.45,0.39,0.36,2024-09-10,0025,N20,VIIRS,n,2,283.22,0.33,N,2
53.00439,29.95441,307.04,0.42,0.38,2024-09-10,0025,N20,VIIRS,n,2,282.88,0.94,N,0
55.22305,30.14782,319.89,0.4,0.37,2024-09-10,0025,N20,VIIRS,n,2,283.75,1.57,N,0
53.3945,32.01505,302.03,0.47,0.4,2024-09-10,0025,N20,VIIRS,n,2,286.27,1.21,N,2
52.84803,29.99168,330.91,0.43,0.38,2024-09-10,0025,N20,VIIRS,n,2,284.71,3.84,N,2
53.67121,24.98706,326.75,0.39,0.36,2024-09-10,0025,N20,VIIRS,n,2,280,2.43,N,0
53.27251,24.44264,309.81,0.39,0.36,2024-09-10,0025,N20,VIIRS,n,2,284.61,0.94,N,2
51.48652,29.96844,303.98,0.44,0.39,2024-09-10,0026,N20,VIIRS,n,2,284.25,1.08,N,0
51.59293,27.38925,333.14,0.39,0.37,2024-09-10,0026,N20,VIIRS,n,2,278.46,5.12,N,0
52.53717,25.67048,324.22,0.38,0.36,2024-09-10,0026,N20,VIIRS,n,2,284.1,1.9,N,0
51.89034,29.33592,299.79,0.42,0.38,2024-09-10,0026,N20,VIIRS,n,2,284.14,0.92,N,2
51.48774,29.96227,330.15,0.44,0.39,2024-09-10,0026,N20,VIIRS,n,2,288.69,2.85,N,0
51.48896,29.9561,302.33,0.44,0.39,2024-09-10,0026,N20,VIIRS,n,2,285.86,2.85,N,3
51.48311,29.9667,297.7,0.44,0.39,2024-09-10,0026,N20,VIIRS,n,2,284.53,1.08,N,3
51.48118,29.93854,326.53,0.44,0.39,2024-09-10,0026,N20,VIIRS,n,2,288.69,4.65,N,0
51.47995,29.94471,338.56,0.44,0.39,2024-09-10,0026,N20,VIIRS,n,2,291.58,4.65,N,0
51.47777,29.93679,298.07,0.44,0.39,2024-09-10,0026,N20,VIIRS,n,2,281.57,0.64,N,0
51.47655,29.94296,299.97,0.44,0.39,2024-09-10,0026,N20,VIIRS,n,2,280.75,0.64,N,0
51.89748,27.23048,318.12,0.39,0.36,2024-09-10,0026,N20,VIIRS,n,2,278.14,1.87,N,0
51.89432,27.2345,310.1,0.39,0.36,2024-09-10,0026,N20,VIIRS,n,2,276.12,1.19,N,0
51.88878,27.22602,311.33,0.39,0.36,2024-09-10,0026,N20,VIIRS,n,2,280.51,1.5,N,0
51.47907,29.94143,344.95,0.51,0.41,2024-09-10,1014,N20,VIIRS,n,2,301.88,13.15,D,0
51.48864,29.96736,354.72,0.51,0.41,2024-09-10,1014,N20,VIIRS,n,2,303.77,13.5,D,0
51.49224,29.96539,345.83,0.51,0.41,2024-09-10,1014,N20,VIIRS,n,2,291.33,5.45,D,0
51.89021,29.33741,332.6,0.52,0.42,2024-09-10,1014,N20,VIIRS,n,2,292.28,6.54,D,2
53.20274,29.77341,337.34,0.48,0.4,2024-09-10,1014,N20,VIIRS,n,2,300.22,4.69,D,0
53.20318,29.77503,331.79,0.48,0.4,2024-09-10,1014,N20,VIIRS,n,2,300.29,2.26,D,0
53.13454,29.53833,335.76,0.48,0.4,2024-09-10,1014,N20,VIIRS,n,2,301.81,5.11,D,0
52.84686,29.99396,332.02,0.48,0.4,2024-09-10,1014,N20,VIIRS,n,2,300.71,5.78,D,2
51.59288,27.39243,342.53,0.41,0.45,2024-09-10,1014,N20,VIIRS,n,2,290.09,6.52,D,0
51.47547,29.9434,350.39,0.51,0.41,2024-09-10,1014,N20,VIIRS,n,2,305.19,27.86,D,0
51.48505,29.96933,340.08,0.51,0.41,2024-09-10,1014,N20,VIIRS,n,2,305.63,13.5,D,0
55.47939,27.78072,343.17,0.49,0.4,2024-09-10,1015,N20,VIIRS,n,2,296.57,23.38,D,0
52.76585,30.70688,330.96,0.62,0.71,2024-09-10,1155,N20,VIIRS,n,2,289.72,5.94,D,0
52.84788,29.99526,333.06,0.58,0.69,2024-09-10,1155,N20,VIIRS,n,2,293.95,6.18,D,2
53.24096,30.55091,339,0.61,0.71,2024-09-10,1155,N20,VIIRS,n,2,289.97,5.37,D,0
51.49083,29.97103,367,0.57,0.69,2024-09-10,1155,N20,VIIRS,h,2,292.73,10.59,D,0
55.483,27.78403,367,0.47,0.64,2024-09-10,1156,N20,VIIRS,h,2,296.38,16.09,D,0
55.48514,27.78306,367,0.47,0.64,2024-09-10,1156,N20,VIIRS,h,2,293.95,31.23,D,0
55.48515,27.77542,334.62,0.47,0.64,2024-09-10,1156,N20,VIIRS,n,2,290.06,17.98,D,0
55.48298,27.77639,337.95,0.47,0.64,2024-09-10,1156,N20,VIIRS,n,2,292.84,16.09,D,0
53.39569,32.01091,301.54,0.39,0.36,2024-09-11,0006,N20,VIIRS,n,2,285.2,0.94,N,2
52.8464,29.98861,331.61,0.39,0.36,2024-09-11,0006,N20,VIIRS,n,2,286.32,8.52,N,2
52.85205,29.99691,300.99,0.39,0.36,2024-09-11,0006,N20,VIIRS,n,2,286.36,1.24,N,2
51.59377,27.39149,331.97,0.41,0.37,2024-09-11,0007,N20,VIIRS,n,2,279.18,2.75,N,0
51.49031,29.97767,308.45,0.38,0.36,2024-09-11,0007,N20,VIIRS,n,2,276.07,0.9,N,0
51.47507,29.94272,298.14,0.38,0.36,2024-09-11,0007,N20,VIIRS,n,2,272.03,1.13,N,0
52.84479,29.99326,341.46,0.46,0.47,2024-09-11,0955,N20,VIIRS,n,2,292.9,5.44,D,2
51.99993,27.94946,332.53,0.58,0.52,2024-09-11,1136,N20,VIIRS,n,2,291.67,3.95,D,0
52.0019,27.94883,329,0.58,0.52,2024-09-11,1136,N20,VIIRS,n,2,291.22,4.26,D,0
52.84642,29.9934,337.45,0.36,0.58,2024-09-11,1136,N20,VIIRS,n,2,285.06,4,D,2
53.5871,31.9522,297.65,0.43,0.38,2024-09-11,2347,N20,VIIRS,n,2,281.95,0.6,N,0
53.39221,32.01113,298.86,0.42,0.38,2024-09-11,2347,N20,VIIRS,n,2,286.74,0.74,N,2
53.81031,30.38317,329.06,0.47,0.4,2024-09-11,2347,N20,VIIRS,n,2,285.57,2.81,N,0
53.39564,32.01234,300.46,0.42,0.38,2024-09-11,2347,N20,VIIRS,n,2,286.73,0.77,N,2
52.8452,29.98515,300.13,0.47,0.4,2024-09-11,2348,N20,VIIRS,n,2,281.57,2.09,N,0
51.88795,29.33718,295.88,0.48,0.4,2024-09-11,2348,N20,VIIRS,n,2,278.58,0.76,N,2
52.84883,29.98623,325.32,0.47,0.4,2024-09-11,2348,N20,VIIRS,n,2,281.16,2.09,N,2
53.67989,23.90499,303.98,0.57,0.52,2024-09-12,0128,N20,VIIRS,n,2,283.97,1.51,N,0
52.84952,29.98595,307.13,0.51,0.66,2024-09-12,0128,N20,VIIRS,n,2,279.01,2.11,N,2
52.84904,29.99303,295.39,0.51,0.66,2024-09-12,0128,N20,VIIRS,n,2,278.7,1.19,N,2
52.85141,29.98646,301.12,0.51,0.66,2024-09-12,0128,N20,VIIRS,n,2,279.63,1.19,N,2
54.18807,28.333,328.87,0.36,0.57,2024-09-12,0937,N20,VIIRS,n,2,291.52,3.21,D,0
54.18795,28.33403,326.86,0.36,0.57,2024-09-12,0937,N20,VIIRS,n,2,291.32,3.47,D,0
54.12774,30.2203,337.15,0.49,0.4,2024-09-13,1058,N20,VIIRS,n,2,295.5,9.4,D,0
53.39619,32.01205,297.78,0.62,0.54,2024-09-13,2309,N20,VIIRS,n,2,286.29,1.41,N,2
52.84702,29.98906,317.65,0.45,0.47,2024-09-14,0050,N20,VIIRS,n,2,285.98,2.41,N,2
51.59201,27.39059,302.78,0.39,0.44,2024-09-14,0051,N20,VIIRS,n,2,287.96,0.87,N,0
53.41034,30.26655,342.46,0.39,0.36,2024-09-14,1039,N20,VIIRS,n,2,297.67,9.02,D,0
53.8444,31.74934,333.71,0.4,0.37,2024-09-14,1039,N20,VIIRS,n,2,297.97,3.36,D,0
53.84106,31.75058,334.38,0.4,0.37,2024-09-14,1039,N20,VIIRS,n,2,297.45,2.73,D,0
53.40708,30.26787,340.22,0.39,0.36,2024-09-14,1039,N20,VIIRS,n,2,295.38,9.02,D,0
52.84717,29.98748,329.84,0.38,0.36,2024-09-14,1039,N20,VIIRS,n,2,298.78,3.71,D,2
52.848,29.99309,332.23,0.38,0.36,2024-09-14,1039,N20,VIIRS,n,2,299.44,3.71,D,2
52.84818,29.98264,308.25,0.59,0.7,2024-09-14,2251,N20,VIIRS,n,2,282.34,2.31,N,2
52.10117,31.73939,296.15,0.5,0.66,2024-09-14,2251,N20,VIIRS,n,2,285.05,0.92,N,0
52.10091,31.74737,301.44,0.55,0.43,2024-09-15,0031,N20,VIIRS,n,2,285.79,0.79,N,0
55.50436,28.58716,304.1,0.4,0.37,2024-09-15,0031,N20,VIIRS,n,2,284.94,0.59,N,2
53.41507,30.27243,331.78,0.42,0.38,2024-09-15,1020,N20,VIIRS,l,2,303.59,5.64,D,0
53.41061,30.26808,335.03,0.42,0.38,2024-09-15,1020,N20,VIIRS,n,2,305.22,6.27,D,0
53.32818,31.35731,332.31,0.4,0.37,2024-09-15,1020,N20,VIIRS,n,2,300.39,9.59,D,0
52.9739,30.71749,335.01,0.42,0.37,2024-09-15,1020,N20,VIIRS,n,2,301.89,4.2,D,0
52.84648,29.98786,334.78,0.43,0.38,2024-09-15,1020,N20,VIIRS,n,2,302.82,8.11,D,2
53.66486,29.96727,345.06,0.42,0.38,2024-09-15,1021,N20,VIIRS,n,2,302.83,15.57,D,0
53.66702,29.95932,326.56,0.42,0.38,2024-09-15,1021,N20,VIIRS,n,2,298.94,15.57,D,0
53.66602,29.97344,338.94,0.42,0.38,2024-09-15,1021,N20,VIIRS,n,2,302.14,6.61,D,0
53.66818,29.96548,355.74,0.42,0.38,2024-09-15,1021,N20,VIIRS,n,2,306.86,15.57,D,0
52.97662,30.7107,325.31,0.71,0.75,2024-09-15,1201,N20,VIIRS,n,2,294.18,4.35,D,0
52.10419,28.74541,326.42,0.59,0.7,2024-09-15,1201,N20,VIIRS,n,2,291.95,9.36,D,0
52.09766,28.74508,355.4,0.59,0.7,2024-09-15,1201,N20,VIIRS,n,2,294.44,9.36,D,0
52.09885,28.74531,355.04,0.59,0.7,2024-09-15,1201,N20,VIIRS,n,2,294.62,13.74,D,0
52.09877,28.75416,335.92,0.59,0.7,2024-09-15,1201,N20,VIIRS,n,2,292,11.73,D,0
53.3956,32.01554,300.51,0.4,0.37,2024-09-16,0012,N20,VIIRS,n,2,286.67,0.9,N,2
53.67056,31.8246,298.24,0.4,0.37,2024-09-16,0012,N20,VIIRS,n,2,286.91,0.85,N,0
55.50383,28.58603,302.1,0.39,0.37,2024-09-16,0012,N20,VIIRS,n,2,285.16,0.59,N,2
52.84805,29.99356,297.88,0.39,0.36,2024-09-16,0013,N20,VIIRS,n,2,286.18,1.9,N,2
53.3111,27.34967,328.91,0.4,0.37,2024-09-16,0013,N20,VIIRS,n,2,288.07,1.84,N,0
53.27252,24.44171,311.48,0.46,0.39,2024-09-16,0013,N20,VIIRS,n,2,286.11,1.49,N,2
53.26464,24.44624,298.59,0.45,0.39,2024-09-16,0013,N20,VIIRS,n,2,285.11,0.73,N,2
53.26329,24.44553,300.14,0.45,0.39,2024-09-16,0013,N20,VIIRS,n,2,284.99,0.75,N,0
53.30779,27.34838,304.72,0.4,0.37,2024-09-16,0013,N20,VIIRS,n,2,283.96,1.84,N,0
52.10194,31.74705,304.23,0.41,0.37,2024-09-16,0013,N20,VIIRS,n,2,286.15,0.62,N,0
53.3053,27.34122,330.11,0.4,0.37,2024-09-16,0013,N20,VIIRS,n,2,284.58,2.88,N,0
52.85451,29.99646,303.1,0.39,0.36,2024-09-16,0013,N20,VIIRS,n,2,291.43,1.28,N,2
52.84897,29.98797,327.44,0.39,0.36,2024-09-16,0013,N20,VIIRS,n,2,286.86,1.9,N,2
53.30558,27.33681,297.73,0.65,0.73,2024-09-16,0152,N20,VIIRS,n,2,281.46,1.9,N,0
53.30818,27.3384,297.77,0.65,0.73,2024-09-16,0152,N20,VIIRS,n,2,281.42,1.65,N,0
53.27005,24.43892,299.27,0.52,0.67,2024-09-16,0153,N20,VIIRS,n,2,280.99,0.59,N,2
53.26934,24.43765,298.01,0.52,0.67,2024-09-16,0153,N20,VIIRS,n,2,280.33,0.48,N,0
52.68669,30.43103,356.14,0.39,0.44,2024-09-16,1001,N20,VIIRS,n,2,303.77,11.81,D,0
52.1193,27.69077,356.32,0.52,0.5,2024-09-16,1001,N20,VIIRS,n,2,303.09,20.49,D,0
52.68541,30.42553,356.54,0.39,0.44,2024-09-16,1001,N20,VIIRS,n,2,301.71,11.81,D,0
52.68744,30.42939,354.64,0.39,0.44,2024-09-16,1001,N20,VIIRS,n,2,305.98,20.82,D,0
52.05561,27.44963,340.33,0.53,0.5,2024-09-16,1001,N20,VIIRS,n,2,299.11,6.93,D,0
52.11999,27.6903,355.14,0.52,0.5,2024-09-16,1001,N20,VIIRS,n,2,302.2,22.65,D,0
52.11811,27.68331,353.6,0.52,0.5,2024-09-16,1001,N20,VIIRS,n,2,303.37,22.72,D,0
52.05521,27.45011,341.54,0.53,0.5,2024-09-16,1001,N20,VIIRS,n,2,298.8,11.8,D,0
53.40735,32.63332,333.62,0.48,0.4,2024-09-16,1001,N20,VIIRS,n,2,303.81,9.7,D,0
52.68922,30.42312,356.6,0.39,0.44,2024-09-16,1001,N20,VIIRS,n,2,303.64,11.81,D,0
52.6905,30.42864,341.48,0.39,0.44,2024-09-16,1001,N20,VIIRS,n,2,298.42,11.81,D,0
52.68613,30.42391,350.66,0.39,0.44,2024-09-16,1001,N20,VIIRS,n,2,307.92,18.85,D,0
52.68994,30.4215,344.89,0.39,0.44,2024-09-16,1001,N20,VIIRS,n,2,298.54,18.85,D,0
52.11745,27.68375,354.31,0.52,0.5,2024-09-16,1001,N20,VIIRS,n,2,303.48,20.49,D,0
53.41876,30.72356,348.17,0.55,0.43,2024-09-16,1002,N20,VIIRS,n,2,306.69,39.73,D,0
53.8742,31.07873,325.7,0.53,0.42,2024-09-16,1002,N20,VIIRS,n,2,298.4,3.32,D,0
53.76487,32.07117,338.12,0.49,0.4,2024-09-16,1002,N20,VIIRS,n,2,301.7,3.97,D,0
53.00642,29.73073,341.89,0.41,0.45,2024-09-16,1002,N20,VIIRS,n,2,300.56,6.29,D,0
52.84728,29.98864,339.35,0.4,0.45,2024-09-16,1002,N20,VIIRS,n,2,302.45,5.57,D,2
53.40654,32.63274,342.13,0.48,0.4,2024-09-16,1002,N20,VIIRS,n,2,302.93,11.72,D,0
54.09286,24.97857,335.77,0.57,0.52,2024-09-16,1002,N20,VIIRS,n,2,295.62,4.08,D,0
54.60175,29.43783,332.37,0.57,0.43,2024-09-16,1002,N20,VIIRS,n,2,296.87,5.37,D,0
54.58957,30.81054,331.61,0.52,0.41,2024-09-16,1002,N20,VIIRS,n,2,296.25,3.71,D,0
54.58599,30.81289,328.42,0.52,0.41,2024-09-16,1002,N20,VIIRS,n,2,298.08,3.71,D,0
53.30523,27.34215,346.7,0.49,0.49,2024-09-16,1002,N20,VIIRS,n,2,302.48,9.84,D,0
53.30703,27.34895,336.86,0.49,0.49,2024-09-16,1002,N20,VIIRS,n,2,300.85,9.84,D,0
53.30884,27.35576,335.66,0.49,0.49,2024-09-16,1002,N20,VIIRS,n,2,300.63,5.22,D,0
53.30601,27.34076,340.19,0.49,0.49,2024-09-16,1002,N20,VIIRS,n,2,304.09,10.57,D,0
53.30779,27.3476,331.35,0.49,0.49,2024-09-16,1002,N20,VIIRS,n,2,299.27,7.57,D,0
53.30957,27.35444,339.98,0.49,0.49,2024-09-16,1002,N20,VIIRS,n,2,302.19,7.57,D,0
52.22091,24.33813,327.2,0.35,0.56,2024-09-16,1002,N20,VIIRS,n,2,291.94,2.41,D,0
52.21927,24.34088,332.55,0.35,0.56,2024-09-16,1002,N20,VIIRS,n,2,292.53,1.93,D,0
52.68968,30.43484,340.08,0.44,0.62,2024-09-16,1142,N20,VIIRS,n,2,294.89,3.45,D,0
52.11935,27.6761,367,0.33,0.55,2024-09-16,1142,N20,VIIRS,h,2,299.68,4.07,D,0
52.05408,27.45294,326.88,0.32,0.55,2024-09-16,1142,N20,VIIRS,n,2,297.06,1.33,D,0
51.82243,27.55757,325.16,0.33,0.55,2024-09-16,1142,N20,VIIRS,l,2,295.67,2.47,D,0
52.68959,30.42817,327.45,0.44,0.62,2024-09-16,1142,N20,VIIRS,n,2,296.41,3.45,D,0
53.37743,32.15995,335.39,0.52,0.67,2024-09-16,1142,N20,VIIRS,n,2,296.24,15.08,D,0
53.37747,32.15198,354.61,0.52,0.67,2024-09-16,1142,N20,VIIRS,n,2,301.06,25.6,D,0
52.12183,27.68867,348.77,0.33,0.55,2024-09-16,1142,N20,VIIRS,n,2,300.41,5.24,D,0
52.11617,27.67437,349.36,0.33,0.55,2024-09-16,1142,N20,VIIRS,n,2,297.82,4.79,D,0
52.11634,27.67929,331.52,0.33,0.55,2024-09-16,1142,N20,VIIRS,n,2,295.42,4.34,D,0
52.12508,27.6904,336.48,0.33,0.55,2024-09-16,1142,N20,VIIRS,n,2,295.94,3.32,D,0
52.11955,27.68102,328.57,0.33,0.55,2024-09-16,1142,N20,VIIRS,n,2,298.87,4.07,D,0
52.11994,27.69086,325.75,0.33,0.55,2024-09-16,1142,N20,VIIRS,l,2,300.16,3.32,D,0
53.30571,27.35007,367,0.33,0.55,2024-09-16,1142,N20,VIIRS,h,2,305.65,5.72,D,0
53.30553,27.34508,367,0.33,0.55,2024-09-16,1142,N20,VIIRS,h,2,301.27,14.29,D,0
53.30589,27.35505,337.27,0.33,0.55,2024-09-16,1142,N20,VIIRS,n,2,300.55,5.72,D,0
53.30535,27.34009,350.35,0.33,0.55,2024-09-16,1142,N20,VIIRS,n,2,308.58,14.29,D,0
53.311,27.35455,328.36,0.33,0.55,2024-09-16,1142,N20,VIIRS,n,2,297.75,5.72,D,0
53.87612,31.08121,346.5,0.47,0.64,2024-09-16,1142,N20,VIIRS,n,2,298.4,4.98,D,0
53.87608,31.07401,332,0.47,0.64,2024-09-16,1142,N20,VIIRS,n,2,296.89,4.98,D,0
53.87871,31.07814,350.24,0.47,0.64,2024-09-16,1142,N20,VIIRS,n,2,298.74,6,D,0
52.12165,27.68375,336.83,0.33,0.55,2024-09-16,1142,N20,VIIRS,n,2,300.01,4.9,D,0
52.21734,24.33817,339.12,0.48,0.48,2024-09-16,1142,N20,VIIRS,n,2,297.71,4.72,D,0
52.68379,30.42838,335.34,0.44,0.62,2024-09-16,1142,N20,VIIRS,n,2,297.18,3.45,D,0
54.8202,28.90178,349.21,0.39,0.59,2024-09-16,1143,N20,VIIRS,n,2,298.44,5.02,D,0
53.39526,32.01196,307.85,0.4,0.37,2024-09-16,2353,N20,VIIRS,n,2,288.04,1.3,N,2
55.50611,28.58886,295.67,0.5,0.41,2024-09-16,2353,N20,VIIRS,n,2,283.36,0.39,N,2
53.67102,31.82425,298.68,0.4,0.37,2024-09-16,2353,N20,VIIRS,n,2,286.85,0.59,N,0
53.58743,31.94988,295.81,0.4,0.37,2024-09-16,2353,N20,VIIRS,n,2,284.27,0.48,N,0
53.30564,27.33775,319.15,0.52,0.42,2024-09-16,2354,N20,VIIRS,n,2,285.2,2.78,N,0
52.85438,29.99753,301.25,0.43,0.38,2024-09-16,2354,N20,VIIRS,n,2,288.71,1.4,N,2
52.10254,31.74592,297.5,0.39,0.37,2024-09-16,2354,N20,VIIRS,n,2,285.88,0.55,N,0
51.82283,27.52087,295.84,0.49,0.41,2024-09-16,2354,N20,VIIRS,n,2,283.95,0.69,N,0
52.72177,30.13671,323.96,0.43,0.38,2024-09-16,2354,N20,VIIRS,n,2,285.74,2.01,N,0
53.27011,24.44309,301.64,0.44,0.46,2024-09-16,2354,N20,VIIRS,n,2,285.2,1.02,N,2
52.71833,30.13554,316.73,0.43,0.38,2024-09-16,2354,N20,VIIRS,n,2,289.28,2.01,N,0
51.6775,23.95838,298.28,0.45,0.47,2024-09-16,2354,N20,VIIRS,n,2,282.42,0.44,N,0
52.71756,30.14181,308.23,0.43,0.38,2024-09-16,2354,N20,VIIRS,n,2,285.68,2.01,N,0
52.71385,30.13315,341.33,0.43,0.38,2024-09-16,2354,N20,VIIRS,n,2,287.4,5.61,N,0
53.27217,24.44303,308.04,0.44,0.46,2024-09-16,2354,N20,VIIRS,n,2,285.62,1.21,N,2
53.26311,24.44795,299.72,0.44,0.46,2024-09-16,2354,N20,VIIRS,n,2,285.74,0.55,N,2
53.30868,27.34661,310.45,0.52,0.41,2024-09-16,2354,N20,VIIRS,n,2,284.6,2.51,N,0
52.84823,29.98885,332.53,0.43,0.38,2024-09-16,2354,N20,VIIRS,n,2,287.35,4.42,N,2
52.71566,30.12812,346.77,0.43,0.38,2024-09-16,2354,N20,VIIRS,n,2,291.5,3.85,N,0
52.71489,30.13438,341.1,0.43,0.38,2024-09-16,2354,N20,VIIRS,n,2,289.79,6.48,N,0
52.71222,30.12697,298.32,0.43,0.38,2024-09-16,2354,N20,VIIRS,n,2,285.77,3.85,N,0
52.71463,30.12691,339.54,0.43,0.38,2024-09-16,2354,N20,VIIRS,n,2,289.6,5.61,N,0
51.88974,29.33343,297.01,0.44,0.38,2024-09-16,2354,N20,VIIRS,n,2,286.94,0.64,N,2
52.11837,27.67332,295.85,0.49,0.4,2024-09-16,2354,N20,VIIRS,n,2,285.23,0.63,N,0
52.12283,27.66718,302.15,0.49,0.4,2024-09-16,2354,N20,VIIRS,n,2,284.94,0.98,N,0
52.12398,27.66728,301.12,0.49,0.4,2024-09-16,2354,N20,VIIRS,n,2,285,0.45,N,0
52.71738,30.13626,316.96,0.59,0.7,2024-09-17,0134,N20,VIIRS,n,2,284.9,4.58,N,0
53.26199,24.44701,299.48,0.35,0.57,2024-09-17,0134,N20,VIIRS,n,2,284.98,0.38,N,2
53.26954,24.44161,300.1,0.35,0.57,2024-09-17,0134,N20,VIIRS,n,2,284.11,0.74,N,2
53.27175,24.43912,301.48,0.35,0.57,2024-09-17,0134,N20,VIIRS,n,2,283.35,0.81,N,2
51.89182,29.34025,295.06,0.59,0.7,2024-09-17,0134,N20,VIIRS,n,2,284.12,0.61,N,2
53.30843,27.34437,302.02,0.44,0.63,2024-09-17,0134,N20,VIIRS,n,2,281.91,1.8,N,0
53.30678,27.33462,297.83,0.44,0.63,2024-09-17,0134,N20,VIIRS,n,2,279.8,1.04,N,0
53.30983,27.34525,301.23,0.44,0.63,2024-09-17,0134,N20,VIIRS,n,2,281.93,1.57,N,0
52.71478,30.12294,302.64,0.59,0.7,2024-09-17,0134,N20,VIIRS,n,2,282.92,3.64,N,0
52.84776,29.99157,302.49,0.58,0.69,2024-09-17,0134,N20,VIIRS,n,2,283.08,1.66,N,2
52.84528,29.98628,305.4,0.57,0.69,2024-09-17,0134,N20,VIIRS,n,2,282.71,1.35,N,2
52.39485,30.99424,331.72,0.58,0.52,2024-09-17,0943,N20,VIIRS,n,2,295.29,4.49,D,0
52.71554,30.145,341.35,0.61,0.53,2024-09-17,0943,N20,VIIRS,n,2,297.64,15.83,D,0
52.71086,30.12867,331.94,0.61,0.53,2024-09-17,0943,N20,VIIRS,n,2,295.44,17.41,D,0
52.71766,30.13334,339.02,0.61,0.53,2024-09-17,0943,N20,VIIRS,n,2,297.43,17.41,D,0
52.70873,30.14028,367,0.61,0.53,2024-09-17,0943,N20,VIIRS,h,2,299.43,18.46,D,0
52.84575,29.99641,326.27,0.61,0.53,2024-09-17,0943,N20,VIIRS,l,2,297.15,4.57,D,0
53.3012,30.379,336,0.57,0.52,2024-09-17,0943,N20,VIIRS,n,2,293.71,3.73,D,0
52.71108,30.14849,329.26,0.61,0.53,2024-09-17,0943,N20,VIIRS,n,2,293.54,5.85,D,0
52.71319,30.13678,367,0.61,0.53,2024-09-17,0943,N20,VIIRS,h,2,309.67,17.41,D,0
52.84138,28.01714,334.8,0.44,0.46,2024-09-17,1123,N20,VIIRS,n,2,300.68,5.39,D,0
52.71017,30.14354,345.09,0.54,0.5,2024-09-17,1123,N20,VIIRS,n,2,300.93,11.16,D,0
52.70972,30.13551,346.52,0.54,0.5,2024-09-17,1123,N20,VIIRS,n,2,306.02,11.16,D,0
52.71484,30.14289,342.2,0.54,0.5,2024-09-17,1123,N20,VIIRS,n,2,300.44,11.16,D,0
52.7144,30.13488,343.07,0.54,0.5,2024-09-17,1123,N20,VIIRS,n,2,305.12,11.16,D,0
52.71906,30.13421,347.26,0.54,0.5,2024-09-17,1123,N20,VIIRS,n,2,301.76,6.41,D,0
52.84744,29.98746,326.76,0.53,0.5,2024-09-17,1123,N20,VIIRS,l,2,299.47,8.12,D,2
52.72373,30.13355,339.49,0.54,0.5,2024-09-17,1123,N20,VIIRS,n,2,295.05,6.41,D,0
52.81208,30.5253,331.47,0.56,0.51,2024-09-17,1123,N20,VIIRS,n,2,295.76,4.2,D,0
52.84502,29.99492,331.2,0.53,0.5,2024-09-17,1123,N20,VIIRS,n,2,296.24,5.7,D,2
52.84316,28.01827,334.46,0.44,0.46,2024-09-17,1123,N20,VIIRS,n,2,300.05,4.72,D,0
53.67259,31.82762,296.64,0.54,0.42,2024-09-17,2334,N20,VIIRS,n,2,284.6,0.76,N,0
53.39614,32.01305,295.64,0.52,0.42,2024-09-17,2334,N20,VIIRS,n,2,284.92,0.63,N,2
53.26348,24.44476,306.07,0.35,0.57,2024-09-17,2335,N20,VIIRS,n,2,285.08,1.2,N,0
53.27416,24.4405,300.68,0.35,0.57,2024-09-17,2335,N20,VIIRS,n,2,283.24,1.15,N,2
52.10209,31.74496,297.29,0.52,0.41,2024-09-17,2335,N20,VIIRS,n,2,284.04,0.66,N,0
52.84757,29.98844,345.26,0.41,0.45,2024-09-17,2335,N20,VIIRS,n,2,287.64,11.46,N,2
53.27087,24.44504,297.22,0.46,0.47,2024-09-18,0115,N20,VIIRS,n,2,282.98,0.62,N,2
52.84659,29.99151,313.11,0.39,0.59,2024-09-18,0115,N20,VIIRS,n,2,283.28,1.65,N,2
52.84824,29.98635,312.1,0.39,0.59,2024-09-18,0115,N20,VIIRS,n,2,282.95,1.65,N,2
53.26112,24.44571,298.11,0.47,0.47,2024-09-18,0115,N20,VIIRS,n,2,283.73,0.82,N,2
53.25946,24.45217,295.44,0.47,0.47,2024-09-18,0115,N20,VIIRS,n,2,283.93,0.53,N,2
51.89317,29.29882,297.42,0.39,0.6,2024-09-18,0115,N20,VIIRS,n,2,281.95,0.45,N,0
51.77464,29.52145,329.08,0.49,0.4,2024-09-18,1104,N20,VIIRS,n,2,298.53,3.46,D,0
52.84644,29.99332,332.35,0.52,0.41,2024-09-18,1104,N20,VIIRS,n,2,298.99,2.79,D,2
52.06769,27.37843,353.78,0.43,0.38,2024-09-18,1104,N20,VIIRS,n,2,301.25,10.4,D,0
52.06844,27.38462,330.14,0.43,0.38,2024-09-18,1104,N20,VIIRS,n,2,298.26,4.45,D,0
52.06993,27.39702,330.45,0.43,0.38,2024-09-18,1104,N20,VIIRS,n,2,298.26,2.23,D,0
51.77833,29.52048,336.85,0.49,0.4,2024-09-18,1104,N20,VIIRS,n,2,296.25,3.46,D,0
54.17454,28.37714,304.27,0.38,0.59,2024-09-18,2315,N20,VIIRS,n,2,280.36,0.57,N,0
55.50589,28.58357,295.46,0.38,0.59,2024-09-18,2315,N20,VIIRS,n,2,281.8,0.52,N,2
53.27312,24.43246,297.1,0.55,0.68,2024-09-18,2316,N20,VIIRS,n,2,280.38,0.88,N,0
53.26047,24.44113,301.46,0.55,0.68,2024-09-18,2316,N20,VIIRS,n,2,281.82,0.97,N,0
53.39441,32.00763,297.86,0.53,0.5,2024-09-18,2316,N20,VIIRS,n,2,284.22,1.14,N,0
52.84707,29.98704,343.47,0.32,0.55,2024-09-18,2316,N20,VIIRS,n,2,280.74,3.24,N,2
55.50638,28.5861,295.77,0.38,0.43,2024-09-19,0056,N20,VIIRS,n,2,281.08,0.6,N,2
53.26226,24.44675,303.23,0.48,0.4,2024-09-19,0056,N20,VIIRS,n,2,284.17,2.17,N,2
53.26167,24.44633,304.34,0.48,0.4,2024-09-19,0056,N20,VIIRS,n,2,283.45,1.57,N,2
53.27015,24.4436,311.49,0.48,0.4,2024-09-19,0056,N20,VIIRS,n,2,283.59,0.99,N,2
52.38871,30.86949,328.62,0.57,0.52,2024-09-19,0056,N20,VIIRS,n,2,280.65,2.83,N,0
52.84591,29.98631,329.62,0.51,0.49,2024-09-19,0056,N20,VIIRS,n,2,279.19,2.84,N,2
52.84716,29.98732,331.95,0.51,0.49,2024-09-19,0056,N20,VIIRS,n,2,280.42,4.75,N,2
54.17546,28.38435,327.52,0.67,0.74,2024-09-19,0906,N20,VIIRS,n,2,292.12,3.94,D,0
53.13843,26.41854,326.16,0.39,0.36,2024-09-19,1045,N20,VIIRS,n,2,296.63,1.73,D,0
52.84512,29.98885,332.46,0.4,0.37,2024-09-19,1045,N20,VIIRS,n,2,302.9,2.56,D,2
51.83376,30.12651,332.74,0.39,0.36,2024-09-19,1045,N20,VIIRS,n,2,299.49,2.38,D,0
54.17128,28.38433,332.32,0.39,0.36,2024-09-19,1046,N20,VIIRS,n,2,296.68,8.42,D,0
54.17695,28.37578,326.79,0.39,0.36,2024-09-19,1046,N20,VIIRS,l,2,297.78,2.92,D,0
54.18559,30.52931,336.91,0.41,0.37,2024-09-19,1046,N20,VIIRS,n,2,303.15,5.14,D,0
54.17369,28.37714,353.23,0.39,0.36,2024-09-19,1046,N20,VIIRS,n,2,305.14,8.42,D,0
54.17453,28.38297,350.52,0.39,0.36,2024-09-19,1046,N20,VIIRS,n,2,302.29,8.42,D,0
54.17044,28.3785,337.04,0.39,0.36,2024-09-19,1046,N20,VIIRS,n,2,298.57,8.42,D,0
52.84583,29.98561,328.97,0.51,0.66,2024-09-19,2257,N20,VIIRS,n,2,283.78,3.16,N,2
51.89061,29.32933,300.3,0.54,0.68,2024-09-19,2257,N20,VIIRS,n,2,283.29,1.61,N,2
52.84941,29.99077,299.97,0.52,0.41,2024-09-20,0037,N20,VIIRS,n,2,282.98,3.38,N,2
55.5062,28.58616,300.42,0.43,0.38,2024-09-20,0037,N20,VIIRS,n,2,280.92,0.59,N,2
52.8463,29.98919,327.7,0.52,0.41,2024-09-20,0037,N20,VIIRS,n,2,284.69,6.84,N,2
52.84581,29.98859,327.87,0.52,0.41,2024-09-20,0037,N20,VIIRS,n,2,284.17,3.38,N,2
53.27208,24.44264,313.76,0.39,0.36,2024-09-20,0038,N20,VIIRS,n,2,284.63,1.51,N,2
53.26045,24.44942,305.71,0.39,0.36,2024-09-20,0038,N20,VIIRS,n,2,285.12,0.64,N,2
53.26369,24.45094,295.37,0.39,0.36,2024-09-20,0038,N20,VIIRS,n,2,282.22,0.64,N,2
51.89057,29.33459,306.67,0.52,0.41,2024-09-20,0038,N20,VIIRS,n,2,283.02,2,N,2
51.88898,29.34174,305.13,0.52,0.41,2024-09-20,0038,N20,VIIRS,n,2,282.47,1.5,N,2
51.47475,29.94612,305.87,0.56,0.43,2024-09-20,0038,N20,VIIRS,n,2,281.71,1.75,N,0
52.39811,31.09796,334.64,0.39,0.36,2024-09-20,1026,N20,VIIRS,n,2,297.24,9.31,D,0
52.84752,29.99042,335.3,0.4,0.37,2024-09-20,1026,N20,VIIRS,n,2,303.53,7.14,D,2
52.40041,31.09084,340.51,0.39,0.36,2024-09-20,1026,N20,VIIRS,n,2,296.18,20.72,D,0
52.39391,31.09381,332.81,0.39,0.36,2024-09-20,1026,N20,VIIRS,n,2,295.73,1.5,D,0
51.47277,29.94338,342.99,0.42,0.38,2024-09-20,1026,N20,VIIRS,n,2,300.99,15.45,D,0
53.5114,29.84415,340.21,0.4,0.37,2024-09-20,1027,N20,VIIRS,n,2,297.32,5.45,D,0
53.50813,29.84578,348.05,0.4,0.37,2024-09-20,1027,N20,VIIRS,n,2,298.74,5.45,D,0
54.17357,28.38851,325.47,0.42,0.37,2024-09-20,1027,N20,VIIRS,n,2,296.58,1.72,D,0
55.505,28.58445,299.09,0.38,0.36,2024-09-21,0018,N20,VIIRS,n,2,280.22,0.39,N,2
53.39629,32.01142,298.07,0.43,0.38,2024-09-21,0018,N20,VIIRS,n,2,281.99,0.69,N,2
53.39368,32.0159,297.3,0.43,0.38,2024-09-21,0018,N20,VIIRS,n,2,284.45,1.34,N,2
54.60717,30.52394,328.71,0.39,0.36,2024-09-21,0018,N20,VIIRS,n,2,283.12,3.16,N,0
53.26126,24.44539,296.55,0.42,0.38,2024-09-21,0019,N20,VIIRS,n,2,282.29,0.57,N,2
53.27227,24.44281,309.84,0.42,0.38,2024-09-21,0019,N20,VIIRS,n,2,283.17,1.24,N,2
52.84908,29.98957,299.27,0.4,0.37,2024-09-21,0019,N20,VIIRS,n,2,283.81,2.23,N,2
52.85234,29.99115,296.91,0.4,0.37,2024-09-21,0019,N20,VIIRS,n,2,283.36,0.85,N,2
52.84582,29.98798,334.57,0.4,0.37,2024-09-21,0019,N20,VIIRS,n,2,285.05,2.23,N,2
52.06288,27.73767,326.52,0.38,0.36,2024-09-21,0019,N20,VIIRS,n,2,281.28,2.3,N,0
51.88925,29.33751,314.01,0.4,0.37,2024-09-21,0019,N20,VIIRS,n,2,283.56,0.81,N,2
51.89251,29.339,295.8,0.4,0.37,2024-09-21,0019,N20,VIIRS,n,2,283.19,0.81,N,2
53.26047,24.4516,301.76,0.42,0.37,2024-09-21,0019,N20,VIIRS,n,2,283.55,0.66,N,2
53.26284,24.44726,300.84,0.59,0.7,2024-09-21,0159,N20,VIIRS,n,2,282.2,1.03,N,2
53.27487,24.44125,297.49,0.59,0.7,2024-09-21,0159,N20,VIIRS,n,2,280.34,0.98,N,2
51.8906,29.34235,344.21,0.4,0.44,2024-09-21,1007,N20,VIIRS,n,2,303.59,22.76,D,2
51.88932,29.33686,326.89,0.4,0.44,2024-09-21,1007,N20,VIIRS,n,2,298.47,22.76,D,2
52.8051,27.93965,330.69,0.42,0.45,2024-09-21,1008,N20,VIIRS,n,2,298.2,2.57,D,0
53.56728,26.27184,327.6,0.46,0.47,2024-09-21,1008,N20,VIIRS,n,2,294.75,3.13,D,0
54.16329,30.69952,326.97,0.48,0.4,2024-09-21,1008,N20,VIIRS,l,2,297.96,1.53,D,0
52.84475,29.99347,333.63,0.54,0.42,2024-09-21,1008,N20,VIIRS,n,2,298.55,5.4,D,2
52.84623,29.99295,336.24,0.54,0.42,2024-09-21,1008,N20,VIIRS,n,2,301.03,5.84,D,2
53.14656,30.78146,343.78,0.5,0.41,2024-09-21,1008,N20,VIIRS,n,2,296.83,9.49,D,0
53.15012,30.77937,345.26,0.5,0.41,2024-09-21,1008,N20,VIIRS,n,2,302.58,9.49,D,0
55.66907,29.3886,328.91,0.49,0.4,2024-09-21,1008,N20,VIIRS,n,2,290.21,3.74,D,0
51.88913,29.34721,354.14,0.46,0.63,2024-09-21,1148,N20,VIIRS,n,2,291.63,10.41,D,2
52.84351,29.995,327.82,0.49,0.65,2024-09-21,1148,N20,VIIRS,n,2,293.14,3.43,D,2
51.88721,29.34555,351.87,0.46,0.63,2024-09-21,1148,N20,VIIRS,n,2,292.27,6.91,D,0
55.50575,28.58695,297.94,0.45,0.39,2024-09-21,2359,N20,VIIRS,n,2,280.79,0.62,N,2
53.58704,31.95084,295.19,0.39,0.36,2024-09-21,2359,N20,VIIRS,n,2,280.85,0.54,N,0
53.27139,24.44314,305.31,0.39,0.44,2024-09-22,0000,N20,VIIRS,n,2,282.97,0.8,N,2
53.26287,24.44701,302.64,0.39,0.44,2024-09-22,0000,N20,VIIRS,n,2,283.26,1.02,N,2
53.25887,24.44602,296.04,0.39,0.44,2024-09-22,0000,N20,VIIRS,n,2,281.42,0.38,N,0
51.88762,29.33642,295.08,0.41,0.37,2024-09-22,0000,N20,VIIRS,n,2,284.33,0.74,N,2
51.89432,29.33879,306.56,0.41,0.37,2024-09-22,0000,N20,VIIRS,n,2,284.77,0.91,N,2
52.84854,29.99091,324.4,0.4,0.37,2024-09-22,0000,N20,VIIRS,n,2,284.18,2.43,N,2
51.89097,29.33761,306.62,0.41,0.37,2024-09-22,0000,N20,VIIRS,n,2,285.38,0.74,N,2
53.1026,30.41808,302.64,0.66,0.73,2024-09-22,0139,N20,VIIRS,n,2,275.8,1.46,N,0
52.84889,29.98065,300.9,0.65,0.73,2024-09-22,0140,N20,VIIRS,n,2,279.48,2.66,N,0
53.26183,24.44895,305.45,0.4,0.6,2024-09-22,0140,N20,VIIRS,n,2,283.38,1.42,N,2
51.88729,29.33492,295.09,0.67,0.74,2024-09-22,0140,N20,VIIRS,n,2,282.71,0.92,N,2
51.89312,29.34069,317.03,0.67,0.74,2024-09-22,0140,N20,VIIRS,n,2,282.41,2.66,N,2
52.84563,29.98883,308.05,0.65,0.73,2024-09-22,0140,N20,VIIRS,n,2,280.73,2.91,N,2
52.8504,29.98332,301.95,0.65,0.73,2024-09-22,0140,N20,VIIRS,n,2,279.49,2.07,N,2
52.84716,29.99157,307.13,0.65,0.73,2024-09-22,0140,N20,VIIRS,n,2,280.72,2.07,N,2
51.88824,29.33704,333.35,0.6,0.53,2024-09-22,0949,N20,VIIRS,n,2,297.52,6.93,D,2
52.84836,29.99554,325.55,0.61,0.54,2024-09-22,1129,N20,VIIRS,l,2,298.82,4.99,D,2
51.8907,29.33528,307.73,0.55,0.43,2024-09-22,2341,N20,VIIRS,n,2,283.73,1.61,N,2
52.60323,29.78153,309.06,0.54,0.42,2024-09-22,2341,N20,VIIRS,n,2,280,1.69,N,0
52.84625,29.98707,337.99,0.54,0.42,2024-09-22,2341,N20,VIIRS,n,2,283.31,6.55,N,2
53.27113,24.44284,300.96,0.6,0.53,2024-09-22,2341,N20,VIIRS,n,2,281.82,0.82,N,2
53.39466,32.01403,297.61,0.47,0.4,2024-09-22,2341,N20,VIIRS,n,2,282.25,0.85,N,2
53.27252,24.44535,296.58,0.53,0.5,2024-09-23,0121,N20,VIIRS,n,2,281.05,0.64,N,2
51.89042,29.33924,305.09,0.45,0.63,2024-09-23,0121,N20,VIIRS,n,2,272.62,0.89,N,2
52.84505,29.9867,295.15,0.44,0.62,2024-09-23,0121,N20,VIIRS,n,2,278.6,0.73,N,2
52.85011,29.99135,345.55,0.44,0.62,2024-09-23,0121,N20,VIIRS,n,2,280.03,5.07,N,2
53.26204,24.4462,300.86,0.53,0.5,2024-09-23,0121,N20,VIIRS,n,2,282.51,1.21,N,2
53.03561,29.2725,334.44,0.56,0.43,2024-09-23,1110,N20,VIIRS,n,2,294.74,6.56,D,0
52.84699,29.99376,332.34,0.39,0.44,2024-09-23,1110,N20,VIIRS,n,2,294.22,2.64,D,2
53.38212,32.15926,328.21,0.48,0.48,2024-09-23,1110,N20,VIIRS,n,2,294.77,4.05,D,0
54.5378,31.05047,337.63,0.45,0.47,2024-09-23,1111,N20,VIIRS,n,2,290.54,4.93,D,0
52.84711,29.98766,296.07,0.55,0.51,2024-09-23,2322,N20,VIIRS,n,2,274.44,0.8,N,2
51.88853,29.33669,296.11,0.58,0.52,2024-09-23,2322,N20,VIIRS,n,2,282.26,1.7,N,2
51.89335,29.33741,312.64,0.58,0.52,2024-09-23,2322,N20,VIIRS,n,2,283.43,1.7,N,2
52.846,29.98592,305.98,0.58,0.52,2024-09-24,0102,N20,VIIRS,n,2,267.71,1.89,N,2
52.84602,29.98689,310.86,0.59,0.52,2024-09-24,0102,N20,VIIRS,n,2,268.05,2.06,N,2
52.8504,29.98934,298.25,0.58,0.52,2024-09-24,0102,N20,VIIRS,n,2,267.55,1.35,N,2
51.89172,29.33916,312.94,0.59,0.53,2024-09-24,0102,N20,VIIRS,n,2,283.66,2.58,N,2
51.88726,29.33593,297.35,0.59,0.53,2024-09-24,0102,N20,VIIRS,n,2,282.22,1.03,N,2
52.66912,30.19121,347.77,0.42,0.38,2024-09-24,1051,N20,VIIRS,n,2,301.17,11.82,D,0
52.66645,30.19854,340.12,0.42,0.38,2024-09-24,1051,N20,VIIRS,n,2,301.84,9.01,D,0
52.65959,30.20079,332.32,0.42,0.38,2024-09-24,1051,N20,VIIRS,n,2,292.04,3.08,D,0
52.10107,31.74725,331.71,0.46,0.39,2024-09-24,1051,N20,VIIRS,n,2,300.29,3.52,D,0
52.10192,31.74578,331.44,0.46,0.39,2024-09-24,1051,N20,VIIRS,n,2,297.53,3.28,D,0
52.53807,31.1885,330.68,0.45,0.39,2024-09-24,1051,N20,VIIRS,n,2,296.07,8.21,D,0
51.88998,29.34035,345.41,0.4,0.37,2024-09-24,1051,N20,VIIRS,n,2,304.37,5.1,D,2
52.24291,29.78589,331.16,0.41,0.37,2024-09-24,1051,N20,VIIRS,n,2,297.53,7.66,D,0
52.23878,29.78106,337.22,0.41,0.37,2024-09-24,1051,N20,VIIRS,n,2,302.93,4.57,D,0
52.66988,30.19742,350.26,0.42,0.38,2024-09-24,1051,N20,VIIRS,n,2,296.55,11.82,D,0
52.66569,30.19233,347.18,0.42,0.38,2024-09-24,1051,N20,VIIRS,n,2,296.17,9.01,D,0
53.58789,31.94795,296.27,0.37,0.58,2024-09-24,2303,N20,VIIRS,n,2,282.92,0.33,N,0
53.26968,24.43269,298.28,0.75,0.77,2024-09-24,2303,N20,VIIRS,n,2,282.84,2.24,N,0
52.85054,29.98677,321.83,0.44,0.62,2024-09-24,2303,N20,VIIRS,n,2,284.72,2.36,N,2
52.85079,29.98267,298.18,0.44,0.62,2024-09-24,2303,N20,VIIRS,n,2,283.39,1.38,N,2
51.8936,29.34055,296.48,0.46,0.64,2024-09-24,2303,N20,VIIRS,n,2,284.98,3.36,N,2
51.88775,29.3333,296.08,0.46,0.64,2024-09-24,2303,N20,VIIRS,n,2,284.61,3.28,N,2
52.85069,29.98934,307.3,0.44,0.62,2024-09-24,2303,N20,VIIRS,n,2,283.94,1.87,N,2
51.89367,29.33361,348.63,0.46,0.64,2024-09-24,2303,N20,VIIRS,n,2,286.14,3.28,N,2
52.8463,29.98853,329.71,0.39,0.44,2024-09-25,0043,N20,VIIRS,n,2,285.7,3.32,N,2
51.89199,29.34433,301.18,0.39,0.44,2024-09-25,0044,N20,VIIRS,n,2,285.16,2.16,N,2
51.88944,29.33667,308.88,0.39,0.44,2024-09-25,0044,N20,VIIRS,n,2,285.31,2.16,N,2
51.89324,29.33898,337.36,0.39,0.44,2024-09-25,0044,N20,VIIRS,n,2,287.17,2.16,N,2
53.26031,24.45174,297.67,0.41,0.37,2024-09-25,0044,N20,VIIRS,n,2,277.04,1.05,N,2
51.89274,29.34204,343.06,0.4,0.37,2024-09-25,1032,N20,VIIRS,n,2,294.55,4.63,D,2
52.66297,30.18578,332.72,0.39,0.36,2024-09-25,1032,N20,VIIRS,n,2,272.78,2.86,D,0
52.49569,30.668,327.31,0.39,0.36,2024-09-25,1032,N20,VIIRS,n,2,292.3,1.45,D,0
53.82154,30.63939,301.88,0.42,0.38,2024-09-26,0024,N20,VIIRS,n,2,271.04,0.71,N,0
53.08455,26.79744,353.01,0.42,0.61,2024-09-26,1155,N20,VIIRS,n,2,286.2,6.05,D,0
53.08097,26.79743,343.77,0.42,0.61,2024-09-26,1155,N20,VIIRS,n,2,285.46,3.96,D,0
51.89289,29.32989,310.22,0.63,0.72,2024-09-30,2251,N20,VIIRS,n,2,272.93,2.68,N,2
52.84513,29.99257,337.25,0.43,0.38,2024-10-01,1020,N20,VIIRS,n,2,285.75,5.03,D,2
52.36374,31.34336,337.93,0.41,0.37,2024-10-01,1020,N20,VIIRS,n,2,289.34,2.72,D,0
53.42761,32.3543,327.04,0.39,0.36,2024-10-01,1020,N20,VIIRS,n,2,282.63,2.09,D,0
53.67111,31.82396,295.39,0.4,0.37,2024-10-02,0012,N20,VIIRS,n,2,282.78,0.51,N,0
53.37828,32.14187,331.32,0.5,0.41,2024-10-02,1001,N20,VIIRS,n,2,286.98,2.78,D,0
53.28751,28.80305,328.91,0.43,0.46,2024-10-02,1001,N20,VIIRS,n,2,283.36,1.67,D,0
53.39437,32.01318,296.59,0.4,0.37,2024-10-02,2353,N20,VIIRS,n,2,280,0.64,N,2
51.89061,29.34536,326.7,0.6,0.53,2024-10-08,0949,N20,VIIRS,n,2,287.06,3.83,D,2
52.04454,27.93118,351.42,0.34,0.56,2024-10-08,0949,N20,VIIRS,n,2,285.02,3.45,D,0
51.89011,29.34378,345.78,0.57,0.52,2024-10-08,1129,N20,VIIRS,n,2,289.19,8.34,D,2
51.74789,28.40579,326.11,0.52,0.5,2024-10-08,1129,N20,VIIRS,n,2,286.48,2.17,D,0
51.88908,29.34398,340.97,0.57,0.52,2024-10-08,1129,N20,VIIRS,n,2,288.46,4.48,D,2
52.84709,29.98918,327.04,0.53,0.42,2024-10-08,2341,N20,VIIRS,n,2,278.85,5.04,N,2
51.89129,29.33783,308.57,0.55,0.43,2024-10-08,2341,N20,VIIRS,n,2,278.31,2.14,N,2
53.2704,24.43765,295.12,0.6,0.53,2024-10-08,2341,N20,VIIRS,n,2,274.82,0.89,N,2
53.27099,24.43985,297.66,0.53,0.5,2024-10-09,0121,N20,VIIRS,n,2,280.56,0.97,N,2
52.84832,29.98482,308.73,0.44,0.63,2024-10-09,0121,N20,VIIRS,n,2,274.8,1.36,N,2
51.89205,29.34242,296.14,0.46,0.63,2024-10-09,0121,N20,VIIRS,n,2,277.26,1.62,N,2
51.89402,29.3366,302.73,0.46,0.63,2024-10-09,0121,N20,VIIRS,n,2,277.34,2.28,N,2
52.84605,29.98501,316.43,0.44,0.63,2024-10-09,0121,N20,VIIRS,n,2,274.84,2.09,N,2
53.25845,24.44802,298.24,0.53,0.5,2024-10-09,0121,N20,VIIRS,n,2,281.15,0.95,N,2
51.89125,29.33956,333.77,0.46,0.63,2024-10-09,0930,N20,VIIRS,n,2,288.01,4.41,D,2
52.84672,29.99237,328.52,0.4,0.44,2024-10-09,1110,N20,VIIRS,n,2,290.62,1.7,D,2
51.89193,29.34061,337.46,0.55,0.43,2024-10-09,1110,N20,VIIRS,n,2,292.31,6.83,D,2
54.76136,26.1189,333.25,0.46,0.39,2024-10-09,1111,N20,VIIRS,n,2,286.06,3.5,D,0
52.83459,26.01247,325.99,0.44,0.38,2024-10-09,1111,N20,VIIRS,n,2,288.81,2.59,D,0
51.89098,29.33114,315.48,0.57,0.52,2024-10-09,2322,N20,VIIRS,n,2,282.81,2.15,N,2
52.84953,29.98848,332.13,0.55,0.51,2024-10-09,2322,N20,VIIRS,n,2,281.62,4.96,N,2
51.89534,29.3403,306.6,0.57,0.52,2024-10-09,2322,N20,VIIRS,n,2,282.18,1.15,N,2
51.89053,29.3396,296.67,0.57,0.52,2024-10-09,2322,N20,VIIRS,n,2,281.99,1.23,N,2
52.84823,29.98394,311.52,0.59,0.53,2024-10-10,0102,N20,VIIRS,n,2,280.6,2.03,N,2
52.84592,29.99195,299.94,0.59,0.53,2024-10-10,0102,N20,VIIRS,n,2,280.6,2.03,N,2
51.88941,29.33334,314.31,0.6,0.53,2024-10-10,0103,N20,VIIRS,n,2,282.65,2.4,N,2
52.8485,29.98533,318.38,0.59,0.53,2024-10-10,0103,N20,VIIRS,n,2,281.01,2.34,N,2
51.89389,29.33661,320.71,0.6,0.53,2024-10-10,0103,N20,VIIRS,n,2,282.76,3.57,N,2
53.54996,27.66899,331.34,0.39,0.36,2024-10-10,1052,N20,VIIRS,n,2,289.21,2.82,D,0
51.89133,29.33617,305.5,0.46,0.63,2024-10-10,2303,N20,VIIRS,n,2,282.68,1.88,N,2
51.89141,29.32932,321.77,0.46,0.63,2024-10-10,2303,N20,VIIRS,n,2,282.78,2.42,N,2
52.84872,29.98555,345.07,0.43,0.62,2024-10-10,2303,N20,VIIRS,n,2,283.33,4.74,N,2
52.84841,29.98479,347.37,0.43,0.62,2024-10-10,2303,N20,VIIRS,n,2,283.32,5.34,N,2
52.85418,29.99425,295.88,0.39,0.44,2024-10-11,0044,N20,VIIRS,n,2,285.01,0.51,N,2
52.8466,29.98934,319.84,0.39,0.44,2024-10-11,0044,N20,VIIRS,n,2,282.7,1.85,N,2
51.89427,29.33735,296.11,0.39,0.44,2024-10-11,0044,N20,VIIRS,n,2,282.98,0.9,N,2
51.89301,29.34274,315.56,0.39,0.44,2024-10-11,0044,N20,VIIRS,n,2,283.5,0.9,N,2
51.89046,29.33501,304.43,0.39,0.44,2024-10-11,0044,N20,VIIRS,n,2,283.09,0.9,N,2
51.88919,29.34041,303.97,0.39,0.44,2024-10-11,0044,N20,VIIRS,n,2,282.94,0.9,N,2
55.50309,28.58862,297.22,0.39,0.36,2024-10-12,0024,N20,VIIRS,n,2,278.54,0.63,N,0
53.2712,24.44295,306.79,0.39,0.36,2024-10-12,0025,N20,VIIRS,n,2,278.23,0.86,N,2
53.678,23.89908,310.81,0.4,0.37,2024-10-12,0025,N20,VIIRS,n,2,279.76,2.08,N,0
52.67671,30.28608,331.58,0.47,0.4,2024-10-12,1014,N20,VIIRS,n,2,281.6,3.35,D,0
52.84734,29.98755,306.59,0.39,0.36,2024-10-13,0006,N20,VIIRS,n,2,267.62,0.7,N,2
53.27182,24.44211,302.58,0.51,0.41,2024-10-13,0006,N20,VIIRS,n,2,275.82,1.44,N,2
51.88737,29.33531,295.21,0.39,0.36,2024-10-13,0007,N20,VIIRS,n,2,278.33,0.56,N,2
52.8462,29.98458,296.18,0.47,0.4,2024-10-17,0031,N20,VIIRS,n,2,273.18,2.61,N,2
52.84827,29.99317,321.44,0.47,0.4,2024-10-17,0031,N20,VIIRS,n,2,275.72,3.55,N,2
52.84966,29.98654,307.21,0.47,0.4,2024-10-17,0031,N20,VIIRS,n,2,272.91,2.61,N,2
52.84481,29.99121,324.13,0.47,0.4,2024-10-17,0031,N20,VIIRS,n,2,273.86,3.55,N,2
53.27102,24.44258,307.29,0.38,0.36,2024-10-17,0032,N20,VIIRS,n,2,273.57,1.27,N,2
53.25956,24.44965,297.27,0.38,0.36,2024-10-17,0032,N20,VIIRS,n,2,274.98,0.73,N,2
51.88957,29.33924,295.69,0.47,0.39,2024-10-17,0032,N20,VIIRS,n,2,274.66,0.96,N,2
51.80988,24.115,333.61,0.47,0.48,2024-10-17,1020,N20,VIIRS,n,2,283.59,4.14,D,0
52.84569,29.99404,328.11,0.43,0.38,2024-10-17,1020,N20,VIIRS,n,2,282.4,5.05,D,2
52.87393,30.03855,327.79,0.43,0.38,2024-10-17,1020,N20,VIIRS,n,2,279.06,2.4,D,0
52.50957,24.12237,325.83,0.45,0.47,2024-10-17,1021,N20,VIIRS,n,2,282.63,2.08,D,0
55.69426,29.22241,330.44,0.41,0.37,2024-10-17,1021,N20,VIIRS,n,2,281.27,4.3,D,0
53.49122,24.13312,341.26,0.42,0.45,2024-10-17,1021,N20,VIIRS,n,2,284.79,4.68,D,0
52.08384,29.31567,325.16,0.63,0.72,2024-10-17,1201,N20,VIIRS,n,2,281.42,2.44,D,0
53.26142,24.44863,299.17,0.45,0.39,2024-10-18,0013,N20,VIIRS,n,2,276.97,0.8,N,2
52.84591,29.9895,328.25,0.39,0.36,2024-10-18,0013,N20,VIIRS,n,2,276.68,3.32,N,2
52.84914,29.99096,297.08,0.39,0.36,2024-10-18,0013,N20,VIIRS,n,2,273.67,3.32,N,2
52.84473,29.99082,332.59,0.4,0.44,2024-10-18,1002,N20,VIIRS,n,2,286.11,3.6,D,2
52.85198,29.99442,297.96,0.43,0.38,2024-10-18,2354,N20,VIIRS,n,2,276.29,1.66,N,2
51.89063,29.33809,299.39,0.44,0.38,2024-10-18,2354,N20,VIIRS,n,2,273.31,1.02,N,2
53.26453,24.44836,297.49,0.44,0.46,2024-10-18,2354,N20,VIIRS,n,2,275.26,1.17,N,2
52.84931,29.98694,310.39,0.43,0.38,2024-10-18,2354,N20,VIIRS,n,2,273.14,1.14,N,2
53.82334,27.88735,331.18,0.45,0.63,2024-10-19,0134,N20,VIIRS,n,2,267.75,3.55,N,0
53.25946,24.44644,304.28,0.35,0.57,2024-10-19,0134,N20,VIIRS,n,2,275.57,0.76,N,2
53.27319,24.44029,305.79,0.35,0.57,2024-10-19,0134,N20,VIIRS,n,2,274.1,0.84,N,2
52.30726,30.91991,301.75,0.66,0.73,2024-10-19,0134,N20,VIIRS,n,2,270.4,2.41,N,0
52.84676,29.98917,337.97,0.53,0.5,2024-10-19,1123,N20,VIIRS,n,2,286.76,8.52,D,2
52.14289,28.93092,333.67,0.47,0.48,2024-10-19,1123,N20,VIIRS,n,2,284.35,4.84,D,0
52.84441,29.98858,331.97,0.53,0.5,2024-10-19,1123,N20,VIIRS,n,2,286.36,4.71,D,2
53.26341,24.44401,300.09,0.35,0.56,2024-10-19,2335,N20,VIIRS,n,2,275.74,0.78,N,0
53.27405,24.43979,309.29,0.35,0.56,2024-10-19,2335,N20,VIIRS,n,2,275.41,0.87,N,2
53.27386,24.4401,300.45,0.35,0.56,2024-10-19,2335,N20,VIIRS,n,2,274.3,1,N,2
52.84767,29.9855,333.26,0.41,0.45,2024-10-19,2335,N20,VIIRS,n,2,272.5,3.85,N,2
52.84716,29.99155,322.3,0.41,0.45,2024-10-19,2335,N20,VIIRS,n,2,273.9,3.85,N,2
52.84874,29.98622,312.19,0.39,0.59,2024-10-20,0115,N20,VIIRS,n,2,263.26,1.74,N,2
53.27127,24.44366,300.86,0.47,0.48,2024-10-20,0115,N20,VIIRS,n,2,274.64,1.37,N,2
53.27032,24.44337,302.51,0.47,0.48,2024-10-20,0115,N20,VIIRS,n,2,274.9,0.62,N,2
52.85007,29.98845,323.81,0.39,0.59,2024-10-20,0115,N20,VIIRS,n,2,264.56,2.36,N,2
52.84708,29.99142,301.12,0.39,0.59,2024-10-20,0115,N20,VIIRS,n,2,264.9,1.6,N,2
52.84804,29.99262,332.34,0.45,0.63,2024-10-20,0924,N20,VIIRS,n,2,285.79,3.9,D,2
51.96285,26.07923,325.26,0.4,0.37,2024-10-20,1104,N20,VIIRS,n,2,285.44,2.24,D,0
52.84601,29.98924,330.95,0.52,0.42,2024-10-20,1104,N20,VIIRS,n,2,288.05,5.22,D,2
55.4882,28.59028,313.26,0.38,0.59,2024-10-20,2315,N20,VIIRS,n,2,270.87,1.7,N,0
55.48806,28.5964,319.47,0.38,0.59,2024-10-20,2315,N20,VIIRS,n,2,271.92,1.7,N,0
53.27291,24.43658,302.5,0.55,0.68,2024-10-20,2316,N20,VIIRS,n,2,277,1.13,N,2
52.84877,29.98506,311.75,0.64,0.54,2024-10-20,2316,N20,VIIRS,n,2,275.31,3.45,N,2
53.27085,24.43591,306.03,0.55,0.68,2024-10-20,2316,N20,VIIRS,n,2,276.89,1.85,N,2
53.39422,32.00875,295.88,0.53,0.5,2024-10-20,2316,N20,VIIRS,n,2,277.01,1.28,N,0
51.88848,29.33138,297.53,0.33,0.56,2024-10-20,2316,N20,VIIRS,n,2,274,0.7,N,2
52.60128,29.77795,314.63,0.32,0.55,2024-10-20,2316,N20,VIIRS,n,2,272.25,0.93,N,0
52.84537,29.99143,303.22,0.52,0.5,2024-10-21,0056,N20,VIIRS,n,2,273.33,1.45,N,2
55.48613,28.59822,300.4,0.39,0.44,2024-10-21,0056,N20,VIIRS,n,2,271.58,0.65,N,0
52.05653,27.86284,329.35,0.38,0.36,2024-10-21,1045,N20,VIIRS,n,2,285.5,2.41,D,0
52.84781,29.9868,311.44,0.51,0.66,2024-10-21,2257,N20,VIIRS,n,2,272.99,2.05,N,2
52.84542,29.98952,328.14,0.52,0.42,2024-10-22,0038,N20,VIIRS,n,2,274.02,4.93,N,2
52.84615,29.99041,332.19,0.52,0.42,2024-10-22,0038,N20,VIIRS,n,2,274.87,4.08,N,2
52.8451,29.9929,334.81,0.4,0.37,2024-10-22,1027,N20,VIIRS,n,2,289.39,9.8,D,2
52.79042,30.09122,328.24,0.4,0.37,2024-10-22,1027,N20,VIIRS,n,2,286.51,2.42,D,0
52.84614,29.99064,313.69,0.4,0.37,2024-10-23,0019,N20,VIIRS,n,2,275.38,1.33,N,2
53.41188,32.24379,336.96,0.62,0.71,2024-10-23,1149,N20,VIIRS,n,2,285.54,6.96,D,0
53.40822,32.24504,342.03,0.61,0.71,2024-10-23,1149,N20,VIIRS,n,2,286.12,5.99,D,0
52.84828,29.98754,326.26,0.4,0.37,2024-10-24,0000,N20,VIIRS,n,2,278.9,2.28,N,2
53.27048,24.44232,301.8,0.38,0.43,2024-10-24,0000,N20,VIIRS,n,2,272.73,0.75,N,2
52.84787,29.98655,301.44,0.66,0.73,2024-10-24,0140,N20,VIIRS,n,2,275.03,1.1,N,2
53.27163,24.44041,295.03,0.4,0.6,2024-10-24,0140,N20,VIIRS,n,2,268.53,0.4,N,2
53.06796,29.73087,315.15,0.57,0.52,2024-10-26,0103,N20,VIIRS,n,2,274.85,2.66,N,0
53.06917,29.7296,312.04,0.57,0.52,2024-10-26,0103,N20,VIIRS,n,2,275.11,2.51,N,0
54.28045,30.62741,339.24,0.45,0.39,2024-10-26,1052,N20,VIIRS,n,2,285.29,3.86,D,0
51.89085,29.33108,295.23,0.46,0.63,2024-10-26,2304,N20,VIIRS,n,2,274.08,0.78,N,2
53.27112,24.43921,304.59,0.41,0.37,2024-10-27,0044,N20,VIIRS,n,2,279.52,0.71,N,2
52.6791,25.05412,338.96,0.48,0.4,2024-10-27,1033,N20,VIIRS,n,2,284.9,6.12,D,0
52.6168,25.05184,333.3,0.48,0.4,2024-10-27,1033,N20,VIIRS,n,2,285,6.41,D,0
52.61328,25.05383,327.42,0.48,0.4,2024-10-27,1033,N20,VIIRS,n,2,284.96,6.41,D,0
52.84671,29.9918,330.57,0.39,0.36,2024-10-27,1033,N20,VIIRS,n,2,288.62,4.2,D,2
52.61446,25.05309,326.11,0.57,0.69,2024-10-27,1214,N20,VIIRS,n,2,283.16,2.79,D,0
52.08131,27.72578,335.1,0.73,0.76,2024-10-27,1214,N20,VIIRS,n,2,283.77,5.9,D,0
52.84587,29.98369,324.56,0.69,0.74,2024-10-27,2244,N20,VIIRS,n,2,275.98,5.67,N,2
52.84672,29.97925,318.53,0.69,0.74,2024-10-27,2244,N20,VIIRS,n,2,275.3,3.29,N,2
52.84854,29.98931,339.63,0.43,0.38,2024-10-28,0025,N20,VIIRS,n,2,278.85,10.29,N,2
53.19165,27.05743,341.79,0.39,0.44,2024-10-28,1014,N20,VIIRS,n,2,288.1,10.36,D,0
53.0871,24.72243,338.12,0.47,0.48,2024-10-28,1015,N20,VIIRS,n,2,288.58,5.34,D,0
55.50471,28.5842,296.32,0.42,0.37,2024-10-29,0006,N20,VIIRS,n,2,276.07,0.63,N,2
51.88897,29.33337,309.42,0.39,0.36,2024-10-29,0007,N20,VIIRS,n,2,275.9,1.12,N,2
51.89141,29.34017,298.08,0.39,0.36,2024-10-29,0007,N20,VIIRS,n,2,274.37,0.53,N,2
52.8443,29.99129,336.85,0.46,0.47,2024-10-29,0955,N20,VIIRS,n,2,286.95,12.78,D,2
52.63769,30.54842,338.07,0.44,0.46,2024-10-29,0955,N20,VIIRS,n,2,284.59,3.78,D,0
52.84598,29.98628,321.94,0.47,0.4,2024-10-29,2348,N20,VIIRS,n,2,278.26,1.58,N,2
52.84865,29.99308,296.67,0.47,0.4,2024-10-29,2348,N20,VIIRS,n,2,277.93,1.33,N,2
52.8494,29.98609,308.87,0.47,0.4,2024-10-29,2348,N20,VIIRS,n,2,277.35,1.33,N,2
53.2635,24.44795,299.85,0.38,0.36,2024-11-02,0032,N20,VIIRS,n,2,280.14,0.64,N,2
53.26027,24.44654,295.43,0.38,0.36,2024-11-02,0032,N20,VIIRS,n,2,279.08,0.4,N,2
53.27172,24.43948,305.71,0.38,0.36,2024-11-02,0032,N20,VIIRS,n,2,279.73,0.66,N,2
55.50576,28.58466,299.16,0.39,0.36,2024-11-03,0012,N20,VIIRS,n,2,271.47,0.49,N,2
53.27224,24.44143,310.31,0.45,0.39,2024-11-03,0013,N20,VIIRS,n,2,274.24,1.36,N,2
52.47475,28.80765,297.88,0.38,0.36,2024-11-03,0013,N20,VIIRS,n,2,271.61,0.66,N,3
52.8475,29.99125,314.18,0.39,0.36,2024-11-03,0013,N20,VIIRS,n,2,274.46,1.19,N,2
53.25138,26.73104,324.81,0.43,0.62,2024-11-04,0134,N20,VIIRS,n,2,276.14,2.07,N,0
52.84982,29.98975,301.03,0.58,0.7,2024-11-04,0134,N20,VIIRS,n,2,272.05,0.95,N,2
52.84683,29.98638,297.47,0.58,0.7,2024-11-04,0134,N20,VIIRS,n,2,271.9,0.64,N,2
52.84639,29.99159,295.22,0.41,0.45,2024-11-04,2335,N20,VIIRS,n,2,269.96,2.19,N,2
53.27282,24.43779,312.82,0.35,0.56,2024-11-04,2335,N20,VIIRS,n,2,271.23,0.83,N,2
52.84689,29.98556,334.31,0.41,0.45,2024-11-04,2335,N20,VIIRS,n,2,270.53,3.05,N,2
52.84599,29.98791,327.21,0.39,0.59,2024-11-05,0115,N20,VIIRS,n,2,270.63,2.61,N,2
51.89083,29.33797,297.72,0.4,0.6,2024-11-05,0115,N20,VIIRS,n,2,269.4,0.69,N,2
51.88588,29.33393,313.28,0.4,0.6,2024-11-05,0115,N20,VIIRS,n,2,268.79,1.2,N,2
53.27187,24.43632,301.21,0.55,0.68,2024-11-05,2316,N20,VIIRS,n,2,273.69,2.08,N,2
53.27424,24.43531,301.77,0.55,0.68,2024-11-05,2316,N20,VIIRS,n,2,272.61,1.27,N,0
51.96505,26.12177,329.79,0.4,0.37,2024-11-06,1045,N20,VIIRS,n,2,284.01,2.58,D,0
52.39702,29.64785,328.09,0.41,0.37,2024-11-07,1026,N20,VIIRS,n,2,281.4,2.37,D,0
52.06286,26.98573,341.48,0.48,0.4,2024-11-07,1027,N20,VIIRS,n,2,281.74,8.42,D,0
52.84846,29.98054,301.4,0.75,0.77,2024-11-14,0146,N20,VIIRS,n,2,267.76,3.13,N,2
52.8454,29.98471,303.54,0.75,0.77,2024-11-14,0146,N20,VIIRS,n,2,267.03,1.81,N,2
53.64577,23.80021,327.11,0.43,0.38,2024-11-15,1117,N20,VIIRS,n,2,279.38,4.16,D,0
52.84886,29.98575,300.59,0.47,0.48,2024-11-15,2328,N20,VIIRS,n,2,269.11,1,N,2
53.67821,23.88974,310.74,0.58,0.7,2024-11-21,2315,N20,VIIRS,n,2,267.46,2.12,N,0
53.67846,23.89544,315.21,0.58,0.7,2024-11-21,2315,N20,VIIRS,n,2,272.32,2.7,N,0
51.88889,29.33212,313.05,0.34,0.56,2024-11-21,2316,N20,VIIRS,n,2,270.61,1.3,N,2
53.68022,23.90103,328.29,0.46,0.39,2024-11-22,0056,N20,VIIRS,n,2,273.86,3.62,N,0
51.89014,29.33707,300.65,0.52,0.5,2024-11-22,0056,N20,VIIRS,n,2,269.76,1.13,N,2
52.12863,28.15465,331.99,0.46,0.47,2024-11-22,0056,N20,VIIRS,n,2,268.97,3.99,N,0
52.12703,28.16092,323.95,0.46,0.47,2024-11-22,0056,N20,VIIRS,n,2,269.96,3.99,N,0
53.27019,24.44086,298.25,0.48,0.4,2024-11-22,0056,N20,VIIRS,n,2,268.36,1.06,N,2
53.67849,23.90223,328.24,0.38,0.36,2024-11-23,0037,N20,VIIRS,n,2,276.32,2.89,N,0
53.67786,23.90817,329.73,0.44,0.62,2024-11-23,1208,N20,VIIRS,n,2,276.73,3.01,D,0
52.84691,29.98813,327.41,0.53,0.42,2024-11-24,1007,N20,VIIRS,n,2,274.67,4.53,D,2
52.84838,29.9876,318.51,0.4,0.37,2024-11-25,0000,N20,VIIRS,n,2,271.37,1.96,N,2
51.89301,29.34035,297.24,0.4,0.37,2024-11-25,0000,N20,VIIRS,n,2,268.38,0.74,N,2
51.89354,29.34151,316.43,0.55,0.43,2024-11-25,2341,N20,VIIRS,n,2,270.72,3.12,N,2
53.68165,23.89547,300.3,0.63,0.54,2024-11-25,2341,N20,VIIRS,n,2,275.95,1.83,N,0
53.27094,24.44155,295.04,0.6,0.53,2024-11-25,2341,N20,VIIRS,n,2,271.67,1.14,N,2
53.67698,23.90133,304.73,0.5,0.49,2024-11-26,0121,N20,VIIRS,n,2,276.86,1.47,N,0
53.26253,24.4455,298.38,0.53,0.5,2024-11-26,0121,N20,VIIRS,n,2,275.39,1.9,N,0
53.26236,24.44787,306.01,0.53,0.5,2024-11-26,0121,N20,VIIRS,n,2,276.34,1.52,N,2
52.59086,29.79569,332.72,0.42,0.61,2024-11-26,0930,N20,VIIRS,n,2,271.6,2.76,D,0
52.58969,29.79526,335.74,0.42,0.61,2024-11-26,0930,N20,VIIRS,n,2,272.31,2.97,D,0
52.32135,27.48129,330,0.48,0.4,2024-11-26,1110,N20,VIIRS,n,2,281.7,17.17,D,0
52.32269,27.4818,329.28,0.48,0.4,2024-11-26,1110,N20,VIIRS,n,2,278.54,27.59,D,0
52.8469,29.99056,338.11,0.4,0.44,2024-11-26,1110,N20,VIIRS,n,2,276.24,5.19,D,2
53.27318,24.43728,299.95,0.48,0.65,2024-12-12,2321,N20,VIIRS,n,2,269.98,0.84,N,2
52.85038,29.98341,296.57,0.55,0.51,2024-12-12,2321,N20,VIIRS,n,2,265.29,2.26,N,2
52.84996,29.99176,308.26,0.55,0.51,2024-12-12,2321,N20,VIIRS,n,2,266.06,2.28,N,2
52.84565,29.98268,309.18,0.55,0.51,2024-12-12,2321,N20,VIIRS,n,2,265.77,2.26,N,2
52.84523,29.991,315.54,0.55,0.51,2024-12-12,2321,N20,VIIRS,n,2,266.11,2.28,N,2
52.84974,29.98456,335.69,0.55,0.51,2024-12-12,2321,N20,VIIRS,n,2,266.1,4.36,N,2
52.84927,29.99288,297.6,0.55,0.51,2024-12-12,2321,N20,VIIRS,n,2,266.1,4.36,N,2
51.89109,29.33051,301.26,0.58,0.52,2024-12-12,2322,N20,VIIRS,n,2,268.51,1.85,N,2
52.84565,29.9903,314.93,0.58,0.52,2024-12-13,0102,N20,VIIRS,n,2,266.71,2.64,N,2
51.88866,29.33278,302.37,0.59,0.53,2024-12-13,0102,N20,VIIRS,n,2,267.29,2.11,N,2
52.49495,24.51813,338.49,0.4,0.37,2024-12-13,1051,N20,VIIRS,n,2,271.27,4.28,D,0
53.27215,24.44362,298.76,0.4,0.37,2024-12-14,0043,N20,VIIRS,n,2,267.88,0.61,N,2
52.84644,29.98945,330.65,0.39,0.36,2024-12-14,1032,N20,VIIRS,n,2,274.23,5.27,D,2
52.8448,29.98986,326.97,0.46,0.47,2024-12-17,1116,N20,VIIRS,n,2,272.84,3.72,D,2
53.27116,24.43617,299.08,0.41,0.6,2024-12-17,2328,N20,VIIRS,n,2,272.78,0.79,N,2
53.2727,24.44093,300.5,0.41,0.45,2024-12-18,0108,N20,VIIRS,n,2,272.74,1.08,N,2
53.26228,24.44713,297.12,0.41,0.45,2024-12-18,0108,N20,VIIRS,n,2,271.59,1.14,N,2
52.84529,29.99355,326.88,0.46,0.39,2024-12-18,1057,N20,VIIRS,n,2,276.25,5.97,D,2
52.8475,29.98853,324.28,0.39,0.36,2024-12-21,0012,N20,VIIRS,n,2,274.81,2.33,N,2
52.84677,29.99456,336.97,0.4,0.45,2024-12-21,1001,N20,VIIRS,n,2,274.81,9.53,D,2
52.84544,29.98894,329.11,0.4,0.45,2024-12-21,1001,N20,VIIRS,n,2,276.52,7.29,D,2
52.84573,29.99187,350.87,0.4,0.45,2024-12-21,1001,N20,VIIRS,n,2,277.22,13.5,D,2
52.8475,29.99348,326.39,0.42,0.61,2024-12-21,1142,N20,VIIRS,n,2,275.03,2.32,D,2
55.51255,28.56994,300.73,0.43,0.38,2024-12-25,0037,N20,VIIRS,n,2,269.15,0.51,N,0
53.2621,24.44836,300.72,0.42,0.37,2024-12-26,0019,N20,VIIRS,n,2,272.69,1.43,N,2
51.89087,29.33995,331.31,0.4,0.37,2024-12-26,0019,N20,VIIRS,n,2,268.78,4.76,N,2
