latitude,longitude,bright_ti4,scan,track,acq_date,acq_time,satellite,instrument,confidence,version,bright_ti5,frp,daynight,type
51.88683,29.33881,326.14,0.4,0.6,2020-01-01,0937,N20,VIIRS,n,2,271.96,2.74,D,2
51.88849,29.34407,333.67,0.4,0.6,2020-01-01,0937,N20,VIIRS,n,2,272.47,2.74,D,2
51.89013,29.34247,337.89,0.42,0.45,2020-01-01,1118,N20,VIIRS,n,2,274.03,4.47,D,2
51.89062,29.3386,305.1,0.49,0.49,2020-01-01,2330,N20,VIIRS,n,2,268.48,1.17,N,2
52.28802,28.50144,328.3,0.39,0.36,2020-01-03,1040,N20,VIIRS,n,2,274.08,2.06,D,0
52.37363,26.06989,328.9,0.42,0.38,2020-01-03,1040,N20,VIIRS,n,2,275.63,2.26,D,0
51.92347,23.88256,337.86,0.49,0.4,2020-01-03,1040,N20,VIIRS,n,2,275.95,4.47,D,0
51.88918,29.34226,333.62,0.38,0.36,2020-01-03,1040,N20,VIIRS,n,2,275.78,1.9,D,2
52.84602,29.9905,330.46,0.38,0.36,2020-01-03,1040,N20,VIIRS,n,2,278.46,4.18,D,2
51.89215,29.33661,309.98,0.63,0.72,2020-01-03,2252,N20,VIIRS,n,2,270.67,1.97,N,2
52.84912,29.98898,317.31,0.59,0.7,2020-01-03,2252,N20,VIIRS,n,2,270.3,4.03,N,2
51.89489,29.33021,315.27,0.63,0.72,2020-01-03,2252,N20,VIIRS,n,2,270.64,3.67,N,0
52.84762,29.98494,326.96,0.59,0.7,2020-01-03,2252,N20,VIIRS,n,2,270.12,3.24,N,2
51.89201,29.32716,301.7,0.63,0.72,2020-01-03,2252,N20,VIIRS,n,2,268.93,1.97,N,0
52.84784,29.98855,328.75,0.47,0.39,2020-01-04,0032,N20,VIIRS,n,2,271.61,3.95,N,2
51.89086,29.34313,317.56,0.46,0.39,2020-01-04,0033,N20,VIIRS,n,2,270.75,1.89,N,2
51.89218,29.33668,297.1,0.46,0.39,2020-01-04,0033,N20,VIIRS,n,2,270.2,1.18,N,2
52.84779,29.98775,319.71,0.43,0.38,2020-01-05,2355,N20,VIIRS,n,2,269.68,1.42,N,2
51.40956,30.49353,338.79,0.4,0.37,2020-01-08,1046,N20,VIIRS,n,2,274.34,3.59,D,0
52.84575,29.99224,330.18,0.4,0.37,2020-01-08,1047,N20,VIIRS,n,2,275.64,3.72,D,2
51.44324,30.55667,304.11,0.49,0.4,2020-01-11,2343,N20,VIIRS,n,2,270.93,1.54,N,0
51.44431,30.55619,303.85,0.49,0.41,2020-01-11,2343,N20,VIIRS,n,2,270.68,1.4,N,0
52.84835,29.99044,327.23,0.43,0.38,2020-01-15,0026,N20,VIIRS,n,2,274.96,5.32,N,2
51.86548,26.77739,295.21,0.39,0.36,2020-01-15,0027,N20,VIIRS,n,2,263.46,0.53,N,0
51.83302,29.17543,295.85,0.42,0.38,2020-01-15,0027,N20,VIIRS,n,2,271.05,0.54,N,0
52.84705,29.98825,327.38,0.39,0.36,2020-01-16,0008,N20,VIIRS,n,2,264,2.77,N,2
53.27165,24.43964,301.99,0.51,0.5,2020-01-16,2349,N20,VIIRS,n,2,271.7,1.51,N,2
52.8479,29.98704,325.22,0.47,0.4,2020-01-16,2349,N20,VIIRS,n,2,272.73,2.46,N,2
53.27141,24.43898,303.25,0.51,0.5,2020-01-16,2349,N20,VIIRS,n,2,271.46,1.05,N,2
52.84737,29.98945,329.46,0.51,0.66,2020-01-17,0129,N20,VIIRS,n,2,271.9,3.77,N,2
53.08314,24.46268,326.41,0.45,0.39,2020-01-21,0014,N20,VIIRS,n,2,272.8,3.17,N,0
51.91638,23.89816,331.95,0.36,0.58,2020-01-21,1003,N20,VIIRS,n,2,275.08,2.99,D,0
52.84798,29.988,326.8,0.4,0.37,2020-01-26,0020,N20,VIIRS,n,2,275.08,4.04,N,2
53.27016,24.44078,301.47,0.41,0.45,2020-02-03,0110,N20,VIIRS,n,2,273.9,1.11,N,2
52.84532,29.98932,331.34,0.39,0.36,2020-02-04,1041,N20,VIIRS,n,2,281.28,4.78,D,2
52.84547,29.98456,297.27,0.59,0.7,2020-02-04,2252,N20,VIIRS,n,2,266.26,1.33,N,2
53.2722,24.44242,302.39,0.38,0.36,2020-02-05,0033,N20,VIIRS,n,2,270.68,0.75,N,2
52.8468,29.98687,322.91,0.47,0.39,2020-02-05,0033,N20,VIIRS,n,2,257.9,2.9,N,2
52.65671,30.77719,334.6,0.42,0.37,2020-02-05,1022,N20,VIIRS,n,2,275.37,3.27,D,0
52.27616,31.057,326.65,0.42,0.37,2020-02-05,1022,N20,VIIRS,n,2,273.86,2.28,D,0
52.5927,25.56992,337.8,0.4,0.44,2020-02-05,1022,N20,VIIRS,n,2,274.48,3.34,D,0
52.84803,29.99199,328.89,0.43,0.38,2020-02-05,1022,N20,VIIRS,n,2,275.09,5.33,D,2
52.84588,29.99061,339.32,0.39,0.36,2020-02-06,0014,N20,VIIRS,n,2,269.44,7.3,N,2
53.27309,24.43937,299.56,0.44,0.46,2020-02-06,2355,N20,VIIRS,n,2,267.64,0.59,N,2
51.97237,27.19584,321.88,0.51,0.41,2020-02-06,2356,N20,VIIRS,n,2,264.91,1.77,N,0
53.2724,24.44457,296.59,0.35,0.57,2020-02-07,0136,N20,VIIRS,n,2,268.3,0.64,N,2
52.14734,26.77729,325.42,0.39,0.44,2020-02-07,1125,N20,VIIRS,n,2,272.85,5.75,D,0
52.84735,29.98871,320.01,0.41,0.45,2020-02-07,2336,N20,VIIRS,n,2,257.38,1.8,N,2
53.27302,24.44019,297.53,0.55,0.68,2020-02-08,2317,N20,VIIRS,n,2,269.79,1.54,N,2
53.27251,24.44113,300.03,0.48,0.4,2020-02-09,0058,N20,VIIRS,n,2,270.38,1.09,N,2
53.26978,24.44013,297.55,0.48,0.4,2020-02-09,0058,N20,VIIRS,n,2,269.28,1.32,N,2
52.45896,25.3946,326.19,0.4,0.37,2020-02-09,1047,N20,VIIRS,n,2,276.61,2.17,D,0
52.46121,25.3873,333.65,0.4,0.37,2020-02-09,1047,N20,VIIRS,n,2,277.07,4.72,D,0
52.00359,27.46372,329.34,0.39,0.36,2020-02-09,1047,N20,VIIRS,n,2,277.36,2.5,D,0
52.54784,26.86085,330.24,0.39,0.36,2020-02-09,1047,N20,VIIRS,n,2,278.64,3.85,D,0
52.54461,26.86227,334.99,0.39,0.36,2020-02-09,1047,N20,VIIRS,n,2,278.7,3.7,D,0
52.54137,26.86371,339.61,0.39,0.36,2020-02-09,1047,N20,VIIRS,n,2,278.57,3.7,D,0
51.83627,27.81906,325.13,0.38,0.36,2020-02-09,1047,N20,VIIRS,n,2,275.23,1.87,D,0
52.03855,24.86061,340.75,0.76,0.77,2020-02-09,1228,N20,VIIRS,n,2,273.82,10.72,D,0
52.04572,24.86134,355.12,0.76,0.77,2020-02-09,1228,N20,VIIRS,n,2,273.59,10.72,D,0
52.05289,24.86209,356.46,0.76,0.77,2020-02-09,1228,N20,VIIRS,l,2,275.11,16.36,D,0
52.84731,29.98571,312.28,0.51,0.66,2020-02-09,2258,N20,VIIRS,n,2,269.48,2.82,N,2
52.19605,27.02679,296.45,0.67,0.74,2020-02-09,2259,N20,VIIRS,n,2,268.25,2.01,N,0
52.19582,27.01663,315.13,0.67,0.74,2020-02-09,2259,N20,VIIRS,n,2,268.48,2.01,N,0
52.18162,26.99685,304.42,0.68,0.74,2020-02-09,2259,N20,VIIRS,n,2,268.26,2.21,N,0
52.18159,26.9889,304.14,0.68,0.74,2020-02-09,2259,N20,VIIRS,n,2,268.2,2.9,N,0
52.19283,27.02236,319.54,0.44,0.38,2020-02-10,0039,N20,VIIRS,n,2,270.36,1.58,N,0
52.18945,27.02058,297.33,0.44,0.38,2020-02-10,0039,N20,VIIRS,n,2,269.26,0.67,N,0
52.18296,26.99668,301.12,0.44,0.38,2020-02-10,0039,N20,VIIRS,n,2,269.33,1.22,N,0
52.17957,26.9949,310.54,0.44,0.38,2020-02-10,0039,N20,VIIRS,n,2,268.75,1.82,N,0
53.27026,24.44099,300.85,0.39,0.36,2020-02-10,0039,N20,VIIRS,n,2,267.2,0.83,N,2
52.84607,29.99268,325.4,0.52,0.42,2020-02-10,0039,N20,VIIRS,n,2,270.89,2.29,N,2
52.16299,27.04083,308.27,0.44,0.38,2020-02-10,0039,N20,VIIRS,n,2,268.49,1.56,N,0
51.89334,29.34498,295.51,0.52,0.42,2020-02-10,0039,N20,VIIRS,n,2,269.43,0.72,N,2
52.19622,27.02414,295.09,0.44,0.38,2020-02-10,0039,N20,VIIRS,n,2,269.5,1.58,N,0
52.01229,27.06413,295.34,0.44,0.39,2020-02-10,0039,N20,VIIRS,n,2,268.92,0.66,N,0
52.07045,24.80106,325.94,0.4,0.37,2020-02-10,0040,N20,VIIRS,n,2,271.82,3.44,N,0
52.06375,24.87762,318.64,0.4,0.37,2020-02-10,0040,N20,VIIRS,n,2,271.43,1.68,N,0
52.0615,24.87042,296.13,0.4,0.37,2020-02-10,0040,N20,VIIRS,n,2,270.54,1.43,N,0
52.05721,24.87454,322.19,0.4,0.37,2020-02-10,0040,N20,VIIRS,n,2,271.63,1.43,N,0
52.06718,24.79952,325.87,0.4,0.37,2020-02-10,0040,N20,VIIRS,n,2,271.16,1.83,N,0
52.06617,24.80517,310.53,0.4,0.37,2020-02-10,0040,N20,VIIRS,n,2,271.48,1.83,N,0
52.0629,24.80363,325.98,0.4,0.37,2020-02-10,0040,N20,VIIRS,n,2,271.96,1.83,N,0
52.06392,24.79799,306.28,0.4,0.37,2020-02-10,0040,N20,VIIRS,n,2,270.75,1.83,N,0
52.06157,24.80316,330.89,0.4,0.37,2020-02-10,0040,N20,VIIRS,n,2,272.48,2.29,N,0
52.04945,24.87105,318.13,0.4,0.37,2020-02-10,0040,N20,VIIRS,n,2,271.54,2.44,N,0
52.0583,24.80162,324.3,0.4,0.37,2020-02-10,0040,N20,VIIRS,n,2,271.86,2.29,N,0
52.04619,24.8695,327.95,0.4,0.37,2020-02-10,0040,N20,VIIRS,n,2,272.14,2.44,N,0
52.05504,24.80008,302.57,0.4,0.37,2020-02-10,0040,N20,VIIRS,n,2,271.08,0.99,N,0
52.04292,24.86796,319.44,0.4,0.37,2020-02-10,0040,N20,VIIRS,n,2,271.9,1.41,N,0
52.03965,24.86641,311.74,0.4,0.37,2020-02-10,0040,N20,VIIRS,n,2,271.14,1.41,N,0
52.03568,24.80934,306.37,0.4,0.37,2020-02-10,0040,N20,VIIRS,n,2,271.07,0.81,N,0
52.03467,24.81499,300.37,0.4,0.37,2020-02-10,0040,N20,VIIRS,n,2,270.74,0.63,N,0
52.00056,24.60976,311.9,0.4,0.37,2020-02-10,0040,N20,VIIRS,n,2,270.82,1.26,N,0
52.07029,24.88071,319.7,0.4,0.37,2020-02-10,0040,N20,VIIRS,n,2,271.41,2.25,N,0
52.06702,24.87917,314.23,0.4,0.37,2020-02-10,0040,N20,VIIRS,n,2,271.35,1.68,N,0
52.06944,24.80671,326.91,0.4,0.37,2020-02-10,0040,N20,VIIRS,n,2,272.2,3.44,N,0
52.06048,24.87608,318.85,0.4,0.37,2020-02-10,0040,N20,VIIRS,n,2,272.05,1.43,N,0
52.84792,29.99045,315.15,0.44,0.63,2020-02-13,0123,N20,VIIRS,n,2,270.61,1.86,N,2
52.1706,27.00328,333.35,0.54,0.51,2020-02-17,1137,N20,VIIRS,n,2,268.5,6.65,D,0
53.27182,24.4406,303.82,0.4,0.6,2020-02-18,2330,N20,VIIRS,n,2,273.85,1.22,N,2
53.0979,24.83883,295.46,0.39,0.59,2020-02-18,2330,N20,VIIRS,n,2,262.17,0.18,N,0
52.84803,29.99077,317.31,0.47,0.48,2020-02-18,2330,N20,VIIRS,n,2,274.29,2.53,N,2
52.83131,26.77173,337.69,0.4,0.37,2020-02-19,1100,N20,VIIRS,n,2,280.77,8.7,D,0
52.84632,29.98802,328.76,0.47,0.4,2020-02-19,1100,N20,VIIRS,n,2,284.56,6.38,D,2
52.84722,29.99191,331.05,0.39,0.36,2020-02-20,1041,N20,VIIRS,n,2,282.35,4.17,D,2
52.84688,29.98712,326.27,0.47,0.39,2020-02-21,0033,N20,VIIRS,n,2,272.94,3.73,N,2
53.26124,24.44759,298.29,0.38,0.36,2020-02-21,0033,N20,VIIRS,n,2,271.89,1.03,N,2
52.84551,29.99376,302.11,0.47,0.39,2020-02-21,0033,N20,VIIRS,n,2,269.96,2.71,N,2
52.84624,29.99388,298.35,0.47,0.39,2020-02-21,0033,N20,VIIRS,n,2,270.61,3.22,N,2
52.84764,29.98725,326.73,0.47,0.39,2020-02-21,0033,N20,VIIRS,n,2,273.08,3.22,N,2
52.52842,28.37316,331.25,0.48,0.4,2020-02-21,1022,N20,VIIRS,n,2,278.38,3.99,D,0
52.72654,26.98907,343.95,0.51,0.66,2020-02-21,1203,N20,VIIRS,n,2,273.93,10.01,D,0
52.84589,29.9892,330,0.39,0.36,2020-02-22,0014,N20,VIIRS,n,2,273.15,4.34,N,2
52.52591,27.39509,328.23,0.51,0.49,2020-02-22,1003,N20,VIIRS,n,2,279.01,3.83,D,0
52.84577,29.99084,336.65,0.4,0.44,2020-02-22,1003,N20,VIIRS,n,2,281.26,4,D,2
52.84677,29.99091,305.04,0.32,0.54,2020-02-24,2318,N20,VIIRS,n,2,270.95,0.83,N,2
52.84957,29.98914,309.09,0.51,0.5,2020-02-25,0058,N20,VIIRS,n,2,269.23,2.16,N,2
51.88847,29.33943,295.34,0.52,0.5,2020-02-25,0058,N20,VIIRS,n,2,269.54,1.02,N,2
53.26301,24.44916,300.05,0.39,0.36,2020-02-26,0039,N20,VIIRS,n,2,278.31,0.97,N,2
53.2636,24.44629,296.07,0.42,0.37,2020-02-27,0021,N20,VIIRS,n,2,273.46,0.78,N,2
52.84687,29.987,325.18,0.4,0.37,2020-02-28,0002,N20,VIIRS,n,2,270.83,4.29,N,2
52.84608,29.99287,318.35,0.4,0.37,2020-02-28,0002,N20,VIIRS,n,2,273.21,4.29,N,2
52.84602,29.99443,306.71,0.53,0.42,2020-02-28,2343,N20,VIIRS,n,2,270.68,4.04,N,2
52.84679,29.98652,326.33,0.53,0.42,2020-02-28,2343,N20,VIIRS,n,2,271.54,5.1,N,2
52.85028,29.9879,304.72,0.44,0.63,2020-02-29,0123,N20,VIIRS,n,2,268.3,2,N,2
52.84829,29.99373,318.23,0.44,0.63,2020-02-29,0123,N20,VIIRS,n,2,269.97,2,N,2
52.84688,29.99255,326.28,0.44,0.63,2020-02-29,0123,N20,VIIRS,n,2,270.61,3.43,N,2
52.84885,29.98668,295.78,0.44,0.63,2020-02-29,0123,N20,VIIRS,n,2,268.77,2.5,N,2
52.37432,25.17879,328,0.42,0.38,2020-02-29,1112,N20,VIIRS,n,2,276.95,5.73,D,0
52.37166,25.18604,341.68,0.42,0.38,2020-02-29,1112,N20,VIIRS,n,2,278.24,4.45,D,0
52.3709,25.17992,326.63,0.42,0.38,2020-02-29,1112,N20,VIIRS,n,2,277.64,2.63,D,0
52.37508,25.18492,344.8,0.42,0.38,2020-02-29,1112,N20,VIIRS,n,2,287.16,25.26,D,0
52.84889,29.98695,333.76,0.55,0.51,2020-02-29,2324,N20,VIIRS,n,2,271.86,5.43,N,2
52.84748,29.98989,328.42,0.55,0.51,2020-02-29,2324,N20,VIIRS,n,2,270.92,4.64,N,2
51.88997,29.33642,295.39,0.57,0.52,2020-02-29,2324,N20,VIIRS,n,2,268.11,1.3,N,2
53.26416,24.44788,296.61,0.41,0.37,2020-03-02,0046,N20,VIIRS,n,2,275.31,0.71,N,2
52.47191,23.51098,310.72,0.4,0.37,2020-03-03,0027,N20,VIIRS,n,2,273.94,0.9,N,0
52.84568,29.99397,328.08,0.47,0.4,2020-03-03,1016,N20,VIIRS,n,2,281.38,3.55,D,2
51.92511,28.06185,353.67,0.57,0.43,2020-03-03,1016,N20,VIIRS,n,2,290.85,30.49,D,0
53.67033,31.82603,296.54,0.38,0.36,2020-03-04,0008,N20,VIIRS,n,2,275.6,0.66,N,2
52.84734,29.99183,320.61,0.47,0.4,2020-03-04,2349,N20,VIIRS,n,2,261.24,3.09,N,2
52.94942,30.94677,332.58,0.51,0.49,2020-03-05,1119,N20,VIIRS,n,2,274.45,4.63,D,0
53.26232,24.44985,298.4,0.41,0.45,2020-03-06,0111,N20,VIIRS,n,2,273.66,0.93,N,2
53.27102,24.44239,309.28,0.38,0.36,2020-03-08,0033,N20,VIIRS,n,2,276.46,1.1,N,2
52.84539,29.99377,328.2,0.43,0.38,2020-03-08,1022,N20,VIIRS,n,2,287.39,2.94,D,2
52.84679,29.99236,326.4,0.39,0.36,2020-03-09,0014,N20,VIIRS,n,2,278.69,10.81,N,2
52.847,29.99147,337.11,0.41,0.45,2020-03-10,2337,N20,VIIRS,n,2,276.29,8.81,N,2
52.84573,29.99109,314.44,0.39,0.59,2020-03-11,0117,N20,VIIRS,n,2,272.4,1.64,N,2
52.84878,29.99353,320.25,0.39,0.59,2020-03-11,0117,N20,VIIRS,n,2,273.21,2.56,N,2
52.85024,29.98668,305.62,0.32,0.54,2020-03-11,2318,N20,VIIRS,n,2,272.9,1.42,N,2
52.85004,29.99149,332.17,0.32,0.54,2020-03-11,2318,N20,VIIRS,n,2,275.45,1.42,N,2
52.845,29.99085,295.83,0.32,0.54,2020-03-11,2318,N20,VIIRS,n,2,272.99,1.42,N,2
53.68096,23.90318,303.77,0.46,0.39,2020-03-12,0058,N20,VIIRS,n,2,276.08,1.57,N,0
52.84592,29.98837,313.55,0.51,0.5,2020-03-12,0058,N20,VIIRS,n,2,273.53,2.15,N,2
52.85994,30.32295,332.34,0.4,0.37,2020-03-12,1047,N20,VIIRS,n,2,284.23,14.64,D,0
52.85503,30.31233,333.42,0.4,0.37,2020-03-12,1047,N20,VIIRS,n,2,282.24,2.51,D,0
51.80996,26.68595,327.67,0.39,0.36,2020-03-12,1047,N20,VIIRS,n,2,285.64,3.28,D,0
52.85837,30.31113,343.95,0.4,0.37,2020-03-12,1047,N20,VIIRS,n,2,289.13,92.4,D,0
52.84714,29.9891,326.19,0.52,0.42,2020-03-13,0039,N20,VIIRS,n,2,276.54,4.23,N,2
52.84653,29.98829,326.45,0.52,0.42,2020-03-13,0039,N20,VIIRS,n,2,276.5,3.11,N,2
53.68181,23.90548,320.95,0.38,0.36,2020-03-13,0039,N20,VIIRS,n,2,279.11,2.65,N,0
52.2416,27.29165,304.96,0.45,0.39,2020-03-13,0040,N20,VIIRS,n,2,275.52,1.25,N,0
53.27222,24.44541,295.57,0.39,0.36,2020-03-13,0040,N20,VIIRS,n,2,274.56,0.85,N,2
53.68002,23.897,295.62,0.79,0.78,2020-03-13,0219,N20,VIIRS,n,2,271.18,1.87,N,0
53.67578,23.90669,296.32,0.79,0.78,2020-03-13,0219,N20,VIIRS,n,2,273.49,1.87,N,0
51.79995,30.31005,331.17,0.41,0.37,2020-03-13,1028,N20,VIIRS,n,2,285,2.71,D,0
51.47438,29.32743,328.57,0.43,0.38,2020-03-13,1028,N20,VIIRS,n,2,285.88,4.71,D,0
52.81873,27.0609,337.16,0.47,0.39,2020-03-13,1028,N20,VIIRS,n,2,280.65,3.57,D,0
52.84505,29.98856,325.86,0.4,0.37,2020-03-13,1028,N20,VIIRS,n,2,288.65,2.7,D,2
52.67388,30.1991,328.3,0.4,0.37,2020-03-13,1028,N20,VIIRS,n,2,287.17,3.9,D,0
51.97851,27.23311,343.7,0.48,0.4,2020-03-13,1028,N20,VIIRS,n,2,285.83,12.99,D,0
52.07578,28.40375,344.55,0.44,0.38,2020-03-13,1028,N20,VIIRS,n,2,284.77,5.15,D,0
52.69927,30.1896,302.54,0.4,0.37,2020-03-14,0021,N20,VIIRS,n,2,270.91,0.86,N,0
52.65814,30.19486,306.14,0.4,0.37,2020-03-14,0021,N20,VIIRS,n,2,272.25,1.23,N,0
53.26971,24.44386,305.54,0.38,0.43,2020-03-15,0002,N20,VIIRS,n,2,269.6,0.88,N,2
52.00174,27.48013,299.9,0.44,0.39,2020-03-15,0002,N20,VIIRS,n,2,266.14,1.76,N,0
52.00006,27.48513,308.51,0.44,0.39,2020-03-15,0002,N20,VIIRS,n,2,266.59,1.13,N,0
53.27065,24.44125,308.71,0.4,0.6,2020-03-15,0142,N20,VIIRS,n,2,269.14,1.26,N,2
53.27088,24.44329,304.16,0.4,0.6,2020-03-15,0142,N20,VIIRS,n,2,269.62,1.32,N,2
51.79908,26.6875,336.96,0.38,0.59,2020-03-15,0951,N20,VIIRS,n,2,279.64,3.46,D,0
52.00882,27.13499,330.13,0.36,0.57,2020-03-15,0951,N20,VIIRS,n,2,274.92,2.15,D,0
52.33035,27.83541,333.88,0.33,0.55,2020-03-15,0951,N20,VIIRS,n,2,278.01,2.81,D,0
52.84486,29.99197,326.08,0.52,0.5,2020-03-15,0951,N20,VIIRS,n,2,277.96,5,D,2
52.84921,26.75197,333.15,0.35,0.56,2020-03-15,0951,N20,VIIRS,n,2,278.61,2.79,D,0
52.8478,26.74728,325.94,0.35,0.56,2020-03-15,0951,N20,VIIRS,n,2,280.12,3.03,D,0
52.95273,25.96078,326.87,0.37,0.58,2020-03-15,0951,N20,VIIRS,n,2,276.41,2.15,D,0
52.95751,25.95673,335.43,0.37,0.58,2020-03-15,0951,N20,VIIRS,n,2,278,2.85,D,0
51.81421,28.43464,339.12,0.53,0.5,2020-03-15,1131,N20,VIIRS,n,2,278.82,5.34,D,0
52.8074,25.79745,330.67,0.42,0.45,2020-03-15,1131,N20,VIIRS,n,2,278.08,3.64,D,0
52.85403,26.07885,341.95,0.43,0.46,2020-03-15,1131,N20,VIIRS,n,2,279.93,6.37,D,0
52.84893,26.74876,342.55,0.46,0.47,2020-03-15,1131,N20,VIIRS,n,2,282.69,8.62,D,0
52.84858,26.75006,350.2,0.46,0.47,2020-03-15,1131,N20,VIIRS,n,2,282.92,8.81,D,0
52.84423,26.75087,337.38,0.46,0.47,2020-03-15,1131,N20,VIIRS,n,2,280.01,3.83,D,0
52.48907,26.49319,337.3,0.44,0.46,2020-03-15,1131,N20,VIIRS,n,2,280.39,4.1,D,0
52.14209,27.16146,334.08,0.47,0.48,2020-03-15,1131,N20,VIIRS,n,2,280.96,12.73,D,0
52.14254,27.16837,337.37,0.47,0.48,2020-03-15,1131,N20,VIIRS,n,2,282.52,12.73,D,0
52.1425,27.16158,334.43,0.47,0.48,2020-03-15,1131,N20,VIIRS,n,2,281.16,10.56,D,0
52.14299,27.16849,338.19,0.47,0.48,2020-03-15,1131,N20,VIIRS,n,2,283.02,16.16,D,0
52.0287,26.37485,342.01,0.43,0.46,2020-03-15,1131,N20,VIIRS,n,2,282.8,6.87,D,0
52.02446,26.37566,337.49,0.43,0.46,2020-03-15,1131,N20,VIIRS,n,2,282.53,6.87,D,0
52.00288,26.81858,327.39,0.45,0.47,2020-03-15,1131,N20,VIIRS,n,2,279.99,1.73,D,0
51.79995,26.68963,341.36,0.44,0.46,2020-03-15,1131,N20,VIIRS,n,2,282.48,3.64,D,0
54.09995,27.37786,304.53,0.46,0.47,2020-03-15,2343,N20,VIIRS,n,2,268.88,1.69,N,0
52.81982,25.81628,299.99,0.52,0.5,2020-03-15,2343,N20,VIIRS,n,2,265.41,2.71,N,0
52.84814,29.98938,332.53,0.53,0.42,2020-03-15,2343,N20,VIIRS,n,2,269.29,5.66,N,2
54.10045,27.37071,309.73,0.46,0.47,2020-03-15,2343,N20,VIIRS,n,2,266.33,1.59,N,0
52.82029,25.80853,335.73,0.52,0.5,2020-03-15,2343,N20,VIIRS,n,2,265.6,2.71,N,0
52.84425,29.9894,314.78,0.44,0.63,2020-03-16,0123,N20,VIIRS,n,2,267.93,2.58,N,2
51.91154,26.90689,329.58,0.56,0.68,2020-03-16,0932,N20,VIIRS,n,2,275.73,3.2,D,0
52.09175,24.92876,328.66,0.41,0.37,2020-03-16,1112,N20,VIIRS,n,2,268.8,3.73,D,0
52.38589,27.94053,328.81,0.5,0.41,2020-03-16,1112,N20,VIIRS,n,2,265.61,9.37,D,0
52.0042,26.11149,331.78,0.44,0.38,2020-03-16,1112,N20,VIIRS,n,2,268.66,3.7,D,0
52.00071,26.11256,342.57,0.44,0.38,2020-03-16,1112,N20,VIIRS,n,2,269.42,3.89,D,0
51.99722,26.11363,331.52,0.44,0.38,2020-03-16,1112,N20,VIIRS,n,2,269.41,3.89,D,0
51.58947,27.96826,328.8,0.49,0.4,2020-03-16,1112,N20,VIIRS,n,2,270.27,5.8,D,0
53.26863,24.44544,299.64,0.54,0.42,2020-03-17,0105,N20,VIIRS,n,2,274.06,1.15,N,2
52.12781,27.15269,326.5,0.39,0.36,2020-03-17,1053,N20,VIIRS,n,2,283.04,2.49,D,0
52.11795,27.66883,327.41,0.39,0.36,2020-03-17,1053,N20,VIIRS,n,2,282.54,1.46,D,0
52.01116,27.15357,330.05,0.38,0.36,2020-03-17,1053,N20,VIIRS,n,2,288.15,3.01,D,0
51.86624,26.8529,327.15,0.38,0.36,2020-03-17,1053,N20,VIIRS,n,2,287.25,3.02,D,0
51.86421,26.95255,326.99,0.38,0.36,2020-03-17,1053,N20,VIIRS,n,2,287.07,2.34,D,0
51.98703,26.10492,336.16,0.38,0.36,2020-03-17,1053,N20,VIIRS,n,2,289.58,7.57,D,0
51.98379,26.10627,341.83,0.38,0.36,2020-03-17,1053,N20,VIIRS,n,2,291.16,7.57,D,0
51.98055,26.10763,329.23,0.38,0.36,2020-03-17,1053,N20,VIIRS,n,2,287.23,1.83,D,0
52.0818,26.77921,325.36,0.38,0.36,2020-03-17,1053,N20,VIIRS,n,2,290.31,2.13,D,0
51.97145,26.09386,328.55,0.38,0.36,2020-03-17,1053,N20,VIIRS,n,2,286.25,3.33,D,0
52.07855,26.78051,348.46,0.38,0.36,2020-03-17,1053,N20,VIIRS,n,2,293.34,8.72,D,0
51.96821,26.09522,344.62,0.38,0.36,2020-03-17,1053,N20,VIIRS,n,2,287.35,3.33,D,0
52.13189,27.15694,338.24,0.39,0.36,2020-03-17,1053,N20,VIIRS,n,2,287.09,5.69,D,0
52.26351,26.28502,336.81,0.38,0.36,2020-03-17,1053,N20,VIIRS,n,2,289.15,2.85,D,0
52.1598,26.95273,345.73,0.38,0.36,2020-03-17,1053,N20,VIIRS,n,2,290.23,15.83,D,0
52.11821,26.74701,339.19,0.38,0.36,2020-03-17,1053,N20,VIIRS,n,2,285.5,3.55,D,0
52.15655,26.95403,340.88,0.38,0.36,2020-03-17,1053,N20,VIIRS,n,2,293.54,15.83,D,0
53.8601,31.67965,336.86,0.48,0.4,2020-03-17,1054,N20,VIIRS,n,2,285.05,4.53,D,0
53.9437,24.89321,333.44,0.39,0.36,2020-03-17,1054,N20,VIIRS,n,2,287.74,3.99,D,0
54.19746,31.3579,327.97,0.48,0.4,2020-03-17,1054,N20,VIIRS,n,2,282.39,2.84,D,0
53.88332,31.74033,327.96,0.49,0.4,2020-03-17,1054,N20,VIIRS,n,2,284.11,2.62,D,0
53.8619,31.67847,326.12,0.48,0.4,2020-03-17,1054,N20,VIIRS,n,2,284.14,5.11,D,0
53.22908,31.66608,332.42,0.47,0.4,2020-03-17,1054,N20,VIIRS,n,2,279.37,3.71,D,0
53.71594,31.44587,331.24,0.47,0.4,2020-03-17,1054,N20,VIIRS,n,2,284.36,3.16,D,0
52.68826,26.49594,331.27,0.38,0.36,2020-03-17,1054,N20,VIIRS,n,2,289.86,2.82,D,0
52.68911,26.50151,329.1,0.38,0.36,2020-03-17,1054,N20,VIIRS,n,2,290.41,2.58,D,0
52.40234,25.26032,326.16,0.39,0.36,2020-03-17,1054,N20,VIIRS,n,2,283.69,1.32,D,0
52.49475,26.96564,340.94,0.39,0.36,2020-03-17,1054,N20,VIIRS,n,2,288.27,5.4,D,0
52.50877,26.96921,332.16,0.39,0.36,2020-03-17,1054,N20,VIIRS,n,2,287.31,3.36,D,0
52.66525,30.18365,320.57,0.43,0.62,2020-03-17,2305,N20,VIIRS,n,2,267.52,1.84,N,0
53.27227,24.43909,296.56,0.74,0.76,2020-03-17,2305,N20,VIIRS,n,2,263.57,0.53,N,2
52.84803,29.99198,315.85,0.43,0.62,2020-03-17,2305,N20,VIIRS,n,2,274.08,2.72,N,2
52.67096,30.18398,320.35,0.43,0.62,2020-03-17,2305,N20,VIIRS,n,2,267.8,1.84,N,0
52.65876,30.17866,299.66,0.4,0.45,2020-03-18,0046,N20,VIIRS,n,2,269.11,0.75,N,0
52.66209,30.18245,320.48,0.4,0.44,2020-03-18,0046,N20,VIIRS,n,2,266.65,2.11,N,0
52.66592,30.18497,310.79,0.4,0.44,2020-03-18,0046,N20,VIIRS,n,2,267.57,2.11,N,0
52.66975,30.18746,307.45,0.4,0.44,2020-03-18,0046,N20,VIIRS,n,2,268.17,1.27,N,0
52.67112,30.18187,310.85,0.4,0.44,2020-03-18,0046,N20,VIIRS,n,2,266.1,1.27,N,0
52.67852,30.20618,333.64,0.4,0.45,2020-03-18,0046,N20,VIIRS,n,2,271.09,3.01,N,0
52.84598,29.98889,331.98,0.39,0.44,2020-03-18,0046,N20,VIIRS,n,2,275.03,2.58,N,2
54.05723,31.45575,356.15,0.68,0.74,2020-03-18,0855,N20,VIIRS,l,2,279.05,16.58,D,0
54.05371,31.44717,354.51,0.68,0.74,2020-03-18,0855,N20,VIIRS,n,2,277.43,16.86,D,0
52.06324,29.23242,325.77,0.4,0.37,2020-03-18,1034,N20,VIIRS,n,2,288.75,2.1,D,0
51.83805,29.97731,329.8,0.39,0.36,2020-03-18,1034,N20,VIIRS,n,2,289.62,4.49,D,0
51.67579,29.41593,347.18,0.4,0.37,2020-03-18,1034,N20,VIIRS,n,2,299.74,23.59,D,0
51.47301,29.32377,328.25,0.4,0.37,2020-03-18,1034,N20,VIIRS,n,2,291.2,2.47,D,0
53.18996,29.55588,329.29,0.39,0.36,2020-03-18,1035,N20,VIIRS,n,2,281.73,2.11,D,0
52.66937,30.17949,333.88,0.39,0.36,2020-03-18,1035,N20,VIIRS,n,2,292.96,13.07,D,0
52.67352,30.18365,334.74,0.39,0.36,2020-03-18,1035,N20,VIIRS,n,2,292.63,9.57,D,0
52.6726,30.17807,347.84,0.39,0.36,2020-03-18,1035,N20,VIIRS,n,2,300.58,18.21,D,0
52.68037,30.20454,339.74,0.39,0.36,2020-03-18,1035,N20,VIIRS,n,2,288.34,4.75,D,0
52.67584,30.17665,343.49,0.39,0.36,2020-03-18,1035,N20,VIIRS,n,2,287.19,18.21,D,0
52.69383,30.18069,337.16,0.39,0.36,2020-03-18,1035,N20,VIIRS,n,2,286.4,23.96,D,0
52.94801,30.77976,342.65,0.38,0.36,2020-03-18,1035,N20,VIIRS,n,2,288.35,5.13,D,0
52.33013,27.10756,328.87,0.43,0.38,2020-03-18,1035,N20,VIIRS,n,2,282.3,4.47,D,0
52.84658,29.99165,334.78,0.39,0.36,2020-03-18,1035,N20,VIIRS,n,2,290.39,4.53,D,2
52.97663,30.50211,337.72,0.38,0.36,2020-03-18,1035,N20,VIIRS,n,2,288.19,5.99,D,0
53.19007,31.83997,325.09,0.39,0.36,2020-03-18,1035,N20,VIIRS,n,2,287.27,2.52,D,0
53.19333,31.83865,334.07,0.39,0.36,2020-03-18,1035,N20,VIIRS,n,2,287.32,2.52,D,0
53.1925,31.83295,333.71,0.39,0.36,2020-03-18,1035,N20,VIIRS,n,2,287.79,4.09,D,0
53.0416,30.69565,330.84,0.38,0.36,2020-03-18,1035,N20,VIIRS,n,2,288.32,3.57,D,0
52.50053,27.49612,327.61,0.42,0.38,2020-03-18,1035,N20,VIIRS,n,2,285,3.19,D,0
52.50386,27.49444,336.39,0.42,0.38,2020-03-18,1035,N20,VIIRS,n,2,287.86,7.03,D,0
53.23523,31.68043,330.78,0.39,0.36,2020-03-18,1035,N20,VIIRS,n,2,287.38,3.47,D,0
52.94295,29.69637,335.84,0.39,0.36,2020-03-18,1035,N20,VIIRS,n,2,288.63,2.86,D,0
53.21464,31.17142,333.96,0.38,0.36,2020-03-18,1035,N20,VIIRS,n,2,287.98,5.76,D,0
53.00986,29.6215,330.61,0.39,0.36,2020-03-18,1035,N20,VIIRS,n,2,287.42,4.66,D,0
53.01958,29.61707,328.59,0.39,0.36,2020-03-18,1035,N20,VIIRS,n,2,287.84,7.17,D,0
53.01863,29.61143,326.48,0.39,0.36,2020-03-18,1035,N20,VIIRS,n,2,288.75,7.17,D,0
52.7441,28.03626,333.83,0.41,0.37,2020-03-18,1035,N20,VIIRS,n,2,287.52,3.63,D,0
52.81981,27.99887,328.77,0.41,0.37,2020-03-18,1035,N20,VIIRS,n,2,286.36,2.1,D,0
53.27306,30.45702,329.9,0.38,0.36,2020-03-18,1035,N20,VIIRS,n,2,288.49,2.92,D,0
53.58019,31.9504,334.96,0.39,0.36,2020-03-18,1035,N20,VIIRS,n,2,286.27,1.85,D,0
52.03807,27.82224,335.25,0.42,0.38,2020-03-18,1035,N20,VIIRS,n,2,286.09,3.9,D,0
52.04362,27.83243,329.63,0.42,0.38,2020-03-18,1035,N20,VIIRS,n,2,287.11,3.67,D,0
52.0414,27.82061,331.52,0.42,0.38,2020-03-18,1035,N20,VIIRS,n,2,287.73,3.9,D,0
52.02755,27.47589,333.5,0.43,0.38,2020-03-18,1035,N20,VIIRS,n,2,286.55,3.4,D,0
52.00843,27.22066,337.58,0.43,0.38,2020-03-18,1035,N20,VIIRS,n,2,288.56,4.07,D,0
52.04137,27.13636,347.95,0.43,0.38,2020-03-18,1035,N20,VIIRS,n,2,287.63,8.23,D,0
52.13555,27.53259,340.63,0.42,0.38,2020-03-18,1035,N20,VIIRS,n,2,288.97,5.1,D,0
53.77959,30.70046,329.19,0.38,0.36,2020-03-18,1035,N20,VIIRS,n,2,284.69,2.61,D,0
52.70554,30.74975,329.65,0.38,0.36,2020-03-18,1035,N20,VIIRS,n,2,287.3,4.06,D,0
52.70205,30.72747,327.13,0.38,0.36,2020-03-18,1035,N20,VIIRS,n,2,287.87,1.76,D,0
52.70116,30.72189,331.7,0.38,0.36,2020-03-18,1035,N20,VIIRS,n,2,289.35,2.46,D,0
54.58466,31.0465,333.53,0.39,0.36,2020-03-18,1035,N20,VIIRS,n,2,271.09,3.89,D,0
52.66199,30.17676,329.68,0.39,0.36,2020-03-18,1035,N20,VIIRS,n,2,288.78,2.93,D,0
54.05423,31.4571,338,0.39,0.36,2020-03-18,1035,N20,VIIRS,n,2,279.1,3.31,D,0
52.66523,30.17533,336.78,0.39,0.36,2020-03-18,1035,N20,VIIRS,n,2,293.38,13.07,D,0
52.67118,30.19065,333.62,0.39,0.36,2020-03-18,1035,N20,VIIRS,n,2,288.89,3.89,D,0
53.85904,31.76934,339.47,0.39,0.36,2020-03-18,1035,N20,VIIRS,n,2,285.21,5.62,D,0
53.37464,28.76071,339.75,0.39,0.36,2020-03-18,1035,N20,VIIRS,n,2,282.05,6.66,D,0
53.8033,31.71837,334.86,0.39,0.36,2020-03-18,1035,N20,VIIRS,n,2,287.76,8.49,D,0
53.80003,31.71972,328.44,0.39,0.36,2020-03-18,1035,N20,VIIRS,n,2,284.59,3.64,D,0
53.57436,27.76637,325.24,0.74,0.76,2020-03-18,1216,N20,VIIRS,n,2,279.7,2.86,D,0
52.76236,26.11227,331.53,0.63,0.72,2020-03-18,1216,N20,VIIRS,n,2,279.45,6.7,D,0
52.432,25.24946,356.6,0.58,0.7,2020-03-18,1216,N20,VIIRS,l,2,280.5,28.39,D,0
52.43209,25.24078,351.69,0.58,0.7,2020-03-18,1216,N20,VIIRS,n,2,286.76,34.16,D,0
52.18633,27.22762,302.54,0.39,0.36,2020-03-19,0027,N20,VIIRS,n,2,273.05,0.78,N,0
53.33678,31.67033,309.66,0.46,0.39,2020-03-19,0027,N20,VIIRS,n,2,265.7,1.84,N,0
52.8472,29.99228,328.82,0.43,0.38,2020-03-19,0027,N20,VIIRS,n,2,266.74,2.95,N,2
53.27119,24.44048,317.52,0.39,0.36,2020-03-19,0027,N20,VIIRS,n,2,279.85,1.96,N,2
52.22176,29.78408,317.95,0.43,0.38,2020-03-19,0027,N20,VIIRS,n,2,266.77,2.02,N,0
51.95328,24.91669,304.89,0.39,0.36,2020-03-19,0027,N20,VIIRS,n,2,274.27,0.73,N,0
51.84107,26.79517,296.12,0.39,0.36,2020-03-19,0027,N20,VIIRS,n,2,266.16,0.27,N,0
52.12273,27.55346,318.79,0.39,0.36,2020-03-19,0027,N20,VIIRS,n,2,274.96,1.7,N,0
52.42911,25.24312,308.03,0.39,0.36,2020-03-19,0027,N20,VIIRS,n,2,274.15,0.93,N,0
52.42826,25.24868,304.86,0.39,0.36,2020-03-19,0027,N20,VIIRS,n,2,273.49,0.93,N,0
52.33517,25.6051,317.62,0.38,0.36,2020-03-19,0027,N20,VIIRS,n,2,275.16,1.91,N,0
52.00664,27.14472,301.16,0.39,0.36,2020-03-19,0027,N20,VIIRS,n,2,274.79,0.58,N,0
53.27252,24.44078,296.02,0.67,0.74,2020-03-19,0207,N20,VIIRS,n,2,272.25,1.05,N,2
52.43024,25.23705,299.48,0.77,0.78,2020-03-19,0207,N20,VIIRS,n,2,271.45,1.72,N,0
52.43122,25.24875,298.66,0.77,0.78,2020-03-19,0207,N20,VIIRS,n,2,272.38,2.02,N,0
52.10593,26.11484,337.06,0.44,0.46,2020-03-19,1016,N20,VIIRS,n,2,290.12,15.52,D,0
51.51252,28.63392,331.52,0.56,0.43,2020-03-19,1016,N20,VIIRS,n,2,292.5,5.45,D,0
52.10743,26.12091,348.38,0.44,0.46,2020-03-19,1016,N20,VIIRS,n,2,288.54,14.27,D,0
52.10344,26.12352,353.43,0.44,0.46,2020-03-19,1016,N20,VIIRS,n,2,289.06,14.27,D,0
53.08595,32.12842,326.35,0.42,0.37,2020-03-19,1016,N20,VIIRS,n,2,270.82,3.2,D,0
52.05214,27.00134,341.07,0.41,0.45,2020-03-19,1016,N20,VIIRS,n,2,285.49,4.8,D,0
51.51216,28.6352,327.37,0.5,0.66,2020-03-19,1156,N20,VIIRS,n,2,286.34,4.17,D,0
51.9507,26.28216,331.95,0.43,0.38,2020-03-20,0008,N20,VIIRS,n,2,275.87,3.02,N,0
52.85289,29.99785,307.76,0.39,0.36,2020-03-20,0008,N20,VIIRS,n,2,278.86,1.24,N,2
52.84724,29.98954,332.23,0.39,0.36,2020-03-20,0008,N20,VIIRS,n,2,276.3,4.59,N,2
53.27138,24.43995,306.84,0.51,0.41,2020-03-20,0008,N20,VIIRS,n,2,273.09,0.93,N,2
52.35806,30.06226,328.3,0.38,0.36,2020-03-20,0008,N20,VIIRS,n,2,273.45,3.6,N,0
52.44979,25.04773,323.82,0.48,0.4,2020-03-20,0008,N20,VIIRS,n,2,270.4,2.73,N,0
52.44903,25.05471,307.67,0.47,0.4,2020-03-20,0008,N20,VIIRS,n,2,268.66,2.73,N,0
52.4454,25.05362,335.64,0.47,0.4,2020-03-20,0008,N20,VIIRS,n,2,272.06,2.73,N,0
52.44101,25.05952,325.77,0.47,0.4,2020-03-20,0008,N20,VIIRS,n,2,270.85,4.53,N,0
52.44025,25.0665,331.33,0.47,0.4,2020-03-20,0008,N20,VIIRS,n,2,273.02,4.53,N,0
52.43663,25.06541,314.19,0.47,0.4,2020-03-20,0008,N20,VIIRS,n,2,271.33,4.53,N,0
52.13256,27.13758,300.13,0.42,0.37,2020-03-20,0008,N20,VIIRS,n,2,271.42,0.59,N,0
52.01068,27.42589,326.1,0.41,0.37,2020-03-20,0008,N20,VIIRS,n,2,274.17,1.78,N,0
52.00731,27.42473,306.4,0.41,0.37,2020-03-20,0008,N20,VIIRS,n,2,273.16,1.78,N,0
51.91955,26.12161,295.64,0.44,0.38,2020-03-20,0008,N20,VIIRS,n,2,270.52,1.2,N,0
51.91607,26.1205,330.85,0.44,0.38,2020-03-20,0008,N20,VIIRS,n,2,270.64,1.48,N,0
51.9153,26.12683,295.91,0.44,0.38,2020-03-20,0008,N20,VIIRS,n,2,269.44,1.48,N,0
51.91258,26.1194,295.05,0.44,0.38,2020-03-20,0008,N20,VIIRS,n,2,268.87,1.48,N,0
52.44616,25.05078,367,0.52,0.67,2020-03-20,0148,N20,VIIRS,h,2,270.94,11.08,N,0
53.2744,24.44167,295.61,0.46,0.63,2020-03-20,0148,N20,VIIRS,n,2,268.38,0.66,N,2
51.916,26.10028,310.62,0.59,0.7,2020-03-20,0148,N20,VIIRS,n,2,268.76,2.03,N,0
51.91597,26.12063,340,0.59,0.7,2020-03-20,0148,N20,VIIRS,n,2,271.85,5.5,N,0
51.91876,26.11319,332.59,0.59,0.7,2020-03-20,0148,N20,VIIRS,n,2,269.58,5.5,N,0
52.44379,25.05741,351.98,0.52,0.67,2020-03-20,0148,N20,VIIRS,n,2,271.92,11.08,N,0
54.39027,30.42952,328.93,0.4,0.44,2020-03-20,0957,N20,VIIRS,n,2,283.9,2.37,D,0
54.41666,31.21237,343.29,0.56,0.43,2020-03-20,0957,N20,VIIRS,n,2,288.48,7.09,D,0
52.71624,30.31063,342.77,0.45,0.47,2020-03-20,0957,N20,VIIRS,n,2,289.62,7.14,D,0
52.00826,27.42366,350.81,0.61,0.53,2020-03-20,0957,N20,VIIRS,n,2,283.85,10.24,D,0
52.00715,27.42711,338.4,0.61,0.53,2020-03-20,0957,N20,VIIRS,n,2,284.21,7.41,D,0
53.24345,31.67698,328.22,0.39,0.44,2020-03-20,0957,N20,VIIRS,n,2,283.99,2.37,D,0
52.90866,30.15603,354.15,0.45,0.47,2020-03-20,0957,N20,VIIRS,n,2,289.43,13.16,D,0
51.91798,26.12673,325.41,0.34,0.56,2020-03-20,0957,N20,VIIRS,n,2,281.72,4.11,D,0
51.91256,26.10861,335.38,0.34,0.56,2020-03-20,0957,N20,VIIRS,n,2,285.24,3.95,D,0
52.86432,26.62562,343.25,0.61,0.53,2020-03-20,0957,N20,VIIRS,n,2,289.08,65.9,D,0
52.85984,26.62912,333.18,0.61,0.53,2020-03-20,0957,N20,VIIRS,n,2,290.5,65.9,D,0
51.67926,30.55054,349.07,0.47,0.48,2020-03-20,0957,N20,VIIRS,n,2,291.74,9.02,D,0
51.68022,30.54988,350.43,0.47,0.48,2020-03-20,0957,N20,VIIRS,n,2,292.41,8.15,D,0
53.96309,31.66086,327.82,0.56,0.43,2020-03-20,0957,N20,VIIRS,n,2,284.66,6.14,D,0
51.91589,26.10039,355.91,0.34,0.56,2020-03-20,0957,N20,VIIRS,l,2,285.99,9.34,D,0
51.92131,26.11854,355.91,0.34,0.56,2020-03-20,0957,N20,VIIRS,l,2,285.81,8.64,D,0
51.91725,26.10493,350.37,0.34,0.56,2020-03-20,0957,N20,VIIRS,n,2,284.47,3.95,D,0
51.9186,26.10946,329.5,0.34,0.56,2020-03-20,0957,N20,VIIRS,n,2,282.32,3.95,D,0
53.96124,31.65287,329.54,0.56,0.43,2020-03-20,0957,N20,VIIRS,n,2,286.17,3.45,D,0
54.42036,31.20985,335.48,0.56,0.43,2020-03-20,0957,N20,VIIRS,n,2,282.54,7.09,D,0
52.14421,24.77331,329.67,0.38,0.59,2020-03-20,0957,N20,VIIRS,n,2,280.51,2.28,D,0
52.0144,29.97701,329.34,0.48,0.48,2020-03-20,0957,N20,VIIRS,n,2,288.25,5.7,D,0
52.01852,29.97422,346.89,0.48,0.48,2020-03-20,0957,N20,VIIRS,n,2,289.83,5.7,D,0
52.02265,29.97144,328.12,0.48,0.48,2020-03-20,0957,N20,VIIRS,n,2,288.51,3.36,D,0
52.64408,30.11812,330.37,0.46,0.47,2020-03-20,0957,N20,VIIRS,n,2,287.91,1.55,D,0
52.71779,30.31679,340.38,0.45,0.47,2020-03-20,0957,N20,VIIRS,n,2,286.85,5.62,D,0
54.89545,28.9697,325.67,0.43,0.46,2020-03-20,0958,N20,VIIRS,n,2,284.48,2.84,D,0
54.54855,28.14031,325.53,0.47,0.48,2020-03-20,0958,N20,VIIRS,n,2,280.98,2.82,D,0
54.69574,30.49626,341.7,0.39,0.44,2020-03-20,0958,N20,VIIRS,n,2,285.15,4.49,D,0
54.67273,30.1242,339.25,0.4,0.44,2020-03-20,0958,N20,VIIRS,n,2,282.24,5.89,D,0
54.69653,29.45815,344.76,0.42,0.45,2020-03-20,0958,N20,VIIRS,n,2,286.08,5.64,D,0
54.69955,29.47029,325.11,0.42,0.45,2020-03-20,0958,N20,VIIRS,n,2,282.43,4.24,D,0
54.60356,29.27467,329.07,0.43,0.46,2020-03-20,0958,N20,VIIRS,n,2,284.02,1.87,D,0
52.1141,28.97391,344.95,0.33,0.55,2020-03-20,1137,N20,VIIRS,n,2,287.09,4.47,D,0
52.10077,29.42715,367,0.34,0.56,2020-03-20,1137,N20,VIIRS,h,2,298.93,11.9,D,0
51.67967,30.54751,329.96,0.38,0.59,2020-03-20,1137,N20,VIIRS,n,2,291.06,4.83,D,0
52.02031,29.97937,344.51,0.36,0.57,2020-03-20,1137,N20,VIIRS,n,2,288.46,5.47,D,0
52.01996,29.9687,328.37,0.36,0.57,2020-03-20,1137,N20,VIIRS,n,2,290.2,7.83,D,0
51.92342,26.10085,339.33,0.49,0.49,2020-03-20,1137,N20,VIIRS,n,2,289.69,25.04,D,0
51.91214,26.06631,338.78,0.49,0.48,2020-03-20,1137,N20,VIIRS,n,2,292.11,6.74,D,0
52.109,28.97436,356.56,0.33,0.55,2020-03-20,1137,N20,VIIRS,l,2,288.8,4.47,D,0
52.09556,29.42759,335.74,0.34,0.56,2020-03-20,1137,N20,VIIRS,n,2,292.03,11.9,D,0
51.91847,26.09436,352.95,0.49,0.49,2020-03-20,1137,N20,VIIRS,n,2,292.88,25.04,D,0
51.91893,26.10156,346.15,0.49,0.49,2020-03-20,1137,N20,VIIRS,n,2,296.49,25.04,D,0
52.5957,30.91553,344.37,0.4,0.6,2020-03-20,1138,N20,VIIRS,n,2,289.1,5.18,D,0
52.597,30.91613,341.45,0.4,0.6,2020-03-20,1138,N20,VIIRS,n,2,288.81,7.33,D,0
52.11478,26.75824,356.21,0.53,0.5,2020-03-20,1138,N20,VIIRS,l,2,280.42,13.07,D,0
52.59715,30.92207,339.6,0.4,0.6,2020-03-20,1138,N20,VIIRS,n,2,287.02,4.18,D,0
52.16338,26.25373,342.28,0.5,0.49,2020-03-20,1138,N20,VIIRS,n,2,269.72,8.94,D,0
52.16291,26.24636,342.83,0.5,0.49,2020-03-20,1138,N20,VIIRS,n,2,271.68,8.94,D,0
52.59159,30.92236,340.89,0.4,0.6,2020-03-20,1138,N20,VIIRS,n,2,285.66,4.18,D,0
52.15923,28.88028,337.05,0.32,0.55,2020-03-20,1138,N20,VIIRS,n,2,287.98,7.21,D,0
52.15943,28.88509,367,0.32,0.55,2020-03-20,1138,N20,VIIRS,h,2,291.66,31.89,D,0
52.0509,27.55543,327.77,0.57,0.52,2020-03-20,1138,N20,VIIRS,n,2,284.35,4.07,D,0
52.11161,28.97215,355.68,0.33,0.55,2020-03-20,1138,N20,VIIRS,n,2,294.46,9.18,D,0
52.16744,26.24564,354.1,0.5,0.49,2020-03-20,1138,N20,VIIRS,n,2,275.1,20.56,D,0
52.15981,28.89471,356.41,0.32,0.55,2020-03-20,1138,N20,VIIRS,l,2,287.76,29.33,D,0
55.27806,30.66998,337.45,0.4,0.6,2020-03-20,1138,N20,VIIRS,n,2,279.03,4.58,D,0
54.88216,29.60302,325.7,0.36,0.58,2020-03-20,1138,N20,VIIRS,n,2,281.13,2.34,D,0
54.87568,29.55733,349.36,0.36,0.57,2020-03-20,1138,N20,VIIRS,n,2,283.8,6.57,D,0
54.77209,30.08041,353,0.38,0.59,2020-03-20,1138,N20,VIIRS,n,2,282.25,6.92,D,0
54.7509,29.39693,326.62,0.35,0.57,2020-03-20,1138,N20,VIIRS,n,2,279.97,3.3,D,0
54.7523,29.39417,337.18,0.35,0.57,2020-03-20,1138,N20,VIIRS,n,2,282.47,2.89,D,0
52.1647,28.8894,336.91,0.32,0.55,2020-03-20,1138,N20,VIIRS,n,2,287.16,31.89,D,0
52.06105,26.16691,333.23,0.5,0.49,2020-03-20,1138,N20,VIIRS,n,2,280.6,3.72,D,0
54.77112,30.07708,338.73,0.38,0.59,2020-03-20,1138,N20,VIIRS,n,2,282.8,4.28,D,0
54.67899,30.91587,327.58,0.41,0.6,2020-03-20,1138,N20,VIIRS,n,2,283.43,2.23,D,0
54.61841,30.37072,356.27,0.39,0.59,2020-03-20,1138,N20,VIIRS,l,2,285.51,6.29,D,0
54.5471,28.13949,333.45,0.63,0.54,2020-03-20,1138,N20,VIIRS,n,2,281.1,5.79,D,0
54.61291,30.37103,351.99,0.39,0.59,2020-03-20,1138,N20,VIIRS,n,2,286.74,6.29,D,0
54.58485,31.02293,325.41,0.41,0.61,2020-03-20,1138,N20,VIIRS,n,2,282.99,8.25,D,0
54.57929,31.02976,356.4,0.41,0.61,2020-03-20,1138,N20,VIIRS,l,2,288.36,8.25,D,0
54.58239,31.02515,347.91,0.41,0.61,2020-03-20,1138,N20,VIIRS,n,2,285.59,9.67,D,0
54.58251,31.03174,328.88,0.41,0.61,2020-03-20,1138,N20,VIIRS,n,2,284.03,7.31,D,0
54.57687,31.03191,356.62,0.41,0.61,2020-03-20,1138,N20,VIIRS,l,2,285.77,7.31,D,0
54.41865,31.20959,328.61,0.42,0.61,2020-03-20,1138,N20,VIIRS,n,2,281.95,2.26,D,0
53.95663,29.8165,335.29,0.36,0.58,2020-03-20,1138,N20,VIIRS,n,2,281.26,2.98,D,0
53.96729,31.66074,341.75,0.43,0.62,2020-03-20,1138,N20,VIIRS,n,2,283.55,4.15,D,0
53.96146,31.65411,337.07,0.43,0.62,2020-03-20,1138,N20,VIIRS,n,2,287.04,7.26,D,0
53.96152,31.66092,329.62,0.43,0.62,2020-03-20,1138,N20,VIIRS,n,2,286,4.15,D,0
53.96158,31.66764,336.03,0.44,0.62,2020-03-20,1138,N20,VIIRS,n,2,283.84,4.15,D,0
53.96719,31.65939,339.46,0.43,0.62,2020-03-20,1138,N20,VIIRS,n,2,285.19,4.76,D,0
53.96728,31.66611,334.6,0.43,0.62,2020-03-20,1138,N20,VIIRS,n,2,282.36,4.76,D,0
53.96132,31.65274,337.83,0.43,0.62,2020-03-20,1138,N20,VIIRS,n,2,286.69,5.44,D,0
53.96151,31.66627,341.07,0.43,0.62,2020-03-20,1138,N20,VIIRS,n,2,284.86,4.76,D,0
53.81607,30.63149,332.03,0.39,0.6,2020-03-20,1138,N20,VIIRS,n,2,284.13,2.31,D,0
53.67704,28.71281,344.45,0.33,0.55,2020-03-20,1138,N20,VIIRS,n,2,287.4,4.9,D,0
53.6748,28.71633,344.2,0.33,0.55,2020-03-20,1138,N20,VIIRS,n,2,283.54,4.9,D,0
53.37428,28.7636,328.68,0.33,0.55,2020-03-20,1138,N20,VIIRS,n,2,286.58,1.63,D,0
53.43512,32.43304,343.92,0.47,0.64,2020-03-20,1138,N20,VIIRS,n,2,285.31,7.34,D,0
53.43796,32.43228,327.64,0.47,0.64,2020-03-20,1138,N20,VIIRS,n,2,284.27,2.87,D,0
53.43202,32.43235,327.21,0.47,0.64,2020-03-20,1138,N20,VIIRS,n,2,284.92,4.4,D,0
52.1123,26.76686,338.45,0.53,0.5,2020-03-20,1138,N20,VIIRS,n,2,277.19,8.63,D,0
52.11137,26.75136,338.97,0.52,0.5,2020-03-20,1138,N20,VIIRS,n,2,278.74,10.92,D,0
52.11184,26.75911,356.9,0.52,0.5,2020-03-20,1138,N20,VIIRS,l,2,281.11,10.92,D,0
52.11646,26.75843,331.26,0.52,0.5,2020-03-20,1138,N20,VIIRS,n,2,276.87,10.92,D,0
52.11015,26.75893,335.74,0.53,0.5,2020-03-20,1138,N20,VIIRS,n,2,277.38,5.55,D,0
52.11521,26.766,337.56,0.53,0.5,2020-03-20,1138,N20,VIIRS,n,2,275.65,13.07,D,0
52.11435,26.75048,339.31,0.52,0.5,2020-03-20,1138,N20,VIIRS,n,2,279.6,11.26,D,0
53.08987,25.96404,325.9,0.5,0.49,2020-03-20,1138,N20,VIIRS,n,2,274,4.24,D,0
52.96565,30.71154,332.93,0.39,0.59,2020-03-20,1138,N20,VIIRS,n,2,286.86,3.36,D,0
52.84789,29.99245,353.11,0.36,0.58,2020-03-20,1138,N20,VIIRS,n,2,291.23,5.45,D,2
52.44986,25.04964,356.29,0.45,0.47,2020-03-20,1138,N20,VIIRS,l,2,279.85,12.03,D,0
52.45032,25.0563,337.71,0.45,0.47,2020-03-20,1138,N20,VIIRS,n,2,275.39,5.35,D,0
52.59582,30.92148,356.3,0.4,0.6,2020-03-20,1138,N20,VIIRS,l,2,288.42,5.18,D,0
52.45296,25.03719,315.21,0.34,0.56,2020-03-21,0130,N20,VIIRS,n,2,266.89,1.71,N,0
52.78841,25.78507,295.95,0.36,0.57,2020-03-21,0130,N20,VIIRS,n,2,261.77,0.87,N,0
52.45762,25.04098,315.04,0.34,0.56,2020-03-21,0130,N20,VIIRS,n,2,265.32,1.57,N,0
52.45622,25.04555,311.27,0.34,0.56,2020-03-21,0130,N20,VIIRS,n,2,267.1,1.51,N,0
52.45152,25.03413,295.89,0.34,0.56,2020-03-21,0130,N20,VIIRS,n,2,266.79,0.57,N,0
52.43583,27.31681,326.34,0.45,0.63,2020-03-21,0939,N20,VIIRS,n,2,268.36,1.76,D,0
53.27322,24.43881,310.96,0.4,0.6,2020-03-21,2330,N20,VIIRS,n,2,267.88,1.79,N,2
53.26982,24.43926,307.85,0.4,0.6,2020-03-21,2330,N20,VIIRS,n,2,267.13,1.29,N,2
52.23064,24.62547,367,0.39,0.59,2020-03-21,2331,N20,VIIRS,h,2,269.74,6.28,N,0
52.00074,26.28354,313.43,0.33,0.55,2020-03-21,2331,N20,VIIRS,n,2,267.44,1.89,N,0
52.00094,26.27863,322.08,0.33,0.55,2020-03-21,2331,N20,VIIRS,n,2,264.7,1.59,N,0
52.00607,26.27921,307.03,0.33,0.55,2020-03-21,2331,N20,VIIRS,n,2,268.42,1.43,N,0
52.00627,26.27431,324.81,0.33,0.55,2020-03-21,2331,N20,VIIRS,n,2,268.34,1.43,N,0
52.23616,24.62589,349.9,0.39,0.59,2020-03-21,2331,N20,VIIRS,n,2,266.74,4.34,N,0
52.00705,24.91975,302.59,0.46,0.47,2020-03-22,0111,N20,VIIRS,n,2,266.24,1.27,N,0
51.99012,26.28347,314.84,0.52,0.5,2020-03-22,0111,N20,VIIRS,n,2,266.62,2.02,N,0
52.23491,24.62543,336.08,0.44,0.46,2020-03-22,0111,N20,VIIRS,n,2,267.24,3.78,N,0
52.23339,24.6315,318.35,0.44,0.46,2020-03-22,0111,N20,VIIRS,n,2,267.12,2.7,N,0
52.23094,24.62276,335.87,0.44,0.46,2020-03-22,0111,N20,VIIRS,n,2,267.77,3.78,N,0
53.2704,24.44077,310.3,0.41,0.45,2020-03-22,0111,N20,VIIRS,n,2,270.26,1.17,N,2
52.00662,26.27843,330.05,0.52,0.5,2020-03-22,0111,N20,VIIRS,n,2,267.68,5.65,N,0
52.00049,26.28244,351.61,0.52,0.5,2020-03-22,0111,N20,VIIRS,n,2,269.49,6.75,N,0
51.99859,26.28946,307.09,0.52,0.5,2020-03-22,0111,N20,VIIRS,n,2,266.26,6.75,N,0
51.99435,26.28646,315.41,0.52,0.5,2020-03-22,0111,N20,VIIRS,n,2,266.52,2.02,N,0
52.22941,24.62883,303.5,0.44,0.46,2020-03-22,0111,N20,VIIRS,n,2,267.61,2.7,N,0
53.45367,32.59317,328.28,0.39,0.6,2020-03-22,0920,N20,VIIRS,n,2,276.58,5.74,D,0
54.32445,29.68188,325.3,0.46,0.64,2020-03-22,0920,N20,VIIRS,n,2,275.55,3.14,D,0
54.31941,29.68716,356.01,0.46,0.64,2020-03-22,0920,N20,VIIRS,l,2,279.89,12.46,D,0
54.32151,29.6931,330.04,0.46,0.64,2020-03-22,0920,N20,VIIRS,n,2,275.02,7.13,D,0
53.17607,30.66702,334.45,0.47,0.64,2020-03-22,0920,N20,VIIRS,n,2,275.87,6.51,D,0
53.45194,32.58785,342.32,0.39,0.6,2020-03-22,0920,N20,VIIRS,n,2,278.55,5.45,D,0
53.40298,30.94692,330.05,0.51,0.41,2020-03-22,1100,N20,VIIRS,n,2,280.18,2.66,D,0
53.90134,25.77558,336.42,0.39,0.36,2020-03-22,1100,N20,VIIRS,n,2,281.04,3.48,D,0
53.31681,30.6606,328.28,0.5,0.41,2020-03-22,1100,N20,VIIRS,n,2,280.01,7.95,D,0
53.03399,30.60509,336.12,0.49,0.4,2020-03-22,1100,N20,VIIRS,n,2,274.97,5.65,D,0
52.84616,29.99257,337.97,0.47,0.4,2020-03-22,1100,N20,VIIRS,n,2,271.19,4.54,D,2
53.46716,31.01657,343.67,0.51,0.41,2020-03-22,1100,N20,VIIRS,n,2,284.22,12.2,D,0
52.84727,29.99127,326.75,0.37,0.58,2020-03-22,2311,N20,VIIRS,n,2,269.13,2.62,N,2
53.54528,31.94006,299.65,0.62,0.54,2020-03-22,2311,N20,VIIRS,n,2,266.04,1.22,N,0
53.55028,31.94074,297.57,0.62,0.54,2020-03-22,2311,N20,VIIRS,n,2,264.7,1.22,N,0
53.54503,31.93629,296.29,0.62,0.54,2020-03-22,2311,N20,VIIRS,n,2,265.66,1.24,N,0
52.84744,29.98566,302.14,0.37,0.58,2020-03-22,2311,N20,VIIRS,n,2,266.65,2.08,N,2
51.52282,30.56177,304.44,0.34,0.56,2020-03-22,2312,N20,VIIRS,n,2,264.16,0.76,N,0
52.84755,29.99293,336.01,0.45,0.47,2020-03-23,0052,N20,VIIRS,n,2,270.57,6.43,N,2
53.27249,24.44271,308.65,0.44,0.38,2020-03-23,0052,N20,VIIRS,n,2,269.01,2.17,N,2
52.77375,27.24931,326.75,0.4,0.37,2020-03-23,1041,N20,VIIRS,n,2,275.32,1.43,D,0
53.90023,25.77492,343.24,0.41,0.37,2020-03-23,1041,N20,VIIRS,n,2,287.81,10.47,D,0
53.79248,25.21306,331.09,0.42,0.38,2020-03-23,1041,N20,VIIRS,n,2,280.24,5.35,D,0
53.54371,24.31263,332.52,0.44,0.38,2020-03-23,1041,N20,VIIRS,n,2,280.82,3.37,D,0
53.53251,24.75583,329.22,0.43,0.38,2020-03-23,1041,N20,VIIRS,n,2,279.68,2.03,D,0
53.62701,27.06144,331.33,0.39,0.36,2020-03-23,1041,N20,VIIRS,n,2,278.62,2.52,D,0
53.62277,27.05723,339.74,0.39,0.36,2020-03-23,1041,N20,VIIRS,n,2,280.72,5.45,D,0
53.71724,30.05365,335.83,0.39,0.36,2020-03-23,1041,N20,VIIRS,n,2,277.07,3.32,D,0
53.24725,28.2533,330.26,0.39,0.36,2020-03-23,1041,N20,VIIRS,n,2,277.61,2.43,D,0
53.77965,31.90071,344.1,0.41,0.37,2020-03-23,1041,N20,VIIRS,n,2,280.98,8.92,D,0
52.83744,28.01495,329.8,0.39,0.36,2020-03-23,1041,N20,VIIRS,n,2,277.08,2.96,D,0
52.83839,28.02058,337.24,0.39,0.36,2020-03-23,1041,N20,VIIRS,n,2,277.09,2.96,D,0
51.66053,27.39955,329.33,0.4,0.37,2020-03-23,1041,N20,VIIRS,n,2,280.65,2.16,D,0
51.84976,28.92266,331.25,0.39,0.36,2020-03-23,1041,N20,VIIRS,n,2,277.41,2.69,D,0
53.67347,24.15305,340.4,0.44,0.39,2020-03-23,1041,N20,VIIRS,n,2,282.65,4.06,D,0
53.67008,24.15496,327.04,0.44,0.39,2020-03-23,1041,N20,VIIRS,n,2,281.38,2.55,D,0
53.95701,25.67114,347.24,0.41,0.37,2020-03-23,1041,N20,VIIRS,n,2,284.71,10.78,D,0
53.95811,25.67717,339.6,0.41,0.37,2020-03-23,1041,N20,VIIRS,n,2,282.27,4.27,D,0
53.95372,25.67287,345.98,0.41,0.37,2020-03-23,1041,N20,VIIRS,n,2,288.16,18.09,D,0
54.46294,28.96133,330.66,0.38,0.36,2020-03-23,1041,N20,VIIRS,n,2,275.87,2.1,D,0
53.89914,25.76892,337.81,0.41,0.37,2020-03-23,1041,N20,VIIRS,n,2,283.28,10.47,D,0
54.76857,30.04679,326.51,0.39,0.36,2020-03-23,1042,N20,VIIRS,n,2,278.3,1.86,D,0
55.77931,27.95863,339,0.38,0.36,2020-03-23,1042,N20,VIIRS,n,2,281.09,3.44,D,0
55.62835,30.60493,333.77,0.4,0.37,2020-03-23,1042,N20,VIIRS,n,2,276.96,5.26,D,0
55.12757,29.88918,338.03,0.39,0.36,2020-03-23,1042,N20,VIIRS,n,2,275.08,7.82,D,0
54.46097,26.83815,328.03,0.39,0.36,2020-03-23,1042,N20,VIIRS,n,2,281,4.33,D,0
54.80845,29.27114,340.53,0.39,0.36,2020-03-23,1042,N20,VIIRS,n,2,280.74,6.21,D,0
54.55731,28.1443,340.1,0.38,0.36,2020-03-23,1042,N20,VIIRS,n,2,278.49,5.56,D,0
53.85096,25.47676,336.27,0.69,0.74,2020-03-23,1222,N20,VIIRS,n,2,278.12,5.18,D,0
53.84957,25.47782,334.43,0.69,0.74,2020-03-23,1222,N20,VIIRS,n,2,277.76,5.73,D,0
52.84555,29.99342,320.93,0.47,0.39,2020-03-24,0033,N20,VIIRS,n,2,267.66,4.2,N,2
53.54967,27.83299,295.51,0.41,0.37,2020-03-24,0033,N20,VIIRS,n,2,262.31,0.47,N,0
52.84692,29.98679,326.38,0.47,0.39,2020-03-24,0033,N20,VIIRS,n,2,266.22,4,N,2
53.27169,24.4446,321.22,0.38,0.36,2020-03-24,0033,N20,VIIRS,n,2,270.14,2.08,N,2
52.07047,26.55537,326.01,0.56,0.43,2020-03-24,1022,N20,VIIRS,n,2,281.6,4.88,D,0
54.03836,29.9671,326.8,0.42,0.37,2020-03-24,1022,N20,VIIRS,n,2,280.45,3.44,D,0
52.58318,25.3493,328.65,0.4,0.44,2020-03-24,1022,N20,VIIRS,n,2,280.76,1.65,D,0
54.03721,29.961,336.71,0.42,0.37,2020-03-24,1022,N20,VIIRS,n,2,287.51,16.21,D,0
52.85657,30.04894,328.73,0.43,0.38,2020-03-24,1022,N20,VIIRS,n,2,280.37,2.8,D,0
52.076,26.56087,332.86,0.56,0.43,2020-03-24,1022,N20,VIIRS,n,2,282.73,4.88,D,0
53.78538,31.64012,327.76,0.39,0.36,2020-03-24,1022,N20,VIIRS,n,2,282.16,2.14,D,0
52.07694,26.56112,333.48,0.56,0.43,2020-03-24,1022,N20,VIIRS,n,2,282.5,3.26,D,0
52.07144,26.5556,326.72,0.56,0.43,2020-03-24,1022,N20,VIIRS,n,2,282.19,6.71,D,0
52.0677,26.55785,337.92,0.56,0.43,2020-03-24,1022,N20,VIIRS,n,2,284.56,6.71,D,0
52.24316,30.2606,326.71,0.43,0.38,2020-03-24,1022,N20,VIIRS,n,2,281.99,1.7,D,0
52.00126,29.46542,332.75,0.46,0.39,2020-03-24,1022,N20,VIIRS,n,2,284.57,3.23,D,0
52.15588,26.37002,327.24,0.57,0.43,2020-03-24,1022,N20,VIIRS,n,2,282.23,70.98,D,0
52.15963,26.36774,327.94,0.57,0.43,2020-03-24,1022,N20,VIIRS,n,2,285.52,70.98,D,0
52.15784,26.35985,329.31,0.57,0.43,2020-03-24,1022,N20,VIIRS,n,2,281.84,70.98,D,0
52.15329,26.36419,330.98,0.57,0.43,2020-03-24,1022,N20,VIIRS,n,2,297,80.57,D,0
52.15887,26.36977,327.29,0.57,0.43,2020-03-24,1022,N20,VIIRS,n,2,285.39,3.87,D,0
52.15704,26.36191,332.09,0.57,0.43,2020-03-24,1022,N20,VIIRS,n,2,297.58,126.73,D,0
52.49519,27.25928,330.2,0.52,0.42,2020-03-24,1022,N20,VIIRS,n,2,282.95,6.77,D,0
53.31551,31.36061,330.2,0.4,0.37,2020-03-24,1022,N20,VIIRS,n,2,285.23,4.23,D,0
53.27153,30.62142,337.87,0.41,0.37,2020-03-24,1022,N20,VIIRS,n,2,281.44,2.91,D,0
53.45877,31.4597,338.67,0.4,0.37,2020-03-24,1022,N20,VIIRS,n,2,282.22,3.47,D,0
53.71946,31.71844,326.43,0.39,0.36,2020-03-24,1022,N20,VIIRS,n,2,282.33,2.54,D,0
54.61526,30.35273,344.16,0.4,0.37,2020-03-24,1023,N20,VIIRS,n,2,284.19,5.6,D,0
54.61853,30.35097,332.33,0.4,0.37,2020-03-24,1023,N20,VIIRS,n,2,279.53,5.6,D,0
54.48152,28.86288,331.65,0.43,0.38,2020-03-24,1023,N20,VIIRS,n,2,282.49,2.14,D,0
54.62506,30.36732,326.3,0.4,0.37,2020-03-24,1023,N20,VIIRS,n,2,280.42,2.23,D,0
54.66762,29.30458,334.21,0.42,0.38,2020-03-24,1023,N20,VIIRS,n,2,282.14,2.87,D,0
54.64521,29.20581,325.68,0.42,0.38,2020-03-24,1023,N20,VIIRS,n,2,278.21,1.73,D,0
54.90631,29.82734,336.14,0.41,0.37,2020-03-24,1023,N20,VIIRS,n,2,281.07,3.82,D,0
53.62614,23.6241,327.29,0.43,0.46,2020-03-24,1023,N20,VIIRS,n,2,282.33,2.25,D,0
55.43018,29.98395,328.83,0.4,0.37,2020-03-24,1023,N20,VIIRS,n,2,280.32,2.51,D,0
54.43752,30.9482,340.75,0.4,0.37,2020-03-24,1023,N20,VIIRS,n,2,283.74,51.36,D,0
54.44077,30.94653,325.64,0.4,0.37,2020-03-24,1023,N20,VIIRS,n,2,282.18,2.5,D,0
54.43973,30.94059,328.08,0.4,0.37,2020-03-24,1023,N20,VIIRS,n,2,280.81,2.5,D,0
54.54288,30.39337,325.26,0.4,0.37,2020-03-24,1023,N20,VIIRS,n,2,279.53,2.38,D,0
54.68061,30.11612,326.11,0.41,0.37,2020-03-24,1023,N20,VIIRS,n,2,281.75,12.42,D,0
54.20831,28.43033,328.44,0.45,0.39,2020-03-24,1023,N20,VIIRS,n,2,285.54,2.01,D,0
52.05315,26.55302,356.41,0.48,0.65,2020-03-24,1203,N20,VIIRS,l,2,283.77,24.05,D,0
52.05455,26.53725,346.65,0.48,0.65,2020-03-24,1203,N20,VIIRS,n,2,280.82,25.11,D,0
52.05461,26.55161,353.94,0.48,0.65,2020-03-24,1203,N20,VIIRS,n,2,286.35,28.17,D,0
52.05464,26.55877,350.27,0.48,0.65,2020-03-24,1203,N20,VIIRS,n,2,279.37,9.09,D,0
52.04856,26.54446,356.15,0.48,0.65,2020-03-24,1203,N20,VIIRS,l,2,278.01,14.31,D,0
52.04853,26.53727,350.16,0.48,0.65,2020-03-24,1203,N20,VIIRS,n,2,280.84,15.39,D,0
52.07729,26.56015,332.23,0.48,0.65,2020-03-24,1203,N20,VIIRS,n,2,282.71,3.41,D,0
52.0591,26.54581,335.93,0.48,0.65,2020-03-24,1203,N20,VIIRS,n,2,281.01,4.91,D,0
52.07121,26.55295,326.32,0.48,0.65,2020-03-24,1203,N20,VIIRS,n,2,281.8,3.41,D,0
52.05917,26.55299,340.6,0.48,0.65,2020-03-24,1203,N20,VIIRS,n,2,283.2,7.76,D,0
52.05923,26.56017,354.54,0.48,0.65,2020-03-24,1203,N20,VIIRS,n,2,282.45,7.76,D,0
52.05309,26.54584,356.48,0.48,0.65,2020-03-24,1203,N20,VIIRS,l,2,283.15,69.5,D,0
51.99317,24.8809,326.39,0.41,0.6,2020-03-24,1203,N20,VIIRS,n,2,281.27,3.17,D,0
53.04876,30.68271,349.7,0.72,0.76,2020-03-24,1203,N20,VIIRS,n,2,280.72,10.98,D,0
53.26879,24.44315,326.43,0.4,0.6,2020-03-24,1203,N20,VIIRS,n,2,286.77,2.34,D,2
53.54634,27.83847,339.6,0.55,0.68,2020-03-24,1203,N20,VIIRS,n,2,280.49,6.01,D,0
54.04588,31.65551,340.45,0.79,0.78,2020-03-24,1203,N20,VIIRS,n,2,279.45,7.53,D,0
53.04464,30.69161,349.4,0.72,0.76,2020-03-24,1203,N20,VIIRS,n,2,279.73,11.75,D,0
53.0484,30.69405,329.2,0.72,0.76,2020-03-24,1203,N20,VIIRS,n,2,277.44,9.5,D,0
52.07266,26.55147,338.38,0.48,0.65,2020-03-24,1203,N20,VIIRS,n,2,282.86,5.01,D,0
52.06065,26.55876,346.81,0.48,0.65,2020-03-24,1203,N20,VIIRS,n,2,283.85,9.09,D,0
52.05458,26.54443,356.29,0.48,0.65,2020-03-24,1203,N20,VIIRS,l,2,286.28,28.17,D,0
52.07872,26.55864,328.65,0.48,0.65,2020-03-24,1203,N20,VIIRS,n,2,281.24,3.37,D,0
54.6781,30.12693,336.35,0.68,0.74,2020-03-24,1204,N20,VIIRS,n,2,279.38,6.03,D,0
54.72569,30.12301,335.75,0.68,0.74,2020-03-24,1204,N20,VIIRS,n,2,279.77,4.26,D,0
55.13837,28.97212,326.82,0.61,0.71,2020-03-24,1204,N20,VIIRS,n,2,279.16,2.26,D,0
55.1352,28.97274,329.32,0.61,0.71,2020-03-24,1204,N20,VIIRS,n,2,278.14,2.93,D,0
55.62574,30.66433,341.78,0.71,0.75,2020-03-24,1204,N20,VIIRS,n,2,278.79,5.43,D,0
53.16879,31.77532,324.16,0.4,0.37,2020-03-25,0014,N20,VIIRS,n,2,263.53,2.37,N,0
53.27296,24.44254,305.69,0.45,0.39,2020-03-25,0014,N20,VIIRS,n,2,267.9,0.77,N,2
53.39695,32.01255,295.75,0.4,0.37,2020-03-25,0014,N20,VIIRS,n,2,267.41,0.36,N,2
53.26941,24.44138,295.83,0.45,0.39,2020-03-25,0014,N20,VIIRS,n,2,266.82,0.99,N,2
52.84744,29.98838,327.12,0.39,0.36,2020-03-25,0014,N20,VIIRS,n,2,268.51,3.22,N,2
51.99655,24.8794,301.43,0.43,0.38,2020-03-25,0015,N20,VIIRS,n,2,263.96,0.92,N,0
53.2692,24.44092,306.03,0.52,0.67,2020-03-25,0155,N20,VIIRS,n,2,267.11,1.34,N,2
52.45935,27.92943,338.09,0.49,0.48,2020-03-25,1003,N20,VIIRS,n,2,286.14,8.26,D,0
52.84501,29.99455,338.19,0.4,0.44,2020-03-25,1003,N20,VIIRS,n,2,287.16,8.43,D,2
52.71968,29.48901,330.9,0.42,0.45,2020-03-25,1003,N20,VIIRS,n,2,284.92,2.3,D,0
53.28131,32.00164,328.52,0.5,0.41,2020-03-25,1003,N20,VIIRS,n,2,283.1,13.58,D,0
53.27621,31.9966,326.13,0.5,0.41,2020-03-25,1003,N20,VIIRS,n,2,286.66,3.56,D,0
53.27775,32.00376,328.07,0.5,0.41,2020-03-25,1003,N20,VIIRS,n,2,284.17,1.91,D,0
52.0711,27.22306,347.59,0.53,0.5,2020-03-25,1003,N20,VIIRS,n,2,283.78,7.67,D,0
53.16909,31.78368,328.07,0.51,0.41,2020-03-25,1003,N20,VIIRS,n,2,284.25,5.98,D,0
53.16551,31.78585,340.01,0.51,0.41,2020-03-25,1003,N20,VIIRS,n,2,284.03,7.8,D,0
52.84526,28.0228,333.88,0.47,0.48,2020-03-25,1003,N20,VIIRS,n,2,281.94,4.96,D,0
52.82708,30.35062,338.97,0.39,0.44,2020-03-25,1003,N20,VIIRS,n,2,284,5.82,D,0
53.67648,31.61378,327.25,0.51,0.41,2020-03-25,1003,N20,VIIRS,n,2,284.21,5.19,D,0
52.03525,27.50243,326.31,0.52,0.5,2020-03-25,1003,N20,VIIRS,n,2,284.47,2.36,D,0
52.53391,30.62278,356.33,0.39,0.44,2020-03-25,1003,N20,VIIRS,n,2,285.69,14.36,D,0
52.84119,28.02566,337.69,0.47,0.48,2020-03-25,1003,N20,VIIRS,n,2,282.76,4.96,D,0
52.53014,30.62515,325.64,0.39,0.44,2020-03-25,1003,N20,VIIRS,n,2,281.8,1.7,D,0
51.54024,30.47711,330.51,0.41,0.45,2020-03-25,1003,N20,VIIRS,n,2,283.37,2.72,D,0
53.68204,31.60211,330.5,0.51,0.41,2020-03-25,1003,N20,VIIRS,n,2,284.79,6.4,D,0
53.67847,31.60431,338.48,0.51,0.41,2020-03-25,1003,N20,VIIRS,n,2,287.41,15.79,D,0
53.16565,31.78568,339.58,0.51,0.41,2020-03-25,1003,N20,VIIRS,n,2,284.55,4.67,D,0
52.94427,29.46646,334.12,0.41,0.45,2020-03-25,1003,N20,VIIRS,n,2,286.19,3.17,D,0
51.96965,26.1118,334.95,0.59,0.53,2020-03-25,1003,N20,VIIRS,n,2,285.5,8.2,D,0
52.45649,27.92306,341.41,0.49,0.48,2020-03-25,1003,N20,VIIRS,n,2,288.41,10.7,D,0
52.45825,27.92973,337.5,0.49,0.48,2020-03-25,1003,N20,VIIRS,n,2,285.53,7.09,D,0
51.97264,26.11803,330.67,0.59,0.53,2020-03-25,1003,N20,VIIRS,n,2,285.18,4.05,D,0
52.45763,27.92274,343.25,0.49,0.48,2020-03-25,1003,N20,VIIRS,n,2,288.09,8.26,D,0
54.30961,31.21034,325.93,0.5,0.41,2020-03-25,1004,N20,VIIRS,n,2,283.69,8.53,D,0
53.6828,31.6024,334.44,0.51,0.41,2020-03-25,1004,N20,VIIRS,n,2,284.01,6.13,D,0
52.83792,28.02826,329.47,0.47,0.48,2020-03-25,1004,N20,VIIRS,n,2,284.06,25.78,D,0
52.842,28.02542,338.66,0.47,0.48,2020-03-25,1004,N20,VIIRS,n,2,283.69,6.22,D,0
53.79165,31.73184,355.07,0.5,0.41,2020-03-25,1004,N20,VIIRS,n,2,288.73,12.87,D,0
53.78676,31.65323,327.66,0.5,0.41,2020-03-25,1004,N20,VIIRS,n,2,284.38,2.21,D,0
53.79031,31.65104,328.16,0.5,0.41,2020-03-25,1004,N20,VIIRS,n,2,283.29,2.83,D,0
53.53104,30.18867,328.98,0.57,0.43,2020-03-25,1004,N20,VIIRS,n,2,274.42,4.14,D,0
53.84486,31.52687,331.53,0.5,0.41,2020-03-25,1004,N20,VIIRS,n,2,285.31,7.47,D,0
53.84842,31.52464,343.38,0.5,0.41,2020-03-25,1004,N20,VIIRS,n,2,286.06,7.47,D,0
52.7002,26.65855,333,0.54,0.51,2020-03-25,1004,N20,VIIRS,n,2,285.87,4.68,D,0
52.0709,24.33183,331.8,0.34,0.56,2020-03-25,1004,N20,VIIRS,n,2,284.05,1.75,D,0
53.33364,27.32622,344.67,0.48,0.48,2020-03-25,1004,N20,VIIRS,n,2,284.64,5.72,D,0
53.23621,25.69686,337.47,0.56,0.52,2020-03-25,1004,N20,VIIRS,n,2,281.68,5.93,D,0
54.28349,28.8414,330.24,0.4,0.44,2020-03-25,1004,N20,VIIRS,n,2,283.61,2.78,D,0
54.20461,28.42297,338.14,0.42,0.45,2020-03-25,1004,N20,VIIRS,n,2,289.11,3.71,D,0
54.20848,28.42023,338.74,0.42,0.45,2020-03-25,1004,N20,VIIRS,n,2,288.15,3.71,D,0
55.71392,27.3518,326.34,0.41,0.45,2020-03-25,1004,N20,VIIRS,n,2,281.81,1.99,D,0
51.62479,27.50569,355.94,0.33,0.55,2020-03-25,1144,N20,VIIRS,n,2,284.63,4.86,D,0
51.63538,27.51436,341.87,0.33,0.55,2020-03-25,1144,N20,VIIRS,n,2,282.23,2.29,D,0
51.76683,29.25144,329.3,0.39,0.59,2020-03-25,1144,N20,VIIRS,n,2,288.02,6.49,D,0
51.76698,29.25724,356.55,0.39,0.59,2020-03-25,1144,N20,VIIRS,l,2,288.69,8.88,D,0
52.00652,27.62922,341.47,0.33,0.56,2020-03-25,1144,N20,VIIRS,n,2,286.56,2.94,D,0
51.97682,26.11483,332.28,0.57,0.52,2020-03-25,1144,N20,VIIRS,n,2,285.78,2.8,D,0
51.9658,26.1143,339.9,0.57,0.52,2020-03-25,1144,N20,VIIRS,n,2,285.78,6.8,D,0
51.97544,26.11308,330.6,0.57,0.52,2020-03-25,1144,N20,VIIRS,n,2,285.7,2.89,D,0
52.035,26.13982,330.23,0.58,0.52,2020-03-25,1144,N20,VIIRS,n,2,285.94,5.61,D,0
52.10916,24.68352,337.87,0.5,0.49,2020-03-25,1144,N20,VIIRS,n,2,287.27,4.56,D,0
52.10872,24.67612,349.15,0.5,0.49,2020-03-25,1144,N20,VIIRS,n,2,286,6.19,D,0
52.10827,24.66871,328.32,0.5,0.49,2020-03-25,1144,N20,VIIRS,n,2,283.95,6.19,D,0
52.32832,29.55949,338.06,0.41,0.6,2020-03-25,1144,N20,VIIRS,n,2,283.26,2.83,D,0
52.28235,26.91882,326.84,0.63,0.54,2020-03-25,1144,N20,VIIRS,n,2,285.87,3.02,D,0
52.30396,27.1891,329.64,0.32,0.55,2020-03-25,1144,N20,VIIRS,n,2,286.65,1.34,D,0
52.4533,27.9329,329.22,0.35,0.56,2020-03-25,1144,N20,VIIRS,n,2,285.7,2.82,D,0
52.45835,27.9273,327.1,0.35,0.56,2020-03-25,1144,N20,VIIRS,n,2,287.95,3.05,D,0
52.45798,27.91694,328.38,0.35,0.56,2020-03-25,1144,N20,VIIRS,n,2,286.97,2.64,D,0
52.4634,27.9217,328.49,0.35,0.56,2020-03-25,1144,N20,VIIRS,n,2,286.18,2.64,D,0
52.45765,27.91388,336.04,0.35,0.56,2020-03-25,1144,N20,VIIRS,n,2,286.72,3.42,D,0
52.9014,26.10745,328.26,0.58,0.52,2020-03-25,1144,N20,VIIRS,n,2,286.32,3.39,D,0
53.16829,31.78636,332.08,0.51,0.66,2020-03-25,1144,N20,VIIRS,n,2,283.3,5.43,D,0
53.32896,27.32396,331.99,0.33,0.55,2020-03-25,1144,N20,VIIRS,n,2,279.79,3.38,D,0
53.23388,24.78962,339.31,0.52,0.5,2020-03-25,1144,N20,VIIRS,n,2,291.98,6.46,D,0
53.44934,32.05288,325.95,0.52,0.67,2020-03-25,1144,N20,VIIRS,n,2,283.54,5.17,D,0
53.44735,32.04681,330.99,0.52,0.67,2020-03-25,1144,N20,VIIRS,n,2,285.33,3.72,D,0
53.26815,23.85023,331.3,0.48,0.48,2020-03-25,1144,N20,VIIRS,n,2,289.68,4.95,D,0
53.58244,31.93653,327.68,0.52,0.67,2020-03-25,1144,N20,VIIRS,n,2,283.98,3.11,D,0
53.66907,31.62233,339.56,0.5,0.66,2020-03-25,1144,N20,VIIRS,n,2,286.58,7.26,D,0
53.66908,31.63017,356.49,0.5,0.66,2020-03-25,1144,N20,VIIRS,l,2,284.53,7.26,D,0
53.53978,24.74954,328.2,0.52,0.5,2020-03-25,1144,N20,VIIRS,n,2,285.04,3.06,D,0
53.7907,31.65986,335.3,0.5,0.66,2020-03-25,1144,N20,VIIRS,n,2,283,4.66,D,0
53.84588,31.52766,334.11,0.5,0.66,2020-03-25,1144,N20,VIIRS,n,2,285.17,4.75,D,0
54.20586,28.42821,341.31,0.37,0.58,2020-03-25,1144,N20,VIIRS,n,2,290.36,5.02,D,0
54.23994,29.57261,327.2,0.42,0.61,2020-03-25,1144,N20,VIIRS,n,2,284.05,2.92,D,0
54.36443,31.25224,327.48,0.49,0.65,2020-03-25,1144,N20,VIIRS,n,2,282.51,2.25,D,0
54.40543,30.41783,326.73,0.45,0.63,2020-03-25,1144,N20,VIIRS,n,2,280.76,2.08,D,0
52.10307,24.67045,329.99,0.5,0.49,2020-03-25,1144,N20,VIIRS,n,2,283.82,4.57,D,0
52.10856,24.68449,338.18,0.5,0.49,2020-03-25,1144,N20,VIIRS,n,2,287.72,8.91,D,0
52.10723,27.65421,327.3,0.34,0.56,2020-03-25,1144,N20,VIIRS,n,2,283.23,1.27,D,0
52.10808,24.67712,348.73,0.5,0.49,2020-03-25,1144,N20,VIIRS,n,2,287.36,8.91,D,0
52.1076,24.66973,339.78,0.5,0.49,2020-03-25,1144,N20,VIIRS,n,2,284.95,4.57,D,0
52.14394,27.53672,328.27,0.33,0.55,2020-03-25,1144,N20,VIIRS,n,2,288.56,1.99,D,0
52.10464,24.68423,325.33,0.5,0.49,2020-03-25,1144,N20,VIIRS,n,2,285.82,3.23,D,0
52.10419,24.67684,328.54,0.5,0.49,2020-03-25,1144,N20,VIIRS,n,2,285.62,4.38,D,0
52.10375,24.66944,340.22,0.5,0.49,2020-03-25,1144,N20,VIIRS,n,2,284.59,4.38,D,0
51.62497,27.51046,344.86,0.33,0.55,2020-03-25,1144,N20,VIIRS,n,2,283.41,4.86,D,0
54.69791,29.31901,336.75,0.41,0.6,2020-03-25,1145,N20,VIIRS,n,2,286.59,4.86,D,0
54.53925,30.48058,351.8,0.45,0.63,2020-03-25,1145,N20,VIIRS,n,2,283.61,4.96,D,0
54.62458,30.86139,333.75,0.47,0.64,2020-03-25,1145,N20,VIIRS,n,2,283.19,3.77,D,0
54.62096,30.85986,331.36,0.47,0.64,2020-03-25,1145,N20,VIIRS,n,2,282.73,4.76,D,0
54.62484,29.32072,331.22,0.41,0.6,2020-03-25,1145,N20,VIIRS,n,2,284.55,6.92,D,0
54.69802,29.32539,345.98,0.41,0.6,2020-03-25,1145,N20,VIIRS,n,2,284.97,4.86,D,0
54.70111,29.32211,354.18,0.41,0.6,2020-03-25,1145,N20,VIIRS,n,2,286.71,7.41,D,0
54.84851,29.21164,341.11,0.4,0.6,2020-03-25,1145,N20,VIIRS,n,2,283.23,3.19,D,0
55.14128,30.4767,329.56,0.46,0.63,2020-03-25,1145,N20,VIIRS,n,2,281.84,2.59,D,0
53.39681,32.01305,298.3,0.4,0.37,2020-03-25,2355,N20,VIIRS,n,2,268.72,0.71,N,2
51.95623,26.22114,296.98,0.55,0.43,2020-03-25,2356,N20,VIIRS,n,2,261.96,0.52,N,0
52.84882,29.99127,325.88,0.43,0.38,2020-03-25,2356,N20,VIIRS,n,2,270.63,1.97,N,2
52.84537,29.9901,296.16,0.43,0.38,2020-03-25,2356,N20,VIIRS,n,2,267.94,1.97,N,2
53.27198,24.4444,305.51,0.44,0.46,2020-03-25,2356,N20,VIIRS,n,2,270.1,1,N,2
52.52136,27.49611,309.08,0.5,0.41,2020-03-25,2356,N20,VIIRS,n,2,263.4,1.89,N,0
52.17352,27.02036,295.76,0.52,0.41,2020-03-25,2356,N20,VIIRS,n,2,264.77,0.61,N,0
52.52124,27.49723,301.88,0.5,0.41,2020-03-25,2356,N20,VIIRS,n,2,263.18,1.69,N,0
53.27207,24.44492,302.67,0.35,0.57,2020-03-26,0136,N20,VIIRS,n,2,268.9,1.16,N,2
52.84861,29.99345,301.15,0.58,0.69,2020-03-26,0136,N20,VIIRS,n,2,267.82,1.23,N,2
51.38927,30.62486,343.83,0.63,0.54,2020-03-26,0944,N20,VIIRS,n,2,288.33,7.24,D,0
51.3661,30.62157,343.08,0.63,0.54,2020-03-26,0944,N20,VIIRS,n,2,283.75,10.34,D,0
51.38761,30.62304,329.63,0.63,0.54,2020-03-26,0944,N20,VIIRS,n,2,285.89,3.9,D,0
51.36911,30.61639,328.49,0.64,0.54,2020-03-26,0944,N20,VIIRS,n,2,288.25,5.81,D,0
51.3715,30.62477,325.91,0.63,0.54,2020-03-26,0944,N20,VIIRS,n,2,285.27,4.56,D,0
51.35673,30.59251,367,0.32,0.54,2020-03-26,0944,N20,VIIRS,h,2,290.65,6.05,D,0
52.19586,31.52142,338.27,0.55,0.51,2020-03-26,0944,N20,VIIRS,n,2,288.12,5.2,D,0
53.62122,31.7061,328.46,0.49,0.49,2020-03-26,0945,N20,VIIRS,n,2,282.86,2.34,D,0
53.07869,29.54646,325.9,0.61,0.54,2020-03-26,0945,N20,VIIRS,n,2,286.64,3.63,D,0
51.99329,26.08995,334.78,0.45,0.63,2020-03-26,0945,N20,VIIRS,n,2,286.84,2.56,D,0
53.42221,29.96358,339.31,0.58,0.52,2020-03-26,0945,N20,VIIRS,n,2,288.79,10.82,D,0
53.42002,29.95579,333.15,0.58,0.52,2020-03-26,0945,N20,VIIRS,n,2,288.28,10.82,D,0
53.42049,29.95672,338.66,0.58,0.52,2020-03-26,0945,N20,VIIRS,n,2,290.27,14.28,D,0
54.03257,31.64121,327.14,0.48,0.48,2020-03-26,0945,N20,VIIRS,n,2,283.31,2.84,D,0
54.85578,26.39619,353.84,0.35,0.56,2020-03-26,0945,N20,VIIRS,n,2,285.04,4.2,D,0
53.97412,31.29093,327.33,0.49,0.49,2020-03-26,0945,N20,VIIRS,n,2,281.22,2.68,D,0
52.5901,26.21251,327.84,0.42,0.61,2020-03-26,0945,N20,VIIRS,n,2,286.76,4.21,D,0
53.26611,27.24846,355.48,0.37,0.58,2020-03-26,0945,N20,VIIRS,n,2,289.05,5.41,D,0
53.26455,27.2435,350.7,0.37,0.58,2020-03-26,0945,N20,VIIRS,n,2,288.79,5.41,D,0
53.263,27.23857,338.33,0.37,0.58,2020-03-26,0945,N20,VIIRS,n,2,287.78,4.9,D,0
54.41713,31.08244,346.64,0.49,0.48,2020-03-26,0945,N20,VIIRS,n,2,288.27,11.61,D,0
53.3911,27.45691,340.26,0.36,0.57,2020-03-26,0945,N20,VIIRS,n,2,284.17,4.15,D,0
53.39222,27.45965,328.19,0.36,0.57,2020-03-26,0945,N20,VIIRS,n,2,282.23,2.37,D,0
54.99738,29.77835,342.95,0.52,0.5,2020-03-26,0945,N20,VIIRS,n,2,286.89,5.21,D,0
54.46182,28.83298,345.36,0.59,0.53,2020-03-26,0945,N20,VIIRS,n,2,287.47,8.94,D,0
53.19291,24.82927,325.67,0.45,0.63,2020-03-26,0945,N20,VIIRS,n,2,284.88,3.62,D,0
54.24966,28.22431,340.22,0.63,0.54,2020-03-26,0945,N20,VIIRS,n,2,285.48,8.22,D,0
54.1559,28.04627,336.94,0.32,0.55,2020-03-26,0945,N20,VIIRS,n,2,285.47,3.19,D,0
54.15137,28.05015,349.46,0.32,0.55,2020-03-26,0945,N20,VIIRS,n,2,287.65,3.53,D,0
53.81787,27.96523,335.72,0.33,0.55,2020-03-26,0945,N20,VIIRS,n,2,288.2,2.27,D,0
52.08206,27.99656,341.92,0.38,0.59,2020-03-26,0945,N20,VIIRS,n,2,287.91,4.01,D,0
52.08691,27.99259,335.2,0.38,0.59,2020-03-26,0945,N20,VIIRS,n,2,284.96,3.27,D,0
53.22129,31.67031,325.48,0.51,0.49,2020-03-26,0945,N20,VIIRS,n,2,284.85,2.57,D,0
53.22547,31.66728,338.36,0.51,0.49,2020-03-26,0945,N20,VIIRS,n,2,286.2,5.48,D,0
52.8442,29.98967,328.27,0.6,0.53,2020-03-26,0945,N20,VIIRS,n,2,291.54,6.22,D,2
53.28999,31.34082,334.03,0.52,0.5,2020-03-26,0945,N20,VIIRS,n,2,286.7,2.77,D,0
52.30279,27.88062,332.18,0.38,0.58,2020-03-26,0945,N20,VIIRS,n,2,286.15,2.75,D,0
53.35485,31.39493,331.17,0.51,0.5,2020-03-26,0945,N20,VIIRS,n,2,286.48,3.31,D,0
53.35589,31.39439,337.48,0.51,0.5,2020-03-26,0945,N20,VIIRS,n,2,286.48,4.91,D,0
52.94205,29.69275,330.66,0.61,0.54,2020-03-26,0945,N20,VIIRS,n,2,289.51,3.99,D,0
51.95231,26.22852,354.74,0.45,0.63,2020-03-26,0945,N20,VIIRS,n,2,285.65,28.26,D,0
51.9465,26.21115,335.21,0.45,0.63,2020-03-26,0945,N20,VIIRS,n,2,287.03,76.72,D,0
51.95037,26.22273,356.01,0.45,0.63,2020-03-26,0945,N20,VIIRS,l,2,289.43,28.26,D,0
51.95356,26.21247,356.39,0.45,0.63,2020-03-26,0945,N20,VIIRS,l,2,284.41,105.87,D,0
51.95163,26.20667,313.31,0.45,0.63,2020-03-26,0945,N20,VIIRS,l,2,316.87,105.87,D,0
51.94968,26.20087,207.93,0.45,0.63,2020-03-26,0945,N20,VIIRS,l,2,302.47,137.57,D,0
51.94608,26.21395,346.9,0.56,0.43,2020-03-26,1125,N20,VIIRS,n,2,298.05,36.34,D,0
51.3891,30.6268,353.7,0.55,0.51,2020-03-26,1125,N20,VIIRS,n,2,291.45,7.49,D,0
51.39384,30.62619,337.69,0.55,0.51,2020-03-26,1125,N20,VIIRS,n,2,289.57,7.49,D,0
51.38959,30.62652,355.35,0.55,0.51,2020-03-26,1125,N20,VIIRS,n,2,292.48,7.96,D,0
51.39434,30.62589,331.43,0.55,0.51,2020-03-26,1125,N20,VIIRS,n,2,289.96,7.96,D,0
51.72309,27.86435,337.98,0.43,0.46,2020-03-26,1125,N20,VIIRS,n,2,286.77,2.16,D,0
52.33949,29.67521,367,0.51,0.5,2020-03-26,1125,N20,VIIRS,h,2,295.57,18.78,D,0
52.1679,26.34877,328.27,0.57,0.43,2020-03-26,1125,N20,VIIRS,n,2,291.81,4.94,D,0
52.30741,27.87671,334.76,0.43,0.46,2020-03-26,1125,N20,VIIRS,n,2,289.82,7.16,D,0
52.14936,24.50013,325.79,0.49,0.4,2020-03-26,1125,N20,VIIRS,n,2,289.44,2.23,D,0
52.20435,24.69942,329.42,0.5,0.41,2020-03-26,1125,N20,VIIRS,n,2,286.99,1.87,D,0
52.18668,24.51736,327.82,0.49,0.4,2020-03-26,1125,N20,VIIRS,n,2,288.39,1.92,D,0
52.663,30.5769,348.35,0.57,0.52,2020-03-26,1125,N20,VIIRS,n,2,296.8,17.76,D,0
52.66259,30.56841,331.68,0.57,0.52,2020-03-26,1125,N20,VIIRS,n,2,289.57,17.76,D,0
52.78291,30.29215,338.31,0.55,0.51,2020-03-26,1125,N20,VIIRS,n,2,290.5,8.32,D,0
52.4001,23.75218,339.03,0.47,0.39,2020-03-26,1125,N20,VIIRS,n,2,278.87,7.66,D,0
52.39935,23.74534,325.3,0.47,0.39,2020-03-26,1125,N20,VIIRS,n,2,283,7.66,D,0
52.94233,29.68432,353.81,0.52,0.5,2020-03-26,1125,N20,VIIRS,n,2,294.12,12.7,D,0
52.94189,29.67648,338.88,0.52,0.5,2020-03-26,1125,N20,VIIRS,n,2,290.28,14.17,D,0
52.94695,29.68366,340.37,0.52,0.5,2020-03-26,1125,N20,VIIRS,n,2,290.6,12.7,D,0
52.9465,29.67581,348.36,0.52,0.5,2020-03-26,1125,N20,VIIRS,n,2,287.62,14.17,D,0
52.94606,29.66798,344.07,0.52,0.5,2020-03-26,1125,N20,VIIRS,n,2,293.95,14.17,D,0
52.76923,26.13567,338.4,0.56,0.43,2020-03-26,1125,N20,VIIRS,n,2,288.06,12.66,D,0
52.77318,26.13474,344.89,0.56,0.43,2020-03-26,1125,N20,VIIRS,n,2,291.11,12.66,D,0
52.77111,26.13558,335.67,0.56,0.43,2020-03-26,1125,N20,VIIRS,n,2,292.54,22.72,D,0
52.81174,25.95557,341.44,0.56,0.43,2020-03-26,1125,N20,VIIRS,n,2,290.21,6.03,D,0
53.18195,29.68671,338.28,0.52,0.5,2020-03-26,1125,N20,VIIRS,n,2,289.9,4.21,D,0
53.31118,31.38428,329.4,0.62,0.54,2020-03-26,1125,N20,VIIRS,n,2,284.47,4.57,D,0
53.31114,31.38529,329.43,0.62,0.54,2020-03-26,1125,N20,VIIRS,n,2,283.9,3.36,D,0
53.06181,26.61455,337.82,0.4,0.44,2020-03-26,1125,N20,VIIRS,n,2,287.85,3.09,D,0
53.28313,28.53519,338.6,0.47,0.48,2020-03-26,1125,N20,VIIRS,n,2,291.82,11.64,D,0
53.28267,28.52802,346.22,0.47,0.48,2020-03-26,1125,N20,VIIRS,n,2,302.08,43.72,D,0
53.44784,30.95273,328.65,0.6,0.53,2020-03-26,1125,N20,VIIRS,n,2,288.37,3.84,D,0
53.14899,25.95303,327.79,0.56,0.43,2020-03-26,1125,N20,VIIRS,n,2,283.85,1.35,D,0
53.56207,31.65489,348.35,0.32,0.54,2020-03-26,1125,N20,VIIRS,n,2,285.68,3.94,D,0
53.38797,27.45688,337.77,0.43,0.46,2020-03-26,1125,N20,VIIRS,n,2,284.93,6.65,D,0
53.19297,24.83176,330.92,0.51,0.41,2020-03-26,1125,N20,VIIRS,n,2,293.14,3.7,D,0
53.19601,24.82308,342.46,0.51,0.41,2020-03-26,1125,N20,VIIRS,n,2,290.45,7.1,D,0
53.3106,25.63388,339.38,0.55,0.43,2020-03-26,1125,N20,VIIRS,n,2,285.54,5.05,D,0
53.8164,31.49047,342.92,0.63,0.54,2020-03-26,1125,N20,VIIRS,n,2,280.83,9.78,D,0
53.57249,27.14008,338.11,0.42,0.45,2020-03-26,1125,N20,VIIRS,n,2,290.44,4.64,D,0
53.57199,27.13367,329.55,0.42,0.45,2020-03-26,1125,N20,VIIRS,n,2,289.57,3.81,D,0
53.90174,31.76459,332.75,0.32,0.55,2020-03-26,1125,N20,VIIRS,n,2,276.95,3.69,D,0
53.90156,31.75956,349.88,0.32,0.55,2020-03-26,1125,N20,VIIRS,n,2,278.52,3.69,D,0
53.90193,31.76963,356.47,0.32,0.55,2020-03-26,1125,N20,VIIRS,l,2,278.26,5.7,D,0
53.42143,24.53345,342.19,0.51,0.41,2020-03-26,1125,N20,VIIRS,n,2,289.17,8.68,D,0
53.35445,23.87458,339.16,0.48,0.4,2020-03-26,1125,N20,VIIRS,n,2,289.69,6.82,D,0
53.35369,23.86737,332.06,0.48,0.4,2020-03-26,1125,N20,VIIRS,n,2,289.05,6.06,D,0
53.35811,23.87352,346.47,0.48,0.4,2020-03-26,1125,N20,VIIRS,n,2,289.76,6.82,D,0
54.0635,28.79041,331.3,0.49,0.49,2020-03-26,1125,N20,VIIRS,n,2,286.18,3.15,D,0
53.99461,26.92146,343,0.42,0.45,2020-03-26,1125,N20,VIIRS,n,2,290.43,6.79,D,0
51.72729,27.86352,329.12,0.43,0.46,2020-03-26,1125,N20,VIIRS,n,2,286.69,2.16,D,0
51.72714,27.86259,338.34,0.43,0.46,2020-03-26,1125,N20,VIIRS,n,2,287.12,4.51,D,0
52.01881,27.403,326.6,0.41,0.45,2020-03-26,1125,N20,VIIRS,n,2,291.64,2.12,D,0
52.02045,27.40521,328.38,0.41,0.45,2020-03-26,1125,N20,VIIRS,n,2,290.95,2.76,D,0
52.08217,28.00064,341.07,0.44,0.46,2020-03-26,1125,N20,VIIRS,n,2,291.78,10.03,D,0
52.08595,27.9934,346.94,0.44,0.46,2020-03-26,1125,N20,VIIRS,n,2,289.91,10.03,D,0
51.9468,26.22208,341.51,0.56,0.43,2020-03-26,1125,N20,VIIRS,n,2,295.53,32.37,D,0
51.94535,26.20583,349.49,0.56,0.43,2020-03-26,1125,N20,VIIRS,n,2,293.9,36.34,D,0
52.15974,28.93331,350.04,0.48,0.48,2020-03-26,1125,N20,VIIRS,n,2,290.66,7.49,D,0
51.95145,26.22931,355.47,0.56,0.43,2020-03-26,1125,N20,VIIRS,n,2,292.98,32.37,D,0
51.95073,26.22118,344.07,0.56,0.43,2020-03-26,1125,N20,VIIRS,n,2,290.7,32.37,D,0
51.94928,26.20493,346.21,0.56,0.43,2020-03-26,1125,N20,VIIRS,n,2,290.07,36.34,D,0
51.94856,26.1968,342.3,0.56,0.43,2020-03-26,1125,N20,VIIRS,n,2,293.07,12.37,D,0
51.94784,26.18869,327.94,0.56,0.43,2020-03-26,1125,N20,VIIRS,n,2,287.64,12.37,D,0
51.95611,26.23654,329.2,0.56,0.43,2020-03-26,1125,N20,VIIRS,n,2,287.82,18.25,D,0
51.95176,26.18779,351.96,0.56,0.43,2020-03-26,1125,N20,VIIRS,n,2,294.92,30.83,D,0
52.05224,27.17315,338.7,0.4,0.45,2020-03-26,1125,N20,VIIRS,n,2,291.52,3.78,D,0
52.09304,27.63339,338.13,0.42,0.45,2020-03-26,1125,N20,VIIRS,n,2,291.97,4,D,0
54.4205,31.08335,333.1,0.61,0.54,2020-03-26,1126,N20,VIIRS,n,2,287.35,4.6,D,0
55.74076,29.98328,338.9,0.57,0.52,2020-03-26,1126,N20,VIIRS,n,2,288.46,8.2,D,0
55.59384,28.57944,330.81,0.5,0.49,2020-03-26,1126,N20,VIIRS,n,2,287.93,3.09,D,0
55.593,28.57873,331.32,0.5,0.49,2020-03-26,1126,N20,VIIRS,n,2,288.14,3.81,D,0
55.52946,27.65024,349.84,0.46,0.47,2020-03-26,1126,N20,VIIRS,n,2,288.69,7.96,D,0
55.38638,30.1007,327.64,0.57,0.52,2020-03-26,1126,N20,VIIRS,n,2,286.57,3.05,D,0
55.10361,29.12066,331.62,0.52,0.5,2020-03-26,1126,N20,VIIRS,n,2,287.35,3.59,D,0
55.10484,29.12062,331.43,0.52,0.5,2020-03-26,1126,N20,VIIRS,n,2,287.45,3.97,D,0
54.99695,29.77571,331.93,0.55,0.51,2020-03-26,1126,N20,VIIRS,n,2,289.02,5.96,D,0
54.87454,27.91479,340.12,0.46,0.47,2020-03-26,1126,N20,VIIRS,n,2,288.27,3.84,D,0
54.84306,29.21927,336.99,0.52,0.5,2020-03-26,1126,N20,VIIRS,n,2,286.8,5.23,D,0
54.4203,31.19967,342.76,0.62,0.54,2020-03-26,1126,N20,VIIRS,n,2,287.56,8.21,D,0
54.74168,29.30018,338.01,0.52,0.5,2020-03-26,1126,N20,VIIRS,n,2,289.81,5.73,D,0
54.65289,30.4039,331.1,0.58,0.52,2020-03-26,1126,N20,VIIRS,n,2,288.88,4.97,D,0
54.34914,27.80297,337.48,0.45,0.47,2020-03-26,1126,N20,VIIRS,n,2,287.85,4.17,D,0
54.4008,30.32307,328.51,0.57,0.52,2020-03-26,1126,N20,VIIRS,n,2,289.22,3.85,D,0
54.6218,30.19949,317,0.42,0.45,2020-03-26,2336,N20,VIIRS,n,2,268.18,1.07,N,0
51.93813,26.16038,309.02,0.57,0.52,2020-03-26,2337,N20,VIIRS,n,2,267.81,2.18,N,0
51.93378,26.15129,300.9,0.57,0.52,2020-03-26,2337,N20,VIIRS,n,2,267.48,2.18,N,0
51.93724,26.17716,296.36,0.57,0.52,2020-03-26,2337,N20,VIIRS,n,2,267.69,3.1,N,0
51.93769,26.16877,331.29,0.57,0.52,2020-03-26,2337,N20,VIIRS,n,2,268.67,3.1,N,0
51.94068,26.20297,301.94,0.57,0.52,2020-03-26,2337,N20,VIIRS,n,2,264.86,1.74,N,0
51.94113,26.1946,319.12,0.57,0.52,2020-03-26,2337,N20,VIIRS,n,2,267.55,2.65,N,0
51.94159,26.18623,304.76,0.57,0.52,2020-03-26,2337,N20,VIIRS,n,2,267.31,2.65,N,0
51.94547,26.20366,310.75,0.57,0.52,2020-03-26,2337,N20,VIIRS,n,2,266.85,1.74,N,0
52.0173,26.20436,311.16,0.57,0.52,2020-03-26,2337,N20,VIIRS,n,2,266.22,2.34,N,0
52.03994,29.83101,311.38,0.4,0.44,2020-03-26,2337,N20,VIIRS,n,2,263.35,0.84,N,0
53.26585,24.44685,296.48,0.34,0.56,2020-03-26,2337,N20,VIIRS,n,2,271.49,0.79,N,2
53.27126,24.4421,312.41,0.35,0.56,2020-03-26,2337,N20,VIIRS,n,2,272.7,1.03,N,2
53.53742,27.84317,302.98,0.5,0.49,2020-03-26,2337,N20,VIIRS,n,2,266.43,1.04,N,0
52.33179,25.59663,296.29,0.55,0.51,2020-03-27,0117,N20,VIIRS,n,2,264.69,1.89,N,0
53.26902,24.44395,301.89,0.47,0.48,2020-03-27,0117,N20,VIIRS,n,2,270.75,1.47,N,2
52.03827,29.83255,322.57,0.41,0.61,2020-03-27,0117,N20,VIIRS,n,2,267.26,2.03,N,0
51.93483,26.17321,305.24,0.6,0.53,2020-03-27,0117,N20,VIIRS,n,2,258.66,2.19,N,0
51.93711,26.16522,316.83,0.6,0.53,2020-03-27,0117,N20,VIIRS,n,2,255.67,2.19,N,0
51.93702,26.18453,311.73,0.6,0.53,2020-03-27,0117,N20,VIIRS,n,2,262.49,2.91,N,0
51.94147,26.18787,308.48,0.6,0.53,2020-03-27,0117,N20,VIIRS,n,2,259.82,2.91,N,0
51.93919,26.19587,328.62,0.6,0.53,2020-03-27,0117,N20,VIIRS,n,2,261.73,2.91,N,0
51.94365,26.19921,308.72,0.6,0.53,2020-03-27,0117,N20,VIIRS,n,2,263.39,1.2,N,0
51.91092,25.96261,327.94,0.69,0.74,2020-03-27,0926,N20,VIIRS,n,2,285.37,1.85,D,0
51.91124,25.95632,326.46,0.69,0.74,2020-03-27,0926,N20,VIIRS,n,2,285.33,4.1,D,0
52.10931,26.21317,341.85,0.66,0.73,2020-03-27,0926,N20,VIIRS,n,2,285.74,11.33,D,0
52.10722,26.21762,353.36,0.66,0.73,2020-03-27,0926,N20,VIIRS,n,2,288.11,9.62,D,0
52.33107,25.6043,331.45,0.68,0.74,2020-03-27,0926,N20,VIIRS,n,2,287.9,3.69,D,0
52.0665,28.03337,367,0.57,0.69,2020-03-27,0926,N20,VIIRS,h,2,290.25,15.01,D,0
52.06376,28.03692,367,0.57,0.69,2020-03-27,0926,N20,VIIRS,h,2,290.17,12.37,D,0
52.06108,28.02971,340.98,0.57,0.69,2020-03-27,0926,N20,VIIRS,n,2,289.39,12.37,D,0
52.22395,30.77704,367,0.45,0.63,2020-03-27,0926,N20,VIIRS,h,2,295.6,9.92,D,0
52.2259,30.78287,339.87,0.45,0.63,2020-03-27,0926,N20,VIIRS,n,2,290.81,9.92,D,0
52.06099,28.0387,330.06,0.57,0.69,2020-03-27,0926,N20,VIIRS,n,2,289.07,4.1,D,0
52.68037,26.37939,334.96,0.62,0.71,2020-03-27,0926,N20,VIIRS,n,2,284.78,11.03,D,0
52.67738,26.37155,353.27,0.62,0.71,2020-03-27,0926,N20,VIIRS,n,2,287.29,12.58,D,0
52.04402,26.9776,325.07,0.63,0.72,2020-03-27,0926,N20,VIIRS,n,2,282.23,2.5,D,0
52.8473,28.69668,325.47,0.51,0.66,2020-03-27,0926,N20,VIIRS,n,2,288.12,3.81,D,0
51.935,26.2109,352.34,0.67,0.74,2020-03-27,0926,N20,VIIRS,n,2,286.03,16.15,D,0
51.93172,26.20251,355.51,0.67,0.74,2020-03-27,0926,N20,VIIRS,n,2,286.39,18.34,D,0
53.12818,29.72985,327.4,0.52,0.41,2020-03-27,1106,N20,VIIRS,n,2,293.1,2.81,D,0
51.76439,30.02908,331,0.51,0.41,2020-03-27,1106,N20,VIIRS,n,2,293.98,4.68,D,0
51.82988,29.87661,331.51,0.5,0.41,2020-03-27,1106,N20,VIIRS,n,2,296.28,3.49,D,0
51.62089,27.87225,341.84,0.44,0.38,2020-03-27,1106,N20,VIIRS,n,2,293.8,4.49,D,0
51.61982,27.53075,336.47,0.43,0.38,2020-03-27,1106,N20,VIIRS,n,2,289.22,4.84,D,0
51.89974,28.00239,334.61,0.44,0.39,2020-03-27,1106,N20,VIIRS,n,2,293.37,6.31,D,0
51.88642,26.8896,332.38,0.42,0.37,2020-03-27,1106,N20,VIIRS,n,2,296.84,2.76,D,0
52.07108,28.38187,331.24,0.46,0.39,2020-03-27,1106,N20,VIIRS,n,2,292.8,2.37,D,0
52.06206,28.03879,330.68,0.45,0.39,2020-03-27,1106,N20,VIIRS,n,2,294.48,3.12,D,0
52.06559,28.03774,338.67,0.45,0.39,2020-03-27,1106,N20,VIIRS,n,2,293.43,4.45,D,0
52.06485,28.03125,328.13,0.45,0.39,2020-03-27,1106,N20,VIIRS,n,2,293.25,1.97,D,0
52.02171,27.62721,341.9,0.44,0.38,2020-03-27,1106,N20,VIIRS,n,2,294.53,7.53,D,0
52.32821,30.34723,332.84,0.53,0.42,2020-03-27,1106,N20,VIIRS,n,2,293.31,11.47,D,0
52.33205,30.34628,344.68,0.53,0.42,2020-03-27,1106,N20,VIIRS,n,2,295.9,11.47,D,0
52.01917,27.39412,339.97,0.43,0.38,2020-03-27,1106,N20,VIIRS,n,2,295.07,4.43,D,0
52.05045,27.475,327.62,0.43,0.38,2020-03-27,1106,N20,VIIRS,n,2,293.03,2.65,D,0
52.23229,28.88,367,0.47,0.4,2020-03-27,1106,N20,VIIRS,h,2,293.53,9.62,D,0
52.00605,26.83636,326.37,0.42,0.37,2020-03-27,1106,N20,VIIRS,n,2,292.89,2.18,D,0
51.93076,26.18734,342.66,0.41,0.37,2020-03-27,1106,N20,VIIRS,n,2,297.78,20.71,D,0
51.93639,26.20373,347.65,0.41,0.37,2020-03-27,1106,N20,VIIRS,n,2,293,6.98,D,0
52.04181,26.98241,331.34,0.42,0.38,2020-03-27,1106,N20,VIIRS,n,2,292.72,5.1,D,0
52.04106,26.97631,332.06,0.42,0.38,2020-03-27,1106,N20,VIIRS,n,2,292.57,8.09,D,0
52.04031,26.97023,350.29,0.42,0.38,2020-03-27,1106,N20,VIIRS,n,2,298.92,8.09,D,0
52.04448,26.97522,334.92,0.42,0.38,2020-03-27,1106,N20,VIIRS,n,2,285.72,8.09,D,0
52.04373,26.96913,336.9,0.42,0.38,2020-03-27,1106,N20,VIIRS,n,2,287.28,8.09,D,0
51.91442,25.95617,346.49,0.4,0.37,2020-03-27,1106,N20,VIIRS,n,2,287.46,10.24,D,0
52.1312,27.54606,354.3,0.43,0.38,2020-03-27,1106,N20,VIIRS,n,2,300.04,17.76,D,0
52.13046,27.53976,347.42,0.43,0.38,2020-03-27,1106,N20,VIIRS,n,2,295.41,9.54,D,0
52.14089,27.53652,335.68,0.43,0.38,2020-03-27,1106,N20,VIIRS,n,2,299.77,5.18,D,0
52.50845,30.794,331.31,0.55,0.43,2020-03-27,1106,N20,VIIRS,n,2,293.55,6.08,D,0
52.01375,26.23244,356.26,0.41,0.37,2020-03-27,1106,N20,VIIRS,n,2,297.49,8.35,D,0
52.01299,26.22659,332.12,0.41,0.37,2020-03-27,1106,N20,VIIRS,n,2,294.75,4.64,D,0
52.01382,26.2311,367,0.41,0.37,2020-03-27,1106,N20,VIIRS,h,2,297.86,5.69,D,0
52.01307,26.22523,327.9,0.41,0.37,2020-03-27,1106,N20,VIIRS,n,2,293.27,5.69,D,0
52.50762,30.79531,340.96,0.55,0.43,2020-03-27,1106,N20,VIIRS,n,2,292.02,5.3,D,0
52.12936,26.61304,336.12,0.41,0.37,2020-03-27,1106,N20,VIIRS,n,2,295,2.79,D,0
53.83155,31.55185,338.74,0.41,0.45,2020-03-27,1106,N20,VIIRS,n,2,290.03,3.13,D,0
53.82803,31.66711,325.7,0.41,0.45,2020-03-27,1106,N20,VIIRS,n,2,279.59,2.82,D,0
53.83541,31.76225,335.63,0.42,0.45,2020-03-27,1106,N20,VIIRS,n,2,279.78,5.16,D,0
53.38981,27.44407,340.39,0.44,0.39,2020-03-27,1106,N20,VIIRS,n,2,286.23,4.25,D,0
53.69775,31.68594,332.11,0.41,0.45,2020-03-27,1106,N20,VIIRS,n,2,290.31,1.9,D,0
53.66379,31.68072,325.13,0.41,0.45,2020-03-27,1106,N20,VIIRS,n,2,287.63,2.66,D,0
52.99744,25.61104,325.83,0.4,0.37,2020-03-27,1106,N20,VIIRS,n,2,292.18,2.9,D,0
53.14509,27.60109,339.81,0.45,0.39,2020-03-27,1106,N20,VIIRS,n,2,291.24,24.99,D,0
53.14585,27.60773,346.01,0.45,0.39,2020-03-27,1106,N20,VIIRS,n,2,292.66,24.99,D,0
53.14661,27.61436,345.67,0.45,0.39,2020-03-27,1106,N20,VIIRS,n,2,292.47,5.84,D,0
53.14156,27.60219,311.88,0.45,0.39,2020-03-27,1106,N20,VIIRS,l,2,313.62,24.99,D,0
53.14232,27.60883,337.18,0.45,0.39,2020-03-27,1106,N20,VIIRS,n,2,294.42,24.99,D,0
52.10606,26.212,348.87,0.41,0.37,2020-03-27,1106,N20,VIIRS,n,2,294.26,9.1,D,0
52.10529,26.20612,353.55,0.41,0.37,2020-03-27,1106,N20,VIIRS,n,2,292.29,9.1,D,0
52.31492,27.88012,325.98,0.44,0.39,2020-03-27,1106,N20,VIIRS,n,2,294.42,3.05,D,0
52.11018,26.21674,331.58,0.41,0.37,2020-03-27,1106,N20,VIIRS,n,2,290.99,2.25,D,0
52.10865,26.20498,330.21,0.41,0.37,2020-03-27,1106,N20,VIIRS,n,2,289.41,22.26,D,0
52.11201,26.20383,354.35,0.41,0.37,2020-03-27,1106,N20,VIIRS,n,2,301.76,22.26,D,0
52.11124,26.19795,329.69,0.41,0.37,2020-03-27,1106,N20,VIIRS,n,2,297.92,47.01,D,0
52.11537,26.20269,331.81,0.41,0.37,2020-03-27,1106,N20,VIIRS,n,2,289.18,8.28,D,0
52.30296,27.59464,327.01,0.44,0.38,2020-03-27,1106,N20,VIIRS,n,2,292.21,2.71,D,0
52.74042,25.10437,334.55,0.4,0.37,2020-03-27,1106,N20,VIIRS,n,2,288.25,2.71,D,0
52.36289,28.02535,334.82,0.45,0.39,2020-03-27,1106,N20,VIIRS,n,2,293.56,4.08,D,0
53.45869,32.13318,326.03,0.42,0.46,2020-03-27,1106,N20,VIIRS,n,2,284.53,4.96,D,0
52.99328,27.53992,330.18,0.44,0.39,2020-03-27,1106,N20,VIIRS,n,2,289.97,1.99,D,0
53.44234,32.31443,332.88,0.43,0.46,2020-03-27,1106,N20,VIIRS,n,2,288.32,4.34,D,0
53.32613,31.34849,337.98,0.4,0.44,2020-03-27,1106,N20,VIIRS,n,2,291.61,3.35,D,0
53.3216,31.3434,334.57,0.4,0.44,2020-03-27,1106,N20,VIIRS,n,2,292.43,5.28,D,0
53.1382,29.52258,334.52,0.51,0.41,2020-03-27,1106,N20,VIIRS,n,2,296.25,2.94,D,0
53.1389,29.52271,328.12,0.51,0.41,2020-03-27,1106,N20,VIIRS,n,2,296.82,3.61,D,0
53.29999,31.37463,351.41,0.4,0.44,2020-03-27,1106,N20,VIIRS,n,2,303.3,20.51,D,0
52.3685,28.01009,326.2,0.45,0.39,2020-03-27,1106,N20,VIIRS,n,2,293.26,3.1,D,0
52.16359,26.19555,336.48,0.41,0.37,2020-03-27,1106,N20,VIIRS,n,2,291.56,2.8,D,0
52.66431,30.5903,329.05,0.55,0.42,2020-03-27,1106,N20,VIIRS,n,2,294.96,3.91,D,0
52.28963,27.00049,344.66,0.42,0.38,2020-03-27,1106,N20,VIIRS,n,2,294.43,5.39,D,0
52.29306,26.99937,329.24,0.42,0.38,2020-03-27,1106,N20,VIIRS,n,2,290.68,5.39,D,0
52.29231,26.99322,345.05,0.42,0.38,2020-03-27,1106,N20,VIIRS,n,2,295.13,9.11,D,0
52.41335,27.82756,342.86,0.44,0.39,2020-03-27,1106,N20,VIIRS,n,2,300.08,26.53,D,0
52.4126,27.82105,337.84,0.44,0.39,2020-03-27,1106,N20,VIIRS,n,2,292.05,7.35,D,0
52.41184,27.81455,339.66,0.44,0.39,2020-03-27,1106,N20,VIIRS,n,2,289.3,7.35,D,0
52.09031,25.04381,329.17,0.39,0.36,2020-03-27,1106,N20,VIIRS,n,2,290.87,1.77,D,0
52.80813,30.91124,330.28,0.56,0.43,2020-03-27,1106,N20,VIIRS,n,2,293.87,6.3,D,0
52.85349,30.31469,325.93,0.54,0.42,2020-03-27,1106,N20,VIIRS,n,2,290.21,2.73,D,0
52.84685,29.99347,331.34,0.52,0.42,2020-03-27,1106,N20,VIIRS,n,2,295.48,3.66,D,2
52.93647,30.92471,336.5,0.57,0.43,2020-03-27,1106,N20,VIIRS,n,2,293.63,4.7,D,0
52.18617,24.34436,346.07,0.39,0.36,2020-03-27,1106,N20,VIIRS,n,2,292.83,3.67,D,0
52.54393,26.8241,334.75,0.42,0.38,2020-03-27,1106,N20,VIIRS,n,2,299.88,8.7,D,0
53.13929,32.19105,345.5,0.42,0.45,2020-03-27,1106,N20,VIIRS,n,2,294.54,11.79,D,0
53.1388,32.18467,354.48,0.42,0.45,2020-03-27,1106,N20,VIIRS,n,2,303.94,23.73,D,0
53.13831,32.17827,332.8,0.42,0.45,2020-03-27,1106,N20,VIIRS,n,2,291.05,23.73,D,0
53.14397,32.19663,351.54,0.42,0.45,2020-03-27,1106,N20,VIIRS,n,2,292.45,10.07,D,0
53.14349,32.19025,348.77,0.42,0.45,2020-03-27,1106,N20,VIIRS,n,2,291.19,10.07,D,0
53.20342,31.75613,340.85,0.41,0.45,2020-03-27,1106,N20,VIIRS,n,2,291.5,3.5,D,0
53.16413,31.27493,334.49,0.39,0.44,2020-03-27,1106,N20,VIIRS,n,2,292.29,3.36,D,0
53.16364,31.26911,326.96,0.39,0.44,2020-03-27,1106,N20,VIIRS,n,2,292.76,3.36,D,0
53.20802,31.76137,346.48,0.41,0.45,2020-03-27,1106,N20,VIIRS,n,2,292.55,4.34,D,0
53.20655,31.74293,329.79,0.41,0.45,2020-03-27,1106,N20,VIIRS,n,2,290.23,2.45,D,0
53.21263,31.76662,341.47,0.41,0.45,2020-03-27,1106,N20,VIIRS,n,2,292.89,4.34,D,0
53.14434,30.80848,341.82,0.56,0.43,2020-03-27,1106,N20,VIIRS,n,2,292.11,9.66,D,0
53.14642,30.80798,337.85,0.56,0.43,2020-03-27,1106,N20,VIIRS,n,2,289.7,4.34,D,0
53.13451,30.30341,333.62,0.54,0.42,2020-03-27,1106,N20,VIIRS,n,2,290.51,4.67,D,0
53.18638,30.85058,338.92,0.57,0.43,2020-03-27,1106,N20,VIIRS,n,2,290.82,5.47,D,0
53.08622,29.53666,328.76,0.51,0.41,2020-03-27,1106,N20,VIIRS,n,2,288.53,2.26,D,0
53.09147,29.55092,330.9,0.51,0.41,2020-03-27,1106,N20,VIIRS,n,2,290.64,4.35,D,0
53.07887,29.42226,335.48,0.5,0.41,2020-03-27,1106,N20,VIIRS,n,2,289.58,4.6,D,0
53.30048,31.38059,338.95,0.4,0.44,2020-03-27,1106,N20,VIIRS,n,2,291.08,20.51,D,0
55.74512,27.97683,330.27,0.49,0.4,2020-03-27,1107,N20,VIIRS,n,2,275.81,5.44,D,0
53.33725,23.84829,337.32,0.39,0.36,2020-03-27,1107,N20,VIIRS,n,2,287.08,5.61,D,0
53.33807,23.854,325.97,0.39,0.36,2020-03-27,1107,N20,VIIRS,n,2,285.14,1.54,D,0
53.33399,23.84961,330.59,0.39,0.36,2020-03-27,1107,N20,VIIRS,n,2,288.91,5.61,D,0
54.28601,31.29163,307.78,0.58,0.52,2020-03-27,2317,N20,VIIRS,n,2,269.39,1.24,N,0
54.28426,31.29739,300.89,0.58,0.52,2020-03-27,2317,N20,VIIRS,n,2,269.79,2.27,N,0
52.57356,27.79102,302.8,0.39,0.59,2020-03-27,2318,N20,VIIRS,n,2,267.25,1.39,N,0
52.57371,27.78509,299.63,0.39,0.59,2020-03-27,2318,N20,VIIRS,n,2,265.08,1.13,N,0
52.84704,29.98743,312.4,0.64,0.54,2020-03-27,2318,N20,VIIRS,n,2,271.24,1.94,N,2
53.27042,24.44363,296.31,0.55,0.68,2020-03-27,2318,N20,VIIRS,n,2,271.12,0.95,N,2
53.27269,24.43858,309.79,0.55,0.68,2020-03-27,2318,N20,VIIRS,n,2,271.83,1.31,N,2
53.26088,31.44043,298.13,0.56,0.51,2020-03-27,2318,N20,VIIRS,n,2,273.08,1,N,0
53.31857,31.34632,300.49,0.56,0.52,2020-03-27,2318,N20,VIIRS,n,2,270.13,2.19,N,0
53.31902,31.33782,337.83,0.56,0.52,2020-03-27,2318,N20,VIIRS,n,2,273.76,6.6,N,0
53.67908,29.82751,301.4,0.33,0.55,2020-03-27,2318,N20,VIIRS,n,2,264.45,0.38,N,0
53.65736,31.75476,297.77,0.54,0.51,2020-03-27,2318,N20,VIIRS,n,2,263.96,2,N,0
51.89164,29.33816,330.1,0.33,0.56,2020-03-27,2318,N20,VIIRS,n,2,248.25,3.45,N,2
53.66206,31.75555,317.33,0.54,0.51,2020-03-27,2318,N20,VIIRS,n,2,265.99,2,N,0
53.65779,31.74644,307.33,0.54,0.51,2020-03-27,2318,N20,VIIRS,n,2,265.56,2,N,0
52.00768,27.33886,305.28,0.41,0.6,2020-03-27,2318,N20,VIIRS,n,2,266.52,1.14,N,0
52.00783,27.33281,300.18,0.41,0.6,2020-03-27,2318,N20,VIIRS,n,2,265.9,1.14,N,0
52.00563,27.32782,298.99,0.41,0.6,2020-03-27,2318,N20,VIIRS,n,2,266.2,1.15,N,0
52.01112,27.33427,304.29,0.41,0.6,2020-03-27,2318,N20,VIIRS,n,2,265.5,1.05,N,0
52.10466,26.13465,309.3,0.46,0.63,2020-03-27,2318,N20,VIIRS,n,2,266.28,2.06,N,0
51.94276,25.99706,367,0.47,0.64,2020-03-27,2318,N20,VIIRS,h,2,275.19,12.24,N,0
51.94271,26.00397,351.39,0.46,0.64,2020-03-27,2318,N20,VIIRS,n,2,272.04,12.24,N,0
51.94574,25.99207,349.12,0.47,0.64,2020-03-27,2318,N20,VIIRS,n,2,270.94,15.59,N,0
51.94565,25.99898,355.32,0.46,0.64,2020-03-27,2318,N20,VIIRS,n,2,279.2,15.59,N,0
51.94556,26.00588,367,0.46,0.64,2020-03-27,2318,N20,VIIRS,h,2,276.66,12.8,N,0
51.94547,26.01278,336.27,0.46,0.64,2020-03-27,2318,N20,VIIRS,n,2,269.86,12.8,N,0
51.94283,25.99016,334.41,0.47,0.64,2020-03-27,2318,N20,VIIRS,n,2,269.48,9.05,N,0
51.94851,26.01803,354.29,0.46,0.64,2020-03-27,2318,N20,VIIRS,n,2,271.72,8.49,N,0
51.94857,26.01113,367,0.46,0.64,2020-03-27,2318,N20,VIIRS,h,2,274.62,8.49,N,0
51.94864,26.00422,351.54,0.46,0.64,2020-03-27,2318,N20,VIIRS,n,2,273.82,5.45,N,0
51.9487,25.99731,336.8,0.47,0.64,2020-03-27,2318,N20,VIIRS,n,2,271.77,5.45,N,0
51.95456,26.00449,296.78,0.46,0.64,2020-03-27,2318,N20,VIIRS,n,2,271.35,5.45,N,0
51.95437,26.02515,344.48,0.46,0.64,2020-03-27,2318,N20,VIIRS,n,2,269.1,8.94,N,0
51.95444,26.01826,333.78,0.46,0.64,2020-03-27,2318,N20,VIIRS,n,2,269.49,8.49,N,0
51.9545,26.01138,330.07,0.46,0.64,2020-03-27,2318,N20,VIIRS,n,2,271.7,8.49,N,0
51.96043,26.01165,319.66,0.46,0.64,2020-03-27,2318,N20,VIIRS,n,2,269.55,2.61,N,0
51.9603,26.02542,327.13,0.46,0.64,2020-03-27,2318,N20,VIIRS,n,2,267.68,4.06,N,0
53.6563,31.7578,301.99,0.57,0.52,2020-03-28,0058,N20,VIIRS,n,2,266.28,2.43,N,0
53.31939,31.35317,310.46,0.56,0.52,2020-03-28,0058,N20,VIIRS,n,2,268.52,1.99,N,0
52.8238,26.11962,297.77,0.56,0.43,2020-03-28,0058,N20,VIIRS,n,2,267.61,0.85,N,0
53.26188,24.45055,299.62,0.48,0.4,2020-03-28,0058,N20,VIIRS,n,2,273.18,0.89,N,2
53.27184,24.4409,315.79,0.48,0.4,2020-03-28,0058,N20,VIIRS,n,2,273.29,2.16,N,2
53.31913,31.34244,300.22,0.56,0.52,2020-03-28,0058,N20,VIIRS,n,2,269,2.24,N,0
52.84715,29.9877,325.53,0.52,0.5,2020-03-28,0058,N20,VIIRS,n,2,272.2,4.09,N,2
52.93042,30.92937,302.79,0.56,0.51,2020-03-28,0058,N20,VIIRS,n,2,261.79,0.72,N,0
53.31725,31.34198,304.99,0.56,0.52,2020-03-28,0058,N20,VIIRS,n,2,269.34,1.71,N,0
53.32124,31.35357,302.61,0.56,0.52,2020-03-28,0058,N20,VIIRS,n,2,267.96,1.1,N,0
53.6542,31.74646,298.87,0.57,0.52,2020-03-28,0058,N20,VIIRS,n,2,269.46,0.85,N,0
53.65851,31.74996,316.58,0.57,0.52,2020-03-28,0058,N20,VIIRS,n,2,268.19,3.14,N,0
51.94608,26.00988,333.59,0.39,0.44,2020-03-28,0059,N20,VIIRS,n,2,268.98,7.12,N,0
51.9486,26.01755,327.98,0.39,0.44,2020-03-28,0059,N20,VIIRS,n,2,268.89,4.05,N,0
51.94229,26.00755,367,0.39,0.44,2020-03-28,0059,N20,VIIRS,h,2,274.32,7.12,N,0
51.93976,25.99988,352.6,0.39,0.44,2020-03-28,0059,N20,VIIRS,n,2,272.3,4.31,N,0
51.94102,25.99454,309.97,0.39,0.44,2020-03-28,0059,N20,VIIRS,n,2,266.79,4.31,N,0
51.93724,25.99222,323.5,0.39,0.44,2020-03-28,0059,N20,VIIRS,n,2,265.64,4.31,N,0
51.94481,26.01522,340.79,0.39,0.44,2020-03-28,0059,N20,VIIRS,n,2,270.24,7.12,N,0
51.95871,26.0299,330.48,0.39,0.44,2020-03-28,0059,N20,VIIRS,n,2,268.23,3.03,N,0
51.95113,26.02524,337.42,0.39,0.44,2020-03-28,0059,N20,VIIRS,n,2,268.53,2.53,N,0
51.94355,26.00221,337.89,0.39,0.44,2020-03-28,0059,N20,VIIRS,n,2,269,5.8,N,0
51.95491,26.02757,330.27,0.39,0.44,2020-03-28,0059,N20,VIIRS,n,2,268.41,3.03,N,0
51.94734,26.0229,302.74,0.39,0.44,2020-03-28,0059,N20,VIIRS,n,2,265.53,2.53,N,0
53.65988,31.76348,334.38,0.54,0.68,2020-03-28,0907,N20,VIIRS,n,2,286.77,5.7,D,0
52.02449,29.95159,347.15,0.73,0.76,2020-03-28,0907,N20,VIIRS,n,2,284.31,12.35,D,0
52.74228,30.93482,336.08,0.63,0.72,2020-03-28,0907,N20,VIIRS,n,2,286.59,3.53,D,0
52.30424,29.79195,328.42,0.72,0.75,2020-03-28,0907,N20,VIIRS,n,2,287.37,4.85,D,0
52.74057,30.93319,328.71,0.63,0.72,2020-03-28,0907,N20,VIIRS,n,2,286.98,3.3,D,0
52.30383,29.78969,336.18,0.72,0.75,2020-03-28,0907,N20,VIIRS,n,2,288.26,5.34,D,0
53.41831,32.48245,347.7,0.52,0.67,2020-03-28,0907,N20,VIIRS,n,2,285.99,7.05,D,0
53.41584,32.47568,345.61,0.52,0.67,2020-03-28,0907,N20,VIIRS,n,2,288.36,7.05,D,0
53.20786,31.85244,336.89,0.56,0.69,2020-03-28,0907,N20,VIIRS,n,2,287.11,4.18,D,0
53.20516,31.84521,327.95,0.56,0.69,2020-03-28,0907,N20,VIIRS,n,2,287.64,4.18,D,0
53.21059,31.83967,345.19,0.56,0.69,2020-03-28,0907,N20,VIIRS,n,2,284.1,8.39,D,0
53.20789,31.83247,339.09,0.56,0.69,2020-03-28,0907,N20,VIIRS,n,2,285.95,8.72,D,0
52.93071,30.93768,339.54,0.62,0.71,2020-03-28,0907,N20,VIIRS,n,2,289.24,7.8,D,0
52.9277,30.92985,330.03,0.62,0.71,2020-03-28,0907,N20,VIIRS,n,2,288.83,7.4,D,0
53.27092,31.31531,325.04,0.58,0.7,2020-03-28,0907,N20,VIIRS,n,2,287.56,2.4,D,0
53.27639,31.30962,367,0.58,0.7,2020-03-28,0907,N20,VIIRS,h,2,291.72,17.45,D,0
53.29589,31.34103,327.88,0.58,0.69,2020-03-28,0907,N20,VIIRS,n,2,286.24,3.44,D,0
53.3151,31.35164,337.79,0.58,0.69,2020-03-28,0907,N20,VIIRS,n,2,284.31,6.68,D,0
53.31234,31.34433,326.65,0.58,0.69,2020-03-28,0907,N20,VIIRS,n,2,285.55,5.54,D,0
53.31781,31.33865,331.63,0.58,0.69,2020-03-28,0907,N20,VIIRS,n,2,279.29,3.07,D,0
53.64934,31.75485,326.55,0.54,0.68,2020-03-28,0907,N20,VIIRS,n,2,286.52,5.56,D,0
53.65726,31.75634,332.31,0.54,0.68,2020-03-28,0907,N20,VIIRS,n,2,289.44,6.36,D,0
53.65886,31.76261,338.86,0.54,0.68,2020-03-28,0907,N20,VIIRS,n,2,287.66,5.83,D,0
53.65623,31.75552,340.86,0.54,0.68,2020-03-28,0907,N20,VIIRS,n,2,289.86,5.83,D,0
53.15782,30.26719,339.41,0.64,0.72,2020-03-28,0907,N20,VIIRS,n,2,284.47,6.94,D,0
53.91714,31.72622,349.17,0.53,0.67,2020-03-28,0907,N20,VIIRS,n,2,300.37,52.67,D,0
53.91458,31.71917,325.72,0.53,0.67,2020-03-28,0907,N20,VIIRS,n,2,287.92,25.77,D,0
53.34307,30.19531,325.56,0.63,0.72,2020-03-28,0907,N20,VIIRS,n,2,282.63,4.29,D,0
54.68513,30.79157,333.8,0.53,0.67,2020-03-28,0908,N20,VIIRS,n,2,285.33,3.56,D,0
54.68501,30.79074,338.48,0.53,0.67,2020-03-28,0908,N20,VIIRS,n,2,285.85,4.46,D,0
54.47223,31.09421,331.16,0.53,0.67,2020-03-28,0908,N20,VIIRS,n,2,288.19,5.78,D,0
53.34399,30.19978,332.24,0.63,0.72,2020-03-28,0908,N20,VIIRS,n,2,282.23,4.72,D,0
53.9131,31.71437,338.41,0.53,0.67,2020-03-28,0908,N20,VIIRS,n,2,288.16,8.39,D,0
53.91565,31.72128,350.23,0.53,0.67,2020-03-28,0908,N20,VIIRS,n,2,290.65,27.21,D,0
53.91825,31.72832,367,0.53,0.67,2020-03-28,0908,N20,VIIRS,h,2,293.85,27.21,D,0
53.91037,31.72685,330.85,0.53,0.67,2020-03-28,0908,N20,VIIRS,n,2,288.56,7.4,D,0
53.45557,31.87308,337.1,0.44,0.38,2020-03-28,1047,N20,VIIRS,n,2,282.96,6.02,D,0
51.91512,29.0009,344.14,0.39,0.36,2020-03-28,1047,N20,VIIRS,n,2,290.06,9.47,D,0
51.66349,27.21419,331.45,0.39,0.36,2020-03-28,1047,N20,VIIRS,n,2,292.17,4.76,D,0
51.66258,27.20871,344.7,0.39,0.36,2020-03-28,1047,N20,VIIRS,n,2,291.72,4.76,D,0
52.0181,29.33367,351.3,0.39,0.36,2020-03-28,1047,N20,VIIRS,n,2,269.09,17.12,D,0
52.02137,29.33244,348.78,0.39,0.36,2020-03-28,1047,N20,VIIRS,n,2,275.4,17.12,D,0
52.25976,29.80267,346.67,0.39,0.36,2020-03-28,1047,N20,VIIRS,n,2,279.12,4.74,D,0
52.26226,29.79579,345.54,0.39,0.36,2020-03-28,1047,N20,VIIRS,n,2,279.03,9.2,D,0
52.26305,29.80146,356.81,0.39,0.36,2020-03-28,1047,N20,VIIRS,l,2,282.01,9.2,D,0
52.3834,30.41885,346.31,0.4,0.37,2020-03-28,1047,N20,VIIRS,n,2,276.97,7.67,D,0
52.38262,30.41303,325.54,0.4,0.37,2020-03-28,1047,N20,VIIRS,n,2,273.91,2.83,D,0
52.38673,30.41767,340.22,0.4,0.37,2020-03-28,1047,N20,VIIRS,n,2,287.87,38.33,D,0
52.38595,30.41184,328.66,0.4,0.37,2020-03-28,1047,N20,VIIRS,n,2,296.19,48.96,D,0
52.00909,27.34279,346.39,0.39,0.36,2020-03-28,1047,N20,VIIRS,n,2,294.95,7.19,D,0
52.0082,27.33729,329.44,0.39,0.36,2020-03-28,1047,N20,VIIRS,n,2,293.68,2.72,D,0
52.03937,27.29457,351.77,0.39,0.36,2020-03-28,1047,N20,VIIRS,n,2,294.62,5.09,D,0
52.09393,27.61245,335.08,0.38,0.36,2020-03-28,1047,N20,VIIRS,n,2,275.49,8.77,D,0
52.03942,27.18839,325.36,0.39,0.36,2020-03-28,1047,N20,VIIRS,n,2,289.09,1.1,D,0
52.0172,26.88422,335.95,0.39,0.36,2020-03-28,1047,N20,VIIRS,n,2,283.52,3.42,D,0
52.07184,27.17447,327.05,0.39,0.36,2020-03-28,1047,N20,VIIRS,n,2,289.85,2.97,D,0
51.94746,26.04856,335.95,0.4,0.37,2020-03-28,1047,N20,VIIRS,n,2,293.25,10.5,D,0
51.94648,26.04293,348.26,0.4,0.37,2020-03-28,1047,N20,VIIRS,n,2,301.14,35.72,D,0
51.9455,26.0373,351.53,0.4,0.37,2020-03-28,1047,N20,VIIRS,n,2,304.52,35.72,D,0
51.94452,26.03165,338.05,0.4,0.37,2020-03-28,1047,N20,VIIRS,n,2,307.62,42.55,D,0
52.18224,27.43188,344.46,0.39,0.36,2020-03-28,1047,N20,VIIRS,n,2,273.33,6.19,D,0
52.05874,26.67922,330.19,0.39,0.36,2020-03-28,1047,N20,VIIRS,n,2,283.05,3.7,D,0
51.95171,26.05271,352.87,0.4,0.37,2020-03-28,1047,N20,VIIRS,n,2,301.35,25.88,D,0
51.95073,26.04707,351.14,0.4,0.37,2020-03-28,1047,N20,VIIRS,n,2,303.4,25.88,D,0
51.94975,26.04144,353.69,0.4,0.37,2020-03-28,1047,N20,VIIRS,n,2,308.31,59.67,D,0
51.94876,26.0358,349.26,0.4,0.37,2020-03-28,1047,N20,VIIRS,n,2,308.85,59.67,D,0
51.95498,26.05122,338.16,0.4,0.37,2020-03-28,1047,N20,VIIRS,n,2,296.58,25.88,D,0
51.954,26.04558,348.37,0.4,0.37,2020-03-28,1047,N20,VIIRS,n,2,317.6,25.88,D,0
51.95204,26.03431,332.68,0.4,0.37,2020-03-28,1047,N20,VIIRS,n,2,295.29,59.67,D,0
51.95302,26.03995,367,0.4,0.37,2020-03-28,1047,N20,VIIRS,l,2,355.69,59.67,D,0
51.95825,26.04973,348.51,0.4,0.37,2020-03-28,1047,N20,VIIRS,n,2,297.7,23.02,D,0
51.95727,26.0441,352.97,0.4,0.37,2020-03-28,1047,N20,VIIRS,n,2,295.55,23.02,D,0
51.95629,26.03846,334.93,0.4,0.37,2020-03-28,1047,N20,VIIRS,n,2,297.61,28.61,D,0
51.97914,26.08883,331.27,0.4,0.37,2020-03-28,1047,N20,VIIRS,n,2,293.72,1.9,D,0
52.12878,26.78558,331.74,0.39,0.36,2020-03-28,1047,N20,VIIRS,n,2,284.32,4.7,D,0
52.06542,26.16953,338.96,0.4,0.37,2020-03-28,1047,N20,VIIRS,n,2,295.13,3.79,D,0
52.13187,26.18784,328.21,0.4,0.37,2020-03-28,1047,N20,VIIRS,n,2,287.17,1.31,D,0
52.13512,26.18636,341.39,0.4,0.37,2020-03-28,1047,N20,VIIRS,n,2,288.38,3.9,D,0
51.97024,24.91371,336.26,0.42,0.37,2020-03-28,1047,N20,VIIRS,n,2,291.44,3.34,D,0
52.47015,27.83655,325.84,0.38,0.36,2020-03-28,1047,N20,VIIRS,n,2,288.51,2.69,D,0
52.92491,30.9362,345.35,0.41,0.37,2020-03-28,1047,N20,VIIRS,n,2,275.87,5.6,D,0
52.93506,30.93269,341.4,0.41,0.37,2020-03-28,1047,N20,VIIRS,n,2,279.99,6.98,D,0
51.99923,24.85491,339.46,0.42,0.37,2020-03-28,1047,N20,VIIRS,n,2,290.12,5.28,D,0
51.99814,24.84903,344.61,0.42,0.37,2020-03-28,1047,N20,VIIRS,n,2,291.85,5.28,D,0
52.00147,24.84742,330.86,0.42,0.37,2020-03-28,1047,N20,VIIRS,n,2,290.05,6.49,D,0
52.84756,29.9916,338.46,0.4,0.37,2020-03-28,1047,N20,VIIRS,n,2,293.49,6.37,D,2
52.31975,26.40067,326.05,0.39,0.36,2020-03-28,1047,N20,VIIRS,n,2,281.87,1.57,D,0
53.02786,30.69671,325.69,0.41,0.37,2020-03-28,1047,N20,VIIRS,n,2,288.67,2.08,D,0
53.15245,31.27269,346.3,0.42,0.38,2020-03-28,1047,N20,VIIRS,n,2,287.64,9.07,D,0
53.15168,31.26645,328.98,0.42,0.38,2020-03-28,1047,N20,VIIRS,n,2,286.59,4.83,D,0
53.16116,31.25669,334.76,0.42,0.38,2020-03-28,1047,N20,VIIRS,n,2,285.75,4.47,D,0
53.16799,31.25438,348.54,0.42,0.38,2020-03-28,1047,N20,VIIRS,n,2,288.36,9.03,D,0
53.16723,31.24814,329.3,0.42,0.38,2020-03-28,1047,N20,VIIRS,n,2,283.51,3.98,D,0
53.09509,30.45719,345.51,0.41,0.37,2020-03-28,1047,N20,VIIRS,n,2,295.45,11.18,D,0
53.26932,31.31034,355.51,0.42,0.38,2020-03-28,1047,N20,VIIRS,n,2,290.79,13.35,D,0
53.27694,31.31431,329.35,0.42,0.38,2020-03-28,1047,N20,VIIRS,n,2,285.85,2.32,D,0
53.27617,31.30802,326.85,0.42,0.38,2020-03-28,1047,N20,VIIRS,n,2,285.43,2.88,D,0
53.27959,31.30688,335.01,0.42,0.38,2020-03-28,1047,N20,VIIRS,n,2,285.37,2.88,D,0
53.27882,31.3006,334.47,0.42,0.38,2020-03-28,1047,N20,VIIRS,n,2,284.91,2.88,D,0
53.27806,31.29432,349.86,0.42,0.38,2020-03-28,1047,N20,VIIRS,n,2,287.46,11.55,D,0
53.28149,31.29317,335.81,0.42,0.38,2020-03-28,1047,N20,VIIRS,n,2,283.85,3.52,D,0
53.28072,31.2869,328.31,0.42,0.38,2020-03-28,1047,N20,VIIRS,n,2,283.44,3.52,D,0
53.16124,30.26319,331.5,0.4,0.37,2020-03-28,1047,N20,VIIRS,n,2,289.45,2.98,D,0
53.31394,31.35429,341.4,0.42,0.38,2020-03-28,1047,N20,VIIRS,n,2,288.92,4.16,D,0
53.31316,31.34797,355.85,0.42,0.38,2020-03-28,1047,N20,VIIRS,n,2,289.38,9.07,D,0
53.1696,30.01123,337.28,0.4,0.37,2020-03-28,1047,N20,VIIRS,n,2,293.37,9.57,D,0
53.17028,30.00913,330.62,0.4,0.37,2020-03-28,1047,N20,VIIRS,n,2,290.58,2.65,D,0
53.30867,30.66898,337.86,0.41,0.37,2020-03-28,1047,N20,VIIRS,n,2,290.24,4.18,D,0
53.45905,31.87195,348,0.44,0.38,2020-03-28,1047,N20,VIIRS,n,2,284.96,12.69,D,0
52.34353,24.32314,333.28,0.42,0.38,2020-03-28,1047,N20,VIIRS,n,2,291.18,2.94,D,0
52.93576,27.42124,334.91,0.38,0.36,2020-03-28,1047,N20,VIIRS,n,2,288,3.44,D,0
53.58044,31.67468,335.08,0.43,0.38,2020-03-28,1047,N20,VIIRS,n,2,291.74,9.98,D,0
53.53354,31.25657,327.22,0.42,0.38,2020-03-28,1047,N20,VIIRS,n,2,283.89,1.49,D,0
53.65174,31.7585,333.35,0.44,0.38,2020-03-28,1047,N20,VIIRS,n,2,289.25,3.99,D,0
53.65097,31.75194,335.39,0.44,0.38,2020-03-28,1047,N20,VIIRS,n,2,289,3.99,D,0
53.65522,31.75735,346.57,0.44,0.38,2020-03-28,1047,N20,VIIRS,n,2,292.27,8.43,D,0
53.65946,31.76274,347,0.44,0.38,2020-03-28,1047,N20,VIIRS,n,2,291.27,11.79,D,0
53.66218,31.75504,341.78,0.44,0.38,2020-03-28,1047,N20,VIIRS,n,2,293.07,12.83,D,0
53.02686,27.10391,343.58,0.39,0.36,2020-03-28,1047,N20,VIIRS,n,2,289.77,4.91,D,0
52.83572,25.94743,329.99,0.39,0.36,2020-03-28,1047,N20,VIIRS,n,2,288.54,2.55,D,0
53.58365,30.7024,344.59,0.41,0.37,2020-03-28,1047,N20,VIIRS,n,2,295.58,8.31,D,0
53.50714,30.08669,348.52,0.4,0.37,2020-03-28,1047,N20,VIIRS,n,2,291.14,6.41,D,0
53.50845,30.09131,332.56,0.4,0.37,2020-03-28,1047,N20,VIIRS,n,2,289.08,5.44,D,0
53.50767,30.0853,347.2,0.4,0.37,2020-03-28,1047,N20,VIIRS,n,2,291.7,5.44,D,0
52.93657,26.21756,334.25,0.39,0.36,2020-03-28,1047,N20,VIIRS,n,2,292.01,2.52,D,0
53.72054,31.72822,329.96,0.44,0.38,2020-03-28,1047,N20,VIIRS,n,2,290.31,2.89,D,0
53.7389,31.82468,326.53,0.44,0.38,2020-03-28,1047,N20,VIIRS,n,2,289.42,2.78,D,0
53.76619,31.68583,336.22,0.44,0.38,2020-03-28,1047,N20,VIIRS,n,2,284.65,4.1,D,0
53.76967,31.68466,327.93,0.44,0.38,2020-03-28,1047,N20,VIIRS,n,2,282.22,2.83,D,0
53.0465,26.17095,330.32,0.39,0.36,2020-03-28,1048,N20,VIIRS,n,2,289.87,2.95,D,0
54.58116,30.00944,337.41,0.41,0.37,2020-03-28,1048,N20,VIIRS,n,2,285.11,2.73,D,0
53.88167,25.423,331.46,0.39,0.36,2020-03-28,1048,N20,VIIRS,n,2,285.86,4.13,D,0
54.47716,31.09404,337.4,0.43,0.38,2020-03-28,1048,N20,VIIRS,n,2,293,8.43,D,0
54.47794,31.10057,331.39,0.43,0.38,2020-03-28,1048,N20,VIIRS,n,2,293.16,8.43,D,0
54.29587,29.76479,334.23,0.4,0.37,2020-03-28,1048,N20,VIIRS,n,2,286.46,6.06,D,0
54.35589,31.13757,335.4,0.43,0.38,2020-03-28,1048,N20,VIIRS,n,2,284.75,3.13,D,0
54.34555,31.1412,325.32,0.43,0.38,2020-03-28,1048,N20,VIIRS,n,2,282.13,1.93,D,0
54.16904,30.61491,338.68,0.42,0.37,2020-03-28,1048,N20,VIIRS,n,2,289.19,16.87,D,0
53.26329,25.18644,326.36,0.4,0.37,2020-03-28,1048,N20,VIIRS,n,2,291.81,2.3,D,0
53.48315,26.56904,326.23,0.39,0.36,2020-03-28,1048,N20,VIIRS,n,2,283.25,2.2,D,0
54.03495,31.60553,325.62,0.44,0.38,2020-03-28,1048,N20,VIIRS,n,2,291.08,2.14,D,0
54.03876,31.63859,328.35,0.44,0.38,2020-03-28,1048,N20,VIIRS,n,2,290.63,1.65,D,0
53.17098,25.69233,339.74,0.39,0.37,2020-03-28,1048,N20,VIIRS,n,2,281.63,2.42,D,0
53.91711,31.70969,333.15,0.44,0.38,2020-03-28,1048,N20,VIIRS,n,2,289.16,3.93,D,0
53.91789,31.71632,328.51,0.44,0.38,2020-03-28,1048,N20,VIIRS,n,2,288.18,3.55,D,0
53.90317,31.71431,330.33,0.44,0.38,2020-03-28,1048,N20,VIIRS,n,2,287.53,2.62,D,0
53.89968,31.71548,344.37,0.44,0.38,2020-03-28,1048,N20,VIIRS,n,2,287.42,5.68,D,0
53.77168,31.00583,328.45,0.42,0.38,2020-03-28,1048,N20,VIIRS,n,2,291.06,1.47,D,0
53.04746,26.17662,334.13,0.39,0.36,2020-03-28,1048,N20,VIIRS,n,2,288.42,2.95,D,0
55.6326,28.77944,330.73,0.4,0.37,2020-03-28,1048,N20,VIIRS,n,2,290.75,5.68,D,0
55.47507,29.21688,328.57,0.4,0.37,2020-03-28,1048,N20,VIIRS,n,2,289.3,2.71,D,0
55.3501,28.70519,329.18,0.4,0.37,2020-03-28,1048,N20,VIIRS,n,2,289.26,3.19,D,0
55.3468,28.70658,329.2,0.4,0.37,2020-03-28,1048,N20,VIIRS,n,2,290.02,3.19,D,0
55.26416,28.52301,351.11,0.39,0.36,2020-03-28,1048,N20,VIIRS,n,2,292.55,5.16,D,0
55.20874,28.90898,332.54,0.4,0.37,2020-03-28,1048,N20,VIIRS,n,2,289.07,2.27,D,0
55.3084,29.80832,325.22,0.41,0.37,2020-03-28,1048,N20,VIIRS,n,2,280.56,1.98,D,0
55.21664,30.11394,328.07,0.42,0.37,2020-03-28,1048,N20,VIIRS,n,2,287.11,2.33,D,0
55.24155,30.72918,328.57,0.43,0.38,2020-03-28,1048,N20,VIIRS,n,2,283.7,1.88,D,0
55.11768,29.8895,335.57,0.41,0.37,2020-03-28,1048,N20,VIIRS,n,2,285.13,4.35,D,0
55.11844,29.89064,333.2,0.41,0.37,2020-03-28,1048,N20,VIIRS,n,2,285.51,4.14,D,0
55.06354,29.76537,326.64,0.41,0.37,2020-03-28,1048,N20,VIIRS,n,2,281.94,2.14,D,0
54.89188,29.34133,340.12,0.4,0.37,2020-03-28,1048,N20,VIIRS,n,2,287.24,3.79,D,0
54.89269,29.34751,331.95,0.4,0.37,2020-03-28,1048,N20,VIIRS,n,2,287.34,2.62,D,0
54.89351,29.35368,332.72,0.4,0.37,2020-03-28,1048,N20,VIIRS,n,2,287.34,2.62,D,0
54.88855,29.34265,330.47,0.4,0.37,2020-03-28,1048,N20,VIIRS,n,2,286.49,1.96,D,0
54.37778,26.32438,330.33,0.39,0.36,2020-03-28,1048,N20,VIIRS,n,2,289.56,3.71,D,0
54.37455,26.32591,336.48,0.39,0.36,2020-03-28,1048,N20,VIIRS,n,2,292.6,3.71,D,0
54.78296,29.08376,327.64,0.4,0.37,2020-03-28,1048,N20,VIIRS,n,2,280.76,2.51,D,0
54.79473,29.72782,337.83,0.41,0.37,2020-03-28,1048,N20,VIIRS,n,2,287.2,2.47,D,0
54.78736,29.6979,347.82,0.41,0.37,2020-03-28,1048,N20,VIIRS,n,2,289.63,5.68,D,0
54.79139,29.72912,325.57,0.41,0.37,2020-03-28,1048,N20,VIIRS,n,2,287.79,2.47,D,0
54.66345,29.24201,334.57,0.4,0.37,2020-03-28,1048,N20,VIIRS,n,2,277.83,8.37,D,0
54.50652,28.96859,333.64,0.39,0.37,2020-03-28,1048,N20,VIIRS,n,2,287.83,2.23,D,0
53.3528,23.87901,326.49,0.69,0.74,2020-03-28,1229,N20,VIIRS,n,2,284.29,3.21,D,0
53.64877,31.75288,295.83,0.43,0.62,2020-03-28,2258,N20,VIIRS,n,2,262.54,0.59,N,0
53.65432,31.76646,324.9,0.43,0.62,2020-03-28,2258,N20,VIIRS,n,2,268.08,3.26,N,0
52.2822,27.41078,295.04,0.65,0.73,2020-03-28,2259,N20,VIIRS,n,2,265.67,1.08,N,0
52.40741,30.38137,313.86,0.48,0.65,2020-03-28,2259,N20,VIIRS,n,2,266.57,2.43,N,0
52.51619,27.45428,296.53,0.64,0.72,2020-03-28,2259,N20,VIIRS,n,2,268.99,0.98,N,0
52.52914,27.42438,307.09,0.65,0.73,2020-03-28,2259,N20,VIIRS,n,2,268.61,2.15,N,0
52.53092,27.4266,311.21,0.65,0.73,2020-03-28,2259,N20,VIIRS,n,2,268.79,1.29,N,0
52.64445,31.12437,310.92,0.45,0.63,2020-03-28,2259,N20,VIIRS,n,2,270.7,1.57,N,0
53.31205,31.34396,295.16,0.44,0.63,2020-03-28,2259,N20,VIIRS,n,2,270.51,0.73,N,0
53.65091,31.76624,296.42,0.57,0.43,2020-03-29,0039,N20,VIIRS,n,2,266.66,1.19,N,0
53.65241,31.76705,303.86,0.38,0.43,2020-03-29,0039,N20,VIIRS,n,2,266.46,2.19,N,0
52.37794,25.33231,307.38,0.4,0.37,2020-03-29,0040,N20,VIIRS,n,2,268.78,0.81,N,0
52.79638,25.85962,299.05,0.41,0.37,2020-03-29,0040,N20,VIIRS,n,2,272.05,0.52,N,0
53.26264,24.45115,296.68,0.39,0.36,2020-03-29,0040,N20,VIIRS,n,2,270.95,0.79,N,2
53.27104,24.44286,318.36,0.39,0.36,2020-03-29,0040,N20,VIIRS,n,2,274.62,1.97,N,2
52.14687,28.91482,305.54,0.5,0.41,2020-03-29,0040,N20,VIIRS,n,2,267.03,2.14,N,0
52.37689,25.33807,295.95,0.4,0.37,2020-03-29,0040,N20,VIIRS,n,2,266.99,0.81,N,0
52.10899,27.56357,296.06,0.46,0.39,2020-03-29,0040,N20,VIIRS,n,2,271.21,0.6,N,0
52.79163,31.43338,327.84,0.39,0.36,2020-03-29,1028,N20,VIIRS,n,2,293.22,2.41,D,0
53.13266,29.99151,332.54,0.4,0.37,2020-03-29,1028,N20,VIIRS,n,2,293.88,4.38,D,0
53.13368,29.99732,329.91,0.4,0.37,2020-03-29,1028,N20,VIIRS,n,2,290.85,4.38,D,0
53.23759,30.70138,345.11,0.39,0.36,2020-03-29,1028,N20,VIIRS,n,2,289.58,7.95,D,0
51.96276,24.62703,334.28,0.39,0.44,2020-03-29,1028,N20,VIIRS,n,2,293.9,2.85,D,0
53.26532,31.53916,352.2,0.39,0.36,2020-03-29,1028,N20,VIIRS,n,2,292.57,3.85,D,0
53.26209,31.54061,330.2,0.39,0.36,2020-03-29,1028,N20,VIIRS,n,2,292.72,3.85,D,0
53.10312,30.72888,333.36,0.39,0.36,2020-03-29,1028,N20,VIIRS,n,2,297.28,19.68,D,0
53.10409,30.73457,331.65,0.39,0.36,2020-03-29,1028,N20,VIIRS,n,2,282.99,6.7,D,0
53.09988,30.7304,335.3,0.39,0.36,2020-03-29,1028,N20,VIIRS,n,2,287.75,19.68,D,0
53.10085,30.73609,343.8,0.39,0.36,2020-03-29,1028,N20,VIIRS,n,2,283.08,6.7,D,0
53.09857,30.74332,346.09,0.39,0.36,2020-03-29,1028,N20,VIIRS,n,2,283.38,9.42,D,0
52.50972,27.61923,337.33,0.46,0.39,2020-03-29,1028,N20,VIIRS,n,2,292.54,4.93,D,0
52.50819,27.62099,335.26,0.46,0.39,2020-03-29,1028,N20,VIIRS,n,2,292.92,3.23,D,0
53.05685,30.75859,334.38,0.39,0.36,2020-03-29,1028,N20,VIIRS,n,2,278.45,3.21,D,0
52.09803,26.01544,348.43,0.52,0.42,2020-03-29,1028,N20,VIIRS,n,2,291.04,17.06,D,0
52.09961,26.02266,335.88,0.52,0.41,2020-03-29,1028,N20,VIIRS,n,2,285.92,9.42,D,0
52.0944,26.01752,336.43,0.52,0.42,2020-03-29,1028,N20,VIIRS,n,2,294.84,17.06,D,0
52.09599,26.02474,347.74,0.52,0.41,2020-03-29,1028,N20,VIIRS,n,2,284.89,9.42,D,0
52.09078,26.01961,338.8,0.52,0.42,2020-03-29,1028,N20,VIIRS,n,2,286.55,12.49,D,0
52.09236,26.02682,337.61,0.52,0.41,2020-03-29,1028,N20,VIIRS,n,2,293.88,46.26,D,0
52.9771,30.84002,345.64,0.39,0.36,2020-03-29,1028,N20,VIIRS,n,2,294.72,5.53,D,0
52.97385,30.84153,346.08,0.39,0.36,2020-03-29,1028,N20,VIIRS,n,2,291.76,5.53,D,0
52.9748,30.84721,347.49,0.39,0.36,2020-03-29,1028,N20,VIIRS,n,2,295.06,7.44,D,0
52.41735,27.88313,342.85,0.45,0.39,2020-03-29,1028,N20,VIIRS,n,2,287.69,5.13,D,0
53.11222,32.05077,328.2,0.38,0.36,2020-03-29,1028,N20,VIIRS,n,2,284.04,5.38,D,0
53.10899,32.05218,341.32,0.38,0.36,2020-03-29,1028,N20,VIIRS,n,2,285.27,5.38,D,0
53.13134,32.21665,343.3,0.38,0.36,2020-03-29,1028,N20,VIIRS,n,2,270.66,5.5,D,0
51.94882,26.05289,331.3,0.52,0.42,2020-03-29,1028,N20,VIIRS,n,2,285.84,2.96,D,0
52.72601,30.41257,330.68,0.4,0.37,2020-03-29,1028,N20,VIIRS,n,2,296.53,3.04,D,0
52.79071,31.42777,332.99,0.39,0.36,2020-03-29,1028,N20,VIIRS,n,2,305.15,50.23,D,0
52.14373,28.91803,353.04,0.43,0.38,2020-03-29,1028,N20,VIIRS,n,2,304.48,21.24,D,0
52.62215,30.47522,349.13,0.4,0.37,2020-03-29,1028,N20,VIIRS,n,2,292.43,13.54,D,0
52.61789,30.47104,332.07,0.4,0.37,2020-03-29,1028,N20,VIIRS,l,2,305.48,23.03,D,0
52.61888,30.47675,348.79,0.4,0.37,2020-03-29,1028,N20,VIIRS,n,2,298.06,13.54,D,0
52.61988,30.48246,353.37,0.4,0.37,2020-03-29,1028,N20,VIIRS,n,2,297.84,13.54,D,0
52.01884,27.42435,329.38,0.47,0.4,2020-03-29,1028,N20,VIIRS,n,2,295.04,6.08,D,0
52.02021,27.43093,329.59,0.47,0.4,2020-03-29,1028,N20,VIIRS,n,2,291.91,5.02,D,0
52.02227,27.42325,332.08,0.47,0.4,2020-03-29,1028,N20,VIIRS,n,2,295.23,3.86,D,0
52.01878,27.42514,328.81,0.47,0.4,2020-03-29,1028,N20,VIIRS,n,2,294.72,3.86,D,0
52.02012,27.43173,330.05,0.47,0.4,2020-03-29,1028,N20,VIIRS,n,2,291.84,3.86,D,0
52.11932,28.63596,344.8,0.44,0.38,2020-03-29,1028,N20,VIIRS,n,2,293.59,5.64,D,0
51.76639,26.9957,331.57,0.49,0.4,2020-03-29,1028,N20,VIIRS,n,2,292.01,3.84,D,0
52.14815,28.90252,336.24,0.43,0.38,2020-03-29,1028,N20,VIIRS,n,2,293.41,11.91,D,0
52.1493,28.90858,334.5,0.43,0.38,2020-03-29,1028,N20,VIIRS,n,2,292.65,5.89,D,0
52.15046,28.91464,351.13,0.43,0.38,2020-03-29,1028,N20,VIIRS,n,2,296.11,5.89,D,0
52.14479,28.90422,339.98,0.43,0.38,2020-03-29,1028,N20,VIIRS,n,2,298.52,11.91,D,0
51.81414,30.22866,339.03,0.41,0.37,2020-03-29,1028,N20,VIIRS,n,2,293.99,2.66,D,0
51.81,30.20572,333.49,0.41,0.37,2020-03-29,1028,N20,VIIRS,n,2,297.66,9.43,D,0
51.81744,30.22712,352.5,0.41,0.37,2020-03-29,1028,N20,VIIRS,n,2,297.43,8.46,D,0
51.8164,30.22139,351.4,0.41,0.37,2020-03-29,1028,N20,VIIRS,n,2,296.92,7.21,D,0
51.8197,30.21984,334.45,0.41,0.37,2020-03-29,1028,N20,VIIRS,n,2,295.6,7.21,D,0
51.81866,30.2141,348.86,0.41,0.37,2020-03-29,1028,N20,VIIRS,n,2,294.82,7.21,D,0
51.81763,30.20836,326.25,0.41,0.37,2020-03-29,1028,N20,VIIRS,n,2,291.93,1.74,D,0
52.01536,29.52089,337.66,0.42,0.38,2020-03-29,1028,N20,VIIRS,n,2,285.67,3.99,D,0
52.37636,30.40219,336.31,0.4,0.37,2020-03-29,1028,N20,VIIRS,n,2,297.02,6.52,D,0
52.40355,30.39561,336.31,0.4,0.37,2020-03-29,1028,N20,VIIRS,n,2,294.13,5.39,D,0
52.14594,28.91027,348.82,0.43,0.38,2020-03-29,1028,N20,VIIRS,n,2,296.02,5.89,D,0
52.14709,28.91633,336.4,0.43,0.38,2020-03-29,1028,N20,VIIRS,n,2,296.96,5.89,D,0
52.14825,28.92239,330.39,0.43,0.38,2020-03-29,1028,N20,VIIRS,n,2,294.07,3.7,D,0
52.14258,28.91196,354.31,0.43,0.38,2020-03-29,1028,N20,VIIRS,n,2,303.33,21.24,D,0
53.53149,31.86549,353.53,0.38,0.36,2020-03-29,1029,N20,VIIRS,n,2,299.26,17.79,D,0
53.01625,24.55839,334.04,0.55,0.43,2020-03-29,1029,N20,VIIRS,n,2,290.2,11.66,D,0
53.53295,28.39047,339.27,0.42,0.38,2020-03-29,1029,N20,VIIRS,n,2,287.27,14.75,D,0
53.52962,28.39225,342.88,0.42,0.38,2020-03-29,1029,N20,VIIRS,n,2,288.47,3.52,D,0
53.45856,28.19213,331.42,0.43,0.38,2020-03-29,1029,N20,VIIRS,n,2,289.02,3.43,D,0
52.40664,23.81738,356.29,0.41,0.45,2020-03-29,1029,N20,VIIRS,l,2,273.67,13.97,D,0
52.40529,23.81174,337.51,0.41,0.45,2020-03-29,1029,N20,VIIRS,n,2,275.16,9.99,D,0
52.73532,25.33571,327.78,0.53,0.42,2020-03-29,1029,N20,VIIRS,n,2,291.36,5.09,D,0
52.73167,25.33789,339.29,0.53,0.42,2020-03-29,1029,N20,VIIRS,n,2,291.69,5.09,D,0
52.72803,25.34008,326.24,0.53,0.42,2020-03-29,1029,N20,VIIRS,l,2,300.58,62.32,D,0
53.64661,31.7631,332.65,0.38,0.36,2020-03-29,1029,N20,VIIRS,n,2,289.42,4.77,D,0
53.53472,31.86405,338.87,0.38,0.36,2020-03-29,1029,N20,VIIRS,n,2,292.69,21.35,D,0
53.52592,31.87403,352.45,0.38,0.36,2020-03-29,1029,N20,VIIRS,n,2,288.72,7.19,D,0
53.52681,31.8797,356.07,0.38,0.36,2020-03-29,1029,N20,VIIRS,n,2,285.66,14.16,D,0
53.52826,31.86692,345.28,0.38,0.36,2020-03-29,1029,N20,VIIRS,n,2,289.69,17.79,D,0
53.53383,31.85838,327.32,0.38,0.36,2020-03-29,1029,N20,VIIRS,n,2,285.59,8.6,D,0
53.60334,32.28297,335.59,0.38,0.36,2020-03-29,1029,N20,VIIRS,n,2,266.49,4.07,D,0
53.6001,32.28437,331.41,0.38,0.36,2020-03-29,1029,N20,VIIRS,n,2,267.49,4.07,D,0
53.52915,31.8726,353.24,0.38,0.36,2020-03-29,1029,N20,VIIRS,n,2,289.21,17.79,D,0
53.52268,31.87547,336.32,0.38,0.36,2020-03-29,1029,N20,VIIRS,n,2,285.01,7.19,D,0
52.11855,24.70525,348.47,0.38,0.43,2020-03-29,1029,N20,VIIRS,n,2,293.72,11.08,D,0
52.14197,28.90636,355.78,0.71,0.75,2020-03-29,1209,N20,VIIRS,n,2,297.02,34.94,D,0
52.52208,27.46197,347.7,0.61,0.71,2020-03-29,1209,N20,VIIRS,n,2,286.94,10.02,D,0
52.51532,27.47086,345.06,0.61,0.71,2020-03-29,1209,N20,VIIRS,n,2,287.18,10.02,D,0
52.14894,28.90699,327.96,0.71,0.75,2020-03-29,1209,N20,VIIRS,n,2,289.34,5.66,D,0
52.14866,28.91761,334.85,0.71,0.75,2020-03-29,1209,N20,VIIRS,n,2,289.08,5.66,D,0
52.14139,28.92764,356.36,0.71,0.75,2020-03-29,1209,N20,VIIRS,l,2,286.73,45.07,D,0
52.14167,28.91701,348.38,0.71,0.75,2020-03-29,1209,N20,VIIRS,n,2,297.01,34.94,D,0
52.1347,28.9164,356.46,0.71,0.75,2020-03-29,1209,N20,VIIRS,l,2,286.63,34.94,D,0
52.13499,28.90575,367,0.71,0.75,2020-03-29,1209,N20,VIIRS,h,2,291.52,34.94,D,0
52.11184,27.52567,347.19,0.62,0.71,2020-03-29,1209,N20,VIIRS,n,2,286.48,9.99,D,0
52.10521,27.52533,356.13,0.62,0.71,2020-03-29,1209,N20,VIIRS,l,2,288.18,13.99,D,0
52.1155,28.63534,326.87,0.69,0.74,2020-03-29,1209,N20,VIIRS,n,2,290.66,4.26,D,0
52.10831,27.52958,356.38,0.62,0.71,2020-03-29,1209,N20,VIIRS,l,2,286.9,16.17,D,0
52.10844,27.52034,347.33,0.62,0.71,2020-03-29,1209,N20,VIIRS,n,2,287.88,16.04,D,0
52.1035,24.87149,336.91,0.47,0.64,2020-03-29,1209,N20,VIIRS,n,2,288.18,4.14,D,0
52.09082,27.80065,331.61,0.63,0.72,2020-03-29,1209,N20,VIIRS,n,2,283.2,3.59,D,0
52.09851,26.57643,334.45,0.56,0.69,2020-03-29,1209,N20,VIIRS,n,2,284.23,6.09,D,0
52.5123,27.47105,338.43,0.61,0.71,2020-03-29,1209,N20,VIIRS,n,2,285.97,12.6,D,0
52.5191,27.46215,348.5,0.61,0.71,2020-03-29,1209,N20,VIIRS,n,2,287.05,12.71,D,0
52.73513,25.33165,326.95,0.5,0.66,2020-03-29,1209,N20,VIIRS,n,2,287.02,2.23,D,0
53.09591,26.42397,336.67,0.56,0.69,2020-03-29,1209,N20,VIIRS,n,2,288.62,4.69,D,0
53.72437,32.29995,295.12,0.43,0.38,2020-03-30,0020,N20,VIIRS,n,2,273.01,0.4,N,0
53.32834,31.25148,311.17,0.41,0.37,2020-03-30,0020,N20,VIIRS,n,2,272.91,1.75,N,0
53.50025,32.1622,298,0.43,0.38,2020-03-30,0020,N20,VIIRS,n,2,273.79,0.54,N,0
53.50148,32.15598,301.65,0.43,0.38,2020-03-30,0020,N20,VIIRS,n,2,273.45,1,N,0
52.14929,28.89268,312.43,0.39,0.36,2020-03-30,0021,N20,VIIRS,n,2,272.99,0.84,N,0
52.14604,28.8912,345.08,0.39,0.36,2020-03-30,0021,N20,VIIRS,n,2,277.02,5.15,N,0
52.13546,28.9525,325.44,0.39,0.36,2020-03-30,0021,N20,VIIRS,n,2,272.72,2.77,N,0
52.1345,28.95808,301.85,0.39,0.36,2020-03-30,0021,N20,VIIRS,n,2,271.91,2.77,N,0
52.1428,28.88973,323.18,0.39,0.36,2020-03-30,0021,N20,VIIRS,n,2,272.84,5.15,N,0
52.13125,28.9566,344,0.39,0.36,2020-03-30,0021,N20,VIIRS,n,2,275.46,2.77,N,0
52.13726,28.8812,306.23,0.39,0.36,2020-03-30,0021,N20,VIIRS,n,2,271.77,1.43,N,0
52.11983,28.92132,298.17,0.39,0.36,2020-03-30,0021,N20,VIIRS,n,2,272.43,0.73,N,0
52.13402,28.87972,324.79,0.39,0.36,2020-03-30,0021,N20,VIIRS,n,2,272.41,1.61,N,0
52.128,28.95511,316.02,0.39,0.36,2020-03-30,0021,N20,VIIRS,n,2,273.53,1.18,N,0
52.13306,28.88529,318.27,0.39,0.36,2020-03-30,0021,N20,VIIRS,n,2,272.66,1.61,N,0
52.12308,28.9228,304.58,0.39,0.36,2020-03-30,0021,N20,VIIRS,n,2,272.52,1.33,N,0
52.12981,28.88382,304.2,0.39,0.36,2020-03-30,0021,N20,VIIRS,n,2,271.51,1.61,N,0
52.13113,28.89643,295.53,0.39,0.36,2020-03-30,0021,N20,VIIRS,n,2,273.41,1,N,3
52.13438,28.89791,329.85,0.39,0.36,2020-03-30,0021,N20,VIIRS,n,2,273.69,3.55,N,0
52.13955,28.88825,325.86,0.39,0.36,2020-03-30,0021,N20,VIIRS,n,2,272.22,1.43,N,0
52.1321,28.89086,313.14,0.39,0.36,2020-03-30,0021,N20,VIIRS,n,2,272.73,1,N,0
52.11631,27.50881,295.06,0.38,0.36,2020-03-30,0021,N20,VIIRS,n,2,273.53,0.53,N,0
52.11015,27.54726,320.17,0.38,0.36,2020-03-30,0021,N20,VIIRS,n,2,273.17,1.85,N,0
53.32535,31.24998,296.85,0.41,0.37,2020-03-30,0021,N20,VIIRS,n,2,272.6,1.06,N,0
53.26497,31.55059,318.06,0.42,0.38,2020-03-30,0021,N20,VIIRS,n,2,273.76,1.83,N,0
53.26165,31.54882,315.3,0.42,0.38,2020-03-30,0021,N20,VIIRS,n,2,273.96,1.57,N,0
53.28845,31.34963,306.97,0.42,0.37,2020-03-30,0021,N20,VIIRS,n,2,273.25,0.82,N,0
53.3179,31.17357,301.11,0.41,0.37,2020-03-30,0021,N20,VIIRS,n,2,271.01,0.93,N,0
53.3146,31.17184,300.71,0.41,0.37,2020-03-30,0021,N20,VIIRS,n,2,270.99,0.93,N,0
53.26938,31.3927,297.09,0.42,0.38,2020-03-30,0021,N20,VIIRS,n,2,272.89,0.64,N,0
53.26836,31.37885,297.56,0.42,0.38,2020-03-30,0021,N20,VIIRS,n,2,273.23,0.71,N,0
53.07056,30.79577,305.11,0.41,0.37,2020-03-30,0021,N20,VIIRS,n,2,272.24,0.95,N,0
53.03873,30.73427,309.22,0.41,0.37,2020-03-30,0021,N20,VIIRS,n,2,270.28,1.48,N,0
52.40829,30.42011,324.54,0.41,0.37,2020-03-30,0021,N20,VIIRS,n,2,265.41,1.56,N,0
52.40721,30.42594,309.59,0.41,0.37,2020-03-30,0021,N20,VIIRS,n,2,269.28,3.52,N,0
52.1363,28.88677,303.86,0.39,0.36,2020-03-30,0021,N20,VIIRS,n,2,271.37,1.43,N,0
52.11887,28.92689,300.99,0.39,0.36,2020-03-30,0021,N20,VIIRS,n,2,273.73,0.73,N,0
52.39295,30.42525,343.06,0.41,0.37,2020-03-30,0021,N20,VIIRS,n,2,272.68,3.27,N,0
52.15001,28.92907,333.98,0.39,0.36,2020-03-30,0021,N20,VIIRS,n,2,274.18,3.81,N,0
52.14906,28.93465,328.24,0.39,0.36,2020-03-30,0021,N20,VIIRS,n,2,274.45,3.23,N,0
52.15386,28.90678,305.21,0.39,0.36,2020-03-30,0021,N20,VIIRS,n,2,271.94,0.81,N,0
52.14581,28.93317,320.97,0.39,0.36,2020-03-30,0021,N20,VIIRS,n,2,272.42,3.53,N,0
52.14485,28.93874,347.12,0.39,0.36,2020-03-30,0021,N20,VIIRS,n,2,275.37,3.53,N,0
52.14388,28.94432,310.95,0.39,0.36,2020-03-30,0021,N20,VIIRS,n,2,273.45,2.66,N,0
52.14064,28.94283,340.34,0.39,0.36,2020-03-30,0021,N20,VIIRS,n,2,274.74,2.66,N,0
52.13967,28.94841,332.43,0.39,0.36,2020-03-30,0021,N20,VIIRS,n,2,273.93,2.66,N,0
52.13871,28.95399,303.5,0.39,0.36,2020-03-30,0021,N20,VIIRS,n,2,271.83,1.2,N,0
52.40392,30.4243,332.02,0.41,0.37,2020-03-30,0021,N20,VIIRS,n,2,273.76,3.52,N,0
52.40062,30.42268,313.27,0.41,0.37,2020-03-30,0021,N20,VIIRS,n,2,268.27,2.06,N,0
52.39624,30.42688,333.86,0.41,0.37,2020-03-30,0021,N20,VIIRS,n,2,272.17,2.06,N,0
52.39732,30.42105,305.54,0.41,0.37,2020-03-30,0021,N20,VIIRS,n,2,269.14,2.06,N,0
52.39403,30.41942,321.8,0.41,0.37,2020-03-30,0021,N20,VIIRS,n,2,271.17,3.27,N,0
52.12183,28.70649,297.39,0.39,0.36,2020-03-30,0021,N20,VIIRS,n,2,271,1.02,N,0
52.12278,28.70093,320.19,0.39,0.36,2020-03-30,0021,N20,VIIRS,n,2,271.06,1.62,N,0
52.12507,28.70794,309.66,0.39,0.36,2020-03-30,0021,N20,VIIRS,n,2,271.42,1.29,N,0
52.12603,28.70239,341.83,0.39,0.36,2020-03-30,0021,N20,VIIRS,n,2,272.38,4.62,N,0
53.26942,24.44489,303.99,0.57,0.43,2020-03-31,0002,N20,VIIRS,n,2,267.04,1.44,N,2
52.84673,29.99077,325.41,0.4,0.37,2020-03-31,0002,N20,VIIRS,n,2,257.96,2.36,N,2
53.26945,24.44013,308.84,0.4,0.6,2020-03-31,0142,N20,VIIRS,n,2,266.48,1.17,N,2
51.48373,29.33654,328.51,0.62,0.54,2020-03-31,0951,N20,VIIRS,n,2,283.75,5.18,D,0
54.63817,29.16452,333.45,0.5,0.49,2020-03-31,0951,N20,VIIRS,n,2,277.37,4.07,D,0
54.63406,29.16779,344.35,0.5,0.49,2020-03-31,0951,N20,VIIRS,n,2,278.14,11.21,D,0
53.7156,28.14167,347.62,0.58,0.52,2020-03-31,0951,N20,VIIRS,n,2,278.34,8.8,D,0
52.8471,29.99294,338.31,0.53,0.5,2020-03-31,0951,N20,VIIRS,n,2,285.81,7.64,D,2
53.05127,27.59295,326.91,0.32,0.54,2020-03-31,0951,N20,VIIRS,n,2,280.46,1.17,D,0
53.81749,25.54588,328.79,0.36,0.57,2020-03-31,0951,N20,VIIRS,n,2,281.9,2.36,D,0
52.84765,29.99459,326.54,0.53,0.5,2020-03-31,0951,N20,VIIRS,n,2,284.47,3.61,D,2
52.06457,26.59039,331.95,0.44,0.46,2020-03-31,1131,N20,VIIRS,n,2,282.63,3.33,D,0
52.5256,25.00485,332.02,0.39,0.44,2020-03-31,1131,N20,VIIRS,n,2,279.12,5.8,D,0
52.52961,25.00395,355.93,0.39,0.44,2020-03-31,1131,N20,VIIRS,n,2,278.8,5.8,D,0
52.52253,25.01723,338.5,0.39,0.44,2020-03-31,1131,N20,VIIRS,n,2,281.25,47.08,D,0
52.09683,26.4008,337.65,0.43,0.46,2020-03-31,1131,N20,VIIRS,n,2,283.85,11.33,D,0
51.86691,30.15788,350.35,0.62,0.54,2020-03-31,1131,N20,VIIRS,n,2,284.53,15.55,D,0
51.86688,30.15565,337.45,0.62,0.54,2020-03-31,1131,N20,VIIRS,n,2,286.81,9.65,D,0
55.66263,29.69809,325.46,0.32,0.54,2020-03-31,1132,N20,VIIRS,n,2,276.36,3.78,D,0
55.74391,27.97223,329.4,0.54,0.51,2020-03-31,1132,N20,VIIRS,n,2,279.41,2.02,D,0
54.62587,29.16888,333.73,0.59,0.53,2020-03-31,1132,N20,VIIRS,n,2,287.44,71.13,D,0
54.63036,29.15896,330.9,0.59,0.53,2020-03-31,1132,N20,VIIRS,n,2,278.71,58.32,D,0
55.13166,29.27842,336.64,0.61,0.53,2020-03-31,1132,N20,VIIRS,n,2,277.5,9.01,D,0
55.64882,29.70119,336.79,0.64,0.54,2020-03-31,1132,N20,VIIRS,n,2,274.08,12.25,D,0
55.65387,29.70073,338.32,0.64,0.54,2020-03-31,1132,N20,VIIRS,n,2,277.12,16.23,D,0
55.64748,29.69959,341.25,0.32,0.54,2020-03-31,1132,N20,VIIRS,n,2,272.56,6.51,D,0
55.64722,29.6919,332.01,0.64,0.54,2020-03-31,1132,N20,VIIRS,n,2,275.97,11,D,0
55.65253,29.6991,356.23,0.32,0.54,2020-03-31,1132,N20,VIIRS,l,2,278.16,6.51,D,0
52.0603,26.56392,317.28,0.47,0.48,2020-03-31,2343,N20,VIIRS,n,2,266.15,2.2,N,0
52.84927,29.98746,325.07,0.53,0.42,2020-03-31,2343,N20,VIIRS,n,2,268.42,4.88,N,2
52.84412,29.98882,298.7,0.45,0.63,2020-04-01,0123,N20,VIIRS,n,2,266.46,0.8,N,2
52.84919,29.99352,311.7,0.45,0.63,2020-04-01,0123,N20,VIIRS,n,2,267.48,1.61,N,2
52.11638,26.38473,345.46,0.45,0.39,2020-04-01,1112,N20,VIIRS,n,2,274.87,6.63,D,0
52.11563,26.37826,336.09,0.45,0.39,2020-04-01,1112,N20,VIIRS,n,2,272.56,3.73,D,0
52.11191,26.34592,327.83,0.44,0.39,2020-04-01,1112,N20,VIIRS,n,2,270.65,4.05,D,0
52.11117,26.33947,334.26,0.44,0.39,2020-04-01,1112,N20,VIIRS,n,2,270.06,4.7,D,0
52.30437,29.77588,332.37,0.39,0.44,2020-04-01,1112,N20,VIIRS,n,2,276.78,2.88,D,0
52.10695,24.86739,335.4,0.41,0.37,2020-04-01,1112,N20,VIIRS,n,2,284.39,4.16,D,0
52.30389,29.7702,340.74,0.39,0.44,2020-04-01,1112,N20,VIIRS,n,2,278.2,4.41,D,0
52.03139,26.15138,339.75,0.44,0.38,2020-04-01,1112,N20,VIIRS,n,2,278.56,5.44,D,0
52.03488,26.15031,336.93,0.44,0.38,2020-04-01,1112,N20,VIIRS,n,2,279.12,5.44,D,0
52.11008,26.39332,344.96,0.45,0.39,2020-04-01,1112,N20,VIIRS,n,2,275.25,11.59,D,0
52.34723,30.96448,337.75,0.43,0.46,2020-04-01,1112,N20,VIIRS,n,2,277.82,7.73,D,0
51.87349,27.74368,326.56,0.49,0.4,2020-04-01,1112,N20,VIIRS,n,2,276.91,4.38,D,0
52.10934,26.38684,328.75,0.45,0.39,2020-04-01,1112,N20,VIIRS,n,2,271.05,11.59,D,0
52.11435,26.39874,345.46,0.45,0.39,2020-04-01,1112,N20,VIIRS,n,2,276.63,14.04,D,0
52.11361,26.39226,355.37,0.45,0.39,2020-04-01,1112,N20,VIIRS,n,2,276.08,11.59,D,0
52.11286,26.38579,353.01,0.45,0.39,2020-04-01,1112,N20,VIIRS,n,2,274.63,11.59,D,0
52.11212,26.37931,351.14,0.45,0.39,2020-04-01,1112,N20,VIIRS,n,2,274.76,9.25,D,0
52.11137,26.37284,350.67,0.44,0.39,2020-04-01,1112,N20,VIIRS,n,2,275.07,9.25,D,0
52.11063,26.36637,337.1,0.44,0.39,2020-04-01,1112,N20,VIIRS,n,2,270.84,5.53,D,0
52.131,26.35357,352.03,0.44,0.39,2020-04-01,1112,N20,VIIRS,n,2,281.84,12.3,D,0
52.13025,26.34711,350.12,0.44,0.39,2020-04-01,1112,N20,VIIRS,n,2,286.1,27.73,D,0
52.1295,26.34065,349.95,0.44,0.39,2020-04-01,1112,N20,VIIRS,n,2,284.84,27.73,D,0
52.12876,26.33419,352.27,0.44,0.39,2020-04-01,1112,N20,VIIRS,n,2,278.06,7.77,D,0
52.12801,26.32774,335.87,0.44,0.39,2020-04-01,1112,N20,VIIRS,n,2,276.94,7.77,D,0
52.13175,26.36004,356.57,0.44,0.39,2020-04-01,1112,N20,VIIRS,l,2,283.82,12.3,D,0
52.11394,26.33196,344.41,0.44,0.39,2020-04-01,1112,N20,VIIRS,n,2,269.6,4.7,D,0
52.11319,26.32551,342.28,0.44,0.39,2020-04-01,1112,N20,VIIRS,n,2,268.76,3.89,D,0
52.11671,26.32445,341.55,0.44,0.39,2020-04-01,1112,N20,VIIRS,n,2,268.76,7.6,D,0
52.12845,26.39453,343.61,0.45,0.39,2020-04-01,1112,N20,VIIRS,n,2,281.37,6.28,D,0
52.1277,26.38804,327.91,0.45,0.39,2020-04-01,1112,N20,VIIRS,n,2,279.89,2.35,D,0
52.13122,26.38699,329.76,0.45,0.39,2020-04-01,1112,N20,VIIRS,n,2,280.05,5.74,D,0
52.12973,26.37403,330.35,0.45,0.39,2020-04-01,1112,N20,VIIRS,n,2,282.98,8.07,D,0
52.12898,26.36756,342.76,0.44,0.39,2020-04-01,1112,N20,VIIRS,n,2,289.68,8.07,D,0
52.12823,26.3611,343.41,0.44,0.39,2020-04-01,1112,N20,VIIRS,n,2,285.97,12.3,D,0
52.12449,26.32879,350.97,0.44,0.39,2020-04-01,1112,N20,VIIRS,n,2,275.88,7.77,D,0
52.13325,26.37298,331.99,0.45,0.39,2020-04-01,1112,N20,VIIRS,n,2,279.72,8.07,D,0
52.1325,26.36651,334.49,0.44,0.39,2020-04-01,1112,N20,VIIRS,n,2,279.18,8.07,D,0
51.98133,26.26262,303.33,0.39,0.59,2020-04-01,2324,N20,VIIRS,n,2,267.65,0.81,N,0
52.10165,27.23434,303.95,0.56,0.69,2020-04-02,2305,N20,VIIRS,n,2,267.14,2.61,N,0
52.84849,29.9903,311.43,0.43,0.62,2020-04-02,2305,N20,VIIRS,n,2,272.19,1.4,N,2
52.84911,29.99133,305.49,0.43,0.62,2020-04-02,2305,N20,VIIRS,n,2,271.68,1.04,N,2
52.10175,27.25113,301.59,0.56,0.69,2020-04-02,2305,N20,VIIRS,n,2,268.34,1.4,N,0
53.27082,24.44081,296.25,0.74,0.76,2020-04-02,2305,N20,VIIRS,n,2,272.51,2.12,N,2
54.73016,29.71204,325.64,0.52,0.42,2020-04-03,0045,N20,VIIRS,n,2,271.95,3.96,N,0
51.91472,23.87691,324.97,0.41,0.37,2020-04-03,0046,N20,VIIRS,n,2,283.35,28.63,N,0
51.94043,30.67644,304.57,0.44,0.46,2020-04-03,0046,N20,VIIRS,n,2,269.68,0.79,N,0
52.4849,27.76339,299.19,0.51,0.41,2020-04-03,0046,N20,VIIRS,n,2,266.79,1.06,N,0
52.47504,27.78976,328.31,0.51,0.41,2020-04-03,0046,N20,VIIRS,n,2,267.47,3.89,N,0
52.47819,27.77551,310.46,0.51,0.41,2020-04-03,0046,N20,VIIRS,n,2,266.2,1.82,N,0
52.47146,27.78766,307.82,0.51,0.41,2020-04-03,0046,N20,VIIRS,n,2,265.9,1.36,N,0
52.10103,27.25158,325.48,0.5,0.41,2020-04-03,0046,N20,VIIRS,n,2,269.15,3.29,N,0
52.10401,27.23769,296.59,0.5,0.41,2020-04-03,0046,N20,VIIRS,n,2,270.03,1.04,N,0
52.10045,27.23567,304.09,0.5,0.41,2020-04-03,0046,N20,VIIRS,n,2,269.03,1.04,N,0
52.00922,25.00287,298.88,0.43,0.38,2020-04-03,0046,N20,VIIRS,n,2,268.83,0.74,N,0
52.05208,23.7181,306.61,0.41,0.37,2020-04-03,0046,N20,VIIRS,n,2,270.92,1.18,N,0
52.99802,30.80376,349.77,0.79,0.78,2020-04-03,0855,N20,VIIRS,n,2,285.56,15.28,D,0
53.25494,31.64024,332.94,0.72,0.76,2020-04-03,0855,N20,VIIRS,n,2,284.43,7.53,D,0
53.25957,31.63046,326.42,0.73,0.76,2020-04-03,0855,N20,VIIRS,n,2,284.75,4.4,D,0
53.25381,31.63716,331.71,0.73,0.76,2020-04-03,0855,N20,VIIRS,n,2,284.02,4.42,D,0
51.47192,29.32549,335.09,0.4,0.37,2020-04-03,1034,N20,VIIRS,n,2,294.66,6.95,D,0
51.41162,29.3042,342.9,0.4,0.37,2020-04-03,1034,N20,VIIRS,n,2,303.02,19.81,D,0
51.95437,29.61316,352.61,0.39,0.36,2020-04-03,1034,N20,VIIRS,n,2,295.99,7.41,D,0
51.41071,30.60472,330.03,0.39,0.36,2020-04-03,1034,N20,VIIRS,n,2,291.34,2.86,D,0
51.41306,30.59792,331.78,0.39,0.36,2020-04-03,1034,N20,VIIRS,n,2,291.51,3.04,D,0
51.48467,29.33787,342.34,0.4,0.37,2020-04-03,1034,N20,VIIRS,n,2,297.88,3.79,D,0
51.47519,29.32402,344.59,0.4,0.37,2020-04-03,1034,N20,VIIRS,n,2,297.87,10.84,D,0
51.40982,30.59928,352.53,0.39,0.36,2020-04-03,1034,N20,VIIRS,n,2,295.49,9.88,D,0
52.77566,30.36132,328.55,0.39,0.36,2020-04-03,1035,N20,VIIRS,n,2,290.45,2.67,D,0
53.33321,32.21338,329.18,0.39,0.36,2020-04-03,1035,N20,VIIRS,n,2,289.86,1.5,D,0
53.47218,24.74146,335.02,0.48,0.4,2020-04-03,1035,N20,VIIRS,n,2,281.69,7.83,D,0
53.65272,31.742,325.85,0.39,0.36,2020-04-03,1035,N20,VIIRS,n,2,284.28,2.73,D,0
53.47794,31.88434,340.78,0.39,0.36,2020-04-03,1035,N20,VIIRS,n,2,292,5.54,D,0
53.47467,31.88566,329.49,0.39,0.36,2020-04-03,1035,N20,VIIRS,n,2,288.1,5.54,D,0
53.01903,29.58428,339.67,0.39,0.36,2020-04-03,1035,N20,VIIRS,n,2,280.18,5.57,D,0
53.26129,31.64241,341.31,0.39,0.36,2020-04-03,1035,N20,VIIRS,n,2,292.3,5.02,D,0
53.25636,31.63236,326.02,0.39,0.36,2020-04-03,1035,N20,VIIRS,n,2,289.17,2.79,D,0
53.25719,31.63805,339.5,0.39,0.36,2020-04-03,1035,N20,VIIRS,n,2,291.32,2.79,D,0
53.25803,31.64374,341.05,0.39,0.36,2020-04-03,1035,N20,VIIRS,n,2,289.04,3.67,D,0
53.24334,31.63766,326.52,0.39,0.36,2020-04-03,1035,N20,VIIRS,n,2,299.12,29.08,D,0
52.97206,30.84163,330.43,0.38,0.36,2020-04-03,1035,N20,VIIRS,n,2,291.02,1.83,D,0
52.30695,30.23878,330.88,0.39,0.36,2020-04-03,1035,N20,VIIRS,n,2,293.78,2.86,D,0
52.46311,30.628,340.96,0.38,0.36,2020-04-03,1035,N20,VIIRS,n,2,293.82,2.24,D,0
52.76182,31.44764,332.39,0.38,0.36,2020-04-03,1035,N20,VIIRS,n,2,290.47,3.59,D,0
52.70707,30.86476,337.42,0.38,0.36,2020-04-03,1035,N20,VIIRS,n,2,290.5,2.47,D,0
52.66272,30.17365,332.9,0.39,0.36,2020-04-03,1035,N20,VIIRS,n,2,289.18,2.2,D,0
52.86919,31.1341,349.17,0.38,0.36,2020-04-03,1035,N20,VIIRS,n,2,300.52,50.18,D,0
52.86834,31.12849,341.71,0.38,0.36,2020-04-03,1035,N20,VIIRS,n,2,288.68,9.43,D,0
52.87329,31.13834,333.91,0.38,0.36,2020-04-03,1035,N20,VIIRS,n,2,287.54,50.18,D,0
52.87158,31.12714,331.63,0.38,0.36,2020-04-03,1035,N20,VIIRS,n,2,291.4,9.43,D,0
52.87244,31.13274,294.68,0.38,0.36,2020-04-03,1035,N20,VIIRS,l,2,321.35,50.18,D,0
52.77745,30.37249,326.99,0.39,0.36,2020-04-03,1035,N20,VIIRS,n,2,289.65,2.3,D,0
55.48431,28.60032,337.12,0.39,0.36,2020-04-03,1036,N20,VIIRS,n,2,282.92,11.16,D,0
52.01413,25.0047,328.92,0.56,0.69,2020-04-03,1216,N20,VIIRS,n,2,280.14,5.36,D,0
55.4851,28.61086,339.59,0.79,0.78,2020-04-03,1217,N20,VIIRS,n,2,278.3,13.43,D,0
55.48565,28.59812,340.51,0.79,0.78,2020-04-03,1217,N20,VIIRS,n,2,278.79,13.31,D,0
55.48981,28.58799,306.73,0.77,0.78,2020-04-03,2245,N20,VIIRS,n,2,269.78,3.17,N,0
55.48378,28.59292,308.37,0.77,0.78,2020-04-03,2245,N20,VIIRS,n,2,269.18,2,N,0
54.69754,29.3894,300.24,0.72,0.76,2020-04-03,2245,N20,VIIRS,n,2,269.05,1.74,N,0
55.49033,28.60069,296.36,0.77,0.77,2020-04-03,2245,N20,VIIRS,n,2,270.13,2.93,N,0
53.60499,32.32906,315.14,0.55,0.68,2020-04-03,2246,N20,VIIRS,n,2,268.72,2.08,N,0
52.84823,29.98431,304.29,0.69,0.74,2020-04-03,2246,N20,VIIRS,n,2,271.68,1.98,N,2
52.8493,29.99028,309.08,0.68,0.74,2020-04-03,2246,N20,VIIRS,n,2,272.19,2.41,N,2
53.34276,32.65043,311.09,0.53,0.67,2020-04-03,2246,N20,VIIRS,n,2,272.24,2.69,N,0
53.37111,31.55346,296.22,0.59,0.7,2020-04-03,2246,N20,VIIRS,n,2,269.71,0.47,N,0
53.60083,32.33262,307.33,0.55,0.68,2020-04-03,2246,N20,VIIRS,n,2,269.51,1.3,N,0
55.48613,28.59892,335.05,0.39,0.36,2020-04-04,0026,N20,VIIRS,n,2,272.06,4.33,N,0
52.13106,27.32896,316.95,0.39,0.36,2020-04-04,0027,N20,VIIRS,n,2,264.9,1.09,N,0
52.48035,31.03836,309.36,0.46,0.39,2020-04-04,0027,N20,VIIRS,n,2,273.04,1.39,N,0
53.27011,24.44165,306.07,0.39,0.36,2020-04-04,0027,N20,VIIRS,n,2,273.58,1.33,N,2
52.1391,27.30258,301.43,0.39,0.36,2020-04-04,0027,N20,VIIRS,n,2,265.28,0.86,N,0
52.13814,27.30815,295.98,0.39,0.36,2020-04-04,0027,N20,VIIRS,n,2,265.34,0.46,N,0
53.36566,31.55642,335.12,0.46,0.39,2020-04-04,0027,N20,VIIRS,n,2,270.77,3.63,N,0
52.84693,29.9914,326.61,0.43,0.38,2020-04-04,0027,N20,VIIRS,n,2,273.26,3.52,N,2
53.60272,32.33422,312.65,0.48,0.4,2020-04-04,0027,N20,VIIRS,n,2,269.92,1.92,N,0
53.37072,31.55909,306.87,0.46,0.39,2020-04-04,0027,N20,VIIRS,n,2,270.7,6.6,N,0
53.36729,31.55712,356.29,0.46,0.39,2020-04-04,0027,N20,VIIRS,n,2,276.02,6.6,N,0
52.47902,31.04484,324.1,0.46,0.39,2020-04-04,0027,N20,VIIRS,n,2,274.23,2.22,N,0
52.12653,26.92628,313.36,0.39,0.36,2020-04-04,0027,N20,VIIRS,n,2,268.49,0.96,N,0
52.11639,26.90392,317.53,0.39,0.36,2020-04-04,0027,N20,VIIRS,n,2,269.15,1.54,N,0
52.11545,26.90945,311.66,0.39,0.36,2020-04-04,0027,N20,VIIRS,n,2,269.27,1.54,N,0
52.11409,26.89695,319.32,0.39,0.36,2020-04-04,0027,N20,VIIRS,n,2,268.33,2.29,N,0
52.11596,26.88589,308.17,0.39,0.36,2020-04-04,0027,N20,VIIRS,n,2,268.89,0.79,N,0
52.32444,31.46345,337.28,0.44,0.38,2020-04-04,1016,N20,VIIRS,n,2,288.15,4.97,D,0
52.62887,26.1723,330.53,0.43,0.46,2020-04-04,1016,N20,VIIRS,n,2,290.45,3.44,D,0
52.6284,26.174,332.5,0.43,0.46,2020-04-04,1016,N20,VIIRS,n,2,290.8,3.61,D,0
52.31073,25.63831,330.24,0.46,0.47,2020-04-04,1016,N20,VIIRS,n,2,291.24,2.77,D,0
52.31231,25.64458,335.84,0.46,0.47,2020-04-04,1016,N20,VIIRS,n,2,289.12,5.11,D,0
52.07883,25.80285,355.56,0.46,0.47,2020-04-04,1016,N20,VIIRS,n,2,293.61,10.51,D,0
52.08041,25.80909,353.41,0.46,0.47,2020-04-04,1016,N20,VIIRS,n,2,295.93,10.51,D,0
52.07637,25.81176,338.64,0.46,0.47,2020-04-04,1016,N20,VIIRS,n,2,293.27,10.51,D,0
52.07796,25.81799,348.24,0.46,0.47,2020-04-04,1016,N20,VIIRS,n,2,292.12,15.22,D,0
52.08129,25.8021,325.26,0.46,0.47,2020-04-04,1016,N20,VIIRS,n,2,292.35,2.98,D,0
52.07725,25.80478,349.32,0.46,0.47,2020-04-04,1016,N20,VIIRS,n,2,291.55,12.83,D,0
52.0788,25.81104,367,0.46,0.47,2020-04-04,1016,N20,VIIRS,h,2,296.84,14.44,D,0
52.07633,25.81997,346.74,0.46,0.47,2020-04-04,1016,N20,VIIRS,n,2,293.72,14.44,D,0
52.09077,26.49614,337.37,0.43,0.46,2020-04-04,1016,N20,VIIRS,n,2,286.65,3.69,D,0
52.11444,26.89087,348.37,0.42,0.45,2020-04-04,1016,N20,VIIRS,n,2,290.96,6.5,D,0
52.11271,26.89352,337.68,0.42,0.45,2020-04-04,1016,N20,VIIRS,n,2,288.7,4.11,D,0
52.13027,27.32236,355.62,0.4,0.44,2020-04-04,1016,N20,VIIRS,n,2,295.16,16.69,D,0
52.13158,27.32788,344.77,0.4,0.44,2020-04-04,1016,N20,VIIRS,n,2,295.94,14.83,D,0
52.12643,27.32474,336.45,0.4,0.44,2020-04-04,1016,N20,VIIRS,n,2,294.15,11.47,D,0
52.12774,27.33026,353.91,0.4,0.44,2020-04-04,1016,N20,VIIRS,n,2,299.49,31.85,D,0
52.12906,27.33579,335.12,0.4,0.44,2020-04-04,1016,N20,VIIRS,n,2,299.27,31.85,D,0
52.5028,28.98944,328.09,0.52,0.41,2020-04-04,1016,N20,VIIRS,n,2,282.84,3.41,D,0
53.14368,32.25043,330.43,0.41,0.37,2020-04-04,1016,N20,VIIRS,n,2,287.18,2.76,D,0
52.12065,27.54474,347.9,0.39,0.44,2020-04-04,1016,N20,VIIRS,n,2,288.98,48.48,D,0
52.11811,27.55253,339.63,0.39,0.44,2020-04-04,1016,N20,VIIRS,n,2,306.44,68.6,D,0
52.1143,27.55488,342.28,0.39,0.44,2020-04-04,1016,N20,VIIRS,n,2,289.01,68.6,D,0
52.11669,27.69555,339.57,0.39,0.44,2020-04-04,1016,N20,VIIRS,n,2,287.49,4.59,D,0
52.1129,27.69787,341.99,0.39,0.44,2020-04-04,1016,N20,VIIRS,n,2,293.14,4.59,D,0
52.11541,27.70861,331.21,0.39,0.44,2020-04-04,1016,N20,VIIRS,n,2,293.62,2.8,D,0
51.87225,26.88392,332.99,0.42,0.45,2020-04-04,1016,N20,VIIRS,n,2,291.37,2.51,D,0
51.7949,26.75154,338.34,0.43,0.46,2020-04-04,1016,N20,VIIRS,n,2,291.58,5.37,D,0
51.79632,26.7574,325.97,0.43,0.46,2020-04-04,1016,N20,VIIRS,n,2,291.31,4.46,D,0
52.43409,29.7212,345.1,0.49,0.4,2020-04-04,1016,N20,VIIRS,n,2,295.77,9.47,D,0
52.43262,29.7143,367,0.49,0.4,2020-04-04,1016,N20,VIIRS,h,2,297.19,15.33,D,0
52.42908,29.7163,350,0.49,0.4,2020-04-04,1016,N20,VIIRS,n,2,296.11,9.64,D,0
52.43055,29.7232,346.38,0.49,0.4,2020-04-04,1016,N20,VIIRS,n,2,291.7,8.63,D,0
52.42554,29.71831,340.48,0.49,0.4,2020-04-04,1016,N20,VIIRS,n,2,295.12,9.64,D,0
52.42701,29.72521,355.5,0.49,0.4,2020-04-04,1016,N20,VIIRS,n,2,286.82,8.63,D,0
52.42493,29.7341,335.43,0.49,0.4,2020-04-04,1016,N20,VIIRS,n,2,280.88,5.14,D,0
52.52664,30.94922,332.31,0.45,0.39,2020-04-04,1016,N20,VIIRS,n,2,283.43,2.99,D,0
52.16503,29.29877,330.89,0.51,0.41,2020-04-04,1016,N20,VIIRS,n,2,289.87,7.14,D,0
52.33095,31.43945,331.88,0.44,0.38,2020-04-04,1016,N20,VIIRS,n,2,285.62,4.07,D,0
51.88991,29.9427,338.69,0.5,0.41,2020-04-04,1016,N20,VIIRS,n,2,293.68,6.45,D,0
51.47459,29.32609,338.54,0.53,0.42,2020-04-04,1016,N20,VIIRS,n,2,294.19,5.5,D,0
55.81312,29.99299,326.7,0.42,0.38,2020-04-04,1017,N20,VIIRS,n,2,275.51,2.51,D,0
55.48604,28.60036,333.5,0.46,0.39,2020-04-04,1017,N20,VIIRS,n,2,283.46,3.91,D,0
51.6494,29.23673,340.56,0.53,0.67,2020-04-04,1156,N20,VIIRS,n,2,289.46,8.53,D,0
51.64658,29.23408,331.45,0.53,0.67,2020-04-04,1156,N20,VIIRS,n,2,290.05,6.29,D,0
52.9007,27.60478,356.61,0.46,0.63,2020-04-04,1157,N20,VIIRS,l,2,262.32,6.38,D,0
52.95208,26.99434,336.6,0.43,0.62,2020-04-04,1157,N20,VIIRS,n,2,285.47,5.37,D,0
53.223,29.51682,335.65,0.55,0.68,2020-04-04,1157,N20,VIIRS,n,2,283.25,4.92,D,0
52.09855,27.65628,330.38,0.46,0.63,2020-04-04,1157,N20,VIIRS,n,2,281.11,3.38,D,0
52.18299,24.13013,330.68,0.32,0.55,2020-04-04,1157,N20,VIIRS,n,2,287.74,1.96,D,0
52.28645,27.41769,353.27,0.45,0.63,2020-04-04,1157,N20,VIIRS,n,2,289.8,7.63,D,0
52.29213,27.40417,330.88,0.45,0.63,2020-04-04,1157,N20,VIIRS,n,2,283.08,3.17,D,0
52.08061,25.79985,337.87,0.38,0.59,2020-04-04,1157,N20,VIIRS,n,2,291.61,3.86,D,0
52.95242,26.99215,339.53,0.43,0.62,2020-04-04,1157,N20,VIIRS,n,2,285.76,3.7,D,0
52.52052,30.95268,327.41,0.63,0.72,2020-04-04,1157,N20,VIIRS,n,2,277.26,4.4,D,0
52.3563,25.59872,330.91,0.37,0.58,2020-04-04,1157,N20,VIIRS,n,2,287.77,2.59,D,0
52.89481,27.60486,356.01,0.46,0.63,2020-04-04,1157,N20,VIIRS,n,2,285.18,11.17,D,0
55.48694,28.59692,325.77,0.42,0.37,2020-04-05,0007,N20,VIIRS,n,2,271.24,3.93,N,0
52.05976,27.734,323.99,0.4,0.37,2020-04-05,0008,N20,VIIRS,n,2,268.05,2.25,N,0
52.14238,26.18588,333.02,0.44,0.38,2020-04-05,0008,N20,VIIRS,n,2,266.47,3.22,N,0
52.13813,26.19111,296.42,0.44,0.38,2020-04-05,0008,N20,VIIRS,n,2,263.71,3.22,N,0
52.14161,26.19222,335.73,0.44,0.38,2020-04-05,0008,N20,VIIRS,n,2,269.24,3.22,N,0
53.7164,30.30403,306.08,0.39,0.36,2020-04-05,0008,N20,VIIRS,n,2,264.78,0.57,N,0
53.71316,30.30265,314.57,0.39,0.36,2020-04-05,0008,N20,VIIRS,n,2,265.65,1.24,N,0
53.70991,30.30126,309.56,0.39,0.36,2020-04-05,0008,N20,VIIRS,n,2,265.31,1.24,N,0
52.8549,29.99655,295.96,0.39,0.36,2020-04-05,0008,N20,VIIRS,n,2,274.6,0.49,N,2
52.8484,29.99387,300.96,0.39,0.36,2020-04-05,0008,N20,VIIRS,n,2,270.96,1.07,N,2
52.54125,27.79157,332.54,0.41,0.37,2020-04-05,0008,N20,VIIRS,n,2,267.83,3.03,N,0
52.15411,27.52815,302.53,0.41,0.37,2020-04-05,0008,N20,VIIRS,n,2,265.95,0.88,N,0
51.89241,29.34064,331.38,0.39,0.36,2020-04-05,0008,N20,VIIRS,n,2,275.28,3.13,N,2
51.88915,29.33937,299.12,0.39,0.36,2020-04-05,0008,N20,VIIRS,n,2,271.42,3.13,N,2
52.12074,27.54118,298.34,0.41,0.37,2020-04-05,0008,N20,VIIRS,n,2,266.38,1.06,N,0
52.10083,27.55887,311.83,0.41,0.37,2020-04-05,0008,N20,VIIRS,n,2,266.65,1.16,N,0
52.14508,26.19334,314.12,0.44,0.38,2020-04-05,0008,N20,VIIRS,n,2,264.28,1.98,N,0
51.99878,26.29682,295.82,0.43,0.38,2020-04-05,0009,N20,VIIRS,n,2,265.94,0.65,N,0
55.48671,28.60077,367,0.52,0.67,2020-04-05,0147,N20,VIIRS,h,2,270.13,10.16,N,0
53.50682,25.80129,305,0.5,0.66,2020-04-05,0148,N20,VIIRS,n,2,266.05,1.59,N,0
51.89307,29.34011,321.16,0.78,0.78,2020-04-05,0148,N20,VIIRS,n,2,270.58,5.7,N,2
52.14191,26.18594,305.43,0.59,0.7,2020-04-05,0148,N20,VIIRS,n,2,266.09,1.43,N,0
53.59592,31.34071,327.52,0.39,0.44,2020-04-05,0957,N20,VIIRS,n,2,284.22,2.19,D,0
53.12769,29.52627,338.37,0.47,0.48,2020-04-05,0957,N20,VIIRS,n,2,286.77,4.64,D,0
52.14369,26.19044,339.74,0.34,0.56,2020-04-05,0957,N20,VIIRS,n,2,293.54,10.51,D,0
53.07693,29.12496,337.98,0.49,0.48,2020-04-05,0957,N20,VIIRS,n,2,288.85,7.3,D,0
52.0209,24.41992,334.46,0.4,0.6,2020-04-05,0957,N20,VIIRS,n,2,293.84,2.81,D,0
52.47446,25.42316,343.1,0.35,0.57,2020-04-05,0957,N20,VIIRS,n,2,286.59,8.71,D,0
52.47305,25.41849,329.39,0.35,0.57,2020-04-05,0957,N20,VIIRS,n,2,286.86,4.5,D,0
54.26149,30.83968,327.98,0.39,0.44,2020-04-05,0957,N20,VIIRS,n,2,284.43,2.51,D,0
54.03082,29.75768,338.31,0.43,0.46,2020-04-05,0957,N20,VIIRS,n,2,288.85,5.09,D,0
53.13789,30.86611,328.44,0.42,0.45,2020-04-05,0957,N20,VIIRS,n,2,287.18,3.47,D,0
53.19807,30.2635,338.16,0.44,0.46,2020-04-05,0957,N20,VIIRS,n,2,283.38,8.49,D,0
53.202,30.26073,337.18,0.44,0.46,2020-04-05,0957,N20,VIIRS,n,2,283.71,8.49,D,0
53.21141,30.26138,336.7,0.44,0.46,2020-04-05,0957,N20,VIIRS,n,2,288.03,5.95,D,0
53.2099,30.25528,347.65,0.44,0.46,2020-04-05,0957,N20,VIIRS,n,2,292.91,12.29,D,0
53.21536,30.25866,350.74,0.44,0.46,2020-04-05,0957,N20,VIIRS,n,2,282.83,8.35,D,0
52.07291,26.06008,343.94,0.34,0.56,2020-04-05,0957,N20,VIIRS,n,2,291.94,2.78,D,0
52.14291,26.19957,367,0.34,0.56,2020-04-05,0957,N20,VIIRS,h,2,290.04,6.4,D,0
52.14159,26.19508,350.04,0.34,0.56,2020-04-05,0957,N20,VIIRS,n,2,297.58,6.4,D,0
52.14624,26.19144,338.64,0.34,0.56,2020-04-05,0957,N20,VIIRS,n,2,292.07,3.49,D,0
52.14492,26.18695,325.93,0.34,0.56,2020-04-05,0957,N20,VIIRS,n,2,290.72,1.89,D,0
52.14037,26.19853,367,0.34,0.56,2020-04-05,0957,N20,VIIRS,h,2,293.71,7.4,D,0
52.14503,26.19491,367,0.34,0.56,2020-04-05,0957,N20,VIIRS,h,2,295.01,7.4,D,0
53.07733,29.12398,335.89,0.49,0.48,2020-04-05,0957,N20,VIIRS,n,2,286.06,5.85,D,0
53.07907,29.1307,333.96,0.49,0.48,2020-04-05,0957,N20,VIIRS,n,2,285.23,5.85,D,0
51.41724,30.58514,340.45,0.48,0.48,2020-04-05,0957,N20,VIIRS,n,2,294.65,78.28,D,0
51.41561,30.57875,299.54,0.48,0.48,2020-04-05,0957,N20,VIIRS,l,2,303.94,75.24,D,0
51.42136,30.58246,340.09,0.48,0.48,2020-04-05,0957,N20,VIIRS,n,2,293.64,44.97,D,0
51.41811,30.56972,327.86,0.48,0.48,2020-04-05,0957,N20,VIIRS,n,2,287.37,33.42,D,0
51.42385,30.57339,350.05,0.48,0.48,2020-04-05,0957,N20,VIIRS,n,2,298.76,33.42,D,0
51.42223,30.56702,337.61,0.48,0.48,2020-04-05,0957,N20,VIIRS,n,2,289.01,33.42,D,0
51.42796,30.5707,350.09,0.48,0.48,2020-04-05,0957,N20,VIIRS,n,2,298.42,13.03,D,0
51.43209,30.56802,340.11,0.48,0.48,2020-04-05,0957,N20,VIIRS,n,2,292.43,13.03,D,0
52.02437,30.4425,338.9,0.47,0.47,2020-04-05,0957,N20,VIIRS,n,2,290.18,3.96,D,0
51.79321,29.51898,341.01,0.51,0.5,2020-04-05,0957,N20,VIIRS,n,2,289.28,5.88,D,0
52.02539,30.4401,339.61,0.46,0.47,2020-04-05,0957,N20,VIIRS,n,2,290.54,4.85,D,0
51.79422,29.51717,339.01,0.51,0.5,2020-04-05,0957,N20,VIIRS,n,2,290.16,6.92,D,0
52.12844,30.54808,325.42,0.46,0.47,2020-04-05,0957,N20,VIIRS,n,2,289.36,5.11,D,0
51.88775,29.33859,337.18,0.52,0.5,2020-04-05,0957,N20,VIIRS,n,2,292.86,5.01,D,2
52.41484,31.09342,349.4,0.43,0.46,2020-04-05,0957,N20,VIIRS,n,2,288.51,7.66,D,0
52.41574,31.09241,346.32,0.43,0.46,2020-04-05,0957,N20,VIIRS,n,2,287.27,6.48,D,0
52.02328,29.33558,338.96,0.51,0.5,2020-04-05,0957,N20,VIIRS,n,2,291.65,6.48,D,0
52.61358,30.6254,331.98,0.44,0.46,2020-04-05,0957,N20,VIIRS,n,2,288.45,3.18,D,0
52.12214,28.70186,341.72,0.54,0.51,2020-04-05,0957,N20,VIIRS,n,2,294.66,17.67,D,0
52.12644,28.6988,350.87,0.54,0.51,2020-04-05,0957,N20,VIIRS,n,2,291.57,16.21,D,0
52.13074,28.69574,351.55,0.54,0.51,2020-04-05,0957,N20,VIIRS,n,2,291.31,16.21,D,0
52.62645,30.60252,341.03,0.44,0.46,2020-04-05,0957,N20,VIIRS,n,2,290.94,4.82,D,0
52.62892,30.59375,339.38,0.44,0.46,2020-04-05,0957,N20,VIIRS,n,2,289.36,4.82,D,0
52.47229,29.87119,337.35,0.47,0.48,2020-04-05,0957,N20,VIIRS,n,2,287.17,4.7,D,0
52.67355,30.58928,339.64,0.44,0.46,2020-04-05,0957,N20,VIIRS,n,2,290.64,5.38,D,0
52.54062,30.00656,337.89,0.47,0.47,2020-04-05,0957,N20,VIIRS,n,2,289.35,3.87,D,0
53.13921,32.13728,326.73,0.57,0.43,2020-04-05,0957,N20,VIIRS,n,2,282.41,2.32,D,0
53.14294,32.13488,329.19,0.57,0.43,2020-04-05,0957,N20,VIIRS,n,2,284.89,4.73,D,0
52.1145,27.83976,339.74,0.58,0.52,2020-04-05,0957,N20,VIIRS,n,2,286.47,25.02,D,0
52.11232,27.83194,341.47,0.58,0.52,2020-04-05,0957,N20,VIIRS,n,2,299.64,35.36,D,0
52.11892,27.83651,352.19,0.58,0.52,2020-04-05,0957,N20,VIIRS,n,2,289.17,25.02,D,0
52.11675,27.8287,340.26,0.58,0.52,2020-04-05,0957,N20,VIIRS,n,2,288.35,35.36,D,0
51.8249,26.80215,327.88,0.33,0.55,2020-04-05,0957,N20,VIIRS,n,2,291.99,1.55,D,0
53.21538,32.15253,332.07,0.56,0.43,2020-04-05,0957,N20,VIIRS,n,2,288.27,3.86,D,0
52.12768,27.84892,333.35,0.58,0.52,2020-04-05,0957,N20,VIIRS,n,2,287.04,6.88,D,0
52.12551,27.84108,336.83,0.58,0.52,2020-04-05,0957,N20,VIIRS,n,2,289.79,8.37,D,0
52.12334,27.83327,342.64,0.58,0.52,2020-04-05,0957,N20,VIIRS,n,2,287.87,8.37,D,0
52.13218,27.82675,331.52,0.58,0.52,2020-04-05,0957,N20,VIIRS,n,2,285.47,7.55,D,0
52.10598,27.71325,339.69,0.59,0.53,2020-04-05,0957,N20,VIIRS,n,2,291.47,10.7,D,0
51.86332,26.85723,337.18,0.32,0.55,2020-04-05,0957,N20,VIIRS,n,2,291.82,2.49,D,0
52.94787,30.92019,342.89,0.42,0.45,2020-04-05,0957,N20,VIIRS,n,2,288.89,7.08,D,0
51.91427,26.99562,345.67,0.32,0.54,2020-04-05,0957,N20,VIIRS,n,2,285.33,15.22,D,0
51.91306,26.99138,344.97,0.32,0.54,2020-04-05,0957,N20,VIIRS,n,2,294.49,15.22,D,0
51.91184,26.98712,348.86,0.32,0.54,2020-04-05,0957,N20,VIIRS,n,2,296.5,18.33,D,0
52.94918,30.91792,334.12,0.42,0.45,2020-04-05,0957,N20,VIIRS,n,2,283.88,3.2,D,0
52.13223,27.8277,338,0.58,0.52,2020-04-05,0957,N20,VIIRS,n,2,285.53,5.44,D,0
52.10555,27.71471,347.77,0.59,0.53,2020-04-05,0957,N20,VIIRS,n,2,291.41,8.59,D,0
51.86362,26.85919,350.18,0.32,0.55,2020-04-05,0957,N20,VIIRS,n,2,291.98,3.81,D,0
51.91399,26.99276,367,0.32,0.54,2020-04-05,0957,N20,VIIRS,h,2,294.25,26.34,D,0
51.91275,26.98852,355.34,0.32,0.54,2020-04-05,0957,N20,VIIRS,n,2,295.08,16.2,D,0
51.91151,26.98428,334.23,0.32,0.54,2020-04-05,0957,N20,VIIRS,n,2,289.86,16.2,D,0
52.10065,27.56471,330.53,0.6,0.53,2020-04-05,0957,N20,VIIRS,n,2,292.37,8.34,D,0
52.09837,27.55672,342.34,0.6,0.53,2020-04-05,0957,N20,VIIRS,n,2,294.04,8.34,D,0
52.10511,27.5614,355.38,0.6,0.53,2020-04-05,0957,N20,VIIRS,n,2,294.78,8.34,D,0
52.10284,27.5534,337.9,0.6,0.53,2020-04-05,0957,N20,VIIRS,n,2,292.67,8.34,D,0
52.12288,27.5288,342.6,0.6,0.53,2020-04-05,0957,N20,VIIRS,n,2,288.18,6.43,D,0
52.76272,29.87583,328.35,0.47,0.47,2020-04-05,0957,N20,VIIRS,n,2,287.89,3.48,D,0
52.76109,29.86942,330.74,0.47,0.47,2020-04-05,0957,N20,VIIRS,n,2,287.27,3.47,D,0
52.12835,27.19217,333.89,0.62,0.54,2020-04-05,0957,N20,VIIRS,n,2,288.49,5.46,D,0
53.13013,30.8713,327.2,0.42,0.45,2020-04-05,0957,N20,VIIRS,n,2,286.17,2.54,D,0
53.13541,30.87453,332.78,0.42,0.45,2020-04-05,0957,N20,VIIRS,n,2,286.85,4.02,D,0
53.134,30.8687,337.3,0.42,0.45,2020-04-05,0957,N20,VIIRS,n,2,289.39,3.47,D,0
54.94701,29.38739,333.39,0.42,0.45,2020-04-05,0958,N20,VIIRS,n,2,283.95,2.14,D,0
54.67125,30.04638,325.84,0.41,0.45,2020-04-05,0958,N20,VIIRS,n,2,284.3,4.96,D,0
53.03202,24.61324,327.7,0.36,0.57,2020-04-05,0958,N20,VIIRS,n,2,287.39,1.96,D,0
51.8531,26.83446,328.51,0.52,0.5,2020-04-05,1137,N20,VIIRS,n,2,291.87,2.57,D,0
51.84773,26.90542,367,0.53,0.5,2020-04-05,1137,N20,VIIRS,h,2,299.18,30.52,D,0
51.8431,26.90608,342.35,0.53,0.5,2020-04-05,1137,N20,VIIRS,n,2,295.05,28.59,D,0
51.88905,29.34028,336.92,0.34,0.56,2020-04-05,1137,N20,VIIRS,n,2,292.81,2.19,D,2
51.91814,26.98982,336.24,0.53,0.5,2020-04-05,1137,N20,VIIRS,n,2,294.54,8,D,0
51.88815,26.87618,338.73,0.53,0.5,2020-04-05,1137,N20,VIIRS,n,2,294.29,13.19,D,0
51.71172,30.52559,367,0.38,0.59,2020-04-05,1137,N20,VIIRS,h,2,292.44,6.72,D,0
51.43166,30.57087,367,0.38,0.59,2020-04-05,1137,N20,VIIRS,h,2,294.28,7.79,D,0
51.42638,30.57673,343.14,0.38,0.59,2020-04-05,1137,N20,VIIRS,n,2,292.74,3.91,D,0
51.90836,26.98326,339.91,0.53,0.5,2020-04-05,1137,N20,VIIRS,n,2,291.41,9.82,D,0
52.02322,30.44057,344.32,0.38,0.58,2020-04-05,1137,N20,VIIRS,n,2,289.41,2.46,D,0
51.86366,26.85628,354.12,0.53,0.5,2020-04-05,1137,N20,VIIRS,n,2,296.36,8.66,D,0
52.0014,27.0906,331.6,0.54,0.51,2020-04-05,1138,N20,VIIRS,n,2,295.05,4.25,D,0
52.00701,27.55746,337.69,0.56,0.52,2020-04-05,1138,N20,VIIRS,n,2,293.93,6.6,D,0
52.00713,27.46553,331.34,0.56,0.51,2020-04-05,1138,N20,VIIRS,n,2,295.88,7.24,D,0
51.93158,26.00075,342.86,0.48,0.48,2020-04-05,1138,N20,VIIRS,n,2,295.63,8.02,D,0
52.03905,27.71425,338.25,0.57,0.52,2020-04-05,1138,N20,VIIRS,n,2,290.48,9.17,D,0
52.12483,28.70027,349.01,0.63,0.54,2020-04-05,1138,N20,VIIRS,n,2,292.78,32.58,D,0
52.09195,27.61424,337.65,0.57,0.52,2020-04-05,1138,N20,VIIRS,n,2,294.6,5.6,D,0
52.11831,28.69257,330.79,0.63,0.54,2020-04-05,1138,N20,VIIRS,n,2,287.55,8.31,D,0
52.12371,28.70145,342.42,0.63,0.54,2020-04-05,1138,N20,VIIRS,n,2,292.12,11.1,D,0
52.12334,28.69205,329.39,0.63,0.54,2020-04-05,1138,N20,VIIRS,n,2,289.79,5.1,D,0
52.04445,26.98061,327.06,0.53,0.5,2020-04-05,1138,N20,VIIRS,n,2,293.53,2.63,D,0
52.09109,27.61445,339.49,0.57,0.52,2020-04-05,1138,N20,VIIRS,n,2,295.11,4.28,D,0
52.10081,27.71543,342.02,0.57,0.52,2020-04-05,1138,N20,VIIRS,n,2,291.77,17,D,0
52.11176,27.84334,332.65,0.58,0.52,2020-04-05,1138,N20,VIIRS,n,2,290.72,5.66,D,0
52.11135,27.83471,334.64,0.58,0.52,2020-04-05,1138,N20,VIIRS,n,2,291.04,5.66,D,0
52.10564,27.71483,344.33,0.57,0.52,2020-04-05,1138,N20,VIIRS,n,2,292.51,17,D,0
52.10522,27.70633,335.33,0.57,0.52,2020-04-05,1138,N20,VIIRS,n,2,293.37,52.18,D,0
52.09946,27.588,354.45,0.57,0.52,2020-04-05,1138,N20,VIIRS,n,2,294.04,17.55,D,0
52.11701,27.85137,354.51,0.58,0.52,2020-04-05,1138,N20,VIIRS,n,2,296.06,20.41,D,0
52.11661,27.84275,342.29,0.58,0.52,2020-04-05,1138,N20,VIIRS,n,2,291.15,17.84,D,0
52.10425,27.58739,341.07,0.57,0.52,2020-04-05,1138,N20,VIIRS,n,2,295.29,19.83,D,0
52.103,27.56222,349.03,0.57,0.52,2020-04-05,1138,N20,VIIRS,n,2,296.01,11.66,D,0
52.10259,27.55385,341.28,0.57,0.52,2020-04-05,1138,N20,VIIRS,n,2,296.86,8.59,D,0
52.12186,27.85079,367,0.58,0.52,2020-04-05,1138,N20,VIIRS,h,2,290.37,20.41,D,0
52.1263,27.84157,330.7,0.58,0.52,2020-04-05,1138,N20,VIIRS,n,2,290.25,8.66,D,0
52.11749,27.46799,344.34,0.56,0.52,2020-04-05,1138,N20,VIIRS,n,2,292.98,8.78,D,0
52.07131,26.5484,338.73,0.51,0.5,2020-04-05,1138,N20,VIIRS,n,2,291.77,9.58,D,0
52.07087,26.54085,334.35,0.51,0.49,2020-04-05,1138,N20,VIIRS,n,2,296.85,9.58,D,0
52.07589,26.54773,338.85,0.51,0.5,2020-04-05,1138,N20,VIIRS,n,2,292.46,7.95,D,0
52.07544,26.54016,335.66,0.51,0.49,2020-04-05,1138,N20,VIIRS,n,2,293.66,7.95,D,0
52.1496,27.53099,337.17,0.56,0.52,2020-04-05,1138,N20,VIIRS,n,2,294.71,5.11,D,0
52.16412,27.18138,344.4,0.55,0.51,2020-04-05,1138,N20,VIIRS,n,2,292.17,7.71,D,0
52.1655,27.18231,339.47,0.55,0.51,2020-04-05,1138,N20,VIIRS,n,2,290.36,6.2,D,0
52.17964,27.18039,339.34,0.55,0.51,2020-04-05,1138,N20,VIIRS,n,2,294.34,5.86,D,0
52.17922,27.17229,327.91,0.55,0.51,2020-04-05,1138,N20,VIIRS,n,2,297.4,6.73,D,0
52.1416,26.18512,342.23,0.5,0.49,2020-04-05,1138,N20,VIIRS,n,2,296.01,5.52,D,0
52.14655,26.19172,331,0.5,0.49,2020-04-05,1138,N20,VIIRS,n,2,294.44,6.06,D,0
52.3443,30.5069,367,0.38,0.59,2020-04-05,1138,N20,VIIRS,h,2,346.08,158.33,D,0
52.34401,30.49554,344.37,0.38,0.59,2020-04-05,1138,N20,VIIRS,n,2,294.24,129.36,D,0
52.34444,30.51256,356.41,0.38,0.59,2020-04-05,1138,N20,VIIRS,l,2,281.73,158.33,D,0
52.34415,30.50122,367,0.38,0.59,2020-04-05,1138,N20,VIIRS,l,2,341.93,129.36,D,0
52.3499,30.51226,342.11,0.38,0.59,2020-04-05,1138,N20,VIIRS,n,2,283.44,105.27,D,0
52.34961,30.5009,308.83,0.38,0.59,2020-04-05,1138,N20,VIIRS,l,2,309.67,81.97,D,0
52.34946,30.49522,207.93,0.38,0.59,2020-04-05,1138,N20,VIIRS,l,2,322.43,81.97,D,0
52.35491,30.4949,367,0.38,0.59,2020-04-05,1138,N20,VIIRS,h,2,305.04,81.97,D,0
52.35521,30.50626,341.39,0.38,0.59,2020-04-05,1138,N20,VIIRS,n,2,285.6,105.27,D,0
52.35506,30.50058,355.2,0.38,0.59,2020-04-05,1138,N20,VIIRS,n,2,298.44,81.97,D,0
52.35476,30.48922,207.93,0.38,0.59,2020-04-05,1138,N20,VIIRS,l,2,316.04,114.87,D,0
52.36021,30.48888,367,0.38,0.59,2020-04-05,1138,N20,VIIRS,h,2,295.29,17.7,D,0
52.36051,30.50024,347.29,0.38,0.59,2020-04-05,1138,N20,VIIRS,n,2,286.25,12.32,D,0
52.36036,30.49456,354.88,0.38,0.59,2020-04-05,1138,N20,VIIRS,n,2,293.97,12.32,D,0
52.36006,30.48321,348.07,0.38,0.59,2020-04-05,1138,N20,VIIRS,n,2,293.08,17.7,D,0
52.37801,30.9953,367,0.4,0.6,2020-04-05,1138,N20,VIIRS,h,2,291.91,28.24,D,0
52.37787,30.98932,340.03,0.4,0.6,2020-04-05,1138,N20,VIIRS,n,2,288.5,14.83,D,0
52.34992,26.81657,339.03,0.53,0.5,2020-04-05,1138,N20,VIIRS,n,2,294.64,3.09,D,0
52.4633,25.41664,344.33,0.46,0.47,2020-04-05,1138,N20,VIIRS,n,2,303.3,32.18,D,0
52.46815,25.42277,337.9,0.46,0.47,2020-04-05,1138,N20,VIIRS,n,2,295.19,42.67,D,0
52.46767,25.41587,335.17,0.46,0.47,2020-04-05,1138,N20,VIIRS,n,2,291.37,32.18,D,0
52.3932,23.55093,334.73,0.39,0.44,2020-04-05,1138,N20,VIIRS,n,2,292.41,1.76,D,0
52.90667,30.07108,341.1,0.37,0.58,2020-04-05,1138,N20,VIIRS,n,2,283.07,6.9,D,0
52.90652,30.06551,351.74,0.37,0.58,2020-04-05,1138,N20,VIIRS,n,2,290.44,7.48,D,0
53.03637,30.68389,336.52,0.39,0.59,2020-04-05,1138,N20,VIIRS,n,2,288.16,3.29,D,0
52.83867,25.82911,367,0.49,0.48,2020-04-05,1138,N20,VIIRS,h,2,331.51,175.27,D,0
52.83911,25.8364,346.22,0.49,0.48,2020-04-05,1138,N20,VIIRS,n,2,309.37,175.27,D,0
52.84359,25.83566,346.14,0.49,0.48,2020-04-05,1138,N20,VIIRS,n,2,296.18,24.32,D,0
52.84314,25.82836,344.3,0.49,0.48,2020-04-05,1138,N20,VIIRS,n,2,301.79,24.32,D,0
52.84895,25.8495,340.4,0.49,0.48,2020-04-05,1138,N20,VIIRS,n,2,286.54,10.47,D,0
52.8485,25.8422,354.26,0.49,0.48,2020-04-05,1138,N20,VIIRS,n,2,295.65,10.47,D,0
53.07193,29.12203,367,0.34,0.56,2020-04-05,1138,N20,VIIRS,h,2,292.27,8.99,D,0
53.0769,29.11645,327.2,0.34,0.56,2020-04-05,1138,N20,VIIRS,n,2,287.71,4.42,D,0
53.21323,32.167,367,0.45,0.63,2020-04-05,1138,N20,VIIRS,h,2,290.7,20.15,D,0
53.20765,30.2743,335.99,0.38,0.58,2020-04-05,1138,N20,VIIRS,n,2,286.72,4.73,D,0
53.22936,30.27313,367,0.38,0.58,2020-04-05,1138,N20,VIIRS,h,2,292.65,11.48,D,0
53.23049,30.27036,356.25,0.38,0.58,2020-04-05,1138,N20,VIIRS,n,2,296.42,12.09,D,0
53.34549,32.07368,338.95,0.45,0.63,2020-04-05,1138,N20,VIIRS,n,2,286.52,3.58,D,0
53.46789,30.319,343.89,0.38,0.59,2020-04-05,1138,N20,VIIRS,n,2,286.46,4.04,D,0
53.59134,31.34908,341.73,0.42,0.61,2020-04-05,1138,N20,VIIRS,n,2,283.99,5.13,D,0
53.50421,25.94983,339.73,0.5,0.49,2020-04-05,1138,N20,VIIRS,n,2,289.69,4.75,D,0
54.40481,30.41428,330.69,0.39,0.59,2020-04-05,1138,N20,VIIRS,n,2,283.79,2.07,D,0
54.36041,28.29045,325.31,0.63,0.54,2020-04-05,1138,N20,VIIRS,n,2,283.57,2.78,D,0
54.36582,28.29981,341.82,0.63,0.54,2020-04-05,1138,N20,VIIRS,n,2,286.51,18.92,D,0
54.36545,28.28993,337.83,0.63,0.54,2020-04-05,1138,N20,VIIRS,n,2,283.88,12.55,D,0
54.68826,29.15594,325.24,0.35,0.56,2020-04-05,1138,N20,VIIRS,n,2,284.84,1.83,D,0
55.02691,30.18166,330.42,0.38,0.59,2020-04-05,1138,N20,VIIRS,n,2,283.48,3.2,D,0
55.48266,28.59766,331.11,0.33,0.55,2020-04-05,1138,N20,VIIRS,n,2,283.2,14.21,D,0
55.48285,28.60296,356.61,0.33,0.55,2020-04-05,1138,N20,VIIRS,l,2,289.14,30.55,D,0
55.48436,28.59985,332.79,0.33,0.55,2020-04-05,1138,N20,VIIRS,n,2,292.69,27.22,D,0
55.48452,28.60516,356.16,0.33,0.55,2020-04-05,1138,N20,VIIRS,l,2,280.74,18.84,D,0
52.88287,25.78082,306.56,0.45,0.47,2020-04-05,2349,N20,VIIRS,n,2,267.36,0.97,N,0
52.88085,25.78098,304.65,0.44,0.46,2020-04-05,2349,N20,VIIRS,n,2,266.26,2.11,N,0
52.82236,25.50215,324.13,0.46,0.47,2020-04-05,2349,N20,VIIRS,n,2,265.99,3.26,N,0
52.82189,25.50897,325.8,0.46,0.47,2020-04-05,2349,N20,VIIRS,n,2,267.55,3.26,N,0
55.48508,28.59686,300.61,0.56,0.43,2020-04-05,2349,N20,VIIRS,n,2,269.94,1.07,N,0
52.36235,30.47687,327.89,0.45,0.39,2020-04-05,2349,N20,VIIRS,n,2,265.97,2.54,N,0
52.35881,30.47577,321.69,0.45,0.39,2020-04-05,2349,N20,VIIRS,n,2,265.41,2.54,N,0
53.38934,32.07491,297.21,0.42,0.38,2020-04-05,2349,N20,VIIRS,n,2,269.95,0.57,N,0
52.35526,30.47466,335.12,0.45,0.39,2020-04-05,2349,N20,VIIRS,n,2,266.31,5.1,N,0
52.35173,30.47357,342.96,0.45,0.39,2020-04-05,2349,N20,VIIRS,n,2,265.92,5.1,N,0
52.34743,30.47907,318.14,0.45,0.39,2020-04-05,2349,N20,VIIRS,n,2,266.16,1.97,N,0
53.21825,30.25491,319.18,0.47,0.4,2020-04-05,2349,N20,VIIRS,n,2,264.65,2.72,N,0
52.84851,29.99223,315.95,0.47,0.4,2020-04-05,2349,N20,VIIRS,n,2,271.74,2.08,N,2
52.64844,30.41408,315.03,0.46,0.39,2020-04-05,2349,N20,VIIRS,n,2,267.71,1.63,N,0
52.64767,30.42078,298.96,0.46,0.39,2020-04-05,2349,N20,VIIRS,n,2,268.55,1.63,N,0
52.14708,26.38807,305.72,0.41,0.45,2020-04-05,2350,N20,VIIRS,n,2,267.83,1.27,N,0
51.98904,26.80692,306.25,0.4,0.44,2020-04-05,2350,N20,VIIRS,n,2,266.24,0.81,N,0
52.02403,26.11263,336.63,0.42,0.45,2020-04-05,2350,N20,VIIRS,n,2,266.66,4.57,N,0
52.02451,26.10643,298.36,0.42,0.45,2020-04-05,2350,N20,VIIRS,n,2,264.67,1.54,N,0
52.02307,26.12502,316.08,0.42,0.45,2020-04-05,2350,N20,VIIRS,n,2,264.83,1.78,N,0
52.02212,26.1374,309.88,0.42,0.45,2020-04-05,2350,N20,VIIRS,n,2,263.63,0.97,N,0
52.42112,25.41159,304.73,0.46,0.47,2020-04-05,2350,N20,VIIRS,n,2,266.75,1.3,N,0
52.10564,28.65953,313.98,0.51,0.41,2020-04-05,2350,N20,VIIRS,n,2,266.3,1.61,N,0
52.10622,28.66011,305.12,0.51,0.41,2020-04-05,2350,N20,VIIRS,n,2,265.82,1.16,N,0
52.17976,27.17287,302.71,0.39,0.44,2020-04-05,2350,N20,VIIRS,n,2,266.96,0.88,N,0
52.14969,27.33076,333.39,0.57,0.43,2020-04-05,2350,N20,VIIRS,n,2,271.29,3.19,N,0
52.16853,27.06569,327.35,0.39,0.44,2020-04-05,2350,N20,VIIRS,n,2,267.92,2.85,N,0
52.16902,27.05997,315.17,0.39,0.44,2020-04-05,2350,N20,VIIRS,n,2,266.03,1.32,N,0
52.14572,27.32981,301.09,0.57,0.43,2020-04-05,2350,N20,VIIRS,n,2,271.04,3.19,N,0
52.10803,27.70713,323.85,0.55,0.43,2020-04-05,2350,N20,VIIRS,n,2,268.5,3.27,N,0
52.10876,27.69905,312.88,0.55,0.43,2020-04-05,2350,N20,VIIRS,n,2,266.15,3.27,N,0
52.13201,27.30087,309.73,0.57,0.43,2020-04-05,2350,N20,VIIRS,n,2,267.74,2.33,N,0
52.1305,27.30266,315.58,0.57,0.43,2020-04-05,2350,N20,VIIRS,n,2,268.13,2.61,N,0
51.88924,29.33623,312.02,0.48,0.4,2020-04-05,2350,N20,VIIRS,n,2,270.9,1.56,N,2
52.14757,26.38199,296.84,0.41,0.45,2020-04-05,2350,N20,VIIRS,n,2,267.13,1.27,N,0
52.02032,26.10554,336.32,0.42,0.45,2020-04-05,2350,N20,VIIRS,n,2,266.81,2.55,N,0
52.01615,26.10465,325.99,0.42,0.45,2020-04-05,2350,N20,VIIRS,n,2,266,2.55,N,0
52.01197,26.10375,297.84,0.42,0.45,2020-04-05,2350,N20,VIIRS,n,2,264.1,1.02,N,0
52.01585,26.10462,319.56,0.42,0.45,2020-04-05,2350,N20,VIIRS,n,2,265.83,1.83,N,0
52.01117,26.10992,296.87,0.42,0.45,2020-04-05,2350,N20,VIIRS,n,2,264.72,1.83,N,0
54.067,24.96293,296.75,0.61,0.53,2020-04-06,0129,N20,VIIRS,n,2,264.26,0.82,N,0
53.8646,25.50267,312.03,0.32,0.55,2020-04-06,0129,N20,VIIRS,n,2,267.03,0.98,N,0
53.21724,30.25902,307.71,0.5,0.66,2020-04-06,0129,N20,VIIRS,n,2,264.67,1.39,N,0
52.36048,30.47732,300.63,0.55,0.68,2020-04-06,0129,N20,VIIRS,n,2,264.29,1.05,N,0
52.35504,30.472,330.19,0.55,0.68,2020-04-06,0129,N20,VIIRS,n,2,264,3.96,N,0
52.34702,30.47375,298.06,0.56,0.68,2020-04-06,0129,N20,VIIRS,n,2,262.72,3.68,N,0
52.00927,26.10665,313.18,0.39,0.6,2020-04-06,0130,N20,VIIRS,n,2,266.45,1.41,N,0
52.0256,26.11382,304.12,0.39,0.6,2020-04-06,0130,N20,VIIRS,n,2,265.96,1.26,N,0
52.02396,26.11898,308.87,0.39,0.6,2020-04-06,0130,N20,VIIRS,n,2,263.75,1.26,N,0
52.02234,26.10454,308.64,0.39,0.6,2020-04-06,0130,N20,VIIRS,n,2,264.79,2.8,N,0
52.01581,26.10559,300.25,0.39,0.6,2020-04-06,0130,N20,VIIRS,n,2,264.55,1.6,N,0
52.02071,26.1097,316.92,0.39,0.6,2020-04-06,0130,N20,VIIRS,n,2,266.67,1.6,N,0
52.82457,25.50373,326.71,0.35,0.57,2020-04-06,0130,N20,VIIRS,n,2,266.65,2.3,N,0
52.82314,25.50842,304.02,0.35,0.57,2020-04-06,0130,N20,VIIRS,n,2,267.13,1.86,N,0
52.10949,27.70308,311.7,0.45,0.63,2020-04-06,0130,N20,VIIRS,n,2,265.95,0.89,N,0
52.41838,25.41025,298.61,0.36,0.57,2020-04-06,0130,N20,VIIRS,n,2,266.02,0.59,N,0
52.39728,25.28462,302.95,0.35,0.57,2020-04-06,0130,N20,VIIRS,n,2,267.16,0.81,N,0
52.10056,28.66553,327.14,0.41,0.61,2020-04-06,0938,N20,VIIRS,n,2,294.19,3.17,D,0
52.17706,27.60849,339.62,0.45,0.63,2020-04-06,0938,N20,VIIRS,n,2,290.25,5.35,D,0
51.98307,27.05652,334.55,0.48,0.65,2020-04-06,0938,N20,VIIRS,n,2,292.61,2.55,D,0
52.13016,27.52841,332.05,0.45,0.63,2020-04-06,0938,N20,VIIRS,n,2,289.87,1.66,D,0
52.10717,27.70091,367,0.45,0.63,2020-04-06,0938,N20,VIIRS,h,2,296.23,12.64,D,0
52.1001,27.69958,333.49,0.45,0.63,2020-04-06,0938,N20,VIIRS,n,2,292.72,3.73,D,0
52.01974,27.76167,343.86,0.45,0.63,2020-04-06,0938,N20,VIIRS,n,2,292.07,5.05,D,0
52.05979,28.00107,328.58,0.44,0.62,2020-04-06,0938,N20,VIIRS,n,2,289.59,1.9,D,0
52.10554,28.66128,327.98,0.41,0.61,2020-04-06,0938,N20,VIIRS,n,2,293.82,3.17,D,0
52.10727,28.66668,329.59,0.41,0.61,2020-04-06,0938,N20,VIIRS,n,2,294.25,3.17,D,0
52.109,28.67207,354.08,0.41,0.61,2020-04-06,0938,N20,VIIRS,n,2,292.95,8.61,D,0
51.61672,27.91947,330.27,0.46,0.63,2020-04-06,0938,N20,VIIRS,n,2,289.49,4.09,D,0
51.71268,30.41883,334.91,0.36,0.58,2020-04-06,0938,N20,VIIRS,n,2,292.08,2.67,D,0
52.02107,26.12116,338.47,0.52,0.67,2020-04-06,0939,N20,VIIRS,n,2,298.28,9.43,D,0
52.14111,27.16313,367,0.47,0.64,2020-04-06,0939,N20,VIIRS,h,2,291.47,9.66,D,0
53.6129,24.76218,352.84,0.5,0.66,2020-04-06,0939,N20,VIIRS,n,2,290.12,6.46,D,0
53.35609,25.71056,326.81,0.48,0.64,2020-04-06,0939,N20,VIIRS,n,2,287.35,3.6,D,0
53.74205,27.51929,330.03,0.4,0.6,2020-04-06,0939,N20,VIIRS,n,2,288.39,2.04,D,0
52.82637,25.81144,325.35,0.49,0.65,2020-04-06,0939,N20,VIIRS,n,2,287.7,9.57,D,0
52.82187,25.79857,367,0.49,0.65,2020-04-06,0939,N20,VIIRS,h,2,291.64,13.09,D,0
52.82412,25.805,367,0.49,0.65,2020-04-06,0939,N20,VIIRS,h,2,291.79,13.09,D,0
53.21629,30.25282,333.64,0.33,0.55,2020-04-06,0939,N20,VIIRS,n,2,277.94,2.68,D,0
52.16933,27.06669,341.37,0.47,0.64,2020-04-06,0939,N20,VIIRS,n,2,291.02,18.49,D,0
52.16413,27.07138,354.22,0.47,0.64,2020-04-06,0939,N20,VIIRS,n,2,297.56,18.49,D,0
53.61473,24.76022,349.99,0.5,0.66,2020-04-06,0939,N20,VIIRS,n,2,289.92,5.64,D,0
52.81887,25.81001,352.99,0.49,0.65,2020-04-06,0939,N20,VIIRS,n,2,291.16,8.08,D,0
52.40847,25.2835,326.89,0.54,0.68,2020-04-06,0939,N20,VIIRS,n,2,289.71,3.01,D,0
52.4285,25.42026,356.36,0.53,0.67,2020-04-06,0939,N20,VIIRS,l,2,288.04,17.19,D,0
52.16825,24.70315,352.96,0.57,0.69,2020-04-06,0939,N20,VIIRS,n,2,296.23,21.39,D,0
52.17094,24.71045,342.07,0.57,0.69,2020-04-06,0939,N20,VIIRS,n,2,288.77,15.67,D,0
52.42607,25.41347,354.25,0.53,0.67,2020-04-06,0939,N20,VIIRS,n,2,291.72,17.19,D,0
52.37667,25.39663,328.1,0.53,0.67,2020-04-06,0939,N20,VIIRS,n,2,293.83,58.15,D,0
52.37912,25.40344,367,0.53,0.67,2020-04-06,0939,N20,VIIRS,h,2,294.05,73.59,D,0
52.36882,25.39494,328.37,0.53,0.67,2020-04-06,0939,N20,VIIRS,n,2,289.88,45.7,D,0
52.36342,25.40006,367,0.53,0.67,2020-04-06,0939,N20,VIIRS,h,2,294.2,45.7,D,0
52.37677,25.396,346.6,0.53,0.67,2020-04-06,0939,N20,VIIRS,n,2,292.48,50.44,D,0
52.37919,25.40284,367,0.53,0.67,2020-04-06,0939,N20,VIIRS,h,2,299.3,50.44,D,0
52.37137,25.40114,339.32,0.53,0.67,2020-04-06,0939,N20,VIIRS,n,2,298.71,50.44,D,0
52.37381,25.40798,367,0.53,0.67,2020-04-06,0939,N20,VIIRS,h,2,296.01,50.44,D,0
52.36599,25.4063,356.5,0.53,0.67,2020-04-06,0939,N20,VIIRS,l,2,286.39,10.84,D,0
52.36357,25.39946,367,0.53,0.67,2020-04-06,0939,N20,VIIRS,h,2,293,12.56,D,0
52.5302,27.47958,326.61,0.44,0.62,2020-04-06,0939,N20,VIIRS,n,2,289.89,1.99,D,0
52.14556,26.37065,337.1,0.5,0.66,2020-04-06,0939,N20,VIIRS,n,2,290.47,13,D,0
52.52512,27.48409,325,0.44,0.62,2020-04-06,0939,N20,VIIRS,n,2,294.81,7.13,D,0
52.1478,26.37708,367,0.5,0.66,2020-04-06,0939,N20,VIIRS,h,2,295.92,13,D,0
52.52195,27.49438,353,0.44,0.62,2020-04-06,0939,N20,VIIRS,n,2,295.13,7.06,D,0
52.16619,27.07745,367,0.47,0.64,2020-04-06,0939,N20,VIIRS,h,2,301.4,22.61,D,0
52.52388,27.50017,349.18,0.44,0.62,2020-04-06,0939,N20,VIIRS,n,2,292.29,7.06,D,0
52.555,27.6134,336.96,0.43,0.62,2020-04-06,0939,N20,VIIRS,n,2,288.81,4.46,D,0
52.55687,27.61901,335.09,0.43,0.62,2020-04-06,0939,N20,VIIRS,n,2,285.74,4.46,D,0
52.02353,26.10354,334.89,0.52,0.67,2020-04-06,0939,N20,VIIRS,n,2,291.55,5.8,D,0
52.02586,26.11014,326.27,0.52,0.67,2020-04-06,0939,N20,VIIRS,n,2,288.54,5.8,D,0
52.02819,26.11673,326.06,0.52,0.67,2020-04-06,0939,N20,VIIRS,n,2,287.98,7.9,D,0
52.02049,26.11505,330.75,0.52,0.67,2020-04-06,0939,N20,VIIRS,n,2,298.79,5.8,D,0
52.02283,26.12164,343.87,0.52,0.67,2020-04-06,0939,N20,VIIRS,n,2,295.95,7.9,D,0
52.02516,26.12823,331.15,0.52,0.66,2020-04-06,0939,N20,VIIRS,n,2,293.7,7.9,D,0
52.01582,26.10185,367,0.52,0.67,2020-04-06,0939,N20,VIIRS,h,2,296.15,13.16,D,0
52.0275,26.13484,367,0.52,0.66,2020-04-06,0939,N20,VIIRS,h,2,301.46,26.13,D,0
52.01045,26.10678,353.18,0.52,0.67,2020-04-06,0939,N20,VIIRS,n,2,295.29,6.52,D,0
52.0198,26.13317,343.75,0.52,0.66,2020-04-06,0939,N20,VIIRS,n,2,296.2,13.08,D,0
52.02213,26.13975,367,0.52,0.66,2020-04-06,0939,N20,VIIRS,h,2,296.39,13.89,D,0
52.01414,26.10127,355.73,0.52,0.67,2020-04-06,0939,N20,VIIRS,n,2,294.02,4.56,D,0
52.01646,26.10793,332.68,0.52,0.67,2020-04-06,0939,N20,VIIRS,n,2,295.04,4.56,D,0
52.17139,27.07277,355.54,0.47,0.64,2020-04-06,0939,N20,VIIRS,n,2,288.63,22.61,D,0
52.02338,26.12778,326.9,0.52,0.67,2020-04-06,0939,N20,VIIRS,n,2,294.31,14.04,D,0
52.02568,26.13441,350.05,0.52,0.66,2020-04-06,0939,N20,VIIRS,n,2,305.09,14.04,D,0
52.02799,26.14104,350.56,0.52,0.66,2020-04-06,0939,N20,VIIRS,n,2,297.23,22.21,D,0
52.00878,26.10623,327.11,0.52,0.67,2020-04-06,0939,N20,VIIRS,n,2,292.05,4.56,D,0
52.01111,26.11289,331.11,0.52,0.67,2020-04-06,0939,N20,VIIRS,n,2,295.17,4.56,D,0
52.02033,26.13936,348.57,0.52,0.66,2020-04-06,0939,N20,VIIRS,n,2,295.34,14.04,D,0
53.21532,30.25329,330.74,0.33,0.55,2020-04-06,0939,N20,VIIRS,n,2,278.36,5.25,D,0
51.79866,28.80732,352.52,0.4,0.44,2020-04-06,1118,N20,VIIRS,n,2,296.35,5.26,D,0
51.61487,27.91818,335.13,0.56,0.43,2020-04-06,1118,N20,VIIRS,n,2,293.76,9.76,D,0
51.6188,27.91731,343.91,0.56,0.43,2020-04-06,1118,N20,VIIRS,n,2,297.57,9.76,D,0
51.71278,30.42303,327.32,0.47,0.47,2020-04-06,1118,N20,VIIRS,n,2,294.34,2.05,D,0
52.37173,25.39577,348.99,0.47,0.39,2020-04-06,1119,N20,VIIRS,n,2,308.34,36.32,D,0
52.10291,28.66146,332.63,0.4,0.44,2020-04-06,1119,N20,VIIRS,n,2,298.23,3.62,D,0
52.10193,28.6497,325.94,0.4,0.44,2020-04-06,1119,N20,VIIRS,l,2,297.62,2.44,D,0
52.02785,27.79156,331.88,0.56,0.43,2020-04-06,1119,N20,VIIRS,n,2,293.76,6.77,D,0
52.02492,27.75913,331.2,0.55,0.43,2020-04-06,1119,N20,VIIRS,n,2,296.04,2.9,D,0
52.00589,27.55048,335.88,0.54,0.42,2020-04-06,1119,N20,VIIRS,n,2,295.82,4.39,D,0
52.10795,28.67236,338.68,0.4,0.44,2020-04-06,1119,N20,VIIRS,n,2,291.9,23.72,D,0
52.10746,28.66648,349.74,0.4,0.44,2020-04-06,1119,N20,VIIRS,n,2,313.32,23.72,D,0
52.11203,28.6715,355.25,0.4,0.44,2020-04-06,1119,N20,VIIRS,n,2,296.67,23.72,D,0
52.11155,28.66562,345.87,0.4,0.44,2020-04-06,1119,N20,VIIRS,n,2,310.11,23.72,D,0
52.13779,28.88386,354.36,0.41,0.45,2020-04-06,1119,N20,VIIRS,n,2,306.68,24.41,D,0
51.99444,27.17749,332.78,0.53,0.42,2020-04-06,1119,N20,VIIRS,n,2,300.24,2.52,D,0
51.99576,27.17695,332.1,0.53,0.42,2020-04-06,1119,N20,VIIRS,n,2,298.24,3.91,D,0
51.99505,27.16925,332.12,0.53,0.42,2020-04-06,1119,N20,VIIRS,n,2,299.4,3.91,D,0
52.00872,27.06392,331.56,0.52,0.42,2020-04-06,1119,N20,VIIRS,n,2,299.55,4.02,D,0
52.09868,27.70086,329.45,0.55,0.43,2020-04-06,1119,N20,VIIRS,l,2,300.45,5.25,D,0
52.1026,27.69995,342.23,0.55,0.43,2020-04-06,1119,N20,VIIRS,n,2,297.41,5.25,D,0
52.10652,27.69904,352.29,0.55,0.43,2020-04-06,1119,N20,VIIRS,n,2,302.97,11.31,D,0
52.11043,27.69813,330.83,0.55,0.43,2020-04-06,1119,N20,VIIRS,n,2,296.58,11.31,D,0
52.33983,30.47189,351.73,0.48,0.48,2020-04-06,1119,N20,VIIRS,n,2,293.13,11.85,D,0
52.34378,30.46408,340.17,0.48,0.48,2020-04-06,1119,N20,VIIRS,n,2,292.6,11.85,D,0
52.12533,27.38459,335.17,0.54,0.42,2020-04-06,1119,N20,VIIRS,n,2,301.16,5.03,D,0
52.00937,26.10789,355.43,0.49,0.4,2020-04-06,1119,N20,VIIRS,n,2,302.78,7.6,D,0
52.13498,27.48694,332.04,0.54,0.42,2020-04-06,1119,N20,VIIRS,n,2,294.51,71.81,D,0
52.12576,27.38389,327.38,0.54,0.42,2020-04-06,1119,N20,VIIRS,l,2,300.03,5.86,D,0
52.13427,27.47898,309.24,0.54,0.42,2020-04-06,1119,N20,VIIRS,l,2,324.47,71.81,D,0
52.0074,26.10713,341.13,0.49,0.4,2020-04-06,1119,N20,VIIRS,n,2,298.03,8.15,D,0
52.01108,26.10614,345.35,0.49,0.4,2020-04-06,1119,N20,VIIRS,n,2,305.33,8.15,D,0
52.01475,26.10514,333.88,0.49,0.4,2020-04-06,1119,N20,VIIRS,n,2,300.92,9.1,D,0
52.01403,26.09808,330.08,0.49,0.4,2020-04-06,1119,N20,VIIRS,n,2,301.18,9.1,D,0
52.02132,26.13248,335.64,0.49,0.4,2020-04-06,1119,N20,VIIRS,n,2,302.66,5.36,D,0
52.01843,26.10415,332.32,0.49,0.4,2020-04-06,1119,N20,VIIRS,n,2,300.26,9.1,D,0
52.01771,26.09708,341.07,0.49,0.4,2020-04-06,1119,N20,VIIRS,n,2,302.1,9.1,D,0
52.02356,26.11733,333.91,0.49,0.4,2020-04-06,1119,N20,VIIRS,l,2,304.06,14.91,D,0
52.02724,26.11633,331.46,0.49,0.4,2020-04-06,1119,N20,VIIRS,n,2,296.93,14.91,D,0
52.01494,25.9965,339.04,0.48,0.4,2020-04-06,1119,N20,VIIRS,n,2,299.11,8.65,D,0
52.01421,25.98948,330.58,0.48,0.4,2020-04-06,1119,N20,VIIRS,n,2,297.19,3.21,D,0
52.17756,27.60777,329.62,0.55,0.43,2020-04-06,1119,N20,VIIRS,n,2,295.78,5.41,D,0
52.14111,27.16437,345.76,0.53,0.42,2020-04-06,1119,N20,VIIRS,n,2,298.04,11.26,D,0
52.14039,27.15663,328.94,0.53,0.42,2020-04-06,1119,N20,VIIRS,n,2,296.22,11.26,D,0
52.14495,27.16342,340.29,0.53,0.42,2020-04-06,1119,N20,VIIRS,n,2,294.05,11.26,D,0
52.16595,27.09501,343.72,0.53,0.42,2020-04-06,1119,N20,VIIRS,n,2,295.49,78.51,D,0
52.16449,27.07961,353.6,0.53,0.42,2020-04-06,1119,N20,VIIRS,n,2,304.85,24.56,D,0
52.16376,27.07191,338.37,0.53,0.42,2020-04-06,1119,N20,VIIRS,n,2,299.58,24.56,D,0
52.16905,27.08637,343.37,0.53,0.42,2020-04-06,1119,N20,VIIRS,n,2,308.28,78.51,D,0
52.16685,27.06328,343.05,0.52,0.42,2020-04-06,1119,N20,VIIRS,n,2,300.51,5.69,D,0
52.17141,27.07003,333.86,0.53,0.42,2020-04-06,1119,N20,VIIRS,n,2,299.03,7.79,D,0
52.42599,29.74311,341.11,0.45,0.47,2020-04-06,1119,N20,VIIRS,n,2,295.92,9.74,D,0
52.4255,29.73649,330.9,0.44,0.46,2020-04-06,1119,N20,VIIRS,n,2,294.59,9.74,D,0
52.14176,26.38059,327.6,0.5,0.41,2020-04-06,1119,N20,VIIRS,n,2,294.59,7.29,D,0
52.14548,26.37962,367,0.5,0.41,2020-04-06,1119,N20,VIIRS,h,2,298.15,7.29,D,0
52.14473,26.37236,344.49,0.5,0.41,2020-04-06,1119,N20,VIIRS,n,2,300.19,7.29,D,0
52.14218,26.3798,328.42,0.5,0.41,2020-04-06,1119,N20,VIIRS,n,2,295.05,7.5,D,0
52.14146,26.37253,329.95,0.5,0.41,2020-04-06,1119,N20,VIIRS,n,2,293.11,8.07,D,0
52.1459,26.37882,367,0.5,0.41,2020-04-06,1119,N20,VIIRS,h,2,299.17,7.5,D,0
52.42781,29.74127,347.45,0.45,0.47,2020-04-06,1119,N20,VIIRS,n,2,297.03,14.4,D,0
52.14518,26.37155,347.95,0.5,0.41,2020-04-06,1119,N20,VIIRS,n,2,302.27,8.07,D,0
52.15034,26.38511,340.37,0.5,0.41,2020-04-06,1119,N20,VIIRS,n,2,298.68,8.7,D,0
52.1489,26.37057,344.27,0.5,0.41,2020-04-06,1119,N20,VIIRS,n,2,304.85,22.85,D,0
52.15335,26.37685,343.23,0.5,0.41,2020-04-06,1119,N20,VIIRS,n,2,295.43,8.7,D,0
52.15263,26.36959,325.71,0.5,0.41,2020-04-06,1119,N20,VIIRS,l,2,298.83,22.85,D,0
52.08275,25.34095,332.2,0.46,0.39,2020-04-06,1119,N20,VIIRS,n,2,294,2.33,D,0
52.09624,25.2956,335.78,0.46,0.39,2020-04-06,1119,N20,VIIRS,n,2,297.04,3.12,D,0
52.10818,24.70148,326.36,0.44,0.39,2020-04-06,1119,N20,VIIRS,n,2,298.95,2.61,D,0
52.16665,24.70386,336.03,0.44,0.39,2020-04-06,1119,N20,VIIRS,n,2,296.56,5.27,D,0
52.19321,24.75476,339.34,0.45,0.39,2020-04-06,1119,N20,VIIRS,n,2,295.88,11.03,D,0
52.33607,26.01628,339.81,0.49,0.4,2020-04-06,1119,N20,VIIRS,n,2,297.21,5.48,D,0
52.31356,25.68939,330.82,0.47,0.4,2020-04-06,1119,N20,VIIRS,n,2,293.16,3.68,D,0
52.523,27.4775,345.82,0.55,0.43,2020-04-06,1119,N20,VIIRS,n,2,296.24,6.46,D,0
52.52691,27.47657,336.47,0.55,0.43,2020-04-06,1119,N20,VIIRS,n,2,296.75,6.46,D,0
52.36071,25.39926,340.74,0.47,0.39,2020-04-06,1119,N20,VIIRS,n,2,296.93,4.69,D,0
52.36506,25.40505,354.95,0.47,0.39,2020-04-06,1119,N20,VIIRS,n,2,296.44,19.41,D,0
52.36431,25.39823,350.78,0.47,0.39,2020-04-06,1119,N20,VIIRS,n,2,299.57,4.69,D,0
52.36356,25.39142,329.05,0.47,0.39,2020-04-06,1119,N20,VIIRS,n,2,294.72,4.69,D,0
52.36092,25.39888,346.08,0.47,0.39,2020-04-06,1119,N20,VIIRS,n,2,297.72,6.35,D,0
52.36524,25.40468,354.81,0.47,0.39,2020-04-06,1119,N20,VIIRS,n,2,296.44,16.06,D,0
52.36452,25.39784,349.53,0.47,0.39,2020-04-06,1119,N20,VIIRS,n,2,298.75,16.06,D,0
52.36379,25.39101,330.16,0.47,0.39,2020-04-06,1119,N20,VIIRS,n,2,295.06,13.89,D,0
52.36812,25.39681,344.61,0.47,0.39,2020-04-06,1119,N20,VIIRS,n,2,301.42,16.06,D,0
52.37679,25.40841,349.42,0.47,0.39,2020-04-06,1119,N20,VIIRS,n,2,298.03,53.18,D,0
52.37533,25.39474,351.42,0.47,0.39,2020-04-06,1119,N20,VIIRS,n,2,302.01,36.32,D,0
52.38113,25.41422,330.32,0.47,0.39,2020-04-06,1119,N20,VIIRS,n,2,293.51,4.91,D,0
52.3804,25.40738,339.87,0.47,0.39,2020-04-06,1119,N20,VIIRS,n,2,295.14,4.91,D,0
52.37893,25.39371,345.54,0.47,0.39,2020-04-06,1119,N20,VIIRS,n,2,301.24,42.28,D,0
52.38474,25.41319,330.17,0.47,0.39,2020-04-06,1119,N20,VIIRS,n,2,292.46,4.91,D,0
52.384,25.40635,329.62,0.47,0.39,2020-04-06,1119,N20,VIIRS,n,2,294.92,4.91,D,0
52.38327,25.39951,330.51,0.47,0.39,2020-04-06,1119,N20,VIIRS,n,2,291.99,42.28,D,0
52.38761,25.40532,345.33,0.47,0.39,2020-04-06,1119,N20,VIIRS,n,2,302.99,163.19,D,0
52.38688,25.39848,350.09,0.47,0.39,2020-04-06,1119,N20,VIIRS,n,2,300.9,94.06,D,0
52.38614,25.39164,307.94,0.47,0.39,2020-04-06,1119,N20,VIIRS,l,2,311.19,94.06,D,0
52.38975,25.39061,307.73,0.47,0.39,2020-04-06,1119,N20,VIIRS,l,2,308.2,94.06,D,0
52.39408,25.39641,333.21,0.47,0.39,2020-04-06,1119,N20,VIIRS,l,2,304.4,77.13,D,0
52.40747,25.28019,338.57,0.46,0.39,2020-04-06,1119,N20,VIIRS,n,2,298.96,6.36,D,0
52.42589,25.41553,346.26,0.47,0.4,2020-04-06,1119,N20,VIIRS,n,2,291.05,11.49,D,0
52.42515,25.40868,343.9,0.47,0.39,2020-04-06,1119,N20,VIIRS,n,2,296.72,11.49,D,0
52.41032,25.27237,326.23,0.46,0.39,2020-04-06,1119,N20,VIIRS,l,2,296.44,10,D,0
52.4295,25.4145,353.46,0.47,0.4,2020-04-06,1119,N20,VIIRS,n,2,295.74,11.49,D,0
52.42876,25.40764,346.58,0.47,0.39,2020-04-06,1119,N20,VIIRS,n,2,292.12,11.49,D,0
52.43311,25.41347,351.93,0.47,0.4,2020-04-06,1119,N20,VIIRS,n,2,301.37,53.87,D,0
52.43237,25.40661,339.17,0.47,0.39,2020-04-06,1119,N20,VIIRS,n,2,308.8,53.87,D,0
52.43671,25.41243,330.63,0.47,0.4,2020-04-06,1119,N20,VIIRS,n,2,297.72,53.87,D,0
52.32061,23.63463,325.12,0.42,0.38,2020-04-06,1119,N20,VIIRS,l,2,296.98,2.36,D,0
52.5066,25.2001,331.69,0.46,0.39,2020-04-06,1119,N20,VIIRS,n,2,295.03,1.38,D,0
52.63255,26.17947,328.27,0.5,0.41,2020-04-06,1119,N20,VIIRS,n,2,295.67,4.67,D,0
52.98751,29.46156,334.33,0.44,0.46,2020-04-06,1119,N20,VIIRS,n,2,285.45,2.4,D,0
52.82174,26.97163,348.1,0.53,0.42,2020-04-06,1119,N20,VIIRS,n,2,290.84,46.27,D,0
52.82099,26.96374,330.61,0.53,0.42,2020-04-06,1119,N20,VIIRS,n,2,297.03,8.1,D,0
52.82557,26.97067,342.05,0.53,0.42,2020-04-06,1119,N20,VIIRS,n,2,303.8,46.27,D,0
52.82483,26.96279,351.52,0.53,0.42,2020-04-06,1119,N20,VIIRS,n,2,298.36,8.1,D,0
52.82408,26.95492,352.99,0.53,0.42,2020-04-06,1119,N20,VIIRS,n,2,297.49,8.1,D,0
52.82166,25.8138,325.45,0.49,0.4,2020-04-06,1119,N20,VIIRS,n,2,294.09,3.71,D,0
52.82016,25.79943,332.27,0.48,0.4,2020-04-06,1119,N20,VIIRS,n,2,294.22,141.46,D,0
52.85365,25.84948,348.02,0.49,0.4,2020-04-06,1119,N20,VIIRS,n,2,303.36,14.32,D,0
52.85291,25.84226,327.98,0.49,0.4,2020-04-06,1119,N20,VIIRS,l,2,298.49,6.53,D,0
52.78896,24.82177,330.01,0.45,0.39,2020-04-06,1119,N20,VIIRS,n,2,293.01,3.23,D,0
53.02674,25.82284,327.79,0.49,0.4,2020-04-06,1119,N20,VIIRS,n,2,293.36,2.48,D,0
53.34983,27.59815,327.51,0.57,0.43,2020-04-06,1119,N20,VIIRS,n,2,291.69,4.7,D,0
53.52484,28.27833,327.49,0.4,0.44,2020-04-06,1119,N20,VIIRS,n,2,288.56,4.31,D,0
53.52436,28.27228,341.07,0.4,0.44,2020-04-06,1119,N20,VIIRS,n,2,292.41,4.31,D,0
53.52844,28.27137,332.74,0.4,0.44,2020-04-06,1119,N20,VIIRS,n,2,290.37,3.4,D,0
53.61705,24.75975,335.65,0.46,0.39,2020-04-06,1119,N20,VIIRS,n,2,293.92,3.89,D,0
53.72011,25.56337,325.51,0.49,0.4,2020-04-06,1119,N20,VIIRS,n,2,291.05,3.64,D,0
53.71936,25.556,336.22,0.49,0.4,2020-04-06,1119,N20,VIIRS,n,2,295.77,3.64,D,0
53.85391,25.82507,333.71,0.5,0.41,2020-04-06,1119,N20,VIIRS,n,2,293.6,4.81,D,0
53.85764,25.82403,346.78,0.5,0.41,2020-04-06,1119,N20,VIIRS,n,2,293.19,4.81,D,0
53.85689,25.81645,333.35,0.5,0.41,2020-04-06,1119,N20,VIIRS,n,2,291.72,4.81,D,0
53.8658,25.79059,337.13,0.5,0.41,2020-04-06,1119,N20,VIIRS,n,2,293.19,10,D,0
54.18887,28.53844,352.16,0.42,0.45,2020-04-06,1119,N20,VIIRS,n,2,291.09,19.59,D,0
54.26997,28.539,327.4,0.42,0.45,2020-04-06,1119,N20,VIIRS,n,2,284.52,4.56,D,0
54.87391,28.88008,325.46,0.44,0.46,2020-04-06,1119,N20,VIIRS,n,2,283.92,2.41,D,0
51.90644,26.91154,342.1,0.52,0.41,2020-04-06,1119,N20,VIIRS,n,2,294.63,6.85,D,0
51.87536,26.59343,330.8,0.5,0.41,2020-04-06,1119,N20,VIIRS,n,2,295.47,2.62,D,0
52.09882,28.6623,340.1,0.4,0.44,2020-04-06,1119,N20,VIIRS,n,2,297.19,3.62,D,0
52.021,27.76004,326.53,0.55,0.43,2020-04-06,1119,N20,VIIRS,n,2,296.33,2.9,D,0
53.2075,31.85715,310.08,0.4,0.44,2020-04-06,2330,N20,VIIRS,n,2,269.46,1.42,N,0
53.30124,30.61684,301.78,0.45,0.47,2020-04-06,2330,N20,VIIRS,n,2,266.82,1.08,N,0
53.10178,31.89309,315.04,0.4,0.44,2020-04-06,2330,N20,VIIRS,n,2,269.72,1.73,N,0
53.2178,30.2389,308.88,0.46,0.47,2020-04-06,2330,N20,VIIRS,n,2,271.52,0.83,N,0
53.16514,30.89861,295.52,0.43,0.46,2020-04-06,2330,N20,VIIRS,n,2,267.47,0.46,N,0
53.27378,24.44432,298.3,0.4,0.6,2020-04-06,2330,N20,VIIRS,n,2,272.68,1.14,N,2
53.26249,24.44968,296.32,0.4,0.6,2020-04-06,2330,N20,VIIRS,n,2,277.64,0.58,N,2
52.84954,29.99229,312.58,0.47,0.48,2020-04-06,2330,N20,VIIRS,n,2,273.22,1.78,N,2
52.84552,29.99246,313.8,0.47,0.48,2020-04-06,2330,N20,VIIRS,n,2,271.48,1.17,N,2
52.67061,31.06647,313.96,0.42,0.45,2020-04-06,2330,N20,VIIRS,n,2,267.44,1.31,N,0
52.67013,31.07275,306.81,0.42,0.45,2020-04-06,2330,N20,VIIRS,n,2,266.88,1.58,N,0
52.85845,25.9664,308.15,0.34,0.56,2020-04-06,2330,N20,VIIRS,n,2,267.48,1.31,N,0
52.85828,25.97161,303.59,0.34,0.56,2020-04-06,2330,N20,VIIRS,n,2,267.06,0.94,N,0
52.8534,25.96065,367,0.34,0.56,2020-04-06,2330,N20,VIIRS,h,2,270.75,4.32,N,0
52.85323,25.96586,323.14,0.34,0.56,2020-04-06,2330,N20,VIIRS,n,2,268.2,4.32,N,0
52.85357,25.95544,311.95,0.34,0.56,2020-04-06,2330,N20,VIIRS,n,2,264.74,3.43,N,0
52.82174,26.12824,302.42,0.34,0.56,2020-04-06,2330,N20,VIIRS,n,2,267.18,0.65,N,0
52.82101,26.1276,305.4,0.34,0.56,2020-04-06,2330,N20,VIIRS,n,2,267.71,0.49,N,0
53.39577,32.01194,298.36,0.4,0.44,2020-04-06,2330,N20,VIIRS,n,2,275.05,0.71,N,2
53.28769,31.57288,298.54,0.41,0.45,2020-04-06,2330,N20,VIIRS,n,2,266.72,0.86,N,0
53.28357,31.57194,303.89,0.41,0.45,2020-04-06,2330,N20,VIIRS,n,2,268.23,0.86,N,0
52.14941,26.39127,316.66,0.33,0.55,2020-04-06,2331,N20,VIIRS,n,2,269.36,1.36,N,0
52.14431,26.39069,298.28,0.33,0.55,2020-04-06,2331,N20,VIIRS,n,2,268.04,0.67,N,0
52.02501,27.9042,302.08,0.56,0.52,2020-04-06,2331,N20,VIIRS,n,2,269.85,1.07,N,0
52.017,27.41913,334.04,0.59,0.53,2020-04-06,2331,N20,VIIRS,n,2,269.08,5.66,N,0
52.00587,27.34739,295.5,0.59,0.53,2020-04-06,2331,N20,VIIRS,n,2,269.11,0.57,N,0
52.36402,30.45557,323.2,0.44,0.46,2020-04-06,2331,N20,VIIRS,n,2,270.42,1.55,N,0
52.35975,30.45471,308.65,0.44,0.46,2020-04-06,2331,N20,VIIRS,n,2,269.81,1.38,N,0
52.35926,30.46126,296.82,0.44,0.46,2020-04-06,2331,N20,VIIRS,n,2,269.21,1.25,N,0
52.35548,30.45384,308.56,0.44,0.46,2020-04-06,2331,N20,VIIRS,n,2,273.69,1.38,N,3
52.3262,30.19938,316.83,0.45,0.47,2020-04-06,2331,N20,VIIRS,n,2,268.82,2.14,N,0
52.42778,25.38383,296.28,0.36,0.58,2020-04-06,2331,N20,VIIRS,n,2,269,0.87,N,0
52.4276,25.38925,307.35,0.36,0.58,2020-04-06,2331,N20,VIIRS,n,2,270.05,1.92,N,0
52.39627,25.36468,308.98,0.36,0.58,2020-04-06,2331,N20,VIIRS,n,2,273.72,1.31,N,0
52.39093,25.36419,349.77,0.36,0.58,2020-04-06,2331,N20,VIIRS,n,2,271.44,3.01,N,0
52.38906,25.42369,303.13,0.36,0.57,2020-04-06,2331,N20,VIIRS,n,2,268.56,0.87,N,0
52.38542,25.36913,314.85,0.36,0.58,2020-04-06,2331,N20,VIIRS,n,2,268.83,3.01,N,0
52.38525,25.37455,297.41,0.36,0.58,2020-04-06,2331,N20,VIIRS,n,2,270.15,1.28,N,0
52.37975,25.37948,302.47,0.36,0.58,2020-04-06,2331,N20,VIIRS,n,2,271.08,0.97,N,0
52.37441,25.37899,298.12,0.36,0.58,2020-04-06,2331,N20,VIIRS,n,2,270.64,0.97,N,0
52.36907,25.3785,302.1,0.36,0.58,2020-04-06,2331,N20,VIIRS,n,2,268.94,0.99,N,0
52.3689,25.38391,308.81,0.36,0.58,2020-04-06,2331,N20,VIIRS,n,2,268.14,1.59,N,0
52.14507,28.88646,296.26,0.51,0.49,2020-04-06,2331,N20,VIIRS,n,2,268.84,1.1,N,0
52.15442,26.85222,310.62,0.62,0.54,2020-04-06,2331,N20,VIIRS,n,2,265.36,2.15,N,0
52.14167,27.15331,297.74,0.61,0.53,2020-04-06,2331,N20,VIIRS,n,2,268.48,1.2,N,0
52.15466,26.85589,309.18,0.62,0.54,2020-04-06,2331,N20,VIIRS,n,2,265.55,2.18,N,0
51.888,26.12054,318.12,0.33,0.56,2020-04-06,2331,N20,VIIRS,n,2,268.05,1.67,N,0
51.89135,26.12356,317.68,0.33,0.56,2020-04-06,2331,N20,VIIRS,n,2,269.95,1.42,N,0
53.4685,30.29751,296.56,0.33,0.56,2020-04-07,0110,N20,VIIRS,n,2,266.12,0.58,N,0
53.30321,30.61803,299.61,0.35,0.56,2020-04-07,0110,N20,VIIRS,n,2,268.79,0.64,N,0
53.28613,31.57026,298.13,0.38,0.58,2020-04-07,0110,N20,VIIRS,n,2,266.94,0.64,N,0
53.28741,31.57369,300.66,0.38,0.59,2020-04-07,0110,N20,VIIRS,n,2,266.93,0.5,N,0
52.36061,30.4561,300.31,0.37,0.58,2020-04-07,0111,N20,VIIRS,n,2,268.52,0.91,N,0
52.3253,30.20478,309.27,0.36,0.58,2020-04-07,0111,N20,VIIRS,n,2,268.06,1.02,N,0
53.27124,24.44288,304.2,0.41,0.45,2020-04-07,0111,N20,VIIRS,n,2,273.99,1.02,N,2
53.26074,24.44919,303.34,0.41,0.45,2020-04-07,0111,N20,VIIRS,n,2,276.47,1.25,N,2
52.85256,25.95624,338.73,0.48,0.48,2020-04-07,0111,N20,VIIRS,n,2,267.38,6.92,N,0
52.85083,25.96284,347.92,0.48,0.48,2020-04-07,0111,N20,VIIRS,n,2,269.23,6.92,N,0
52.01632,27.41475,319.05,0.58,0.52,2020-04-07,0111,N20,VIIRS,n,2,267.32,3.16,N,0
52.01414,27.42252,316.59,0.58,0.52,2020-04-07,0111,N20,VIIRS,n,2,268.82,3.44,N,0
52.42611,25.38141,333.27,0.47,0.48,2020-04-07,0111,N20,VIIRS,n,2,270.85,3.48,N,0
52.42445,25.38783,295.19,0.47,0.48,2020-04-07,0111,N20,VIIRS,n,2,267.94,2.04,N,0
52.39192,25.36538,329.36,0.47,0.48,2020-04-07,0111,N20,VIIRS,n,2,271.72,7.42,N,0
52.39359,25.35896,304.58,0.47,0.48,2020-04-07,0111,N20,VIIRS,n,2,268.36,3.66,N,0
52.38785,25.36258,355.1,0.47,0.48,2020-04-07,0111,N20,VIIRS,n,2,274.08,7.42,N,0
52.38618,25.36901,323.62,0.47,0.48,2020-04-07,0111,N20,VIIRS,n,2,269.72,7.42,N,0
52.38451,25.37543,302.05,0.47,0.48,2020-04-07,0111,N20,VIIRS,n,2,269.46,1.42,N,0
52.38044,25.37263,328.99,0.47,0.48,2020-04-07,0111,N20,VIIRS,n,2,269.58,2.3,N,0
52.37877,25.37906,304.84,0.47,0.48,2020-04-07,0111,N20,VIIRS,n,2,269.69,2.3,N,0
52.36832,25.37876,305.16,0.47,0.48,2020-04-07,0111,N20,VIIRS,n,2,268.05,1.13,N,0
52.36895,25.37989,308.97,0.47,0.48,2020-04-07,0111,N20,VIIRS,n,2,268.6,1.38,N,0
52.37469,25.37626,322.69,0.47,0.48,2020-04-07,0111,N20,VIIRS,n,2,269.07,2.3,N,0
53.22345,30.2488,300.28,0.34,0.56,2020-04-07,0111,N20,VIIRS,n,2,268.53,0.88,N,0
53.22025,30.2402,302.2,0.34,0.56,2020-04-07,0111,N20,VIIRS,n,2,271.28,0.88,N,0
52.84534,29.98989,327.62,0.34,0.56,2020-04-07,0111,N20,VIIRS,n,2,273.07,2.47,N,2
55.49425,29.62362,333.05,0.42,0.61,2020-04-07,0920,N20,VIIRS,n,2,288.07,2.78,D,0
51.91417,29.49603,367,0.59,0.7,2020-04-07,0920,N20,VIIRS,h,2,293.51,33.67,D,0
51.91143,29.48863,367,0.59,0.7,2020-04-07,0920,N20,VIIRS,h,2,296.7,22.5,D,3
51.91974,29.49068,367,0.59,0.7,2020-04-07,0920,N20,VIIRS,h,2,297.94,33.67,D,0
51.91704,29.48338,334.56,0.59,0.7,2020-04-07,0920,N20,VIIRS,n,2,291.47,22.5,D,0
52.35783,30.4618,326.08,0.52,0.67,2020-04-07,0920,N20,VIIRS,n,2,294.1,6.19,D,0
52.35546,30.45513,328.94,0.52,0.67,2020-04-07,0920,N20,VIIRS,n,2,292.91,4.75,D,0
52.36318,30.45675,340.21,0.52,0.67,2020-04-07,0920,N20,VIIRS,n,2,293.81,6.19,D,0
53.10307,32.16077,328.61,0.42,0.61,2020-04-07,0920,N20,VIIRS,n,2,292.51,8.19,D,0
53.10123,32.1552,334.55,0.42,0.61,2020-04-07,0920,N20,VIIRS,n,2,291.22,5.46,D,0
52.62543,30.75267,327.5,0.5,0.65,2020-04-07,0920,N20,VIIRS,n,2,292.24,1.97,D,0
53.1062,32.15064,348.94,0.42,0.61,2020-04-07,0920,N20,VIIRS,n,2,291.44,5.46,D,0
52.65219,30.42013,346.91,0.51,0.66,2020-04-07,0920,N20,VIIRS,n,2,291.3,8.42,D,0
52.65447,30.41979,326.68,0.51,0.66,2020-04-07,0920,N20,VIIRS,n,2,290.9,6.33,D,0
52.65214,30.41325,344.88,0.51,0.66,2020-04-07,0920,N20,VIIRS,n,2,292.74,7.42,D,0
52.11075,28.65731,331.59,0.62,0.71,2020-04-07,0920,N20,VIIRS,n,2,297.24,3.72,D,0
52.58905,29.79482,336.73,0.54,0.68,2020-04-07,0920,N20,VIIRS,n,2,295.15,4.78,D,0
52.58858,29.79596,332.5,0.54,0.68,2020-04-07,0920,N20,VIIRS,n,2,295.18,4.48,D,0
53.28339,31.58792,350.04,0.44,0.62,2020-04-07,0920,N20,VIIRS,n,2,288.36,5.83,D,0
52.27028,28.67023,367,0.61,0.71,2020-04-07,0920,N20,VIIRS,h,2,301.54,20.62,D,0
52.27215,28.67247,367,0.61,0.71,2020-04-07,0920,N20,VIIRS,h,2,297.3,10.62,D,0
52.26926,28.66488,328.72,0.61,0.71,2020-04-07,0920,N20,VIIRS,n,2,295.28,10.62,D,0
53.15975,30.90302,341.3,0.47,0.64,2020-04-07,0920,N20,VIIRS,n,2,288.63,5.34,D,0
53.16488,30.89809,328.98,0.47,0.64,2020-04-07,0920,N20,VIIRS,n,2,290.58,3.79,D,0
51.99637,27.66955,337.62,0.68,0.74,2020-04-07,0920,N20,VIIRS,n,2,293.41,8.82,D,0
52.0162,27.63736,327.19,0.68,0.74,2020-04-07,0920,N20,VIIRS,n,2,295.29,4.81,D,0
51.99957,27.66922,343.14,0.68,0.74,2020-04-07,0920,N20,VIIRS,n,2,293.45,6.57,D,0
52.995,30.0409,355.09,0.51,0.66,2020-04-07,0920,N20,VIIRS,n,2,291.49,7.44,D,0
51.87896,26.88708,331.66,0.73,0.76,2020-04-07,0920,N20,VIIRS,n,2,294.39,4.69,D,0
52.1308,27.49825,328.67,0.68,0.74,2020-04-07,0920,N20,VIIRS,n,2,293.88,9.32,D,0
52.12056,27.38952,367,0.68,0.74,2020-04-07,0920,N20,VIIRS,h,2,293,10.6,D,0
53.30873,30.58541,327.78,0.47,0.64,2020-04-07,0920,N20,VIIRS,n,2,289.63,2.61,D,0
53.77137,31.90124,341.27,0.41,0.6,2020-04-07,0920,N20,VIIRS,n,2,291.43,5.22,D,0
52.13179,27.29352,367,0.69,0.74,2020-04-07,0920,N20,VIIRS,h,2,293.69,20.24,D,0
52.12843,27.28494,336.56,0.69,0.74,2020-04-07,0920,N20,VIIRS,n,2,292.22,14.82,D,0
53.23425,30.25128,367,0.49,0.65,2020-04-07,0920,N20,VIIRS,h,2,291.46,22.58,D,0
53.23183,30.25344,367,0.49,0.65,2020-04-07,0920,N20,VIIRS,h,2,292.22,18.98,D,0
53.22958,30.24709,327.13,0.49,0.65,2020-04-07,0920,N20,VIIRS,n,2,289.53,13.2,D,0
52.13433,27.29377,328.76,0.69,0.74,2020-04-07,0920,N20,VIIRS,n,2,291.57,13.47,D,0
52.13093,27.28522,355.42,0.69,0.74,2020-04-07,0920,N20,VIIRS,n,2,295.56,13.47,D,0
52.12259,27.09888,330.63,0.7,0.75,2020-04-07,0920,N20,VIIRS,n,2,291.99,7.82,D,0
53.81006,31.61019,329.12,0.42,0.61,2020-04-07,0920,N20,VIIRS,n,2,291.34,2.96,D,0
53.86054,31.62873,348.72,0.41,0.61,2020-04-07,0920,N20,VIIRS,n,2,291.01,6.15,D,0
53.9734,31.42632,329.41,0.42,0.61,2020-04-07,0920,N20,VIIRS,n,2,289.69,3.94,D,0
53.71649,30.30566,335.84,0.47,0.64,2020-04-07,0920,N20,VIIRS,n,2,292.52,5.12,D,0
54.15248,31.48205,331.14,0.41,0.61,2020-04-07,0920,N20,VIIRS,n,2,291.17,3.16,D,0
54.1527,31.4841,337.81,0.41,0.61,2020-04-07,0920,N20,VIIRS,n,2,291.18,4.88,D,0
54.17589,31.12917,367,0.42,0.61,2020-04-07,0920,N20,VIIRS,h,2,295.91,18.02,D,0
54.17778,31.13478,327.99,0.42,0.61,2020-04-07,0920,N20,VIIRS,n,2,289.51,8,D,0
54.41865,31.16096,367,0.41,0.61,2020-04-07,0920,N20,VIIRS,h,2,290.06,12.15,D,0
54.41681,31.15544,352.65,0.41,0.61,2020-04-07,0920,N20,VIIRS,n,2,293.89,12.15,D,0
52.36798,25.37942,339.7,0.78,0.78,2020-04-07,0920,N20,VIIRS,n,2,294.46,11.98,D,0
52.37394,25.37275,367,0.78,0.78,2020-04-07,0920,N20,VIIRS,h,2,294.43,11.98,D,0
52.3799,25.36607,367,0.78,0.78,2020-04-07,0920,N20,VIIRS,h,2,295.03,15.61,D,0
52.38586,25.35939,356.55,0.78,0.78,2020-04-07,0920,N20,VIIRS,n,2,293.27,15.61,D,0
52.38279,25.42404,335.28,0.78,0.78,2020-04-07,0920,N20,VIIRS,n,2,292.81,4.99,D,0
52.3726,25.37905,336.87,0.78,0.78,2020-04-07,0920,N20,VIIRS,n,2,292.69,12.68,D,0
52.36855,25.36942,350.8,0.78,0.78,2020-04-07,0920,N20,VIIRS,n,2,295,12.68,D,0
52.37858,25.37242,367,0.78,0.78,2020-04-07,0920,N20,VIIRS,h,2,293.79,12.68,D,0
53.51147,28.19859,339.25,0.56,0.69,2020-04-07,0920,N20,VIIRS,n,2,292.24,6.09,D,0
52.38455,25.36578,332.79,0.78,0.78,2020-04-07,0920,N20,VIIRS,n,2,290.32,11.56,D,0
52.3805,25.35616,335.18,0.78,0.78,2020-04-07,0920,N20,VIIRS,n,2,292.69,11.56,D,0
52.39052,25.35914,367,0.78,0.78,2020-04-07,0920,N20,VIIRS,h,2,295.06,11.56,D,0
52.38648,25.34951,348.6,0.78,0.78,2020-04-07,0920,N20,VIIRS,n,2,293.32,11.56,D,0
52.39647,25.35245,356.37,0.78,0.78,2020-04-07,0920,N20,VIIRS,l,2,287.32,12.41,D,3
54.24866,29.59104,340.99,0.47,0.64,2020-04-07,0920,N20,VIIRS,n,2,289.6,4.37,D,0
54.2477,29.59202,343.48,0.47,0.64,2020-04-07,0920,N20,VIIRS,n,2,288.86,4.33,D,0
54.63079,30.31565,331.54,0.43,0.62,2020-04-07,0920,N20,VIIRS,n,2,288.29,2.18,D,0
53.23374,26.10729,328.3,0.68,0.74,2020-04-07,0920,N20,VIIRS,n,2,291.6,4.5,D,0
54.33291,28.57068,328.52,0.51,0.66,2020-04-07,0920,N20,VIIRS,n,2,289.89,3.45,D,0
53.47646,25.914,329.26,0.68,0.74,2020-04-07,0920,N20,VIIRS,n,2,289.86,4,D,0
55.3538,29.32442,346.76,0.44,0.62,2020-04-07,0920,N20,VIIRS,n,2,289.74,6.18,D,0
53.80541,25.21036,335.37,0.69,0.74,2020-04-07,0920,N20,VIIRS,n,2,291.34,5.39,D,0
55.48907,29.62164,345.81,0.42,0.61,2020-04-07,0920,N20,VIIRS,n,2,289.34,4.07,D,0
55.49594,29.62236,331.02,0.42,0.61,2020-04-07,0920,N20,VIIRS,n,2,288.18,4.07,D,0
55.58792,29.66514,338.15,0.42,0.61,2020-04-07,0920,N20,VIIRS,n,2,288.31,2.82,D,0
53.80803,25.21135,334.26,0.69,0.74,2020-04-07,0920,N20,VIIRS,n,2,291.14,3.61,D,0
55.48737,29.62293,347.22,0.42,0.61,2020-04-07,0920,N20,VIIRS,n,2,289.47,5.59,D,0
55.48957,28.83814,325.56,0.45,0.63,2020-04-07,0921,N20,VIIRS,n,2,289.81,1.9,D,0
54.02017,27.49315,330.68,0.42,0.37,2020-04-07,1100,N20,VIIRS,n,2,295.95,11.04,D,0
51.58735,29.2438,333.12,0.43,0.38,2020-04-07,1100,N20,VIIRS,n,2,298.03,5.59,D,0
51.60543,27.58742,330.65,0.4,0.37,2020-04-07,1100,N20,VIIRS,n,2,296.77,11.92,D,0
51.66057,27.55653,327.84,0.4,0.37,2020-04-07,1100,N20,VIIRS,n,2,297.89,5.85,D,0
51.65981,27.5508,334.41,0.4,0.37,2020-04-07,1100,N20,VIIRS,n,2,293.22,5.85,D,0
51.6639,27.55539,333.04,0.4,0.37,2020-04-07,1100,N20,VIIRS,n,2,295.72,9.84,D,0
51.66314,27.54966,349.01,0.4,0.37,2020-04-07,1100,N20,VIIRS,n,2,299.89,9.84,D,0
51.89152,29.34185,339.3,0.44,0.38,2020-04-07,1100,N20,VIIRS,n,2,300.97,4.3,D,2
51.91289,29.49375,350.8,0.44,0.38,2020-04-07,1100,N20,VIIRS,n,2,300.83,11.78,D,0
51.91714,29.4991,337.9,0.44,0.39,2020-04-07,1100,N20,VIIRS,n,2,310.74,34.07,D,0
51.9164,29.4927,334.76,0.44,0.38,2020-04-07,1100,N20,VIIRS,n,2,301.59,11.78,D,0
51.92065,29.49804,340.98,0.44,0.39,2020-04-07,1100,N20,VIIRS,n,2,309.35,86.21,D,0
51.91991,29.49165,332.85,0.44,0.38,2020-04-07,1100,N20,VIIRS,n,2,299.79,12.41,D,0
51.92416,29.49699,367,0.44,0.39,2020-04-07,1100,N20,VIIRS,h,2,351.51,86.21,D,0
51.92491,29.5034,334.43,0.44,0.39,2020-04-07,1100,N20,VIIRS,n,2,294.11,86.21,D,0
51.92342,29.49059,352.96,0.44,0.38,2020-04-07,1100,N20,VIIRS,n,2,303.17,12.41,D,0
51.92767,29.49594,346.34,0.44,0.39,2020-04-07,1100,N20,VIIRS,n,2,292.96,17.52,D,0
51.92693,29.48954,338.66,0.44,0.38,2020-04-07,1100,N20,VIIRS,n,2,301.86,24.75,D,0
51.95853,29.48585,330.51,0.44,0.39,2020-04-07,1100,N20,VIIRS,n,2,295.92,19.22,D,0
51.82514,26.76723,328.02,0.39,0.36,2020-04-07,1100,N20,VIIRS,n,2,298.4,1.12,D,0
51.86498,26.9303,337.43,0.39,0.36,2020-04-07,1100,N20,VIIRS,n,2,299.37,6.11,D,0
52.35658,30.90081,335.18,0.49,0.4,2020-04-07,1100,N20,VIIRS,n,2,298.69,4.85,D,0
52.07163,28.37606,325.73,0.42,0.37,2020-04-07,1100,N20,VIIRS,n,2,293.97,1.48,D,0
52.10954,28.65522,339.46,0.42,0.38,2020-04-07,1100,N20,VIIRS,n,2,303.49,5.37,D,0
52.14559,28.89438,344.75,0.43,0.38,2020-04-07,1100,N20,VIIRS,n,2,307.62,24.86,D,0
52.14485,28.88815,352.64,0.43,0.38,2020-04-07,1100,N20,VIIRS,n,2,307.39,65.78,D,0
52.11791,28.66532,336.51,0.42,0.38,2020-04-07,1100,N20,VIIRS,n,2,297.18,2.61,D,0
52.11716,28.65917,332.48,0.42,0.38,2020-04-07,1100,N20,VIIRS,n,2,295.95,2.61,D,0
52.10666,28.57334,332.13,0.42,0.38,2020-04-07,1100,N20,VIIRS,n,2,298.54,2.45,D,0
52.1498,28.89953,328.17,0.43,0.38,2020-04-07,1100,N20,VIIRS,n,2,299.77,24.86,D,0
52.14905,28.8933,367,0.43,0.38,2020-04-07,1100,N20,VIIRS,l,2,326.16,24.86,D,0
52.1525,28.89221,367,0.43,0.38,2020-04-07,1100,N20,VIIRS,h,2,367.24,142.97,D,0
52.15176,28.88598,367,0.43,0.38,2020-04-07,1100,N20,VIIRS,h,2,331.32,147.21,D,0
51.99911,27.67025,367,0.4,0.37,2020-04-07,1100,N20,VIIRS,h,2,301.15,10.5,D,0
52.15325,28.89845,338.62,0.43,0.38,2020-04-07,1100,N20,VIIRS,n,2,301.86,142.97,D,0
51.99835,27.66442,355.83,0.4,0.37,2020-04-07,1100,N20,VIIRS,n,2,304.89,10.5,D,0
52.15596,28.89112,331.14,0.43,0.38,2020-04-07,1100,N20,VIIRS,n,2,297.42,142.97,D,0
52.00093,27.65744,329.95,0.4,0.37,2020-04-07,1100,N20,VIIRS,l,2,302.55,4.56,D,0
52.06245,28.02345,331.7,0.41,0.37,2020-04-07,1100,N20,VIIRS,n,2,299.16,3.71,D,0
52.06659,28.02826,327.94,0.41,0.37,2020-04-07,1100,N20,VIIRS,n,2,299.05,6.07,D,0
52.06583,28.02232,341.23,0.41,0.37,2020-04-07,1100,N20,VIIRS,n,2,302.05,6.07,D,0
52.06997,28.02714,330.5,0.41,0.37,2020-04-07,1100,N20,VIIRS,n,2,293.68,6.07,D,0
52.3592,30.45543,332.5,0.48,0.4,2020-04-07,1100,N20,VIIRS,n,2,300.07,2.97,D,0
52.36359,30.46138,337.95,0.48,0.4,2020-04-07,1100,N20,VIIRS,n,2,301.74,7.3,D,0
52.36284,30.45441,329.2,0.48,0.4,2020-04-07,1100,N20,VIIRS,n,2,298.08,2.97,D,0
52.36723,30.46037,332.87,0.48,0.4,2020-04-07,1100,N20,VIIRS,n,2,299.83,10.27,D,0
52.01255,27.42888,331.52,0.4,0.37,2020-04-07,1100,N20,VIIRS,n,2,298.48,3.25,D,0
52.01178,27.42311,326.18,0.4,0.37,2020-04-07,1100,N20,VIIRS,n,2,300.39,2.75,D,0
52.01308,27.42667,343.81,0.4,0.37,2020-04-07,1100,N20,VIIRS,n,2,300.74,7.22,D,0
52.06654,27.81053,334.71,0.41,0.37,2020-04-07,1100,N20,VIIRS,n,2,306.22,6.14,D,0
52.01336,27.40239,327.2,0.4,0.37,2020-04-07,1100,N20,VIIRS,n,2,301.73,1.82,D,0
52.07066,27.81527,332.07,0.41,0.37,2020-04-07,1100,N20,VIIRS,n,2,301.65,6.75,D,0
52.0699,27.80938,344.46,0.41,0.37,2020-04-07,1100,N20,VIIRS,n,2,304.48,12.43,D,0
51.97003,27.02741,329.25,0.4,0.37,2020-04-07,1100,N20,VIIRS,n,2,299.96,2.04,D,0
52.03587,27.46719,333.11,0.4,0.37,2020-04-07,1100,N20,VIIRS,n,2,298.22,3.85,D,0
52.0058,27.08634,331.4,0.4,0.37,2020-04-07,1100,N20,VIIRS,n,2,301.38,2.57,D,0
52.08142,27.62786,332.33,0.4,0.37,2020-04-07,1100,N20,VIIRS,n,2,298.69,2.14,D,0
52.00834,27.07945,330.89,0.4,0.37,2020-04-07,1100,N20,VIIRS,l,2,302.41,2.42,D,0
52.03929,27.12835,327.51,0.4,0.37,2020-04-07,1100,N20,VIIRS,l,2,298.77,2.15,D,0
52.12651,27.54517,340.98,0.4,0.37,2020-04-07,1100,N20,VIIRS,n,2,299.05,4.38,D,0
52.13036,27.49509,340.77,0.4,0.37,2020-04-07,1100,N20,VIIRS,n,2,302.03,5.87,D,0
52.02177,26.69943,328.33,0.39,0.36,2020-04-07,1100,N20,VIIRS,l,2,301.07,2.49,D,0
52.13091,27.49351,347.64,0.4,0.37,2020-04-07,1100,N20,VIIRS,n,2,309.48,14.19,D,0
52.13015,27.48769,328.21,0.4,0.37,2020-04-07,1100,N20,VIIRS,l,2,299.84,12.55,D,0
52.02441,26.70284,326.78,0.39,0.36,2020-04-07,1100,N20,VIIRS,l,2,299.69,1.35,D,0
52.13425,27.49235,335.74,0.4,0.37,2020-04-07,1100,N20,VIIRS,n,2,300.64,14.19,D,0
52.13349,27.48653,350.28,0.4,0.37,2020-04-07,1100,N20,VIIRS,n,2,306.67,12.55,D,0
52.13836,27.49702,326.9,0.4,0.37,2020-04-07,1100,N20,VIIRS,l,2,298.44,2.73,D,0
52.1246,27.39239,336.2,0.4,0.37,2020-04-07,1100,N20,VIIRS,l,2,310.7,59.72,D,0
52.14094,27.49004,331.18,0.4,0.37,2020-04-07,1100,N20,VIIRS,l,2,304.65,2.73,D,0
52.16288,27.60452,341.2,0.4,0.37,2020-04-07,1100,N20,VIIRS,n,2,302.54,4.33,D,0
52.16623,27.60337,333.81,0.4,0.37,2020-04-07,1100,N20,VIIRS,n,2,299.72,3.08,D,0
52.16271,27.54958,334.62,0.4,0.37,2020-04-07,1100,N20,VIIRS,n,2,300.99,6.68,D,0
52.13231,27.29276,350.79,0.4,0.37,2020-04-07,1100,N20,VIIRS,n,2,314.85,12.74,D,0
52.13154,27.28698,329.49,0.4,0.37,2020-04-07,1100,N20,VIIRS,l,2,303.68,12.74,D,0
52.13641,27.29736,367,0.4,0.37,2020-04-07,1100,N20,VIIRS,h,2,355.6,115.9,D,0
52.13718,27.30314,335,0.4,0.37,2020-04-07,1100,N20,VIIRS,n,2,300.53,115.9,D,0
52.13564,27.29158,351.86,0.4,0.37,2020-04-07,1100,N20,VIIRS,n,2,307.92,12.74,D,0
52.13974,27.29619,367,0.4,0.37,2020-04-07,1100,N20,VIIRS,h,2,352.73,91.57,D,0
52.14051,27.30197,334.41,0.4,0.37,2020-04-07,1100,N20,VIIRS,n,2,296.76,91.57,D,0
52.1382,27.28463,340.98,0.4,0.37,2020-04-07,1100,N20,VIIRS,n,2,309.81,27.32,D,0
52.13896,27.29041,367,0.4,0.37,2020-04-07,1100,N20,VIIRS,l,2,326.28,27.32,D,0
52.14306,27.29502,367,0.4,0.37,2020-04-07,1100,N20,VIIRS,h,2,334.31,91.57,D,0
52.14229,27.28924,349.39,0.4,0.37,2020-04-07,1100,N20,VIIRS,n,2,306.02,27.32,D,0
52.14152,27.28346,337.71,0.4,0.37,2020-04-07,1100,N20,VIIRS,n,2,295.21,27.32,D,0
52.14562,27.28806,340.36,0.4,0.37,2020-04-07,1100,N20,VIIRS,n,2,292.07,4.61,D,0
52.12419,27.10265,336.01,0.4,0.37,2020-04-07,1100,N20,VIIRS,n,2,299.52,2.57,D,0
52.12342,27.09692,327.15,0.4,0.37,2020-04-07,1100,N20,VIIRS,l,2,297.72,2.57,D,0
52.12751,27.10147,353.67,0.4,0.37,2020-04-07,1100,N20,VIIRS,n,2,311.82,32.09,D,0
52.1316,27.10602,336.37,0.4,0.37,2020-04-07,1100,N20,VIIRS,n,2,298.71,46.63,D,0
52.13083,27.10029,348.37,0.4,0.37,2020-04-07,1100,N20,VIIRS,n,2,301.4,32.09,D,0
52.14345,27.16804,333.72,0.4,0.37,2020-04-07,1100,N20,VIIRS,n,2,301.53,3.1,D,0
52.1712,27.11599,331.26,0.4,0.37,2020-04-07,1100,N20,VIIRS,n,2,296.9,8.85,D,0
52.19534,27.10533,342.1,0.4,0.37,2020-04-07,1100,N20,VIIRS,n,2,301.09,8.43,D,0
52.62634,30.75212,331.88,0.49,0.4,2020-04-07,1100,N20,VIIRS,n,2,297.78,3.79,D,0
52.35136,27.8962,339.75,0.41,0.37,2020-04-07,1100,N20,VIIRS,n,2,298.29,4.15,D,0
52.69951,30.87414,326.85,0.49,0.41,2020-04-07,1100,N20,VIIRS,l,2,297.61,9.39,D,0
52.65199,30.41454,350.15,0.48,0.4,2020-04-07,1100,N20,VIIRS,n,2,298.99,6.54,D,0
52.38343,27.95404,333.45,0.41,0.37,2020-04-07,1100,N20,VIIRS,n,2,299.87,3.05,D,0
52.38266,27.94804,334.81,0.41,0.37,2020-04-07,1100,N20,VIIRS,n,2,302.03,4.7,D,0
52.38527,27.94091,335.61,0.41,0.37,2020-04-07,1100,N20,VIIRS,n,2,299.39,4.7,D,0
52.03912,25.17917,355.4,0.38,0.36,2020-04-07,1100,N20,VIIRS,n,2,301.57,10.67,D,0
52.03828,25.17367,333.98,0.38,0.36,2020-04-07,1100,N20,VIIRS,n,2,299.57,2.9,D,0
52.04237,25.17787,350.37,0.38,0.36,2020-04-07,1100,N20,VIIRS,n,2,312.38,105.73,D,0
52.04321,25.18337,367,0.38,0.36,2020-04-07,1100,N20,VIIRS,l,2,329.13,105.73,D,0
52.04645,25.18207,367,0.38,0.36,2020-04-07,1100,N20,VIIRS,h,2,337.51,105.73,D,0
52.04969,25.18077,327.93,0.38,0.36,2020-04-07,1100,N20,VIIRS,n,2,292.17,2.3,D,0
52.35522,26.9912,334.19,0.4,0.37,2020-04-07,1100,N20,VIIRS,n,2,300.99,6.54,D,0
52.09999,24.86029,331.54,0.38,0.36,2020-04-07,1100,N20,VIIRS,n,2,296.6,1.61,D,0
52.84472,29.9904,344.4,0.47,0.39,2020-04-07,1100,N20,VIIRS,n,2,299.44,7.13,D,2
52.01254,23.77435,341.37,0.39,0.36,2020-04-07,1100,N20,VIIRS,n,2,307.89,28.53,D,0
52.01162,23.76882,327.15,0.39,0.36,2020-04-07,1100,N20,VIIRS,n,2,297.05,14.06,D,0
52.01579,23.77294,343.38,0.39,0.36,2020-04-07,1100,N20,VIIRS,n,2,318.27,28.53,D,0
52.01915,23.77576,328.67,0.39,0.36,2020-04-07,1100,N20,VIIRS,n,2,298.93,5.23,D,0
52.01823,23.77024,340.77,0.39,0.36,2020-04-07,1100,N20,VIIRS,n,2,304.91,17.74,D,0
53.10303,32.14772,331.99,0.55,0.43,2020-04-07,1100,N20,VIIRS,n,2,293.31,3.86,D,0
53.10768,32.1551,345.49,0.55,0.43,2020-04-07,1100,N20,VIIRS,n,2,297.28,12.58,D,0
53.10134,31.90532,345.9,0.54,0.42,2020-04-07,1100,N20,VIIRS,n,2,295.19,9.12,D,0
53.1006,31.89719,325.75,0.54,0.42,2020-04-07,1100,N20,VIIRS,n,2,294.29,9.12,D,0
53.09986,31.88907,328.34,0.54,0.42,2020-04-07,1100,N20,VIIRS,n,2,292.81,4.83,D,0
52.9038,29.91585,333.18,0.46,0.39,2020-04-07,1100,N20,VIIRS,n,2,298.62,2.97,D,0
53.10522,31.90438,356.29,0.54,0.42,2020-04-07,1100,N20,VIIRS,n,2,296.99,9.12,D,0
53.10448,31.89626,351.23,0.54,0.42,2020-04-07,1100,N20,VIIRS,n,2,295.65,9.12,D,0
53.10375,31.88817,340.69,0.54,0.42,2020-04-07,1100,N20,VIIRS,n,2,293.54,4.83,D,0
52.32781,25.24688,327.92,0.38,0.36,2020-04-07,1100,N20,VIIRS,n,2,301.56,1.79,D,0
52.47924,26.21,331.37,0.39,0.36,2020-04-07,1100,N20,VIIRS,n,2,296.75,1.57,D,0
52.3657,25.38449,341.47,0.38,0.36,2020-04-07,1100,N20,VIIRS,n,2,302.14,5.02,D,0
52.36812,25.37765,355.62,0.38,0.36,2020-04-07,1100,N20,VIIRS,n,2,304.94,8.65,D,0
52.3722,25.3819,337.92,0.38,0.36,2020-04-07,1100,N20,VIIRS,n,2,301.99,5.96,D,0
52.37137,25.37635,334.98,0.38,0.36,2020-04-07,1100,N20,VIIRS,n,2,302.54,8.65,D,0
52.37056,25.3709,352.97,0.38,0.36,2020-04-07,1100,N20,VIIRS,n,2,307.78,8.65,D,0
52.26737,24.69581,336.02,0.38,0.36,2020-04-07,1100,N20,VIIRS,n,2,300.99,2.63,D,0
52.38292,25.4306,343.82,0.38,0.36,2020-04-07,1100,N20,VIIRS,n,2,297.54,7.64,D,0
52.3821,25.42505,350.82,0.38,0.36,2020-04-07,1100,N20,VIIRS,n,2,300.3,7.64,D,0
52.37628,25.38616,335.21,0.38,0.36,2020-04-07,1100,N20,VIIRS,n,2,299.31,4.74,D,0
52.37378,25.3695,337.98,0.38,0.36,2020-04-07,1100,N20,VIIRS,n,2,303.66,14.17,D,0
52.37703,25.3682,351.6,0.38,0.36,2020-04-07,1100,N20,VIIRS,n,2,305.16,14.17,D,0
52.38127,25.37613,333.99,0.38,0.36,2020-04-07,1100,N20,VIIRS,n,2,299.01,7.36,D,0
52.37961,25.36503,349.97,0.38,0.36,2020-04-07,1100,N20,VIIRS,n,2,308.32,17.78,D,0
52.37878,25.35959,334.97,0.38,0.36,2020-04-07,1100,N20,VIIRS,n,2,300.48,17.78,D,0
52.38203,25.35829,351.8,0.38,0.36,2020-04-07,1100,N20,VIIRS,n,2,304.55,17.78,D,0
52.38528,25.35699,333.23,0.38,0.36,2020-04-07,1100,N20,VIIRS,n,2,299.86,5.25,D,0
52.38445,25.35144,347.25,0.38,0.36,2020-04-07,1100,N20,VIIRS,n,2,302.45,60.16,D,0
52.39846,25.42227,336.33,0.38,0.36,2020-04-07,1100,N20,VIIRS,n,2,299.65,4.25,D,0
52.39764,25.41671,350.4,0.38,0.36,2020-04-07,1100,N20,VIIRS,n,2,299.32,6.68,D,0
52.39184,25.3778,334.53,0.38,0.36,2020-04-07,1100,N20,VIIRS,n,2,299.95,4.33,D,0
52.98847,30.04764,330.01,0.47,0.4,2020-04-07,1100,N20,VIIRS,n,2,292.61,10.7,D,0
52.39592,25.38206,329.84,0.38,0.36,2020-04-07,1100,N20,VIIRS,n,2,294.1,2.91,D,0
52.39509,25.3765,340.35,0.38,0.36,2020-04-07,1100,N20,VIIRS,n,2,300.72,2.91,D,0
52.39261,25.35995,337.21,0.38,0.36,2020-04-07,1100,N20,VIIRS,n,2,301.4,22.32,D,0
52.39095,25.34884,341.27,0.38,0.36,2020-04-07,1100,N20,VIIRS,n,2,303.45,13.65,D,0
52.39668,25.3641,351.67,0.38,0.36,2020-04-07,1100,N20,VIIRS,n,2,304.98,36.87,D,0
52.39586,25.35866,344.53,0.38,0.36,2020-04-07,1100,N20,VIIRS,n,2,316.87,22.32,D,0
52.3942,25.34754,341.61,0.38,0.36,2020-04-07,1100,N20,VIIRS,n,2,303.99,13.65,D,0
52.99423,30.03156,327.98,0.47,0.4,2020-04-07,1100,N20,VIIRS,n,2,295.23,2.01,D,0
52.99784,30.0305,330.59,0.47,0.4,2020-04-07,1100,N20,VIIRS,n,2,294.64,2.01,D,0
52.41873,25.39652,335.84,0.38,0.36,2020-04-07,1100,N20,VIIRS,n,2,298.06,2.41,D,0
53.15939,30.9001,356.07,0.5,0.41,2020-04-07,1100,N20,VIIRS,n,2,299.51,18.32,D,0
53.15864,30.89261,328.86,0.5,0.41,2020-04-07,1100,N20,VIIRS,n,2,293.99,15.04,D,0
53.16313,30.89909,331.1,0.5,0.41,2020-04-07,1100,N20,VIIRS,n,2,291.84,18.32,D,0
53.16687,30.89808,331.62,0.5,0.41,2020-04-07,1100,N20,VIIRS,n,2,294.8,4.26,D,0
53.16611,30.89058,329.19,0.5,0.41,2020-04-07,1100,N20,VIIRS,n,2,295.72,4.88,D,0
53.1706,30.89706,333.77,0.5,0.41,2020-04-07,1100,N20,VIIRS,n,2,297.27,4.26,D,0
53.16985,30.88957,342.29,0.5,0.41,2020-04-07,1100,N20,VIIRS,n,2,296.1,4.88,D,0
53.17358,30.88856,332.88,0.5,0.41,2020-04-07,1100,N20,VIIRS,n,2,296.65,5.69,D,0
53.17808,30.89505,346.24,0.5,0.41,2020-04-07,1100,N20,VIIRS,n,2,298.7,8.51,D,0
53.17732,30.88754,330.9,0.5,0.41,2020-04-07,1100,N20,VIIRS,n,2,294.02,5.69,D,0
53.16636,30.8908,331.11,0.5,0.41,2020-04-07,1100,N20,VIIRS,n,2,296.16,6.18,D,0
53.17082,30.89728,331.79,0.5,0.41,2020-04-07,1100,N20,VIIRS,n,2,296.92,6.18,D,0
53.17009,30.88978,343.47,0.5,0.41,2020-04-07,1100,N20,VIIRS,n,2,296.9,6.18,D,0
52.22356,23.65311,336.63,0.39,0.36,2020-04-07,1100,N20,VIIRS,n,2,294.79,2.71,D,0
53.17383,30.88876,334.67,0.5,0.41,2020-04-07,1100,N20,VIIRS,n,2,296.38,6.51,D,0
53.1783,30.89526,344.4,0.5,0.41,2020-04-07,1100,N20,VIIRS,n,2,298.77,6.51,D,0
53.17757,30.88774,331.89,0.5,0.41,2020-04-07,1100,N20,VIIRS,n,2,295.34,6.51,D,0
53.18203,30.89424,341.22,0.5,0.41,2020-04-07,1100,N20,VIIRS,n,2,297.57,10.21,D,0
53.24013,31.38162,338.23,0.52,0.42,2020-04-07,1100,N20,VIIRS,n,2,294.57,7.3,D,0
53.2829,31.58904,345.7,0.53,0.42,2020-04-07,1100,N20,VIIRS,n,2,292.04,5.78,D,0
53.28822,31.60398,330.16,0.53,0.42,2020-04-07,1100,N20,VIIRS,n,2,292.32,20.05,D,0
53.28749,31.59606,353.77,0.53,0.42,2020-04-07,1100,N20,VIIRS,n,2,300.99,14.32,D,0
53.28527,31.57219,334.18,0.53,0.42,2020-04-07,1100,N20,VIIRS,n,2,296.73,6.5,D,0
53.29206,31.60304,346.11,0.53,0.42,2020-04-07,1100,N20,VIIRS,n,2,299.95,20.05,D,0
53.29133,31.59511,328.46,0.53,0.42,2020-04-07,1100,N20,VIIRS,n,2,295.52,14.32,D,0
53.28912,31.57121,341.76,0.53,0.42,2020-04-07,1100,N20,VIIRS,n,2,296.53,6.5,D,0
53.29591,31.6021,334.29,0.53,0.42,2020-04-07,1100,N20,VIIRS,n,2,293.17,5.35,D,0
53.29295,31.57024,338.05,0.53,0.42,2020-04-07,1100,N20,VIIRS,n,2,295.13,5.8,D,0
53.28701,31.50662,331.78,0.53,0.42,2020-04-07,1100,N20,VIIRS,n,2,292.8,4.47,D,0
53.29754,31.57723,325.33,0.53,0.42,2020-04-07,1100,N20,VIIRS,n,2,294.83,5.8,D,0
53.30286,31.59216,345.79,0.53,0.42,2020-04-07,1100,N20,VIIRS,n,2,293.64,7.65,D,0
53.30138,31.57625,346.87,0.53,0.42,2020-04-07,1100,N20,VIIRS,n,2,295.58,9.94,D,0
53.30596,31.58323,335.08,0.53,0.42,2020-04-07,1100,N20,VIIRS,n,2,293.98,7.65,D,0
53.31203,31.60618,347.77,0.53,0.42,2020-04-07,1100,N20,VIIRS,n,2,297.65,19.12,D,0
53.31054,31.59019,340.41,0.53,0.42,2020-04-07,1100,N20,VIIRS,n,2,294.44,7.52,D,0
53.31588,31.60519,346.18,0.53,0.42,2020-04-07,1100,N20,VIIRS,n,2,297.38,19.12,D,0
53.31513,31.59719,356.08,0.53,0.42,2020-04-07,1100,N20,VIIRS,n,2,295.35,19.12,D,0
53.31438,31.5892,345.64,0.53,0.42,2020-04-07,1100,N20,VIIRS,n,2,293.96,7.52,D,0
53.31139,31.55728,351.31,0.53,0.42,2020-04-07,1100,N20,VIIRS,n,2,300.18,13.61,D,0
53.31065,31.54933,334.32,0.53,0.42,2020-04-07,1100,N20,VIIRS,n,2,294.94,13.61,D,0
53.31598,31.56427,332.67,0.53,0.42,2020-04-07,1100,N20,VIIRS,n,2,292.42,3.4,D,0
53.31524,31.55631,336.91,0.53,0.42,2020-04-07,1100,N20,VIIRS,n,2,292.96,6.47,D,0
53.38866,32.32135,332.08,0.56,0.43,2020-04-07,1100,N20,VIIRS,n,2,292.13,4.05,D,0
53.31103,31.3071,332.94,0.52,0.41,2020-04-07,1100,N20,VIIRS,n,2,295.31,2.7,D,0
53.31483,31.30612,343.05,0.52,0.41,2020-04-07,1100,N20,VIIRS,n,2,294.26,5.52,D,0
53.1296,29.50115,342.71,0.45,0.39,2020-04-07,1100,N20,VIIRS,n,2,296.42,3.81,D,0
53.21827,30.24337,327.91,0.48,0.4,2020-04-07,1100,N20,VIIRS,n,2,295.37,2.59,D,0
53.31295,31.30516,342.84,0.52,0.41,2020-04-07,1100,N20,VIIRS,n,2,295.93,7.57,D,0
53.21674,30.24183,328.72,0.48,0.4,2020-04-07,1100,N20,VIIRS,n,2,293.9,1.77,D,0
53.3708,30.47415,336,0.49,0.4,2020-04-07,1100,N20,VIIRS,n,2,295.92,7.17,D,0
53.47151,30.29452,333.47,0.48,0.4,2020-04-07,1100,N20,VIIRS,n,2,295.11,4.28,D,0
53.77195,31.90226,325.94,0.55,0.43,2020-04-07,1100,N20,VIIRS,n,2,294.19,2.94,D,0
53.7712,31.89388,341.42,0.55,0.43,2020-04-07,1100,N20,VIIRS,n,2,294.49,6.23,D,0
53.77512,31.89295,344.93,0.55,0.43,2020-04-07,1100,N20,VIIRS,n,2,296.14,7.54,D,0
53.80094,31.74192,329.91,0.54,0.42,2020-04-07,1100,N20,VIIRS,n,2,292.83,9.56,D,0
53.80021,31.73357,339.83,0.54,0.42,2020-04-07,1100,N20,VIIRS,n,2,293.85,9.56,D,0
53.80931,31.61296,327.89,0.54,0.42,2020-04-07,1100,N20,VIIRS,n,2,293.84,2.96,D,0
53.16983,25.96642,341.86,0.39,0.36,2020-04-07,1100,N20,VIIRS,n,2,299.38,4.8,D,0
53.1731,25.96514,335.98,0.39,0.36,2020-04-07,1100,N20,VIIRS,n,2,298.47,3.11,D,0
53.56134,28.95718,341.21,0.44,0.39,2020-04-07,1100,N20,VIIRS,n,2,296.99,4.12,D,0
53.56486,28.95606,332.53,0.44,0.39,2020-04-07,1100,N20,VIIRS,n,2,291.66,4.12,D,0
53.71401,30.29986,330.14,0.49,0.4,2020-04-07,1100,N20,VIIRS,n,2,295.22,3.44,D,0
53.71844,30.30618,325.83,0.49,0.4,2020-04-07,1100,N20,VIIRS,l,2,296.28,3.44,D,0
53.85878,31.63405,345.72,0.54,0.42,2020-04-07,1100,N20,VIIRS,n,2,295.55,7.55,D,0
53.86266,31.63311,342.93,0.54,0.42,2020-04-07,1100,N20,VIIRS,n,2,294.75,7.55,D,0
53.8619,31.62481,331.58,0.54,0.42,2020-04-07,1100,N20,VIIRS,n,2,295.52,7.55,D,0
53.24956,26.28931,329.07,0.39,0.36,2020-04-07,1100,N20,VIIRS,n,2,295.44,1.1,D,0
53.23357,26.09984,335.62,0.39,0.36,2020-04-07,1100,N20,VIIRS,n,2,296.05,5.6,D,0
53.54523,28.4169,325.18,0.43,0.38,2020-04-07,1100,N20,VIIRS,n,2,295.32,1.83,D,0
53.5131,27.8171,329.18,0.42,0.38,2020-04-07,1100,N20,VIIRS,n,2,294.77,2.37,D,0
53.94715,31.30179,330.52,0.53,0.42,2020-04-07,1100,N20,VIIRS,n,2,293.61,11.85,D,0
53.94641,31.29384,328.77,0.53,0.42,2020-04-07,1100,N20,VIIRS,n,2,295.15,8.75,D,0
53.97546,31.43538,346.46,0.53,0.42,2020-04-07,1100,N20,VIIRS,n,2,297.05,16.58,D,0
53.97469,31.42722,354.52,0.53,0.42,2020-04-07,1100,N20,VIIRS,n,2,297.67,16.58,D,0
53.97392,31.41905,332.18,0.53,0.42,2020-04-07,1100,N20,VIIRS,n,2,295.36,4.42,D,0
53.97778,31.41806,330.82,0.53,0.42,2020-04-07,1100,N20,VIIRS,n,2,294.43,3.24,D,0
53.97229,31.43634,341.48,0.53,0.42,2020-04-07,1100,N20,VIIRS,n,2,297.22,17.01,D,0
53.97541,31.42714,351.97,0.53,0.42,2020-04-07,1100,N20,VIIRS,n,2,297.12,10.75,D,0
53.97468,31.41897,337.75,0.53,0.42,2020-04-07,1100,N20,VIIRS,n,2,296.04,10.75,D,0
53.97284,31.31149,329.2,0.53,0.42,2020-04-07,1100,N20,VIIRS,n,2,293.09,1.61,D,0
54.06897,31.63085,329.83,0.54,0.42,2020-04-07,1100,N20,VIIRS,n,2,291.6,3.53,D,0
53.49119,26.27851,334.24,0.39,0.37,2020-04-07,1100,N20,VIIRS,n,2,296.8,3.03,D,0
53.49449,26.27724,342.99,0.39,0.37,2020-04-07,1100,N20,VIIRS,n,2,297.59,3.03,D,0
53.55182,26.66453,330.97,0.4,0.37,2020-04-07,1100,N20,VIIRS,n,2,295.88,2,D,0
54.13016,31.47191,332.32,0.54,0.42,2020-04-07,1100,N20,VIIRS,n,2,292.86,5.96,D,0
54.14196,31.38469,346.76,0.53,0.42,2020-04-07,1100,N20,VIIRS,n,2,294.97,8.86,D,0
53.73785,27.53357,338.9,0.41,0.37,2020-04-07,1100,N20,VIIRS,n,2,295.28,5.3,D,0
54.26149,30.90763,329.34,0.52,0.41,2020-04-07,1100,N20,VIIRS,n,2,291.47,2.46,D,0
53.99902,28.24509,341.42,0.43,0.38,2020-04-07,1100,N20,VIIRS,n,2,295.69,4.6,D,0
54.00496,28.05338,330.49,0.43,0.38,2020-04-07,1100,N20,VIIRS,n,2,294.01,15.25,D,0
54.07509,28.43166,329.33,0.44,0.38,2020-04-07,1100,N20,VIIRS,n,2,292.54,3.6,D,0
54.38081,31.03771,332.92,0.52,0.42,2020-04-07,1100,N20,VIIRS,n,2,289.15,3.32,D,0
54.38462,31.03667,328.85,0.52,0.42,2020-04-07,1100,N20,VIIRS,n,2,289.23,2.6,D,0
54.25385,29.59456,334.15,0.47,0.4,2020-04-07,1100,N20,VIIRS,n,2,291.76,2.76,D,0
54.02235,27.25681,339.95,0.41,0.37,2020-04-07,1100,N20,VIIRS,n,2,294,4.67,D,0
54.38139,30.3208,330.79,0.5,0.41,2020-04-07,1100,N20,VIIRS,n,2,291.41,3.34,D,0
54.38062,30.31313,330.95,0.5,0.41,2020-04-07,1100,N20,VIIRS,n,2,292.84,5.49,D,0
54.3851,30.3197,331.44,0.5,0.41,2020-04-07,1100,N20,VIIRS,n,2,292.21,3.27,D,0
53.7244,24.89083,331.28,0.39,0.36,2020-04-07,1100,N20,VIIRS,n,2,295.77,6.1,D,0
54.20147,28.33805,332.64,0.44,0.38,2020-04-07,1100,N20,VIIRS,n,2,294.93,7.91,D,0
54.2007,28.33139,355.31,0.44,0.38,2020-04-07,1100,N20,VIIRS,n,2,304.36,7.91,D,0
54.20418,28.33021,348.22,0.44,0.38,2020-04-07,1100,N20,VIIRS,n,2,313.97,48.42,D,0
53.80849,25.2086,338.76,0.39,0.36,2020-04-07,1100,N20,VIIRS,n,2,295.86,3.49,D,0
54.25671,28.53483,337.64,0.44,0.38,2020-04-07,1100,N20,VIIRS,n,2,293.17,3.66,D,0
54.37054,28.30044,341.05,0.44,0.38,2020-04-07,1100,N20,VIIRS,n,2,291.71,7.71,D,0
54.37402,28.29926,341.22,0.44,0.38,2020-04-07,1100,N20,VIIRS,n,2,289.16,4.11,D,0
54.66108,30.19249,328.91,0.5,0.41,2020-04-07,1100,N20,VIIRS,n,2,291.25,2.46,D,0
54.26104,26.49265,330.53,0.4,0.37,2020-04-07,1100,N20,VIIRS,n,2,293.92,1.38,D,0
54.69858,29.15749,329.94,0.46,0.39,2020-04-07,1100,N20,VIIRS,n,2,292.61,1.94,D,0
54.78258,29.52735,330.59,0.47,0.4,2020-04-07,1100,N20,VIIRS,n,2,292.95,5.49,D,0
54.78545,29.51884,330.64,0.47,0.4,2020-04-07,1100,N20,VIIRS,n,2,293.51,4.07,D,0
54.95166,29.29209,329.84,0.47,0.4,2020-04-07,1100,N20,VIIRS,n,2,293.84,4.48,D,0
54.95146,29.29236,330.92,0.47,0.4,2020-04-07,1100,N20,VIIRS,n,2,293.63,7.15,D,0
55.07767,29.82351,328.91,0.49,0.4,2020-04-07,1100,N20,VIIRS,n,2,292.93,3.43,D,0
55.07594,29.13137,325.66,0.47,0.39,2020-04-07,1100,N20,VIIRS,n,2,292.08,2.15,D,0
55.10659,29.00138,333.73,0.46,0.39,2020-04-07,1100,N20,VIIRS,n,2,293.04,5.16,D,0
55.28304,30.5403,340.21,0.52,0.41,2020-04-07,1100,N20,VIIRS,n,2,292.48,5.41,D,0
55.14659,29.19933,342.87,0.47,0.4,2020-04-07,1100,N20,VIIRS,n,2,296.03,5.08,D,0
55.1502,29.19818,328.11,0.47,0.4,2020-04-07,1100,N20,VIIRS,n,2,292.96,5.08,D,0
55.38295,30.6648,348.99,0.52,0.42,2020-04-07,1101,N20,VIIRS,n,2,299.3,14.1,D,0
55.3533,29.32311,325.28,0.48,0.4,2020-04-07,1101,N20,VIIRS,n,2,292.32,3.59,D,0
55.05427,26.30729,330.76,0.4,0.37,2020-04-07,1101,N20,VIIRS,n,2,296.28,6.19,D,0
55.05346,26.30103,327.13,0.4,0.37,2020-04-07,1101,N20,VIIRS,n,2,295.76,6.19,D,0
55.49686,29.63062,338.94,0.49,0.4,2020-04-07,1101,N20,VIIRS,n,2,292.07,4.3,D,0
55.49608,29.62292,333.33,0.49,0.4,2020-04-07,1101,N20,VIIRS,n,2,292.69,5.25,D,0
55.50054,29.62947,331.53,0.49,0.4,2020-04-07,1101,N20,VIIRS,n,2,291.27,3.12,D,0
55.4914,28.83518,327.67,0.46,0.39,2020-04-07,1101,N20,VIIRS,n,2,292.82,3.72,D,0
55.51731,28.7662,339.64,0.46,0.39,2020-04-07,1101,N20,VIIRS,n,2,294.12,3.62,D,0
55.83409,30.16439,331.88,0.51,0.41,2020-04-07,1101,N20,VIIRS,n,2,293,2.59,D,0
55.15004,29.19837,329.72,0.47,0.4,2020-04-07,1101,N20,VIIRS,n,2,293.21,2.58,D,0
55.28557,30.54058,340.7,0.52,0.41,2020-04-07,1101,N20,VIIRS,n,2,292.95,7.85,D,0
55.37914,30.66588,332.08,0.52,0.42,2020-04-07,1101,N20,VIIRS,n,2,293.76,14.1,D,0
53.85962,31.63932,324.44,0.32,0.55,2020-04-07,2311,N20,VIIRS,n,2,274.81,1.63,N,0
53.85921,31.64921,297.96,0.32,0.55,2020-04-07,2311,N20,VIIRS,n,2,273.54,0.64,N,0
53.77988,31.73079,306.3,0.64,0.54,2020-04-07,2311,N20,VIIRS,n,2,273.04,1.49,N,0
53.66972,31.60087,325.65,0.32,0.55,2020-04-07,2311,N20,VIIRS,n,2,276.25,1.09,N,0
53.66954,31.60578,307.3,0.32,0.55,2020-04-07,2311,N20,VIIRS,n,2,275.99,1.09,N,0
53.51669,32.40382,301.05,0.59,0.53,2020-04-07,2311,N20,VIIRS,n,2,274.63,1.85,N,0
53.56437,28.96328,322.66,0.41,0.61,2020-04-07,2311,N20,VIIRS,n,2,276.87,1.8,N,0
53.56427,28.96964,305.6,0.41,0.61,2020-04-07,2311,N20,VIIRS,n,2,277.04,4.41,N,0
53.55873,28.96294,323.66,0.41,0.61,2020-04-07,2311,N20,VIIRS,n,2,277.57,1.8,N,0
53.55884,28.9566,298.54,0.41,0.61,2020-04-07,2311,N20,VIIRS,n,2,278,1.8,N,0
53.53012,29.58471,302.03,0.39,0.59,2020-04-07,2311,N20,VIIRS,n,2,274.19,0.84,N,0
53.52999,29.59065,307.89,0.39,0.59,2020-04-07,2311,N20,VIIRS,n,2,275.68,0.84,N,0
53.46684,30.29583,314.92,0.36,0.58,2020-04-07,2311,N20,VIIRS,n,2,273.63,1.01,N,0
53.31459,31.61807,312.3,0.32,0.54,2020-04-07,2311,N20,VIIRS,n,2,272.98,0.97,N,0
53.30954,31.61746,324.25,0.32,0.54,2020-04-07,2311,N20,VIIRS,n,2,272.97,1.38,N,0
53.30748,31.54393,295.58,0.32,0.55,2020-04-07,2311,N20,VIIRS,n,2,273.79,0.86,N,0
53.30689,31.55857,297.81,0.32,0.55,2020-04-07,2311,N20,VIIRS,n,2,272.73,0.97,N,0
53.3065,31.56825,309.37,0.32,0.55,2020-04-07,2311,N20,VIIRS,n,2,271.74,1.12,N,0
53.311,31.326,296.25,0.33,0.55,2020-04-07,2311,N20,VIIRS,n,2,273.95,0.86,N,0
53.29697,31.42408,307.11,0.32,0.55,2020-04-07,2311,N20,VIIRS,n,2,271.87,0.9,N,0
53.23613,31.54971,295.85,0.32,0.55,2020-04-07,2311,N20,VIIRS,n,2,273.5,0.49,N,0
53.24234,30.26247,320.4,0.36,0.58,2020-04-07,2311,N20,VIIRS,n,2,275.24,2.15,N,0
53.23716,30.25644,340.05,0.36,0.58,2020-04-07,2311,N20,VIIRS,n,2,276.63,2.15,N,0
53.23732,30.25094,316.59,0.36,0.58,2020-04-07,2311,N20,VIIRS,n,2,275.12,2.54,N,0
53.237,30.26196,295.22,0.36,0.58,2020-04-07,2311,N20,VIIRS,n,2,274.16,2.15,N,0
53.15393,30.89736,311.35,0.34,0.56,2020-04-07,2311,N20,VIIRS,n,2,271.07,1.22,N,0
53.15897,30.88703,302.16,0.34,0.56,2020-04-07,2311,N20,VIIRS,n,2,270.57,0.97,N,0
53.15339,30.89683,318.77,0.34,0.56,2020-04-07,2311,N20,VIIRS,n,2,270.1,1.1,N,0
52.92682,30.92441,301.34,0.34,0.56,2020-04-07,2311,N20,VIIRS,n,2,275.27,0.62,N,0
52.84778,29.98734,305.79,0.37,0.58,2020-04-07,2311,N20,VIIRS,n,2,276.68,1.17,N,2
52.84762,29.99291,301.68,0.37,0.58,2020-04-07,2311,N20,VIIRS,n,2,276.75,1.17,N,2
52.80967,30.82805,319.79,0.34,0.56,2020-04-07,2311,N20,VIIRS,n,2,275.58,1.39,N,0
55.45737,28.9819,334.64,0.42,0.61,2020-04-07,2311,N20,VIIRS,n,2,278.9,2.8,N,0
55.22199,28.86228,309.77,0.42,0.61,2020-04-07,2311,N20,VIIRS,n,2,279.31,1.55,N,0
55.21414,29.04398,313.36,0.42,0.61,2020-04-07,2311,N20,VIIRS,n,2,279.35,1.41,N,0
55.14934,29.96083,330.68,0.38,0.59,2020-04-07,2311,N20,VIIRS,n,2,277.96,2.45,N,0
55.1492,29.96693,325.82,0.38,0.59,2020-04-07,2311,N20,VIIRS,n,2,279.32,2.45,N,0
55.16421,29.19342,295.36,0.41,0.61,2020-04-07,2311,N20,VIIRS,n,2,276.41,0.65,N,0
55.1641,29.19997,309.15,0.41,0.61,2020-04-07,2311,N20,VIIRS,n,2,277.04,1.05,N,0
55.15847,29.19967,297.82,0.41,0.61,2020-04-07,2311,N20,VIIRS,n,2,277.43,0.47,N,0
55.15836,29.20623,295.1,0.41,0.61,2020-04-07,2311,N20,VIIRS,n,2,278.01,0.47,N,0
55.13868,29.94777,301.22,0.38,0.59,2020-04-07,2311,N20,VIIRS,n,2,277.18,0.85,N,0
55.1112,29.95247,311.56,0.38,0.59,2020-04-07,2311,N20,VIIRS,n,2,277.6,1.11,N,0
55.09727,30.33066,308.39,0.37,0.58,2020-04-07,2311,N20,VIIRS,n,2,276.5,1.31,N,0
54.69575,29.56107,305.31,0.39,0.6,2020-04-07,2311,N20,VIIRS,n,2,275.76,1.91,N,0
54.69552,29.57351,319.92,0.39,0.6,2020-04-07,2311,N20,VIIRS,n,2,277.53,2.13,N,0
54.64717,29.26637,309.9,0.41,0.6,2020-04-07,2311,N20,VIIRS,n,2,273.7,1.22,N,0
54.41916,30.62857,302.38,0.36,0.57,2020-04-07,2311,N20,VIIRS,n,2,273.79,0.51,N,0
54.552,28.21364,301.57,0.45,0.63,2020-04-07,2311,N20,VIIRS,n,2,278.78,0.97,N,0
54.42078,30.62893,300.77,0.36,0.57,2020-04-07,2311,N20,VIIRS,n,2,273.88,0.37,N,0
54.27856,30.25535,296.29,0.37,0.58,2020-04-07,2311,N20,VIIRS,n,2,273.43,0.49,N,0
53.98421,31.41023,302.08,0.33,0.55,2020-04-07,2311,N20,VIIRS,n,2,274.32,0.91,N,0
53.8824,31.7999,304.08,0.63,0.54,2020-04-07,2311,N20,VIIRS,n,2,271.17,1.23,N,0
53.8773,31.66854,320.19,0.32,0.55,2020-04-07,2311,N20,VIIRS,n,2,272.87,2.03,N,0
53.86919,31.61285,297.16,0.32,0.55,2020-04-07,2311,N20,VIIRS,n,2,273.94,1.06,N,0
53.86901,31.61782,309.81,0.32,0.55,2020-04-07,2311,N20,VIIRS,n,2,275.39,1.19,N,0
53.86268,31.6518,301.22,0.32,0.55,2020-04-07,2311,N20,VIIRS,n,2,273.3,0.61,N,0
53.87376,31.6659,301.22,0.32,0.55,2020-04-07,2311,N20,VIIRS,n,2,272.97,0.98,N,0
53.87355,31.67079,297.41,0.32,0.55,2020-04-07,2311,N20,VIIRS,n,2,273.01,0.79,N,0
53.86589,31.61034,300.89,0.32,0.55,2020-04-07,2311,N20,VIIRS,n,2,275.54,0.95,N,0
53.86549,31.62021,301.84,0.32,0.55,2020-04-07,2311,N20,VIIRS,n,2,274.51,0.46,N,0
52.10483,26.60144,307.18,0.51,0.66,2020-04-07,2312,N20,VIIRS,n,2,275.05,1.78,N,0
52.20965,24.53536,300.24,0.63,0.72,2020-04-07,2312,N20,VIIRS,n,2,275.68,1.37,N,0
52.10016,27.64709,301.62,0.46,0.64,2020-04-07,2312,N20,VIIRS,n,2,274.62,0.91,N,0
52.09885,27.78398,301.32,0.46,0.63,2020-04-07,2312,N20,VIIRS,n,2,271.86,6.39,N,0
52.09866,26.60136,322.36,0.51,0.66,2020-04-07,2312,N20,VIIRS,n,2,276.91,1.78,N,0
52.09297,27.78372,349.99,0.46,0.63,2020-04-07,2312,N20,VIIRS,n,2,277.24,6.39,N,0
52.0929,27.79052,334.8,0.46,0.63,2020-04-07,2312,N20,VIIRS,n,2,278.2,7.46,N,0
52.09693,25.99382,298.53,0.54,0.68,2020-04-07,2312,N20,VIIRS,n,2,274.72,1.34,N,0
52.09866,26.59369,305.11,0.51,0.66,2020-04-07,2312,N20,VIIRS,n,2,275.91,1.78,N,0
52.09424,27.64684,304.92,0.46,0.64,2020-04-07,2312,N20,VIIRS,n,2,274.2,0.91,N,0
52.08709,27.78346,305.15,0.46,0.63,2020-04-07,2312,N20,VIIRS,n,2,274.84,1.75,N,0
52.11209,26.58615,296.41,0.51,0.66,2020-04-07,2312,N20,VIIRS,n,2,277.13,1.21,N,0
52.09472,27.78291,325.57,0.46,0.63,2020-04-07,2312,N20,VIIRS,n,2,274.91,8.62,N,0
52.09462,27.7897,367,0.46,0.63,2020-04-07,2312,N20,VIIRS,h,2,284.31,8.62,N,0
52.09661,27.64616,306.5,0.46,0.64,2020-04-07,2312,N20,VIIRS,n,2,273.53,2.08,N,0
52.09652,27.65305,314.19,0.46,0.64,2020-04-07,2312,N20,VIIRS,n,2,275.72,2.08,N,0
52.09969,26.60133,331.41,0.51,0.66,2020-04-07,2312,N20,VIIRS,n,2,277.92,2.65,N,0
52.08883,27.78267,335.32,0.46,0.63,2020-04-07,2312,N20,VIIRS,n,2,276.68,2.19,N,0
52.09972,26.59368,303.57,0.51,0.66,2020-04-07,2312,N20,VIIRS,n,2,276,2.26,N,0
52.09966,26.60896,295.78,0.51,0.66,2020-04-07,2312,N20,VIIRS,n,2,275.78,2.65,N,0
52.08873,27.78946,295.67,0.46,0.63,2020-04-07,2312,N20,VIIRS,n,2,274.69,2.19,N,0
52.09435,25.99425,298.93,0.54,0.68,2020-04-07,2312,N20,VIIRS,n,2,274.53,1.08,N,0
52.00694,26.29763,296.76,0.53,0.67,2020-04-07,2312,N20,VIIRS,n,2,272.78,1.3,N,0
52.00947,26.30417,297.69,0.53,0.67,2020-04-07,2312,N20,VIIRS,n,2,274.49,1.1,N,0
51.89674,29.34099,324.16,0.39,0.59,2020-04-07,2312,N20,VIIRS,n,2,279.07,1.3,N,2
51.89138,29.33473,297.67,0.39,0.59,2020-04-07,2312,N20,VIIRS,n,2,276.69,1.3,N,2
51.58148,28.37719,311.69,0.43,0.62,2020-04-07,2312,N20,VIIRS,n,2,281.39,1.51,N,0
52.19509,26.20069,367,0.53,0.67,2020-04-07,2312,N20,VIIRS,h,2,276.52,21.19,N,0
51.57576,28.37687,312.43,0.43,0.62,2020-04-07,2312,N20,VIIRS,n,2,279.85,1.51,N,0
51.57565,28.38316,299.26,0.43,0.62,2020-04-07,2312,N20,VIIRS,n,2,279.38,1.51,N,0
52.10022,27.64019,296.18,0.46,0.64,2020-04-07,2312,N20,VIIRS,n,2,273.65,0.91,N,0
52.45701,27.87174,352.02,0.45,0.63,2020-04-07,2312,N20,VIIRS,n,2,276.23,4.43,N,0
52.45693,27.87855,316.1,0.45,0.63,2020-04-07,2312,N20,VIIRS,n,2,275.03,5.06,N,0
52.45122,27.86469,302.09,0.45,0.63,2020-04-07,2312,N20,VIIRS,n,2,273.15,4.43,N,0
52.42149,25.38711,324.53,0.58,0.7,2020-04-07,2312,N20,VIIRS,n,2,277.91,3.9,N,0
52.4214,25.37835,303.73,0.58,0.7,2020-04-07,2312,N20,VIIRS,n,2,276.71,2.72,N,0
52.41483,25.36968,326.83,0.58,0.7,2020-04-07,2312,N20,VIIRS,n,2,279.21,2.72,N,3
52.41492,25.37844,297.22,0.58,0.7,2020-04-07,2312,N20,VIIRS,n,2,277.91,2.72,N,0
52.4153,25.4133,296.97,0.58,0.69,2020-04-07,2312,N20,VIIRS,n,2,277.57,1.89,N,0
52.41539,25.422,317.69,0.58,0.69,2020-04-07,2312,N20,VIIRS,n,2,279.4,2.89,N,0
52.40825,25.36097,299.87,0.58,0.7,2020-04-07,2312,N20,VIIRS,n,2,278.16,1.49,N,0
52.40855,25.38724,301.15,0.58,0.7,2020-04-07,2312,N20,VIIRS,n,2,278.23,5.16,N,0
52.40864,25.39596,319.79,0.58,0.7,2020-04-07,2312,N20,VIIRS,n,2,279.34,5.16,N,0
52.40218,25.39602,332.93,0.58,0.7,2020-04-07,2312,N20,VIIRS,n,2,279.52,5.16,N,0
52.40228,25.40472,367,0.58,0.7,2020-04-07,2312,N20,VIIRS,h,2,284.21,19.19,N,0
52.40197,25.37858,298.83,0.58,0.7,2020-04-07,2312,N20,VIIRS,n,2,276.78,1.8,N,0
52.3962,25.43948,323.45,0.58,0.69,2020-04-07,2312,N20,VIIRS,n,2,279.46,3.17,N,0
52.3955,25.37864,304.12,0.58,0.7,2020-04-07,2312,N20,VIIRS,n,2,276.4,1.19,N,0
52.39629,25.44814,315.04,0.57,0.69,2020-04-07,2312,N20,VIIRS,n,2,279.03,3.17,N,0
52.38838,25.32613,318.06,0.58,0.7,2020-04-07,2312,N20,VIIRS,n,2,277.08,3.6,N,0
52.38849,25.3349,316.66,0.58,0.7,2020-04-07,2312,N20,VIIRS,n,2,277.27,4.11,N,0
52.382,25.33496,322.73,0.58,0.7,2020-04-07,2312,N20,VIIRS,n,2,276.08,3.12,N,0
52.38211,25.34376,302.13,0.58,0.7,2020-04-07,2312,N20,VIIRS,n,2,276.08,3.12,N,0
52.38223,25.35252,301.46,0.58,0.7,2020-04-07,2312,N20,VIIRS,n,2,277.31,2.14,N,0
52.38328,25.43957,307.87,0.58,0.69,2020-04-07,2312,N20,VIIRS,n,2,276.95,2.61,N,0
52.37574,25.35257,326.46,0.58,0.7,2020-04-07,2312,N20,VIIRS,n,2,276.97,2.14,N,0
52.37672,25.43096,324.11,0.58,0.69,2020-04-07,2312,N20,VIIRS,n,2,278.56,3.9,N,0
52.42173,25.38195,303.31,0.58,0.7,2020-04-07,2312,N20,VIIRS,n,2,276.58,2.53,N,0
52.42179,25.39067,316.5,0.58,0.7,2020-04-07,2312,N20,VIIRS,n,2,277.95,2.53,N,0
52.41222,27.83713,297.9,0.45,0.63,2020-04-07,2312,N20,VIIRS,n,2,276.29,1.1,N,0
52.4152,25.37334,324.84,0.58,0.7,2020-04-07,2312,N20,VIIRS,n,2,278.89,2.71,N,0
52.41514,25.36459,296.42,0.58,0.7,2020-04-07,2312,N20,VIIRS,n,2,277.98,2.71,N,3
52.41549,25.41684,305.93,0.58,0.69,2020-04-07,2312,N20,VIIRS,n,2,277.82,1.66,N,0
52.41554,25.42551,310.09,0.58,0.69,2020-04-07,2312,N20,VIIRS,n,2,279.47,1.66,N,0
52.40885,25.39087,306.87,0.58,0.7,2020-04-07,2312,N20,VIIRS,n,2,279.18,2.98,N,0
52.40891,25.39956,313.96,0.58,0.7,2020-04-07,2312,N20,VIIRS,n,2,279.55,8.06,N,0
52.40244,25.39966,349.26,0.58,0.7,2020-04-07,2312,N20,VIIRS,n,2,280.96,8.06,N,0
52.4025,25.40834,367,0.58,0.69,2020-04-07,2312,N20,VIIRS,h,2,283.21,8.06,N,0
52.40232,25.38227,301.31,0.58,0.7,2020-04-07,2312,N20,VIIRS,n,2,277.51,2.98,N,0
52.39629,25.44307,322.21,0.57,0.69,2020-04-07,2312,N20,VIIRS,n,2,279.26,3.03,N,0
52.39585,25.38236,310.44,0.58,0.7,2020-04-07,2312,N20,VIIRS,n,2,276.63,0.83,N,0
52.39622,25.43441,309.64,0.58,0.69,2020-04-07,2312,N20,VIIRS,n,2,278.54,3.03,N,0
52.39634,25.45171,300.15,0.57,0.69,2020-04-07,2312,N20,VIIRS,n,2,278.7,2.55,N,0
52.38896,25.33005,325.66,0.58,0.7,2020-04-07,2312,N20,VIIRS,n,2,277.04,2.23,N,0
52.38903,25.3388,295.37,0.58,0.7,2020-04-07,2312,N20,VIIRS,n,2,276.14,2.23,N,0
52.38255,25.33891,327.67,0.58,0.7,2020-04-07,2312,N20,VIIRS,n,2,276.72,2.68,N,0
52.38247,25.33015,305.21,0.58,0.7,2020-04-07,2312,N20,VIIRS,n,2,275.48,2.68,N,0
52.38262,25.34768,300.66,0.58,0.7,2020-04-07,2312,N20,VIIRS,n,2,276.45,3.03,N,0
52.3833,25.43458,299.9,0.58,0.69,2020-04-07,2312,N20,VIIRS,n,2,276.51,1.52,N,0
52.38337,25.44324,298.57,0.57,0.69,2020-04-07,2312,N20,VIIRS,n,2,276.5,1.52,N,0
52.37621,25.3565,315.67,0.58,0.7,2020-04-07,2312,N20,VIIRS,n,2,277.36,3.03,N,0
52.37685,25.43466,317.03,0.58,0.69,2020-04-07,2312,N20,VIIRS,n,2,277.71,1.52,N,0
52.36974,25.35658,331.64,0.58,0.7,2020-04-07,2312,N20,VIIRS,n,2,276.94,4.93,N,0
52.36981,25.36529,301.91,0.58,0.7,2020-04-07,2312,N20,VIIRS,n,2,277.44,3.8,N,0
52.19512,26.20867,343.02,0.53,0.67,2020-04-07,2312,N20,VIIRS,n,2,286.69,42.16,N,0
52.19506,26.19269,302.41,0.53,0.67,2020-04-07,2312,N20,VIIRS,n,2,272.8,21.19,N,0
52.16444,28.87499,302.26,0.41,0.61,2020-04-07,2312,N20,VIIRS,n,2,272.58,2.19,N,0
52.15881,28.87461,342.29,0.41,0.61,2020-04-07,2312,N20,VIIRS,n,2,275.27,2.19,N,0
52.20681,24.53093,298.8,0.63,0.72,2020-04-07,2312,N20,VIIRS,n,2,275.99,1.4,N,0
52.19816,26.20381,296.88,0.53,0.67,2020-04-07,2312,N20,VIIRS,n,2,271.27,1.36,N,0
52.19189,26.19582,320.6,0.53,0.67,2020-04-07,2312,N20,VIIRS,n,2,274.7,14.33,N,0
52.19189,26.20378,367,0.53,0.67,2020-04-07,2312,N20,VIIRS,h,2,283.3,30.42,N,0
52.19189,26.21174,347.42,0.53,0.67,2020-04-07,2312,N20,VIIRS,n,2,277.46,30.42,N,0
52.1615,28.87578,325.03,0.41,0.61,2020-04-07,2312,N20,VIIRS,n,2,274.52,3.64,N,0
52.15588,28.87542,342.68,0.41,0.61,2020-04-07,2312,N20,VIIRS,n,2,276.05,3.64,N,0
52.15025,28.87506,321.26,0.41,0.61,2020-04-07,2312,N20,VIIRS,n,2,276.03,1.99,N,0
52.15677,27.29811,303.59,0.48,0.65,2020-04-07,2312,N20,VIIRS,n,2,277.3,1.69,N,0
52.15077,27.29792,303.21,0.48,0.65,2020-04-07,2312,N20,VIIRS,n,2,275.08,1.14,N,0
52.11721,28.54424,313.08,0.42,0.61,2020-04-07,2312,N20,VIIRS,n,2,273.19,1.29,N,0
52.12598,27.40374,305.39,0.47,0.64,2020-04-07,2312,N20,VIIRS,n,2,274.49,1.53,N,0
52.12333,26.6171,295.28,0.51,0.66,2020-04-07,2312,N20,VIIRS,n,2,277.78,0.76,N,0
52.11268,27.57143,321.5,0.47,0.64,2020-04-07,2312,N20,VIIRS,n,2,273.56,3.26,N,0
52.11101,26.58623,295.57,0.51,0.66,2020-04-07,2312,N20,VIIRS,n,2,277.15,1.07,N,0
52.09879,27.79078,354.92,0.46,0.63,2020-04-07,2312,N20,VIIRS,n,2,278.56,7.46,N,0
55.10201,30.67968,303.67,0.41,0.45,2020-04-08,0051,N20,VIIRS,n,2,277.4,0.58,N,0
55.34958,29.56771,314.47,0.56,0.43,2020-04-08,0051,N20,VIIRS,n,2,277.16,2.39,N,0
55.09421,30.33059,307.15,0.4,0.44,2020-04-08,0051,N20,VIIRS,n,2,276.63,1.03,N,0
55.14961,30.01082,304.23,0.39,0.44,2020-04-08,0051,N20,VIIRS,n,2,276.96,1.2,N,0
55.14824,30.01649,310.44,0.39,0.44,2020-04-08,0051,N20,VIIRS,n,2,277.86,1.2,N,0
55.11407,29.9575,300.83,0.39,0.44,2020-04-08,0051,N20,VIIRS,n,2,278.71,2.02,N,0
55.11269,29.9632,303.5,0.39,0.44,2020-04-08,0051,N20,VIIRS,n,2,278.56,2.02,N,0
55.11033,29.95479,333.69,0.39,0.44,2020-04-08,0051,N20,VIIRS,n,2,278.16,2.02,N,0
55.10894,29.96049,332.33,0.39,0.44,2020-04-08,0051,N20,VIIRS,n,2,278.71,2.02,N,0
55.21128,29.04545,321.35,0.54,0.42,2020-04-08,0051,N20,VIIRS,n,2,277.63,2.83,N,0
55.05421,29.70685,302.51,0.38,0.43,2020-04-08,0051,N20,VIIRS,n,2,277.41,0.75,N,0
55.16264,29.19818,295.11,0.55,0.43,2020-04-08,0051,N20,VIIRS,n,2,275.54,0.56,N,0
55.15708,29.20365,313.26,0.55,0.43,2020-04-08,0051,N20,VIIRS,n,2,276.07,2.25,N,0
55.16202,29.20009,297.65,0.55,0.43,2020-04-08,0051,N20,VIIRS,n,2,275.27,0.45,N,0
55.15649,29.20557,316.29,0.55,0.43,2020-04-08,0051,N20,VIIRS,n,2,277.18,1.95,N,0
55.09695,29.04115,310.98,0.55,0.42,2020-04-08,0051,N20,VIIRS,n,2,277.57,1.86,N,3
54.79183,30.25039,295.77,0.41,0.45,2020-04-08,0051,N20,VIIRS,n,2,277.66,0.84,N,0
54.79037,30.25627,300.13,0.41,0.45,2020-04-08,0051,N20,VIIRS,n,2,277.61,0.84,N,0
54.79208,30.2514,301.5,0.41,0.45,2020-04-08,0051,N20,VIIRS,n,2,277.53,0.73,N,0
54.69283,29.5746,331.82,0.39,0.44,2020-04-08,0051,N20,VIIRS,n,2,277.72,2.82,N,0
54.69553,29.56332,298.52,0.39,0.44,2020-04-08,0051,N20,VIIRS,n,2,276.55,0.84,N,0
54.42072,30.6295,295.5,0.43,0.46,2020-04-08,0051,N20,VIIRS,n,2,274.14,1.05,N,0
53.237,30.25686,336.2,0.45,0.47,2020-04-08,0052,N20,VIIRS,n,2,277.06,6.32,N,0
52.00641,26.29772,295.89,0.53,0.42,2020-04-08,0052,N20,VIIRS,n,2,271.51,0.68,N,0
51.57452,28.37401,311.61,0.43,0.46,2020-04-08,0052,N20,VIIRS,n,2,278.55,1.91,N,0
51.57309,28.37979,339.48,0.43,0.46,2020-04-08,0052,N20,VIIRS,n,2,281.57,4.91,N,0
51.57703,28.38226,348.58,0.43,0.46,2020-04-08,0052,N20,VIIRS,n,2,283.91,40.47,N,0
51.57845,28.37648,332.2,0.43,0.46,2020-04-08,0052,N20,VIIRS,n,2,283.19,4.05,N,0
51.57953,28.39052,317.36,0.43,0.46,2020-04-08,0052,N20,VIIRS,n,2,283.9,40.47,N,0
51.58237,28.37897,313.62,0.43,0.46,2020-04-08,0052,N20,VIIRS,n,2,280.07,4.05,N,0
51.58095,28.38475,341.04,0.43,0.46,2020-04-08,0052,N20,VIIRS,n,2,312,40.47,N,0
51.58346,28.393,318.28,0.43,0.46,2020-04-08,0052,N20,VIIRS,n,2,280.81,3.85,N,0
51.58488,28.38724,338.28,0.43,0.46,2020-04-08,0052,N20,VIIRS,n,2,279.89,3.85,N,0
52.18163,26.20368,316.54,0.52,0.41,2020-04-08,0052,N20,VIIRS,n,2,278.13,1.69,N,0
52.36386,25.36719,298.23,0.48,0.4,2020-04-08,0052,N20,VIIRS,n,2,274.66,1.29,N,0
52.18144,26.20246,320.11,0.52,0.41,2020-04-08,0052,N20,VIIRS,n,2,277.94,2.64,N,0
52.36882,25.36242,312.5,0.48,0.4,2020-04-08,0052,N20,VIIRS,n,2,276.75,2.17,N,0
52.09652,26.5982,334.46,0.54,0.42,2020-04-08,0052,N20,VIIRS,n,2,275.94,9.25,N,0
52.37026,25.35565,338.66,0.48,0.4,2020-04-08,0052,N20,VIIRS,n,2,277.48,2.91,N,0
52.37377,25.35763,317.34,0.48,0.4,2020-04-08,0052,N20,VIIRS,n,2,277.04,2.91,N,0
52.37521,25.35088,309.51,0.48,0.4,2020-04-08,0052,N20,VIIRS,n,2,275.14,2.91,N,0
52.0985,26.60779,342.24,0.54,0.42,2020-04-08,0052,N20,VIIRS,n,2,282.06,13.44,N,0
52.10018,26.60038,346.68,0.54,0.42,2020-04-08,0052,N20,VIIRS,n,2,279.14,9.25,N,0
52.18706,26.21387,341.33,0.52,0.41,2020-04-08,0052,N20,VIIRS,n,2,278.7,9.27,N,0
52.18866,26.20668,328.31,0.52,0.41,2020-04-08,0052,N20,VIIRS,n,2,276.54,3.7,N,0
52.19025,26.1995,320.81,0.52,0.41,2020-04-08,0052,N20,VIIRS,n,2,275.54,3.7,N,0
52.10215,26.60996,295.55,0.54,0.42,2020-04-08,0052,N20,VIIRS,n,2,275.03,0.66,N,0
52.38016,25.34612,316.5,0.48,0.4,2020-04-08,0052,N20,VIIRS,n,2,278.33,9.23,N,0
52.37872,25.35287,334.6,0.48,0.4,2020-04-08,0052,N20,VIIRS,n,2,277.91,4.17,N,0
52.38159,25.33937,349.65,0.48,0.4,2020-04-08,0052,N20,VIIRS,n,2,284.6,9.23,N,0
52.38303,25.33263,339.91,0.48,0.4,2020-04-08,0052,N20,VIIRS,n,2,275.79,3.34,N,0
52.38366,25.34809,305.45,0.48,0.4,2020-04-08,0052,N20,VIIRS,n,2,275.89,9.23,N,0
52.3851,25.34135,313.39,0.48,0.4,2020-04-08,0052,N20,VIIRS,n,2,275.82,9.23,N,0
52.38797,25.32787,310.59,0.48,0.4,2020-04-08,0052,N20,VIIRS,n,2,276.28,3.34,N,0
52.37832,25.4285,318.31,0.48,0.4,2020-04-08,0052,N20,VIIRS,n,2,276.84,2.36,N,0
52.37687,25.4353,331.31,0.48,0.4,2020-04-08,0052,N20,VIIRS,n,2,277.48,2.36,N,0
52.38038,25.43729,296.98,0.48,0.4,2020-04-08,0052,N20,VIIRS,n,2,275.6,2.36,N,0
52.40469,25.36,325.64,0.48,0.4,2020-04-08,0052,N20,VIIRS,n,2,277.92,3.06,N,0
52.39093,25.44328,297.86,0.48,0.4,2020-04-08,0052,N20,VIIRS,n,2,276.46,1.9,N,0
52.39237,25.43649,306.05,0.48,0.4,2020-04-08,0052,N20,VIIRS,n,2,278.31,1.9,N,0
52.40166,25.41134,312.06,0.48,0.4,2020-04-08,0052,N20,VIIRS,n,2,278.05,2.28,N,0
52.40597,25.39101,317.82,0.48,0.4,2020-04-08,0052,N20,VIIRS,n,2,278.45,2.49,N,0
52.39444,25.44527,328.42,0.48,0.4,2020-04-08,0052,N20,VIIRS,n,2,277.15,1.9,N,0
52.4031,25.40456,342.34,0.48,0.4,2020-04-08,0052,N20,VIIRS,n,2,280.28,5.39,N,0
52.40453,25.39779,327.59,0.48,0.4,2020-04-08,0052,N20,VIIRS,n,2,279.03,5.39,N,0
52.39796,25.44727,314.43,0.48,0.4,2020-04-08,0052,N20,VIIRS,n,2,274.44,1.06,N,0
52.40805,25.39978,301.95,0.48,0.4,2020-04-08,0052,N20,VIIRS,n,2,276.46,1.45,N,0
52.41378,25.37271,300.06,0.48,0.4,2020-04-08,0052,N20,VIIRS,n,2,276.61,3.94,N,0
52.40948,25.393,322.1,0.48,0.4,2020-04-08,0052,N20,VIIRS,n,2,277.79,2.39,N,0
52.41586,25.38146,297.12,0.48,0.4,2020-04-08,0052,N20,VIIRS,n,2,276.39,3.94,N,0
52.41729,25.3747,352.44,0.48,0.4,2020-04-08,0052,N20,VIIRS,n,2,280.12,3.94,N,3
52.41219,25.41731,314.2,0.48,0.4,2020-04-08,0052,N20,VIIRS,n,2,276.69,1.34,N,0
52.41793,25.39021,307.71,0.48,0.4,2020-04-08,0052,N20,VIIRS,n,2,276.85,1.26,N,0
52.41936,25.38345,312.9,0.48,0.4,2020-04-08,0052,N20,VIIRS,n,2,274.39,2.04,N,0
52.41427,25.42609,295.75,0.48,0.4,2020-04-08,0052,N20,VIIRS,n,2,275.8,1.34,N,0
52.42144,25.3922,297.5,0.48,0.4,2020-04-08,0052,N20,VIIRS,n,2,275.23,1.26,N,0
52.01007,27.38064,304.84,0.57,0.43,2020-04-08,0052,N20,VIIRS,n,2,273.6,1.16,N,0
52.16536,26.94388,298.28,0.55,0.43,2020-04-08,0052,N20,VIIRS,n,2,274.07,0.74,N,0
52.36143,26.29015,300.51,0.52,0.41,2020-04-08,0052,N20,VIIRS,n,2,275.87,1.61,N,0
52.36503,26.29226,300.43,0.52,0.41,2020-04-08,0052,N20,VIIRS,n,2,275.61,1.61,N,0
52.36345,26.29945,323.2,0.52,0.41,2020-04-08,0052,N20,VIIRS,n,2,277.63,1.61,N,0
52.12732,27.40512,307.42,0.57,0.43,2020-04-08,0052,N20,VIIRS,n,2,273.5,1.13,N,0
52.15253,27.29539,330.39,0.56,0.43,2020-04-08,0052,N20,VIIRS,n,2,277.9,4.63,N,0
52.15627,27.29768,334.21,0.56,0.43,2020-04-08,0052,N20,VIIRS,n,2,278.93,4.63,N,0
52.15187,27.29357,321.48,0.56,0.43,2020-04-08,0052,N20,VIIRS,n,2,276.5,4.92,N,0
52.12994,27.40527,296.01,0.57,0.43,2020-04-08,0052,N20,VIIRS,n,2,272.66,0.95,N,0
52.15561,27.29585,333.51,0.56,0.43,2020-04-08,0052,N20,VIIRS,n,2,279.2,6.8,N,0
52.10678,27.57656,309.41,0.39,0.44,2020-04-08,0052,N20,VIIRS,n,2,271.39,1.4,N,0
52.09418,27.64812,295.08,0.39,0.44,2020-04-08,0052,N20,VIIRS,n,2,273.55,0.92,N,0
52.1118,27.57358,345.72,0.39,0.44,2020-04-08,0052,N20,VIIRS,n,2,276.12,6.43,N,0
52.05446,27.83349,300.2,0.4,0.44,2020-04-08,0052,N20,VIIRS,n,2,275.03,0.5,N,0
52.09796,27.65047,321.49,0.39,0.44,2020-04-08,0052,N20,VIIRS,n,2,274.83,1.72,N,0
52.08765,27.78578,338.32,0.39,0.44,2020-04-08,0052,N20,VIIRS,n,2,278.99,4.06,N,0
52.09145,27.78815,330.18,0.39,0.44,2020-04-08,0052,N20,VIIRS,n,2,274.49,3.66,N,0
52.09525,27.79052,344.37,0.39,0.44,2020-04-08,0052,N20,VIIRS,n,2,275.61,3.66,N,0
51.89119,29.34205,312.85,0.45,0.47,2020-04-08,0052,N20,VIIRS,n,2,276.86,1.52,N,2
51.89521,29.34469,307.64,0.45,0.47,2020-04-08,0052,N20,VIIRS,n,2,277.02,1.52,N,2
51.88956,29.3409,298.12,0.45,0.47,2020-04-08,0052,N20,VIIRS,n,2,276.74,0.37,N,2
51.89359,29.34352,327.38,0.45,0.47,2020-04-08,0052,N20,VIIRS,n,2,278.03,2.07,N,2
52.11536,28.5496,302.92,0.42,0.45,2020-04-08,0052,N20,VIIRS,n,2,275.02,1.16,N,0
52.11925,28.5521,336.82,0.42,0.45,2020-04-08,0052,N20,VIIRS,n,2,275.08,6.44,N,0
52.15017,28.87613,321.02,0.43,0.46,2020-04-08,0052,N20,VIIRS,n,2,275.21,2.13,N,0
52.15409,28.8787,311.41,0.43,0.46,2020-04-08,0052,N20,VIIRS,n,2,275.55,1.88,N,0
52.15555,28.87283,320.07,0.43,0.46,2020-04-08,0052,N20,VIIRS,n,2,274.48,2.57,N,0
52.15802,28.88126,301.19,0.43,0.46,2020-04-08,0052,N20,VIIRS,n,2,275.82,1.88,N,0
52.41062,27.83797,301.41,0.39,0.44,2020-04-08,0052,N20,VIIRS,n,2,275.51,0.85,N,0
52.41188,27.83261,303.65,0.39,0.44,2020-04-08,0052,N20,VIIRS,n,2,274.78,0.73,N,0
52.15948,28.87539,332.36,0.43,0.46,2020-04-08,0052,N20,VIIRS,n,2,275.25,2.57,N,0
52.16195,28.88383,297.91,0.43,0.46,2020-04-08,0052,N20,VIIRS,n,2,274.98,1.26,N,0
52.16341,28.87795,319.45,0.43,0.46,2020-04-08,0052,N20,VIIRS,n,2,274.94,1.47,N,0
52.41439,27.84036,301.29,0.39,0.44,2020-04-08,0052,N20,VIIRS,n,2,278.5,0.72,N,0
52.47969,27.65394,297.05,0.57,0.43,2020-04-08,0052,N20,VIIRS,n,2,276.47,0.78,N,0
52.45086,27.86952,323.36,0.39,0.44,2020-04-08,0052,N20,VIIRS,n,2,274.05,3.27,N,0
52.45337,27.87728,350.33,0.39,0.44,2020-04-08,0052,N20,VIIRS,n,2,281.82,12.78,N,0
52.45463,27.8719,325.37,0.39,0.44,2020-04-08,0052,N20,VIIRS,n,2,273.73,3.27,N,0
53.26228,24.44968,295.74,0.44,0.38,2020-04-08,0052,N20,VIIRS,n,2,278.15,1.48,N,2
53.27156,24.44079,311.05,0.44,0.38,2020-04-08,0052,N20,VIIRS,n,2,276.75,1.66,N,2
52.79819,27.0983,298.19,0.54,0.42,2020-04-08,0052,N20,VIIRS,n,2,278.85,1.22,N,0
53.4999,24.4634,320.76,0.44,0.38,2020-04-08,0052,N20,VIIRS,n,2,277.38,1.65,N,0
52.83615,28.03283,296.31,0.38,0.43,2020-04-08,0052,N20,VIIRS,n,2,279.05,0.86,N,3
52.83741,28.02746,303.82,0.38,0.43,2020-04-08,0052,N20,VIIRS,n,2,279.05,0.86,N,0
52.8457,29.99009,316.51,0.45,0.47,2020-04-08,0052,N20,VIIRS,n,2,277.57,2.4,N,2
53.2354,30.26314,336.99,0.45,0.47,2020-04-08,0052,N20,VIIRS,n,2,280.13,6.32,N,0
53.23938,30.26597,339.48,0.45,0.47,2020-04-08,0052,N20,VIIRS,n,2,277.92,4.76,N,0
53.55984,28.9678,335.01,0.4,0.44,2020-04-08,0052,N20,VIIRS,n,2,277.82,3.99,N,0
53.56608,28.97855,296.12,0.4,0.44,2020-04-08,0052,N20,VIIRS,n,2,276.1,0.91,N,0
53.15367,30.89906,296.46,0.48,0.48,2020-04-08,0052,N20,VIIRS,n,2,272.12,1.08,N,0
53.15714,30.88584,327.57,0.48,0.48,2020-04-08,0052,N20,VIIRS,n,2,273.7,2.97,N,0
53.16122,30.88879,320.21,0.48,0.48,2020-04-08,0052,N20,VIIRS,n,2,274.98,2.97,N,0
53.52844,29.59024,319.35,0.42,0.45,2020-04-08,0052,N20,VIIRS,n,2,274.83,1.92,N,0
53.29222,31.42556,307.06,0.5,0.49,2020-04-08,0052,N20,VIIRS,n,2,275.09,1.81,N,0
53.30954,31.3974,325.54,0.49,0.49,2020-04-08,0052,N20,VIIRS,n,2,275.93,2.19,N,0
53.30484,31.55651,303.36,0.5,0.49,2020-04-08,0052,N20,VIIRS,n,2,274.66,1.42,N,0
53.30711,31.56655,319.18,0.5,0.49,2020-04-08,0052,N20,VIIRS,n,2,275.46,2.51,N,0
53.30833,31.61744,306.04,0.5,0.49,2020-04-08,0052,N20,VIIRS,n,2,271.7,1.2,N,0
53.66959,31.59794,296.55,0.49,0.49,2020-04-08,0052,N20,VIIRS,n,2,275.12,0.5,N,0
53.80746,31.61232,298.34,0.49,0.48,2020-04-08,0052,N20,VIIRS,n,2,273.92,0.75,N,0
53.78065,31.73178,310.62,0.49,0.49,2020-04-08,0052,N20,VIIRS,n,2,273.31,1.52,N,0
53.85187,31.62966,314.64,0.48,0.48,2020-04-08,0052,N20,VIIRS,n,2,275.78,4.19,N,0
53.85367,31.62283,336.21,0.48,0.48,2020-04-08,0052,N20,VIIRS,n,2,275.72,4.19,N,0
53.85414,31.63969,310.17,0.48,0.48,2020-04-08,0052,N20,VIIRS,n,2,274.58,1.78,N,0
53.8582,31.64285,318.28,0.48,0.48,2020-04-08,0052,N20,VIIRS,n,2,275.24,1.78,N,0
53.85206,31.62667,337.8,0.48,0.48,2020-04-08,0052,N20,VIIRS,n,2,277.43,5.45,N,0
53.8543,31.63665,305.21,0.48,0.48,2020-04-08,0052,N20,VIIRS,n,2,274.77,1.39,N,0
53.85836,31.63981,315.95,0.48,0.48,2020-04-08,0052,N20,VIIRS,n,2,274.24,1.39,N,0
53.87107,31.66573,316.76,0.49,0.48,2020-04-08,0052,N20,VIIRS,n,2,275.09,2.11,N,0
53.87514,31.66889,308.66,0.49,0.48,2020-04-08,0052,N20,VIIRS,n,2,274.28,1.42,N,0
53.88053,31.79636,323.77,0.49,0.49,2020-04-08,0052,N20,VIIRS,n,2,271.5,3.35,N,0
53.98635,31.4139,302.81,0.47,0.48,2020-04-08,0052,N20,VIIRS,n,2,273.39,1.62,N,0
54.64521,29.27164,300.25,0.57,0.43,2020-04-08,0052,N20,VIIRS,n,2,277.2,0.66,N,0
52.29308,31.3516,330.54,0.72,0.75,2020-04-08,0901,N20,VIIRS,n,2,287.39,3.68,D,0
52.35963,30.45617,328.19,0.77,0.77,2020-04-08,0901,N20,VIIRS,n,2,288.59,5.96,D,0
55.4852,28.60418,356.02,0.65,0.73,2020-04-08,0902,N20,VIIRS,l,2,284.23,11.03,D,0
55.48166,28.59567,332.03,0.65,0.73,2020-04-08,0902,N20,VIIRS,n,2,284.28,11.03,D,0
51.56407,28.41313,337.11,0.39,0.36,2020-04-08,1041,N20,VIIRS,n,2,299.27,7.39,D,0
51.56314,28.40762,346.44,0.39,0.36,2020-04-08,1041,N20,VIIRS,n,2,305.58,7.39,D,0
51.56221,28.40211,346.86,0.39,0.36,2020-04-08,1041,N20,VIIRS,n,2,301.55,3.83,D,0
51.56128,28.3966,325.59,0.39,0.36,2020-04-08,1041,N20,VIIRS,l,2,300.37,3.83,D,0
51.56035,28.39109,340.77,0.39,0.36,2020-04-08,1041,N20,VIIRS,n,2,307.11,14.16,D,0
51.56454,28.39519,332.74,0.39,0.36,2020-04-08,1041,N20,VIIRS,n,2,301.8,3.83,D,0
51.56361,28.38968,341.98,0.39,0.36,2020-04-08,1041,N20,VIIRS,n,2,297.08,14.16,D,0
51.56686,28.38827,341.07,0.39,0.36,2020-04-08,1041,N20,VIIRS,n,2,298.84,4.05,D,0
51.57337,28.38544,329.11,0.39,0.36,2020-04-08,1041,N20,VIIRS,n,2,296.58,3.29,D,0
51.57662,28.38403,334.61,0.39,0.36,2020-04-08,1041,N20,VIIRS,n,2,297.41,3.29,D,0
51.57569,28.37851,335.1,0.39,0.36,2020-04-08,1041,N20,VIIRS,n,2,298.55,3.29,D,0
51.58313,28.3812,348.27,0.39,0.36,2020-04-08,1041,N20,VIIRS,n,2,300.12,9.73,D,0
51.79433,28.71337,339.86,0.39,0.36,2020-04-08,1041,N20,VIIRS,n,2,301.31,11.59,D,0
51.55989,28.40903,329.32,0.39,0.36,2020-04-08,1041,N20,VIIRS,n,2,293.08,2.17,D,0
51.55896,28.40352,349.63,0.39,0.36,2020-04-08,1041,N20,VIIRS,n,2,297.19,11.65,D,0
51.55803,28.39801,355.1,0.39,0.36,2020-04-08,1041,N20,VIIRS,n,2,302.93,11.65,D,0
53.21145,28.3379,328.9,0.39,0.36,2020-04-08,1041,N20,VIIRS,n,2,292.09,1.63,D,0
53.66679,31.59134,329.41,0.4,0.37,2020-04-08,1041,N20,VIIRS,n,2,286.32,3.27,D,0
53.21698,29.0245,333.63,0.38,0.36,2020-04-08,1041,N20,VIIRS,n,2,293.98,2.68,D,0
52.58729,26.20394,341.9,0.41,0.37,2020-04-08,1041,N20,VIIRS,n,2,299.83,5.97,D,0
52.58398,26.20558,342.53,0.41,0.37,2020-04-08,1041,N20,VIIRS,n,2,295.93,3.4,D,0
51.94545,30.47361,332.29,0.39,0.36,2020-04-08,1041,N20,VIIRS,n,2,301.21,1.57,D,0
51.62083,27.84974,334.54,0.4,0.37,2020-04-08,1041,N20,VIIRS,n,2,295.99,2.99,D,0
52.42162,25.37695,353.35,0.43,0.38,2020-04-08,1041,N20,VIIRS,n,2,300.94,11.05,D,0
52.4228,25.3831,336.74,0.43,0.38,2020-04-08,1041,N20,VIIRS,n,2,299.35,11.52,D,0
52.42397,25.38925,351.72,0.43,0.38,2020-04-08,1041,N20,VIIRS,n,2,308.57,11.52,D,0
52.41825,25.37869,349.43,0.43,0.38,2020-04-08,1041,N20,VIIRS,n,2,299.1,11.05,D,0
52.41943,25.38484,342.09,0.43,0.38,2020-04-08,1041,N20,VIIRS,n,2,297.05,11.52,D,0
52.4206,25.39098,334.88,0.43,0.38,2020-04-08,1041,N20,VIIRS,n,2,295.6,11.52,D,0
52.41606,25.38658,335.81,0.43,0.38,2020-04-08,1041,N20,VIIRS,n,2,295.69,3.43,D,0
53.1559,29.72728,331.48,0.38,0.36,2020-04-08,1041,N20,VIIRS,n,2,294.24,1.98,D,0
52.40224,25.35314,348.46,0.43,0.38,2020-04-08,1041,N20,VIIRS,n,2,294.73,5.32,D,0
52.40594,25.39179,352.44,0.43,0.38,2020-04-08,1041,N20,VIIRS,n,2,299.6,10.81,D,0
52.41065,25.41635,341.16,0.43,0.38,2020-04-08,1041,N20,VIIRS,n,2,303.59,26.93,D,0
52.41183,25.42248,351.51,0.43,0.38,2020-04-08,1041,N20,VIIRS,n,2,304.53,26.93,D,0
52.413,25.42862,341.67,0.43,0.38,2020-04-08,1041,N20,VIIRS,n,2,296.13,6.8,D,0
52.40375,25.39967,349.31,0.43,0.38,2020-04-08,1041,N20,VIIRS,n,2,298.62,33.18,D,0
52.40493,25.40581,350.74,0.43,0.38,2020-04-08,1041,N20,VIIRS,n,2,296.5,9.34,D,0
52.40156,25.40754,347.05,0.43,0.38,2020-04-08,1041,N20,VIIRS,n,2,299.99,9.34,D,0
52.40274,25.41368,330.49,0.43,0.38,2020-04-08,1041,N20,VIIRS,n,2,296.18,9.34,D,0
52.38181,25.34339,327.2,0.43,0.38,2020-04-08,1041,N20,VIIRS,l,2,297.82,2.05,D,0
52.37844,25.34513,344.95,0.43,0.38,2020-04-08,1041,N20,VIIRS,n,2,301.31,7.14,D,0
52.37962,25.35128,337.2,0.43,0.38,2020-04-08,1041,N20,VIIRS,n,2,298.38,4.6,D,0
52.39851,25.44952,332.82,0.43,0.38,2020-04-08,1041,N20,VIIRS,n,2,295.98,13.66,D,0
53.09335,29.49577,329.52,0.38,0.36,2020-04-08,1041,N20,VIIRS,n,2,294.42,4.51,D,0
53.09421,29.5014,330.61,0.38,0.36,2020-04-08,1041,N20,VIIRS,n,2,294.28,4.51,D,0
52.39396,25.44512,331.89,0.43,0.38,2020-04-08,1041,N20,VIIRS,n,2,296.43,4.64,D,0
52.39514,25.45124,346.04,0.43,0.38,2020-04-08,1041,N20,VIIRS,n,2,303.69,13.66,D,0
53.09097,29.50276,345.89,0.38,0.36,2020-04-08,1041,N20,VIIRS,n,2,298.74,4.51,D,0
52.37359,25.43539,345.87,0.43,0.38,2020-04-08,1041,N20,VIIRS,n,2,304.56,50.09,D,0
52.37022,25.43711,335.87,0.43,0.38,2020-04-08,1041,N20,VIIRS,l,2,307.26,50.09,D,0
52.44889,25.86928,335.66,0.42,0.38,2020-04-08,1041,N20,VIIRS,n,2,302.17,13.87,D,0
52.44555,25.87096,352.23,0.42,0.38,2020-04-08,1041,N20,VIIRS,n,2,307.8,13.87,D,0
52.44221,25.87264,341.16,0.42,0.38,2020-04-08,1041,N20,VIIRS,n,2,303.9,19.73,D,0
52.37133,25.57735,354.64,0.43,0.38,2020-04-08,1041,N20,VIIRS,n,2,300.87,16.51,D,0
52.36914,25.58515,337.01,0.43,0.38,2020-04-08,1041,N20,VIIRS,n,2,299.01,5.28,D,0
52.35118,25.55558,342.41,0.43,0.38,2020-04-08,1041,N20,VIIRS,n,2,303.02,3.41,D,0
53.15808,30.88076,332.7,0.39,0.36,2020-04-08,1041,N20,VIIRS,n,2,296.76,3.85,D,0
53.14494,30.88585,336.47,0.39,0.36,2020-04-08,1041,N20,VIIRS,n,2,295.44,2.94,D,0
53.14165,30.88711,331.64,0.39,0.36,2020-04-08,1041,N20,VIIRS,n,2,293.26,2.94,D,0
52.84522,29.99287,326.02,0.39,0.36,2020-04-08,1041,N20,VIIRS,n,2,296.57,1.35,D,2
52.85268,30.37171,336.92,0.39,0.36,2020-04-08,1041,N20,VIIRS,n,2,302.83,23.04,D,0
52.45523,27.86911,331.5,0.39,0.36,2020-04-08,1041,N20,VIIRS,n,2,297.98,3.03,D,0
52.44968,27.87768,347.94,0.39,0.36,2020-04-08,1041,N20,VIIRS,n,2,297.62,6.36,D,0
52.44643,27.87916,332.4,0.39,0.36,2020-04-08,1041,N20,VIIRS,n,2,297.47,4.11,D,0
52.44739,27.88478,331.95,0.39,0.36,2020-04-08,1041,N20,VIIRS,n,2,301.32,3.83,D,0
52.09814,26.59871,332.14,0.41,0.37,2020-04-08,1041,N20,VIIRS,n,2,299.47,3.91,D,0
52.09378,26.59447,329.52,0.41,0.37,2020-04-08,1041,N20,VIIRS,l,2,301.16,3.91,D,0
52.09483,26.60031,355.82,0.41,0.37,2020-04-08,1041,N20,VIIRS,n,2,303.33,3.91,D,0
52.09589,26.60613,342.58,0.41,0.37,2020-04-08,1041,N20,VIIRS,n,2,302.26,4.79,D,0
52.343,28.02002,332.1,0.39,0.36,2020-04-08,1041,N20,VIIRS,n,2,300.21,1.16,D,0
52.68691,30.22091,329.24,0.39,0.36,2020-04-08,1041,N20,VIIRS,n,2,293.27,4.18,D,0
52.15188,27.29796,344.2,0.4,0.37,2020-04-08,1041,N20,VIIRS,n,2,300.49,14.1,D,0
52.15289,27.30365,339.61,0.4,0.37,2020-04-08,1041,N20,VIIRS,n,2,293.16,9.67,D,0
52.14961,27.30518,341.05,0.4,0.37,2020-04-08,1041,N20,VIIRS,n,2,297.77,9.67,D,0
52.10127,27.09288,334.24,0.4,0.37,2020-04-08,1041,N20,VIIRS,n,2,295.79,2.6,D,0
52.12093,27.53431,329.83,0.4,0.37,2020-04-08,1041,N20,VIIRS,n,2,294.67,1.7,D,0
52.12192,27.53996,333.66,0.4,0.37,2020-04-08,1041,N20,VIIRS,n,2,293.81,1.7,D,0
52.11179,27.56291,332.14,0.4,0.37,2020-04-08,1041,N20,VIIRS,n,2,296.82,7.6,D,0
52.11277,27.56856,355.26,0.4,0.37,2020-04-08,1041,N20,VIIRS,n,2,300.46,7.6,D,0
52.10852,27.56441,345,0.4,0.37,2020-04-08,1041,N20,VIIRS,n,2,303.39,8.09,D,0
52.09465,27.78938,341.57,0.39,0.37,2020-04-08,1041,N20,VIIRS,n,2,304.97,12.19,D,0
52.02746,27.90024,325.21,0.39,0.36,2020-04-08,1041,N20,VIIRS,l,2,296.28,1.06,D,0
52.13222,28.56504,345.28,0.39,0.36,2020-04-08,1041,N20,VIIRS,n,2,304.75,4.55,D,0
52.15807,28.87002,338.93,0.39,0.36,2020-04-08,1041,N20,VIIRS,n,2,298.11,4.14,D,0
52.15483,28.8714,344.38,0.39,0.36,2020-04-08,1041,N20,VIIRS,n,2,299.11,15.92,D,0
52.15069,28.86727,337.15,0.39,0.36,2020-04-08,1041,N20,VIIRS,n,2,307.09,15.92,D,0
52.15158,28.87279,346.72,0.39,0.36,2020-04-08,1041,N20,VIIRS,n,2,308.42,15.92,D,0
52.14745,28.86865,340.46,0.39,0.36,2020-04-08,1041,N20,VIIRS,n,2,297.45,7.57,D,0
52.32772,30.04601,330.32,0.38,0.36,2020-04-08,1041,N20,VIIRS,n,2,295.13,2.04,D,0
52.29433,31.35106,326.87,0.39,0.36,2020-04-08,1041,N20,VIIRS,n,2,294.1,2.06,D,0
52.0978,30.29944,343.02,0.38,0.36,2020-04-08,1041,N20,VIIRS,n,2,295.74,7.1,D,0
51.61052,27.36039,329.08,0.4,0.37,2020-04-08,1041,N20,VIIRS,n,2,303.64,2.23,D,0
51.79758,28.71198,327.74,0.39,0.36,2020-04-08,1041,N20,VIIRS,l,2,298.78,11.59,D,0
51.89198,29.34009,328.36,0.38,0.36,2020-04-08,1041,N20,VIIRS,l,2,301.51,2.03,D,2
54.18932,28.27318,331.13,0.38,0.36,2020-04-08,1041,N20,VIIRS,n,2,293.09,2.4,D,0
53.48008,26.3049,327.49,0.4,0.37,2020-04-08,1041,N20,VIIRS,l,2,298.02,4.04,D,0
53.31644,26.27321,330.37,0.41,0.37,2020-04-08,1041,N20,VIIRS,n,2,292.31,1.43,D,0
52.97705,25.54662,335.08,0.42,0.38,2020-04-08,1041,N20,VIIRS,l,2,306.12,8.57,D,0
52.9782,25.5527,326.51,0.42,0.38,2020-04-08,1041,N20,VIIRS,l,2,299.71,4.93,D,0
55.48583,28.60187,330.77,0.38,0.36,2020-04-08,1042,N20,VIIRS,n,2,290.91,9.66,D,0
54.43225,27.31268,328.74,0.39,0.36,2020-04-08,1042,N20,VIIRS,n,2,290.1,3.72,D,0
54.05357,25.60774,338.45,0.41,0.37,2020-04-08,1042,N20,VIIRS,n,2,297.03,8.01,D,0
52.40057,25.41558,349.23,0.69,0.74,2020-04-08,1222,N20,VIIRS,n,2,291.7,23.99,D,0
52.4008,25.40522,335.71,0.68,0.74,2020-04-08,1222,N20,VIIRS,n,2,293.57,23.99,D,0
52.40103,25.39488,325.02,0.68,0.74,2020-04-08,1222,N20,VIIRS,n,2,292.82,7.6,D,0
52.40194,25.35368,329.08,0.68,0.74,2020-04-08,1222,N20,VIIRS,n,2,287.62,1.22,D,0
52.40701,25.43694,367,0.69,0.74,2020-04-08,1222,N20,VIIRS,h,2,290.74,44.33,D,0
52.40724,25.42657,351.68,0.69,0.74,2020-04-08,1222,N20,VIIRS,n,2,303.77,44.33,D,0
52.40747,25.41618,344.39,0.69,0.74,2020-04-08,1222,N20,VIIRS,n,2,301.28,23.99,D,0
52.3642,25.44496,353.55,0.69,0.74,2020-04-08,1222,N20,VIIRS,n,2,296.44,16.49,D,0
52.36449,25.43458,335.88,0.69,0.74,2020-04-08,1222,N20,VIIRS,n,2,289.63,16.49,D,0
52.3639,25.45535,356.32,0.69,0.74,2020-04-08,1222,N20,VIIRS,l,2,288.32,27.2,D,0
52.37111,25.44551,367,0.69,0.74,2020-04-08,1222,N20,VIIRS,h,2,293.78,16.49,D,0
52.36726,25.58152,331.51,0.7,0.75,2020-04-08,1222,N20,VIIRS,n,2,292.78,5.58,D,0
52.37802,25.44607,344.67,0.69,0.74,2020-04-08,1222,N20,VIIRS,n,2,292.02,5.22,D,0
52.3783,25.43568,327.43,0.69,0.74,2020-04-08,1222,N20,VIIRS,n,2,291.93,5.22,D,0
52.39847,25.45817,340.16,0.69,0.74,2020-04-08,1222,N20,VIIRS,n,2,290.05,6.71,D,0
52.37914,25.44492,340.94,0.69,0.74,2020-04-08,1222,N20,VIIRS,n,2,292.14,8.91,D,0
52.39986,25.40622,342.16,0.69,0.74,2020-04-08,1222,N20,VIIRS,n,2,293.25,11.5,D,0
52.4012,25.35464,333.15,0.68,0.74,2020-04-08,1222,N20,VIIRS,n,2,289.59,2.98,D,0
52.40594,25.43791,338.63,0.69,0.74,2020-04-08,1222,N20,VIIRS,n,2,288.67,24.13,D,0
52.40621,25.42754,354.58,0.69,0.74,2020-04-08,1222,N20,VIIRS,n,2,303.21,36.68,D,0
52.40648,25.41714,348.19,0.69,0.74,2020-04-08,1222,N20,VIIRS,n,2,303.98,36.68,D,0
52.41312,25.42808,336.12,0.69,0.74,2020-04-08,1222,N20,VIIRS,n,2,292.1,36.68,D,0
52.41419,25.38665,329.08,0.68,0.74,2020-04-08,1222,N20,VIIRS,n,2,293.05,3.7,D,0
52.42135,25.37693,326.77,0.68,0.74,2020-04-08,1222,N20,VIIRS,n,2,290.67,3.71,D,0
52.49538,26.01418,327.84,0.73,0.76,2020-04-08,1222,N20,VIIRS,n,2,292.49,4.22,D,0
52.57819,26.2177,367,0.74,0.76,2020-04-08,1222,N20,VIIRS,h,2,293.08,27.19,D,0
52.58562,26.20722,332.52,0.74,0.76,2020-04-08,1222,N20,VIIRS,n,2,298.06,6.08,D,0
52.57425,26.20823,342.24,0.74,0.76,2020-04-08,1222,N20,VIIRS,n,2,296.34,11.83,D,0
52.58135,26.20895,367,0.74,0.76,2020-04-08,1222,N20,VIIRS,h,2,298.35,11.83,D,0
52.36895,25.58025,353.31,0.7,0.75,2020-04-08,1222,N20,VIIRS,n,2,294.44,9.67,D,0
52.37223,25.44432,367,0.69,0.74,2020-04-08,1222,N20,VIIRS,h,2,294.09,8.91,D,0
52.36557,25.43335,327.37,0.69,0.74,2020-04-08,1222,N20,VIIRS,n,2,289.79,5.04,D,0
52.36533,25.44373,367,0.69,0.74,2020-04-08,1222,N20,VIIRS,h,2,293.77,20.27,D,0
52.36508,25.45411,367,0.69,0.74,2020-04-08,1222,N20,VIIRS,h,2,290.97,20.27,D,0
52.24292,24.36815,337.42,0.62,0.71,2020-04-08,1222,N20,VIIRS,n,2,294.28,5.23,D,0
52.39958,25.41658,339.44,0.69,0.74,2020-04-08,1222,N20,VIIRS,n,2,290.83,10.82,D,0
52.3932,25.43576,329.28,0.69,0.74,2020-04-08,1222,N20,VIIRS,n,2,289.52,3.33,D,0
52.39964,25.45714,348.73,0.69,0.74,2020-04-08,1222,N20,VIIRS,n,2,291.43,9.43,D,0
52.37199,25.45471,339.11,0.69,0.74,2020-04-08,1222,N20,VIIRS,n,2,288.45,8.91,D,0
53.11714,30.59194,306.06,0.56,0.68,2020-04-08,2252,N20,VIIRS,n,2,271.26,1.78,N,0
52.84715,29.9906,334.01,0.59,0.7,2020-04-08,2252,N20,VIIRS,n,2,274.39,5.12,N,2
52.84637,29.98918,338.65,0.59,0.7,2020-04-08,2252,N20,VIIRS,n,2,274.6,5.76,N,2
55.4888,28.59198,308.32,0.67,0.74,2020-04-08,2252,N20,VIIRS,n,2,261.38,1.11,N,0
52.12598,27.53514,312.1,0.75,0.77,2020-04-08,2253,N20,VIIRS,n,2,272.35,2.37,N,0
52.15893,28.86617,325.88,0.65,0.73,2020-04-08,2253,N20,VIIRS,n,2,271.41,4.71,N,0
52.12876,27.53143,307.93,0.75,0.77,2020-04-08,2253,N20,VIIRS,n,2,271.9,1.73,N,0
51.89757,29.33711,305.78,0.62,0.72,2020-04-08,2253,N20,VIIRS,n,2,276.17,1.79,N,0
51.89399,29.34202,296.53,0.62,0.72,2020-04-08,2253,N20,VIIRS,n,2,275.33,1.19,N,2
51.89383,29.33262,298.55,0.63,0.72,2020-04-08,2253,N20,VIIRS,n,2,276.41,1.19,N,2
52.1228,27.54137,303.78,0.42,0.38,2020-04-09,0033,N20,VIIRS,n,2,274.32,1.58,N,0
52.12392,27.53547,321.68,0.42,0.38,2020-04-09,0033,N20,VIIRS,n,2,271.77,1.58,N,0
52.84657,29.99183,339.86,0.47,0.4,2020-04-09,0033,N20,VIIRS,n,2,276.28,5.45,N,2
53.89842,23.98316,334.09,0.39,0.36,2020-04-09,0033,N20,VIIRS,n,2,257.23,3.26,N,0
53.27019,24.4438,303.44,0.38,0.36,2020-04-09,0033,N20,VIIRS,n,2,270.86,1.17,N,2
53.26284,24.44662,296.7,0.38,0.36,2020-04-09,0033,N20,VIIRS,n,2,271.55,0.86,N,2
52.15874,28.86582,326.61,0.45,0.39,2020-04-09,0033,N20,VIIRS,n,2,270.12,2.3,N,0
52.15748,28.87212,310.98,0.45,0.39,2020-04-09,0033,N20,VIIRS,n,2,270.26,2.3,N,0
51.89221,29.33968,317.33,0.47,0.39,2020-04-09,0033,N20,VIIRS,n,2,275.61,2.01,N,2
52.24229,26.86329,304.36,0.41,0.37,2020-04-09,0033,N20,VIIRS,n,2,274.83,1.82,N,0
55.48654,28.5986,338.4,0.4,0.37,2020-04-09,0033,N20,VIIRS,n,2,264.29,5.18,N,0
54.68359,29.94415,304.92,0.44,0.38,2020-04-09,0033,N20,VIIRS,n,2,268.46,1.26,N,0
54.68231,29.95054,297,0.44,0.38,2020-04-09,0033,N20,VIIRS,n,2,270.46,0.82,N,0
54.67896,29.94857,296.85,0.44,0.38,2020-04-09,0033,N20,VIIRS,n,2,267.4,1.19,N,0
54.02552,31.47725,298.36,0.49,0.4,2020-04-09,0033,N20,VIIRS,n,2,267.45,0.64,N,0
53.11803,30.59517,316.15,0.48,0.4,2020-04-09,0033,N20,VIIRS,n,2,272.22,2,N,0
52.85418,29.99646,303.77,0.47,0.4,2020-04-09,0033,N20,VIIRS,n,2,280.38,1.15,N,2
52.85349,29.99576,301.17,0.47,0.4,2020-04-09,0033,N20,VIIRS,n,2,280.1,1.42,N,2
51.57622,29.24975,303.88,0.47,0.4,2020-04-09,0034,N20,VIIRS,n,2,278.6,1.68,N,0
51.5797,29.25161,301.49,0.47,0.4,2020-04-09,0034,N20,VIIRS,n,2,276.71,1.13,N,0
51.58105,29.24512,297.47,0.47,0.4,2020-04-09,0034,N20,VIIRS,n,2,275.82,2.74,N,0
52.37213,25.45842,302,0.39,0.36,2020-04-09,0034,N20,VIIRS,n,2,271.96,1.2,N,0
52.37631,25.45432,303.96,0.39,0.36,2020-04-09,0034,N20,VIIRS,n,2,269.6,0.96,N,0
52.39761,25.45196,301.24,0.39,0.36,2020-04-09,0034,N20,VIIRS,n,2,270.19,1.06,N,0
52.40743,25.4145,303.34,0.39,0.36,2020-04-09,0034,N20,VIIRS,n,2,269.81,0.62,N,0
52.13711,27.08173,302.25,0.41,0.37,2020-04-09,0034,N20,VIIRS,n,2,269.45,0.88,N,0
51.57274,29.24789,303.18,0.47,0.4,2020-04-09,0034,N20,VIIRS,n,2,275.64,1.68,N,0
52.2384,29.74378,343.74,0.45,0.39,2020-04-09,1022,N20,VIIRS,n,2,299.52,4.76,D,0
54.19602,30.19536,337.21,0.41,0.37,2020-04-09,1022,N20,VIIRS,n,2,289.29,5.6,D,0
53.71517,28.18151,355.51,0.46,0.39,2020-04-09,1022,N20,VIIRS,n,2,297,8.81,D,0
53.71655,28.1882,355.48,0.46,0.39,2020-04-09,1022,N20,VIIRS,n,2,296.01,8.81,D,0
53.71793,28.1949,355.28,0.46,0.39,2020-04-09,1022,N20,VIIRS,n,2,295.12,23.18,D,0
53.71172,28.18351,326.04,0.46,0.39,2020-04-09,1022,N20,VIIRS,n,2,295.26,8.81,D,0
53.71741,28.1801,340.71,0.46,0.39,2020-04-09,1022,N20,VIIRS,n,2,292.45,7.68,D,0
53.71876,28.18681,337.42,0.46,0.39,2020-04-09,1022,N20,VIIRS,n,2,290.14,7.77,D,0
53.72012,28.19353,345.53,0.46,0.39,2020-04-09,1022,N20,VIIRS,n,2,284.54,7.77,D,0
53.71396,28.18211,355.38,0.46,0.39,2020-04-09,1022,N20,VIIRS,n,2,296.06,7.68,D,0
53.71532,28.18883,342.89,0.46,0.39,2020-04-09,1022,N20,VIIRS,n,2,295.39,7.77,D,0
53.71668,28.19554,367,0.46,0.39,2020-04-09,1022,N20,VIIRS,h,2,296.62,7.77,D,0
53.06317,25.75534,334.65,0.57,0.43,2020-04-09,1022,N20,VIIRS,n,2,301.52,9.77,D,0
53.06504,25.76336,331.32,0.57,0.43,2020-04-09,1022,N20,VIIRS,n,2,296.57,10.18,D,0
53.06461,25.75506,332.72,0.57,0.43,2020-04-09,1022,N20,VIIRS,n,2,299.55,4.25,D,0
53.06645,25.7631,331.07,0.57,0.43,2020-04-09,1022,N20,VIIRS,n,2,295.84,4.25,D,0
53.06087,25.75746,335.16,0.57,0.43,2020-04-09,1022,N20,VIIRS,n,2,300.96,4.25,D,0
53.06271,25.76551,331.59,0.57,0.43,2020-04-09,1022,N20,VIIRS,n,2,298.03,4.25,D,0
53.04774,25.77498,335.56,0.57,0.43,2020-04-09,1022,N20,VIIRS,n,2,298.37,6.73,D,0
53.42119,27.63483,330.89,0.49,0.4,2020-04-09,1022,N20,VIIRS,n,2,290.03,2.81,D,0
54.06747,31.0013,345.2,0.4,0.37,2020-04-09,1022,N20,VIIRS,n,2,293.98,6.71,D,0
54.13383,31.46138,337.59,0.39,0.37,2020-04-09,1022,N20,VIIRS,n,2,293.86,4.36,D,0
54.10036,31.50463,326.1,0.39,0.36,2020-04-09,1022,N20,VIIRS,n,2,292.74,1.44,D,0
54.01183,31.19799,327.92,0.4,0.37,2020-04-09,1022,N20,VIIRS,n,2,290.41,2.13,D,0
54.04036,31.4837,334.84,0.39,0.37,2020-04-09,1022,N20,VIIRS,n,2,289.89,2.45,D,0
54.03284,31.48108,326.94,0.39,0.37,2020-04-09,1022,N20,VIIRS,n,2,292.13,3.26,D,0
54.02858,31.47683,340.82,0.39,0.37,2020-04-09,1022,N20,VIIRS,n,2,292.74,3.26,D,0
54.0296,31.4827,341.92,0.39,0.37,2020-04-09,1022,N20,VIIRS,n,2,292.34,3.26,D,0
52.9059,26.07984,334.28,0.56,0.43,2020-04-09,1022,N20,VIIRS,n,2,299.04,8.34,D,0
52.29247,23.62671,325.68,0.48,0.48,2020-04-09,1022,N20,VIIRS,l,2,297.81,7.71,D,0
52.29003,23.63602,349.12,0.48,0.48,2020-04-09,1022,N20,VIIRS,n,2,300.09,7.71,D,0
52.2917,23.64256,349.62,0.48,0.48,2020-04-09,1022,N20,VIIRS,n,2,297.25,11.79,D,0
53.9718,31.69048,331.14,0.39,0.36,2020-04-09,1022,N20,VIIRS,n,2,287.44,3.93,D,0
53.93262,31.72865,327.08,0.39,0.36,2020-04-09,1022,N20,VIIRS,n,2,289.08,3.12,D,0
53.29079,28.39853,346.25,0.47,0.39,2020-04-09,1022,N20,VIIRS,n,2,299.16,8.7,D,0
53.28869,28.40717,346.45,0.46,0.39,2020-04-09,1022,N20,VIIRS,n,2,300.01,7.21,D,0
53.2914,28.4205,336.45,0.46,0.39,2020-04-09,1022,N20,VIIRS,n,2,297.54,4.98,D,0
53.2941,28.4338,328.05,0.46,0.39,2020-04-09,1022,N20,VIIRS,l,2,298.18,35.89,D,0
53.29545,28.44046,332.52,0.46,0.39,2020-04-09,1022,N20,VIIRS,n,2,294.7,35.89,D,0
53.2893,28.42911,339.31,0.46,0.39,2020-04-09,1022,N20,VIIRS,n,2,293.1,4.98,D,0
53.29065,28.43577,355.67,0.46,0.39,2020-04-09,1022,N20,VIIRS,n,2,300.7,35.89,D,0
53.28977,28.48829,327.58,0.46,0.39,2020-04-09,1022,N20,VIIRS,n,2,296.45,3.22,D,0
53.87552,31.75783,334.67,0.39,0.36,2020-04-09,1022,N20,VIIRS,n,2,291.25,3.7,D,0
53.87327,31.76523,340.69,0.39,0.36,2020-04-09,1022,N20,VIIRS,n,2,292.16,8.27,D,0
53.76038,31.46877,326.98,0.4,0.37,2020-04-09,1022,N20,VIIRS,n,2,284.26,1.34,D,0
53.76358,31.73251,328.73,0.39,0.36,2020-04-09,1022,N20,VIIRS,n,2,288.75,6.08,D,0
53.76033,31.7341,344.97,0.39,0.36,2020-04-09,1022,N20,VIIRS,n,2,291.79,6.08,D,0
53.75709,31.73569,332.64,0.39,0.36,2020-04-09,1022,N20,VIIRS,n,2,291.52,3.28,D,0
53.75808,31.7415,343.29,0.39,0.36,2020-04-09,1022,N20,VIIRS,n,2,289.43,3.28,D,0
52.37768,25.30165,330.4,0.41,0.45,2020-04-09,1022,N20,VIIRS,n,2,295.78,2.17,D,0
52.37903,25.30732,330.95,0.41,0.45,2020-04-09,1022,N20,VIIRS,n,2,294.42,2.17,D,0
53.6875,31.75311,346.19,0.39,0.36,2020-04-09,1022,N20,VIIRS,n,2,291.36,7.45,D,0
53.68226,31.74309,331.77,0.39,0.36,2020-04-09,1022,N20,VIIRS,n,2,290.11,5.93,D,0
53.68325,31.74889,355.74,0.39,0.36,2020-04-09,1022,N20,VIIRS,n,2,292.54,5.93,D,0
52.39683,25.43871,347.37,0.4,0.45,2020-04-09,1022,N20,VIIRS,n,2,303.16,49.78,D,0
52.39948,25.44991,334.37,0.4,0.45,2020-04-09,1022,N20,VIIRS,n,2,295.41,74.8,D,0
53.67901,31.74468,351.69,0.39,0.36,2020-04-09,1022,N20,VIIRS,n,2,295.3,5.93,D,0
52.39816,25.44431,367,0.4,0.45,2020-04-09,1022,N20,VIIRS,h,2,328.56,74.8,D,0
52.39299,25.44115,331.2,0.4,0.45,2020-04-09,1022,N20,VIIRS,n,2,298.05,3.51,D,0
52.39563,25.45235,345.93,0.4,0.45,2020-04-09,1022,N20,VIIRS,n,2,300.33,5.83,D,0
52.39431,25.44676,367,0.4,0.45,2020-04-09,1022,N20,VIIRS,h,2,301.65,5.83,D,0
52.3776,25.45092,340.28,0.4,0.45,2020-04-09,1022,N20,VIIRS,n,2,302.85,9,D,0
52.37893,25.45652,354.68,0.4,0.45,2020-04-09,1022,N20,VIIRS,n,2,305.05,59.56,D,0
52.37375,25.45336,333.52,0.4,0.45,2020-04-09,1022,N20,VIIRS,n,2,295.48,9,D,0
52.37642,25.46455,352.36,0.4,0.45,2020-04-09,1022,N20,VIIRS,n,2,301.98,59.56,D,0
52.37774,25.47015,337.98,0.4,0.45,2020-04-09,1022,N20,VIIRS,n,2,294.1,1.87,D,0
52.37124,25.4614,354.71,0.4,0.45,2020-04-09,1022,N20,VIIRS,n,2,302.1,15.53,D,0
52.37257,25.46699,355.38,0.4,0.45,2020-04-09,1022,N20,VIIRS,n,2,301.37,15.53,D,0
52.58033,26.52675,326.23,0.55,0.43,2020-04-09,1022,N20,VIIRS,n,2,294.31,14.68,D,0
52.58208,26.53445,355.11,0.55,0.43,2020-04-09,1022,N20,VIIRS,n,2,300.35,14.68,D,0
52.57663,26.52899,328.21,0.55,0.43,2020-04-09,1022,N20,VIIRS,n,2,295.17,22.2,D,0
52.57838,26.53669,342.99,0.55,0.43,2020-04-09,1022,N20,VIIRS,n,2,303.04,22.2,D,0
53.10773,29.10086,331.99,0.45,0.39,2020-04-09,1022,N20,VIIRS,n,2,299.23,9.49,D,0
53.17235,29.4256,332,0.44,0.38,2020-04-09,1022,N20,VIIRS,n,2,296.91,7.96,D,0
53.10755,29.09481,328,0.45,0.39,2020-04-09,1022,N20,VIIRS,n,2,298.05,4.38,D,0
53.10881,29.10124,332.32,0.45,0.39,2020-04-09,1022,N20,VIIRS,n,2,297.99,5.32,D,0
53.17125,29.42033,325.83,0.44,0.38,2020-04-09,1022,N20,VIIRS,n,2,294.99,5.47,D,0
53.17247,29.42665,331.22,0.44,0.38,2020-04-09,1022,N20,VIIRS,n,2,294.65,5.47,D,0
53.42367,30.86614,334.12,0.41,0.37,2020-04-09,1022,N20,VIIRS,n,2,291.26,2.27,D,0
52.18517,24.99472,332.68,0.43,0.46,2020-04-09,1022,N20,VIIRS,n,2,299.11,2.92,D,0
52.83744,28.01521,328.06,0.49,0.4,2020-04-09,1022,N20,VIIRS,n,2,300.73,2.33,D,0
53.4882,31.99044,335.92,0.39,0.36,2020-04-09,1022,N20,VIIRS,n,2,288.34,5.07,D,0
52.10771,25.31855,327.54,0.42,0.45,2020-04-09,1022,N20,VIIRS,l,2,300.67,2.1,D,0
53.41607,32.15714,329.61,0.39,0.36,2020-04-09,1022,N20,VIIRS,n,2,282.28,2.63,D,0
53.26641,31.31382,325.92,0.4,0.37,2020-04-09,1022,N20,VIIRS,n,2,288.52,0.96,D,0
53.23887,31.35922,336.4,0.4,0.37,2020-04-09,1022,N20,VIIRS,n,2,288.27,3.87,D,0
53.2356,31.36084,338.9,0.4,0.37,2020-04-09,1022,N20,VIIRS,n,2,288.56,3.87,D,0
52.12263,26.16763,339.5,0.39,0.44,2020-04-09,1022,N20,VIIRS,n,2,298.53,3.36,D,0
52.12377,26.19133,338.35,0.39,0.44,2020-04-09,1022,N20,VIIRS,n,2,296.56,3.46,D,0
52.1163,26.17763,340.61,0.39,0.44,2020-04-09,1022,N20,VIIRS,n,2,297.57,11.83,D,0
52.11753,26.18297,353.89,0.39,0.44,2020-04-09,1022,N20,VIIRS,n,2,302.08,11.83,D,0
52.9972,30.76098,335.34,0.41,0.37,2020-04-09,1022,N20,VIIRS,n,2,299.51,18.6,D,0
52.8441,29.9895,332.44,0.43,0.38,2020-04-09,1022,N20,VIIRS,n,2,300.44,2.47,D,2
53.26212,32.39445,344.85,0.39,0.36,2020-04-09,1022,N20,VIIRS,n,2,289.99,6.49,D,0
53.26307,32.40015,326.67,0.39,0.36,2020-04-09,1022,N20,VIIRS,n,2,283.95,6.49,D,0
53.25983,32.40166,330.81,0.39,0.36,2020-04-09,1022,N20,VIIRS,n,2,283,3.66,D,0
52.093,26.53653,326.41,0.56,0.43,2020-04-09,1022,N20,VIIRS,n,2,299.69,2.35,D,0
52.26912,27.60879,334.94,0.51,0.41,2020-04-09,1022,N20,VIIRS,n,2,292.25,6.1,D,0
52.27069,27.61598,329.69,0.51,0.41,2020-04-09,1022,N20,VIIRS,n,2,292.58,6.1,D,0
53.15736,32.2096,332.23,0.39,0.36,2020-04-09,1022,N20,VIIRS,n,2,287.35,2.15,D,0
52.95317,31.07043,343.46,0.41,0.37,2020-04-09,1022,N20,VIIRS,n,2,298.08,17.57,D,0
52.94987,31.07207,345.94,0.41,0.37,2020-04-09,1022,N20,VIIRS,n,2,296.67,8.43,D,0
51.94097,26.51958,331.6,0.57,0.43,2020-04-09,1022,N20,VIIRS,n,2,297.98,2.04,D,0
52.83075,30.89389,336.06,0.41,0.37,2020-04-09,1022,N20,VIIRS,n,2,298.85,4.03,D,0
51.9827,26.77716,326.42,0.56,0.43,2020-04-09,1022,N20,VIIRS,l,2,298.63,4.5,D,0
51.97898,26.77937,335.75,0.56,0.43,2020-04-09,1022,N20,VIIRS,n,2,301.88,4.5,D,0
51.98072,26.78705,330.12,0.56,0.43,2020-04-09,1022,N20,VIIRS,n,2,296.67,4.5,D,0
52.12727,27.53562,334.36,0.52,0.42,2020-04-09,1022,N20,VIIRS,n,2,297.41,24.62,D,0
52.12365,27.53771,346.05,0.52,0.42,2020-04-09,1022,N20,VIIRS,n,2,311.58,24.62,D,0
52.01001,27.13884,338.71,0.54,0.42,2020-04-09,1022,N20,VIIRS,n,2,300.98,6.51,D,0
52.01254,27.13704,345.81,0.54,0.42,2020-04-09,1022,N20,VIIRS,n,2,305.85,7.41,D,0
52.10853,27.59525,352.7,0.52,0.41,2020-04-09,1022,N20,VIIRS,n,2,310.63,19.7,D,0
52.11009,27.60247,341.86,0.52,0.41,2020-04-09,1022,N20,VIIRS,n,2,301.46,19.5,D,0
52.10491,27.59733,340.78,0.52,0.41,2020-04-09,1022,N20,VIIRS,n,2,299.03,19.7,D,0
51.86692,26.87994,343.12,0.56,0.43,2020-04-09,1022,N20,VIIRS,n,2,296.73,5.22,D,0
52.04094,27.82665,329.01,0.51,0.41,2020-04-09,1022,N20,VIIRS,n,2,299.88,1.61,D,0
52.05256,27.89973,339.12,0.51,0.41,2020-04-09,1022,N20,VIIRS,n,2,305.24,25.21,D,0
52.15593,28.85869,328.34,0.47,0.4,2020-04-09,1022,N20,VIIRS,l,2,300.9,16.01,D,0
52.15868,28.87192,333.57,0.47,0.4,2020-04-09,1022,N20,VIIRS,n,2,298.29,41.14,D,0
52.15735,28.86604,336.51,0.47,0.4,2020-04-09,1022,N20,VIIRS,l,2,310.96,48.75,D,0
52.15871,28.87267,335.26,0.47,0.4,2020-04-09,1022,N20,VIIRS,n,2,298.79,5.61,D,0
52.14902,28.86321,332.89,0.47,0.4,2020-04-09,1022,N20,VIIRS,n,2,299.75,3.57,D,0
52.23095,29.3831,349.46,0.46,0.39,2020-04-09,1022,N20,VIIRS,n,2,307.09,20.36,D,0
52.23223,29.38951,345.56,0.46,0.39,2020-04-09,1022,N20,VIIRS,n,2,306.01,20.36,D,0
52.30799,29.81109,326.11,0.44,0.39,2020-04-09,1022,N20,VIIRS,n,2,297.62,1.65,D,0
52.30922,29.81734,330.37,0.44,0.39,2020-04-09,1022,N20,VIIRS,n,2,296.57,1.85,D,0
52.39093,30.93151,328.46,0.42,0.37,2020-04-09,1022,N20,VIIRS,n,2,298.11,5.21,D,0
52.39202,30.93743,344.8,0.42,0.37,2020-04-09,1022,N20,VIIRS,n,2,299.76,5.21,D,0
51.60932,27.36185,335.75,0.54,0.42,2020-04-09,1022,N20,VIIRS,n,2,303.87,6.18,D,0
51.61202,27.36001,336.41,0.54,0.42,2020-04-09,1022,N20,VIIRS,n,2,304.22,5.69,D,0
51.60095,27.36638,342.78,0.54,0.42,2020-04-09,1022,N20,VIIRS,n,2,303.77,8.4,D,0
51.6213,27.88871,348.23,0.52,0.42,2020-04-09,1022,N20,VIIRS,n,2,302.69,8.8,D,0
51.62178,27.88795,343.33,0.52,0.42,2020-04-09,1022,N20,VIIRS,n,2,302.6,5.08,D,0
51.62332,27.89512,330.22,0.52,0.42,2020-04-09,1022,N20,VIIRS,n,2,296.84,5.08,D,0
54.41526,30.56681,338.7,0.4,0.37,2020-04-09,1023,N20,VIIRS,n,2,288.53,7.76,D,0
54.71071,30.65018,329.83,0.4,0.37,2020-04-09,1023,N20,VIIRS,n,2,284.87,1.9,D,0
54.75116,29.25366,334.58,0.42,0.38,2020-04-09,1023,N20,VIIRS,n,2,278.47,6.17,D,0
54.75687,29.26436,326.95,0.42,0.38,2020-04-09,1023,N20,VIIRS,n,2,277.76,4.22,D,0
54.75235,29.25995,332.54,0.42,0.38,2020-04-09,1023,N20,VIIRS,n,2,276.83,4.22,D,0
51.97994,26.80726,344.58,0.49,0.65,2020-04-09,1203,N20,VIIRS,n,2,290.08,14.25,D,0
51.9798,26.7853,350.66,0.49,0.65,2020-04-09,1203,N20,VIIRS,n,2,297.25,15.65,D,0
51.97457,26.78978,353.69,0.49,0.65,2020-04-09,1203,N20,VIIRS,n,2,294.56,12.91,D,0
51.98067,26.80443,367,0.49,0.65,2020-04-09,1203,N20,VIIRS,h,2,291.47,16.2,D,0
51.98065,26.79709,367,0.49,0.65,2020-04-09,1203,N20,VIIRS,h,2,296.75,12.91,D,0
51.98064,26.78977,367,0.49,0.65,2020-04-09,1203,N20,VIIRS,h,2,296.48,12.91,D,0
51.98062,26.78245,330.46,0.49,0.65,2020-04-09,1203,N20,VIIRS,n,2,294.96,9.86,D,0
52.05406,27.89852,367,0.55,0.68,2020-04-09,1203,N20,VIIRS,h,2,297.09,16.98,D,0
52.06792,29.22085,336.87,0.62,0.72,2020-04-09,1203,N20,VIIRS,n,2,293.42,5.12,D,0
52.10505,27.60876,367,0.53,0.67,2020-04-09,1203,N20,VIIRS,h,2,294.1,21.32,D,0
52.10505,27.60079,353.37,0.53,0.67,2020-04-09,1203,N20,VIIRS,n,2,302.54,21.32,D,0
54.13418,31.45996,325.92,0.77,0.77,2020-04-09,1203,N20,VIIRS,n,2,285.08,3.29,D,0
53.76311,31.73228,331.1,0.79,0.78,2020-04-09,1203,N20,VIIRS,n,2,274.28,9.36,D,0
53.76259,31.73792,326.99,0.79,0.78,2020-04-09,1203,N20,VIIRS,n,2,276.3,9.33,D,0
53.68158,31.75148,356.45,0.79,0.78,2020-04-09,1203,N20,VIIRS,l,2,264.33,18.42,D,0
53.68209,31.73933,338.3,0.79,0.78,2020-04-09,1203,N20,VIIRS,n,2,271.39,17.09,D,0
53.29731,28.44521,341.6,0.58,0.7,2020-04-09,1203,N20,VIIRS,n,2,281.3,7.9,D,0
53.29092,28.43595,356.06,0.58,0.7,2020-04-09,1203,N20,VIIRS,l,2,282.58,11.6,D,0
53.29082,28.44488,345.6,0.58,0.7,2020-04-09,1203,N20,VIIRS,n,2,283.66,11.6,D,0
53.29071,28.45376,338.6,0.58,0.7,2020-04-09,1203,N20,VIIRS,n,2,283.47,8.87,D,0
52.97236,25.56592,354.32,0.44,0.62,2020-04-09,1203,N20,VIIRS,n,2,290.71,11.4,D,0
52.97227,25.55926,367,0.44,0.62,2020-04-09,1203,N20,VIIRS,h,2,294.91,11.4,D,0
52.90674,26.08018,341.71,0.46,0.64,2020-04-09,1203,N20,VIIRS,n,2,293.09,3.73,D,0
52.90351,26.08184,342.84,0.46,0.64,2020-04-09,1203,N20,VIIRS,n,2,293.77,4.96,D,0
52.58493,26.53543,343.29,0.48,0.65,2020-04-09,1203,N20,VIIRS,n,2,286.06,5.07,D,0
52.58495,26.54274,334.26,0.48,0.65,2020-04-09,1203,N20,VIIRS,n,2,286.35,5.07,D,0
52.58329,26.5346,333.56,0.48,0.65,2020-04-09,1203,N20,VIIRS,n,2,287.91,7.28,D,0
52.58334,26.54188,347.76,0.48,0.65,2020-04-09,1203,N20,VIIRS,n,2,289.28,12.08,D,0
52.57727,26.53468,367,0.48,0.65,2020-04-09,1203,N20,VIIRS,h,2,293.56,7.28,D,0
52.43163,27.61685,352.22,0.53,0.67,2020-04-09,1203,N20,VIIRS,n,2,294.52,20.7,D,0
52.43159,27.62486,353.99,0.54,0.67,2020-04-09,1203,N20,VIIRS,n,2,304.26,77.93,D,0
52.42535,27.6167,331.24,0.53,0.67,2020-04-09,1203,N20,VIIRS,n,2,292.26,20.7,D,0
52.40973,25.45076,350.84,0.43,0.62,2020-04-09,1203,N20,VIIRS,n,2,298.04,77.78,D,0
52.40982,25.45727,367,0.43,0.62,2020-04-09,1203,N20,VIIRS,h,2,296.46,52.13,D,0
52.40397,25.45094,367,0.43,0.62,2020-04-09,1203,N20,VIIRS,l,2,346.69,77.78,D,0
52.4038,25.43797,349.61,0.43,0.62,2020-04-09,1203,N20,VIIRS,n,2,298.93,22.61,D,0
52.40388,25.44444,339.68,0.43,0.62,2020-04-09,1203,N20,VIIRS,n,2,310.14,77.78,D,0
52.40414,25.46394,326.73,0.43,0.62,2020-04-09,1203,N20,VIIRS,n,2,293.59,52.13,D,0
52.40406,25.45744,367,0.43,0.62,2020-04-09,1203,N20,VIIRS,h,2,309.79,52.13,D,0
52.39805,25.43815,327.56,0.43,0.62,2020-04-09,1203,N20,VIIRS,n,2,296.06,6.56,D,0
52.3983,25.45762,328.37,0.43,0.62,2020-04-09,1203,N20,VIIRS,n,2,296.21,6.36,D,0
52.39813,25.44463,367,0.43,0.62,2020-04-09,1203,N20,VIIRS,h,2,300.65,6.96,D,0
52.39822,25.45112,367,0.43,0.62,2020-04-09,1203,N20,VIIRS,h,2,300.74,6.96,D,0
52.39238,25.44481,328.04,0.43,0.62,2020-04-09,1203,N20,VIIRS,n,2,296.82,6.96,D,0
52.39246,25.45131,332.95,0.43,0.62,2020-04-09,1203,N20,VIIRS,n,2,296.26,6.96,D,0
52.38102,25.45813,344.72,0.43,0.62,2020-04-09,1203,N20,VIIRS,n,2,296.16,3.9,D,0
52.32048,30.95028,328.68,0.74,0.76,2020-04-09,1203,N20,VIIRS,n,2,291.49,3.03,D,0
52.37519,25.45181,329.3,0.43,0.62,2020-04-09,1203,N20,VIIRS,n,2,296.34,4.28,D,0
52.37527,25.4583,345.49,0.43,0.62,2020-04-09,1203,N20,VIIRS,n,2,298.56,4.91,D,0
52.37535,25.4648,327.95,0.43,0.62,2020-04-09,1203,N20,VIIRS,n,2,297.38,4.91,D,0
52.37542,25.47129,326.95,0.43,0.62,2020-04-09,1203,N20,VIIRS,n,2,295.67,3.03,D,0
52.36958,25.46497,343.03,0.43,0.62,2020-04-09,1203,N20,VIIRS,n,2,296.89,4.91,D,0
52.36966,25.47147,328.77,0.43,0.62,2020-04-09,1203,N20,VIIRS,n,2,295.35,3.03,D,0
52.39736,25.43842,328.38,0.43,0.62,2020-04-09,1203,N20,VIIRS,n,2,296.56,9.09,D,0
52.39747,25.44489,367,0.43,0.62,2020-04-09,1203,N20,VIIRS,h,2,301.26,9.09,D,0
52.39759,25.45139,367,0.43,0.62,2020-04-09,1203,N20,VIIRS,h,2,300.2,7.74,D,0
52.39183,25.45154,328.13,0.43,0.62,2020-04-09,1203,N20,VIIRS,n,2,295.71,7.74,D,0
52.38032,25.45182,327.08,0.43,0.62,2020-04-09,1203,N20,VIIRS,n,2,296.22,4.67,D,0
52.38043,25.45831,355,0.43,0.62,2020-04-09,1203,N20,VIIRS,n,2,297.76,4.67,D,0
52.37467,25.45846,332.54,0.43,0.62,2020-04-09,1203,N20,VIIRS,n,2,297.4,6.28,D,0
52.37478,25.46495,327.99,0.43,0.62,2020-04-09,1203,N20,VIIRS,n,2,297.64,3,D,0
52.37489,25.47145,327.37,0.43,0.62,2020-04-09,1203,N20,VIIRS,n,2,296.53,3,D,0
52.36902,25.4651,342.13,0.43,0.62,2020-04-09,1203,N20,VIIRS,n,2,296.65,3,D,0
52.36912,25.4716,330.35,0.43,0.62,2020-04-09,1203,N20,VIIRS,n,2,295.8,3,D,0
52.29319,23.6316,325.97,0.36,0.57,2020-04-09,1203,N20,VIIRS,n,2,295.37,1.81,D,0
52.28802,23.63737,350.71,0.36,0.57,2020-04-09,1203,N20,VIIRS,n,2,296.09,3.76,D,0
52.15396,28.86112,327.77,0.6,0.71,2020-04-09,1203,N20,VIIRS,n,2,295.37,5.05,D,0
52.15759,26.87728,339.4,0.5,0.66,2020-04-09,1203,N20,VIIRS,n,2,293.8,10.37,D,0
52.14937,28.85772,326.88,0.6,0.71,2020-04-09,1203,N20,VIIRS,n,2,293.62,4.17,D,0
52.1428,28.85739,342.56,0.6,0.71,2020-04-09,1203,N20,VIIRS,n,2,294.21,4.17,D,0
52.15147,26.86983,367,0.5,0.65,2020-04-09,1203,N20,VIIRS,h,2,298.55,10.37,D,0
52.1515,26.87725,367,0.5,0.66,2020-04-09,1203,N20,VIIRS,h,2,296.85,10.37,D,0
52.13985,27.08723,354.45,0.51,0.66,2020-04-09,1203,N20,VIIRS,n,2,296.99,17.13,D,0
52.13987,27.09482,367,0.51,0.66,2020-04-09,1203,N20,VIIRS,h,2,292.52,15.14,D,0
52.09477,30.30046,329.64,0.69,0.75,2020-04-09,1203,N20,VIIRS,n,2,294.57,4.75,D,0
52.12308,26.18927,348.8,0.46,0.64,2020-04-09,1203,N20,VIIRS,n,2,297.67,12.64,D,0
52.1232,26.20313,341.29,0.46,0.64,2020-04-09,1203,N20,VIIRS,n,2,296.81,10.17,D,0
52.12367,26.25877,334.36,0.47,0.64,2020-04-09,1203,N20,VIIRS,n,2,291.21,6.12,D,0
52.12725,27.53662,354.84,0.53,0.67,2020-04-09,1203,N20,VIIRS,n,2,300.59,25.39,D,0
52.12724,27.54455,350.78,0.53,0.67,2020-04-09,1203,N20,VIIRS,n,2,295.18,17.35,D,0
52.12289,26.16853,367,0.46,0.64,2020-04-09,1203,N20,VIIRS,h,2,296.88,8.21,D,0
52.12314,26.1962,367,0.46,0.64,2020-04-09,1203,N20,VIIRS,h,2,297.06,10.17,D,0
52.11767,26.25185,207.93,0.47,0.64,2020-04-09,1203,N20,VIIRS,l,2,322.1,245.2,D,0
52.11773,26.25882,367,0.47,0.64,2020-04-09,1203,N20,VIIRS,l,2,340.87,245.2,D,0
52.11727,26.20321,350.58,0.46,0.64,2020-04-09,1203,N20,VIIRS,n,2,294.73,11.58,D,0
52.11733,26.21014,326.07,0.46,0.64,2020-04-09,1203,N20,VIIRS,n,2,295.07,35.59,D,0
52.1175,26.23097,332.36,0.47,0.64,2020-04-09,1203,N20,VIIRS,n,2,292.58,22.54,D,0
52.11756,26.23793,339.18,0.47,0.64,2020-04-09,1203,N20,VIIRS,n,2,292.65,19.73,D,0
52.11761,26.24491,349.88,0.47,0.64,2020-04-09,1203,N20,VIIRS,n,2,294.91,19.73,D,0
52.121,27.53649,332.38,0.53,0.67,2020-04-09,1203,N20,VIIRS,n,2,293.91,2.86,D,0
52.11778,26.2658,367,0.47,0.64,2020-04-09,1203,N20,VIIRS,h,2,292.51,156.61,D,0
52.11134,26.20329,334.56,0.46,0.64,2020-04-09,1203,N20,VIIRS,n,2,293.98,11.58,D,0
52.1114,26.21022,350.04,0.46,0.64,2020-04-09,1203,N20,VIIRS,n,2,302.64,35.59,D,0
52.11146,26.21716,353.29,0.47,0.64,2020-04-09,1203,N20,VIIRS,n,2,300.89,35.59,D,0
52.11151,26.2241,356.06,0.47,0.64,2020-04-09,1203,N20,VIIRS,n,2,297.91,22.54,D,0
52.11157,26.23105,367,0.47,0.64,2020-04-09,1203,N20,VIIRS,h,2,296.27,22.54,D,0
52.11162,26.238,367,0.47,0.64,2020-04-09,1203,N20,VIIRS,h,2,293.89,19.73,D,0
52.1083,27.59188,337.48,0.53,0.67,2020-04-09,1203,N20,VIIRS,n,2,292.52,13.45,D,0
52.10826,27.59986,367,0.53,0.67,2020-04-09,1203,N20,VIIRS,h,2,296.97,13.45,D,0
52.10823,27.60783,367,0.53,0.67,2020-04-09,1203,N20,VIIRS,h,2,293.24,22.47,D,0
52.102,27.59974,367,0.53,0.67,2020-04-09,1203,N20,VIIRS,h,2,296.21,13.45,D,0
52.0642,29.22047,331.38,0.63,0.72,2020-04-09,1203,N20,VIIRS,n,2,294.61,2.1,D,0
52.10505,27.59282,341.9,0.53,0.67,2020-04-09,1203,N20,VIIRS,n,2,295.57,14.37,D,0
51.62094,27.88909,328.47,0.55,0.68,2020-04-09,1203,N20,VIIRS,n,2,296.25,3.67,D,0
51.94175,26.52555,325.51,0.48,0.65,2020-04-09,1203,N20,VIIRS,n,2,294.59,1.52,D,0
51.97989,26.79994,367,0.49,0.65,2020-04-09,1203,N20,VIIRS,h,2,296.25,14.25,D,0
51.97985,26.79262,367,0.49,0.65,2020-04-09,1203,N20,VIIRS,h,2,299.88,15.65,D,0
53.67147,31.73782,297.92,0.4,0.37,2020-04-10,0014,N20,VIIRS,n,2,272.77,0.51,N,0
52.14598,27.00799,323.99,0.39,0.36,2020-04-10,0015,N20,VIIRS,n,2,268.43,4.7,N,0
52.14678,27.00232,340.89,0.39,0.36,2020-04-10,0015,N20,VIIRS,n,2,276.85,4.7,N,0
52.14918,26.98529,326.28,0.39,0.36,2020-04-10,0015,N20,VIIRS,n,2,271.73,3.63,N,0
52.15247,26.98652,304.24,0.39,0.36,2020-04-10,0015,N20,VIIRS,n,2,270.09,1.32,N,0
52.15007,27.00355,325.58,0.39,0.36,2020-04-10,0015,N20,VIIRS,n,2,270.27,4.15,N,0
52.15087,26.99788,327.45,0.39,0.36,2020-04-10,0015,N20,VIIRS,n,2,277.44,2.12,N,0
52.15167,26.9922,320.02,0.39,0.36,2020-04-10,0015,N20,VIIRS,n,2,276.93,2.12,N,0
52.15496,26.99343,314.77,0.39,0.36,2020-04-10,0015,N20,VIIRS,n,2,274.19,2.12,N,0
52.17526,27.19195,312.16,0.39,0.36,2020-04-10,0015,N20,VIIRS,n,2,274.99,1.56,N,0
52.41845,25.47561,298.6,0.42,0.38,2020-04-10,0015,N20,VIIRS,n,2,274.56,3.1,N,0
52.41923,25.4695,305.76,0.42,0.38,2020-04-10,0015,N20,VIIRS,n,2,274.65,0.83,N,0
52.41766,25.48172,344.95,0.42,0.38,2020-04-10,0015,N20,VIIRS,n,2,277.68,3.1,N,0
52.42107,25.48288,327.31,0.42,0.38,2020-04-10,0015,N20,VIIRS,n,2,276.19,3.1,N,0
52.09653,27.00001,340.87,0.39,0.36,2020-04-10,0015,N20,VIIRS,n,2,273.83,9.43,N,0
52.07821,27.99239,320.88,0.39,0.36,2020-04-10,0015,N20,VIIRS,n,2,269.79,2.25,N,0
52.07517,28.37167,301.36,0.38,0.36,2020-04-10,0015,N20,VIIRS,n,2,268.68,0.57,N,0
52.42021,27.65145,310.64,0.39,0.36,2020-04-10,0015,N20,VIIRS,n,2,276.92,4.4,N,0
52.42104,27.64583,311.8,0.39,0.36,2020-04-10,0015,N20,VIIRS,n,2,273.64,1.97,N,0
52.42266,27.65836,309.87,0.39,0.36,2020-04-10,0015,N20,VIIRS,n,2,276.26,4.4,N,0
52.4243,27.6471,312.37,0.39,0.36,2020-04-10,0015,N20,VIIRS,n,2,272.27,1.97,N,0
52.42348,27.65273,367,0.39,0.36,2020-04-10,0015,N20,VIIRS,h,2,284.82,4.4,N,0
52.42513,27.64148,330.49,0.39,0.36,2020-04-10,0015,N20,VIIRS,n,2,274.52,1.97,N,0
52.42757,27.64838,302.62,0.39,0.36,2020-04-10,0015,N20,VIIRS,n,2,272.95,1.35,N,0
52.42675,27.65401,328.22,0.39,0.36,2020-04-10,0015,N20,VIIRS,n,2,276.29,3.06,N,0
52.54419,27.28819,300.96,0.39,0.36,2020-04-10,0015,N20,VIIRS,n,2,267.59,0.93,N,0
52.54667,27.29516,299.56,0.39,0.36,2020-04-10,0015,N20,VIIRS,n,2,272.52,0.8,N,0
52.96645,25.55584,330.12,0.42,0.38,2020-04-10,0015,N20,VIIRS,n,2,275.56,1.82,N,0
52.96987,25.55702,297.08,0.42,0.38,2020-04-10,0015,N20,VIIRS,n,2,274.65,1.82,N,0
52.96823,25.55611,333.08,0.42,0.38,2020-04-10,0015,N20,VIIRS,n,2,275.92,3.68,N,0
53.27075,24.44458,304.95,0.45,0.39,2020-04-10,0015,N20,VIIRS,n,2,276.78,1.07,N,2
52.07904,27.98686,298.05,0.39,0.36,2020-04-10,0015,N20,VIIRS,n,2,267.46,0.87,N,0
52.09733,26.99435,324.18,0.39,0.36,2020-04-10,0015,N20,VIIRS,n,2,273.45,2.64,N,0
52.09814,26.98868,337.54,0.39,0.36,2020-04-10,0015,N20,VIIRS,n,2,278.82,2.64,N,0
52.09894,26.98302,341.23,0.39,0.36,2020-04-10,0015,N20,VIIRS,n,2,278.68,2.36,N,0
52.0966,27.02388,309.51,0.39,0.36,2020-04-10,0015,N20,VIIRS,n,2,273.53,1.86,N,0
52.0974,27.01823,314.68,0.39,0.36,2020-04-10,0015,N20,VIIRS,n,2,275.89,9.45,N,0
52.10304,26.97858,315.99,0.39,0.36,2020-04-10,0015,N20,VIIRS,n,2,269.96,2.36,N,0
52.10384,26.97292,312.37,0.39,0.36,2020-04-10,0015,N20,VIIRS,n,2,270.69,1.29,N,0
52.10464,26.96725,312.29,0.39,0.36,2020-04-10,0015,N20,VIIRS,n,2,274.6,1.29,N,0
52.09821,27.01257,341.34,0.39,0.36,2020-04-10,0015,N20,VIIRS,n,2,279.31,9.45,N,0
52.09901,27.00691,336.96,0.39,0.36,2020-04-10,0015,N20,VIIRS,n,2,273.88,9.43,N,0
52.09982,27.00125,326.99,0.39,0.36,2020-04-10,0015,N20,VIIRS,n,2,271.48,9.43,N,0
52.10062,26.99558,320.85,0.39,0.36,2020-04-10,0015,N20,VIIRS,n,2,271.26,2.64,N,0
52.10143,26.98991,320.28,0.39,0.36,2020-04-10,0015,N20,VIIRS,n,2,272.4,2.64,N,0
52.10223,26.98425,327.85,0.39,0.36,2020-04-10,0015,N20,VIIRS,n,2,274.78,2.36,N,0
52.1007,27.01946,312.49,0.39,0.36,2020-04-10,0015,N20,VIIRS,n,2,272.15,1.79,N,0
52.1015,27.0138,312.67,0.39,0.36,2020-04-10,0015,N20,VIIRS,n,2,268.44,1.79,N,0
52.10231,27.00814,310.36,0.39,0.36,2020-04-10,0015,N20,VIIRS,n,2,268.33,1.93,N,0
52.10311,27.00248,314.67,0.39,0.36,2020-04-10,0015,N20,VIIRS,n,2,268.56,1.93,N,0
52.10472,26.99115,309.6,0.39,0.36,2020-04-10,0015,N20,VIIRS,n,2,268.1,3.12,N,0
52.10553,26.98548,314.78,0.39,0.36,2020-04-10,0015,N20,VIIRS,n,2,270.37,1.52,N,0
52.10633,26.97981,315.85,0.39,0.36,2020-04-10,0015,N20,VIIRS,n,2,270.37,1.52,N,0
52.10794,26.96848,317.22,0.39,0.36,2020-04-10,0015,N20,VIIRS,n,2,276.39,4.69,N,0
52.10714,26.97415,326.8,0.39,0.36,2020-04-10,0015,N20,VIIRS,n,2,273.73,4.69,N,0
52.10882,26.98671,312.67,0.39,0.36,2020-04-10,0015,N20,VIIRS,n,2,269.77,1.52,N,0
52.10962,26.98104,321.96,0.39,0.36,2020-04-10,0015,N20,VIIRS,n,2,272.75,1.52,N,0
52.11043,26.97537,333.05,0.39,0.36,2020-04-10,0015,N20,VIIRS,n,2,276.97,4.69,N,0
52.11124,26.9697,346.99,0.39,0.36,2020-04-10,0015,N20,VIIRS,n,2,286.48,4.69,N,0
52.11204,26.96404,332.91,0.39,0.36,2020-04-10,0015,N20,VIIRS,n,2,278.72,6.66,N,0
52.11131,26.99361,310.02,0.39,0.36,2020-04-10,0015,N20,VIIRS,n,2,269.76,2.73,N,0
52.11211,26.98794,319.1,0.39,0.36,2020-04-10,0015,N20,VIIRS,n,2,273.01,2.55,N,0
52.11695,26.95391,313.71,0.39,0.36,2020-04-10,0015,N20,VIIRS,n,2,273.4,2.51,N,0
52.11775,26.94824,307.2,0.39,0.36,2020-04-10,0015,N20,VIIRS,n,2,268.53,2.51,N,0
52.11292,26.98227,343.17,0.39,0.36,2020-04-10,0015,N20,VIIRS,n,2,281.09,2.55,N,0
52.11372,26.9766,324.94,0.39,0.36,2020-04-10,0015,N20,VIIRS,n,2,275.66,4.32,N,0
52.11453,26.97093,335.91,0.39,0.36,2020-04-10,0015,N20,VIIRS,n,2,281.09,4.32,N,0
52.11533,26.96526,351.15,0.39,0.36,2020-04-10,0015,N20,VIIRS,n,2,291.76,14.95,N,0
52.11614,26.95959,355.58,0.39,0.36,2020-04-10,0015,N20,VIIRS,n,2,286.11,14.95,N,0
52.11541,26.98917,315.36,0.39,0.36,2020-04-10,0015,N20,VIIRS,n,2,273.37,2.55,N,0
52.11702,26.97783,315.73,0.39,0.36,2020-04-10,0015,N20,VIIRS,n,2,275.54,4.32,N,0
52.12104,26.94947,312.18,0.39,0.36,2020-04-10,0015,N20,VIIRS,n,2,270.16,2.51,N,0
52.11621,26.9835,327.81,0.39,0.36,2020-04-10,0015,N20,VIIRS,n,2,276.48,2.55,N,0
52.11863,26.96649,355.6,0.39,0.36,2020-04-10,0015,N20,VIIRS,n,2,291.2,14.95,N,0
52.11943,26.96082,348,0.39,0.36,2020-04-10,0015,N20,VIIRS,n,2,284.77,14.95,N,0
52.12024,26.95514,333.37,0.39,0.36,2020-04-10,0015,N20,VIIRS,n,2,278.95,2.51,N,0
52.11951,26.98473,312.86,0.39,0.36,2020-04-10,0015,N20,VIIRS,n,2,272.87,4.09,N,0
52.12112,26.97339,316.06,0.39,0.36,2020-04-10,0015,N20,VIIRS,n,2,271.85,4.22,N,0
52.12434,26.9507,310.5,0.39,0.36,2020-04-10,0015,N20,VIIRS,n,2,270.87,1.54,N,0
52.12193,26.96772,321.1,0.39,0.36,2020-04-10,0015,N20,VIIRS,n,2,276.52,3.59,N,0
52.12273,26.96205,335.38,0.39,0.36,2020-04-10,0015,N20,VIIRS,n,2,282.18,3.59,N,0
52.12354,26.95637,320.86,0.39,0.36,2020-04-10,0015,N20,VIIRS,n,2,278.26,1.54,N,0
52.12119,26.9973,317.3,0.39,0.36,2020-04-10,0015,N20,VIIRS,n,2,276.44,4.03,N,0
52.12683,26.9576,317.08,0.39,0.36,2020-04-10,0015,N20,VIIRS,n,2,271.17,1.54,N,0
52.12764,26.95192,313.29,0.39,0.36,2020-04-10,0015,N20,VIIRS,n,2,267.16,1.54,N,0
52.12925,26.94057,314.48,0.39,0.37,2020-04-10,0015,N20,VIIRS,n,2,272.5,2.97,N,0
52.13649,26.88941,307.45,0.39,0.37,2020-04-10,0015,N20,VIIRS,n,2,278.02,2.27,N,0
52.1381,26.87803,297.57,0.4,0.37,2020-04-10,0015,N20,VIIRS,n,2,278.02,1.83,N,0
52.13729,26.88372,335.31,0.39,0.37,2020-04-10,0015,N20,VIIRS,n,2,281,2.27,N,0
52.12851,26.95963,316.79,0.39,0.36,2020-04-10,0015,N20,VIIRS,n,2,272.52,2.27,N,0
52.1293,26.95395,305.39,0.39,0.36,2020-04-10,0015,N20,VIIRS,n,2,265.88,1.14,N,0
52.1301,26.94827,309.88,0.39,0.37,2020-04-10,0015,N20,VIIRS,n,2,266.57,1.14,N,0
52.13089,26.94259,305.73,0.39,0.37,2020-04-10,0015,N20,VIIRS,n,2,267.03,0.95,N,0
52.13169,26.9369,309.02,0.39,0.37,2020-04-10,0015,N20,VIIRS,n,2,269.3,0.95,N,0
52.13806,26.89138,313.95,0.39,0.37,2020-04-10,0015,N20,VIIRS,n,2,277.85,1.8,N,0
52.13886,26.88568,315.01,0.4,0.37,2020-04-10,0015,N20,VIIRS,n,2,277.84,1.23,N,0
52.13965,26.87999,304.47,0.4,0.37,2020-04-10,0015,N20,VIIRS,n,2,278.05,1.23,N,0
52.14045,26.87429,295.33,0.4,0.37,2020-04-10,0015,N20,VIIRS,n,2,273.06,0.55,N,0
52.12372,26.99369,322.8,0.39,0.36,2020-04-10,0015,N20,VIIRS,n,2,278.29,3.12,N,0
52.1318,26.96087,310.4,0.39,0.36,2020-04-10,0015,N20,VIIRS,n,2,272.71,2.27,N,0
52.13419,26.94382,305.45,0.39,0.37,2020-04-10,0015,N20,VIIRS,n,2,267.44,0.95,N,0
52.13579,26.93245,309.73,0.39,0.37,2020-04-10,0015,N20,VIIRS,n,2,273.04,1.7,N,0
52.13339,26.9495,320.71,0.39,0.37,2020-04-10,0015,N20,VIIRS,n,2,271.07,1.14,N,0
52.12631,27.02449,311.68,0.39,0.36,2020-04-10,0015,N20,VIIRS,n,2,272.98,1.28,N,0
52.12711,27.01883,310.09,0.39,0.36,2020-04-10,0015,N20,VIIRS,n,2,271.58,1.28,N,0
52.13589,26.95641,307.1,0.39,0.36,2020-04-10,0015,N20,VIIRS,n,2,267.27,1.01,N,0
52.13669,26.95073,314.9,0.39,0.37,2020-04-10,0015,N20,VIIRS,n,2,269.06,1.01,N,0
52.13829,26.93936,309.07,0.39,0.37,2020-04-10,0015,N20,VIIRS,n,2,269.54,3.05,N,0
52.13908,26.93367,304.43,0.39,0.37,2020-04-10,0015,N20,VIIRS,n,2,269.42,1.68,N,0
52.13749,26.94505,337.56,0.39,0.37,2020-04-10,0015,N20,VIIRS,n,2,274.96,3.05,N,0
52.1296,27.02572,314.66,0.39,0.36,2020-04-10,0015,N20,VIIRS,n,2,274.01,1.28,N,0
52.13041,27.02006,309.54,0.39,0.36,2020-04-10,0015,N20,VIIRS,n,2,270.44,1.28,N,0
52.13839,26.96333,304.57,0.39,0.36,2020-04-10,0015,N20,VIIRS,n,2,267.81,1.19,N,0
52.13919,26.95765,303.94,0.39,0.36,2020-04-10,0015,N20,VIIRS,n,2,267.5,1.01,N,0
52.13999,26.95196,316.23,0.39,0.37,2020-04-10,0015,N20,VIIRS,n,2,270.55,1.01,N,0
52.14159,26.94059,311.5,0.39,0.37,2020-04-10,0015,N20,VIIRS,n,2,272.05,3.05,N,0
52.14478,26.91784,314.45,0.39,0.37,2020-04-10,0015,N20,VIIRS,n,2,279.5,1.44,N,0
52.14557,26.91214,314.09,0.39,0.37,2020-04-10,0015,N20,VIIRS,n,2,276.89,1.84,N,0
52.14716,26.90076,307.31,0.39,0.37,2020-04-10,0015,N20,VIIRS,n,2,277.9,1.62,N,0
52.14079,26.94628,335.02,0.39,0.37,2020-04-10,0015,N20,VIIRS,n,2,271.85,3.05,N,0
52.14169,26.96456,308.99,0.39,0.36,2020-04-10,0015,N20,VIIRS,n,2,270.18,0.95,N,0
52.14249,26.95888,308.22,0.39,0.36,2020-04-10,0015,N20,VIIRS,n,2,268.79,1.28,N,0
52.14408,26.94751,312.53,0.39,0.37,2020-04-10,0015,N20,VIIRS,n,2,273.52,2.16,N,0
52.14807,26.91906,307.27,0.39,0.37,2020-04-10,0015,N20,VIIRS,n,2,277.46,0.76,N,0
52.14887,26.91337,318.73,0.39,0.37,2020-04-10,0015,N20,VIIRS,n,2,275.74,1.95,N,0
52.15046,26.90198,302.78,0.39,0.37,2020-04-10,0015,N20,VIIRS,n,2,272.43,1.37,N,0
52.15126,26.89629,317.15,0.39,0.37,2020-04-10,0015,N20,VIIRS,n,2,278.6,1.37,N,0
52.15285,26.8849,304.98,0.4,0.37,2020-04-10,0015,N20,VIIRS,n,2,276.3,0.93,N,0
52.1337,27.02129,333.09,0.39,0.36,2020-04-10,0015,N20,VIIRS,n,2,275.72,4.36,N,0
52.13449,27.01563,343.32,0.39,0.36,2020-04-10,0015,N20,VIIRS,n,2,279.55,14.45,N,0
52.14329,26.95319,321.68,0.39,0.37,2020-04-10,0015,N20,VIIRS,n,2,272.22,1.28,N,0
52.13699,27.02253,312.34,0.39,0.36,2020-04-10,0015,N20,VIIRS,n,2,268.61,4.36,N,0
52.13859,27.01119,318.52,0.39,0.36,2020-04-10,0015,N20,VIIRS,n,2,278.32,14.45,N,0
52.14179,26.9885,315.72,0.39,0.36,2020-04-10,0015,N20,VIIRS,n,2,275.17,3.04,N,0
52.14499,26.96579,304.05,0.39,0.36,2020-04-10,0015,N20,VIIRS,n,2,268.07,0.95,N,0
52.14578,26.96011,308.74,0.39,0.36,2020-04-10,0015,N20,VIIRS,n,2,268.37,1.28,N,0
52.15536,26.89182,300.78,0.4,0.37,2020-04-10,0015,N20,VIIRS,n,2,276.74,0.93,N,0
52.13779,27.01686,351.32,0.39,0.36,2020-04-10,0015,N20,VIIRS,n,2,293.96,14.45,N,0
52.14029,27.02376,307,0.39,0.36,2020-04-10,0015,N20,VIIRS,n,2,271.38,1.11,N,0
52.14108,27.01809,328.93,0.39,0.36,2020-04-10,0015,N20,VIIRS,n,2,279.49,5.63,N,0
52.14188,27.01242,343.56,0.39,0.36,2020-04-10,0015,N20,VIIRS,n,2,284.21,5.63,N,0
52.14268,27.00676,333.3,0.39,0.36,2020-04-10,0015,N20,VIIRS,n,2,278.09,4.7,N,0
52.14518,27.01366,310.97,0.39,0.36,2020-04-10,0015,N20,VIIRS,n,2,271.71,5.63,N,0
52.14758,26.99664,315.78,0.39,0.36,2020-04-10,0015,N20,VIIRS,n,2,271.36,4.47,N,0
52.12756,25.98111,307.85,0.41,0.37,2020-04-10,0015,N20,VIIRS,n,2,275.24,1.07,N,0
52.1282,26.15946,317.63,0.4,0.37,2020-04-10,0015,N20,VIIRS,n,2,273.03,1.63,N,0
52.12847,26.16019,328.73,0.4,0.37,2020-04-10,0015,N20,VIIRS,n,2,270.25,2.87,N,0
52.08695,26.69713,322.37,0.4,0.37,2020-04-10,0015,N20,VIIRS,n,2,278.19,2,N,0
52.09357,26.69956,302.18,0.4,0.37,2020-04-10,0015,N20,VIIRS,n,2,278.56,1.51,N,0
52.09436,26.69384,298.38,0.4,0.37,2020-04-10,0015,N20,VIIRS,n,2,275.92,0.96,N,0
52.07926,26.99953,305.39,0.39,0.36,2020-04-10,0015,N20,VIIRS,n,2,274.43,1.31,N,0
52.08006,26.99387,305.19,0.39,0.36,2020-04-10,0015,N20,VIIRS,n,2,275.63,1.31,N,0
52.08094,27.01208,303.8,0.39,0.36,2020-04-10,0015,N20,VIIRS,n,2,273.32,1.3,N,0
52.08175,27.00642,308.55,0.39,0.36,2020-04-10,0015,N20,VIIRS,n,2,275.37,1.3,N,0
52.08416,26.98943,309.98,0.39,0.36,2020-04-10,0015,N20,VIIRS,n,2,276.11,1.65,N,0
52.08496,26.98377,307,0.39,0.36,2020-04-10,0015,N20,VIIRS,n,2,274.3,1.65,N,0
52.08255,27.00076,335.42,0.39,0.36,2020-04-10,0015,N20,VIIRS,n,2,278.58,16.54,N,0
52.08424,27.01331,307.93,0.39,0.36,2020-04-10,0015,N20,VIIRS,n,2,273.63,1.3,N,0
52.08504,27.00765,312.47,0.39,0.36,2020-04-10,0015,N20,VIIRS,n,2,276.72,1.3,N,0
52.08826,26.985,310.23,0.39,0.36,2020-04-10,0015,N20,VIIRS,n,2,275.83,1.65,N,0
52.08585,27.00199,337.14,0.39,0.36,2020-04-10,0015,N20,VIIRS,n,2,293.72,16.54,N,0
52.08665,26.99633,351.95,0.39,0.36,2020-04-10,0015,N20,VIIRS,n,2,289.45,16.54,N,0
52.08745,26.99066,329.87,0.39,0.36,2020-04-10,0015,N20,VIIRS,n,2,279.52,1.65,N,0
52.08673,27.0202,304.11,0.39,0.36,2020-04-10,0015,N20,VIIRS,n,2,275.23,1.65,N,0
52.08753,27.01454,316.04,0.39,0.36,2020-04-10,0015,N20,VIIRS,n,2,275.49,11.71,N,0
52.08833,27.00888,308.66,0.39,0.36,2020-04-10,0015,N20,VIIRS,n,2,278.44,11.71,N,0
52.09235,26.98056,313.26,0.39,0.36,2020-04-10,0015,N20,VIIRS,n,2,272.3,1.61,N,0
52.08914,27.00322,331.85,0.39,0.36,2020-04-10,0015,N20,VIIRS,n,2,281.05,10.15,N,0
52.08994,26.99755,345.28,0.39,0.36,2020-04-10,0015,N20,VIIRS,n,2,289.88,10.15,N,0
52.09074,26.99189,354.66,0.39,0.36,2020-04-10,0015,N20,VIIRS,n,2,288.27,7.84,N,0
52.09155,26.98623,339.49,0.39,0.36,2020-04-10,0015,N20,VIIRS,n,2,278.28,7.84,N,0
52.09002,27.02143,307.63,0.39,0.36,2020-04-10,0015,N20,VIIRS,n,2,273.03,1.65,N,0
52.09645,26.97613,308.07,0.39,0.36,2020-04-10,0015,N20,VIIRS,n,2,272.52,1.61,N,0
52.09082,27.01577,334.53,0.39,0.36,2020-04-10,0015,N20,VIIRS,n,2,282.41,11.71,N,0
52.09162,27.01011,351.35,0.39,0.36,2020-04-10,0015,N20,VIIRS,n,2,294.86,11.71,N,0
52.09243,27.00445,341.31,0.39,0.36,2020-04-10,0015,N20,VIIRS,n,2,285.04,10.15,N,0
52.09323,26.99878,328.88,0.39,0.36,2020-04-10,0015,N20,VIIRS,n,2,275.96,10.15,N,0
52.09404,26.99312,333.41,0.39,0.36,2020-04-10,0015,N20,VIIRS,n,2,276.36,7.84,N,0
52.09484,26.98746,345.78,0.39,0.36,2020-04-10,0015,N20,VIIRS,n,2,279.87,7.84,N,0
52.09565,26.98179,320.52,0.39,0.36,2020-04-10,0015,N20,VIIRS,n,2,272.2,1.61,N,0
52.09331,27.02266,309.64,0.39,0.36,2020-04-10,0015,N20,VIIRS,n,2,273.06,1.86,N,0
52.09974,26.97736,315.02,0.39,0.36,2020-04-10,0015,N20,VIIRS,n,2,271.51,2.36,N,0
52.10055,26.97169,308.68,0.39,0.36,2020-04-10,0015,N20,VIIRS,n,2,270.34,1.29,N,0
52.09411,27.017,321.28,0.39,0.36,2020-04-10,0015,N20,VIIRS,n,2,277.64,9.45,N,0
52.09491,27.01134,351.86,0.39,0.36,2020-04-10,0015,N20,VIIRS,n,2,294.01,9.45,N,0
52.09572,27.00568,353.1,0.39,0.36,2020-04-10,0015,N20,VIIRS,n,2,290.01,9.43,N,0
52.09052,27.96562,298.69,0.78,0.78,2020-04-10,0154,N20,VIIRS,n,2,274.66,1.25,N,0
52.07468,28.00391,299.2,0.78,0.78,2020-04-10,0154,N20,VIIRS,n,2,276.72,8.02,N,0
52.12222,27.61781,332.95,0.75,0.77,2020-04-10,0154,N20,VIIRS,n,2,276.73,3.56,N,0
52.12604,27.60855,298.46,0.75,0.77,2020-04-10,0154,N20,VIIRS,n,2,275.02,3.56,N,0
52.12012,27.60213,301.44,0.75,0.77,2020-04-10,0154,N20,VIIRS,n,2,275.08,3.56,N,0
52.07799,27.98729,327.9,0.78,0.78,2020-04-10,0154,N20,VIIRS,n,2,276.31,10.59,N,0
52.10064,27.60776,296.81,0.75,0.77,2020-04-10,0154,N20,VIIRS,n,2,275.43,1.6,N,0
52.07399,27.99683,333.84,0.78,0.78,2020-04-10,0154,N20,VIIRS,n,2,278.92,11.15,N,0
52.07864,27.99436,351.12,0.78,0.78,2020-04-10,0154,N20,VIIRS,n,2,278.53,8.02,N,0
52.10384,27.00093,295.94,0.72,0.75,2020-04-10,0155,N20,VIIRS,n,2,270.13,2.58,N,0
52.10518,26.97678,314.35,0.72,0.75,2020-04-10,0155,N20,VIIRS,n,2,276.14,5.17,N,0
52.10159,26.98574,310.25,0.72,0.75,2020-04-10,0155,N20,VIIRS,n,2,275.19,3.24,N,0
52.09088,27.01246,303.98,0.72,0.76,2020-04-10,0155,N20,VIIRS,n,2,271.11,3.81,N,0
52.09221,26.98834,298.07,0.72,0.75,2020-04-10,0155,N20,VIIRS,n,2,274.07,3.24,N,0
52.08607,26.69343,299.92,0.7,0.75,2020-04-10,0155,N20,VIIRS,n,2,275.32,1.56,N,0
52.1523,26.98679,298.8,0.71,0.75,2020-04-10,0155,N20,VIIRS,n,2,271.28,1.07,N,0
52.16426,26.93649,308.5,0.71,0.75,2020-04-10,0155,N20,VIIRS,n,2,274.52,1.56,N,0
52.11913,27.02744,302.87,0.72,0.75,2020-04-10,0155,N20,VIIRS,n,2,274.51,2.65,N,0
52.11842,27.60963,321.35,0.75,0.77,2020-04-10,0155,N20,VIIRS,n,2,275.89,4.95,N,0
52.10283,27.60597,306.62,0.75,0.77,2020-04-10,0155,N20,VIIRS,n,2,275.51,1.95,N,0
52.14724,27.10352,295.65,0.72,0.76,2020-04-10,0155,N20,VIIRS,n,2,275.1,2.32,N,0
52.1456,27.10697,304.46,0.72,0.76,2020-04-10,0155,N20,VIIRS,n,2,275.74,2.08,N,0
52.13612,26.94423,316.76,0.71,0.75,2020-04-10,0155,N20,VIIRS,n,2,273.47,5.19,N,0
52.10744,27.01496,297.76,0.72,0.75,2020-04-10,0155,N20,VIIRS,n,2,271.43,1.46,N,0
52.1016,27.00869,350.04,0.72,0.75,2020-04-10,0155,N20,VIIRS,n,2,272.63,8.6,N,0
52.09799,27.01758,335.43,0.72,0.76,2020-04-10,0155,N20,VIIRS,n,2,275.62,6.75,N,0
52.11242,26.98208,300.47,0.72,0.75,2020-04-10,0155,N20,VIIRS,n,2,275.98,2.74,N,0
52.10521,26.99982,298.08,0.72,0.75,2020-04-10,0155,N20,VIIRS,n,2,269.64,8.6,N,0
52.10297,26.98472,313.88,0.72,0.75,2020-04-10,0155,N20,VIIRS,n,2,275.35,2.74,N,0
52.10659,26.9758,310.85,0.72,0.75,2020-04-10,0155,N20,VIIRS,n,2,275.77,2.74,N,0
52.09216,27.01131,299.18,0.72,0.76,2020-04-10,0155,N20,VIIRS,n,2,271.35,6.75,N,0
52.09353,26.98732,300.56,0.72,0.75,2020-04-10,0155,N20,VIIRS,n,2,274.78,2.11,N,0
52.13451,26.94507,301.43,0.71,0.75,2020-04-10,0155,N20,VIIRS,n,2,272.35,2.2,N,0
52.10967,27.00723,298.7,0.72,0.75,2020-04-10,0155,N20,VIIRS,n,2,271.02,2.58,N,0
52.10609,27.01615,295.67,0.72,0.76,2020-04-10,0155,N20,VIIRS,n,2,271.83,3.86,N,0
52.10028,27.00985,326.8,0.72,0.76,2020-04-10,0155,N20,VIIRS,n,2,271.53,3.86,N,0
52.09669,27.01879,327.75,0.72,0.76,2020-04-10,0155,N20,VIIRS,n,2,275.35,3.86,N,0
52.11098,26.9831,300.72,0.72,0.75,2020-04-10,0155,N20,VIIRS,n,2,275.61,3.67,N,0
52.13676,26.93489,346.73,0.55,0.51,2020-04-10,1003,N20,VIIRS,n,2,291.89,11.15,D,0
52.15694,26.99071,338.6,0.54,0.51,2020-04-10,1003,N20,VIIRS,n,2,287.2,13.71,D,0
52.15497,26.98336,340.58,0.54,0.51,2020-04-10,1003,N20,VIIRS,n,2,290.58,7.85,D,0
52.13773,26.88118,342.48,0.55,0.51,2020-04-10,1003,N20,VIIRS,n,2,290.41,11.63,D,0
52.13573,26.87376,333.3,0.55,0.51,2020-04-10,1003,N20,VIIRS,n,2,292.17,11.75,D,0
52.15404,26.98566,352.57,0.54,0.51,2020-04-10,1003,N20,VIIRS,n,2,295.32,32.89,D,0
52.14193,26.94164,330.22,0.55,0.51,2020-04-10,1003,N20,VIIRS,n,2,289.37,2.19,D,0
52.13433,26.87647,339.18,0.55,0.51,2020-04-10,1003,N20,VIIRS,n,2,292.09,12.38,D,0
52.13866,26.87338,350.36,0.55,0.51,2020-04-10,1003,N20,VIIRS,n,2,291.67,12.38,D,0
52.41842,27.65035,336.4,0.5,0.49,2020-04-10,1003,N20,VIIRS,n,2,284.69,5.97,D,0
52.42736,27.6278,326.01,0.5,0.49,2020-04-10,1003,N20,VIIRS,n,2,286.32,4.07,D,0
51.96792,24.90723,326.84,0.33,0.55,2020-04-10,1003,N20,VIIRS,n,2,288.65,1.23,D,0
51.99108,24.88935,327.06,0.33,0.55,2020-04-10,1003,N20,VIIRS,n,2,285.37,20.47,D,0
51.98978,24.88496,353.69,0.33,0.55,2020-04-10,1003,N20,VIIRS,n,2,299.7,20.47,D,0
51.98849,24.88056,341.7,0.33,0.55,2020-04-10,1003,N20,VIIRS,n,2,290.04,19.38,D,0
52.08704,27.96007,350.13,0.5,0.49,2020-04-10,1003,N20,VIIRS,n,2,292.22,8.78,D,0
52.08008,28.37602,326.49,0.48,0.48,2020-04-10,1003,N20,VIIRS,n,2,287.91,5.5,D,0
52.07596,28.37882,338.14,0.48,0.48,2020-04-10,1003,N20,VIIRS,n,2,293.5,20.34,D,0
52.07613,28.37819,348.21,0.48,0.48,2020-04-10,1003,N20,VIIRS,n,2,294.59,17.22,D,0
51.66235,27.20859,338.01,0.55,0.51,2020-04-10,1003,N20,VIIRS,n,2,289.62,7.54,D,0
51.59595,27.31607,333.94,0.55,0.51,2020-04-10,1003,N20,VIIRS,n,2,294.3,33.84,D,0
51.59795,27.3234,350.97,0.55,0.51,2020-04-10,1003,N20,VIIRS,n,2,312.68,50.66,D,0
51.59993,27.33071,339.58,0.55,0.51,2020-04-10,1003,N20,VIIRS,n,2,295.62,50.66,D,0
51.84442,29.16931,328.69,0.46,0.47,2020-04-10,1003,N20,VIIRS,n,2,286.81,3.26,D,0
52.09726,27.60249,351.59,0.52,0.5,2020-04-10,1003,N20,VIIRS,n,2,303.74,36.49,D,0
51.99911,27.23181,340.53,0.54,0.51,2020-04-10,1003,N20,VIIRS,n,2,289.47,5.89,D,0
52.10149,27.59953,341.16,0.52,0.5,2020-04-10,1003,N20,VIIRS,n,2,289.4,4.35,D,0
52.0034,27.22877,354.98,0.54,0.51,2020-04-10,1003,N20,VIIRS,n,2,291.89,15.97,D,0
52.10572,27.59657,330.28,0.52,0.5,2020-04-10,1003,N20,VIIRS,n,2,294.04,4.35,D,0
52.09418,27.60561,343.28,0.52,0.5,2020-04-10,1003,N20,VIIRS,n,2,290.06,5.05,D,0
52.09842,27.60267,345.7,0.52,0.5,2020-04-10,1003,N20,VIIRS,n,2,300.64,25.25,D,0
52.09654,27.59568,334.46,0.52,0.5,2020-04-10,1003,N20,VIIRS,n,2,291.45,13.8,D,0
52.0029,27.23052,339.28,0.54,0.51,2020-04-10,1003,N20,VIIRS,n,2,294.19,17.32,D,0
52.00093,27.2233,338.44,0.54,0.51,2020-04-10,1003,N20,VIIRS,n,2,292.34,10.13,D,0
52.10687,27.59677,326.99,0.52,0.5,2020-04-10,1003,N20,VIIRS,n,2,293.93,3.09,D,0
52.11906,27.60483,353.39,0.52,0.5,2020-04-10,1003,N20,VIIRS,n,2,304.84,79.3,D,0
52.11719,27.59785,287.34,0.52,0.5,2020-04-10,1003,N20,VIIRS,l,2,302.02,60.79,D,0
52.12328,27.60188,341.93,0.52,0.5,2020-04-10,1003,N20,VIIRS,n,2,300.21,79.3,D,0
52.12142,27.5949,291.87,0.52,0.5,2020-04-10,1003,N20,VIIRS,l,2,302.7,60.79,D,0
52.26924,27.77847,337.47,0.5,0.49,2020-04-10,1003,N20,VIIRS,n,2,284.99,5.17,D,0
52.27106,27.77689,330.17,0.5,0.49,2020-04-10,1003,N20,VIIRS,n,2,283.95,1.76,D,0
52.08867,27.00456,341.58,0.54,0.51,2020-04-10,1003,N20,VIIRS,n,2,291.69,9.82,D,0
52.08667,26.99722,325.51,0.55,0.51,2020-04-10,1003,N20,VIIRS,n,2,289.82,5.05,D,0
52.09697,27.01612,334.5,0.54,0.51,2020-04-10,1003,N20,VIIRS,n,2,292.73,7.73,D,0
52.10759,27.0173,333.86,0.54,0.51,2020-04-10,1003,N20,VIIRS,n,2,292.71,3.76,D,0
52.11587,27.02887,367,0.54,0.51,2020-04-10,1003,N20,VIIRS,h,2,293.73,18.98,D,0
52.11985,27.04351,340.4,0.54,0.51,2020-04-10,1003,N20,VIIRS,n,2,283.63,43.82,D,0
52.11786,27.03621,327.1,0.54,0.51,2020-04-10,1003,N20,VIIRS,n,2,300.61,43.82,D,0
52.10991,27.00689,328.56,0.54,0.51,2020-04-10,1003,N20,VIIRS,n,2,289.35,3.76,D,0
52.1419,27.10605,356.16,0.54,0.51,2020-04-10,1003,N20,VIIRS,n,2,292.69,17.85,D,0
52.12415,27.04044,341.5,0.54,0.51,2020-04-10,1003,N20,VIIRS,n,2,286.81,148.43,D,0
52.12018,27.0258,333.11,0.54,0.51,2020-04-10,1003,N20,VIIRS,n,2,287.81,8.89,D,0
52.10824,26.9818,354.38,0.55,0.51,2020-04-10,1003,N20,VIIRS,n,2,293.45,10.41,D,0
52.10624,26.97446,356.34,0.55,0.51,2020-04-10,1003,N20,VIIRS,n,2,290.91,10.41,D,0
52.10224,26.95974,352.29,0.55,0.51,2020-04-10,1003,N20,VIIRS,n,2,288.98,18.31,D,0
52.10023,26.95234,328.89,0.55,0.51,2020-04-10,1003,N20,VIIRS,n,2,293,25.55,D,0
52.13043,27.04468,340.86,0.54,0.51,2020-04-10,1003,N20,VIIRS,n,2,292.26,41.68,D,0
52.12647,27.03004,349.14,0.54,0.51,2020-04-10,1003,N20,VIIRS,n,2,293.59,148.43,D,0
52.11056,26.97136,328.3,0.55,0.51,2020-04-10,1003,N20,VIIRS,n,2,290.67,10.41,D,0
52.10856,26.96402,345.91,0.55,0.51,2020-04-10,1003,N20,VIIRS,n,2,288.19,18.31,D,0
52.10655,26.95663,345.88,0.55,0.51,2020-04-10,1003,N20,VIIRS,n,2,288.84,18.31,D,0
52.10455,26.94926,331.01,0.55,0.51,2020-04-10,1003,N20,VIIRS,n,2,295.14,25.55,D,0
52.11287,26.9609,367,0.55,0.51,2020-04-10,1003,N20,VIIRS,h,2,291.38,12.23,D,0
52.13473,27.0416,341.56,0.54,0.51,2020-04-10,1003,N20,VIIRS,n,2,294.48,19.78,D,0
52.13275,27.03428,351.11,0.54,0.51,2020-04-10,1003,N20,VIIRS,n,2,298.35,21.63,D,0
52.13077,27.02696,327.39,0.54,0.51,2020-04-10,1003,N20,VIIRS,n,2,292.21,21.63,D,0
52.11087,26.95353,339.7,0.55,0.51,2020-04-10,1003,N20,VIIRS,n,2,287.61,12.23,D,0
52.10887,26.94616,331.49,0.55,0.51,2020-04-10,1003,N20,VIIRS,n,2,290.68,24.61,D,0
52.13875,26.94227,345.03,0.55,0.51,2020-04-10,1003,N20,VIIRS,n,2,294.81,11.15,D,0
52.14273,26.95702,326.9,0.55,0.51,2020-04-10,1003,N20,VIIRS,n,2,292.51,2.54,D,0
52.15066,26.98646,330.73,0.54,0.51,2020-04-10,1003,N20,VIIRS,n,2,292.25,7.85,D,0
52.15264,26.99379,350.52,0.54,0.51,2020-04-10,1003,N20,VIIRS,n,2,292.33,13.71,D,0
52.13244,26.93801,341.64,0.55,0.51,2020-04-10,1003,N20,VIIRS,n,2,293.95,31.97,D,0
52.13045,26.93064,367,0.55,0.51,2020-04-10,1003,N20,VIIRS,h,2,293.26,154.18,D,0
52.12414,26.92636,336.98,0.55,0.51,2020-04-10,1003,N20,VIIRS,n,2,290.43,154.18,D,0
52.12813,26.94112,354.37,0.55,0.51,2020-04-10,1003,N20,VIIRS,n,2,304.71,31.97,D,0
52.13012,26.94848,329.34,0.55,0.51,2020-04-10,1003,N20,VIIRS,n,2,290.97,31.97,D,0
52.12614,26.93375,367,0.55,0.51,2020-04-10,1003,N20,VIIRS,h,2,352.24,154.18,D,0
52.12183,26.93688,341.84,0.55,0.51,2020-04-10,1003,N20,VIIRS,n,2,301.13,78.05,D,0
52.12581,26.9516,327.53,0.55,0.51,2020-04-10,1003,N20,VIIRS,n,2,290.44,10.39,D,0
52.12383,26.94425,367,0.55,0.51,2020-04-10,1003,N20,VIIRS,h,2,290.4,10.39,D,0
52.1215,26.95472,338.77,0.55,0.51,2020-04-10,1003,N20,VIIRS,n,2,288.82,10.39,D,0
52.11319,26.94306,335.24,0.55,0.51,2020-04-10,1003,N20,VIIRS,n,2,295.13,24.61,D,0
52.13476,26.92752,340.03,0.55,0.51,2020-04-10,1003,N20,VIIRS,n,2,297.87,22.84,D,0
52.11519,26.95044,348.76,0.55,0.51,2020-04-10,1003,N20,VIIRS,n,2,289.55,12.23,D,0
52.11719,26.95781,327.67,0.55,0.51,2020-04-10,1003,N20,VIIRS,n,2,288.36,12.23,D,0
52.13705,27.03121,352.6,0.54,0.51,2020-04-10,1003,N20,VIIRS,n,2,290.98,21.63,D,0
52.13903,27.03852,328.84,0.54,0.51,2020-04-10,1003,N20,VIIRS,n,2,286.55,19.78,D,0
52.18008,27.19098,338.76,0.53,0.5,2020-04-10,1003,N20,VIIRS,n,2,289.46,10.62,D,0
54.06025,24.99095,339.41,0.56,0.52,2020-04-10,1004,N20,VIIRS,n,2,292.68,9.9,D,0
52.41896,25.47698,328.48,0.61,0.53,2020-04-10,1004,N20,VIIRS,n,2,289.8,10.01,D,0
52.41681,25.48862,343.66,0.61,0.53,2020-04-10,1004,N20,VIIRS,n,2,292.55,10.01,D,0
52.41914,25.4968,338,0.61,0.53,2020-04-10,1004,N20,VIIRS,n,2,288.07,10.03,D,0
52.41466,25.50022,332.67,0.61,0.53,2020-04-10,1004,N20,VIIRS,n,2,288.85,2.85,D,0
54.05808,24.98317,339.08,0.56,0.52,2020-04-10,1004,N20,VIIRS,n,2,292.64,9.9,D,0
51.59954,27.32186,335.87,0.32,0.55,2020-04-10,1144,N20,VIIRS,n,2,293.15,20.29,D,0
51.59974,27.32657,348.95,0.32,0.55,2020-04-10,1144,N20,VIIRS,n,2,294.88,20.29,D,0
52.10557,26.96955,325.8,0.63,0.54,2020-04-10,1144,N20,VIIRS,n,2,285.13,6.73,D,0
52.10518,26.96031,339.82,0.62,0.54,2020-04-10,1144,N20,VIIRS,n,2,288.51,6.73,D,0
52.10479,26.95109,338.58,0.62,0.54,2020-04-10,1144,N20,VIIRS,n,2,288.75,10.23,D,0
52.11018,26.9598,339.07,0.62,0.54,2020-04-10,1144,N20,VIIRS,n,2,287.27,6.73,D,0
52.10979,26.95057,340.25,0.62,0.54,2020-04-10,1144,N20,VIIRS,n,2,289.51,10.23,D,0
52.10939,26.94132,338.23,0.62,0.54,2020-04-10,1144,N20,VIIRS,n,2,289.88,10.23,D,0
52.11913,27.05237,328.11,0.63,0.54,2020-04-10,1144,N20,VIIRS,n,2,291.84,125.47,D,0
52.11873,27.04303,352.56,0.63,0.54,2020-04-10,1144,N20,VIIRS,n,2,293.42,37.96,D,0
52.11834,27.03368,349.45,0.63,0.54,2020-04-10,1144,N20,VIIRS,n,2,297.97,37.96,D,0
52.11795,27.02437,346.15,0.63,0.54,2020-04-10,1144,N20,VIIRS,n,2,294.67,19.39,D,0
52.11479,26.95004,351.58,0.62,0.54,2020-04-10,1144,N20,VIIRS,n,2,288.56,11.11,D,0
52.1144,26.94079,339.55,0.62,0.54,2020-04-10,1144,N20,VIIRS,n,2,291.18,11.11,D,0
52.12455,27.06121,345.25,0.63,0.54,2020-04-10,1144,N20,VIIRS,n,2,291.01,125.47,D,0
52.12376,27.04251,347.79,0.63,0.54,2020-04-10,1144,N20,VIIRS,n,2,304.97,37.96,D,0
52.12336,27.03318,352.02,0.63,0.54,2020-04-10,1144,N20,VIIRS,n,2,298.41,37.96,D,0
52.12297,27.02386,333.61,0.63,0.54,2020-04-10,1144,N20,VIIRS,n,2,293.97,19.39,D,0
52.12019,26.95876,335.41,0.62,0.54,2020-04-10,1144,N20,VIIRS,n,2,287.77,5.14,D,0
52.11939,26.94025,338.57,0.62,0.54,2020-04-10,1144,N20,VIIRS,n,2,287.94,11.11,D,0
52.12415,27.05186,367,0.63,0.54,2020-04-10,1144,N20,VIIRS,l,2,342.04,125.47,D,0
52.12878,27.04201,367,0.63,0.54,2020-04-10,1144,N20,VIIRS,h,2,296.15,22.21,D,0
52.12838,27.03267,349.75,0.63,0.54,2020-04-10,1144,N20,VIIRS,n,2,295.28,22.21,D,0
52.1252,26.95827,336.17,0.62,0.54,2020-04-10,1144,N20,VIIRS,n,2,290.17,4.09,D,0
52.12479,26.949,346.7,0.62,0.54,2020-04-10,1144,N20,VIIRS,n,2,290.55,31.48,D,0
51.59993,27.33129,340.63,0.32,0.55,2020-04-10,1144,N20,VIIRS,n,2,291.74,7.54,D,0
51.63352,29.17923,340.12,0.39,0.59,2020-04-10,1144,N20,VIIRS,n,2,287.15,4.17,D,0
52.97534,27.60092,332.59,0.34,0.56,2020-04-10,1144,N20,VIIRS,n,2,284.71,1.73,D,0
52.84269,29.99285,326.09,0.43,0.62,2020-04-10,1144,N20,VIIRS,n,2,289.3,4.4,D,2
52.41812,25.48241,341.5,0.54,0.51,2020-04-10,1144,N20,VIIRS,n,2,294.97,12.06,D,0
52.41854,25.49051,351.22,0.54,0.51,2020-04-10,1144,N20,VIIRS,n,2,294.59,12.06,D,0
52.41896,25.49863,350.1,0.54,0.51,2020-04-10,1144,N20,VIIRS,n,2,293.63,13.85,D,0
52.41426,25.49928,341.34,0.54,0.51,2020-04-10,1144,N20,VIIRS,n,2,293.8,6.05,D,0
52.42193,25.49023,344.18,0.54,0.51,2020-04-10,1144,N20,VIIRS,n,2,291.48,11.95,D,0
52.41677,25.48279,337.52,0.54,0.51,2020-04-10,1144,N20,VIIRS,n,2,294.41,8.23,D,0
52.41723,25.49088,343.4,0.54,0.51,2020-04-10,1144,N20,VIIRS,n,2,292.49,11.95,D,0
52.41769,25.49898,353.55,0.54,0.51,2020-04-10,1144,N20,VIIRS,n,2,296.35,11.95,D,0
52.42548,27.61983,354.96,0.34,0.56,2020-04-10,1144,N20,VIIRS,n,2,283.44,6.77,D,0
52.20056,24.49395,341.26,0.49,0.49,2020-04-10,1144,N20,VIIRS,n,2,291.43,4.1,D,0
52.19607,24.49466,329.03,0.49,0.49,2020-04-10,1144,N20,VIIRS,n,2,291.15,4.1,D,0
52.31583,27.94513,325.38,0.35,0.56,2020-04-10,1144,N20,VIIRS,n,2,293.21,3.42,D,0
52.1593,26.93846,337.56,0.62,0.54,2020-04-10,1144,N20,VIIRS,n,2,296.39,5.35,D,0
52.16924,27.1942,337.55,0.32,0.55,2020-04-10,1144,N20,VIIRS,n,2,290.88,2.65,D,0
52.16571,27.19676,330.06,0.32,0.55,2020-04-10,1144,N20,VIIRS,n,2,287.74,2.35,D,0
52.15686,26.99234,337.55,0.63,0.54,2020-04-10,1144,N20,VIIRS,n,2,287.73,7.05,D,0
52.12051,26.15609,331.76,0.58,0.52,2020-04-10,1144,N20,VIIRS,n,2,292.58,2.13,D,0
52.15646,26.98304,338.75,0.63,0.54,2020-04-10,1144,N20,VIIRS,n,2,289.17,5.74,D,0
52.1594,26.93617,325.73,0.62,0.54,2020-04-10,1144,N20,VIIRS,l,2,296.03,8.05,D,0
52.12179,26.15446,335.69,0.58,0.52,2020-04-10,1144,N20,VIIRS,n,2,292.87,3.99,D,0
52.15149,26.99525,344.8,0.63,0.54,2020-04-10,1144,N20,VIIRS,n,2,292.77,12.03,D,0
52.15649,26.99472,338.33,0.63,0.54,2020-04-10,1144,N20,VIIRS,n,2,288.06,12.03,D,0
52.15613,26.9854,347.52,0.63,0.54,2020-04-10,1144,N20,VIIRS,n,2,290.33,12.03,D,0
52.12439,26.93974,352.92,0.62,0.54,2020-04-10,1144,N20,VIIRS,n,2,296.42,31.48,D,0
52.12399,26.93052,354.15,0.62,0.54,2020-04-10,1144,N20,VIIRS,n,2,295.37,21.09,D,0
52.1338,27.04149,329.33,0.63,0.54,2020-04-10,1144,N20,VIIRS,n,2,289.45,22.21,D,0
52.1298,26.94851,330.39,0.62,0.54,2020-04-10,1144,N20,VIIRS,n,2,291,31.48,D,0
52.1294,26.93925,353.38,0.62,0.54,2020-04-10,1144,N20,VIIRS,n,2,304.57,31.48,D,0
52.12899,26.93002,347.6,0.62,0.54,2020-04-10,1144,N20,VIIRS,n,2,294.27,21.09,D,0
52.14162,27.1066,335.41,0.63,0.54,2020-04-10,1144,N20,VIIRS,n,2,288.12,5.11,D,0
52.1344,26.93875,333.63,0.62,0.54,2020-04-10,1144,N20,VIIRS,n,2,294.2,11.83,D,0
52.134,26.92952,347.09,0.62,0.54,2020-04-10,1144,N20,VIIRS,n,2,294.78,13.63,D,0
52.1394,26.93824,342.62,0.62,0.54,2020-04-10,1144,N20,VIIRS,n,2,293.49,11.83,D,0
52.13696,26.88291,331.49,0.62,0.54,2020-04-10,1144,N20,VIIRS,n,2,291.58,4.31,D,0
52.15186,26.99285,352.67,0.63,0.54,2020-04-10,1144,N20,VIIRS,n,2,292.52,19.23,D,0
52.10714,27.00678,330.85,0.63,0.54,2020-04-10,1144,N20,VIIRS,n,2,292.78,5.06,D,0
51.99489,24.89156,347.42,0.51,0.49,2020-04-10,1144,N20,VIIRS,n,2,290.13,18.69,D,0
52.09979,26.95161,334.16,0.62,0.54,2020-04-10,1144,N20,VIIRS,n,2,288.29,3.87,D,0
52.12547,27.60412,343.62,0.33,0.55,2020-04-10,1144,N20,VIIRS,n,2,279.3,14.26,D,0
52.12014,27.59966,333.47,0.33,0.55,2020-04-10,1144,N20,VIIRS,n,2,295.02,14.26,D,0
52.11996,27.59472,367,0.33,0.55,2020-04-10,1144,N20,VIIRS,h,2,299.9,12.05,D,0
52.12032,27.6046,342.37,0.33,0.55,2020-04-10,1144,N20,VIIRS,n,2,310.32,14.26,D,0
52.1205,27.60954,367,0.33,0.56,2020-04-10,1144,N20,VIIRS,h,2,297.73,29.82,D,0
52.11481,27.59519,348.51,0.33,0.55,2020-04-10,1144,N20,VIIRS,n,2,292.71,14.27,D,0
52.11499,27.60012,367,0.33,0.55,2020-04-10,1144,N20,VIIRS,h,2,299.94,21.58,D,0
52.00102,27.22844,344.66,0.32,0.55,2020-04-10,1144,N20,VIIRS,n,2,292.55,5.18,D,0
52.00121,27.23317,334.4,0.32,0.55,2020-04-10,1144,N20,VIIRS,n,2,289.28,2.66,D,0
52.08852,26.98389,299.89,0.51,0.41,2020-04-10,2356,N20,VIIRS,n,2,266.23,1.26,N,0
52.84747,29.99063,329.33,0.43,0.38,2020-04-10,2356,N20,VIIRS,n,2,274.56,10.78,N,2
53.27212,24.44328,303.32,0.44,0.46,2020-04-10,2356,N20,VIIRS,n,2,272.6,1,N,2
52.14631,29.11951,300.8,0.44,0.39,2020-04-10,2356,N20,VIIRS,n,2,267.45,0.91,N,0
52.12253,29.10537,323.22,0.44,0.39,2020-04-10,2356,N20,VIIRS,n,2,268.72,2.71,N,0
52.12001,27.58694,307.93,0.49,0.4,2020-04-10,2356,N20,VIIRS,n,2,270.12,2.85,N,0
52.11631,27.58591,325.6,0.49,0.4,2020-04-10,2356,N20,VIIRS,n,2,271.35,2.85,N,0
52.11262,27.58488,327.82,0.49,0.4,2020-04-10,2356,N20,VIIRS,n,2,272.55,4.6,N,0
52.11863,27.58672,320.86,0.49,0.4,2020-04-10,2356,N20,VIIRS,n,2,271.04,4.12,N,0
52.11494,27.58569,338.04,0.49,0.4,2020-04-10,2356,N20,VIIRS,n,2,273.57,4.12,N,0
52.13461,27.06532,340.88,0.51,0.41,2020-04-10,2356,N20,VIIRS,n,2,272.13,9.28,N,0
52.13385,27.07278,354.65,0.51,0.41,2020-04-10,2356,N20,VIIRS,n,2,280.87,14.35,N,0
52.13309,27.08023,341.1,0.51,0.41,2020-04-10,2356,N20,VIIRS,n,2,279.43,14.35,N,0
52.12933,27.07922,325.42,0.51,0.41,2020-04-10,2356,N20,VIIRS,n,2,270.57,14.35,N,0
52.13008,27.07177,308.11,0.51,0.41,2020-04-10,2356,N20,VIIRS,n,2,269.01,14.35,N,0
52.13001,26.91764,331.99,0.52,0.41,2020-04-10,2356,N20,VIIRS,n,2,269.96,8.3,N,0
52.11945,26.94584,301.21,0.52,0.41,2020-04-10,2356,N20,VIIRS,n,2,270.12,1.81,N,0
52.13644,27.06753,303.7,0.49,0.65,2020-04-11,0136,N20,VIIRS,n,2,268.11,1.27,N,0
53.26099,24.45108,295.94,0.35,0.57,2020-04-11,0136,N20,VIIRS,n,2,274.74,0.88,N,2
53.2701,24.44091,304.78,0.35,0.57,2020-04-11,0136,N20,VIIRS,n,2,271.51,0.62,N,2
52.13298,27.06513,302.41,0.49,0.65,2020-04-11,0136,N20,VIIRS,n,2,268.09,0.97,N,0
52.24474,26.27861,329.39,0.44,0.62,2020-04-11,0945,N20,VIIRS,n,2,286.12,2.09,D,0
52.13623,26.91905,343.58,0.42,0.61,2020-04-11,0945,N20,VIIRS,n,2,288.59,5.81,D,0
52.138,26.92446,333.54,0.42,0.61,2020-04-11,0945,N20,VIIRS,n,2,287.69,5.81,D,0
52.13122,26.9233,356.26,0.42,0.61,2020-04-11,0945,N20,VIIRS,l,2,289.59,5.81,D,0
52.12945,26.91787,367,0.42,0.61,2020-04-11,0945,N20,VIIRS,h,2,291.57,12.72,D,0
52.12445,26.92213,344.15,0.42,0.61,2020-04-11,0945,N20,VIIRS,n,2,289.63,5.22,D,0
52.13769,26.91926,344.88,0.42,0.61,2020-04-11,0945,N20,VIIRS,n,2,287.86,3.45,D,0
52.13269,26.92354,354.11,0.42,0.61,2020-04-11,0945,N20,VIIRS,n,2,289.27,6.79,D,0
52.13094,26.91809,367,0.42,0.61,2020-04-11,0945,N20,VIIRS,h,2,290.84,6.79,D,0
52.12595,26.92237,353.61,0.42,0.61,2020-04-11,0945,N20,VIIRS,n,2,291,6.79,D,0
52.16128,27.092,330.63,0.41,0.61,2020-04-11,0945,N20,VIIRS,n,2,290.92,17.93,D,0
52.11095,26.93523,367,0.42,0.61,2020-04-11,0945,N20,VIIRS,h,2,293.45,17.56,D,0
52.15459,27.09085,351.29,0.41,0.61,2020-04-11,0945,N20,VIIRS,n,2,292.71,17.93,D,0
52.15631,27.09622,367,0.41,0.61,2020-04-11,0945,N20,VIIRS,h,2,303.3,17.93,D,0
52.3123,27.93243,329.97,0.38,0.58,2020-04-11,0945,N20,VIIRS,n,2,288.62,2.43,D,0
52.30748,27.93643,345.85,0.38,0.58,2020-04-11,0945,N20,VIIRS,n,2,290.4,5.53,D,0
52.11674,27.58346,329.79,0.39,0.6,2020-04-11,0945,N20,VIIRS,n,2,288.94,2.5,D,0
51.99544,27.22539,332.88,0.41,0.61,2020-04-11,0945,N20,VIIRS,n,2,291.36,8.79,D,0
51.99717,27.23073,344.05,0.41,0.61,2020-04-11,0945,N20,VIIRS,n,2,290.83,11.38,D,0
52.11018,27.58238,336.39,0.39,0.6,2020-04-11,0945,N20,VIIRS,n,2,289.23,4.41,D,0
52.11183,27.58755,347.06,0.39,0.6,2020-04-11,0945,N20,VIIRS,n,2,296.27,4.89,D,0
52.10527,27.58646,341.31,0.39,0.6,2020-04-11,0945,N20,VIIRS,n,2,289.34,4.41,D,0
52.10691,27.59162,336.83,0.39,0.6,2020-04-11,0945,N20,VIIRS,n,2,287.56,4.89,D,0
51.99045,27.22957,367,0.41,0.61,2020-04-11,0945,N20,VIIRS,h,2,290.31,8.79,D,0
51.99218,27.23491,367,0.41,0.61,2020-04-11,0945,N20,VIIRS,h,2,295.04,11.38,D,0
52.11607,27.58605,326.02,0.39,0.6,2020-04-11,0945,N20,VIIRS,n,2,291.63,4.24,D,0
51.99635,27.22638,339.8,0.41,0.61,2020-04-11,0945,N20,VIIRS,n,2,291.87,2.86,D,0
51.99805,27.23174,331.37,0.41,0.61,2020-04-11,0945,N20,VIIRS,n,2,290.48,2.86,D,0
52.10954,27.58498,344.86,0.39,0.6,2020-04-11,0945,N20,VIIRS,n,2,292.08,4.24,D,0
52.11117,27.59017,367,0.39,0.6,2020-04-11,0945,N20,VIIRS,h,2,293.95,4.24,D,0
51.99137,27.23058,351.55,0.41,0.61,2020-04-11,0945,N20,VIIRS,n,2,290.23,11.01,D,0
51.99307,27.23594,367,0.41,0.61,2020-04-11,0945,N20,VIIRS,h,2,294.07,11.01,D,0
52.11907,27.67463,335.48,0.39,0.59,2020-04-11,0945,N20,VIIRS,n,2,295.21,4.48,D,0
52.09005,27.96464,346.29,0.38,0.59,2020-04-11,0945,N20,VIIRS,n,2,289.7,6.44,D,0
52.09161,27.96967,325.84,0.38,0.59,2020-04-11,0945,N20,VIIRS,n,2,284.97,4.18,D,0
52.10675,28.61927,344.18,0.36,0.57,2020-04-11,0945,N20,VIIRS,n,2,287.91,3.06,D,0
52.12204,29.0998,325.07,0.34,0.56,2020-04-11,0945,N20,VIIRS,n,2,288.52,1.72,D,0
52.1201,29.11262,356.2,0.34,0.56,2020-04-11,0945,N20,VIIRS,l,2,285.82,37.63,D,0
52.11735,29.1035,354.47,0.34,0.56,2020-04-11,0945,N20,VIIRS,n,2,295.64,30.86,D,0
52.11873,29.10806,367,0.34,0.56,2020-04-11,0945,N20,VIIRS,h,2,291.5,37.63,D,0
55.56844,30.11091,335.91,0.49,0.48,2020-04-11,0945,N20,VIIRS,n,2,288.32,14.09,D,0
52.12068,27.67977,335.28,0.39,0.59,2020-04-11,0945,N20,VIIRS,n,2,293.86,5.14,D,0
55.56886,30.10929,333.26,0.49,0.48,2020-04-11,0945,N20,VIIRS,n,2,285.04,9.8,D,0
55.57073,30.11632,337.54,0.49,0.48,2020-04-11,0945,N20,VIIRS,n,2,280.05,9.8,D,0
52.96564,25.5539,333.87,0.44,0.62,2020-04-11,0945,N20,VIIRS,n,2,290.18,4.21,D,0
51.93159,25.76183,339.55,0.53,0.42,2020-04-11,1125,N20,VIIRS,n,2,301.79,24.81,D,0
52.11755,29.10017,341.44,0.48,0.48,2020-04-11,1125,N20,VIIRS,n,2,292.76,5.79,D,0
51.98929,27.22202,330.25,0.4,0.45,2020-04-11,1125,N20,VIIRS,n,2,292.58,3.16,D,0
51.89813,26.13328,330.95,0.55,0.43,2020-04-11,1125,N20,VIIRS,n,2,292.67,2.72,D,0
51.99385,27.2271,331.44,0.4,0.45,2020-04-11,1125,N20,VIIRS,n,2,292.69,3.16,D,0
51.99796,27.22625,332.53,0.4,0.45,2020-04-11,1125,N20,VIIRS,n,2,291.39,2.75,D,0
52.13718,29.12584,330.52,0.49,0.48,2020-04-11,1125,N20,VIIRS,n,2,289.46,3.44,D,0
52.13674,29.11867,325.55,0.48,0.48,2020-04-11,1125,N20,VIIRS,n,2,289.46,3.44,D,0
52.15992,28.92126,329.04,0.48,0.48,2020-04-11,1125,N20,VIIRS,n,2,290.46,2.84,D,0
51.92847,25.77052,332.21,0.53,0.42,2020-04-11,1125,N20,VIIRS,n,2,296.85,24.81,D,0
51.92701,25.75495,334.71,0.53,0.42,2020-04-11,1125,N20,VIIRS,n,2,295.36,38.57,D,0
52.10264,27.75647,340.99,0.43,0.46,2020-04-11,1125,N20,VIIRS,n,2,303.32,37.73,D,0
51.93233,25.76961,332.17,0.53,0.42,2020-04-11,1125,N20,VIIRS,n,2,296.4,24.81,D,0
52.46778,27.80073,329.41,0.43,0.46,2020-04-11,1125,N20,VIIRS,n,2,289.67,2.33,D,0
52.05894,24.19366,332.25,0.48,0.4,2020-04-11,1125,N20,VIIRS,n,2,301.71,4.26,D,0
52.24383,26.27823,334.52,0.56,0.43,2020-04-11,1125,N20,VIIRS,n,2,292.05,6.07,D,0
52.16031,26.94308,326.21,0.4,0.44,2020-04-11,1125,N20,VIIRS,n,2,296.78,2.9,D,0
52.15985,27.08641,339.86,0.4,0.44,2020-04-11,1125,N20,VIIRS,n,2,293.67,4.99,D,0
52.16034,27.09231,344.88,0.4,0.44,2020-04-11,1125,N20,VIIRS,n,2,294.9,8.22,D,0
52.16083,27.09821,343.97,0.4,0.44,2020-04-11,1125,N20,VIIRS,n,2,292.96,8.22,D,0
52.13089,26.79047,327.51,0.39,0.44,2020-04-11,1125,N20,VIIRS,n,2,292.17,2.55,D,0
52.15626,27.09316,349.89,0.4,0.44,2020-04-11,1125,N20,VIIRS,n,2,298.7,78.04,D,0
52.13758,26.91834,338.51,0.4,0.44,2020-04-11,1125,N20,VIIRS,n,2,291.49,3.06,D,0
52.13806,26.92415,339.18,0.4,0.44,2020-04-11,1125,N20,VIIRS,n,2,292.53,3.06,D,0
52.15314,27.10583,343.72,0.4,0.44,2020-04-11,1125,N20,VIIRS,n,2,290.35,40.01,D,0
52.15218,27.09402,367,0.4,0.44,2020-04-11,1125,N20,VIIRS,h,2,297.3,78.04,D,0
52.13353,26.9192,355.8,0.4,0.44,2020-04-11,1125,N20,VIIRS,n,2,298.19,14.48,D,0
52.13401,26.92501,350.03,0.4,0.44,2020-04-11,1125,N20,VIIRS,n,2,295.04,14.48,D,0
52.14809,27.09488,345.36,0.4,0.44,2020-04-11,1125,N20,VIIRS,n,2,289.85,6.42,D,0
52.14857,27.10077,333.9,0.4,0.44,2020-04-11,1125,N20,VIIRS,n,2,291.31,6.42,D,0
52.14906,27.10668,341.81,0.4,0.44,2020-04-11,1125,N20,VIIRS,n,2,293.47,17.42,D,0
52.12899,26.91427,328.95,0.4,0.44,2020-04-11,1125,N20,VIIRS,n,2,297.41,15.33,D,0
52.12947,26.92007,343.62,0.4,0.44,2020-04-11,1125,N20,VIIRS,n,2,297.72,14.48,D,0
52.12494,26.91513,338.85,0.4,0.44,2020-04-11,1125,N20,VIIRS,n,2,294.49,3.85,D,0
52.11779,26.92845,340.77,0.4,0.44,2020-04-11,1125,N20,VIIRS,n,2,296.13,12.87,D,0
52.12983,27.07472,327.49,0.4,0.44,2020-04-11,1125,N20,VIIRS,n,2,294.43,2.53,D,0
52.11373,26.92931,346.86,0.4,0.44,2020-04-11,1125,N20,VIIRS,n,2,290.3,12.87,D,0
52.11421,26.93512,343.47,0.4,0.44,2020-04-11,1125,N20,VIIRS,n,2,289.69,5.79,D,0
52.10968,26.93018,337.4,0.4,0.44,2020-04-11,1125,N20,VIIRS,n,2,293.15,9.93,D,0
52.11016,26.93599,353.86,0.4,0.44,2020-04-11,1125,N20,VIIRS,n,2,297.35,20.99,D,0
52.1061,26.93686,349.74,0.4,0.44,2020-04-11,1125,N20,VIIRS,n,2,306.87,20.99,D,0
52.10658,26.94265,353.16,0.4,0.44,2020-04-11,1125,N20,VIIRS,n,2,288.75,20.99,D,0
52.10205,26.93772,338.71,0.4,0.44,2020-04-11,1125,N20,VIIRS,n,2,289.91,2.78,D,0
52.10252,26.94352,332.29,0.4,0.44,2020-04-11,1125,N20,VIIRS,n,2,288.67,2.78,D,0
52.08961,26.98775,342.86,0.4,0.44,2020-04-11,1125,N20,VIIRS,n,2,292.77,3.33,D,0
52.08554,26.9886,339.12,0.4,0.44,2020-04-11,1125,N20,VIIRS,n,2,290.21,3.33,D,0
52.11171,27.59331,329.96,0.42,0.45,2020-04-11,1125,N20,VIIRS,n,2,291.24,2.5,D,0
52.11818,27.68024,354,0.42,0.45,2020-04-11,1125,N20,VIIRS,n,2,304.06,37.72,D,0
52.11399,27.68106,298.93,0.42,0.45,2020-04-11,1125,N20,VIIRS,l,2,304.73,37.72,D,0
52.10662,27.58181,338.05,0.42,0.45,2020-04-11,1125,N20,VIIRS,n,2,293.75,6.43,D,0
52.10708,27.58798,333.27,0.42,0.45,2020-04-11,1125,N20,VIIRS,n,2,291.93,6.43,D,0
52.11353,27.67484,336.98,0.42,0.45,2020-04-11,1125,N20,VIIRS,n,2,293.75,12.6,D,0
52.11445,27.6873,341.05,0.42,0.45,2020-04-11,1125,N20,VIIRS,n,2,299.29,37.72,D,0
52.11459,27.58377,340.64,0.42,0.45,2020-04-11,1125,N20,VIIRS,n,2,292.89,3.37,D,0
52.11042,27.58459,339.15,0.42,0.45,2020-04-11,1125,N20,VIIRS,n,2,295.2,3.37,D,0
52.11091,27.59075,340.43,0.42,0.45,2020-04-11,1125,N20,VIIRS,n,2,292.32,4.5,D,0
52.11777,27.67752,346.95,0.42,0.45,2020-04-11,1125,N20,VIIRS,n,2,297.85,19.52,D,0
52.11826,27.68373,350.34,0.42,0.45,2020-04-11,1125,N20,VIIRS,n,2,304,19.52,D,0
52.10625,27.58542,351.35,0.42,0.45,2020-04-11,1125,N20,VIIRS,n,2,293.71,5.77,D,0
52.11359,27.67834,341.15,0.42,0.45,2020-04-11,1125,N20,VIIRS,n,2,291.2,28.89,D,0
52.11408,27.68456,333.69,0.42,0.45,2020-04-11,1125,N20,VIIRS,n,2,306.63,28.89,D,0
51.93545,25.7609,343.04,0.53,0.42,2020-04-11,1125,N20,VIIRS,n,2,289.85,9.25,D,0
54.26994,28.53366,340.69,0.48,0.48,2020-04-11,1125,N20,VIIRS,n,2,292.84,13.98,D,0
51.5955,27.32158,342.63,0.4,0.45,2020-04-11,1125,N20,VIIRS,n,2,299.12,7.81,D,0
52.11644,29.12189,327.7,0.48,0.48,2020-04-11,1125,N20,VIIRS,n,2,287.01,7.54,D,0
52.11947,29.09983,328.74,0.48,0.48,2020-04-11,1125,N20,VIIRS,n,2,291.1,12.25,D,0
54.14771,28.42178,341.04,0.48,0.48,2020-04-11,1125,N20,VIIRS,n,2,285.13,5.74,D,0
52.96391,25.54215,338.81,0.54,0.42,2020-04-11,1125,N20,VIIRS,n,2,298.59,24.41,D,0
52.96465,25.55022,333.77,0.54,0.42,2020-04-11,1125,N20,VIIRS,n,2,292.01,24.41,D,0
52.84112,28.07576,326.56,0.45,0.47,2020-04-11,1125,N20,VIIRS,n,2,288.58,3.8,D,0
52.63459,27.18518,341.45,0.41,0.45,2020-04-11,1125,N20,VIIRS,n,2,289.14,3.72,D,0
52.63047,27.18603,351.94,0.41,0.45,2020-04-11,1125,N20,VIIRS,n,2,296.35,10.74,D,0
52.56078,27.33864,340.5,0.42,0.45,2020-04-11,1125,N20,VIIRS,n,2,291.95,4.67,D,0
52.29731,24.56169,328.57,0.49,0.4,2020-04-11,1125,N20,VIIRS,n,2,290.05,1.45,D,0
55.11112,29.716,338.04,0.55,0.51,2020-04-11,1126,N20,VIIRS,n,2,284.47,5.78,D,0
55.11233,29.71743,331.49,0.55,0.51,2020-04-11,1126,N20,VIIRS,n,2,283.26,5.14,D,0
55.17975,26.79888,332.7,0.42,0.45,2020-04-11,1126,N20,VIIRS,n,2,288.59,2.82,D,0
54.39068,30.61944,310.07,0.4,0.44,2020-04-11,2336,N20,VIIRS,n,2,263.94,1.52,N,0
52.14915,27.09321,296.83,0.52,0.5,2020-04-11,2337,N20,VIIRS,n,2,268.15,1.11,N,0
51.66003,28.31455,300.61,0.46,0.47,2020-04-11,2337,N20,VIIRS,n,2,265.68,0.91,N,0
52.11385,27.67684,316.79,0.49,0.49,2020-04-11,2337,N20,VIIRS,n,2,267.47,1.94,N,0
52.10981,27.66878,307.14,0.49,0.49,2020-04-11,2337,N20,VIIRS,n,2,263.23,2.43,N,0
52.10936,27.67604,310.77,0.49,0.49,2020-04-11,2337,N20,VIIRS,n,2,265.91,1.94,N,0
52.10387,27.76287,301.16,0.49,0.48,2020-04-11,2337,N20,VIIRS,n,2,265.58,1.54,N,0
52.09584,27.74683,320.36,0.49,0.49,2020-04-11,2337,N20,VIIRS,n,2,263.27,1.9,N,0
52.10672,27.57221,302.03,0.5,0.49,2020-04-11,2337,N20,VIIRS,n,2,265.98,1.47,N,0
51.64701,28.3121,310.51,0.46,0.47,2020-04-11,2337,N20,VIIRS,n,2,263.38,1.51,N,0
52.12506,29.11229,303.46,0.43,0.46,2020-04-11,2337,N20,VIIRS,n,2,265.8,1.04,N,0
52.11703,29.16192,297.38,0.43,0.46,2020-04-11,2337,N20,VIIRS,n,2,268.66,1.49,N,0
52.12806,28.83948,320.13,0.44,0.46,2020-04-11,2337,N20,VIIRS,n,2,268.25,2.65,N,0
52.12758,28.84598,327.6,0.44,0.46,2020-04-11,2337,N20,VIIRS,n,2,273.11,2.65,N,0
52.12912,28.84723,320.25,0.44,0.46,2020-04-11,2337,N20,VIIRS,n,2,272.64,2.6,N,0
52.12123,29.16281,321.24,0.43,0.46,2020-04-11,2337,N20,VIIRS,n,2,266.67,3.08,N,0
51.59649,27.32057,295.59,0.5,0.49,2020-04-11,2337,N20,VIIRS,n,2,264.65,0.55,N,0
52.12962,28.84075,318.02,0.44,0.46,2020-04-11,2337,N20,VIIRS,n,2,264.72,3.32,N,0
52.15926,27.07929,313.26,0.52,0.5,2020-04-11,2337,N20,VIIRS,n,2,267,1.78,N,0
52.12886,26.91134,318.39,0.53,0.5,2020-04-11,2337,N20,VIIRS,n,2,265.32,1.86,N,0
52.05247,27.68932,300.18,0.49,0.49,2020-04-11,2337,N20,VIIRS,n,2,265.47,0.62,N,0
51.93033,28.66241,298.09,0.45,0.47,2020-04-11,2337,N20,VIIRS,n,2,268.53,1,N,0
51.67496,28.29023,347.43,0.46,0.47,2020-04-11,2337,N20,VIIRS,n,2,272.34,11.03,N,0
51.67062,28.28941,341.06,0.46,0.47,2020-04-11,2337,N20,VIIRS,n,2,268.9,11.03,N,0
51.67014,28.29612,334.99,0.46,0.47,2020-04-11,2337,N20,VIIRS,n,2,269.79,11.03,N,0
51.66145,28.29446,323.28,0.46,0.47,2020-04-11,2337,N20,VIIRS,n,2,265.02,3.29,N,0
52.12543,29.16371,339.39,0.43,0.46,2020-04-11,2337,N20,VIIRS,n,2,271.34,3.08,N,0
52.12495,29.17001,302.15,0.43,0.46,2020-04-11,2337,N20,VIIRS,n,2,268.02,3.08,N,0
52.84863,29.98862,318.48,0.4,0.45,2020-04-11,2337,N20,VIIRS,n,2,270.32,1.55,N,2
51.6658,28.29529,332.85,0.46,0.47,2020-04-11,2337,N20,VIIRS,n,2,267.76,3.29,N,0
51.6557,28.31373,337.43,0.46,0.47,2020-04-11,2337,N20,VIIRS,n,2,268.44,6.35,N,0
51.65711,28.29362,304.28,0.46,0.47,2020-04-11,2337,N20,VIIRS,n,2,265.4,1.04,N,0
51.65182,28.3062,295.71,0.46,0.47,2020-04-11,2337,N20,VIIRS,n,2,266.4,2.21,N,0
52.08644,27.75244,311.47,0.49,0.48,2020-04-11,2337,N20,VIIRS,n,2,265.17,2.11,N,0
52.10184,27.76373,297.15,0.49,0.48,2020-04-11,2337,N20,VIIRS,n,2,263.1,0.6,N,0
52.11009,27.5742,297.06,0.5,0.49,2020-04-11,2337,N20,VIIRS,n,2,263.75,0.5,N,0
52.09835,27.74854,313.33,0.49,0.48,2020-04-11,2337,N20,VIIRS,n,2,265.73,2.69,N,0
52.08892,27.75415,303.45,0.49,0.48,2020-04-11,2337,N20,VIIRS,n,2,263.83,0.95,N,0
52.08445,27.75336,304.17,0.49,0.48,2020-04-11,2337,N20,VIIRS,n,2,268.27,1.07,N,0
51.65913,28.29413,295.23,0.37,0.58,2020-04-12,0117,N20,VIIRS,n,2,263.18,1.48,N,0
51.67176,28.29216,348.09,0.37,0.58,2020-04-12,0117,N20,VIIRS,n,2,267.8,3.77,N,0
51.67325,28.28734,333.95,0.37,0.58,2020-04-12,0117,N20,VIIRS,n,2,264.23,3.77,N,0
51.67807,28.29119,335.63,0.37,0.58,2020-04-12,0117,N20,VIIRS,n,2,267.03,3.77,N,0
52.15691,27.07728,337.73,0.32,0.55,2020-04-12,0117,N20,VIIRS,n,2,266.21,2.71,N,0
51.65312,28.31346,307.64,0.37,0.58,2020-04-12,0117,N20,VIIRS,n,2,265.13,1.67,N,0
52.02959,26.43124,323.65,0.61,0.53,2020-04-12,0117,N20,VIIRS,n,2,265.14,2.48,N,0
52.84772,29.99247,315.75,0.39,0.59,2020-04-12,0117,N20,VIIRS,n,2,269.69,1.99,N,2
52.12052,29.16406,304.49,0.39,0.59,2020-04-12,0117,N20,VIIRS,n,2,263.53,2.28,N,0
52.11387,27.67868,299.18,0.34,0.56,2020-04-12,0117,N20,VIIRS,n,2,264.95,2.86,N,0
52.09958,27.74552,306.71,0.34,0.56,2020-04-12,0117,N20,VIIRS,n,2,262.9,0.8,N,0
52.11405,29.16505,316.99,0.39,0.59,2020-04-12,0117,N20,VIIRS,n,2,267.14,2.63,N,0
52.12663,28.84152,318.81,0.38,0.58,2020-04-12,0117,N20,VIIRS,n,2,265.56,2.01,N,0
52.1254,29.16809,300.93,0.39,0.59,2020-04-12,0117,N20,VIIRS,n,2,265.33,0.91,N,0
52.0796,27.94074,336.5,0.57,0.69,2020-04-12,0926,N20,VIIRS,n,2,288.73,5.63,D,0
53.27708,31.53589,331.9,0.38,0.59,2020-04-12,0926,N20,VIIRS,n,2,286.6,2.08,D,0
52.14601,28.86078,356.22,0.53,0.67,2020-04-12,0926,N20,VIIRS,l,2,286.15,15.47,D,0
52.14359,28.85402,355.36,0.53,0.67,2020-04-12,0926,N20,VIIRS,n,2,289.86,15.47,D,0
52.1309,28.83876,348.64,0.53,0.67,2020-04-12,0926,N20,VIIRS,n,2,294.13,46.76,D,0
52.1382,28.85907,346.22,0.53,0.67,2020-04-12,0926,N20,VIIRS,n,2,301.93,47.12,D,0
52.13334,28.84553,367,0.53,0.67,2020-04-12,0926,N20,VIIRS,h,2,292.58,78.93,D,0
52.14062,28.86583,367,0.53,0.67,2020-04-12,0926,N20,VIIRS,h,2,291.78,47.12,D,0
52.14269,28.85231,336.01,0.53,0.67,2020-04-12,0926,N20,VIIRS,n,2,286.2,117.37,D,0
52.14508,28.8591,367,0.53,0.67,2020-04-12,0926,N20,VIIRS,h,2,291.97,33.75,D,0
52.13009,28.83699,355.28,0.53,0.67,2020-04-12,0926,N20,VIIRS,n,2,288.2,33.64,D,0
52.1325,28.84379,355.03,0.53,0.67,2020-04-12,0926,N20,VIIRS,n,2,298.04,33.64,D,0
52.1397,28.86419,354.11,0.53,0.67,2020-04-12,0926,N20,VIIRS,n,2,299.94,33.75,D,0
52.14209,28.87097,325.93,0.53,0.67,2020-04-12,0926,N20,VIIRS,n,2,285.73,33.75,D,0
53.1769,32.20628,328.27,0.37,0.58,2020-04-12,0926,N20,VIIRS,n,2,288.13,1.83,D,0
52.12558,29.1275,327.37,0.52,0.67,2020-04-12,0926,N20,VIIRS,n,2,293.39,3.9,D,0
52.12126,29.17551,341.47,0.52,0.67,2020-04-12,0926,N20,VIIRS,n,2,289.17,9.66,D,0
52.11355,29.17385,356.12,0.52,0.67,2020-04-12,0926,N20,VIIRS,n,2,295.26,18.48,D,0
52.11119,29.16724,367,0.52,0.67,2020-04-12,0926,N20,VIIRS,h,2,293.57,25.4,D,0
52.1159,29.18046,367,0.52,0.67,2020-04-12,0926,N20,VIIRS,h,2,292.29,18.48,D,0
52.10818,29.1788,367,0.52,0.67,2020-04-12,0926,N20,VIIRS,h,2,294.57,18.48,D,0
51.65559,28.31947,330.24,0.58,0.7,2020-04-12,0926,N20,VIIRS,n,2,287.81,57.52,D,0
52.12284,30.28699,349.98,0.47,0.64,2020-04-12,0926,N20,VIIRS,n,2,292.87,17.2,D,0
52.12492,30.29307,367,0.47,0.64,2020-04-12,0926,N20,VIIRS,h,2,295.49,25.28,D,0
52.12505,30.29165,367,0.47,0.64,2020-04-12,0926,N20,VIIRS,h,2,297.36,12.89,D,0
52.11985,30.29631,342.57,0.47,0.64,2020-04-12,0926,N20,VIIRS,n,2,290.74,12.89,D,0
52.33503,31.32981,338.18,0.42,0.61,2020-04-12,0926,N20,VIIRS,n,2,291.74,3.96,D,0
52.11801,29.16948,327.95,0.52,0.67,2020-04-12,0926,N20,VIIRS,n,2,292.69,16.02,D,0
52.12034,29.17613,367,0.52,0.67,2020-04-12,0926,N20,VIIRS,h,2,290.37,20.26,D,0
52.11034,29.16783,367,0.52,0.67,2020-04-12,0926,N20,VIIRS,h,2,294.47,16.02,D,0
52.11266,29.17447,367,0.52,0.67,2020-04-12,0926,N20,VIIRS,h,2,299.6,16.02,D,0
52.11499,29.18111,367,0.52,0.67,2020-04-12,0926,N20,VIIRS,h,2,292.65,20.26,D,0
52.10731,29.17945,342.71,0.52,0.67,2020-04-12,0926,N20,VIIRS,n,2,290.42,4.16,D,0
51.6785,28.29115,333.04,0.58,0.7,2020-04-12,0926,N20,VIIRS,n,2,287.2,6.57,D,0
51.68118,28.29842,345.2,0.58,0.7,2020-04-12,0926,N20,VIIRS,n,2,288.24,6.57,D,0
51.66469,28.29437,341.76,0.58,0.7,2020-04-12,0926,N20,VIIRS,n,2,286.52,15.18,D,0
51.66738,28.30165,344.58,0.58,0.7,2020-04-12,0926,N20,VIIRS,n,2,284.23,14.94,D,0
51.67007,28.30893,329.18,0.58,0.7,2020-04-12,0926,N20,VIIRS,n,2,285.11,14.94,D,0
51.67276,28.31621,329.71,0.58,0.7,2020-04-12,0926,N20,VIIRS,n,2,294.3,87.7,D,0
51.67544,28.32347,367,0.58,0.69,2020-04-12,0926,N20,VIIRS,h,2,297,87.7,D,0
51.66721,28.32145,367,0.58,0.7,2020-04-12,0926,N20,VIIRS,l,2,333.96,166.48,D,0
51.65643,28.2923,327.64,0.58,0.7,2020-04-12,0926,N20,VIIRS,n,2,285.15,6.65,D,0
51.65913,28.2996,349.52,0.58,0.7,2020-04-12,0926,N20,VIIRS,n,2,286.1,6.65,D,0
51.66451,28.31417,353.24,0.58,0.7,2020-04-12,0926,N20,VIIRS,n,2,289.12,68.96,D,0
51.66985,28.32862,351.24,0.58,0.69,2020-04-12,0926,N20,VIIRS,n,2,310.54,166.48,D,0
51.6725,28.33579,326.6,0.58,0.69,2020-04-12,0926,N20,VIIRS,n,2,287.59,49.11,D,0
51.65356,28.30484,325.61,0.58,0.7,2020-04-12,0926,N20,VIIRS,n,2,285.55,6.65,D,0
51.65897,28.31943,352.81,0.58,0.7,2020-04-12,0926,N20,VIIRS,n,2,290.51,68.96,D,0
51.66161,28.3266,367,0.58,0.7,2020-04-12,0926,N20,VIIRS,h,2,294.78,166.48,D,0
52.10225,27.7707,356.18,0.58,0.7,2020-04-12,0926,N20,VIIRS,l,2,289.02,23.69,D,0
51.65026,28.30483,332.94,0.58,0.7,2020-04-12,0926,N20,VIIRS,n,2,287.45,10.98,D,0
51.66641,28.32866,367,0.58,0.7,2020-04-12,0926,N20,VIIRS,h,2,298.16,159.38,D,0
51.66114,28.31418,339.22,0.58,0.7,2020-04-12,0926,N20,VIIRS,n,2,287.12,57.52,D,0
51.66381,28.32151,207.93,0.58,0.7,2020-04-12,0926,N20,VIIRS,l,2,314.05,57.52,D,0
51.6558,28.29951,356.42,0.58,0.7,2020-04-12,0926,N20,VIIRS,l,2,288.68,10.98,D,0
51.66935,28.31623,339.78,0.58,0.7,2020-04-12,0926,N20,VIIRS,n,2,294.12,93.39,D,0
51.66668,28.30889,332.21,0.58,0.7,2020-04-12,0926,N20,VIIRS,n,2,284.28,93.39,D,0
51.66402,28.30157,332.45,0.58,0.7,2020-04-12,0926,N20,VIIRS,n,2,284.09,9.88,D,0
51.66136,28.29427,337.73,0.58,0.7,2020-04-12,0926,N20,VIIRS,n,2,285.6,9.88,D,0
51.67462,28.3307,356.3,0.58,0.69,2020-04-12,0926,N20,VIIRS,l,2,286.12,205.95,D,0
51.672,28.32351,367,0.58,0.7,2020-04-12,0926,N20,VIIRS,l,2,346.12,205.95,D,0
51.66957,28.29631,356.33,0.58,0.7,2020-04-12,0926,N20,VIIRS,l,2,285.41,9.88,D,0
51.67778,28.29833,339.19,0.58,0.7,2020-04-12,0926,N20,VIIRS,n,2,288.28,5.72,D,0
51.67512,28.29101,332.21,0.58,0.7,2020-04-12,0926,N20,VIIRS,n,2,286.59,7.01,D,0
51.68332,28.29303,337.52,0.58,0.7,2020-04-12,0926,N20,VIIRS,n,2,288.23,5.72,D,0
54.85225,30.03434,328.29,0.38,0.59,2020-04-12,0926,N20,VIIRS,n,2,285.01,2.62,D,0
54.84752,30.03901,326.26,0.38,0.59,2020-04-12,0926,N20,VIIRS,n,2,283.88,2.42,D,0
54.86805,30.25716,328.44,0.37,0.58,2020-04-12,0926,N20,VIIRS,n,2,286.92,4.26,D,0
54.81603,30.28771,327.48,0.37,0.58,2020-04-12,0926,N20,VIIRS,n,2,283.88,2.41,D,0
54.81738,30.2865,338.31,0.37,0.58,2020-04-12,0926,N20,VIIRS,n,2,285.12,3.51,D,0
54.59924,29.94115,329.09,0.39,0.59,2020-04-12,0926,N20,VIIRS,n,2,285.89,2.58,D,0
54.56907,30.31717,333.47,0.38,0.59,2020-04-12,0926,N20,VIIRS,n,2,285.96,1.58,D,0
54.55584,30.2958,331.65,0.38,0.59,2020-04-12,0926,N20,VIIRS,n,2,285.55,2.2,D,0
54.57209,30.31815,326.8,0.38,0.59,2020-04-12,0926,N20,VIIRS,n,2,286.58,1.64,D,0
54.55419,30.30119,334.53,0.38,0.59,2020-04-12,0926,N20,VIIRS,n,2,286.43,3.52,D,0
53.86721,30.17504,367,0.41,0.61,2020-04-12,0926,N20,VIIRS,h,2,290.75,8.05,D,0
53.81794,30.35691,331.2,0.4,0.6,2020-04-12,0926,N20,VIIRS,n,2,287.94,2.32,D,0
52.0888,26.45019,350.19,0.65,0.73,2020-04-12,0926,N20,VIIRS,n,2,289.51,12.08,D,0
53.9478,31.75038,332.64,0.36,0.57,2020-04-12,0926,N20,VIIRS,n,2,286.07,2.06,D,0
52.09336,26.4548,332.95,0.65,0.73,2020-04-12,0926,N20,VIIRS,n,2,286.88,4.87,D,0
52.08454,26.4525,339.55,0.65,0.73,2020-04-12,0926,N20,VIIRS,n,2,289.36,4.87,D,0
52.08766,26.46063,325.53,0.65,0.73,2020-04-12,0926,N20,VIIRS,n,2,287.36,4.87,D,0
52.02878,26.45235,349.23,0.65,0.73,2020-04-12,0926,N20,VIIRS,n,2,294.4,10.4,D,0
52.03193,26.46051,350.98,0.65,0.73,2020-04-12,0926,N20,VIIRS,n,2,292.3,11.7,D,0
53.76715,31.44318,329.2,0.37,0.58,2020-04-12,0926,N20,VIIRS,n,2,288.64,2.78,D,0
53.77348,31.61677,341.55,0.37,0.58,2020-04-12,0926,N20,VIIRS,n,2,283.71,4.28,D,0
53.77487,31.61949,335.33,0.37,0.58,2020-04-12,0926,N20,VIIRS,n,2,282.42,3.75,D,0
53.3475,30.6763,356.05,0.41,0.61,2020-04-12,0926,N20,VIIRS,l,2,285.43,12.21,D,0
53.3457,30.67084,352.94,0.41,0.61,2020-04-12,0926,N20,VIIRS,n,2,292.32,12.21,D,0
53.34478,30.66609,326.75,0.41,0.61,2020-04-12,0926,N20,VIIRS,n,2,288.42,9.91,D,0
53.34657,30.67159,354.83,0.41,0.61,2020-04-12,0926,N20,VIIRS,n,2,293.67,9.91,D,0
53.34835,30.67709,346.37,0.41,0.61,2020-04-12,0926,N20,VIIRS,n,2,284.84,11.98,D,0
52.11901,27.44336,325.1,0.6,0.7,2020-04-12,0926,N20,VIIRS,n,2,290.58,4.29,D,0
52.11342,27.44883,328.88,0.6,0.7,2020-04-12,0926,N20,VIIRS,n,2,287.51,3.51,D,0
52.11654,27.44154,338.6,0.6,0.7,2020-04-12,0926,N20,VIIRS,n,2,291.48,7.1,D,0
52.1081,27.66449,337.41,0.59,0.7,2020-04-12,0926,N20,VIIRS,n,2,287.88,4.95,D,0
52.10254,27.6699,347.1,0.59,0.7,2020-04-12,0926,N20,VIIRS,n,2,288.55,6.23,D,0
52.09683,27.73586,333.45,0.58,0.7,2020-04-12,0926,N20,VIIRS,n,2,287.17,16.04,D,0
52.09958,27.74324,349.71,0.58,0.7,2020-04-12,0926,N20,VIIRS,n,2,300.51,25.81,D,0
52.09729,27.76427,346.11,0.58,0.7,2020-04-12,0926,N20,VIIRS,n,2,293.34,39.1,D,0
52.09185,27.74946,367,0.58,0.7,2020-04-12,0926,N20,VIIRS,h,2,295.93,26.2,D,0
52.1,27.77166,367,0.58,0.7,2020-04-12,0926,N20,VIIRS,h,2,296.43,52.06,D,0
52.08358,27.74745,348.65,0.58,0.7,2020-04-12,0926,N20,VIIRS,n,2,294.4,18.59,D,0
52.08631,27.75488,367,0.58,0.7,2020-04-12,0926,N20,VIIRS,h,2,292.09,18.59,D,0
52.84635,29.99238,329.32,0.45,0.63,2020-04-12,0926,N20,VIIRS,n,2,292.86,2.44,D,2
52.10232,27.7506,335.37,0.58,0.7,2020-04-12,0926,N20,VIIRS,n,2,289.37,25.81,D,0
52.08913,27.74204,343.2,0.58,0.7,2020-04-12,0926,N20,VIIRS,n,2,289.29,26.2,D,0
52.0974,27.74405,342.87,0.58,0.7,2020-04-12,0926,N20,VIIRS,n,2,300.93,26.2,D,0
52.09468,27.73664,329.95,0.58,0.7,2020-04-12,0926,N20,VIIRS,n,2,287.74,26.2,D,0
52.10012,27.75146,356.47,0.58,0.7,2020-04-12,0926,N20,VIIRS,l,2,288.81,39.1,D,0
52.08847,27.75399,367,0.58,0.7,2020-04-12,0926,N20,VIIRS,h,2,294.18,50.37,D,0
52.0967,27.77607,353.5,0.58,0.7,2020-04-12,0926,N20,VIIRS,n,2,289.15,9.86,D,0
52.09396,27.76872,348.45,0.58,0.7,2020-04-12,0926,N20,VIIRS,n,2,293.32,9.86,D,0
52.08571,27.74661,333.2,0.58,0.7,2020-04-12,0926,N20,VIIRS,n,2,303.18,59.88,D,0
52.09951,27.76334,349.51,0.58,0.7,2020-04-12,0926,N20,VIIRS,n,2,289.54,23.69,D,0
52.09402,27.74862,332.93,0.58,0.7,2020-04-12,0926,N20,VIIRS,n,2,288.57,25.81,D,0
52.09127,27.74125,338.68,0.58,0.7,2020-04-12,0926,N20,VIIRS,n,2,290.52,16.04,D,0
54.84951,30.03517,335.27,0.38,0.59,2020-04-12,0927,N20,VIIRS,n,2,285.55,3.37,D,0
52.10701,27.66391,342.68,0.44,0.38,2020-04-12,1106,N20,VIIRS,n,2,306.91,12.47,D,0
52.14114,27.99293,346.43,0.45,0.39,2020-04-12,1106,N20,VIIRS,n,2,296.93,8.11,D,0
52.10962,27.74894,341,0.44,0.38,2020-04-12,1106,N20,VIIRS,n,2,297.21,4.01,D,0
52.10612,27.75001,337.88,0.44,0.38,2020-04-12,1106,N20,VIIRS,n,2,298.15,4.01,D,0
52.10115,27.7383,338.18,0.44,0.38,2020-04-12,1106,N20,VIIRS,n,2,299.42,11.58,D,0
52.10189,27.74469,335.96,0.44,0.38,2020-04-12,1106,N20,VIIRS,n,2,297.31,11.58,D,0
52.09765,27.73937,334.15,0.44,0.38,2020-04-12,1106,N20,VIIRS,n,2,306.49,11.58,D,0
52.09838,27.74576,349.34,0.44,0.38,2020-04-12,1106,N20,VIIRS,n,2,301.93,11.58,D,0
52.10059,27.76494,339.16,0.44,0.38,2020-04-12,1106,N20,VIIRS,n,2,304.63,17.46,D,0
52.10133,27.77134,344.18,0.44,0.38,2020-04-12,1106,N20,VIIRS,n,2,296.61,17.46,D,0
52.09415,27.74043,348.37,0.44,0.38,2020-04-12,1106,N20,VIIRS,n,2,302.62,12.86,D,0
52.09709,27.76601,335.39,0.44,0.38,2020-04-12,1106,N20,VIIRS,n,2,299.66,7.32,D,0
52.09065,27.7415,332,0.44,0.38,2020-04-12,1106,N20,VIIRS,l,2,305.79,12.86,D,0
52.09138,27.74789,335.99,0.44,0.38,2020-04-12,1106,N20,VIIRS,n,2,301.04,12.86,D,0
52.08715,27.74257,340.16,0.44,0.38,2020-04-12,1106,N20,VIIRS,n,2,303.28,16.12,D,0
52.0079,27.31809,328.87,0.43,0.38,2020-04-12,1106,N20,VIIRS,n,2,289.34,1.57,D,0
52.07849,27.94548,340.01,0.44,0.39,2020-04-12,1106,N20,VIIRS,n,2,298.8,5.12,D,0
51.95434,26.99707,344,0.42,0.38,2020-04-12,1106,N20,VIIRS,n,2,292.21,3.45,D,0
52.37272,30.98158,330.68,0.56,0.43,2020-04-12,1106,N20,VIIRS,n,2,296.69,9.15,D,0
52.37346,30.98986,339.12,0.56,0.43,2020-04-12,1106,N20,VIIRS,n,2,301.12,23.25,D,0
52.14116,28.84257,339.43,0.47,0.4,2020-04-12,1106,N20,VIIRS,n,2,291.52,4.95,D,0
52.13679,28.83669,340.5,0.47,0.4,2020-04-12,1106,N20,VIIRS,n,2,295.38,22.47,D,0
52.13752,28.84358,343.55,0.47,0.4,2020-04-12,1106,N20,VIIRS,n,2,299.2,10.51,D,0
52.13316,28.8377,350.63,0.47,0.4,2020-04-12,1106,N20,VIIRS,n,2,313.37,22.47,D,0
51.99731,27.65246,330.45,0.44,0.38,2020-04-12,1106,N20,VIIRS,n,2,297.05,2.62,D,0
52.10843,29.16068,327.89,0.48,0.4,2020-04-12,1106,N20,VIIRS,n,2,296.25,18.72,D,0
52.10917,29.16772,353.32,0.48,0.4,2020-04-12,1106,N20,VIIRS,n,2,306.34,18.72,D,0
52.10991,29.17476,335.36,0.48,0.4,2020-04-12,1106,N20,VIIRS,n,2,297.58,9.74,D,0
52.09598,29.22208,326.16,0.48,0.4,2020-04-12,1106,N20,VIIRS,n,2,294.87,2.82,D,0
52.12308,30.28172,325.36,0.53,0.42,2020-04-12,1106,N20,VIIRS,l,2,295.7,5.99,D,0
52.12379,30.28943,334.96,0.53,0.42,2020-04-12,1106,N20,VIIRS,n,2,301.5,11.47,D,0
52.12614,30.28959,336.78,0.53,0.42,2020-04-12,1106,N20,VIIRS,n,2,296.12,9.38,D,0
52.12157,30.28284,329.99,0.53,0.42,2020-04-12,1106,N20,VIIRS,n,2,294.8,3.09,D,0
52.12231,30.29053,334.49,0.53,0.42,2020-04-12,1106,N20,VIIRS,n,2,298.88,3.09,D,0
51.68164,28.32213,367,0.45,0.39,2020-04-12,1106,N20,VIIRS,l,2,351.61,116.42,D,0
51.67869,28.29616,344.51,0.45,0.39,2020-04-12,1106,N20,VIIRS,n,2,300.5,8.73,D,0
51.6809,28.31562,328.79,0.45,0.39,2020-04-12,1106,N20,VIIRS,n,2,296.86,116.42,D,0
51.68238,28.32864,348.18,0.45,0.39,2020-04-12,1106,N20,VIIRS,n,2,311.12,106.94,D,0
51.67588,28.30366,328.82,0.45,0.39,2020-04-12,1106,N20,VIIRS,n,2,297.87,13.23,D,0
51.67662,28.31015,330.29,0.45,0.39,2020-04-12,1106,N20,VIIRS,n,2,300,13.23,D,0
51.6781,28.32315,350.98,0.45,0.39,2020-04-12,1106,N20,VIIRS,n,2,315.28,98.32,D,0
51.67883,28.32966,354.38,0.45,0.39,2020-04-12,1106,N20,VIIRS,n,2,307.41,20.19,D,0
51.67736,28.31665,367,0.45,0.39,2020-04-12,1106,N20,VIIRS,h,2,341.53,98.32,D,0
51.67308,28.31118,338.83,0.45,0.39,2020-04-12,1106,N20,VIIRS,n,2,305.49,13.23,D,0
51.67455,28.32417,355.85,0.45,0.39,2020-04-12,1106,N20,VIIRS,n,2,314.19,98.32,D,0
51.67529,28.3307,350.29,0.45,0.39,2020-04-12,1106,N20,VIIRS,n,2,304.35,20.19,D,0
51.66732,28.29274,335.42,0.45,0.39,2020-04-12,1106,N20,VIIRS,n,2,298.2,4.87,D,0
51.66806,28.29922,334.93,0.45,0.39,2020-04-12,1106,N20,VIIRS,n,2,299.57,4.87,D,0
51.67027,28.3187,338.87,0.45,0.39,2020-04-12,1106,N20,VIIRS,n,2,303.93,12.59,D,0
51.671,28.3252,354.85,0.45,0.39,2020-04-12,1106,N20,VIIRS,n,2,305.39,12.59,D,0
51.66598,28.31323,347.78,0.45,0.39,2020-04-12,1106,N20,VIIRS,n,2,303.66,77.63,D,0
51.66672,28.31972,350.33,0.45,0.39,2020-04-12,1106,N20,VIIRS,n,2,303.37,12.59,D,0
51.66746,28.32623,356.23,0.45,0.39,2020-04-12,1106,N20,VIIRS,n,2,304.17,12.59,D,0
51.66244,28.31426,336.71,0.45,0.39,2020-04-12,1106,N20,VIIRS,n,2,294.74,10.51,D,0
51.6589,28.31528,332.98,0.45,0.39,2020-04-12,1106,N20,VIIRS,n,2,296.77,10.51,D,0
51.65963,28.32177,336.76,0.45,0.39,2020-04-12,1106,N20,VIIRS,n,2,293.7,162.74,D,0
51.65316,28.29686,330.52,0.45,0.39,2020-04-12,1106,N20,VIIRS,n,2,292.9,6.24,D,0
51.65388,28.30333,332.92,0.45,0.39,2020-04-12,1106,N20,VIIRS,n,2,292.33,6.24,D,0
51.65034,28.30435,347.13,0.45,0.39,2020-04-12,1106,N20,VIIRS,n,2,298.04,6.24,D,0
51.6468,28.30537,326.82,0.45,0.39,2020-04-12,1106,N20,VIIRS,n,2,292.77,1.82,D,0
51.64753,28.31185,341.32,0.45,0.39,2020-04-12,1106,N20,VIIRS,n,2,296.24,61.39,D,0
51.34378,30.6208,327.07,0.53,0.42,2020-04-12,1106,N20,VIIRS,n,2,291.49,3.81,D,0
53.56989,26.61632,336.05,0.43,0.38,2020-04-12,1106,N20,VIIRS,n,2,266.6,5.93,D,0
53.5691,26.61806,340.52,0.43,0.38,2020-04-12,1106,N20,VIIRS,n,2,265.03,6.69,D,0
53.90046,30.41201,329.92,0.56,0.43,2020-04-12,1106,N20,VIIRS,n,2,286.35,33.71,D,0
53.87117,30.16925,331.43,0.55,0.42,2020-04-12,1106,N20,VIIRS,n,2,278.08,4.81,D,0
53.86727,30.17022,330.78,0.55,0.42,2020-04-12,1106,N20,VIIRS,n,2,281.52,4.81,D,0
53.86283,30.39484,332.54,0.56,0.43,2020-04-12,1106,N20,VIIRS,n,2,285.65,5.4,D,0
53.86392,30.39324,339.64,0.56,0.43,2020-04-12,1106,N20,VIIRS,n,2,283.8,8.72,D,0
53.95304,31.75167,338.85,0.42,0.45,2020-04-12,1106,N20,VIIRS,n,2,289.15,8.2,D,0
53.94888,31.75256,336.33,0.42,0.45,2020-04-12,1106,N20,VIIRS,n,2,293.92,8.2,D,0
53.94937,31.75892,348.07,0.42,0.45,2020-04-12,1106,N20,VIIRS,n,2,294.19,18.26,D,0
53.77099,31.64608,339.13,0.41,0.45,2020-04-12,1106,N20,VIIRS,n,2,290.69,5.78,D,0
53.34496,30.6904,325.24,0.56,0.43,2020-04-12,1106,N20,VIIRS,n,2,288.14,2.58,D,0
52.59716,24.28601,331.51,0.39,0.36,2020-04-12,1106,N20,VIIRS,n,2,291.73,28.95,D,0
52.59798,24.29165,335.89,0.39,0.36,2020-04-12,1106,N20,VIIRS,n,2,275.78,14.9,D,0
53.34286,30.69041,332.22,0.56,0.43,2020-04-12,1106,N20,VIIRS,n,2,290.67,3.59,D,0
53.23656,30.67258,330.52,0.56,0.43,2020-04-12,1106,N20,VIIRS,n,2,290.13,3.65,D,0
53.23806,30.67228,329.93,0.56,0.43,2020-04-12,1106,N20,VIIRS,n,2,289.53,3.89,D,0
53.32224,31.9219,355.11,0.42,0.45,2020-04-12,1106,N20,VIIRS,n,2,297.7,18.01,D,0
53.32273,31.92819,346.27,0.42,0.45,2020-04-12,1106,N20,VIIRS,n,2,307.12,45.03,D,0
53.32322,31.93447,339.58,0.42,0.45,2020-04-12,1106,N20,VIIRS,n,2,302.49,45.03,D,0
53.31857,31.92908,340.45,0.42,0.45,2020-04-12,1106,N20,VIIRS,n,2,291.42,3.84,D,0
53.2789,31.53523,332.92,0.4,0.44,2020-04-12,1106,N20,VIIRS,n,2,291,6.04,D,0
53.27939,31.54127,355.43,0.4,0.44,2020-04-12,1106,N20,VIIRS,n,2,293.71,6.04,D,0
53.22408,30.92769,334.77,0.57,0.43,2020-04-12,1106,N20,VIIRS,n,2,290.02,6.35,D,0
53.27335,31.51788,339.51,0.4,0.44,2020-04-12,1106,N20,VIIRS,n,2,289.24,4.41,D,0
53.27482,31.53614,347.63,0.4,0.44,2020-04-12,1106,N20,VIIRS,n,2,293.06,6.04,D,0
53.27531,31.54222,327.74,0.4,0.44,2020-04-12,1106,N20,VIIRS,n,2,288.39,6.04,D,0
53.2201,30.92862,325.16,0.57,0.43,2020-04-12,1106,N20,VIIRS,n,2,289.11,2.73,D,0
53.26926,31.51879,353.47,0.4,0.44,2020-04-12,1106,N20,VIIRS,n,2,299.3,22.69,D,0
53.26976,31.5249,336.89,0.4,0.44,2020-04-12,1106,N20,VIIRS,n,2,290.14,6.75,D,0
53.20127,31.55228,341.4,0.4,0.44,2020-04-12,1106,N20,VIIRS,n,2,290.66,3.12,D,0
52.44669,24.71758,330.51,0.39,0.36,2020-04-12,1106,N20,VIIRS,n,2,283.73,2.43,D,0
53.17789,32.20498,336.45,0.43,0.46,2020-04-12,1106,N20,VIIRS,n,2,291.78,4.58,D,0
53.13417,31.79259,351.06,0.41,0.45,2020-04-12,1106,N20,VIIRS,n,2,295.68,20.57,D,0
52.42601,25.48449,347.59,0.4,0.37,2020-04-12,1106,N20,VIIRS,n,2,292.76,14.19,D,0
52.42191,25.47989,328.32,0.4,0.37,2020-04-12,1106,N20,VIIRS,n,2,282.69,2.51,D,0
52.42269,25.48568,336.36,0.4,0.37,2020-04-12,1106,N20,VIIRS,n,2,283.46,14.19,D,0
52.42347,25.49148,331.72,0.4,0.37,2020-04-12,1106,N20,VIIRS,n,2,283.22,14.19,D,0
52.51202,27.36086,334.91,0.43,0.38,2020-04-12,1106,N20,VIIRS,n,2,293.75,47.1,D,0
52.51127,27.35451,367,0.43,0.38,2020-04-12,1106,N20,VIIRS,h,2,334.48,47.1,D,0
52.5078,27.3556,346.37,0.43,0.38,2020-04-12,1106,N20,VIIRS,n,2,293.77,47.1,D,0
52.60158,30.6617,340.37,0.55,0.43,2020-04-12,1106,N20,VIIRS,n,2,295.04,7.59,D,0
52.08934,26.34378,343.38,0.41,0.37,2020-04-12,1106,N20,VIIRS,n,2,299.75,14.75,D,0
52.16435,26.93916,345.09,0.42,0.38,2020-04-12,1106,N20,VIIRS,n,2,299.92,11.26,D,0
52.09628,26.45289,338.96,0.41,0.37,2020-04-12,1106,N20,VIIRS,n,2,300.38,13.71,D,0
52.15901,26.95361,346.81,0.42,0.38,2020-04-12,1106,N20,VIIRS,n,2,296.68,6.75,D,0
52.09214,26.44807,339.62,0.41,0.37,2020-04-12,1106,N20,VIIRS,n,2,298.23,12.49,D,0
52.09289,26.45402,336.19,0.41,0.37,2020-04-12,1106,N20,VIIRS,n,2,298.36,13.71,D,0
52.08952,26.45515,331.17,0.41,0.37,2020-04-12,1106,N20,VIIRS,n,2,296.97,3.55,D,0
52.09027,26.4611,340.45,0.41,0.37,2020-04-12,1106,N20,VIIRS,n,2,295.94,3.55,D,0
52.14531,26.95803,335.48,0.42,0.38,2020-04-12,1106,N20,VIIRS,n,2,295.1,3.86,D,0
52.13664,26.91636,331.07,0.42,0.38,2020-04-12,1106,N20,VIIRS,n,2,292.29,1.16,D,0
52.15762,27.0881,328.8,0.42,0.38,2020-04-12,1106,N20,VIIRS,n,2,298.79,2.27,D,0
52.11612,26.923,326.37,0.42,0.38,2020-04-12,1106,N20,VIIRS,n,2,291.1,2.01,D,0
52.11686,26.9291,330.39,0.42,0.38,2020-04-12,1106,N20,VIIRS,n,2,291.57,2.01,D,0
52.10586,26.92633,329.39,0.42,0.38,2020-04-12,1106,N20,VIIRS,n,2,291.42,2.95,D,0
52.09976,26.93464,330.71,0.42,0.38,2020-04-12,1106,N20,VIIRS,n,2,294.16,2.67,D,0
52.03243,26.44945,342.88,0.41,0.37,2020-04-12,1106,N20,VIIRS,n,2,301.79,6.97,D,0
52.03394,26.46133,346.04,0.41,0.37,2020-04-12,1106,N20,VIIRS,n,2,300.37,47.41,D,0
52.02906,26.45057,333.75,0.41,0.37,2020-04-12,1106,N20,VIIRS,n,2,299.09,6.97,D,0
52.0298,26.45651,350.92,0.41,0.37,2020-04-12,1106,N20,VIIRS,n,2,304.43,6.97,D,0
52.03056,26.46245,353.14,0.41,0.37,2020-04-12,1106,N20,VIIRS,n,2,307.12,47.41,D,0
52.03131,26.4684,341.79,0.41,0.37,2020-04-12,1106,N20,VIIRS,n,2,297.77,47.41,D,0
52.02976,26.45222,330.48,0.41,0.37,2020-04-12,1106,N20,VIIRS,n,2,300.03,3.6,D,0
52.03053,26.45815,348.58,0.41,0.37,2020-04-12,1106,N20,VIIRS,n,2,304.88,18,D,0
52.03129,26.46408,350.88,0.41,0.37,2020-04-12,1106,N20,VIIRS,n,2,305.96,18,D,0
52.03205,26.47002,336.35,0.41,0.37,2020-04-12,1106,N20,VIIRS,n,2,292.79,8.28,D,0
52.02638,26.45334,331.69,0.41,0.37,2020-04-12,1106,N20,VIIRS,n,2,293.03,3.6,D,0
52.02715,26.45927,354.34,0.41,0.37,2020-04-12,1106,N20,VIIRS,n,2,297.39,18,D,0
52.11998,27.43728,333.18,0.43,0.38,2020-04-12,1106,N20,VIIRS,n,2,295.65,3.07,D,0
52.11399,27.66177,329.6,0.44,0.38,2020-04-12,1106,N20,VIIRS,n,2,293.77,42.71,D,0
52.11473,27.66813,343.3,0.44,0.38,2020-04-12,1106,N20,VIIRS,l,2,315.28,33.23,D,0
52.11124,27.6692,355.77,0.44,0.38,2020-04-12,1106,N20,VIIRS,n,2,315.03,33.23,D,0
52.14394,27.98538,339.68,0.45,0.39,2020-04-12,1106,N20,VIIRS,n,2,289.61,5.62,D,0
54.41577,30.86669,326.02,0.39,0.44,2020-04-12,1107,N20,VIIRS,n,2,280.7,2.78,D,0
54.62058,30.66125,334.11,0.39,0.44,2020-04-12,1107,N20,VIIRS,n,2,279.5,3.83,D,0
54.67081,30.97734,327.34,0.4,0.44,2020-04-12,1107,N20,VIIRS,n,2,283.97,2.13,D,0
55.14538,30.84526,339.5,0.4,0.44,2020-04-12,1107,N20,VIIRS,n,2,282.6,5.81,D,0
54.90556,29.32052,301.86,0.35,0.57,2020-04-12,2317,N20,VIIRS,n,2,271.85,1.06,N,0
54.90486,29.32047,300.64,0.35,0.57,2020-04-12,2317,N20,VIIRS,n,2,271.72,0.76,N,0
53.43189,29.3243,295.15,0.34,0.56,2020-04-12,2318,N20,VIIRS,n,2,266.3,1.55,N,0
53.43169,29.32956,328.3,0.34,0.56,2020-04-12,2318,N20,VIIRS,n,2,270.44,2.61,N,0
53.43214,29.33015,311.43,0.34,0.56,2020-04-12,2318,N20,VIIRS,n,2,270.73,1.51,N,0
53.43231,29.32488,318.57,0.34,0.56,2020-04-12,2318,N20,VIIRS,n,2,267.24,1.51,N,0
53.56564,28.2481,303.75,0.38,0.59,2020-04-12,2318,N20,VIIRS,n,2,270.13,0.79,N,0
52.84933,29.98691,315.68,0.63,0.54,2020-04-12,2318,N20,VIIRS,n,2,271.83,2.29,N,2
53.21195,31.58347,295.46,0.55,0.51,2020-04-12,2318,N20,VIIRS,n,2,268.64,1.1,N,0
53.25013,31.51276,300.39,0.55,0.51,2020-04-12,2318,N20,VIIRS,n,2,270.23,1.56,N,0
53.25783,31.54756,314.08,0.55,0.51,2020-04-12,2318,N20,VIIRS,n,2,269.64,1.96,N,0
53.26255,31.54833,305.29,0.55,0.51,2020-04-12,2318,N20,VIIRS,n,2,269.5,1.12,N,0
53.29153,31.45141,303.48,0.55,0.51,2020-04-12,2318,N20,VIIRS,n,2,268.97,1.22,N,0
52.08261,27.93178,367,0.38,0.59,2020-04-12,2318,N20,VIIRS,h,2,278.18,6.84,N,0
52.08277,27.92609,331.42,0.38,0.59,2020-04-12,2318,N20,VIIRS,n,2,273.75,6.84,N,0
52.08802,27.73029,367,0.39,0.59,2020-04-12,2318,N20,VIIRS,h,2,277.1,7.04,N,0
52.08744,27.95497,316,0.38,0.59,2020-04-12,2318,N20,VIIRS,n,2,273.69,4.04,N,0
52.11201,26.91899,310.24,0.42,0.61,2020-04-12,2318,N20,VIIRS,n,2,273.92,1.26,N,0
52.0876,27.94928,347.06,0.38,0.59,2020-04-12,2318,N20,VIIRS,n,2,273.45,4.04,N,0
52.09354,27.7307,354.73,0.39,0.59,2020-04-12,2318,N20,VIIRS,n,2,275.94,7.04,N,0
52.09369,27.72489,336.37,0.39,0.59,2020-04-12,2318,N20,VIIRS,n,2,272.75,10.1,N,0
52.08245,27.93747,343.29,0.38,0.59,2020-04-12,2318,N20,VIIRS,n,2,277.04,8.19,N,0
52.06758,28.07787,308.41,0.38,0.59,2020-04-12,2318,N20,VIIRS,n,2,273.16,1.21,N,0
52.06247,28.06617,301.77,0.38,0.59,2020-04-12,2318,N20,VIIRS,n,2,273.42,0.71,N,0
52.03295,26.43598,309.04,0.44,0.63,2020-04-12,2318,N20,VIIRS,n,2,268.89,1.13,N,0
52.02116,26.44863,301.61,0.44,0.63,2020-04-12,2318,N20,VIIRS,n,2,268.89,1.35,N,0
52.0992,27.72529,345.4,0.39,0.59,2020-04-12,2318,N20,VIIRS,n,2,277.11,4.4,N,0
52.09935,27.71948,325.89,0.39,0.59,2020-04-12,2318,N20,VIIRS,n,2,271.57,4.4,N,0
52.13509,26.90759,333.71,0.42,0.61,2020-04-12,2318,N20,VIIRS,n,2,275.51,4.18,N,0
52.13723,27.07726,323.53,0.42,0.61,2020-04-12,2318,N20,VIIRS,n,2,273.48,2.53,N,0
52.03374,26.43716,308.7,0.44,0.63,2020-04-12,2318,N20,VIIRS,n,2,268.96,1,N,0
52.02189,26.44984,301.79,0.44,0.63,2020-04-12,2318,N20,VIIRS,n,2,269.1,1.89,N,0
51.69757,28.33122,319.17,0.37,0.58,2020-04-12,2318,N20,VIIRS,n,2,275.01,1.13,N,0
51.69742,28.33665,298.81,0.37,0.58,2020-04-12,2318,N20,VIIRS,n,2,275.64,1.13,N,0
51.69206,28.33616,296.41,0.37,0.58,2020-04-12,2318,N20,VIIRS,n,2,276.19,1.13,N,0
52.13651,26.9119,318.49,0.42,0.61,2020-04-12,2318,N20,VIIRS,n,2,274.54,3.19,N,0
52.1366,26.90557,314.7,0.42,0.61,2020-04-12,2318,N20,VIIRS,n,2,274.47,3.44,N,0
52.1395,27.07545,320.69,0.42,0.61,2020-04-12,2318,N20,VIIRS,n,2,274.55,2.47,N,0
52.14259,27.21802,306.95,0.41,0.61,2020-04-12,2318,N20,VIIRS,n,2,273.65,0.81,N,0
52.14893,27.18149,314.31,0.41,0.61,2020-04-12,2318,N20,VIIRS,n,2,274.95,1.2,N,0
52.14904,27.17533,295.17,0.41,0.61,2020-04-12,2318,N20,VIIRS,n,2,274.4,1.2,N,0
52.1586,26.95746,299.21,0.42,0.61,2020-04-12,2318,N20,VIIRS,n,2,270.66,1.45,N,0
52.15756,27.31689,316.54,0.41,0.6,2020-04-12,2318,N20,VIIRS,n,2,271.34,3.98,N,0
52.16441,26.95147,316.27,0.42,0.61,2020-04-12,2318,N20,VIIRS,n,2,269.07,2.3,N,0
52.15768,27.31081,333.36,0.41,0.6,2020-04-12,2318,N20,VIIRS,n,2,272.85,3.98,N,0
52.1643,26.95778,334.81,0.42,0.61,2020-04-12,2318,N20,VIIRS,n,2,272.83,2.3,N,0
52.16305,27.32335,317.69,0.41,0.6,2020-04-12,2318,N20,VIIRS,n,2,272.97,3.65,N,0
52.17,26.95811,305.39,0.42,0.61,2020-04-12,2318,N20,VIIRS,n,2,272.83,2.3,N,0
52.16318,27.31726,335.6,0.41,0.6,2020-04-12,2318,N20,VIIRS,n,2,273.89,3.98,N,0
52.16343,27.30512,336.25,0.41,0.61,2020-04-12,2318,N20,VIIRS,n,2,272.32,4.47,N,0
52.16904,27.30551,303.87,0.41,0.61,2020-04-12,2318,N20,VIIRS,n,2,271.38,1.43,N,0
52.16854,27.32981,347.01,0.41,0.6,2020-04-12,2318,N20,VIIRS,n,2,272.06,5.31,N,0
52.17453,27.31198,316.79,0.41,0.6,2020-04-12,2318,N20,VIIRS,n,2,273.61,2.56,N,0
52.42438,25.49696,310.65,0.49,0.65,2020-04-12,2318,N20,VIIRS,n,2,267.56,1.94,N,0
52.43057,25.47504,307.73,0.49,0.65,2020-04-12,2318,N20,VIIRS,n,2,270.15,1.88,N,0
52.43658,25.48257,321.02,0.49,0.65,2020-04-12,2318,N20,VIIRS,n,2,270.51,3.04,N,0
52.71869,30.94136,316.62,0.58,0.52,2020-04-12,2318,N20,VIIRS,n,2,272.69,3.08,N,0
52.71914,30.93269,325.07,0.58,0.52,2020-04-12,2318,N20,VIIRS,n,2,271.28,3.23,N,0
52.72396,30.9334,315.24,0.58,0.52,2020-04-12,2318,N20,VIIRS,n,2,272.63,3.23,N,0
52.71735,30.93827,314.54,0.58,0.52,2020-04-12,2318,N20,VIIRS,n,2,271.99,3,N,0
52.71777,30.92961,313.8,0.58,0.52,2020-04-12,2318,N20,VIIRS,n,2,269.95,3,N,0
52.72259,30.93031,318.09,0.58,0.52,2020-04-12,2318,N20,VIIRS,n,2,271.61,3,N,0
53.14807,31.79664,298.41,0.54,0.5,2020-04-12,2318,N20,VIIRS,n,2,270.9,1.3,N,0
52.09903,27.72645,297.42,0.45,0.47,2020-04-13,0058,N20,VIIRS,n,2,266.62,0.66,N,0
53.565,28.24935,307.96,0.43,0.46,2020-04-13,0058,N20,VIIRS,n,2,272.36,1.45,N,0
53.56111,28.24661,309.74,0.43,0.46,2020-04-13,0058,N20,VIIRS,n,2,271.58,1.45,N,0
53.56382,28.24752,304.54,0.43,0.46,2020-04-13,0058,N20,VIIRS,n,2,271.39,1.39,N,0
53.56234,28.25351,305.15,0.43,0.46,2020-04-13,0058,N20,VIIRS,n,2,271.73,1.39,N,0
52.72306,30.93302,307.11,0.57,0.52,2020-04-13,0058,N20,VIIRS,n,2,270.49,1.66,N,0
52.71871,30.92971,296.81,0.57,0.52,2020-04-13,0058,N20,VIIRS,n,2,269.33,0.99,N,0
52.71656,30.93742,295.13,0.57,0.52,2020-04-13,0058,N20,VIIRS,n,2,268.81,1.65,N,0
52.8474,29.99474,332.35,0.52,0.5,2020-04-13,0058,N20,VIIRS,n,2,273.06,3.14,N,2
53.90426,23.8103,300.55,0.45,0.39,2020-04-13,0058,N20,VIIRS,n,2,274,0.98,N,0
53.90291,23.81686,307.4,0.45,0.39,2020-04-13,0058,N20,VIIRS,n,2,272.91,0.98,N,0
53.27014,24.44561,306.24,0.49,0.4,2020-04-13,0058,N20,VIIRS,n,2,278.58,1.02,N,2
53.26165,24.44836,300.25,0.49,0.4,2020-04-13,0058,N20,VIIRS,n,2,278.85,1.03,N,2
52.06551,28.0808,309.25,0.46,0.47,2020-04-13,0058,N20,VIIRS,n,2,269.56,1.25,N,0
52.06306,28.07178,308.73,0.46,0.47,2020-04-13,0058,N20,VIIRS,n,2,270.1,1.63,N,0
52.0836,27.95378,329.61,0.46,0.47,2020-04-13,0058,N20,VIIRS,n,2,268.8,5.39,N,0
52.08273,27.93864,325.69,0.46,0.47,2020-04-13,0058,N20,VIIRS,n,2,269.76,2.28,N,0
52.08028,27.92973,331.46,0.46,0.47,2020-04-13,0058,N20,VIIRS,n,2,267.91,4.15,N,0
52.0787,27.93595,334.5,0.46,0.47,2020-04-13,0058,N20,VIIRS,n,2,268.59,4.15,N,0
52.09503,27.7238,339.4,0.45,0.47,2020-04-13,0058,N20,VIIRS,n,2,266.01,2.34,N,0
52.09349,27.7299,307.99,0.45,0.47,2020-04-13,0058,N20,VIIRS,n,2,265.95,2.34,N,0
52.08949,27.72725,305.87,0.45,0.47,2020-04-13,0058,N20,VIIRS,n,2,265.05,2.34,N,0
52.08794,27.73335,299.3,0.45,0.47,2020-04-13,0058,N20,VIIRS,n,2,268.02,1.38,N,0
52.17023,27.33346,323.05,0.43,0.46,2020-04-13,0058,N20,VIIRS,n,2,268.46,1.62,N,0
52.16816,27.33772,320.29,0.43,0.46,2020-04-13,0059,N20,VIIRS,n,2,266.8,2.76,N,0
52.03209,26.43753,325.03,0.4,0.44,2020-04-13,0059,N20,VIIRS,n,2,270.93,2.44,N,0
52.02048,26.4493,303.75,0.4,0.44,2020-04-13,0059,N20,VIIRS,n,2,269.66,0.67,N,0
52.16607,27.30896,318.36,0.43,0.46,2020-04-13,0059,N20,VIIRS,n,2,269.71,2.81,N,0
52.16318,27.32076,299.03,0.43,0.46,2020-04-13,0059,N20,VIIRS,n,2,268.36,3.13,N,0
52.16173,27.32666,312.72,0.43,0.46,2020-04-13,0059,N20,VIIRS,n,2,270.52,2.48,N,0
52.16214,27.30639,335.49,0.43,0.46,2020-04-13,0059,N20,VIIRS,n,2,269.39,2.81,N,0
52.15924,27.31819,336.07,0.43,0.46,2020-04-13,0059,N20,VIIRS,n,2,270.96,3.13,N,0
52.15676,27.30971,296.26,0.43,0.46,2020-04-13,0059,N20,VIIRS,n,2,269.22,0.97,N,0
52.15531,27.31561,303.89,0.43,0.46,2020-04-13,0059,N20,VIIRS,n,2,269.45,0.97,N,0
52.14268,27.21874,310.34,0.43,0.46,2020-04-13,0059,N20,VIIRS,n,2,271.51,1.79,N,0
52.14739,27.18116,313.51,0.43,0.46,2020-04-13,0059,N20,VIIRS,n,2,273.34,1.75,N,0
52.16976,26.96143,298.82,0.42,0.45,2020-04-13,0059,N20,VIIRS,n,2,269.77,0.89,N,0
52.14147,27.07637,306.59,0.42,0.45,2020-04-13,0059,N20,VIIRS,n,2,273.12,2.06,N,0
52.16588,26.95892,299.15,0.42,0.45,2020-04-13,0059,N20,VIIRS,n,2,270.45,0.89,N,0
52.13614,27.07963,304.65,0.42,0.45,2020-04-13,0059,N20,VIIRS,n,2,271.94,1.83,N,0
52.16199,26.95642,302.39,0.42,0.45,2020-04-13,0059,N20,VIIRS,n,2,269.06,1.2,N,0
52.16058,26.96213,301.26,0.42,0.45,2020-04-13,0059,N20,VIIRS,n,2,266.95,1.08,N,0
52.13451,26.91152,325.91,0.42,0.45,2020-04-13,0059,N20,VIIRS,n,2,272.99,2.77,N,0
52.10952,26.92189,296.86,0.42,0.45,2020-04-13,0059,N20,VIIRS,n,2,271.61,0.57,N,0
52.16752,27.30306,312.66,0.43,0.46,2020-04-13,0059,N20,VIIRS,n,2,268.48,2.81,N,0
52.16566,27.32924,322.2,0.43,0.46,2020-04-13,0059,N20,VIIRS,n,2,268.22,2.76,N,0
52.1696,27.33181,309.48,0.43,0.46,2020-04-13,0059,N20,VIIRS,n,2,267.28,2.76,N,0
51.69683,28.33501,316.63,0.48,0.48,2020-04-13,0059,N20,VIIRS,n,2,274.33,3.84,N,0
52.44343,25.48613,310.75,0.55,0.42,2020-04-13,0059,N20,VIIRS,n,2,273.34,1.74,N,0
52.43412,25.4718,308.21,0.55,0.42,2020-04-13,0059,N20,VIIRS,n,2,271.78,1.17,N,0
52.42349,25.49995,328.01,0.55,0.42,2020-04-13,0059,N20,VIIRS,n,2,271.19,4,N,0
51.69635,28.33526,317.77,0.48,0.48,2020-04-13,0059,N20,VIIRS,n,2,274.94,2.82,N,0
53.21556,31.85429,327.68,0.56,0.69,2020-04-13,0907,N20,VIIRS,n,2,287.77,3.76,D,0
53.15582,31.82184,346.79,0.56,0.69,2020-04-13,0907,N20,VIIRS,n,2,288.64,11.71,D,0
53.14776,31.80038,327.54,0.56,0.69,2020-04-13,0907,N20,VIIRS,n,2,289.29,7.86,D,0
53.22068,31.8551,328.96,0.56,0.69,2020-04-13,0907,N20,VIIRS,n,2,287.09,5.71,D,0
53.22635,31.7899,367,0.56,0.69,2020-04-13,0907,N20,VIIRS,h,2,294.98,22.13,D,0
53.22902,31.79711,344.15,0.56,0.69,2020-04-13,0907,N20,VIIRS,n,2,288.65,13.59,D,0
53.12397,31.78833,325.11,0.56,0.69,2020-04-13,0907,N20,VIIRS,n,2,288.61,3.67,D,0
53.15911,31.82254,336.22,0.56,0.69,2020-04-13,0907,N20,VIIRS,n,2,287.39,6.82,D,0
53.23445,31.79157,367,0.56,0.69,2020-04-13,0907,N20,VIIRS,h,2,295.67,35.8,D,0
53.23177,31.78436,333.66,0.56,0.69,2020-04-13,0907,N20,VIIRS,n,2,289.28,16.63,D,0
53.25803,31.56015,344.22,0.57,0.69,2020-04-13,0907,N20,VIIRS,n,2,290.04,8.63,D,0
53.26345,31.55449,367,0.57,0.69,2020-04-13,0907,N20,VIIRS,h,2,291.15,8.63,D,0
53.27162,31.55616,367,0.57,0.69,2020-04-13,0907,N20,VIIRS,h,2,290.38,14.38,D,0
53.26886,31.54879,326.4,0.57,0.69,2020-04-13,0907,N20,VIIRS,n,2,288.11,14.38,D,0
53.15644,31.81531,336.12,0.56,0.69,2020-04-13,0907,N20,VIIRS,n,2,290.28,9.64,D,0
55.11029,30.62303,347.13,0.51,0.66,2020-04-13,0908,N20,VIIRS,n,2,278.27,5.57,D,0
53.9329,31.73706,341.89,0.53,0.67,2020-04-13,0908,N20,VIIRS,n,2,288.56,6.34,D,0
53.93035,31.73013,333.42,0.53,0.67,2020-04-13,0908,N20,VIIRS,n,2,290.03,6.76,D,0
53.91325,31.584,336.51,0.53,0.67,2020-04-13,0908,N20,VIIRS,n,2,290.02,4.76,D,0
54.04094,31.73026,343.49,0.52,0.67,2020-04-13,0908,N20,VIIRS,n,2,287.31,7.74,D,0
54.03827,31.72301,327.86,0.52,0.67,2020-04-13,0908,N20,VIIRS,n,2,288.44,6.79,D,0
54.146,31.4776,327.3,0.53,0.67,2020-04-13,0908,N20,VIIRS,n,2,287.98,4.47,D,0
54.15211,31.37409,330.6,0.53,0.67,2020-04-13,0908,N20,VIIRS,n,2,287.85,6.61,D,0
55.11473,30.61989,340.61,0.52,0.66,2020-04-13,0908,N20,VIIRS,n,2,276.93,4.53,D,0
54.91541,29.34983,325.35,0.58,0.7,2020-04-13,0908,N20,VIIRS,n,2,284.61,2.76,D,0
51.69057,28.33263,326.79,0.38,0.36,2020-04-13,1047,N20,VIIRS,l,2,299.18,1.93,D,0
53.23535,31.78485,346.21,0.43,0.38,2020-04-13,1047,N20,VIIRS,n,2,298.94,10.81,D,0
53.23112,31.77954,331.68,0.43,0.38,2020-04-13,1047,N20,VIIRS,n,2,297.36,6.31,D,0
53.23264,31.79243,352.97,0.43,0.38,2020-04-13,1047,N20,VIIRS,n,2,300.33,10.81,D,0
53.21789,31.85089,330.9,0.43,0.38,2020-04-13,1047,N20,VIIRS,n,2,296.38,3.25,D,0
53.22765,31.78068,334.31,0.43,0.38,2020-04-13,1047,N20,VIIRS,n,2,296.34,3.89,D,0
53.24035,31.79661,343.99,0.43,0.38,2020-04-13,1047,N20,VIIRS,n,2,298.37,7.36,D,0
53.23958,31.79016,348.33,0.43,0.38,2020-04-13,1047,N20,VIIRS,n,2,299.61,11.75,D,0
53.23882,31.7837,345.33,0.43,0.38,2020-04-13,1047,N20,VIIRS,n,2,305.34,11.75,D,0
53.24381,31.79548,337.49,0.43,0.38,2020-04-13,1047,N20,VIIRS,n,2,295.35,7.36,D,0
53.24305,31.78902,329.23,0.43,0.38,2020-04-13,1047,N20,VIIRS,n,2,293.77,11.75,D,0
53.25074,31.55346,346.55,0.43,0.38,2020-04-13,1047,N20,VIIRS,n,2,293.07,4.27,D,0
53.2461,31.51527,330.09,0.43,0.38,2020-04-13,1047,N20,VIIRS,n,2,294.81,2.21,D,0
53.21713,31.84442,333.31,0.43,0.38,2020-04-13,1047,N20,VIIRS,n,2,295.1,3.25,D,0
53.06571,30.88927,347.76,0.41,0.37,2020-04-13,1047,N20,VIIRS,n,2,299.14,7.81,D,0
53.15292,31.79242,337.38,0.43,0.38,2020-04-13,1047,N20,VIIRS,n,2,297.17,4.83,D,0
53.14946,31.79356,334.69,0.43,0.38,2020-04-13,1047,N20,VIIRS,n,2,296.53,8.66,D,0
53.14599,31.79469,356.42,0.43,0.38,2020-04-13,1047,N20,VIIRS,n,2,303.07,8.66,D,0
53.14676,31.80112,349.88,0.43,0.38,2020-04-13,1047,N20,VIIRS,n,2,298.31,8.66,D,0
53.14252,31.79582,341.45,0.43,0.38,2020-04-13,1047,N20,VIIRS,n,2,298.13,3.95,D,0
53.13019,31.81325,344.29,0.43,0.38,2020-04-13,1047,N20,VIIRS,n,2,297.49,4.21,D,0
53.12672,31.81437,329.89,0.43,0.38,2020-04-13,1047,N20,VIIRS,n,2,293.61,4.21,D,0
53.19495,32.40359,332.6,0.45,0.39,2020-04-13,1047,N20,VIIRS,n,2,296.58,2.78,D,0
53.87007,31.52702,326.59,0.43,0.38,2020-04-13,1047,N20,VIIRS,n,2,294.1,2.44,D,0
53.19289,27.27902,332.76,0.38,0.36,2020-04-13,1047,N20,VIIRS,n,2,292.33,2.56,D,0
53.78811,31.62996,327.64,0.43,0.38,2020-04-13,1047,N20,VIIRS,n,2,293.2,4.37,D,0
53.78889,31.63654,331.24,0.43,0.38,2020-04-13,1047,N20,VIIRS,n,2,295.29,4.37,D,0
53.56726,30.03547,344.15,0.4,0.37,2020-04-13,1047,N20,VIIRS,n,2,299.29,7.23,D,0
53.45301,29.34414,344.09,0.39,0.36,2020-04-13,1047,N20,VIIRS,n,2,295.62,13.15,D,0
53.45382,29.34998,341.51,0.39,0.36,2020-04-13,1047,N20,VIIRS,n,2,299.21,13.15,D,0
53.44972,29.34541,332.04,0.39,0.36,2020-04-13,1047,N20,VIIRS,n,2,297.88,13.15,D,0
53.43991,29.3246,336.69,0.39,0.36,2020-04-13,1047,N20,VIIRS,n,2,293.94,3.53,D,0
53.43742,29.33171,330.78,0.39,0.36,2020-04-13,1047,N20,VIIRS,n,2,293.14,3.49,D,0
53.70927,31.69695,331.74,0.44,0.38,2020-04-13,1047,N20,VIIRS,n,2,292.1,2.96,D,0
53.71003,31.70352,337.81,0.44,0.38,2020-04-13,1047,N20,VIIRS,n,2,294.8,2.96,D,0
53.30854,29.94147,331.63,0.4,0.37,2020-04-13,1047,N20,VIIRS,n,2,299.05,9,D,0
53.54325,31.97966,346.11,0.44,0.38,2020-04-13,1047,N20,VIIRS,n,2,294.55,6.43,D,0
53.17592,29.15034,329.46,0.39,0.36,2020-04-13,1047,N20,VIIRS,n,2,294.65,4.23,D,0
53.17673,29.1561,350.47,0.39,0.36,2020-04-13,1047,N20,VIIRS,n,2,295.47,4.23,D,0
53.24107,30.018,343.11,0.4,0.37,2020-04-13,1047,N20,VIIRS,n,2,302.46,17.78,D,0
53.23774,30.01923,338.44,0.4,0.37,2020-04-13,1047,N20,VIIRS,n,2,300.36,6.49,D,0
52.60172,26.22275,354.72,0.39,0.36,2020-04-13,1047,N20,VIIRS,n,2,294.57,19.13,D,0
52.59752,26.2186,327.74,0.39,0.36,2020-04-13,1047,N20,VIIRS,n,2,293.11,11.77,D,0
52.59847,26.22423,356.21,0.39,0.36,2020-04-13,1047,N20,VIIRS,n,2,301.71,19.13,D,0
52.437,25.46546,351.76,0.4,0.37,2020-04-13,1047,N20,VIIRS,n,2,290.94,10.17,D,0
52.43801,25.4712,337.39,0.4,0.37,2020-04-13,1047,N20,VIIRS,n,2,293.24,7.32,D,0
52.44104,25.48842,336.11,0.4,0.37,2020-04-13,1047,N20,VIIRS,n,2,294.63,3.09,D,0
52.43372,25.46702,342.22,0.4,0.37,2020-04-13,1047,N20,VIIRS,n,2,291.93,10.17,D,0
52.43474,25.47276,344.54,0.4,0.37,2020-04-13,1047,N20,VIIRS,n,2,291.7,7.32,D,0
52.43676,25.48424,338.39,0.4,0.37,2020-04-13,1047,N20,VIIRS,n,2,294.49,3.09,D,0
52.43146,25.47431,345.84,0.4,0.37,2020-04-13,1047,N20,VIIRS,n,2,293.11,9.2,D,0
52.43348,25.48579,344.82,0.4,0.37,2020-04-13,1047,N20,VIIRS,n,2,294.84,7.62,D,0
53.26866,31.54601,325.73,0.43,0.38,2020-04-13,1047,N20,VIIRS,n,2,295.29,2.49,D,0
53.26942,31.55237,325.23,0.43,0.38,2020-04-13,1047,N20,VIIRS,l,2,295.82,2.11,D,0
53.26522,31.54715,338.35,0.43,0.38,2020-04-13,1047,N20,VIIRS,n,2,298.44,5.75,D,0
53.25908,31.5558,343.68,0.43,0.38,2020-04-13,1047,N20,VIIRS,n,2,300.47,35.63,D,0
53.25638,31.56331,331.19,0.43,0.38,2020-04-13,1047,N20,VIIRS,n,2,293.49,35.63,D,0
53.25143,31.55174,341.89,0.43,0.38,2020-04-13,1047,N20,VIIRS,n,2,293.75,3.51,D,0
53.25218,31.5581,335.29,0.43,0.38,2020-04-13,1047,N20,VIIRS,n,2,294.47,3.97,D,0
53.24344,31.51465,332.3,0.43,0.38,2020-04-13,1047,N20,VIIRS,n,2,296.12,3.53,D,0
52.84684,29.98877,335.5,0.4,0.37,2020-04-13,1047,N20,VIIRS,n,2,294.49,6.21,D,2
53.10839,32.12268,331.27,0.44,0.38,2020-04-13,1047,N20,VIIRS,n,2,295.44,3.49,D,0
53.10914,32.12921,329.9,0.44,0.38,2020-04-13,1047,N20,VIIRS,n,2,294.01,2.52,D,0
52.84002,30.0158,329.36,0.4,0.37,2020-04-13,1047,N20,VIIRS,n,2,290.83,1.49,D,0
52.45015,27.88418,329.13,0.38,0.36,2020-04-13,1047,N20,VIIRS,l,2,303.36,2.5,D,0
52.10922,26.48475,351.86,0.39,0.36,2020-04-13,1047,N20,VIIRS,n,2,292.03,9.68,D,0
52.11111,26.4959,345.38,0.39,0.36,2020-04-13,1047,N20,VIIRS,n,2,296.24,6.97,D,0
52.11016,26.49033,367,0.39,0.36,2020-04-13,1047,N20,VIIRS,h,2,297.8,9.68,D,0
52.31752,27.82899,326.85,0.38,0.36,2020-04-13,1047,N20,VIIRS,l,2,298.23,2.38,D,0
52.31342,27.82481,338.65,0.38,0.36,2020-04-13,1047,N20,VIIRS,n,2,301.39,4.64,D,0
52.31428,27.83034,333.39,0.38,0.36,2020-04-13,1047,N20,VIIRS,n,2,300.12,2.38,D,0
52.3373,28.06784,326.09,0.38,0.36,2020-04-13,1047,N20,VIIRS,l,2,299.06,1.69,D,0
52.16124,27.10738,332.79,0.39,0.36,2020-04-13,1047,N20,VIIRS,n,2,301.99,2.87,D,0
52.17048,27.29252,346.85,0.39,0.36,2020-04-13,1047,N20,VIIRS,n,2,300.18,69.01,D,0
52.17226,27.30356,352.32,0.39,0.36,2020-04-13,1047,N20,VIIRS,n,2,306.92,37,D,0
52.17315,27.30909,354.62,0.39,0.36,2020-04-13,1047,N20,VIIRS,n,2,297.28,14.49,D,0
52.16813,27.29943,349.31,0.39,0.36,2020-04-13,1047,N20,VIIRS,n,2,303.02,37,D,0
52.16902,27.30495,354.47,0.39,0.36,2020-04-13,1047,N20,VIIRS,n,2,300.8,37,D,0
52.16991,27.31047,351.8,0.39,0.36,2020-04-13,1047,N20,VIIRS,n,2,312.28,14.49,D,0
52.1708,27.31599,334.24,0.39,0.36,2020-04-13,1047,N20,VIIRS,n,2,297.03,14.49,D,0
52.16724,27.29391,367,0.39,0.36,2020-04-13,1047,N20,VIIRS,h,2,335.53,69.01,D,0
52.15149,27.21799,325.51,0.39,0.36,2020-04-13,1047,N20,VIIRS,n,2,283.88,2.21,D,0
52.15329,27.22904,328.73,0.39,0.36,2020-04-13,1047,N20,VIIRS,n,2,287.64,20.29,D,0
52.16311,27.28977,341.19,0.39,0.36,2020-04-13,1047,N20,VIIRS,n,2,285.89,30.19,D,0
52.164,27.29529,351.72,0.39,0.36,2020-04-13,1047,N20,VIIRS,n,2,307.33,30.19,D,0
52.16489,27.30081,334.69,0.39,0.36,2020-04-13,1047,N20,VIIRS,n,2,299.16,6.95,D,0
52.16667,27.31185,350.65,0.39,0.36,2020-04-13,1047,N20,VIIRS,n,2,298.88,8.25,D,0
52.04013,26.56555,346.37,0.39,0.36,2020-04-13,1047,N20,VIIRS,n,2,287.55,8.58,D,0
52.14736,27.21386,325.34,0.39,0.36,2020-04-13,1047,N20,VIIRS,n,2,287.07,2.21,D,0
52.14825,27.21938,338.73,0.39,0.36,2020-04-13,1047,N20,VIIRS,n,2,282.95,2.21,D,0
52.14915,27.2249,332.33,0.39,0.36,2020-04-13,1047,N20,VIIRS,n,2,291.84,20.29,D,0
52.15987,27.29115,338.41,0.39,0.36,2020-04-13,1047,N20,VIIRS,n,2,289.43,30.19,D,0
52.16165,27.30219,343.54,0.39,0.36,2020-04-13,1047,N20,VIIRS,n,2,305.96,6.95,D,0
52.16611,27.32979,329.69,0.39,0.36,2020-04-13,1047,N20,VIIRS,l,2,300.75,6.46,D,0
52.16699,27.33531,333.77,0.39,0.36,2020-04-13,1047,N20,VIIRS,n,2,297.39,3.94,D,0
52.1468,27.23181,367,0.39,0.36,2020-04-13,1047,N20,VIIRS,l,2,360.33,97.01,D,0
52.15842,27.30358,367,0.39,0.36,2020-04-13,1047,N20,VIIRS,l,2,325.41,31.08,D,0
52.14502,27.22077,338.16,0.39,0.36,2020-04-13,1047,N20,VIIRS,n,2,299.63,17.16,D,0
52.1477,27.23734,340.55,0.39,0.36,2020-04-13,1047,N20,VIIRS,n,2,295.84,13.66,D,0
52.15753,27.29806,331.16,0.39,0.36,2020-04-13,1047,N20,VIIRS,n,2,299.39,10.52,D,0
52.16198,27.32565,337.2,0.39,0.36,2020-04-13,1047,N20,VIIRS,n,2,297.21,3.37,D,0
52.16286,27.33117,334.85,0.39,0.36,2020-04-13,1047,N20,VIIRS,n,2,297.21,3.37,D,0
52.14591,27.22629,367,0.39,0.36,2020-04-13,1047,N20,VIIRS,h,2,338.51,97.01,D,0
52.14178,27.22216,332.48,0.39,0.36,2020-04-13,1047,N20,VIIRS,n,2,293.98,17.16,D,0
52.14267,27.22768,356.01,0.39,0.36,2020-04-13,1047,N20,VIIRS,n,2,295.7,97.01,D,0
52.14357,27.2332,351.61,0.39,0.36,2020-04-13,1047,N20,VIIRS,n,2,289.8,97.01,D,0
52.14447,27.23872,326.4,0.39,0.36,2020-04-13,1047,N20,VIIRS,n,2,289.37,13.66,D,0
52.15518,27.30496,336.62,0.39,0.36,2020-04-13,1047,N20,VIIRS,n,2,295.26,31.08,D,0
52.1239,27.4318,351.91,0.39,0.36,2020-04-13,1047,N20,VIIRS,n,2,301.53,17.43,D,0
52.11189,27.66001,327.61,0.38,0.36,2020-04-13,1047,N20,VIIRS,l,2,300.54,2.57,D,0
52.11363,27.67102,327.82,0.38,0.36,2020-04-13,1047,N20,VIIRS,n,2,295.45,1.89,D,0
52.0882,27.72854,338.91,0.38,0.36,2020-04-13,1047,N20,VIIRS,n,2,303.2,3.53,D,0
52.08497,27.72989,332.6,0.38,0.36,2020-04-13,1047,N20,VIIRS,n,2,295.22,3.53,D,0
52.0943,27.85491,333.9,0.38,0.36,2020-04-13,1047,N20,VIIRS,n,2,297.91,2.38,D,0
52.0992,27.95241,351.66,0.38,0.36,2020-04-13,1047,N20,VIIRS,n,2,299.06,15.79,D,0
52.10006,27.95791,350.22,0.38,0.36,2020-04-13,1047,N20,VIIRS,n,2,298.1,13.22,D,0
52.09567,27.95021,347.52,0.38,0.36,2020-04-13,1047,N20,VIIRS,n,2,298.99,28.09,D,0
52.09653,27.95571,354.12,0.38,0.36,2020-04-13,1047,N20,VIIRS,n,2,295.78,8.8,D,0
52.09157,27.94604,367,0.38,0.36,2020-04-13,1047,N20,VIIRS,l,2,325.72,28.09,D,0
52.08986,27.93504,342.98,0.38,0.36,2020-04-13,1047,N20,VIIRS,n,2,305.25,67.94,D,0
52.09243,27.95154,347.99,0.38,0.36,2020-04-13,1047,N20,VIIRS,n,2,295.03,28.09,D,0
52.09328,27.95704,356.44,0.38,0.36,2020-04-13,1047,N20,VIIRS,n,2,300.05,8.8,D,0
52.09414,27.96254,331.54,0.38,0.36,2020-04-13,1047,N20,VIIRS,n,2,294.94,8.8,D,0
52.08576,27.93088,327.85,0.38,0.36,2020-04-13,1047,N20,VIIRS,l,2,300.81,11.84,D,0
52.08662,27.93637,354.57,0.38,0.36,2020-04-13,1047,N20,VIIRS,n,2,316.88,38.96,D,0
52.08747,27.94187,354.57,0.38,0.36,2020-04-13,1047,N20,VIIRS,n,2,298.41,38.96,D,0
52.08833,27.94737,345.56,0.38,0.36,2020-04-13,1047,N20,VIIRS,n,2,305.6,9.35,D,0
52.08919,27.95287,333.51,0.38,0.36,2020-04-13,1047,N20,VIIRS,n,2,297.34,9.35,D,0
52.08338,27.93771,347.79,0.38,0.36,2020-04-13,1047,N20,VIIRS,n,2,319.67,38.96,D,0
52.08509,27.9487,348.29,0.38,0.36,2020-04-13,1047,N20,VIIRS,n,2,300.86,9.35,D,0
52.08424,27.9432,367,0.38,0.36,2020-04-13,1047,N20,VIIRS,h,2,332.16,38.96,D,0
52.07842,27.92804,328.97,0.38,0.36,2020-04-13,1047,N20,VIIRS,l,2,301.52,6.98,D,0
52.07928,27.93354,334.35,0.38,0.36,2020-04-13,1047,N20,VIIRS,n,2,303.75,6.98,D,0
52.08014,27.93904,329.17,0.38,0.36,2020-04-13,1047,N20,VIIRS,n,2,301.21,12.88,D,0
52.08099,27.94454,352.17,0.38,0.36,2020-04-13,1047,N20,VIIRS,n,2,305.76,12.88,D,0
52.08185,27.95003,338.32,0.38,0.36,2020-04-13,1047,N20,VIIRS,n,2,302.57,6.29,D,0
52.00124,27.46232,326.78,0.39,0.36,2020-04-13,1047,N20,VIIRS,l,2,297.93,2.69,D,0
52.07604,27.93487,346.44,0.38,0.36,2020-04-13,1047,N20,VIIRS,n,2,308.45,6.98,D,0
52.0769,27.94037,340,0.38,0.36,2020-04-13,1047,N20,VIIRS,n,2,310.89,12.88,D,0
52.07776,27.94587,347.81,0.38,0.36,2020-04-13,1047,N20,VIIRS,n,2,306.79,12.88,D,0
52.07473,28.08159,340.01,0.38,0.36,2020-04-13,1047,N20,VIIRS,n,2,295.6,56.18,D,0
52.07898,28.10908,342.05,0.38,0.36,2020-04-13,1047,N20,VIIRS,n,2,302.19,63.09,D,0
52.07318,28.09391,329.56,0.38,0.36,2020-04-13,1047,N20,VIIRS,n,2,296.38,4.62,D,0
52.07404,28.09941,343.7,0.38,0.36,2020-04-13,1047,N20,VIIRS,n,2,298.49,4.62,D,0
52.07574,28.1104,345.01,0.38,0.36,2020-04-13,1047,N20,VIIRS,n,2,304.73,63.09,D,0
52.07164,28.10622,367,0.38,0.36,2020-04-13,1047,N20,VIIRS,l,2,366.24,153.2,D,0
52.06739,28.07874,347.52,0.38,0.36,2020-04-13,1047,N20,VIIRS,n,2,301.39,11.56,D,0
52.06824,28.08423,343.33,0.38,0.36,2020-04-13,1047,N20,VIIRS,n,2,304.49,10.22,D,0
52.06909,28.08973,335.47,0.38,0.36,2020-04-13,1047,N20,VIIRS,n,2,303.2,10.22,D,0
52.06994,28.09523,348.87,0.38,0.36,2020-04-13,1047,N20,VIIRS,n,2,306.23,159.59,D,0
52.07249,28.11172,339.7,0.38,0.36,2020-04-13,1047,N20,VIIRS,n,2,295.61,153.2,D,0
52.06415,28.08006,337.45,0.38,0.36,2020-04-13,1047,N20,VIIRS,n,2,302.06,11.56,D,0
52.06585,28.09105,337.89,0.38,0.36,2020-04-13,1047,N20,VIIRS,n,2,309.63,10.22,D,0
52.0667,28.09655,367,0.38,0.36,2020-04-13,1047,N20,VIIRS,h,2,361.25,159.59,D,0
52.06755,28.10205,367,0.38,0.36,2020-04-13,1047,N20,VIIRS,h,2,342.46,159.59,D,0
52.06261,28.09237,329.38,0.38,0.36,2020-04-13,1047,N20,VIIRS,n,2,296.89,2.47,D,0
52.06346,28.09787,345.05,0.38,0.36,2020-04-13,1047,N20,VIIRS,n,2,301.13,4.16,D,0
52.27755,29.86878,327.55,0.39,0.36,2020-04-13,1047,N20,VIIRS,n,2,295.38,1.26,D,0
52.1123,29.18087,346.32,0.39,0.36,2020-04-13,1047,N20,VIIRS,n,2,299.51,15.55,D,0
52.10661,29.16542,340.35,0.39,0.36,2020-04-13,1047,N20,VIIRS,n,2,310.27,37.42,D,0
52.10742,29.17099,354.71,0.39,0.36,2020-04-13,1047,N20,VIIRS,n,2,305.76,37.42,D,0
52.10984,29.18769,335.02,0.39,0.36,2020-04-13,1047,N20,VIIRS,n,2,302.08,31.57,D,0
52.10903,29.18212,367,0.39,0.36,2020-04-13,1047,N20,VIIRS,h,2,349.06,84.2,D,0
52.10335,29.16667,348.56,0.39,0.36,2020-04-13,1047,N20,VIIRS,n,2,311.96,37.42,D,0
52.10577,29.18337,347.6,0.39,0.36,2020-04-13,1047,N20,VIIRS,n,2,300.43,84.2,D,0
52.10416,29.17223,367,0.39,0.36,2020-04-13,1047,N20,VIIRS,h,2,339.52,37.42,D,0
52.10496,29.1778,367,0.39,0.36,2020-04-13,1047,N20,VIIRS,h,2,337.65,84.2,D,0
52.10009,29.16791,346.39,0.39,0.36,2020-04-13,1047,N20,VIIRS,n,2,301.76,7.12,D,0
52.10081,29.2205,343.94,0.39,0.36,2020-04-13,1047,N20,VIIRS,n,2,298.56,13.33,D,0
52.09754,29.22174,340.19,0.39,0.36,2020-04-13,1047,N20,VIIRS,n,2,300.08,13.33,D,0
52.09553,30.30027,338.16,0.4,0.37,2020-04-13,1047,N20,VIIRS,n,2,299.79,2.89,D,0
51.9396,29.79683,330.54,0.39,0.36,2020-04-13,1047,N20,VIIRS,n,2,296.49,3.34,D,0
51.69621,28.32458,346.82,0.38,0.36,2020-04-13,1047,N20,VIIRS,n,2,304.81,5.73,D,0
51.69381,28.33134,329.33,0.38,0.36,2020-04-13,1047,N20,VIIRS,l,2,299.9,1.93,D,0
51.61903,27.87496,325.6,0.38,0.36,2020-04-13,1047,N20,VIIRS,n,2,292.77,2.27,D,0
51.68312,28.30666,327.57,0.38,0.36,2020-04-13,1047,N20,VIIRS,l,2,299.47,1.71,D,0
51.81422,30.19501,329,0.39,0.37,2020-04-13,1047,N20,VIIRS,n,2,297.73,2.58,D,0
51.35113,30.62225,331.94,0.4,0.37,2020-04-13,1047,N20,VIIRS,n,2,299.72,9.54,D,0
55.38835,30.68914,329.91,0.43,0.38,2020-04-13,1048,N20,VIIRS,n,2,291.95,3.21,D,0
53.9194,31.57736,347.42,0.43,0.38,2020-04-13,1048,N20,VIIRS,n,2,297.67,10.21,D,0
55.38915,30.69586,330.4,0.43,0.38,2020-04-13,1048,N20,VIIRS,n,2,292.04,2.94,D,0
53.93072,31.73828,343.98,0.44,0.38,2020-04-13,1048,N20,VIIRS,n,2,292.7,2.9,D,0
55.3857,30.6971,336.52,0.43,0.38,2020-04-13,1048,N20,VIIRS,n,2,292.64,2.32,D,0
54.67693,30.97972,331.49,0.43,0.38,2020-04-13,1048,N20,VIIRS,n,2,291.99,2.88,D,0
54.53047,30.36417,330.98,0.41,0.37,2020-04-13,1048,N20,VIIRS,n,2,292.21,3.69,D,0
54.52748,30.76199,336.69,0.42,0.38,2020-04-13,1048,N20,VIIRS,n,2,293.19,2.93,D,0
54.45029,31.17165,330.56,0.43,0.38,2020-04-13,1048,N20,VIIRS,n,2,291.37,1.59,D,0
54.41263,31.15731,328.43,0.43,0.38,2020-04-13,1048,N20,VIIRS,n,2,290.81,1.24,D,0
54.34731,31.09879,340.65,0.43,0.38,2020-04-13,1048,N20,VIIRS,n,2,293.37,3.24,D,0
54.1511,31.09492,327.53,0.43,0.38,2020-04-13,1048,N20,VIIRS,n,2,294.58,37.43,D,0
54.17781,31.3776,347.51,0.43,0.38,2020-04-13,1048,N20,VIIRS,n,2,293.89,6.13,D,0
54.15815,31.36376,330.51,0.43,0.38,2020-04-13,1048,N20,VIIRS,n,2,294.68,4.01,D,0
54.15469,31.36495,344.15,0.43,0.38,2020-04-13,1048,N20,VIIRS,n,2,296.9,4.51,D,0
54.152,31.37269,329.75,0.43,0.38,2020-04-13,1048,N20,VIIRS,n,2,294.34,4.51,D,0
54.14896,31.46964,327.54,0.43,0.38,2020-04-13,1048,N20,VIIRS,n,2,294.58,3.37,D,0
54.14549,31.47081,332.23,0.43,0.38,2020-04-13,1048,N20,VIIRS,n,2,294.17,2.19,D,0
54.14124,31.46536,329.01,0.43,0.38,2020-04-13,1048,N20,VIIRS,n,2,294.82,2.19,D,0
54.032,30.6179,332.12,0.42,0.37,2020-04-13,1048,N20,VIIRS,n,2,291.54,2.6,D,0
55.3926,30.69461,326.11,0.43,0.38,2020-04-13,1048,N20,VIIRS,n,2,291.97,2.94,D,0
53.26163,24.45047,295.96,0.39,0.36,2020-04-14,0040,N20,VIIRS,n,2,273.12,0.87,N,2
53.27004,24.44218,303.58,0.39,0.36,2020-04-14,0040,N20,VIIRS,n,2,271.91,1.34,N,2
54.4587,28.41538,331.35,0.41,0.37,2020-04-14,1029,N20,VIIRS,n,2,287.4,3.99,D,0
52.25,24.62501,346.35,0.4,0.37,2020-04-15,0021,N20,VIIRS,n,2,275.42,8.87,N,0
52.44147,25.46453,298.62,0.39,0.37,2020-04-15,0021,N20,VIIRS,n,2,270.25,0.62,N,0
51.88955,29.33959,301.56,0.4,0.37,2020-04-15,0021,N20,VIIRS,n,2,269.99,0.74,N,2
51.89281,29.3411,303.71,0.4,0.37,2020-04-15,0021,N20,VIIRS,n,2,271.6,0.74,N,2
52.80467,26.71362,325.07,0.39,0.36,2020-04-15,0021,N20,VIIRS,n,2,271.01,2,N,0
52.84647,29.99001,337.15,0.4,0.37,2020-04-15,0021,N20,VIIRS,n,2,272.76,4,N,2
52.18252,26.61702,344.83,0.37,0.58,2020-04-16,0951,N20,VIIRS,n,2,284.21,5.74,D,0
51.87764,26.44219,355.46,0.39,0.59,2020-04-16,0951,N20,VIIRS,n,2,288.02,6.53,D,0
52.11043,30.03779,331.54,0.55,0.51,2020-04-16,0951,N20,VIIRS,n,2,285.09,5.04,D,0
51.47725,29.32605,344.49,0.61,0.54,2020-04-16,0951,N20,VIIRS,n,2,283.29,9.36,D,0
52.18101,26.61212,356.42,0.37,0.58,2020-04-16,0951,N20,VIIRS,l,2,286.34,5.74,D,0
51.60175,27.32416,344.93,0.47,0.48,2020-04-16,1131,N20,VIIRS,n,2,295.33,19.96,D,0
51.41803,28.73312,339.99,0.54,0.51,2020-04-16,1131,N20,VIIRS,n,2,290.87,16.37,D,0
52.70237,27.4749,331.9,0.49,0.48,2020-04-16,1131,N20,VIIRS,n,2,284.72,11.99,D,0
52.70281,27.48217,339.7,0.49,0.49,2020-04-16,1131,N20,VIIRS,n,2,282.95,11.99,D,0
52.70077,27.48224,330.5,0.49,0.48,2020-04-16,1131,N20,VIIRS,n,2,281.2,2.59,D,0
52.62154,31.12544,356.07,0.35,0.57,2020-04-16,1131,N20,VIIRS,l,2,283.56,6.9,D,0
52.62136,31.12022,344.76,0.35,0.57,2020-04-16,1131,N20,VIIRS,n,2,284.46,6.83,D,0
52.61647,31.13109,333.66,0.35,0.57,2020-04-16,1131,N20,VIIRS,n,2,282.72,6.9,D,0
52.32671,30.34531,345.31,0.32,0.55,2020-04-16,1131,N20,VIIRS,n,2,286.91,7.98,D,0
52.09451,30.30032,351.57,0.64,0.54,2020-04-16,1131,N20,VIIRS,n,2,290.58,12.34,D,0
52.09581,30.30148,342.77,0.64,0.54,2020-04-16,1131,N20,VIIRS,n,2,288.65,6.07,D,0
51.60223,27.33102,331.59,0.47,0.48,2020-04-16,1131,N20,VIIRS,n,2,292.17,7.08,D,0
51.59784,27.33176,342.36,0.47,0.48,2020-04-16,1131,N20,VIIRS,n,2,293.72,7.08,D,0
51.56957,28.54673,325.6,0.53,0.5,2020-04-16,1131,N20,VIIRS,n,2,290.01,3.45,D,0
51.56165,28.57125,350.67,0.53,0.5,2020-04-16,1131,N20,VIIRS,n,2,290.6,10.15,D,0
51.5621,28.57896,348.85,0.53,0.5,2020-04-16,1131,N20,VIIRS,n,2,299.91,68.02,D,0
51.56254,28.58669,352.94,0.53,0.5,2020-04-16,1131,N20,VIIRS,n,2,301.24,68.02,D,0
51.5579,28.58738,333.07,0.53,0.5,2020-04-16,1131,N20,VIIRS,n,2,287.33,4.16,D,0
52.09077,30.30194,326.81,0.64,0.54,2020-04-16,1131,N20,VIIRS,n,2,286.95,6.07,D,0
51.55558,28.59781,296.93,0.38,0.44,2020-04-16,2343,N20,VIIRS,n,2,278.03,0.73,N,0
51.55763,28.62097,298.54,0.38,0.43,2020-04-16,2343,N20,VIIRS,n,2,275.3,0.98,N,0
51.55909,28.60428,298.3,0.38,0.44,2020-04-16,2343,N20,VIIRS,n,2,275.3,0.73,N,0
51.56405,28.5941,300,0.38,0.44,2020-04-16,2343,N20,VIIRS,n,2,279.27,2.18,N,0
51.56454,28.58855,303.84,0.39,0.44,2020-04-16,2343,N20,VIIRS,n,2,279.08,2.18,N,0
51.56502,28.58297,304.86,0.39,0.44,2020-04-16,2343,N20,VIIRS,n,2,277.59,1.5,N,0
51.56805,28.59503,340.72,0.38,0.44,2020-04-16,2343,N20,VIIRS,n,2,281.03,2.18,N,0
51.56853,28.58947,326.41,0.39,0.44,2020-04-16,2343,N20,VIIRS,n,2,278.19,2.18,N,0
51.44062,30.44111,327.55,0.49,0.41,2020-04-16,2343,N20,VIIRS,n,2,277.88,6.14,N,0
51.44137,30.43402,326.62,0.49,0.41,2020-04-16,2343,N20,VIIRS,n,2,277.68,7.02,N,0
51.45626,30.40149,313.85,0.5,0.41,2020-04-16,2343,N20,VIIRS,n,2,275.03,1.9,N,0
51.45921,30.40961,331.36,0.5,0.41,2020-04-16,2343,N20,VIIRS,n,2,277.29,4.06,N,0
51.45997,30.40249,325.69,0.5,0.41,2020-04-16,2343,N20,VIIRS,n,2,275.14,4.06,N,0
51.46292,30.41061,326.18,0.5,0.41,2020-04-16,2343,N20,VIIRS,n,2,275.96,4.06,N,0
51.46028,30.40863,335.88,0.5,0.41,2020-04-16,2343,N20,VIIRS,n,2,276.19,2.65,N,0
51.46399,30.40964,310.67,0.5,0.41,2020-04-16,2343,N20,VIIRS,n,2,273.77,2.65,N,0
51.58427,29.37886,314.1,0.54,0.42,2020-04-16,2343,N20,VIIRS,n,2,277.86,2.61,N,0
51.48552,30.4228,318.99,0.5,0.41,2020-04-16,2343,N20,VIIRS,n,2,275.78,2.15,N,0
51.88985,29.33965,298.28,0.55,0.42,2020-04-16,2343,N20,VIIRS,n,2,275.66,1.04,N,2
51.88971,29.33789,295,0.55,0.42,2020-04-16,2343,N20,VIIRS,n,2,275.39,0.62,N,2
51.93692,29.79704,300.04,0.53,0.42,2020-04-16,2343,N20,VIIRS,n,2,273.36,1.15,N,0
52.84562,29.99037,297.15,0.53,0.42,2020-04-16,2343,N20,VIIRS,n,2,274.19,1.65,N,2
52.84945,29.9914,320.93,0.53,0.42,2020-04-16,2343,N20,VIIRS,n,2,274.73,1.65,N,2
51.41938,28.74703,317.57,0.57,0.43,2020-04-16,2343,N20,VIIRS,n,2,282.35,4.83,N,0
51.41614,28.73791,320.83,0.57,0.43,2020-04-16,2343,N20,VIIRS,n,2,285.48,3.36,N,0
51.41542,28.7461,307.88,0.57,0.43,2020-04-16,2343,N20,VIIRS,n,2,281.43,2.48,N,0
51.41217,28.73698,308.29,0.57,0.43,2020-04-16,2343,N20,VIIRS,n,2,281,3.36,N,0
51.42133,28.7486,324.19,0.57,0.43,2020-04-16,2343,N20,VIIRS,n,2,283.88,2.77,N,0
51.42208,28.7404,296.02,0.57,0.43,2020-04-16,2343,N20,VIIRS,n,2,278.09,2.77,N,0
51.41888,28.73133,308.09,0.57,0.43,2020-04-16,2343,N20,VIIRS,n,2,280.33,2.78,N,0
51.41812,28.73949,311.08,0.57,0.43,2020-04-16,2343,N20,VIIRS,n,2,282.62,2.77,N,0
51.41736,28.74768,312.26,0.57,0.43,2020-04-16,2343,N20,VIIRS,n,2,281.76,2.77,N,0
51.41416,28.73857,320.78,0.57,0.43,2020-04-16,2343,N20,VIIRS,n,2,284.53,3.59,N,0
51.42082,28.73067,300.22,0.57,0.43,2020-04-16,2343,N20,VIIRS,n,2,279.16,1.47,N,0
51.4201,28.73883,307.7,0.57,0.43,2020-04-16,2343,N20,VIIRS,n,2,282.04,1.47,N,0
51.42407,28.73975,295.95,0.57,0.43,2020-04-16,2343,N20,VIIRS,n,2,277.31,1.47,N,0
51.42334,28.74796,322.5,0.57,0.43,2020-04-16,2343,N20,VIIRS,n,2,283.22,4.83,N,0
51.59824,27.34461,316.6,0.43,0.46,2020-04-16,2343,N20,VIIRS,n,2,282.29,10.42,N,0
51.59872,27.33834,367,0.43,0.46,2020-04-16,2343,N20,VIIRS,h,2,309.52,10.42,N,0
51.59921,27.33207,355.24,0.43,0.46,2020-04-16,2343,N20,VIIRS,n,2,299.86,9.06,N,0
51.5997,27.3258,333.09,0.43,0.46,2020-04-16,2343,N20,VIIRS,n,2,278.84,9.06,N,0
51.60295,27.3392,342.99,0.43,0.46,2020-04-16,2343,N20,VIIRS,n,2,291.86,9.19,N,0
51.60344,27.33293,353.11,0.43,0.46,2020-04-16,2343,N20,VIIRS,n,2,296.65,8.87,N,0
51.60393,27.32666,342.17,0.43,0.46,2020-04-16,2343,N20,VIIRS,n,2,280.55,8.87,N,0
51.53671,28.62751,319.77,0.38,0.43,2020-04-16,2343,N20,VIIRS,n,2,278.93,2.3,N,0
51.5407,28.62843,296.63,0.38,0.43,2020-04-16,2343,N20,VIIRS,n,2,276.35,2.3,N,0
51.54166,28.61732,300.06,0.38,0.43,2020-04-16,2343,N20,VIIRS,n,2,279.31,1.65,N,0
51.54214,28.61177,313.75,0.38,0.43,2020-04-16,2343,N20,VIIRS,n,2,280.05,2.37,N,0
51.54021,28.634,336.63,0.38,0.43,2020-04-16,2343,N20,VIIRS,n,2,280.2,2.3,N,0
51.5442,28.6349,315.77,0.38,0.43,2020-04-16,2343,N20,VIIRS,n,2,279.3,1.28,N,0
51.54868,28.63026,296.67,0.38,0.43,2020-04-16,2343,N20,VIIRS,n,2,277.64,1.28,N,0
51.55315,28.62563,307.12,0.38,0.43,2020-04-16,2343,N20,VIIRS,n,2,278.31,0.98,N,0
51.55364,28.62006,313.67,0.38,0.43,2020-04-16,2343,N20,VIIRS,n,2,280.08,0.98,N,0
51.45716,30.4089,309.43,0.52,0.67,2020-04-17,0123,N20,VIIRS,n,2,273.45,2.44,N,0
51.50156,29.22996,309.9,0.47,0.64,2020-04-17,0123,N20,VIIRS,n,2,278.22,4.23,N,0
51.45951,30.40229,322.34,0.52,0.67,2020-04-17,0123,N20,VIIRS,n,2,272.98,2.44,N,0
51.46489,30.40717,299.78,0.52,0.67,2020-04-17,0123,N20,VIIRS,n,2,272.05,0.92,N,0
51.59945,27.33633,367,0.39,0.6,2020-04-17,0124,N20,VIIRS,h,2,310.51,8.1,N,0
51.59782,27.34145,326.67,0.39,0.6,2020-04-17,0124,N20,VIIRS,n,2,287.83,7.32,N,0
51.60338,27.33879,341.71,0.39,0.6,2020-04-17,0124,N20,VIIRS,n,2,289.28,4.69,N,0
51.60177,27.34394,324.22,0.39,0.6,2020-04-17,0124,N20,VIIRS,n,2,284.5,4.69,N,0
51.605,27.33364,319.29,0.39,0.6,2020-04-17,0124,N20,VIIRS,n,2,274.34,4.82,N,0
51.6017,27.32445,324.36,0.39,0.6,2020-04-17,0124,N20,VIIRS,n,2,274.95,5.06,N,0
51.56635,28.6001,306.33,0.44,0.63,2020-04-17,0124,N20,VIIRS,n,2,275.6,3.05,N,0
51.55363,28.61855,296.03,0.44,0.63,2020-04-17,0124,N20,VIIRS,n,2,275.24,1.23,N,0
51.53769,28.62684,300.2,0.44,0.63,2020-04-17,0124,N20,VIIRS,n,2,275.77,1.5,N,0
51.56485,28.59703,330.87,0.44,0.63,2020-04-17,0124,N20,VIIRS,n,2,277.62,2.91,N,0
51.56673,28.59128,311.07,0.44,0.63,2020-04-17,0124,N20,VIIRS,n,2,275.9,2.91,N,0
51.53962,28.63398,299.65,0.44,0.63,2020-04-17,0124,N20,VIIRS,n,2,276.45,1.26,N,0
51.42261,28.74816,298.12,0.45,0.63,2020-04-17,0124,N20,VIIRS,n,2,277.88,1.54,N,0
51.60601,27.33522,303.4,0.39,0.6,2020-04-17,0124,N20,VIIRS,n,2,271.55,8.1,N,0
51.60273,27.32607,337.02,0.39,0.6,2020-04-17,0124,N20,VIIRS,n,2,277.95,6.49,N,0
51.59686,27.33989,317.83,0.39,0.6,2020-04-17,0124,N20,VIIRS,n,2,279.57,6.17,N,0
51.60008,27.3296,342,0.39,0.6,2020-04-17,0124,N20,VIIRS,n,2,278.5,5.06,N,0
51.56825,28.59438,328.77,0.44,0.62,2020-04-17,0124,N20,VIIRS,n,2,276.31,4.62,N,0
51.59846,27.33475,367,0.39,0.6,2020-04-17,0124,N20,VIIRS,h,2,304.56,6.17,N,0
51.60109,27.3312,351.86,0.39,0.6,2020-04-17,0124,N20,VIIRS,n,2,284.25,8.1,N,0
51.50641,29.22998,326.78,0.47,0.64,2020-04-17,0932,N20,VIIRS,n,2,282.48,4.12,D,0
51.56692,28.59423,329.37,0.5,0.66,2020-04-17,0932,N20,VIIRS,n,2,288.62,7.09,D,0
51.56908,28.60058,356.75,0.5,0.66,2020-04-17,0932,N20,VIIRS,l,2,288.26,7.09,D,0
51.56686,28.6041,349.31,0.5,0.66,2020-04-17,0932,N20,VIIRS,n,2,285.96,10.59,D,0
51.56467,28.59779,343.12,0.5,0.66,2020-04-17,0932,N20,VIIRS,n,2,289.68,14.1,D,0
52.46645,31.05437,325.77,0.37,0.58,2020-04-17,0932,N20,VIIRS,n,2,280.92,3.33,D,0
51.50323,29.24064,327.19,0.47,0.64,2020-04-17,0932,N20,VIIRS,n,2,281.75,4.12,D,0
51.50119,29.23457,334.39,0.47,0.64,2020-04-17,0932,N20,VIIRS,n,2,284.88,4.12,D,0
51.47765,30.49255,327.48,0.42,0.61,2020-04-17,0932,N20,VIIRS,n,2,286.35,2.71,D,0
51.49598,29.23917,356.04,0.47,0.64,2020-04-17,0932,N20,VIIRS,l,2,286.4,14.87,D,0
52.81786,26.69863,340.42,0.46,0.39,2020-04-17,1113,N20,VIIRS,n,2,296.41,31.74,D,0
52.81427,26.69969,333.6,0.46,0.39,2020-04-17,1113,N20,VIIRS,n,2,284.41,31.74,D,0
52.2837,30.19588,315.49,0.53,0.5,2020-04-17,2324,N20,VIIRS,n,2,270.09,2.1,N,0
51.56429,28.62008,318.63,0.61,0.53,2020-04-17,2324,N20,VIIRS,n,2,271.19,2.39,N,0
51.60141,27.33484,343.58,0.34,0.56,2020-04-17,2324,N20,VIIRS,n,2,294.62,3.47,N,0
51.60122,27.33989,336.02,0.34,0.56,2020-04-17,2324,N20,VIIRS,n,2,292.01,6.83,N,0
51.60181,27.32476,300.95,0.34,0.56,2020-04-17,2324,N20,VIIRS,n,2,269.46,1.31,N,0
51.51172,29.24286,296.56,0.57,0.52,2020-04-17,2324,N20,VIIRS,n,2,277.65,2.06,N,0
51.44083,29.73706,309.05,0.54,0.51,2020-04-17,2324,N20,VIIRS,n,2,276.26,1.98,N,0
51.44039,29.74487,310.29,0.54,0.51,2020-04-17,2324,N20,VIIRS,n,2,276,1.98,N,0
51.43334,29.26514,296.29,0.57,0.52,2020-04-17,2324,N20,VIIRS,n,2,275.36,2.22,N,0
51.51111,29.24044,297.53,0.57,0.52,2020-04-17,2324,N20,VIIRS,n,2,277.39,2.29,N,0
51.5159,29.24112,295.25,0.57,0.52,2020-04-17,2324,N20,VIIRS,n,2,276.95,2.66,N,0
51.60162,27.33044,301.66,0.34,0.56,2020-04-17,2324,N20,VIIRS,n,2,272.12,2.23,N,0
51.60179,27.32539,304.36,0.35,0.56,2020-04-17,2324,N20,VIIRS,n,2,271.4,2.23,N,0
51.60127,27.34054,328.67,0.34,0.56,2020-04-17,2324,N20,VIIRS,n,2,288.36,5.2,N,0
51.60144,27.33549,347.32,0.34,0.56,2020-04-17,2324,N20,VIIRS,n,2,300.53,5.2,N,0
51.56512,28.62626,305.62,0.61,0.53,2020-04-17,2324,N20,VIIRS,n,2,270.42,1.44,N,0
51.56553,28.61739,304.55,0.61,0.53,2020-04-17,2324,N20,VIIRS,n,2,271.09,1.44,N,0
51.57046,28.61807,295.51,0.61,0.53,2020-04-17,2324,N20,VIIRS,n,2,269.84,1.44,N,0
52.02433,24.83401,316.46,0.45,0.63,2020-04-17,2324,N20,VIIRS,n,2,269.43,1.67,N,0
52.12495,27.36589,312.57,0.35,0.56,2020-04-17,2324,N20,VIIRS,n,2,268.5,1.19,N,0
52.12487,27.36789,314.5,0.35,0.56,2020-04-17,2324,N20,VIIRS,n,2,269.05,1.02,N,0
53.28727,27.02485,296.51,0.36,0.58,2020-04-17,2324,N20,VIIRS,n,2,268.48,0.81,N,0
52.84829,29.98705,300.57,0.54,0.51,2020-04-17,2324,N20,VIIRS,n,2,271.2,2.84,N,2
52.8495,29.9944,301.96,0.54,0.51,2020-04-17,2324,N20,VIIRS,n,2,272.21,1.56,N,2
53.27085,24.4429,303.94,0.47,0.64,2020-04-17,2324,N20,VIIRS,n,2,272.73,1.4,N,2
53.28979,27.03067,306.77,0.36,0.58,2020-04-17,2324,N20,VIIRS,n,2,268.83,0.88,N,0
53.28997,27.02513,296.14,0.36,0.58,2020-04-17,2324,N20,VIIRS,n,2,268.71,0.88,N,0
52.84552,29.98801,298.81,0.59,0.53,2020-04-18,0104,N20,VIIRS,n,2,271.08,1.44,N,2
52.84601,29.99089,301.85,0.6,0.53,2020-04-18,0104,N20,VIIRS,n,2,270.87,1.73,N,2
52.02571,24.83691,302.99,0.4,0.44,2020-04-18,0105,N20,VIIRS,n,2,268.55,1.06,N,0
53.27221,24.44595,299.29,0.54,0.42,2020-04-18,0105,N20,VIIRS,n,2,270.67,1.31,N,2
52.4678,25.8169,296.46,0.43,0.46,2020-04-18,0105,N20,VIIRS,n,2,269.02,0.51,N,0
51.5677,28.62002,295.81,0.58,0.52,2020-04-18,0105,N20,VIIRS,n,2,270.6,2.82,N,0
51.60225,27.33854,332.77,0.51,0.5,2020-04-18,0105,N20,VIIRS,n,2,288.27,5.77,N,0
51.59803,27.33564,322.29,0.51,0.5,2020-04-18,0105,N20,VIIRS,n,2,281.51,5.77,N,0
51.59989,27.32875,295.03,0.51,0.5,2020-04-18,0105,N20,VIIRS,n,2,270.73,4.43,N,0
51.59686,27.33474,320.79,0.51,0.5,2020-04-18,0105,N20,VIIRS,n,2,280.49,3.28,N,0
51.59868,27.32782,301.9,0.51,0.5,2020-04-18,0105,N20,VIIRS,n,2,271.94,3.28,N,0
52.02438,24.84242,302.45,0.4,0.44,2020-04-18,0105,N20,VIIRS,n,2,269.38,1.06,N,0
51.48523,29.2367,326.13,0.71,0.75,2020-04-18,0913,N20,VIIRS,n,2,279.89,5.82,D,0
51.56775,28.62694,354.62,0.74,0.76,2020-04-18,0913,N20,VIIRS,n,2,281.82,18.67,D,0
51.48685,29.2382,343.01,0.71,0.75,2020-04-18,0913,N20,VIIRS,n,2,280.83,7.18,D,0
52.11779,27.40305,335.46,0.77,0.78,2020-04-18,0914,N20,VIIRS,n,2,286.46,5.83,D,0
52.12153,27.40523,329.87,0.77,0.78,2020-04-18,0914,N20,VIIRS,n,2,284.94,6.09,D,0
51.52168,29.23841,327.72,0.4,0.37,2020-04-18,1053,N20,VIIRS,n,2,288.05,3.16,D,0
51.44072,29.74933,328.36,0.41,0.37,2020-04-18,1053,N20,VIIRS,n,2,286.15,8.29,D,0
51.43998,29.74348,356.4,0.41,0.37,2020-04-18,1053,N20,VIIRS,n,2,293.83,8.29,D,0
51.4426,29.73653,352.54,0.41,0.37,2020-04-18,1053,N20,VIIRS,n,2,301.61,19.86,D,0
51.43419,29.26958,350.32,0.4,0.37,2020-04-18,1053,N20,VIIRS,n,2,289.13,9.84,D,0
51.48681,29.2383,339.31,0.4,0.37,2020-04-18,1053,N20,VIIRS,n,2,284.24,5.88,D,0
51.48606,29.23259,328.59,0.4,0.37,2020-04-18,1053,N20,VIIRS,n,2,284.82,4.47,D,0
51.4909,29.24288,334.81,0.4,0.37,2020-04-18,1053,N20,VIIRS,n,2,284.02,4.3,D,0
51.48939,29.23145,335.37,0.4,0.37,2020-04-18,1053,N20,VIIRS,n,2,287.44,7.38,D,0
51.49424,29.24174,328.95,0.4,0.37,2020-04-18,1053,N20,VIIRS,n,2,284.68,4.3,D,0
51.49348,29.23603,342.19,0.4,0.37,2020-04-18,1053,N20,VIIRS,n,2,285.22,4.3,D,0
51.505,29.24408,328.02,0.4,0.37,2020-04-18,1053,N20,VIIRS,n,2,286.07,3.07,D,0
51.51243,29.24752,345.53,0.4,0.37,2020-04-18,1053,N20,VIIRS,n,2,296.2,16.1,D,0
51.51577,29.24639,354.74,0.4,0.37,2020-04-18,1053,N20,VIIRS,n,2,295.92,16.1,D,0
51.51835,29.23954,327.48,0.4,0.37,2020-04-18,1053,N20,VIIRS,n,2,288.4,3.16,D,0
51.52502,29.23728,325.83,0.4,0.37,2020-04-18,1053,N20,VIIRS,n,2,287.84,2.72,D,0
51.94972,29.44888,333.99,0.41,0.37,2020-04-18,1053,N20,VIIRS,n,2,301.61,51.33,D,0
51.60049,27.32382,332.35,0.38,0.36,2020-04-18,1053,N20,VIIRS,n,2,302.76,5.75,D,0
51.6013,27.32928,343.23,0.38,0.36,2020-04-18,1053,N20,VIIRS,n,2,299.81,5.75,D,0
51.60212,27.33475,351.41,0.38,0.36,2020-04-18,1053,N20,VIIRS,n,2,312.13,7.06,D,0
51.59723,27.32507,342.18,0.38,0.36,2020-04-18,1053,N20,VIIRS,n,2,307.49,5.75,D,0
51.59805,27.33053,339.75,0.38,0.36,2020-04-18,1053,N20,VIIRS,n,2,301.82,5.75,D,0
51.59887,27.336,355.39,0.38,0.36,2020-04-18,1053,N20,VIIRS,n,2,322.07,7.06,D,0
51.59968,27.34146,339.99,0.38,0.36,2020-04-18,1053,N20,VIIRS,n,2,305.47,7.06,D,0
51.59643,27.34271,325.96,0.38,0.36,2020-04-18,1053,N20,VIIRS,l,2,296.54,2.87,D,0
51.56969,28.60855,327.5,0.39,0.36,2020-04-18,1053,N20,VIIRS,n,2,289.5,14.8,D,0
51.57047,28.61417,350.67,0.39,0.36,2020-04-18,1053,N20,VIIRS,n,2,296.06,14.8,D,0
51.57124,28.61978,351.46,0.39,0.36,2020-04-18,1053,N20,VIIRS,n,2,300.43,30.86,D,0
51.57202,28.62539,346.3,0.39,0.36,2020-04-18,1053,N20,VIIRS,n,2,296.41,30.86,D,0
51.56717,28.61534,344.89,0.39,0.36,2020-04-18,1053,N20,VIIRS,n,2,290.08,7.88,D,0
51.56794,28.62095,343.51,0.39,0.36,2020-04-18,1053,N20,VIIRS,n,2,291.19,10.81,D,0
51.56872,28.62657,351.23,0.39,0.36,2020-04-18,1053,N20,VIIRS,n,2,301.88,10.81,D,0
51.56949,28.63218,351.9,0.39,0.36,2020-04-18,1053,N20,VIIRS,n,2,290.94,37.91,D,0
51.56231,28.60529,335.86,0.39,0.36,2020-04-18,1053,N20,VIIRS,n,2,295.83,6.31,D,0
51.56542,28.62774,351.19,0.39,0.36,2020-04-18,1053,N20,VIIRS,n,2,293.73,10.81,D,0
51.56697,28.63897,334.26,0.39,0.36,2020-04-18,1053,N20,VIIRS,n,2,288.52,37.91,D,0
51.54385,28.64714,367,0.39,0.36,2020-04-18,1053,N20,VIIRS,h,2,298.8,9.95,D,0
51.53592,28.61464,340.28,0.39,0.36,2020-04-18,1053,N20,VIIRS,n,2,295.28,3.01,D,0
51.53017,29.22358,331.08,0.4,0.37,2020-04-18,1053,N20,VIIRS,n,2,288.27,2.52,D,0
51.52684,29.2247,346.27,0.4,0.37,2020-04-18,1053,N20,VIIRS,n,2,291.17,7.28,D,0
51.52426,29.23155,336.14,0.4,0.37,2020-04-18,1053,N20,VIIRS,n,2,293.25,7.28,D,0
52.84981,25.94829,299.06,0.64,0.72,2020-04-18,2305,N20,VIIRS,n,2,267.7,2.15,N,0
52.84962,25.9386,311.04,0.64,0.72,2020-04-18,2305,N20,VIIRS,n,2,266.99,2.15,N,0
51.55373,28.64646,305.92,0.57,0.43,2020-04-19,0046,N20,VIIRS,n,2,270.85,1.82,N,0
51.54996,28.6442,297.72,0.57,0.43,2020-04-19,0046,N20,VIIRS,n,2,269.71,1.82,N,0
51.55112,28.64666,319.28,0.57,0.43,2020-04-19,0046,N20,VIIRS,n,2,270.96,2.57,N,0
51.60094,27.33255,301.02,0.51,0.41,2020-04-19,0046,N20,VIIRS,n,2,275.3,1.87,N,0
51.5994,27.33963,311.39,0.52,0.41,2020-04-19,0046,N20,VIIRS,n,2,283.16,1.87,N,0
51.57219,28.60415,330.15,0.57,0.43,2020-04-19,0046,N20,VIIRS,n,2,269.08,4.44,N,0
51.44127,29.76151,300.29,0.42,0.45,2020-04-19,0046,N20,VIIRS,n,2,267.52,1.21,N,0
52.84797,25.95412,324.46,0.44,0.39,2020-04-19,0046,N20,VIIRS,n,2,272.14,7.71,N,0
52.84924,25.9478,351.99,0.44,0.39,2020-04-19,0046,N20,VIIRS,n,2,271.84,7.71,N,0
53.26974,24.44478,309.06,0.41,0.37,2020-04-19,0046,N20,VIIRS,n,2,272.25,0.98,N,2
51.59733,27.3305,299.67,0.51,0.41,2020-04-19,0046,N20,VIIRS,n,2,274.16,1.87,N,0
51.56308,28.64316,295.86,0.57,0.43,2020-04-19,0046,N20,VIIRS,n,2,268.02,1.1,N,0
53.82755,30.30188,346.16,0.76,0.77,2020-04-19,0855,N20,VIIRS,n,2,283.04,9.62,D,0
51.59769,27.32976,337.21,0.44,0.38,2020-04-19,1034,N20,VIIRS,n,2,287.77,5.55,D,0
51.60108,27.32808,340.26,0.44,0.38,2020-04-19,1034,N20,VIIRS,n,2,295.66,5.55,D,0
51.56815,28.65115,332.79,0.41,0.37,2020-04-19,1034,N20,VIIRS,n,2,282.79,6.98,D,0
51.54956,28.64738,340,0.41,0.37,2020-04-19,1034,N20,VIIRS,n,2,287.24,4.26,D,0
51.53453,29.22638,334.2,0.4,0.37,2020-04-19,1034,N20,VIIRS,n,2,279.06,3.87,D,0
51.53126,29.22786,341.35,0.4,0.37,2020-04-19,1034,N20,VIIRS,n,2,285.91,3.87,D,0
51.53225,29.23347,340.75,0.4,0.37,2020-04-19,1034,N20,VIIRS,n,2,289.21,11.56,D,0
51.52798,29.22934,342.32,0.4,0.37,2020-04-19,1034,N20,VIIRS,n,2,289.9,12.45,D,0
51.52995,29.24056,339.4,0.4,0.37,2020-04-19,1034,N20,VIIRS,n,2,284.91,9.55,D,0
51.52896,29.23495,367,0.4,0.37,2020-04-19,1034,N20,VIIRS,h,2,298.54,9.55,D,0
51.52668,29.24204,347.86,0.4,0.37,2020-04-19,1034,N20,VIIRS,n,2,285.06,9.55,D,0
51.44689,29.7371,349.33,0.39,0.37,2020-04-19,1034,N20,VIIRS,n,2,287.87,6.54,D,0
51.44783,29.74263,336.8,0.39,0.37,2020-04-19,1034,N20,VIIRS,n,2,283.8,3.5,D,0
51.44551,29.7496,342.95,0.39,0.37,2020-04-19,1034,N20,VIIRS,n,2,282.56,6.22,D,0
54.64977,29.26015,326.44,0.39,0.36,2020-04-19,1035,N20,VIIRS,n,2,281.7,2.32,D,0
52.00669,27.71351,335.93,0.42,0.38,2020-04-19,1035,N20,VIIRS,n,2,293.48,11.26,D,0
52.01003,27.71186,347.95,0.42,0.38,2020-04-19,1035,N20,VIIRS,n,2,298.13,11.26,D,0
51.99431,23.75683,356.19,0.5,0.66,2020-04-19,1215,N20,VIIRS,n,2,295.61,18.35,D,0
51.99432,23.76427,367,0.5,0.66,2020-04-19,1215,N20,VIIRS,h,2,290.86,18.07,D,0
52.00052,23.75834,356.53,0.5,0.66,2020-04-19,1215,N20,VIIRS,n,2,302.83,11.56,D,0
52.00056,23.76578,346.7,0.5,0.66,2020-04-19,1215,N20,VIIRS,n,2,290.2,11.56,D,0
51.99446,23.76574,356.91,0.5,0.66,2020-04-19,1215,N20,VIIRS,l,2,288.75,11.56,D,0
51.60197,27.33561,337.07,0.71,0.75,2020-04-19,1215,N20,VIIRS,n,2,286.32,10.83,D,0
52.00043,23.76428,350.32,0.5,0.66,2020-04-19,1215,N20,VIIRS,n,2,290.66,13.96,D,0
52.00042,23.75684,367,0.5,0.66,2020-04-19,1215,N20,VIIRS,h,2,301.22,17,D,0
51.59721,27.33022,343.23,0.71,0.75,2020-04-19,1215,N20,VIIRS,n,2,286.01,15.21,D,0
51.99442,23.7583,356.54,0.5,0.66,2020-04-19,1215,N20,VIIRS,n,2,296.42,11.56,D,0
51.60228,27.32502,330.94,0.71,0.75,2020-04-19,1215,N20,VIIRS,n,2,290.21,7.02,D,0
51.89228,29.33474,297.37,0.73,0.76,2020-04-19,2246,N20,VIIRS,n,2,271.52,1,N,2
52.10795,28.74048,298.26,0.41,0.37,2020-04-20,0027,N20,VIIRS,n,2,268.24,0.7,N,0
51.43827,29.77286,305.86,0.44,0.39,2020-04-20,0027,N20,VIIRS,n,2,273.71,1.52,N,0
51.44189,29.75445,295.23,0.44,0.38,2020-04-20,0027,N20,VIIRS,n,2,274.87,1.05,N,0
51.43819,29.77372,305.2,0.44,0.39,2020-04-20,0027,N20,VIIRS,n,2,273.88,1.13,N,0
51.43941,29.76759,297.36,0.44,0.39,2020-04-20,0027,N20,VIIRS,n,2,274.5,1.13,N,0
51.44186,29.75535,295.74,0.44,0.38,2020-04-20,0027,N20,VIIRS,n,2,275.29,1.82,N,0
51.44526,29.75707,306.65,0.44,0.38,2020-04-20,0027,N20,VIIRS,n,2,274.83,1.68,N,0
51.4477,29.74486,310.98,0.44,0.38,2020-04-20,0027,N20,VIIRS,n,2,275.98,1.64,N,0
51.44892,29.73875,311.39,0.44,0.38,2020-04-20,0027,N20,VIIRS,n,2,277.27,1.48,N,0
51.45013,29.73264,309.03,0.44,0.38,2020-04-20,0027,N20,VIIRS,n,2,275.18,1.48,N,0
51.44648,29.75096,322.09,0.44,0.38,2020-04-20,0027,N20,VIIRS,n,2,278.34,1.64,N,0
51.45135,29.72655,327.59,0.44,0.38,2020-04-20,0027,N20,VIIRS,n,2,276.73,2.14,N,0
51.44987,29.75269,304.99,0.44,0.38,2020-04-20,0027,N20,VIIRS,n,2,272.01,1.64,N,0
51.4511,29.74659,305.31,0.44,0.38,2020-04-20,0027,N20,VIIRS,n,2,271.2,1.64,N,0
51.45231,29.74048,311.15,0.44,0.38,2020-04-20,0027,N20,VIIRS,n,2,271.53,1.48,N,0
51.45353,29.73437,306.77,0.44,0.38,2020-04-20,0027,N20,VIIRS,n,2,270.93,1.48,N,0
52.14425,26.35554,342.89,0.39,0.36,2020-04-20,0027,N20,VIIRS,n,2,273.55,4.08,N,0
52.14748,26.35694,307.65,0.39,0.36,2020-04-20,0027,N20,VIIRS,n,2,270.66,0.88,N,0
52.15484,26.35424,322.97,0.39,0.36,2020-04-20,0027,N20,VIIRS,n,2,272.83,3.97,N,0
52.15575,26.34874,325.36,0.39,0.36,2020-04-20,0027,N20,VIIRS,n,2,271.56,3.97,N,0
52.15897,26.35014,324.58,0.39,0.36,2020-04-20,0027,N20,VIIRS,n,2,271.91,3.97,N,0
51.88969,29.33886,295.85,0.43,0.38,2020-04-20,0027,N20,VIIRS,n,2,271.52,0.58,N,2
52.76706,25.44966,300.84,0.38,0.36,2020-04-20,0027,N20,VIIRS,n,2,265.98,0.76,N,0
54.46696,25.95132,304.61,0.39,0.36,2020-04-20,0027,N20,VIIRS,n,2,268.97,0.8,N,0
52.84694,29.98957,322.73,0.43,0.38,2020-04-20,0027,N20,VIIRS,n,2,272.77,2.85,N,2
52.66655,30.20612,302.15,0.44,0.38,2020-04-20,0027,N20,VIIRS,n,2,270.23,1.06,N,0
53.27319,24.44148,305.02,0.39,0.36,2020-04-20,0027,N20,VIIRS,n,2,270.98,0.36,N,2
53.26169,24.44916,302.53,0.39,0.36,2020-04-20,0027,N20,VIIRS,n,2,274.13,0.96,N,2
51.59661,27.33602,304.19,0.4,0.37,2020-04-20,0027,N20,VIIRS,n,2,274.9,0.98,N,0
51.59758,27.33047,301.7,0.39,0.37,2020-04-20,0027,N20,VIIRS,n,2,275.19,1.49,N,0
51.5989,27.34304,307.74,0.4,0.37,2020-04-20,0027,N20,VIIRS,n,2,280.11,1.47,N,0
51.59987,27.33749,316,0.4,0.37,2020-04-20,0027,N20,VIIRS,n,2,283.17,1.47,N,0
51.60084,27.33194,312.37,0.39,0.37,2020-04-20,0027,N20,VIIRS,n,2,275.06,1.91,N,0
51.60182,27.32639,311.35,0.39,0.37,2020-04-20,0027,N20,VIIRS,n,2,272.5,1.91,N,0
51.60312,27.33896,302.76,0.4,0.37,2020-04-20,0027,N20,VIIRS,n,2,275.63,1.47,N,0
51.55185,28.64944,310.64,0.42,0.37,2020-04-20,0027,N20,VIIRS,n,2,275.66,2.58,N,0
51.55517,28.65104,300.01,0.42,0.37,2020-04-20,0027,N20,VIIRS,n,2,274.22,1.42,N,0
51.55849,28.65264,301.96,0.42,0.37,2020-04-20,0027,N20,VIIRS,n,2,275.21,1.42,N,0
51.56181,28.65424,295.48,0.42,0.37,2020-04-20,0027,N20,VIIRS,n,2,273.57,1.17,N,0
51.46753,29.22413,320.54,0.43,0.38,2020-04-20,0027,N20,VIIRS,n,2,277.76,2.64,N,0
51.4776,29.22914,306.77,0.43,0.38,2020-04-20,0027,N20,VIIRS,n,2,271.98,1.04,N,0
51.48095,29.2308,295.03,0.43,0.38,2020-04-20,0027,N20,VIIRS,n,2,272.45,1.72,N,0
51.51788,29.24908,297.2,0.43,0.38,2020-04-20,0027,N20,VIIRS,n,2,274.71,1.62,N,0
51.52123,29.25076,297.61,0.43,0.38,2020-04-20,0027,N20,VIIRS,n,2,273.91,1.09,N,0
51.52237,29.2448,304.16,0.43,0.38,2020-04-20,0027,N20,VIIRS,n,2,275.23,1.09,N,0
51.52801,29.23458,295.68,0.43,0.38,2020-04-20,0027,N20,VIIRS,n,2,273.89,1.22,N,0
51.52915,29.22862,296.57,0.43,0.38,2020-04-20,0027,N20,VIIRS,n,2,273.35,1.23,N,0
52.84665,29.99047,327.48,0.39,0.36,2020-04-21,0008,N20,VIIRS,n,2,275.79,6.7,N,2
53.39486,32.01322,302.32,0.39,0.36,2020-04-21,0008,N20,VIIRS,n,2,275.34,0.92,N,2
51.44639,29.74994,296.1,0.38,0.36,2020-04-21,0008,N20,VIIRS,n,2,275.74,1.64,N,0
51.89068,29.33687,295.28,0.39,0.36,2020-04-21,0008,N20,VIIRS,n,2,272.29,0.67,N,2
51.60173,27.33734,302.94,0.41,0.37,2020-04-21,0009,N20,VIIRS,n,2,278.65,1.34,N,0
52.11699,23.77014,295.89,0.52,0.41,2020-04-21,0009,N20,VIIRS,n,2,272.35,0.41,N,0
51.59837,27.33619,296.82,0.41,0.37,2020-04-21,0009,N20,VIIRS,n,2,275.97,1.1,N,0
52.00976,23.89092,339.45,0.4,0.44,2020-04-21,1138,N20,VIIRS,n,2,294.05,10.5,D,0
54.72666,30.10943,304.28,0.44,0.62,2020-04-22,0129,N20,VIIRS,n,2,270.32,1.26,N,0
52.84601,29.9893,332.7,0.35,0.56,2020-04-22,0938,N20,VIIRS,n,2,296.62,3.41,D,2
52.39331,31.02255,337.33,0.33,0.55,2020-04-22,0938,N20,VIIRS,n,2,288.41,2.94,D,0
51.8583,26.17393,355.43,0.52,0.67,2020-04-22,0938,N20,VIIRS,n,2,290.24,14.09,D,0
51.86064,26.18056,356.4,0.52,0.67,2020-04-22,0938,N20,VIIRS,l,2,282.47,16.33,D,0
53.30293,30.68172,338.9,0.63,0.54,2020-04-22,0938,N20,VIIRS,n,2,290.32,6.16,D,0
51.88946,29.34314,332.81,0.39,0.6,2020-04-22,0938,N20,VIIRS,n,2,292.47,2.26,D,2
52.11609,28.18063,355.18,0.43,0.62,2020-04-22,0938,N20,VIIRS,n,2,292.83,6.1,D,0
53.41168,32.2117,345.37,0.55,0.51,2020-04-22,0938,N20,VIIRS,n,2,290.36,9.79,D,0
52.08933,27.85127,330.29,0.44,0.62,2020-04-22,0938,N20,VIIRS,n,2,290.4,2.05,D,0
53.23109,31.54764,328.81,0.59,0.53,2020-04-22,0938,N20,VIIRS,n,2,290.35,4.68,D,0
53.22882,31.53964,343.98,0.59,0.53,2020-04-22,0938,N20,VIIRS,n,2,293.09,8.55,D,0
52.09443,27.84683,332.5,0.44,0.62,2020-04-22,0938,N20,VIIRS,n,2,291.83,3.35,D,0
52.00724,27.38492,329.25,0.46,0.64,2020-04-22,0938,N20,VIIRS,n,2,289.38,4.47,D,0
54.5926,31.07505,332.3,0.55,0.51,2020-04-22,0939,N20,VIIRS,n,2,290.16,4.04,D,0
53.31909,29.5057,336.38,0.35,0.56,2020-04-22,0939,N20,VIIRS,n,2,293.16,2.71,D,0
53.79189,30.81757,326.82,0.6,0.53,2020-04-22,0939,N20,VIIRS,n,2,289.44,2.45,D,0
53.7954,30.81652,330.83,0.6,0.53,2020-04-22,0939,N20,VIIRS,n,2,289.46,4.84,D,0
53.81176,28.59707,328.57,0.36,0.57,2020-04-22,0939,N20,VIIRS,n,2,288.58,2.03,D,0
54.8222,29.65461,330.97,0.61,0.53,2020-04-22,0939,N20,VIIRS,n,2,288.68,5.22,D,0
51.85903,26.17173,346.25,0.49,0.4,2020-04-22,1119,N20,VIIRS,n,2,301.75,22.24,D,0
52.09101,27.85684,333.38,0.56,0.43,2020-04-22,1119,N20,VIIRS,n,2,294.46,8.99,D,0
52.00413,27.38516,345.14,0.54,0.42,2020-04-22,1119,N20,VIIRS,n,2,303.78,41.75,D,0
52.23037,30.54751,348.1,0.48,0.48,2020-04-22,1119,N20,VIIRS,n,2,291.25,16.71,D,0
51.85975,26.1788,334.86,0.49,0.4,2020-04-22,1119,N20,VIIRS,n,2,299.09,22.24,D,0
51.86047,26.18587,346.38,0.49,0.4,2020-04-22,1119,N20,VIIRS,n,2,299.55,29.54,D,0
51.85679,26.18684,336.44,0.49,0.4,2020-04-22,1119,N20,VIIRS,n,2,294.44,4.03,D,0
54.37087,31.20057,338.08,0.53,0.5,2020-04-22,1119,N20,VIIRS,n,2,290.54,2.96,D,0
54.77393,27.56758,340.78,0.39,0.44,2020-04-22,1119,N20,VIIRS,n,2,297.71,5.91,D,0
53.79471,30.82484,328.83,0.51,0.49,2020-04-22,1119,N20,VIIRS,n,2,291.5,2.52,D,0
55.33231,29.97287,338.91,0.49,0.48,2020-04-22,1119,N20,VIIRS,n,2,291.42,11.17,D,0
55.32551,30.0847,327.25,0.49,0.49,2020-04-22,1119,N20,VIIRS,n,2,289.77,3.53,D,0
55.15392,28.94484,338.96,0.44,0.46,2020-04-22,1119,N20,VIIRS,n,2,290.66,7.91,D,0
55.19352,29.52933,325.36,0.47,0.48,2020-04-22,1119,N20,VIIRS,n,2,292.98,2.69,D,0
55.14963,28.94573,338.51,0.44,0.46,2020-04-22,1119,N20,VIIRS,n,2,289.21,7.91,D,0
55.05773,29.55021,348.73,0.47,0.48,2020-04-22,1119,N20,VIIRS,n,2,292.4,6.36,D,0
54.77344,27.56151,325.63,0.39,0.44,2020-04-22,1119,N20,VIIRS,n,2,291.61,5.91,D,0
52.08706,27.85774,331.19,0.56,0.43,2020-04-22,1119,N20,VIIRS,n,2,295.72,13.49,D,0
52.11543,28.17854,348.76,0.38,0.44,2020-04-22,1119,N20,VIIRS,n,2,290.17,6.03,D,0
52.11143,28.17944,342.29,0.38,0.44,2020-04-22,1119,N20,VIIRS,n,2,291.8,6.03,D,0
52.23039,29.48433,335.86,0.43,0.46,2020-04-22,1119,N20,VIIRS,n,2,293.36,2.65,D,0
52.08633,27.84953,344.02,0.56,0.43,2020-04-22,1119,N20,VIIRS,n,2,296.92,11.99,D,0
52.09282,27.84916,334.78,0.56,0.43,2020-04-22,1119,N20,VIIRS,n,2,302.54,4.94,D,0
52.4512,28.16077,340.72,0.39,0.44,2020-04-22,1119,N20,VIIRS,n,2,298.28,4.22,D,0
52.45152,28.15835,346.95,0.39,0.44,2020-04-22,1119,N20,VIIRS,n,2,300.01,7.05,D,0
52.42248,27.58043,331.5,0.55,0.43,2020-04-22,1119,N20,VIIRS,n,2,294.97,4.53,D,0
52.42712,27.58766,330.11,0.55,0.43,2020-04-22,1119,N20,VIIRS,n,2,292.36,4.53,D,0
52.35392,24.96445,332.03,0.45,0.39,2020-04-22,1119,N20,VIIRS,n,2,297.74,2.81,D,0
52.84382,29.98938,325.22,0.46,0.47,2020-04-22,1119,N20,VIIRS,n,2,297.31,1.92,D,2
52.718,27.96075,335.11,0.38,0.43,2020-04-22,1119,N20,VIIRS,n,2,293.46,3.73,D,0
53.41367,32.215,337.35,0.58,0.52,2020-04-22,1119,N20,VIIRS,n,2,294.21,3.84,D,0
53.51545,31.94073,340.32,0.56,0.52,2020-04-22,1119,N20,VIIRS,n,2,290,5.02,D,0
53.51502,31.93214,333.69,0.56,0.52,2020-04-22,1119,N20,VIIRS,n,2,289.43,5.02,D,0
53.15604,25.3807,328.85,0.48,0.4,2020-04-22,1119,N20,VIIRS,n,2,290.07,2.34,D,0
55.96256,28.00008,326.16,0.42,0.45,2020-04-22,1120,N20,VIIRS,n,2,291.78,2.83,D,0
55.95909,27.99872,338.31,0.42,0.45,2020-04-22,1120,N20,VIIRS,n,2,291.96,4.05,D,0
52.84653,29.98736,307.08,0.47,0.48,2020-04-22,2330,N20,VIIRS,n,2,273.23,1.28,N,2
53.26955,24.44104,299.94,0.4,0.6,2020-04-22,2330,N20,VIIRS,n,2,270.54,1.08,N,2
53.39667,32.01315,295.38,0.39,0.44,2020-04-22,2330,N20,VIIRS,n,2,272.74,0.75,N,2
53.09937,32.12762,335.82,0.39,0.44,2020-04-22,2330,N20,VIIRS,n,2,269.96,3.77,N,0
53.41356,32.20432,295.47,0.39,0.44,2020-04-22,2330,N20,VIIRS,n,2,266.63,0.58,N,0
53.1069,32.13539,303.73,0.39,0.44,2020-04-22,2330,N20,VIIRS,n,2,268.49,0.95,N,0
54.16544,31.45751,311.59,0.42,0.45,2020-04-22,2330,N20,VIIRS,n,2,265.96,1.73,N,0
52.0814,27.84444,336.11,0.56,0.52,2020-04-22,2331,N20,VIIRS,n,2,275.18,4.08,N,0
51.89408,29.33867,295.4,0.49,0.48,2020-04-22,2331,N20,VIIRS,n,2,275.01,1.45,N,2
52.07001,27.87633,297.2,0.56,0.52,2020-04-22,2331,N20,VIIRS,n,2,271.1,1.17,N,0
52.07478,27.87702,337.98,0.56,0.52,2020-04-22,2331,N20,VIIRS,n,2,273.01,5.71,N,0
52.07955,27.87772,309.9,0.56,0.52,2020-04-22,2331,N20,VIIRS,n,2,269.34,5.71,N,0
52.08001,27.86941,339.32,0.56,0.52,2020-04-22,2331,N20,VIIRS,n,2,273.8,5.71,N,0
52.08478,27.87011,297.54,0.56,0.52,2020-04-22,2331,N20,VIIRS,n,2,268,0.89,N,0
52.07478,27.87588,339.48,0.56,0.52,2020-04-22,2331,N20,VIIRS,n,2,272.58,5.08,N,0
52.07955,27.87659,324.74,0.56,0.52,2020-04-22,2331,N20,VIIRS,n,2,270.4,5.08,N,0
52.07998,27.86826,331.75,0.56,0.52,2020-04-22,2331,N20,VIIRS,n,2,272.55,6.8,N,0
52.08125,27.84326,332.56,0.56,0.52,2020-04-22,2331,N20,VIIRS,n,2,273.76,5.8,N,0
54.16773,31.45554,312.91,0.35,0.57,2020-04-23,0110,N20,VIIRS,n,2,265.44,0.86,N,0
52.08315,27.87516,297.77,0.6,0.53,2020-04-23,0111,N20,VIIRS,n,2,265.19,1.01,N,0
52.07291,27.87948,316.49,0.6,0.53,2020-04-23,0111,N20,VIIRS,n,2,268.24,2.81,N,0
52.08204,27.84733,319.94,0.6,0.53,2020-04-23,0111,N20,VIIRS,n,2,269.07,3.72,N,0
52.08194,27.86676,297.22,0.6,0.53,2020-04-23,0111,N20,VIIRS,n,2,266.47,3.36,N,0
52.07966,27.87481,323.72,0.6,0.53,2020-04-23,0111,N20,VIIRS,n,2,269.2,3.36,N,0
53.26222,24.44986,296.14,0.41,0.45,2020-04-23,0111,N20,VIIRS,n,2,276.69,0.59,N,2
53.27276,24.44355,303.59,0.41,0.45,2020-04-23,0111,N20,VIIRS,n,2,273.98,0.94,N,2
51.91151,29.49777,299.5,0.35,0.57,2020-04-23,0111,N20,VIIRS,n,2,273.93,0.27,N,0
52.84887,29.9938,304.77,0.34,0.56,2020-04-23,0111,N20,VIIRS,n,2,273.25,1.62,N,2
53.15945,32.25329,325.39,0.42,0.61,2020-04-23,0920,N20,VIIRS,n,2,289.01,2.77,D,0
51.74819,29.11313,350.16,0.61,0.71,2020-04-23,0920,N20,VIIRS,n,2,297.07,9.39,D,0
51.74765,29.1121,336.26,0.61,0.71,2020-04-23,0920,N20,VIIRS,n,2,295.07,5.95,D,0
51.75054,29.11985,335.26,0.61,0.71,2020-04-23,0920,N20,VIIRS,n,2,291.44,5.95,D,0
54.13034,29.88708,333.6,0.47,0.64,2020-04-23,0920,N20,VIIRS,n,2,290.32,3.22,D,0
54.12525,29.8922,335.32,0.47,0.64,2020-04-23,0920,N20,VIIRS,n,2,289.4,3.22,D,0
54.21572,31.34072,330.7,0.41,0.61,2020-04-23,0920,N20,VIIRS,n,2,289.21,2.51,D,0
54.01536,31.56994,338.71,0.41,0.61,2020-04-23,0920,N20,VIIRS,n,2,289.79,4.89,D,0
52.0815,27.85213,336.04,0.66,0.73,2020-04-23,0920,N20,VIIRS,n,2,286.41,4.79,D,0
52.07829,27.84389,331.39,0.66,0.73,2020-04-23,0920,N20,VIIRS,n,2,283.18,4.79,D,0
52.08216,27.87444,337.26,0.66,0.73,2020-04-23,0920,N20,VIIRS,n,2,291.18,8.94,D,0
55.14841,30.47867,330.7,0.41,0.6,2020-04-23,0920,N20,VIIRS,n,2,288.69,2.85,D,0
54.67638,29.44332,329.93,0.46,0.63,2020-04-23,0920,N20,VIIRS,n,2,288.74,2.61,D,0
54.44888,30.33078,325.92,0.44,0.62,2020-04-23,0920,N20,VIIRS,n,2,290.98,2.02,D,0
52.3752,25.18848,329.72,0.79,0.78,2020-04-23,0920,N20,VIIRS,n,2,286.37,7.01,D,0
54.12849,29.88213,340.99,0.47,0.64,2020-04-23,0920,N20,VIIRS,n,2,290.34,8.97,D,0
54.13062,29.88817,328.31,0.47,0.64,2020-04-23,0920,N20,VIIRS,n,2,289.57,3.69,D,0
54.12552,29.89325,327.99,0.47,0.64,2020-04-23,0920,N20,VIIRS,n,2,288.38,3.69,D,0
54.12823,29.88102,339.75,0.47,0.64,2020-04-23,0920,N20,VIIRS,n,2,290.71,3.22,D,0
52.07642,27.88028,348.78,0.66,0.73,2020-04-23,0920,N20,VIIRS,n,2,304.57,65.18,D,0
52.07962,27.88849,367,0.66,0.73,2020-04-23,0920,N20,VIIRS,h,2,293.4,59.86,D,0
52.07388,27.89431,356.47,0.66,0.73,2020-04-23,0920,N20,VIIRS,l,2,289.16,59.86,D,0
52.07068,27.88608,344.03,0.66,0.73,2020-04-23,0920,N20,VIIRS,n,2,300.02,65.18,D,0
52.06495,27.89193,350.1,0.66,0.73,2020-04-23,0920,N20,VIIRS,n,2,287.13,11.41,D,0
52.06814,27.90013,334.97,0.66,0.73,2020-04-23,0920,N20,VIIRS,n,2,283.74,4.98,D,0
52.06989,27.89586,348.75,0.66,0.73,2020-04-23,0920,N20,VIIRS,n,2,284.98,9.22,D,0
52.06673,27.88763,367,0.66,0.73,2020-04-23,0920,N20,VIIRS,h,2,290.49,9.22,D,0
52.38045,25.18777,340.21,0.38,0.36,2020-04-23,1100,N20,VIIRS,n,2,308.69,15.05,D,0
52.38129,25.19331,367,0.38,0.36,2020-04-23,1100,N20,VIIRS,h,2,310.43,15.05,D,0
52.37637,25.18353,339.28,0.38,0.36,2020-04-23,1100,N20,VIIRS,n,2,302.05,4.49,D,0
52.07407,27.91243,349.45,0.41,0.37,2020-04-23,1100,N20,VIIRS,n,2,313.44,20.89,D,0
52.07255,27.9006,346.2,0.41,0.37,2020-04-23,1100,N20,VIIRS,n,2,307.42,4.81,D,0
52.07179,27.89469,352.66,0.41,0.37,2020-04-23,1100,N20,VIIRS,n,2,298.98,4.81,D,0
52.07103,27.88878,340.11,0.41,0.37,2020-04-23,1100,N20,VIIRS,n,2,302.67,15.73,D,0
52.07027,27.88287,339.2,0.41,0.37,2020-04-23,1100,N20,VIIRS,n,2,300.03,15.73,D,0
52.07668,27.90538,350.15,0.41,0.37,2020-04-23,1100,N20,VIIRS,n,2,308.19,20.89,D,0
52.07592,27.89946,341.41,0.41,0.37,2020-04-23,1100,N20,VIIRS,n,2,305.56,4.81,D,0
52.07516,27.89355,339.38,0.41,0.37,2020-04-23,1100,N20,VIIRS,n,2,303.99,4.81,D,0
52.0744,27.88765,338.75,0.41,0.37,2020-04-23,1100,N20,VIIRS,n,2,302.54,15.73,D,0
52.08005,27.90424,349.1,0.41,0.37,2020-04-23,1100,N20,VIIRS,n,2,313.15,35.41,D,0
52.07929,27.89833,355.29,0.41,0.37,2020-04-23,1100,N20,VIIRS,n,2,305,19.1,D,0
52.07853,27.89242,338.53,0.41,0.37,2020-04-23,1100,N20,VIIRS,n,2,303.97,19.1,D,0
52.07701,27.8806,341.23,0.41,0.37,2020-04-23,1100,N20,VIIRS,n,2,307.17,5.1,D,0
52.07624,27.87469,344.03,0.41,0.37,2020-04-23,1100,N20,VIIRS,l,2,314.04,20.41,D,0
52.08342,27.9031,367,0.41,0.37,2020-04-23,1100,N20,VIIRS,h,2,298.19,35.41,D,0
52.08266,27.89719,344.03,0.41,0.37,2020-04-23,1100,N20,VIIRS,n,2,315.63,19.1,D,0
52.08189,27.89128,352.6,0.41,0.37,2020-04-23,1100,N20,VIIRS,n,2,308.51,19.1,D,0
52.08113,27.88537,329.51,0.41,0.37,2020-04-23,1100,N20,VIIRS,l,2,302.69,5.1,D,0
52.08037,27.87946,329.4,0.41,0.37,2020-04-23,1100,N20,VIIRS,l,2,301.2,5.1,D,0
52.07961,27.87356,342.47,0.41,0.37,2020-04-23,1100,N20,VIIRS,n,2,309.07,20.41,D,0
52.08755,27.90788,328.93,0.41,0.37,2020-04-23,1100,N20,VIIRS,n,2,284,1.53,D,0
52.08526,27.89014,353.09,0.41,0.37,2020-04-23,1100,N20,VIIRS,n,2,296.63,12.42,D,0
52.08374,27.87833,352.08,0.41,0.37,2020-04-23,1100,N20,VIIRS,n,2,307.54,94.84,D,0
52.08298,27.87242,347.38,0.41,0.37,2020-04-23,1100,N20,VIIRS,n,2,306.45,11.37,D,0
52.07916,27.84292,345.17,0.41,0.37,2020-04-23,1100,N20,VIIRS,n,2,298.47,12.96,D,0
52.09909,27.37675,334.04,0.4,0.37,2020-04-23,1100,N20,VIIRS,n,2,300.28,2.02,D,0
52.08252,27.84178,339.5,0.41,0.37,2020-04-23,1100,N20,VIIRS,n,2,292.01,12.96,D,0
54.92334,28.90812,331.3,0.46,0.39,2020-04-23,1100,N20,VIIRS,n,2,296.91,3.59,D,0
54.76164,29.88441,325.34,0.49,0.4,2020-04-23,1100,N20,VIIRS,n,2,288.94,2.66,D,0
54.67562,29.44335,335.49,0.47,0.4,2020-04-23,1100,N20,VIIRS,n,2,295.15,4.25,D,0
54.63351,29.32904,338.42,0.47,0.4,2020-04-23,1100,N20,VIIRS,n,2,296.48,5.59,D,0
54.63428,29.33622,328.15,0.47,0.4,2020-04-23,1100,N20,VIIRS,n,2,295.49,4.43,D,0
54.13076,29.891,341.89,0.48,0.4,2020-04-23,1100,N20,VIIRS,n,2,288.76,7.93,D,0
53.57315,32.33687,343.61,0.57,0.43,2020-04-23,1100,N20,VIIRS,n,2,291.69,6.95,D,0
53.57175,32.33801,337.92,0.57,0.43,2020-04-23,1100,N20,VIIRS,n,2,290,4.76,D,0
53.5579,32.41188,335.42,0.57,0.43,2020-04-23,1100,N20,VIIRS,n,2,296.34,7.65,D,0
52.89359,27.64984,336.53,0.41,0.37,2020-04-23,1100,N20,VIIRS,n,2,288.66,4.24,D,0
52.3772,25.18907,342.73,0.38,0.36,2020-04-23,1100,N20,VIIRS,n,2,305.33,15.05,D,0
52.37804,25.19462,355.95,0.38,0.36,2020-04-23,1100,N20,VIIRS,n,2,309.17,15.05,D,0
52.37888,25.20016,367,0.38,0.36,2020-04-23,1100,N20,VIIRS,h,2,335.6,99.55,D,0
52.37312,25.18484,330.18,0.38,0.36,2020-04-23,1100,N20,VIIRS,n,2,303.01,2.97,D,0
52.37396,25.19038,342.06,0.38,0.36,2020-04-23,1100,N20,VIIRS,n,2,305.69,6.04,D,0
52.37479,25.19593,336.33,0.38,0.36,2020-04-23,1100,N20,VIIRS,n,2,300.09,6.04,D,0
52.71868,27.9597,336.2,0.41,0.37,2020-04-23,1100,N20,VIIRS,n,2,294.46,8.3,D,0
52.07699,24.82343,336.22,0.38,0.36,2020-04-23,1100,N20,VIIRS,n,2,296.86,5.5,D,0
52.47309,27.60271,334.21,0.41,0.37,2020-04-23,1100,N20,VIIRS,n,2,298.74,3.49,D,0
52.00654,24.41972,334.31,0.39,0.36,2020-04-23,1100,N20,VIIRS,n,2,302.85,2.51,D,0
52.25945,27.07449,332.28,0.4,0.37,2020-04-23,1100,N20,VIIRS,n,2,289.45,4.13,D,0
52.25612,27.07569,342.44,0.4,0.37,2020-04-23,1100,N20,VIIRS,n,2,292.03,4.13,D,0
51.80088,30.1966,333.63,0.46,0.39,2020-04-23,1100,N20,VIIRS,n,2,294.46,2.59,D,0
51.8913,29.34172,330.33,0.44,0.38,2020-04-23,1100,N20,VIIRS,l,2,302.23,3.6,D,2
52.06396,27.91583,328.48,0.41,0.37,2020-04-23,1100,N20,VIIRS,n,2,287.48,1.76,D,0
52.06809,27.92061,330.47,0.41,0.37,2020-04-23,1100,N20,VIIRS,n,2,284.27,3.06,D,0
52.06733,27.9147,346.12,0.41,0.37,2020-04-23,1100,N20,VIIRS,n,2,295.06,21.61,D,0
52.06657,27.90878,356.42,0.41,0.37,2020-04-23,1100,N20,VIIRS,n,2,307.96,21.61,D,0
52.06842,27.89583,367,0.41,0.37,2020-04-23,1100,N20,VIIRS,h,2,304.59,60.61,D,0
52.07146,27.91948,330.32,0.41,0.37,2020-04-23,1100,N20,VIIRS,n,2,286.52,3.06,D,0
52.0707,27.91356,351.77,0.41,0.37,2020-04-23,1100,N20,VIIRS,n,2,315.55,21.61,D,0
52.06994,27.90765,347.94,0.41,0.37,2020-04-23,1100,N20,VIIRS,n,2,309.58,21.61,D,0
52.06918,27.90174,343.72,0.41,0.37,2020-04-23,1100,N20,VIIRS,n,2,306.59,60.61,D,0
52.06766,27.88992,347.26,0.41,0.37,2020-04-23,1100,N20,VIIRS,n,2,305.79,10.24,D,0
52.07331,27.90651,352.33,0.41,0.37,2020-04-23,1100,N20,VIIRS,n,2,307.69,20.89,D,0
52.84622,29.9914,316.45,0.37,0.58,2020-04-23,2311,N20,VIIRS,n,2,278.08,1.86,N,2
54.8006,30.16191,307.24,0.37,0.58,2020-04-23,2311,N20,VIIRS,n,2,272.25,1.31,N,0
53.27025,24.43796,299.33,0.63,0.72,2020-04-23,2311,N20,VIIRS,n,2,276.67,1.01,N,2
53.27473,24.44291,300.26,0.63,0.72,2020-04-23,2311,N20,VIIRS,n,2,275.82,0.95,N,2
52.36233,25.26199,311.08,0.58,0.7,2020-04-23,2312,N20,VIIRS,n,2,275.37,5.55,N,0
52.36246,25.27954,306.03,0.58,0.7,2020-04-23,2312,N20,VIIRS,n,2,277.86,5.02,N,0
52.09219,27.9088,327.83,0.45,0.63,2020-04-23,2312,N20,VIIRS,n,2,273.93,1.9,N,0
52.09211,27.91551,304.36,0.45,0.63,2020-04-23,2312,N20,VIIRS,n,2,273.04,1.9,N,0
52.08728,27.83466,312.27,0.45,0.63,2020-04-23,2312,N20,VIIRS,n,2,272.13,1.32,N,0
52.08141,27.83441,297.54,0.45,0.63,2020-04-23,2312,N20,VIIRS,n,2,274.23,1.32,N,0
52.06304,27.90076,310.87,0.45,0.63,2020-04-23,2312,N20,VIIRS,n,2,274.03,2.26,N,0
51.89403,29.33982,299.41,0.39,0.59,2020-04-23,2312,N20,VIIRS,n,2,277.86,1.14,N,2
52.06296,27.90747,306.96,0.45,0.63,2020-04-23,2312,N20,VIIRS,n,2,275.69,2.6,N,0
52.36188,25.26527,334.29,0.58,0.7,2020-04-23,2312,N20,VIIRS,n,2,276.19,5.48,N,0
52.36198,25.27405,339.72,0.58,0.7,2020-04-23,2312,N20,VIIRS,n,2,279.02,5.48,N,0
52.36239,25.27074,343.84,0.58,0.7,2020-04-23,2312,N20,VIIRS,n,2,278.43,5.55,N,0
52.09048,27.91099,314.52,0.4,0.44,2020-04-24,0052,N20,VIIRS,n,2,274.37,2.48,N,0
52.35886,25.28217,327.07,0.48,0.4,2020-04-24,0052,N20,VIIRS,n,2,291.33,37.68,N,0
52.37036,25.19098,296.67,0.48,0.4,2020-04-24,0052,N20,VIIRS,n,2,274.13,1.45,N,0
52.08658,27.83255,301.43,0.4,0.44,2020-04-24,0052,N20,VIIRS,n,2,272.76,0.86,N,0
52.0853,27.838,298.99,0.4,0.44,2020-04-24,0052,N20,VIIRS,n,2,274.31,1.04,N,0
52.06479,27.90657,338.8,0.4,0.44,2020-04-24,0052,N20,VIIRS,n,2,278.39,2.8,N,0
52.06607,27.9011,295.14,0.4,0.44,2020-04-24,0052,N20,VIIRS,n,2,273.91,2.8,N,0
52.0635,27.91204,296.81,0.4,0.44,2020-04-24,0052,N20,VIIRS,n,2,276.04,0.93,N,0
52.36237,25.28415,295.35,0.48,0.4,2020-04-24,0052,N20,VIIRS,n,2,277.2,1.02,N,0
52.36172,25.26873,349.56,0.48,0.4,2020-04-24,0052,N20,VIIRS,n,2,283.18,27.29,N,0
52.36029,25.27545,353.23,0.48,0.4,2020-04-24,0052,N20,VIIRS,n,2,284.84,37.68,N,0
53.26081,24.44975,298.71,0.44,0.38,2020-04-24,0052,N20,VIIRS,n,2,279.69,0.83,N,2
52.08709,27.83377,311.13,0.39,0.44,2020-04-24,0052,N20,VIIRS,n,2,273.11,1.25,N,0
52.84812,29.99232,312.44,0.45,0.47,2020-04-24,0052,N20,VIIRS,n,2,273.97,2.08,N,2
53.01717,29.14747,336.19,0.42,0.45,2020-04-24,0052,N20,VIIRS,n,2,275.72,5.29,N,0
53.01329,29.1449,299.81,0.42,0.45,2020-04-24,0052,N20,VIIRS,n,2,272.76,0.67,N,0
53.1744,25.98841,317.13,0.49,0.4,2020-04-24,0052,N20,VIIRS,n,2,273.37,2.65,N,0
53.27008,24.44084,307.08,0.44,0.38,2020-04-24,0052,N20,VIIRS,n,2,277.07,1.1,N,2
53.36623,31.15828,367,0.66,0.73,2020-04-24,0901,N20,VIIRS,h,2,290.89,15.8,D,0
51.44597,30.45051,330.05,0.38,0.36,2020-04-24,1040,N20,VIIRS,l,2,303.99,3.62,D,0
53.34506,32.04386,330.88,0.41,0.37,2020-04-24,1041,N20,VIIRS,n,2,296.42,1.76,D,0
53.29336,31.43573,336.1,0.4,0.37,2020-04-24,1041,N20,VIIRS,n,2,294.19,2.95,D,0
52.77831,27.71607,328.05,0.39,0.36,2020-04-24,1041,N20,VIIRS,n,2,281.87,1.86,D,0
53.05894,29.37285,331.36,0.38,0.36,2020-04-24,1041,N20,VIIRS,n,2,290.6,3.33,D,0
53.64308,32.28735,329.99,0.41,0.37,2020-04-24,1041,N20,VIIRS,n,2,296.22,2.33,D,0
53.37452,27.88373,331.38,0.39,0.36,2020-04-24,1041,N20,VIIRS,n,2,290.73,6.37,D,0
53.37358,27.87805,350.71,0.39,0.36,2020-04-24,1041,N20,VIIRS,n,2,292.2,6.37,D,0
53.37775,27.88224,326.61,0.39,0.36,2020-04-24,1041,N20,VIIRS,n,2,287.21,6.37,D,0
53.37682,27.87655,356.42,0.39,0.36,2020-04-24,1041,N20,VIIRS,n,2,290.46,6.37,D,0
53.37588,27.87087,329.73,0.39,0.36,2020-04-24,1041,N20,VIIRS,n,2,287.79,3.06,D,0
53.62631,28.7422,328.1,0.38,0.36,2020-04-24,1041,N20,VIIRS,n,2,283.35,2.65,D,0
52.68595,30.18359,342.28,0.39,0.36,2020-04-24,1041,N20,VIIRS,n,2,306.43,13.55,D,0
52.68678,30.18921,349.8,0.39,0.36,2020-04-24,1041,N20,VIIRS,n,2,304.45,10.09,D,0
52.65862,30.72614,341.08,0.39,0.36,2020-04-24,1041,N20,VIIRS,n,2,292.44,4.78,D,0
52.58286,30.74596,328.46,0.39,0.36,2020-04-24,1041,N20,VIIRS,n,2,292.61,27.82,D,0
52.0602,30.01633,342.98,0.38,0.36,2020-04-24,1041,N20,VIIRS,n,2,288,4.31,D,0
52.08953,30.30265,331.25,0.38,0.36,2020-04-24,1041,N20,VIIRS,n,2,288.74,2.43,D,0
51.48774,30.47781,343.65,0.38,0.36,2020-04-24,1041,N20,VIIRS,n,2,305.44,60.26,D,0
51.48285,30.46816,334.74,0.38,0.36,2020-04-24,1041,N20,VIIRS,l,2,308.53,3.3,D,0
51.48367,30.47361,335.49,0.38,0.36,2020-04-24,1041,N20,VIIRS,l,2,307.74,3.3,D,0
51.48286,30.49121,367,0.38,0.36,2020-04-24,1041,N20,VIIRS,l,2,325.66,38.87,D,0
51.47879,30.46396,332.87,0.38,0.36,2020-04-24,1041,N20,VIIRS,l,2,307.82,4.16,D,0
51.48042,30.47486,344.26,0.38,0.36,2020-04-24,1041,N20,VIIRS,n,2,306.73,3.3,D,0
51.48123,30.48031,334.95,0.38,0.36,2020-04-24,1041,N20,VIIRS,l,2,306.3,5.35,D,0
51.48205,30.48576,340.42,0.38,0.36,2020-04-24,1041,N20,VIIRS,n,2,307.17,5.35,D,0
54.04469,29.17931,344.13,0.38,0.36,2020-04-24,1041,N20,VIIRS,n,2,294.62,4.76,D,0
54.79178,30.16092,332.22,0.39,0.36,2020-04-24,1041,N20,VIIRS,n,2,293.43,3.38,D,0
52.84604,29.99059,325.83,0.39,0.36,2020-04-24,1041,N20,VIIRS,n,2,285.96,1.53,D,2
52.61334,29.6089,327.44,0.38,0.36,2020-04-24,1041,N20,VIIRS,n,2,289.58,1.5,D,0
52.69162,30.17538,327.33,0.39,0.36,2020-04-24,1041,N20,VIIRS,n,2,294.45,2.75,D,0
52.69246,30.18099,343.2,0.39,0.36,2020-04-24,1041,N20,VIIRS,n,2,297.86,2.75,D,0
52.68838,30.17668,342.44,0.39,0.36,2020-04-24,1041,N20,VIIRS,n,2,298.38,13.55,D,0
52.6892,30.18229,349.99,0.39,0.36,2020-04-24,1041,N20,VIIRS,n,2,309.02,13.55,D,0
52.69003,30.18791,332.3,0.39,0.36,2020-04-24,1041,N20,VIIRS,n,2,295.82,10.09,D,0
53.12438,31.80691,345.5,0.4,0.37,2020-04-24,1041,N20,VIIRS,n,2,288.99,5.67,D,0
53.39137,32.54309,343.02,0.42,0.37,2020-04-24,1041,N20,VIIRS,n,2,303.17,14.62,D,0
53.39059,32.53689,331.12,0.42,0.37,2020-04-24,1041,N20,VIIRS,n,2,299.6,14.62,D,0
55.59756,29.67105,328.76,0.39,0.36,2020-04-24,1042,N20,VIIRS,n,2,276.44,2.66,D,0
52.35728,25.29397,356.02,0.68,0.74,2020-04-24,1222,N20,VIIRS,n,2,273.16,14.04,D,0
52.35754,25.28369,352.18,0.68,0.74,2020-04-24,1222,N20,VIIRS,n,2,274.54,14.04,D,0
52.06156,30.01103,310.14,0.49,0.4,2020-04-25,0033,N20,VIIRS,n,2,275.81,1.84,N,0
52.71854,27.95947,329.79,0.49,0.4,2020-04-25,1022,N20,VIIRS,n,2,280.19,4,D,0
52.04386,29.94898,336.3,0.44,0.39,2020-04-25,1022,N20,VIIRS,n,2,301.16,7.54,D,0
53.27142,24.43976,311.66,0.45,0.39,2020-04-26,0014,N20,VIIRS,n,2,273.44,1.08,N,2
52.85378,29.997,296.08,0.39,0.36,2020-04-26,0014,N20,VIIRS,n,2,277.81,0.64,N,2
52.84825,29.98849,306.61,0.39,0.36,2020-04-26,0014,N20,VIIRS,n,2,273.9,1.16,N,2
52.84732,29.99409,298.09,0.39,0.36,2020-04-26,0014,N20,VIIRS,n,2,275.44,1.02,N,2
52.73353,26.36171,325.49,0.41,0.37,2020-04-26,0015,N20,VIIRS,n,2,271.19,2.71,N,0
52.71855,27.95881,341.1,0.48,0.48,2020-04-26,1003,N20,VIIRS,n,2,288.52,4.86,D,0
52.84538,29.99436,325.05,0.4,0.44,2020-04-26,1003,N20,VIIRS,n,2,294.26,2.71,D,2
53.30142,30.51403,328.93,0.56,0.43,2020-04-26,1003,N20,VIIRS,n,2,293.04,2.2,D,0
53.30513,30.51163,329.11,0.56,0.43,2020-04-26,1003,N20,VIIRS,n,2,291.34,4.86,D,0
52.71829,27.95834,341.1,0.48,0.48,2020-04-26,1003,N20,VIIRS,n,2,288.84,5.88,D,0
54.71498,29.95861,336.98,0.54,0.42,2020-04-26,1004,N20,VIIRS,n,2,291.7,8.46,D,0
54.83246,29.81659,330.54,0.54,0.42,2020-04-26,1004,N20,VIIRS,n,2,292.49,10.28,D,0
54.81796,30.2586,338.78,0.53,0.42,2020-04-26,1004,N20,VIIRS,n,2,290.83,5.46,D,0
54.81436,30.26102,346.94,0.53,0.42,2020-04-26,1004,N20,VIIRS,n,2,293.93,11.67,D,0
54.71658,29.95916,334.01,0.54,0.42,2020-04-26,1004,N20,VIIRS,n,2,292.29,8.33,D,0
54.54395,30.40403,344.39,0.53,0.42,2020-04-26,1004,N20,VIIRS,n,2,292.94,9.04,D,0
54.38451,30.51776,337.27,0.53,0.42,2020-04-26,1004,N20,VIIRS,n,2,289.7,4.53,D,0
54.13366,29.47227,338.18,0.39,0.44,2020-04-26,1004,N20,VIIRS,n,2,292.26,3.43,D,0
54.13203,29.47439,335.89,0.39,0.44,2020-04-26,1004,N20,VIIRS,n,2,292.27,3.97,D,0
53.94765,30.66779,337.63,0.53,0.42,2020-04-26,1004,N20,VIIRS,n,2,290.38,8.04,D,0
53.94565,30.66784,333.83,0.53,0.42,2020-04-26,1004,N20,VIIRS,n,2,291.52,8.69,D,0
54.54488,30.39816,325.5,0.45,0.63,2020-04-26,1144,N20,VIIRS,n,2,289.25,4,D,0
52.71769,27.95631,328.32,0.35,0.57,2020-04-26,1144,N20,VIIRS,n,2,286.18,1.53,D,0
54.24216,31.17268,345.68,0.48,0.65,2020-04-26,1144,N20,VIIRS,n,2,290.07,6.36,D,0
53.43121,26.42979,331.27,0.61,0.53,2020-04-26,1144,N20,VIIRS,n,2,290.77,4.14,D,0
53.30345,30.50901,327.96,0.45,0.63,2020-04-26,1144,N20,VIIRS,n,2,290.61,3.48,D,0
54.83482,29.82735,334.57,0.43,0.62,2020-04-26,1145,N20,VIIRS,n,2,283.74,2.72,D,0
53.27316,24.44372,307.55,0.44,0.46,2020-04-26,2356,N20,VIIRS,n,2,268.79,1.88,N,2
53.48026,27.62751,339.58,0.35,0.57,2020-04-27,0945,N20,VIIRS,n,2,289.69,4.55,D,0
53.09141,25.05975,367,0.45,0.63,2020-04-27,0945,N20,VIIRS,h,2,294.78,7.12,D,0
53.10714,26.8154,336.93,0.39,0.59,2020-04-27,0945,N20,VIIRS,n,2,289.3,2.93,D,0
53.47878,27.62268,334.38,0.35,0.57,2020-04-27,0945,N20,VIIRS,n,2,291.29,3.99,D,0
52.12094,28.80192,335.83,0.47,0.48,2020-04-27,1125,N20,VIIRS,n,2,285.76,3.18,D,0
52.52225,29.52522,338.18,0.51,0.49,2020-04-27,1125,N20,VIIRS,n,2,293.85,3.22,D,0
53.71825,27.75544,333.53,0.44,0.46,2020-04-27,1125,N20,VIIRS,n,2,291.05,5.43,D,0
52.1054,28.76948,328.7,0.47,0.48,2020-04-27,1125,N20,VIIRS,n,2,283.17,15.74,D,0
52.10101,28.77022,352.03,0.47,0.48,2020-04-27,1125,N20,VIIRS,n,2,301.81,15.74,D,0
52.52218,29.52482,340.26,0.51,0.49,2020-04-27,1125,N20,VIIRS,n,2,294.38,6.95,D,0
52.10147,28.77712,327.97,0.47,0.48,2020-04-27,1125,N20,VIIRS,n,2,281.18,10.06,D,0
52.11701,28.80961,325.74,0.47,0.48,2020-04-27,1125,N20,VIIRS,n,2,285.48,2.5,D,0
52.09661,28.77093,339.47,0.47,0.48,2020-04-27,1125,N20,VIIRS,n,2,292.41,4.31,D,0
51.6741,30.45936,336.78,0.55,0.51,2020-04-27,1125,N20,VIIRS,n,2,296.33,12.1,D,0
52.10304,28.77704,297.23,0.44,0.46,2020-04-27,2337,N20,VIIRS,n,2,276.43,1.48,N,0
52.11207,28.77221,310.56,0.44,0.46,2020-04-27,2337,N20,VIIRS,n,2,273.79,1.94,N,0
52.11634,28.77307,324.06,0.44,0.46,2020-04-27,2337,N20,VIIRS,n,2,271.93,2.82,N,0
52.11683,28.76654,326.09,0.44,0.46,2020-04-27,2337,N20,VIIRS,n,2,273.96,2.82,N,0
53.26974,24.44246,316.29,0.34,0.56,2020-04-27,2337,N20,VIIRS,n,2,276.43,1.47,N,2
52.11427,28.77544,343.43,0.37,0.58,2020-04-28,0117,N20,VIIRS,n,2,274.44,3.3,N,0
52.11541,28.76682,307.98,0.37,0.58,2020-04-28,0117,N20,VIIRS,n,2,271.55,2.97,N,0
52.11386,28.77173,339.14,0.37,0.58,2020-04-28,0117,N20,VIIRS,n,2,273.4,2.97,N,0
52.84746,29.9951,296.64,0.39,0.59,2020-04-28,0117,N20,VIIRS,n,2,273.16,1.83,N,2
53.27184,24.44328,306.94,0.47,0.48,2020-04-28,0117,N20,VIIRS,n,2,275.76,1.92,N,2
52.11578,28.77051,319.52,0.37,0.58,2020-04-28,0117,N20,VIIRS,n,2,272.39,3.3,N,0
52.84915,29.98987,307.27,0.39,0.59,2020-04-28,0117,N20,VIIRS,n,2,272.71,1.85,N,2
52.11731,28.76559,300.1,0.37,0.58,2020-04-28,0117,N20,VIIRS,n,2,271.15,1.43,N,0
52.12296,28.76964,355.77,0.53,0.67,2020-04-28,0926,N20,VIIRS,n,2,290.77,71.42,D,0
54.5857,30.89103,335.98,0.36,0.58,2020-04-28,0926,N20,VIIRS,n,2,268.94,3.05,D,0
53.51705,28.11537,341.82,0.5,0.66,2020-04-28,0926,N20,VIIRS,n,2,279.94,8.11,D,0
52.84663,29.99166,328.78,0.45,0.63,2020-04-28,0926,N20,VIIRS,n,2,299.28,4.23,D,2
52.84543,29.99192,327.27,0.45,0.63,2020-04-28,0926,N20,VIIRS,n,2,298.56,3.52,D,2
52.13079,28.77136,327.12,0.53,0.67,2020-04-28,0926,N20,VIIRS,n,2,276.51,10.04,D,0
52.13322,28.77818,343.94,0.53,0.67,2020-04-28,0926,N20,VIIRS,n,2,274.88,9.51,D,0
52.13025,28.79007,355.87,0.53,0.67,2020-04-28,0926,N20,VIIRS,l,2,283.03,43.18,D,0
52.12242,28.78836,337.15,0.53,0.67,2020-04-28,0926,N20,VIIRS,n,2,285.36,43.18,D,0
52.11512,28.76792,356.06,0.53,0.67,2020-04-28,0926,N20,VIIRS,n,2,279.32,23.29,D,0
52.11755,28.77474,356.39,0.53,0.67,2020-04-28,0926,N20,VIIRS,l,2,287.21,71.42,D,0
52.12782,28.78327,367,0.53,0.67,2020-04-28,0926,N20,VIIRS,h,2,290.48,43.18,D,0
52.13564,28.78499,351.19,0.53,0.67,2020-04-28,0926,N20,VIIRS,n,2,273.94,9.51,D,0
52.13267,28.79688,333.8,0.53,0.67,2020-04-28,0926,N20,VIIRS,n,2,278.59,10.82,D,0
52.12728,28.80197,326.33,0.53,0.67,2020-04-28,0926,N20,VIIRS,n,2,278.01,10.82,D,0
52.11999,28.78156,367,0.53,0.67,2020-04-28,0926,N20,VIIRS,h,2,291.65,71.42,D,0
52.12484,28.79515,367,0.53,0.67,2020-04-28,0926,N20,VIIRS,h,2,291.56,43.18,D,0
52.11459,28.78665,335.3,0.53,0.67,2020-04-28,0926,N20,VIIRS,n,2,276.94,6.82,D,0
52.11702,28.79343,336.58,0.53,0.67,2020-04-28,0926,N20,VIIRS,n,2,280.55,5.87,D,0
52.11944,28.80021,342.45,0.53,0.67,2020-04-28,0926,N20,VIIRS,n,2,281.73,5.87,D,0
52.12051,28.76281,355.87,0.53,0.67,2020-04-28,0926,N20,VIIRS,l,2,282.71,23.29,D,0
52.12813,28.77268,346.92,0.47,0.4,2020-04-28,1106,N20,VIIRS,n,2,314.14,12.73,D,0
53.4875,28.19549,335.44,0.47,0.4,2020-04-28,1106,N20,VIIRS,n,2,291.66,12.25,D,0
53.48673,28.18848,340.48,0.47,0.4,2020-04-28,1106,N20,VIIRS,n,2,288.46,12.25,D,0
53.5161,28.11428,344.44,0.47,0.39,2020-04-28,1106,N20,VIIRS,n,2,289.62,6.62,D,0
53.48125,27.62655,335.41,0.45,0.39,2020-04-28,1106,N20,VIIRS,n,2,290.45,22.43,D,0
53.4805,27.61981,338.67,0.45,0.39,2020-04-28,1106,N20,VIIRS,n,2,302.81,35.22,D,0
52.13612,28.77752,367,0.47,0.4,2020-04-28,1106,N20,VIIRS,h,2,334.74,112.24,D,0
52.14355,28.84632,338.12,0.47,0.4,2020-04-28,1106,N20,VIIRS,n,2,284.3,4.25,D,0
52.13761,28.79124,326.85,0.47,0.4,2020-04-28,1106,N20,VIIRS,n,2,296.1,23.01,D,0
52.13686,28.78438,346.69,0.47,0.4,2020-04-28,1106,N20,VIIRS,n,2,308.13,23.01,D,0
52.13538,28.77065,326.71,0.47,0.4,2020-04-28,1106,N20,VIIRS,n,2,300.06,112.24,D,0
52.13909,28.80499,367,0.47,0.4,2020-04-28,1106,N20,VIIRS,l,2,359.69,267.67,D,0
52.14346,28.81086,342.58,0.47,0.4,2020-04-28,1106,N20,VIIRS,n,2,298.68,41.05,D,0
52.14272,28.80398,345.22,0.47,0.4,2020-04-28,1106,N20,VIIRS,n,2,297.56,22.16,D,0
52.139,28.76964,331.32,0.47,0.4,2020-04-28,1106,N20,VIIRS,n,2,290.63,5.98,D,0
52.14336,28.77547,339.98,0.47,0.4,2020-04-28,1106,N20,VIIRS,n,2,282.39,5.98,D,0
51.44917,29.74337,336.55,0.5,0.41,2020-04-28,1106,N20,VIIRS,n,2,286.02,9.17,D,0
51.45289,29.74243,344.6,0.5,0.41,2020-04-28,1106,N20,VIIRS,n,2,293.75,9.17,D,0
52.03494,30.79082,331.89,0.55,0.43,2020-04-28,1106,N20,VIIRS,n,2,287.56,4.32,D,0
51.89309,29.33947,326.67,0.49,0.4,2020-04-28,1106,N20,VIIRS,n,2,293.04,2.81,D,2
52.11512,28.79045,330.47,0.47,0.4,2020-04-28,1106,N20,VIIRS,n,2,290.89,2.46,D,0
52.1217,28.81693,336.34,0.47,0.4,2020-04-28,1106,N20,VIIRS,n,2,304.03,130.25,D,0
52.12023,28.80318,329.21,0.47,0.4,2020-04-28,1106,N20,VIIRS,n,2,294.39,28.54,D,0
52.11949,28.79632,343.89,0.47,0.4,2020-04-28,1106,N20,VIIRS,n,2,306.77,19,D,0
52.11875,28.78944,351.18,0.47,0.4,2020-04-28,1106,N20,VIIRS,n,2,307.01,19,D,0
52.12533,28.81592,367,0.47,0.4,2020-04-28,1106,N20,VIIRS,h,2,345.59,130.25,D,0
52.12385,28.80217,348.06,0.47,0.4,2020-04-28,1106,N20,VIIRS,n,2,308.26,28.54,D,0
52.12089,28.77471,333.93,0.47,0.4,2020-04-28,1106,N20,VIIRS,l,2,306.3,8.37,D,0
52.12015,28.76785,338.45,0.47,0.4,2020-04-28,1106,N20,VIIRS,n,2,306.22,15.44,D,0
52.11942,28.76101,349.48,0.47,0.4,2020-04-28,1106,N20,VIIRS,n,2,305.95,15.44,D,0
52.12748,28.80115,346.15,0.47,0.4,2020-04-28,1106,N20,VIIRS,n,2,304.85,57.68,D,0
52.12673,28.79428,330.33,0.47,0.4,2020-04-28,1106,N20,VIIRS,l,2,301.59,9.56,D,0
52.12451,28.77369,337.95,0.47,0.4,2020-04-28,1106,N20,VIIRS,n,2,306.59,12.73,D,0
52.12377,28.76684,348.84,0.47,0.4,2020-04-28,1106,N20,VIIRS,n,2,317.53,68.63,D,0
52.1097,28.63728,330.74,0.47,0.39,2020-04-28,1106,N20,VIIRS,l,2,304.88,2.32,D,0
52.12895,28.8149,367,0.47,0.4,2020-04-28,1106,N20,VIIRS,l,2,363.41,329.04,D,0
52.40406,23.8012,311.14,0.38,0.36,2020-04-28,1106,N20,VIIRS,l,2,311.61,54.62,D,0
53.1581,29.39334,331.85,0.51,0.41,2020-04-28,1106,N20,VIIRS,n,2,284.89,2.4,D,0
52.40489,23.80677,332.12,0.38,0.36,2020-04-28,1106,N20,VIIRS,n,2,295.05,31.24,D,0
52.40081,23.8025,335.29,0.38,0.36,2020-04-28,1106,N20,VIIRS,n,2,296.55,4.22,D,0
52.27174,27.25181,335.12,0.43,0.38,2020-04-28,1106,N20,VIIRS,n,2,301.02,8.75,D,0
52.14681,27.475,344.36,0.43,0.38,2020-04-28,1106,N20,VIIRS,n,2,309.23,11.09,D,0
52.48087,31.11752,330.78,0.57,0.43,2020-04-28,1106,N20,VIIRS,n,2,294.58,4.09,D,0
52.10888,27.55311,342.28,0.44,0.38,2020-04-28,1106,N20,VIIRS,n,2,302.35,4.31,D,0
52.1054,27.55418,348.82,0.44,0.38,2020-04-28,1106,N20,VIIRS,n,2,308.01,7.78,D,0
52.14262,28.76862,333.5,0.47,0.4,2020-04-28,1106,N20,VIIRS,n,2,283.83,5.98,D,0
52.12822,28.80802,367,0.47,0.4,2020-04-28,1106,N20,VIIRS,l,2,331.2,57.68,D,0
52.13184,28.80701,367,0.47,0.4,2020-04-28,1106,N20,VIIRS,h,2,329.82,57.68,D,0
52.12739,28.76583,367,0.47,0.4,2020-04-28,1106,N20,VIIRS,h,2,332.02,68.63,D,0
52.13332,28.82077,345.48,0.47,0.4,2020-04-28,1106,N20,VIIRS,n,2,297.66,329.04,D,0
52.1311,28.80014,354.44,0.47,0.4,2020-04-28,1106,N20,VIIRS,n,2,306.34,57.68,D,0
52.13036,28.79327,341.32,0.47,0.4,2020-04-28,1106,N20,VIIRS,n,2,304.65,9.56,D,0
52.12888,28.77954,334.32,0.47,0.4,2020-04-28,1106,N20,VIIRS,n,2,304.15,12.73,D,0
52.13258,28.81389,367,0.47,0.4,2020-04-28,1106,N20,VIIRS,l,2,368.52,329.04,D,0
52.13472,28.79913,367,0.47,0.4,2020-04-28,1106,N20,VIIRS,h,2,355.94,267.67,D,0
52.13176,28.77167,367,0.47,0.4,2020-04-28,1106,N20,VIIRS,h,2,350.63,112.24,D,0
52.13695,28.81976,340.85,0.47,0.4,2020-04-28,1106,N20,VIIRS,n,2,294.95,196.89,D,0
52.13398,28.79226,338.05,0.47,0.4,2020-04-28,1106,N20,VIIRS,n,2,307.39,23.01,D,0
52.13324,28.78539,344.2,0.47,0.4,2020-04-28,1106,N20,VIIRS,n,2,303.24,23.01,D,0
52.1325,28.77853,353.64,0.47,0.4,2020-04-28,1106,N20,VIIRS,n,2,306.43,112.24,D,0
52.13835,28.79812,367,0.47,0.4,2020-04-28,1106,N20,VIIRS,h,2,341.53,267.67,D,0
53.59869,25.62901,329.18,0.41,0.37,2020-04-28,1106,N20,VIIRS,n,2,290.94,4.91,D,0
53.5979,25.62291,328.51,0.41,0.37,2020-04-28,1106,N20,VIIRS,n,2,292.11,4.45,D,0
53.60202,30.59714,301.72,0.6,0.53,2020-04-28,2317,N20,VIIRS,n,2,269.6,1.15,N,0
52.1575,27.28181,323.45,0.41,0.61,2020-04-28,2318,N20,VIIRS,n,2,276.31,1.9,N,0
51.88908,29.33689,298.41,0.33,0.55,2020-04-28,2318,N20,VIIRS,n,2,278.86,0.66,N,2
51.89096,29.33561,302.18,0.33,0.55,2020-04-28,2318,N20,VIIRS,n,2,279.37,0.86,N,2
52.15462,27.27611,308.27,0.41,0.61,2020-04-28,2318,N20,VIIRS,n,2,274.16,1.67,N,0
52.15476,27.27002,301.56,0.41,0.61,2020-04-28,2318,N20,VIIRS,n,2,273.99,1.67,N,0
52.15001,27.4692,367,0.4,0.6,2020-04-28,2318,N20,VIIRS,h,2,276.46,6.47,N,0
52.15015,27.46324,335.99,0.4,0.6,2020-04-28,2318,N20,VIIRS,n,2,273.32,6.47,N,0
52.15542,27.47553,318.03,0.4,0.6,2020-04-28,2318,N20,VIIRS,n,2,273.53,8.54,N,0
52.15572,27.46362,296.49,0.4,0.6,2020-04-28,2318,N20,VIIRS,n,2,272.42,6.47,N,0
52.16095,27.24597,318.13,0.41,0.61,2020-04-28,2318,N20,VIIRS,n,2,276.21,2.46,N,0
52.15557,27.46959,367,0.4,0.6,2020-04-28,2318,N20,VIIRS,h,2,278.63,6.47,N,0
52.16009,27.28255,322.36,0.41,0.61,2020-04-28,2318,N20,VIIRS,n,2,276.44,2.65,N,0
52.1608,27.25207,324.18,0.41,0.61,2020-04-28,2318,N20,VIIRS,n,2,277.8,2.46,N,0
52.12191,28.75046,310.47,0.35,0.57,2020-04-28,2318,N20,VIIRS,n,2,280.02,2.61,N,0
52.16115,27.46993,296.39,0.4,0.6,2020-04-28,2318,N20,VIIRS,n,2,271.97,1.75,N,0
52.16614,27.26463,295.28,0.41,0.61,2020-04-28,2318,N20,VIIRS,n,2,276.38,6.94,N,0
52.16657,27.24632,306.36,0.41,0.61,2020-04-28,2318,N20,VIIRS,n,2,276.34,10.48,N,0
52.17127,27.03637,296.68,0.42,0.61,2020-04-28,2318,N20,VIIRS,n,2,276.13,0.93,N,0
52.17141,27.03012,300.09,0.42,0.61,2020-04-28,2318,N20,VIIRS,n,2,276.27,1.17,N,0
52.16628,27.25853,336.9,0.41,0.61,2020-04-28,2318,N20,VIIRS,n,2,281.94,6.94,N,0
52.16643,27.25243,367,0.41,0.61,2020-04-28,2318,N20,VIIRS,h,2,287.93,10.48,N,0
52.16657,27.47629,315.82,0.4,0.6,2020-04-28,2318,N20,VIIRS,n,2,273.56,2.11,N,0
52.17176,27.26498,317.82,0.41,0.61,2020-04-28,2318,N20,VIIRS,n,2,278.46,6.94,N,0
52.17205,27.25278,316.78,0.41,0.61,2020-04-28,2318,N20,VIIRS,n,2,277.74,10.48,N,0
52.12699,28.75623,341.38,0.35,0.57,2020-04-28,2318,N20,VIIRS,n,2,283,2.61,N,0
52.12719,28.75098,320.57,0.35,0.57,2020-04-28,2318,N20,VIIRS,n,2,279.56,2.61,N,0
52.17191,27.25888,367,0.41,0.61,2020-04-28,2318,N20,VIIRS,h,2,286.11,6.94,N,0
52.14828,27.46853,314.68,0.4,0.6,2020-04-28,2318,N20,VIIRS,n,2,271.01,3.19,N,0
52.1484,27.46256,329.2,0.4,0.6,2020-04-28,2318,N20,VIIRS,n,2,272.02,3.87,N,0
52.15373,27.4749,315.37,0.4,0.6,2020-04-28,2318,N20,VIIRS,n,2,273.47,9.23,N,0
52.15397,27.46298,318.42,0.4,0.6,2020-04-28,2318,N20,VIIRS,n,2,273.22,10.05,N,0
52.15761,27.2757,307.94,0.41,0.61,2020-04-28,2318,N20,VIIRS,n,2,275.51,1.9,N,0
52.15772,27.26961,300.15,0.41,0.61,2020-04-28,2318,N20,VIIRS,n,2,274.68,1.84,N,0
52.15817,27.24516,300.6,0.41,0.61,2020-04-28,2318,N20,VIIRS,n,2,275.71,4.86,N,0
52.15385,27.46895,354.78,0.4,0.6,2020-04-28,2318,N20,VIIRS,n,2,282.88,9.23,N,0
52.12588,28.75657,307.45,0.35,0.57,2020-04-28,2318,N20,VIIRS,n,2,280.06,2.87,N,0
52.16357,27.25777,314.77,0.41,0.61,2020-04-28,2318,N20,VIIRS,n,2,278.94,8.91,N,0
52.12605,28.75132,339.4,0.35,0.57,2020-04-28,2318,N20,VIIRS,n,2,281.48,4.19,N,0
52.16369,27.25165,367,0.41,0.61,2020-04-28,2318,N20,VIIRS,h,2,286.23,8.91,N,0
52.1638,27.24553,324.08,0.41,0.61,2020-04-28,2318,N20,VIIRS,n,2,277.09,4.86,N,0
52.13132,28.75183,317.87,0.35,0.57,2020-04-28,2318,N20,VIIRS,n,2,278.78,4.1,N,0
52.16488,27.4757,316.23,0.4,0.6,2020-04-28,2318,N20,VIIRS,n,2,274.24,1.2,N,0
52.165,27.46972,298.68,0.4,0.6,2020-04-28,2318,N20,VIIRS,n,2,271.53,1.2,N,0
52.1732,27.0357,295.57,0.42,0.61,2020-04-28,2318,N20,VIIRS,n,2,276.3,1.21,N,0
52.13099,28.76234,347.91,0.35,0.57,2020-04-28,2318,N20,VIIRS,n,2,281.93,8.08,N,0
52.13116,28.7571,350.86,0.35,0.57,2020-04-28,2318,N20,VIIRS,n,2,283.96,8.08,N,0
52.1692,27.25814,354.8,0.41,0.61,2020-04-28,2318,N20,VIIRS,n,2,286.84,8.99,N,0
52.16931,27.25203,367,0.41,0.61,2020-04-28,2318,N20,VIIRS,h,2,280.71,8.99,N,0
52.1361,28.7681,316.78,0.35,0.57,2020-04-28,2318,N20,VIIRS,n,2,280.85,12.16,N,0
52.17471,27.26463,316.34,0.41,0.61,2020-04-28,2318,N20,VIIRS,n,2,279.4,6.61,N,0
52.17482,27.2585,316.38,0.41,0.61,2020-04-28,2318,N20,VIIRS,n,2,278.68,8.99,N,0
52.13627,28.76287,367,0.35,0.57,2020-04-28,2318,N20,VIIRS,h,2,291.6,8.08,N,0
52.13644,28.75761,331.75,0.35,0.57,2020-04-28,2318,N20,VIIRS,n,2,279.33,8.08,N,0
52.14154,28.76338,296.23,0.35,0.57,2020-04-28,2318,N20,VIIRS,n,2,278.18,0.13,N,0
52.84708,29.98677,300.33,0.63,0.54,2020-04-28,2318,N20,VIIRS,n,2,278.01,1.56,N,2
52.99608,30.71372,295.6,0.59,0.53,2020-04-28,2318,N20,VIIRS,n,2,277.59,0.66,N,0
53.16219,30.87664,300.16,0.58,0.52,2020-04-28,2318,N20,VIIRS,n,2,276.51,0.74,N,0
53.18781,30.91432,296.11,0.58,0.52,2020-04-28,2318,N20,VIIRS,n,2,278.23,0.68,N,0
52.12268,28.75091,320.83,0.49,0.49,2020-04-29,0058,N20,VIIRS,n,2,280.81,2.76,N,0
52.15828,27.25042,309.05,0.43,0.46,2020-04-29,0058,N20,VIIRS,n,2,274.28,1.69,N,0
52.16269,27.47355,304,0.44,0.46,2020-04-29,0058,N20,VIIRS,n,2,269.34,1.12,N,0
52.17006,27.25811,341.18,0.43,0.46,2020-04-29,0058,N20,VIIRS,n,2,278.36,12.11,N,0
52.16758,27.24968,320.96,0.43,0.46,2020-04-29,0058,N20,VIIRS,n,2,273.93,7.2,N,0
52.15972,27.24456,310.82,0.43,0.46,2020-04-29,0058,N20,VIIRS,n,2,274.77,1.69,N,0
53.48245,27.62111,300.14,0.41,0.45,2020-04-29,0058,N20,VIIRS,n,2,271.2,1.29,N,0
52.15247,27.2739,326.91,0.43,0.46,2020-04-29,0058,N20,VIIRS,n,2,275.31,3.14,N,0
52.15494,27.28235,311.71,0.43,0.46,2020-04-29,0058,N20,VIIRS,n,2,274.29,1.57,N,0
52.1622,27.25299,339.13,0.43,0.46,2020-04-29,0058,N20,VIIRS,n,2,279.07,7.2,N,0
52.16365,27.24712,337.19,0.43,0.46,2020-04-29,0058,N20,VIIRS,n,2,275.94,7.2,N,0
52.16613,27.25555,338.54,0.43,0.46,2020-04-29,0058,N20,VIIRS,n,2,279.91,7.2,N,0
52.15478,27.46832,338.29,0.44,0.46,2020-04-29,0058,N20,VIIRS,n,2,269.46,10.16,N,0
52.1533,27.47431,340.43,0.44,0.46,2020-04-29,0058,N20,VIIRS,n,2,279.91,18.33,N,0
52.13921,28.76233,318.3,0.49,0.49,2020-04-29,0058,N20,VIIRS,n,2,279.99,3.8,N,0
52.13747,28.76898,305.03,0.49,0.49,2020-04-29,0058,N20,VIIRS,n,2,280.45,1.39,N,0
52.15887,27.28492,317.19,0.43,0.46,2020-04-29,0058,N20,VIIRS,n,2,274.2,1.57,N,0
52.15082,27.46571,348.45,0.44,0.46,2020-04-29,0058,N20,VIIRS,n,2,270.66,6.89,N,0
52.17398,27.26068,354.67,0.43,0.46,2020-04-29,0058,N20,VIIRS,n,2,279.48,12.11,N,0
52.14934,27.4717,336.2,0.44,0.46,2020-04-29,0058,N20,VIIRS,n,2,276.83,15.12,N,0
52.1523,27.45973,300.46,0.44,0.46,2020-04-29,0058,N20,VIIRS,n,2,266.59,6.89,N,0
52.13508,28.75947,337.06,0.49,0.49,2020-04-29,0058,N20,VIIRS,n,2,281.93,3.8,N,0
52.16877,27.0333,305.43,0.42,0.45,2020-04-29,0058,N20,VIIRS,n,2,269.22,0.81,N,0
52.17253,27.26654,297.04,0.43,0.46,2020-04-29,0058,N20,VIIRS,n,2,272.8,3.29,N,0
52.13334,28.76611,298.37,0.49,0.49,2020-04-29,0058,N20,VIIRS,n,2,279.5,1.39,N,0
52.13095,28.75661,340.74,0.49,0.49,2020-04-29,0058,N20,VIIRS,n,2,282.87,4.13,N,0
52.11873,28.80318,334.32,0.49,0.49,2020-04-29,0058,N20,VIIRS,n,2,281.28,3.55,N,0
52.12682,28.75375,318.94,0.49,0.49,2020-04-29,0058,N20,VIIRS,n,2,280.8,4.13,N,0
52.17046,27.03582,312.28,0.42,0.45,2020-04-29,0058,N20,VIIRS,n,2,269.24,1.7,N,0
52.97217,30.7582,341.86,0.62,0.71,2020-04-29,0907,N20,VIIRS,n,2,282.95,9.68,D,0
52.97247,30.75877,342.15,0.62,0.71,2020-04-29,0907,N20,VIIRS,n,2,282.83,8.58,D,0
52.14794,28.76693,331.16,0.39,0.36,2020-04-29,1047,N20,VIIRS,n,2,285.16,9.56,D,0
52.14712,28.7614,345.26,0.39,0.36,2020-04-29,1047,N20,VIIRS,n,2,300.03,9.56,D,0
52.1464,27.46262,347,0.39,0.36,2020-04-29,1047,N20,VIIRS,n,2,297.75,16.48,D,0
52.14552,27.45711,339.72,0.39,0.36,2020-04-29,1047,N20,VIIRS,n,2,291.26,16.48,D,0
52.16699,27.48333,345.37,0.39,0.36,2020-04-29,1047,N20,VIIRS,n,2,287.93,21.03,D,0
52.16611,27.47782,351.84,0.39,0.36,2020-04-29,1047,N20,VIIRS,n,2,301.18,31.18,D,0
52.13897,28.75289,343.21,0.39,0.36,2020-04-29,1047,N20,VIIRS,n,2,305.4,39.63,D,0
53.15998,30.87572,328.81,0.41,0.37,2020-04-29,1047,N20,VIIRS,n,2,292.57,1.66,D,0
52.14304,28.75714,319.35,0.39,0.36,2020-04-29,1047,N20,VIIRS,l,2,320.77,39.63,D,0
52.71769,27.96527,332.67,0.38,0.36,2020-04-29,1047,N20,VIIRS,n,2,297.21,1.52,D,0
52.14061,28.76395,332.94,0.39,0.36,2020-04-29,1047,N20,VIIRS,n,2,298.86,24.01,D,0
51.47874,30.46236,330.04,0.4,0.37,2020-04-29,1047,N20,VIIRS,n,2,296.82,3.08,D,0
52.16523,27.47231,347.68,0.39,0.36,2020-04-29,1047,N20,VIIRS,n,2,299.64,31.18,D,0
52.16846,27.47094,326.01,0.39,0.36,2020-04-29,1047,N20,VIIRS,n,2,283.73,6.15,D,0
52.84464,29.99183,334.11,0.4,0.37,2020-04-29,1047,N20,VIIRS,n,2,291.27,2.76,D,2
52.13572,28.75416,339.21,0.39,0.36,2020-04-29,1047,N20,VIIRS,n,2,297.64,6.25,D,0
52.14387,28.76268,354.99,0.39,0.36,2020-04-29,1047,N20,VIIRS,n,2,303.84,24.01,D,0
52.13979,28.75842,353.02,0.39,0.36,2020-04-29,1047,N20,VIIRS,n,2,311.26,39.63,D,0
51.57454,28.4634,300.02,0.58,0.7,2020-04-29,2259,N20,VIIRS,n,2,278.26,2.42,N,0
51.57468,28.48912,313.54,0.58,0.7,2020-04-29,2259,N20,VIIRS,n,2,272.23,3.16,N,0
51.56791,28.43758,302.93,0.58,0.7,2020-04-29,2259,N20,VIIRS,n,2,275.82,2.29,N,0
51.59405,28.48821,327.3,0.58,0.7,2020-04-29,2259,N20,VIIRS,n,2,276.93,5.99,N,0
51.59412,28.49678,351.54,0.58,0.7,2020-04-29,2259,N20,VIIRS,n,2,281.44,5.99,N,0
51.5942,28.5053,304.6,0.58,0.7,2020-04-29,2259,N20,VIIRS,n,2,277.72,5.97,N,0
51.58765,28.49681,321.31,0.58,0.7,2020-04-29,2259,N20,VIIRS,n,2,277.71,5.99,N,0
51.58757,28.48821,301.39,0.58,0.7,2020-04-29,2259,N20,VIIRS,n,2,277.68,5.99,N,0
51.5811,28.48823,322.45,0.58,0.7,2020-04-29,2259,N20,VIIRS,n,2,276.41,3.21,N,0
51.58077,28.45395,306.71,0.58,0.7,2020-04-29,2259,N20,VIIRS,n,2,271.02,1.54,N,0
51.58085,28.46252,296.49,0.58,0.7,2020-04-29,2259,N20,VIIRS,n,2,272.16,1.54,N,0
51.58102,28.47966,297.26,0.58,0.7,2020-04-29,2259,N20,VIIRS,n,2,277.07,3.21,N,0
51.58118,28.49681,305.95,0.58,0.7,2020-04-29,2259,N20,VIIRS,n,2,271.01,3.21,N,0
51.57454,28.47966,323.68,0.58,0.7,2020-04-29,2259,N20,VIIRS,n,2,276.02,3.21,N,0
51.57411,28.43675,304.34,0.58,0.7,2020-04-29,2259,N20,VIIRS,n,2,274.91,2.78,N,0
51.5742,28.44538,316.49,0.58,0.7,2020-04-29,2259,N20,VIIRS,n,2,277.55,2.78,N,0
51.57429,28.45394,299.63,0.58,0.7,2020-04-29,2259,N20,VIIRS,n,2,277.86,1.54,N,0
51.57437,28.46251,298.81,0.58,0.7,2020-04-29,2259,N20,VIIRS,n,2,277.35,1.54,N,0
51.57446,28.47111,300.22,0.58,0.7,2020-04-29,2259,N20,VIIRS,n,2,277.38,3.21,N,0
51.57462,28.48823,315.56,0.58,0.7,2020-04-29,2259,N20,VIIRS,n,2,272.53,3.21,N,0
51.59409,28.48899,332.53,0.58,0.7,2020-04-29,2259,N20,VIIRS,n,2,277.31,7.25,N,0
51.59413,28.49755,348.12,0.58,0.7,2020-04-29,2259,N20,VIIRS,n,2,281.63,6.35,N,0
51.59417,28.50604,301.58,0.58,0.7,2020-04-29,2259,N20,VIIRS,n,2,277.87,6.35,N,0
51.58767,28.49761,320.16,0.58,0.7,2020-04-29,2259,N20,VIIRS,n,2,277.02,6.35,N,0
51.58762,28.48903,302.86,0.58,0.7,2020-04-29,2259,N20,VIIRS,n,2,277.99,7.25,N,0
51.58115,28.48908,324.26,0.58,0.7,2020-04-29,2259,N20,VIIRS,n,2,275.24,3.16,N,0
51.58097,28.45479,308.98,0.58,0.7,2020-04-29,2259,N20,VIIRS,n,2,272.64,2.34,N,0
51.58102,28.46337,295.8,0.58,0.7,2020-04-29,2259,N20,VIIRS,n,2,273.21,2.42,N,0
51.5811,28.48052,297.35,0.58,0.7,2020-04-29,2259,N20,VIIRS,n,2,276.88,3.16,N,0
51.58119,28.49765,301.26,0.58,0.7,2020-04-29,2259,N20,VIIRS,n,2,269.63,3.53,N,0
51.57463,28.48055,324.7,0.58,0.7,2020-04-29,2259,N20,VIIRS,n,2,276.7,3.16,N,0
51.57439,28.43762,302.08,0.58,0.7,2020-04-29,2259,N20,VIIRS,n,2,275.59,2.35,N,0
51.57444,28.44626,309.91,0.58,0.7,2020-04-29,2259,N20,VIIRS,n,2,277.99,2.34,N,0
51.57449,28.45481,299.8,0.58,0.7,2020-04-29,2259,N20,VIIRS,n,2,278.47,2.34,N,0
51.57458,28.472,300.17,0.58,0.7,2020-04-29,2259,N20,VIIRS,n,2,277.98,2.42,N,0
51.57866,28.45151,307.66,0.5,0.41,2020-04-30,0040,N20,VIIRS,n,2,280.31,2.9,N,0
51.57354,28.46363,310.45,0.5,0.41,2020-04-30,0040,N20,VIIRS,n,2,284.04,2.11,N,0
51.56944,28.43876,317.95,0.5,0.41,2020-04-30,0040,N20,VIIRS,n,2,279.18,2.3,N,0
52.12318,29.09883,304.08,0.51,0.41,2020-04-30,0040,N20,VIIRS,n,2,268.96,1.2,N,0
52.12402,29.09347,296.47,0.51,0.41,2020-04-30,0040,N20,VIIRS,n,2,268.07,0.55,N,0
52.14907,28.75422,303.52,0.5,0.41,2020-04-30,0040,N20,VIIRS,n,2,277.42,1.36,N,0
52.14198,28.7502,299.33,0.5,0.41,2020-04-30,0040,N20,VIIRS,n,2,278.19,1.03,N,0
52.13133,28.74414,320.15,0.5,0.41,2020-04-30,0040,N20,VIIRS,n,2,278.26,2.29,N,0
52.12984,28.75105,308.77,0.5,0.41,2020-04-30,0040,N20,VIIRS,n,2,278.63,2.29,N,0
51.57154,28.44758,317.46,0.5,0.41,2020-04-30,0040,N20,VIIRS,n,2,282.83,2.18,N,0
51.57783,28.47411,299.24,0.5,0.41,2020-04-30,0040,N20,VIIRS,n,2,281.51,1.45,N,0
51.57929,28.46723,297.79,0.5,0.41,2020-04-30,0040,N20,VIIRS,n,2,280.66,1.45,N,0
51.58222,28.45349,298.13,0.5,0.41,2020-04-30,0040,N20,VIIRS,n,2,280.87,2.9,N,0
51.57489,28.48788,335.99,0.5,0.41,2020-04-30,0040,N20,VIIRS,n,2,282.57,3.1,N,0
51.58076,28.46036,327.36,0.5,0.41,2020-04-30,0040,N20,VIIRS,n,2,283.77,2.9,N,0
51.57146,28.45481,301.86,0.5,0.41,2020-04-30,0040,N20,VIIRS,n,2,282.13,2.11,N,0
51.57296,28.44795,318.9,0.5,0.41,2020-04-30,0040,N20,VIIRS,n,2,282.8,2.5,N,0
51.57205,28.47048,312.55,0.5,0.41,2020-04-30,0040,N20,VIIRS,n,2,285.07,3.39,N,0
51.57412,28.47932,301.25,0.5,0.41,2020-04-30,0040,N20,VIIRS,n,2,282.28,1.25,N,0
51.57561,28.47245,302.12,0.5,0.41,2020-04-30,0040,N20,VIIRS,n,2,282.04,1.25,N,0
51.5771,28.46559,303.4,0.5,0.41,2020-04-30,0040,N20,VIIRS,n,2,282.52,3.42,N,0
51.57262,28.48619,327.21,0.5,0.41,2020-04-30,0040,N20,VIIRS,n,2,281.85,6.51,N,0
51.57859,28.45874,336.38,0.5,0.41,2020-04-30,0040,N20,VIIRS,n,2,285.23,3.42,N,0
51.57768,28.48129,306.61,0.5,0.41,2020-04-30,0040,N20,VIIRS,n,2,282.76,1.25,N,0
51.57917,28.47442,297.23,0.5,0.41,2020-04-30,0040,N20,VIIRS,n,2,281.17,1.25,N,0
51.573,28.44072,307.04,0.5,0.41,2020-04-30,0040,N20,VIIRS,n,2,279.78,1.43,N,0
51.57217,28.46329,303.25,0.5,0.41,2020-04-30,0040,N20,VIIRS,n,2,282.04,2.17,N,0
51.58215,28.46071,319.69,0.5,0.41,2020-04-30,0040,N20,VIIRS,n,2,281.56,3.42,N,0
51.58364,28.45386,301.64,0.5,0.41,2020-04-30,0040,N20,VIIRS,n,2,280.83,1.97,N,0
51.57619,28.48816,339.41,0.5,0.41,2020-04-30,0040,N20,VIIRS,n,2,286.34,6.51,N,0
51.58125,28.48326,301.55,0.5,0.41,2020-04-30,0040,N20,VIIRS,n,2,281.51,1.18,N,0
51.58273,28.4764,298.3,0.5,0.41,2020-04-30,0040,N20,VIIRS,n,2,281.26,1.18,N,0
51.57826,28.49699,321.37,0.5,0.41,2020-04-30,0040,N20,VIIRS,n,2,281.28,4.49,N,0
51.57975,28.49013,333.01,0.5,0.41,2020-04-30,0040,N20,VIIRS,n,2,284.91,4.49,N,0
51.5848,28.48524,305.83,0.5,0.41,2020-04-30,0040,N20,VIIRS,n,2,282.73,1.18,N,0
51.58183,28.49897,327.4,0.5,0.41,2020-04-30,0040,N20,VIIRS,n,2,282.31,4.49,N,0
52.12927,28.73522,322,0.5,0.41,2020-04-30,0040,N20,VIIRS,n,2,279.18,2.47,N,0
52.12778,28.74213,327.53,0.5,0.41,2020-04-30,0040,N20,VIIRS,n,2,280.19,4.62,N,0
52.12721,28.72631,310.78,0.5,0.41,2020-04-30,0040,N20,VIIRS,n,2,277.64,2.47,N,0
52.12572,28.73321,314.55,0.5,0.41,2020-04-30,0040,N20,VIIRS,n,2,280.03,2.47,N,0
52.12218,28.73119,367,0.5,0.41,2020-04-30,0040,N20,VIIRS,h,2,286.64,9.64,N,0
52.11863,28.72918,323.46,0.5,0.41,2020-04-30,0040,N20,VIIRS,n,2,278.74,9.64,N,0
51.59103,28.51179,351.29,0.5,0.41,2020-04-30,0040,N20,VIIRS,n,2,285.35,11.72,N,0
51.58953,28.51867,348.03,0.5,0.41,2020-04-30,0040,N20,VIIRS,n,2,287.56,11.72,N,0
51.59252,28.50491,316.09,0.5,0.41,2020-04-30,0040,N20,VIIRS,n,2,279.95,2.04,N,0
51.59044,28.49605,326.33,0.5,0.41,2020-04-30,0040,N20,VIIRS,n,2,284.72,28.94,N,0
51.58895,28.50292,342.99,0.5,0.41,2020-04-30,0040,N20,VIIRS,n,2,302.63,28.94,N,0
51.58746,28.50981,354.34,0.5,0.41,2020-04-30,0040,N20,VIIRS,n,2,289.36,32.24,N,0
51.58596,28.51669,322.64,0.5,0.41,2020-04-30,0040,N20,VIIRS,n,2,296.59,32.24,N,0
51.59193,28.48918,295.96,0.5,0.41,2020-04-30,0040,N20,VIIRS,n,2,280.71,0.94,N,0
51.58539,28.50094,345.84,0.5,0.41,2020-04-30,0040,N20,VIIRS,n,2,297.68,28.94,N,0
51.58837,28.48721,296.19,0.5,0.41,2020-04-30,0040,N20,VIIRS,n,2,280.34,0.94,N,0
51.57364,28.45642,299.78,0.5,0.41,2020-04-30,0040,N20,VIIRS,n,2,281.8,2.18,N,0
51.57652,28.44991,316.69,0.5,0.41,2020-04-30,0040,N20,VIIRS,n,2,281.3,2.5,N,0
51.57503,28.45677,307.8,0.5,0.41,2020-04-30,0040,N20,VIIRS,n,2,282.74,2.11,N,0
51.5751,28.44954,316.43,0.5,0.41,2020-04-30,0040,N20,VIIRS,n,2,282.36,2.18,N,0
51.5728,28.47902,306.78,0.5,0.41,2020-04-30,0040,N20,VIIRS,n,2,282.73,3.1,N,0
51.57427,28.47214,305.2,0.5,0.41,2020-04-30,0040,N20,VIIRS,n,2,282.87,1.45,N,0
51.58331,28.4921,330.28,0.5,0.41,2020-04-30,0040,N20,VIIRS,n,2,282.51,4.49,N,0
51.58688,28.49407,316.46,0.5,0.41,2020-04-30,0040,N20,VIIRS,n,2,281.57,28.94,N,0
51.57636,28.481,303.44,0.5,0.41,2020-04-30,0040,N20,VIIRS,n,2,282.58,3.1,N,0
51.58389,28.50782,300.91,0.5,0.41,2020-04-30,0040,N20,VIIRS,n,2,280.66,32.24,N,0
51.5772,28.45839,334.32,0.5,0.41,2020-04-30,0040,N20,VIIRS,n,2,285.19,2.9,N,0
51.57573,28.46526,309.57,0.5,0.41,2020-04-30,0040,N20,VIIRS,n,2,283.74,1.45,N,0
52.11219,27.89348,336.28,0.45,0.39,2020-04-30,1028,N20,VIIRS,n,2,290.89,14.37,D,0
52.12841,29.08962,347.6,0.42,0.38,2020-04-30,1028,N20,VIIRS,n,2,300.27,16.15,D,0
52.12954,29.09561,334.29,0.42,0.38,2020-04-30,1028,N20,VIIRS,n,2,301.39,16.15,D,0
52.12506,29.09129,345.71,0.42,0.38,2020-04-30,1028,N20,VIIRS,n,2,304.04,4.3,D,0
51.57737,28.51715,343.57,0.45,0.39,2020-04-30,1028,N20,VIIRS,n,2,296.39,11.11,D,0
51.57615,28.51097,335.23,0.45,0.39,2020-04-30,1028,N20,VIIRS,l,2,305.39,54.16,D,0
51.5759,28.49062,333.7,0.45,0.39,2020-04-30,1028,N20,VIIRS,n,2,290.23,10.66,D,0
51.57713,28.49684,347.36,0.45,0.39,2020-04-30,1028,N20,VIIRS,n,2,295.17,10.66,D,0
51.57859,28.52335,341.52,0.45,0.39,2020-04-30,1028,N20,VIIRS,n,2,288.18,11.11,D,0
51.57957,28.50924,352.84,0.45,0.39,2020-04-30,1028,N20,VIIRS,n,2,297.57,54.16,D,0
51.57835,28.50304,335.93,0.45,0.39,2020-04-30,1028,N20,VIIRS,n,2,289.05,54.16,D,0
52.1262,29.09728,333.42,0.42,0.38,2020-04-30,1028,N20,VIIRS,n,2,302.31,4.3,D,0
51.57371,28.49857,340.49,0.45,0.39,2020-04-30,1028,N20,VIIRS,n,2,287.99,10.66,D,0
51.57248,28.49235,342.05,0.45,0.39,2020-04-30,1028,N20,VIIRS,n,2,290.52,10.66,D,0
51.582,28.52163,329.92,0.45,0.39,2020-04-30,1028,N20,VIIRS,n,2,291.36,11.11,D,0
51.57395,28.51888,347.67,0.45,0.39,2020-04-30,1028,N20,VIIRS,n,2,289.98,9.69,D,0
51.57273,28.51269,351.77,0.45,0.39,2020-04-30,1028,N20,VIIRS,n,2,300.55,19.35,D,0
51.56932,28.51442,335.26,0.45,0.39,2020-04-30,1028,N20,VIIRS,n,2,284.62,19.35,D,0
52.85129,29.98789,312.24,0.8,0.78,2020-04-30,2240,N20,VIIRS,n,2,272.93,3.04,N,2
53.27061,24.44291,320.79,0.41,0.37,2020-05-01,0021,N20,VIIRS,n,2,277.35,2.38,N,2
52.84732,29.9896,329.71,0.4,0.37,2020-05-01,0021,N20,VIIRS,n,2,276.78,3.3,N,2
52.09608,27.66063,341.65,0.45,0.47,2020-05-01,1009,N20,VIIRS,n,2,301.27,5.46,D,0
51.57512,28.53818,333.47,0.43,0.46,2020-05-01,1009,N20,VIIRS,n,2,285.88,3.33,D,0
51.58045,28.54151,331.5,0.43,0.46,2020-05-01,1009,N20,VIIRS,n,2,284.51,4.86,D,0
51.89255,29.33999,333.59,0.39,0.44,2020-05-01,1009,N20,VIIRS,n,2,298.24,2.79,D,2
52.09528,27.66093,340.77,0.45,0.47,2020-05-01,1010,N20,VIIRS,n,2,301.04,6.81,D,0
52.71785,27.96602,326.16,0.42,0.45,2020-05-01,1010,N20,VIIRS,n,2,290.45,1.34,D,0
54.88298,29.25297,325.1,0.5,0.41,2020-05-01,1010,N20,VIIRS,l,2,295.91,2.51,D,0
55.39478,30.71823,330.46,0.45,0.39,2020-05-01,1010,N20,VIIRS,n,2,293.25,6.34,D,0
52.71731,27.96498,328.67,0.41,0.6,2020-05-01,1150,N20,VIIRS,n,2,289.94,1.67,D,0
55.20983,27.63234,328.56,0.41,0.6,2020-05-01,1151,N20,VIIRS,n,2,288.21,3.16,D,0
55.09653,28.52102,320.57,0.45,0.39,2020-05-02,0001,N20,VIIRS,n,2,272.62,2.21,N,0
52.08777,27.70406,296.05,0.44,0.38,2020-05-02,0002,N20,VIIRS,n,2,275.97,0.64,N,0
51.89195,29.3408,341.2,0.58,0.52,2020-05-02,1131,N20,VIIRS,n,2,296.39,9.51,D,2
53.27212,24.44531,311.41,0.59,0.53,2020-05-02,2343,N20,VIIRS,n,2,280.94,1.56,N,2
53.39555,32.01562,300.35,0.46,0.39,2020-05-02,2343,N20,VIIRS,n,2,282.84,0.86,N,2
53.27006,24.44504,312.16,0.54,0.51,2020-05-03,0123,N20,VIIRS,n,2,280.35,1.4,N,2
52.59681,30.14877,330.76,0.43,0.38,2020-05-04,1053,N20,VIIRS,n,2,297.97,3.42,D,0
52.84514,29.99353,331.59,0.43,0.38,2020-05-04,1053,N20,VIIRS,n,2,295.32,9.63,D,2
53.27112,24.4368,295.11,0.74,0.76,2020-05-04,2305,N20,VIIRS,n,2,275.59,2.05,N,2
53.26249,24.44972,296.96,0.41,0.37,2020-05-05,0046,N20,VIIRS,n,2,279.74,1.21,N,2
53.27124,24.44128,314.07,0.41,0.37,2020-05-05,0046,N20,VIIRS,n,2,280.3,1.31,N,2
53.2615,24.45123,303.22,0.39,0.36,2020-05-06,0027,N20,VIIRS,n,2,281.75,1.12,N,2
53.26971,24.44225,311.38,0.39,0.36,2020-05-06,0027,N20,VIIRS,n,2,279.28,1.5,N,2
52.25729,30.53883,335.43,0.47,0.4,2020-05-06,1016,N20,VIIRS,n,2,288.61,5.76,D,0
52.21484,30.57638,327.06,0.47,0.39,2020-05-06,1016,N20,VIIRS,n,2,283.52,2.77,D,0
52.21022,31.01636,335.6,0.45,0.39,2020-05-06,1016,N20,VIIRS,n,2,288.58,4.25,D,0
52.25615,30.53844,339.71,0.61,0.71,2020-05-06,1156,N20,VIIRS,n,2,290.75,4.93,D,0
52.25381,30.53235,327.13,0.61,0.71,2020-05-06,1157,N20,VIIRS,n,2,286.61,6.99,D,0
53.27161,24.44267,307.81,0.5,0.41,2020-05-07,0008,N20,VIIRS,n,2,278.23,1.45,N,2
53.39658,32.0155,304.48,0.39,0.36,2020-05-07,0008,N20,VIIRS,n,2,281.98,1.7,N,2
53.27149,24.44536,305.42,0.5,0.41,2020-05-07,0008,N20,VIIRS,n,2,277.88,1.27,N,2
55.48666,28.6036,331.07,0.52,0.67,2020-05-07,0147,N20,VIIRS,n,2,274.79,3.06,N,0
55.48597,28.60308,336,0.52,0.67,2020-05-07,0147,N20,VIIRS,n,2,274.04,4.21,N,0
53.271,24.44483,303.62,0.46,0.64,2020-05-07,0148,N20,VIIRS,n,2,276.97,1.29,N,2
53.27199,24.44286,303.24,0.46,0.64,2020-05-07,0148,N20,VIIRS,n,2,275.89,0.85,N,2
55.86427,28.01652,342.55,0.44,0.46,2020-05-07,0958,N20,VIIRS,n,2,288.16,4.91,D,0
51.91588,27.11856,331.68,0.54,0.51,2020-05-07,1137,N20,VIIRS,n,2,290.2,5.17,D,0
51.92057,27.11792,330.76,0.54,0.51,2020-05-07,1137,N20,VIIRS,n,2,285.19,5.17,D,0
51.91631,27.12655,348.95,0.54,0.51,2020-05-07,1137,N20,VIIRS,n,2,292.73,19.28,D,0
55.48372,28.60141,346.62,0.33,0.56,2020-05-07,1138,N20,VIIRS,n,2,289.2,3.05,D,0
55.48474,28.60345,318.82,0.56,0.43,2020-05-07,2349,N20,VIIRS,n,2,275.87,2.36,N,0
51.89159,29.34423,295.84,0.48,0.4,2020-05-07,2349,N20,VIIRS,n,2,275.95,0.98,N,2
52.37659,23.74628,305.84,0.53,0.5,2020-05-07,2349,N20,VIIRS,n,2,272.9,2.05,N,0
53.27001,24.44061,303.03,0.51,0.49,2020-05-07,2349,N20,VIIRS,n,2,275.61,1.76,N,2
53.3942,32.01447,297.55,0.42,0.38,2020-05-07,2349,N20,VIIRS,n,2,278.58,0.74,N,2
55.48687,28.59682,311.92,0.56,0.43,2020-05-07,2349,N20,VIIRS,n,2,274.94,1.37,N,0
55.48855,28.60137,304.61,0.36,0.58,2020-05-08,0129,N20,VIIRS,n,2,272.5,2.66,N,0
55.48692,28.60642,332.42,0.36,0.58,2020-05-08,0129,N20,VIIRS,n,2,275.4,1.76,N,0
55.48226,28.60182,297.49,0.36,0.58,2020-05-08,0129,N20,VIIRS,n,2,273.22,1.76,N,0
51.89137,29.34531,301.2,0.53,0.67,2020-05-08,0130,N20,VIIRS,n,2,274.19,1.82,N,2
53.26253,24.45132,296.9,0.62,0.54,2020-05-08,0130,N20,VIIRS,n,2,276.45,1.36,N,2
52.84444,29.99358,326.98,0.34,0.56,2020-05-08,0938,N20,VIIRS,n,2,290.89,2.38,D,2
52.84737,29.99246,326.66,0.35,0.56,2020-05-08,0938,N20,VIIRS,n,2,295.8,4.08,D,2
53.27529,28.15113,348.96,0.39,0.59,2020-05-08,0939,N20,VIIRS,n,2,286.67,5.35,D,0
53.28014,28.14683,356.22,0.39,0.59,2020-05-08,0939,N20,VIIRS,l,2,288.02,6.82,D,0
52.11203,27.87695,336.82,0.56,0.43,2020-05-08,1119,N20,VIIRS,n,2,297.62,6.35,D,0
55.33521,30.80364,349.61,0.53,0.5,2020-05-08,1119,N20,VIIRS,n,2,297.83,17.02,D,0
55.33984,30.80291,332.6,0.53,0.5,2020-05-08,1119,N20,VIIRS,n,2,290.35,17.02,D,0
52.84608,29.99206,326.98,0.46,0.47,2020-05-08,1119,N20,VIIRS,n,2,290.66,1.41,D,2
52.63239,29.90879,338.62,0.46,0.47,2020-05-08,1119,N20,VIIRS,n,2,291.01,2.66,D,0
52.5062,28.70543,335.64,0.41,0.45,2020-05-08,1119,N20,VIIRS,n,2,287.37,2.27,D,0
52.50402,28.707,332.82,0.41,0.45,2020-05-08,1119,N20,VIIRS,n,2,287.88,3.36,D,0
52.11021,27.87762,331.8,0.56,0.43,2020-05-08,1119,N20,VIIRS,n,2,297.32,6.25,D,0
53.39738,32.01669,295.06,0.39,0.44,2020-05-08,2330,N20,VIIRS,n,2,277.14,1.39,N,2
53.27164,24.44382,305.66,0.4,0.6,2020-05-08,2330,N20,VIIRS,n,2,278.46,0.98,N,2
53.27113,24.44574,306.04,0.41,0.45,2020-05-09,0111,N20,VIIRS,n,2,278.78,1.68,N,2
53.26058,24.45205,295.1,0.41,0.45,2020-05-09,0111,N20,VIIRS,n,2,279.2,1.52,N,2
51.89314,29.34129,326.62,0.59,0.7,2020-05-09,0920,N20,VIIRS,n,2,285.47,3.88,D,2
52.31707,25.64204,344.19,0.39,0.36,2020-05-09,1100,N20,VIIRS,n,2,300.79,5.24,D,0
52.4399,31.53568,337.75,0.52,0.41,2020-05-09,1100,N20,VIIRS,n,2,292.48,8.62,D,0
53.17226,26.0111,325.7,0.39,0.36,2020-05-09,1100,N20,VIIRS,n,2,294.03,1.62,D,0
53.35413,25.82084,344.47,0.39,0.36,2020-05-09,1100,N20,VIIRS,n,2,302.64,11.07,D,0
52.48354,23.51274,340.47,0.39,0.36,2020-05-09,1100,N20,VIIRS,n,2,294.87,2.11,D,0
52.43856,31.53649,328.74,0.52,0.41,2020-05-09,1100,N20,VIIRS,n,2,290.52,1.71,D,0
52.44236,31.53549,331.65,0.52,0.41,2020-05-09,1100,N20,VIIRS,n,2,292.58,4.22,D,0
52.5971,30.15018,326.7,0.47,0.4,2020-05-09,1100,N20,VIIRS,n,2,299.24,3.2,D,0
52.31789,25.6476,351.69,0.39,0.36,2020-05-09,1100,N20,VIIRS,n,2,300.05,5.24,D,0
53.39645,32.01322,295.55,0.61,0.54,2020-05-09,2311,N20,VIIRS,n,2,280.34,1.28,N,2
52.8489,29.98908,297.86,0.37,0.58,2020-05-09,2311,N20,VIIRS,n,2,264.7,0.67,N,2
52.13328,27.36514,311.65,0.47,0.64,2020-05-09,2312,N20,VIIRS,n,2,261.57,1.2,N,0
51.89695,29.34126,305.59,0.39,0.59,2020-05-09,2312,N20,VIIRS,n,2,279.4,1.33,N,2
51.89715,29.34149,305.66,0.39,0.59,2020-05-09,2312,N20,VIIRS,n,2,279.42,1.08,N,2
53.25971,24.45336,296.76,0.44,0.38,2020-05-10,0052,N20,VIIRS,n,2,279.19,0.8,N,0
53.26445,24.44963,296.18,0.44,0.38,2020-05-10,0052,N20,VIIRS,n,2,278.85,0.69,N,2
53.2691,24.44518,298.37,0.44,0.38,2020-05-10,0052,N20,VIIRS,n,2,278.9,0.69,N,2
53.50998,30.29368,327.66,0.69,0.74,2020-05-10,0901,N20,VIIRS,n,2,289.87,3.9,D,0
52.84698,29.98939,345.42,0.39,0.36,2020-05-10,1041,N20,VIIRS,n,2,300.76,6.8,D,2
52.14675,27.36876,332.27,0.4,0.37,2020-05-10,1041,N20,VIIRS,n,2,300.8,1.94,D,0
52.1294,27.37065,347.04,0.4,0.37,2020-05-10,1041,N20,VIIRS,n,2,301.72,8.37,D,0
52.12981,27.41333,331.26,0.4,0.37,2020-05-10,1041,N20,VIIRS,n,2,299.34,5.77,D,0
52.13081,27.41899,346.66,0.4,0.37,2020-05-10,1041,N20,VIIRS,n,2,301.59,14.66,D,0
52.12754,27.4205,345.92,0.4,0.37,2020-05-10,1041,N20,VIIRS,n,2,301.96,8.48,D,0
52.30725,25.74152,344.23,0.43,0.38,2020-05-10,1041,N20,VIIRS,n,2,303.33,11.42,D,0
52.15527,27.37707,334.23,0.4,0.37,2020-05-10,1041,N20,VIIRS,n,2,302.36,6.78,D,0
52.3105,25.73065,327.54,0.71,0.75,2020-05-10,1222,N20,VIIRS,n,2,292.77,5,D,0
55.48558,28.60033,298.28,0.67,0.74,2020-05-10,2251,N20,VIIRS,n,2,277.75,1.13,N,0
53.4062,27.15571,295.81,0.77,0.77,2020-05-10,2252,N20,VIIRS,n,2,275.94,1.07,N,0
55.48546,28.5959,302.01,0.67,0.74,2020-05-10,2252,N20,VIIRS,n,2,277.54,1,N,0
52.85139,29.99295,296.18,0.59,0.7,2020-05-10,2252,N20,VIIRS,n,2,280,1.17,N,2
53.40467,27.15162,301.62,0.77,0.77,2020-05-10,2252,N20,VIIRS,n,2,275.82,1.33,N,0
55.48709,28.60203,332.6,0.4,0.37,2020-05-11,0032,N20,VIIRS,n,2,283.81,13.83,N,0
52.84889,29.99219,301.1,0.47,0.4,2020-05-11,0033,N20,VIIRS,n,2,280.09,0.93,N,2
52.83271,29.71747,296.78,0.46,0.39,2020-05-11,0033,N20,VIIRS,n,2,277.32,0.73,N,0
52.83139,29.7169,298.63,0.46,0.39,2020-05-11,0033,N20,VIIRS,n,2,277.81,0.99,N,0
53.40256,27.15516,302.09,0.4,0.37,2020-05-11,0033,N20,VIIRS,n,2,257.5,0.79,N,0
52.84542,29.99022,305.93,0.47,0.4,2020-05-11,0033,N20,VIIRS,n,2,279.37,0.93,N,2
54.13404,31.54514,330.5,0.39,0.36,2020-05-11,1022,N20,VIIRS,n,2,294.82,1.73,D,0
52.58652,24.48854,337.27,0.43,0.46,2020-05-11,1022,N20,VIIRS,n,2,292.4,3.99,D,0
52.15306,27.40964,331.68,0.53,0.67,2020-05-11,1203,N20,VIIRS,n,2,289.86,52.97,D,0
52.14684,27.40168,367,0.52,0.67,2020-05-11,1203,N20,VIIRS,h,2,292.92,48.77,D,0
52.14684,27.39386,334.55,0.52,0.67,2020-05-11,1203,N20,VIIRS,n,2,293.98,48.77,D,0
52.15306,27.40179,356.29,0.52,0.67,2020-05-11,1203,N20,VIIRS,n,2,307.24,48.77,D,0
52.15306,27.39395,347.41,0.52,0.67,2020-05-11,1203,N20,VIIRS,n,2,294.5,48.77,D,0
52.15098,27.40305,367,0.53,0.67,2020-05-11,1203,N20,VIIRS,h,2,300.48,68.16,D,0
52.15095,27.41091,325.33,0.53,0.67,2020-05-11,1203,N20,VIIRS,n,2,290.22,68.16,D,0
52.15101,27.39521,207.93,0.52,0.67,2020-05-11,1203,N20,VIIRS,l,2,303.11,133.38,D,0
52.01792,27.69408,330.53,0.54,0.68,2020-05-11,1203,N20,VIIRS,n,2,294.92,4.24,D,0
53.66715,24.16908,308.85,0.45,0.47,2020-05-12,2355,N20,VIIRS,n,2,272.5,1.07,N,0
53.39513,32.01394,295.98,0.4,0.37,2020-05-12,2355,N20,VIIRS,n,2,274.86,0.68,N,2
53.27215,24.44002,296.44,0.44,0.46,2020-05-12,2355,N20,VIIRS,n,2,271.52,0.65,N,2
52.84708,29.99397,316.97,0.43,0.38,2020-05-12,2355,N20,VIIRS,n,2,274.26,1.93,N,2
52.84785,29.98768,309.64,0.43,0.38,2020-05-12,2355,N20,VIIRS,n,2,273.39,1.88,N,2
52.96832,25.84429,299.99,0.38,0.44,2020-05-12,2356,N20,VIIRS,n,2,269.79,0.44,N,0
52.84625,29.98967,313.22,0.58,0.7,2020-05-13,0135,N20,VIIRS,n,2,271.33,1.99,N,2
53.66921,24.1705,303.57,0.33,0.56,2020-05-13,0136,N20,VIIRS,n,2,271.41,0.9,N,0
52.18651,26.39615,299.63,0.46,0.63,2020-05-13,0136,N20,VIIRS,n,2,267.95,0.51,N,0
53.66465,24.17209,304.55,0.34,0.56,2020-05-13,0136,N20,VIIRS,n,2,271.65,1.43,N,0
52.0525,26.59741,367,0.43,0.62,2020-05-13,0945,N20,VIIRS,h,2,294.44,9.76,D,0
53.39574,32.01398,298.89,0.53,0.5,2020-05-14,2317,N20,VIIRS,n,2,277.84,1.4,N,2
53.2639,24.44776,298.23,0.54,0.68,2020-05-14,2318,N20,VIIRS,n,2,277.67,1.01,N,2
52.84881,29.99263,330.37,0.63,0.54,2020-05-14,2318,N20,VIIRS,n,2,274.49,4.44,N,2
52.35116,27.30721,297.7,0.41,0.61,2020-05-14,2318,N20,VIIRS,n,2,268.39,2.28,N,0
52.35104,27.3133,315.78,0.41,0.6,2020-05-14,2318,N20,VIIRS,n,2,268.56,2.12,N,0
52.0954,27.68581,298.83,0.39,0.59,2020-05-14,2318,N20,VIIRS,n,2,266.45,0.48,N,0
53.2725,24.44038,300.43,0.54,0.68,2020-05-14,2318,N20,VIIRS,n,2,275.59,1.06,N,2
53.26957,24.4452,306.71,0.49,0.4,2020-05-15,0058,N20,VIIRS,n,2,277.66,1.44,N,2
52.35061,27.31235,304.21,0.43,0.46,2020-05-15,0058,N20,VIIRS,n,2,268.93,1.15,N,0
52.3467,27.30978,300.31,0.43,0.46,2020-05-15,0058,N20,VIIRS,n,2,269.1,1.15,N,0
52.34423,27.30133,300.1,0.43,0.46,2020-05-15,0058,N20,VIIRS,n,2,269.18,0.72,N,0
52.84621,29.98717,311.43,0.52,0.5,2020-05-15,0058,N20,VIIRS,n,2,272.9,3.22,N,2
52.34846,27.30659,347.29,0.39,0.36,2020-05-15,1047,N20,VIIRS,n,2,284,5.46,D,0
53.18275,29.79836,337.59,0.4,0.37,2020-05-15,1047,N20,VIIRS,n,2,295.24,2.53,D,0
52.84592,29.98913,343.66,0.4,0.37,2020-05-15,1047,N20,VIIRS,n,2,295.2,20.69,D,2
52.84498,29.99139,337.81,0.4,0.37,2020-05-15,1047,N20,VIIRS,n,2,294.12,16.3,D,2
52.35258,27.31074,338.35,0.39,0.36,2020-05-15,1047,N20,VIIRS,n,2,283.43,5.46,D,0
52.34611,27.31351,341.55,0.39,0.36,2020-05-15,1047,N20,VIIRS,n,2,283.58,6.75,D,0
52.34014,27.31859,346.1,0.39,0.36,2020-05-15,1047,N20,VIIRS,n,2,287.11,7.22,D,0
52.33691,27.31997,342.33,0.39,0.36,2020-05-15,1047,N20,VIIRS,n,2,282.2,7.22,D,0
52.33368,27.32135,344.39,0.39,0.36,2020-05-15,1047,N20,VIIRS,n,2,285.74,12.96,D,0
52.33456,27.32689,353.38,0.39,0.36,2020-05-15,1047,N20,VIIRS,n,2,282.87,12.96,D,0
52.81035,30.9323,330.56,0.41,0.37,2020-05-15,1047,N20,VIIRS,n,2,292.67,1.65,D,0
51.95848,26.06788,325.43,0.4,0.37,2020-05-15,1047,N20,VIIRS,n,2,282.41,55.31,D,0
51.95424,26.06374,333.13,0.4,0.37,2020-05-15,1047,N20,VIIRS,n,2,294.87,55.31,D,0
51.95522,26.06936,337.68,0.4,0.37,2020-05-15,1047,N20,VIIRS,n,2,306.52,55.31,D,0
51.95098,26.06522,352.88,0.4,0.37,2020-05-15,1047,N20,VIIRS,n,2,283.13,5.73,D,0
51.95195,26.07084,332.51,0.4,0.37,2020-05-15,1047,N20,VIIRS,n,2,279.11,5.73,D,0
52.03439,27.84665,326.08,0.38,0.36,2020-05-15,1047,N20,VIIRS,n,2,292.03,1.79,D,0
55.01103,30.69287,326.15,0.43,0.38,2020-05-15,1048,N20,VIIRS,n,2,293.66,1.69,D,0
55.04131,29.09054,327.87,0.4,0.37,2020-05-15,1048,N20,VIIRS,n,2,289.41,1.88,D,0
54.06168,25.60351,343.56,0.39,0.36,2020-05-15,1048,N20,VIIRS,n,2,293.57,6.55,D,0
54.04743,28.15142,337.43,0.39,0.36,2020-05-15,1048,N20,VIIRS,n,2,293.7,6.53,D,0
53.80274,25.20488,330.43,0.4,0.37,2020-05-15,1048,N20,VIIRS,n,2,294.55,3.53,D,0
54.66467,29.38946,331.29,0.4,0.37,2020-05-15,1048,N20,VIIRS,n,2,289.79,3.22,D,0
53.39744,32.0139,301.1,0.42,0.61,2020-05-15,2258,N20,VIIRS,n,2,277.97,1.12,N,2
52.85134,29.99207,305.17,0.5,0.66,2020-05-15,2259,N20,VIIRS,n,2,275.36,1.86,N,2
52.84522,29.99192,309.05,0.5,0.66,2020-05-15,2259,N20,VIIRS,n,2,272.98,2.11,N,2
52.84625,29.99401,325.64,0.53,0.42,2020-05-16,0039,N20,VIIRS,n,2,275.82,2.64,N,2
52.84517,29.9903,312.14,0.79,0.78,2020-05-16,2240,N20,VIIRS,n,2,273.72,2.94,N,2
52.85246,29.98971,295.28,0.79,0.78,2020-05-16,2240,N20,VIIRS,n,2,275.26,1.33,N,2
53.23211,30.45443,315.5,0.4,0.37,2020-05-17,0020,N20,VIIRS,n,2,276.56,1.13,N,0
53.29181,31.02918,302.89,0.41,0.37,2020-05-17,0020,N20,VIIRS,n,2,274.98,0.67,N,0
53.39555,32.01682,298.6,0.43,0.38,2020-05-17,0020,N20,VIIRS,n,2,278.78,0.85,N,2
52.84868,29.98901,326.73,0.4,0.37,2020-05-17,0021,N20,VIIRS,n,2,278.88,5.98,N,2
52.84764,29.99477,305.9,0.4,0.37,2020-05-17,0021,N20,VIIRS,n,2,277.64,4.01,N,2
52.85416,29.99796,300.39,0.4,0.37,2020-05-17,0021,N20,VIIRS,n,2,283.29,0.98,N,2
52.84652,29.99011,332.88,0.4,0.37,2020-05-18,0002,N20,VIIRS,n,2,282.03,9.7,N,2
52.43458,27.9066,297.98,0.44,0.38,2020-05-18,0002,N20,VIIRS,n,2,278.46,0.81,N,0
53.34148,27.44617,335.27,0.63,0.54,2020-05-18,0951,N20,VIIRS,n,2,282.48,7.6,D,0
55.81997,28.35664,337.69,0.48,0.48,2020-05-18,0952,N20,VIIRS,n,2,286.45,5.31,D,0
52.85044,29.99542,302.17,0.53,0.42,2020-05-18,2343,N20,VIIRS,n,2,275.51,1.55,N,2
52.8479,29.99314,326.94,0.53,0.42,2020-05-18,2343,N20,VIIRS,n,2,277.86,2.3,N,2
52.85174,29.99417,299.65,0.53,0.42,2020-05-18,2343,N20,VIIRS,n,2,276.98,2.3,N,2
52.84661,29.9944,317.24,0.53,0.42,2020-05-18,2343,N20,VIIRS,n,2,277.07,2.16,N,2
52.84738,29.98655,295.51,0.53,0.42,2020-05-18,2343,N20,VIIRS,n,2,275.39,1.88,N,2
51.87579,26.37994,329.77,0.38,0.36,2020-05-20,1053,N20,VIIRS,n,2,290.83,1.8,D,0
52.13214,26.03998,328.61,0.38,0.36,2020-05-20,1053,N20,VIIRS,n,2,296.58,1.75,D,0
52.84576,29.99195,341.34,0.43,0.38,2020-05-20,1053,N20,VIIRS,n,2,289.58,6.3,D,2
52.48098,23.55054,329.35,0.41,0.37,2020-05-20,1054,N20,VIIRS,n,2,293.94,1.56,D,0
52.91009,25.79343,332.42,0.38,0.36,2020-05-20,1054,N20,VIIRS,n,2,288.56,3.02,D,0
52.93204,26.22171,326.85,0.38,0.36,2020-05-20,1054,N20,VIIRS,n,2,279.74,3.32,D,0
52.84979,29.99345,305.02,0.43,0.62,2020-05-20,2305,N20,VIIRS,n,2,275.09,1.56,N,2
52.84908,29.98616,298.55,0.43,0.62,2020-05-20,2305,N20,VIIRS,n,2,274.64,1.91,N,2
53.39463,32.01491,298.37,0.36,0.57,2020-05-20,2305,N20,VIIRS,n,2,277.87,0.86,N,2
52.84898,29.99266,313.11,0.43,0.62,2020-05-20,2305,N20,VIIRS,n,2,275.55,2.67,N,2
53.2624,24.44743,296.03,0.74,0.76,2020-05-20,2305,N20,VIIRS,n,2,275.94,0.89,N,2
52.84986,29.98693,309.62,0.43,0.62,2020-05-20,2305,N20,VIIRS,n,2,274.26,1.56,N,2
52.84728,29.98947,336.31,0.4,0.44,2020-05-21,0046,N20,VIIRS,n,2,278.04,3.36,N,2
53.27006,24.44012,297.76,0.41,0.37,2020-05-21,0046,N20,VIIRS,n,2,274.99,0.47,N,2
53.2613,24.44856,301.19,0.41,0.37,2020-05-21,0046,N20,VIIRS,n,2,277.48,1.24,N,2
52.09507,26.42271,325.73,0.45,0.39,2020-05-21,1034,N20,VIIRS,n,2,290.55,2.08,D,0
52.1027,26.53711,331.04,0.45,0.39,2020-05-21,1034,N20,VIIRS,n,2,288.41,3.14,D,0
52.84401,29.9888,331.99,0.39,0.36,2020-05-21,1035,N20,VIIRS,n,2,299.02,2.61,D,2
53.43536,29.04613,328.85,0.39,0.36,2020-05-21,1035,N20,VIIRS,n,2,285.66,2.68,D,0
52.45506,26.48089,326.31,0.44,0.39,2020-05-21,1035,N20,VIIRS,n,2,286.18,2.42,D,0
53.22892,32.3238,334.62,0.39,0.36,2020-05-21,1035,N20,VIIRS,n,2,291.42,4.98,D,0
53.26191,24.44773,296.24,0.5,0.41,2020-05-23,0008,N20,VIIRS,n,2,276.63,1.39,N,2
53.27015,24.44231,298.58,0.5,0.41,2020-05-23,0008,N20,VIIRS,n,2,275.77,1.05,N,2
53.71017,26.37189,326.14,0.59,0.52,2020-05-23,0957,N20,VIIRS,n,2,290.5,3.65,D,0
52.8481,29.99051,328.11,0.47,0.4,2020-05-23,2349,N20,VIIRS,n,2,277.83,4,N,2
52.84857,29.99562,320.2,0.51,0.66,2020-05-24,0129,N20,VIIRS,n,2,273.67,2.54,N,2
53.26422,24.44979,297,0.4,0.6,2020-05-24,2330,N20,VIIRS,n,2,278.92,1.01,N,2
53.26591,24.45073,295.47,0.4,0.6,2020-05-24,2330,N20,VIIRS,n,2,278.01,0.93,N,2
53.27163,24.44496,300.44,0.4,0.6,2020-05-24,2330,N20,VIIRS,n,2,277.81,0.93,N,2
53.26991,24.44403,298.5,0.4,0.6,2020-05-24,2330,N20,VIIRS,n,2,277.03,1.25,N,2
52.8474,29.98805,322.81,0.47,0.47,2020-05-24,2330,N20,VIIRS,n,2,262.12,1.85,N,2
52.84563,29.98939,322.11,0.34,0.56,2020-05-25,0110,N20,VIIRS,n,2,268.81,1.62,N,2
53.35407,25.71105,342.28,0.39,0.36,2020-05-25,1100,N20,VIIRS,n,2,295.07,5.22,D,0
53.27071,24.44507,303.8,0.44,0.38,2020-05-26,0052,N20,VIIRS,n,2,279.31,1.28,N,2
53.01225,24.07049,334.21,0.46,0.39,2020-05-26,1041,N20,VIIRS,n,2,293.8,2.16,D,0
53.27113,24.44294,312.13,0.38,0.36,2020-05-27,0033,N20,VIIRS,n,2,280.69,1.3,N,2
53.25966,24.44999,296.56,0.38,0.36,2020-05-27,0033,N20,VIIRS,n,2,280.17,0.75,N,2
53.26289,24.4514,302.2,0.38,0.36,2020-05-27,0033,N20,VIIRS,n,2,280.23,0.75,N,2
52.84785,29.99484,303.85,0.39,0.36,2020-05-28,0014,N20,VIIRS,n,2,279.81,2.04,N,2
53.39426,32.01657,313.27,0.4,0.37,2020-05-28,0014,N20,VIIRS,n,2,283.9,1.37,N,2
52.85431,29.99776,299.57,0.39,0.36,2020-05-28,0014,N20,VIIRS,n,2,284.3,0.87,N,2
52.84877,29.98925,326.2,0.39,0.36,2020-05-28,0014,N20,VIIRS,n,2,279.88,2.48,N,2
52.73443,29.79512,342.02,0.41,0.45,2020-05-28,1003,N20,VIIRS,n,2,289.82,10.04,D,0
52.30447,26.79033,337.97,0.55,0.51,2020-05-28,1003,N20,VIIRS,n,2,294.35,11.28,D,0
52.30218,26.80089,338.39,0.55,0.51,2020-05-28,1003,N20,VIIRS,n,2,294.32,11.28,D,0
52.30647,26.79774,338.79,0.55,0.51,2020-05-28,1003,N20,VIIRS,n,2,293.24,11.28,D,0
52.73057,29.79761,333.63,0.41,0.45,2020-05-28,1003,N20,VIIRS,n,2,293.65,5.15,D,0
54.42683,30.61495,335.61,0.52,0.42,2020-05-28,1004,N20,VIIRS,n,2,300.7,4.2,D,0
53.27169,24.44253,301.93,0.44,0.46,2020-05-28,2355,N20,VIIRS,n,2,281.49,1.08,N,2
53.26418,24.44815,300.25,0.44,0.46,2020-05-28,2355,N20,VIIRS,n,2,281.86,0.94,N,2
53.26272,24.44734,300.47,0.44,0.46,2020-05-28,2355,N20,VIIRS,n,2,282.44,0.91,N,2
52.24377,24.62754,300.34,0.42,0.45,2020-05-28,2356,N20,VIIRS,n,2,279.94,1.01,N,0
53.2697,24.44192,302.53,0.35,0.57,2020-05-29,0136,N20,VIIRS,n,2,279.49,0.77,N,2
53.26205,24.44737,299.53,0.35,0.57,2020-05-29,0136,N20,VIIRS,n,2,279.08,1.15,N,2
53.44112,25.25528,326.77,0.54,0.42,2020-05-29,1125,N20,VIIRS,n,2,289.75,3.1,D,0
52.22998,24.63334,333.17,0.49,0.41,2020-05-29,1125,N20,VIIRS,n,2,297.9,4.31,D,0
53.2736,24.44215,295.48,0.49,0.4,2020-05-31,0058,N20,VIIRS,n,2,281.15,0.71,N,2
54.99669,27.32658,321.94,0.55,0.42,2020-05-31,0058,N20,VIIRS,n,2,277.97,3.75,N,0
53.27258,24.44089,304.41,0.49,0.4,2020-05-31,0058,N20,VIIRS,n,2,281.42,1.27,N,2
53.27008,24.44007,295.81,0.49,0.4,2020-05-31,0058,N20,VIIRS,n,2,280.74,0.71,N,2
53.26363,24.45184,296.64,0.49,0.4,2020-05-31,0058,N20,VIIRS,n,2,281.62,0.82,N,2
51.89382,29.34529,303.84,0.52,0.5,2020-05-31,0058,N20,VIIRS,n,2,280.06,0.96,N,2
52.84964,29.99173,301.52,0.5,0.66,2020-05-31,2258,N20,VIIRS,n,2,279.5,1.91,N,2
52.85011,29.98683,298.79,0.5,0.66,2020-05-31,2259,N20,VIIRS,n,2,278.26,1.14,N,2
51.8928,29.33318,301.85,0.53,0.67,2020-05-31,2259,N20,VIIRS,n,2,278.28,0.74,N,2
53.2591,24.45219,297.92,0.39,0.36,2020-06-01,0039,N20,VIIRS,n,2,281.7,0.73,N,2
53.27074,24.44543,312.84,0.39,0.36,2020-06-01,0039,N20,VIIRS,n,2,282.18,1.48,N,2
53.26331,24.44804,302.24,0.39,0.36,2020-06-01,0039,N20,VIIRS,n,2,282.11,0.9,N,2
52.9238,25.73886,327.01,0.51,0.41,2020-06-01,1028,N20,VIIRS,n,2,287.81,3.58,D,0
51.82994,29.23498,328.23,0.43,0.38,2020-06-01,1028,N20,VIIRS,n,2,287.69,2.81,D,0
52.84531,29.9903,327.18,0.4,0.37,2020-06-01,1028,N20,VIIRS,n,2,285.93,2.39,D,2
52.92177,25.74816,346.7,0.51,0.41,2020-06-01,1028,N20,VIIRS,n,2,292.07,9.34,D,0
55.50392,28.59027,313.88,0.38,0.36,2020-06-02,0020,N20,VIIRS,n,2,278.41,0.85,N,0
53.2612,24.44941,298.72,0.41,0.37,2020-06-02,0021,N20,VIIRS,n,2,281.3,0.9,N,2
53.27294,24.44074,302.67,0.41,0.37,2020-06-02,0021,N20,VIIRS,n,2,277.86,1.16,N,2
53.27102,24.44187,295.04,0.6,0.7,2020-06-02,0201,N20,VIIRS,n,2,275.87,0.69,N,2
53.39432,32.01521,311.62,0.38,0.36,2020-06-03,0001,N20,VIIRS,n,2,283.88,1.63,N,2
52.58155,31.25734,327.46,0.48,0.48,2020-06-03,0951,N20,VIIRS,n,2,294.81,2.78,D,0
52.58073,31.26042,327.67,0.45,0.47,2020-06-04,1112,N20,VIIRS,n,2,294.22,4.52,D,0
53.12474,30.56505,352.11,0.42,0.46,2020-06-04,1112,N20,VIIRS,n,2,295.56,17.69,D,0
53.81903,25.06165,325.15,0.43,0.38,2020-06-04,1113,N20,VIIRS,n,2,289.94,3.44,D,0
53.81861,25.06317,329.44,0.43,0.38,2020-06-04,1113,N20,VIIRS,n,2,290.7,2,D,0
52.84991,29.99005,323.97,0.54,0.51,2020-06-04,2324,N20,VIIRS,n,2,275.74,4.06,N,2
54.1864,28.50217,300.79,0.32,0.55,2020-06-04,2324,N20,VIIRS,n,2,277.41,0.44,N,0
53.26408,24.45053,295.89,0.55,0.42,2020-06-05,0104,N20,VIIRS,n,2,280.29,0.77,N,2
53.26041,24.4482,295.7,0.55,0.42,2020-06-05,0104,N20,VIIRS,n,2,280.37,0.58,N,2
52.84701,29.98821,318.01,0.6,0.53,2020-06-05,0104,N20,VIIRS,n,2,280.46,2.22,N,2
53.26953,24.44517,297.55,0.55,0.42,2020-06-05,0104,N20,VIIRS,n,2,279.56,0.77,N,2
52.57936,31.26311,331.79,0.54,0.68,2020-06-05,0913,N20,VIIRS,n,2,286.22,2.63,D,0
52.8077,30.9325,335.97,0.45,0.39,2020-06-05,1053,N20,VIIRS,n,2,295.84,2.96,D,0
53.91297,24.81474,339.62,0.39,0.36,2020-06-05,1054,N20,VIIRS,n,2,295.59,6.14,D,0
53.71136,25.34689,331.59,0.38,0.36,2020-06-05,1054,N20,VIIRS,n,2,298.47,3.01,D,0
55.52924,30.65734,295.7,0.42,0.61,2020-06-05,2304,N20,VIIRS,n,2,277.62,0.48,N,0
55.53262,30.6568,298.74,0.42,0.61,2020-06-05,2304,N20,VIIRS,n,2,277.25,0.74,N,0
52.84668,29.99091,333.27,0.39,0.36,2020-06-06,1034,N20,VIIRS,n,2,300.81,3.69,D,2
53.91776,27.70441,331.49,0.4,0.37,2020-06-06,1035,N20,VIIRS,n,2,299.95,2.39,D,0
52.15873,27.15667,350.33,0.7,0.75,2020-06-06,1215,N20,VIIRS,n,2,291.29,11.84,D,0
52.15715,27.16105,367,0.7,0.75,2020-06-06,1215,N20,VIIRS,h,2,290.51,13.37,D,0
51.70316,27.42174,367,0.72,0.75,2020-06-06,1215,N20,VIIRS,h,2,294.21,18.17,D,0
51.69883,27.41621,326.81,0.72,0.75,2020-06-06,1215,N20,VIIRS,n,2,294.81,8.54,D,0
51.69854,27.42701,348.76,0.72,0.75,2020-06-06,1215,N20,VIIRS,n,2,290.98,8.54,D,0
55.48987,28.59552,310.09,0.77,0.77,2020-06-06,2245,N20,VIIRS,n,2,281.13,1.93,N,0
52.84621,29.98595,297.61,0.68,0.74,2020-06-06,2246,N20,VIIRS,n,2,282.7,1.85,N,2
52.87476,30.34845,298.96,0.66,0.73,2020-06-06,2246,N20,VIIRS,n,2,280.94,1.11,N,0
52.84552,29.99068,299.44,0.68,0.74,2020-06-06,2246,N20,VIIRS,n,2,281.93,1.43,N,2
53.58699,31.95422,296.02,0.47,0.39,2020-06-07,0026,N20,VIIRS,n,2,285.01,0.38,N,0
53.39408,32.01487,306.19,0.47,0.4,2020-06-07,0026,N20,VIIRS,n,2,288.2,1.66,N,2
55.50478,28.58655,300.53,0.39,0.36,2020-06-07,0026,N20,VIIRS,n,2,282.59,0.44,N,0
55.48466,28.60192,333.14,0.39,0.36,2020-06-07,0026,N20,VIIRS,n,2,282.99,3.12,N,0
54.30822,28.25502,299.08,0.39,0.36,2020-06-07,0026,N20,VIIRS,n,2,277.91,0.71,N,0
51.8941,29.3407,302.47,0.43,0.38,2020-06-07,0027,N20,VIIRS,n,2,285.82,0.97,N,2
52.84919,29.99107,324.21,0.43,0.38,2020-06-07,0027,N20,VIIRS,n,2,285.08,2.34,N,2
52.8478,29.9894,327.63,0.43,0.38,2020-06-07,0027,N20,VIIRS,n,2,286.91,3.04,N,2
53.31451,26.06136,299.34,0.38,0.36,2020-06-07,0027,N20,VIIRS,n,2,282.18,0.49,N,0
52.84541,29.99227,305.05,0.39,0.36,2020-06-08,0008,N20,VIIRS,n,2,286.31,0.76,N,2
53.67014,31.8284,302.1,0.39,0.36,2020-06-08,0008,N20,VIIRS,n,2,287.14,0.74,N,2
53.3965,32.01647,299.44,0.39,0.36,2020-06-08,0008,N20,VIIRS,n,2,286.37,1.01,N,2
53.39326,32.01496,308.38,0.39,0.36,2020-06-08,0008,N20,VIIRS,n,2,287.97,1.01,N,2
52.9113,30.59416,297.81,0.38,0.36,2020-06-08,0008,N20,VIIRS,n,2,286.74,0.58,N,0
52.85191,29.99495,299.19,0.39,0.36,2020-06-08,0008,N20,VIIRS,n,2,288.05,0.98,N,2
52.84866,29.99361,318.83,0.39,0.36,2020-06-08,0008,N20,VIIRS,n,2,287.35,0.76,N,2
53.27311,24.44072,311.47,0.5,0.41,2020-06-08,0008,N20,VIIRS,n,2,287.91,1.14,N,2
53.26488,24.44615,299.92,0.5,0.41,2020-06-08,0008,N20,VIIRS,n,2,287.62,0.78,N,2
53.27317,24.4421,307.94,0.5,0.41,2020-06-08,0008,N20,VIIRS,n,2,287.6,1.04,N,2
53.26492,24.44752,300.67,0.5,0.41,2020-06-08,0008,N20,VIIRS,n,2,287.82,0.6,N,2
51.8909,29.34265,300.86,0.78,0.78,2020-06-08,0148,N20,VIIRS,n,2,284.95,1.23,N,2
51.89058,29.34574,334.27,0.52,0.5,2020-06-08,0957,N20,VIIRS,n,2,302.57,2.4,D,2
51.99218,28.7443,342.47,0.54,0.51,2020-06-08,0957,N20,VIIRS,n,2,298.47,11.06,D,0
52.84488,29.99466,326.79,0.46,0.47,2020-06-08,0957,N20,VIIRS,l,2,301.63,6.52,D,2
51.98787,28.74734,330.2,0.54,0.51,2020-06-08,0957,N20,VIIRS,n,2,298.03,3.4,D,0
51.73602,28.76617,330.4,0.55,0.51,2020-06-08,0957,N20,VIIRS,n,2,299.78,3.28,D,0
51.98901,28.74635,340.93,0.54,0.51,2020-06-08,0957,N20,VIIRS,n,2,300.27,5.04,D,0
51.99331,28.74331,329.15,0.54,0.51,2020-06-08,0957,N20,VIIRS,n,2,296.73,5.04,D,0
55.78625,28.07504,327.09,0.44,0.46,2020-06-08,0958,N20,VIIRS,n,2,296.02,1.8,D,0
55.78653,28.07542,325.38,0.44,0.46,2020-06-08,0958,N20,VIIRS,n,2,295.89,1.33,D,0
51.8921,29.3416,340.34,0.34,0.56,2020-06-08,1137,N20,VIIRS,n,2,303.19,5.87,D,2
51.89338,29.34452,341.67,0.34,0.56,2020-06-08,1137,N20,VIIRS,n,2,300.93,4.44,D,2
52.15658,27.13663,340.88,0.55,0.51,2020-06-08,1137,N20,VIIRS,n,2,300.16,7.63,D,0
52.84795,29.99179,330.11,0.37,0.58,2020-06-08,1137,N20,VIIRS,l,2,302.99,5.38,D,2
51.50691,29.40632,367,0.34,0.56,2020-06-08,1137,N20,VIIRS,h,2,306,48.27,D,0
51.50673,29.40136,310.51,0.34,0.56,2020-06-08,1137,N20,VIIRS,l,2,316.48,58.85,D,0
51.50173,29.40681,334.29,0.34,0.56,2020-06-08,1137,N20,VIIRS,n,2,300.57,3.72,D,0
55.48404,28.60152,305.64,0.56,0.43,2020-06-08,2348,N20,VIIRS,n,2,287.28,1.53,N,0
55.48658,28.60036,328.5,0.56,0.43,2020-06-08,2348,N20,VIIRS,n,2,288.12,3.2,N,0
55.48798,28.60262,310.65,0.56,0.43,2020-06-08,2348,N20,VIIRS,n,2,287.23,1.53,N,0
53.39564,32.01389,316.74,0.42,0.38,2020-06-08,2349,N20,VIIRS,n,2,291.42,1.98,N,2
52.84619,29.98871,329.23,0.47,0.4,2020-06-08,2349,N20,VIIRS,n,2,289.34,3.74,N,2
52.85626,29.99895,301.12,0.47,0.4,2020-06-08,2349,N20,VIIRS,n,2,289.23,1.51,N,0
52.8498,29.98981,307.2,0.47,0.4,2020-06-08,2349,N20,VIIRS,n,2,288.93,3.74,N,2
55.50464,28.59018,296.76,0.36,0.58,2020-06-09,0128,N20,VIIRS,n,2,285.95,0.27,N,0
55.48721,28.60614,311.78,0.36,0.58,2020-06-09,0128,N20,VIIRS,n,2,286.1,1.46,N,0
53.58958,31.95547,295.34,0.56,0.69,2020-06-09,0129,N20,VIIRS,n,2,285.27,0.39,N,0
52.84927,29.99316,304.19,0.51,0.66,2020-06-09,0129,N20,VIIRS,n,2,285.83,0.77,N,2
52.84784,29.99125,304.46,0.51,0.66,2020-06-09,0129,N20,VIIRS,n,2,285.82,1.3,N,2
51.89114,29.34341,333.01,0.39,0.6,2020-06-09,0938,N20,VIIRS,n,2,287.47,2.37,D,2
51.65842,28.69079,338.98,0.4,0.44,2020-06-09,1118,N20,VIIRS,n,2,301.99,4.16,D,0
51.50728,29.40264,329.93,0.42,0.45,2020-06-09,1118,N20,VIIRS,n,2,302.95,2.3,D,0
51.79105,29.00208,340.97,0.41,0.45,2020-06-09,1118,N20,VIIRS,n,2,302.22,4.93,D,0
51.85749,28.17257,354.28,0.38,0.43,2020-06-09,1118,N20,VIIRS,n,2,301.99,8.59,D,0
52.84849,29.99412,334.65,0.47,0.47,2020-06-09,2330,N20,VIIRS,n,2,289.58,6.54,N,2
53.39623,32.01081,302.01,0.39,0.44,2020-06-09,2330,N20,VIIRS,n,2,289.43,1.73,N,2
52.84898,29.98715,312.83,0.47,0.47,2020-06-09,2330,N20,VIIRS,n,2,287.6,4.92,N,2
53.39574,32.01673,306.82,0.39,0.44,2020-06-09,2330,N20,VIIRS,n,2,290.99,1.9,N,2
52.84971,29.99042,297.12,0.34,0.56,2020-06-10,0110,N20,VIIRS,n,2,285.47,0.95,N,2
53.58792,31.95234,297.35,0.38,0.59,2020-06-10,0110,N20,VIIRS,n,2,285.8,0.59,N,0
52.84675,29.99099,305.51,0.34,0.56,2020-06-10,0110,N20,VIIRS,n,2,285.94,0.49,N,2
52.84832,29.99504,299.85,0.34,0.56,2020-06-10,0110,N20,VIIRS,n,2,286.56,1.02,N,2
51.89008,29.33965,304.48,0.35,0.57,2020-06-10,0111,N20,VIIRS,n,2,287.43,0.47,N,2
51.88923,29.34507,336.78,0.59,0.7,2020-06-10,0919,N20,VIIRS,n,2,295.56,6.48,D,2
51.89182,29.34598,329.31,0.59,0.7,2020-06-10,0919,N20,VIIRS,n,2,295.22,4.03,D,2
52.74147,30.91649,334.33,0.48,0.65,2020-06-10,0919,N20,VIIRS,n,2,294.76,7.14,D,0
51.89205,29.34295,340.66,0.44,0.38,2020-06-10,1059,N20,VIIRS,n,2,310.31,8.49,D,2
51.90122,28.16456,332.77,0.41,0.37,2020-06-10,1059,N20,VIIRS,n,2,303.01,4.55,D,0
52.77979,29.15833,333.07,0.44,0.39,2020-06-10,1100,N20,VIIRS,n,2,301.05,1.84,D,0
53.48362,23.87857,329.55,0.38,0.36,2020-06-10,1100,N20,VIIRS,n,2,293.09,0.86,D,0
52.84598,29.99391,332.31,0.47,0.4,2020-06-10,1100,N20,VIIRS,l,2,306.57,6.64,D,2
52.74326,30.91186,345.83,0.5,0.41,2020-06-10,1100,N20,VIIRS,n,2,304.56,21.78,D,0
52.73881,30.90545,332.22,0.5,0.41,2020-06-10,1100,N20,VIIRS,l,2,305.5,8.56,D,0
52.73954,30.91286,345.49,0.5,0.41,2020-06-10,1100,N20,VIIRS,n,2,308.55,8.56,D,0
52.74027,30.92025,341.73,0.5,0.41,2020-06-10,1100,N20,VIIRS,n,2,302.05,7.94,D,0
52.73582,30.91386,344.11,0.5,0.41,2020-06-10,1100,N20,VIIRS,n,2,306.72,8.56,D,0
52.84628,29.99198,310.42,0.37,0.58,2020-06-10,2311,N20,VIIRS,n,2,289.32,1.45,N,2
53.39651,32.01578,307.4,0.61,0.54,2020-06-10,2311,N20,VIIRS,n,2,292.45,2.11,N,2
52.84658,29.99182,318.74,0.45,0.47,2020-06-11,0052,N20,VIIRS,n,2,289.98,2.04,N,2
51.89344,29.33949,338.55,0.38,0.36,2020-06-11,1040,N20,VIIRS,l,2,311.14,8.58,D,2
52.05942,30.01089,342.8,0.38,0.36,2020-06-11,1040,N20,VIIRS,n,2,309.77,18.76,D,0
52.93232,27.91235,338.05,0.39,0.36,2020-06-11,1041,N20,VIIRS,n,2,305.02,3.55,D,0
53.01351,24.06777,330.16,0.46,0.39,2020-06-11,1041,N20,VIIRS,n,2,297.56,2.81,D,0
53.30336,30.13487,332.76,0.39,0.36,2020-06-11,1041,N20,VIIRS,n,2,303.03,1.81,D,0
51.87599,23.73792,329.33,0.49,0.4,2020-06-11,1041,N20,VIIRS,n,2,296.63,2.86,D,0
52.8465,29.99224,338.32,0.39,0.36,2020-06-11,1041,N20,VIIRS,l,2,311,3.54,D,2
55.49685,26.97919,335.93,0.39,0.36,2020-06-11,1042,N20,VIIRS,n,2,296.76,3.14,D,0
51.89421,29.33853,301.56,0.62,0.72,2020-06-11,2252,N20,VIIRS,n,2,290.59,0.88,N,2
51.94948,28.3354,300.63,0.44,0.38,2020-06-12,0033,N20,VIIRS,n,2,288.67,0.7,N,0
52.84639,29.99206,308.66,0.47,0.4,2020-06-12,0033,N20,VIIRS,n,2,291.04,1.65,N,2
52.8469,29.99201,308.75,0.47,0.4,2020-06-12,0033,N20,VIIRS,n,2,291.06,1.21,N,2
51.89557,29.34046,305.12,0.47,0.4,2020-06-12,0033,N20,VIIRS,n,2,292.4,0.78,N,2
51.89209,29.33859,304.08,0.47,0.4,2020-06-12,0033,N20,VIIRS,n,2,292.06,0.78,N,2
52.8465,29.9918,342.1,0.43,0.38,2020-06-12,1022,N20,VIIRS,n,2,309.45,7.99,D,2
52.71951,27.75528,342.62,0.5,0.41,2020-06-12,1022,N20,VIIRS,n,2,299.91,5.74,D,0
51.89199,29.34219,340.72,0.46,0.39,2020-06-12,1022,N20,VIIRS,l,2,314.03,10.27,D,2
53.98175,30.05205,327.87,0.42,0.37,2020-06-12,1022,N20,VIIRS,l,2,301.8,2.91,D,0
54.45991,30.29785,343.93,0.41,0.37,2020-06-12,1022,N20,VIIRS,n,2,297.23,3.81,D,0
52.71771,27.75429,333.64,0.55,0.68,2020-06-12,1203,N20,VIIRS,n,2,297.29,3.45,D,0
52.7202,27.75614,339.49,0.55,0.68,2020-06-12,1203,N20,VIIRS,n,2,296.35,4.95,D,0
53.39585,32.01287,307.86,0.4,0.37,2020-06-13,0014,N20,VIIRS,n,2,290.16,0.98,N,2
51.88959,29.33959,311.88,0.39,0.36,2020-06-13,0014,N20,VIIRS,n,2,292.07,0.95,N,2
51.89282,29.34097,304.56,0.39,0.36,2020-06-13,0014,N20,VIIRS,n,2,292.29,0.85,N,2
53.27046,24.43975,300.79,0.45,0.39,2020-06-13,0014,N20,VIIRS,n,2,288.03,0.4,N,2
52.9776,28.31057,302.56,0.39,0.36,2020-06-13,0014,N20,VIIRS,n,2,289.16,0.49,N,0
52.847,29.99007,313.89,0.39,0.36,2020-06-13,0014,N20,VIIRS,n,2,291.76,1.5,N,2
52.85023,29.99152,307.99,0.39,0.36,2020-06-13,0014,N20,VIIRS,n,2,291,1.27,N,2
51.57711,28.4081,344.62,0.5,0.49,2020-06-13,1003,N20,VIIRS,n,2,297.66,8.45,D,0
51.78952,29.47679,340.56,0.45,0.47,2020-06-13,1003,N20,VIIRS,n,2,296.91,11.77,D,0
51.57537,28.40145,348.5,0.5,0.49,2020-06-13,1003,N20,VIIRS,n,2,300.22,8.92,D,0
51.5712,28.40425,332.46,0.5,0.49,2020-06-13,1003,N20,VIIRS,n,2,298.36,8.92,D,0
51.57955,28.39867,329.5,0.5,0.49,2020-06-13,1003,N20,VIIRS,n,2,299.48,4.03,D,0
51.58128,28.40532,330.31,0.5,0.49,2020-06-13,1003,N20,VIIRS,l,2,300.36,7.79,D,0
51.58041,28.4049,342.97,0.36,0.57,2020-06-13,1143,N20,VIIRS,n,2,297.48,12.05,D,0
51.58059,28.41017,338.61,0.36,0.57,2020-06-13,1143,N20,VIIRS,n,2,296.74,8.78,D,0
52.84933,29.99363,326.95,0.4,0.45,2020-06-14,2336,N20,VIIRS,n,2,287.05,2.03,N,2
53.26983,24.44137,304.97,0.34,0.56,2020-06-14,2336,N20,VIIRS,n,2,282.94,0.76,N,2
52.84982,29.9876,298.16,0.4,0.45,2020-06-14,2336,N20,VIIRS,n,2,286.34,2.03,N,2
52.8458,29.98849,319.05,0.39,0.59,2020-06-15,0117,N20,VIIRS,n,2,285.28,2.31,N,2
52.84532,29.99296,333.21,0.53,0.42,2020-06-15,1106,N20,VIIRS,n,2,298.04,6.63,D,2
52.84492,29.99231,311.44,0.52,0.5,2020-06-16,0058,N20,VIIRS,n,2,285.34,1.44,N,2
52.84913,29.99541,298.86,0.52,0.5,2020-06-16,0058,N20,VIIRS,n,2,285.23,1.44,N,2
55.48476,28.59618,333.39,0.58,0.7,2020-06-16,0908,N20,VIIRS,n,2,284.92,8.04,D,0
55.48316,28.60292,342.89,0.58,0.69,2020-06-16,0908,N20,VIIRS,n,2,284.99,6.34,D,0
52.59059,29.79401,332.44,0.39,0.37,2020-06-16,1047,N20,VIIRS,n,2,293.2,2.57,D,0
52.31966,28.73279,332.99,0.39,0.36,2020-06-16,1047,N20,VIIRS,n,2,296.88,13.04,D,0
52.84584,29.98846,334.09,0.4,0.37,2020-06-16,1047,N20,VIIRS,n,2,293.13,5.06,D,2
53.03047,30.4825,335.33,0.41,0.37,2020-06-16,1047,N20,VIIRS,n,2,295.5,3.29,D,0
53.13282,26.52399,335.83,0.39,0.36,2020-06-16,1047,N20,VIIRS,n,2,294.38,3.33,D,0
53.13606,26.52253,327.6,0.39,0.36,2020-06-16,1047,N20,VIIRS,n,2,294.06,3.33,D,0
51.89135,29.34233,339.98,0.39,0.36,2020-06-16,1047,N20,VIIRS,n,2,307.29,6.58,D,2
55.48454,28.59158,296.32,0.58,0.7,2020-06-16,2258,N20,VIIRS,n,2,279.15,2,N,0
52.84967,29.99359,299.45,0.5,0.66,2020-06-16,2258,N20,VIIRS,n,2,287.25,0.88,N,2
52.86753,30.16061,298.02,0.49,0.65,2020-06-16,2258,N20,VIIRS,n,2,285.98,0.36,N,0
53.39813,32.01325,299.31,0.42,0.61,2020-06-16,2258,N20,VIIRS,n,2,287.15,0.98,N,2
55.48505,28.60278,311.37,0.58,0.7,2020-06-16,2258,N20,VIIRS,n,2,279.28,3.07,N,0
55.48491,28.59331,308.49,0.58,0.7,2020-06-16,2258,N20,VIIRS,n,2,278.99,2.9,N,0
55.48471,28.60105,319.22,0.58,0.7,2020-06-16,2258,N20,VIIRS,n,2,279.4,2,N,0
51.8915,29.33617,313.97,0.53,0.67,2020-06-16,2259,N20,VIIRS,n,2,285.27,2.26,N,2
51.88828,29.33479,298.66,0.53,0.67,2020-06-16,2259,N20,VIIRS,n,2,284.97,0.73,N,2
51.89777,29.33624,298.26,0.53,0.67,2020-06-16,2259,N20,VIIRS,n,2,285.41,1.09,N,0
52.84574,29.99014,327.87,0.52,0.42,2020-06-17,0039,N20,VIIRS,n,2,288.34,3.93,N,2
53.27205,24.44315,309.69,0.39,0.36,2020-06-17,0039,N20,VIIRS,n,2,287.56,1.18,N,2
51.8933,29.34212,306.87,0.52,0.42,2020-06-17,0039,N20,VIIRS,n,2,287.17,2.34,N,2
55.50467,28.59167,298.05,0.43,0.38,2020-06-17,0039,N20,VIIRS,n,2,286.32,0.29,N,0
55.4875,28.60302,305.91,0.43,0.38,2020-06-17,0039,N20,VIIRS,n,2,285.94,1.67,N,0
55.48417,28.601,328.48,0.43,0.38,2020-06-17,0039,N20,VIIRS,n,2,286.49,1.67,N,0
55.48636,28.60186,328.89,0.43,0.38,2020-06-17,0039,N20,VIIRS,n,2,287.13,3.33,N,0
52.84936,29.99234,298.18,0.52,0.42,2020-06-17,0039,N20,VIIRS,n,2,287.41,0.97,N,2
52.31987,28.72981,332.23,0.43,0.38,2020-06-17,1028,N20,VIIRS,n,2,298.54,3.95,D,0
53.30581,30.13057,333.59,0.4,0.37,2020-06-17,1028,N20,VIIRS,n,2,303.16,2.46,D,0
53.39938,27.41136,343.51,0.45,0.39,2020-06-17,1028,N20,VIIRS,n,2,300.6,26.45,D,0
53.66508,28.17834,332.17,0.42,0.38,2020-06-17,1028,N20,VIIRS,n,2,295.5,2.16,D,0
51.8919,29.34538,335.88,0.42,0.38,2020-06-17,1028,N20,VIIRS,l,2,307.75,5.64,D,2
51.89079,29.33944,335.63,0.42,0.38,2020-06-17,1028,N20,VIIRS,l,2,309.74,5.64,D,2
52.05203,30.18118,334.43,0.41,0.37,2020-06-17,1028,N20,VIIRS,n,2,301.32,4.72,D,0
55.42763,30.04492,326.14,0.39,0.36,2020-06-17,1029,N20,VIIRS,n,2,298.01,1.79,D,0
52.85194,29.9897,305.36,0.79,0.78,2020-06-17,2239,N20,VIIRS,n,2,284.19,2.19,N,2
52.85184,29.99375,298.6,0.79,0.78,2020-06-17,2239,N20,VIIRS,n,2,284.57,1.8,N,2
53.5879,31.95574,297.81,0.43,0.38,2020-06-18,0020,N20,VIIRS,n,2,287.77,0.31,N,0
52.84878,29.99234,329.28,0.4,0.37,2020-06-18,0020,N20,VIIRS,n,2,289.98,4.98,N,2
54.68429,29.13451,306.89,0.38,0.36,2020-06-18,0020,N20,VIIRS,n,2,286.85,0.6,N,0
52.84552,29.99074,302.14,0.4,0.37,2020-06-18,0020,N20,VIIRS,n,2,288.01,0.74,N,2
55.50549,28.58746,299.79,0.38,0.36,2020-06-18,0020,N20,VIIRS,n,2,287.45,0.38,N,0
52.85428,30.0013,300.48,0.4,0.37,2020-06-18,0020,N20,VIIRS,n,2,289.46,0.6,N,0
52.85531,29.99554,302.52,0.4,0.37,2020-06-18,0020,N20,VIIRS,n,2,290.6,0.83,N,2
53.27015,24.44128,307.15,0.41,0.37,2020-06-18,0021,N20,VIIRS,n,2,288.86,1.54,N,2
51.89196,29.34284,299.42,0.4,0.37,2020-06-18,0021,N20,VIIRS,n,2,282.21,0.45,N,2
53.27301,24.44309,298.84,0.6,0.7,2020-06-18,0200,N20,VIIRS,n,2,285.01,0.52,N,2
53.27106,24.44442,299.54,0.6,0.7,2020-06-18,0200,N20,VIIRS,n,2,285.04,0.41,N,2
52.84639,29.99498,331.88,0.53,0.42,2020-06-18,1009,N20,VIIRS,l,2,303.22,4.29,D,2
53.75935,30.22611,341.53,0.5,0.41,2020-06-18,1010,N20,VIIRS,n,2,297.7,2.51,D,0
53.75805,30.22696,333.79,0.5,0.41,2020-06-18,1010,N20,VIIRS,n,2,296.71,1.51,D,0
53.76159,30.22479,333.29,0.5,0.41,2020-06-18,1010,N20,VIIRS,n,2,297.97,1.94,D,0
53.60313,26.38824,331.81,0.45,0.47,2020-06-18,1010,N20,VIIRS,n,2,295.43,2.61,D,0
55.50404,28.58998,298.92,0.45,0.39,2020-06-19,0001,N20,VIIRS,n,2,286.84,0.88,N,0
53.58765,31.95146,300.56,0.39,0.36,2020-06-19,0001,N20,VIIRS,n,2,289,0.73,N,0
53.39592,32.01387,303.01,0.38,0.36,2020-06-19,0001,N20,VIIRS,n,2,290.03,0.82,N,2
53.26347,24.44915,303.47,0.57,0.43,2020-06-19,0002,N20,VIIRS,n,2,287.22,1.11,N,2
53.2618,24.45177,303.22,0.57,0.43,2020-06-19,0002,N20,VIIRS,n,2,286.72,1.39,N,2
52.85421,29.99689,303.84,0.4,0.37,2020-06-19,0002,N20,VIIRS,n,2,292.07,1.1,N,2
52.84662,29.99282,328.47,0.4,0.37,2020-06-19,0002,N20,VIIRS,n,2,289.92,3.33,N,2
53.27217,24.44251,313.22,0.57,0.43,2020-06-19,0002,N20,VIIRS,n,2,287.45,2.01,N,2
55.27813,30.72766,328.35,0.42,0.45,2020-06-19,0951,N20,VIIRS,l,2,300.41,3.91,D,0
51.8897,29.33996,339.29,0.58,0.52,2020-06-19,1131,N20,VIIRS,n,2,300.96,11.69,D,2
51.89333,29.34092,342.43,0.58,0.52,2020-06-19,1131,N20,VIIRS,n,2,299.86,9.25,D,2
53.26535,24.44597,299.31,0.59,0.53,2020-06-19,2343,N20,VIIRS,n,2,282.95,3.17,N,0
53.27307,24.43981,309.03,0.59,0.53,2020-06-19,2343,N20,VIIRS,n,2,282.19,3.87,N,2
53.27064,24.43763,299.54,0.59,0.53,2020-06-19,2343,N20,VIIRS,n,2,281.15,2.19,N,2
51.89535,29.34297,311.59,0.55,0.42,2020-06-19,2343,N20,VIIRS,n,2,286.39,1.76,N,2
52.8465,29.99382,309.79,0.53,0.42,2020-06-19,2343,N20,VIIRS,n,2,271.99,2.15,N,2
53.1095,30.56244,326.87,0.37,0.58,2020-06-20,0932,N20,VIIRS,n,2,291.37,2.3,D,0
53.27023,24.44357,329.88,0.41,0.37,2020-06-20,1112,N20,VIIRS,n,2,296.21,3.14,D,2
52.84475,29.99078,329.81,0.4,0.44,2020-06-20,1112,N20,VIIRS,n,2,280.06,4.73,D,2
51.89304,29.34297,296.85,0.6,0.53,2020-06-21,0104,N20,VIIRS,n,2,283.33,1.16,N,2
53.27165,24.44153,308.35,0.54,0.42,2020-06-21,0104,N20,VIIRS,n,2,284.68,2.64,N,2
53.27055,24.44177,307.81,0.54,0.42,2020-06-21,0104,N20,VIIRS,n,2,283.77,2.06,N,2
53.26513,24.44713,296.17,0.55,0.42,2020-06-21,0104,N20,VIIRS,n,2,283.36,1.7,N,2
51.89193,29.33966,301.55,0.6,0.53,2020-06-21,0104,N20,VIIRS,n,2,283.34,2.14,N,2
51.89693,29.34235,305.97,0.46,0.63,2020-06-21,2305,N20,VIIRS,n,2,281.77,1.84,N,0
51.8918,29.34277,318.87,0.4,0.44,2020-06-22,0046,N20,VIIRS,n,2,285.31,1.65,N,2
51.88797,29.34043,303.61,0.4,0.44,2020-06-22,0046,N20,VIIRS,n,2,284.92,0.75,N,2
55.53152,28.50879,301.63,0.78,0.78,2020-06-22,2245,N20,VIIRS,n,2,283.97,1.92,N,0
55.53115,28.51762,301.67,0.78,0.78,2020-06-22,2245,N20,VIIRS,n,2,284.24,2.24,N,0
51.89656,29.34069,324.39,0.73,0.76,2020-06-22,2246,N20,VIIRS,n,2,281.22,4.12,N,2
51.89288,29.33651,332.78,0.73,0.76,2020-06-22,2246,N20,VIIRS,n,2,282.86,6.76,N,2
51.89624,29.32974,298.37,0.73,0.76,2020-06-22,2246,N20,VIIRS,n,2,282.93,4.03,N,0
55.53153,28.51407,297.76,0.39,0.36,2020-06-23,0026,N20,VIIRS,n,2,283.17,0.48,N,0
55.53053,28.52001,305.7,0.39,0.36,2020-06-23,0026,N20,VIIRS,n,2,283.89,0.48,N,0
55.50462,28.59062,299.59,0.39,0.36,2020-06-23,0026,N20,VIIRS,n,2,284.2,0.27,N,0
51.88682,29.33976,306.56,0.43,0.38,2020-06-23,0027,N20,VIIRS,n,2,286.34,0.79,N,2
51.89352,29.3431,333.26,0.43,0.38,2020-06-23,0027,N20,VIIRS,n,2,288.59,4.79,N,2
55.50479,28.58969,298.5,0.42,0.37,2020-06-24,0007,N20,VIIRS,n,2,286.84,0.63,N,0
55.53046,28.51751,299.96,0.42,0.37,2020-06-24,0007,N20,VIIRS,n,2,286.94,0.69,N,0
53.3943,32.01255,310.78,0.39,0.36,2020-06-24,0008,N20,VIIRS,n,2,289.13,1.27,N,2
51.89306,29.34265,320.27,0.39,0.36,2020-06-24,0008,N20,VIIRS,n,2,287.81,1.62,N,2
53.26307,24.44777,296.09,0.5,0.41,2020-06-24,0008,N20,VIIRS,n,2,279.77,0.48,N,2
53.27132,24.44234,313.51,0.5,0.41,2020-06-24,0008,N20,VIIRS,n,2,284.69,2.27,N,2
52.84634,29.98977,343.13,0.39,0.36,2020-06-24,0008,N20,VIIRS,n,2,289.24,3.25,N,2
52.84959,29.99111,301.32,0.39,0.36,2020-06-24,0008,N20,VIIRS,n,2,287.45,3.25,N,2
53.58831,31.95119,301.42,0.39,0.36,2020-06-24,0008,N20,VIIRS,n,2,287.05,0.59,N,0
53.67118,31.82599,297.99,0.39,0.36,2020-06-24,0008,N20,VIIRS,n,2,287.65,0.53,N,2
53.27238,24.4434,302.16,0.46,0.64,2020-06-24,0148,N20,VIIRS,n,2,282.06,0.97,N,2
53.26318,24.45004,299.71,0.46,0.64,2020-06-24,0148,N20,VIIRS,n,2,284.12,1.09,N,2
53.27249,24.44287,302.02,0.46,0.64,2020-06-24,0148,N20,VIIRS,n,2,282.38,0.82,N,2
53.26312,24.45061,300.42,0.46,0.64,2020-06-24,0148,N20,VIIRS,n,2,284.18,1.07,N,2
51.89243,29.34013,305.07,0.78,0.78,2020-06-24,0148,N20,VIIRS,n,2,285.27,2.04,N,2
51.89584,29.34422,301.15,0.78,0.78,2020-06-24,0148,N20,VIIRS,n,2,284.89,0.96,N,0
51.8898,29.33786,296.84,0.78,0.78,2020-06-24,0148,N20,VIIRS,n,2,284.85,1.05,N,2
52.12291,29.24588,339.09,0.51,0.49,2020-06-24,0957,N20,VIIRS,n,2,285.84,5.23,D,0
51.89058,29.34452,337.11,0.34,0.56,2020-06-24,1137,N20,VIIRS,n,2,298.82,3.86,D,2
51.89145,29.3411,334.02,0.34,0.56,2020-06-24,1137,N20,VIIRS,n,2,300.97,3.13,D,2
53.26833,24.44515,326.83,0.43,0.46,2020-06-24,1138,N20,VIIRS,n,2,299.54,2.39,D,2
53.39705,32.01534,305.92,0.42,0.38,2020-06-24,2349,N20,VIIRS,n,2,287.85,0.96,N,2
53.97306,29.59899,299.98,0.5,0.41,2020-06-24,2349,N20,VIIRS,n,2,283.85,0.23,N,0
53.58692,31.95024,299.9,0.43,0.38,2020-06-24,2349,N20,VIIRS,n,2,286.71,0.67,N,0
53.39363,32.01413,300.36,0.42,0.38,2020-06-24,2349,N20,VIIRS,n,2,289.94,0.95,N,2
52.84867,29.99133,323.13,0.47,0.4,2020-06-24,2349,N20,VIIRS,n,2,289.1,2.73,N,2
53.2702,24.44206,311.31,0.51,0.49,2020-06-24,2349,N20,VIIRS,n,2,287.76,2.44,N,2
52.5199,30.09886,297.09,0.46,0.39,2020-06-24,2349,N20,VIIRS,n,2,284.72,0.54,N,0
51.89535,29.34201,299.22,0.48,0.4,2020-06-24,2349,N20,VIIRS,n,2,287.92,0.48,N,2
51.88793,29.34049,296.66,0.53,0.67,2020-06-25,0129,N20,VIIRS,n,2,285.49,0.77,N,2
53.27005,24.44551,309.63,0.62,0.54,2020-06-25,0129,N20,VIIRS,n,2,287.97,2.47,N,2
52.84565,29.99332,311.87,0.51,0.66,2020-06-25,0129,N20,VIIRS,n,2,285.88,2.53,N,2
52.84941,29.98882,312.25,0.51,0.66,2020-06-25,0129,N20,VIIRS,n,2,285.2,1.48,N,2
52.84701,29.99545,300.49,0.51,0.66,2020-06-25,0129,N20,VIIRS,n,2,285.5,1.48,N,2
52.84803,29.98665,301.48,0.51,0.66,2020-06-25,0129,N20,VIIRS,n,2,285.34,2.33,N,2
53.26311,24.45025,297.6,0.62,0.54,2020-06-25,0129,N20,VIIRS,n,2,287.19,0.7,N,2
51.8901,29.34185,342.27,0.39,0.6,2020-06-25,0938,N20,VIIRS,n,2,300.95,4.54,D,2
52.84726,29.99139,345.63,0.35,0.56,2020-06-25,0938,N20,VIIRS,n,2,298.13,4.43,D,2
51.89119,29.34404,342.17,0.42,0.46,2020-06-25,1118,N20,VIIRS,n,2,307.42,6.59,D,2
52.84702,29.99053,332.04,0.46,0.47,2020-06-25,1118,N20,VIIRS,l,2,306.47,8.46,D,2
51.89482,29.33879,334.27,0.49,0.48,2020-06-25,2330,N20,VIIRS,n,2,289.78,5.12,N,2
52.85469,29.99513,301.54,0.47,0.47,2020-06-25,2330,N20,VIIRS,n,2,289.92,1.03,N,2
53.67319,31.82554,299.6,0.4,0.45,2020-06-25,2330,N20,VIIRS,n,2,288.48,0.63,N,2
53.39415,32.01288,308.42,0.39,0.44,2020-06-25,2330,N20,VIIRS,n,2,289.55,1.66,N,2
52.84642,29.98644,298.66,0.47,0.48,2020-06-25,2330,N20,VIIRS,n,2,286.61,1.89,N,2
53.27258,24.44126,321.02,0.4,0.6,2020-06-25,2330,N20,VIIRS,n,2,288.68,2.76,N,2
52.84593,29.99341,314.96,0.47,0.47,2020-06-25,2330,N20,VIIRS,n,2,287.14,1.89,N,2
53.2613,24.44664,297.39,0.4,0.6,2020-06-25,2330,N20,VIIRS,n,2,286.34,0.76,N,2
52.84857,29.99275,325.66,0.34,0.56,2020-06-26,0110,N20,VIIRS,n,2,287.44,2.27,N,2
52.84689,29.98821,307.02,0.34,0.56,2020-06-26,0110,N20,VIIRS,n,2,285.64,1.63,N,2
52.8455,29.99284,308,0.34,0.56,2020-06-26,0110,N20,VIIRS,n,2,285.99,1.47,N,2
53.58984,31.95307,297.22,0.38,0.59,2020-06-26,0110,N20,VIIRS,n,2,284.9,0.61,N,0
51.89201,29.3411,348.31,0.35,0.57,2020-06-26,0111,N20,VIIRS,n,2,288,4.46,N,2
51.89063,29.34565,297.97,0.35,0.57,2020-06-26,0111,N20,VIIRS,n,2,286.64,2.64,N,2
51.8926,29.33697,335.08,0.59,0.7,2020-06-26,0919,N20,VIIRS,n,2,298.14,6.95,D,2
51.89275,29.34328,345.93,0.59,0.7,2020-06-26,0919,N20,VIIRS,n,2,299.21,7.69,D,2
52.84423,29.99317,326.31,0.52,0.67,2020-06-26,0919,N20,VIIRS,l,2,296.91,9.17,D,2
53.75533,29.67174,328.46,0.49,0.65,2020-06-26,0920,N20,VIIRS,n,2,289.86,3.16,D,0
51.89106,29.33982,337.92,0.44,0.38,2020-06-26,1059,N20,VIIRS,l,2,311.11,3.84,D,2
51.99975,25.84,346.2,0.39,0.36,2020-06-26,1059,N20,VIIRS,n,2,302.2,5.94,D,0
53.27081,24.44454,334.23,0.38,0.36,2020-06-26,1100,N20,VIIRS,n,2,304.33,3.47,D,2
53.67908,23.89993,332.63,0.38,0.36,2020-06-26,1100,N20,VIIRS,l,2,306.28,2.59,D,0
53.27179,24.43838,306.78,0.63,0.72,2020-06-26,2311,N20,VIIRS,n,2,287.79,1.61,N,2
53.39393,32.0126,299.51,0.61,0.54,2020-06-26,2311,N20,VIIRS,n,2,289.03,1.35,N,2
53.26528,24.44848,299.94,0.63,0.72,2020-06-26,2311,N20,VIIRS,n,2,288.17,1.61,N,2
52.84857,29.98697,302.45,0.37,0.58,2020-06-26,2311,N20,VIIRS,n,2,287.94,1.63,N,2
52.84841,29.99253,317.26,0.37,0.58,2020-06-26,2311,N20,VIIRS,n,2,289.01,1.63,N,2
51.89186,29.3388,308.39,0.39,0.59,2020-06-26,2311,N20,VIIRS,n,2,287.74,1.95,N,2
54.32595,28.34013,322.66,0.54,0.42,2020-06-27,0051,N20,VIIRS,n,2,286.14,2.57,N,0
54.32716,28.33903,328.09,0.54,0.42,2020-06-27,0051,N20,VIIRS,n,2,286.94,3.48,N,0
51.89457,29.34187,302.65,0.45,0.47,2020-06-27,0052,N20,VIIRS,n,2,288.59,0.82,N,2
51.89235,29.33951,299.5,0.45,0.47,2020-06-27,0052,N20,VIIRS,n,2,287.98,0.93,N,2
51.89053,29.33924,298.09,0.45,0.47,2020-06-27,0052,N20,VIIRS,n,2,287.3,0.82,N,2
53.26069,24.45161,303.92,0.44,0.38,2020-06-27,0052,N20,VIIRS,n,2,289.91,0.72,N,2
53.26998,24.44271,319.61,0.44,0.38,2020-06-27,0052,N20,VIIRS,n,2,290.28,2.46,N,2
52.84512,29.99398,296.55,0.45,0.47,2020-06-27,0052,N20,VIIRS,n,2,286.51,1.3,N,2
52.84672,29.98769,310.76,0.45,0.47,2020-06-27,0052,N20,VIIRS,n,2,288.15,1.3,N,2
51.89307,29.34238,341.53,0.38,0.36,2020-06-27,1040,N20,VIIRS,l,2,313.4,6.51,D,2
53.91877,27.70355,336.18,0.39,0.36,2020-06-27,1041,N20,VIIRS,n,2,306.46,1.98,D,0
55.10076,30.3717,352.11,0.4,0.37,2020-06-27,1041,N20,VIIRS,n,2,307.2,19.81,D,0
52.93178,27.91487,336.39,0.39,0.36,2020-06-27,1041,N20,VIIRS,n,2,297.88,3.21,D,0
53.27042,24.44025,327.36,0.44,0.39,2020-06-27,1041,N20,VIIRS,l,2,298.99,2.59,D,2
53.27026,24.43993,327,0.44,0.39,2020-06-27,1041,N20,VIIRS,l,2,299.24,3.88,D,2
53.58903,31.95345,298.1,0.52,0.41,2020-06-28,0033,N20,VIIRS,n,2,286.63,0.76,N,0
52.654,26.5271,297.56,0.4,0.37,2020-06-28,0033,N20,VIIRS,n,2,285.72,0.88,N,0
52.84533,29.99222,333.35,0.43,0.38,2020-06-28,1022,N20,VIIRS,n,2,296.58,6.04,D,2
55.50424,28.5854,297.29,0.39,0.36,2020-06-29,0013,N20,VIIRS,n,2,286.93,0.5,N,0
53.5882,31.9545,299.74,0.4,0.37,2020-06-29,0014,N20,VIIRS,n,2,286.34,0.83,N,0
54.18409,28.5734,296.58,0.39,0.36,2020-06-29,0014,N20,VIIRS,n,2,286.12,0.37,N,0
51.89441,29.34592,297.67,0.39,0.36,2020-06-29,0014,N20,VIIRS,n,2,287.36,0.43,N,2
51.89531,29.34045,304.69,0.39,0.36,2020-06-29,0014,N20,VIIRS,n,2,287.9,0.74,N,2
53.26486,24.44641,296.68,0.45,0.39,2020-06-29,0014,N20,VIIRS,n,2,284.92,0.63,N,2
53.27272,24.44194,313.61,0.45,0.39,2020-06-29,0014,N20,VIIRS,n,2,284.54,2.12,N,2
52.84537,29.99353,301.53,0.39,0.36,2020-06-29,0014,N20,VIIRS,n,2,287.07,1.34,N,2
52.84629,29.98794,327.87,0.39,0.36,2020-06-29,0014,N20,VIIRS,n,2,287.5,1.34,N,2
52.8486,29.99499,298.8,0.39,0.36,2020-06-29,0014,N20,VIIRS,n,2,287.2,1.34,N,2
52.84953,29.9894,314.35,0.39,0.36,2020-06-29,0014,N20,VIIRS,n,2,287.02,1.34,N,2
52.85506,29.9979,307.14,0.39,0.36,2020-06-29,0014,N20,VIIRS,n,2,289.18,1.03,N,2
52.77877,30.99385,302.12,0.39,0.36,2020-06-29,0014,N20,VIIRS,n,2,287.45,0.93,N,0
53.39451,32.01514,308.83,0.4,0.37,2020-06-29,0014,N20,VIIRS,n,2,288.44,1.46,N,2
53.27221,24.44132,299.68,0.52,0.67,2020-06-29,0154,N20,VIIRS,n,2,285.53,0.8,N,2
53.26199,24.44954,300.35,0.53,0.67,2020-06-29,0154,N20,VIIRS,n,2,286.25,1.84,N,2
53.2705,24.44696,298.35,0.52,0.67,2020-06-29,0154,N20,VIIRS,n,2,285.78,1.4,N,2
53.26268,24.4484,298.94,0.53,0.67,2020-06-29,0154,N20,VIIRS,n,2,286.19,1.11,N,2
53.65396,32.39232,330.74,0.48,0.4,2020-06-29,1003,N20,VIIRS,n,2,298.18,4.31,D,0
53.65746,32.39024,329.27,0.48,0.4,2020-06-29,1003,N20,VIIRS,n,2,294.74,3.15,D,0
51.89104,29.34531,336.14,0.45,0.47,2020-06-29,1003,N20,VIIRS,n,2,296.8,4.93,D,2
52.84625,29.99261,340.82,0.4,0.44,2020-06-29,1003,N20,VIIRS,n,2,300.21,7.52,D,2
51.88992,29.33793,299.36,0.43,0.38,2020-06-29,2355,N20,VIIRS,n,2,277.08,0.44,N,2
52.84832,29.98907,321.3,0.43,0.38,2020-06-29,2355,N20,VIIRS,n,2,269.16,2.55,N,2
54.87815,28.69067,311.13,0.49,0.4,2020-06-29,2355,N20,VIIRS,n,2,266.67,1.17,N,0
52.84943,29.99066,306.47,0.58,0.7,2020-06-30,0135,N20,VIIRS,n,2,283.96,1.91,N,2
53.2703,24.44308,326.52,0.5,0.41,2020-06-30,1125,N20,VIIRS,n,2,298.95,2.94,D,2
55.5339,28.51403,296.61,0.49,0.49,2020-06-30,2336,N20,VIIRS,n,2,283.99,1.02,N,0
52.63566,29.89715,337.53,0.41,0.45,2020-06-30,2336,N20,VIIRS,n,2,285.48,6.29,N,0
53.26248,24.44596,295.71,0.34,0.56,2020-06-30,2336,N20,VIIRS,n,2,280.46,0.43,N,2
53.27309,24.4418,324.02,0.34,0.56,2020-06-30,2336,N20,VIIRS,n,2,285.6,1.9,N,2
53.06845,29.60475,337.31,0.42,0.45,2020-06-30,2336,N20,VIIRS,n,2,285.07,4.05,N,0
53.58699,31.95409,295.69,0.52,0.42,2020-06-30,2336,N20,VIIRS,n,2,284.64,0.58,N,0
51.89062,29.33661,302.46,0.42,0.45,2020-06-30,2337,N20,VIIRS,n,2,285.43,0.74,N,2
53.58783,31.95362,300.23,0.43,0.62,2020-07-01,0116,N20,VIIRS,n,2,282.97,0.38,N,0
53.58566,31.95005,295.34,0.43,0.62,2020-07-01,0116,N20,VIIRS,n,2,281.96,0.23,N,0
52.84595,29.98972,327.18,0.39,0.59,2020-07-01,0116,N20,VIIRS,n,2,284.8,2.12,N,2
51.89076,29.34058,299.62,0.4,0.6,2020-07-01,0117,N20,VIIRS,n,2,283.74,0.69,N,2
52.8465,29.9874,331.83,0.53,0.42,2020-07-01,1106,N20,VIIRS,l,2,303.28,8.24,D,2
52.84496,29.98796,329.78,0.52,0.42,2020-07-01,1106,N20,VIIRS,l,2,304.64,7.23,D,2
53.27114,24.4419,306.34,0.54,0.68,2020-07-01,2317,N20,VIIRS,n,2,285.13,2.28,N,2
52.84943,29.99399,323.75,0.63,0.54,2020-07-01,2317,N20,VIIRS,n,2,286.26,5.96,N,2
53.26437,24.44974,300.08,0.49,0.4,2020-07-02,0058,N20,VIIRS,n,2,287.29,0.89,N,2
53.26935,24.4449,309.24,0.49,0.4,2020-07-02,0058,N20,VIIRS,n,2,287.82,0.89,N,2
52.84952,29.99152,310.81,0.52,0.5,2020-07-02,0058,N20,VIIRS,n,2,285.82,1.87,N,2
55.50481,28.5878,296.55,0.43,0.38,2020-07-03,0038,N20,VIIRS,n,2,285.75,0.54,N,0
53.25929,24.44807,297.68,0.39,0.36,2020-07-03,0039,N20,VIIRS,n,2,286.99,0.31,N,2
53.26252,24.4496,304.75,0.39,0.36,2020-07-03,0039,N20,VIIRS,n,2,288.76,0.97,N,2
53.27093,24.44131,317.57,0.39,0.36,2020-07-03,0039,N20,VIIRS,n,2,288.94,1.36,N,2
53.38569,32.67698,331.66,0.38,0.36,2020-07-03,1028,N20,VIIRS,n,2,296.77,2.85,D,0
53.27188,24.44011,308.12,0.42,0.37,2020-07-04,0020,N20,VIIRS,n,2,281.99,0.93,N,2
53.26352,24.45001,299.25,0.42,0.37,2020-07-04,0020,N20,VIIRS,n,2,281.93,0.7,N,2
53.27214,24.44538,304.14,0.6,0.7,2020-07-04,0200,N20,VIIRS,n,2,284.14,1.04,N,2
55.5048,28.58561,298.13,0.45,0.39,2020-07-05,0001,N20,VIIRS,n,2,285.1,0.72,N,0
53.26229,24.45148,301.95,0.57,0.43,2020-07-05,0001,N20,VIIRS,n,2,286.54,1.31,N,2
55.50666,28.58613,297.76,0.45,0.39,2020-07-05,0001,N20,VIIRS,n,2,284.58,0.43,N,0
53.271,24.44483,314.45,0.57,0.43,2020-07-05,0001,N20,VIIRS,n,2,286.78,1.68,N,2
52.84349,29.98932,326.17,0.52,0.5,2020-07-05,0950,N20,VIIRS,l,2,300.12,7.7,D,2
55.28035,30.72511,327.86,0.42,0.45,2020-07-05,0951,N20,VIIRS,n,2,296.46,1.59,D,0
51.89084,29.34452,340.49,0.58,0.52,2020-07-05,1131,N20,VIIRS,n,2,294.41,16.96,D,2
53.67223,31.82627,300.24,0.47,0.4,2020-07-05,2342,N20,VIIRS,n,2,288.11,1.12,N,2
53.39508,32.01032,304.21,0.46,0.39,2020-07-05,2342,N20,VIIRS,n,2,288.52,1.07,N,2
53.26168,24.44546,301.62,0.59,0.53,2020-07-05,2343,N20,VIIRS,n,2,287.87,1.04,N,2
52.85081,29.9957,298.08,0.53,0.42,2020-07-05,2343,N20,VIIRS,n,2,287.67,1.63,N,2
52.84771,29.98678,309.89,0.53,0.42,2020-07-05,2343,N20,VIIRS,n,2,288.15,2.32,N,2
51.89171,29.33545,298.45,0.55,0.42,2020-07-05,2343,N20,VIIRS,n,2,287.95,1.38,N,2
53.27186,24.43779,306.07,0.59,0.53,2020-07-05,2343,N20,VIIRS,n,2,287.23,2.74,N,2
55.50492,28.58967,298.71,0.32,0.54,2020-07-06,0122,N20,VIIRS,n,2,286.02,0.38,N,0
52.84657,29.98787,319.45,0.45,0.63,2020-07-06,0123,N20,VIIRS,n,2,286.04,2.61,N,2
52.84576,29.99178,367,0.4,0.6,2020-07-06,0932,N20,VIIRS,h,2,297.38,7.04,D,2
52.84453,29.99297,355.87,0.4,0.6,2020-07-06,0932,N20,VIIRS,n,2,296.63,10.18,D,2
52.1452,29.78417,328.76,0.43,0.62,2020-07-06,0932,N20,VIIRS,n,2,295.6,3.47,D,0
52.14444,29.78032,330.96,0.39,0.44,2020-07-06,1112,N20,VIIRS,n,2,302.16,3.16,D,0
52.84399,29.98981,342.2,0.4,0.44,2020-07-06,1112,N20,VIIRS,n,2,302.04,8.1,D,2
52.84735,29.9893,332.85,0.54,0.51,2020-07-06,2324,N20,VIIRS,n,2,283.6,5.94,N,2
52.84626,29.98903,333.73,0.59,0.53,2020-07-07,0104,N20,VIIRS,n,2,288.68,6.4,N,2
52.84677,29.99072,332.99,0.59,0.53,2020-07-07,0104,N20,VIIRS,n,2,288.32,5.8,N,2
53.27029,24.44453,295.49,0.74,0.76,2020-07-07,2304,N20,VIIRS,n,2,280.81,2.92,N,2
53.2632,24.44506,297.41,0.74,0.76,2020-07-07,2304,N20,VIIRS,n,2,281.21,1.8,N,2
53.273,24.43688,302.85,0.74,0.76,2020-07-07,2304,N20,VIIRS,n,2,280.09,2.31,N,2
53.27043,24.44349,314.99,0.41,0.37,2020-07-08,0045,N20,VIIRS,n,2,284.91,1.89,N,2
53.26277,24.44602,295.76,0.41,0.37,2020-07-08,0045,N20,VIIRS,n,2,281.75,0.64,N,2
53.26168,24.45192,298.02,0.41,0.37,2020-07-08,0045,N20,VIIRS,n,2,283.9,0.76,N,2
52.3405,30.15707,326.54,0.39,0.36,2020-07-08,1034,N20,VIIRS,n,2,290.97,1.98,D,0
52.53333,28.50449,327.92,0.4,0.37,2020-07-08,1034,N20,VIIRS,n,2,294.41,1.43,D,0
52.33959,30.15152,325.08,0.39,0.36,2020-07-08,1034,N20,VIIRS,n,2,292.55,1.98,D,0
53.34222,27.76295,328.74,0.41,0.37,2020-07-08,1034,N20,VIIRS,n,2,290.33,2.87,D,0
53.55562,27.33071,332.96,0.41,0.37,2020-07-08,1035,N20,VIIRS,n,2,291.67,3.63,D,0
53.39576,32.01171,298.67,0.56,0.69,2020-07-08,2245,N20,VIIRS,n,2,282.9,0.96,N,2
52.84786,29.98901,318.83,0.43,0.38,2020-07-09,0026,N20,VIIRS,n,2,285.27,1.3,N,2
53.27135,24.44267,322.89,0.39,0.36,2020-07-09,0027,N20,VIIRS,n,2,285.53,2.39,N,2
51.88931,29.33744,295.4,0.43,0.38,2020-07-09,0027,N20,VIIRS,n,2,282.75,0.51,N,2
53.25984,24.45035,299.16,0.39,0.36,2020-07-09,0027,N20,VIIRS,n,2,284.75,0.69,N,2
53.26313,24.45166,300.04,0.39,0.36,2020-07-09,0027,N20,VIIRS,n,2,284.43,0.53,N,2
53.26273,24.45291,296.68,0.68,0.74,2020-07-09,0206,N20,VIIRS,n,2,280.52,2.05,N,2
53.03161,30.48204,335.84,0.46,0.39,2020-07-09,1015,N20,VIIRS,n,2,291.42,6.67,D,0
53.09464,25.19305,329.1,0.45,0.47,2020-07-09,1016,N20,VIIRS,n,2,290.25,2.2,D,0
53.67056,31.82822,296.54,0.39,0.36,2020-07-10,0007,N20,VIIRS,n,2,284.27,0.52,N,2
55.50526,28.58539,295.1,0.42,0.37,2020-07-10,0007,N20,VIIRS,n,2,281.7,0.51,N,0
53.39375,32.01491,301.22,0.39,0.36,2020-07-10,0007,N20,VIIRS,n,2,285.5,0.66,N,2
53.39698,32.01642,297.98,0.39,0.36,2020-07-10,0007,N20,VIIRS,n,2,283.48,0.66,N,2
52.84889,29.99358,327.26,0.39,0.36,2020-07-10,0008,N20,VIIRS,n,2,284,2.13,N,2
52.84564,29.99224,320.98,0.39,0.36,2020-07-10,0008,N20,VIIRS,n,2,282.32,2.13,N,2
53.50277,26.92814,295.29,0.55,0.68,2020-07-10,0148,N20,VIIRS,n,2,278.94,0.89,N,0
53.39701,32.01207,300.5,0.42,0.38,2020-07-10,2349,N20,VIIRS,n,2,286.57,0.77,N,2
52.84804,29.99254,324.32,0.47,0.4,2020-07-10,2349,N20,VIIRS,n,2,288.57,3.74,N,2
51.89031,29.34163,301,0.53,0.67,2020-07-11,0129,N20,VIIRS,n,2,286.36,0.62,N,2
53.27071,24.44075,299.94,0.62,0.54,2020-07-11,0129,N20,VIIRS,n,2,278.39,2.51,N,2
52.84847,29.99558,304.69,0.51,0.66,2020-07-11,0129,N20,VIIRS,n,2,285.58,1.6,N,2
53.27201,24.44744,299.26,0.62,0.54,2020-07-11,0129,N20,VIIRS,n,2,278.33,1.49,N,2
52.85085,29.98895,301.29,0.51,0.66,2020-07-11,0129,N20,VIIRS,n,2,285.76,1.72,N,2
52.84591,29.99308,336.1,0.35,0.56,2020-07-11,0938,N20,VIIRS,n,2,299.46,5.91,D,2
51.8908,29.34065,333.69,0.39,0.6,2020-07-11,0938,N20,VIIRS,n,2,298.35,5.55,D,2
51.89018,29.34312,336.47,0.39,0.6,2020-07-11,0938,N20,VIIRS,n,2,299.16,3.92,D,2
51.8927,29.34334,344.23,0.42,0.46,2020-07-11,1118,N20,VIIRS,n,2,303.88,5.06,D,2
52.84631,29.98941,333.37,0.46,0.47,2020-07-11,1118,N20,VIIRS,n,2,302.56,7.11,D,2
53.27048,24.44422,296.66,0.63,0.72,2020-07-12,2311,N20,VIIRS,n,2,280.34,1.65,N,2
53.27485,24.43955,309.64,0.63,0.72,2020-07-12,2311,N20,VIIRS,n,2,279.92,1.69,N,2
53.26377,24.44444,297.08,0.63,0.72,2020-07-12,2311,N20,VIIRS,n,2,280.42,1.65,N,2
53.26026,24.45371,297.92,0.44,0.38,2020-07-13,0052,N20,VIIRS,n,2,282.57,1.1,N,0
53.26952,24.44481,316.64,0.44,0.38,2020-07-13,0052,N20,VIIRS,n,2,282.95,1.94,N,2
52.76737,30.1573,329.87,0.39,0.36,2020-07-13,1040,N20,VIIRS,n,2,285.85,1.77,D,0
52.30584,28.88198,329.64,0.39,0.36,2020-07-13,1040,N20,VIIRS,n,2,293.25,1.88,D,0
52.84907,29.98569,297.16,0.59,0.7,2020-07-13,2252,N20,VIIRS,n,2,274.01,1.55,N,2
52.42131,29.85212,295.94,0.59,0.7,2020-07-13,2252,N20,VIIRS,n,2,276.71,0.83,N,0
52.84826,29.98868,304.96,0.59,0.7,2020-07-13,2252,N20,VIIRS,n,2,273.81,1.32,N,2
51.86285,26.77921,302.66,0.41,0.37,2020-07-14,0033,N20,VIIRS,n,2,281.68,0.66,N,0
53.27302,24.44066,301.29,0.38,0.36,2020-07-14,0033,N20,VIIRS,n,2,281.42,1.03,N,2
53.27214,24.4463,306.42,0.38,0.36,2020-07-14,0033,N20,VIIRS,n,2,283.34,1.03,N,2
53.26479,24.44913,298.06,0.38,0.36,2020-07-14,0033,N20,VIIRS,n,2,283.39,0.86,N,2
53.26067,24.45336,297.93,0.38,0.36,2020-07-14,0033,N20,VIIRS,n,2,283.22,0.86,N,0
52.84884,29.99123,326.03,0.47,0.4,2020-07-14,0033,N20,VIIRS,n,2,279.15,3.39,N,2
52.43934,28.67868,330.22,0.47,0.4,2020-07-14,1022,N20,VIIRS,n,2,291.98,3.3,D,0
52.43929,28.68001,326.96,0.47,0.4,2020-07-14,1022,N20,VIIRS,n,2,290.98,3.31,D,0
52.84526,29.99431,330.23,0.43,0.38,2020-07-14,1022,N20,VIIRS,n,2,289.35,4.82,D,2
53.27123,24.44489,317.48,0.45,0.39,2020-07-15,0014,N20,VIIRS,n,2,284.29,1.61,N,2
53.26337,24.44936,300.58,0.45,0.39,2020-07-15,0014,N20,VIIRS,n,2,283.93,1.49,N,2
51.8981,29.32366,295.29,0.39,0.36,2020-07-15,0014,N20,VIIRS,n,2,282.56,0.77,N,0
53.26819,24.44494,326.76,0.5,0.49,2020-07-15,1144,N20,VIIRS,n,2,296.98,4.69,D,2
51.89035,29.33723,295.39,0.43,0.38,2020-07-15,2355,N20,VIIRS,n,2,281.42,0.54,N,2
53.27196,24.44236,315.06,0.44,0.46,2020-07-15,2355,N20,VIIRS,n,2,285.27,2.2,N,2
53.26296,24.4472,301.46,0.44,0.46,2020-07-15,2355,N20,VIIRS,n,2,285.24,0.9,N,2
51.89383,29.33835,295.82,0.43,0.38,2020-07-15,2355,N20,VIIRS,n,2,282.3,0.54,N,2
51.89305,29.34463,306.15,0.43,0.38,2020-07-15,2355,N20,VIIRS,n,2,282.49,0.54,N,2
53.27362,24.44356,313.38,0.35,0.57,2020-07-16,0135,N20,VIIRS,n,2,283.29,1.3,N,2
53.25982,24.44975,301.8,0.35,0.57,2020-07-16,0135,N20,VIIRS,n,2,284.32,0.65,N,2
53.93827,29.94075,325.37,0.56,0.51,2020-07-16,0944,N20,VIIRS,n,2,284.05,2.97,D,0
53.2674,24.447,325.71,0.47,0.64,2020-07-16,0945,N20,VIIRS,n,2,294.55,4.22,D,0
52.84889,29.98962,337,0.4,0.45,2020-07-16,2336,N20,VIIRS,n,2,286.52,3.49,N,2
53.3782,30.53116,295.86,0.39,0.44,2020-07-16,2336,N20,VIIRS,n,2,281.42,0.47,N,0
51.8914,29.33717,296.14,0.42,0.45,2020-07-16,2336,N20,VIIRS,n,2,284.69,0.81,N,2
51.89556,29.33806,295.57,0.42,0.45,2020-07-16,2336,N20,VIIRS,n,2,285.52,1.44,N,2
51.89507,29.34423,301.38,0.42,0.45,2020-07-16,2336,N20,VIIRS,n,2,284.99,0.82,N,2
52.84531,29.99129,309.19,0.39,0.59,2020-07-17,0116,N20,VIIRS,n,2,280.83,2.07,N,2
53.76661,27.69676,295.82,0.6,0.53,2020-07-17,0116,N20,VIIRS,n,2,281.94,0.77,N,0
52.8466,29.99322,310.51,0.39,0.59,2020-07-17,0116,N20,VIIRS,n,2,282.09,1.88,N,2
52.84829,29.98801,312.19,0.39,0.59,2020-07-17,0116,N20,VIIRS,n,2,280.76,1.85,N,2
51.89147,29.34295,305.51,0.4,0.6,2020-07-17,0117,N20,VIIRS,n,2,283.16,1.32,N,2
53.26039,24.45317,298.9,0.47,0.48,2020-07-17,0117,N20,VIIRS,n,2,284.55,0.82,N,2
53.26207,24.44666,298.04,0.47,0.48,2020-07-17,0117,N20,VIIRS,n,2,283.99,0.82,N,2
53.27185,24.44597,315.4,0.47,0.48,2020-07-17,0117,N20,VIIRS,n,2,285,2.33,N,2
53.26118,24.45323,297.91,0.47,0.48,2020-07-17,0117,N20,VIIRS,n,2,284.27,0.79,N,0
53.26289,24.44674,298.55,0.47,0.48,2020-07-17,0117,N20,VIIRS,n,2,284.74,0.93,N,2
53.26865,24.44316,302.21,0.47,0.48,2020-07-17,0117,N20,VIIRS,n,2,283.59,0.73,N,2
53.27271,24.44605,305.24,0.47,0.48,2020-07-17,0117,N20,VIIRS,n,2,283.54,0.73,N,2
51.88952,29.34286,329.87,0.52,0.67,2020-07-17,0925,N20,VIIRS,n,2,294.85,3.03,D,2
53.39742,32.01257,325.46,0.42,0.45,2020-07-17,1106,N20,VIIRS,n,2,291.57,3.61,D,2
53.26992,24.44513,326.92,0.39,0.36,2020-07-17,1106,N20,VIIRS,l,2,297.75,1.74,D,2
52.84514,29.99094,335.94,0.52,0.42,2020-07-17,1106,N20,VIIRS,n,2,305.25,7,D,2
53.27059,24.44351,306.63,0.55,0.68,2020-07-17,2317,N20,VIIRS,n,2,285.07,2.31,N,2
52.84787,29.9943,325,0.63,0.54,2020-07-17,2317,N20,VIIRS,n,2,281.74,4.54,N,2
53.397,32.01439,296.88,0.53,0.5,2020-07-17,2317,N20,VIIRS,n,2,282.94,1.61,N,2
52.84826,29.98477,307.34,0.63,0.54,2020-07-17,2317,N20,VIIRS,n,2,279.66,4.54,N,2
51.89677,29.34064,305.17,0.33,0.55,2020-07-17,2317,N20,VIIRS,n,2,285.68,0.69,N,2
51.89021,29.33415,310.71,0.33,0.55,2020-07-17,2318,N20,VIIRS,n,2,286.2,1.15,N,2
51.89515,29.33969,316.92,0.33,0.55,2020-07-17,2318,N20,VIIRS,n,2,287.07,1.46,N,2
55.50441,28.58576,295.43,0.39,0.44,2020-07-18,0057,N20,VIIRS,n,2,283.86,0.47,N,0
55.5053,28.59184,295.14,0.39,0.44,2020-07-18,0057,N20,VIIRS,n,2,283.7,0.67,N,0
53.2713,24.4402,317.92,0.48,0.4,2020-07-18,0058,N20,VIIRS,n,2,287.03,1.4,N,2
52.84627,29.98929,333.71,0.52,0.5,2020-07-18,0058,N20,VIIRS,n,2,282.33,4.86,N,2
53.68074,23.90428,301.88,0.46,0.39,2020-07-18,0058,N20,VIIRS,n,2,287.93,0.66,N,0
53.26131,24.44985,300.73,0.49,0.4,2020-07-18,0058,N20,VIIRS,n,2,287.15,1.2,N,2
51.88928,29.34284,300.7,0.52,0.5,2020-07-18,0058,N20,VIIRS,n,2,284.9,1.15,N,2
53.26894,24.44313,330.43,0.41,0.37,2020-07-18,1047,N20,VIIRS,n,2,301.94,3.59,D,2
52.28934,30.17827,330.59,0.4,0.37,2020-07-18,1047,N20,VIIRS,l,2,301.23,2.58,D,0
52.58919,30.5306,328.47,0.4,0.37,2020-07-18,1047,N20,VIIRS,l,2,303.2,3.7,D,0
52.8447,29.99042,345.78,0.4,0.37,2020-07-18,1047,N20,VIIRS,n,2,305.35,4.27,D,2
54.048,28.15045,327.89,0.39,0.36,2020-07-18,1047,N20,VIIRS,l,2,299.48,2.86,D,0
53.39495,32.01181,304.7,0.42,0.61,2020-07-18,2258,N20,VIIRS,n,2,286.77,1.17,N,2
51.89136,29.33138,296.99,0.53,0.67,2020-07-18,2258,N20,VIIRS,n,2,285.15,0.97,N,2
51.89762,29.33943,304.92,0.53,0.67,2020-07-18,2258,N20,VIIRS,n,2,284.83,0.84,N,2
51.89445,29.33674,310.32,0.53,0.67,2020-07-18,2258,N20,VIIRS,n,2,285.79,2.05,N,2
52.84695,29.99124,308.35,0.5,0.66,2020-07-18,2258,N20,VIIRS,n,2,284.22,2.68,N,2
53.26365,24.44923,304.12,0.39,0.36,2020-07-19,0039,N20,VIIRS,n,2,288.1,1.01,N,2
52.84672,29.99382,327.06,0.52,0.42,2020-07-19,0039,N20,VIIRS,n,2,286.24,5.03,N,2
53.68124,23.90161,308.58,0.39,0.36,2020-07-19,0039,N20,VIIRS,n,2,288.27,1.03,N,0
53.67802,23.90011,319.7,0.39,0.36,2020-07-19,0039,N20,VIIRS,n,2,289.76,1.03,N,0
53.39391,32.01474,297.95,0.4,0.44,2020-07-19,0039,N20,VIIRS,n,2,287,0.78,N,2
51.8941,29.34612,308.21,0.52,0.42,2020-07-19,0039,N20,VIIRS,n,2,285.45,0.96,N,2
53.27205,24.44095,322.84,0.39,0.36,2020-07-19,0039,N20,VIIRS,n,2,288.29,2.51,N,2
53.6798,23.91101,303.17,0.79,0.78,2020-07-19,0219,N20,VIIRS,n,2,285.62,2.98,N,0
52.84459,29.98952,338.34,0.4,0.37,2020-07-19,1028,N20,VIIRS,n,2,305.21,6.61,D,2
51.96934,29.33689,333.31,0.42,0.38,2020-07-19,1028,N20,VIIRS,n,2,304.54,3.17,D,0
53.67802,23.90524,335.1,0.44,0.62,2020-07-19,1209,N20,VIIRS,n,2,296.7,5.26,D,0
53.67822,23.90499,335.49,0.44,0.62,2020-07-19,1209,N20,VIIRS,n,2,297.12,5.49,D,0
51.88825,29.34783,331.33,0.74,0.76,2020-07-19,1209,N20,VIIRS,n,2,288.21,7.98,D,0
51.89243,29.34101,319.62,0.4,0.37,2020-07-20,0020,N20,VIIRS,n,2,286.71,2.26,N,2
53.39573,32.01609,299.46,0.43,0.38,2020-07-20,0020,N20,VIIRS,n,2,285.43,0.75,N,2
53.06705,29.5999,321.34,0.39,0.36,2020-07-20,0020,N20,VIIRS,n,2,283.02,1.9,N,0
52.85488,29.99863,298.58,0.4,0.37,2020-07-20,0020,N20,VIIRS,n,2,288.56,0.86,N,2
52.84938,29.98968,327.32,0.4,0.37,2020-07-20,0020,N20,VIIRS,n,2,286.32,4.22,N,2
52.84612,29.98808,327.45,0.4,0.37,2020-07-20,0020,N20,VIIRS,n,2,285.93,3.37,N,2
51.89769,29.33129,299.67,0.4,0.37,2020-07-20,0020,N20,VIIRS,n,2,288.15,1.63,N,0
52.84478,29.99239,333.9,0.53,0.42,2020-07-20,1009,N20,VIIRS,n,2,301.14,6.72,D,2
53.67224,31.82708,302.12,0.39,0.36,2020-07-21,0001,N20,VIIRS,n,2,287.7,0.99,N,2
55.50648,28.5903,296.43,0.45,0.39,2020-07-21,0001,N20,VIIRS,n,2,285.62,0.49,N,0
53.58813,31.94971,297.49,0.39,0.36,2020-07-21,0001,N20,VIIRS,n,2,285.5,0.81,N,0
53.39316,32.0109,298.8,0.39,0.36,2020-07-21,0001,N20,VIIRS,n,2,287.11,0.85,N,2
52.84664,29.99071,329.34,0.4,0.37,2020-07-21,0001,N20,VIIRS,n,2,288.92,8.85,N,2
53.39641,32.01229,301.47,0.39,0.36,2020-07-21,0001,N20,VIIRS,n,2,286.22,1.05,N,2
54.0708,27.17907,305.18,0.47,0.4,2020-07-21,0001,N20,VIIRS,n,2,284.35,0.8,N,0
54.07371,27.17976,303.9,0.48,0.4,2020-07-21,0001,N20,VIIRS,n,2,284.01,0.67,N,0
51.89268,29.34388,321.57,0.4,0.37,2020-07-21,0002,N20,VIIRS,n,2,286.76,1.32,N,2
52.84536,29.99172,302.62,0.66,0.73,2020-07-21,0141,N20,VIIRS,n,2,282.88,2.46,N,2
52.84998,29.98909,302.79,0.66,0.73,2020-07-21,0141,N20,VIIRS,n,2,283.02,1.84,N,2
51.89278,29.34325,305.99,0.68,0.74,2020-07-21,0141,N20,VIIRS,n,2,282.82,1.71,N,2
53.26591,24.44991,297.53,0.59,0.53,2020-07-21,2342,N20,VIIRS,n,2,283.03,0.76,N,2
53.39257,32.01503,297.71,0.46,0.39,2020-07-21,2342,N20,VIIRS,n,2,285.9,0.53,N,2
53.39616,32.01615,298.89,0.46,0.39,2020-07-21,2342,N20,VIIRS,n,2,286.68,0.53,N,2
54.13412,28.06589,295.5,0.43,0.46,2020-07-21,2342,N20,VIIRS,n,2,282.13,0.24,N,0
53.2634,24.44772,298.37,0.59,0.53,2020-07-21,2342,N20,VIIRS,n,2,284.01,1.25,N,2
53.27125,24.44155,295.22,0.59,0.53,2020-07-21,2342,N20,VIIRS,n,2,282.97,0.92,N,2
53.27358,24.44007,297.54,0.59,0.53,2020-07-21,2342,N20,VIIRS,n,2,282.07,0.61,N,2
51.89499,29.33931,309.43,0.55,0.42,2020-07-21,2343,N20,VIIRS,n,2,286.81,1.02,N,2
51.89109,29.33834,300.07,0.55,0.42,2020-07-21,2343,N20,VIIRS,n,2,285,1.02,N,2
52.84786,29.98919,319.31,0.45,0.63,2020-07-22,0122,N20,VIIRS,n,2,284.85,2.52,N,2
51.88828,29.3359,296.1,0.46,0.63,2020-07-22,0123,N20,VIIRS,n,2,283.19,0.72,N,2
51.89347,29.34035,297.56,0.46,0.63,2020-07-22,0123,N20,VIIRS,n,2,283.54,1.16,N,2
52.84482,29.99241,304.36,0.45,0.63,2020-07-22,0123,N20,VIIRS,n,2,284.37,1.61,N,2
52.84681,29.9865,305.36,0.45,0.63,2020-07-22,0123,N20,VIIRS,n,2,283.65,1.53,N,2
53.26181,24.44808,299.91,0.54,0.51,2020-07-22,0123,N20,VIIRS,n,2,283.42,1.34,N,2
52.84742,29.99021,340.3,0.4,0.44,2020-07-22,1112,N20,VIIRS,n,2,301.65,4.12,D,2
53.6034,25.71179,331.18,0.44,0.39,2020-07-22,1112,N20,VIIRS,n,2,290.96,4.14,D,0
53.2663,24.44578,297.51,0.47,0.64,2020-07-22,2323,N20,VIIRS,n,2,281.49,1.35,N,2
53.26319,24.44964,296.77,0.47,0.64,2020-07-22,2323,N20,VIIRS,n,2,282.75,0.67,N,2
53.39478,32.01054,301.09,0.46,0.47,2020-07-22,2323,N20,VIIRS,n,2,282.79,1.5,N,2
53.39575,32.01094,302.47,0.46,0.47,2020-07-22,2323,N20,VIIRS,n,2,283.09,1.05,N,2
52.84673,29.99152,328.19,0.54,0.51,2020-07-22,2324,N20,VIIRS,n,2,283.44,2.5,N,2
52.19939,27.6033,300.68,0.34,0.56,2020-07-22,2324,N20,VIIRS,n,2,279.14,0.53,N,0
51.89278,29.34324,297.55,0.57,0.52,2020-07-22,2324,N20,VIIRS,n,2,283.66,1.05,N,2
53.58902,31.95392,298.13,0.33,0.55,2020-07-23,0104,N20,VIIRS,n,2,280.69,0.39,N,0
52.84978,29.98921,307.15,0.59,0.53,2020-07-23,0104,N20,VIIRS,n,2,281.46,1.4,N,2
51.89603,29.34123,304.76,0.6,0.53,2020-07-23,0104,N20,VIIRS,n,2,283.13,1.5,N,2
51.89272,29.34611,303.28,0.6,0.53,2020-07-23,0104,N20,VIIRS,n,2,283.44,2,N,2
52.85041,29.99298,300.16,0.43,0.62,2020-07-23,2304,N20,VIIRS,n,2,282,2.22,N,2
52.84998,29.99426,295.27,0.43,0.62,2020-07-23,2304,N20,VIIRS,n,2,281.49,1.76,N,2
52.8501,29.98772,315.97,0.43,0.62,2020-07-23,2304,N20,VIIRS,n,2,281.35,1.76,N,2
52.8505,29.98643,312.7,0.43,0.62,2020-07-23,2304,N20,VIIRS,n,2,281.3,2.11,N,2
53.67104,31.82382,295.55,0.37,0.58,2020-07-23,2304,N20,VIIRS,n,2,281.18,1.08,N,2
51.89763,29.33891,299.48,0.46,0.63,2020-07-23,2305,N20,VIIRS,n,2,282.41,0.87,N,2
51.8936,29.33833,311.29,0.46,0.63,2020-07-23,2305,N20,VIIRS,n,2,281.87,1.53,N,2
52.84823,29.98828,308.91,0.39,0.44,2020-07-24,0045,N20,VIIRS,n,2,280.54,1.42,N,2
52.84689,29.9938,305.03,0.39,0.44,2020-07-24,0045,N20,VIIRS,n,2,282.43,1.43,N,2
52.84646,29.9926,325.55,0.4,0.44,2020-07-24,0045,N20,VIIRS,n,2,282.53,2.84,N,2
51.89479,29.34045,309.16,0.4,0.44,2020-07-24,0045,N20,VIIRS,n,2,283.15,0.84,N,2
53.58568,31.9535,295.34,0.44,0.46,2020-07-24,0045,N20,VIIRS,n,2,281.34,0.22,N,0
51.89097,29.3381,299.06,0.4,0.44,2020-07-24,0045,N20,VIIRS,n,2,281.8,0.84,N,2
53.26363,24.45082,300.48,0.41,0.37,2020-07-24,0045,N20,VIIRS,n,2,283.48,0.96,N,2
51.8935,29.34585,304.16,0.4,0.44,2020-07-24,0045,N20,VIIRS,n,2,282.33,0.84,N,2
53.26035,24.44914,297.82,0.41,0.37,2020-07-24,0045,N20,VIIRS,n,2,284.13,0.47,N,2
53.60565,24.07505,301.21,0.4,0.37,2020-07-24,0045,N20,VIIRS,n,2,279.94,0.52,N,0
53.27238,24.44239,298.79,0.41,0.37,2020-07-24,0045,N20,VIIRS,n,2,282.5,0.49,N,2
53.23113,26.62242,327.25,0.43,0.38,2020-07-24,1034,N20,VIIRS,n,2,297.2,1.98,D,0
51.89117,29.3435,337.83,0.4,0.37,2020-07-24,1034,N20,VIIRS,n,2,303.95,5.14,D,2
53.8186,25.86202,343.8,0.44,0.38,2020-07-24,1035,N20,VIIRS,n,2,292.57,5.64,D,0
54.67729,29.49707,326.19,0.38,0.36,2020-07-24,1035,N20,VIIRS,n,2,290.32,2.19,D,0
51.89143,29.33479,307.99,0.73,0.76,2020-07-24,2246,N20,VIIRS,n,2,282.62,1.98,N,2
51.89503,29.33931,306.73,0.73,0.76,2020-07-24,2246,N20,VIIRS,n,2,282.48,2.9,N,2
51.88762,29.32859,295.4,0.73,0.76,2020-07-24,2246,N20,VIIRS,n,2,282.21,1.17,N,0
51.8985,29.33435,297.26,0.73,0.76,2020-07-24,2246,N20,VIIRS,n,2,282,1.98,N,0
53.58665,31.95211,297.9,0.47,0.39,2020-07-25,0026,N20,VIIRS,n,2,280.84,0.78,N,0
53.58759,31.95226,297.98,0.46,0.39,2020-07-25,0026,N20,VIIRS,n,2,281.34,0.88,N,0
53.39473,32.01262,301.01,0.47,0.4,2020-07-25,0026,N20,VIIRS,n,2,284.14,1.32,N,2
52.852,29.99409,298.41,0.43,0.38,2020-07-25,0026,N20,VIIRS,n,2,284.61,2.47,N,2
52.84865,29.99233,336.23,0.43,0.38,2020-07-25,0026,N20,VIIRS,n,2,284.91,2.47,N,2
53.26122,24.45054,301.5,0.39,0.36,2020-07-25,0026,N20,VIIRS,n,2,287.37,0.7,N,2
53.26451,24.45184,298.88,0.39,0.36,2020-07-25,0026,N20,VIIRS,n,2,285.95,0.7,N,2
53.27273,24.44285,307.45,0.39,0.36,2020-07-25,0026,N20,VIIRS,n,2,286.82,1.14,N,2
52.84725,29.99129,328.19,0.43,0.38,2020-07-25,0026,N20,VIIRS,n,2,286.48,6.7,N,2
51.88998,29.34112,301.67,0.43,0.38,2020-07-25,0027,N20,VIIRS,n,2,283.88,0.85,N,2
51.89333,29.34279,308.87,0.43,0.38,2020-07-25,0027,N20,VIIRS,n,2,285.99,0.85,N,2
52.84588,29.99212,337.08,0.47,0.4,2020-07-25,1015,N20,VIIRS,n,2,300.12,6.22,D,2
51.89379,29.34744,339.83,0.54,0.68,2020-07-25,1156,N20,VIIRS,n,2,292.05,5.52,D,2
51.89007,29.34629,343.36,0.54,0.68,2020-07-25,1156,N20,VIIRS,n,2,290.93,8.81,D,2
52.96843,30.70306,315.3,0.38,0.36,2020-07-26,0007,N20,VIIRS,n,2,286.59,1.45,N,0
52.97668,30.8262,299.94,0.38,0.36,2020-07-26,0007,N20,VIIRS,n,2,285.74,0.65,N,0
53.67239,31.82829,299.6,0.39,0.36,2020-07-26,0007,N20,VIIRS,n,2,287.67,0.74,N,2
53.26235,24.45158,300.51,0.5,0.41,2020-07-26,0008,N20,VIIRS,n,2,286.41,1.45,N,2
52.80928,29.71891,299.65,0.39,0.36,2020-07-26,0008,N20,VIIRS,n,2,284.61,0.5,N,0
51.86544,26.77722,296.22,0.42,0.38,2020-07-26,0008,N20,VIIRS,n,2,285.44,0.46,N,0
53.26241,24.45214,296.79,0.5,0.41,2020-07-26,0008,N20,VIIRS,n,2,286.06,1.03,N,2
52.84714,29.99278,328.27,0.39,0.36,2020-07-26,0008,N20,VIIRS,n,2,288.3,4.01,N,2
52.84517,29.99154,300.32,0.75,0.77,2020-07-26,0147,N20,VIIRS,n,2,283.74,2.05,N,2
52.84575,29.98654,304.43,0.75,0.77,2020-07-26,0147,N20,VIIRS,n,2,283.61,1.46,N,2
53.25887,24.4508,296.55,0.46,0.64,2020-07-26,0148,N20,VIIRS,n,2,284.71,0.84,N,0
52.80449,29.01836,343.2,0.33,0.55,2020-07-26,1137,N20,VIIRS,n,2,286.57,4.63,D,0
54.08856,25.00549,340.6,0.46,0.47,2020-07-26,1138,N20,VIIRS,n,2,304.98,8.8,D,0
54.08904,25.01268,340.36,0.46,0.47,2020-07-26,1138,N20,VIIRS,n,2,301.84,6.7,D,0
55.52972,28.51968,297.78,0.57,0.43,2020-07-26,2348,N20,VIIRS,n,2,287.28,1.27,N,0
53.27229,24.44051,309.79,0.51,0.49,2020-07-26,2349,N20,VIIRS,n,2,287.94,1.59,N,2
53.2627,24.44665,303.89,0.51,0.49,2020-07-26,2349,N20,VIIRS,n,2,288.33,1.14,N,2
55.52731,28.53311,296.79,0.36,0.57,2020-07-27,0128,N20,VIIRS,n,2,286.55,1,N,0
51.89071,29.34529,304.65,0.52,0.67,2020-07-27,0129,N20,VIIRS,n,2,283.47,2.36,N,2
53.27196,24.44073,303.53,0.62,0.54,2020-07-27,0129,N20,VIIRS,n,2,286.66,1.95,N,2
51.89308,29.33866,315.3,0.52,0.67,2020-07-27,0129,N20,VIIRS,n,2,284.02,2.36,N,2
52.71989,27.94024,331.06,0.57,0.43,2020-07-27,1118,N20,VIIRS,n,2,293.04,4.89,D,0
52.71845,27.93924,338.79,0.57,0.43,2020-07-27,1118,N20,VIIRS,n,2,292.54,6.9,D,0
53.58786,31.95294,297.78,0.4,0.44,2020-07-27,2330,N20,VIIRS,n,2,280,0.22,N,0
51.89354,29.33959,295.22,0.49,0.48,2020-07-27,2330,N20,VIIRS,n,2,281.81,0.84,N,2
52.30881,30.23928,297.27,0.45,0.47,2020-07-27,2330,N20,VIIRS,n,2,284.3,0.43,N,0
53.27178,24.44463,302.1,0.41,0.45,2020-07-28,0110,N20,VIIRS,n,2,275.37,1.27,N,2
53.26129,24.45093,299.02,0.41,0.45,2020-07-28,0110,N20,VIIRS,n,2,275.6,0.71,N,2
53.27031,24.44305,326.95,0.38,0.36,2020-07-28,1100,N20,VIIRS,l,2,300.77,1.77,D,2
54.79344,26.6783,322.57,0.52,0.67,2020-07-28,2310,N20,VIIRS,n,2,277.45,4.35,N,0
52.84804,29.9912,302.62,0.37,0.58,2020-07-28,2311,N20,VIIRS,n,2,267.78,0.93,N,2
51.89243,29.33642,302.89,0.39,0.59,2020-07-28,2311,N20,VIIRS,n,2,287.06,1.07,N,2
52.8483,29.99185,317.96,0.45,0.47,2020-07-29,0051,N20,VIIRS,n,2,279.61,1.95,N,2
52.84578,29.98931,316,0.45,0.47,2020-07-29,0051,N20,VIIRS,n,2,279.78,2.29,N,2
51.89365,29.34379,298.44,0.45,0.47,2020-07-29,0052,N20,VIIRS,n,2,284.46,1.03,N,2
52.84669,29.9918,303.57,0.59,0.7,2020-07-29,2252,N20,VIIRS,n,2,285.45,2.31,N,2
52.8457,29.98547,311.25,0.59,0.7,2020-07-29,2252,N20,VIIRS,n,2,285.54,2.21,N,2
52.8466,29.98288,300.56,0.59,0.7,2020-07-29,2252,N20,VIIRS,n,2,285.31,1.98,N,2
54.4888,29.0009,308.26,0.42,0.38,2020-07-30,0032,N20,VIIRS,n,2,282.58,1.14,N,0
53.58747,31.95462,297.99,0.52,0.41,2020-07-30,0032,N20,VIIRS,n,2,287.26,0.57,N,0
54.49209,29.0028,315.58,0.42,0.38,2020-07-30,0032,N20,VIIRS,n,2,283.08,1.14,N,0
52.84958,29.99384,300.39,0.47,0.4,2020-07-30,0033,N20,VIIRS,n,2,287.37,3.61,N,2
52.84612,29.99187,335.67,0.47,0.4,2020-07-30,0033,N20,VIIRS,n,2,288.38,3.61,N,2
51.8944,29.34102,300.4,0.47,0.39,2020-07-30,0033,N20,VIIRS,n,2,289.04,0.84,N,2
52.39146,30.28758,328.15,0.43,0.38,2020-07-30,1021,N20,VIIRS,n,2,290.06,1.83,D,0
52.52822,31.45381,337.26,0.41,0.37,2020-07-30,1021,N20,VIIRS,n,2,285.26,3.9,D,0
52.97027,27.28799,341.29,0.51,0.41,2020-07-30,1022,N20,VIIRS,n,2,294.27,11.34,D,0
52.84689,29.99111,335.3,0.43,0.38,2020-07-30,1022,N20,VIIRS,n,2,301.59,5.41,D,2
53.39443,32.01156,299.13,0.4,0.37,2020-07-31,0014,N20,VIIRS,n,2,286.08,0.85,N,2
53.27139,24.44391,306.67,0.45,0.39,2020-07-31,0014,N20,VIIRS,n,2,284.14,1.35,N,2
51.89561,29.30039,301.9,0.38,0.36,2020-07-31,0014,N20,VIIRS,n,2,285.39,0.44,N,0
53.26352,24.44839,302.25,0.45,0.39,2020-07-31,0014,N20,VIIRS,n,2,284.89,0.86,N,2
51.88936,29.33868,300.77,0.39,0.36,2020-07-31,0014,N20,VIIRS,n,2,285.34,0.8,N,2
51.89259,29.34006,311.44,0.39,0.36,2020-07-31,0014,N20,VIIRS,n,2,287.36,0.8,N,2
52.8466,29.99293,326.91,0.39,0.36,2020-07-31,0014,N20,VIIRS,n,2,286.87,1.94,N,2
52.95123,27.00973,309.49,0.4,0.37,2020-07-31,0014,N20,VIIRS,n,2,282.92,0.84,N,0
51.89762,29.3305,298.54,0.39,0.36,2020-07-31,0014,N20,VIIRS,n,2,286.57,1.13,N,0
53.26398,24.45164,296.71,0.52,0.67,2020-07-31,0154,N20,VIIRS,n,2,281.38,0.7,N,2
53.27423,24.44341,295.78,0.52,0.67,2020-07-31,0154,N20,VIIRS,n,2,280.09,0.99,N,2
52.95617,27.00928,298.67,0.66,0.73,2020-07-31,0154,N20,VIIRS,n,2,278.25,1.71,N,0
55.53188,28.51995,303.37,0.5,0.41,2020-07-31,2354,N20,VIIRS,n,2,284.32,0.88,N,0
55.50605,28.58547,295.56,0.5,0.41,2020-07-31,2354,N20,VIIRS,n,2,283.88,0.42,N,0
55.53089,28.51531,313.34,0.41,0.6,2020-08-01,0134,N20,VIIRS,n,2,282.69,1.03,N,0
55.53091,28.51535,308.32,0.41,0.6,2020-08-01,0134,N20,VIIRS,n,2,282.45,1.12,N,0
52.36504,23.69214,326.56,0.54,0.68,2020-08-01,0944,N20,VIIRS,n,2,290.88,9.86,D,0
52.36253,23.68517,356.39,0.54,0.68,2020-08-01,0944,N20,VIIRS,l,2,286.56,11.81,D,0
52.84624,29.98809,327.52,0.53,0.5,2020-08-01,1124,N20,VIIRS,n,2,296.77,5.94,D,2
53.27208,24.44071,313.78,0.35,0.56,2020-08-01,2336,N20,VIIRS,n,2,284.83,0.94,N,2
53.26141,24.44994,296.84,0.34,0.56,2020-08-01,2336,N20,VIIRS,n,2,284.74,1.24,N,2
51.89846,29.32904,295.81,0.42,0.45,2020-08-01,2336,N20,VIIRS,n,2,284.76,1.26,N,0
51.89331,29.34048,296.53,0.42,0.45,2020-08-01,2336,N20,VIIRS,n,2,284,0.78,N,2
53.27224,24.44044,310.68,0.35,0.56,2020-08-01,2336,N20,VIIRS,n,2,283.85,0.85,N,2
53.26284,24.44851,300.48,0.47,0.48,2020-08-02,0116,N20,VIIRS,n,2,284.48,1.65,N,2
53.2695,24.44506,295.79,0.47,0.48,2020-08-02,0116,N20,VIIRS,n,2,282.65,0.52,N,2
53.26376,24.44864,298.35,0.47,0.48,2020-08-02,0116,N20,VIIRS,n,2,284.08,1.19,N,2
53.43231,28.57633,334.15,0.49,0.65,2020-08-02,0926,N20,VIIRS,n,2,285.52,3.77,D,0
53.75094,31.66248,326.17,0.41,0.45,2020-08-02,1106,N20,VIIRS,n,2,294.87,2.11,D,0
52.84912,29.98853,311.26,0.64,0.54,2020-08-02,2317,N20,VIIRS,n,2,281.02,2.49,N,2
51.89841,29.32926,297.41,0.33,0.56,2020-08-02,2317,N20,VIIRS,n,2,285.98,1.24,N,0
51.8965,29.33823,296.19,0.33,0.56,2020-08-02,2317,N20,VIIRS,n,2,283.87,1.89,N,2
51.8929,29.33857,304.92,0.33,0.56,2020-08-02,2317,N20,VIIRS,n,2,283.39,2.14,N,2
52.85353,29.99392,295.24,0.52,0.5,2020-08-03,0058,N20,VIIRS,n,2,284.51,1.55,N,2
53.26045,24.45178,298.18,0.48,0.4,2020-08-03,0058,N20,VIIRS,n,2,286.64,1.21,N,2
51.89222,29.34462,296.96,0.52,0.5,2020-08-03,0058,N20,VIIRS,n,2,283.41,2.37,N,2
53.27042,24.44214,309.39,0.48,0.4,2020-08-03,0058,N20,VIIRS,n,2,286.36,1.45,N,2
52.84933,29.99084,314.41,0.52,0.5,2020-08-03,0058,N20,VIIRS,n,2,283.04,2.42,N,2
52.53039,31.37365,335.63,0.42,0.37,2020-08-03,1046,N20,VIIRS,n,2,301.96,5.54,D,0
52.5906,30.52934,331.96,0.4,0.37,2020-08-03,1046,N20,VIIRS,n,2,302.48,2.48,D,0
52.84614,29.98932,337.48,0.4,0.37,2020-08-03,1047,N20,VIIRS,n,2,291.95,6.41,D,2
52.84721,29.98508,309.95,0.51,0.66,2020-08-03,2258,N20,VIIRS,n,2,275.72,1.83,N,2
51.89507,29.33742,298.94,0.54,0.68,2020-08-03,2258,N20,VIIRS,n,2,279.91,1.52,N,2
53.39412,32.01017,301.25,0.42,0.61,2020-08-03,2258,N20,VIIRS,n,2,284.89,0.85,N,2
53.5878,31.95056,299.67,0.39,0.44,2020-08-04,0038,N20,VIIRS,n,2,282.27,0.7,N,0
53.26142,24.44875,309.09,0.39,0.36,2020-08-04,0039,N20,VIIRS,n,2,289.91,1.05,N,2
52.84887,29.98741,303.91,0.52,0.42,2020-08-04,0039,N20,VIIRS,n,2,278.38,1.31,N,2
52.84722,29.99478,302.68,0.52,0.42,2020-08-04,0039,N20,VIIRS,n,2,278.15,1.31,N,2
53.27306,24.442,306.57,0.39,0.36,2020-08-04,0039,N20,VIIRS,n,2,288.64,0.51,N,2
53.26982,24.44047,300.49,0.39,0.36,2020-08-04,0039,N20,VIIRS,n,2,288.22,0.53,N,2
51.89235,29.33821,295.48,0.52,0.42,2020-08-04,0039,N20,VIIRS,n,2,282.93,1.25,N,2
51.89167,29.34244,336.12,0.42,0.38,2020-08-04,1028,N20,VIIRS,n,2,299.18,3.16,D,2
52.47934,29.13321,333.05,0.42,0.38,2020-08-04,1028,N20,VIIRS,n,2,295.55,4.01,D,0
52.84407,29.98988,336.25,0.4,0.37,2020-08-04,1028,N20,VIIRS,l,2,307.67,4.49,D,2
51.88784,29.34572,338.73,0.74,0.76,2020-08-04,1208,N20,VIIRS,n,2,291.27,5.5,D,0
51.89196,29.34397,332.79,0.74,0.76,2020-08-04,1208,N20,VIIRS,n,2,291.68,7.66,D,2
53.39505,32.00903,296.6,0.66,0.73,2020-08-04,2239,N20,VIIRS,n,2,281.83,0.83,N,2
51.89365,29.34173,301.41,0.4,0.37,2020-08-05,0020,N20,VIIRS,n,2,287.79,0.81,N,2
52.48009,29.1269,301.16,0.39,0.36,2020-08-05,0020,N20,VIIRS,n,2,286.33,1.43,N,0
52.8475,29.98837,327.37,0.4,0.37,2020-08-05,0020,N20,VIIRS,n,2,287.01,2.42,N,2
52.97081,30.69951,306.97,0.41,0.37,2020-08-05,0020,N20,VIIRS,n,2,286.93,1.22,N,0
53.39303,32.01276,299.57,0.43,0.38,2020-08-05,0020,N20,VIIRS,n,2,287.78,0.74,N,2
53.39637,32.01458,303.2,0.43,0.38,2020-08-05,0020,N20,VIIRS,n,2,287.41,0.74,N,2
51.89038,29.34023,297.47,0.4,0.37,2020-08-05,0020,N20,VIIRS,n,2,286.15,0.42,N,2
54.60213,30.41811,341.79,0.47,0.4,2020-08-05,1009,N20,VIIRS,n,2,288.04,13.59,D,0
54.60359,30.42501,334.95,0.47,0.4,2020-08-05,1009,N20,VIIRS,n,2,288.1,13.59,D,0
54.60355,30.42598,333.75,0.47,0.4,2020-08-05,1009,N20,VIIRS,n,2,287.33,4.2,D,0
52.84628,29.99272,333.86,0.53,0.42,2020-08-05,1009,N20,VIIRS,n,2,302.45,5.43,D,2
54.60558,30.41691,342.61,0.47,0.4,2020-08-05,1009,N20,VIIRS,n,2,290.41,24.43,D,0
51.89038,29.34238,344.47,0.39,0.44,2020-08-05,1009,N20,VIIRS,n,2,298.39,4.84,D,2
54.60701,30.42385,338.3,0.47,0.4,2020-08-05,1009,N20,VIIRS,n,2,290.85,21.58,D,0
54.6056,30.41597,342.16,0.47,0.4,2020-08-05,1009,N20,VIIRS,n,2,288.44,13.59,D,0
54.60706,30.42289,341.01,0.47,0.4,2020-08-05,1009,N20,VIIRS,n,2,291.47,13.59,D,0
54.60211,30.41906,343.62,0.47,0.4,2020-08-05,1009,N20,VIIRS,n,2,288.42,7.32,D,0
52.11996,28.85441,330.84,0.44,0.62,2020-08-05,1149,N20,VIIRS,n,2,289.75,2.07,D,0
51.58046,28.77493,350.64,0.43,0.62,2020-08-05,1149,N20,VIIRS,n,2,282.89,8.65,D,0
51.8946,29.34606,325.54,0.46,0.64,2020-08-05,1149,N20,VIIRS,n,2,291.52,4.57,D,2
51.88869,29.34617,340.9,0.46,0.64,2020-08-05,1149,N20,VIIRS,n,2,290.49,4.57,D,2
51.89366,29.33924,309.68,0.4,0.37,2020-08-06,0001,N20,VIIRS,n,2,290.32,1.14,N,2
52.84783,29.99316,315.16,0.4,0.37,2020-08-06,0001,N20,VIIRS,n,2,287.58,1.47,N,2
52.97134,30.70319,300.28,0.39,0.36,2020-08-06,0001,N20,VIIRS,n,2,286.45,0.85,N,0
53.39333,32.01169,300.23,0.39,0.36,2020-08-06,0001,N20,VIIRS,n,2,286.11,0.6,N,2
53.39657,32.01307,301.05,0.39,0.36,2020-08-06,0001,N20,VIIRS,n,2,285.54,0.6,N,2
55.50469,28.58745,295.04,0.45,0.39,2020-08-06,0001,N20,VIIRS,n,2,284.73,0.31,N,0
51.89032,29.33806,301.02,0.4,0.37,2020-08-06,0001,N20,VIIRS,n,2,289.5,0.48,N,2
52.8469,29.99155,295.79,0.66,0.73,2020-08-06,0141,N20,VIIRS,n,2,280.42,1.65,N,2
53.26171,24.44629,298.92,0.4,0.6,2020-08-06,0141,N20,VIIRS,n,2,283.95,0.59,N,2
53.27011,24.44006,304.43,0.4,0.6,2020-08-06,0141,N20,VIIRS,n,2,283.5,0.98,N,2
51.89138,29.34522,339.07,0.6,0.53,2020-08-06,0950,N20,VIIRS,n,2,297.65,4.33,D,2
52.84534,29.98885,333.97,0.62,0.54,2020-08-06,1131,N20,VIIRS,n,2,296.83,7.33,D,2
54.45174,26.69267,332.77,0.47,0.48,2020-08-06,1131,N20,VIIRS,n,2,297.01,2.63,D,0
53.41101,26.60986,325.79,0.46,0.47,2020-08-06,1131,N20,VIIRS,n,2,290.56,2.41,D,0
53.27414,24.44429,305.04,0.59,0.53,2020-08-06,2342,N20,VIIRS,n,2,284.8,0.83,N,2
53.67187,31.8273,299.01,0.47,0.4,2020-08-06,2342,N20,VIIRS,n,2,288.01,1.03,N,2
53.58801,31.9491,299.69,0.47,0.4,2020-08-06,2342,N20,VIIRS,n,2,287.45,0.95,N,0
53.39468,32.01215,311.69,0.47,0.39,2020-08-06,2342,N20,VIIRS,n,2,290.76,2.04,N,2
52.84713,29.98557,300.69,0.53,0.42,2020-08-06,2342,N20,VIIRS,n,2,287.81,2.01,N,2
52.84638,29.99347,314.24,0.53,0.42,2020-08-06,2342,N20,VIIRS,n,2,288.6,1.79,N,2
52.59625,26.59828,305.32,0.48,0.48,2020-08-06,2342,N20,VIIRS,n,2,284.26,0.97,N,0
51.89417,29.34314,302.21,0.55,0.43,2020-08-06,2343,N20,VIIRS,n,2,288.4,0.69,N,2
52.8482,29.98626,314.3,0.45,0.63,2020-08-07,0122,N20,VIIRS,n,2,285.71,2.56,N,2
52.84621,29.99213,323.11,0.45,0.63,2020-08-07,0122,N20,VIIRS,n,2,286.78,2.56,N,2
53.27172,24.44339,302.64,0.54,0.51,2020-08-07,0123,N20,VIIRS,n,2,284.85,0.98,N,2
53.26544,24.4475,296.62,0.54,0.51,2020-08-07,0123,N20,VIIRS,n,2,285.08,1.05,N,2
52.84499,29.9932,338.86,0.4,0.6,2020-08-07,0932,N20,VIIRS,n,2,298.11,6.08,D,2
52.84452,29.99515,334.69,0.4,0.6,2020-08-07,0932,N20,VIIRS,n,2,296.18,4.08,D,2
53.29586,26.38117,367,0.52,0.67,2020-08-07,0932,N20,VIIRS,h,2,300.58,17.36,D,0
53.29689,26.38065,367,0.52,0.66,2020-08-07,0932,N20,VIIRS,h,2,299.57,21.28,D,0
51.89203,29.34048,335.2,0.55,0.43,2020-08-07,1111,N20,VIIRS,n,2,303.03,4.77,D,2
53.28024,24.18674,341.07,0.41,0.37,2020-08-07,1112,N20,VIIRS,n,2,306.77,4.84,D,0
52.8456,29.99036,340.29,0.4,0.44,2020-08-07,1112,N20,VIIRS,n,2,304.55,5.91,D,2
53.39849,32.01151,295.29,0.46,0.47,2020-08-07,2323,N20,VIIRS,n,2,284.83,0.5,N,2
52.84763,29.98862,315.28,0.55,0.51,2020-08-07,2323,N20,VIIRS,n,2,288.89,2.84,N,2
52.84907,29.9876,319.98,0.55,0.51,2020-08-07,2323,N20,VIIRS,n,2,289.14,3.93,N,2
53.26602,24.44463,298.47,0.47,0.64,2020-08-07,2323,N20,VIIRS,n,2,285.59,0.86,N,2
53.27201,24.43757,302.99,0.47,0.64,2020-08-07,2323,N20,VIIRS,n,2,285.03,0.55,N,2
53.39416,32.01064,302.87,0.46,0.47,2020-08-07,2323,N20,VIIRS,n,2,287.08,1.53,N,2
53.67222,31.82829,296.45,0.47,0.48,2020-08-07,2323,N20,VIIRS,n,2,286.27,1.02,N,2
51.8942,29.33982,299.16,0.57,0.52,2020-08-07,2324,N20,VIIRS,n,2,288.34,1.75,N,2
53.27366,24.44136,304.07,0.54,0.42,2020-08-08,0104,N20,VIIRS,n,2,286.43,0.36,N,2
52.84909,29.99045,335.91,0.59,0.53,2020-08-08,0104,N20,VIIRS,n,2,287.78,6.51,N,2
52.84944,29.99306,332.13,0.59,0.53,2020-08-08,0104,N20,VIIRS,n,2,287.19,6.1,N,2
53.35573,24.96556,295.86,0.56,0.43,2020-08-08,0104,N20,VIIRS,n,2,285.16,0.74,N,0
53.26281,24.45204,298.4,0.54,0.42,2020-08-08,0104,N20,VIIRS,n,2,287.39,0.89,N,2
53.38955,26.70009,347.01,0.39,0.36,2020-08-08,1053,N20,VIIRS,n,2,302.3,10.3,D,0
51.93719,25.9418,331.18,0.39,0.36,2020-08-08,1053,N20,VIIRS,n,2,298.74,2.1,D,0
52.10669,23.70383,335.54,0.41,0.37,2020-08-08,1053,N20,VIIRS,n,2,304.55,2.04,D,0
53.60043,26.38747,336.52,0.38,0.36,2020-08-08,1053,N20,VIIRS,n,2,297.9,8.56,D,0
53.3863,26.70144,347.55,0.39,0.36,2020-08-08,1053,N20,VIIRS,n,2,304.42,18.81,D,0
53.60367,26.38609,341.81,0.38,0.36,2020-08-08,1053,N20,VIIRS,n,2,297.05,15.98,D,0
53.38715,26.70713,331.27,0.39,0.36,2020-08-08,1053,N20,VIIRS,n,2,297.07,6.21,D,0
53.6723,31.82381,300.99,0.37,0.58,2020-08-08,2304,N20,VIIRS,n,2,286.31,0.86,N,2
53.5907,31.95133,297.89,0.36,0.57,2020-08-08,2304,N20,VIIRS,n,2,284.33,0.53,N,0
53.39863,32.01252,302.05,0.36,0.57,2020-08-08,2304,N20,VIIRS,n,2,285.68,0.56,N,2
53.39524,32.01203,309.87,0.36,0.57,2020-08-08,2304,N20,VIIRS,n,2,288.26,1.46,N,2
52.84846,29.99006,320.17,0.43,0.62,2020-08-08,2304,N20,VIIRS,n,2,286.46,2.83,N,2
53.58835,31.95108,296.17,0.36,0.58,2020-08-08,2304,N20,VIIRS,n,2,284.57,0.36,N,0
54.44558,26.76525,302.74,0.44,0.38,2020-08-09,0045,N20,VIIRS,n,2,285.14,0.94,N,0
53.58681,31.95469,295.78,0.44,0.46,2020-08-09,0045,N20,VIIRS,n,2,284.39,0.34,N,0
52.84695,29.99033,328.25,0.39,0.44,2020-08-09,0045,N20,VIIRS,n,2,287.21,3.58,N,2
53.84755,25.86784,327.55,0.39,0.36,2020-08-10,0026,N20,VIIRS,n,2,287.3,1.99,N,0
53.2711,24.44278,316.25,0.39,0.36,2020-08-10,0026,N20,VIIRS,n,2,288.85,1.58,N,2
51.86454,26.77831,296.27,0.39,0.36,2020-08-10,0027,N20,VIIRS,n,2,285.9,0.4,N,0
51.88761,29.33761,299.84,0.42,0.38,2020-08-10,0027,N20,VIIRS,n,2,286.43,0.87,N,2
51.8943,29.34094,299.72,0.42,0.38,2020-08-10,0027,N20,VIIRS,n,2,287.29,1.15,N,2
55.19514,27.67249,298.13,0.71,0.75,2020-08-10,0205,N20,VIIRS,n,2,282.11,0.78,N,0
55.197,27.6716,296.09,0.71,0.75,2020-08-10,0205,N20,VIIRS,n,2,282.25,0.76,N,0
53.27139,24.44355,295.22,0.67,0.74,2020-08-10,0206,N20,VIIRS,n,2,284.09,0.84,N,2
52.25812,24.91403,328.63,0.49,0.49,2020-08-10,1015,N20,VIIRS,l,2,299.77,5.2,D,0
53.85242,27.39378,328.5,0.54,0.42,2020-08-10,1016,N20,VIIRS,n,2,297.65,11.88,D,0
54.90349,26.99055,330.08,0.53,0.42,2020-08-10,1016,N20,VIIRS,n,2,292.24,5.36,D,0
53.85419,27.40158,332.29,0.54,0.42,2020-08-10,1016,N20,VIIRS,n,2,296.89,11.88,D,0
52.25724,24.91373,353.12,0.35,0.57,2020-08-10,1156,N20,VIIRS,n,2,296.1,6.6,D,0
55.53156,28.51676,298.08,0.42,0.38,2020-08-11,0007,N20,VIIRS,n,2,285.99,0.35,N,0
52.85411,29.99759,305.44,0.39,0.36,2020-08-11,0007,N20,VIIRS,n,2,291.07,0.7,N,2
52.84846,29.9893,326.39,0.39,0.36,2020-08-11,0007,N20,VIIRS,n,2,290.28,7.82,N,2
52.85086,29.99625,298.17,0.39,0.36,2020-08-11,0007,N20,VIIRS,n,2,287.11,0.7,N,2
53.27354,24.44289,295.89,0.51,0.41,2020-08-11,0007,N20,VIIRS,n,2,271.13,1.18,N,2
51.88906,29.33521,299.53,0.39,0.36,2020-08-11,0008,N20,VIIRS,n,2,286.73,0.45,N,2
52.23373,29.18374,296.4,0.39,0.36,2020-08-11,0008,N20,VIIRS,n,2,285.04,0.29,N,0
52.85073,29.99348,304.66,0.75,0.77,2020-08-11,0147,N20,VIIRS,n,2,281.56,2,N,2
52.85145,29.98831,300.71,0.75,0.77,2020-08-11,0147,N20,VIIRS,n,2,279.89,1.48,N,2
55.48484,28.5986,305.5,0.52,0.67,2020-08-11,0147,N20,VIIRS,n,2,283.43,0.94,N,0
52.84396,29.99193,342.91,0.46,0.47,2020-08-11,0956,N20,VIIRS,n,2,297.26,4.68,D,2
52.84638,29.99204,344.22,0.46,0.47,2020-08-11,0956,N20,VIIRS,n,2,299.7,8.78,D,2
53.39608,32.01675,298.24,0.42,0.38,2020-08-11,2348,N20,VIIRS,n,2,283.77,0.91,N,2
53.27114,24.43783,299.55,0.51,0.49,2020-08-11,2349,N20,VIIRS,n,2,282.59,1.99,N,2
52.84948,29.98919,329.01,0.47,0.4,2020-08-11,2349,N20,VIIRS,n,2,285.04,3.38,N,2
52.84586,29.98811,301.85,0.47,0.4,2020-08-11,2349,N20,VIIRS,n,2,282.78,3.38,N,2
53.27116,24.43855,303.25,0.51,0.49,2020-08-11,2349,N20,VIIRS,n,2,282.98,0.68,N,2
52.17081,31.32513,328.69,0.43,0.38,2020-08-11,2349,N20,VIIRS,n,2,287.2,3.4,N,0
52.17158,31.31892,304.17,0.43,0.38,2020-08-11,2349,N20,VIIRS,n,2,281.97,3.4,N,0
51.89858,29.32819,296.66,0.48,0.4,2020-08-11,2349,N20,VIIRS,n,2,285.92,1.06,N,0
52.84624,29.99026,309.23,0.51,0.66,2020-08-12,0129,N20,VIIRS,n,2,280.56,2.15,N,2
53.27102,24.43964,300.36,0.61,0.54,2020-08-12,0129,N20,VIIRS,n,2,282.45,1.02,N,2
51.88816,29.33676,296.87,0.52,0.67,2020-08-12,0129,N20,VIIRS,n,2,281.49,0.74,N,2
51.88889,29.33804,297.93,0.52,0.67,2020-08-12,0129,N20,VIIRS,n,2,281.39,1.04,N,2
53.67118,31.82648,297.2,0.41,0.45,2020-08-12,2329,N20,VIIRS,n,2,283.7,0.77,N,2
53.58733,31.94935,298.89,0.4,0.44,2020-08-12,2329,N20,VIIRS,n,2,281.8,0.74,N,0
53.27254,24.44174,305.2,0.4,0.6,2020-08-12,2330,N20,VIIRS,n,2,283.43,1.09,N,2
53.26125,24.44716,302.5,0.4,0.6,2020-08-12,2330,N20,VIIRS,n,2,284.28,0.9,N,2
53.26296,24.44954,300.62,0.41,0.45,2020-08-13,0110,N20,VIIRS,n,2,283.97,1.35,N,2
53.27347,24.44325,296.52,0.41,0.45,2020-08-13,0110,N20,VIIRS,n,2,281.31,0.56,N,2
53.26962,24.44067,295.73,0.41,0.45,2020-08-13,0110,N20,VIIRS,n,2,281.67,0.56,N,2
52.27639,31.50286,339.72,0.48,0.65,2020-08-13,0919,N20,VIIRS,n,2,281.35,6.6,D,0
52.27459,31.50368,344.36,0.48,0.65,2020-08-13,0919,N20,VIIRS,n,2,281.71,5.18,D,0
52.27426,31.49662,335.94,0.48,0.65,2020-08-13,0919,N20,VIIRS,n,2,278.74,5.5,D,0
52.27244,31.49747,339.86,0.48,0.65,2020-08-13,0919,N20,VIIRS,n,2,278.46,5.18,D,0
52.92347,26.75574,331.59,0.4,0.37,2020-08-13,1059,N20,VIIRS,n,2,296.1,3.78,D,0
51.91084,25.95447,341.19,0.39,0.36,2020-08-13,1059,N20,VIIRS,n,2,301.63,9.89,D,0
52.92757,26.76034,328.14,0.4,0.37,2020-08-13,1059,N20,VIIRS,l,2,299.15,3.01,D,0
53.2706,24.43628,301.2,0.64,0.72,2020-08-13,2310,N20,VIIRS,n,2,282.99,1.83,N,2
53.26409,24.44645,296.72,0.64,0.72,2020-08-13,2310,N20,VIIRS,n,2,283.85,1.52,N,2
51.893,29.33794,296.19,0.39,0.59,2020-08-13,2311,N20,VIIRS,n,2,280.5,0.9,N,2
52.84996,29.98803,325.07,0.37,0.58,2020-08-13,2311,N20,VIIRS,n,2,280.21,2.1,N,2
53.27223,24.44565,309.35,0.44,0.38,2020-08-14,0051,N20,VIIRS,n,2,284.48,1.56,N,2
53.26422,24.44824,299.4,0.44,0.38,2020-08-14,0051,N20,VIIRS,n,2,285.43,1.49,N,2
53.89591,30.31341,295.86,0.43,0.46,2020-08-14,0051,N20,VIIRS,n,2,279.27,0.58,N,0
52.84907,29.99369,301.93,0.45,0.47,2020-08-14,0051,N20,VIIRS,n,2,280.78,1.61,N,2
53.52111,27.15452,328.02,0.52,0.41,2020-08-14,0051,N20,VIIRS,n,2,279.11,4.39,N,0
52.84508,29.99093,327.19,0.45,0.47,2020-08-14,0051,N20,VIIRS,n,2,280.39,1.61,N,2
52.84666,29.98469,296.53,0.45,0.47,2020-08-14,0051,N20,VIIRS,n,2,279.71,2.15,N,2
52.09171,27.30593,331.54,0.4,0.37,2020-08-14,1040,N20,VIIRS,n,2,299.9,2.93,D,0
53.13649,25.84181,342.12,0.42,0.37,2020-08-14,1040,N20,VIIRS,n,2,301.56,4.31,D,0
52.09043,27.31884,343.13,0.4,0.37,2020-08-14,1040,N20,VIIRS,n,2,303.15,4.14,D,0
52.02573,27.5035,329.35,0.4,0.37,2020-08-14,1040,N20,VIIRS,n,2,296.45,2.12,D,0
52.08133,30.50472,327.88,0.39,0.36,2020-08-14,1040,N20,VIIRS,l,2,299.38,2.73,D,0
52.0927,27.31163,341.23,0.4,0.37,2020-08-14,1040,N20,VIIRS,n,2,299.51,2.93,D,0
53.09881,26.8086,327.34,0.4,0.37,2020-08-14,1040,N20,VIIRS,n,2,297.24,5.32,D,0
53.13095,25.83153,347.41,0.42,0.37,2020-08-14,1040,N20,VIIRS,n,2,298.25,3.9,D,0
53.78621,27.12016,296.23,0.77,0.78,2020-08-14,2251,N20,VIIRS,n,2,275.32,1.51,N,0
51.89484,29.33644,295.57,0.63,0.72,2020-08-14,2252,N20,VIIRS,n,2,281.23,1.6,N,2
52.84762,29.98755,311.11,0.47,0.4,2020-08-15,0032,N20,VIIRS,n,2,269.22,1.2,N,2
52.84662,29.98851,311.11,0.47,0.4,2020-08-15,0032,N20,VIIRS,n,2,270.96,1.88,N,2
53.18749,29.2696,297.65,0.44,0.38,2020-08-15,0032,N20,VIIRS,n,2,278.14,0.59,N,0
53.78362,27.12202,333.67,0.4,0.37,2020-08-15,0032,N20,VIIRS,n,2,282.08,3.63,N,0
53.60593,28.28879,296.07,0.42,0.37,2020-08-15,0032,N20,VIIRS,n,2,278.71,1.16,N,0
53.26219,24.44995,300.01,0.38,0.36,2020-08-15,0033,N20,VIIRS,n,2,286.94,1.11,N,2
53.27042,24.44148,312.46,0.38,0.36,2020-08-15,0033,N20,VIIRS,n,2,286.44,1.63,N,2
52.53607,30.89833,335.42,0.42,0.37,2020-08-15,1021,N20,VIIRS,n,2,307.66,18.34,D,0
52.98022,30.45671,330.84,0.42,0.38,2020-08-15,1021,N20,VIIRS,n,2,300.55,2.47,D,0
52.53497,30.89239,325.91,0.42,0.37,2020-08-15,1021,N20,VIIRS,n,2,296.44,18.34,D,0
52.53939,30.89668,341.15,0.42,0.37,2020-08-15,1021,N20,VIIRS,n,2,304.19,16.39,D,0
54.17989,31.35611,337.49,0.4,0.37,2020-08-15,1022,N20,VIIRS,n,2,289.86,3.96,D,0
53.68785,27.26375,327.09,0.4,0.37,2020-08-16,0013,N20,VIIRS,n,2,283.35,4.35,N,0
53.58766,31.95187,300.19,0.4,0.37,2020-08-16,0013,N20,VIIRS,n,2,284.82,0.69,N,0
53.6724,31.82443,296.9,0.4,0.37,2020-08-16,0013,N20,VIIRS,n,2,284.98,0.89,N,2
53.68703,27.26972,310.84,0.4,0.37,2020-08-16,0013,N20,VIIRS,n,2,283.84,3.1,N,0
53.60924,28.28519,303.55,0.39,0.36,2020-08-16,0013,N20,VIIRS,n,2,282.82,0.42,N,0
53.26099,24.44815,299.34,0.45,0.39,2020-08-16,0014,N20,VIIRS,n,2,286.87,0.76,N,2
53.56436,24.5382,326.93,0.45,0.39,2020-08-16,0014,N20,VIIRS,n,2,283.23,2,N,0
53.17234,26.40337,333.55,0.41,0.37,2020-08-16,0014,N20,VIIRS,n,2,286.28,9.35,N,0
53.27038,24.4437,310.64,0.45,0.39,2020-08-16,0014,N20,VIIRS,n,2,286.32,1.77,N,2
53.27242,24.4448,310.5,0.45,0.39,2020-08-16,0014,N20,VIIRS,n,2,286.08,1.14,N,2
53.26454,24.44929,302.25,0.45,0.39,2020-08-16,0014,N20,VIIRS,n,2,286.83,0.76,N,2
51.89781,29.33296,296.89,0.38,0.36,2020-08-16,0014,N20,VIIRS,n,2,286.23,0.78,N,0
51.89279,29.34252,303.24,0.38,0.36,2020-08-16,0014,N20,VIIRS,n,2,284.58,1.21,N,2
51.89045,29.33568,308.55,0.38,0.36,2020-08-16,0014,N20,VIIRS,n,2,284.28,1.14,N,2
53.68934,27.2704,316.45,0.63,0.72,2020-08-16,0153,N20,VIIRS,n,2,281.48,2.08,N,0
53.68965,27.26655,314.01,0.63,0.72,2020-08-16,0153,N20,VIIRS,n,2,281.19,1.91,N,0
53.17548,26.40181,295.81,0.62,0.71,2020-08-16,0154,N20,VIIRS,n,2,279.66,1.18,N,0
53.17245,26.40967,295.42,0.62,0.71,2020-08-16,0154,N20,VIIRS,n,2,280.53,1.18,N,0
53.26894,24.4407,295.18,0.52,0.67,2020-08-16,0154,N20,VIIRS,n,2,282.63,0.84,N,2
53.25869,24.44884,297.91,0.52,0.67,2020-08-16,0154,N20,VIIRS,n,2,283.61,0.47,N,0
53.17447,26.40504,311.17,0.62,0.71,2020-08-16,0154,N20,VIIRS,n,2,280.85,2.28,N,0
53.27337,24.44673,298.2,0.52,0.67,2020-08-16,0154,N20,VIIRS,n,2,282.29,0.8,N,2
52.03234,27.35822,355.43,0.53,0.5,2020-08-16,1003,N20,VIIRS,n,2,297.88,6.75,D,0
52.0304,27.35105,326.54,0.53,0.5,2020-08-16,1003,N20,VIIRS,n,2,297.75,6.75,D,0
53.55014,28.41059,328.91,0.44,0.46,2020-08-16,1003,N20,VIIRS,n,2,300.06,3.52,D,0
51.8901,29.34298,327.26,0.39,0.6,2020-08-16,1143,N20,VIIRS,n,2,296.12,2.89,D,2
53.54658,28.40363,326.83,0.37,0.58,2020-08-16,1143,N20,VIIRS,l,2,300.09,2.9,D,0
54.89589,28.71749,305.4,0.49,0.4,2020-08-16,2354,N20,VIIRS,n,2,285.2,0.79,N,0
53.27315,24.43893,299.67,0.44,0.46,2020-08-16,2355,N20,VIIRS,n,2,284.99,0.82,N,2
53.27264,24.44565,297.72,0.44,0.46,2020-08-16,2355,N20,VIIRS,n,2,285.67,0.74,N,2
53.3956,32.01341,307.38,0.4,0.37,2020-08-16,2355,N20,VIIRS,n,2,288.61,1.08,N,2
53.61814,28.3059,305.21,0.49,0.4,2020-08-16,2355,N20,VIIRS,n,2,285.63,1.18,N,0
53.6715,31.82606,302.96,0.4,0.37,2020-08-16,2355,N20,VIIRS,n,2,287.88,0.91,N,2
53.58801,31.95118,299.69,0.4,0.37,2020-08-16,2355,N20,VIIRS,n,2,286.13,0.81,N,0
53.78678,24.33781,297.17,0.45,0.47,2020-08-16,2355,N20,VIIRS,n,2,284.11,0.46,N,0
51.89048,29.33867,300.08,0.44,0.38,2020-08-16,2355,N20,VIIRS,n,2,287.14,1.02,N,2
52.84649,29.9874,327.78,0.43,0.38,2020-08-16,2355,N20,VIIRS,n,2,288.18,4.25,N,2
53.27145,24.43893,307.32,0.44,0.46,2020-08-16,2355,N20,VIIRS,n,2,286.07,1.71,N,2
51.89396,29.33978,308.73,0.44,0.38,2020-08-16,2355,N20,VIIRS,n,2,289.55,1.02,N,2
54.41572,27.86397,299.4,0.42,0.61,2020-08-17,0134,N20,VIIRS,n,2,284.92,0.95,N,0
53.2688,24.44119,298.83,0.35,0.57,2020-08-17,0135,N20,VIIRS,n,2,284.61,0.49,N,2
53.25907,24.44957,303.94,0.35,0.57,2020-08-17,0135,N20,VIIRS,n,2,286.51,0.54,N,2
52.84979,29.99033,296.44,0.58,0.7,2020-08-17,0135,N20,VIIRS,n,2,284.25,1.65,N,2
51.89371,29.33823,298.04,0.6,0.7,2020-08-17,0135,N20,VIIRS,n,2,285.5,2.45,N,2
53.2735,24.44514,298.28,0.35,0.57,2020-08-17,0135,N20,VIIRS,n,2,284.34,0.49,N,2
53.2597,24.45131,299.65,0.35,0.57,2020-08-17,0135,N20,VIIRS,n,2,287.02,0.41,N,2
53.27278,24.4434,309.61,0.35,0.57,2020-08-17,0135,N20,VIIRS,n,2,285.53,1.07,N,2
53.12035,31.83414,339.32,0.5,0.49,2020-08-17,0944,N20,VIIRS,n,2,295.89,4.59,D,0
53.08173,26.10518,330.86,0.57,0.43,2020-08-17,1124,N20,VIIRS,n,2,302.53,5.08,D,0
52.0637,28.06303,340.39,0.44,0.46,2020-08-17,1124,N20,VIIRS,n,2,299.34,3.79,D,0
52.8971,27.69959,341.02,0.43,0.46,2020-08-17,1124,N20,VIIRS,n,2,298.58,3.33,D,0
55.73437,30.09025,339.63,0.57,0.52,2020-08-17,1125,N20,VIIRS,n,2,291.34,6.02,D,0
54.82116,29.21773,333.97,0.52,0.5,2020-08-17,1125,N20,VIIRS,n,2,300.23,4.17,D,0
53.67174,31.82409,298.54,0.53,0.42,2020-08-17,2336,N20,VIIRS,n,2,287.31,0.94,N,2
51.89318,29.33833,301.1,0.42,0.45,2020-08-17,2336,N20,VIIRS,n,2,287.73,1.34,N,2
52.8472,29.99055,338.58,0.41,0.45,2020-08-17,2336,N20,VIIRS,n,2,288.06,5.21,N,2
53.4104,29.50867,300.74,0.43,0.46,2020-08-17,2336,N20,VIIRS,n,2,283.43,0.69,N,0
53.39541,32.01332,309.78,0.52,0.42,2020-08-17,2336,N20,VIIRS,n,2,289.85,2.33,N,2
53.5889,31.9499,295.9,0.53,0.42,2020-08-17,2336,N20,VIIRS,n,2,285.78,0.76,N,0
53.5876,31.95212,300.14,0.43,0.62,2020-08-18,0116,N20,VIIRS,n,2,284.53,0.42,N,0
51.88879,29.33791,297.14,0.4,0.6,2020-08-18,0116,N20,VIIRS,n,2,285.72,0.62,N,2
51.89373,29.34196,296.55,0.4,0.6,2020-08-18,0116,N20,VIIRS,n,2,286.18,0.65,N,2
54.07948,31.41115,345.75,0.36,0.58,2020-08-18,0925,N20,VIIRS,n,2,293.88,4.41,D,0
53.11672,31.8306,354.93,0.38,0.59,2020-08-18,0925,N20,VIIRS,n,2,282.21,6.89,D,0
54.08043,31.41227,353.93,0.36,0.58,2020-08-18,0925,N20,VIIRS,n,2,294.5,6.04,D,0
54.31686,27.7848,335.09,0.46,0.39,2020-08-18,1106,N20,VIIRS,n,2,285.86,4.89,D,0
53.27236,24.43697,297.53,0.55,0.68,2020-08-18,2317,N20,VIIRS,n,2,279.19,1.42,N,2
53.27438,24.44196,296.5,0.55,0.68,2020-08-18,2317,N20,VIIRS,n,2,279.58,1.28,N,2
52.00996,30.63509,329.27,0.69,0.74,2020-08-19,0906,N20,VIIRS,n,2,290.2,13.43,D,0
52.00741,30.63485,327.81,0.69,0.74,2020-08-19,0906,N20,VIIRS,n,2,290.28,19.58,D,0
52.00416,30.64111,342.11,0.69,0.74,2020-08-19,0906,N20,VIIRS,n,2,290.61,13.43,D,0
52.00756,30.64964,356.19,0.69,0.74,2020-08-19,0906,N20,VIIRS,l,2,288.72,13.43,D,0
52.01078,30.64342,356.4,0.69,0.74,2020-08-19,0906,N20,VIIRS,l,2,292.16,33.54,D,0
52.0068,30.63478,347.83,0.4,0.37,2020-08-19,1046,N20,VIIRS,n,2,308.95,13.24,D,0
52.20404,31.49075,341.1,0.42,0.37,2020-08-19,1046,N20,VIIRS,n,2,305.68,4.74,D,0
52.20467,31.48597,333.19,0.42,0.37,2020-08-19,1046,N20,VIIRS,n,2,302.65,5.94,D,0
52.0109,30.63941,343.41,0.4,0.37,2020-08-19,1046,N20,VIIRS,n,2,285.12,5.67,D,0
52.01014,30.63362,367,0.4,0.37,2020-08-19,1046,N20,VIIRS,h,2,307.32,13.24,D,0
52.00757,30.64056,367,0.4,0.37,2020-08-19,1046,N20,VIIRS,h,2,297.81,5.67,D,0
52.84571,29.99123,334.28,0.4,0.37,2020-08-19,1046,N20,VIIRS,n,2,296.67,7.11,D,2
52.00896,30.63224,332.42,0.47,0.64,2020-08-19,2258,N20,VIIRS,n,2,286.14,8.27,N,0
52.01751,30.63277,297.88,0.47,0.64,2020-08-19,2258,N20,VIIRS,n,2,278.33,3.71,N,0
52.01154,30.63253,339.27,0.47,0.64,2020-08-19,2258,N20,VIIRS,n,2,286.49,3.71,N,0
52.01159,30.62553,299.86,0.47,0.64,2020-08-19,2258,N20,VIIRS,n,2,279.4,3.8,N,0
52.01149,30.63956,313.35,0.47,0.64,2020-08-19,2258,N20,VIIRS,n,2,282.85,3.71,N,0
52.00557,30.63232,297.84,0.47,0.64,2020-08-19,2258,N20,VIIRS,n,2,281.53,2.03,N,0
52.00887,30.63929,311.69,0.47,0.64,2020-08-19,2258,N20,VIIRS,n,2,283.13,6.07,N,0
52.01618,30.63836,300.75,0.38,0.43,2020-08-20,0039,N20,VIIRS,n,2,279.99,2.23,N,0
52.01397,30.62948,299.29,0.57,0.43,2020-08-20,0039,N20,VIIRS,n,2,280.58,1.82,N,0
52.01021,30.62719,299.02,0.57,0.43,2020-08-20,0039,N20,VIIRS,n,2,280.43,1.82,N,0
52.01309,30.64128,326.82,0.38,0.43,2020-08-20,0039,N20,VIIRS,n,2,288.54,2.2,N,0
52.00557,30.63664,303.27,0.38,0.43,2020-08-20,0039,N20,VIIRS,n,2,280.05,2.73,N,0
52.00811,30.64423,298.84,0.38,0.43,2020-08-20,0039,N20,VIIRS,n,2,280.98,2.73,N,0
52.01177,30.62842,295.91,0.38,0.43,2020-08-20,0039,N20,VIIRS,n,2,279.18,5.66,N,0
52.00933,30.63897,338.63,0.38,0.43,2020-08-20,0039,N20,VIIRS,n,2,297.7,2.73,N,0
52.01055,30.6337,341.11,0.38,0.43,2020-08-20,0039,N20,VIIRS,n,2,295.26,5.66,N,0
52.01187,30.64655,298.36,0.38,0.43,2020-08-20,0039,N20,VIIRS,n,2,281.27,2.2,N,0
52.01431,30.63601,314.86,0.38,0.43,2020-08-20,0039,N20,VIIRS,n,2,284.71,3.86,N,0
52.00893,30.63067,339.98,0.4,0.37,2020-08-20,1027,N20,VIIRS,n,2,303.38,8.6,D,0
51.89098,29.34332,335.63,0.42,0.38,2020-08-20,1027,N20,VIIRS,n,2,303.5,2.54,D,2
52.00764,30.64352,339.29,0.4,0.37,2020-08-20,1027,N20,VIIRS,n,2,296.92,3.05,D,0
52.00665,30.63785,367,0.4,0.37,2020-08-20,1027,N20,VIIRS,h,2,313.22,11,D,0
52.01091,30.642,345.47,0.4,0.37,2020-08-20,1027,N20,VIIRS,n,2,298.07,6.87,D,0
52.00992,30.63634,355.8,0.4,0.37,2020-08-20,1027,N20,VIIRS,n,2,307.81,8.6,D,0
53.27036,24.44048,309.99,0.42,0.37,2020-08-21,0020,N20,VIIRS,n,2,285.83,1.71,N,2
52.0105,30.63579,299.03,0.42,0.37,2020-08-21,0020,N20,VIIRS,n,2,268.69,0.74,N,0
52.08146,24.33396,325.91,0.6,0.53,2020-08-21,1009,N20,VIIRS,n,2,290.72,4.47,D,0
52.00933,30.64069,343.84,0.52,0.67,2020-08-21,1149,N20,VIIRS,n,2,289.96,9.02,D,0
52.00705,30.63974,344.86,0.52,0.67,2020-08-21,1149,N20,VIIRS,n,2,290.33,11.78,D,0
52.72216,27.93836,329.44,0.4,0.6,2020-08-21,1150,N20,VIIRS,n,2,289.77,2.46,D,0
52.71851,27.93899,328.71,0.4,0.6,2020-08-21,1150,N20,VIIRS,n,2,289.24,3.33,D,0
53.58644,31.95282,297.21,0.39,0.36,2020-08-22,0001,N20,VIIRS,n,2,282.76,0.64,N,0
52.01329,30.63761,302.96,0.39,0.36,2020-08-22,0001,N20,VIIRS,n,2,286.61,1.12,N,0
52.01083,30.63077,295.72,0.39,0.36,2020-08-22,0001,N20,VIIRS,n,2,283.87,1.4,N,0
52.01002,30.63635,296.22,0.39,0.36,2020-08-22,0001,N20,VIIRS,n,2,285.92,1.12,N,0
53.67135,31.82436,299.47,0.39,0.36,2020-08-22,0001,N20,VIIRS,n,2,284.73,0.65,N,2
53.39472,32.0155,296.21,0.39,0.36,2020-08-22,0001,N20,VIIRS,n,2,284.05,0.58,N,2
53.27284,24.44058,312.2,0.38,0.43,2020-08-22,0001,N20,VIIRS,n,2,282.31,0.99,N,2
53.27025,24.44258,306.55,0.4,0.6,2020-08-22,0141,N20,VIIRS,n,2,284.68,0.94,N,2
53.26008,24.45179,296.36,0.4,0.6,2020-08-22,0141,N20,VIIRS,n,2,284.98,0.59,N,2
52.84397,29.99263,328.69,0.53,0.5,2020-08-22,0950,N20,VIIRS,n,2,296.28,4.82,D,2
52.59138,30.52909,336.25,0.33,0.55,2020-08-22,1130,N20,VIIRS,n,2,296.92,3.71,D,0
54.11959,30.58235,327.96,0.34,0.56,2020-08-22,1131,N20,VIIRS,n,2,293.5,1.91,D,0
52.01278,30.63552,317.99,0.5,0.41,2020-08-22,2342,N20,VIIRS,n,2,291.97,2.85,N,0
52.01353,30.62832,295.03,0.5,0.41,2020-08-22,2342,N20,VIIRS,n,2,284.97,2.85,N,0
52.84635,29.99044,328.43,0.53,0.42,2020-08-22,2342,N20,VIIRS,n,2,286.54,12.17,N,2
52.84741,29.9898,330.36,0.53,0.42,2020-08-22,2342,N20,VIIRS,n,2,287.39,12.17,N,2
53.39685,32.01284,297.29,0.47,0.39,2020-08-22,2342,N20,VIIRS,n,2,284.73,0.98,N,2
53.39701,32.01225,296.81,0.47,0.39,2020-08-22,2342,N20,VIIRS,n,2,284.41,0.62,N,2
53.67046,31.82556,298.82,0.48,0.4,2020-08-22,2342,N20,VIIRS,n,2,285.77,0.96,N,2
52.00831,30.64173,310.15,0.5,0.41,2020-08-22,2342,N20,VIIRS,n,2,288.54,2.62,N,0
52.00906,30.6345,327.69,0.5,0.41,2020-08-22,2342,N20,VIIRS,n,2,293.81,2.85,N,0
51.89104,29.33818,298.99,0.55,0.43,2020-08-22,2342,N20,VIIRS,n,2,285,0.9,N,2
52.01202,30.64275,317.11,0.5,0.41,2020-08-22,2342,N20,VIIRS,n,2,291.46,2.62,N,0
51.88839,29.3402,297.14,0.46,0.63,2020-08-23,0122,N20,VIIRS,n,2,283.64,0.63,N,2
52.01069,30.63677,319.67,0.51,0.66,2020-08-23,0122,N20,VIIRS,n,2,290.91,4.08,N,0
52.00746,30.63275,302.24,0.5,0.66,2020-08-23,0122,N20,VIIRS,n,2,285.43,1.37,N,0
52.01276,30.63766,312.64,0.5,0.66,2020-08-23,0122,N20,VIIRS,n,2,288.18,3.24,N,0
52.84691,29.9907,326.35,0.45,0.63,2020-08-23,0122,N20,VIIRS,n,2,284.7,3.61,N,2
52.8481,29.99365,309.45,0.45,0.63,2020-08-23,0122,N20,VIIRS,n,2,283.45,2.33,N,2
52.8501,29.9878,310.14,0.44,0.63,2020-08-23,0122,N20,VIIRS,n,2,282.89,2.76,N,2
52.00962,30.64066,336.07,0.4,0.6,2020-08-23,0931,N20,VIIRS,n,2,301.52,5.71,D,0
52.61315,30.23861,341.68,0.4,0.6,2020-08-23,0931,N20,VIIRS,n,2,293.49,3.4,D,0
52.8442,29.99076,335.28,0.4,0.6,2020-08-23,0931,N20,VIIRS,n,2,293.82,7.07,D,2
53.1436,29.73848,325.42,0.4,0.6,2020-08-23,0931,N20,VIIRS,n,2,289.04,1.52,D,0
52.84588,29.99601,335.9,0.4,0.6,2020-08-23,0931,N20,VIIRS,n,2,292.74,5.71,D,2
52.00814,30.6335,331.18,0.41,0.45,2020-08-23,1111,N20,VIIRS,l,2,305.48,4.36,D,0
52.00861,30.63955,349.5,0.41,0.45,2020-08-23,1111,N20,VIIRS,n,2,311.14,9.06,D,0
52.97428,30.44949,340.36,0.42,0.45,2020-08-23,1112,N20,VIIRS,n,2,296.12,5.06,D,0
54.173,29.72711,328.89,0.4,0.44,2020-08-23,1112,N20,VIIRS,n,2,290.14,3.09,D,0
52.84798,29.99006,335.17,0.4,0.44,2020-08-23,1112,N20,VIIRS,n,2,296.63,5.59,D,2
51.82747,28.1718,336.08,0.39,0.36,2020-08-24,1052,N20,VIIRS,n,2,282.66,2.79,D,0
52.52569,28.01054,332.65,0.39,0.36,2020-08-24,1053,N20,VIIRS,n,2,291.21,3.2,D,0
53.95076,26.7578,334.27,0.39,0.36,2020-08-24,1053,N20,VIIRS,n,2,294.39,2.99,D,0
52.84736,29.98778,321.43,0.43,0.62,2020-08-24,2304,N20,VIIRS,n,2,282.18,2.15,N,2
53.71758,32.03983,301.77,0.36,0.57,2020-08-24,2304,N20,VIIRS,n,2,285.92,0.53,N,0
53.71939,32.04383,300.89,0.36,0.57,2020-08-24,2304,N20,VIIRS,n,2,285.53,0.73,N,0
53.71663,32.04297,299.13,0.44,0.46,2020-08-25,0044,N20,VIIRS,n,2,283.7,0.61,N,0
53.71706,32.04341,299.34,0.44,0.46,2020-08-25,0044,N20,VIIRS,n,2,283.45,0.57,N,0
53.0894,30.79284,339.38,0.38,0.36,2020-08-25,1034,N20,VIIRS,n,2,295.46,2.99,D,0
52.323,30.24773,329,0.39,0.36,2020-08-25,1034,N20,VIIRS,n,2,292,2.19,D,0
53.49106,26.2784,312.26,0.38,0.36,2020-08-26,0026,N20,VIIRS,n,2,282.54,2.23,N,0
53.27119,24.44008,312.43,0.39,0.36,2020-08-26,0026,N20,VIIRS,n,2,284.51,0.91,N,2
53.26296,24.4491,304.61,0.39,0.36,2020-08-26,0026,N20,VIIRS,n,2,285.25,1.33,N,2
51.89462,29.34198,296.31,0.42,0.38,2020-08-26,0026,N20,VIIRS,n,2,285.42,0.95,N,2
51.88794,29.33866,297.02,0.42,0.38,2020-08-26,0026,N20,VIIRS,n,2,284.32,0.47,N,2
52.85257,29.99847,298.66,0.43,0.38,2020-08-26,0026,N20,VIIRS,n,2,286.94,1.13,N,2
52.84707,29.98887,309.67,0.43,0.38,2020-08-26,0026,N20,VIIRS,n,2,285.6,1.7,N,2
53.49429,26.27983,321.65,0.38,0.36,2020-08-26,0026,N20,VIIRS,n,2,283.75,1.89,N,0
51.87651,27.93229,336.13,0.39,0.44,2020-08-26,1015,N20,VIIRS,n,2,292.05,8.31,D,0
51.87776,27.93762,337.82,0.39,0.44,2020-08-26,1015,N20,VIIRS,n,2,290.87,8.5,D,0
52.8462,29.99411,331.43,0.48,0.4,2020-08-26,1015,N20,VIIRS,n,2,294.3,6.17,D,2
53.96157,25.75691,299.17,0.46,0.47,2020-08-27,2348,N20,VIIRS,n,2,282.67,0.62,N,0
53.58827,31.9488,296.14,0.4,0.44,2020-08-28,2329,N20,VIIRS,n,2,281.48,0.51,N,0
53.26191,24.44486,303.59,0.4,0.6,2020-08-28,2329,N20,VIIRS,n,2,283.1,0.86,N,2
53.27322,24.4394,308.74,0.4,0.6,2020-08-28,2329,N20,VIIRS,n,2,283.13,0.98,N,2
53.3972,32.01465,297.96,0.4,0.44,2020-08-28,2329,N20,VIIRS,n,2,282.37,0.5,N,2
53.58704,31.9495,296.4,0.4,0.44,2020-08-28,2329,N20,VIIRS,n,2,281.59,0.48,N,0
53.6721,31.8255,295.56,0.41,0.45,2020-08-28,2329,N20,VIIRS,n,2,283.38,0.58,N,2
52.50583,30.43152,297.29,0.45,0.47,2020-08-28,2330,N20,VIIRS,n,2,283.35,0.5,N,0
53.26983,24.44176,297.41,0.41,0.45,2020-08-29,0110,N20,VIIRS,n,2,273.56,0.61,N,2
53.4529,28.39211,295.25,0.56,0.52,2020-08-29,0110,N20,VIIRS,n,2,280.37,2.08,N,0
53.45073,28.39983,318.49,0.56,0.52,2020-08-29,0110,N20,VIIRS,n,2,280.58,2.08,N,0
52.84634,29.99055,340.34,0.34,0.56,2020-08-29,0110,N20,VIIRS,n,2,283.83,4.06,N,2
54.57288,31.08438,333.01,0.41,0.61,2020-08-29,0919,N20,VIIRS,n,2,290.22,3.65,D,0
52.84608,29.99053,333.39,0.46,0.39,2020-08-29,1059,N20,VIIRS,n,2,296.88,7.62,D,2
53.27467,24.43994,299.78,0.64,0.72,2020-08-29,2310,N20,VIIRS,n,2,282.13,1.01,N,2
52.84704,29.99122,305.99,0.37,0.58,2020-08-29,2310,N20,VIIRS,n,2,284.72,1.17,N,2
52.84721,29.98561,306.53,0.37,0.58,2020-08-29,2310,N20,VIIRS,n,2,284.53,1.49,N,2
52.45132,30.5609,298.26,0.35,0.57,2020-08-29,2311,N20,VIIRS,n,2,283.31,0.39,N,0
52.45189,30.56577,298.56,0.35,0.57,2020-08-29,2311,N20,VIIRS,n,2,283.45,0.46,N,0
55.53278,28.51459,298.62,0.51,0.41,2020-08-30,0050,N20,VIIRS,n,2,284.56,0.43,N,0
53.2634,24.44884,300.06,0.44,0.38,2020-08-30,0051,N20,VIIRS,n,2,282.18,0.75,N,2
53.27266,24.43998,298.47,0.44,0.38,2020-08-30,0051,N20,VIIRS,n,2,280.96,1.06,N,2
52.84653,29.99103,325.97,0.45,0.47,2020-08-30,0051,N20,VIIRS,n,2,286.43,1.95,N,2
53.28029,30.36008,332.08,0.39,0.36,2020-08-30,1040,N20,VIIRS,n,2,299.22,6.19,D,0
53.9414,31.44854,333.3,0.4,0.37,2020-08-30,1040,N20,VIIRS,n,2,295.65,2.3,D,0
53.9422,31.45459,336.55,0.4,0.37,2020-08-30,1040,N20,VIIRS,n,2,293.96,2.3,D,0
53.93807,31.44981,332.15,0.4,0.37,2020-08-30,1040,N20,VIIRS,n,2,294.66,2.3,D,0
53.28925,30.35042,336.33,0.39,0.36,2020-08-30,1040,N20,VIIRS,n,2,299.31,4.47,D,0
53.27946,30.35436,333.4,0.39,0.36,2020-08-30,1040,N20,VIIRS,n,2,300.01,6.19,D,0
52.65956,27.77053,330.97,0.39,0.36,2020-08-30,1040,N20,VIIRS,n,2,297.85,3.43,D,0
53.02874,30.61046,335.45,0.39,0.36,2020-08-30,1040,N20,VIIRS,n,2,300.86,3.05,D,0
52.94201,30.29678,340.33,0.39,0.36,2020-08-30,1040,N20,VIIRS,n,2,299.71,4.04,D,0
52.84565,29.99224,343.42,0.38,0.36,2020-08-30,1040,N20,VIIRS,n,2,301.51,8.18,D,2
51.892,29.34138,346.87,0.38,0.36,2020-08-30,1040,N20,VIIRS,n,2,306.87,5.64,D,2
52.84702,29.98881,298.55,0.59,0.7,2020-08-30,2251,N20,VIIRS,n,2,288.43,0.71,N,2
52.11536,30.67866,319.56,0.51,0.41,2020-08-31,0032,N20,VIIRS,n,2,289.72,2.49,N,0
52.84755,29.98718,314.61,0.47,0.39,2020-08-31,0032,N20,VIIRS,n,2,290.37,1.41,N,2
52.1162,30.67908,321.88,0.51,0.41,2020-08-31,0032,N20,VIIRS,n,2,289.75,2.68,N,0
52.73307,26.03501,335.14,0.57,0.43,2020-08-31,1021,N20,VIIRS,n,2,294.79,4.27,D,0
53.99649,25.83224,333.55,0.54,0.42,2020-08-31,1022,N20,VIIRS,n,2,293.4,5.58,D,0
53.39645,32.01161,297.32,0.4,0.37,2020-09-01,0013,N20,VIIRS,n,2,284.77,0.31,N,2
53.67039,31.82697,301.3,0.4,0.37,2020-09-01,0013,N20,VIIRS,n,2,287.67,0.64,N,2
52.84897,29.98992,320.79,0.39,0.36,2020-09-01,0013,N20,VIIRS,n,2,287.79,2.39,N,2
52.80205,27.82907,338.05,0.39,0.36,2020-09-01,0014,N20,VIIRS,n,2,286.55,11.79,N,0
53.44975,32.5167,333.7,0.48,0.4,2020-09-01,1002,N20,VIIRS,n,2,294.82,4.96,D,0
52.84547,29.99005,333.74,0.4,0.44,2020-09-01,1002,N20,VIIRS,n,2,289.26,3.83,D,2
53.44831,32.50977,334.15,0.48,0.4,2020-09-01,1002,N20,VIIRS,n,2,294.82,4.16,D,0
53.45111,32.50845,350.54,0.48,0.4,2020-09-01,1002,N20,VIIRS,n,2,295.86,6.06,D,0
53.45181,32.50769,336.74,0.48,0.4,2020-09-01,1002,N20,VIIRS,n,2,294.44,4.16,D,0
53.45258,32.51537,331.02,0.48,0.4,2020-09-01,1002,N20,VIIRS,n,2,293.86,6.06,D,0
52.84721,29.99358,328.62,0.42,0.61,2020-09-01,1143,N20,VIIRS,n,2,289.37,3.13,D,2
52.84311,29.99039,330.15,0.42,0.61,2020-09-01,1143,N20,VIIRS,n,2,288.49,5.06,D,2
53.58877,31.95034,300.11,0.4,0.37,2020-09-01,2354,N20,VIIRS,n,2,286.54,0.8,N,0
53.39634,32.01276,299.64,0.4,0.37,2020-09-01,2354,N20,VIIRS,n,2,287.69,0.8,N,2
53.67232,31.82504,296.15,0.4,0.37,2020-09-01,2354,N20,VIIRS,n,2,282.93,0.35,N,2
52.84679,29.99149,325.25,0.43,0.38,2020-09-01,2355,N20,VIIRS,n,2,289.01,1.9,N,2
52.84691,29.99135,299.69,0.58,0.7,2020-09-02,0134,N20,VIIRS,n,2,281.06,0.88,N,2
54.57352,31.08754,330.14,0.49,0.48,2020-09-02,0944,N20,VIIRS,n,2,293.49,5.18,D,0
54.27294,30.91725,329.39,0.5,0.49,2020-09-02,0944,N20,VIIRS,n,2,293.39,4.88,D,0
53.14013,31.89851,338.29,0.5,0.49,2020-09-02,0944,N20,VIIRS,n,2,295,3.23,D,0
53.67027,31.82749,298.48,0.54,0.42,2020-09-02,2335,N20,VIIRS,n,2,286.97,0.79,N,2
52.84632,29.98998,298.26,0.41,0.45,2020-09-02,2336,N20,VIIRS,n,2,270.66,0.44,N,2
53.58942,31.9517,296.85,0.43,0.62,2020-09-03,0116,N20,VIIRS,n,2,286.14,0.5,N,0
52.58045,25.54373,342.12,0.4,0.37,2020-09-03,1105,N20,VIIRS,n,2,291.41,4.53,D,0
53.14212,26.74835,325.47,0.42,0.38,2020-09-03,1105,N20,VIIRS,n,2,289.1,1.8,D,0
53.27209,24.43964,305.09,0.55,0.68,2020-09-03,2317,N20,VIIRS,n,2,282.26,1.96,N,2
53.26008,24.45212,295.38,0.48,0.4,2020-09-04,0057,N20,VIIRS,n,2,282.98,0.69,N,2
53.27002,24.44251,306.7,0.48,0.4,2020-09-04,0057,N20,VIIRS,n,2,283.45,1.76,N,2
53.02726,26.74907,341.54,0.39,0.36,2020-09-04,1046,N20,VIIRS,n,2,295.6,5.31,D,0
52.72232,27.93596,339.15,0.38,0.36,2020-09-04,1046,N20,VIIRS,n,2,300.16,5.95,D,0
53.9737,26.08435,327.38,0.39,0.36,2020-09-04,1047,N20,VIIRS,n,2,294.58,2.02,D,0
54.07545,24.9021,327.58,0.4,0.37,2020-09-04,1047,N20,VIIRS,n,2,294.76,2.81,D,0
54.07443,24.89621,347.74,0.4,0.37,2020-09-04,1047,N20,VIIRS,n,2,297.72,8.85,D,0
53.49343,26.3436,330.37,0.39,0.36,2020-09-04,1047,N20,VIIRS,n,2,294.87,1.5,D,0
53.4902,26.3451,350.59,0.39,0.36,2020-09-04,1047,N20,VIIRS,n,2,297.11,4.97,D,0
52.84993,29.99042,302.14,0.51,0.66,2020-09-04,2258,N20,VIIRS,n,2,283.63,1.87,N,2
52.84993,29.98269,296.76,0.51,0.66,2020-09-04,2258,N20,VIIRS,n,2,282.77,1.56,N,2
52.84757,29.99144,334.52,0.52,0.42,2020-09-05,0038,N20,VIIRS,n,2,285.1,6.78,N,2
53.587,31.95323,301.84,0.39,0.44,2020-09-05,0038,N20,VIIRS,n,2,284.51,0.55,N,0
51.56546,29.44371,340.92,0.43,0.38,2020-09-05,1027,N20,VIIRS,n,2,298.95,5.06,D,0
53.39249,30.40232,328,0.39,0.36,2020-09-05,1028,N20,VIIRS,n,2,296.08,2.8,D,0
53.14493,25.18362,331.86,0.49,0.65,2020-09-05,1208,N20,VIIRS,n,2,283.17,3.98,D,0
53.67081,31.82515,298.17,0.42,0.38,2020-09-06,0019,N20,VIIRS,n,2,286.66,0.72,N,2
53.39468,32.01351,302.08,0.43,0.38,2020-09-06,0019,N20,VIIRS,n,2,287.79,0.91,N,2
52.84815,29.98874,329.29,0.4,0.37,2020-09-06,0020,N20,VIIRS,n,2,287.22,10.24,N,2
52.85365,29.99765,301.15,0.4,0.37,2020-09-06,0020,N20,VIIRS,n,2,288.6,1.24,N,2
54.15039,29.90081,335.62,0.5,0.41,2020-09-06,1009,N20,VIIRS,n,2,280.55,10.51,D,0
54.1488,29.89354,338.34,0.5,0.41,2020-09-06,1009,N20,VIIRS,n,2,278.49,10.51,D,0
52.84673,29.99051,328.69,0.53,0.42,2020-09-06,1009,N20,VIIRS,n,2,293.68,5.71,D,2
54.14979,29.90246,331.93,0.5,0.41,2020-09-06,1009,N20,VIIRS,n,2,278.08,7.13,D,0
54.14822,29.89517,343.8,0.5,0.41,2020-09-06,1009,N20,VIIRS,n,2,280.75,10.64,D,0
54.15178,29.89294,330.91,0.5,0.41,2020-09-06,1009,N20,VIIRS,n,2,275.64,4,D,0
52.84937,29.98945,300.94,0.4,0.37,2020-09-07,0001,N20,VIIRS,n,2,285.25,0.57,N,2
52.84604,29.98821,301.02,0.4,0.37,2020-09-07,0001,N20,VIIRS,n,2,285.74,0.75,N,2
53.27047,24.44043,304.59,0.39,0.44,2020-09-07,0001,N20,VIIRS,n,2,274.53,1.19,N,2
53.27408,24.43826,303.03,0.6,0.53,2020-09-07,2342,N20,VIIRS,n,2,279.64,0.98,N,2
53.27133,24.4435,302.19,0.53,0.5,2020-09-08,0122,N20,VIIRS,n,2,280.83,1.25,N,2
52.04288,31.21005,347.42,0.38,0.59,2020-09-08,0931,N20,VIIRS,n,2,289.53,4.38,D,0
52.84697,29.99129,326.51,0.4,0.6,2020-09-08,0931,N20,VIIRS,n,2,288.76,3.17,D,2
52.84806,29.99191,325.75,0.4,0.6,2020-09-08,0931,N20,VIIRS,n,2,289.32,3.21,D,2
51.48914,28.691,329.91,0.51,0.41,2020-09-08,1111,N20,VIIRS,n,2,292.96,4.06,D,0
52.8485,29.98792,312.16,0.59,0.53,2020-09-09,0103,N20,VIIRS,n,2,283.01,2.37,N,2
52.84665,29.9915,314.62,0.59,0.53,2020-09-09,0103,N20,VIIRS,n,2,283.18,1.55,N,2
53.27258,24.44257,305.19,0.54,0.42,2020-09-09,0104,N20,VIIRS,n,2,284.09,1.05,N,2
53.26353,24.44558,295.37,0.54,0.42,2020-09-09,0104,N20,VIIRS,n,2,284.1,0.64,N,2
52.84592,29.99453,329.43,0.42,0.38,2020-09-09,1052,N20,VIIRS,n,2,288.89,4.41,D,2
53.31665,25.89223,326.03,0.38,0.36,2020-09-09,1053,N20,VIIRS,n,2,293.83,2.01,D,0
51.88981,29.3323,298.57,0.46,0.64,2020-09-09,2304,N20,VIIRS,n,2,281.78,0.91,N,2
51.89679,29.3318,295.02,0.39,0.44,2020-09-10,0045,N20,VIIRS,n,2,284.93,0.95,N,0
51.88665,29.33791,301.75,0.39,0.44,2020-09-10,0045,N20,VIIRS,n,2,282.07,0.53,N,2
52.46458,24.20483,330.48,0.52,0.67,2020-09-10,1215,N20,VIIRS,n,2,291.12,4.45,D,0
51.89461,29.32936,367,0.74,0.76,2020-09-10,2245,N20,VIIRS,h,2,282.05,5.5,N,0
51.89122,29.33756,315.27,0.74,0.76,2020-09-10,2245,N20,VIIRS,n,2,281.95,8.67,N,2
51.89088,29.32646,340.8,0.74,0.76,2020-09-10,2245,N20,VIIRS,n,2,281.11,11.37,N,0
51.88752,29.32964,295.97,0.74,0.76,2020-09-10,2245,N20,VIIRS,n,2,280.36,5.5,N,0
51.89491,29.34042,295.84,0.74,0.76,2020-09-10,2245,N20,VIIRS,n,2,280.47,5.5,N,2
52.85065,29.98905,299.85,0.69,0.74,2020-09-10,2245,N20,VIIRS,n,2,280.62,1.59,N,2
52.84916,29.98262,306.34,0.69,0.74,2020-09-10,2245,N20,VIIRS,n,2,279.97,1.58,N,2
55.50525,28.58982,299.19,0.39,0.36,2020-09-11,0025,N20,VIIRS,n,2,279.18,0.56,N,0
51.8998,29.32343,295.18,0.42,0.38,2020-09-11,0026,N20,VIIRS,n,2,283.76,0.74,N,0
53.26115,24.44815,296.87,0.39,0.36,2020-09-11,0026,N20,VIIRS,n,2,282.39,0.52,N,2
53.27266,24.44042,302.15,0.39,0.36,2020-09-11,0026,N20,VIIRS,n,2,280.46,0.36,N,2
52.84705,29.98619,298.55,0.43,0.38,2020-09-11,0026,N20,VIIRS,n,2,280.56,2.29,N,2
52.84588,29.99228,326.2,0.43,0.38,2020-09-11,0026,N20,VIIRS,n,2,283.08,3.59,N,2
51.8897,29.33789,316.5,0.42,0.38,2020-09-11,0026,N20,VIIRS,n,2,283.32,15.29,N,2
51.8919,29.34547,296.49,0.42,0.38,2020-09-11,0026,N20,VIIRS,n,2,281.94,5.09,N,2
51.89304,29.33955,326.42,0.42,0.38,2020-09-11,0026,N20,VIIRS,n,2,291.43,15.29,N,2
53.30778,32.51702,328.32,0.41,0.37,2020-09-11,1015,N20,VIIRS,n,2,286.39,2.14,D,0
53.13761,30.32532,340.77,0.46,0.39,2020-09-11,1015,N20,VIIRS,n,2,292.36,11.8,D,0
52.84648,29.99165,333.88,0.48,0.4,2020-09-11,1015,N20,VIIRS,n,2,297.44,5.28,D,2
51.96593,29.33479,325.47,0.54,0.68,2020-09-11,1155,N20,VIIRS,n,2,292.79,2.89,D,0
53.58625,31.95126,297.98,0.39,0.36,2020-09-12,0007,N20,VIIRS,n,2,277.86,0.7,N,0
53.39263,32.01263,295.75,0.39,0.36,2020-09-12,0007,N20,VIIRS,n,2,281.26,0.82,N,2
52.84687,29.98709,322.51,0.39,0.36,2020-09-12,0007,N20,VIIRS,n,2,279.78,2.06,N,2
52.85252,29.99539,297.41,0.39,0.36,2020-09-12,0007,N20,VIIRS,n,2,282.18,0.6,N,2
52.85577,29.99673,296.58,0.39,0.36,2020-09-12,0007,N20,VIIRS,n,2,281.63,0.6,N,2
52.84602,29.99272,306.62,0.39,0.36,2020-09-12,0007,N20,VIIRS,n,2,279.24,1.71,N,2
51.89107,29.33807,325.87,0.52,0.5,2020-09-12,0956,N20,VIIRS,l,2,297.67,6.68,D,2
52.27297,31.50808,328.23,0.42,0.45,2020-09-12,0956,N20,VIIRS,n,2,295.9,3.21,D,0
52.26766,31.5048,341.45,0.42,0.45,2020-09-12,0956,N20,VIIRS,n,2,296.76,3.77,D,0
54.10073,31.36616,336.91,0.57,0.43,2020-09-12,0956,N20,VIIRS,n,2,289.22,8.97,D,0
51.89294,29.34516,339.47,0.52,0.5,2020-09-12,0956,N20,VIIRS,n,2,297.35,4.2,D,2
51.89024,29.34656,339.71,0.33,0.56,2020-09-12,1136,N20,VIIRS,n,2,294,5.14,D,2
52.19888,31.45438,332.14,0.41,0.61,2020-09-12,1136,N20,VIIRS,n,2,294.29,3.71,D,0
51.89005,29.34169,353.8,0.33,0.56,2020-09-12,1136,N20,VIIRS,n,2,301.06,7.36,D,2
52.75002,24.92407,333.41,0.44,0.46,2020-09-12,1137,N20,VIIRS,n,2,299.24,9.94,D,0
52.84908,29.98979,317.02,0.48,0.4,2020-09-12,2348,N20,VIIRS,n,2,283,2.11,N,2
52.84622,29.98971,319.96,0.47,0.4,2020-09-12,2348,N20,VIIRS,n,2,283.39,2.46,N,2
51.88965,29.3333,307.35,0.49,0.4,2020-09-12,2348,N20,VIIRS,n,2,283.88,1.42,N,2
51.88889,29.34035,298.15,0.49,0.4,2020-09-12,2348,N20,VIIRS,n,2,283.55,1.43,N,2
53.58767,31.95068,296.97,0.43,0.38,2020-09-12,2348,N20,VIIRS,n,2,282.15,0.65,N,0
53.58854,31.95157,298.48,0.43,0.38,2020-09-12,2348,N20,VIIRS,n,2,282.08,0.65,N,0
52.84802,29.98777,321.29,0.51,0.66,2020-09-13,0128,N20,VIIRS,n,2,282.17,2.21,N,2
52.84631,29.98511,310.77,0.51,0.66,2020-09-13,0128,N20,VIIRS,n,2,281.99,2.45,N,2
52.84791,29.9928,325.35,0.46,0.47,2020-09-13,1118,N20,VIIRS,n,2,284.47,3.89,D,2
53.27153,24.44014,300.38,0.41,0.6,2020-09-13,2329,N20,VIIRS,n,2,281.15,0.55,N,2
52.84932,29.99182,331.56,0.47,0.48,2020-09-13,2329,N20,VIIRS,n,2,284.5,8.6,N,2
52.8498,29.98475,301.86,0.47,0.48,2020-09-13,2329,N20,VIIRS,n,2,281.46,8.6,N,2
53.26579,24.44603,302.2,0.41,0.6,2020-09-13,2329,N20,VIIRS,n,2,281.68,1.06,N,2
53.2637,24.44702,300.79,0.41,0.6,2020-09-13,2329,N20,VIIRS,n,2,282.38,0.9,N,2
51.8905,29.3329,297.19,0.49,0.49,2020-09-13,2330,N20,VIIRS,n,2,283.54,0.6,N,2
53.58742,31.95158,297.01,0.38,0.58,2020-09-14,0109,N20,VIIRS,n,2,279.29,0.46,N,0
53.27181,24.44156,300.35,0.41,0.45,2020-09-14,0110,N20,VIIRS,n,2,282.4,0.81,N,2
52.84967,29.98887,313.27,0.34,0.56,2020-09-14,0110,N20,VIIRS,n,2,280.65,1.63,N,2
52.84828,29.99342,298.6,0.34,0.56,2020-09-14,0110,N20,VIIRS,n,2,281.34,1.29,N,2
53.2709,24.44163,298.08,0.41,0.45,2020-09-14,0110,N20,VIIRS,n,2,281.8,0.68,N,2
53.26138,24.44781,303.34,0.41,0.45,2020-09-14,0110,N20,VIIRS,n,2,282.58,1.53,N,2
53.26353,24.4419,299.56,0.64,0.72,2020-09-14,2310,N20,VIIRS,n,2,285.03,1.14,N,0
51.89367,29.33499,313.51,0.39,0.6,2020-09-14,2310,N20,VIIRS,n,2,285.42,1.39,N,2
53.26159,24.44187,297.39,0.64,0.72,2020-09-14,2310,N20,VIIRS,n,2,284.46,0.98,N,0
51.88883,29.33304,305.94,0.39,0.6,2020-09-14,2311,N20,VIIRS,n,2,284.8,1.09,N,2
51.8942,29.33937,295.94,0.39,0.6,2020-09-14,2311,N20,VIIRS,n,2,285.89,1.32,N,2
51.89436,29.33351,307.73,0.39,0.6,2020-09-14,2311,N20,VIIRS,n,2,285.71,1.09,N,2
53.26951,24.44232,296.12,0.44,0.38,2020-09-15,0051,N20,VIIRS,n,2,284.09,0.57,N,2
53.26029,24.45117,298.33,0.44,0.38,2020-09-15,0051,N20,VIIRS,n,2,286.36,0.85,N,2
53.2649,24.44674,300.75,0.44,0.38,2020-09-15,0051,N20,VIIRS,n,2,285.04,0.57,N,2
51.88879,29.33457,325.42,0.39,0.36,2020-09-15,1040,N20,VIIRS,l,2,298,1.92,D,2
54.46584,26.41996,356.54,0.4,0.37,2020-09-15,1040,N20,VIIRS,l,2,296.36,12.21,D,0
54.46909,26.41829,341.25,0.4,0.37,2020-09-15,1040,N20,VIIRS,n,2,295.32,2.91,D,0
51.8722,30.01984,327.91,0.38,0.36,2020-09-15,1040,N20,VIIRS,n,2,297.42,1.44,D,0
52.84611,29.98188,311.44,0.59,0.7,2020-09-15,2251,N20,VIIRS,n,2,281.59,1.59,N,0
52.84623,29.9909,297.34,0.59,0.7,2020-09-15,2251,N20,VIIRS,n,2,280.12,1.59,N,2
53.3942,32.00686,297.58,0.49,0.65,2020-09-15,2251,N20,VIIRS,n,2,281.09,1.19,N,0
52.84742,29.98317,318.24,0.59,0.7,2020-09-15,2251,N20,VIIRS,n,2,282.01,3.3,N,2
51.89865,29.32249,295.77,0.46,0.39,2020-09-16,0032,N20,VIIRS,n,2,284.5,1.33,N,0
53.26117,24.45171,296.87,0.38,0.36,2020-09-16,0032,N20,VIIRS,n,2,286.37,0.77,N,2
53.26205,24.44607,304.12,0.38,0.36,2020-09-16,0032,N20,VIIRS,n,2,286.66,0.77,N,2
53.2694,24.44323,295.58,0.38,0.36,2020-09-16,0032,N20,VIIRS,n,2,285.16,0.43,N,2
53.27263,24.44463,297.32,0.38,0.36,2020-09-16,0032,N20,VIIRS,n,2,285.83,0.43,N,2
53.67904,23.89916,328.32,0.39,0.36,2020-09-16,0032,N20,VIIRS,n,2,291.24,2.84,N,0
52.84607,29.98912,329.24,0.47,0.39,2020-09-16,0032,N20,VIIRS,n,2,285.24,5.01,N,2
51.88773,29.33813,296.21,0.46,0.39,2020-09-16,0032,N20,VIIRS,n,2,281.62,1.08,N,2
53.68121,23.90595,325.71,0.7,0.75,2020-09-16,0212,N20,VIIRS,n,2,289.09,4.37,N,0
53.67832,23.89703,322.62,0.7,0.75,2020-09-16,0212,N20,VIIRS,n,2,287.17,4.42,N,0
52.84571,29.99212,336.69,0.43,0.38,2020-09-16,1021,N20,VIIRS,n,2,299.88,4.48,D,2
51.89334,29.34396,332.93,0.47,0.39,2020-09-16,1021,N20,VIIRS,n,2,302.84,4.59,D,2
53.58694,31.95069,296.98,0.4,0.37,2020-09-17,0013,N20,VIIRS,n,2,284.86,0.67,N,0
53.39675,32.01218,299.83,0.4,0.37,2020-09-17,0013,N20,VIIRS,n,2,284.84,0.5,N,2
53.39349,32.01054,297.21,0.4,0.37,2020-09-17,0013,N20,VIIRS,n,2,285.3,0.56,N,2
52.85205,29.99478,296.04,0.39,0.36,2020-09-17,0013,N20,VIIRS,n,2,277.96,0.45,N,2
52.84883,29.99333,297.91,0.39,0.36,2020-09-17,0013,N20,VIIRS,n,2,276.41,0.45,N,2
52.8456,29.99189,325.62,0.39,0.36,2020-09-17,0013,N20,VIIRS,n,2,277.47,3.53,N,2
52.84652,29.9863,317.14,0.39,0.36,2020-09-17,0013,N20,VIIRS,n,2,276.7,3.01,N,2
53.27052,24.44314,295.7,0.46,0.39,2020-09-17,0013,N20,VIIRS,n,2,277.24,0.46,N,2
51.8948,29.34125,296.95,0.38,0.36,2020-09-17,0014,N20,VIIRS,n,2,278.4,0.73,N,2
51.88833,29.33851,300.35,0.38,0.36,2020-09-17,0014,N20,VIIRS,n,2,277.36,0.32,N,2
51.64112,29.16159,295.82,0.38,0.36,2020-09-17,0014,N20,VIIRS,n,2,279.35,0.59,N,0
52.84671,29.99064,331.76,0.43,0.38,2020-09-17,2354,N20,VIIRS,n,2,282.46,4.15,N,2
53.2731,24.4387,297.31,0.44,0.46,2020-09-17,2354,N20,VIIRS,n,2,278.24,0.91,N,2
53.27097,24.43884,297.88,0.44,0.46,2020-09-17,2354,N20,VIIRS,n,2,279.06,0.61,N,2
52.84735,29.99156,329.11,0.43,0.38,2020-09-17,2354,N20,VIIRS,n,2,282.1,3.34,N,2
53.27296,24.44198,297.9,0.35,0.57,2020-09-18,0135,N20,VIIRS,n,2,279.12,0.45,N,2
53.26311,24.44861,297.41,0.35,0.57,2020-09-18,0135,N20,VIIRS,n,2,280.57,0.56,N,2
54.01591,24.84214,352.71,0.43,0.62,2020-09-18,0944,N20,VIIRS,n,2,282.23,15.82,D,0
54.01784,24.84787,353.45,0.43,0.62,2020-09-18,0944,N20,VIIRS,n,2,276.86,13.87,D,0
53.39498,32.00919,299.57,0.53,0.42,2020-09-18,2335,N20,VIIRS,n,2,279.27,1.29,N,2
53.26311,24.44551,304.1,0.35,0.57,2020-09-18,2336,N20,VIIRS,n,2,280.45,0.74,N,2
53.27379,24.44125,296.88,0.35,0.57,2020-09-18,2336,N20,VIIRS,n,2,277.92,0.72,N,2
52.84601,29.99012,336.69,0.41,0.45,2020-09-18,2336,N20,VIIRS,n,2,278.98,2.79,N,2
53.26385,24.44953,296.85,0.47,0.47,2020-09-19,0116,N20,VIIRS,n,2,279.23,0.77,N,2
53.27121,24.43953,298.17,0.46,0.47,2020-09-19,0116,N20,VIIRS,n,2,277.61,0.77,N,2
51.89141,29.33808,296.79,0.4,0.6,2020-09-19,0116,N20,VIIRS,n,2,277.56,0.69,N,2
52.84469,29.99352,325.34,0.46,0.63,2020-09-19,0925,N20,VIIRS,n,2,292.21,2.25,D,2
53.47528,30.16844,328.04,0.54,0.42,2020-09-19,1105,N20,VIIRS,n,2,291.04,3.49,D,0
52.84578,29.98829,331.71,0.52,0.42,2020-09-19,1105,N20,VIIRS,n,2,297,5.41,D,2
53.39665,32.01075,295.57,0.53,0.5,2020-09-19,2316,N20,VIIRS,n,2,279.97,0.92,N,2
52.84537,29.98983,302.01,0.32,0.55,2020-09-19,2316,N20,VIIRS,n,2,279.95,0.86,N,2
52.85043,29.99046,309.75,0.32,0.55,2020-09-19,2316,N20,VIIRS,n,2,280.72,1.11,N,2
52.85062,29.98562,305.56,0.32,0.55,2020-09-19,2316,N20,VIIRS,n,2,279.14,1.11,N,2
52.84556,29.985,302.32,0.32,0.55,2020-09-19,2316,N20,VIIRS,n,2,280.49,0.86,N,2
53.26183,24.44417,296.68,0.55,0.68,2020-09-19,2316,N20,VIIRS,n,2,281.53,0.86,N,2
51.89237,29.33911,299.77,0.34,0.56,2020-09-19,2317,N20,VIIRS,n,2,281.4,0.7,N,2
51.88741,29.33349,308.09,0.34,0.56,2020-09-19,2317,N20,VIIRS,n,2,280.13,0.7,N,0
52.84585,29.98937,317.54,0.51,0.5,2020-09-20,0057,N20,VIIRS,n,2,280.7,3.3,N,2
52.8472,29.9893,317.19,0.51,0.49,2020-09-20,0057,N20,VIIRS,n,2,280.94,2.61,N,2
53.27058,24.44399,297.98,0.48,0.4,2020-09-20,0057,N20,VIIRS,n,2,280.28,0.79,N,2
51.8909,29.33752,302.01,0.52,0.5,2020-09-20,0057,N20,VIIRS,n,2,280.4,1.56,N,2
52.84661,29.9901,335.77,0.4,0.37,2020-09-20,1046,N20,VIIRS,n,2,297.53,5.46,D,2
54.28188,28.62432,329.39,0.39,0.36,2020-09-20,1046,N20,VIIRS,n,2,289.55,2.71,D,0
54.41337,31.2244,298.17,0.46,0.63,2020-09-20,2257,N20,VIIRS,n,2,274.74,0.8,N,0
53.39716,32.01067,298.96,0.42,0.61,2020-09-20,2257,N20,VIIRS,n,2,279.42,0.98,N,2
52.84847,29.98715,339.56,0.51,0.66,2020-09-20,2257,N20,VIIRS,n,2,279.48,5.62,N,2
51.88988,29.32996,298.01,0.54,0.68,2020-09-20,2258,N20,VIIRS,n,2,277.4,0.9,N,0
51.88705,29.3303,295.13,0.54,0.68,2020-09-20,2258,N20,VIIRS,n,2,277.55,0.61,N,0
54.41197,31.22662,307.16,0.52,0.42,2020-09-21,0038,N20,VIIRS,n,2,274.44,1.72,N,0
53.25937,24.45172,295.68,0.39,0.36,2020-09-21,0038,N20,VIIRS,n,2,281.9,0.43,N,2
53.26357,24.44758,300.74,0.39,0.36,2020-09-21,0038,N20,VIIRS,n,2,282.48,0.99,N,2
52.8484,29.99072,326.3,0.52,0.41,2020-09-21,0038,N20,VIIRS,n,2,280.13,3.67,N,2
52.85201,29.9929,300.86,0.52,0.41,2020-09-21,0038,N20,VIIRS,n,2,279.3,1.69,N,2
53.58816,31.94995,295.66,0.39,0.44,2020-09-21,0038,N20,VIIRS,n,2,276.69,0.47,N,0
51.89133,29.34326,307.98,0.52,0.41,2020-09-21,0039,N20,VIIRS,n,2,277.9,1.27,N,2
52.84427,29.98949,331.4,0.4,0.37,2020-09-21,1027,N20,VIIRS,n,2,298.8,5.83,D,2
52.16477,27.69893,329.36,0.46,0.39,2020-09-21,1027,N20,VIIRS,n,2,292.96,2.6,D,0
52.61171,30.56221,341.06,0.4,0.37,2020-09-21,1027,N20,VIIRS,n,2,294.42,4.31,D,0
52.39844,31.09456,344.26,0.39,0.36,2020-09-21,1027,N20,VIIRS,n,2,295.07,12.78,D,0
53.21717,31.9268,329,0.38,0.36,2020-09-21,1027,N20,VIIRS,n,2,290.4,2.91,D,0
53.97525,30.69822,342.63,0.39,0.36,2020-09-21,1027,N20,VIIRS,n,2,289.56,4.45,D,0
53.97105,30.694,329.49,0.39,0.36,2020-09-21,1027,N20,VIIRS,n,2,289.34,2.39,D,0
53.97202,30.69977,344.72,0.39,0.36,2020-09-21,1027,N20,VIIRS,n,2,288.66,4.48,D,0
54.06106,31.28392,342.77,0.39,0.36,2020-09-21,1027,N20,VIIRS,n,2,288.39,3.64,D,0
53.97849,30.69667,343.16,0.39,0.36,2020-09-21,1027,N20,VIIRS,n,2,289.43,4.45,D,0
54.40919,28.54352,328.25,0.41,0.37,2020-09-21,1028,N20,VIIRS,n,2,290.35,6.08,D,0
51.94399,28.33844,352.87,0.66,0.73,2020-09-21,1208,N20,VIIRS,n,2,292.5,10.26,D,0
52.84746,29.99156,338.72,0.4,0.37,2020-09-22,0019,N20,VIIRS,n,2,282.34,9.01,N,2
53.39467,32.01302,304.62,0.43,0.38,2020-09-22,0019,N20,VIIRS,n,2,283.71,1.26,N,2
53.2617,24.44748,302.7,0.42,0.37,2020-09-22,0020,N20,VIIRS,n,2,283.09,1.08,N,2
51.89095,29.33867,304.5,0.4,0.37,2020-09-22,0020,N20,VIIRS,n,2,279.85,0.68,N,2
51.89421,29.34016,303.17,0.4,0.37,2020-09-22,0020,N20,VIIRS,n,2,283.05,0.68,N,2
53.27269,24.44492,297.05,0.42,0.37,2020-09-22,0020,N20,VIIRS,n,2,281.49,0.51,N,2
53.19919,31.7173,329.45,0.47,0.39,2020-09-22,1008,N20,VIIRS,n,2,293.37,4.89,D,0
52.18233,27.75034,329.72,0.45,0.47,2020-09-22,1008,N20,VIIRS,n,2,296.29,2.13,D,0
51.89278,29.34317,337.04,0.4,0.44,2020-09-22,1008,N20,VIIRS,n,2,302.25,4,D,2
53.02667,29.59882,344.97,0.55,0.42,2020-09-22,1008,N20,VIIRS,n,2,300.9,5.46,D,0
53.02495,29.59115,330.33,0.55,0.42,2020-09-22,1008,N20,VIIRS,n,2,301.79,5.46,D,0
53.03035,29.59653,347.55,0.55,0.42,2020-09-22,1008,N20,VIIRS,n,2,299.63,6.53,D,0
53.02863,29.58887,327.06,0.55,0.42,2020-09-22,1008,N20,VIIRS,n,2,300.51,6.53,D,0
53.21598,31.57319,345.72,0.47,0.4,2020-09-22,1008,N20,VIIRS,n,2,294.57,5.51,D,0
52.8455,29.99413,329.12,0.53,0.42,2020-09-22,1008,N20,VIIRS,n,2,298.05,2.5,D,2
54.34494,28.19966,332.47,0.56,0.43,2020-09-22,1009,N20,VIIRS,n,2,297.12,12.99,D,0
53.09652,29.25332,355.2,0.56,0.43,2020-09-22,1009,N20,VIIRS,n,2,303.07,10.36,D,0
53.09265,29.25581,327.87,0.56,0.43,2020-09-22,1009,N20,VIIRS,n,2,298.65,3.75,D,0
54.12663,31.54968,326.67,0.45,0.39,2020-09-22,1009,N20,VIIRS,n,2,293.41,3.23,D,0
53.09636,29.25348,353.58,0.56,0.43,2020-09-22,1009,N20,VIIRS,n,2,303.83,17.11,D,0
53.09281,29.25566,334.26,0.56,0.43,2020-09-22,1009,N20,VIIRS,n,2,299.1,10.36,D,0
54.34241,28.19317,325.87,0.56,0.43,2020-09-22,1009,N20,VIIRS,n,2,295.17,15.97,D,0
53.08938,29.25328,327.23,0.46,0.63,2020-09-22,1149,N20,VIIRS,n,2,294.29,7.43,D,0
53.21442,31.57409,332.86,0.57,0.69,2020-09-22,1149,N20,VIIRS,n,2,292.55,3.57,D,0
53.21437,31.57447,330.47,0.57,0.69,2020-09-22,1149,N20,VIIRS,n,2,292.3,3.14,D,0
53.10512,29.26065,338.39,0.46,0.63,2020-09-22,1149,N20,VIIRS,n,2,290.79,10.98,D,0
53.10117,29.25321,347.66,0.46,0.63,2020-09-22,1149,N20,VIIRS,n,2,296.5,11.26,D,0
53.09917,29.25367,367,0.46,0.63,2020-09-22,1149,N20,VIIRS,h,2,299.96,16.17,D,0
53.09922,29.2607,367,0.46,0.63,2020-09-22,1149,N20,VIIRS,h,2,298.82,10.98,D,0
53.10125,29.26024,367,0.46,0.63,2020-09-22,1149,N20,VIIRS,h,2,300.25,11.26,D,0
54.1256,31.55927,331.28,0.57,0.69,2020-09-22,1150,N20,VIIRS,n,2,290.71,4.32,D,0
54.12556,31.54723,340.67,0.57,0.69,2020-09-22,1150,N20,VIIRS,n,2,291.24,4.75,D,0
54.12546,31.55626,339.59,0.57,0.69,2020-09-22,1150,N20,VIIRS,n,2,291.42,4.75,D,0
54.11912,31.54685,326.16,0.57,0.69,2020-09-22,1150,N20,VIIRS,n,2,290.55,2.32,D,0
54.08099,31.50023,325.79,0.57,0.69,2020-09-22,1150,N20,VIIRS,n,2,291,3.35,D,0
55.52996,28.51456,296.09,0.46,0.39,2020-09-23,0000,N20,VIIRS,n,2,281.12,0.46,N,0
53.39296,32.01118,298.51,0.39,0.36,2020-09-23,0000,N20,VIIRS,n,2,284,0.77,N,2
53.3962,32.01256,301.29,0.39,0.36,2020-09-23,0000,N20,VIIRS,n,2,284.91,0.83,N,2
53.58776,31.95033,297.55,0.39,0.36,2020-09-23,0000,N20,VIIRS,n,2,282.14,0.65,N,0
53.67118,31.82681,295.63,0.39,0.36,2020-09-23,0000,N20,VIIRS,n,2,283.73,0.63,N,2
51.88877,29.33585,305.11,0.41,0.37,2020-09-23,0001,N20,VIIRS,n,2,282.7,1.06,N,2
52.84648,29.98972,327.8,0.4,0.37,2020-09-23,0001,N20,VIIRS,n,2,284.51,3.94,N,2
53.27313,24.44399,304.87,0.39,0.44,2020-09-23,0001,N20,VIIRS,n,2,283.15,0.92,N,2
53.26463,24.44783,299.95,0.39,0.44,2020-09-23,0001,N20,VIIRS,n,2,284.31,1.16,N,2
52.84686,29.98993,319.49,0.65,0.73,2020-09-23,0140,N20,VIIRS,n,2,280.45,3.11,N,2
52.84853,29.99271,321.28,0.65,0.73,2020-09-23,0140,N20,VIIRS,n,2,281.04,5.06,N,2
53.2712,24.44241,306.91,0.4,0.6,2020-09-23,0141,N20,VIIRS,n,2,283.63,0.99,N,2
51.88845,29.33514,295.83,0.68,0.74,2020-09-23,0141,N20,VIIRS,n,2,280.96,1.14,N,2
51.89426,29.34096,298.03,0.68,0.74,2020-09-23,0141,N20,VIIRS,n,2,281.67,2.04,N,2
53.26286,24.44859,303.13,0.4,0.6,2020-09-23,0141,N20,VIIRS,n,2,284.78,0.98,N,2
51.88921,29.34068,337.09,0.6,0.53,2020-09-23,0949,N20,VIIRS,n,2,299.63,5.12,D,2
52.97133,26.09655,332.65,0.37,0.58,2020-09-23,0950,N20,VIIRS,n,2,293.69,2.11,D,0
51.97492,28.40896,329.58,0.33,0.55,2020-09-23,0950,N20,VIIRS,n,2,297.52,1.83,D,0
52.81121,31.02704,338.6,0.49,0.48,2020-09-23,0950,N20,VIIRS,n,2,295.45,6.62,D,0
52.8461,29.99079,328.74,0.53,0.5,2020-09-23,0950,N20,VIIRS,n,2,298.46,4.35,D,2
52.94691,29.74196,332.14,0.54,0.51,2020-09-23,0950,N20,VIIRS,n,2,298.59,2.69,D,0
53.07511,29.46663,338.7,0.55,0.51,2020-09-23,0950,N20,VIIRS,n,2,296.05,4.95,D,0
52.8453,29.99561,339.07,0.62,0.54,2020-09-23,1130,N20,VIIRS,n,2,297.39,11.33,D,2
52.84949,25.35925,327.59,0.4,0.44,2020-09-23,1130,N20,VIIRS,n,2,294.71,7.93,D,0
53.47357,30.17982,340.14,0.32,0.54,2020-09-23,1130,N20,VIIRS,n,2,294.51,2.87,D,0
52.81086,31.02664,331.35,0.34,0.56,2020-09-23,1130,N20,VIIRS,n,2,296.03,2.14,D,0
52.84997,25.36524,338.72,0.4,0.44,2020-09-23,1130,N20,VIIRS,n,2,294.43,7.93,D,0
53.85404,31.55695,325.25,0.37,0.58,2020-09-23,1130,N20,VIIRS,n,2,293.61,2.3,D,0
53.75651,30.62392,328.9,0.33,0.56,2020-09-23,1130,N20,VIIRS,n,2,294.96,1.78,D,0
53.56735,30.01506,333.29,0.63,0.54,2020-09-23,1130,N20,VIIRS,n,2,294.4,5.17,D,0
51.75353,29.10565,343.22,0.55,0.51,2020-09-23,1130,N20,VIIRS,n,2,300.16,6.07,D,0
51.89104,29.34642,337.26,0.57,0.52,2020-09-23,1130,N20,VIIRS,n,2,298.35,6.26,D,2
54.13908,31.47939,327.73,0.36,0.58,2020-09-23,1131,N20,VIIRS,n,2,293.14,4.98,D,0
53.67116,31.82759,296.76,0.48,0.4,2020-09-23,2341,N20,VIIRS,n,2,283.03,0.6,N,2
52.84976,29.99266,299.42,0.54,0.42,2020-09-23,2342,N20,VIIRS,n,2,280.35,2.63,N,2
53.27192,24.43891,303.11,0.6,0.53,2020-09-23,2342,N20,VIIRS,n,2,285.06,0.84,N,2
53.39357,32.01478,298.29,0.47,0.4,2020-09-23,2342,N20,VIIRS,n,2,283.36,1.83,N,2
52.84591,29.99164,326.66,0.54,0.42,2020-09-23,2342,N20,VIIRS,n,2,280.68,2.63,N,2
51.89027,29.3397,297.61,0.55,0.43,2020-09-23,2342,N20,VIIRS,n,2,278.2,1.42,N,2
53.26168,24.44671,298.08,0.6,0.53,2020-09-23,2342,N20,VIIRS,n,2,285.65,0.86,N,2
51.88949,29.3366,301.56,0.45,0.63,2020-09-24,0122,N20,VIIRS,n,2,278.62,0.94,N,2
53.27188,24.44223,300.35,0.53,0.5,2020-09-24,0122,N20,VIIRS,n,2,284.3,1.63,N,2
53.25938,24.45037,295.89,0.53,0.5,2020-09-24,0122,N20,VIIRS,n,2,284.84,0.52,N,2
52.84954,29.98869,336.45,0.44,0.63,2020-09-24,0122,N20,VIIRS,n,2,279.64,4.62,N,2
51.59736,29.25681,329.6,0.47,0.64,2020-09-24,0931,N20,VIIRS,n,2,297.45,4.78,D,0
53.32678,31.563,332.9,0.34,0.56,2020-09-24,0931,N20,VIIRS,n,2,285.83,2.14,D,0
53.32486,31.56312,330.67,0.34,0.56,2020-09-24,0931,N20,VIIRS,n,2,285.71,2.03,D,0
53.78135,30.63262,325.77,0.35,0.57,2020-09-24,0931,N20,VIIRS,n,2,292.2,4.25,D,0
51.89451,29.34351,325.72,0.46,0.63,2020-09-24,0931,N20,VIIRS,n,2,293.77,3.81,D,2
51.5988,29.25314,329.54,0.54,0.42,2020-09-24,1111,N20,VIIRS,n,2,299.7,4.66,D,0
51.5982,29.25262,330.54,0.54,0.42,2020-09-24,1111,N20,VIIRS,n,2,299.54,4.29,D,0
51.59809,29.24533,325.19,0.54,0.42,2020-09-24,1111,N20,VIIRS,l,2,298.31,2.01,D,0
52.84671,29.99338,340.03,0.4,0.44,2020-09-24,1111,N20,VIIRS,n,2,299.73,3.58,D,2
52.84603,29.99127,343.35,0.4,0.44,2020-09-24,1111,N20,VIIRS,n,2,300.47,5.38,D,2
53.78558,30.62952,332.13,0.43,0.46,2020-09-24,1111,N20,VIIRS,n,2,294.33,3.06,D,0
52.98221,27.82485,330.49,0.5,0.41,2020-09-24,1111,N20,VIIRS,n,2,294.97,5.06,D,0
55.40965,30.59595,346.17,0.44,0.46,2020-09-24,1112,N20,VIIRS,n,2,287.6,7.81,D,0
55.76743,28.0172,330.8,0.55,0.42,2020-09-24,1112,N20,VIIRS,n,2,292.44,7.41,D,0
54.8476,29.23787,334.98,0.39,0.44,2020-09-24,1112,N20,VIIRS,n,2,294.71,2.72,D,0
54.31707,26.76928,331.65,0.48,0.4,2020-09-24,1112,N20,VIIRS,n,2,295.88,5.75,D,0
54.1406,31.40374,346.19,0.46,0.47,2020-09-24,1112,N20,VIIRS,n,2,295.23,11.52,D,0
53.67365,31.82316,295.07,0.47,0.48,2020-09-24,2322,N20,VIIRS,n,2,280.71,0.75,N,0
52.84761,29.99194,332.91,0.55,0.51,2020-09-24,2323,N20,VIIRS,n,2,281.57,4.66,N,2
52.84805,29.98367,313.94,0.55,0.51,2020-09-24,2323,N20,VIIRS,n,2,280.87,4.66,N,2
53.26028,24.45038,295.83,0.54,0.42,2020-09-25,0103,N20,VIIRS,n,2,284.78,0.53,N,2
53.27106,24.43978,304.18,0.54,0.42,2020-09-25,0103,N20,VIIRS,n,2,284.31,1.56,N,2
51.88754,29.33773,326.2,0.69,0.74,2020-09-25,0912,N20,VIIRS,n,2,289.12,4.31,D,2
51.89115,29.34046,335.08,0.4,0.37,2020-09-25,1052,N20,VIIRS,n,2,300.9,4.22,D,2
52.84745,29.99268,333.13,0.42,0.38,2020-09-25,1052,N20,VIIRS,n,2,293.39,4.18,D,2
52.05155,28.0663,329.29,0.39,0.36,2020-09-25,1052,N20,VIIRS,n,2,293.66,2.46,D,0
54.06685,30.02725,329.44,0.43,0.38,2020-09-25,1053,N20,VIIRS,n,2,292.03,2.7,D,0
54.06415,30.03498,338.95,0.43,0.38,2020-09-25,1053,N20,VIIRS,n,2,292.95,3.51,D,0
54.06338,30.02841,332.01,0.43,0.38,2020-09-25,1053,N20,VIIRS,n,2,294.58,3.51,D,0
55.77269,27.6949,344.18,0.4,0.37,2020-09-25,1053,N20,VIIRS,n,2,291.03,5.89,D,0
55.76934,27.69626,327.13,0.4,0.37,2020-09-25,1053,N20,VIIRS,n,2,291.56,3.61,D,0
53.73951,28.39921,329.39,0.51,0.66,2020-09-25,2304,N20,VIIRS,n,2,282.19,5.4,N,0
51.88988,29.33441,298.73,0.46,0.64,2020-09-25,2304,N20,VIIRS,n,2,283.25,0.75,N,2
53.39394,32.01051,302.13,0.36,0.58,2020-09-25,2304,N20,VIIRS,n,2,283.76,0.85,N,2
53.73949,28.39117,320.73,0.51,0.66,2020-09-25,2304,N20,VIIRS,n,2,281.39,4.78,N,0
52.84713,29.98836,320.69,0.44,0.62,2020-09-25,2304,N20,VIIRS,n,2,283.41,2.38,N,2
52.84699,29.98696,321.78,0.44,0.62,2020-09-25,2304,N20,VIIRS,n,2,283.39,2.6,N,2
52.84663,29.98746,326.13,0.39,0.44,2020-09-26,0044,N20,VIIRS,n,2,284.6,1.73,N,2
51.88869,29.33944,297.66,0.39,0.44,2020-09-26,0045,N20,VIIRS,n,2,284.01,0.58,N,2
51.88656,29.33799,332.9,0.4,0.37,2020-09-26,1033,N20,VIIRS,n,2,298.37,2.86,D,2
52.19152,27.30264,332.88,0.43,0.38,2020-09-26,1033,N20,VIIRS,n,2,295.26,3.91,D,0
52.84581,29.99352,331.09,0.39,0.36,2020-09-26,1033,N20,VIIRS,n,2,296.24,6.69,D,2
53.20472,31.2396,335.89,0.38,0.36,2020-09-26,1033,N20,VIIRS,n,2,294.65,3.02,D,0
51.89081,29.34214,337.2,0.4,0.37,2020-09-26,1033,N20,VIIRS,n,2,299.22,2.86,D,2
54.6321,29.37909,332.76,0.39,0.36,2020-09-26,1034,N20,VIIRS,n,2,291.75,2.51,D,0
53.29169,26.08834,330.81,0.44,0.39,2020-09-26,1034,N20,VIIRS,n,2,294.57,3.93,D,0
54.62887,29.38063,329.68,0.39,0.36,2020-09-26,1034,N20,VIIRS,n,2,291.05,2.33,D,0
52.84702,29.98473,318.33,0.69,0.75,2020-09-26,2245,N20,VIIRS,n,2,283.6,2.67,N,2
51.89622,29.33404,295.94,0.74,0.76,2020-09-26,2245,N20,VIIRS,n,2,281.38,1.94,N,0
52.21906,30.40619,298.59,0.67,0.73,2020-09-26,2245,N20,VIIRS,n,2,282.46,0.47,N,0
53.39581,32.0166,297.13,0.47,0.39,2020-09-27,0025,N20,VIIRS,n,2,284.44,0.44,N,2
53.5886,31.95008,295.69,0.46,0.39,2020-09-27,0025,N20,VIIRS,n,2,283.84,0.31,N,0
55.50547,28.58764,298.85,0.39,0.36,2020-09-27,0025,N20,VIIRS,n,2,283.93,0.47,N,0
53.39236,32.01458,296.01,0.47,0.39,2020-09-27,0025,N20,VIIRS,n,2,284.62,0.44,N,2
52.85035,29.9967,299.51,0.42,0.38,2020-09-27,0026,N20,VIIRS,n,2,285.65,1.11,N,0
52.46499,27.74984,303.16,0.39,0.36,2020-09-27,0026,N20,VIIRS,n,2,285.63,0.65,N,0
53.26379,24.44849,297.41,0.39,0.36,2020-09-27,0026,N20,VIIRS,n,2,286.37,0.91,N,2
53.27201,24.43943,298.54,0.39,0.36,2020-09-27,0026,N20,VIIRS,n,2,285.52,0.98,N,2
52.84818,29.98887,327.91,0.42,0.38,2020-09-27,0026,N20,VIIRS,n,2,288.4,5.31,N,2
51.89371,29.34354,306.87,0.42,0.38,2020-09-27,0026,N20,VIIRS,n,2,286.31,1.06,N,2
54.11708,28.03224,328.63,0.52,0.41,2020-09-27,1015,N20,VIIRS,n,2,287.4,7.24,D,0
53.27147,24.44105,299.5,0.46,0.63,2020-09-28,0147,N20,VIIRS,n,2,278.89,0.92,N,2
52.84668,29.98953,328.12,0.46,0.47,2020-09-28,0956,N20,VIIRS,n,2,288.3,3.02,D,2
52.8685,26.55542,337.39,0.62,0.54,2020-09-28,0956,N20,VIIRS,n,2,286.18,4.73,D,0
52.18698,29.29971,327.43,0.33,0.56,2020-09-28,1136,N20,VIIRS,n,2,285.51,1.79,D,0
52.84698,29.98773,333.58,0.48,0.4,2020-09-28,2348,N20,VIIRS,n,2,272.08,8.29,N,2
53.27301,24.44368,300.31,0.52,0.5,2020-09-28,2348,N20,VIIRS,n,2,279.62,0.71,N,2
53.27249,24.4428,302.91,0.52,0.5,2020-09-28,2348,N20,VIIRS,n,2,279.83,1.49,N,2
53.39296,32.01181,297.78,0.43,0.38,2020-09-28,2348,N20,VIIRS,n,2,280.28,0.82,N,2
53.3964,32.013,298.56,0.43,0.38,2020-09-28,2348,N20,VIIRS,n,2,279.35,0.82,N,2
53.54983,28.95007,338.13,0.36,0.57,2020-09-29,0937,N20,VIIRS,n,2,285.06,3.21,D,0
53.04508,30.41839,334.97,0.33,0.55,2020-09-29,0937,N20,VIIRS,n,2,284.37,4.68,D,0
53.04384,30.41932,329.95,0.33,0.55,2020-09-29,0937,N20,VIIRS,n,2,284.8,2.63,D,0
53.04247,30.41477,333.54,0.33,0.55,2020-09-29,0937,N20,VIIRS,n,2,286.23,2.63,D,0
53.54921,28.94839,328.47,0.36,0.57,2020-09-29,0937,N20,VIIRS,n,2,285.07,2.08,D,0
52.66651,29.89334,338.3,0.45,0.47,2020-09-29,1117,N20,VIIRS,n,2,285.24,7.68,D,0
54.11432,28.29729,328.74,0.4,0.45,2020-09-29,1118,N20,VIIRS,n,2,288.38,3.69,D,0
53.27114,24.43948,297.2,0.41,0.45,2020-09-30,0110,N20,VIIRS,n,2,275.51,0.56,N,2
53.22913,30.47124,330.45,0.48,0.4,2020-09-30,1059,N20,VIIRS,n,2,282.47,2.33,D,0
51.83403,28.17522,331.82,0.39,0.36,2020-10-01,1039,N20,VIIRS,n,2,281.23,2.22,D,0
52.58998,30.53264,329.08,0.39,0.36,2020-10-01,1040,N20,VIIRS,n,2,290.56,1.82,D,0
52.57072,27.13779,327.07,0.4,0.37,2020-10-01,1040,N20,VIIRS,n,2,289.21,2.4,D,0
52.44461,29.90578,330.43,0.38,0.36,2020-10-01,1040,N20,VIIRS,n,2,291.33,2.62,D,0
55.50431,28.58534,296.73,0.4,0.37,2020-10-02,0031,N20,VIIRS,n,2,279.56,0.43,N,0
53.27044,24.44144,304.79,0.38,0.36,2020-10-02,0032,N20,VIIRS,n,2,277.91,1.08,N,2
54.55003,31.01272,331.6,0.51,0.41,2020-10-03,1003,N20,VIIRS,n,2,282.87,4.01,D,0
52.84564,29.98916,301.1,0.43,0.38,2020-10-03,2354,N20,VIIRS,n,2,282.17,0.65,N,2
53.39413,32.01338,303.59,0.4,0.37,2020-10-03,2354,N20,VIIRS,n,2,281.78,1.15,N,2
52.8491,29.99032,324.42,0.43,0.38,2020-10-03,2354,N20,VIIRS,n,2,282.77,2.5,N,2
53.40573,30.28558,325.41,0.57,0.52,2020-10-04,0944,N20,VIIRS,n,2,284.69,3.36,D,0
52.84472,29.98954,328.59,0.53,0.5,2020-10-04,1124,N20,VIIRS,n,2,275.56,3.41,D,2
52.84753,29.99001,326.19,0.53,0.5,2020-10-04,1124,N20,VIIRS,n,2,275.76,3.85,D,2
53.26574,24.44807,296.38,0.35,0.57,2020-10-04,2335,N20,VIIRS,n,2,284.68,1.4,N,2
53.27135,24.43789,304.99,0.35,0.57,2020-10-04,2335,N20,VIIRS,n,2,284.61,0.91,N,2
53.26049,24.44753,296.89,0.35,0.57,2020-10-04,2335,N20,VIIRS,n,2,286.07,0.37,N,2
54.41442,25.66887,298.49,0.63,0.54,2020-10-04,2335,N20,VIIRS,n,2,284.66,0.95,N,0
54.41328,25.67586,296.13,0.48,0.48,2020-10-05,0116,N20,VIIRS,n,2,284.79,0.46,N,0
53.66795,31.70151,334.16,0.41,0.45,2020-10-05,1105,N20,VIIRS,n,2,279.45,3.88,D,0
52.84731,29.98878,332.7,0.52,0.42,2020-10-05,1105,N20,VIIRS,n,2,283.92,5.05,D,2
52.03117,30.83267,335.91,0.55,0.42,2020-10-05,1105,N20,VIIRS,n,2,291.66,6.23,D,0
52.84538,29.99078,333.02,0.52,0.42,2020-10-05,1105,N20,VIIRS,n,2,284.1,5.62,D,2
51.89606,29.33863,296.41,0.34,0.56,2020-10-05,2317,N20,VIIRS,n,2,270.8,0.61,N,2
52.61604,30.55855,297.94,0.55,0.51,2020-10-06,0057,N20,VIIRS,n,2,282.85,1.18,N,0
52.61399,30.56598,321.32,0.55,0.51,2020-10-06,0057,N20,VIIRS,n,2,283.45,2.26,N,0
52.61193,30.57342,300.95,0.55,0.51,2020-10-06,0057,N20,VIIRS,n,2,283.05,2.26,N,0
53.27146,24.44448,310.2,0.39,0.36,2020-10-07,0038,N20,VIIRS,n,2,282.49,0.88,N,2
53.26403,24.44711,301.48,0.39,0.36,2020-10-07,0038,N20,VIIRS,n,2,282.34,0.87,N,2
53.25984,24.45125,300.5,0.39,0.36,2020-10-07,0038,N20,VIIRS,n,2,281.9,0.79,N,2
53.27286,24.44269,300.43,0.42,0.37,2020-10-08,0020,N20,VIIRS,n,2,272.91,0.81,N,2
53.27288,24.43903,303.6,0.39,0.44,2020-10-09,0001,N20,VIIRS,n,2,275.88,0.69,N,2
52.88871,25.8359,339.59,0.42,0.45,2020-10-09,1130,N20,VIIRS,n,2,286.91,3.75,D,0
53.68201,23.90152,301.54,0.49,0.49,2020-10-10,0122,N20,VIIRS,n,2,278.69,1.47,N,0
52.84755,29.98527,315.97,0.44,0.63,2020-10-10,0122,N20,VIIRS,n,2,278.26,3.03,N,2
52.84557,29.99109,305.48,0.44,0.63,2020-10-10,0122,N20,VIIRS,n,2,277.86,2.84,N,2
51.93062,30.41808,326.52,0.39,0.36,2020-10-12,1033,N20,VIIRS,n,2,289.76,2.39,D,0
52.84823,29.98767,328.18,0.42,0.38,2020-10-13,0026,N20,VIIRS,n,2,275.09,2.42,N,2
53.67145,31.82635,295.39,0.38,0.36,2020-10-14,0007,N20,VIIRS,n,2,282.95,0.65,N,2
51.88708,28.23305,333.53,0.6,0.53,2020-10-14,1136,N20,VIIRS,n,2,285.81,7.91,D,0
52.84604,29.99093,341.21,0.36,0.58,2020-10-14,1137,N20,VIIRS,n,2,289.77,3.81,D,2
52.84776,29.98613,310.23,0.48,0.4,2020-10-14,2348,N20,VIIRS,n,2,278.18,1.28,N,2
52.847,29.99316,300.59,0.47,0.4,2020-10-14,2348,N20,VIIRS,n,2,277.66,1.28,N,2
51.89247,29.34426,325.97,0.42,0.45,2020-10-15,1117,N20,VIIRS,n,2,287.1,2.47,D,2
52.54894,29.31548,332.31,0.44,0.39,2020-10-16,1059,N20,VIIRS,n,2,284.51,5.78,D,0
52.84512,29.99055,297.02,0.45,0.47,2020-10-17,0051,N20,VIIRS,n,2,273.44,0.67,N,2
53.27245,24.44015,304.65,0.46,0.39,2020-10-19,0013,N20,VIIRS,n,2,276.68,1.4,N,2
53.26026,24.45034,296.94,0.45,0.39,2020-10-19,0013,N20,VIIRS,n,2,276.03,0.96,N,2
53.25884,24.44966,297.02,0.45,0.39,2020-10-19,0013,N20,VIIRS,n,2,275.72,0.74,N,2
52.09851,31.66081,327.29,0.55,0.43,2020-10-19,1002,N20,VIIRS,n,2,280.7,4.86,D,0
52.84399,29.99078,335.15,0.4,0.44,2020-10-19,1002,N20,VIIRS,n,2,275.59,4.94,D,2
52.23056,29.48159,325.05,0.44,0.46,2020-10-19,1002,N20,VIIRS,n,2,266.81,2.96,D,0
52.84441,29.99358,336.96,0.4,0.44,2020-10-19,1002,N20,VIIRS,n,2,273.22,3.65,D,2
52.91488,25.72664,325.41,0.58,0.52,2020-10-19,1003,N20,VIIRS,n,2,278.27,5.94,D,0
52.91481,25.72553,331.01,0.58,0.52,2020-10-19,1003,N20,VIIRS,n,2,279.04,3.4,D,0
52.22791,29.48617,351.74,0.4,0.6,2020-10-19,1143,N20,VIIRS,n,2,277.19,7.18,D,0
52.84814,29.99266,325.55,0.43,0.38,2020-10-19,2354,N20,VIIRS,n,2,275.32,3.57,N,2
53.39636,32.01535,295.94,0.4,0.37,2020-10-19,2354,N20,VIIRS,n,2,275.02,0.71,N,2
53.2736,24.43819,295.54,0.44,0.46,2020-10-19,2355,N20,VIIRS,n,2,274.01,0.53,N,0
51.8899,29.3364,306.72,0.44,0.38,2020-10-19,2355,N20,VIIRS,n,2,272.88,0.78,N,2
51.88949,29.33746,307.29,0.6,0.7,2020-10-20,0135,N20,VIIRS,n,2,271.76,1.16,N,2
52.84891,29.98795,336.99,0.41,0.45,2020-10-20,2336,N20,VIIRS,n,2,266.95,3.85,N,2
53.26995,24.44241,298.5,0.48,0.4,2020-10-22,0057,N20,VIIRS,n,2,279.56,1.69,N,2
53.26004,24.45203,300.27,0.48,0.4,2020-10-22,0057,N20,VIIRS,n,2,280.76,1.33,N,2
53.25927,24.45099,300.33,0.48,0.4,2020-10-22,0057,N20,VIIRS,n,2,280.95,1.06,N,2
53.26425,24.44619,295.8,0.48,0.4,2020-10-22,0057,N20,VIIRS,n,2,280.31,1.06,N,2
53.26923,24.4414,297.68,0.48,0.4,2020-10-22,0057,N20,VIIRS,n,2,279.09,1.95,N,2
51.89169,29.34315,340.08,0.39,0.36,2020-10-22,1046,N20,VIIRS,n,2,287.02,4.31,D,2
52.84121,25.61574,338.72,0.4,0.37,2020-10-22,1046,N20,VIIRS,n,2,286.78,4.07,D,0
52.23352,29.6229,326.85,0.39,0.36,2020-10-22,1046,N20,VIIRS,n,2,284.74,2.16,D,0
51.4991,29.23348,326.43,0.39,0.36,2020-10-22,1046,N20,VIIRS,n,2,288.3,3.67,D,0
52.84764,29.98953,297.14,0.51,0.66,2020-10-22,2258,N20,VIIRS,n,2,264.6,0.99,N,2
52.84794,29.99244,329.58,0.52,0.42,2020-10-23,0038,N20,VIIRS,n,2,281.39,7.17,N,2
53.58845,31.94999,297.71,0.39,0.44,2020-10-23,0038,N20,VIIRS,n,2,281.35,0.36,N,0
52.43013,30.85578,300.51,0.57,0.43,2020-10-23,0038,N20,VIIRS,n,2,279.47,1.11,N,0
53.26347,24.448,295.94,0.39,0.36,2020-10-23,0039,N20,VIIRS,n,2,278.27,0.52,N,2
53.27187,24.43971,307.68,0.39,0.36,2020-10-23,0039,N20,VIIRS,n,2,281.23,1.38,N,2
52.84813,29.98944,328.74,0.4,0.37,2020-10-25,0001,N20,VIIRS,n,2,281.25,3.6,N,2
52.8461,29.98917,327.56,0.53,0.42,2020-10-25,2342,N20,VIIRS,n,2,277.15,12.67,N,2
52.84995,29.99019,298.24,0.53,0.42,2020-10-25,2342,N20,VIIRS,n,2,274.75,0.99,N,2
52.84699,29.98699,303.29,0.44,0.63,2020-10-26,0122,N20,VIIRS,n,2,276.05,1,N,2
52.23474,29.64144,327.4,0.43,0.62,2020-10-26,0931,N20,VIIRS,n,2,282.06,2.6,D,0
52.55872,30.37684,330.23,0.41,0.45,2020-10-26,1111,N20,VIIRS,n,2,281.83,3.57,D,0
52.8479,29.99224,337.52,0.4,0.44,2020-10-26,1111,N20,VIIRS,n,2,285.65,3.22,D,2
51.48582,29.2293,331.11,0.54,0.42,2020-10-26,1111,N20,VIIRS,n,2,285.72,4.25,D,0
51.95447,29.36272,325.62,0.55,0.43,2020-10-26,1111,N20,VIIRS,n,2,284.31,2.68,D,0
52.8495,29.99036,315.32,0.55,0.51,2020-10-26,2323,N20,VIIRS,n,2,278.26,2.69,N,2
51.89096,29.34113,298.32,0.6,0.53,2020-10-27,0104,N20,VIIRS,n,2,277.95,1.43,N,2
52.84709,29.98831,328.09,0.42,0.38,2020-10-27,1052,N20,VIIRS,n,2,286.33,2.78,D,2
52.83916,25.41279,339.76,0.39,0.36,2020-10-27,1053,N20,VIIRS,n,2,282.26,5.97,D,0
52.88108,25.65196,330.15,0.38,0.36,2020-10-27,1053,N20,VIIRS,n,2,282.99,4.2,D,0
52.84595,29.98731,311.54,0.43,0.62,2020-10-27,2304,N20,VIIRS,n,2,277.88,1.35,N,2
53.39721,32.01057,295.43,0.36,0.57,2020-10-27,2304,N20,VIIRS,n,2,278.66,0.59,N,0
55.53092,28.51606,297.36,0.46,0.39,2020-10-28,0044,N20,VIIRS,n,2,280.25,0.35,N,0
51.89135,29.33845,295.08,0.39,0.44,2020-10-28,0045,N20,VIIRS,n,2,279.06,0.53,N,2
53.27216,24.44061,311.75,0.41,0.37,2020-10-28,0045,N20,VIIRS,n,2,282.51,1.46,N,2
53.26342,24.44904,297.23,0.41,0.37,2020-10-28,0045,N20,VIIRS,n,2,281.84,1.22,N,2
51.89516,29.34079,299.74,0.39,0.44,2020-10-28,0045,N20,VIIRS,n,2,280.03,0.53,N,2
52.43253,31.23557,327.8,0.38,0.36,2020-10-28,1033,N20,VIIRS,n,2,284.17,2.11,D,0
51.89179,29.34061,300.87,0.42,0.38,2020-10-29,0026,N20,VIIRS,n,2,278.28,0.8,N,2
52.84743,29.98931,327.48,0.43,0.38,2020-10-29,0026,N20,VIIRS,n,2,280.34,2.94,N,2
53.26016,24.45072,298.82,0.44,0.38,2020-11-02,0051,N20,VIIRS,n,2,279.55,1,N,2
53.2694,24.44185,299.14,0.44,0.38,2020-11-02,0051,N20,VIIRS,n,2,277.76,0.99,N,2
51.56883,28.56787,328,0.5,0.41,2020-11-03,1021,N20,VIIRS,n,2,283.65,2.34,D,0
52.84575,29.98645,328.52,0.32,0.54,2020-11-06,2317,N20,VIIRS,n,2,264.67,2.46,N,2
52.84768,29.99097,339.85,0.4,0.37,2020-11-07,1046,N20,VIIRS,n,2,287.01,7.45,D,2
52.01852,30.68878,327.02,0.4,0.37,2020-11-07,1046,N20,VIIRS,n,2,285.13,1.36,D,0
51.82477,29.29966,331.11,0.39,0.36,2020-11-07,1046,N20,VIIRS,n,2,283.96,2.18,D,0
51.97304,30.74091,334.71,0.4,0.37,2020-11-07,1046,N20,VIIRS,n,2,287.48,8.35,D,0
52.84797,29.99129,339.32,0.53,0.42,2020-11-09,1009,N20,VIIRS,n,2,278.94,6.07,D,2
52.84714,29.98979,326.57,0.4,0.37,2020-11-10,0001,N20,VIIRS,n,2,277.82,6.93,N,2
53.27083,24.44237,310.03,0.38,0.43,2020-11-10,0001,N20,VIIRS,n,2,273.73,1.4,N,2
53.27308,24.44077,297.85,0.4,0.6,2020-11-10,0141,N20,VIIRS,n,2,270.54,0.57,N,2
53.27316,24.44299,301.32,0.4,0.6,2020-11-10,0141,N20,VIIRS,n,2,271.85,0.78,N,2
53.25809,24.44791,295.28,0.4,0.6,2020-11-10,0141,N20,VIIRS,n,2,272.64,0.63,N,0
51.81262,27.80488,345.37,0.34,0.56,2020-11-10,0950,N20,VIIRS,n,2,278.11,4.38,D,0
51.68906,28.33658,335.56,0.52,0.5,2020-11-10,1130,N20,VIIRS,n,2,279.79,7.67,D,0
53.67914,23.89488,298.49,0.63,0.54,2020-11-10,2342,N20,VIIRS,n,2,272.01,1.68,N,0
53.67994,23.89891,305.92,0.63,0.54,2020-11-10,2342,N20,VIIRS,n,2,274.76,2.98,N,0
53.27006,24.4379,297.56,0.59,0.53,2020-11-10,2342,N20,VIIRS,n,2,271.15,0.91,N,2
53.26973,24.4431,298.84,0.54,0.5,2020-11-11,0122,N20,VIIRS,n,2,271.12,1.26,N,2
53.68163,23.90248,316.96,0.5,0.49,2020-11-11,0122,N20,VIIRS,n,2,274.96,2.77,N,0
52.84594,29.99247,329.56,0.42,0.38,2020-11-12,1053,N20,VIIRS,n,2,278.31,3.76,D,2
51.8948,29.34073,299.28,0.44,0.38,2020-11-20,2355,N20,VIIRS,n,2,272.16,0.59,N,2
52.84682,29.98918,326.17,0.43,0.38,2020-11-20,2355,N20,VIIRS,n,2,273.99,2.98,N,2
53.26957,24.44063,297.97,0.39,0.36,2020-11-24,0039,N20,VIIRS,n,2,275.68,0.63,N,2
52.84635,29.98869,325.76,0.43,0.38,2020-11-28,1053,N20,VIIRS,n,2,278.81,2.46,D,2
51.89355,29.34119,306.97,0.78,0.78,2020-12-01,0147,N20,VIIRS,n,2,269.12,1.76,N,2
51.89235,29.33713,312.51,0.78,0.78,2020-12-01,0147,N20,VIIRS,n,2,269.84,2.68,N,2
51.89346,29.34347,336.58,0.45,0.47,2020-12-06,1002,N20,VIIRS,n,2,273.52,6.05,D,2
52.84452,29.99002,336.83,0.4,0.44,2020-12-06,1003,N20,VIIRS,n,2,274.39,4,D,2
52.8467,29.98922,325.88,0.43,0.38,2020-12-06,2355,N20,VIIRS,n,2,268.78,2.83,N,2
51.89495,29.34092,295.19,0.44,0.38,2020-12-06,2355,N20,VIIRS,n,2,266.97,0.69,N,2
51.89147,29.3398,326.56,0.44,0.38,2020-12-06,2355,N20,VIIRS,n,2,266.26,2.07,N,2
51.88875,29.33238,299.38,0.44,0.38,2020-12-06,2355,N20,VIIRS,n,2,264.56,2.07,N,2
51.89058,29.33854,323.92,0.6,0.71,2020-12-07,0135,N20,VIIRS,n,2,264.8,3.49,N,2
51.64925,29.46768,326.72,0.5,0.49,2020-12-07,1124,N20,VIIRS,n,2,269.09,2.91,D,0
52.10086,24.86598,326.62,0.5,0.41,2020-12-07,1124,N20,VIIRS,n,2,271.67,2.63,D,0
52.84753,29.98884,349.84,0.41,0.45,2020-12-07,2336,N20,VIIRS,n,2,268.49,10.25,N,2
53.74562,26.54195,296.32,0.57,0.52,2020-12-07,2336,N20,VIIRS,n,2,264.8,0.94,N,0
53.74629,26.54712,295.96,0.57,0.52,2020-12-07,2336,N20,VIIRS,n,2,264.78,0.91,N,0
52.8466,29.98772,337.18,0.39,0.59,2020-12-08,0116,N20,VIIRS,n,2,265.71,3.24,N,2
52.8494,29.991,332.91,0.39,0.59,2020-12-08,0116,N20,VIIRS,n,2,265.33,2.64,N,2
52.84668,29.99018,330.66,0.53,0.42,2020-12-08,1105,N20,VIIRS,n,2,270.81,4.28,D,2
52.82242,29.54857,325.64,0.51,0.41,2020-12-08,1105,N20,VIIRS,n,2,267.27,2.56,D,0
52.82277,29.54812,326.12,0.51,0.41,2020-12-08,1105,N20,VIIRS,n,2,267.26,3.72,D,0
52.82901,25.81382,344.21,0.39,0.37,2020-12-09,1047,N20,VIIRS,n,2,272.35,9.99,D,0
53.60794,31.19263,326.19,0.42,0.38,2020-12-09,1047,N20,VIIRS,n,2,270.02,3,D,0
52.70459,26.64071,337.37,0.39,0.36,2020-12-09,1047,N20,VIIRS,n,2,271.53,4.43,D,0
52.84732,29.98852,325.23,0.52,0.42,2020-12-26,0039,N20,VIIRS,n,2,267.37,3.18,N,2
52.84962,29.98966,295.84,0.4,0.37,2020-12-28,0001,N20,VIIRS,n,2,268.35,1.06,N,2
52.84629,29.98842,338.44,0.4,0.37,2020-12-28,0001,N20,VIIRS,n,2,271.77,10.44,N,2
53.39527,32.01538,296.49,0.39,0.36,2020-12-28,0001,N20,VIIRS,n,2,269.67,0.54,N,2
53.26518,24.44401,297.39,0.47,0.64,2020-12-29,2323,N20,VIIRS,n,2,274.03,0.75,N,2
